INF 2026-08-03T17:43:21.964Z > Connecting to postgresql://REDACTED:REDACTED@172.24.176.1:5432/acikturkiye_demo
| event = db_connect
INF 2026-08-03T17:43:21.987Z > [demo] Açık Türkiye is ready to lead at http://0.0.0.0:3801
INF 2026-08-03T17:43:22.073Z > 200 GET /api/v1/ 33.7ms
INF 2026-08-03T17:43:22.086Z > 200 GET /api/v1/ 9.06ms
INF 2026-08-03T17:43:22.094Z > 200 GET /api/v1/ 7.51ms
INF 2026-08-03T17:43:22.136Z > 200 GET /api/v1/ 58.55ms
INF 2026-08-03T17:43:22.144Z > 200 GET /api/v1/ 8.49ms
INF 2026-08-03T17:43:22.152Z > 200 GET /api/v1/ 74.43ms
INF 2026-08-03T17:43:22.159Z > 200 GET /api/v1/ 7.08ms
INF 2026-08-03T17:43:22.164Z > 200 GET /api/v1/ 86.45ms
INF 2026-08-03T17:43:22.171Z > 200 GET /api/v1/ 7.15ms
INF 2026-08-03T17:43:22.176Z > 200 GET /api/v1/ 99.23ms
INF 2026-08-03T17:43:22.182Z > 200 GET /api/v1/ 104.06ms
INF 2026-08-03T17:43:22.184Z > 200 GET /api/v1/ 7.28ms
INF 2026-08-03T17:43:22.190Z > 200 GET /api/v1/ 7.7ms
INF 2026-08-03T17:43:22.208Z > 200 GET /api/v1/ 8.53ms
INF 2026-08-03T17:43:22.219Z > 200 GET /api/v1/ 7.6ms
INF 2026-08-03T17:43:22.229Z > 200 GET /api/v1/ 151.27ms
INF 2026-08-03T17:43:22.369Z > 200 GET /api/v1/ 291.13ms
INF 2026-08-03T17:43:22.369Z > 200 GET /api/v1/ 292.11ms
INF 2026-08-03T17:43:22.370Z > 200 GET /api/v1/ 292.01ms
INF 2026-08-03T17:43:22.370Z > 200 GET /api/v1/ 293.18ms
INF 2026-08-03T17:43:22.379Z > 200 GET /api/v1/ 149.29ms
INF 2026-08-03T17:43:22.495Z > 200 GET /api/v1/ 416.55ms
INF 2026-08-03T17:43:22.548Z > 200 GET /api/v1/ 468.17ms
INF 2026-08-03T17:43:22.550Z > 200 GET /api/v1/ 470.61ms
INF 2026-08-03T17:43:22.550Z > 200 GET /api/v1/ 470.88ms
INF 2026-08-03T17:43:22.554Z > 200 GET /api/v1/ 475.05ms
INF 2026-08-03T17:43:22.555Z > 200 GET /api/v1/ 475.97ms
INF 2026-08-03T17:43:22.556Z > 200 GET /api/v1/ 479.08ms
INF 2026-08-03T17:43:22.557Z > 200 GET /api/v1/ 60.78ms
INF 2026-08-03T17:43:22.559Z > 200 GET /api/v1/ 480.62ms
INF 2026-08-03T17:43:22.565Z > 200 GET /api/v1/ 10.56ms
INF 2026-08-03T17:43:22.566Z > 200 GET /api/v1/ 9.54ms
INF 2026-08-03T17:43:22.574Z > 200 GET /api/v1/ 14.7ms
INF 2026-08-03T17:43:22.576Z > 200 GET /api/v1/ 496.22ms
INF 2026-08-03T17:43:22.577Z > 200 GET /api/v1/ 497.79ms
INF 2026-08-03T17:43:22.578Z > 200 GET /api/v1/ 499.86ms
INF 2026-08-03T17:43:22.578Z > 200 GET /api/v1/ 499.26ms
INF 2026-08-03T17:43:22.720Z > 200 GET /api/v1/ 641.07ms
INF 2026-08-03T17:43:22.722Z > 200 GET /api/v1/ 641.98ms
INF 2026-08-03T17:43:22.723Z > 200 GET /api/v1/ 643.64ms
INF 2026-08-03T17:43:22.724Z > 200 GET /api/v1/ 644.97ms
INF 2026-08-03T17:43:22.725Z > 200 GET /api/v1/ 644.25ms
INF 2026-08-03T17:43:22.725Z > 200 GET /api/v1/ 645.16ms
INF 2026-08-03T17:43:22.726Z > 200 GET /api/v1/ 645.67ms
INF 2026-08-03T17:43:22.726Z > 200 GET /api/v1/ 647.38ms
INF 2026-08-03T17:43:22.780Z > 200 GET /api/v1/ 202.8ms
INF 2026-08-03T17:43:22.785Z > 200 GET /api/v1/ 60.05ms
INF 2026-08-03T17:43:22.785Z > 200 GET /api/v1/ 58.79ms
INF 2026-08-03T17:43:22.789Z > 200 GET /api/v1/ 710.63ms
INF 2026-08-03T17:43:22.790Z > 200 GET /api/v1/ 709.75ms
INF 2026-08-03T17:43:22.791Z > 200 GET /api/v1/ 713.58ms
INF 2026-08-03T17:43:22.797Z > 200 GET /api/v1/ 7.27ms
INF 2026-08-03T17:43:22.800Z > 200 GET /api/v1/ 8.11ms
INF 2026-08-03T17:43:22.935Z > 200 GET /api/v1/ 856.64ms
INF 2026-08-03T17:43:22.942Z > 200 GET /api/v1/ 6.88ms
INF 2026-08-03T17:43:22.946Z > 200 GET /api/v1/ 867.22ms
INF 2026-08-03T17:43:22.968Z > 200 GET /api/v1/ 22.12ms
INF 2026-08-03T17:43:22.974Z > 200 GET /api/v1/ 895.51ms
INF 2026-08-03T17:43:22.977Z > 200 GET /api/v1/ 202.4ms
INF 2026-08-03T17:43:22.983Z > 200 GET /api/v1/ 901.64ms
INF 2026-08-03T17:43:22.991Z > 200 GET /api/v1/ 912.14ms
INF 2026-08-03T17:43:22.995Z > 200 GET /api/v1/ 267.72ms
INF 2026-08-03T17:43:23.002Z > 200 GET /api/v1/ 920.96ms
INF 2026-08-03T17:43:23.005Z > 200 GET /api/v1/ 229.95ms
INF 2026-08-03T17:43:23.008Z > 200 GET /api/v1/ 233.42ms
INF 2026-08-03T17:43:23.020Z > 200 GET /api/v1/ 230.18ms
INF 2026-08-03T17:43:23.024Z > 200 GET /api/v1/ 942.39ms
INF 2026-08-03T17:43:23.031Z > 200 GET /api/v1/ 6.85ms
INF 2026-08-03T17:43:23.034Z > 200 GET /api/v1/ 307.61ms
INF 2026-08-03T17:43:23.040Z > 200 GET /api/v1/ 318.64ms
INF 2026-08-03T17:43:23.045Z > 200 GET /api/v1/ 965.75ms
INF 2026-08-03T17:43:23.051Z > 200 GET /api/v1/ 6.28ms
INF 2026-08-03T17:43:23.059Z > 200 GET /api/v1/ 7.19ms
INF 2026-08-03T17:43:23.063Z > 200 GET /api/v1/ 982.54ms
INF 2026-08-03T17:43:23.069Z > 200 GET /api/v1/ 6.52ms
INF 2026-08-03T17:43:23.080Z > 200 GET /api/v1/ 7.25ms
INF 2026-08-03T17:43:23.090Z > 200 GET /api/v1/ 6.43ms
INF 2026-08-03T17:43:23.096Z > 200 GET /api/v1/ 1017.15ms
INF 2026-08-03T17:43:23.104Z > 200 GET /api/v1/ 7.26ms
INF 2026-08-03T17:43:23.154Z > 200 GET /api/v1/ 32.65ms
INF 2026-08-03T17:43:23.158Z > 200 GET /api/v1/ 228.03ms
INF 2026-08-03T17:43:23.166Z > 200 GET /api/v1/ 235.78ms
INF 2026-08-03T17:43:23.167Z > 200 GET /api/v1/ 175.65ms
INF 2026-08-03T17:43:23.171Z > 200 GET /api/v1/ 241.2ms
INF 2026-08-03T17:43:23.174Z > 200 GET /api/v1/ 244.08ms
INF 2026-08-03T17:43:23.175Z > 200 GET /api/v1/ 1097.44ms
INF 2026-08-03T17:43:23.182Z > 200 GET /api/v1/ 251.6ms
INF 2026-08-03T17:43:23.182Z > 200 GET /api/v1/ 1102.72ms
INF 2026-08-03T17:43:23.198Z > 200 GET /api/v1/ 224.33ms
INF 2026-08-03T17:43:23.215Z > 200 GET /api/v1/ 39.31ms
INF 2026-08-03T17:43:23.219Z > 200 GET /api/v1/ 497.27ms
INF 2026-08-03T17:43:23.230Z > 200 GET /api/v1/ 218.32ms
INF 2026-08-03T17:43:23.250Z > 200 GET /api/v1/ 214.33ms
INF 2026-08-03T17:43:23.250Z > 200 GET /api/v1/ 67.94ms
INF 2026-08-03T17:43:23.267Z > 200 GET /api/v1/ 1188.45ms
INF 2026-08-03T17:43:23.290Z > 200 GET /api/v1/ 23.15ms
INF 2026-08-03T17:43:23.293Z > 200 GET /api/v1/ 1214.95ms
INF 2026-08-03T17:43:23.301Z > 200 GET /api/v1/ 1222.15ms
INF 2026-08-03T17:43:23.307Z > 200 GET /api/v1/ 14.01ms
INF 2026-08-03T17:43:23.311Z > 200 GET /api/v1/ 1231.9ms
INF 2026-08-03T17:43:23.312Z > 200 GET /api/v1/ 1233.29ms
INF 2026-08-03T17:43:23.312Z > 200 GET /api/v1/ 1176.58ms
INF 2026-08-03T17:43:23.313Z > 200 GET /api/v1/ 237.44ms
INF 2026-08-03T17:43:23.313Z > 200 GET /api/v1/ 217.76ms
INF 2026-08-03T17:43:23.323Z > 200 GET /api/v1/ 187.93ms
INF 2026-08-03T17:43:23.324Z > 200 GET /api/v1/ 1136.05ms
INF 2026-08-03T17:43:23.325Z > 200 GET /api/v1/ 341.5ms
INF 2026-08-03T17:43:23.327Z > 200 GET /api/v1/ 342.91ms
INF 2026-08-03T17:43:23.357Z > 200 GET /api/v1/ 33.46ms
INF 2026-08-03T17:43:23.358Z > 200 GET /api/v1/ 34.43ms
INF 2026-08-03T17:43:23.367Z > 200 GET /api/v1/ 9.27ms
INF 2026-08-03T17:43:23.374Z > 200 GET /api/v1/ 1294.49ms
INF 2026-08-03T17:43:23.375Z > 200 GET /api/v1/ 7.96ms
INF 2026-08-03T17:43:23.390Z > 200 GET /api/v1/ 388.37ms
INF 2026-08-03T17:43:23.409Z > 200 GET /api/v1/ 9.75ms
INF 2026-08-03T17:43:23.418Z > 200 GET /api/v1/ 199.49ms
INF 2026-08-03T17:43:23.423Z > 200 GET /api/v1/ 204.12ms
INF 2026-08-03T17:43:23.428Z > 200 GET /api/v1/ 8.73ms
INF 2026-08-03T17:43:23.435Z > 200 GET /api/v1/ 713.02ms
INF 2026-08-03T17:43:23.439Z > 200 GET /api/v1/ 339.04ms
INF 2026-08-03T17:43:23.449Z > 200 GET /api/v1/ 229.66ms
INF 2026-08-03T17:43:23.458Z > 200 GET /api/v1/ 6.43ms
INF 2026-08-03T17:43:23.469Z > 200 GET /api/v1/ 9.27ms
INF 2026-08-03T17:43:23.479Z > 200 GET /api/v1/ 7.86ms
INF 2026-08-03T17:43:23.490Z > 200 GET /api/v1/ 10.39ms
INF 2026-08-03T17:43:23.494Z > 200 GET /api/v1/ 474.53ms
INF 2026-08-03T17:43:23.522Z > 200 GET /api/v1/ 22.6ms
INF 2026-08-03T17:43:23.526Z > 200 GET /api/v1/ 158.3ms
INF 2026-08-03T17:43:23.533Z > 200 GET /api/v1/ 125.5ms
INF 2026-08-03T17:43:23.539Z > 200 GET /api/v1/ 7.71ms
INF 2026-08-03T17:43:23.544Z > 200 GET /api/v1/ 144.53ms
INF 2026-08-03T17:43:23.548Z > 200 GET /api/v1/ 184.04ms
INF 2026-08-03T17:43:23.549Z > 200 GET /api/v1/ 191.08ms
INF 2026-08-03T17:43:23.554Z > 200 GET /api/v1/ 289.58ms
INF 2026-08-03T17:43:23.632Z > 200 GET /api/v1/ 56.46ms
INF 2026-08-03T17:43:23.644Z > 200 GET /api/v1/ 1562.73ms
INF 2026-08-03T17:43:23.650Z > 200 GET /api/v1/ 1569.17ms
INF 2026-08-03T17:43:23.657Z > 200 GET /api/v1/ 1575.21ms
INF 2026-08-03T17:43:23.671Z > 200 GET /api/v1/ 1443.95ms
INF 2026-08-03T17:43:23.673Z > 200 GET /api/v1/ 1591.71ms
INF 2026-08-03T17:43:23.673Z > 200 GET /api/v1/ 1593.43ms
INF 2026-08-03T17:43:23.674Z > 200 GET /api/v1/ 1302.89ms
INF 2026-08-03T17:43:23.674Z > 200 GET /api/v1/ 1593.32ms
INF 2026-08-03T17:43:23.713Z > 200 GET /api/v1/ 1388.16ms
INF 2026-08-03T17:43:23.715Z > 200 GET /api/v1/ 65.07ms
INF 2026-08-03T17:43:23.732Z > 200 GET /api/v1/ 58.11ms
INF 2026-08-03T17:43:23.738Z > 200 GET /api/v1/ 25.2ms
INF 2026-08-03T17:43:23.739Z > 200 GET /api/v1/ 1658.04ms
INF 2026-08-03T17:43:23.739Z > 200 GET /api/v1/ 23.87ms
INF 2026-08-03T17:43:23.742Z > 200 GET /api/v1/ 1265.33ms
INF 2026-08-03T17:43:23.743Z > 200 GET /api/v1/ 1372.19ms
INF 2026-08-03T17:43:23.749Z > 200 GET /api/v1/ 1377.8ms
INF 2026-08-03T17:43:23.749Z > 200 GET /api/v1/ 1196.33ms
INF 2026-08-03T17:43:23.750Z > 200 GET /api/v1/ 1028.36ms
INF 2026-08-03T17:43:23.762Z > 200 GET /api/v1/ 1682.04ms
INF 2026-08-03T17:43:23.763Z > 200 GET /api/v1/ 1437.38ms
INF 2026-08-03T17:43:23.770Z > 200 GET /api/v1/ 13.96ms
INF 2026-08-03T17:43:23.775Z > 200 GET /api/v1/ 239.76ms
INF 2026-08-03T17:43:23.781Z > 200 GET /api/v1/ 289.54ms
INF 2026-08-03T17:43:23.782Z > 200 GET /api/v1/ 267.68ms
INF 2026-08-03T17:43:23.782Z > 200 GET /api/v1/ 261.2ms
INF 2026-08-03T17:43:23.792Z > 200 GET /api/v1/ 9.4ms
INF 2026-08-03T17:43:23.797Z > 200 GET /api/v1/ 662.24ms
INF 2026-08-03T17:43:23.802Z > 200 GET /api/v1/ 192.77ms
INF 2026-08-03T17:43:23.804Z > 200 GET /api/v1/ 194.34ms
INF 2026-08-03T17:43:23.814Z > 200 GET /api/v1/ 204.12ms
INF 2026-08-03T17:43:23.814Z > 200 GET /api/v1/ 10.48ms
INF 2026-08-03T17:43:23.820Z > 200 GET /api/v1/ 209.28ms
INF 2026-08-03T17:43:23.852Z > 200 GET /api/v1/ 260.56ms
INF 2026-08-03T17:43:23.858Z > 200 GET /api/v1/ 268.01ms
INF 2026-08-03T17:43:23.873Z > 200 GET /api/v1/ 9.34ms
INF 2026-08-03T17:43:23.893Z > 200 GET /api/v1/ 829.27ms
INF 2026-08-03T17:43:23.907Z > 200 GET /api/v1/ 315.24ms
INF 2026-08-03T17:43:23.982Z > 200 GET /api/v1/ 75.11ms
INF 2026-08-03T17:43:23.993Z > 200 GET /api/v1/ 200.99ms
INF 2026-08-03T17:43:24.002Z > 200 GET /api/v1/ 238.79ms
INF 2026-08-03T17:43:24.009Z > 200 GET /api/v1/ 269.11ms
INF 2026-08-03T17:43:24.010Z > 200 GET /api/v1/ 217.94ms
INF 2026-08-03T17:43:24.011Z > 200 GET /api/v1/ 366.78ms
INF 2026-08-03T17:43:24.016Z > 200 GET /api/v1/ 346.92ms
INF 2026-08-03T17:43:24.023Z > 200 GET /api/v1/ 664.78ms
INF 2026-08-03T17:43:24.028Z > 200 GET /api/v1/ 244.48ms
INF 2026-08-03T17:43:24.031Z > 200 GET /api/v1/ 238.67ms
INF 2026-08-03T17:43:24.032Z > 200 GET /api/v1/ 8.86ms
INF 2026-08-03T17:43:24.043Z > 200 GET /api/v1/ 7.14ms
INF 2026-08-03T17:43:24.050Z > 200 GET /api/v1/ 6.73ms
INF 2026-08-03T17:43:24.058Z > 200 GET /api/v1/ 6.54ms
INF 2026-08-03T17:43:24.091Z > 200 GET /api/v1/ 30.97ms
INF 2026-08-03T17:43:24.117Z > 200 GET /api/v1/ 293.86ms
INF 2026-08-03T17:43:24.120Z > 200 GET /api/v1/ 1884.32ms
INF 2026-08-03T17:43:24.121Z > 200 GET /api/v1/ 271.89ms
INF 2026-08-03T17:43:24.121Z > 200 GET /api/v1/ 272.54ms
INF 2026-08-03T17:43:24.126Z > 200 GET /api/v1/ 310.43ms
INF 2026-08-03T17:43:24.138Z > 200 GET /api/v1/ 6.56ms
INF 2026-08-03T17:43:24.148Z > 200 GET /api/v1/ 53.94ms
INF 2026-08-03T17:43:24.148Z > 200 GET /api/v1/ 929.39ms
INF 2026-08-03T17:43:24.152Z > 200 GET /api/v1/ 303.18ms
INF 2026-08-03T17:43:24.157Z > 200 GET /api/v1/ 959.81ms
INF 2026-08-03T17:43:24.168Z > 200 GET /api/v1/ 8.42ms
INF 2026-08-03T17:43:24.184Z > 200 GET /api/v1/ 16.29ms
INF 2026-08-03T17:43:24.200Z > 200 GET /api/v1/ 148.16ms
INF 2026-08-03T17:43:24.208Z > 200 GET /api/v1/ 8.48ms
INF 2026-08-03T17:43:24.211Z > 200 GET /api/v1/ 159.49ms
INF 2026-08-03T17:43:24.231Z > 200 GET /api/v1/ 315.45ms
INF 2026-08-03T17:43:24.239Z > 200 GET /api/v1/ 390.68ms
INF 2026-08-03T17:43:24.306Z > 200 GET /api/v1/ 482.1ms
INF 2026-08-03T17:43:24.306Z > 200 GET /api/v1/ 1087.42ms
INF 2026-08-03T17:43:24.372Z > 200 GET /api/v1/ 288.98ms
INF 2026-08-03T17:43:24.462Z > 200 GET /api/v1/ 1883.92ms
INF 2026-08-03T17:43:24.543Z > 200 GET /api/v1/ 1987.88ms
INF 2026-08-03T17:43:24.547Z > 200 GET /api/v1/ 2467.05ms
INF 2026-08-03T17:43:24.547Z > 200 GET /api/v1/ 2465.45ms
INF 2026-08-03T17:43:24.548Z > 200 GET /api/v1/ 2466.06ms
INF 2026-08-03T17:43:24.558Z > 200 GET /api/v1/ 2477.16ms
INF 2026-08-03T17:43:24.606Z > 200 GET /api/v1/ 2526.72ms
INF 2026-08-03T17:43:24.606Z > 200 GET /api/v1/ 2525.7ms
INF 2026-08-03T17:43:24.607Z > 200 GET /api/v1/ 2526.37ms
INF 2026-08-03T17:43:24.608Z > 200 GET /api/v1/ 2529.36ms
INF 2026-08-03T17:43:24.608Z > 200 GET /api/v1/ 2528.74ms
INF 2026-08-03T17:43:24.609Z > 200 GET /api/v1/ 2527.34ms
INF 2026-08-03T17:43:24.609Z > 200 GET /api/v1/ 2527.71ms
INF 2026-08-03T17:43:24.610Z > 200 GET /api/v1/ 2531.86ms
INF 2026-08-03T17:43:24.632Z > 200 GET /api/v1/ 2550.13ms
INF 2026-08-03T17:43:24.634Z > 200 GET /api/v1/ 2555.22ms
INF 2026-08-03T17:43:24.634Z > 200 GET /api/v1/ 2553.68ms
INF 2026-08-03T17:43:24.635Z > 200 GET /api/v1/ 2553.96ms
INF 2026-08-03T17:43:24.635Z > 200 GET /api/v1/ 2555.34ms
INF 2026-08-03T17:43:24.636Z > 200 GET /api/v1/ 2555.88ms
INF 2026-08-03T17:43:24.636Z > 200 GET /api/v1/ 2554.78ms
INF 2026-08-03T17:43:24.637Z > 200 GET /api/v1/ 2557.27ms
INF 2026-08-03T17:43:24.637Z > 200 GET /api/v1/ 2557.14ms
INF 2026-08-03T17:43:24.638Z > 200 GET /api/v1/ 2556.25ms
INF 2026-08-03T17:43:24.638Z > 200 GET /api/v1/ 2559.16ms
INF 2026-08-03T17:43:24.642Z > 200 GET /api/v1/ 2560.31ms
INF 2026-08-03T17:43:24.642Z > 200 GET /api/v1/ 2561.18ms
INF 2026-08-03T17:43:24.656Z > 200 GET /api/v1/ 556.9ms
INF 2026-08-03T17:43:24.658Z > 200 GET /api/v1/ 1283.53ms
INF 2026-08-03T17:43:24.687Z > 200 GET /api/v1/ 1394.7ms
INF 2026-08-03T17:43:24.687Z > 200 GET /api/v1/ 903.53ms
INF 2026-08-03T17:43:24.688Z > 200 GET /api/v1/ 2606.39ms
INF 2026-08-03T17:43:24.689Z > 200 GET /api/v1/ 2607.8ms
INF 2026-08-03T17:43:24.692Z > 200 GET /api/v1/ 2321.19ms
INF 2026-08-03T17:43:24.693Z > 200 GET /api/v1/ 1462.44ms
INF 2026-08-03T17:43:24.693Z > 200 GET /api/v1/ 2114.97ms
INF 2026-08-03T17:43:24.715Z > 200 GET /api/v1/ 2634.06ms
INF 2026-08-03T17:43:24.716Z > 200 GET /api/v1/ 2635.39ms
INF 2026-08-03T17:43:24.716Z > 200 GET /api/v1/ 109.48ms
INF 2026-08-03T17:43:24.716Z > 200 GET /api/v1/ 2636.42ms
INF 2026-08-03T17:43:24.717Z > 200 GET /api/v1/ 2637.18ms
INF 2026-08-03T17:43:24.717Z > 200 GET /api/v1/ 2159.92ms
INF 2026-08-03T17:43:24.718Z > 200 GET /api/v1/ 2139.37ms
INF 2026-08-03T17:43:24.718Z > 200 GET /api/v1/ 2638.02ms
INF 2026-08-03T17:43:24.719Z > 200 GET /api/v1/ 486.92ms
INF 2026-08-03T17:43:24.719Z > 200 GET /api/v1/ 555.53ms
INF 2026-08-03T17:43:24.720Z > 200 GET /api/v1/ 2640.28ms
INF 2026-08-03T17:43:24.720Z > 200 GET /api/v1/ 1999.25ms
INF 2026-08-03T17:43:24.721Z > 200 GET /api/v1/ 2640.75ms
INF 2026-08-03T17:43:24.721Z > 200 GET /api/v1/ 1470.65ms
INF 2026-08-03T17:43:24.722Z > 200 GET /api/v1/ 2640.36ms
INF 2026-08-03T17:43:24.748Z > 200 GET /api/v1/ 663.99ms
INF 2026-08-03T17:43:24.748Z > 200 GET /api/v1/ 492.77ms
INF 2026-08-03T17:43:24.749Z > 200 GET /api/v1/ 1381.13ms
INF 2026-08-03T17:43:24.750Z > 200 GET /api/v1/ 1391.66ms
INF 2026-08-03T17:43:24.755Z > 200 GET /api/v1/ 2674.92ms
INF 2026-08-03T17:43:24.757Z > 200 GET /api/v1/ 125.52ms
INF 2026-08-03T17:43:24.764Z > 200 GET /api/v1/ 2212.07ms
INF 2026-08-03T17:43:24.765Z > 200 GET /api/v1/ 1493.13ms
INF 2026-08-03T17:43:24.765Z > 200 GET /api/v1/ 2685.33ms
INF 2026-08-03T17:43:24.766Z > 200 GET /api/v1/ 2684.15ms
INF 2026-08-03T17:43:24.766Z > 200 GET /api/v1/ 2684.73ms
INF 2026-08-03T17:43:24.767Z > 200 GET /api/v1/ 603.17ms
INF 2026-08-03T17:43:24.768Z > 200 GET /api/v1/ 2687.05ms
INF 2026-08-03T17:43:24.785Z > 200 GET /api/v1/ 601.98ms
INF 2026-08-03T17:43:24.788Z > 200 GET /api/v1/ 94.61ms
INF 2026-08-03T17:43:24.788Z > 200 GET /api/v1/ 33.66ms
INF 2026-08-03T17:43:24.797Z > 200 GET /api/v1/ 29.19ms
INF 2026-08-03T17:43:24.805Z > 200 GET /api/v1/ 550.96ms
INF 2026-08-03T17:43:24.815Z > 200 GET /api/v1/ 7.82ms
INF 2026-08-03T17:43:24.819Z > 200 GET /api/v1/ 1461.25ms
INF 2026-08-03T17:43:24.821Z > 200 GET /api/v1/ 1773.25ms
INF 2026-08-03T17:43:24.822Z > 200 GET /api/v1/ 1346.38ms
INF 2026-08-03T17:43:24.827Z > 200 GET /api/v1/ 520.31ms
INF 2026-08-03T17:43:24.835Z > 200 GET /api/v1/ 7.34ms
INF 2026-08-03T17:43:24.848Z > 200 GET /api/v1/ 8.45ms
INF 2026-08-03T17:43:24.859Z > 200 GET /api/v1/ 10.61ms
INF 2026-08-03T17:43:24.867Z > 200 GET /api/v1/ 7.53ms
INF 2026-08-03T17:43:24.876Z > 200 GET /api/v1/ 8.17ms
INF 2026-08-03T17:43:24.883Z > 200 GET /api/v1/ 6.79ms
INF 2026-08-03T17:43:24.883Z > 200 GET /api/v1/ 691.21ms
INF 2026-08-03T17:43:24.884Z > 200 GET /api/v1/ 691.89ms
INF 2026-08-03T17:43:24.888Z > 200 GET /api/v1/ 1623.86ms
INF 2026-08-03T17:43:24.899Z > 200 GET /api/v1/ 7.36ms
INF 2026-08-03T17:43:24.907Z > 200 GET /api/v1/ 7.96ms
INF 2026-08-03T17:43:24.915Z > 200 GET /api/v1/ 7.77ms
INF 2026-08-03T17:43:24.928Z > 200 GET /api/v1/ 8.27ms
INF 2026-08-03T17:43:24.934Z > 200 GET /api/v1/ 6.55ms
INF 2026-08-03T17:43:24.963Z > 200 GET /api/v1/ 1531.1ms
INF 2026-08-03T17:43:24.982Z > 200 GET /api/v1/ 1833.11ms
INF 2026-08-03T17:43:25.009Z > 200 GET /api/v1/ 402.24ms
INF 2026-08-03T17:43:25.013Z > 200 GET /api/v1/ 1711.57ms
INF 2026-08-03T17:43:25.016Z > 200 GET /api/v1/ 383.81ms
INF 2026-08-03T17:43:25.017Z > 200 GET /api/v1/ 384.7ms
INF 2026-08-03T17:43:25.021Z > 200 GET /api/v1/ 388.7ms
INF 2026-08-03T17:43:25.025Z > 200 GET /api/v1/ 717.58ms
INF 2026-08-03T17:43:25.029Z > 200 GET /api/v1/ 1273.67ms
INF 2026-08-03T17:43:25.034Z > 200 GET /api/v1/ 423.66ms
INF 2026-08-03T17:43:25.035Z > 200 GET /api/v1/ 1743.17ms
INF 2026-08-03T17:43:25.057Z > 200 GET /api/v1/ 424.48ms
INF 2026-08-03T17:43:25.076Z > 200 GET /api/v1/ 8.88ms
INF 2026-08-03T17:43:25.084Z > 200 GET /api/v1/ 1620.81ms
INF 2026-08-03T17:43:25.085Z > 200 GET /api/v1/ 432.15ms
INF 2026-08-03T17:43:25.086Z > 200 GET /api/v1/ 9.63ms
INF 2026-08-03T17:43:25.093Z > 200 GET /api/v1/ 440.1ms
INF 2026-08-03T17:43:25.097Z > 200 GET /api/v1/ 443.4ms
INF 2026-08-03T17:43:25.099Z > 200 GET /api/v1/ 446.49ms
INF 2026-08-03T17:43:25.107Z > 200 GET /api/v1/ 7.27ms
INF 2026-08-03T17:43:25.108Z > 200 GET /api/v1/ 455.01ms
INF 2026-08-03T17:43:25.126Z > 200 GET /api/v1/ 6.47ms
INF 2026-08-03T17:43:25.135Z > 200 GET /api/v1/ 7.63ms
INF 2026-08-03T17:43:25.174Z > 200 GET /api/v1/ 38.21ms
INF 2026-08-03T17:43:25.183Z > 200 GET /api/v1/ 7.32ms
INF 2026-08-03T17:43:25.224Z > 200 GET /api/v1/ 8.13ms
INF 2026-08-03T17:43:25.230Z > 200 GET /api/v1/ 6.36ms
INF 2026-08-03T17:43:25.243Z > 200 GET /api/v1/ 591.31ms
INF 2026-08-03T17:43:25.320Z > 200 GET /api/v1/ 48.78ms
INF 2026-08-03T17:43:25.326Z > 200 GET /api/v1/ 1161.91ms
INF 2026-08-03T17:43:25.330Z > 200 GET /api/v1/ 1614.0ms
INF 2026-08-03T17:43:25.336Z > 200 GET /api/v1/ 472.83ms
INF 2026-08-03T17:43:25.341Z > 200 GET /api/v1/ 1536.56ms
INF 2026-08-03T17:43:25.341Z > 200 GET /api/v1/ 586.14ms
INF 2026-08-03T17:43:25.348Z > 200 GET /api/v1/ 516.86ms
INF 2026-08-03T17:43:25.352Z > 200 GET /api/v1/ 597.57ms
INF 2026-08-03T17:43:25.358Z > 200 GET /api/v1/ 607.6ms
INF 2026-08-03T17:43:25.362Z > 200 GET /api/v1/ 530.96ms
INF 2026-08-03T17:43:25.363Z > 200 GET /api/v1/ 439.56ms
INF 2026-08-03T17:43:25.365Z > 200 GET /api/v1/ 557.22ms
INF 2026-08-03T17:43:25.366Z > 200 GET /api/v1/ 574.73ms
INF 2026-08-03T17:43:25.367Z > 200 GET /api/v1/ 435.54ms
INF 2026-08-03T17:43:25.377Z > 200 GET /api/v1/ 9.36ms
INF 2026-08-03T17:43:25.388Z > 200 GET /api/v1/ 8.17ms
INF 2026-08-03T17:43:25.400Z > 200 GET /api/v1/ 8.15ms
INF 2026-08-03T17:43:25.407Z > 200 GET /api/v1/ 6.95ms
INF 2026-08-03T17:43:25.415Z > 200 GET /api/v1/ 7.67ms
INF 2026-08-03T17:43:25.427Z > 200 GET /api/v1/ 7.36ms
INF 2026-08-03T17:43:25.437Z > 200 GET /api/v1/ 9.61ms
INF 2026-08-03T17:43:25.451Z > 200 GET /api/v1/ 7.07ms
INF 2026-08-03T17:43:25.459Z > 200 GET /api/v1/ 1603.29ms
INF 2026-08-03T17:43:25.463Z > 200 GET /api/v1/ 291.39ms
INF 2026-08-03T17:43:25.489Z > 200 GET /api/v1/ 9.04ms
INF 2026-08-03T17:43:25.499Z > 200 GET /api/v1/ 7.54ms
INF 2026-08-03T17:43:25.510Z > 200 GET /api/v1/ 10.06ms
INF 2026-08-03T17:43:25.513Z > 200 GET /api/v1/ 145.89ms
INF 2026-08-03T17:43:25.518Z > 200 GET /api/v1/ 747.47ms
INF 2026-08-03T17:43:25.524Z > 200 GET /api/v1/ 236.82ms
INF 2026-08-03T17:43:25.541Z > 200 GET /api/v1/ 8.91ms
INF 2026-08-03T17:43:25.545Z > 200 GET /api/v1/ 161.6ms
INF 2026-08-03T17:43:25.550Z > 200 GET /api/v1/ 118.15ms
INF 2026-08-03T17:43:25.559Z > 200 GET /api/v1/ 7.14ms
INF 2026-08-03T17:43:25.567Z > 200 GET /api/v1/ 171.28ms
INF 2026-08-03T17:43:25.576Z > 200 GET /api/v1/ 8.09ms
INF 2026-08-03T17:43:25.582Z > 200 GET /api/v1/ 1515.38ms
INF 2026-08-03T17:43:25.591Z > 200 GET /api/v1/ 7.19ms
INF 2026-08-03T17:43:25.597Z > 200 GET /api/v1/ 1514.54ms
INF 2026-08-03T17:43:25.599Z > 200 GET /api/v1/ 7.8ms
INF 2026-08-03T17:43:25.607Z > 200 GET /api/v1/ 7.21ms
INF 2026-08-03T17:43:25.615Z > 200 GET /api/v1/ 6.2ms
INF 2026-08-03T17:43:25.636Z > 200 GET /api/v1/ 16.26ms
INF 2026-08-03T17:43:25.657Z > 200 GET /api/v1/ 486.15ms
INF 2026-08-03T17:43:25.672Z > 200 GET /api/v1/ 167.98ms
INF 2026-08-03T17:43:25.676Z > 200 GET /api/v1/ 921.26ms
INF 2026-08-03T17:43:25.678Z > 200 GET /api/v1/ 293.88ms
INF 2026-08-03T17:43:25.688Z > 200 GET /api/v1/ 8.3ms
INF 2026-08-03T17:43:25.696Z > 200 GET /api/v1/ 1044.61ms
INF 2026-08-03T17:43:25.697Z > 200 GET /api/v1/ 141.21ms
INF 2026-08-03T17:43:25.705Z > 200 GET /api/v1/ 1073.24ms
INF 2026-08-03T17:43:25.709Z > 200 GET /api/v1/ 9.78ms
INF 2026-08-03T17:43:25.713Z > 200 GET /api/v1/ 1061.23ms
INF 2026-08-03T17:43:25.731Z > 200 GET /api/v1/ 15.07ms
INF 2026-08-03T17:43:25.734Z > 200 GET /api/v1/ 146.64ms
INF 2026-08-03T17:43:25.737Z > 200 GET /api/v1/ 968.64ms
INF 2026-08-03T17:43:25.746Z > 200 GET /api/v1/ 184.14ms
INF 2026-08-03T17:43:25.779Z > 200 GET /api/v1/ 39.83ms
INF 2026-08-03T17:43:25.788Z > 200 GET /api/v1/ 8.61ms
INF 2026-08-03T17:43:25.790Z > 200 GET /api/v1/ 826.59ms
INF 2026-08-03T17:43:25.794Z > 200 GET /api/v1/ 194.94ms
INF 2026-08-03T17:43:25.796Z > 200 GET /api/v1/ 392.62ms
INF 2026-08-03T17:43:25.798Z > 200 GET /api/v1/ 9.37ms
INF 2026-08-03T17:43:25.811Z > 200 GET /api/v1/ 1361.83ms
INF 2026-08-03T17:43:25.829Z > 200 GET /api/v1/ 5.93ms
INF 2026-08-03T17:43:25.845Z > 200 GET /api/v1/ 220.5ms
INF 2026-08-03T17:43:25.866Z > 200 GET /api/v1/ 20.98ms
INF 2026-08-03T17:43:25.871Z > 200 GET /api/v1/ 2095.94ms
INF 2026-08-03T17:43:25.877Z > 200 GET /api/v1/ 2093.0ms
INF 2026-08-03T17:43:25.881Z > 200 GET /api/v1/ 477.68ms
INF 2026-08-03T17:43:25.883Z > 200 GET /api/v1/ 511.91ms
INF 2026-08-03T17:43:25.891Z > 200 GET /api/v1/ 824.21ms
INF 2026-08-03T17:43:25.898Z > 200 GET /api/v1/ 1265.84ms
INF 2026-08-03T17:43:25.903Z > 200 GET /api/v1/ 2191.29ms
INF 2026-08-03T17:43:25.903Z > 200 GET /api/v1/ 631.51ms
INF 2026-08-03T17:43:25.905Z > 200 GET /api/v1/ 2090.66ms
INF 2026-08-03T17:43:25.915Z > 200 GET /api/v1/ 7.3ms
INF 2026-08-03T17:43:25.923Z > 200 GET /api/v1/ 7.27ms
INF 2026-08-03T17:43:25.926Z > 200 GET /api/v1/ 1310.49ms
INF 2026-08-03T17:43:25.970Z > 200 GET /api/v1/ 40.94ms
INF 2026-08-03T17:43:26.094Z > 200 GET /api/v1/ 923.04ms
INF 2026-08-03T17:43:26.123Z > 200 GET /api/v1/ 1055.7ms
INF 2026-08-03T17:43:26.124Z > 200 GET /api/v1/ 1260.07ms
INF 2026-08-03T17:43:26.135Z > 200 GET /api/v1/ 1059.02ms
INF 2026-08-03T17:43:26.135Z > 200 GET /api/v1/ 354.93ms
INF 2026-08-03T17:43:26.136Z > 200 GET /api/v1/ 1083.46ms
INF 2026-08-03T17:43:26.139Z > 200 GET /api/v1/ 1383.44ms
INF 2026-08-03T17:43:26.143Z > 200 GET /api/v1/ 1003.28ms
INF 2026-08-03T17:43:26.143Z > 200 GET /api/v1/ 1388.17ms
INF 2026-08-03T17:43:26.147Z > 200 GET /api/v1/ 2163.74ms
INF 2026-08-03T17:43:26.182Z > 200 GET /api/v1/ 2325.9ms
INF 2026-08-03T17:43:26.182Z > 200 GET /api/v1/ 1549.98ms
INF 2026-08-03T17:43:26.187Z > 200 GET /api/v1/ 1115.41ms
INF 2026-08-03T17:43:26.190Z > 200 GET /api/v1/ 2515.91ms
INF 2026-08-03T17:43:26.191Z > 200 GET /api/v1/ 1421.85ms
INF 2026-08-03T17:43:26.191Z > 200 GET /api/v1/ 2207.74ms
INF 2026-08-03T17:43:26.192Z > 200 GET /api/v1/ 1383.92ms
INF 2026-08-03T17:43:26.207Z > 200 GET /api/v1/ 2299.17ms
INF 2026-08-03T17:43:26.208Z > 200 GET /api/v1/ 1227.05ms
INF 2026-08-03T17:43:26.209Z > 200 GET /api/v1/ 2126.19ms
INF 2026-08-03T17:43:26.236Z > 200 GET /api/v1/ 1467.63ms
INF 2026-08-03T17:43:26.257Z > 200 GET /api/v1/ 1247.74ms
INF 2026-08-03T17:43:26.272Z > 200 GET /api/v1/ 81.39ms
INF 2026-08-03T17:43:26.289Z > 200 GET /api/v1/ 1262.73ms
INF 2026-08-03T17:43:26.304Z > 200 GET /api/v1/ 1176.68ms
INF 2026-08-03T17:43:26.305Z > 200 GET /api/v1/ 441.69ms
INF 2026-08-03T17:43:26.306Z > 200 GET /api/v1/ 850.78ms
INF 2026-08-03T17:43:26.326Z > 200 GET /api/v1/ 370.06ms
INF 2026-08-03T17:43:26.555Z > 200 GET /api/v1/ 1015.85ms
INF 2026-08-03T17:43:26.556Z > 200 GET /api/v1/ 601.25ms
INF 2026-08-03T17:43:26.558Z > 200 GET /api/v1/ 638.68ms
INF 2026-08-03T17:43:26.560Z > 200 GET /api/v1/ 1907.46ms
INF 2026-08-03T17:43:26.561Z > 200 GET /api/v1/ 2187.04ms
INF 2026-08-03T17:43:26.561Z > 200 GET /api/v1/ 729.33ms
INF 2026-08-03T17:43:26.562Z > 200 GET /api/v1/ 606.8ms
INF 2026-08-03T17:43:26.562Z > 200 GET /api/v1/ 781.99ms
INF 2026-08-03T17:43:26.563Z > 200 GET /api/v1/ 1581.65ms
INF 2026-08-03T17:43:26.574Z > 200 GET /api/v1/ 267.09ms
INF 2026-08-03T17:43:26.579Z > 200 GET /api/v1/ 798.81ms
INF 2026-08-03T17:43:26.594Z > 200 GET /api/v1/ 1988.65ms
INF 2026-08-03T17:43:26.634Z > 200 GET /api/v1/ 633.07ms
INF 2026-08-03T17:43:26.654Z > 200 GET /api/v1/ 2455.92ms
INF 2026-08-03T17:43:26.660Z > 200 GET /api/v1/ 658.96ms
INF 2026-08-03T17:43:26.661Z > 200 GET /api/v1/ 705.61ms
INF 2026-08-03T17:43:26.661Z > 200 GET /api/v1/ 1737.75ms
INF 2026-08-03T17:43:26.663Z > 200 GET /api/v1/ 2117.65ms
INF 2026-08-03T17:43:26.664Z > 200 GET /api/v1/ 2290.15ms
INF 2026-08-03T17:43:26.665Z > 200 GET /api/v1/ 2408.97ms
INF 2026-08-03T17:43:26.677Z > 200 GET /api/v1/ 1268.86ms
INF 2026-08-03T17:43:26.681Z > 200 GET /api/v1/ 2449.3ms
INF 2026-08-03T17:43:26.697Z > 200 GET /api/v1/ 1941.52ms
INF 2026-08-03T17:43:26.714Z > 200 GET /api/v1/ 1962.96ms
INF 2026-08-03T17:43:26.779Z > 200 GET /api/v1/ 2125.73ms
INF 2026-08-03T17:43:26.790Z > 200 GET /api/v1/ 945.09ms
INF 2026-08-03T17:43:26.812Z > 200 GET /api/v1/ 1404.73ms
INF 2026-08-03T17:43:26.827Z > 200 GET /api/v1/ 2174.47ms
INF 2026-08-03T17:43:26.932Z > 200 GET /api/v1/ 2177.14ms
INF 2026-08-03T17:43:26.933Z > 200 GET /api/v1/ 918.0ms
INF 2026-08-03T17:43:26.933Z > 200 GET /api/v1/ 2182.15ms
INF 2026-08-03T17:43:26.934Z > 200 GET /api/v1/ 1866.85ms
INF 2026-08-03T17:43:26.934Z > 200 GET /api/v1/ 2179.58ms
INF 2026-08-03T17:43:27.030Z > 200 GET /api/v1/ 2234.13ms
INF 2026-08-03T17:43:27.031Z > 200 GET /api/v1/ 2229.31ms
INF 2026-08-03T17:43:27.062Z > 200 GET /api/v1/ 1322.61ms
INF 2026-08-03T17:43:27.063Z > 200 GET /api/v1/ 2099.62ms
INF 2026-08-03T17:43:27.064Z > 200 GET /api/v1/ 2294.76ms
INF 2026-08-03T17:43:27.082Z > 200 GET /api/v1/ 418.25ms
INF 2026-08-03T17:43:27.095Z > 200 GET /api/v1/ 1375.43ms
INF 2026-08-03T17:43:27.187Z > 200 GET /api/v1/ 998.08ms
INF 2026-08-03T17:43:27.189Z > 200 GET /api/v1/ 362.29ms
INF 2026-08-03T17:43:27.192Z > 200 GET /api/v1/ 1536.13ms
INF 2026-08-03T17:43:27.199Z > 200 GET /api/v1/ 2132.1ms
INF 2026-08-03T17:43:27.200Z > 200 GET /api/v1/ 1752.91ms
INF 2026-08-03T17:43:27.202Z > 200 GET /api/v1/ 1546.99ms
INF 2026-08-03T17:43:27.203Z > 200 GET /api/v1/ 2448.34ms
INF 2026-08-03T17:43:27.206Z > 200 GET /api/v1/ 1018.57ms
INF 2026-08-03T17:43:27.207Z > 200 GET /api/v1/ 1017.92ms
INF 2026-08-03T17:43:27.207Z > 200 GET /api/v1/ 1018.43ms
INF 2026-08-03T17:43:27.208Z > 200 GET /api/v1/ 2439.32ms
INF 2026-08-03T17:43:27.208Z > 200 GET /api/v1/ 2555.0ms
INF 2026-08-03T17:43:27.209Z > 200 GET /api/v1/ 968.87ms
INF 2026-08-03T17:43:27.209Z > 200 GET /api/v1/ 2424.1ms
INF 2026-08-03T17:43:27.210Z > 200 GET /api/v1/ 1021.15ms
INF 2026-08-03T17:43:27.210Z > 200 GET /api/v1/ 1378.2ms
INF 2026-08-03T17:43:27.211Z > 200 GET /api/v1/ 2441.4ms
INF 2026-08-03T17:43:27.211Z > 200 GET /api/v1/ 2442.4ms
INF 2026-08-03T17:43:27.212Z > 200 GET /api/v1/ 972.32ms
INF 2026-08-03T17:43:27.212Z > 200 GET /api/v1/ 2443.16ms
INF 2026-08-03T17:43:27.213Z > 200 GET /api/v1/ 973.74ms
INF 2026-08-03T17:43:27.213Z > 200 GET /api/v1/ 1481.75ms
INF 2026-08-03T17:43:27.214Z > 200 GET /api/v1/ 1342.08ms
INF 2026-08-03T17:43:27.214Z > 200 GET /api/v1/ 2354.62ms
INF 2026-08-03T17:43:27.215Z > 200 GET /api/v1/ 2446.12ms
INF 2026-08-03T17:43:27.215Z > 200 GET /api/v1/ 1495.84ms
INF 2026-08-03T17:43:27.216Z > 200 GET /api/v1/ 2465.03ms
INF 2026-08-03T17:43:27.225Z > 200 GET /api/v1/ 1444.24ms
INF 2026-08-03T17:43:27.225Z > 200 GET /api/v1/ 1584.89ms
INF 2026-08-03T17:43:27.226Z > 200 GET /api/v1/ 2573.13ms
INF 2026-08-03T17:43:27.226Z > 200 GET /api/v1/ 2471.18ms
INF 2026-08-03T17:43:27.227Z > 200 GET /api/v1/ 1272.18ms
INF 2026-08-03T17:43:27.227Z > 200 GET /api/v1/ 987.41ms
INF 2026-08-03T17:43:27.228Z > 200 GET /api/v1/ 1382.35ms
INF 2026-08-03T17:43:27.229Z > 200 GET /api/v1/ 1481.03ms
INF 2026-08-03T17:43:27.229Z > 200 GET /api/v1/ 936.49ms
INF 2026-08-03T17:43:27.229Z > 200 GET /api/v1/ 1040.99ms
INF 2026-08-03T17:43:27.230Z > 200 GET /api/v1/ 1593.63ms
INF 2026-08-03T17:43:27.231Z > 200 GET /api/v1/ 2537.14ms
INF 2026-08-03T17:43:27.231Z > 200 GET /api/v1/ 1042.38ms
INF 2026-08-03T17:43:27.232Z > 200 GET /api/v1/ 1043.85ms
INF 2026-08-03T17:43:27.233Z > 200 GET /api/v1/ 2441.03ms
INF 2026-08-03T17:43:27.233Z > 200 GET /api/v1/ 2464.63ms
INF 2026-08-03T17:43:27.236Z > 200 GET /api/v1/ 996.46ms
INF 2026-08-03T17:43:27.263Z > 200 GET /api/v1/ 2135.18ms
INF 2026-08-03T17:43:27.266Z > 200 GET /api/v1/ 2326.8ms
INF 2026-08-03T17:43:27.267Z > 200 GET /api/v1/ 974.92ms
INF 2026-08-03T17:43:27.267Z > 200 GET /api/v1/ 2095.78ms
INF 2026-08-03T17:43:27.278Z > 200 GET /api/v1/ 1038.46ms
INF 2026-08-03T17:43:27.280Z > 200 GET /api/v1/ 866.4ms
INF 2026-08-03T17:43:27.308Z > 200 GET /api/v1/ 1420.32ms
INF 2026-08-03T17:43:27.309Z > 200 GET /api/v1/ 1120.73ms
INF 2026-08-03T17:43:27.310Z > 200 GET /api/v1/ 1373.24ms
INF 2026-08-03T17:43:27.311Z > 200 GET /api/v1/ 1018.77ms
INF 2026-08-03T17:43:27.312Z > 200 GET /api/v1/ 659.53ms
INF 2026-08-03T17:43:27.314Z > 200 GET /api/v1/ 759.98ms
INF 2026-08-03T17:43:27.323Z > 200 GET /api/v1/ 670.59ms
INF 2026-08-03T17:43:27.324Z > 200 GET /api/v1/ 688.17ms
INF 2026-08-03T17:43:27.325Z > 200 GET /api/v1/ 672.39ms
INF 2026-08-03T17:43:27.326Z > 200 GET /api/v1/ 771.83ms
INF 2026-08-03T17:43:27.326Z > 200 GET /api/v1/ 1087.13ms
INF 2026-08-03T17:43:27.327Z > 200 GET /api/v1/ 1034.6ms
INF 2026-08-03T17:43:27.329Z > 200 GET /api/v1/ 676.91ms
INF 2026-08-03T17:43:27.330Z > 200 GET /api/v1/ 677.44ms
INF 2026-08-03T17:43:27.331Z > 200 GET /api/v1/ 677.99ms
INF 2026-08-03T17:43:27.331Z > 200 GET /api/v1/ 678.53ms
INF 2026-08-03T17:43:27.332Z > 200 GET /api/v1/ 778.04ms
INF 2026-08-03T17:43:27.333Z > 200 GET /api/v1/ 1403.3ms
INF 2026-08-03T17:43:27.333Z > 200 GET /api/v1/ 907.12ms
INF 2026-08-03T17:43:27.334Z > 200 GET /api/v1/ 681.08ms
INF 2026-08-03T17:43:27.369Z > 200 GET /api/v1/ 815.17ms
INF 2026-08-03T17:43:27.379Z > 200 GET /api/v1/ 725.89ms
INF 2026-08-03T17:43:27.380Z > 200 GET /api/v1/ 727.05ms
INF 2026-08-03T17:43:27.383Z > 200 GET /api/v1/ 554.96ms
INF 2026-08-03T17:43:27.383Z > 200 GET /api/v1/ 556.17ms
INF 2026-08-03T17:43:27.384Z > 200 GET /api/v1/ 73.58ms
INF 2026-08-03T17:43:27.385Z > 200 GET /api/v1/ 558.12ms
INF 2026-08-03T17:43:27.397Z > 200 GET /api/v1/ 409.78ms
INF 2026-08-03T17:43:27.398Z > 200 GET /api/v1/ 571.32ms
INF 2026-08-03T17:43:27.420Z > 200 GET /api/v1/ 8.47ms
INF 2026-08-03T17:43:27.426Z > 200 GET /api/v1/ 439.02ms
INF 2026-08-03T17:43:27.436Z > 200 GET /api/v1/ 7.95ms
INF 2026-08-03T17:43:27.448Z > 200 GET /api/v1/ 7.98ms
INF 2026-08-03T17:43:27.451Z > 200 GET /api/v1/ 445.56ms
INF 2026-08-03T17:43:27.455Z > 200 GET /api/v1/ 435.84ms
INF 2026-08-03T17:43:27.470Z > 200 GET /api/v1/ 6.47ms
INF 2026-08-03T17:43:27.486Z > 200 GET /api/v1/ 6.87ms
INF 2026-08-03T17:43:27.497Z > 200 GET /api/v1/ 5.87ms
INF 2026-08-03T17:43:27.505Z > 200 GET /api/v1/ 5.82ms
INF 2026-08-03T17:43:27.518Z > 200 GET /api/v1/ 6.67ms
INF 2026-08-03T17:43:27.537Z > 200 GET /api/v1/ 6.83ms
INF 2026-08-03T17:43:27.557Z > 200 GET /api/v1/ 290.91ms
INF 2026-08-03T17:43:27.659Z > 200 GET /api/v1/ 831.64ms
INF 2026-08-03T17:43:27.662Z > 200 GET /api/v1/ 383.38ms
INF 2026-08-03T17:43:27.695Z > 200 GET /api/v1/ 448.98ms
INF 2026-08-03T17:43:27.702Z > 200 GET /api/v1/ 437.89ms
INF 2026-08-03T17:43:27.707Z > 200 GET /api/v1/ 394.58ms
INF 2026-08-03T17:43:27.708Z > 200 GET /api/v1/ 400.55ms
INF 2026-08-03T17:43:27.709Z > 200 GET /api/v1/ 429.05ms
INF 2026-08-03T17:43:27.711Z > 200 GET /api/v1/ 399.02ms
INF 2026-08-03T17:43:27.713Z > 200 GET /api/v1/ 431.95ms
INF 2026-08-03T17:43:27.727Z > 200 GET /api/v1/ 416.02ms
INF 2026-08-03T17:43:27.732Z > 200 GET /api/v1/ 452.27ms
INF 2026-08-03T17:43:27.742Z > 200 GET /api/v1/ 6.14ms
INF 2026-08-03T17:43:27.750Z > 200 GET /api/v1/ 6.76ms
INF 2026-08-03T17:43:27.759Z > 200 GET /api/v1/ 7.31ms
INF 2026-08-03T17:43:27.775Z > 200 GET /api/v1/ 7.72ms
INF 2026-08-03T17:43:27.846Z > 200 GET /api/v1/ 653.77ms
INF 2026-08-03T17:43:27.847Z > 200 GET /api/v1/ 649.61ms
INF 2026-08-03T17:43:27.859Z > 200 GET /api/v1/ 551.7ms
INF 2026-08-03T17:43:27.863Z > 200 GET /api/v1/ 550.34ms
INF 2026-08-03T17:43:27.868Z > 200 GET /api/v1/ 487.07ms
INF 2026-08-03T17:43:27.873Z > 200 GET /api/v1/ 680.87ms
INF 2026-08-03T17:43:27.874Z > 200 GET /api/v1/ 567.27ms
INF 2026-08-03T17:43:27.876Z > 200 GET /api/v1/ 596.16ms
INF 2026-08-03T17:43:27.878Z > 200 GET /api/v1/ 599.38ms
INF 2026-08-03T17:43:27.878Z > 200 GET /api/v1/ 571.25ms
INF 2026-08-03T17:43:27.879Z > 200 GET /api/v1/ 566.05ms
INF 2026-08-03T17:43:27.890Z > 200 GET /api/v1/ 576.97ms
INF 2026-08-03T17:43:27.908Z > 200 GET /api/v1/ 8.41ms
INF 2026-08-03T17:43:27.920Z > 200 GET /api/v1/ 8.16ms
INF 2026-08-03T17:43:27.927Z > 200 GET /api/v1/ 7.63ms
INF 2026-08-03T17:43:27.940Z > 200 GET /api/v1/ 8.19ms
INF 2026-08-03T17:43:27.958Z > 200 GET /api/v1/ 6.5ms
INF 2026-08-03T17:43:27.968Z > 200 GET /api/v1/ 192.5ms
INF 2026-08-03T17:43:27.975Z > 200 GET /api/v1/ 11.8ms
INF 2026-08-03T17:43:27.991Z > 200 GET /api/v1/ 7.42ms
INF 2026-08-03T17:43:27.998Z > 200 GET /api/v1/ 675.76ms
INF 2026-08-03T17:43:28.007Z > 200 GET /api/v1/ 7.88ms
INF 2026-08-03T17:43:28.009Z > 200 GET /api/v1/ 727.89ms
INF 2026-08-03T17:43:28.019Z > 200 GET /api/v1/ 7.54ms
INF 2026-08-03T17:43:28.038Z > 200 GET /api/v1/ 6.85ms
INF 2026-08-03T17:43:28.047Z > 200 GET /api/v1/ 7.33ms
INF 2026-08-03T17:43:28.055Z > 200 GET /api/v1/ 7.35ms
INF 2026-08-03T17:43:28.068Z > 200 GET /api/v1/ 7.13ms
INF 2026-08-03T17:43:28.102Z > 200 GET /api/v1/ 794.35ms
INF 2026-08-03T17:43:28.122Z > 200 GET /api/v1/ 856.58ms
INF 2026-08-03T17:43:28.127Z > 200 GET /api/v1/ 575.7ms
INF 2026-08-03T17:43:28.130Z > 200 GET /api/v1/ 210.03ms
INF 2026-08-03T17:43:28.131Z > 200 GET /api/v1/ 663.6ms
INF 2026-08-03T17:43:28.132Z > 200 GET /api/v1/ 580.9ms
INF 2026-08-03T17:43:28.135Z > 200 GET /api/v1/ 754.28ms
INF 2026-08-03T17:43:28.151Z > 200 GET /api/v1/ 7.6ms
INF 2026-08-03T17:43:28.170Z > 200 GET /api/v1/ 6.25ms
INF 2026-08-03T17:43:28.179Z > 200 GET /api/v1/ 7.43ms
INF 2026-08-03T17:43:28.220Z > 200 GET /api/v1/ 27.18ms
INF 2026-08-03T17:43:28.229Z > 200 GET /api/v1/ 8.19ms
INF 2026-08-03T17:43:28.231Z > 200 GET /api/v1/ 850.8ms
INF 2026-08-03T17:43:28.236Z > 200 GET /api/v1/ 444.06ms
INF 2026-08-03T17:43:28.243Z > 200 GET /api/v1/ 423.86ms
INF 2026-08-03T17:43:28.244Z > 200 GET /api/v1/ 684.89ms
INF 2026-08-03T17:43:28.247Z > 200 GET /api/v1/ 495.65ms
INF 2026-08-03T17:43:28.250Z > 200 GET /api/v1/ 276.78ms
INF 2026-08-03T17:43:28.250Z > 200 GET /api/v1/ 591.38ms
INF 2026-08-03T17:43:28.253Z > 200 GET /api/v1/ 553.75ms
INF 2026-08-03T17:43:28.286Z > 200 GET /api/v1/ 904.0ms
INF 2026-08-03T17:43:28.322Z > 200 GET /api/v1/ 566.59ms
INF 2026-08-03T17:43:28.383Z > 200 GET /api/v1/ 47.43ms
INF 2026-08-03T17:43:28.388Z > 200 GET /api/v1/ 289.47ms
INF 2026-08-03T17:43:28.394Z > 200 GET /api/v1/ 217.78ms
INF 2026-08-03T17:43:28.398Z > 200 GET /api/v1/ 510.66ms
INF 2026-08-03T17:43:28.401Z > 200 GET /api/v1/ 1574.32ms
INF 2026-08-03T17:43:28.403Z > 200 GET /api/v1/ 230.94ms
INF 2026-08-03T17:43:28.408Z > 200 GET /api/v1/ 1580.58ms
INF 2026-08-03T17:43:28.408Z > 200 GET /api/v1/ 1464.17ms
INF 2026-08-03T17:43:28.410Z > 200 GET /api/v1/ 590.87ms
INF 2026-08-03T17:43:28.412Z > 200 GET /api/v1/ 325.93ms
INF 2026-08-03T17:43:28.414Z > 200 GET /api/v1/ 302.27ms
INF 2026-08-03T17:43:28.418Z > 200 GET /api/v1/ 206.11ms
INF 2026-08-03T17:43:28.422Z > 200 GET /api/v1/ 1596.32ms
INF 2026-08-03T17:43:28.426Z > 200 GET /api/v1/ 1406.14ms
INF 2026-08-03T17:43:28.429Z > 200 GET /api/v1/ 252.95ms
INF 2026-08-03T17:43:28.430Z > 200 GET /api/v1/ 143.8ms
INF 2026-08-03T17:43:28.434Z > 200 GET /api/v1/ 191.36ms
INF 2026-08-03T17:43:28.435Z > 200 GET /api/v1/ 1608.12ms
INF 2026-08-03T17:43:28.436Z > 200 GET /api/v1/ 635.22ms
INF 2026-08-03T17:43:28.443Z > 200 GET /api/v1/ 275.04ms
INF 2026-08-03T17:43:28.443Z > 200 GET /api/v1/ 7.48ms
INF 2026-08-03T17:43:28.451Z > 200 GET /api/v1/ 8.02ms
INF 2026-08-03T17:43:28.473Z > 200 GET /api/v1/ 21.74ms
INF 2026-08-03T17:43:28.478Z > 200 GET /api/v1/ 1292.19ms
INF 2026-08-03T17:43:28.501Z > 200 GET /api/v1/ 21.32ms
INF 2026-08-03T17:43:28.508Z > 200 GET /api/v1/ 221.43ms
INF 2026-08-03T17:43:28.521Z > 200 GET /api/v1/ 1258.28ms
INF 2026-08-03T17:43:28.539Z > 200 GET /api/v1/ 18.0ms
INF 2026-08-03T17:43:28.545Z > 200 GET /api/v1/ 1232.43ms
INF 2026-08-03T17:43:28.550Z > 200 GET /api/v1/ 498.3ms
INF 2026-08-03T17:43:28.552Z > 200 GET /api/v1/ 648.54ms
INF 2026-08-03T17:43:28.553Z > 200 GET /api/v1/ 1272.72ms
INF 2026-08-03T17:43:28.557Z > 200 GET /api/v1/ 133.36ms
INF 2026-08-03T17:43:28.561Z > 200 GET /api/v1/ 255.95ms
INF 2026-08-03T17:43:28.565Z > 200 GET /api/v1/ 197.13ms
INF 2026-08-03T17:43:28.566Z > 200 GET /api/v1/ 1259.31ms
INF 2026-08-03T17:43:28.643Z > 200 GET /api/v1/ 53.04ms
INF 2026-08-03T17:43:28.653Z > 200 GET /api/v1/ 1213.77ms
INF 2026-08-03T17:43:28.658Z > 200 GET /api/v1/ 1345.46ms
INF 2026-08-03T17:43:28.660Z > 200 GET /api/v1/ 740.11ms
INF 2026-08-03T17:43:28.661Z > 200 GET /api/v1/ 1232.89ms
INF 2026-08-03T17:43:28.664Z > 200 GET /api/v1/ 1282.31ms
INF 2026-08-03T17:43:28.667Z > 200 GET /api/v1/ 1243.39ms
INF 2026-08-03T17:43:28.669Z > 200 GET /api/v1/ 1287.46ms
INF 2026-08-03T17:43:28.671Z > 200 GET /api/v1/ 1251.14ms
INF 2026-08-03T17:43:28.672Z > 200 GET /api/v1/ 1290.36ms
INF 2026-08-03T17:43:28.674Z > 200 GET /api/v1/ 1249.97ms
INF 2026-08-03T17:43:28.681Z > 200 GET /api/v1/ 1299.79ms
INF 2026-08-03T17:43:28.689Z > 200 GET /api/v1/ 1307.65ms
INF 2026-08-03T17:43:28.694Z > 200 GET /api/v1/ 1312.42ms
INF 2026-08-03T17:43:28.698Z > 200 GET /api/v1/ 1274.19ms
INF 2026-08-03T17:43:28.699Z > 200 GET /api/v1/ 1316.93ms
INF 2026-08-03T17:43:28.702Z > 200 GET /api/v1/ 1320.28ms
INF 2026-08-03T17:43:28.702Z > 200 GET /api/v1/ 397.14ms
INF 2026-08-03T17:43:28.704Z > 200 GET /api/v1/ 1323.11ms
INF 2026-08-03T17:43:28.705Z > 200 GET /api/v1/ 1424.82ms
INF 2026-08-03T17:43:28.709Z > 200 GET /api/v1/ 13.19ms
INF 2026-08-03T17:43:28.726Z > 200 GET /api/v1/ 7.43ms
INF 2026-08-03T17:43:28.741Z > 200 GET /api/v1/ 9.65ms
INF 2026-08-03T17:43:28.847Z > 200 GET /api/v1/ 1534.86ms
INF 2026-08-03T17:43:28.856Z > 200 GET /api/v1/ 372.54ms
INF 2026-08-03T17:43:28.883Z > 200 GET /api/v1/ 967.5ms
INF 2026-08-03T17:43:28.887Z > 200 GET /api/v1/ 366.23ms
INF 2026-08-03T17:43:28.895Z > 200 GET /api/v1/ 7.33ms
INF 2026-08-03T17:43:28.899Z > 200 GET /api/v1/ 355.2ms
INF 2026-08-03T17:43:28.901Z > 200 GET /api/v1/ 277.23ms
INF 2026-08-03T17:43:28.903Z > 200 GET /api/v1/ 427.39ms
INF 2026-08-03T17:43:28.906Z > 200 GET /api/v1/ 434.13ms
INF 2026-08-03T17:43:28.907Z > 200 GET /api/v1/ 301.23ms
INF 2026-08-03T17:43:28.931Z > 200 GET /api/v1/ 7.47ms
INF 2026-08-03T17:43:28.944Z > 200 GET /api/v1/ 8.37ms
INF 2026-08-03T17:43:28.956Z > 200 GET /api/v1/ 11.5ms
INF 2026-08-03T17:43:28.979Z > 200 GET /api/v1/ 7.68ms
INF 2026-08-03T17:43:28.987Z > 200 GET /api/v1/ 1674.49ms
INF 2026-08-03T17:43:28.989Z > 200 GET /api/v1/ 1497.16ms
INF 2026-08-03T17:43:29.011Z > 200 GET /api/v1/ 8.7ms
INF 2026-08-03T17:43:29.014Z > 200 GET /api/v1/ 1702.34ms
INF 2026-08-03T17:43:29.026Z > 200 GET /api/v1/ 582.12ms
INF 2026-08-03T17:43:29.026Z > 200 GET /api/v1/ 570.44ms
INF 2026-08-03T17:43:29.071Z > 200 GET /api/v1/ 481.36ms
INF 2026-08-03T17:43:29.074Z > 200 GET /api/v1/ 598.48ms
INF 2026-08-03T17:43:29.074Z > 200 GET /api/v1/ 46.33ms
INF 2026-08-03T17:43:29.079Z > 200 GET /api/v1/ 2091.86ms
INF 2026-08-03T17:43:29.086Z > 200 GET /api/v1/ 2258.89ms
INF 2026-08-03T17:43:29.088Z > 200 GET /api/v1/ 2260.24ms
INF 2026-08-03T17:43:29.088Z > 200 GET /api/v1/ 2068.7ms
INF 2026-08-03T17:43:29.098Z > 200 GET /api/v1/ 2078.75ms
INF 2026-08-03T17:43:29.118Z > 200 GET /api/v1/ 6.81ms
INF 2026-08-03T17:43:29.121Z > 200 GET /api/v1/ 1105.57ms
INF 2026-08-03T17:43:29.127Z > 200 GET /api/v1/ 1211.55ms
INF 2026-08-03T17:43:29.133Z > 200 GET /api/v1/ 6.03ms
INF 2026-08-03T17:43:29.146Z > 200 GET /api/v1/ 6.32ms
INF 2026-08-03T17:43:29.189Z > 200 GET /api/v1/ 28.0ms
INF 2026-08-03T17:43:29.206Z > 200 GET /api/v1/ 654.44ms
INF 2026-08-03T17:43:29.213Z > 200 GET /api/v1/ 367.32ms
INF 2026-08-03T17:43:29.214Z > 200 GET /api/v1/ 286.18ms
INF 2026-08-03T17:43:29.216Z > 200 GET /api/v1/ 497.23ms
INF 2026-08-03T17:43:29.221Z > 200 GET /api/v1/ 473.39ms
INF 2026-08-03T17:43:29.235Z > 200 GET /api/v1/ 495.05ms
INF 2026-08-03T17:43:29.240Z > 200 GET /api/v1/ 1141.5ms
INF 2026-08-03T17:43:29.246Z > 200 GET /api/v1/ 506.1ms
INF 2026-08-03T17:43:29.247Z > 200 GET /api/v1/ 302.49ms
INF 2026-08-03T17:43:29.251Z > 200 GET /api/v1/ 507.22ms
INF 2026-08-03T17:43:29.258Z > 200 GET /api/v1/ 1370.36ms
INF 2026-08-03T17:43:29.272Z > 200 GET /api/v1/ 12.35ms
INF 2026-08-03T17:43:29.276Z > 200 GET /api/v1/ 1997.68ms
INF 2026-08-03T17:43:29.304Z > 200 GET /api/v1/ 1552.32ms
INF 2026-08-03T17:43:29.308Z > 200 GET /api/v1/ 560.51ms
INF 2026-08-03T17:43:29.311Z > 200 GET /api/v1/ 411.28ms
INF 2026-08-03T17:43:29.314Z > 200 GET /api/v1/ 241.19ms
INF 2026-08-03T17:43:29.332Z > 200 GET /api/v1/ 628.62ms
INF 2026-08-03T17:43:29.334Z > 200 GET /api/v1/ 2054.05ms
INF 2026-08-03T17:43:29.335Z > 200 GET /api/v1/ 2088.9ms
INF 2026-08-03T17:43:29.354Z > 200 GET /api/v1/ 2168.0ms
INF 2026-08-03T17:43:29.368Z > 200 GET /api/v1/ 34.06ms
INF 2026-08-03T17:43:29.369Z > 200 GET /api/v1/ 1987.65ms
INF 2026-08-03T17:43:29.369Z > 200 GET /api/v1/ 2172.2ms
INF 2026-08-03T17:43:29.382Z > 200 GET /api/v1/ 359.98ms
INF 2026-08-03T17:43:29.388Z > 200 GET /api/v1/ 349.24ms
INF 2026-08-03T17:43:29.392Z > 200 GET /api/v1/ 404.74ms
INF 2026-08-03T17:43:29.393Z > 200 GET /api/v1/ 453.37ms
INF 2026-08-03T17:43:29.396Z > 200 GET /api/v1/ 790.56ms
INF 2026-08-03T17:43:29.397Z > 200 GET /api/v1/ 1477.25ms
INF 2026-08-03T17:43:29.419Z > 200 GET /api/v1/ 7.35ms
INF 2026-08-03T17:43:29.431Z > 200 GET /api/v1/ 6.95ms
INF 2026-08-03T17:43:29.434Z > 200 GET /api/v1/ 2126.64ms
INF 2026-08-03T17:43:29.437Z > 200 GET /api/v1/ 2126.26ms
INF 2026-08-03T17:43:29.440Z > 200 GET /api/v1/ 2174.43ms
INF 2026-08-03T17:43:29.449Z > 200 GET /api/v1/ 8.95ms
INF 2026-08-03T17:43:29.467Z > 200 GET /api/v1/ 7.79ms
INF 2026-08-03T17:43:29.474Z > 200 GET /api/v1/ 526.08ms
INF 2026-08-03T17:43:29.485Z > 200 GET /api/v1/ 9.58ms
INF 2026-08-03T17:43:29.492Z > 200 GET /api/v1/ 6.53ms
INF 2026-08-03T17:43:29.499Z > 200 GET /api/v1/ 7.63ms
INF 2026-08-03T17:43:29.508Z > 200 GET /api/v1/ 1848.83ms
INF 2026-08-03T17:43:29.512Z > 200 GET /api/v1/ 1101.57ms
INF 2026-08-03T17:43:29.523Z > 200 GET /api/v1/ 7.41ms
INF 2026-08-03T17:43:29.536Z > 200 GET /api/v1/ 8.32ms
INF 2026-08-03T17:43:29.544Z > 200 GET /api/v1/ 8.33ms
INF 2026-08-03T17:43:29.556Z > 200 GET /api/v1/ 2244.74ms
INF 2026-08-03T17:43:29.560Z > 200 GET /api/v1/ 2367.4ms
INF 2026-08-03T17:43:29.612Z > 200 GET /api/v1/ 50.74ms
INF 2026-08-03T17:43:29.624Z > 200 GET /api/v1/ 2242.06ms
INF 2026-08-03T17:43:29.626Z > 200 GET /api/v1/ 2313.09ms
INF 2026-08-03T17:43:29.631Z > 200 GET /api/v1/ 2249.45ms
INF 2026-08-03T17:43:29.747Z > 200 GET /api/v1/ 2430.71ms
INF 2026-08-03T17:43:29.747Z > 200 GET /api/v1/ 2412.38ms
INF 2026-08-03T17:43:29.748Z > 200 GET /api/v1/ 2366.13ms
INF 2026-08-03T17:43:29.748Z > 200 GET /api/v1/ 2437.37ms
INF 2026-08-03T17:43:29.797Z > 200 GET /api/v1/ 2415.79ms
INF 2026-08-03T17:43:29.798Z > 200 GET /api/v1/ 1492.53ms
INF 2026-08-03T17:43:29.812Z > 200 GET /api/v1/ 2531.91ms
INF 2026-08-03T17:43:29.812Z > 200 GET /api/v1/ 2028.71ms
INF 2026-08-03T17:43:29.813Z > 200 GET /api/v1/ 2497.26ms
INF 2026-08-03T17:43:29.816Z > 200 GET /api/v1/ 2433.83ms
INF 2026-08-03T17:43:29.817Z > 200 GET /api/v1/ 2536.43ms
INF 2026-08-03T17:43:29.818Z > 200 GET /api/v1/ 2505.81ms
INF 2026-08-03T17:43:29.818Z > 200 GET /api/v1/ 2496.02ms
INF 2026-08-03T17:43:29.819Z > 200 GET /api/v1/ 2437.77ms
INF 2026-08-03T17:43:29.821Z > 200 GET /api/v1/ 1534.73ms
INF 2026-08-03T17:43:29.828Z > 200 GET /api/v1/ 1360.43ms
INF 2026-08-03T17:43:29.830Z > 200 GET /api/v1/ 1378.85ms
INF 2026-08-03T17:43:29.856Z > 200 GET /api/v1/ 1400.83ms
INF 2026-08-03T17:43:29.893Z > 200 GET /api/v1/ 2558.26ms
INF 2026-08-03T17:43:29.899Z > 200 GET /api/v1/ 1612.34ms
INF 2026-08-03T17:43:29.908Z > 200 GET /api/v1/ 1424.19ms
INF 2026-08-03T17:43:29.909Z > 200 GET /api/v1/ 1476.52ms
INF 2026-08-03T17:43:29.912Z > 200 GET /api/v1/ 1443.86ms
INF 2026-08-03T17:43:29.914Z > 200 GET /api/v1/ 36.29ms
INF 2026-08-03T17:43:29.919Z > 200 GET /api/v1/ 565.81ms
INF 2026-08-03T17:43:29.926Z > 200 GET /api/v1/ 6.87ms
INF 2026-08-03T17:43:29.929Z > 200 GET /api/v1/ 1624.47ms
INF 2026-08-03T17:43:29.937Z > 200 GET /api/v1/ 680.76ms
INF 2026-08-03T17:43:29.941Z > 200 GET /api/v1/ 365.22ms
INF 2026-08-03T17:43:29.948Z > 200 GET /api/v1/ 341.03ms
INF 2026-08-03T17:43:29.948Z > 200 GET /api/v1/ 2128.63ms
INF 2026-08-03T17:43:29.964Z > 200 GET /api/v1/ 12.7ms
INF 2026-08-03T17:43:29.970Z > 200 GET /api/v1/ 224.09ms
INF 2026-08-03T17:43:29.974Z > 200 GET /api/v1/ 227.74ms
INF 2026-08-03T17:43:29.984Z > 200 GET /api/v1/ 238.24ms
INF 2026-08-03T17:43:29.988Z > 200 GET /api/v1/ 576.16ms
INF 2026-08-03T17:43:30.000Z > 200 GET /api/v1/ 8.02ms
INF 2026-08-03T17:43:30.004Z > 200 GET /api/v1/ 395.66ms
INF 2026-08-03T17:43:30.015Z > 200 GET /api/v1/ 6.87ms
INF 2026-08-03T17:43:30.019Z > 200 GET /api/v1/ 731.4ms
INF 2026-08-03T17:43:30.035Z > 200 GET /api/v1/ 7.62ms
INF 2026-08-03T17:43:30.051Z > 200 GET /api/v1/ 7.76ms
INF 2026-08-03T17:43:30.056Z > 200 GET /api/v1/ 1751.09ms
INF 2026-08-03T17:43:30.058Z > 200 GET /api/v1/ 259.03ms
INF 2026-08-03T17:43:30.062Z > 200 GET /api/v1/ 206.96ms
INF 2026-08-03T17:43:30.072Z > 200 GET /api/v1/ 8.23ms
INF 2026-08-03T17:43:30.082Z > 200 GET /api/v1/ 6.65ms
INF 2026-08-03T17:43:30.086Z > 200 GET /api/v1/ 854.53ms
INF 2026-08-03T17:43:30.093Z > 200 GET /api/v1/ 804.31ms
INF 2026-08-03T17:43:30.106Z > 200 GET /api/v1/ 6.86ms
INF 2026-08-03T17:43:30.123Z > 200 GET /api/v1/ 7.76ms
INF 2026-08-03T17:43:30.131Z > 200 GET /api/v1/ 7.78ms
INF 2026-08-03T17:43:30.141Z > 200 GET /api/v1/ 5.87ms
INF 2026-08-03T17:43:30.146Z > 200 GET /api/v1/ 1410.25ms
INF 2026-08-03T17:43:30.175Z > 200 GET /api/v1/ 27.49ms
INF 2026-08-03T17:43:30.185Z > 200 GET /api/v1/ 1686.97ms
INF 2026-08-03T17:43:30.189Z > 200 GET /api/v1/ 217.56ms
INF 2026-08-03T17:43:30.193Z > 200 GET /api/v1/ 314.59ms
INF 2026-08-03T17:43:30.194Z > 200 GET /api/v1/ 315.54ms
INF 2026-08-03T17:43:30.201Z > 200 GET /api/v1/ 248.71ms
INF 2026-08-03T17:43:30.204Z > 200 GET /api/v1/ 1599.46ms
INF 2026-08-03T17:43:30.207Z > 200 GET /api/v1/ 251.45ms
INF 2026-08-03T17:43:30.213Z > 200 GET /api/v1/ 165.01ms
INF 2026-08-03T17:43:30.213Z > 200 GET /api/v1/ 1745.12ms
INF 2026-08-03T17:43:30.225Z > 200 GET /api/v1/ 9.42ms
INF 2026-08-03T17:43:30.237Z > 200 GET /api/v1/ 9.24ms
INF 2026-08-03T17:43:30.252Z > 200 GET /api/v1/ 9.98ms
INF 2026-08-03T17:43:30.260Z > 200 GET /api/v1/ 460.39ms
INF 2026-08-03T17:43:30.269Z > 200 GET /api/v1/ 1663.13ms
INF 2026-08-03T17:43:30.273Z > 200 GET /api/v1/ 1568.96ms
INF 2026-08-03T17:43:30.276Z > 200 GET /api/v1/ 943.29ms
INF 2026-08-03T17:43:30.280Z > 200 GET /api/v1/ 1148.39ms
INF 2026-08-03T17:43:30.312Z > 200 GET /api/v1/ 31.94ms
INF 2026-08-03T17:43:30.321Z > 200 GET /api/v1/ 8.97ms
INF 2026-08-03T17:43:30.328Z > 200 GET /api/v1/ 372.61ms
INF 2026-08-03T17:43:30.331Z > 200 GET /api/v1/ 315.45ms
INF 2026-08-03T17:43:30.333Z > 200 GET /api/v1/ 233.32ms
INF 2026-08-03T17:43:30.338Z > 200 GET /api/v1/ 210.2ms
INF 2026-08-03T17:43:30.339Z > 200 GET /api/v1/ 166.33ms
INF 2026-08-03T17:43:30.344Z > 200 GET /api/v1/ 364.47ms
INF 2026-08-03T17:43:30.345Z > 200 GET /api/v1/ 545.69ms
INF 2026-08-03T17:43:30.350Z > 200 GET /api/v1/ 1504.3ms
INF 2026-08-03T17:43:30.364Z > 200 GET /api/v1/ 8.47ms
INF 2026-08-03T17:43:30.401Z > 200 GET /api/v1/ 25.56ms
INF 2026-08-03T17:43:30.413Z > 200 GET /api/v1/ 11.7ms
INF 2026-08-03T17:43:30.419Z > 200 GET /api/v1/ 161.62ms
INF 2026-08-03T17:43:30.430Z > 200 GET /api/v1/ 242.8ms
INF 2026-08-03T17:43:30.435Z > 200 GET /api/v1/ 1727.26ms
INF 2026-08-03T17:43:30.439Z > 200 GET /api/v1/ 191.04ms
INF 2026-08-03T17:43:30.442Z > 200 GET /api/v1/ 194.07ms
INF 2026-08-03T17:43:30.443Z > 200 GET /api/v1/ 201.3ms
INF 2026-08-03T17:43:30.448Z > 200 GET /api/v1/ 190.52ms
INF 2026-08-03T17:43:30.452Z > 200 GET /api/v1/ 8.19ms
INF 2026-08-03T17:43:30.464Z > 200 GET /api/v1/ 8.21ms
INF 2026-08-03T17:43:30.484Z > 200 GET /api/v1/ 11.91ms
INF 2026-08-03T17:43:30.493Z > 200 GET /api/v1/ 7.07ms
INF 2026-08-03T17:43:30.503Z > 200 GET /api/v1/ 7.51ms
INF 2026-08-03T17:43:30.515Z > 200 GET /api/v1/ 7.11ms
INF 2026-08-03T17:43:30.568Z > 200 GET /api/v1/ 244.45ms
INF 2026-08-03T17:43:30.617Z > 200 GET /api/v1/ 297.45ms
INF 2026-08-03T17:43:30.618Z > 200 GET /api/v1/ 514.67ms
INF 2026-08-03T17:43:30.697Z > 200 GET /api/v1/ 1581.6ms
INF 2026-08-03T17:43:30.701Z > 200 GET /api/v1/ 324.81ms
INF 2026-08-03T17:43:30.702Z > 200 GET /api/v1/ 1095.35ms
INF 2026-08-03T17:43:30.704Z > 200 GET /api/v1/ 1308.5ms
INF 2026-08-03T17:43:30.704Z > 200 GET /api/v1/ 532.05ms
INF 2026-08-03T17:43:30.706Z > 200 GET /api/v1/ 342.46ms
INF 2026-08-03T17:43:30.707Z > 200 GET /api/v1/ 1353.64ms
INF 2026-08-03T17:43:30.713Z > 200 GET /api/v1/ 416.4ms
INF 2026-08-03T17:43:30.716Z > 200 GET /api/v1/ 916.51ms
INF 2026-08-03T17:43:30.717Z > 200 GET /api/v1/ 401.18ms
INF 2026-08-03T17:43:30.718Z > 200 GET /api/v1/ 839.19ms
INF 2026-08-03T17:43:30.720Z > 200 GET /api/v1/ 409.65ms
INF 2026-08-03T17:43:30.721Z > 200 GET /api/v1/ 453.11ms
INF 2026-08-03T17:43:30.721Z > 200 GET /api/v1/ 340.03ms
INF 2026-08-03T17:43:30.730Z > 200 GET /api/v1/ 1428.58ms
INF 2026-08-03T17:43:30.731Z > 200 GET /api/v1/ 1348.87ms
INF 2026-08-03T17:43:30.731Z > 200 GET /api/v1/ 985.17ms
INF 2026-08-03T17:43:30.732Z > 200 GET /api/v1/ 355.84ms
INF 2026-08-03T17:43:30.733Z > 200 GET /api/v1/ 1432.56ms
INF 2026-08-03T17:43:30.734Z > 200 GET /api/v1/ 248.85ms
INF 2026-08-03T17:43:30.736Z > 200 GET /api/v1/ 328.89ms
INF 2026-08-03T17:43:30.738Z > 200 GET /api/v1/ 246.71ms
INF 2026-08-03T17:43:30.758Z > 200 GET /api/v1/ 199.47ms
INF 2026-08-03T17:43:30.761Z > 200 GET /api/v1/ 1471.85ms
INF 2026-08-03T17:43:30.761Z > 200 GET /api/v1/ 1629.88ms
INF 2026-08-03T17:43:30.773Z > 200 GET /api/v1/ 11.44ms
INF 2026-08-03T17:43:30.785Z > 200 GET /api/v1/ 9.86ms
INF 2026-08-03T17:43:30.793Z > 200 GET /api/v1/ 761.11ms
INF 2026-08-03T17:43:30.796Z > 200 GET /api/v1/ 395.78ms
INF 2026-08-03T17:43:30.798Z > 200 GET /api/v1/ 814.99ms
INF 2026-08-03T17:43:30.805Z > 200 GET /api/v1/ 1265.52ms
INF 2026-08-03T17:43:30.810Z > 200 GET /api/v1/ 10.6ms
INF 2026-08-03T17:43:30.889Z > 200 GET /api/v1/ 1010.13ms
INF 2026-08-03T17:43:30.919Z > 200 GET /api/v1/ 1009.75ms
INF 2026-08-03T17:43:30.933Z > 200 GET /api/v1/ 264.67ms
INF 2026-08-03T17:43:30.939Z > 200 GET /api/v1/ 1503.0ms
INF 2026-08-03T17:43:30.952Z > 200 GET /api/v1/ 2228.66ms
INF 2026-08-03T17:43:30.962Z > 200 GET /api/v1/ 2398.04ms
INF 2026-08-03T17:43:30.966Z > 200 GET /api/v1/ 2280.02ms
INF 2026-08-03T17:43:30.974Z > 200 GET /api/v1/ 2502.83ms
INF 2026-08-03T17:43:30.977Z > 200 GET /api/v1/ 11.24ms
INF 2026-08-03T17:43:30.983Z > 200 GET /api/v1/ 1042.91ms
INF 2026-08-03T17:43:30.985Z > 200 GET /api/v1/ 2545.37ms
INF 2026-08-03T17:43:30.986Z > 200 GET /api/v1/ 2283.13ms
INF 2026-08-03T17:43:30.986Z > 200 GET /api/v1/ 317.37ms
INF 2026-08-03T17:43:30.987Z > 200 GET /api/v1/ 2268.19ms
INF 2026-08-03T17:43:30.988Z > 200 GET /api/v1/ 2280.21ms
INF 2026-08-03T17:43:30.988Z > 200 GET /api/v1/ 2269.61ms
INF 2026-08-03T17:43:30.989Z > 200 GET /api/v1/ 997.07ms
INF 2026-08-03T17:43:30.990Z > 200 GET /api/v1/ 431.21ms
INF 2026-08-03T17:43:31.000Z > 200 GET /api/v1/ 1119.68ms
INF 2026-08-03T17:43:31.003Z > 200 GET /api/v1/ 2259.12ms
INF 2026-08-03T17:43:31.004Z > 200 GET /api/v1/ 2157.6ms
INF 2026-08-03T17:43:31.006Z > 200 GET /api/v1/ 2400.18ms
INF 2026-08-03T17:43:31.006Z > 200 GET /api/v1/ 1934.06ms
INF 2026-08-03T17:43:31.008Z > 200 GET /api/v1/ 2060.77ms
INF 2026-08-03T17:43:31.016Z > 200 GET /api/v1/ 924.29ms
INF 2026-08-03T17:43:31.020Z > 200 GET /api/v1/ 13.81ms
INF 2026-08-03T17:43:31.023Z > 200 GET /api/v1/ 6.81ms
INF 2026-08-03T17:43:31.028Z > 200 GET /api/v1/ 8.34ms
INF 2026-08-03T17:43:31.034Z > 200 GET /api/v1/ 2410.46ms
INF 2026-08-03T17:43:31.052Z > 200 GET /api/v1/ 7.94ms
INF 2026-08-03T17:43:31.059Z > 200 GET /api/v1/ 7.22ms
INF 2026-08-03T17:43:31.068Z > 200 GET /api/v1/ 8.48ms
INF 2026-08-03T17:43:31.079Z > 200 GET /api/v1/ 7.39ms
INF 2026-08-03T17:43:31.104Z > 200 GET /api/v1/ 7.92ms
INF 2026-08-03T17:43:31.131Z > 200 GET /api/v1/ 16.85ms
INF 2026-08-03T17:43:31.140Z > 200 GET /api/v1/ 1084.79ms
INF 2026-08-03T17:43:31.144Z > 200 GET /api/v1/ 368.3ms
INF 2026-08-03T17:43:31.148Z > 200 GET /api/v1/ 385.9ms
INF 2026-08-03T17:43:31.151Z > 200 GET /api/v1/ 379.17ms
INF 2026-08-03T17:43:31.155Z > 200 GET /api/v1/ 7.16ms
INF 2026-08-03T17:43:31.160Z > 200 GET /api/v1/ 412.47ms
INF 2026-08-03T17:43:31.161Z > 200 GET /api/v1/ 403.05ms
INF 2026-08-03T17:43:31.178Z > 200 GET /api/v1/ 6.77ms
INF 2026-08-03T17:43:31.192Z > 200 GET /api/v1/ 7.92ms
INF 2026-08-03T17:43:31.198Z > 200 GET /api/v1/ 6.63ms
INF 2026-08-03T17:43:31.211Z > 200 GET /api/v1/ 7.45ms
INF 2026-08-03T17:43:31.218Z > 200 GET /api/v1/ 1282.78ms
INF 2026-08-03T17:43:31.225Z > 200 GET /api/v1/ 5.85ms
INF 2026-08-03T17:43:31.243Z > 200 GET /api/v1/ 7.67ms
INF 2026-08-03T17:43:31.301Z > 200 GET /api/v1/ 49.73ms
INF 2026-08-03T17:43:31.360Z > 200 GET /api/v1/ 1128.32ms
INF 2026-08-03T17:43:31.380Z > 200 GET /api/v1/ 2264.28ms
INF 2026-08-03T17:43:31.397Z > 200 GET /api/v1/ 1429.83ms
INF 2026-08-03T17:43:31.398Z > 200 GET /api/v1/ 2230.04ms
INF 2026-08-03T17:43:31.398Z > 200 GET /api/v1/ 2326.2ms
INF 2026-08-03T17:43:31.399Z > 200 GET /api/v1/ 2233.9ms
INF 2026-08-03T17:43:31.400Z > 200 GET /api/v1/ 2143.94ms
INF 2026-08-03T17:43:31.419Z > 200 GET /api/v1/ 2299.79ms
INF 2026-08-03T17:43:31.427Z > 200 GET /api/v1/ 2138.9ms
INF 2026-08-03T17:43:31.435Z > 200 GET /api/v1/ 1423.19ms
INF 2026-08-03T17:43:31.437Z > 200 GET /api/v1/ 1193.27ms
INF 2026-08-03T17:43:31.438Z > 200 GET /api/v1/ 1037.0ms
INF 2026-08-03T17:43:31.441Z > 200 GET /api/v1/ 2193.09ms
INF 2026-08-03T17:43:31.444Z > 200 GET /api/v1/ 2256.29ms
INF 2026-08-03T17:43:31.448Z > 200 GET /api/v1/ 1568.13ms
INF 2026-08-03T17:43:31.449Z > 200 GET /api/v1/ 2261.1ms
INF 2026-08-03T17:43:31.454Z > 200 GET /api/v1/ 422.76ms
INF 2026-08-03T17:43:31.460Z > 200 GET /api/v1/ 395.73ms
INF 2026-08-03T17:43:31.465Z > 200 GET /api/v1/ 2113.66ms
INF 2026-08-03T17:43:31.496Z > 200 GET /api/v1/ 2055.59ms
INF 2026-08-03T17:43:31.517Z > 200 GET /api/v1/ 2444.37ms
INF 2026-08-03T17:43:31.570Z > 200 GET /api/v1/ 109.86ms
INF 2026-08-03T17:43:31.613Z > 200 GET /api/v1/ 116.8ms
INF 2026-08-03T17:43:31.640Z > 200 GET /api/v1/ 27.1ms
INF 2026-08-03T17:43:31.663Z > 200 GET /api/v1/ 7.03ms
INF 2026-08-03T17:43:31.687Z > 200 GET /api/v1/ 560.61ms
INF 2026-08-03T17:43:31.708Z > 200 GET /api/v1/ 2276.81ms
INF 2026-08-03T17:43:31.709Z > 200 GET /api/v1/ 633.54ms
INF 2026-08-03T17:43:31.713Z > 200 GET /api/v1/ 2331.43ms
INF 2026-08-03T17:43:31.717Z > 200 GET /api/v1/ 1839.15ms
INF 2026-08-03T17:43:31.724Z > 200 GET /api/v1/ 700.34ms
INF 2026-08-03T17:43:31.728Z > 200 GET /api/v1/ 2316.74ms
INF 2026-08-03T17:43:31.730Z > 200 GET /api/v1/ 630.66ms
INF 2026-08-03T17:43:31.732Z > 200 GET /api/v1/ 684.24ms
INF 2026-08-03T17:43:31.744Z > 200 GET /api/v1/ 743.95ms
INF 2026-08-03T17:43:31.749Z > 200 GET /api/v1/ 2367.15ms
INF 2026-08-03T17:43:31.751Z > 200 GET /api/v1/ 2462.13ms
INF 2026-08-03T17:43:31.752Z > 200 GET /api/v1/ 703.94ms
INF 2026-08-03T17:43:31.752Z > 200 GET /api/v1/ 2280.5ms
INF 2026-08-03T17:43:31.827Z > 200 GET /api/v1/ 2347.07ms
INF 2026-08-03T17:43:31.827Z > 200 GET /api/v1/ 1947.46ms
INF 2026-08-03T17:43:31.828Z > 200 GET /api/v1/ 2319.82ms
INF 2026-08-03T17:43:31.828Z > 200 GET /api/v1/ 2461.92ms
INF 2026-08-03T17:43:31.829Z > 200 GET /api/v1/ 801.36ms
INF 2026-08-03T17:43:31.830Z > 200 GET /api/v1/ 1370.4ms
INF 2026-08-03T17:43:31.831Z > 200 GET /api/v1/ 1645.19ms
INF 2026-08-03T17:43:31.836Z > 200 GET /api/v1/ 83.77ms
INF 2026-08-03T17:43:31.845Z > 200 GET /api/v1/ 781.33ms
INF 2026-08-03T17:43:31.847Z > 200 GET /api/v1/ 1991.69ms
INF 2026-08-03T17:43:31.847Z > 200 GET /api/v1/ 1968.76ms
INF 2026-08-03T17:43:31.874Z > 200 GET /api/v1/ 1996.2ms
INF 2026-08-03T17:43:31.875Z > 200 GET /api/v1/ 2267.01ms
INF 2026-08-03T17:43:31.876Z > 200 GET /api/v1/ 2324.43ms
INF 2026-08-03T17:43:31.877Z > 200 GET /api/v1/ 637.84ms
INF 2026-08-03T17:43:31.880Z > 200 GET /api/v1/ 2443.91ms
INF 2026-08-03T17:43:31.885Z > 200 GET /api/v1/ 853.53ms
INF 2026-08-03T17:43:31.888Z > 200 GET /api/v1/ 8.79ms
INF 2026-08-03T17:43:31.899Z > 200 GET /api/v1/ 7.7ms
INF 2026-08-03T17:43:31.911Z > 200 GET /api/v1/ 1260.71ms
INF 2026-08-03T17:43:31.924Z > 200 GET /api/v1/ 7.98ms
INF 2026-08-03T17:43:31.930Z > 200 GET /api/v1/ 6.79ms
INF 2026-08-03T17:43:31.939Z > 200 GET /api/v1/ 7.18ms
INF 2026-08-03T17:43:31.949Z > 200 GET /api/v1/ 9.77ms
INF 2026-08-03T17:43:31.963Z > 200 GET /api/v1/ 7.86ms
INF 2026-08-03T17:43:31.968Z > 200 GET /api/v1/ 528.4ms
INF 2026-08-03T17:43:31.976Z > 200 GET /api/v1/ 8.11ms
INF 2026-08-03T17:43:31.978Z > 200 GET /api/v1/ 427.94ms
INF 2026-08-03T17:43:31.988Z > 200 GET /api/v1/ 8.82ms
INF 2026-08-03T17:43:31.999Z > 200 GET /api/v1/ 7.37ms
INF 2026-08-03T17:43:32.006Z > 200 GET /api/v1/ 1523.02ms
INF 2026-08-03T17:43:32.015Z > 200 GET /api/v1/ 7.92ms
INF 2026-08-03T17:43:32.016Z > 200 GET /api/v1/ 1540.33ms
INF 2026-08-03T17:43:32.064Z > 200 GET /api/v1/ 44.23ms
INF 2026-08-03T17:43:32.115Z > 200 GET /api/v1/ 7.49ms
INF 2026-08-03T17:43:32.265Z > 200 GET /api/v1/ 988.99ms
INF 2026-08-03T17:43:32.502Z > 200 GET /api/v1/ 675.84ms
INF 2026-08-03T17:43:32.506Z > 200 GET /api/v1/ 445.15ms
INF 2026-08-03T17:43:32.512Z > 200 GET /api/v1/ 1754.65ms
INF 2026-08-03T17:43:32.513Z > 200 GET /api/v1/ 1747.38ms
INF 2026-08-03T17:43:32.515Z > 200 GET /api/v1/ 1486.87ms
INF 2026-08-03T17:43:32.517Z > 200 GET /api/v1/ 1469.38ms
INF 2026-08-03T17:43:32.518Z > 200 GET /api/v1/ 1534.15ms
INF 2026-08-03T17:43:32.521Z > 200 GET /api/v1/ 643.99ms
INF 2026-08-03T17:43:32.521Z > 200 GET /api/v1/ 1745.33ms
INF 2026-08-03T17:43:32.524Z > 200 GET /api/v1/ 646.77ms
INF 2026-08-03T17:43:32.526Z > 200 GET /api/v1/ 1656.19ms
INF 2026-08-03T17:43:32.528Z > 200 GET /api/v1/ 974.59ms
INF 2026-08-03T17:43:32.529Z > 200 GET /api/v1/ 1497.74ms
INF 2026-08-03T17:43:32.534Z > 200 GET /api/v1/ 1090.49ms
INF 2026-08-03T17:43:32.537Z > 200 GET /api/v1/ 649.01ms
INF 2026-08-03T17:43:32.542Z > 200 GET /api/v1/ 1566.71ms
INF 2026-08-03T17:43:32.543Z > 200 GET /api/v1/ 1515.51ms
INF 2026-08-03T17:43:32.544Z > 200 GET /api/v1/ 667.59ms
INF 2026-08-03T17:43:32.548Z > 200 GET /api/v1/ 659.99ms
INF 2026-08-03T17:43:32.549Z > 200 GET /api/v1/ 723.47ms
INF 2026-08-03T17:43:32.553Z > 200 GET /api/v1/ 491.61ms
INF 2026-08-03T17:43:32.562Z > 200 GET /api/v1/ 14.28ms
INF 2026-08-03T17:43:32.564Z > 200 GET /api/v1/ 738.08ms
INF 2026-08-03T17:43:32.571Z > 200 GET /api/v1/ 7.09ms
INF 2026-08-03T17:43:32.621Z > 200 GET /api/v1/ 701.31ms
INF 2026-08-03T17:43:32.627Z > 200 GET /api/v1/ 800.78ms
INF 2026-08-03T17:43:32.632Z > 200 GET /api/v1/ 1828.36ms
INF 2026-08-03T17:43:32.633Z > 200 GET /api/v1/ 1867.54ms
INF 2026-08-03T17:43:32.642Z > 200 GET /api/v1/ 1861.54ms
INF 2026-08-03T17:43:32.645Z > 200 GET /api/v1/ 818.59ms
INF 2026-08-03T17:43:32.648Z > 200 GET /api/v1/ 1224.11ms
INF 2026-08-03T17:43:32.768Z > 200 GET /api/v1/ 2209.55ms
INF 2026-08-03T17:43:32.769Z > 200 GET /api/v1/ 749.26ms
INF 2026-08-03T17:43:32.782Z > 200 GET /api/v1/ 889.98ms
INF 2026-08-03T17:43:32.782Z > 200 GET /api/v1/ 2024.82ms
INF 2026-08-03T17:43:32.783Z > 200 GET /api/v1/ 1823.54ms
INF 2026-08-03T17:43:32.783Z > 200 GET /api/v1/ 1233.94ms
INF 2026-08-03T17:43:32.784Z > 200 GET /api/v1/ 1287.62ms
INF 2026-08-03T17:43:32.785Z > 200 GET /api/v1/ 1753.19ms
INF 2026-08-03T17:43:32.788Z > 200 GET /api/v1/ 1954.29ms
INF 2026-08-03T17:43:32.790Z > 200 GET /api/v1/ 218.24ms
INF 2026-08-03T17:43:32.791Z > 200 GET /api/v1/ 1952.62ms
INF 2026-08-03T17:43:32.791Z > 200 GET /api/v1/ 1087.39ms
INF 2026-08-03T17:43:32.793Z > 200 GET /api/v1/ 1749.73ms
INF 2026-08-03T17:43:32.794Z > 200 GET /api/v1/ 2035.7ms
INF 2026-08-03T17:43:32.796Z > 200 GET /api/v1/ 1282.96ms
INF 2026-08-03T17:43:32.804Z > 200 GET /api/v1/ 2023.47ms
INF 2026-08-03T17:43:32.805Z > 200 GET /api/v1/ 1512.32ms
INF 2026-08-03T17:43:32.808Z > 200 GET /api/v1/ 981.96ms
INF 2026-08-03T17:43:32.809Z > 200 GET /api/v1/ 796.83ms
INF 2026-08-03T17:43:32.810Z > 200 GET /api/v1/ 983.76ms
INF 2026-08-03T17:43:32.827Z > 200 GET /api/v1/ 950.48ms
INF 2026-08-03T17:43:32.828Z > 200 GET /api/v1/ 1100.34ms
INF 2026-08-03T17:43:32.838Z > 200 GET /api/v1/ 1646.12ms
INF 2026-08-03T17:43:32.839Z > 200 GET /api/v1/ 1155.16ms
INF 2026-08-03T17:43:32.839Z > 200 GET /api/v1/ 867.68ms
INF 2026-08-03T17:43:32.840Z > 200 GET /api/v1/ 963.13ms
INF 2026-08-03T17:43:32.841Z > 200 GET /api/v1/ 780.09ms
INF 2026-08-03T17:43:32.855Z > 200 GET /api/v1/ 1342.02ms
INF 2026-08-03T17:43:32.855Z > 200 GET /api/v1/ 978.54ms
INF 2026-08-03T17:43:32.856Z > 200 GET /api/v1/ 650.55ms
INF 2026-08-03T17:43:32.869Z > 200 GET /api/v1/ 1372.52ms
INF 2026-08-03T17:43:32.872Z > 200 GET /api/v1/ 1268.37ms
INF 2026-08-03T17:43:32.873Z > 200 GET /api/v1/ 1120.46ms
INF 2026-08-03T17:43:32.873Z > 200 GET /api/v1/ 1433.38ms
INF 2026-08-03T17:43:32.873Z > 200 GET /api/v1/ 1047.61ms
INF 2026-08-03T17:43:32.875Z > 200 GET /api/v1/ 2316.6ms
INF 2026-08-03T17:43:32.885Z > 200 GET /api/v1/ 1445.62ms
INF 2026-08-03T17:43:32.887Z > 200 GET /api/v1/ 2115.13ms
INF 2026-08-03T17:43:32.887Z > 200 GET /api/v1/ 1010.57ms
INF 2026-08-03T17:43:32.888Z > 200 GET /api/v1/ 1692.52ms
INF 2026-08-03T17:43:32.889Z > 200 GET /api/v1/ 827.85ms
INF 2026-08-03T17:43:32.889Z > 200 GET /api/v1/ 1063.59ms
INF 2026-08-03T17:43:32.890Z > 200 GET /api/v1/ 2006.63ms
INF 2026-08-03T17:43:32.890Z > 200 GET /api/v1/ 1450.72ms
INF 2026-08-03T17:43:32.891Z > 200 GET /api/v1/ 1065.64ms
INF 2026-08-03T17:43:32.892Z > 200 GET /api/v1/ 2134.58ms
INF 2026-08-03T17:43:32.892Z > 200 GET /api/v1/ 1864.85ms
INF 2026-08-03T17:43:32.893Z > 200 GET /api/v1/ 1396.28ms
INF 2026-08-03T17:43:32.894Z > 200 GET /api/v1/ 2090.01ms
INF 2026-08-03T17:43:32.894Z > 200 GET /api/v1/ 2512.94ms
INF 2026-08-03T17:43:32.894Z > 200 GET /api/v1/ 833.28ms
INF 2026-08-03T17:43:32.895Z > 200 GET /api/v1/ 1691.37ms
INF 2026-08-03T17:43:32.929Z > 200 GET /api/v1/ 1001.32ms
INF 2026-08-03T17:43:32.930Z > 200 GET /api/v1/ 1103.71ms
INF 2026-08-03T17:43:32.930Z > 200 GET /api/v1/ 1995.28ms
INF 2026-08-03T17:43:32.930Z > 200 GET /api/v1/ 2168.78ms
INF 2026-08-03T17:43:32.941Z > 200 GET /api/v1/ 2057.75ms
INF 2026-08-03T17:43:32.942Z > 200 GET /api/v1/ 1584.04ms
INF 2026-08-03T17:43:32.942Z > 200 GET /api/v1/ 1022.46ms
INF 2026-08-03T17:43:32.942Z > 200 GET /api/v1/ 2184.84ms
INF 2026-08-03T17:43:32.943Z > 200 GET /api/v1/ 1446.51ms
INF 2026-08-03T17:43:32.943Z > 200 GET /api/v1/ 2185.95ms
INF 2026-08-03T17:43:32.944Z > 200 GET /api/v1/ 2178.51ms
INF 2026-08-03T17:43:32.945Z > 200 GET /api/v1/ 2075.73ms
INF 2026-08-03T17:43:32.946Z > 200 GET /api/v1/ 2174.15ms
INF 2026-08-03T17:43:32.946Z > 200 GET /api/v1/ 1433.56ms
INF 2026-08-03T17:43:32.947Z > 200 GET /api/v1/ 1434.65ms
INF 2026-08-03T17:43:32.948Z > 200 GET /api/v1/ 1532.09ms
INF 2026-08-03T17:43:32.948Z > 200 GET /api/v1/ 1672.29ms
INF 2026-08-03T17:43:32.950Z > 200 GET /api/v1/ 2116.56ms
INF 2026-08-03T17:43:32.958Z > 200 GET /api/v1/ 1770.14ms
INF 2026-08-03T17:43:33.015Z > 200 GET /api/v1/ 174.69ms
INF 2026-08-03T17:43:33.022Z > 200 GET /api/v1/ 63.81ms
INF 2026-08-03T17:43:33.060Z > 200 GET /api/v1/ 504.06ms
INF 2026-08-03T17:43:33.071Z > 200 GET /api/v1/ 7.8ms
INF 2026-08-03T17:43:33.074Z > 200 GET /api/v1/ 506.64ms
INF 2026-08-03T17:43:33.080Z > 200 GET /api/v1/ 504.26ms
INF 2026-08-03T17:43:33.085Z > 200 GET /api/v1/ 525.86ms
INF 2026-08-03T17:43:33.112Z > 200 GET /api/v1/ 8.38ms
INF 2026-08-03T17:43:33.123Z > 200 GET /api/v1/ 7.56ms
INF 2026-08-03T17:43:33.127Z > 200 GET /api/v1/ 567.62ms
INF 2026-08-03T17:43:33.133Z > 200 GET /api/v1/ 577.37ms
INF 2026-08-03T17:43:33.135Z > 200 GET /api/v1/ 7.32ms
INF 2026-08-03T17:43:33.140Z > 200 GET /api/v1/ 596.15ms
INF 2026-08-03T17:43:33.140Z > 200 GET /api/v1/ 672.27ms
INF 2026-08-03T17:43:33.162Z > 200 GET /api/v1/ 6.86ms
INF 2026-08-03T17:43:33.173Z > 200 GET /api/v1/ 6.64ms
INF 2026-08-03T17:43:33.184Z > 200 GET /api/v1/ 7.98ms
INF 2026-08-03T17:43:33.198Z > 200 GET /api/v1/ 14.14ms
INF 2026-08-03T17:43:33.201Z > 200 GET /api/v1/ 621.07ms
INF 2026-08-03T17:43:33.206Z > 200 GET /api/v1/ 634.86ms
INF 2026-08-03T17:43:33.207Z > 200 GET /api/v1/ 623.2ms
INF 2026-08-03T17:43:33.212Z > 200 GET /api/v1/ 8.17ms
INF 2026-08-03T17:43:33.220Z > 200 GET /api/v1/ 608.01ms
INF 2026-08-03T17:43:33.225Z > 200 GET /api/v1/ 703.53ms
INF 2026-08-03T17:43:33.235Z > 200 GET /api/v1/ 642.97ms
INF 2026-08-03T17:43:33.243Z > 200 GET /api/v1/ 675.72ms
INF 2026-08-03T17:43:33.251Z > 200 GET /api/v1/ 7.87ms
INF 2026-08-03T17:43:33.258Z > 200 GET /api/v1/ 654.06ms
INF 2026-08-03T17:43:33.262Z > 200 GET /api/v1/ 654.45ms
INF 2026-08-03T17:43:33.271Z > 200 GET /api/v1/ 7.08ms
INF 2026-08-03T17:43:33.282Z > 200 GET /api/v1/ 6.56ms
INF 2026-08-03T17:43:33.291Z > 200 GET /api/v1/ 7.16ms
INF 2026-08-03T17:43:33.298Z > 200 GET /api/v1/ 6.47ms
INF 2026-08-03T17:43:33.307Z > 200 GET /api/v1/ 7.6ms
INF 2026-08-03T17:43:33.319Z > 200 GET /api/v1/ 7.5ms
INF 2026-08-03T17:43:33.331Z > 200 GET /api/v1/ 7.29ms
INF 2026-08-03T17:43:33.338Z > 200 GET /api/v1/ 6.68ms
INF 2026-08-03T17:43:33.346Z > 200 GET /api/v1/ 6.98ms
INF 2026-08-03T17:43:33.355Z > 200 GET /api/v1/ 7.14ms
INF 2026-08-03T17:43:33.366Z > 200 GET /api/v1/ 6.9ms
INF 2026-08-03T17:43:33.378Z > 200 GET /api/v1/ 6.59ms
INF 2026-08-03T17:43:33.518Z > 200 GET /api/v1/ 138.0ms
INF 2026-08-03T17:43:33.569Z > 200 GET /api/v1/ 9.14ms
INF 2026-08-03T17:43:33.573Z > 200 GET /api/v1/ 752.25ms
INF 2026-08-03T17:43:33.576Z > 200 GET /api/v1/ 1020.06ms
INF 2026-08-03T17:43:33.579Z > 200 GET /api/v1/ 563.48ms
INF 2026-08-03T17:43:33.641Z > 200 GET /api/v1/ 624.69ms
INF 2026-08-03T17:43:33.642Z > 200 GET /api/v1/ 860.67ms
INF 2026-08-03T17:43:33.643Z > 200 GET /api/v1/ 1055.22ms
INF 2026-08-03T17:43:33.682Z > 200 GET /api/v1/ 666.46ms
INF 2026-08-03T17:43:33.751Z > 200 GET /api/v1/ 738.18ms
INF 2026-08-03T17:43:33.752Z > 200 GET /api/v1/ 821.28ms
INF 2026-08-03T17:43:33.762Z > 200 GET /api/v1/ 804.15ms
INF 2026-08-03T17:43:33.780Z > 200 GET /api/v1/ 822.13ms
INF 2026-08-03T17:43:33.791Z > 200 GET /api/v1/ 775.4ms
INF 2026-08-03T17:43:33.796Z > 200 GET /api/v1/ 153.91ms
INF 2026-08-03T17:43:33.808Z > 200 GET /api/v1/ 792.12ms
INF 2026-08-03T17:43:33.812Z > 200 GET /api/v1/ 1227.7ms
INF 2026-08-03T17:43:33.844Z > 200 GET /api/v1/ 828.41ms
INF 2026-08-03T17:43:33.845Z > 200 GET /api/v1/ 829.66ms
INF 2026-08-03T17:43:33.865Z > 200 GET /api/v1/ 69.38ms
INF 2026-08-03T17:43:33.871Z > 200 GET /api/v1/ 228.88ms
INF 2026-08-03T17:43:33.872Z > 200 GET /api/v1/ 230.69ms
INF 2026-08-03T17:43:33.891Z > 200 GET /api/v1/ 427.65ms
INF 2026-08-03T17:43:33.892Z > 200 GET /api/v1/ 249.74ms
INF 2026-08-03T17:43:33.892Z > 200 GET /api/v1/ 428.87ms
INF 2026-08-03T17:43:33.895Z > 200 GET /api/v1/ 50.06ms
INF 2026-08-03T17:43:33.901Z > 200 GET /api/v1/ 1080.71ms
INF 2026-08-03T17:43:33.964Z > 200 GET /api/v1/ 1123.83ms
INF 2026-08-03T17:43:33.965Z > 200 GET /api/v1/ 241.95ms
INF 2026-08-03T17:43:33.965Z > 200 GET /api/v1/ 1089.68ms
INF 2026-08-03T17:43:33.966Z > 200 GET /api/v1/ 749.54ms
INF 2026-08-03T17:43:33.989Z > 200 GET /api/v1/ 1031.42ms
INF 2026-08-03T17:43:34.004Z > 200 GET /api/v1/ 38.82ms
INF 2026-08-03T17:43:34.005Z > 200 GET /api/v1/ 282.17ms
INF 2026-08-03T17:43:34.005Z > 200 GET /api/v1/ 282.64ms
INF 2026-08-03T17:43:34.015Z > 200 GET /api/v1/ 7.48ms
INF 2026-08-03T17:43:34.025Z > 200 GET /api/v1/ 785.16ms
INF 2026-08-03T17:43:34.029Z > 200 GET /api/v1/ 1175.57ms
INF 2026-08-03T17:43:34.039Z > 200 GET /api/v1/ 1185.01ms
INF 2026-08-03T17:43:34.043Z > 200 GET /api/v1/ 1084.74ms
INF 2026-08-03T17:43:34.047Z > 200 GET /api/v1/ 1031.47ms
INF 2026-08-03T17:43:34.048Z > 200 GET /api/v1/ 1194.67ms
INF 2026-08-03T17:43:34.049Z > 200 GET /api/v1/ 311.59ms
INF 2026-08-03T17:43:34.051Z > 200 GET /api/v1/ 1106.33ms
INF 2026-08-03T17:43:34.051Z > 200 GET /api/v1/ 1120.26ms
INF 2026-08-03T17:43:34.052Z > 200 GET /api/v1/ 1181.98ms
INF 2026-08-03T17:43:34.053Z > 200 GET /api/v1/ 1272.07ms
INF 2026-08-03T17:43:34.059Z > 200 GET /api/v1/ 11.19ms
INF 2026-08-03T17:43:34.066Z > 200 GET /api/v1/ 6.92ms
INF 2026-08-03T17:43:34.075Z > 200 GET /api/v1/ 7.91ms
INF 2026-08-03T17:43:34.087Z > 200 GET /api/v1/ 7.5ms
INF 2026-08-03T17:43:34.095Z > 200 GET /api/v1/ 7.07ms
INF 2026-08-03T17:43:34.105Z > 200 GET /api/v1/ 9.59ms
INF 2026-08-03T17:43:34.107Z > 200 GET /api/v1/ 213.28ms
INF 2026-08-03T17:43:34.108Z > 200 GET /api/v1/ 214.85ms
INF 2026-08-03T17:43:34.128Z > 200 GET /api/v1/ 8.63ms
INF 2026-08-03T17:43:34.136Z > 200 GET /api/v1/ 7.37ms
INF 2026-08-03T17:43:34.143Z > 200 GET /api/v1/ 1302.7ms
INF 2026-08-03T17:43:34.155Z > 200 GET /api/v1/ 7.27ms
INF 2026-08-03T17:43:34.175Z > 200 GET /api/v1/ 1158.99ms
INF 2026-08-03T17:43:34.186Z > 200 GET /api/v1/ 6.86ms
INF 2026-08-03T17:43:34.213Z > 200 GET /api/v1/ 17.35ms
INF 2026-08-03T17:43:34.223Z > 200 GET /api/v1/ 7.17ms
INF 2026-08-03T17:43:34.229Z > 200 GET /api/v1/ 220.98ms
INF 2026-08-03T17:43:34.231Z > 200 GET /api/v1/ 290.91ms
INF 2026-08-03T17:43:34.233Z > 200 GET /api/v1/ 292.77ms
INF 2026-08-03T17:43:34.240Z > 200 GET /api/v1/ 148.59ms
INF 2026-08-03T17:43:34.252Z > 200 GET /api/v1/ 311.71ms
INF 2026-08-03T17:43:34.259Z > 200 GET /api/v1/ 6.9ms
INF 2026-08-03T17:43:34.264Z > 200 GET /api/v1/ 172.87ms
INF 2026-08-03T17:43:34.284Z > 200 GET /api/v1/ 7.99ms
INF 2026-08-03T17:43:34.291Z > 200 GET /api/v1/ 7.02ms
INF 2026-08-03T17:43:34.306Z > 200 GET /api/v1/ 461.48ms
INF 2026-08-03T17:43:34.314Z > 200 GET /api/v1/ 1383.29ms
INF 2026-08-03T17:43:34.337Z > 200 GET /api/v1/ 9.28ms
INF 2026-08-03T17:43:34.357Z > 200 GET /api/v1/ 8.55ms
INF 2026-08-03T17:43:34.374Z > 200 GET /api/v1/ 222.88ms
INF 2026-08-03T17:43:34.378Z > 200 GET /api/v1/ 294.2ms
INF 2026-08-03T17:43:34.381Z > 200 GET /api/v1/ 333.14ms
INF 2026-08-03T17:43:34.385Z > 200 GET /api/v1/ 201.63ms
INF 2026-08-03T17:43:34.386Z > 200 GET /api/v1/ 338.44ms
INF 2026-08-03T17:43:34.408Z > 200 GET /api/v1/ 8.19ms
INF 2026-08-03T17:43:34.419Z > 200 GET /api/v1/ 1163.25ms
INF 2026-08-03T17:43:34.427Z > 200 GET /api/v1/ 7.96ms
INF 2026-08-03T17:43:34.435Z > 200 GET /api/v1/ 7.47ms
INF 2026-08-03T17:43:34.437Z > 200 GET /api/v1/ 497.43ms
INF 2026-08-03T17:43:34.459Z > 200 GET /api/v1/ 7.7ms
INF 2026-08-03T17:43:34.468Z > 200 GET /api/v1/ 8.72ms
INF 2026-08-03T17:43:34.497Z > 200 GET /api/v1/ 23.31ms
INF 2026-08-03T17:43:34.501Z > 200 GET /api/v1/ 201.12ms
INF 2026-08-03T17:43:34.510Z > 200 GET /api/v1/ 1334.24ms
INF 2026-08-03T17:43:34.515Z > 200 GET /api/v1/ 251.01ms
INF 2026-08-03T17:43:34.521Z > 200 GET /api/v1/ 189.39ms
INF 2026-08-03T17:43:34.522Z > 200 GET /api/v1/ 350.4ms
INF 2026-08-03T17:43:34.525Z > 200 GET /api/v1/ 169.48ms
INF 2026-08-03T17:43:34.530Z > 200 GET /api/v1/ 218.45ms
INF 2026-08-03T17:43:34.546Z > 200 GET /api/v1/ 6.82ms
INF 2026-08-03T17:43:34.563Z > 200 GET /api/v1/ 9.03ms
INF 2026-08-03T17:43:34.569Z > 200 GET /api/v1/ 1787.92ms
INF 2026-08-03T17:43:34.571Z > 200 GET /api/v1/ 7.76ms
INF 2026-08-03T17:43:34.579Z > 200 GET /api/v1/ 7.68ms
INF 2026-08-03T17:43:34.583Z > 200 GET /api/v1/ 575.41ms
INF 2026-08-03T17:43:34.588Z > 200 GET /api/v1/ 1320.42ms
INF 2026-08-03T17:43:34.597Z > 200 GET /api/v1/ 8.77ms
INF 2026-08-03T17:43:34.611Z > 200 GET /api/v1/ 7.17ms
INF 2026-08-03T17:43:34.635Z > 200 GET /api/v1/ 21.92ms
INF 2026-08-03T17:43:34.648Z > 200 GET /api/v1/ 1480.67ms
INF 2026-08-03T17:43:34.664Z > 200 GET /api/v1/ 872.27ms
INF 2026-08-03T17:43:34.668Z > 200 GET /api/v1/ 2076.12ms
INF 2026-08-03T17:43:34.671Z > 200 GET /api/v1/ 1727.3ms
INF 2026-08-03T17:43:34.677Z > 200 GET /api/v1/ 1837.16ms
INF 2026-08-03T17:43:34.679Z > 200 GET /api/v1/ 1825.73ms
INF 2026-08-03T17:43:34.681Z > 200 GET /api/v1/ 1810.92ms
INF 2026-08-03T17:43:34.714Z > 200 GET /api/v1/ 1933.77ms
INF 2026-08-03T17:43:34.726Z > 200 GET /api/v1/ 1767.8ms
INF 2026-08-03T17:43:34.746Z > 200 GET /api/v1/ 1787.94ms
INF 2026-08-03T17:43:34.776Z > 200 GET /api/v1/ 704.03ms
INF 2026-08-03T17:43:34.886Z > 200 GET /api/v1/ 160.09ms
INF 2026-08-03T17:43:35.029Z > 200 GET /api/v1/ 2085.0ms
INF 2026-08-03T17:43:35.060Z > 200 GET /api/v1/ 2129.18ms
INF 2026-08-03T17:43:35.065Z > 200 GET /api/v1/ 2283.9ms
INF 2026-08-03T17:43:35.065Z > 200 GET /api/v1/ 2284.59ms
INF 2026-08-03T17:43:35.066Z > 200 GET /api/v1/ 2050.15ms
INF 2026-08-03T17:43:35.069Z > 200 GET /api/v1/ 2053.69ms
INF 2026-08-03T17:43:35.070Z > 200 GET /api/v1/ 2125.58ms
INF 2026-08-03T17:43:35.070Z > 200 GET /api/v1/ 2112.02ms
INF 2026-08-03T17:43:35.086Z > 200 GET /api/v1/ 2141.7ms
INF 2026-08-03T17:43:35.099Z > 200 GET /api/v1/ 2318.06ms
INF 2026-08-03T17:43:35.102Z > 200 GET /api/v1/ 2088.59ms
INF 2026-08-03T17:43:35.103Z > 200 GET /api/v1/ 2086.74ms
INF 2026-08-03T17:43:35.104Z > 200 GET /api/v1/ 2159.7ms
INF 2026-08-03T17:43:35.115Z > 200 GET /api/v1/ 2244.73ms
INF 2026-08-03T17:43:35.116Z > 200 GET /api/v1/ 2099.96ms
INF 2026-08-03T17:43:35.117Z > 200 GET /api/v1/ 2158.59ms
INF 2026-08-03T17:43:35.119Z > 200 GET /api/v1/ 2161.14ms
INF 2026-08-03T17:43:35.120Z > 200 GET /api/v1/ 1996.37ms
INF 2026-08-03T17:43:35.120Z > 200 GET /api/v1/ 2280.25ms
INF 2026-08-03T17:43:35.129Z > 200 GET /api/v1/ 2198.21ms
INF 2026-08-03T17:43:35.130Z > 200 GET /api/v1/ 2113.93ms
INF 2026-08-03T17:43:35.130Z > 200 GET /api/v1/ 2185.71ms
INF 2026-08-03T17:43:35.130Z > 200 GET /api/v1/ 2115.2ms
INF 2026-08-03T17:43:35.131Z > 200 GET /api/v1/ 2244.91ms
INF 2026-08-03T17:43:35.132Z > 200 GET /api/v1/ 1668.22ms
INF 2026-08-03T17:43:35.132Z > 200 GET /api/v1/ 2187.32ms
INF 2026-08-03T17:43:35.133Z > 200 GET /api/v1/ 2242.05ms
INF 2026-08-03T17:43:35.133Z > 200 GET /api/v1/ 2293.25ms
INF 2026-08-03T17:43:35.134Z > 200 GET /api/v1/ 1906.15ms
INF 2026-08-03T17:43:35.134Z > 200 GET /api/v1/ 2189.87ms
INF 2026-08-03T17:43:35.135Z > 200 GET /api/v1/ 1886.9ms
INF 2026-08-03T17:43:35.135Z > 200 GET /api/v1/ 2019.64ms
INF 2026-08-03T17:43:35.146Z > 200 GET /api/v1/ 2089.03ms
INF 2026-08-03T17:43:35.146Z > 200 GET /api/v1/ 533.3ms
INF 2026-08-03T17:43:35.147Z > 200 GET /api/v1/ 2276.71ms
INF 2026-08-03T17:43:35.148Z > 200 GET /api/v1/ 2277.46ms
INF 2026-08-03T17:43:35.148Z > 200 GET /api/v1/ 2190.33ms
INF 2026-08-03T17:43:35.149Z > 200 GET /api/v1/ 1965.24ms
INF 2026-08-03T17:43:35.150Z > 200 GET /api/v1/ 1901.9ms
INF 2026-08-03T17:43:35.150Z > 200 GET /api/v1/ 2554.54ms
INF 2026-08-03T17:43:35.151Z > 200 GET /api/v1/ 1847.0ms
INF 2026-08-03T17:43:35.151Z > 200 GET /api/v1/ 2207.53ms
INF 2026-08-03T17:43:35.163Z > 200 GET /api/v1/ 1699.65ms
INF 2026-08-03T17:43:35.164Z > 200 GET /api/v1/ 2309.66ms
INF 2026-08-03T17:43:35.164Z > 200 GET /api/v1/ 2148.66ms
INF 2026-08-03T17:43:35.165Z > 200 GET /api/v1/ 597.51ms
INF 2026-08-03T17:43:35.165Z > 200 GET /api/v1/ 2207.19ms
INF 2026-08-03T17:43:35.166Z > 200 GET /api/v1/ 738.53ms
INF 2026-08-03T17:43:35.167Z > 200 GET /api/v1/ 2222.36ms
INF 2026-08-03T17:43:35.167Z > 200 GET /api/v1/ 2379.18ms
INF 2026-08-03T17:43:35.168Z > 200 GET /api/v1/ 2152.22ms
INF 2026-08-03T17:43:35.180Z > 200 GET /api/v1/ 2235.06ms
INF 2026-08-03T17:43:35.180Z > 200 GET /api/v1/ 1088.48ms
INF 2026-08-03T17:43:35.181Z > 200 GET /api/v1/ 2165.17ms
INF 2026-08-03T17:43:35.182Z > 200 GET /api/v1/ 1090.53ms
INF 2026-08-03T17:43:35.213Z > 200 GET /api/v1/ 486.49ms
INF 2026-08-03T17:43:35.252Z > 200 GET /api/v1/ 762.04ms
INF 2026-08-03T17:43:35.253Z > 200 GET /api/v1/ 428.2ms
INF 2026-08-03T17:43:35.254Z > 200 GET /api/v1/ 1114.47ms
INF 2026-08-03T17:43:35.255Z > 200 GET /api/v1/ 1399.14ms
INF 2026-08-03T17:43:35.258Z > 200 GET /api/v1/ 1413.24ms
INF 2026-08-03T17:43:35.259Z > 200 GET /api/v1/ 371.67ms
INF 2026-08-03T17:43:35.260Z > 200 GET /api/v1/ 79.29ms
INF 2026-08-03T17:43:35.273Z > 200 GET /api/v1/ 278.13ms
INF 2026-08-03T17:43:35.276Z > 200 GET /api/v1/ 1335.3ms
INF 2026-08-03T17:43:35.281Z > 200 GET /api/v1/ 1340.8ms
INF 2026-08-03T17:43:35.297Z > 200 GET /api/v1/ 1453.81ms
INF 2026-08-03T17:43:35.301Z > 200 GET /api/v1/ 921.6ms
INF 2026-08-03T17:43:35.310Z > 200 GET /api/v1/ 423.66ms
INF 2026-08-03T17:43:35.327Z > 200 GET /api/v1/ 1219.12ms
INF 2026-08-03T17:43:35.338Z > 200 GET /api/v1/ 9.38ms
INF 2026-08-03T17:43:35.347Z > 200 GET /api/v1/ 7.95ms
INF 2026-08-03T17:43:35.359Z > 200 GET /api/v1/ 7.52ms
INF 2026-08-03T17:43:35.364Z > 200 GET /api/v1/ 152.36ms
INF 2026-08-03T17:43:35.366Z > 200 GET /api/v1/ 154.58ms
INF 2026-08-03T17:43:35.367Z > 200 GET /api/v1/ 1137.66ms
INF 2026-08-03T17:43:35.495Z > 200 GET /api/v1/ 127.62ms
INF 2026-08-03T17:43:35.519Z > 200 GET /api/v1/ 1371.42ms
INF 2026-08-03T17:43:35.528Z > 200 GET /api/v1/ 1428.37ms
INF 2026-08-03T17:43:35.565Z > 200 GET /api/v1/ 22.85ms
INF 2026-08-03T17:43:35.572Z > 200 GET /api/v1/ 388.62ms
INF 2026-08-03T17:43:35.578Z > 200 GET /api/v1/ 328.68ms
INF 2026-08-03T17:43:35.580Z > 200 GET /api/v1/ 396.89ms
INF 2026-08-03T17:43:35.581Z > 200 GET /api/v1/ 8.85ms
INF 2026-08-03T17:43:35.584Z > 200 GET /api/v1/ 465.22ms
INF 2026-08-03T17:43:35.594Z > 200 GET /api/v1/ 432.2ms
INF 2026-08-03T17:43:35.598Z > 200 GET /api/v1/ 384.45ms
INF 2026-08-03T17:43:35.600Z > 200 GET /api/v1/ 417.08ms
INF 2026-08-03T17:43:35.602Z > 200 GET /api/v1/ 875.87ms
INF 2026-08-03T17:43:35.603Z > 200 GET /api/v1/ 389.24ms
INF 2026-08-03T17:43:35.604Z > 200 GET /api/v1/ 308.63ms
INF 2026-08-03T17:43:35.608Z > 200 GET /api/v1/ 489.26ms
INF 2026-08-03T17:43:35.615Z > 200 GET /api/v1/ 6.97ms
INF 2026-08-03T17:43:35.623Z > 200 GET /api/v1/ 7.65ms
INF 2026-08-03T17:43:35.631Z > 200 GET /api/v1/ 7.17ms
INF 2026-08-03T17:43:35.642Z > 200 GET /api/v1/ 6.55ms
INF 2026-08-03T17:43:35.651Z > 200 GET /api/v1/ 7.53ms
INF 2026-08-03T17:43:35.658Z > 200 GET /api/v1/ 6.39ms
INF 2026-08-03T17:43:35.670Z > 200 GET /api/v1/ 6.24ms
INF 2026-08-03T17:43:35.678Z > 200 GET /api/v1/ 6.28ms
INF 2026-08-03T17:43:35.694Z > 200 GET /api/v1/ 6.35ms
INF 2026-08-03T17:43:35.706Z > 200 GET /api/v1/ 6.89ms
INF 2026-08-03T17:43:35.718Z > 200 GET /api/v1/ 6.8ms
INF 2026-08-03T17:43:35.726Z > 200 GET /api/v1/ 6.88ms
INF 2026-08-03T17:43:35.736Z > 200 GET /api/v1/ 1259.49ms
INF 2026-08-03T17:43:35.763Z > 200 GET /api/v1/ 11.39ms
INF 2026-08-03T17:43:35.772Z > 200 GET /api/v1/ 148.24ms
INF 2026-08-03T17:43:35.777Z > 200 GET /api/v1/ 149.84ms
INF 2026-08-03T17:43:35.783Z > 200 GET /api/v1/ 483.46ms
INF 2026-08-03T17:43:35.786Z > 200 GET /api/v1/ 315.87ms
INF 2026-08-03T17:43:35.791Z > 200 GET /api/v1/ 320.41ms
INF 2026-08-03T17:43:35.796Z > 200 GET /api/v1/ 612.61ms
INF 2026-08-03T17:43:35.796Z > 200 GET /api/v1/ 467.83ms
INF 2026-08-03T17:43:35.813Z > 200 GET /api/v1/ 8.21ms
INF 2026-08-03T17:43:35.820Z > 200 GET /api/v1/ 1042.99ms
INF 2026-08-03T17:43:35.826Z > 200 GET /api/v1/ 1282.52ms
INF 2026-08-03T17:43:35.832Z > 200 GET /api/v1/ 1153.9ms
INF 2026-08-03T17:43:35.840Z > 200 GET /api/v1/ 8.27ms
INF 2026-08-03T17:43:35.845Z > 200 GET /api/v1/ 1212.92ms
INF 2026-08-03T17:43:35.862Z > 200 GET /api/v1/ 6.62ms
INF 2026-08-03T17:43:35.875Z > 200 GET /api/v1/ 7.1ms
INF 2026-08-03T17:43:35.882Z > 200 GET /api/v1/ 6.75ms
INF 2026-08-03T17:43:35.949Z > 200 GET /api/v1/ 65.69ms
INF 2026-08-03T17:43:35.995Z > 200 GET /api/v1/ 1266.92ms
INF 2026-08-03T17:43:36.030Z > 200 GET /api/v1/ 1530.08ms
INF 2026-08-03T17:43:36.109Z > 200 GET /api/v1/ 1377.38ms
INF 2026-08-03T17:43:36.110Z > 200 GET /api/v1/ 931.24ms
INF 2026-08-03T17:43:36.110Z > 200 GET /api/v1/ 1481.57ms
INF 2026-08-03T17:43:36.111Z > 200 GET /api/v1/ 295.22ms
INF 2026-08-03T17:43:36.124Z > 200 GET /api/v1/ 356.34ms
INF 2026-08-03T17:43:36.172Z > 200 GET /api/v1/ 2305.23ms
INF 2026-08-03T17:43:36.180Z > 200 GET /api/v1/ 524.13ms
INF 2026-08-03T17:43:36.180Z > 200 GET /api/v1/ 356.88ms
INF 2026-08-03T17:43:36.183Z > 200 GET /api/v1/ 261.67ms
INF 2026-08-03T17:43:36.184Z > 200 GET /api/v1/ 356.97ms
INF 2026-08-03T17:43:36.191Z > 200 GET /api/v1/ 351.18ms
INF 2026-08-03T17:43:36.200Z > 200 GET /api/v1/ 464.62ms
INF 2026-08-03T17:43:36.208Z > 200 GET /api/v1/ 448.16ms
INF 2026-08-03T17:43:36.312Z > 200 GET /api/v1/ 2304.39ms
INF 2026-08-03T17:43:36.317Z > 200 GET /api/v1/ 1753.35ms
INF 2026-08-03T17:43:36.318Z > 200 GET /api/v1/ 2377.76ms
INF 2026-08-03T17:43:36.324Z > 200 GET /api/v1/ 504.42ms
INF 2026-08-03T17:43:36.330Z > 200 GET /api/v1/ 462.17ms
INF 2026-08-03T17:43:36.332Z > 200 GET /api/v1/ 684.28ms
INF 2026-08-03T17:43:36.338Z > 200 GET /api/v1/ 417.31ms
INF 2026-08-03T17:43:36.339Z > 200 GET /api/v1/ 1710.45ms
INF 2026-08-03T17:43:36.379Z > 200 GET /api/v1/ 908.1ms
INF 2026-08-03T17:43:36.379Z > 200 GET /api/v1/ 62.2ms
INF 2026-08-03T17:43:36.439Z > 200 GET /api/v1/ 2163.34ms
INF 2026-08-03T17:43:36.440Z > 200 GET /api/v1/ 2408.19ms
INF 2026-08-03T17:43:36.440Z > 200 GET /api/v1/ 1226.83ms
INF 2026-08-03T17:43:36.441Z > 200 GET /api/v1/ 1708.99ms
INF 2026-08-03T17:43:36.441Z > 200 GET /api/v1/ 2017.77ms
INF 2026-08-03T17:43:36.444Z > 200 GET /api/v1/ 1712.02ms
INF 2026-08-03T17:43:36.444Z > 200 GET /api/v1/ 752.15ms
INF 2026-08-03T17:43:36.453Z > 200 GET /api/v1/ 2176.94ms
INF 2026-08-03T17:43:36.453Z > 200 GET /api/v1/ 1240.07ms
INF 2026-08-03T17:43:36.454Z > 200 GET /api/v1/ 410.7ms
INF 2026-08-03T17:43:36.455Z > 200 GET /api/v1/ 1271.92ms
INF 2026-08-03T17:43:36.455Z > 200 GET /api/v1/ 1809.31ms
INF 2026-08-03T17:43:36.456Z > 200 GET /api/v1/ 676.15ms
INF 2026-08-03T17:43:36.456Z > 200 GET /api/v1/ 1320.44ms
INF 2026-08-03T17:43:36.457Z > 200 GET /api/v1/ 2201.48ms
INF 2026-08-03T17:43:36.458Z > 200 GET /api/v1/ 1339.53ms
INF 2026-08-03T17:43:36.459Z > 200 GET /api/v1/ 895.17ms
INF 2026-08-03T17:43:36.459Z > 200 GET /api/v1/ 1947.66ms
INF 2026-08-03T17:43:36.460Z > 200 GET /api/v1/ 538.75ms
INF 2026-08-03T17:43:36.469Z > 200 GET /api/v1/ 1350.67ms
INF 2026-08-03T17:43:36.470Z > 200 GET /api/v1/ 2374.1ms
INF 2026-08-03T17:43:36.471Z > 200 GET /api/v1/ 1259.28ms
INF 2026-08-03T17:43:36.471Z > 200 GET /api/v1/ 469.69ms
INF 2026-08-03T17:43:36.472Z > 200 GET /api/v1/ 2056.88ms
INF 2026-08-03T17:43:36.473Z > 200 GET /api/v1/ 1917.27ms
INF 2026-08-03T17:43:36.477Z > 200 GET /api/v1/ 637.72ms
INF 2026-08-03T17:43:36.485Z > 200 GET /api/v1/ 841.16ms
INF 2026-08-03T17:43:36.496Z > 200 GET /api/v1/ 1284.24ms
INF 2026-08-03T17:43:36.499Z > 200 GET /api/v1/ 1203.0ms
INF 2026-08-03T17:43:36.500Z > 200 GET /api/v1/ 1838.77ms
INF 2026-08-03T17:43:36.500Z > 200 GET /api/v1/ 1385.18ms
INF 2026-08-03T17:43:36.501Z > 200 GET /api/v1/ 1348.65ms
INF 2026-08-03T17:43:36.502Z > 200 GET /api/v1/ 1290.57ms
INF 2026-08-03T17:43:36.516Z > 200 GET /api/v1/ 30.74ms
INF 2026-08-03T17:43:36.516Z > 200 GET /api/v1/ 1260.16ms
INF 2026-08-03T17:43:36.517Z > 200 GET /api/v1/ 20.8ms
INF 2026-08-03T17:43:36.519Z > 200 GET /api/v1/ 18.66ms
INF 2026-08-03T17:43:36.530Z > 200 GET /api/v1/ 889.77ms
INF 2026-08-03T17:43:36.535Z > 200 GET /api/v1/ 18.94ms
INF 2026-08-03T17:43:36.536Z > 200 GET /api/v1/ 1352.62ms
INF 2026-08-03T17:43:36.548Z > 200 GET /api/v1/ 1336.54ms
INF 2026-08-03T17:43:36.549Z > 200 GET /api/v1/ 1299.94ms
INF 2026-08-03T17:43:36.550Z > 200 GET /api/v1/ 1431.24ms
INF 2026-08-03T17:43:36.599Z > 200 GET /api/v1/ 1299.5ms
INF 2026-08-03T17:43:36.683Z > 200 GET /api/v1/ 1063.92ms
INF 2026-08-03T17:43:36.684Z > 200 GET /api/v1/ 1473.22ms
INF 2026-08-03T17:43:36.685Z > 200 GET /api/v1/ 394.74ms
INF 2026-08-03T17:43:36.686Z > 200 GET /api/v1/ 1436.64ms
INF 2026-08-03T17:43:36.723Z > 200 GET /api/v1/ 406.05ms
INF 2026-08-03T17:43:36.724Z > 200 GET /api/v1/ 454.31ms
INF 2026-08-03T17:43:36.744Z > 200 GET /api/v1/ 9.67ms
INF 2026-08-03T17:43:36.759Z > 200 GET /api/v1/ 350.59ms
INF 2026-08-03T17:43:36.763Z > 200 GET /api/v1/ 445.86ms
INF 2026-08-03T17:43:36.776Z > 200 GET /api/v1/ 12.14ms
INF 2026-08-03T17:43:36.779Z > 200 GET /api/v1/ 461.52ms
INF 2026-08-03T17:43:36.779Z > 200 GET /api/v1/ 370.86ms
INF 2026-08-03T17:43:36.780Z > 200 GET /api/v1/ 371.7ms
INF 2026-08-03T17:43:36.780Z > 200 GET /api/v1/ 1136.55ms
INF 2026-08-03T17:43:36.781Z > 200 GET /api/v1/ 284.25ms
INF 2026-08-03T17:43:36.782Z > 200 GET /api/v1/ 281.75ms
INF 2026-08-03T17:43:36.783Z > 200 GET /api/v1/ 286.74ms
INF 2026-08-03T17:43:36.793Z > 200 GET /api/v1/ 295.7ms
INF 2026-08-03T17:43:36.793Z > 200 GET /api/v1/ 384.52ms
INF 2026-08-03T17:43:36.793Z > 200 GET /api/v1/ 293.0ms
INF 2026-08-03T17:43:36.795Z > 200 GET /api/v1/ 1642.06ms
INF 2026-08-03T17:43:36.796Z > 200 GET /api/v1/ 1615.42ms
INF 2026-08-03T17:43:36.807Z > 200 GET /api/v1/ 7.35ms
INF 2026-08-03T17:43:36.829Z > 200 GET /api/v1/ 9.2ms
INF 2026-08-03T17:43:36.846Z > 200 GET /api/v1/ 9.39ms
INF 2026-08-03T17:43:36.855Z > 200 GET /api/v1/ 7.28ms
INF 2026-08-03T17:43:36.865Z > 200 GET /api/v1/ 772.12ms
INF 2026-08-03T17:43:36.879Z > 200 GET /api/v1/ 7.85ms
INF 2026-08-03T17:43:36.896Z > 200 GET /api/v1/ 8.22ms
INF 2026-08-03T17:43:36.903Z > 200 GET /api/v1/ 7.16ms
INF 2026-08-03T17:43:36.915Z > 200 GET /api/v1/ 7.35ms
INF 2026-08-03T17:43:36.931Z > 200 GET /api/v1/ 7.66ms
INF 2026-08-03T17:43:36.951Z > 200 GET /api/v1/ 7.53ms
INF 2026-08-03T17:43:36.963Z > 200 GET /api/v1/ 7.83ms
INF 2026-08-03T17:43:36.967Z > 200 GET /api/v1/ 558.81ms
INF 2026-08-03T17:43:36.979Z > 200 GET /api/v1/ 6.07ms
INF 2026-08-03T17:43:37.004Z > 200 GET /api/v1/ 10.26ms
INF 2026-08-03T17:43:37.011Z > 200 GET /api/v1/ 1827.42ms
INF 2026-08-03T17:43:37.014Z > 200 GET /api/v1/ 10.72ms
INF 2026-08-03T17:43:37.021Z > 200 GET /api/v1/ 501.55ms
INF 2026-08-03T17:43:37.027Z > 200 GET /api/v1/ 603.23ms
INF 2026-08-03T17:43:37.031Z > 200 GET /api/v1/ 485.05ms
INF 2026-08-03T17:43:37.032Z > 200 GET /api/v1/ 512.56ms
INF 2026-08-03T17:43:37.056Z > 200 GET /api/v1/ 8.15ms
ERR 2026-08-03T17:43:37.191Z > Error while writing data to the client
| Error while writing data to the client (HTTP::Server::ClientError)
|   from /home/uchiha/playground/crystal/src/http/server/response.cr:266:9 in 'unbuffered_write'
|   from /home/uchiha/playground/crystal/src/io/buffered.cr:163:14 in 'write'
|   from /home/uchiha/playground/crystal/src/http/server/response.cr:107:7 in 'write'
|   from /home/uchiha/playground/crystal/src/io.cr:488:7 in 'write_string'
|   from lib/kemal/src/kemal/ext/context.cr:21:19 in 'call'
|   from lib/kemal/src/kemal/websocket_handler.cr:13:14 in 'call'
|   from /home/uchiha/playground/crystal/src/http/server/handler.cr:30:7 in 'call_next'
|   from lib/kemal/src/kemal/filter_handler.cr:46:7 in 'call'
|   from /home/uchiha/playground/crystal/src/http/server/handler.cr:30:7 in 'call_next'
|   from src/middlewares/web_api_auth_middleware.cr:8:12 in 'call'
|   from /home/uchiha/playground/crystal/src/http/server/handler.cr:30:7 in 'call_next'
|   from src/middlewares/admin_api_auth_middleware.cr:7:12 in 'call'
|   from /home/uchiha/playground/crystal/src/http/server/handler.cr:30:7 in 'call_next'
|   from /home/uchiha/playground/crystal/src/http/server/handlers/static_file_handler.cr:60:12 in 'call'
|   from /home/uchiha/playground/crystal/src/http/server/handler.cr:30:7 in 'call'
|   from /home/uchiha/playground/crystal/src/http/server/handler.cr:30:7 in 'call'
|   from /home/uchiha/playground/crystal/src/http/server/handler.cr:30:7 in 'call'
|   from /home/uchiha/playground/crystal/src/http/server/handler.cr:30:7 in 'call'
|   from /home/uchiha/playground/crystal/src/http/server/request_processor.cr:58:11 in 'process'
|   from /home/uchiha/playground/crystal/src/http/server.cr:506:5 in '->'
|   from /home/uchiha/playground/crystal/src/fiber.cr:168:11 in 'run'
|   from /home/uchiha/playground/crystal/src/fiber.cr:103:3 in '->'
|   from ???
| Caused by: write (#<TCPSocket:0x7313d991a428>): Broken pipe (IO::Error)
|   from /home/uchiha/playground/crystal/src/io/buffered.cr:163:14 in 'write'
|   from /home/uchiha/playground/crystal/src/http/server/response.cr:282:11 in 'unbuffered_write'
|   from /home/uchiha/playground/crystal/src/io/buffered.cr:163:14 in 'write'
|   from /home/uchiha/playground/crystal/src/http/server/response.cr:107:7 in 'write'
|   from /home/uchiha/playground/crystal/src/io.cr:488:7 in 'write_string'
|   from lib/kemal/src/kemal/ext/context.cr:21:19 in 'call'
|   from lib/kemal/src/kemal/websocket_handler.cr:13:14 in 'call'
|   from /home/uchiha/playground/crystal/src/http/server/handler.cr:30:7 in 'call_next'
|   from lib/kemal/src/kemal/filter_handler.cr:46:7 in 'call'
|   from /home/uchiha/playground/crystal/src/http/server/handler.cr:30:7 in 'call_next'
|   from src/middlewares/web_api_auth_middleware.cr:8:12 in 'call'
|   from /home/uchiha/playground/crystal/src/http/server/handler.cr:30:7 in 'call_next'
|   from src/middlewares/admin_api_auth_middleware.cr:7:12 in 'call'
|   from /home/uchiha/playground/crystal/src/http/server/handler.cr:30:7 in 'call_next'
|   from /home/uchiha/playground/crystal/src/http/server/handlers/static_file_handler.cr:60:12 in 'call'
|   from /home/uchiha/playground/crystal/src/http/server/handler.cr:30:7 in 'call'
|   from /home/uchiha/playground/crystal/src/http/server/handler.cr:30:7 in 'call'
|   from /home/uchiha/playground/crystal/src/http/server/handler.cr:30:7 in 'call'
|   from /home/uchiha/playground/crystal/src/http/server/handler.cr:30:7 in 'call'
|   from /home/uchiha/playground/crystal/src/http/server/request_processor.cr:58:11 in 'process'
|   from /home/uchiha/playground/crystal/src/http/server.cr:506:5 in '->'
|   from /home/uchiha/playground/crystal/src/fiber.cr:168:11 in 'run'
|   from /home/uchiha/playground/crystal/src/fiber.cr:103:3 in '->'
|   from ???
ERR 2026-08-03T17:43:37.191Z > Unhandled exception on HTTP::Handler
| Closed stream (IO::Error)
|   from /home/uchiha/playground/crystal/src/http/server/response.cr:215:15 in 'render_500'
|   from lib/kemal/src/kemal/exception_handler.cr:34:7 in 'call'
|   from /home/uchiha/playground/crystal/src/http/server/handler.cr:30:7 in 'call'
|   from /home/uchiha/playground/crystal/src/http/server/handler.cr:30:7 in 'call'
|   from /home/uchiha/playground/crystal/src/http/server/handler.cr:30:7 in 'call'
|   from /home/uchiha/playground/crystal/src/http/server/request_processor.cr:58:11 in 'process'
|   from /home/uchiha/playground/crystal/src/http/server.cr:506:5 in '->'
|   from /home/uchiha/playground/crystal/src/fiber.cr:168:11 in 'run'
|   from /home/uchiha/playground/crystal/src/fiber.cr:103:3 in '->'
|   from ???
INF 2026-08-03T17:43:37.370Z > 200 GET /gc-collect 27.42ms
INF 2026-08-03T17:43:37.583Z > 200 GET /gc-collect 30.44ms
ERR 2026-08-03T17:43:37.688Z > Error while writing data to the client
| Error while writing data to the client (HTTP::Server::ClientError)
|   from /home/uchiha/playground/crystal/src/http/server/response.cr:266:9 in 'unbuffered_write'
|   from /home/uchiha/playground/crystal/src/io/buffered.cr:163:14 in 'write'
|   from /home/uchiha/playground/crystal/src/http/server/response.cr:107:7 in 'write'
|   from /home/uchiha/playground/crystal/src/io.cr:488:7 in 'write_string'
|   from lib/kemal/src/kemal/ext/context.cr:21:19 in 'call'
|   from lib/kemal/src/kemal/websocket_handler.cr:13:14 in 'call'
|   from /home/uchiha/playground/crystal/src/http/server/handler.cr:30:7 in 'call_next'
|   from lib/kemal/src/kemal/filter_handler.cr:46:7 in 'call'
|   from /home/uchiha/playground/crystal/src/http/server/handler.cr:30:7 in 'call_next'
|   from src/middlewares/web_api_auth_middleware.cr:8:12 in 'call'
|   from /home/uchiha/playground/crystal/src/http/server/handler.cr:30:7 in 'call_next'
|   from src/middlewares/admin_api_auth_middleware.cr:7:12 in 'call'
|   from /home/uchiha/playground/crystal/src/http/server/handler.cr:30:7 in 'call_next'
|   from /home/uchiha/playground/crystal/src/http/server/handlers/static_file_handler.cr:60:12 in 'call'
|   from /home/uchiha/playground/crystal/src/http/server/handler.cr:30:7 in 'call'
|   from /home/uchiha/playground/crystal/src/http/server/handler.cr:30:7 in 'call'
|   from /home/uchiha/playground/crystal/src/http/server/handler.cr:30:7 in 'call'
|   from /home/uchiha/playground/crystal/src/http/server/handler.cr:30:7 in 'call'
|   from /home/uchiha/playground/crystal/src/http/server/request_processor.cr:58:11 in 'process'
|   from /home/uchiha/playground/crystal/src/http/server.cr:506:5 in '->'
|   from /home/uchiha/playground/crystal/src/fiber.cr:168:11 in 'run'
|   from /home/uchiha/playground/crystal/src/fiber.cr:103:3 in '->'
|   from ???
| Caused by: write (#<TCPSocket:0x7313d9918748>): Broken pipe (IO::Error)
|   from /home/uchiha/playground/crystal/src/io/buffered.cr:163:14 in 'write'
|   from /home/uchiha/playground/crystal/src/http/server/response.cr:282:11 in 'unbuffered_write'
|   from /home/uchiha/playground/crystal/src/io/buffered.cr:163:14 in 'write'
|   from /home/uchiha/playground/crystal/src/http/server/response.cr:107:7 in 'write'
|   from /home/uchiha/playground/crystal/src/io.cr:488:7 in 'write_string'
|   from lib/kemal/src/kemal/ext/context.cr:21:19 in 'call'
|   from lib/kemal/src/kemal/websocket_handler.cr:13:14 in 'call'
|   from /home/uchiha/playground/crystal/src/http/server/handler.cr:30:7 in 'call_next'
|   from lib/kemal/src/kemal/filter_handler.cr:46:7 in 'call'
|   from /home/uchiha/playground/crystal/src/http/server/handler.cr:30:7 in 'call_next'
|   from src/middlewares/web_api_auth_middleware.cr:8:12 in 'call'
|   from /home/uchiha/playground/crystal/src/http/server/handler.cr:30:7 in 'call_next'
|   from src/middlewares/admin_api_auth_middleware.cr:7:12 in 'call'
|   from /home/uchiha/playground/crystal/src/http/server/handler.cr:30:7 in 'call_next'
|   from /home/uchiha/playground/crystal/src/http/server/handlers/static_file_handler.cr:60:12 in 'call'
|   from /home/uchiha/playground/crystal/src/http/server/handler.cr:30:7 in 'call'
|   from /home/uchiha/playground/crystal/src/http/server/handler.cr:30:7 in 'call'
|   from /home/uchiha/playground/crystal/src/http/server/handler.cr:30:7 in 'call'
|   from /home/uchiha/playground/crystal/src/http/server/handler.cr:30:7 in 'call'
|   from /home/uchiha/playground/crystal/src/http/server/request_processor.cr:58:11 in 'process'
|   from /home/uchiha/playground/crystal/src/http/server.cr:506:5 in '->'
|   from /home/uchiha/playground/crystal/src/fiber.cr:168:11 in 'run'
|   from /home/uchiha/playground/crystal/src/fiber.cr:103:3 in '->'
|   from ???
ERR 2026-08-03T17:43:37.688Z > Unhandled exception on HTTP::Handler
| Closed stream (IO::Error)
|   from /home/uchiha/playground/crystal/src/http/server/response.cr:215:15 in 'render_500'
|   from lib/kemal/src/kemal/exception_handler.cr:34:7 in 'call'
|   from /home/uchiha/playground/crystal/src/http/server/handler.cr:30:7 in 'call'
|   from /home/uchiha/playground/crystal/src/http/server/handler.cr:30:7 in 'call'
|   from /home/uchiha/playground/crystal/src/http/server/handler.cr:30:7 in 'call'
|   from /home/uchiha/playground/crystal/src/http/server/request_processor.cr:58:11 in 'process'
|   from /home/uchiha/playground/crystal/src/http/server.cr:506:5 in '->'
|   from /home/uchiha/playground/crystal/src/fiber.cr:168:11 in 'run'
|   from /home/uchiha/playground/crystal/src/fiber.cr:103:3 in '->'
|   from ???
ERR 2026-08-03T17:43:37.700Z > Error while writing data to the client
| Error while writing data to the client (HTTP::Server::ClientError)
|   from /home/uchiha/playground/crystal/src/http/server/response.cr:266:9 in 'unbuffered_write'
|   from /home/uchiha/playground/crystal/src/io/buffered.cr:163:14 in 'write'
|   from /home/uchiha/playground/crystal/src/http/server/response.cr:107:7 in 'write'
|   from /home/uchiha/playground/crystal/src/io.cr:488:7 in 'write_string'
|   from lib/kemal/src/kemal/ext/context.cr:21:19 in 'call'
|   from lib/kemal/src/kemal/websocket_handler.cr:13:14 in 'call'
|   from /home/uchiha/playground/crystal/src/http/server/handler.cr:30:7 in 'call_next'
|   from lib/kemal/src/kemal/filter_handler.cr:46:7 in 'call'
|   from /home/uchiha/playground/crystal/src/http/server/handler.cr:30:7 in 'call_next'
|   from src/middlewares/web_api_auth_middleware.cr:8:12 in 'call'
|   from /home/uchiha/playground/crystal/src/http/server/handler.cr:30:7 in 'call_next'
|   from src/middlewares/admin_api_auth_middleware.cr:7:12 in 'call'
|   from /home/uchiha/playground/crystal/src/http/server/handler.cr:30:7 in 'call_next'
|   from /home/uchiha/playground/crystal/src/http/server/handlers/static_file_handler.cr:60:12 in 'call'
|   from /home/uchiha/playground/crystal/src/http/server/handler.cr:30:7 in 'call'
|   from /home/uchiha/playground/crystal/src/http/server/handler.cr:30:7 in 'call'
|   from /home/uchiha/playground/crystal/src/http/server/handler.cr:30:7 in 'call'
|   from /home/uchiha/playground/crystal/src/http/server/handler.cr:30:7 in 'call'
|   from /home/uchiha/playground/crystal/src/http/server/request_processor.cr:58:11 in 'process'
|   from /home/uchiha/playground/crystal/src/http/server.cr:506:5 in '->'
|   from /home/uchiha/playground/crystal/src/fiber.cr:168:11 in 'run'
|   from /home/uchiha/playground/crystal/src/fiber.cr:103:3 in '->'
|   from ???
| Caused by: write (#<TCPSocket:0x7313d991a2d8>): Broken pipe (IO::Error)
|   from /home/uchiha/playground/crystal/src/io/buffered.cr:163:14 in 'write'
|   from /home/uchiha/playground/crystal/src/http/server/response.cr:282:11 in 'unbuffered_write'
|   from /home/uchiha/playground/crystal/src/io/buffered.cr:163:14 in 'write'
|   from /home/uchiha/playground/crystal/src/http/server/response.cr:107:7 in 'write'
|   from /home/uchiha/playground/crystal/src/io.cr:488:7 in 'write_string'
|   from lib/kemal/src/kemal/ext/context.cr:21:19 in 'call'
|   from lib/kemal/src/kemal/websocket_handler.cr:13:14 in 'call'
|   from /home/uchiha/playground/crystal/src/http/server/handler.cr:30:7 in 'call_next'
|   from lib/kemal/src/kemal/filter_handler.cr:46:7 in 'call'
|   from /home/uchiha/playground/crystal/src/http/server/handler.cr:30:7 in 'call_next'
|   from src/middlewares/web_api_auth_middleware.cr:8:12 in 'call'
|   from /home/uchiha/playground/crystal/src/http/server/handler.cr:30:7 in 'call_next'
|   from src/middlewares/admin_api_auth_middleware.cr:7:12 in 'call'
|   from /home/uchiha/playground/crystal/src/http/server/handler.cr:30:7 in 'call_next'
|   from /home/uchiha/playground/crystal/src/http/server/handlers/static_file_handler.cr:60:12 in 'call'
|   from /home/uchiha/playground/crystal/src/http/server/handler.cr:30:7 in 'call'
|   from /home/uchiha/playground/crystal/src/http/server/handler.cr:30:7 in 'call'
|   from /home/uchiha/playground/crystal/src/http/server/handler.cr:30:7 in 'call'
|   from /home/uchiha/playground/crystal/src/http/server/handler.cr:30:7 in 'call'
|   from /home/uchiha/playground/crystal/src/http/server/request_processor.cr:58:11 in 'process'
|   from /home/uchiha/playground/crystal/src/http/server.cr:506:5 in '->'
|   from /home/uchiha/playground/crystal/src/fiber.cr:168:11 in 'run'
|   from /home/uchiha/playground/crystal/src/fiber.cr:103:3 in '->'
|   from ???
ERR 2026-08-03T17:43:37.700Z > Unhandled exception on HTTP::Handler
| Closed stream (IO::Error)
|   from /home/uchiha/playground/crystal/src/http/server/response.cr:215:15 in 'render_500'
|   from lib/kemal/src/kemal/exception_handler.cr:34:7 in 'call'
|   from /home/uchiha/playground/crystal/src/http/server/handler.cr:30:7 in 'call'
|   from /home/uchiha/playground/crystal/src/http/server/handler.cr:30:7 in 'call'
|   from /home/uchiha/playground/crystal/src/http/server/handler.cr:30:7 in 'call'
|   from /home/uchiha/playground/crystal/src/http/server/request_processor.cr:58:11 in 'process'
|   from /home/uchiha/playground/crystal/src/http/server.cr:506:5 in '->'
|   from /home/uchiha/playground/crystal/src/fiber.cr:168:11 in 'run'
|   from /home/uchiha/playground/crystal/src/fiber.cr:103:3 in '->'
|   from ???
ERR 2026-08-03T17:43:37.701Z > Error while writing data to the client
| Error while writing data to the client (HTTP::Server::ClientError)
|   from /home/uchiha/playground/crystal/src/http/server/response.cr:266:9 in 'unbuffered_write'
|   from /home/uchiha/playground/crystal/src/io/buffered.cr:163:14 in 'write'
|   from /home/uchiha/playground/crystal/src/http/server/response.cr:107:7 in 'write'
|   from /home/uchiha/playground/crystal/src/io.cr:488:7 in 'write_string'
|   from lib/kemal/src/kemal/ext/context.cr:21:19 in 'call'
|   from lib/kemal/src/kemal/websocket_handler.cr:13:14 in 'call'
|   from /home/uchiha/playground/crystal/src/http/server/handler.cr:30:7 in 'call_next'
|   from lib/kemal/src/kemal/filter_handler.cr:46:7 in 'call'
|   from /home/uchiha/playground/crystal/src/http/server/handler.cr:30:7 in 'call_next'
|   from src/middlewares/web_api_auth_middleware.cr:8:12 in 'call'
|   from /home/uchiha/playground/crystal/src/http/server/handler.cr:30:7 in 'call_next'
|   from src/middlewares/admin_api_auth_middleware.cr:7:12 in 'call'
|   from /home/uchiha/playground/crystal/src/http/server/handler.cr:30:7 in 'call_next'
|   from /home/uchiha/playground/crystal/src/http/server/handlers/static_file_handler.cr:60:12 in 'call'
|   from /home/uchiha/playground/crystal/src/http/server/handler.cr:30:7 in 'call'
|   from /home/uchiha/playground/crystal/src/http/server/handler.cr:30:7 in 'call'
|   from /home/uchiha/playground/crystal/src/http/server/handler.cr:30:7 in 'call'
|   from /home/uchiha/playground/crystal/src/http/server/handler.cr:30:7 in 'call'
|   from /home/uchiha/playground/crystal/src/http/server/request_processor.cr:58:11 in 'process'
|   from /home/uchiha/playground/crystal/src/http/server.cr:506:5 in '->'
|   from /home/uchiha/playground/crystal/src/fiber.cr:168:11 in 'run'
|   from /home/uchiha/playground/crystal/src/fiber.cr:103:3 in '->'
|   from ???
| Caused by: write (#<TCPSocket:0x7313d99135e8>): Broken pipe (IO::Error)
|   from /home/uchiha/playground/crystal/src/io/buffered.cr:163:14 in 'write'
|   from /home/uchiha/playground/crystal/src/http/server/response.cr:282:11 in 'unbuffered_write'
|   from /home/uchiha/playground/crystal/src/io/buffered.cr:163:14 in 'write'
|   from /home/uchiha/playground/crystal/src/http/server/response.cr:107:7 in 'write'
|   from /home/uchiha/playground/crystal/src/io.cr:488:7 in 'write_string'
|   from lib/kemal/src/kemal/ext/context.cr:21:19 in 'call'
|   from lib/kemal/src/kemal/websocket_handler.cr:13:14 in 'call'
|   from /home/uchiha/playground/crystal/src/http/server/handler.cr:30:7 in 'call_next'
|   from lib/kemal/src/kemal/filter_handler.cr:46:7 in 'call'
|   from /home/uchiha/playground/crystal/src/http/server/handler.cr:30:7 in 'call_next'
|   from src/middlewares/web_api_auth_middleware.cr:8:12 in 'call'
|   from /home/uchiha/playground/crystal/src/http/server/handler.cr:30:7 in 'call_next'
|   from src/middlewares/admin_api_auth_middleware.cr:7:12 in 'call'
|   from /home/uchiha/playground/crystal/src/http/server/handler.cr:30:7 in 'call_next'
|   from /home/uchiha/playground/crystal/src/http/server/handlers/static_file_handler.cr:60:12 in 'call'
|   from /home/uchiha/playground/crystal/src/http/server/handler.cr:30:7 in 'call'
|   from /home/uchiha/playground/crystal/src/http/server/handler.cr:30:7 in 'call'
|   from /home/uchiha/playground/crystal/src/http/server/handler.cr:30:7 in 'call'
|   from /home/uchiha/playground/crystal/src/http/server/handler.cr:30:7 in 'call'
|   from /home/uchiha/playground/crystal/src/http/server/request_processor.cr:58:11 in 'process'
|   from /home/uchiha/playground/crystal/src/http/server.cr:506:5 in '->'
|   from /home/uchiha/playground/crystal/src/fiber.cr:168:11 in 'run'
|   from /home/uchiha/playground/crystal/src/fiber.cr:103:3 in '->'
|   from ???
ERR 2026-08-03T17:43:37.701Z > Unhandled exception on HTTP::Handler
| Closed stream (IO::Error)
|   from /home/uchiha/playground/crystal/src/http/server/response.cr:215:15 in 'render_500'
|   from lib/kemal/src/kemal/exception_handler.cr:34:7 in 'call'
|   from /home/uchiha/playground/crystal/src/http/server/handler.cr:30:7 in 'call'
|   from /home/uchiha/playground/crystal/src/http/server/handler.cr:30:7 in 'call'
|   from /home/uchiha/playground/crystal/src/http/server/handler.cr:30:7 in 'call'
|   from /home/uchiha/playground/crystal/src/http/server/request_processor.cr:58:11 in 'process'
|   from /home/uchiha/playground/crystal/src/http/server.cr:506:5 in '->'
|   from /home/uchiha/playground/crystal/src/fiber.cr:168:11 in 'run'
|   from /home/uchiha/playground/crystal/src/fiber.cr:103:3 in '->'
|   from ???
ERR 2026-08-03T17:43:37.702Z > Error while writing data to the client
| Error while writing data to the client (HTTP::Server::ClientError)
|   from /home/uchiha/playground/crystal/src/http/server/response.cr:266:9 in 'unbuffered_write'
|   from /home/uchiha/playground/crystal/src/io/buffered.cr:163:14 in 'write'
|   from /home/uchiha/playground/crystal/src/http/server/response.cr:107:7 in 'write'
|   from /home/uchiha/playground/crystal/src/io.cr:488:7 in 'write_string'
|   from lib/kemal/src/kemal/ext/context.cr:21:19 in 'call'
|   from lib/kemal/src/kemal/websocket_handler.cr:13:14 in 'call'
|   from /home/uchiha/playground/crystal/src/http/server/handler.cr:30:7 in 'call_next'
|   from lib/kemal/src/kemal/filter_handler.cr:46:7 in 'call'
|   from /home/uchiha/playground/crystal/src/http/server/handler.cr:30:7 in 'call_next'
|   from src/middlewares/web_api_auth_middleware.cr:8:12 in 'call'
|   from /home/uchiha/playground/crystal/src/http/server/handler.cr:30:7 in 'call_next'
|   from src/middlewares/admin_api_auth_middleware.cr:7:12 in 'call'
|   from /home/uchiha/playground/crystal/src/http/server/handler.cr:30:7 in 'call_next'
|   from /home/uchiha/playground/crystal/src/http/server/handlers/static_file_handler.cr:60:12 in 'call'
|   from /home/uchiha/playground/crystal/src/http/server/handler.cr:30:7 in 'call'
|   from /home/uchiha/playground/crystal/src/http/server/handler.cr:30:7 in 'call'
|   from /home/uchiha/playground/crystal/src/http/server/handler.cr:30:7 in 'call'
|   from /home/uchiha/playground/crystal/src/http/server/handler.cr:30:7 in 'call'
|   from /home/uchiha/playground/crystal/src/http/server/request_processor.cr:58:11 in 'process'
|   from /home/uchiha/playground/crystal/src/http/server.cr:506:5 in '->'
|   from /home/uchiha/playground/crystal/src/fiber.cr:168:11 in 'run'
|   from /home/uchiha/playground/crystal/src/fiber.cr:103:3 in '->'
|   from ???
| Caused by: write (#<TCPSocket:0x7313d9914458>): Broken pipe (IO::Error)
|   from /home/uchiha/playground/crystal/src/io/buffered.cr:163:14 in 'write'
|   from /home/uchiha/playground/crystal/src/http/server/response.cr:282:11 in 'unbuffered_write'
|   from /home/uchiha/playground/crystal/src/io/buffered.cr:163:14 in 'write'
|   from /home/uchiha/playground/crystal/src/http/server/response.cr:107:7 in 'write'
|   from /home/uchiha/playground/crystal/src/io.cr:488:7 in 'write_string'
|   from lib/kemal/src/kemal/ext/context.cr:21:19 in 'call'
|   from lib/kemal/src/kemal/websocket_handler.cr:13:14 in 'call'
|   from /home/uchiha/playground/crystal/src/http/server/handler.cr:30:7 in 'call_next'
|   from lib/kemal/src/kemal/filter_handler.cr:46:7 in 'call'
|   from /home/uchiha/playground/crystal/src/http/server/handler.cr:30:7 in 'call_next'
|   from src/middlewares/web_api_auth_middleware.cr:8:12 in 'call'
|   from /home/uchiha/playground/crystal/src/http/server/handler.cr:30:7 in 'call_next'
|   from src/middlewares/admin_api_auth_middleware.cr:7:12 in 'call'
|   from /home/uchiha/playground/crystal/src/http/server/handler.cr:30:7 in 'call_next'
|   from /home/uchiha/playground/crystal/src/http/server/handlers/static_file_handler.cr:60:12 in 'call'
|   from /home/uchiha/playground/crystal/src/http/server/handler.cr:30:7 in 'call'
|   from /home/uchiha/playground/crystal/src/http/server/handler.cr:30:7 in 'call'
|   from /home/uchiha/playground/crystal/src/http/server/handler.cr:30:7 in 'call'
|   from /home/uchiha/playground/crystal/src/http/server/handler.cr:30:7 in 'call'
|   from /home/uchiha/playground/crystal/src/http/server/request_processor.cr:58:11 in 'process'
|   from /home/uchiha/playground/crystal/src/http/server.cr:506:5 in '->'
|   from /home/uchiha/playground/crystal/src/fiber.cr:168:11 in 'run'
|   from /home/uchiha/playground/crystal/src/fiber.cr:103:3 in '->'
|   from ???
ERR 2026-08-03T17:43:37.702Z > Unhandled exception on HTTP::Handler
| Closed stream (IO::Error)
|   from /home/uchiha/playground/crystal/src/http/server/response.cr:215:15 in 'render_500'
|   from lib/kemal/src/kemal/exception_handler.cr:34:7 in 'call'
|   from /home/uchiha/playground/crystal/src/http/server/handler.cr:30:7 in 'call'
|   from /home/uchiha/playground/crystal/src/http/server/handler.cr:30:7 in 'call'
|   from /home/uchiha/playground/crystal/src/http/server/handler.cr:30:7 in 'call'
|   from /home/uchiha/playground/crystal/src/http/server/request_processor.cr:58:11 in 'process'
|   from /home/uchiha/playground/crystal/src/http/server.cr:506:5 in '->'
|   from /home/uchiha/playground/crystal/src/fiber.cr:168:11 in 'run'
|   from /home/uchiha/playground/crystal/src/fiber.cr:103:3 in '->'
|   from ???
ERR 2026-08-03T17:43:37.702Z > Error while writing data to the client
| Error while writing data to the client (HTTP::Server::ClientError)
|   from /home/uchiha/playground/crystal/src/http/server/response.cr:266:9 in 'unbuffered_write'
|   from /home/uchiha/playground/crystal/src/io/buffered.cr:163:14 in 'write'
|   from /home/uchiha/playground/crystal/src/http/server/response.cr:107:7 in 'write'
|   from /home/uchiha/playground/crystal/src/io.cr:488:7 in 'write_string'
|   from lib/kemal/src/kemal/ext/context.cr:21:19 in 'call'
|   from lib/kemal/src/kemal/websocket_handler.cr:13:14 in 'call'
|   from /home/uchiha/playground/crystal/src/http/server/handler.cr:30:7 in 'call_next'
|   from lib/kemal/src/kemal/filter_handler.cr:46:7 in 'call'
|   from /home/uchiha/playground/crystal/src/http/server/handler.cr:30:7 in 'call_next'
|   from src/middlewares/web_api_auth_middleware.cr:8:12 in 'call'
|   from /home/uchiha/playground/crystal/src/http/server/handler.cr:30:7 in 'call_next'
|   from src/middlewares/admin_api_auth_middleware.cr:7:12 in 'call'
|   from /home/uchiha/playground/crystal/src/http/server/handler.cr:30:7 in 'call_next'
|   from /home/uchiha/playground/crystal/src/http/server/handlers/static_file_handler.cr:60:12 in 'call'
|   from /home/uchiha/playground/crystal/src/http/server/handler.cr:30:7 in 'call'
|   from /home/uchiha/playground/crystal/src/http/server/handler.cr:30:7 in 'call'
|   from /home/uchiha/playground/crystal/src/http/server/handler.cr:30:7 in 'call'
|   from /home/uchiha/playground/crystal/src/http/server/handler.cr:30:7 in 'call'
|   from /home/uchiha/playground/crystal/src/http/server/request_processor.cr:58:11 in 'process'
|   from /home/uchiha/playground/crystal/src/http/server.cr:506:5 in '->'
|   from /home/uchiha/playground/crystal/src/fiber.cr:168:11 in 'run'
|   from /home/uchiha/playground/crystal/src/fiber.cr:103:3 in '->'
|   from ???
| Caused by: write (#<TCPSocket:0x7313d9916d08>): Broken pipe (IO::Error)
|   from /home/uchiha/playground/crystal/src/io/buffered.cr:163:14 in 'write'
|   from /home/uchiha/playground/crystal/src/http/server/response.cr:282:11 in 'unbuffered_write'
|   from /home/uchiha/playground/crystal/src/io/buffered.cr:163:14 in 'write'
|   from /home/uchiha/playground/crystal/src/http/server/response.cr:107:7 in 'write'
|   from /home/uchiha/playground/crystal/src/io.cr:488:7 in 'write_string'
|   from lib/kemal/src/kemal/ext/context.cr:21:19 in 'call'
|   from lib/kemal/src/kemal/websocket_handler.cr:13:14 in 'call'
|   from /home/uchiha/playground/crystal/src/http/server/handler.cr:30:7 in 'call_next'
|   from lib/kemal/src/kemal/filter_handler.cr:46:7 in 'call'
|   from /home/uchiha/playground/crystal/src/http/server/handler.cr:30:7 in 'call_next'
|   from src/middlewares/web_api_auth_middleware.cr:8:12 in 'call'
|   from /home/uchiha/playground/crystal/src/http/server/handler.cr:30:7 in 'call_next'
|   from src/middlewares/admin_api_auth_middleware.cr:7:12 in 'call'
|   from /home/uchiha/playground/crystal/src/http/server/handler.cr:30:7 in 'call_next'
|   from /home/uchiha/playground/crystal/src/http/server/handlers/static_file_handler.cr:60:12 in 'call'
|   from /home/uchiha/playground/crystal/src/http/server/handler.cr:30:7 in 'call'
|   from /home/uchiha/playground/crystal/src/http/server/handler.cr:30:7 in 'call'
|   from /home/uchiha/playground/crystal/src/http/server/handler.cr:30:7 in 'call'
|   from /home/uchiha/playground/crystal/src/http/server/handler.cr:30:7 in 'call'
|   from /home/uchiha/playground/crystal/src/http/server/request_processor.cr:58:11 in 'process'
|   from /home/uchiha/playground/crystal/src/http/server.cr:506:5 in '->'
|   from /home/uchiha/playground/crystal/src/fiber.cr:168:11 in 'run'
|   from /home/uchiha/playground/crystal/src/fiber.cr:103:3 in '->'
|   from ???
ERR 2026-08-03T17:43:37.702Z > Unhandled exception on HTTP::Handler
| Closed stream (IO::Error)
|   from /home/uchiha/playground/crystal/src/http/server/response.cr:215:15 in 'render_500'
|   from lib/kemal/src/kemal/exception_handler.cr:34:7 in 'call'
|   from /home/uchiha/playground/crystal/src/http/server/handler.cr:30:7 in 'call'
|   from /home/uchiha/playground/crystal/src/http/server/handler.cr:30:7 in 'call'
|   from /home/uchiha/playground/crystal/src/http/server/handler.cr:30:7 in 'call'
|   from /home/uchiha/playground/crystal/src/http/server/request_processor.cr:58:11 in 'process'
|   from /home/uchiha/playground/crystal/src/http/server.cr:506:5 in '->'
|   from /home/uchiha/playground/crystal/src/fiber.cr:168:11 in 'run'
|   from /home/uchiha/playground/crystal/src/fiber.cr:103:3 in '->'
|   from ???
ERR 2026-08-03T17:43:37.703Z > Error while writing data to the client
| Error while writing data to the client (HTTP::Server::ClientError)
|   from /home/uchiha/playground/crystal/src/http/server/response.cr:266:9 in 'unbuffered_write'
|   from /home/uchiha/playground/crystal/src/io/buffered.cr:163:14 in 'write'
|   from /home/uchiha/playground/crystal/src/http/server/response.cr:107:7 in 'write'
|   from /home/uchiha/playground/crystal/src/io.cr:488:7 in 'write_string'
|   from lib/kemal/src/kemal/ext/context.cr:21:19 in 'call'
|   from lib/kemal/src/kemal/websocket_handler.cr:13:14 in 'call'
|   from /home/uchiha/playground/crystal/src/http/server/handler.cr:30:7 in 'call_next'
|   from lib/kemal/src/kemal/filter_handler.cr:46:7 in 'call'
|   from /home/uchiha/playground/crystal/src/http/server/handler.cr:30:7 in 'call_next'
|   from src/middlewares/web_api_auth_middleware.cr:8:12 in 'call'
|   from /home/uchiha/playground/crystal/src/http/server/handler.cr:30:7 in 'call_next'
|   from src/middlewares/admin_api_auth_middleware.cr:7:12 in 'call'
|   from /home/uchiha/playground/crystal/src/http/server/handler.cr:30:7 in 'call_next'
|   from /home/uchiha/playground/crystal/src/http/server/handlers/static_file_handler.cr:60:12 in 'call'
|   from /home/uchiha/playground/crystal/src/http/server/handler.cr:30:7 in 'call'
|   from /home/uchiha/playground/crystal/src/http/server/handler.cr:30:7 in 'call'
|   from /home/uchiha/playground/crystal/src/http/server/handler.cr:30:7 in 'call'
|   from /home/uchiha/playground/crystal/src/http/server/handler.cr:30:7 in 'call'
|   from /home/uchiha/playground/crystal/src/http/server/request_processor.cr:58:11 in 'process'
|   from /home/uchiha/playground/crystal/src/http/server.cr:506:5 in '->'
|   from /home/uchiha/playground/crystal/src/fiber.cr:168:11 in 'run'
|   from /home/uchiha/playground/crystal/src/fiber.cr:103:3 in '->'
|   from ???
| Caused by: write (#<TCPSocket:0x7313d991b148>): Broken pipe (IO::Error)
|   from /home/uchiha/playground/crystal/src/io/buffered.cr:163:14 in 'write'
|   from /home/uchiha/playground/crystal/src/http/server/response.cr:282:11 in 'unbuffered_write'
|   from /home/uchiha/playground/crystal/src/io/buffered.cr:163:14 in 'write'
|   from /home/uchiha/playground/crystal/src/http/server/response.cr:107:7 in 'write'
|   from /home/uchiha/playground/crystal/src/io.cr:488:7 in 'write_string'
|   from lib/kemal/src/kemal/ext/context.cr:21:19 in 'call'
|   from lib/kemal/src/kemal/websocket_handler.cr:13:14 in 'call'
|   from /home/uchiha/playground/crystal/src/http/server/handler.cr:30:7 in 'call_next'
|   from lib/kemal/src/kemal/filter_handler.cr:46:7 in 'call'
|   from /home/uchiha/playground/crystal/src/http/server/handler.cr:30:7 in 'call_next'
|   from src/middlewares/web_api_auth_middleware.cr:8:12 in 'call'
|   from /home/uchiha/playground/crystal/src/http/server/handler.cr:30:7 in 'call_next'
|   from src/middlewares/admin_api_auth_middleware.cr:7:12 in 'call'
|   from /home/uchiha/playground/crystal/src/http/server/handler.cr:30:7 in 'call_next'
|   from /home/uchiha/playground/crystal/src/http/server/handlers/static_file_handler.cr:60:12 in 'call'
|   from /home/uchiha/playground/crystal/src/http/server/handler.cr:30:7 in 'call'
|   from /home/uchiha/playground/crystal/src/http/server/handler.cr:30:7 in 'call'
|   from /home/uchiha/playground/crystal/src/http/server/handler.cr:30:7 in 'call'
|   from /home/uchiha/playground/crystal/src/http/server/handler.cr:30:7 in 'call'
|   from /home/uchiha/playground/crystal/src/http/server/request_processor.cr:58:11 in 'process'
|   from /home/uchiha/playground/crystal/src/http/server.cr:506:5 in '->'
|   from /home/uchiha/playground/crystal/src/fiber.cr:168:11 in 'run'
|   from /home/uchiha/playground/crystal/src/fiber.cr:103:3 in '->'
|   from ???
ERR 2026-08-03T17:43:37.703Z > Unhandled exception on HTTP::Handler
| Closed stream (IO::Error)
|   from /home/uchiha/playground/crystal/src/http/server/response.cr:215:15 in 'render_500'
|   from lib/kemal/src/kemal/exception_handler.cr:34:7 in 'call'
|   from /home/uchiha/playground/crystal/src/http/server/handler.cr:30:7 in 'call'
|   from /home/uchiha/playground/crystal/src/http/server/handler.cr:30:7 in 'call'
|   from /home/uchiha/playground/crystal/src/http/server/handler.cr:30:7 in 'call'
|   from /home/uchiha/playground/crystal/src/http/server/request_processor.cr:58:11 in 'process'
|   from /home/uchiha/playground/crystal/src/http/server.cr:506:5 in '->'
|   from /home/uchiha/playground/crystal/src/fiber.cr:168:11 in 'run'
|   from /home/uchiha/playground/crystal/src/fiber.cr:103:3 in '->'
|   from ???
ERR 2026-08-03T17:43:37.704Z > Error while writing data to the client
| Error while writing data to the client (HTTP::Server::ClientError)
|   from /home/uchiha/playground/crystal/src/http/server/response.cr:266:9 in 'unbuffered_write'
|   from /home/uchiha/playground/crystal/src/io/buffered.cr:163:14 in 'write'
|   from /home/uchiha/playground/crystal/src/http/server/response.cr:107:7 in 'write'
|   from /home/uchiha/playground/crystal/src/io.cr:488:7 in 'write_string'
|   from lib/kemal/src/kemal/ext/context.cr:21:19 in 'call'
|   from lib/kemal/src/kemal/websocket_handler.cr:13:14 in 'call'
|   from /home/uchiha/playground/crystal/src/http/server/handler.cr:30:7 in 'call_next'
|   from lib/kemal/src/kemal/filter_handler.cr:46:7 in 'call'
|   from /home/uchiha/playground/crystal/src/http/server/handler.cr:30:7 in 'call_next'
|   from src/middlewares/web_api_auth_middleware.cr:8:12 in 'call'
|   from /home/uchiha/playground/crystal/src/http/server/handler.cr:30:7 in 'call_next'
|   from src/middlewares/admin_api_auth_middleware.cr:7:12 in 'call'
|   from /home/uchiha/playground/crystal/src/http/server/handler.cr:30:7 in 'call_next'
|   from /home/uchiha/playground/crystal/src/http/server/handlers/static_file_handler.cr:60:12 in 'call'
|   from /home/uchiha/playground/crystal/src/http/server/handler.cr:30:7 in 'call'
|   from /home/uchiha/playground/crystal/src/http/server/handler.cr:30:7 in 'call'
|   from /home/uchiha/playground/crystal/src/http/server/handler.cr:30:7 in 'call'
|   from /home/uchiha/playground/crystal/src/http/server/handler.cr:30:7 in 'call'
|   from /home/uchiha/playground/crystal/src/http/server/request_processor.cr:58:11 in 'process'
|   from /home/uchiha/playground/crystal/src/http/server.cr:506:5 in '->'
|   from /home/uchiha/playground/crystal/src/fiber.cr:168:11 in 'run'
|   from /home/uchiha/playground/crystal/src/fiber.cr:103:3 in '->'
|   from ???
| Caused by: write (#<TCPSocket:0x7313d9913738>): Broken pipe (IO::Error)
|   from /home/uchiha/playground/crystal/src/io/buffered.cr:163:14 in 'write'
|   from /home/uchiha/playground/crystal/src/http/server/response.cr:282:11 in 'unbuffered_write'
|   from /home/uchiha/playground/crystal/src/io/buffered.cr:163:14 in 'write'
|   from /home/uchiha/playground/crystal/src/http/server/response.cr:107:7 in 'write'
|   from /home/uchiha/playground/crystal/src/io.cr:488:7 in 'write_string'
|   from lib/kemal/src/kemal/ext/context.cr:21:19 in 'call'
|   from lib/kemal/src/kemal/websocket_handler.cr:13:14 in 'call'
|   from /home/uchiha/playground/crystal/src/http/server/handler.cr:30:7 in 'call_next'
|   from lib/kemal/src/kemal/filter_handler.cr:46:7 in 'call'
|   from /home/uchiha/playground/crystal/src/http/server/handler.cr:30:7 in 'call_next'
|   from src/middlewares/web_api_auth_middleware.cr:8:12 in 'call'
|   from /home/uchiha/playground/crystal/src/http/server/handler.cr:30:7 in 'call_next'
|   from src/middlewares/admin_api_auth_middleware.cr:7:12 in 'call'
|   from /home/uchiha/playground/crystal/src/http/server/handler.cr:30:7 in 'call_next'
|   from /home/uchiha/playground/crystal/src/http/server/handlers/static_file_handler.cr:60:12 in 'call'
|   from /home/uchiha/playground/crystal/src/http/server/handler.cr:30:7 in 'call'
|   from /home/uchiha/playground/crystal/src/http/server/handler.cr:30:7 in 'call'
|   from /home/uchiha/playground/crystal/src/http/server/handler.cr:30:7 in 'call'
|   from /home/uchiha/playground/crystal/src/http/server/handler.cr:30:7 in 'call'
|   from /home/uchiha/playground/crystal/src/http/server/request_processor.cr:58:11 in 'process'
|   from /home/uchiha/playground/crystal/src/http/server.cr:506:5 in '->'
|   from /home/uchiha/playground/crystal/src/fiber.cr:168:11 in 'run'
|   from /home/uchiha/playground/crystal/src/fiber.cr:103:3 in '->'
|   from ???
ERR 2026-08-03T17:43:37.704Z > Unhandled exception on HTTP::Handler
| Closed stream (IO::Error)
|   from /home/uchiha/playground/crystal/src/http/server/response.cr:215:15 in 'render_500'
|   from lib/kemal/src/kemal/exception_handler.cr:34:7 in 'call'
|   from /home/uchiha/playground/crystal/src/http/server/handler.cr:30:7 in 'call'
|   from /home/uchiha/playground/crystal/src/http/server/handler.cr:30:7 in 'call'
|   from /home/uchiha/playground/crystal/src/http/server/handler.cr:30:7 in 'call'
|   from /home/uchiha/playground/crystal/src/http/server/request_processor.cr:58:11 in 'process'
|   from /home/uchiha/playground/crystal/src/http/server.cr:506:5 in '->'
|   from /home/uchiha/playground/crystal/src/fiber.cr:168:11 in 'run'
|   from /home/uchiha/playground/crystal/src/fiber.cr:103:3 in '->'
|   from ???
ERR 2026-08-03T17:43:37.704Z > Error while writing data to the client
| Error while writing data to the client (HTTP::Server::ClientError)
|   from /home/uchiha/playground/crystal/src/http/server/response.cr:266:9 in 'unbuffered_write'
|   from /home/uchiha/playground/crystal/src/io/buffered.cr:163:14 in 'write'
|   from /home/uchiha/playground/crystal/src/http/server/response.cr:107:7 in 'write'
|   from /home/uchiha/playground/crystal/src/io.cr:488:7 in 'write_string'
|   from lib/kemal/src/kemal/ext/context.cr:21:19 in 'call'
|   from lib/kemal/src/kemal/websocket_handler.cr:13:14 in 'call'
|   from /home/uchiha/playground/crystal/src/http/server/handler.cr:30:7 in 'call_next'
|   from lib/kemal/src/kemal/filter_handler.cr:46:7 in 'call'
|   from /home/uchiha/playground/crystal/src/http/server/handler.cr:30:7 in 'call_next'
|   from src/middlewares/web_api_auth_middleware.cr:8:12 in 'call'
|   from /home/uchiha/playground/crystal/src/http/server/handler.cr:30:7 in 'call_next'
|   from src/middlewares/admin_api_auth_middleware.cr:7:12 in 'call'
|   from /home/uchiha/playground/crystal/src/http/server/handler.cr:30:7 in 'call_next'
|   from /home/uchiha/playground/crystal/src/http/server/handlers/static_file_handler.cr:60:12 in 'call'
|   from /home/uchiha/playground/crystal/src/http/server/handler.cr:30:7 in 'call'
|   from /home/uchiha/playground/crystal/src/http/server/handler.cr:30:7 in 'call'
|   from /home/uchiha/playground/crystal/src/http/server/handler.cr:30:7 in 'call'
|   from /home/uchiha/playground/crystal/src/http/server/handler.cr:30:7 in 'call'
|   from /home/uchiha/playground/crystal/src/http/server/request_processor.cr:58:11 in 'process'
|   from /home/uchiha/playground/crystal/src/http/server.cr:506:5 in '->'
|   from /home/uchiha/playground/crystal/src/fiber.cr:168:11 in 'run'
|   from /home/uchiha/playground/crystal/src/fiber.cr:103:3 in '->'
|   from ???
| Caused by: write (#<TCPSocket:0x7313d99130a8>): Broken pipe (IO::Error)
|   from /home/uchiha/playground/crystal/src/io/buffered.cr:163:14 in 'write'
|   from /home/uchiha/playground/crystal/src/http/server/response.cr:282:11 in 'unbuffered_write'
|   from /home/uchiha/playground/crystal/src/io/buffered.cr:163:14 in 'write'
|   from /home/uchiha/playground/crystal/src/http/server/response.cr:107:7 in 'write'
|   from /home/uchiha/playground/crystal/src/io.cr:488:7 in 'write_string'
|   from lib/kemal/src/kemal/ext/context.cr:21:19 in 'call'
|   from lib/kemal/src/kemal/websocket_handler.cr:13:14 in 'call'
|   from /home/uchiha/playground/crystal/src/http/server/handler.cr:30:7 in 'call_next'
|   from lib/kemal/src/kemal/filter_handler.cr:46:7 in 'call'
|   from /home/uchiha/playground/crystal/src/http/server/handler.cr:30:7 in 'call_next'
|   from src/middlewares/web_api_auth_middleware.cr:8:12 in 'call'
|   from /home/uchiha/playground/crystal/src/http/server/handler.cr:30:7 in 'call_next'
|   from src/middlewares/admin_api_auth_middleware.cr:7:12 in 'call'
|   from /home/uchiha/playground/crystal/src/http/server/handler.cr:30:7 in 'call_next'
|   from /home/uchiha/playground/crystal/src/http/server/handlers/static_file_handler.cr:60:12 in 'call'
|   from /home/uchiha/playground/crystal/src/http/server/handler.cr:30:7 in 'call'
|   from /home/uchiha/playground/crystal/src/http/server/handler.cr:30:7 in 'call'
|   from /home/uchiha/playground/crystal/src/http/server/handler.cr:30:7 in 'call'
|   from /home/uchiha/playground/crystal/src/http/server/handler.cr:30:7 in 'call'
|   from /home/uchiha/playground/crystal/src/http/server/request_processor.cr:58:11 in 'process'
|   from /home/uchiha/playground/crystal/src/http/server.cr:506:5 in '->'
|   from /home/uchiha/playground/crystal/src/fiber.cr:168:11 in 'run'
|   from /home/uchiha/playground/crystal/src/fiber.cr:103:3 in '->'
|   from ???
ERR 2026-08-03T17:43:37.704Z > Unhandled exception on HTTP::Handler
| Closed stream (IO::Error)
|   from /home/uchiha/playground/crystal/src/http/server/response.cr:215:15 in 'render_500'
|   from lib/kemal/src/kemal/exception_handler.cr:34:7 in 'call'
|   from /home/uchiha/playground/crystal/src/http/server/handler.cr:30:7 in 'call'
|   from /home/uchiha/playground/crystal/src/http/server/handler.cr:30:7 in 'call'
|   from /home/uchiha/playground/crystal/src/http/server/handler.cr:30:7 in 'call'
|   from /home/uchiha/playground/crystal/src/http/server/request_processor.cr:58:11 in 'process'
|   from /home/uchiha/playground/crystal/src/http/server.cr:506:5 in '->'
|   from /home/uchiha/playground/crystal/src/fiber.cr:168:11 in 'run'
|   from /home/uchiha/playground/crystal/src/fiber.cr:103:3 in '->'
|   from ???
ERR 2026-08-03T17:43:37.705Z > Error while writing data to the client
| Error while writing data to the client (HTTP::Server::ClientError)
|   from /home/uchiha/playground/crystal/src/http/server/response.cr:266:9 in 'unbuffered_write'
|   from /home/uchiha/playground/crystal/src/io/buffered.cr:163:14 in 'write'
|   from /home/uchiha/playground/crystal/src/http/server/response.cr:107:7 in 'write'
|   from /home/uchiha/playground/crystal/src/io.cr:488:7 in 'write_string'
|   from lib/kemal/src/kemal/ext/context.cr:21:19 in 'call'
|   from lib/kemal/src/kemal/websocket_handler.cr:13:14 in 'call'
|   from /home/uchiha/playground/crystal/src/http/server/handler.cr:30:7 in 'call_next'
|   from lib/kemal/src/kemal/filter_handler.cr:46:7 in 'call'
|   from /home/uchiha/playground/crystal/src/http/server/handler.cr:30:7 in 'call_next'
|   from src/middlewares/web_api_auth_middleware.cr:8:12 in 'call'
|   from /home/uchiha/playground/crystal/src/http/server/handler.cr:30:7 in 'call_next'
|   from src/middlewares/admin_api_auth_middleware.cr:7:12 in 'call'
|   from /home/uchiha/playground/crystal/src/http/server/handler.cr:30:7 in 'call_next'
|   from /home/uchiha/playground/crystal/src/http/server/handlers/static_file_handler.cr:60:12 in 'call'
|   from /home/uchiha/playground/crystal/src/http/server/handler.cr:30:7 in 'call'
|   from /home/uchiha/playground/crystal/src/http/server/handler.cr:30:7 in 'call'
|   from /home/uchiha/playground/crystal/src/http/server/handler.cr:30:7 in 'call'
|   from /home/uchiha/playground/crystal/src/http/server/handler.cr:30:7 in 'call'
|   from /home/uchiha/playground/crystal/src/http/server/request_processor.cr:58:11 in 'process'
|   from /home/uchiha/playground/crystal/src/http/server.cr:506:5 in '->'
|   from /home/uchiha/playground/crystal/src/fiber.cr:168:11 in 'run'
|   from /home/uchiha/playground/crystal/src/fiber.cr:103:3 in '->'
|   from ???
| Caused by: write (#<TCPSocket:0x7313d9916e58>): Broken pipe (IO::Error)
|   from /home/uchiha/playground/crystal/src/io/buffered.cr:163:14 in 'write'
|   from /home/uchiha/playground/crystal/src/http/server/response.cr:282:11 in 'unbuffered_write'
|   from /home/uchiha/playground/crystal/src/io/buffered.cr:163:14 in 'write'
|   from /home/uchiha/playground/crystal/src/http/server/response.cr:107:7 in 'write'
|   from /home/uchiha/playground/crystal/src/io.cr:488:7 in 'write_string'
|   from lib/kemal/src/kemal/ext/context.cr:21:19 in 'call'
|   from lib/kemal/src/kemal/websocket_handler.cr:13:14 in 'call'
|   from /home/uchiha/playground/crystal/src/http/server/handler.cr:30:7 in 'call_next'
|   from lib/kemal/src/kemal/filter_handler.cr:46:7 in 'call'
|   from /home/uchiha/playground/crystal/src/http/server/handler.cr:30:7 in 'call_next'
|   from src/middlewares/web_api_auth_middleware.cr:8:12 in 'call'
|   from /home/uchiha/playground/crystal/src/http/server/handler.cr:30:7 in 'call_next'
|   from src/middlewares/admin_api_auth_middleware.cr:7:12 in 'call'
|   from /home/uchiha/playground/crystal/src/http/server/handler.cr:30:7 in 'call_next'
|   from /home/uchiha/playground/crystal/src/http/server/handlers/static_file_handler.cr:60:12 in 'call'
|   from /home/uchiha/playground/crystal/src/http/server/handler.cr:30:7 in 'call'
|   from /home/uchiha/playground/crystal/src/http/server/handler.cr:30:7 in 'call'
|   from /home/uchiha/playground/crystal/src/http/server/handler.cr:30:7 in 'call'
|   from /home/uchiha/playground/crystal/src/http/server/handler.cr:30:7 in 'call'
|   from /home/uchiha/playground/crystal/src/http/server/request_processor.cr:58:11 in 'process'
|   from /home/uchiha/playground/crystal/src/http/server.cr:506:5 in '->'
|   from /home/uchiha/playground/crystal/src/fiber.cr:168:11 in 'run'
|   from /home/uchiha/playground/crystal/src/fiber.cr:103:3 in '->'
|   from ???
ERR 2026-08-03T17:43:37.705Z > Unhandled exception on HTTP::Handler
| Closed stream (IO::Error)
|   from /home/uchiha/playground/crystal/src/http/server/response.cr:215:15 in 'render_500'
|   from lib/kemal/src/kemal/exception_handler.cr:34:7 in 'call'
|   from /home/uchiha/playground/crystal/src/http/server/handler.cr:30:7 in 'call'
|   from /home/uchiha/playground/crystal/src/http/server/handler.cr:30:7 in 'call'
|   from /home/uchiha/playground/crystal/src/http/server/handler.cr:30:7 in 'call'
|   from /home/uchiha/playground/crystal/src/http/server/request_processor.cr:58:11 in 'process'
|   from /home/uchiha/playground/crystal/src/http/server.cr:506:5 in '->'
|   from /home/uchiha/playground/crystal/src/fiber.cr:168:11 in 'run'
|   from /home/uchiha/playground/crystal/src/fiber.cr:103:3 in '->'
|   from ???
ERR 2026-08-03T17:43:37.705Z > Error while writing data to the client
| Error while writing data to the client (HTTP::Server::ClientError)
|   from /home/uchiha/playground/crystal/src/http/server/response.cr:266:9 in 'unbuffered_write'
|   from /home/uchiha/playground/crystal/src/io/buffered.cr:163:14 in 'write'
|   from /home/uchiha/playground/crystal/src/http/server/response.cr:107:7 in 'write'
|   from /home/uchiha/playground/crystal/src/io.cr:488:7 in 'write_string'
|   from lib/kemal/src/kemal/ext/context.cr:21:19 in 'call'
|   from lib/kemal/src/kemal/websocket_handler.cr:13:14 in 'call'
|   from /home/uchiha/playground/crystal/src/http/server/handler.cr:30:7 in 'call_next'
|   from lib/kemal/src/kemal/filter_handler.cr:46:7 in 'call'
|   from /home/uchiha/playground/crystal/src/http/server/handler.cr:30:7 in 'call_next'
|   from src/middlewares/web_api_auth_middleware.cr:8:12 in 'call'
|   from /home/uchiha/playground/crystal/src/http/server/handler.cr:30:7 in 'call_next'
|   from src/middlewares/admin_api_auth_middleware.cr:7:12 in 'call'
|   from /home/uchiha/playground/crystal/src/http/server/handler.cr:30:7 in 'call_next'
|   from /home/uchiha/playground/crystal/src/http/server/handlers/static_file_handler.cr:60:12 in 'call'
|   from /home/uchiha/playground/crystal/src/http/server/handler.cr:30:7 in 'call'
|   from /home/uchiha/playground/crystal/src/http/server/handler.cr:30:7 in 'call'
|   from /home/uchiha/playground/crystal/src/http/server/handler.cr:30:7 in 'call'
|   from /home/uchiha/playground/crystal/src/http/server/handler.cr:30:7 in 'call'
|   from /home/uchiha/playground/crystal/src/http/server/request_processor.cr:58:11 in 'process'
|   from /home/uchiha/playground/crystal/src/http/server.cr:506:5 in '->'
|   from /home/uchiha/playground/crystal/src/fiber.cr:168:11 in 'run'
|   from /home/uchiha/playground/crystal/src/fiber.cr:103:3 in '->'
|   from ???
| Caused by: write (#<TCPSocket:0x7313d99191c8>): Broken pipe (IO::Error)
|   from /home/uchiha/playground/crystal/src/io/buffered.cr:163:14 in 'write'
|   from /home/uchiha/playground/crystal/src/http/server/response.cr:282:11 in 'unbuffered_write'
|   from /home/uchiha/playground/crystal/src/io/buffered.cr:163:14 in 'write'
|   from /home/uchiha/playground/crystal/src/http/server/response.cr:107:7 in 'write'
|   from /home/uchiha/playground/crystal/src/io.cr:488:7 in 'write_string'
|   from lib/kemal/src/kemal/ext/context.cr:21:19 in 'call'
|   from lib/kemal/src/kemal/websocket_handler.cr:13:14 in 'call'
|   from /home/uchiha/playground/crystal/src/http/server/handler.cr:30:7 in 'call_next'
|   from lib/kemal/src/kemal/filter_handler.cr:46:7 in 'call'
|   from /home/uchiha/playground/crystal/src/http/server/handler.cr:30:7 in 'call_next'
|   from src/middlewares/web_api_auth_middleware.cr:8:12 in 'call'
|   from /home/uchiha/playground/crystal/src/http/server/handler.cr:30:7 in 'call_next'
|   from src/middlewares/admin_api_auth_middleware.cr:7:12 in 'call'
|   from /home/uchiha/playground/crystal/src/http/server/handler.cr:30:7 in 'call_next'
|   from /home/uchiha/playground/crystal/src/http/server/handlers/static_file_handler.cr:60:12 in 'call'
|   from /home/uchiha/playground/crystal/src/http/server/handler.cr:30:7 in 'call'
|   from /home/uchiha/playground/crystal/src/http/server/handler.cr:30:7 in 'call'
|   from /home/uchiha/playground/crystal/src/http/server/handler.cr:30:7 in 'call'
|   from /home/uchiha/playground/crystal/src/http/server/handler.cr:30:7 in 'call'
|   from /home/uchiha/playground/crystal/src/http/server/request_processor.cr:58:11 in 'process'
|   from /home/uchiha/playground/crystal/src/http/server.cr:506:5 in '->'
|   from /home/uchiha/playground/crystal/src/fiber.cr:168:11 in 'run'
|   from /home/uchiha/playground/crystal/src/fiber.cr:103:3 in '->'
|   from ???
ERR 2026-08-03T17:43:37.706Z > Unhandled exception on HTTP::Handler
| Closed stream (IO::Error)
|   from /home/uchiha/playground/crystal/src/http/server/response.cr:215:15 in 'render_500'
|   from lib/kemal/src/kemal/exception_handler.cr:34:7 in 'call'
|   from /home/uchiha/playground/crystal/src/http/server/handler.cr:30:7 in 'call'
|   from /home/uchiha/playground/crystal/src/http/server/handler.cr:30:7 in 'call'
|   from /home/uchiha/playground/crystal/src/http/server/handler.cr:30:7 in 'call'
|   from /home/uchiha/playground/crystal/src/http/server/request_processor.cr:58:11 in 'process'
|   from /home/uchiha/playground/crystal/src/http/server.cr:506:5 in '->'
|   from /home/uchiha/playground/crystal/src/fiber.cr:168:11 in 'run'
|   from /home/uchiha/playground/crystal/src/fiber.cr:103:3 in '->'
|   from ???
ERR 2026-08-03T17:43:37.706Z > Error while writing data to the client
| Error while writing data to the client (HTTP::Server::ClientError)
|   from /home/uchiha/playground/crystal/src/http/server/response.cr:266:9 in 'unbuffered_write'
|   from /home/uchiha/playground/crystal/src/io/buffered.cr:163:14 in 'write'
|   from /home/uchiha/playground/crystal/src/http/server/response.cr:107:7 in 'write'
|   from /home/uchiha/playground/crystal/src/io.cr:488:7 in 'write_string'
|   from lib/kemal/src/kemal/ext/context.cr:21:19 in 'call'
|   from lib/kemal/src/kemal/websocket_handler.cr:13:14 in 'call'
|   from /home/uchiha/playground/crystal/src/http/server/handler.cr:30:7 in 'call_next'
|   from lib/kemal/src/kemal/filter_handler.cr:46:7 in 'call'
|   from /home/uchiha/playground/crystal/src/http/server/handler.cr:30:7 in 'call_next'
|   from src/middlewares/web_api_auth_middleware.cr:8:12 in 'call'
|   from /home/uchiha/playground/crystal/src/http/server/handler.cr:30:7 in 'call_next'
|   from src/middlewares/admin_api_auth_middleware.cr:7:12 in 'call'
|   from /home/uchiha/playground/crystal/src/http/server/handler.cr:30:7 in 'call_next'
|   from /home/uchiha/playground/crystal/src/http/server/handlers/static_file_handler.cr:60:12 in 'call'
|   from /home/uchiha/playground/crystal/src/http/server/handler.cr:30:7 in 'call'
|   from /home/uchiha/playground/crystal/src/http/server/handler.cr:30:7 in 'call'
|   from /home/uchiha/playground/crystal/src/http/server/handler.cr:30:7 in 'call'
|   from /home/uchiha/playground/crystal/src/http/server/handler.cr:30:7 in 'call'
|   from /home/uchiha/playground/crystal/src/http/server/request_processor.cr:58:11 in 'process'
|   from /home/uchiha/playground/crystal/src/http/server.cr:506:5 in '->'
|   from /home/uchiha/playground/crystal/src/fiber.cr:168:11 in 'run'
|   from /home/uchiha/playground/crystal/src/fiber.cr:103:3 in '->'
|   from ???
| Caused by: write (#<TCPSocket:0x7313d991b298>): Broken pipe (IO::Error)
|   from /home/uchiha/playground/crystal/src/io/buffered.cr:163:14 in 'write'
|   from /home/uchiha/playground/crystal/src/http/server/response.cr:282:11 in 'unbuffered_write'
|   from /home/uchiha/playground/crystal/src/io/buffered.cr:163:14 in 'write'
|   from /home/uchiha/playground/crystal/src/http/server/response.cr:107:7 in 'write'
|   from /home/uchiha/playground/crystal/src/io.cr:488:7 in 'write_string'
|   from lib/kemal/src/kemal/ext/context.cr:21:19 in 'call'
|   from lib/kemal/src/kemal/websocket_handler.cr:13:14 in 'call'
|   from /home/uchiha/playground/crystal/src/http/server/handler.cr:30:7 in 'call_next'
|   from lib/kemal/src/kemal/filter_handler.cr:46:7 in 'call'
|   from /home/uchiha/playground/crystal/src/http/server/handler.cr:30:7 in 'call_next'
|   from src/middlewares/web_api_auth_middleware.cr:8:12 in 'call'
|   from /home/uchiha/playground/crystal/src/http/server/handler.cr:30:7 in 'call_next'
|   from src/middlewares/admin_api_auth_middleware.cr:7:12 in 'call'
|   from /home/uchiha/playground/crystal/src/http/server/handler.cr:30:7 in 'call_next'
|   from /home/uchiha/playground/crystal/src/http/server/handlers/static_file_handler.cr:60:12 in 'call'
|   from /home/uchiha/playground/crystal/src/http/server/handler.cr:30:7 in 'call'
|   from /home/uchiha/playground/crystal/src/http/server/handler.cr:30:7 in 'call'
|   from /home/uchiha/playground/crystal/src/http/server/handler.cr:30:7 in 'call'
|   from /home/uchiha/playground/crystal/src/http/server/handler.cr:30:7 in 'call'
|   from /home/uchiha/playground/crystal/src/http/server/request_processor.cr:58:11 in 'process'
|   from /home/uchiha/playground/crystal/src/http/server.cr:506:5 in '->'
|   from /home/uchiha/playground/crystal/src/fiber.cr:168:11 in 'run'
|   from /home/uchiha/playground/crystal/src/fiber.cr:103:3 in '->'
|   from ???
ERR 2026-08-03T17:43:37.706Z > Unhandled exception on HTTP::Handler
| Closed stream (IO::Error)
|   from /home/uchiha/playground/crystal/src/http/server/response.cr:215:15 in 'render_500'
|   from lib/kemal/src/kemal/exception_handler.cr:34:7 in 'call'
|   from /home/uchiha/playground/crystal/src/http/server/handler.cr:30:7 in 'call'
|   from /home/uchiha/playground/crystal/src/http/server/handler.cr:30:7 in 'call'
|   from /home/uchiha/playground/crystal/src/http/server/handler.cr:30:7 in 'call'
|   from /home/uchiha/playground/crystal/src/http/server/request_processor.cr:58:11 in 'process'
|   from /home/uchiha/playground/crystal/src/http/server.cr:506:5 in '->'
|   from /home/uchiha/playground/crystal/src/fiber.cr:168:11 in 'run'
|   from /home/uchiha/playground/crystal/src/fiber.cr:103:3 in '->'
|   from ???
ERR 2026-08-03T17:43:37.706Z > Error while writing data to the client
| Error while writing data to the client (HTTP::Server::ClientError)
|   from /home/uchiha/playground/crystal/src/http/server/response.cr:266:9 in 'unbuffered_write'
|   from /home/uchiha/playground/crystal/src/io/buffered.cr:163:14 in 'write'
|   from /home/uchiha/playground/crystal/src/http/server/response.cr:107:7 in 'write'
|   from /home/uchiha/playground/crystal/src/io.cr:488:7 in 'write_string'
|   from lib/kemal/src/kemal/ext/context.cr:21:19 in 'call'
|   from lib/kemal/src/kemal/websocket_handler.cr:13:14 in 'call'
|   from /home/uchiha/playground/crystal/src/http/server/handler.cr:30:7 in 'call_next'
|   from lib/kemal/src/kemal/filter_handler.cr:46:7 in 'call'
|   from /home/uchiha/playground/crystal/src/http/server/handler.cr:30:7 in 'call_next'
|   from src/middlewares/web_api_auth_middleware.cr:8:12 in 'call'
|   from /home/uchiha/playground/crystal/src/http/server/handler.cr:30:7 in 'call_next'
|   from src/middlewares/admin_api_auth_middleware.cr:7:12 in 'call'
|   from /home/uchiha/playground/crystal/src/http/server/handler.cr:30:7 in 'call_next'
|   from /home/uchiha/playground/crystal/src/http/server/handlers/static_file_handler.cr:60:12 in 'call'
|   from /home/uchiha/playground/crystal/src/http/server/handler.cr:30:7 in 'call'
|   from /home/uchiha/playground/crystal/src/http/server/handler.cr:30:7 in 'call'
|   from /home/uchiha/playground/crystal/src/http/server/handler.cr:30:7 in 'call'
|   from /home/uchiha/playground/crystal/src/http/server/handler.cr:30:7 in 'call'
|   from /home/uchiha/playground/crystal/src/http/server/request_processor.cr:58:11 in 'process'
|   from /home/uchiha/playground/crystal/src/http/server.cr:506:5 in '->'
|   from /home/uchiha/playground/crystal/src/fiber.cr:168:11 in 'run'
|   from /home/uchiha/playground/crystal/src/fiber.cr:103:3 in '->'
|   from ???
| Caused by: write (#<TCPSocket:0x7313d99141b8>): Broken pipe (IO::Error)
|   from /home/uchiha/playground/crystal/src/io/buffered.cr:163:14 in 'write'
|   from /home/uchiha/playground/crystal/src/http/server/response.cr:282:11 in 'unbuffered_write'
|   from /home/uchiha/playground/crystal/src/io/buffered.cr:163:14 in 'write'
|   from /home/uchiha/playground/crystal/src/http/server/response.cr:107:7 in 'write'
|   from /home/uchiha/playground/crystal/src/io.cr:488:7 in 'write_string'
|   from lib/kemal/src/kemal/ext/context.cr:21:19 in 'call'
|   from lib/kemal/src/kemal/websocket_handler.cr:13:14 in 'call'
|   from /home/uchiha/playground/crystal/src/http/server/handler.cr:30:7 in 'call_next'
|   from lib/kemal/src/kemal/filter_handler.cr:46:7 in 'call'
|   from /home/uchiha/playground/crystal/src/http/server/handler.cr:30:7 in 'call_next'
|   from src/middlewares/web_api_auth_middleware.cr:8:12 in 'call'
|   from /home/uchiha/playground/crystal/src/http/server/handler.cr:30:7 in 'call_next'
|   from src/middlewares/admin_api_auth_middleware.cr:7:12 in 'call'
|   from /home/uchiha/playground/crystal/src/http/server/handler.cr:30:7 in 'call_next'
|   from /home/uchiha/playground/crystal/src/http/server/handlers/static_file_handler.cr:60:12 in 'call'
|   from /home/uchiha/playground/crystal/src/http/server/handler.cr:30:7 in 'call'
|   from /home/uchiha/playground/crystal/src/http/server/handler.cr:30:7 in 'call'
|   from /home/uchiha/playground/crystal/src/http/server/handler.cr:30:7 in 'call'
|   from /home/uchiha/playground/crystal/src/http/server/handler.cr:30:7 in 'call'
|   from /home/uchiha/playground/crystal/src/http/server/request_processor.cr:58:11 in 'process'
|   from /home/uchiha/playground/crystal/src/http/server.cr:506:5 in '->'
|   from /home/uchiha/playground/crystal/src/fiber.cr:168:11 in 'run'
|   from /home/uchiha/playground/crystal/src/fiber.cr:103:3 in '->'
|   from ???
ERR 2026-08-03T17:43:37.706Z > Unhandled exception on HTTP::Handler
| Closed stream (IO::Error)
|   from /home/uchiha/playground/crystal/src/http/server/response.cr:215:15 in 'render_500'
|   from lib/kemal/src/kemal/exception_handler.cr:34:7 in 'call'
|   from /home/uchiha/playground/crystal/src/http/server/handler.cr:30:7 in 'call'
|   from /home/uchiha/playground/crystal/src/http/server/handler.cr:30:7 in 'call'
|   from /home/uchiha/playground/crystal/src/http/server/handler.cr:30:7 in 'call'
|   from /home/uchiha/playground/crystal/src/http/server/request_processor.cr:58:11 in 'process'
|   from /home/uchiha/playground/crystal/src/http/server.cr:506:5 in '->'
|   from /home/uchiha/playground/crystal/src/fiber.cr:168:11 in 'run'
|   from /home/uchiha/playground/crystal/src/fiber.cr:103:3 in '->'
|   from ???
ERR 2026-08-03T17:43:37.707Z > Error while writing data to the client
| Error while writing data to the client (HTTP::Server::ClientError)
|   from /home/uchiha/playground/crystal/src/http/server/response.cr:266:9 in 'unbuffered_write'
|   from /home/uchiha/playground/crystal/src/io/buffered.cr:163:14 in 'write'
|   from /home/uchiha/playground/crystal/src/http/server/response.cr:107:7 in 'write'
|   from /home/uchiha/playground/crystal/src/io.cr:488:7 in 'write_string'
|   from lib/kemal/src/kemal/ext/context.cr:21:19 in 'call'
|   from lib/kemal/src/kemal/websocket_handler.cr:13:14 in 'call'
|   from /home/uchiha/playground/crystal/src/http/server/handler.cr:30:7 in 'call_next'
|   from lib/kemal/src/kemal/filter_handler.cr:46:7 in 'call'
|   from /home/uchiha/playground/crystal/src/http/server/handler.cr:30:7 in 'call_next'
|   from src/middlewares/web_api_auth_middleware.cr:8:12 in 'call'
|   from /home/uchiha/playground/crystal/src/http/server/handler.cr:30:7 in 'call_next'
|   from src/middlewares/admin_api_auth_middleware.cr:7:12 in 'call'
|   from /home/uchiha/playground/crystal/src/http/server/handler.cr:30:7 in 'call_next'
|   from /home/uchiha/playground/crystal/src/http/server/handlers/static_file_handler.cr:60:12 in 'call'
|   from /home/uchiha/playground/crystal/src/http/server/handler.cr:30:7 in 'call'
|   from /home/uchiha/playground/crystal/src/http/server/handler.cr:30:7 in 'call'
|   from /home/uchiha/playground/crystal/src/http/server/handler.cr:30:7 in 'call'
|   from /home/uchiha/playground/crystal/src/http/server/handler.cr:30:7 in 'call'
|   from /home/uchiha/playground/crystal/src/http/server/request_processor.cr:58:11 in 'process'
|   from /home/uchiha/playground/crystal/src/http/server.cr:506:5 in '->'
|   from /home/uchiha/playground/crystal/src/fiber.cr:168:11 in 'run'
|   from /home/uchiha/playground/crystal/src/fiber.cr:103:3 in '->'
|   from ???
| Caused by: write (#<TCPSocket:0x7313d9919af8>): Broken pipe (IO::Error)
|   from /home/uchiha/playground/crystal/src/io/buffered.cr:163:14 in 'write'
|   from /home/uchiha/playground/crystal/src/http/server/response.cr:282:11 in 'unbuffered_write'
|   from /home/uchiha/playground/crystal/src/io/buffered.cr:163:14 in 'write'
|   from /home/uchiha/playground/crystal/src/http/server/response.cr:107:7 in 'write'
|   from /home/uchiha/playground/crystal/src/io.cr:488:7 in 'write_string'
|   from lib/kemal/src/kemal/ext/context.cr:21:19 in 'call'
|   from lib/kemal/src/kemal/websocket_handler.cr:13:14 in 'call'
|   from /home/uchiha/playground/crystal/src/http/server/handler.cr:30:7 in 'call_next'
|   from lib/kemal/src/kemal/filter_handler.cr:46:7 in 'call'
|   from /home/uchiha/playground/crystal/src/http/server/handler.cr:30:7 in 'call_next'
|   from src/middlewares/web_api_auth_middleware.cr:8:12 in 'call'
|   from /home/uchiha/playground/crystal/src/http/server/handler.cr:30:7 in 'call_next'
|   from src/middlewares/admin_api_auth_middleware.cr:7:12 in 'call'
|   from /home/uchiha/playground/crystal/src/http/server/handler.cr:30:7 in 'call_next'
|   from /home/uchiha/playground/crystal/src/http/server/handlers/static_file_handler.cr:60:12 in 'call'
|   from /home/uchiha/playground/crystal/src/http/server/handler.cr:30:7 in 'call'
|   from /home/uchiha/playground/crystal/src/http/server/handler.cr:30:7 in 'call'
|   from /home/uchiha/playground/crystal/src/http/server/handler.cr:30:7 in 'call'
|   from /home/uchiha/playground/crystal/src/http/server/handler.cr:30:7 in 'call'
|   from /home/uchiha/playground/crystal/src/http/server/request_processor.cr:58:11 in 'process'
|   from /home/uchiha/playground/crystal/src/http/server.cr:506:5 in '->'
|   from /home/uchiha/playground/crystal/src/fiber.cr:168:11 in 'run'
|   from /home/uchiha/playground/crystal/src/fiber.cr:103:3 in '->'
|   from ???
ERR 2026-08-03T17:43:37.707Z > Unhandled exception on HTTP::Handler
| Closed stream (IO::Error)
|   from /home/uchiha/playground/crystal/src/http/server/response.cr:215:15 in 'render_500'
|   from lib/kemal/src/kemal/exception_handler.cr:34:7 in 'call'
|   from /home/uchiha/playground/crystal/src/http/server/handler.cr:30:7 in 'call'
|   from /home/uchiha/playground/crystal/src/http/server/handler.cr:30:7 in 'call'
|   from /home/uchiha/playground/crystal/src/http/server/handler.cr:30:7 in 'call'
|   from /home/uchiha/playground/crystal/src/http/server/request_processor.cr:58:11 in 'process'
|   from /home/uchiha/playground/crystal/src/http/server.cr:506:5 in '->'
|   from /home/uchiha/playground/crystal/src/fiber.cr:168:11 in 'run'
|   from /home/uchiha/playground/crystal/src/fiber.cr:103:3 in '->'
|   from ???
ERR 2026-08-03T17:43:37.707Z > Error while writing data to the client
| Error while writing data to the client (HTTP::Server::ClientError)
|   from /home/uchiha/playground/crystal/src/http/server/response.cr:266:9 in 'unbuffered_write'
|   from /home/uchiha/playground/crystal/src/io/buffered.cr:163:14 in 'write'
|   from /home/uchiha/playground/crystal/src/http/server/response.cr:107:7 in 'write'
|   from /home/uchiha/playground/crystal/src/io.cr:488:7 in 'write_string'
|   from lib/kemal/src/kemal/ext/context.cr:21:19 in 'call'
|   from lib/kemal/src/kemal/websocket_handler.cr:13:14 in 'call'
|   from /home/uchiha/playground/crystal/src/http/server/handler.cr:30:7 in 'call_next'
|   from lib/kemal/src/kemal/filter_handler.cr:46:7 in 'call'
|   from /home/uchiha/playground/crystal/src/http/server/handler.cr:30:7 in 'call_next'
|   from src/middlewares/web_api_auth_middleware.cr:8:12 in 'call'
|   from /home/uchiha/playground/crystal/src/http/server/handler.cr:30:7 in 'call_next'
|   from src/middlewares/admin_api_auth_middleware.cr:7:12 in 'call'
|   from /home/uchiha/playground/crystal/src/http/server/handler.cr:30:7 in 'call_next'
|   from /home/uchiha/playground/crystal/src/http/server/handlers/static_file_handler.cr:60:12 in 'call'
|   from /home/uchiha/playground/crystal/src/http/server/handler.cr:30:7 in 'call'
|   from /home/uchiha/playground/crystal/src/http/server/handler.cr:30:7 in 'call'
|   from /home/uchiha/playground/crystal/src/http/server/handler.cr:30:7 in 'call'
|   from /home/uchiha/playground/crystal/src/http/server/handler.cr:30:7 in 'call'
|   from /home/uchiha/playground/crystal/src/http/server/request_processor.cr:58:11 in 'process'
|   from /home/uchiha/playground/crystal/src/http/server.cr:506:5 in '->'
|   from /home/uchiha/playground/crystal/src/fiber.cr:168:11 in 'run'
|   from /home/uchiha/playground/crystal/src/fiber.cr:103:3 in '->'
|   from ???
| Caused by: write (#<TCPSocket:0x7313d9918358>): Broken pipe (IO::Error)
|   from /home/uchiha/playground/crystal/src/io/buffered.cr:163:14 in 'write'
|   from /home/uchiha/playground/crystal/src/http/server/response.cr:282:11 in 'unbuffered_write'
|   from /home/uchiha/playground/crystal/src/io/buffered.cr:163:14 in 'write'
|   from /home/uchiha/playground/crystal/src/http/server/response.cr:107:7 in 'write'
|   from /home/uchiha/playground/crystal/src/io.cr:488:7 in 'write_string'
|   from lib/kemal/src/kemal/ext/context.cr:21:19 in 'call'
|   from lib/kemal/src/kemal/websocket_handler.cr:13:14 in 'call'
|   from /home/uchiha/playground/crystal/src/http/server/handler.cr:30:7 in 'call_next'
|   from lib/kemal/src/kemal/filter_handler.cr:46:7 in 'call'
|   from /home/uchiha/playground/crystal/src/http/server/handler.cr:30:7 in 'call_next'
|   from src/middlewares/web_api_auth_middleware.cr:8:12 in 'call'
|   from /home/uchiha/playground/crystal/src/http/server/handler.cr:30:7 in 'call_next'
|   from src/middlewares/admin_api_auth_middleware.cr:7:12 in 'call'
|   from /home/uchiha/playground/crystal/src/http/server/handler.cr:30:7 in 'call_next'
|   from /home/uchiha/playground/crystal/src/http/server/handlers/static_file_handler.cr:60:12 in 'call'
|   from /home/uchiha/playground/crystal/src/http/server/handler.cr:30:7 in 'call'
|   from /home/uchiha/playground/crystal/src/http/server/handler.cr:30:7 in 'call'
|   from /home/uchiha/playground/crystal/src/http/server/handler.cr:30:7 in 'call'
|   from /home/uchiha/playground/crystal/src/http/server/handler.cr:30:7 in 'call'
|   from /home/uchiha/playground/crystal/src/http/server/request_processor.cr:58:11 in 'process'
|   from /home/uchiha/playground/crystal/src/http/server.cr:506:5 in '->'
|   from /home/uchiha/playground/crystal/src/fiber.cr:168:11 in 'run'
|   from /home/uchiha/playground/crystal/src/fiber.cr:103:3 in '->'
|   from ???
ERR 2026-08-03T17:43:37.707Z > Unhandled exception on HTTP::Handler
| Closed stream (IO::Error)
|   from /home/uchiha/playground/crystal/src/http/server/response.cr:215:15 in 'render_500'
|   from lib/kemal/src/kemal/exception_handler.cr:34:7 in 'call'
|   from /home/uchiha/playground/crystal/src/http/server/handler.cr:30:7 in 'call'
|   from /home/uchiha/playground/crystal/src/http/server/handler.cr:30:7 in 'call'
|   from /home/uchiha/playground/crystal/src/http/server/handler.cr:30:7 in 'call'
|   from /home/uchiha/playground/crystal/src/http/server/request_processor.cr:58:11 in 'process'
|   from /home/uchiha/playground/crystal/src/http/server.cr:506:5 in '->'
|   from /home/uchiha/playground/crystal/src/fiber.cr:168:11 in 'run'
|   from /home/uchiha/playground/crystal/src/fiber.cr:103:3 in '->'
|   from ???
ERR 2026-08-03T17:43:37.708Z > Error while writing data to the client
| Error while writing data to the client (HTTP::Server::ClientError)
|   from /home/uchiha/playground/crystal/src/http/server/response.cr:266:9 in 'unbuffered_write'
|   from /home/uchiha/playground/crystal/src/io/buffered.cr:163:14 in 'write'
|   from /home/uchiha/playground/crystal/src/http/server/response.cr:107:7 in 'write'
|   from /home/uchiha/playground/crystal/src/io.cr:488:7 in 'write_string'
|   from lib/kemal/src/kemal/ext/context.cr:21:19 in 'call'
|   from lib/kemal/src/kemal/websocket_handler.cr:13:14 in 'call'
|   from /home/uchiha/playground/crystal/src/http/server/handler.cr:30:7 in 'call_next'
|   from lib/kemal/src/kemal/filter_handler.cr:46:7 in 'call'
|   from /home/uchiha/playground/crystal/src/http/server/handler.cr:30:7 in 'call_next'
|   from src/middlewares/web_api_auth_middleware.cr:8:12 in 'call'
|   from /home/uchiha/playground/crystal/src/http/server/handler.cr:30:7 in 'call_next'
|   from src/middlewares/admin_api_auth_middleware.cr:7:12 in 'call'
|   from /home/uchiha/playground/crystal/src/http/server/handler.cr:30:7 in 'call_next'
|   from /home/uchiha/playground/crystal/src/http/server/handlers/static_file_handler.cr:60:12 in 'call'
|   from /home/uchiha/playground/crystal/src/http/server/handler.cr:30:7 in 'call'
|   from /home/uchiha/playground/crystal/src/http/server/handler.cr:30:7 in 'call'
|   from /home/uchiha/playground/crystal/src/http/server/handler.cr:30:7 in 'call'
|   from /home/uchiha/playground/crystal/src/http/server/handler.cr:30:7 in 'call'
|   from /home/uchiha/playground/crystal/src/http/server/request_processor.cr:58:11 in 'process'
|   from /home/uchiha/playground/crystal/src/http/server.cr:506:5 in '->'
|   from /home/uchiha/playground/crystal/src/fiber.cr:168:11 in 'run'
|   from /home/uchiha/playground/crystal/src/fiber.cr:103:3 in '->'
|   from ???
| Caused by: write (#<TCPSocket:0x7313d9916288>): Broken pipe (IO::Error)
|   from /home/uchiha/playground/crystal/src/io/buffered.cr:163:14 in 'write'
|   from /home/uchiha/playground/crystal/src/http/server/response.cr:282:11 in 'unbuffered_write'
|   from /home/uchiha/playground/crystal/src/io/buffered.cr:163:14 in 'write'
|   from /home/uchiha/playground/crystal/src/http/server/response.cr:107:7 in 'write'
|   from /home/uchiha/playground/crystal/src/io.cr:488:7 in 'write_string'
|   from lib/kemal/src/kemal/ext/context.cr:21:19 in 'call'
|   from lib/kemal/src/kemal/websocket_handler.cr:13:14 in 'call'
|   from /home/uchiha/playground/crystal/src/http/server/handler.cr:30:7 in 'call_next'
|   from lib/kemal/src/kemal/filter_handler.cr:46:7 in 'call'
|   from /home/uchiha/playground/crystal/src/http/server/handler.cr:30:7 in 'call_next'
|   from src/middlewares/web_api_auth_middleware.cr:8:12 in 'call'
|   from /home/uchiha/playground/crystal/src/http/server/handler.cr:30:7 in 'call_next'
|   from src/middlewares/admin_api_auth_middleware.cr:7:12 in 'call'
|   from /home/uchiha/playground/crystal/src/http/server/handler.cr:30:7 in 'call_next'
|   from /home/uchiha/playground/crystal/src/http/server/handlers/static_file_handler.cr:60:12 in 'call'
|   from /home/uchiha/playground/crystal/src/http/server/handler.cr:30:7 in 'call'
|   from /home/uchiha/playground/crystal/src/http/server/handler.cr:30:7 in 'call'
|   from /home/uchiha/playground/crystal/src/http/server/handler.cr:30:7 in 'call'
|   from /home/uchiha/playground/crystal/src/http/server/handler.cr:30:7 in 'call'
|   from /home/uchiha/playground/crystal/src/http/server/request_processor.cr:58:11 in 'process'
|   from /home/uchiha/playground/crystal/src/http/server.cr:506:5 in '->'
|   from /home/uchiha/playground/crystal/src/fiber.cr:168:11 in 'run'
|   from /home/uchiha/playground/crystal/src/fiber.cr:103:3 in '->'
|   from ???
ERR 2026-08-03T17:43:37.708Z > Unhandled exception on HTTP::Handler
| Closed stream (IO::Error)
|   from /home/uchiha/playground/crystal/src/http/server/response.cr:215:15 in 'render_500'
|   from lib/kemal/src/kemal/exception_handler.cr:34:7 in 'call'
|   from /home/uchiha/playground/crystal/src/http/server/handler.cr:30:7 in 'call'
|   from /home/uchiha/playground/crystal/src/http/server/handler.cr:30:7 in 'call'
|   from /home/uchiha/playground/crystal/src/http/server/handler.cr:30:7 in 'call'
|   from /home/uchiha/playground/crystal/src/http/server/request_processor.cr:58:11 in 'process'
|   from /home/uchiha/playground/crystal/src/http/server.cr:506:5 in '->'
|   from /home/uchiha/playground/crystal/src/fiber.cr:168:11 in 'run'
|   from /home/uchiha/playground/crystal/src/fiber.cr:103:3 in '->'
|   from ???
ERR 2026-08-03T17:43:37.709Z > Error while writing data to the client
| Error while writing data to the client (HTTP::Server::ClientError)
|   from /home/uchiha/playground/crystal/src/http/server/response.cr:266:9 in 'unbuffered_write'
|   from /home/uchiha/playground/crystal/src/io/buffered.cr:163:14 in 'write'
|   from /home/uchiha/playground/crystal/src/http/server/response.cr:107:7 in 'write'
|   from /home/uchiha/playground/crystal/src/io.cr:488:7 in 'write_string'
|   from lib/kemal/src/kemal/ext/context.cr:21:19 in 'call'
|   from lib/kemal/src/kemal/websocket_handler.cr:13:14 in 'call'
|   from /home/uchiha/playground/crystal/src/http/server/handler.cr:30:7 in 'call_next'
|   from lib/kemal/src/kemal/filter_handler.cr:46:7 in 'call'
|   from /home/uchiha/playground/crystal/src/http/server/handler.cr:30:7 in 'call_next'
|   from src/middlewares/web_api_auth_middleware.cr:8:12 in 'call'
|   from /home/uchiha/playground/crystal/src/http/server/handler.cr:30:7 in 'call_next'
|   from src/middlewares/admin_api_auth_middleware.cr:7:12 in 'call'
|   from /home/uchiha/playground/crystal/src/http/server/handler.cr:30:7 in 'call_next'
|   from /home/uchiha/playground/crystal/src/http/server/handlers/static_file_handler.cr:60:12 in 'call'
|   from /home/uchiha/playground/crystal/src/http/server/handler.cr:30:7 in 'call'
|   from /home/uchiha/playground/crystal/src/http/server/handler.cr:30:7 in 'call'
|   from /home/uchiha/playground/crystal/src/http/server/handler.cr:30:7 in 'call'
|   from /home/uchiha/playground/crystal/src/http/server/handler.cr:30:7 in 'call'
|   from /home/uchiha/playground/crystal/src/http/server/request_processor.cr:58:11 in 'process'
|   from /home/uchiha/playground/crystal/src/http/server.cr:506:5 in '->'
|   from /home/uchiha/playground/crystal/src/fiber.cr:168:11 in 'run'
|   from /home/uchiha/playground/crystal/src/fiber.cr:103:3 in '->'
|   from ???
| Caused by: write (#<TCPSocket:0x7313d9914ed8>): Broken pipe (IO::Error)
|   from /home/uchiha/playground/crystal/src/io/buffered.cr:163:14 in 'write'
|   from /home/uchiha/playground/crystal/src/http/server/response.cr:282:11 in 'unbuffered_write'
|   from /home/uchiha/playground/crystal/src/io/buffered.cr:163:14 in 'write'
|   from /home/uchiha/playground/crystal/src/http/server/response.cr:107:7 in 'write'
|   from /home/uchiha/playground/crystal/src/io.cr:488:7 in 'write_string'
|   from lib/kemal/src/kemal/ext/context.cr:21:19 in 'call'
|   from lib/kemal/src/kemal/websocket_handler.cr:13:14 in 'call'
|   from /home/uchiha/playground/crystal/src/http/server/handler.cr:30:7 in 'call_next'
|   from lib/kemal/src/kemal/filter_handler.cr:46:7 in 'call'
|   from /home/uchiha/playground/crystal/src/http/server/handler.cr:30:7 in 'call_next'
|   from src/middlewares/web_api_auth_middleware.cr:8:12 in 'call'
|   from /home/uchiha/playground/crystal/src/http/server/handler.cr:30:7 in 'call_next'
|   from src/middlewares/admin_api_auth_middleware.cr:7:12 in 'call'
|   from /home/uchiha/playground/crystal/src/http/server/handler.cr:30:7 in 'call_next'
|   from /home/uchiha/playground/crystal/src/http/server/handlers/static_file_handler.cr:60:12 in 'call'
|   from /home/uchiha/playground/crystal/src/http/server/handler.cr:30:7 in 'call'
|   from /home/uchiha/playground/crystal/src/http/server/handler.cr:30:7 in 'call'
|   from /home/uchiha/playground/crystal/src/http/server/handler.cr:30:7 in 'call'
|   from /home/uchiha/playground/crystal/src/http/server/handler.cr:30:7 in 'call'
|   from /home/uchiha/playground/crystal/src/http/server/request_processor.cr:58:11 in 'process'
|   from /home/uchiha/playground/crystal/src/http/server.cr:506:5 in '->'
|   from /home/uchiha/playground/crystal/src/fiber.cr:168:11 in 'run'
|   from /home/uchiha/playground/crystal/src/fiber.cr:103:3 in '->'
|   from ???
ERR 2026-08-03T17:43:37.709Z > Unhandled exception on HTTP::Handler
| Closed stream (IO::Error)
|   from /home/uchiha/playground/crystal/src/http/server/response.cr:215:15 in 'render_500'
|   from lib/kemal/src/kemal/exception_handler.cr:34:7 in 'call'
|   from /home/uchiha/playground/crystal/src/http/server/handler.cr:30:7 in 'call'
|   from /home/uchiha/playground/crystal/src/http/server/handler.cr:30:7 in 'call'
|   from /home/uchiha/playground/crystal/src/http/server/handler.cr:30:7 in 'call'
|   from /home/uchiha/playground/crystal/src/http/server/request_processor.cr:58:11 in 'process'
|   from /home/uchiha/playground/crystal/src/http/server.cr:506:5 in '->'
|   from /home/uchiha/playground/crystal/src/fiber.cr:168:11 in 'run'
|   from /home/uchiha/playground/crystal/src/fiber.cr:103:3 in '->'
|   from ???
ERR 2026-08-03T17:43:37.710Z > Error while writing data to the client
| Error while writing data to the client (HTTP::Server::ClientError)
|   from /home/uchiha/playground/crystal/src/http/server/response.cr:266:9 in 'unbuffered_write'
|   from /home/uchiha/playground/crystal/src/io/buffered.cr:163:14 in 'write'
|   from /home/uchiha/playground/crystal/src/http/server/response.cr:107:7 in 'write'
|   from /home/uchiha/playground/crystal/src/io.cr:488:7 in 'write_string'
|   from lib/kemal/src/kemal/ext/context.cr:21:19 in 'call'
|   from lib/kemal/src/kemal/websocket_handler.cr:13:14 in 'call'
|   from /home/uchiha/playground/crystal/src/http/server/handler.cr:30:7 in 'call_next'
|   from lib/kemal/src/kemal/filter_handler.cr:46:7 in 'call'
|   from /home/uchiha/playground/crystal/src/http/server/handler.cr:30:7 in 'call_next'
|   from src/middlewares/web_api_auth_middleware.cr:8:12 in 'call'
|   from /home/uchiha/playground/crystal/src/http/server/handler.cr:30:7 in 'call_next'
|   from src/middlewares/admin_api_auth_middleware.cr:7:12 in 'call'
|   from /home/uchiha/playground/crystal/src/http/server/handler.cr:30:7 in 'call_next'
|   from /home/uchiha/playground/crystal/src/http/server/handlers/static_file_handler.cr:60:12 in 'call'
|   from /home/uchiha/playground/crystal/src/http/server/handler.cr:30:7 in 'call'
|   from /home/uchiha/playground/crystal/src/http/server/handler.cr:30:7 in 'call'
|   from /home/uchiha/playground/crystal/src/http/server/handler.cr:30:7 in 'call'
|   from /home/uchiha/playground/crystal/src/http/server/handler.cr:30:7 in 'call'
|   from /home/uchiha/playground/crystal/src/http/server/request_processor.cr:58:11 in 'process'
|   from /home/uchiha/playground/crystal/src/http/server.cr:506:5 in '->'
|   from /home/uchiha/playground/crystal/src/fiber.cr:168:11 in 'run'
|   from /home/uchiha/playground/crystal/src/fiber.cr:103:3 in '->'
|   from ???
| Caused by: write (#<TCPSocket:0x7313d9913dc8>): Broken pipe (IO::Error)
|   from /home/uchiha/playground/crystal/src/io/buffered.cr:163:14 in 'write'
|   from /home/uchiha/playground/crystal/src/http/server/response.cr:282:11 in 'unbuffered_write'
|   from /home/uchiha/playground/crystal/src/io/buffered.cr:163:14 in 'write'
|   from /home/uchiha/playground/crystal/src/http/server/response.cr:107:7 in 'write'
|   from /home/uchiha/playground/crystal/src/io.cr:488:7 in 'write_string'
|   from lib/kemal/src/kemal/ext/context.cr:21:19 in 'call'
|   from lib/kemal/src/kemal/websocket_handler.cr:13:14 in 'call'
|   from /home/uchiha/playground/crystal/src/http/server/handler.cr:30:7 in 'call_next'
|   from lib/kemal/src/kemal/filter_handler.cr:46:7 in 'call'
|   from /home/uchiha/playground/crystal/src/http/server/handler.cr:30:7 in 'call_next'
|   from src/middlewares/web_api_auth_middleware.cr:8:12 in 'call'
|   from /home/uchiha/playground/crystal/src/http/server/handler.cr:30:7 in 'call_next'
|   from src/middlewares/admin_api_auth_middleware.cr:7:12 in 'call'
|   from /home/uchiha/playground/crystal/src/http/server/handler.cr:30:7 in 'call_next'
|   from /home/uchiha/playground/crystal/src/http/server/handlers/static_file_handler.cr:60:12 in 'call'
|   from /home/uchiha/playground/crystal/src/http/server/handler.cr:30:7 in 'call'
|   from /home/uchiha/playground/crystal/src/http/server/handler.cr:30:7 in 'call'
|   from /home/uchiha/playground/crystal/src/http/server/handler.cr:30:7 in 'call'
|   from /home/uchiha/playground/crystal/src/http/server/handler.cr:30:7 in 'call'
|   from /home/uchiha/playground/crystal/src/http/server/request_processor.cr:58:11 in 'process'
|   from /home/uchiha/playground/crystal/src/http/server.cr:506:5 in '->'
|   from /home/uchiha/playground/crystal/src/fiber.cr:168:11 in 'run'
|   from /home/uchiha/playground/crystal/src/fiber.cr:103:3 in '->'
|   from ???
ERR 2026-08-03T17:43:37.710Z > Unhandled exception on HTTP::Handler
| Closed stream (IO::Error)
|   from /home/uchiha/playground/crystal/src/http/server/response.cr:215:15 in 'render_500'
|   from lib/kemal/src/kemal/exception_handler.cr:34:7 in 'call'
|   from /home/uchiha/playground/crystal/src/http/server/handler.cr:30:7 in 'call'
|   from /home/uchiha/playground/crystal/src/http/server/handler.cr:30:7 in 'call'
|   from /home/uchiha/playground/crystal/src/http/server/handler.cr:30:7 in 'call'
|   from /home/uchiha/playground/crystal/src/http/server/request_processor.cr:58:11 in 'process'
|   from /home/uchiha/playground/crystal/src/http/server.cr:506:5 in '->'
|   from /home/uchiha/playground/crystal/src/fiber.cr:168:11 in 'run'
|   from /home/uchiha/playground/crystal/src/fiber.cr:103:3 in '->'
|   from ???
ERR 2026-08-03T17:43:37.711Z > Error while writing data to the client
| Error while writing data to the client (HTTP::Server::ClientError)
|   from /home/uchiha/playground/crystal/src/http/server/response.cr:266:9 in 'unbuffered_write'
|   from /home/uchiha/playground/crystal/src/io/buffered.cr:163:14 in 'write'
|   from /home/uchiha/playground/crystal/src/http/server/response.cr:107:7 in 'write'
|   from /home/uchiha/playground/crystal/src/io.cr:488:7 in 'write_string'
|   from lib/kemal/src/kemal/ext/context.cr:21:19 in 'call'
|   from lib/kemal/src/kemal/websocket_handler.cr:13:14 in 'call'
|   from /home/uchiha/playground/crystal/src/http/server/handler.cr:30:7 in 'call_next'
|   from lib/kemal/src/kemal/filter_handler.cr:46:7 in 'call'
|   from /home/uchiha/playground/crystal/src/http/server/handler.cr:30:7 in 'call_next'
|   from src/middlewares/web_api_auth_middleware.cr:8:12 in 'call'
|   from /home/uchiha/playground/crystal/src/http/server/handler.cr:30:7 in 'call_next'
|   from src/middlewares/admin_api_auth_middleware.cr:7:12 in 'call'
|   from /home/uchiha/playground/crystal/src/http/server/handler.cr:30:7 in 'call_next'
|   from /home/uchiha/playground/crystal/src/http/server/handlers/static_file_handler.cr:60:12 in 'call'
|   from /home/uchiha/playground/crystal/src/http/server/handler.cr:30:7 in 'call'
|   from /home/uchiha/playground/crystal/src/http/server/handler.cr:30:7 in 'call'
|   from /home/uchiha/playground/crystal/src/http/server/handler.cr:30:7 in 'call'
|   from /home/uchiha/playground/crystal/src/http/server/handler.cr:30:7 in 'call'
|   from /home/uchiha/playground/crystal/src/http/server/request_processor.cr:58:11 in 'process'
|   from /home/uchiha/playground/crystal/src/http/server.cr:506:5 in '->'
|   from /home/uchiha/playground/crystal/src/fiber.cr:168:11 in 'run'
|   from /home/uchiha/playground/crystal/src/fiber.cr:103:3 in '->'
|   from ???
| Caused by: write (#<TCPSocket:0x7313d99152c8>): Broken pipe (IO::Error)
|   from /home/uchiha/playground/crystal/src/io/buffered.cr:163:14 in 'write'
|   from /home/uchiha/playground/crystal/src/http/server/response.cr:282:11 in 'unbuffered_write'
|   from /home/uchiha/playground/crystal/src/io/buffered.cr:163:14 in 'write'
|   from /home/uchiha/playground/crystal/src/http/server/response.cr:107:7 in 'write'
|   from /home/uchiha/playground/crystal/src/io.cr:488:7 in 'write_string'
|   from lib/kemal/src/kemal/ext/context.cr:21:19 in 'call'
|   from lib/kemal/src/kemal/websocket_handler.cr:13:14 in 'call'
|   from /home/uchiha/playground/crystal/src/http/server/handler.cr:30:7 in 'call_next'
|   from lib/kemal/src/kemal/filter_handler.cr:46:7 in 'call'
|   from /home/uchiha/playground/crystal/src/http/server/handler.cr:30:7 in 'call_next'
|   from src/middlewares/web_api_auth_middleware.cr:8:12 in 'call'
|   from /home/uchiha/playground/crystal/src/http/server/handler.cr:30:7 in 'call_next'
|   from src/middlewares/admin_api_auth_middleware.cr:7:12 in 'call'
|   from /home/uchiha/playground/crystal/src/http/server/handler.cr:30:7 in 'call_next'
|   from /home/uchiha/playground/crystal/src/http/server/handlers/static_file_handler.cr:60:12 in 'call'
|   from /home/uchiha/playground/crystal/src/http/server/handler.cr:30:7 in 'call'
|   from /home/uchiha/playground/crystal/src/http/server/handler.cr:30:7 in 'call'
|   from /home/uchiha/playground/crystal/src/http/server/handler.cr:30:7 in 'call'
|   from /home/uchiha/playground/crystal/src/http/server/handler.cr:30:7 in 'call'
|   from /home/uchiha/playground/crystal/src/http/server/request_processor.cr:58:11 in 'process'
|   from /home/uchiha/playground/crystal/src/http/server.cr:506:5 in '->'
|   from /home/uchiha/playground/crystal/src/fiber.cr:168:11 in 'run'
|   from /home/uchiha/playground/crystal/src/fiber.cr:103:3 in '->'
|   from ???
ERR 2026-08-03T17:43:37.711Z > Unhandled exception on HTTP::Handler
| Closed stream (IO::Error)
|   from /home/uchiha/playground/crystal/src/http/server/response.cr:215:15 in 'render_500'
|   from lib/kemal/src/kemal/exception_handler.cr:34:7 in 'call'
|   from /home/uchiha/playground/crystal/src/http/server/handler.cr:30:7 in 'call'
|   from /home/uchiha/playground/crystal/src/http/server/handler.cr:30:7 in 'call'
|   from /home/uchiha/playground/crystal/src/http/server/handler.cr:30:7 in 'call'
|   from /home/uchiha/playground/crystal/src/http/server/request_processor.cr:58:11 in 'process'
|   from /home/uchiha/playground/crystal/src/http/server.cr:506:5 in '->'
|   from /home/uchiha/playground/crystal/src/fiber.cr:168:11 in 'run'
|   from /home/uchiha/playground/crystal/src/fiber.cr:103:3 in '->'
|   from ???
INF 2026-08-03T17:43:37.718Z > 200 GET /gc-live-attr 6.34ms
ERR 2026-08-03T17:43:37.826Z > Error while writing data to the client
| Error while writing data to the client (HTTP::Server::ClientError)
|   from /home/uchiha/playground/crystal/src/http/server/response.cr:266:9 in 'unbuffered_write'
|   from /home/uchiha/playground/crystal/src/io/buffered.cr:163:14 in 'write'
|   from /home/uchiha/playground/crystal/src/http/server/response.cr:107:7 in 'write'
|   from /home/uchiha/playground/crystal/src/io.cr:488:7 in 'write_string'
|   from lib/kemal/src/kemal/ext/context.cr:21:19 in 'call'
|   from lib/kemal/src/kemal/websocket_handler.cr:13:14 in 'call'
|   from /home/uchiha/playground/crystal/src/http/server/handler.cr:30:7 in 'call_next'
|   from lib/kemal/src/kemal/filter_handler.cr:46:7 in 'call'
|   from /home/uchiha/playground/crystal/src/http/server/handler.cr:30:7 in 'call_next'
|   from src/middlewares/web_api_auth_middleware.cr:8:12 in 'call'
|   from /home/uchiha/playground/crystal/src/http/server/handler.cr:30:7 in 'call_next'
|   from src/middlewares/admin_api_auth_middleware.cr:7:12 in 'call'
|   from /home/uchiha/playground/crystal/src/http/server/handler.cr:30:7 in 'call_next'
|   from /home/uchiha/playground/crystal/src/http/server/handlers/static_file_handler.cr:60:12 in 'call'
|   from /home/uchiha/playground/crystal/src/http/server/handler.cr:30:7 in 'call'
|   from /home/uchiha/playground/crystal/src/http/server/handler.cr:30:7 in 'call'
|   from /home/uchiha/playground/crystal/src/http/server/handler.cr:30:7 in 'call'
|   from /home/uchiha/playground/crystal/src/http/server/handler.cr:30:7 in 'call'
|   from /home/uchiha/playground/crystal/src/http/server/request_processor.cr:58:11 in 'process'
|   from /home/uchiha/playground/crystal/src/http/server.cr:506:5 in '->'
|   from /home/uchiha/playground/crystal/src/fiber.cr:168:11 in 'run'
|   from /home/uchiha/playground/crystal/src/fiber.cr:103:3 in '->'
|   from ???
| Caused by: write (#<TCPSocket:0x7313d9917e18>): Broken pipe (IO::Error)
|   from /home/uchiha/playground/crystal/src/io/buffered.cr:163:14 in 'write'
|   from /home/uchiha/playground/crystal/src/http/server/response.cr:282:11 in 'unbuffered_write'
|   from /home/uchiha/playground/crystal/src/io/buffered.cr:163:14 in 'write'
|   from /home/uchiha/playground/crystal/src/http/server/response.cr:107:7 in 'write'
|   from /home/uchiha/playground/crystal/src/io.cr:488:7 in 'write_string'
|   from lib/kemal/src/kemal/ext/context.cr:21:19 in 'call'
|   from lib/kemal/src/kemal/websocket_handler.cr:13:14 in 'call'
|   from /home/uchiha/playground/crystal/src/http/server/handler.cr:30:7 in 'call_next'
|   from lib/kemal/src/kemal/filter_handler.cr:46:7 in 'call'
|   from /home/uchiha/playground/crystal/src/http/server/handler.cr:30:7 in 'call_next'
|   from src/middlewares/web_api_auth_middleware.cr:8:12 in 'call'
|   from /home/uchiha/playground/crystal/src/http/server/handler.cr:30:7 in 'call_next'
|   from src/middlewares/admin_api_auth_middleware.cr:7:12 in 'call'
|   from /home/uchiha/playground/crystal/src/http/server/handler.cr:30:7 in 'call_next'
|   from /home/uchiha/playground/crystal/src/http/server/handlers/static_file_handler.cr:60:12 in 'call'
|   from /home/uchiha/playground/crystal/src/http/server/handler.cr:30:7 in 'call'
|   from /home/uchiha/playground/crystal/src/http/server/handler.cr:30:7 in 'call'
|   from /home/uchiha/playground/crystal/src/http/server/handler.cr:30:7 in 'call'
|   from /home/uchiha/playground/crystal/src/http/server/handler.cr:30:7 in 'call'
|   from /home/uchiha/playground/crystal/src/http/server/request_processor.cr:58:11 in 'process'
|   from /home/uchiha/playground/crystal/src/http/server.cr:506:5 in '->'
|   from /home/uchiha/playground/crystal/src/fiber.cr:168:11 in 'run'
|   from /home/uchiha/playground/crystal/src/fiber.cr:103:3 in '->'
|   from ???
ERR 2026-08-03T17:43:37.826Z > Unhandled exception on HTTP::Handler
| Closed stream (IO::Error)
|   from /home/uchiha/playground/crystal/src/http/server/response.cr:215:15 in 'render_500'
|   from lib/kemal/src/kemal/exception_handler.cr:34:7 in 'call'
|   from /home/uchiha/playground/crystal/src/http/server/handler.cr:30:7 in 'call'
|   from /home/uchiha/playground/crystal/src/http/server/handler.cr:30:7 in 'call'
|   from /home/uchiha/playground/crystal/src/http/server/handler.cr:30:7 in 'call'
|   from /home/uchiha/playground/crystal/src/http/server/request_processor.cr:58:11 in 'process'
|   from /home/uchiha/playground/crystal/src/http/server.cr:506:5 in '->'
|   from /home/uchiha/playground/crystal/src/fiber.cr:168:11 in 'run'
|   from /home/uchiha/playground/crystal/src/fiber.cr:103:3 in '->'
|   from ???
ERR 2026-08-03T17:43:37.827Z > Error while writing data to the client
| Error while writing data to the client (HTTP::Server::ClientError)
|   from /home/uchiha/playground/crystal/src/http/server/response.cr:266:9 in 'unbuffered_write'
|   from /home/uchiha/playground/crystal/src/io/buffered.cr:163:14 in 'write'
|   from /home/uchiha/playground/crystal/src/http/server/response.cr:107:7 in 'write'
|   from /home/uchiha/playground/crystal/src/io.cr:488:7 in 'write_string'
|   from lib/kemal/src/kemal/ext/context.cr:21:19 in 'call'
|   from lib/kemal/src/kemal/websocket_handler.cr:13:14 in 'call'
|   from /home/uchiha/playground/crystal/src/http/server/handler.cr:30:7 in 'call_next'
|   from lib/kemal/src/kemal/filter_handler.cr:46:7 in 'call'
|   from /home/uchiha/playground/crystal/src/http/server/handler.cr:30:7 in 'call_next'
|   from src/middlewares/web_api_auth_middleware.cr:8:12 in 'call'
|   from /home/uchiha/playground/crystal/src/http/server/handler.cr:30:7 in 'call_next'
|   from src/middlewares/admin_api_auth_middleware.cr:7:12 in 'call'
|   from /home/uchiha/playground/crystal/src/http/server/handler.cr:30:7 in 'call_next'
|   from /home/uchiha/playground/crystal/src/http/server/handlers/static_file_handler.cr:60:12 in 'call'
|   from /home/uchiha/playground/crystal/src/http/server/handler.cr:30:7 in 'call'
|   from /home/uchiha/playground/crystal/src/http/server/handler.cr:30:7 in 'call'
|   from /home/uchiha/playground/crystal/src/http/server/handler.cr:30:7 in 'call'
|   from /home/uchiha/playground/crystal/src/http/server/handler.cr:30:7 in 'call'
|   from /home/uchiha/playground/crystal/src/http/server/request_processor.cr:58:11 in 'process'
|   from /home/uchiha/playground/crystal/src/http/server.cr:506:5 in '->'
|   from /home/uchiha/playground/crystal/src/fiber.cr:168:11 in 'run'
|   from /home/uchiha/playground/crystal/src/fiber.cr:103:3 in '->'
|   from ???
| Caused by: write (#<TCPSocket:0x7313d9915e98>): Broken pipe (IO::Error)
|   from /home/uchiha/playground/crystal/src/io/buffered.cr:163:14 in 'write'
|   from /home/uchiha/playground/crystal/src/http/server/response.cr:282:11 in 'unbuffered_write'
|   from /home/uchiha/playground/crystal/src/io/buffered.cr:163:14 in 'write'
|   from /home/uchiha/playground/crystal/src/http/server/response.cr:107:7 in 'write'
|   from /home/uchiha/playground/crystal/src/io.cr:488:7 in 'write_string'
|   from lib/kemal/src/kemal/ext/context.cr:21:19 in 'call'
|   from lib/kemal/src/kemal/websocket_handler.cr:13:14 in 'call'
|   from /home/uchiha/playground/crystal/src/http/server/handler.cr:30:7 in 'call_next'
|   from lib/kemal/src/kemal/filter_handler.cr:46:7 in 'call'
|   from /home/uchiha/playground/crystal/src/http/server/handler.cr:30:7 in 'call_next'
|   from src/middlewares/web_api_auth_middleware.cr:8:12 in 'call'
|   from /home/uchiha/playground/crystal/src/http/server/handler.cr:30:7 in 'call_next'
|   from src/middlewares/admin_api_auth_middleware.cr:7:12 in 'call'
|   from /home/uchiha/playground/crystal/src/http/server/handler.cr:30:7 in 'call_next'
|   from /home/uchiha/playground/crystal/src/http/server/handlers/static_file_handler.cr:60:12 in 'call'
|   from /home/uchiha/playground/crystal/src/http/server/handler.cr:30:7 in 'call'
|   from /home/uchiha/playground/crystal/src/http/server/handler.cr:30:7 in 'call'
|   from /home/uchiha/playground/crystal/src/http/server/handler.cr:30:7 in 'call'
|   from /home/uchiha/playground/crystal/src/http/server/handler.cr:30:7 in 'call'
|   from /home/uchiha/playground/crystal/src/http/server/request_processor.cr:58:11 in 'process'
|   from /home/uchiha/playground/crystal/src/http/server.cr:506:5 in '->'
|   from /home/uchiha/playground/crystal/src/fiber.cr:168:11 in 'run'
|   from /home/uchiha/playground/crystal/src/fiber.cr:103:3 in '->'
|   from ???
ERR 2026-08-03T17:43:37.828Z > Unhandled exception on HTTP::Handler
| Closed stream (IO::Error)
|   from /home/uchiha/playground/crystal/src/http/server/response.cr:215:15 in 'render_500'
|   from lib/kemal/src/kemal/exception_handler.cr:34:7 in 'call'
|   from /home/uchiha/playground/crystal/src/http/server/handler.cr:30:7 in 'call'
|   from /home/uchiha/playground/crystal/src/http/server/handler.cr:30:7 in 'call'
|   from /home/uchiha/playground/crystal/src/http/server/handler.cr:30:7 in 'call'
|   from /home/uchiha/playground/crystal/src/http/server/request_processor.cr:58:11 in 'process'
|   from /home/uchiha/playground/crystal/src/http/server.cr:506:5 in '->'
|   from /home/uchiha/playground/crystal/src/fiber.cr:168:11 in 'run'
|   from /home/uchiha/playground/crystal/src/fiber.cr:103:3 in '->'
|   from ???
INF 2026-08-03T17:43:37.847Z > 200 GET /gc-stats 85.52µs
ERR 2026-08-03T17:43:37.848Z > Error while writing data to the client
| Error while writing data to the client (HTTP::Server::ClientError)
|   from /home/uchiha/playground/crystal/src/http/server/response.cr:266:9 in 'unbuffered_write'
|   from /home/uchiha/playground/crystal/src/io/buffered.cr:163:14 in 'write'
|   from /home/uchiha/playground/crystal/src/http/server/response.cr:107:7 in 'write'
|   from /home/uchiha/playground/crystal/src/io.cr:488:7 in 'write_string'
|   from lib/kemal/src/kemal/ext/context.cr:21:19 in 'call'
|   from lib/kemal/src/kemal/websocket_handler.cr:13:14 in 'call'
|   from /home/uchiha/playground/crystal/src/http/server/handler.cr:30:7 in 'call_next'
|   from lib/kemal/src/kemal/filter_handler.cr:46:7 in 'call'
|   from /home/uchiha/playground/crystal/src/http/server/handler.cr:30:7 in 'call_next'
|   from src/middlewares/web_api_auth_middleware.cr:8:12 in 'call'
|   from /home/uchiha/playground/crystal/src/http/server/handler.cr:30:7 in 'call_next'
|   from src/middlewares/admin_api_auth_middleware.cr:7:12 in 'call'
|   from /home/uchiha/playground/crystal/src/http/server/handler.cr:30:7 in 'call_next'
|   from /home/uchiha/playground/crystal/src/http/server/handlers/static_file_handler.cr:60:12 in 'call'
|   from /home/uchiha/playground/crystal/src/http/server/handler.cr:30:7 in 'call'
|   from /home/uchiha/playground/crystal/src/http/server/handler.cr:30:7 in 'call'
|   from /home/uchiha/playground/crystal/src/http/server/handler.cr:30:7 in 'call'
|   from /home/uchiha/playground/crystal/src/http/server/handler.cr:30:7 in 'call'
|   from /home/uchiha/playground/crystal/src/http/server/request_processor.cr:58:11 in 'process'
|   from /home/uchiha/playground/crystal/src/http/server.cr:506:5 in '->'
|   from /home/uchiha/playground/crystal/src/fiber.cr:168:11 in 'run'
|   from /home/uchiha/playground/crystal/src/fiber.cr:103:3 in '->'
|   from ???
| Caused by: write (#<TCPSocket:0x7313d9919c48>): Broken pipe (IO::Error)
|   from /home/uchiha/playground/crystal/src/io/buffered.cr:163:14 in 'write'
|   from /home/uchiha/playground/crystal/src/http/server/response.cr:282:11 in 'unbuffered_write'
|   from /home/uchiha/playground/crystal/src/io/buffered.cr:163:14 in 'write'
|   from /home/uchiha/playground/crystal/src/http/server/response.cr:107:7 in 'write'
|   from /home/uchiha/playground/crystal/src/io.cr:488:7 in 'write_string'
|   from lib/kemal/src/kemal/ext/context.cr:21:19 in 'call'
|   from lib/kemal/src/kemal/websocket_handler.cr:13:14 in 'call'
|   from /home/uchiha/playground/crystal/src/http/server/handler.cr:30:7 in 'call_next'
|   from lib/kemal/src/kemal/filter_handler.cr:46:7 in 'call'
|   from /home/uchiha/playground/crystal/src/http/server/handler.cr:30:7 in 'call_next'
|   from src/middlewares/web_api_auth_middleware.cr:8:12 in 'call'
|   from /home/uchiha/playground/crystal/src/http/server/handler.cr:30:7 in 'call_next'
|   from src/middlewares/admin_api_auth_middleware.cr:7:12 in 'call'
|   from /home/uchiha/playground/crystal/src/http/server/handler.cr:30:7 in 'call_next'
|   from /home/uchiha/playground/crystal/src/http/server/handlers/static_file_handler.cr:60:12 in 'call'
|   from /home/uchiha/playground/crystal/src/http/server/handler.cr:30:7 in 'call'
|   from /home/uchiha/playground/crystal/src/http/server/handler.cr:30:7 in 'call'
|   from /home/uchiha/playground/crystal/src/http/server/handler.cr:30:7 in 'call'
|   from /home/uchiha/playground/crystal/src/http/server/handler.cr:30:7 in 'call'
|   from /home/uchiha/playground/crystal/src/http/server/request_processor.cr:58:11 in 'process'
|   from /home/uchiha/playground/crystal/src/http/server.cr:506:5 in '->'
|   from /home/uchiha/playground/crystal/src/fiber.cr:168:11 in 'run'
|   from /home/uchiha/playground/crystal/src/fiber.cr:103:3 in '->'
|   from ???
ERR 2026-08-03T17:43:37.848Z > Unhandled exception on HTTP::Handler
| Closed stream (IO::Error)
|   from /home/uchiha/playground/crystal/src/http/server/response.cr:215:15 in 'render_500'
|   from lib/kemal/src/kemal/exception_handler.cr:34:7 in 'call'
|   from /home/uchiha/playground/crystal/src/http/server/handler.cr:30:7 in 'call'
|   from /home/uchiha/playground/crystal/src/http/server/handler.cr:30:7 in 'call'
|   from /home/uchiha/playground/crystal/src/http/server/handler.cr:30:7 in 'call'
|   from /home/uchiha/playground/crystal/src/http/server/request_processor.cr:58:11 in 'process'
|   from /home/uchiha/playground/crystal/src/http/server.cr:506:5 in '->'
|   from /home/uchiha/playground/crystal/src/fiber.cr:168:11 in 'run'
|   from /home/uchiha/playground/crystal/src/fiber.cr:103:3 in '->'
|   from ???
ERR 2026-08-03T17:43:37.849Z > Error while writing data to the client
| Error while writing data to the client (HTTP::Server::ClientError)
|   from /home/uchiha/playground/crystal/src/http/server/response.cr:266:9 in 'unbuffered_write'
|   from /home/uchiha/playground/crystal/src/io/buffered.cr:163:14 in 'write'
|   from /home/uchiha/playground/crystal/src/http/server/response.cr:107:7 in 'write'
|   from /home/uchiha/playground/crystal/src/io.cr:488:7 in 'write_string'
|   from lib/kemal/src/kemal/ext/context.cr:21:19 in 'call'
|   from lib/kemal/src/kemal/websocket_handler.cr:13:14 in 'call'
|   from /home/uchiha/playground/crystal/src/http/server/handler.cr:30:7 in 'call_next'
|   from lib/kemal/src/kemal/filter_handler.cr:46:7 in 'call'
|   from /home/uchiha/playground/crystal/src/http/server/handler.cr:30:7 in 'call_next'
|   from src/middlewares/web_api_auth_middleware.cr:8:12 in 'call'
|   from /home/uchiha/playground/crystal/src/http/server/handler.cr:30:7 in 'call_next'
|   from src/middlewares/admin_api_auth_middleware.cr:7:12 in 'call'
|   from /home/uchiha/playground/crystal/src/http/server/handler.cr:30:7 in 'call_next'
|   from /home/uchiha/playground/crystal/src/http/server/handlers/static_file_handler.cr:60:12 in 'call'
|   from /home/uchiha/playground/crystal/src/http/server/handler.cr:30:7 in 'call'
|   from /home/uchiha/playground/crystal/src/http/server/handler.cr:30:7 in 'call'
|   from /home/uchiha/playground/crystal/src/http/server/handler.cr:30:7 in 'call'
|   from /home/uchiha/playground/crystal/src/http/server/handler.cr:30:7 in 'call'
|   from /home/uchiha/playground/crystal/src/http/server/request_processor.cr:58:11 in 'process'
|   from /home/uchiha/playground/crystal/src/http/server.cr:506:5 in '->'
|   from /home/uchiha/playground/crystal/src/fiber.cr:168:11 in 'run'
|   from /home/uchiha/playground/crystal/src/fiber.cr:103:3 in '->'
|   from ???
| Caused by: write (#<TCPSocket:0x7313d9915418>): Broken pipe (IO::Error)
|   from /home/uchiha/playground/crystal/src/io/buffered.cr:163:14 in 'write'
|   from /home/uchiha/playground/crystal/src/http/server/response.cr:282:11 in 'unbuffered_write'
|   from /home/uchiha/playground/crystal/src/io/buffered.cr:163:14 in 'write'
|   from /home/uchiha/playground/crystal/src/http/server/response.cr:107:7 in 'write'
|   from /home/uchiha/playground/crystal/src/io.cr:488:7 in 'write_string'
|   from lib/kemal/src/kemal/ext/context.cr:21:19 in 'call'
|   from lib/kemal/src/kemal/websocket_handler.cr:13:14 in 'call'
|   from /home/uchiha/playground/crystal/src/http/server/handler.cr:30:7 in 'call_next'
|   from lib/kemal/src/kemal/filter_handler.cr:46:7 in 'call'
|   from /home/uchiha/playground/crystal/src/http/server/handler.cr:30:7 in 'call_next'
|   from src/middlewares/web_api_auth_middleware.cr:8:12 in 'call'
|   from /home/uchiha/playground/crystal/src/http/server/handler.cr:30:7 in 'call_next'
|   from src/middlewares/admin_api_auth_middleware.cr:7:12 in 'call'
|   from /home/uchiha/playground/crystal/src/http/server/handler.cr:30:7 in 'call_next'
|   from /home/uchiha/playground/crystal/src/http/server/handlers/static_file_handler.cr:60:12 in 'call'
|   from /home/uchiha/playground/crystal/src/http/server/handler.cr:30:7 in 'call'
|   from /home/uchiha/playground/crystal/src/http/server/handler.cr:30:7 in 'call'
|   from /home/uchiha/playground/crystal/src/http/server/handler.cr:30:7 in 'call'
|   from /home/uchiha/playground/crystal/src/http/server/handler.cr:30:7 in 'call'
|   from /home/uchiha/playground/crystal/src/http/server/request_processor.cr:58:11 in 'process'
|   from /home/uchiha/playground/crystal/src/http/server.cr:506:5 in '->'
|   from /home/uchiha/playground/crystal/src/fiber.cr:168:11 in 'run'
|   from /home/uchiha/playground/crystal/src/fiber.cr:103:3 in '->'
|   from ???
ERR 2026-08-03T17:43:37.849Z > Unhandled exception on HTTP::Handler
| Closed stream (IO::Error)
|   from /home/uchiha/playground/crystal/src/http/server/response.cr:215:15 in 'render_500'
|   from lib/kemal/src/kemal/exception_handler.cr:34:7 in 'call'
|   from /home/uchiha/playground/crystal/src/http/server/handler.cr:30:7 in 'call'
|   from /home/uchiha/playground/crystal/src/http/server/handler.cr:30:7 in 'call'
|   from /home/uchiha/playground/crystal/src/http/server/handler.cr:30:7 in 'call'
|   from /home/uchiha/playground/crystal/src/http/server/request_processor.cr:58:11 in 'process'
|   from /home/uchiha/playground/crystal/src/http/server.cr:506:5 in '->'
|   from /home/uchiha/playground/crystal/src/fiber.cr:168:11 in 'run'
|   from /home/uchiha/playground/crystal/src/fiber.cr:103:3 in '->'
|   from ???
ERR 2026-08-03T17:43:37.849Z > Error while writing data to the client
| Error while writing data to the client (HTTP::Server::ClientError)
|   from /home/uchiha/playground/crystal/src/http/server/response.cr:266:9 in 'unbuffered_write'
|   from /home/uchiha/playground/crystal/src/io/buffered.cr:163:14 in 'write'
|   from /home/uchiha/playground/crystal/src/http/server/response.cr:107:7 in 'write'
|   from /home/uchiha/playground/crystal/src/io.cr:488:7 in 'write_string'
|   from lib/kemal/src/kemal/ext/context.cr:21:19 in 'call'
|   from lib/kemal/src/kemal/websocket_handler.cr:13:14 in 'call'
|   from /home/uchiha/playground/crystal/src/http/server/handler.cr:30:7 in 'call_next'
|   from lib/kemal/src/kemal/filter_handler.cr:46:7 in 'call'
|   from /home/uchiha/playground/crystal/src/http/server/handler.cr:30:7 in 'call_next'
|   from src/middlewares/web_api_auth_middleware.cr:8:12 in 'call'
|   from /home/uchiha/playground/crystal/src/http/server/handler.cr:30:7 in 'call_next'
|   from src/middlewares/admin_api_auth_middleware.cr:7:12 in 'call'
|   from /home/uchiha/playground/crystal/src/http/server/handler.cr:30:7 in 'call_next'
|   from /home/uchiha/playground/crystal/src/http/server/handlers/static_file_handler.cr:60:12 in 'call'
|   from /home/uchiha/playground/crystal/src/http/server/handler.cr:30:7 in 'call'
|   from /home/uchiha/playground/crystal/src/http/server/handler.cr:30:7 in 'call'
|   from /home/uchiha/playground/crystal/src/http/server/handler.cr:30:7 in 'call'
|   from /home/uchiha/playground/crystal/src/http/server/handler.cr:30:7 in 'call'
|   from /home/uchiha/playground/crystal/src/http/server/request_processor.cr:58:11 in 'process'
|   from /home/uchiha/playground/crystal/src/http/server.cr:506:5 in '->'
|   from /home/uchiha/playground/crystal/src/fiber.cr:168:11 in 'run'
|   from /home/uchiha/playground/crystal/src/fiber.cr:103:3 in '->'
|   from ???
| Caused by: write (#<TCPSocket:0x7313d9913498>): Broken pipe (IO::Error)
|   from /home/uchiha/playground/crystal/src/io/buffered.cr:163:14 in 'write'
|   from /home/uchiha/playground/crystal/src/http/server/response.cr:282:11 in 'unbuffered_write'
|   from /home/uchiha/playground/crystal/src/io/buffered.cr:163:14 in 'write'
|   from /home/uchiha/playground/crystal/src/http/server/response.cr:107:7 in 'write'
|   from /home/uchiha/playground/crystal/src/io.cr:488:7 in 'write_string'
|   from lib/kemal/src/kemal/ext/context.cr:21:19 in 'call'
|   from lib/kemal/src/kemal/websocket_handler.cr:13:14 in 'call'
|   from /home/uchiha/playground/crystal/src/http/server/handler.cr:30:7 in 'call_next'
|   from lib/kemal/src/kemal/filter_handler.cr:46:7 in 'call'
|   from /home/uchiha/playground/crystal/src/http/server/handler.cr:30:7 in 'call_next'
|   from src/middlewares/web_api_auth_middleware.cr:8:12 in 'call'
|   from /home/uchiha/playground/crystal/src/http/server/handler.cr:30:7 in 'call_next'
|   from src/middlewares/admin_api_auth_middleware.cr:7:12 in 'call'
|   from /home/uchiha/playground/crystal/src/http/server/handler.cr:30:7 in 'call_next'
|   from /home/uchiha/playground/crystal/src/http/server/handlers/static_file_handler.cr:60:12 in 'call'
|   from /home/uchiha/playground/crystal/src/http/server/handler.cr:30:7 in 'call'
|   from /home/uchiha/playground/crystal/src/http/server/handler.cr:30:7 in 'call'
|   from /home/uchiha/playground/crystal/src/http/server/handler.cr:30:7 in 'call'
|   from /home/uchiha/playground/crystal/src/http/server/handler.cr:30:7 in 'call'
|   from /home/uchiha/playground/crystal/src/http/server/request_processor.cr:58:11 in 'process'
|   from /home/uchiha/playground/crystal/src/http/server.cr:506:5 in '->'
|   from /home/uchiha/playground/crystal/src/fiber.cr:168:11 in 'run'
|   from /home/uchiha/playground/crystal/src/fiber.cr:103:3 in '->'
|   from ???
ERR 2026-08-03T17:43:37.850Z > Unhandled exception on HTTP::Handler
| Closed stream (IO::Error)
|   from /home/uchiha/playground/crystal/src/http/server/response.cr:215:15 in 'render_500'
|   from lib/kemal/src/kemal/exception_handler.cr:34:7 in 'call'
|   from /home/uchiha/playground/crystal/src/http/server/handler.cr:30:7 in 'call'
|   from /home/uchiha/playground/crystal/src/http/server/handler.cr:30:7 in 'call'
|   from /home/uchiha/playground/crystal/src/http/server/handler.cr:30:7 in 'call'
|   from /home/uchiha/playground/crystal/src/http/server/request_processor.cr:58:11 in 'process'
|   from /home/uchiha/playground/crystal/src/http/server.cr:506:5 in '->'
|   from /home/uchiha/playground/crystal/src/fiber.cr:168:11 in 'run'
|   from /home/uchiha/playground/crystal/src/fiber.cr:103:3 in '->'
|   from ???
ERR 2026-08-03T17:43:37.851Z > Error while writing data to the client
| Error while writing data to the client (HTTP::Server::ClientError)
|   from /home/uchiha/playground/crystal/src/http/server/response.cr:266:9 in 'unbuffered_write'
|   from /home/uchiha/playground/crystal/src/io/buffered.cr:163:14 in 'write'
|   from /home/uchiha/playground/crystal/src/http/server/response.cr:107:7 in 'write'
|   from /home/uchiha/playground/crystal/src/io.cr:488:7 in 'write_string'
|   from lib/kemal/src/kemal/ext/context.cr:21:19 in 'call'
|   from lib/kemal/src/kemal/websocket_handler.cr:13:14 in 'call'
|   from /home/uchiha/playground/crystal/src/http/server/handler.cr:30:7 in 'call_next'
|   from lib/kemal/src/kemal/filter_handler.cr:46:7 in 'call'
|   from /home/uchiha/playground/crystal/src/http/server/handler.cr:30:7 in 'call_next'
|   from src/middlewares/web_api_auth_middleware.cr:8:12 in 'call'
|   from /home/uchiha/playground/crystal/src/http/server/handler.cr:30:7 in 'call_next'
|   from src/middlewares/admin_api_auth_middleware.cr:7:12 in 'call'
|   from /home/uchiha/playground/crystal/src/http/server/handler.cr:30:7 in 'call_next'
|   from /home/uchiha/playground/crystal/src/http/server/handlers/static_file_handler.cr:60:12 in 'call'
|   from /home/uchiha/playground/crystal/src/http/server/handler.cr:30:7 in 'call'
|   from /home/uchiha/playground/crystal/src/http/server/handler.cr:30:7 in 'call'
|   from /home/uchiha/playground/crystal/src/http/server/handler.cr:30:7 in 'call'
|   from /home/uchiha/playground/crystal/src/http/server/handler.cr:30:7 in 'call'
|   from /home/uchiha/playground/crystal/src/http/server/request_processor.cr:58:11 in 'process'
|   from /home/uchiha/playground/crystal/src/http/server.cr:506:5 in '->'
|   from /home/uchiha/playground/crystal/src/fiber.cr:168:11 in 'run'
|   from /home/uchiha/playground/crystal/src/fiber.cr:103:3 in '->'
|   from ???
| Caused by: write (#<TCPSocket:0x7313d9919078>): Broken pipe (IO::Error)
|   from /home/uchiha/playground/crystal/src/io/buffered.cr:163:14 in 'write'
|   from /home/uchiha/playground/crystal/src/http/server/response.cr:282:11 in 'unbuffered_write'
|   from /home/uchiha/playground/crystal/src/io/buffered.cr:163:14 in 'write'
|   from /home/uchiha/playground/crystal/src/http/server/response.cr:107:7 in 'write'
|   from /home/uchiha/playground/crystal/src/io.cr:488:7 in 'write_string'
|   from lib/kemal/src/kemal/ext/context.cr:21:19 in 'call'
|   from lib/kemal/src/kemal/websocket_handler.cr:13:14 in 'call'
|   from /home/uchiha/playground/crystal/src/http/server/handler.cr:30:7 in 'call_next'
|   from lib/kemal/src/kemal/filter_handler.cr:46:7 in 'call'
|   from /home/uchiha/playground/crystal/src/http/server/handler.cr:30:7 in 'call_next'
|   from src/middlewares/web_api_auth_middleware.cr:8:12 in 'call'
|   from /home/uchiha/playground/crystal/src/http/server/handler.cr:30:7 in 'call_next'
|   from src/middlewares/admin_api_auth_middleware.cr:7:12 in 'call'
|   from /home/uchiha/playground/crystal/src/http/server/handler.cr:30:7 in 'call_next'
|   from /home/uchiha/playground/crystal/src/http/server/handlers/static_file_handler.cr:60:12 in 'call'
|   from /home/uchiha/playground/crystal/src/http/server/handler.cr:30:7 in 'call'
|   from /home/uchiha/playground/crystal/src/http/server/handler.cr:30:7 in 'call'
|   from /home/uchiha/playground/crystal/src/http/server/handler.cr:30:7 in 'call'
|   from /home/uchiha/playground/crystal/src/http/server/handler.cr:30:7 in 'call'
|   from /home/uchiha/playground/crystal/src/http/server/request_processor.cr:58:11 in 'process'
|   from /home/uchiha/playground/crystal/src/http/server.cr:506:5 in '->'
|   from /home/uchiha/playground/crystal/src/fiber.cr:168:11 in 'run'
|   from /home/uchiha/playground/crystal/src/fiber.cr:103:3 in '->'
|   from ???
ERR 2026-08-03T17:43:37.851Z > Unhandled exception on HTTP::Handler
| Closed stream (IO::Error)
|   from /home/uchiha/playground/crystal/src/http/server/response.cr:215:15 in 'render_500'
|   from lib/kemal/src/kemal/exception_handler.cr:34:7 in 'call'
|   from /home/uchiha/playground/crystal/src/http/server/handler.cr:30:7 in 'call'
|   from /home/uchiha/playground/crystal/src/http/server/handler.cr:30:7 in 'call'
|   from /home/uchiha/playground/crystal/src/http/server/handler.cr:30:7 in 'call'
|   from /home/uchiha/playground/crystal/src/http/server/request_processor.cr:58:11 in 'process'
|   from /home/uchiha/playground/crystal/src/http/server.cr:506:5 in '->'
|   from /home/uchiha/playground/crystal/src/fiber.cr:168:11 in 'run'
|   from /home/uchiha/playground/crystal/src/fiber.cr:103:3 in '->'
|   from ???
ERR 2026-08-03T17:43:37.853Z > Error while writing data to the client
| Error while writing data to the client (HTTP::Server::ClientError)
|   from /home/uchiha/playground/crystal/src/http/server/response.cr:266:9 in 'unbuffered_write'
|   from /home/uchiha/playground/crystal/src/io/buffered.cr:163:14 in 'write'
|   from /home/uchiha/playground/crystal/src/http/server/response.cr:107:7 in 'write'
|   from /home/uchiha/playground/crystal/src/io.cr:488:7 in 'write_string'
|   from lib/kemal/src/kemal/ext/context.cr:21:19 in 'call'
|   from lib/kemal/src/kemal/websocket_handler.cr:13:14 in 'call'
|   from /home/uchiha/playground/crystal/src/http/server/handler.cr:30:7 in 'call_next'
|   from lib/kemal/src/kemal/filter_handler.cr:46:7 in 'call'
|   from /home/uchiha/playground/crystal/src/http/server/handler.cr:30:7 in 'call_next'
|   from src/middlewares/web_api_auth_middleware.cr:8:12 in 'call'
|   from /home/uchiha/playground/crystal/src/http/server/handler.cr:30:7 in 'call_next'
|   from src/middlewares/admin_api_auth_middleware.cr:7:12 in 'call'
|   from /home/uchiha/playground/crystal/src/http/server/handler.cr:30:7 in 'call_next'
|   from /home/uchiha/playground/crystal/src/http/server/handlers/static_file_handler.cr:60:12 in 'call'
|   from /home/uchiha/playground/crystal/src/http/server/handler.cr:30:7 in 'call'
|   from /home/uchiha/playground/crystal/src/http/server/handler.cr:30:7 in 'call'
|   from /home/uchiha/playground/crystal/src/http/server/handler.cr:30:7 in 'call'
|   from /home/uchiha/playground/crystal/src/http/server/handler.cr:30:7 in 'call'
|   from /home/uchiha/playground/crystal/src/http/server/request_processor.cr:58:11 in 'process'
|   from /home/uchiha/playground/crystal/src/http/server.cr:506:5 in '->'
|   from /home/uchiha/playground/crystal/src/fiber.cr:168:11 in 'run'
|   from /home/uchiha/playground/crystal/src/fiber.cr:103:3 in '->'
|   from ???
| Caused by: write (#<TCPSocket:0x7313d991a968>): Broken pipe (IO::Error)
|   from /home/uchiha/playground/crystal/src/io/buffered.cr:163:14 in 'write'
|   from /home/uchiha/playground/crystal/src/http/server/response.cr:282:11 in 'unbuffered_write'
|   from /home/uchiha/playground/crystal/src/io/buffered.cr:163:14 in 'write'
|   from /home/uchiha/playground/crystal/src/http/server/response.cr:107:7 in 'write'
|   from /home/uchiha/playground/crystal/src/io.cr:488:7 in 'write_string'
|   from lib/kemal/src/kemal/ext/context.cr:21:19 in 'call'
|   from lib/kemal/src/kemal/websocket_handler.cr:13:14 in 'call'
|   from /home/uchiha/playground/crystal/src/http/server/handler.cr:30:7 in 'call_next'
|   from lib/kemal/src/kemal/filter_handler.cr:46:7 in 'call'
|   from /home/uchiha/playground/crystal/src/http/server/handler.cr:30:7 in 'call_next'
|   from src/middlewares/web_api_auth_middleware.cr:8:12 in 'call'
|   from /home/uchiha/playground/crystal/src/http/server/handler.cr:30:7 in 'call_next'
|   from src/middlewares/admin_api_auth_middleware.cr:7:12 in 'call'
|   from /home/uchiha/playground/crystal/src/http/server/handler.cr:30:7 in 'call_next'
|   from /home/uchiha/playground/crystal/src/http/server/handlers/static_file_handler.cr:60:12 in 'call'
|   from /home/uchiha/playground/crystal/src/http/server/handler.cr:30:7 in 'call'
|   from /home/uchiha/playground/crystal/src/http/server/handler.cr:30:7 in 'call'
|   from /home/uchiha/playground/crystal/src/http/server/handler.cr:30:7 in 'call'
|   from /home/uchiha/playground/crystal/src/http/server/handler.cr:30:7 in 'call'
|   from /home/uchiha/playground/crystal/src/http/server/request_processor.cr:58:11 in 'process'
|   from /home/uchiha/playground/crystal/src/http/server.cr:506:5 in '->'
|   from /home/uchiha/playground/crystal/src/fiber.cr:168:11 in 'run'
|   from /home/uchiha/playground/crystal/src/fiber.cr:103:3 in '->'
|   from ???
ERR 2026-08-03T17:43:37.853Z > Unhandled exception on HTTP::Handler
| Closed stream (IO::Error)
|   from /home/uchiha/playground/crystal/src/http/server/response.cr:215:15 in 'render_500'
|   from lib/kemal/src/kemal/exception_handler.cr:34:7 in 'call'
|   from /home/uchiha/playground/crystal/src/http/server/handler.cr:30:7 in 'call'
|   from /home/uchiha/playground/crystal/src/http/server/handler.cr:30:7 in 'call'
|   from /home/uchiha/playground/crystal/src/http/server/handler.cr:30:7 in 'call'
|   from /home/uchiha/playground/crystal/src/http/server/request_processor.cr:58:11 in 'process'
|   from /home/uchiha/playground/crystal/src/http/server.cr:506:5 in '->'
|   from /home/uchiha/playground/crystal/src/fiber.cr:168:11 in 'run'
|   from /home/uchiha/playground/crystal/src/fiber.cr:103:3 in '->'
|   from ???
ERR 2026-08-03T17:43:37.855Z > Error while writing data to the client
| Error while writing data to the client (HTTP::Server::ClientError)
|   from /home/uchiha/playground/crystal/src/http/server/response.cr:266:9 in 'unbuffered_write'
|   from /home/uchiha/playground/crystal/src/io/buffered.cr:163:14 in 'write'
|   from /home/uchiha/playground/crystal/src/http/server/response.cr:107:7 in 'write'
|   from /home/uchiha/playground/crystal/src/io.cr:488:7 in 'write_string'
|   from lib/kemal/src/kemal/ext/context.cr:21:19 in 'call'
|   from lib/kemal/src/kemal/websocket_handler.cr:13:14 in 'call'
|   from /home/uchiha/playground/crystal/src/http/server/handler.cr:30:7 in 'call_next'
|   from lib/kemal/src/kemal/filter_handler.cr:46:7 in 'call'
|   from /home/uchiha/playground/crystal/src/http/server/handler.cr:30:7 in 'call_next'
|   from src/middlewares/web_api_auth_middleware.cr:8:12 in 'call'
|   from /home/uchiha/playground/crystal/src/http/server/handler.cr:30:7 in 'call_next'
|   from src/middlewares/admin_api_auth_middleware.cr:7:12 in 'call'
|   from /home/uchiha/playground/crystal/src/http/server/handler.cr:30:7 in 'call_next'
|   from /home/uchiha/playground/crystal/src/http/server/handlers/static_file_handler.cr:60:12 in 'call'
|   from /home/uchiha/playground/crystal/src/http/server/handler.cr:30:7 in 'call'
|   from /home/uchiha/playground/crystal/src/http/server/handler.cr:30:7 in 'call'
|   from /home/uchiha/playground/crystal/src/http/server/handler.cr:30:7 in 'call'
|   from /home/uchiha/playground/crystal/src/http/server/handler.cr:30:7 in 'call'
|   from /home/uchiha/playground/crystal/src/http/server/request_processor.cr:58:11 in 'process'
|   from /home/uchiha/playground/crystal/src/http/server.cr:506:5 in '->'
|   from /home/uchiha/playground/crystal/src/fiber.cr:168:11 in 'run'
|   from /home/uchiha/playground/crystal/src/fiber.cr:103:3 in '->'
|   from ???
| Caused by: write (#<TCPSocket:0x7313d99199a8>): Broken pipe (IO::Error)
|   from /home/uchiha/playground/crystal/src/io/buffered.cr:163:14 in 'write'
|   from /home/uchiha/playground/crystal/src/http/server/response.cr:282:11 in 'unbuffered_write'
|   from /home/uchiha/playground/crystal/src/io/buffered.cr:163:14 in 'write'
|   from /home/uchiha/playground/crystal/src/http/server/response.cr:107:7 in 'write'
|   from /home/uchiha/playground/crystal/src/io.cr:488:7 in 'write_string'
|   from lib/kemal/src/kemal/ext/context.cr:21:19 in 'call'
|   from lib/kemal/src/kemal/websocket_handler.cr:13:14 in 'call'
|   from /home/uchiha/playground/crystal/src/http/server/handler.cr:30:7 in 'call_next'
|   from lib/kemal/src/kemal/filter_handler.cr:46:7 in 'call'
|   from /home/uchiha/playground/crystal/src/http/server/handler.cr:30:7 in 'call_next'
|   from src/middlewares/web_api_auth_middleware.cr:8:12 in 'call'
|   from /home/uchiha/playground/crystal/src/http/server/handler.cr:30:7 in 'call_next'
|   from src/middlewares/admin_api_auth_middleware.cr:7:12 in 'call'
|   from /home/uchiha/playground/crystal/src/http/server/handler.cr:30:7 in 'call_next'
|   from /home/uchiha/playground/crystal/src/http/server/handlers/static_file_handler.cr:60:12 in 'call'
|   from /home/uchiha/playground/crystal/src/http/server/handler.cr:30:7 in 'call'
|   from /home/uchiha/playground/crystal/src/http/server/handler.cr:30:7 in 'call'
|   from /home/uchiha/playground/crystal/src/http/server/handler.cr:30:7 in 'call'
|   from /home/uchiha/playground/crystal/src/http/server/handler.cr:30:7 in 'call'
|   from /home/uchiha/playground/crystal/src/http/server/request_processor.cr:58:11 in 'process'
|   from /home/uchiha/playground/crystal/src/http/server.cr:506:5 in '->'
|   from /home/uchiha/playground/crystal/src/fiber.cr:168:11 in 'run'
|   from /home/uchiha/playground/crystal/src/fiber.cr:103:3 in '->'
|   from ???
ERR 2026-08-03T17:43:37.855Z > Unhandled exception on HTTP::Handler
| Closed stream (IO::Error)
|   from /home/uchiha/playground/crystal/src/http/server/response.cr:215:15 in 'render_500'
|   from lib/kemal/src/kemal/exception_handler.cr:34:7 in 'call'
|   from /home/uchiha/playground/crystal/src/http/server/handler.cr:30:7 in 'call'
|   from /home/uchiha/playground/crystal/src/http/server/handler.cr:30:7 in 'call'
|   from /home/uchiha/playground/crystal/src/http/server/handler.cr:30:7 in 'call'
|   from /home/uchiha/playground/crystal/src/http/server/request_processor.cr:58:11 in 'process'
|   from /home/uchiha/playground/crystal/src/http/server.cr:506:5 in '->'
|   from /home/uchiha/playground/crystal/src/fiber.cr:168:11 in 'run'
|   from /home/uchiha/playground/crystal/src/fiber.cr:103:3 in '->'
|   from ???
ERR 2026-08-03T17:43:37.867Z > Error while writing data to the client
| Error while writing data to the client (HTTP::Server::ClientError)
|   from /home/uchiha/playground/crystal/src/http/server/response.cr:266:9 in 'unbuffered_write'
|   from /home/uchiha/playground/crystal/src/io/buffered.cr:163:14 in 'write'
|   from /home/uchiha/playground/crystal/src/http/server/response.cr:107:7 in 'write'
|   from /home/uchiha/playground/crystal/src/io.cr:488:7 in 'write_string'
|   from lib/kemal/src/kemal/ext/context.cr:21:19 in 'call'
|   from lib/kemal/src/kemal/websocket_handler.cr:13:14 in 'call'
|   from /home/uchiha/playground/crystal/src/http/server/handler.cr:30:7 in 'call_next'
|   from lib/kemal/src/kemal/filter_handler.cr:46:7 in 'call'
|   from /home/uchiha/playground/crystal/src/http/server/handler.cr:30:7 in 'call_next'
|   from src/middlewares/web_api_auth_middleware.cr:8:12 in 'call'
|   from /home/uchiha/playground/crystal/src/http/server/handler.cr:30:7 in 'call_next'
|   from src/middlewares/admin_api_auth_middleware.cr:7:12 in 'call'
|   from /home/uchiha/playground/crystal/src/http/server/handler.cr:30:7 in 'call_next'
|   from /home/uchiha/playground/crystal/src/http/server/handlers/static_file_handler.cr:60:12 in 'call'
|   from /home/uchiha/playground/crystal/src/http/server/handler.cr:30:7 in 'call'
|   from /home/uchiha/playground/crystal/src/http/server/handler.cr:30:7 in 'call'
|   from /home/uchiha/playground/crystal/src/http/server/handler.cr:30:7 in 'call'
|   from /home/uchiha/playground/crystal/src/http/server/handler.cr:30:7 in 'call'
|   from /home/uchiha/playground/crystal/src/http/server/request_processor.cr:58:11 in 'process'
|   from /home/uchiha/playground/crystal/src/http/server.cr:506:5 in '->'
|   from /home/uchiha/playground/crystal/src/fiber.cr:168:11 in 'run'
|   from /home/uchiha/playground/crystal/src/fiber.cr:103:3 in '->'
|   from ???
| Caused by: write (#<TCPSocket:0x7313d9917638>): Broken pipe (IO::Error)
|   from /home/uchiha/playground/crystal/src/io/buffered.cr:163:14 in 'write'
|   from /home/uchiha/playground/crystal/src/http/server/response.cr:282:11 in 'unbuffered_write'
|   from /home/uchiha/playground/crystal/src/io/buffered.cr:163:14 in 'write'
|   from /home/uchiha/playground/crystal/src/http/server/response.cr:107:7 in 'write'
|   from /home/uchiha/playground/crystal/src/io.cr:488:7 in 'write_string'
|   from lib/kemal/src/kemal/ext/context.cr:21:19 in 'call'
|   from lib/kemal/src/kemal/websocket_handler.cr:13:14 in 'call'
|   from /home/uchiha/playground/crystal/src/http/server/handler.cr:30:7 in 'call_next'
|   from lib/kemal/src/kemal/filter_handler.cr:46:7 in 'call'
|   from /home/uchiha/playground/crystal/src/http/server/handler.cr:30:7 in 'call_next'
|   from src/middlewares/web_api_auth_middleware.cr:8:12 in 'call'
|   from /home/uchiha/playground/crystal/src/http/server/handler.cr:30:7 in 'call_next'
|   from src/middlewares/admin_api_auth_middleware.cr:7:12 in 'call'
|   from /home/uchiha/playground/crystal/src/http/server/handler.cr:30:7 in 'call_next'
|   from /home/uchiha/playground/crystal/src/http/server/handlers/static_file_handler.cr:60:12 in 'call'
|   from /home/uchiha/playground/crystal/src/http/server/handler.cr:30:7 in 'call'
|   from /home/uchiha/playground/crystal/src/http/server/handler.cr:30:7 in 'call'
|   from /home/uchiha/playground/crystal/src/http/server/handler.cr:30:7 in 'call'
|   from /home/uchiha/playground/crystal/src/http/server/handler.cr:30:7 in 'call'
|   from /home/uchiha/playground/crystal/src/http/server/request_processor.cr:58:11 in 'process'
|   from /home/uchiha/playground/crystal/src/http/server.cr:506:5 in '->'
|   from /home/uchiha/playground/crystal/src/fiber.cr:168:11 in 'run'
|   from /home/uchiha/playground/crystal/src/fiber.cr:103:3 in '->'
|   from ???
ERR 2026-08-03T17:43:37.867Z > Unhandled exception on HTTP::Handler
| Closed stream (IO::Error)
|   from /home/uchiha/playground/crystal/src/http/server/response.cr:215:15 in 'render_500'
|   from lib/kemal/src/kemal/exception_handler.cr:34:7 in 'call'
|   from /home/uchiha/playground/crystal/src/http/server/handler.cr:30:7 in 'call'
|   from /home/uchiha/playground/crystal/src/http/server/handler.cr:30:7 in 'call'
|   from /home/uchiha/playground/crystal/src/http/server/handler.cr:30:7 in 'call'
|   from /home/uchiha/playground/crystal/src/http/server/request_processor.cr:58:11 in 'process'
|   from /home/uchiha/playground/crystal/src/http/server.cr:506:5 in '->'
|   from /home/uchiha/playground/crystal/src/fiber.cr:168:11 in 'run'
|   from /home/uchiha/playground/crystal/src/fiber.cr:103:3 in '->'
|   from ???
INF 2026-08-03T17:43:37.878Z > Açık Türkiye is going to take a rest!
