INF 2026-08-03T21:12:29.504Z > Connecting to postgresql://REDACTED:REDACTED@172.24.176.1:5432/acikturkiye_demo
| event = db_connect
INF 2026-08-03T21:12:29.527Z > [demo] Açık Türkiye is ready to lead at http://0.0.0.0:3801
INF 2026-08-03T21:12:29.606Z > 200 GET /api/v1/ 28.74ms
INF 2026-08-03T21:12:29.620Z > 200 GET /api/v1/ 10.11ms
INF 2026-08-03T21:12:29.627Z > 200 GET /api/v1/ 6.43ms
INF 2026-08-03T21:12:29.671Z > 200 GET /api/v1/ 60.07ms
INF 2026-08-03T21:12:29.679Z > 200 GET /api/v1/ 8.19ms
INF 2026-08-03T21:12:29.682Z > 200 GET /api/v1/ 71.48ms
INF 2026-08-03T21:12:29.682Z > 200 GET /api/v1/ 71.95ms
INF 2026-08-03T21:12:29.690Z > 200 GET /api/v1/ 7.14ms
INF 2026-08-03T21:12:29.695Z > 200 GET /api/v1/ 84.69ms
INF 2026-08-03T21:12:29.702Z > 200 GET /api/v1/ 6.92ms
INF 2026-08-03T21:12:29.730Z > 200 GET /api/v1/ 7.19ms
INF 2026-08-03T21:12:29.738Z > 200 GET /api/v1/ 7.4ms
INF 2026-08-03T21:12:29.750Z > 200 GET /api/v1/ 7.2ms
INF 2026-08-03T21:12:29.756Z > 200 GET /api/v1/ 145.18ms
INF 2026-08-03T21:12:29.762Z > 200 GET /api/v1/ 6.32ms
INF 2026-08-03T21:12:29.777Z > 200 GET /api/v1/ 7.09ms
INF 2026-08-03T21:12:29.785Z > 200 GET /api/v1/ 6.41ms
INF 2026-08-03T21:12:29.797Z > 200 GET /api/v1/ 6.18ms
INF 2026-08-03T21:12:29.802Z > 200 GET /api/v1/ 191.16ms
INF 2026-08-03T21:12:29.809Z > 200 GET /api/v1/ 6.92ms
INF 2026-08-03T21:12:29.831Z > 200 GET /api/v1/ 8.62ms
INF 2026-08-03T21:12:29.845Z > 200 GET /api/v1/ 234.76ms
INF 2026-08-03T21:12:29.852Z > 200 GET /api/v1/ 6.83ms
INF 2026-08-03T21:12:29.855Z > 200 GET /api/v1/ 241.91ms
INF 2026-08-03T21:12:29.862Z > 200 GET /api/v1/ 6.81ms
INF 2026-08-03T21:12:29.881Z > 200 GET /api/v1/ 6.66ms
INF 2026-08-03T21:12:29.901Z > 200 GET /api/v1/ 6.95ms
INF 2026-08-03T21:12:29.911Z > 200 GET /api/v1/ 8.36ms
INF 2026-08-03T21:12:29.930Z > 200 GET /api/v1/ 7.15ms
INF 2026-08-03T21:12:29.945Z > 200 GET /api/v1/ 332.76ms
INF 2026-08-03T21:12:29.953Z > 200 GET /api/v1/ 7.46ms
INF 2026-08-03T21:12:29.961Z > 200 GET /api/v1/ 6.44ms
INF 2026-08-03T21:12:29.977Z > 200 GET /api/v1/ 6.36ms
INF 2026-08-03T21:12:30.003Z > 200 GET /api/v1/ 8.54ms
INF 2026-08-03T21:12:30.010Z > 200 GET /api/v1/ 7.23ms
INF 2026-08-03T21:12:30.013Z > 200 GET /api/v1/ 400.04ms
INF 2026-08-03T21:12:30.018Z > 200 GET /api/v1/ 407.01ms
INF 2026-08-03T21:12:30.021Z > 200 GET /api/v1/ 7.52ms
INF 2026-08-03T21:12:30.053Z > 200 GET /api/v1/ 6.4ms
INF 2026-08-03T21:12:30.063Z > 200 GET /api/v1/ 8.6ms
INF 2026-08-03T21:12:30.075Z > 200 GET /api/v1/ 12.15ms
INF 2026-08-03T21:12:30.110Z > 200 GET /api/v1/ 496.43ms
INF 2026-08-03T21:12:30.111Z > 200 GET /api/v1/ 494.83ms
INF 2026-08-03T21:12:30.113Z > 200 GET /api/v1/ 497.91ms
INF 2026-08-03T21:12:30.119Z > 200 GET /api/v1/ 7.93ms
INF 2026-08-03T21:12:30.156Z > 200 GET /api/v1/ 544.24ms
INF 2026-08-03T21:12:30.163Z > 200 GET /api/v1/ 7.18ms
INF 2026-08-03T21:12:30.209Z > 200 GET /api/v1/ 597.71ms
INF 2026-08-03T21:12:30.216Z > 200 GET /api/v1/ 6.89ms
INF 2026-08-03T21:12:30.226Z > 200 GET /api/v1/ 395.22ms
INF 2026-08-03T21:12:30.230Z > 200 GET /api/v1/ 287.5ms
INF 2026-08-03T21:12:30.234Z > 200 GET /api/v1/ 623.79ms
INF 2026-08-03T21:12:30.253Z > 200 GET /api/v1/ 18.11ms
INF 2026-08-03T21:12:30.259Z > 200 GET /api/v1/ 645.19ms
INF 2026-08-03T21:12:30.268Z > 200 GET /api/v1/ 7.99ms
INF 2026-08-03T21:12:30.271Z > 200 GET /api/v1/ 657.67ms
INF 2026-08-03T21:12:30.292Z > 200 GET /api/v1/ 274.03ms
INF 2026-08-03T21:12:30.294Z > 200 GET /api/v1/ 182.6ms
INF 2026-08-03T21:12:30.299Z > 200 GET /api/v1/ 28.76ms
INF 2026-08-03T21:12:30.308Z > 200 GET /api/v1/ 193.98ms
INF 2026-08-03T21:12:30.310Z > 200 GET /api/v1/ 204.05ms
INF 2026-08-03T21:12:30.318Z > 200 GET /api/v1/ 7.3ms
INF 2026-08-03T21:12:30.322Z > 200 GET /api/v1/ 705.03ms
INF 2026-08-03T21:12:30.358Z > 200 GET /api/v1/ 36.28ms
INF 2026-08-03T21:12:30.390Z > 200 GET /api/v1/ 236.69ms
INF 2026-08-03T21:12:30.421Z > 200 GET /api/v1/ 618.99ms
INF 2026-08-03T21:12:30.452Z > 200 GET /api/v1/ 290.15ms
INF 2026-08-03T21:12:30.453Z > 200 GET /api/v1/ 246.58ms
INF 2026-08-03T21:12:30.454Z > 200 GET /api/v1/ 840.62ms
INF 2026-08-03T21:12:30.457Z > 200 GET /api/v1/ 303.97ms
INF 2026-08-03T21:12:30.458Z > 200 GET /api/v1/ 197.28ms
INF 2026-08-03T21:12:30.458Z > 200 GET /api/v1/ 843.86ms
INF 2026-08-03T21:12:30.459Z > 200 GET /api/v1/ 188.07ms
INF 2026-08-03T21:12:30.459Z > 200 GET /api/v1/ 846.88ms
INF 2026-08-03T21:12:30.460Z > 200 GET /api/v1/ 846.2ms
INF 2026-08-03T21:12:30.462Z > 200 GET /api/v1/ 195.16ms
INF 2026-08-03T21:12:30.474Z > 200 GET /api/v1/ 863.47ms
INF 2026-08-03T21:12:30.475Z > 200 GET /api/v1/ 861.33ms
INF 2026-08-03T21:12:30.475Z > 200 GET /api/v1/ 861.27ms
INF 2026-08-03T21:12:30.476Z > 200 GET /api/v1/ 860.9ms
INF 2026-08-03T21:12:30.488Z > 200 GET /api/v1/ 872.52ms
INF 2026-08-03T21:12:30.489Z > 200 GET /api/v1/ 878.05ms
INF 2026-08-03T21:12:30.492Z > 200 GET /api/v1/ 32.08ms
INF 2026-08-03T21:12:30.493Z > 200 GET /api/v1/ 878.59ms
INF 2026-08-03T21:12:30.503Z > 200 GET /api/v1/ 28.19ms
INF 2026-08-03T21:12:30.506Z > 200 GET /api/v1/ 889.67ms
INF 2026-08-03T21:12:30.507Z > 200 GET /api/v1/ 212.4ms
INF 2026-08-03T21:12:30.507Z > 200 GET /api/v1/ 893.16ms
INF 2026-08-03T21:12:30.508Z > 200 GET /api/v1/ 891.47ms
INF 2026-08-03T21:12:30.508Z > 200 GET /api/v1/ 897.8ms
INF 2026-08-03T21:12:30.509Z > 200 GET /api/v1/ 893.65ms
INF 2026-08-03T21:12:30.522Z > 200 GET /api/v1/ 28.8ms
INF 2026-08-03T21:12:30.539Z > 200 GET /api/v1/ 926.94ms
INF 2026-08-03T21:12:30.540Z > 200 GET /api/v1/ 926.23ms
INF 2026-08-03T21:12:30.540Z > 200 GET /api/v1/ 928.0ms
INF 2026-08-03T21:12:30.541Z > 200 GET /api/v1/ 924.12ms
INF 2026-08-03T21:12:30.541Z > 200 GET /api/v1/ 927.92ms
INF 2026-08-03T21:12:30.548Z > 200 GET /api/v1/ 934.1ms
INF 2026-08-03T21:12:30.572Z > 200 GET /api/v1/ 63.15ms
INF 2026-08-03T21:12:30.580Z > 200 GET /api/v1/ 235.76ms
INF 2026-08-03T21:12:30.583Z > 200 GET /api/v1/ 241.44ms
INF 2026-08-03T21:12:30.588Z > 200 GET /api/v1/ 227.14ms
INF 2026-08-03T21:12:30.590Z > 200 GET /api/v1/ 230.84ms
INF 2026-08-03T21:12:30.593Z > 200 GET /api/v1/ 234.41ms
INF 2026-08-03T21:12:30.599Z > 200 GET /api/v1/ 984.38ms
INF 2026-08-03T21:12:30.606Z > 200 GET /api/v1/ 7.11ms
INF 2026-08-03T21:12:30.607Z > 200 GET /api/v1/ 992.32ms
INF 2026-08-03T21:12:30.607Z > 200 GET /api/v1/ 993.3ms
INF 2026-08-03T21:12:30.608Z > 200 GET /api/v1/ 995.48ms
INF 2026-08-03T21:12:30.613Z > 200 GET /api/v1/ 5.94ms
INF 2026-08-03T21:12:30.614Z > 200 GET /api/v1/ 5.85ms
INF 2026-08-03T21:12:30.623Z > 200 GET /api/v1/ 9.09ms
INF 2026-08-03T21:12:30.644Z > 200 GET /api/v1/ 17.66ms
INF 2026-08-03T21:12:30.654Z > 200 GET /api/v1/ 7.26ms
INF 2026-08-03T21:12:30.663Z > 200 GET /api/v1/ 8.29ms
INF 2026-08-03T21:12:30.666Z > 200 GET /api/v1/ 1051.62ms
INF 2026-08-03T21:12:30.673Z > 200 GET /api/v1/ 1059.82ms
INF 2026-08-03T21:12:30.675Z > 200 GET /api/v1/ 1060.15ms
INF 2026-08-03T21:12:30.676Z > 200 GET /api/v1/ 1061.84ms
INF 2026-08-03T21:12:30.684Z > 200 GET /api/v1/ 8.25ms
INF 2026-08-03T21:12:30.693Z > 200 GET /api/v1/ 6.62ms
INF 2026-08-03T21:12:30.701Z > 200 GET /api/v1/ 6.95ms
INF 2026-08-03T21:12:30.715Z > 200 GET /api/v1/ 8.91ms
INF 2026-08-03T21:12:30.733Z > 200 GET /api/v1/ 1118.52ms
INF 2026-08-03T21:12:30.740Z > 200 GET /api/v1/ 6.86ms
INF 2026-08-03T21:12:30.856Z > 200 GET /api/v1/ 217.97ms
INF 2026-08-03T21:12:30.877Z > 200 GET /api/v1/ 420.75ms
INF 2026-08-03T21:12:30.883Z > 200 GET /api/v1/ 377.5ms
INF 2026-08-03T21:12:30.883Z > 200 GET /api/v1/ 260.99ms
INF 2026-08-03T21:12:30.884Z > 200 GET /api/v1/ 378.39ms
INF 2026-08-03T21:12:30.893Z > 200 GET /api/v1/ 383.21ms
INF 2026-08-03T21:12:30.896Z > 200 GET /api/v1/ 1280.64ms
INF 2026-08-03T21:12:30.898Z > 200 GET /api/v1/ 341.02ms
INF 2026-08-03T21:12:30.927Z > 200 GET /api/v1/ 354.68ms
INF 2026-08-03T21:12:30.941Z > 200 GET /api/v1/ 922.79ms
INF 2026-08-03T21:12:30.941Z > 200 GET /api/v1/ 1325.13ms
INF 2026-08-03T21:12:30.942Z > 200 GET /api/v1/ 335.14ms
INF 2026-08-03T21:12:30.942Z > 200 GET /api/v1/ 1328.74ms
INF 2026-08-03T21:12:30.943Z > 200 GET /api/v1/ 534.86ms
INF 2026-08-03T21:12:30.943Z > 200 GET /api/v1/ 452.39ms
INF 2026-08-03T21:12:30.944Z > 200 GET /api/v1/ 1328.87ms
INF 2026-08-03T21:12:30.973Z > 200 GET /api/v1/ 463.29ms
INF 2026-08-03T21:12:30.978Z > 200 GET /api/v1/ 81.17ms
INF 2026-08-03T21:12:31.005Z > 200 GET /api/v1/ 582.22ms
INF 2026-08-03T21:12:31.005Z > 200 GET /api/v1/ 1389.24ms
INF 2026-08-03T21:12:31.007Z > 200 GET /api/v1/ 530.47ms
INF 2026-08-03T21:12:31.008Z > 200 GET /api/v1/ 1392.13ms
INF 2026-08-03T21:12:31.026Z > 200 GET /api/v1/ 1409.49ms
INF 2026-08-03T21:12:31.028Z > 200 GET /api/v1/ 567.74ms
INF 2026-08-03T21:12:31.028Z > 200 GET /api/v1/ 565.72ms
INF 2026-08-03T21:12:31.028Z > 200 GET /api/v1/ 1186.09ms
INF 2026-08-03T21:12:31.030Z > 200 GET /api/v1/ 538.86ms
INF 2026-08-03T21:12:31.031Z > 200 GET /api/v1/ 1414.86ms
INF 2026-08-03T21:12:31.033Z > 200 GET /api/v1/ 556.36ms
INF 2026-08-03T21:12:31.033Z > 200 GET /api/v1/ 1423.03ms
INF 2026-08-03T21:12:31.039Z > 200 GET /api/v1/ 1424.03ms
INF 2026-08-03T21:12:31.040Z > 200 GET /api/v1/ 1424.32ms
INF 2026-08-03T21:12:31.042Z > 200 GET /api/v1/ 479.01ms
INF 2026-08-03T21:12:31.093Z > 200 GET /api/v1/ 50.81ms
INF 2026-08-03T21:12:31.110Z > 200 GET /api/v1/ 1260.07ms
INF 2026-08-03T21:12:31.112Z > 200 GET /api/v1/ 1498.2ms
INF 2026-08-03T21:12:31.114Z > 200 GET /api/v1/ 567.13ms
INF 2026-08-03T21:12:31.127Z > 200 GET /api/v1/ 1514.76ms
INF 2026-08-03T21:12:31.128Z > 200 GET /api/v1/ 15.52ms
INF 2026-08-03T21:12:31.129Z > 200 GET /api/v1/ 336.31ms
INF 2026-08-03T21:12:31.132Z > 200 GET /api/v1/ 1518.64ms
INF 2026-08-03T21:12:31.135Z > 200 GET /api/v1/ 1519.4ms
INF 2026-08-03T21:12:31.136Z > 200 GET /api/v1/ 462.74ms
INF 2026-08-03T21:12:31.138Z > 200 GET /api/v1/ 10.43ms
INF 2026-08-03T21:12:31.141Z > 200 GET /api/v1/ 1525.4ms
INF 2026-08-03T21:12:31.175Z > 200 GET /api/v1/ 669.2ms
INF 2026-08-03T21:12:31.175Z > 200 GET /api/v1/ 1562.69ms
INF 2026-08-03T21:12:31.178Z > 200 GET /api/v1/ 1562.83ms
INF 2026-08-03T21:12:31.190Z > 200 GET /api/v1/ 53.11ms
INF 2026-08-03T21:12:31.190Z > 200 GET /api/v1/ 349.78ms
INF 2026-08-03T21:12:31.221Z > 200 GET /api/v1/ 745.17ms
INF 2026-08-03T21:12:31.248Z > 200 GET /api/v1/ 1636.79ms
INF 2026-08-03T21:12:31.248Z > 200 GET /api/v1/ 1635.01ms
INF 2026-08-03T21:12:31.250Z > 200 GET /api/v1/ 1637.73ms
INF 2026-08-03T21:12:31.251Z > 200 GET /api/v1/ 1637.1ms
INF 2026-08-03T21:12:31.251Z > 200 GET /api/v1/ 910.04ms
INF 2026-08-03T21:12:31.252Z > 200 GET /api/v1/ 1639.11ms
INF 2026-08-03T21:12:31.253Z > 200 GET /api/v1/ 1636.79ms
INF 2026-08-03T21:12:31.253Z > 200 GET /api/v1/ 307.94ms
INF 2026-08-03T21:12:31.255Z > 200 GET /api/v1/ 749.55ms
INF 2026-08-03T21:12:31.315Z > 200 GET /api/v1/ 1702.92ms
INF 2026-08-03T21:12:31.315Z > 200 GET /api/v1/ 369.65ms
INF 2026-08-03T21:12:31.316Z > 200 GET /api/v1/ 855.51ms
INF 2026-08-03T21:12:31.316Z > 200 GET /api/v1/ 1703.37ms
INF 2026-08-03T21:12:31.336Z > 200 GET /api/v1/ 1722.05ms
INF 2026-08-03T21:12:31.360Z > 200 GET /api/v1/ 1744.55ms
INF 2026-08-03T21:12:31.361Z > 200 GET /api/v1/ 1749.28ms
INF 2026-08-03T21:12:31.364Z > 200 GET /api/v1/ 109.1ms
INF 2026-08-03T21:12:31.374Z > 200 GET /api/v1/ 1759.85ms
INF 2026-08-03T21:12:31.375Z > 200 GET /api/v1/ 1761.16ms
INF 2026-08-03T21:12:31.376Z > 200 GET /api/v1/ 1764.26ms
INF 2026-08-03T21:12:31.377Z > 200 GET /api/v1/ 1762.17ms
INF 2026-08-03T21:12:31.379Z > 200 GET /api/v1/ 1766.49ms
INF 2026-08-03T21:12:31.380Z > 200 GET /api/v1/ 870.74ms
INF 2026-08-03T21:12:31.384Z > 200 GET /api/v1/ 1767.72ms
INF 2026-08-03T21:12:31.385Z > 200 GET /api/v1/ 1768.4ms
INF 2026-08-03T21:12:31.386Z > 200 GET /api/v1/ 1771.39ms
INF 2026-08-03T21:12:31.387Z > 200 GET /api/v1/ 1771.46ms
INF 2026-08-03T21:12:31.389Z > 200 GET /api/v1/ 411.75ms
INF 2026-08-03T21:12:31.391Z > 200 GET /api/v1/ 1774.75ms
INF 2026-08-03T21:12:31.411Z > 200 GET /api/v1/ 24.05ms
INF 2026-08-03T21:12:31.433Z > 200 GET /api/v1/ 43.86ms
INF 2026-08-03T21:12:31.444Z > 200 GET /api/v1/ 20.07ms
INF 2026-08-03T21:12:31.462Z > 200 GET /api/v1/ 7.57ms
INF 2026-08-03T21:12:31.474Z > 200 GET /api/v1/ 227.16ms
INF 2026-08-03T21:12:31.482Z > 200 GET /api/v1/ 1866.29ms
INF 2026-08-03T21:12:31.486Z > 200 GET /api/v1/ 311.43ms
INF 2026-08-03T21:12:31.486Z > 200 GET /api/v1/ 305.73ms
INF 2026-08-03T21:12:31.501Z > 200 GET /api/v1/ 1006.93ms
INF 2026-08-03T21:12:31.502Z > 200 GET /api/v1/ 328.14ms
INF 2026-08-03T21:12:31.504Z > 200 GET /api/v1/ 426.07ms
INF 2026-08-03T21:12:31.527Z > 200 GET /api/v1/ 581.31ms
INF 2026-08-03T21:12:31.530Z > 200 GET /api/v1/ 461.38ms
INF 2026-08-03T21:12:31.537Z > 200 GET /api/v1/ 6.44ms
INF 2026-08-03T21:12:31.540Z > 200 GET /api/v1/ 1925.15ms
INF 2026-08-03T21:12:31.547Z > 200 GET /api/v1/ 1931.84ms
INF 2026-08-03T21:12:31.548Z > 200 GET /api/v1/ 8.24ms
INF 2026-08-03T21:12:31.549Z > 200 GET /api/v1/ 1935.05ms
INF 2026-08-03T21:12:31.550Z > 200 GET /api/v1/ 1933.69ms
INF 2026-08-03T21:12:31.551Z > 200 GET /api/v1/ 540.87ms
INF 2026-08-03T21:12:31.553Z > 200 GET /api/v1/ 1881.82ms
INF 2026-08-03T21:12:31.553Z > 200 GET /api/v1/ 475.33ms
INF 2026-08-03T21:12:31.554Z > 200 GET /api/v1/ 480.38ms
INF 2026-08-03T21:12:31.559Z > 200 GET /api/v1/ 548.4ms
INF 2026-08-03T21:12:31.559Z > 200 GET /api/v1/ 1943.49ms
INF 2026-08-03T21:12:31.560Z > 200 GET /api/v1/ 12.65ms
INF 2026-08-03T21:12:31.566Z > 200 GET /api/v1/ 6.68ms
INF 2026-08-03T21:12:31.567Z > 200 GET /api/v1/ 1951.49ms
INF 2026-08-03T21:12:31.574Z > 200 GET /api/v1/ 6.76ms
INF 2026-08-03T21:12:31.581Z > 200 GET /api/v1/ 6.51ms
INF 2026-08-03T21:12:31.585Z > 200 GET /api/v1/ 639.62ms
INF 2026-08-03T21:12:31.590Z > 200 GET /api/v1/ 85.64ms
INF 2026-08-03T21:12:31.593Z > 200 GET /api/v1/ 1980.67ms
INF 2026-08-03T21:12:31.594Z > 200 GET /api/v1/ 1911.28ms
INF 2026-08-03T21:12:31.596Z > 200 GET /api/v1/ 528.67ms
INF 2026-08-03T21:12:31.598Z > 200 GET /api/v1/ 1982.69ms
INF 2026-08-03T21:12:31.601Z > 200 GET /api/v1/ 526.85ms
INF 2026-08-03T21:12:31.604Z > 200 GET /api/v1/ 6.72ms
INF 2026-08-03T21:12:31.618Z > 200 GET /api/v1/ 7.17ms
INF 2026-08-03T21:12:31.633Z > 200 GET /api/v1/ 6.48ms
INF 2026-08-03T21:12:31.642Z > 200 GET /api/v1/ 7.23ms
INF 2026-08-03T21:12:31.648Z > 200 GET /api/v1/ 6.12ms
INF 2026-08-03T21:12:31.655Z > 200 GET /api/v1/ 814.2ms
INF 2026-08-03T21:12:31.666Z > 200 GET /api/v1/ 7.61ms
INF 2026-08-03T21:12:31.682Z > 200 GET /api/v1/ 7.43ms
INF 2026-08-03T21:12:31.689Z > 200 GET /api/v1/ 6.81ms
INF 2026-08-03T21:12:31.697Z > 200 GET /api/v1/ 6.74ms
INF 2026-08-03T21:12:31.705Z > 200 GET /api/v1/ 6.4ms
INF 2026-08-03T21:12:31.713Z > 200 GET /api/v1/ 7.07ms
INF 2026-08-03T21:12:31.729Z > 200 GET /api/v1/ 6.73ms
INF 2026-08-03T21:12:31.752Z > 200 GET /api/v1/ 16.68ms
INF 2026-08-03T21:12:31.762Z > 200 GET /api/v1/ 7.26ms
INF 2026-08-03T21:12:31.766Z > 200 GET /api/v1/ 163.49ms
INF 2026-08-03T21:12:31.771Z > 200 GET /api/v1/ 409.01ms
INF 2026-08-03T21:12:31.772Z > 200 GET /api/v1/ 386.91ms
INF 2026-08-03T21:12:31.774Z > 200 GET /api/v1/ 408.25ms
INF 2026-08-03T21:12:31.777Z > 200 GET /api/v1/ 162.41ms
INF 2026-08-03T21:12:31.782Z > 200 GET /api/v1/ 836.16ms
INF 2026-08-03T21:12:31.785Z > 200 GET /api/v1/ 407.13ms
INF 2026-08-03T21:12:31.785Z > 200 GET /api/v1/ 525.25ms
INF 2026-08-03T21:12:31.786Z > 200 GET /api/v1/ 355.64ms
INF 2026-08-03T21:12:31.801Z > 200 GET /api/v1/ 6.4ms
INF 2026-08-03T21:12:31.809Z > 200 GET /api/v1/ 6.71ms
INF 2026-08-03T21:12:31.821Z > 200 GET /api/v1/ 6.82ms
INF 2026-08-03T21:12:31.829Z > 200 GET /api/v1/ 6.75ms
INF 2026-08-03T21:12:31.851Z > 200 GET /api/v1/ 7.51ms
INF 2026-08-03T21:12:31.858Z > 200 GET /api/v1/ 6.9ms
INF 2026-08-03T21:12:31.870Z > 200 GET /api/v1/ 7.2ms
INF 2026-08-03T21:12:31.872Z > 200 GET /api/v1/ 552.02ms
INF 2026-08-03T21:12:31.900Z > 200 GET /api/v1/ 522.23ms
INF 2026-08-03T21:12:31.925Z > 200 GET /api/v1/ 23.12ms
INF 2026-08-03T21:12:31.948Z > 200 GET /api/v1/ 585.96ms
INF 2026-08-03T21:12:31.949Z > 200 GET /api/v1/ 401.53ms
INF 2026-08-03T21:12:31.953Z > 200 GET /api/v1/ 1411.51ms
INF 2026-08-03T21:12:31.954Z > 200 GET /api/v1/ 384.13ms
INF 2026-08-03T21:12:31.957Z > 200 GET /api/v1/ 217.81ms
INF 2026-08-03T21:12:31.958Z > 200 GET /api/v1/ 443.68ms
INF 2026-08-03T21:12:31.961Z > 200 GET /api/v1/ 211.86ms
INF 2026-08-03T21:12:31.963Z > 200 GET /api/v1/ 156.19ms
INF 2026-08-03T21:12:31.973Z > 200 GET /api/v1/ 421.98ms
INF 2026-08-03T21:12:31.974Z > 200 GET /api/v1/ 335.24ms
INF 2026-08-03T21:12:31.980Z > 200 GET /api/v1/ 6.82ms
INF 2026-08-03T21:12:31.998Z > 200 GET /api/v1/ 8.08ms
INF 2026-08-03T21:12:32.009Z > 200 GET /api/v1/ 1499.04ms
INF 2026-08-03T21:12:32.010Z > 200 GET /api/v1/ 11.67ms
INF 2026-08-03T21:12:32.023Z > 200 GET /api/v1/ 8.42ms
INF 2026-08-03T21:12:32.030Z > 200 GET /api/v1/ 7.38ms
INF 2026-08-03T21:12:32.036Z > 200 GET /api/v1/ 221.68ms
INF 2026-08-03T21:12:32.040Z > 200 GET /api/v1/ 1483.39ms
INF 2026-08-03T21:12:32.045Z > 200 GET /api/v1/ 174.23ms
INF 2026-08-03T21:12:32.050Z > 200 GET /api/v1/ 8.08ms
INF 2026-08-03T21:12:32.062Z > 200 GET /api/v1/ 11.21ms
INF 2026-08-03T21:12:32.067Z > 200 GET /api/v1/ 1429.19ms
INF 2026-08-03T21:12:32.086Z > 200 GET /api/v1/ 11.9ms
INF 2026-08-03T21:12:32.116Z > 200 GET /api/v1/ 29.37ms
INF 2026-08-03T21:12:32.116Z > 200 GET /api/v1/ 1275.9ms
INF 2026-08-03T21:12:32.121Z > 200 GET /api/v1/ 1266.64ms
INF 2026-08-03T21:12:32.122Z > 200 GET /api/v1/ 1195.58ms
INF 2026-08-03T21:12:32.140Z > 200 GET /api/v1/ 6.79ms
INF 2026-08-03T21:12:32.143Z > 200 GET /api/v1/ 1203.03ms
INF 2026-08-03T21:12:32.170Z > 200 GET /api/v1/ 10.84ms
INF 2026-08-03T21:12:32.195Z > 200 GET /api/v1/ 874.73ms
INF 2026-08-03T21:12:32.195Z > 200 GET /api/v1/ 875.47ms
INF 2026-08-03T21:12:32.196Z > 200 GET /api/v1/ 1154.13ms
INF 2026-08-03T21:12:32.199Z > 200 GET /api/v1/ 144.01ms
INF 2026-08-03T21:12:32.199Z > 200 GET /api/v1/ 95.57ms
INF 2026-08-03T21:12:32.203Z > 200 GET /api/v1/ 188.0ms
INF 2026-08-03T21:12:32.204Z > 200 GET /api/v1/ 262.11ms
INF 2026-08-03T21:12:32.210Z > 200 GET /api/v1/ 817.62ms
INF 2026-08-03T21:12:32.218Z > 200 GET /api/v1/ 219.11ms
INF 2026-08-03T21:12:32.219Z > 200 GET /api/v1/ 8.89ms
INF 2026-08-03T21:12:32.221Z > 200 GET /api/v1/ 140.52ms
INF 2026-08-03T21:12:32.236Z > 200 GET /api/v1/ 637.7ms
INF 2026-08-03T21:12:32.245Z > 200 GET /api/v1/ 1750.86ms
INF 2026-08-03T21:12:32.256Z > 200 GET /api/v1/ 9.63ms
INF 2026-08-03T21:12:32.265Z > 200 GET /api/v1/ 6.37ms
INF 2026-08-03T21:12:32.270Z > 200 GET /api/v1/ 950.27ms
INF 2026-08-03T21:12:32.273Z > 200 GET /api/v1/ 678.37ms
INF 2026-08-03T21:12:32.276Z > 200 GET /api/v1/ 681.29ms
INF 2026-08-03T21:12:32.276Z > 200 GET /api/v1/ 906.42ms
INF 2026-08-03T21:12:32.277Z > 200 GET /api/v1/ 210.78ms
INF 2026-08-03T21:12:32.289Z > 200 GET /api/v1/ 176.56ms
INF 2026-08-03T21:12:32.298Z > 200 GET /api/v1/ 8.48ms
INF 2026-08-03T21:12:32.300Z > 200 GET /api/v1/ 697.77ms
INF 2026-08-03T21:12:32.305Z > 200 GET /api/v1/ 6.93ms
INF 2026-08-03T21:12:32.306Z > 200 GET /api/v1/ 1762.62ms
INF 2026-08-03T21:12:32.319Z > 200 GET /api/v1/ 1664.62ms
INF 2026-08-03T21:12:32.324Z > 200 GET /api/v1/ 18.05ms
INF 2026-08-03T21:12:32.332Z > 200 GET /api/v1/ 848.93ms
INF 2026-08-03T21:12:32.347Z > 200 GET /api/v1/ 8.81ms
INF 2026-08-03T21:12:32.350Z > 200 GET /api/v1/ 1806.53ms
INF 2026-08-03T21:12:32.355Z > 200 GET /api/v1/ 1716.8ms
INF 2026-08-03T21:12:32.356Z > 200 GET /api/v1/ 1689.05ms
INF 2026-08-03T21:12:32.360Z > 200 GET /api/v1/ 1813.11ms
INF 2026-08-03T21:12:32.360Z > 200 GET /api/v1/ 369.67ms
INF 2026-08-03T21:12:32.363Z > 200 GET /api/v1/ 1696.07ms
INF 2026-08-03T21:12:32.364Z > 200 GET /api/v1/ 1688.33ms
INF 2026-08-03T21:12:32.365Z > 200 GET /api/v1/ 1821.21ms
INF 2026-08-03T21:12:32.365Z > 200 GET /api/v1/ 1355.26ms
INF 2026-08-03T21:12:32.391Z > 200 GET /api/v1/ 28.7ms
INF 2026-08-03T21:12:32.400Z > 200 GET /api/v1/ 8.93ms
INF 2026-08-03T21:12:32.411Z > 200 GET /api/v1/ 8.66ms
INF 2026-08-03T21:12:32.415Z > 200 GET /api/v1/ 1159.72ms
INF 2026-08-03T21:12:32.422Z > 200 GET /api/v1/ 1161.75ms
INF 2026-08-03T21:12:32.424Z > 200 GET /api/v1/ 218.84ms
INF 2026-08-03T21:12:32.424Z > 200 GET /api/v1/ 1104.52ms
INF 2026-08-03T21:12:32.428Z > 200 GET /api/v1/ 1417.84ms
INF 2026-08-03T21:12:32.431Z > 200 GET /api/v1/ 1170.44ms
INF 2026-08-03T21:12:32.435Z > 200 GET /api/v1/ 1179.68ms
INF 2026-08-03T21:12:32.438Z > 200 GET /api/v1/ 1363.83ms
INF 2026-08-03T21:12:32.443Z > 200 GET /api/v1/ 7.92ms
INF 2026-08-03T21:12:32.450Z > 200 GET /api/v1/ 7.65ms
INF 2026-08-03T21:12:32.462Z > 200 GET /api/v1/ 8.08ms
INF 2026-08-03T21:12:32.471Z > 200 GET /api/v1/ 8.74ms
INF 2026-08-03T21:12:32.485Z > 200 GET /api/v1/ 10.44ms
INF 2026-08-03T21:12:32.494Z > 200 GET /api/v1/ 7.69ms
INF 2026-08-03T21:12:32.501Z > 200 GET /api/v1/ 6.63ms
INF 2026-08-03T21:12:32.508Z > 200 GET /api/v1/ 1334.21ms
INF 2026-08-03T21:12:32.522Z > 200 GET /api/v1/ 7.45ms
INF 2026-08-03T21:12:32.533Z > 200 GET /api/v1/ 762.38ms
INF 2026-08-03T21:12:32.537Z > 200 GET /api/v1/ 710.79ms
INF 2026-08-03T21:12:32.543Z > 200 GET /api/v1/ 620.25ms
INF 2026-08-03T21:12:32.544Z > 200 GET /api/v1/ 632.46ms
INF 2026-08-03T21:12:32.550Z > 200 GET /api/v1/ 722.83ms
INF 2026-08-03T21:12:32.551Z > 200 GET /api/v1/ 7.53ms
INF 2026-08-03T21:12:32.570Z > 200 GET /api/v1/ 8.03ms
INF 2026-08-03T21:12:32.583Z > 200 GET /api/v1/ 8.99ms
INF 2026-08-03T21:12:32.589Z > 200 GET /api/v1/ 1500.43ms
INF 2026-08-03T21:12:32.598Z > 200 GET /api/v1/ 1657.83ms
INF 2026-08-03T21:12:32.604Z > 200 GET /api/v1/ 11.22ms
INF 2026-08-03T21:12:32.623Z > 200 GET /api/v1/ 1692.44ms
INF 2026-08-03T21:12:32.629Z > 200 GET /api/v1/ 1688.42ms
INF 2026-08-03T21:12:32.643Z > 200 GET /api/v1/ 13.11ms
INF 2026-08-03T21:12:32.655Z > 200 GET /api/v1/ 8.31ms
INF 2026-08-03T21:12:32.660Z > 200 GET /api/v1/ 1117.62ms
INF 2026-08-03T21:12:32.666Z > 200 GET /api/v1/ 1087.43ms
INF 2026-08-03T21:12:32.667Z > 200 GET /api/v1/ 336.39ms
INF 2026-08-03T21:12:32.668Z > 200 GET /api/v1/ 1167.11ms
INF 2026-08-03T21:12:32.688Z > 200 GET /api/v1/ 1310.19ms
INF 2026-08-03T21:12:32.693Z > 200 GET /api/v1/ 26.54ms
INF 2026-08-03T21:12:32.696Z > 200 GET /api/v1/ 1146.22ms
INF 2026-08-03T21:12:32.707Z > 200 GET /api/v1/ 9.0ms
INF 2026-08-03T21:12:32.719Z > 200 GET /api/v1/ 8.2ms
INF 2026-08-03T21:12:32.724Z > 200 GET /api/v1/ 564.39ms
INF 2026-08-03T21:12:32.734Z > 200 GET /api/v1/ 1207.94ms
INF 2026-08-03T21:12:32.742Z > 200 GET /api/v1/ 7.47ms
INF 2026-08-03T21:12:32.759Z > 200 GET /api/v1/ 8.26ms
INF 2026-08-03T21:12:32.770Z > 200 GET /api/v1/ 8.0ms
INF 2026-08-03T21:12:32.786Z > 200 GET /api/v1/ 7.26ms
INF 2026-08-03T21:12:32.815Z > 200 GET /api/v1/ 10.22ms
INF 2026-08-03T21:12:32.824Z > 200 GET /api/v1/ 289.79ms
INF 2026-08-03T21:12:32.835Z > 200 GET /api/v1/ 8.19ms
INF 2026-08-03T21:12:32.838Z > 200 GET /api/v1/ 379.37ms
INF 2026-08-03T21:12:32.842Z > 200 GET /api/v1/ 376.05ms
INF 2026-08-03T21:12:32.844Z > 200 GET /api/v1/ 265.28ms
INF 2026-08-03T21:12:32.844Z > 200 GET /api/v1/ 258.15ms
INF 2026-08-03T21:12:32.852Z > 200 GET /api/v1/ 372.1ms
INF 2026-08-03T21:12:32.855Z > 200 GET /api/v1/ 375.54ms
INF 2026-08-03T21:12:32.860Z > 200 GET /api/v1/ 352.52ms
INF 2026-08-03T21:12:32.861Z > 200 GET /api/v1/ 230.8ms
INF 2026-08-03T21:12:32.865Z > 200 GET /api/v1/ 394.43ms
INF 2026-08-03T21:12:32.874Z > 200 GET /api/v1/ 8.01ms
INF 2026-08-03T21:12:32.885Z > 200 GET /api/v1/ 679.95ms
INF 2026-08-03T21:12:32.894Z > 200 GET /api/v1/ 7.45ms
INF 2026-08-03T21:12:32.904Z > 200 GET /api/v1/ 9.36ms
INF 2026-08-03T21:12:32.914Z > 200 GET /api/v1/ 8.0ms
INF 2026-08-03T21:12:32.918Z > 200 GET /api/v1/ 1325.02ms
INF 2026-08-03T21:12:32.926Z > 200 GET /api/v1/ 7.41ms
INF 2026-08-03T21:12:32.933Z > 200 GET /api/v1/ 6.34ms
INF 2026-08-03T21:12:32.942Z > 200 GET /api/v1/ 7.23ms
INF 2026-08-03T21:12:32.954Z > 200 GET /api/v1/ 7.98ms
INF 2026-08-03T21:12:32.972Z > 200 GET /api/v1/ 8.27ms
INF 2026-08-03T21:12:32.979Z > 200 GET /api/v1/ 740.19ms
INF 2026-08-03T21:12:32.991Z > 200 GET /api/v1/ 8.83ms
INF 2026-08-03T21:12:32.996Z > 200 GET /api/v1/ 1928.0ms
INF 2026-08-03T21:12:32.999Z > 200 GET /api/v1/ 1930.64ms
INF 2026-08-03T21:12:33.004Z > 200 GET /api/v1/ 1993.26ms
INF 2026-08-03T21:12:33.006Z > 200 GET /api/v1/ 1995.74ms
INF 2026-08-03T21:12:33.006Z > 200 GET /api/v1/ 1996.5ms
INF 2026-08-03T21:12:33.022Z > 200 GET /api/v1/ 7.97ms
INF 2026-08-03T21:12:33.034Z > 200 GET /api/v1/ 11.36ms
INF 2026-08-03T21:12:33.044Z > 200 GET /api/v1/ 9.74ms
INF 2026-08-03T21:12:33.056Z > 200 GET /api/v1/ 10.0ms
INF 2026-08-03T21:12:33.070Z > 200 GET /api/v1/ 751.1ms
INF 2026-08-03T21:12:33.088Z > 200 GET /api/v1/ 9.47ms
INF 2026-08-03T21:12:33.108Z > 200 GET /api/v1/ 9.31ms
INF 2026-08-03T21:12:33.118Z > 200 GET /api/v1/ 7.14ms
INF 2026-08-03T21:12:33.123Z > 200 GET /api/v1/ 1304.68ms
INF 2026-08-03T21:12:33.131Z > 200 GET /api/v1/ 167.54ms
INF 2026-08-03T21:12:33.151Z > 200 GET /api/v1/ 248.6ms
INF 2026-08-03T21:12:33.157Z > 200 GET /api/v1/ 562.71ms
INF 2026-08-03T21:12:33.164Z > 200 GET /api/v1/ 33.31ms
INF 2026-08-03T21:12:33.169Z > 200 GET /api/v1/ 1827.85ms
INF 2026-08-03T21:12:33.178Z > 200 GET /api/v1/ 1014.4ms
INF 2026-08-03T21:12:33.182Z > 200 GET /api/v1/ 8.02ms
INF 2026-08-03T21:12:33.192Z > 200 GET /api/v1/ 1108.77ms
INF 2026-08-03T21:12:33.198Z > 200 GET /api/v1/ 2065.85ms
INF 2026-08-03T21:12:33.203Z > 200 GET /api/v1/ 2068.27ms
INF 2026-08-03T21:12:33.206Z > 200 GET /api/v1/ 1039.24ms
INF 2026-08-03T21:12:33.206Z > 200 GET /api/v1/ 2138.33ms
INF 2026-08-03T21:12:33.209Z > 200 GET /api/v1/ 2033.0ms
INF 2026-08-03T21:12:33.212Z > 200 GET /api/v1/ 2037.36ms
INF 2026-08-03T21:12:33.215Z > 200 GET /api/v1/ 526.53ms
INF 2026-08-03T21:12:33.217Z > 200 GET /api/v1/ 10.88ms
INF 2026-08-03T21:12:33.218Z > 200 GET /api/v1/ 2077.09ms
INF 2026-08-03T21:12:33.219Z > 200 GET /api/v1/ 1962.92ms
INF 2026-08-03T21:12:33.224Z > 200 GET /api/v1/ 2150.3ms
INF 2026-08-03T21:12:33.224Z > 200 GET /api/v1/ 226.01ms
INF 2026-08-03T21:12:33.231Z > 200 GET /api/v1/ 7.38ms
INF 2026-08-03T21:12:33.236Z > 200 GET /api/v1/ 2055.04ms
INF 2026-08-03T21:12:33.243Z > 200 GET /api/v1/ 1987.66ms
INF 2026-08-03T21:12:33.255Z > 200 GET /api/v1/ 2074.64ms
INF 2026-08-03T21:12:33.265Z > 200 GET /api/v1/ 797.75ms
INF 2026-08-03T21:12:33.283Z > 200 GET /api/v1/ 13.42ms
INF 2026-08-03T21:12:33.304Z > 200 GET /api/v1/ 16.67ms
INF 2026-08-03T21:12:33.307Z > 200 GET /api/v1/ 988.09ms
INF 2026-08-03T21:12:33.315Z > 200 GET /api/v1/ 972.67ms
INF 2026-08-03T21:12:33.317Z > 200 GET /api/v1/ 12.15ms
INF 2026-08-03T21:12:33.319Z > 200 GET /api/v1/ 12.76ms
INF 2026-08-03T21:12:33.320Z > 200 GET /api/v1/ 973.67ms
INF 2026-08-03T21:12:33.321Z > 200 GET /api/v1/ 2000.77ms
INF 2026-08-03T21:12:33.321Z > 200 GET /api/v1/ 974.87ms
INF 2026-08-03T21:12:33.322Z > 200 GET /api/v1/ 1319.21ms
INF 2026-08-03T21:12:33.323Z > 200 GET /api/v1/ 1933.53ms
INF 2026-08-03T21:12:33.385Z > 200 GET /api/v1/ 58.86ms
INF 2026-08-03T21:12:33.396Z > 200 GET /api/v1/ 1077.07ms
INF 2026-08-03T21:12:33.403Z > 200 GET /api/v1/ 672.25ms
INF 2026-08-03T21:12:33.405Z > 200 GET /api/v1/ 1930.58ms
INF 2026-08-03T21:12:33.414Z > 200 GET /api/v1/ 347.2ms
INF 2026-08-03T21:12:33.418Z > 200 GET /api/v1/ 1875.65ms
INF 2026-08-03T21:12:33.421Z > 200 GET /api/v1/ 542.27ms
INF 2026-08-03T21:12:33.426Z > 200 GET /api/v1/ 387.36ms
INF 2026-08-03T21:12:33.429Z > 200 GET /api/v1/ 1178.74ms
INF 2026-08-03T21:12:33.433Z > 200 GET /api/v1/ 282.29ms
INF 2026-08-03T21:12:33.436Z > 200 GET /api/v1/ 1125.42ms
INF 2026-08-03T21:12:33.446Z > 200 GET /api/v1/ 1203.56ms
INF 2026-08-03T21:12:33.447Z > 200 GET /api/v1/ 396.29ms
INF 2026-08-03T21:12:33.447Z > 200 GET /api/v1/ 1852.98ms
INF 2026-08-03T21:12:33.448Z > 200 GET /api/v1/ 1857.56ms
INF 2026-08-03T21:12:33.451Z > 200 GET /api/v1/ 290.59ms
INF 2026-08-03T21:12:33.455Z > 200 GET /api/v1/ 7.19ms
INF 2026-08-03T21:12:33.473Z > 200 GET /api/v1/ 17.69ms
INF 2026-08-03T21:12:33.482Z > 200 GET /api/v1/ 7.41ms
INF 2026-08-03T21:12:33.490Z > 200 GET /api/v1/ 278.73ms
INF 2026-08-03T21:12:33.498Z > 200 GET /api/v1/ 1871.55ms
INF 2026-08-03T21:12:33.507Z > 200 GET /api/v1/ 1188.56ms
INF 2026-08-03T21:12:33.507Z > 200 GET /api/v1/ 8.93ms
INF 2026-08-03T21:12:33.509Z > 200 GET /api/v1/ 254.05ms
INF 2026-08-03T21:12:33.511Z > 200 GET /api/v1/ 1248.47ms
INF 2026-08-03T21:12:33.512Z > 200 GET /api/v1/ 265.22ms
INF 2026-08-03T21:12:33.512Z > 200 GET /api/v1/ 2105.9ms
INF 2026-08-03T21:12:33.522Z > 200 GET /api/v1/ 7.38ms
INF 2026-08-03T21:12:33.529Z > 200 GET /api/v1/ 7.05ms
INF 2026-08-03T21:12:33.532Z > 200 GET /api/v1/ 302.94ms
INF 2026-08-03T21:12:33.532Z > 200 GET /api/v1/ 285.99ms
INF 2026-08-03T21:12:33.547Z > 200 GET /api/v1/ 9.0ms
INF 2026-08-03T21:12:33.559Z > 200 GET /api/v1/ 8.45ms
INF 2026-08-03T21:12:33.569Z > 200 GET /api/v1/ 6.64ms
INF 2026-08-03T21:12:33.574Z > 200 GET /api/v1/ 323.9ms
INF 2026-08-03T21:12:33.579Z > 200 GET /api/v1/ 1475.18ms
INF 2026-08-03T21:12:33.580Z > 200 GET /api/v1/ 345.85ms
INF 2026-08-03T21:12:33.597Z > 200 GET /api/v1/ 6.84ms
INF 2026-08-03T21:12:33.600Z > 200 GET /api/v1/ 1969.99ms
INF 2026-08-03T21:12:33.608Z > 200 GET /api/v1/ 1961.3ms
INF 2026-08-03T21:12:33.609Z > 200 GET /api/v1/ 6.7ms
INF 2026-08-03T21:12:33.620Z > 200 GET /api/v1/ 9.55ms
INF 2026-08-03T21:12:33.629Z > 200 GET /api/v1/ 7.06ms
INF 2026-08-03T21:12:33.634Z > 200 GET /api/v1/ 1371.2ms
INF 2026-08-03T21:12:33.639Z > 200 GET /api/v1/ 259.87ms
INF 2026-08-03T21:12:33.644Z > 200 GET /api/v1/ 199.55ms
INF 2026-08-03T21:12:33.649Z > 200 GET /api/v1/ 1410.25ms
INF 2026-08-03T21:12:33.658Z > 200 GET /api/v1/ 7.51ms
INF 2026-08-03T21:12:33.669Z > 200 GET /api/v1/ 6.67ms
INF 2026-08-03T21:12:33.678Z > 200 GET /api/v1/ 7.24ms
INF 2026-08-03T21:12:33.690Z > 200 GET /api/v1/ 8.04ms
INF 2026-08-03T21:12:33.698Z > 200 GET /api/v1/ 7.23ms
INF 2026-08-03T21:12:33.705Z > 200 GET /api/v1/ 6.3ms
INF 2026-08-03T21:12:33.713Z > 200 GET /api/v1/ 626.83ms
INF 2026-08-03T21:12:33.727Z > 200 GET /api/v1/ 8.63ms
INF 2026-08-03T21:12:33.746Z > 200 GET /api/v1/ 7.15ms
INF 2026-08-03T21:12:33.750Z > 200 GET /api/v1/ 2372.0ms
INF 2026-08-03T21:12:33.754Z > 200 GET /api/v1/ 2373.45ms
INF 2026-08-03T21:12:33.755Z > 200 GET /api/v1/ 1940.5ms
INF 2026-08-03T21:12:33.756Z > 200 GET /api/v1/ 1905.2ms
INF 2026-08-03T21:12:33.768Z > 200 GET /api/v1/ 9.76ms
INF 2026-08-03T21:12:33.795Z > 200 GET /api/v1/ 1388.78ms
INF 2026-08-03T21:12:33.798Z > 200 GET /api/v1/ 416.82ms
INF 2026-08-03T21:12:33.803Z > 200 GET /api/v1/ 160.78ms
INF 2026-08-03T21:12:33.806Z > 200 GET /api/v1/ 251.88ms
INF 2026-08-03T21:12:33.815Z > 200 GET /api/v1/ 439.21ms
INF 2026-08-03T21:12:33.819Z > 200 GET /api/v1/ 242.7ms
INF 2026-08-03T21:12:33.855Z > 200 GET /api/v1/ 626.48ms
INF 2026-08-03T21:12:33.859Z > 200 GET /api/v1/ 1076.13ms
INF 2026-08-03T21:12:33.866Z > 200 GET /api/v1/ 963.69ms
INF 2026-08-03T21:12:33.876Z > 200 GET /api/v1/ 17.64ms
INF 2026-08-03T21:12:33.881Z > 200 GET /api/v1/ 1241.89ms
INF 2026-08-03T21:12:33.900Z > 200 GET /api/v1/ 249.49ms
INF 2026-08-03T21:12:33.904Z > 200 GET /api/v1/ 641.6ms
INF 2026-08-03T21:12:33.910Z > 200 GET /api/v1/ 1518.9ms
INF 2026-08-03T21:12:33.911Z > 200 GET /api/v1/ 201.04ms
INF 2026-08-03T21:12:33.916Z > 200 GET /api/v1/ 9.65ms
INF 2026-08-03T21:12:33.924Z > 200 GET /api/v1/ 2097.3ms
INF 2026-08-03T21:12:33.927Z > 200 GET /api/v1/ 884.72ms
INF 2026-08-03T21:12:33.929Z > 200 GET /api/v1/ 1030.91ms
INF 2026-08-03T21:12:33.931Z > 200 GET /api/v1/ 7.53ms
INF 2026-08-03T21:12:33.933Z > 200 GET /api/v1/ 1933.85ms
INF 2026-08-03T21:12:33.939Z > 200 GET /api/v1/ 1700.99ms
INF 2026-08-03T21:12:33.973Z > 200 GET /api/v1/ 926.3ms
INF 2026-08-03T21:12:33.973Z > 200 GET /api/v1/ 694.81ms
INF 2026-08-03T21:12:33.985Z > 200 GET /api/v1/ 11.51ms
INF 2026-08-03T21:12:33.989Z > 200 GET /api/v1/ 1981.31ms
INF 2026-08-03T21:12:33.996Z > 200 GET /api/v1/ 2001.43ms
INF 2026-08-03T21:12:34.006Z > 200 GET /api/v1/ 195.35ms
INF 2026-08-03T21:12:34.009Z > 200 GET /api/v1/ 433.55ms
INF 2026-08-03T21:12:34.015Z > 200 GET /api/v1/ 268.29ms
INF 2026-08-03T21:12:34.021Z > 200 GET /api/v1/ 6.5ms
INF 2026-08-03T21:12:34.026Z > 200 GET /api/v1/ 227.09ms
INF 2026-08-03T21:12:34.032Z > 200 GET /api/v1/ 6.06ms
INF 2026-08-03T21:12:34.052Z > 200 GET /api/v1/ 10.13ms
INF 2026-08-03T21:12:34.067Z > 200 GET /api/v1/ 8.6ms
INF 2026-08-03T21:12:34.072Z > 200 GET /api/v1/ 233.82ms
INF 2026-08-03T21:12:34.079Z > 200 GET /api/v1/ 279.72ms
INF 2026-08-03T21:12:34.079Z > 200 GET /api/v1/ 280.21ms
INF 2026-08-03T21:12:34.080Z > 200 GET /api/v1/ 341.45ms
INF 2026-08-03T21:12:34.081Z > 200 GET /api/v1/ 394.36ms
INF 2026-08-03T21:12:34.083Z > 200 GET /api/v1/ 219.27ms
INF 2026-08-03T21:12:34.103Z > 200 GET /api/v1/ 6.9ms
INF 2026-08-03T21:12:34.107Z > 200 GET /api/v1/ 205.04ms
INF 2026-08-03T21:12:34.113Z > 200 GET /api/v1/ 214.63ms
INF 2026-08-03T21:12:34.124Z > 200 GET /api/v1/ 9.27ms
INF 2026-08-03T21:12:34.129Z > 200 GET /api/v1/ 878.94ms
INF 2026-08-03T21:12:34.136Z > 200 GET /api/v1/ 897.24ms
INF 2026-08-03T21:12:34.137Z > 200 GET /api/v1/ 1250.7ms
INF 2026-08-03T21:12:34.142Z > 200 GET /api/v1/ 883.53ms
INF 2026-08-03T21:12:34.155Z > 200 GET /api/v1/ 8.11ms
INF 2026-08-03T21:12:34.162Z > 200 GET /api/v1/ 7.76ms
INF 2026-08-03T21:12:34.173Z > 200 GET /api/v1/ 6.65ms
INF 2026-08-03T21:12:34.196Z > 200 GET /api/v1/ 12.87ms
INF 2026-08-03T21:12:34.207Z > 200 GET /api/v1/ 8.47ms
INF 2026-08-03T21:12:34.214Z > 200 GET /api/v1/ 7.41ms
INF 2026-08-03T21:12:34.219Z > 200 GET /api/v1/ 1508.24ms
INF 2026-08-03T21:12:34.223Z > 200 GET /api/v1/ 249.75ms
INF 2026-08-03T21:12:34.234Z > 200 GET /api/v1/ 266.66ms
INF 2026-08-03T21:12:34.235Z > 200 GET /api/v1/ 267.35ms
INF 2026-08-03T21:12:34.244Z > 200 GET /api/v1/ 5.98ms
INF 2026-08-03T21:12:34.250Z > 200 GET /api/v1/ 271.32ms
INF 2026-08-03T21:12:34.263Z > 200 GET /api/v1/ 12.85ms
INF 2026-08-03T21:12:34.266Z > 200 GET /api/v1/ 1007.49ms
INF 2026-08-03T21:12:34.271Z > 200 GET /api/v1/ 1582.18ms
INF 2026-08-03T21:12:34.271Z > 200 GET /api/v1/ 994.59ms
INF 2026-08-03T21:12:34.274Z > 200 GET /api/v1/ 7.77ms
INF 2026-08-03T21:12:34.278Z > 200 GET /api/v1/ 816.12ms
INF 2026-08-03T21:12:34.282Z > 200 GET /api/v1/ 365.18ms
INF 2026-08-03T21:12:34.291Z > 200 GET /api/v1/ 240.38ms
INF 2026-08-03T21:12:34.292Z > 200 GET /api/v1/ 2041.56ms
INF 2026-08-03T21:12:34.309Z > 200 GET /api/v1/ 262.73ms
INF 2026-08-03T21:12:34.332Z > 200 GET /api/v1/ 13.57ms
INF 2026-08-03T21:12:34.350Z > 200 GET /api/v1/ 2069.32ms
INF 2026-08-03T21:12:34.355Z > 200 GET /api/v1/ 1736.0ms
INF 2026-08-03T21:12:34.359Z > 200 GET /api/v1/ 389.88ms
INF 2026-08-03T21:12:34.361Z > 200 GET /api/v1/ 1962.07ms
INF 2026-08-03T21:12:34.361Z > 200 GET /api/v1/ 1984.68ms
INF 2026-08-03T21:12:34.362Z > 200 GET /api/v1/ 1955.12ms
INF 2026-08-03T21:12:34.398Z > 200 GET /api/v1/ 7.68ms
INF 2026-08-03T21:12:34.399Z > 200 GET /api/v1/ 2156.26ms
INF 2026-08-03T21:12:34.405Z > 200 GET /api/v1/ 294.23ms
INF 2026-08-03T21:12:34.407Z > 200 GET /api/v1/ 2034.71ms
INF 2026-08-03T21:12:34.408Z > 200 GET /api/v1/ 193.06ms
INF 2026-08-03T21:12:34.412Z > 200 GET /api/v1/ 287.68ms
INF 2026-08-03T21:12:34.416Z > 200 GET /api/v1/ 2009.42ms
INF 2026-08-03T21:12:34.417Z > 200 GET /api/v1/ 2010.3ms
INF 2026-08-03T21:12:34.417Z > 200 GET /api/v1/ 246.81ms
INF 2026-08-03T21:12:34.428Z > 200 GET /api/v1/ 2030.01ms
INF 2026-08-03T21:12:34.445Z > 200 GET /api/v1/ 1587.05ms
INF 2026-08-03T21:12:34.454Z > 200 GET /api/v1/ 7.21ms
INF 2026-08-03T21:12:34.464Z > 200 GET /api/v1/ 8.47ms
INF 2026-08-03T21:12:34.472Z > 200 GET /api/v1/ 8.6ms
INF 2026-08-03T21:12:34.473Z > 200 GET /api/v1/ 1506.65ms
INF 2026-08-03T21:12:34.480Z > 200 GET /api/v1/ 2077.31ms
INF 2026-08-03T21:12:34.484Z > 200 GET /api/v1/ 1957.25ms
INF 2026-08-03T21:12:34.488Z > 200 GET /api/v1/ 1901.8ms
INF 2026-08-03T21:12:34.502Z > 200 GET /api/v1/ 7.15ms
INF 2026-08-03T21:12:34.515Z > 200 GET /api/v1/ 8.64ms
INF 2026-08-03T21:12:34.529Z > 200 GET /api/v1/ 6.5ms
INF 2026-08-03T21:12:34.538Z > 200 GET /api/v1/ 7.6ms
INF 2026-08-03T21:12:34.542Z > 200 GET /api/v1/ 1283.11ms
INF 2026-08-03T21:12:34.548Z > 200 GET /api/v1/ 6.1ms
INF 2026-08-03T21:12:34.568Z > 200 GET /api/v1/ 9.41ms
INF 2026-08-03T21:12:34.587Z > 200 GET /api/v1/ 16.87ms
INF 2026-08-03T21:12:34.592Z > 200 GET /api/v1/ 1105.38ms
INF 2026-08-03T21:12:34.615Z > 200 GET /api/v1/ 264.76ms
INF 2026-08-03T21:12:34.628Z > 200 GET /api/v1/ 500.65ms
INF 2026-08-03T21:12:34.629Z > 200 GET /api/v1/ 226.35ms
INF 2026-08-03T21:12:34.635Z > 200 GET /api/v1/ 230.41ms
INF 2026-08-03T21:12:34.635Z > 200 GET /api/v1/ 192.76ms
INF 2026-08-03T21:12:34.636Z > 200 GET /api/v1/ 239.74ms
INF 2026-08-03T21:12:34.640Z > 200 GET /api/v1/ 9.03ms
INF 2026-08-03T21:12:34.641Z > 200 GET /api/v1/ 333.61ms
INF 2026-08-03T21:12:34.651Z > 200 GET /api/v1/ 2100.3ms
INF 2026-08-03T21:12:34.654Z > 200 GET /api/v1/ 1887.21ms
INF 2026-08-03T21:12:34.657Z > 200 GET /api/v1/ 1842.96ms
INF 2026-08-03T21:12:34.660Z > 200 GET /api/v1/ 1105.25ms
INF 2026-08-03T21:12:34.666Z > 200 GET /api/v1/ 7.57ms
INF 2026-08-03T21:12:34.671Z > 200 GET /api/v1/ 1964.76ms
INF 2026-08-03T21:12:34.689Z > 200 GET /api/v1/ 10.36ms
INF 2026-08-03T21:12:34.711Z > 200 GET /api/v1/ 1736.74ms
INF 2026-08-03T21:12:34.723Z > 200 GET /api/v1/ 8.82ms
INF 2026-08-03T21:12:34.728Z > 200 GET /api/v1/ 1841.12ms
INF 2026-08-03T21:12:34.738Z > 200 GET /api/v1/ 759.55ms
INF 2026-08-03T21:12:34.743Z > 200 GET /api/v1/ 1366.5ms
INF 2026-08-03T21:12:34.749Z > 200 GET /api/v1/ 1252.31ms
INF 2026-08-03T21:12:34.752Z > 200 GET /api/v1/ 1391.57ms
INF 2026-08-03T21:12:34.752Z > 200 GET /api/v1/ 1523.41ms
INF 2026-08-03T21:12:34.753Z > 200 GET /api/v1/ 22.7ms
INF 2026-08-03T21:12:34.753Z > 200 GET /api/v1/ 1326.48ms
INF 2026-08-03T21:12:34.756Z > 200 GET /api/v1/ 1374.06ms
INF 2026-08-03T21:12:34.762Z > 200 GET /api/v1/ 1297.66ms
INF 2026-08-03T21:12:34.765Z > 200 GET /api/v1/ 1383.19ms
INF 2026-08-03T21:12:34.774Z > 200 GET /api/v1/ 7.78ms
INF 2026-08-03T21:12:34.788Z > 200 GET /api/v1/ 7.85ms
INF 2026-08-03T21:12:34.802Z > 200 GET /api/v1/ 11.27ms
INF 2026-08-03T21:12:34.809Z > 200 GET /api/v1/ 7.06ms
INF 2026-08-03T21:12:34.815Z > 200 GET /api/v1/ 2113.14ms
INF 2026-08-03T21:12:34.826Z > 200 GET /api/v1/ 1659.52ms
INF 2026-08-03T21:12:34.840Z > 200 GET /api/v1/ 9.73ms
INF 2026-08-03T21:12:34.851Z > 200 GET /api/v1/ 9.11ms
INF 2026-08-03T21:12:34.859Z > 200 GET /api/v1/ 2120.99ms
INF 2026-08-03T21:12:34.872Z > 200 GET /api/v1/ 9.13ms
INF 2026-08-03T21:12:34.872Z > 200 GET /api/v1/ 357.64ms
INF 2026-08-03T21:12:34.873Z > 200 GET /api/v1/ 1994.3ms
INF 2026-08-03T21:12:34.892Z > 200 GET /api/v1/ 9.17ms
INF 2026-08-03T21:12:34.896Z > 200 GET /api/v1/ 1108.36ms
INF 2026-08-03T21:12:34.907Z > 200 GET /api/v1/ 924.41ms
INF 2026-08-03T21:12:34.910Z > 200 GET /api/v1/ 1359.53ms
INF 2026-08-03T21:12:34.929Z > 200 GET /api/v1/ 14.66ms
INF 2026-08-03T21:12:34.944Z > 200 GET /api/v1/ 9.39ms
INF 2026-08-03T21:12:34.949Z > 200 GET /api/v1/ 1274.46ms
INF 2026-08-03T21:12:34.957Z > 200 GET /api/v1/ 366.92ms
INF 2026-08-03T21:12:34.961Z > 200 GET /api/v1/ 253.88ms
INF 2026-08-03T21:12:34.965Z > 200 GET /api/v1/ 265.51ms
INF 2026-08-03T21:12:34.972Z > 200 GET /api/v1/ 1441.95ms
INF 2026-08-03T21:12:34.994Z > 200 GET /api/v1/ 7.57ms
INF 2026-08-03T21:12:35.006Z > 200 GET /api/v1/ 7.99ms
INF 2026-08-03T21:12:35.013Z > 200 GET /api/v1/ 6.71ms
INF 2026-08-03T21:12:35.024Z > 200 GET /api/v1/ 8.41ms
INF 2026-08-03T21:12:35.041Z > 200 GET /api/v1/ 6.41ms
INF 2026-08-03T21:12:35.045Z > 200 GET /api/v1/ 581.59ms
INF 2026-08-03T21:12:35.065Z > 200 GET /api/v1/ 14.85ms
INF 2026-08-03T21:12:35.075Z > 200 GET /api/v1/ 9.09ms
INF 2026-08-03T21:12:35.087Z > 200 GET /api/v1/ 300.53ms
INF 2026-08-03T21:12:35.095Z > 200 GET /api/v1/ 7.97ms
INF 2026-08-03T21:12:35.100Z > 200 GET /api/v1/ 400.6ms
INF 2026-08-03T21:12:35.102Z > 200 GET /api/v1/ 431.31ms
INF 2026-08-03T21:12:35.103Z > 200 GET /api/v1/ 978.71ms
INF 2026-08-03T21:12:35.105Z > 200 GET /api/v1/ 1039.02ms
INF 2026-08-03T21:12:35.106Z > 200 GET /api/v1/ 1043.57ms
INF 2026-08-03T21:12:35.116Z > 200 GET /api/v1/ 10.03ms
INF 2026-08-03T21:12:35.128Z > 200 GET /api/v1/ 9.39ms
INF 2026-08-03T21:12:35.140Z > 200 GET /api/v1/ 11.41ms
INF 2026-08-03T21:12:35.145Z > 200 GET /api/v1/ 882.11ms
INF 2026-08-03T21:12:35.152Z > 200 GET /api/v1/ 892.87ms
INF 2026-08-03T21:12:35.153Z > 200 GET /api/v1/ 1302.53ms
INF 2026-08-03T21:12:35.165Z > 200 GET /api/v1/ 6.91ms
INF 2026-08-03T21:12:35.190Z > 200 GET /api/v1/ 7.61ms
INF 2026-08-03T21:12:35.201Z > 200 GET /api/v1/ 6.99ms
INF 2026-08-03T21:12:35.208Z > 200 GET /api/v1/ 1365.45ms
INF 2026-08-03T21:12:35.224Z > 200 GET /api/v1/ 16.01ms
INF 2026-08-03T21:12:35.238Z > 200 GET /api/v1/ 7.67ms
INF 2026-08-03T21:12:35.244Z > 200 GET /api/v1/ 349.27ms
INF 2026-08-03T21:12:35.254Z > 200 GET /api/v1/ 263.16ms
INF 2026-08-03T21:12:35.260Z > 200 GET /api/v1/ 178.07ms
INF 2026-08-03T21:12:35.265Z > 200 GET /api/v1/ 1418.29ms
INF 2026-08-03T21:12:35.269Z > 200 GET /api/v1/ 266.47ms
INF 2026-08-03T21:12:35.286Z > 200 GET /api/v1/ 7.58ms
INF 2026-08-03T21:12:35.295Z > 200 GET /api/v1/ 8.69ms
INF 2026-08-03T21:12:35.340Z > 200 GET /api/v1/ 209.47ms
INF 2026-08-03T21:12:35.351Z > 200 GET /api/v1/ 2081.26ms
INF 2026-08-03T21:12:35.353Z > 200 GET /api/v1/ 206.45ms
INF 2026-08-03T21:12:35.354Z > 200 GET /api/v1/ 772.9ms
INF 2026-08-03T21:12:35.355Z > 200 GET /api/v1/ 59.61ms
INF 2026-08-03T21:12:35.374Z > 200 GET /api/v1/ 1882.54ms
INF 2026-08-03T21:12:35.382Z > 200 GET /api/v1/ 1911.57ms
INF 2026-08-03T21:12:35.390Z > 200 GET /api/v1/ 7.96ms
INF 2026-08-03T21:12:35.395Z > 200 GET /api/v1/ 1824.79ms
INF 2026-08-03T21:12:35.406Z > 200 GET /api/v1/ 11.0ms
INF 2026-08-03T21:12:35.410Z > 200 GET /api/v1/ 2034.48ms
INF 2026-08-03T21:12:35.414Z > 200 GET /api/v1/ 2037.87ms
INF 2026-08-03T21:12:35.416Z > 200 GET /api/v1/ 2034.51ms
INF 2026-08-03T21:12:35.421Z > 200 GET /api/v1/ 1929.75ms
INF 2026-08-03T21:12:35.422Z > 200 GET /api/v1/ 1871.42ms
INF 2026-08-03T21:12:35.428Z > 200 GET /api/v1/ 1960.26ms
INF 2026-08-03T21:12:35.431Z > 200 GET /api/v1/ 373.66ms
INF 2026-08-03T21:12:35.431Z > 200 GET /api/v1/ 8.7ms
INF 2026-08-03T21:12:35.434Z > 200 GET /api/v1/ 1879.88ms
INF 2026-08-03T21:12:35.446Z > 200 GET /api/v1/ 11.25ms
INF 2026-08-03T21:12:35.463Z > 200 GET /api/v1/ 12.21ms
INF 2026-08-03T21:12:35.473Z > 200 GET /api/v1/ 9.77ms
INF 2026-08-03T21:12:35.477Z > 200 GET /api/v1/ 1998.26ms
INF 2026-08-03T21:12:35.484Z > 200 GET /api/v1/ 1865.19ms
INF 2026-08-03T21:12:35.490Z > 200 GET /api/v1/ 1155.92ms
INF 2026-08-03T21:12:35.494Z > 200 GET /api/v1/ 2003.2ms
INF 2026-08-03T21:12:35.499Z > 200 GET /api/v1/ 799.48ms
INF 2026-08-03T21:12:35.499Z > 200 GET /api/v1/ 1860.91ms
INF 2026-08-03T21:12:35.514Z > 200 GET /api/v1/ 7.64ms
INF 2026-08-03T21:12:35.522Z > 200 GET /api/v1/ 7.8ms
INF 2026-08-03T21:12:35.527Z > 200 GET /api/v1/ 2078.88ms
INF 2026-08-03T21:12:35.546Z > 200 GET /api/v1/ 11.41ms
INF 2026-08-03T21:12:35.562Z > 200 GET /api/v1/ 7.36ms
INF 2026-08-03T21:12:35.569Z > 200 GET /api/v1/ 1946.19ms
INF 2026-08-03T21:12:35.575Z > 200 GET /api/v1/ 331.31ms
INF 2026-08-03T21:12:35.577Z > 200 GET /api/v1/ 1658.67ms
INF 2026-08-03T21:12:35.578Z > 200 GET /api/v1/ 383.57ms
INF 2026-08-03T21:12:35.594Z > 200 GET /api/v1/ 7.1ms
INF 2026-08-03T21:12:35.601Z > 200 GET /api/v1/ 1524.43ms
INF 2026-08-03T21:12:35.609Z > 200 GET /api/v1/ 7.13ms
INF 2026-08-03T21:12:35.617Z > 200 GET /api/v1/ 6.35ms
INF 2026-08-03T21:12:35.627Z > 200 GET /api/v1/ 8.97ms
INF 2026-08-03T21:12:35.643Z > 200 GET /api/v1/ 8.43ms
INF 2026-08-03T21:12:35.651Z > 200 GET /api/v1/ 8.28ms
INF 2026-08-03T21:12:35.663Z > 200 GET /api/v1/ 1867.25ms
INF 2026-08-03T21:12:35.667Z > 200 GET /api/v1/ 1878.51ms
INF 2026-08-03T21:12:35.671Z > 200 GET /api/v1/ 1655.8ms
INF 2026-08-03T21:12:35.675Z > 200 GET /api/v1/ 279.74ms
INF 2026-08-03T21:12:35.694Z > 200 GET /api/v1/ 7.36ms
INF 2026-08-03T21:12:35.703Z > 200 GET /api/v1/ 8.5ms
INF 2026-08-03T21:12:35.715Z > 200 GET /api/v1/ 8.29ms
INF 2026-08-03T21:12:35.721Z > 200 GET /api/v1/ 6.21ms
INF 2026-08-03T21:12:35.753Z > 200 GET /api/v1/ 18.47ms
INF 2026-08-03T21:12:35.760Z > 200 GET /api/v1/ 361.28ms
INF 2026-08-03T21:12:35.765Z > 200 GET /api/v1/ 514.76ms
INF 2026-08-03T21:12:35.766Z > 200 GET /api/v1/ 239.48ms
INF 2026-08-03T21:12:35.772Z > 200 GET /api/v1/ 313.5ms
INF 2026-08-03T21:12:35.772Z > 200 GET /api/v1/ 301.99ms
INF 2026-08-03T21:12:35.773Z > 200 GET /api/v1/ 456.54ms
INF 2026-08-03T21:12:35.782Z > 200 GET /api/v1/ 439.03ms
INF 2026-08-03T21:12:35.786Z > 200 GET /api/v1/ 469.56ms
INF 2026-08-03T21:12:35.797Z > 200 GET /api/v1/ 1118.73ms
INF 2026-08-03T21:12:35.806Z > 200 GET /api/v1/ 904.11ms
INF 2026-08-03T21:12:35.815Z > 200 GET /api/v1/ 8.08ms
INF 2026-08-03T21:12:35.816Z > 200 GET /api/v1/ 1009.93ms
INF 2026-08-03T21:12:35.822Z > 200 GET /api/v1/ 1637.84ms
INF 2026-08-03T21:12:35.823Z > 200 GET /api/v1/ 8.32ms
INF 2026-08-03T21:12:35.829Z > 200 GET /api/v1/ 978.26ms
INF 2026-08-03T21:12:35.831Z > 200 GET /api/v1/ 1523.36ms
INF 2026-08-03T21:12:35.847Z > 200 GET /api/v1/ 8.66ms
INF 2026-08-03T21:12:35.876Z > 200 GET /api/v1/ 25.66ms
INF 2026-08-03T21:12:35.896Z > 200 GET /api/v1/ 185.56ms
INF 2026-08-03T21:12:35.901Z > 200 GET /api/v1/ 1437.58ms
INF 2026-08-03T21:12:35.912Z > 200 GET /api/v1/ 1469.31ms
INF 2026-08-03T21:12:35.912Z > 200 GET /api/v1/ 574.85ms
INF 2026-08-03T21:12:35.913Z > 200 GET /api/v1/ 1457.56ms
INF 2026-08-03T21:12:35.913Z > 200 GET /api/v1/ 1639.13ms
INF 2026-08-03T21:12:35.918Z > 200 GET /api/v1/ 1626.74ms
INF 2026-08-03T21:12:35.941Z > 200 GET /api/v1/ 22.59ms
INF 2026-08-03T21:12:35.945Z > 200 GET /api/v1/ 1627.0ms
INF 2026-08-03T21:12:35.964Z > 200 GET /api/v1/ 9.63ms
INF 2026-08-03T21:12:35.973Z > 200 GET /api/v1/ 178.5ms
INF 2026-08-03T21:12:35.976Z > 200 GET /api/v1/ 149.71ms
INF 2026-08-03T21:12:36.008Z > 200 GET /api/v1/ 185.24ms
INF 2026-08-03T21:12:36.008Z > 200 GET /api/v1/ 193.49ms
INF 2026-08-03T21:12:36.009Z > 200 GET /api/v1/ 1522.5ms
INF 2026-08-03T21:12:36.087Z > 200 GET /api/v1/ 1503.45ms
INF 2026-08-03T21:12:36.141Z > 200 GET /api/v1/ 53.25ms
INF 2026-08-03T21:12:36.154Z > 200 GET /api/v1/ 1215.38ms
INF 2026-08-03T21:12:36.159Z > 200 GET /api/v1/ 268.13ms
INF 2026-08-03T21:12:36.162Z > 200 GET /api/v1/ 404.08ms
INF 2026-08-03T21:12:36.166Z > 200 GET /api/v1/ 1369.16ms
INF 2026-08-03T21:12:36.168Z > 200 GET /api/v1/ 299.7ms
INF 2026-08-03T21:12:36.168Z > 200 GET /api/v1/ 297.89ms
INF 2026-08-03T21:12:36.169Z > 200 GET /api/v1/ 420.85ms
INF 2026-08-03T21:12:36.169Z > 200 GET /api/v1/ 301.15ms
INF 2026-08-03T21:12:36.170Z > 200 GET /api/v1/ 363.28ms
INF 2026-08-03T21:12:36.174Z > 200 GET /api/v1/ 2206.58ms
INF 2026-08-03T21:12:36.182Z > 200 GET /api/v1/ 313.7ms
INF 2026-08-03T21:12:36.205Z > 200 GET /api/v1/ 1534.86ms
INF 2026-08-03T21:12:36.206Z > 200 GET /api/v1/ 1495.39ms
INF 2026-08-03T21:12:36.206Z > 200 GET /api/v1/ 2175.95ms
INF 2026-08-03T21:12:36.207Z > 200 GET /api/v1/ 2239.47ms
INF 2026-08-03T21:12:36.207Z > 200 GET /api/v1/ 339.31ms
INF 2026-08-03T21:12:36.229Z > 200 GET /api/v1/ 1703.11ms
INF 2026-08-03T21:12:36.231Z > 200 GET /api/v1/ 2106.6ms
INF 2026-08-03T21:12:36.231Z > 200 GET /api/v1/ 1260.91ms
INF 2026-08-03T21:12:36.232Z > 200 GET /api/v1/ 1281.13ms
INF 2026-08-03T21:12:36.232Z > 200 GET /api/v1/ 292.53ms
INF 2026-08-03T21:12:36.232Z > 200 GET /api/v1/ 1547.51ms
INF 2026-08-03T21:12:36.233Z > 200 GET /api/v1/ 278.39ms
INF 2026-08-03T21:12:36.234Z > 200 GET /api/v1/ 1087.21ms
INF 2026-08-03T21:12:36.246Z > 200 GET /api/v1/ 443.64ms
INF 2026-08-03T21:12:36.251Z > 200 GET /api/v1/ 2100.57ms
INF 2026-08-03T21:12:36.252Z > 200 GET /api/v1/ 297.13ms
INF 2026-08-03T21:12:36.252Z > 200 GET /api/v1/ 377.13ms
INF 2026-08-03T21:12:36.253Z > 200 GET /api/v1/ 985.43ms
INF 2026-08-03T21:12:36.257Z > 200 GET /api/v1/ 1930.18ms
INF 2026-08-03T21:12:36.260Z > 200 GET /api/v1/ 1462.45ms
INF 2026-08-03T21:12:36.260Z > 200 GET /api/v1/ 2076.19ms
INF 2026-08-03T21:12:36.262Z > 200 GET /api/v1/ 1464.59ms
INF 2026-08-03T21:12:36.262Z > 200 GET /api/v1/ 11.24ms
INF 2026-08-03T21:12:36.273Z > 200 GET /api/v1/ 15.91ms
INF 2026-08-03T21:12:36.273Z > 200 GET /api/v1/ 1130.65ms
INF 2026-08-03T21:12:36.281Z > 200 GET /api/v1/ 1094.68ms
INF 2026-08-03T21:12:36.328Z > 200 GET /api/v1/ 852.9ms
INF 2026-08-03T21:12:36.329Z > 200 GET /api/v1/ 786.35ms
INF 2026-08-03T21:12:36.343Z > 200 GET /api/v1/ 320.21ms
INF 2026-08-03T21:12:36.375Z > 200 GET /api/v1/ 756.79ms
INF 2026-08-03T21:12:36.391Z > 200 GET /api/v1/ 672.61ms
INF 2026-08-03T21:12:36.421Z > 200 GET /api/v1/ 750.49ms
INF 2026-08-03T21:12:36.427Z > 200 GET /api/v1/ 1956.26ms
INF 2026-08-03T21:12:36.427Z > 200 GET /api/v1/ 2140.74ms
INF 2026-08-03T21:12:36.439Z > 200 GET /api/v1/ 235.16ms
INF 2026-08-03T21:12:36.440Z > 200 GET /api/v1/ 1825.96ms
INF 2026-08-03T21:12:36.441Z > 200 GET /api/v1/ 2106.75ms
INF 2026-08-03T21:12:36.442Z > 200 GET /api/v1/ 2038.82ms
INF 2026-08-03T21:12:36.443Z > 200 GET /api/v1/ 2164.63ms
INF 2026-08-03T21:12:36.453Z > 200 GET /api/v1/ 365.67ms
INF 2026-08-03T21:12:36.455Z > 200 GET /api/v1/ 2052.49ms
INF 2026-08-03T21:12:36.456Z > 200 GET /api/v1/ 2138.07ms
INF 2026-08-03T21:12:36.457Z > 200 GET /api/v1/ 2332.73ms
INF 2026-08-03T21:12:36.458Z > 200 GET /api/v1/ 1943.48ms
INF 2026-08-03T21:12:36.458Z > 200 GET /api/v1/ 2003.17ms
INF 2026-08-03T21:12:36.476Z > 200 GET /api/v1/ 825.52ms
INF 2026-08-03T21:12:36.477Z > 200 GET /api/v1/ 2158.15ms
INF 2026-08-03T21:12:36.477Z > 200 GET /api/v1/ 2078.01ms
INF 2026-08-03T21:12:36.580Z > 200 GET /api/v1/ 1017.44ms
INF 2026-08-03T21:12:36.581Z > 200 GET /api/v1/ 493.12ms
INF 2026-08-03T21:12:36.629Z > 200 GET /api/v1/ 866.13ms
INF 2026-08-03T21:12:36.630Z > 200 GET /api/v1/ 1313.92ms
INF 2026-08-03T21:12:36.631Z > 200 GET /api/v1/ 1088.51ms
INF 2026-08-03T21:12:36.634Z > 200 GET /api/v1/ 1195.51ms
INF 2026-08-03T21:12:36.648Z > 200 GET /api/v1/ 2013.5ms
INF 2026-08-03T21:12:36.666Z > 200 GET /api/v1/ 34.65ms
INF 2026-08-03T21:12:36.671Z > 200 GET /api/v1/ 1275.47ms
INF 2026-08-03T21:12:36.681Z > 200 GET /api/v1/ 10.03ms
INF 2026-08-03T21:12:36.686Z > 200 GET /api/v1/ 1915.24ms
INF 2026-08-03T21:12:36.686Z > 200 GET /api/v1/ 1932.1ms
INF 2026-08-03T21:12:36.692Z > 200 GET /api/v1/ 1897.85ms
INF 2026-08-03T21:12:36.693Z > 200 GET /api/v1/ 2014.32ms
INF 2026-08-03T21:12:36.695Z > 200 GET /api/v1/ 1896.32ms
INF 2026-08-03T21:12:36.696Z > 200 GET /api/v1/ 2011.11ms
INF 2026-08-03T21:12:36.700Z > 200 GET /api/v1/ 469.94ms
INF 2026-08-03T21:12:36.708Z > 200 GET /api/v1/ 457.22ms
INF 2026-08-03T21:12:36.742Z > 200 GET /api/v1/ 33.73ms
INF 2026-08-03T21:12:36.817Z > 200 GET /api/v1/ 676.84ms
INF 2026-08-03T21:12:36.821Z > 200 GET /api/v1/ 610.22ms
INF 2026-08-03T21:12:36.828Z > 200 GET /api/v1/ 1213.59ms
INF 2026-08-03T21:12:36.833Z > 200 GET /api/v1/ 1918.58ms
INF 2026-08-03T21:12:36.847Z > 200 GET /api/v1/ 1932.84ms
INF 2026-08-03T21:12:36.851Z > 200 GET /api/v1/ 1900.31ms
INF 2026-08-03T21:12:36.853Z > 200 GET /api/v1/ 2038.93ms
INF 2026-08-03T21:12:36.856Z > 200 GET /api/v1/ 8.89ms
INF 2026-08-03T21:12:36.860Z > 200 GET /api/v1/ 900.93ms
INF 2026-08-03T21:12:36.861Z > 200 GET /api/v1/ 1718.59ms
INF 2026-08-03T21:12:36.876Z > 200 GET /api/v1/ 17.7ms
INF 2026-08-03T21:12:36.899Z > 200 GET /api/v1/ 8.4ms
INF 2026-08-03T21:12:36.906Z > 200 GET /api/v1/ 963.74ms
INF 2026-08-03T21:12:36.912Z > 200 GET /api/v1/ 2046.08ms
INF 2026-08-03T21:12:36.915Z > 200 GET /api/v1/ 703.77ms
INF 2026-08-03T21:12:36.916Z > 200 GET /api/v1/ 1777.32ms
INF 2026-08-03T21:12:36.922Z > 200 GET /api/v1/ 711.4ms
INF 2026-08-03T21:12:36.926Z > 200 GET /api/v1/ 7.82ms
INF 2026-08-03T21:12:36.950Z > 200 GET /api/v1/ 7.91ms
INF 2026-08-03T21:12:37.008Z > 200 GET /api/v1/ 53.97ms
INF 2026-08-03T21:12:37.017Z > 200 GET /api/v1/ 1541.85ms
INF 2026-08-03T21:12:37.047Z > 200 GET /api/v1/ 559.7ms
INF 2026-08-03T21:12:37.050Z > 200 GET /api/v1/ 1903.73ms
INF 2026-08-03T21:12:37.052Z > 200 GET /api/v1/ 309.36ms
INF 2026-08-03T21:12:37.054Z > 200 GET /api/v1/ 426.05ms
INF 2026-08-03T21:12:37.055Z > 200 GET /api/v1/ 380.16ms
INF 2026-08-03T21:12:37.063Z > 200 GET /api/v1/ 11.2ms
INF 2026-08-03T21:12:37.084Z > 200 GET /api/v1/ 456.42ms
INF 2026-08-03T21:12:37.086Z > 200 GET /api/v1/ 343.5ms
INF 2026-08-03T21:12:37.096Z > 200 GET /api/v1/ 608.85ms
INF 2026-08-03T21:12:37.097Z > 200 GET /api/v1/ 404.05ms
INF 2026-08-03T21:12:37.099Z > 200 GET /api/v1/ 356.28ms
INF 2026-08-03T21:12:37.103Z > 200 GET /api/v1/ 1639.78ms
INF 2026-08-03T21:12:37.110Z > 200 GET /api/v1/ 1656.08ms
INF 2026-08-03T21:12:37.117Z > 200 GET /api/v1/ 1641.32ms
INF 2026-08-03T21:12:37.120Z > 200 GET /api/v1/ 1665.15ms
INF 2026-08-03T21:12:37.122Z > 200 GET /api/v1/ 1582.02ms
INF 2026-08-03T21:12:37.136Z > 200 GET /api/v1/ 7.76ms
INF 2026-08-03T21:12:37.202Z > 200 GET /api/v1/ 60.2ms
INF 2026-08-03T21:12:37.212Z > 200 GET /api/v1/ 630.32ms
INF 2026-08-03T21:12:37.213Z > 200 GET /api/v1/ 630.88ms
INF 2026-08-03T21:12:37.213Z > 200 GET /api/v1/ 470.57ms
INF 2026-08-03T21:12:37.214Z > 200 GET /api/v1/ 1799.51ms
INF 2026-08-03T21:12:37.226Z > 200 GET /api/v1/ 1655.47ms
INF 2026-08-03T21:12:37.232Z > 200 GET /api/v1/ 1209.02ms
INF 2026-08-03T21:12:37.240Z > 200 GET /api/v1/ 1217.72ms
INF 2026-08-03T21:12:37.241Z > 200 GET /api/v1/ 465.53ms
INF 2026-08-03T21:12:37.242Z > 200 GET /api/v1/ 1282.07ms
INF 2026-08-03T21:12:37.242Z > 200 GET /api/v1/ 9.85ms
INF 2026-08-03T21:12:37.249Z > 200 GET /api/v1/ 1044.8ms
INF 2026-08-03T21:12:37.251Z > 200 GET /api/v1/ 8.56ms
INF 2026-08-03T21:12:37.262Z > 200 GET /api/v1/ 7.93ms
INF 2026-08-03T21:12:37.274Z > 200 GET /api/v1/ 7.81ms
INF 2026-08-03T21:12:37.291Z > 200 GET /api/v1/ 8.41ms
INF 2026-08-03T21:12:37.299Z > 200 GET /api/v1/ 8.6ms
INF 2026-08-03T21:12:37.308Z > 200 GET /api/v1/ 1649.97ms
INF 2026-08-03T21:12:37.312Z > 200 GET /api/v1/ 1289.84ms
INF 2026-08-03T21:12:37.321Z > 200 GET /api/v1/ 6.62ms
INF 2026-08-03T21:12:37.343Z > 200 GET /api/v1/ 8.2ms
INF 2026-08-03T21:12:37.351Z > 200 GET /api/v1/ 8.03ms
INF 2026-08-03T21:12:37.359Z > 200 GET /api/v1/ 8.03ms
INF 2026-08-03T21:12:37.365Z > 200 GET /api/v1/ 1846.59ms
INF 2026-08-03T21:12:37.368Z > 200 GET /api/v1/ 1093.41ms
INF 2026-08-03T21:12:37.374Z > 200 GET /api/v1/ 1558.81ms
INF 2026-08-03T21:12:37.395Z > 200 GET /api/v1/ 8.24ms
INF 2026-08-03T21:12:37.405Z > 200 GET /api/v1/ 10.43ms
INF 2026-08-03T21:12:37.421Z > 200 GET /api/v1/ 13.21ms
INF 2026-08-03T21:12:37.432Z > 200 GET /api/v1/ 177.55ms
INF 2026-08-03T21:12:37.436Z > 200 GET /api/v1/ 270.72ms
INF 2026-08-03T21:12:37.456Z > 200 GET /api/v1/ 314.04ms
INF 2026-08-03T21:12:37.466Z > 200 GET /api/v1/ 1979.75ms
INF 2026-08-03T21:12:37.474Z > 200 GET /api/v1/ 575.77ms
INF 2026-08-03T21:12:37.483Z > 200 GET /api/v1/ 8.91ms
INF 2026-08-03T21:12:37.491Z > 200 GET /api/v1/ 748.34ms
INF 2026-08-03T21:12:37.506Z > 200 GET /api/v1/ 7.79ms
INF 2026-08-03T21:12:37.517Z > 200 GET /api/v1/ 7.08ms
INF 2026-08-03T21:12:37.533Z > 200 GET /api/v1/ 7.05ms
INF 2026-08-03T21:12:37.543Z > 200 GET /api/v1/ 8.58ms
INF 2026-08-03T21:12:37.557Z > 200 GET /api/v1/ 11.1ms
INF 2026-08-03T21:12:37.567Z > 200 GET /api/v1/ 7.47ms
INF 2026-08-03T21:12:37.582Z > 200 GET /api/v1/ 7.74ms
INF 2026-08-03T21:12:37.614Z > 200 GET /api/v1/ 172.62ms
INF 2026-08-03T21:12:37.629Z > 200 GET /api/v1/ 437.26ms
INF 2026-08-03T21:12:37.629Z > 200 GET /api/v1/ 274.95ms
INF 2026-08-03T21:12:37.630Z > 200 GET /api/v1/ 464.72ms
INF 2026-08-03T21:12:37.644Z > 200 GET /api/v1/ 29.32ms
INF 2026-08-03T21:12:37.655Z > 200 GET /api/v1/ 1631.59ms
INF 2026-08-03T21:12:37.658Z > 200 GET /api/v1/ 1447.36ms
INF 2026-08-03T21:12:37.666Z > 200 GET /api/v1/ 7.82ms
INF 2026-08-03T21:12:37.700Z > 200 GET /api/v1/ 1492.37ms
INF 2026-08-03T21:12:37.701Z > 200 GET /api/v1/ 754.17ms
INF 2026-08-03T21:12:37.710Z > 200 GET /api/v1/ 9.66ms
INF 2026-08-03T21:12:37.722Z > 200 GET /api/v1/ 12.03ms
INF 2026-08-03T21:12:37.732Z > 200 GET /api/v1/ 1457.69ms
INF 2026-08-03T21:12:37.737Z > 200 GET /api/v1/ 1529.3ms
INF 2026-08-03T21:12:37.741Z > 200 GET /api/v1/ 838.83ms
INF 2026-08-03T21:12:37.762Z > 200 GET /api/v1/ 360.07ms
INF 2026-08-03T21:12:37.765Z > 200 GET /api/v1/ 287.05ms
INF 2026-08-03T21:12:37.776Z > 200 GET /api/v1/ 8.46ms
INF 2026-08-03T21:12:37.826Z > 200 GET /api/v1/ 47.18ms
INF 2026-08-03T21:12:37.836Z > 200 GET /api/v1/ 1561.54ms
INF 2026-08-03T21:12:37.841Z > 200 GET /api/v1/ 430.72ms
INF 2026-08-03T21:12:37.857Z > 200 GET /api/v1/ 1526.12ms
INF 2026-08-03T21:12:37.862Z > 200 GET /api/v1/ 1532.55ms
INF 2026-08-03T21:12:37.866Z > 200 GET /api/v1/ 1535.27ms
INF 2026-08-03T21:12:37.870Z > 200 GET /api/v1/ 1539.7ms
INF 2026-08-03T21:12:37.875Z > 200 GET /api/v1/ 8.32ms
INF 2026-08-03T21:12:38.011Z > 200 GET /api/v1/ 132.5ms
INF 2026-08-03T21:12:38.013Z > 200 GET /api/v1/ 1737.61ms
INF 2026-08-03T21:12:38.014Z > 200 GET /api/v1/ 596.49ms
INF 2026-08-03T21:12:38.014Z > 200 GET /api/v1/ 1386.42ms
INF 2026-08-03T21:12:38.064Z > 200 GET /api/v1/ 9.91ms
INF 2026-08-03T21:12:38.073Z > 200 GET /api/v1/ 1680.57ms
INF 2026-08-03T21:12:38.077Z > 200 GET /api/v1/ 1449.24ms
INF 2026-08-03T21:12:38.081Z > 200 GET /api/v1/ 1594.4ms
INF 2026-08-03T21:12:38.086Z > 200 GET /api/v1/ 1756.75ms
INF 2026-08-03T21:12:38.087Z > 200 GET /api/v1/ 1456.34ms
INF 2026-08-03T21:12:38.090Z > 200 GET /api/v1/ 1759.89ms
INF 2026-08-03T21:12:38.115Z > 200 GET /api/v1/ 8.32ms
INF 2026-08-03T21:12:38.119Z > 200 GET /api/v1/ 1789.88ms
INF 2026-08-03T21:12:38.123Z > 200 GET /api/v1/ 7.79ms
INF 2026-08-03T21:12:38.130Z > 200 GET /api/v1/ 6.98ms
INF 2026-08-03T21:12:38.134Z > 200 GET /api/v1/ 1804.31ms
INF 2026-08-03T21:12:38.168Z > 200 GET /api/v1/ 9.38ms
INF 2026-08-03T21:12:38.198Z > 200 GET /api/v1/ 567.9ms
INF 2026-08-03T21:12:38.205Z > 200 GET /api/v1/ 1930.4ms
INF 2026-08-03T21:12:38.210Z > 200 GET /api/v1/ 514.78ms
INF 2026-08-03T21:12:38.217Z > 200 GET /api/v1/ 1542.46ms
INF 2026-08-03T21:12:38.221Z > 200 GET /api/v1/ 1750.07ms
INF 2026-08-03T21:12:38.225Z > 200 GET /api/v1/ 1737.63ms
INF 2026-08-03T21:12:38.230Z > 200 GET /api/v1/ 1853.15ms
INF 2026-08-03T21:12:38.248Z > 200 GET /api/v1/ 9.78ms
INF 2026-08-03T21:12:38.254Z > 200 GET /api/v1/ 1511.41ms
INF 2026-08-03T21:12:38.263Z > 200 GET /api/v1/ 8.67ms
INF 2026-08-03T21:12:38.330Z > 200 GET /api/v1/ 67.13ms
INF 2026-08-03T21:12:38.341Z > 200 GET /api/v1/ 670.91ms
INF 2026-08-03T21:12:38.343Z > 200 GET /api/v1/ 1856.37ms
INF 2026-08-03T21:12:38.363Z > 200 GET /api/v1/ 1648.95ms
INF 2026-08-03T21:12:38.369Z > 200 GET /api/v1/ 361.69ms
INF 2026-08-03T21:12:38.378Z > 200 GET /api/v1/ 370.35ms
INF 2026-08-03T21:12:38.378Z > 200 GET /api/v1/ 9.1ms
INF 2026-08-03T21:12:38.380Z > 200 GET /api/v1/ 321.87ms
INF 2026-08-03T21:12:38.434Z > 200 GET /api/v1/ 532.06ms
INF 2026-08-03T21:12:38.438Z > 200 GET /api/v1/ 679.48ms
INF 2026-08-03T21:12:38.461Z > 200 GET /api/v1/ 83.38ms
INF 2026-08-03T21:12:38.488Z > 200 GET /api/v1/ 9.09ms
INF 2026-08-03T21:12:38.496Z > 200 GET /api/v1/ 1505.39ms
INF 2026-08-03T21:12:38.503Z > 200 GET /api/v1/ 1608.04ms
INF 2026-08-03T21:12:38.507Z > 200 GET /api/v1/ 1516.7ms
INF 2026-08-03T21:12:38.512Z > 200 GET /api/v1/ 1737.11ms
INF 2026-08-03T21:12:38.514Z > 200 GET /api/v1/ 1382.0ms
INF 2026-08-03T21:12:38.540Z > 200 GET /api/v1/ 1433.58ms
INF 2026-08-03T21:12:38.541Z > 200 GET /api/v1/ 1442.42ms
INF 2026-08-03T21:12:38.544Z > 200 GET /api/v1/ 1552.99ms
INF 2026-08-03T21:12:38.588Z > 200 GET /api/v1/ 1592.57ms
INF 2026-08-03T21:12:38.588Z > 200 GET /api/v1/ 1685.75ms
INF 2026-08-03T21:12:38.589Z > 200 GET /api/v1/ 1494.26ms
INF 2026-08-03T21:12:38.589Z > 200 GET /api/v1/ 1494.95ms
INF 2026-08-03T21:12:38.613Z > 200 GET /api/v1/ 23.35ms
INF 2026-08-03T21:12:38.629Z > 200 GET /api/v1/ 358.57ms
INF 2026-08-03T21:12:38.635Z > 200 GET /api/v1/ 1860.19ms
INF 2026-08-03T21:12:38.639Z > 200 GET /api/v1/ 1449.2ms
INF 2026-08-03T21:12:38.643Z > 200 GET /api/v1/ 1549.79ms
INF 2026-08-03T21:12:38.644Z > 200 GET /api/v1/ 1479.77ms
INF 2026-08-03T21:12:38.648Z > 200 GET /api/v1/ 1365.31ms
INF 2026-08-03T21:12:38.655Z > 200 GET /api/v1/ 2026.52ms
INF 2026-08-03T21:12:38.696Z > 200 GET /api/v1/ 41.33ms
INF 2026-08-03T21:12:38.704Z > 200 GET /api/v1/ 8.26ms
INF 2026-08-03T21:12:38.709Z > 200 GET /api/v1/ 542.77ms
INF 2026-08-03T21:12:38.710Z > 200 GET /api/v1/ 1415.26ms
INF 2026-08-03T21:12:38.767Z > 200 GET /api/v1/ 15.3ms
INF 2026-08-03T21:12:38.772Z > 200 GET /api/v1/ 2441.35ms
INF 2026-08-03T21:12:38.781Z > 200 GET /api/v1/ 2506.39ms
INF 2026-08-03T21:12:38.791Z > 200 GET /api/v1/ 2562.41ms
INF 2026-08-03T21:12:38.798Z > 200 GET /api/v1/ 2511.85ms
INF 2026-08-03T21:12:38.814Z > 200 GET /api/v1/ 1822.52ms
INF 2026-08-03T21:12:38.814Z > 200 GET /api/v1/ 2543.74ms
INF 2026-08-03T21:12:38.815Z > 200 GET /api/v1/ 2603.42ms
INF 2026-08-03T21:12:38.869Z > 200 GET /api/v1/ 2594.07ms
INF 2026-08-03T21:12:38.870Z > 200 GET /api/v1/ 2540.0ms
INF 2026-08-03T21:12:38.870Z > 200 GET /api/v1/ 2622.95ms
INF 2026-08-03T21:12:38.875Z > 200 GET /api/v1/ 2670.59ms
INF 2026-08-03T21:12:38.876Z > 200 GET /api/v1/ 2628.1ms
INF 2026-08-03T21:12:38.896Z > 200 GET /api/v1/ 26.23ms
INF 2026-08-03T21:12:38.983Z > 200 GET /api/v1/ 73.1ms
INF 2026-08-03T21:12:38.991Z > 200 GET /api/v1/ 361.03ms
INF 2026-08-03T21:12:38.994Z > 200 GET /api/v1/ 2556.15ms
INF 2026-08-03T21:12:38.997Z > 200 GET /api/v1/ 2525.89ms
INF 2026-08-03T21:12:38.998Z > 200 GET /api/v1/ 2668.75ms
INF 2026-08-03T21:12:39.000Z > 200 GET /api/v1/ 369.23ms
INF 2026-08-03T21:12:39.000Z > 200 GET /api/v1/ 410.6ms
INF 2026-08-03T21:12:39.006Z > 200 GET /api/v1/ 1841.05ms
INF 2026-08-03T21:12:39.006Z > 200 GET /api/v1/ 253.6ms
INF 2026-08-03T21:12:39.008Z > 200 GET /api/v1/ 2677.99ms
INF 2026-08-03T21:12:39.008Z > 200 GET /api/v1/ 1646.09ms
INF 2026-08-03T21:12:39.022Z > 200 GET /api/v1/ 2127.39ms
INF 2026-08-03T21:12:39.036Z > 200 GET /api/v1/ 9.3ms
INF 2026-08-03T21:12:39.061Z > 200 GET /api/v1/ 22.12ms
INF 2026-08-03T21:12:39.071Z > 200 GET /api/v1/ 8.57ms
INF 2026-08-03T21:12:39.078Z > 200 GET /api/v1/ 642.33ms
INF 2026-08-03T21:12:39.085Z > 200 GET /api/v1/ 388.72ms
INF 2026-08-03T21:12:39.091Z > 200 GET /api/v1/ 500.86ms
INF 2026-08-03T21:12:39.097Z > 200 GET /api/v1/ 507.54ms
INF 2026-08-03T21:12:39.147Z > 200 GET /api/v1/ 2676.41ms
INF 2026-08-03T21:12:39.149Z > 200 GET /api/v1/ 1330.88ms
INF 2026-08-03T21:12:39.151Z > 200 GET /api/v1/ 2569.01ms
INF 2026-08-03T21:12:39.155Z > 200 GET /api/v1/ 2777.89ms
INF 2026-08-03T21:12:39.161Z > 200 GET /api/v1/ 464.13ms
INF 2026-08-03T21:12:39.166Z > 200 GET /api/v1/ 2537.67ms
INF 2026-08-03T21:12:39.166Z > 200 GET /api/v1/ 2491.62ms
INF 2026-08-03T21:12:39.246Z > 200 GET /api/v1/ 2822.09ms
INF 2026-08-03T21:12:39.249Z > 200 GET /api/v1/ 2464.95ms
INF 2026-08-03T21:12:39.261Z > 200 GET /api/v1/ 1454.5ms
INF 2026-08-03T21:12:39.266Z > 200 GET /api/v1/ 347.92ms
INF 2026-08-03T21:12:39.272Z > 200 GET /api/v1/ 1529.68ms
INF 2026-08-03T21:12:39.274Z > 200 GET /api/v1/ 1759.41ms
INF 2026-08-03T21:12:39.280Z > 200 GET /api/v1/ 409.16ms
INF 2026-08-03T21:12:39.283Z > 200 GET /api/v1/ 469.99ms
INF 2026-08-03T21:12:39.286Z > 200 GET /api/v1/ 371.94ms
INF 2026-08-03T21:12:39.289Z > 200 GET /api/v1/ 418.33ms
INF 2026-08-03T21:12:39.297Z > 200 GET /api/v1/ 7.04ms
INF 2026-08-03T21:12:39.312Z > 200 GET /api/v1/ 9.11ms
INF 2026-08-03T21:12:39.328Z > 200 GET /api/v1/ 12.93ms
INF 2026-08-03T21:12:39.334Z > 200 GET /api/v1/ 743.33ms
INF 2026-08-03T21:12:39.339Z > 200 GET /api/v1/ 286.38ms
INF 2026-08-03T21:12:39.346Z > 200 GET /api/v1/ 6.61ms
INF 2026-08-03T21:12:39.350Z > 200 GET /api/v1/ 2477.17ms
INF 2026-08-03T21:12:39.351Z > 200 GET /api/v1/ 2257.47ms
INF 2026-08-03T21:12:39.362Z > 200 GET /api/v1/ 7.12ms
INF 2026-08-03T21:12:39.377Z > 200 GET /api/v1/ 7.08ms
INF 2026-08-03T21:12:39.390Z > 200 GET /api/v1/ 7.6ms
INF 2026-08-03T21:12:39.398Z > 200 GET /api/v1/ 7.85ms
INF 2026-08-03T21:12:39.412Z > 200 GET /api/v1/ 9.28ms
INF 2026-08-03T21:12:39.428Z > 200 GET /api/v1/ 9.4ms
INF 2026-08-03T21:12:39.439Z > 200 GET /api/v1/ 8.51ms
INF 2026-08-03T21:12:39.463Z > 200 GET /api/v1/ 8.27ms
INF 2026-08-03T21:12:39.479Z > 200 GET /api/v1/ 8.48ms
INF 2026-08-03T21:12:39.491Z > 200 GET /api/v1/ 8.19ms
INF 2026-08-03T21:12:39.516Z > 200 GET /api/v1/ 9.43ms
INF 2026-08-03T21:12:39.521Z > 200 GET /api/v1/ 2067.04ms
INF 2026-08-03T21:12:39.534Z > 200 GET /api/v1/ 10.43ms
INF 2026-08-03T21:12:39.547Z > 200 GET /api/v1/ 11.86ms
INF 2026-08-03T21:12:39.555Z > 200 GET /api/v1/ 2690.96ms
INF 2026-08-03T21:12:39.558Z > 200 GET /api/v1/ 334.39ms
INF 2026-08-03T21:12:39.573Z > 200 GET /api/v1/ 347.22ms
INF 2026-08-03T21:12:39.577Z > 200 GET /api/v1/ 266.21ms
INF 2026-08-03T21:12:39.596Z > 200 GET /api/v1/ 610.58ms
INF 2026-08-03T21:12:39.600Z > 200 GET /api/v1/ 374.29ms
INF 2026-08-03T21:12:39.603Z > 200 GET /api/v1/ 276.5ms
INF 2026-08-03T21:12:39.662Z > 200 GET /api/v1/ 346.92ms
INF 2026-08-03T21:12:39.673Z > 200 GET /api/v1/ 474.32ms
INF 2026-08-03T21:12:39.689Z > 200 GET /api/v1/ 817.81ms
INF 2026-08-03T21:12:39.689Z > 200 GET /api/v1/ 463.05ms
INF 2026-08-03T21:12:39.689Z > 200 GET /api/v1/ 251.11ms
INF 2026-08-03T21:12:39.700Z > 200 GET /api/v1/ 596.06ms
INF 2026-08-03T21:12:39.701Z > 200 GET /api/v1/ 370.57ms
INF 2026-08-03T21:12:39.706Z > 200 GET /api/v1/ 1963.86ms
INF 2026-08-03T21:12:39.712Z > 200 GET /api/v1/ 513.01ms
INF 2026-08-03T21:12:39.738Z > 200 GET /api/v1/ 343.19ms
INF 2026-08-03T21:12:39.744Z > 200 GET /api/v1/ 1613.19ms
INF 2026-08-03T21:12:39.744Z > 200 GET /api/v1/ 357.66ms
INF 2026-08-03T21:12:39.748Z > 200 GET /api/v1/ 373.08ms
INF 2026-08-03T21:12:39.748Z > 200 GET /api/v1/ 417.77ms
INF 2026-08-03T21:12:39.758Z > 200 GET /api/v1/ 7.59ms
INF 2026-08-03T21:12:39.825Z > 200 GET /api/v1/ 46.53ms
INF 2026-08-03T21:12:39.834Z > 200 GET /api/v1/ 2551.06ms
INF 2026-08-03T21:12:39.835Z > 200 GET /api/v1/ 1673.05ms
INF 2026-08-03T21:12:39.836Z > 200 GET /api/v1/ 2777.79ms
INF 2026-08-03T21:12:39.840Z > 200 GET /api/v1/ 1721.43ms
INF 2026-08-03T21:12:39.845Z > 200 GET /api/v1/ 2562.84ms
INF 2026-08-03T21:12:39.853Z > 200 GET /api/v1/ 2662.69ms
INF 2026-08-03T21:12:39.857Z > 200 GET /api/v1/ 1104.39ms
INF 2026-08-03T21:12:39.862Z > 200 GET /api/v1/ 2556.12ms
INF 2026-08-03T21:12:39.863Z > 200 GET /api/v1/ 2608.52ms
INF 2026-08-03T21:12:39.874Z > 200 GET /api/v1/ 7.27ms
INF 2026-08-03T21:12:39.885Z > 200 GET /api/v1/ 10.67ms
INF 2026-08-03T21:12:39.907Z > 200 GET /api/v1/ 1648.51ms
INF 2026-08-03T21:12:39.913Z > 200 GET /api/v1/ 1646.58ms
INF 2026-08-03T21:12:39.917Z > 200 GET /api/v1/ 1045.88ms
INF 2026-08-03T21:12:39.927Z > 200 GET /api/v1/ 1424.5ms
INF 2026-08-03T21:12:39.928Z > 200 GET /api/v1/ 14.01ms
INF 2026-08-03T21:12:39.932Z > 200 GET /api/v1/ 229.56ms
INF 2026-08-03T21:12:39.938Z > 200 GET /api/v1/ 2683.02ms
INF 2026-08-03T21:12:39.939Z > 200 GET /api/v1/ 1397.9ms
INF 2026-08-03T21:12:39.946Z > 200 GET /api/v1/ 208.94ms
INF 2026-08-03T21:12:39.960Z > 200 GET /api/v1/ 9.32ms
INF 2026-08-03T21:12:39.990Z > 200 GET /api/v1/ 2528.0ms
INF 2026-08-03T21:12:40.001Z > 200 GET /api/v1/ 1302.83ms
INF 2026-08-03T21:12:40.009Z > 200 GET /api/v1/ 370.24ms
INF 2026-08-03T21:12:40.019Z > 200 GET /api/v1/ 10.08ms
INF 2026-08-03T21:12:40.029Z > 200 GET /api/v1/ 286.69ms
INF 2026-08-03T21:12:40.033Z > 200 GET /api/v1/ 153.51ms
INF 2026-08-03T21:12:40.036Z > 200 GET /api/v1/ 1744.25ms
INF 2026-08-03T21:12:40.042Z > 200 GET /api/v1/ 227.91ms
INF 2026-08-03T21:12:40.073Z > 200 GET /api/v1/ 2457.56ms
INF 2026-08-03T21:12:40.084Z > 200 GET /api/v1/ 9.63ms
INF 2026-08-03T21:12:40.106Z > 200 GET /api/v1/ 1409.65ms
INF 2026-08-03T21:12:40.112Z > 200 GET /api/v1/ 1414.92ms
INF 2026-08-03T21:12:40.120Z > 200 GET /api/v1/ 2504.81ms
INF 2026-08-03T21:12:40.126Z > 200 GET /api/v1/ 2428.69ms
INF 2026-08-03T21:12:40.135Z > 200 GET /api/v1/ 9.16ms
INF 2026-08-03T21:12:40.155Z > 200 GET /api/v1/ 8.41ms
INF 2026-08-03T21:12:40.164Z > 200 GET /api/v1/ 9.66ms
INF 2026-08-03T21:12:40.175Z > 200 GET /api/v1/ 9.11ms
INF 2026-08-03T21:12:40.181Z > 200 GET /api/v1/ 1745.49ms
INF 2026-08-03T21:12:40.190Z > 200 GET /api/v1/ 2486.44ms
INF 2026-08-03T21:12:40.208Z > 200 GET /api/v1/ 9.83ms
INF 2026-08-03T21:12:40.231Z > 200 GET /api/v1/ 10.92ms
INF 2026-08-03T21:12:40.236Z > 200 GET /api/v1/ 1097.77ms
INF 2026-08-03T21:12:40.261Z > 200 GET /api/v1/ 10.69ms
INF 2026-08-03T21:12:40.270Z > 200 GET /api/v1/ 1679.66ms
INF 2026-08-03T21:12:40.276Z > 200 GET /api/v1/ 317.62ms
INF 2026-08-03T21:12:40.283Z > 200 GET /api/v1/ 546.3ms
INF 2026-08-03T21:12:40.285Z > 200 GET /api/v1/ 251.01ms
INF 2026-08-03T21:12:40.289Z > 200 GET /api/v1/ 10.52ms
INF 2026-08-03T21:12:40.312Z > 200 GET /api/v1/ 9.22ms
INF 2026-08-03T21:12:40.334Z > 200 GET /api/v1/ 11.58ms
INF 2026-08-03T21:12:40.349Z > 200 GET /api/v1/ 2678.47ms
INF 2026-08-03T21:12:40.363Z > 200 GET /api/v1/ 8.95ms
INF 2026-08-03T21:12:40.386Z > 200 GET /api/v1/ 11.32ms
INF 2026-08-03T21:12:40.400Z > 200 GET /api/v1/ 9.16ms
INF 2026-08-03T21:12:40.421Z > 200 GET /api/v1/ 13.63ms
INF 2026-08-03T21:12:40.436Z > 200 GET /api/v1/ 9.87ms
INF 2026-08-03T21:12:40.443Z > 200 GET /api/v1/ 867.89ms
INF 2026-08-03T21:12:40.450Z > 200 GET /api/v1/ 462.56ms
INF 2026-08-03T21:12:40.454Z > 200 GET /api/v1/ 465.56ms
INF 2026-08-03T21:12:40.460Z > 200 GET /api/v1/ 392.99ms
INF 2026-08-03T21:12:40.466Z > 200 GET /api/v1/ 260.09ms
INF 2026-08-03T21:12:40.501Z > 200 GET /api/v1/ 21.97ms
INF 2026-08-03T21:12:40.511Z > 200 GET /api/v1/ 8.66ms
INF 2026-08-03T21:12:40.514Z > 200 GET /api/v1/ 471.85ms
INF 2026-08-03T21:12:40.517Z > 200 GET /api/v1/ 2635.14ms
INF 2026-08-03T21:12:40.547Z > 200 GET /api/v1/ 1504.99ms
INF 2026-08-03T21:12:40.548Z > 200 GET /api/v1/ 36.97ms
INF 2026-08-03T21:12:40.554Z > 200 GET /api/v1/ 2747.62ms
INF 2026-08-03T21:12:40.558Z > 200 GET /api/v1/ 2751.33ms
INF 2026-08-03T21:12:40.566Z > 200 GET /api/v1/ 2791.13ms
INF 2026-08-03T21:12:40.568Z > 200 GET /api/v1/ 1524.98ms
INF 2026-08-03T21:12:40.568Z > 200 GET /api/v1/ 2193.31ms
INF 2026-08-03T21:12:40.569Z > 200 GET /api/v1/ 10.58ms
INF 2026-08-03T21:12:40.645Z > 200 GET /api/v1/ 1592.7ms
INF 2026-08-03T21:12:40.665Z > 200 GET /api/v1/ 2418.36ms
INF 2026-08-03T21:12:40.680Z > 200 GET /api/v1/ 2549.75ms
INF 2026-08-03T21:12:40.695Z > 200 GET /api/v1/ 2524.58ms
INF 2026-08-03T21:12:40.699Z > 200 GET /api/v1/ 204.76ms
INF 2026-08-03T21:12:40.705Z > 200 GET /api/v1/ 2650.58ms
INF 2026-08-03T21:12:40.708Z > 200 GET /api/v1/ 1674.11ms
INF 2026-08-03T21:12:40.709Z > 200 GET /api/v1/ 2790.83ms
INF 2026-08-03T21:12:40.711Z > 200 GET /api/v1/ 2499.88ms
INF 2026-08-03T21:12:40.730Z > 200 GET /api/v1/ 2599.32ms
INF 2026-08-03T21:12:40.730Z > 200 GET /api/v1/ 175.44ms
INF 2026-08-03T21:12:40.750Z > 200 GET /api/v1/ 439.28ms
INF 2026-08-03T21:12:40.750Z > 200 GET /api/v1/ 1667.7ms
INF 2026-08-03T21:12:40.751Z > 200 GET /api/v1/ 2852.37ms
INF 2026-08-03T21:12:40.751Z > 200 GET /api/v1/ 2696.59ms
INF 2026-08-03T21:12:40.752Z > 200 GET /api/v1/ 203.79ms
INF 2026-08-03T21:12:40.756Z > 200 GET /api/v1/ 2577.41ms
INF 2026-08-03T21:12:40.813Z > 200 GET /api/v1/ 54.99ms
INF 2026-08-03T21:12:40.822Z > 200 GET /api/v1/ 1182.39ms
INF 2026-08-03T21:12:40.830Z > 200 GET /api/v1/ 859.62ms
INF 2026-08-03T21:12:40.833Z > 200 GET /api/v1/ 1170.33ms
INF 2026-08-03T21:12:40.839Z > 200 GET /api/v1/ 1514.06ms
INF 2026-08-03T21:12:40.857Z > 200 GET /api/v1/ 394.12ms
INF 2026-08-03T21:12:40.857Z > 200 GET /api/v1/ 1742.99ms
INF 2026-08-03T21:12:40.865Z > 200 GET /api/v1/ 373.08ms
INF 2026-08-03T21:12:40.881Z > 200 GET /api/v1/ 322.45ms
INF 2026-08-03T21:12:40.892Z > 200 GET /api/v1/ 300.98ms
INF 2026-08-03T21:12:40.892Z > 200 GET /api/v1/ 2022.02ms
INF 2026-08-03T21:12:40.893Z > 200 GET /api/v1/ 398.71ms
INF 2026-08-03T21:12:40.895Z > 200 GET /api/v1/ 1180.44ms
INF 2026-08-03T21:12:40.927Z > 200 GET /api/v1/ 2491.85ms
INF 2026-08-03T21:12:40.928Z > 200 GET /api/v1/ 2492.57ms
INF 2026-08-03T21:12:40.928Z > 200 GET /api/v1/ 307.96ms
INF 2026-08-03T21:12:40.929Z > 200 GET /api/v1/ 338.05ms
INF 2026-08-03T21:12:40.945Z > 200 GET /api/v1/ 2616.88ms
INF 2026-08-03T21:12:40.986Z > 200 GET /api/v1/ 2658.66ms
INF 2026-08-03T21:12:40.987Z > 200 GET /api/v1/ 280.41ms
INF 2026-08-03T21:12:41.003Z > 200 GET /api/v1/ 15.6ms
INF 2026-08-03T21:12:41.006Z > 200 GET /api/v1/ 2571.0ms
INF 2026-08-03T21:12:41.008Z > 200 GET /api/v1/ 2137.07ms
INF 2026-08-03T21:12:41.010Z > 200 GET /api/v1/ 320.6ms
INF 2026-08-03T21:12:41.013Z > 200 GET /api/v1/ 392.86ms
INF 2026-08-03T21:12:41.027Z > 200 GET /api/v1/ 2592.29ms
INF 2026-08-03T21:12:41.032Z > 200 GET /api/v1/ 2401.34ms
INF 2026-08-03T21:12:41.036Z > 200 GET /api/v1/ 230.96ms
INF 2026-08-03T21:12:41.039Z > 200 GET /api/v1/ 2498.07ms
INF 2026-08-03T21:12:41.040Z > 200 GET /api/v1/ 2169.11ms
INF 2026-08-03T21:12:41.041Z > 200 GET /api/v1/ 1378.74ms
INF 2026-08-03T21:12:41.056Z > 200 GET /api/v1/ 8.89ms
INF 2026-08-03T21:12:41.077Z > 200 GET /api/v1/ 1088.76ms
INF 2026-08-03T21:12:41.088Z > 200 GET /api/v1/ 9.91ms
INF 2026-08-03T21:12:41.108Z > 200 GET /api/v1/ 9.21ms
INF 2026-08-03T21:12:41.127Z > 200 GET /api/v1/ 8.56ms
INF 2026-08-03T21:12:41.131Z > 200 GET /api/v1/ 237.31ms
INF 2026-08-03T21:12:41.136Z > 200 GET /api/v1/ 245.13ms
INF 2026-08-03T21:12:41.159Z > 200 GET /api/v1/ 8.89ms
INF 2026-08-03T21:12:41.248Z > 200 GET /api/v1/ 77.99ms
INF 2026-08-03T21:12:41.252Z > 200 GET /api/v1/ 2661.96ms
INF 2026-08-03T21:12:41.330Z > 200 GET /api/v1/ 2633.06ms
INF 2026-08-03T21:12:41.336Z > 200 GET /api/v1/ 305.01ms
INF 2026-08-03T21:12:41.340Z > 200 GET /api/v1/ 407.2ms
INF 2026-08-03T21:12:41.346Z > 200 GET /api/v1/ 1608.94ms
INF 2026-08-03T21:12:41.347Z > 200 GET /api/v1/ 2756.63ms
INF 2026-08-03T21:12:41.366Z > 200 GET /api/v1/ 573.34ms
INF 2026-08-03T21:12:41.370Z > 200 GET /api/v1/ 2617.02ms
INF 2026-08-03T21:12:41.379Z > 200 GET /api/v1/ 8.27ms
INF 2026-08-03T21:12:41.386Z > 200 GET /api/v1/ 7.07ms
INF 2026-08-03T21:12:41.431Z > 200 GET /api/v1/ 1442.26ms
INF 2026-08-03T21:12:41.436Z > 200 GET /api/v1/ 48.3ms
INF 2026-08-03T21:12:41.455Z > 200 GET /api/v1/ 1484.57ms
INF 2026-08-03T21:12:41.461Z > 200 GET /api/v1/ 1647.01ms
INF 2026-08-03T21:12:41.461Z > 200 GET /api/v1/ 2261.85ms
INF 2026-08-03T21:12:41.465Z > 200 GET /api/v1/ 608.84ms
INF 2026-08-03T21:12:41.493Z > 200 GET /api/v1/ 19.0ms
INF 2026-08-03T21:12:41.540Z > 200 GET /api/v1/ 42.08ms
INF 2026-08-03T21:12:41.571Z > 200 GET /api/v1/ 1757.48ms
INF 2026-08-03T21:12:41.593Z > 200 GET /api/v1/ 10.53ms
INF 2026-08-03T21:12:41.604Z > 200 GET /api/v1/ 2485.88ms
INF 2026-08-03T21:12:41.624Z > 200 GET /api/v1/ 9.76ms
INF 2026-08-03T21:12:41.631Z > 200 GET /api/v1/ 2587.98ms
INF 2026-08-03T21:12:41.638Z > 200 GET /api/v1/ 2584.87ms
INF 2026-08-03T21:12:41.642Z > 200 GET /api/v1/ 1199.27ms
INF 2026-08-03T21:12:41.642Z > 200 GET /api/v1/ 2603.16ms
INF 2026-08-03T21:12:41.677Z > 200 GET /api/v1/ 2542.63ms
INF 2026-08-03T21:12:41.699Z > 200 GET /gc-collect 20.58ms
ERR 2026-08-03T21:12:41.700Z > Error while writing data to the client
| Error while writing data to the client (HTTP::Server::ClientError)
|   from /home/uchiha/playground/crystal/src/http/server/response.cr:266:9 in 'unbuffered_write'
|   from /home/uchiha/playground/crystal/src/io/buffered.cr:163:14 in 'write'
|   from /home/uchiha/playground/crystal/src/http/server/response.cr:107:7 in 'write'
|   from /home/uchiha/playground/crystal/src/io.cr:488:7 in 'write_string'
|   from lib/kemal/src/kemal/route_handler.cr:174:7 in 'call'
|   from lib/kemal/src/kemal/websocket_handler.cr:13:14 in 'call'
|   from /home/uchiha/playground/crystal/src/http/server/handler.cr:30:7 in 'call_next'
|   from lib/kemal/src/kemal/filter_handler.cr:46:7 in 'call'
|   from /home/uchiha/playground/crystal/src/http/server/handler.cr:30:7 in 'call_next'
|   from src/middlewares/web_api_auth_middleware.cr:8:12 in 'call'
|   from /home/uchiha/playground/crystal/src/http/server/handler.cr:30:7 in 'call_next'
|   from src/middlewares/admin_api_auth_middleware.cr:7:12 in 'call'
|   from /home/uchiha/playground/crystal/src/http/server/handler.cr:30:7 in 'call_next'
|   from /home/uchiha/playground/crystal/src/http/server/handlers/static_file_handler.cr:60:12 in 'call'
|   from /home/uchiha/playground/crystal/src/http/server/handler.cr:30:7 in 'call'
|   from /home/uchiha/playground/crystal/src/http/server/handler.cr:30:7 in 'call'
|   from /home/uchiha/playground/crystal/src/http/server/handler.cr:30:7 in 'call'
|   from /home/uchiha/playground/crystal/src/http/server/handler.cr:30:7 in 'call'
|   from /home/uchiha/playground/crystal/src/http/server/request_processor.cr:58:11 in 'process'
|   from /home/uchiha/playground/crystal/src/http/server.cr:506:5 in '->'
|   from /home/uchiha/playground/crystal/src/fiber.cr:168:11 in 'run'
|   from /home/uchiha/playground/crystal/src/fiber.cr:103:3 in '->'
|   from ???
| Caused by: write (#<TCPSocket:0x78764a006318>): Broken pipe (IO::Error)
|   from /home/uchiha/playground/crystal/src/crystal/system/thread.cr:72:3 in 'unbuffered_write'
|   from /home/uchiha/playground/crystal/src/io/buffered.cr:163:14 in 'write'
|   from /home/uchiha/playground/crystal/src/http/server/response.cr:282:11 in 'unbuffered_write'
|   from /home/uchiha/playground/crystal/src/io/buffered.cr:163:14 in 'write'
|   from /home/uchiha/playground/crystal/src/http/server/response.cr:107:7 in 'write'
|   from /home/uchiha/playground/crystal/src/io.cr:488:7 in 'write_string'
|   from lib/kemal/src/kemal/route_handler.cr:174:7 in 'call'
|   from lib/kemal/src/kemal/websocket_handler.cr:13:14 in 'call'
|   from /home/uchiha/playground/crystal/src/http/server/handler.cr:30:7 in 'call_next'
|   from lib/kemal/src/kemal/filter_handler.cr:46:7 in 'call'
|   from /home/uchiha/playground/crystal/src/http/server/handler.cr:30:7 in 'call_next'
|   from src/middlewares/web_api_auth_middleware.cr:8:12 in 'call'
|   from /home/uchiha/playground/crystal/src/http/server/handler.cr:30:7 in 'call_next'
|   from src/middlewares/admin_api_auth_middleware.cr:7:12 in 'call'
|   from /home/uchiha/playground/crystal/src/http/server/handler.cr:30:7 in 'call_next'
|   from /home/uchiha/playground/crystal/src/http/server/handlers/static_file_handler.cr:60:12 in 'call'
|   from /home/uchiha/playground/crystal/src/http/server/handler.cr:30:7 in 'call'
|   from /home/uchiha/playground/crystal/src/http/server/handler.cr:30:7 in 'call'
|   from /home/uchiha/playground/crystal/src/http/server/handler.cr:30:7 in 'call'
|   from /home/uchiha/playground/crystal/src/http/server/handler.cr:30:7 in 'call'
|   from /home/uchiha/playground/crystal/src/http/server/request_processor.cr:58:11 in 'process'
|   from /home/uchiha/playground/crystal/src/http/server.cr:506:5 in '->'
|   from /home/uchiha/playground/crystal/src/fiber.cr:168:11 in 'run'
|   from /home/uchiha/playground/crystal/src/fiber.cr:103:3 in '->'
|   from ???
ERR 2026-08-03T21:12:41.700Z > Unhandled exception on HTTP::Handler
| Closed stream (IO::Error)
|   from /home/uchiha/playground/crystal/src/http/server/response.cr:215:15 in 'content_type='
|   from lib/kemal/src/kemal/helpers/templates.cr:25:3 in 'render_500'
|   from lib/kemal/src/kemal/exception_handler.cr:34:7 in 'call'
|   from /home/uchiha/playground/crystal/src/http/server/handler.cr:30:7 in 'call'
|   from /home/uchiha/playground/crystal/src/http/server/handler.cr:30:7 in 'call'
|   from /home/uchiha/playground/crystal/src/http/server/handler.cr:30:7 in 'call'
|   from /home/uchiha/playground/crystal/src/http/server/request_processor.cr:58:11 in 'process'
|   from /home/uchiha/playground/crystal/src/http/server.cr:506:5 in '->'
|   from /home/uchiha/playground/crystal/src/fiber.cr:168:11 in 'run'
|   from /home/uchiha/playground/crystal/src/fiber.cr:103:3 in '->'
|   from ???
ERR 2026-08-03T21:12:41.700Z > Error while writing data to the client
| Error while writing data to the client (HTTP::Server::ClientError)
|   from /home/uchiha/playground/crystal/src/http/server/response.cr:266:9 in 'unbuffered_write'
|   from /home/uchiha/playground/crystal/src/io/buffered.cr:163:14 in 'write'
|   from /home/uchiha/playground/crystal/src/http/server/response.cr:107:7 in 'write'
|   from /home/uchiha/playground/crystal/src/io.cr:488:7 in 'write_string'
|   from lib/kemal/src/kemal/route_handler.cr:174:7 in 'call'
|   from lib/kemal/src/kemal/websocket_handler.cr:13:14 in 'call'
|   from /home/uchiha/playground/crystal/src/http/server/handler.cr:30:7 in 'call_next'
|   from lib/kemal/src/kemal/filter_handler.cr:46:7 in 'call'
|   from /home/uchiha/playground/crystal/src/http/server/handler.cr:30:7 in 'call_next'
|   from src/middlewares/web_api_auth_middleware.cr:8:12 in 'call'
|   from /home/uchiha/playground/crystal/src/http/server/handler.cr:30:7 in 'call_next'
|   from src/middlewares/admin_api_auth_middleware.cr:7:12 in 'call'
|   from /home/uchiha/playground/crystal/src/http/server/handler.cr:30:7 in 'call_next'
|   from /home/uchiha/playground/crystal/src/http/server/handlers/static_file_handler.cr:60:12 in 'call'
|   from /home/uchiha/playground/crystal/src/http/server/handler.cr:30:7 in 'call'
|   from /home/uchiha/playground/crystal/src/http/server/handler.cr:30:7 in 'call'
|   from /home/uchiha/playground/crystal/src/http/server/handler.cr:30:7 in 'call'
|   from /home/uchiha/playground/crystal/src/http/server/handler.cr:30:7 in 'call'
|   from /home/uchiha/playground/crystal/src/http/server/request_processor.cr:58:11 in 'process'
|   from /home/uchiha/playground/crystal/src/http/server.cr:506:5 in '->'
|   from /home/uchiha/playground/crystal/src/fiber.cr:168:11 in 'run'
|   from /home/uchiha/playground/crystal/src/fiber.cr:103:3 in '->'
|   from ???
| Caused by: write (#<TCPSocket:0x78764a0015a8>): Broken pipe (IO::Error)
|   from /home/uchiha/playground/crystal/src/crystal/system/thread.cr:72:3 in 'unbuffered_write'
|   from /home/uchiha/playground/crystal/src/io/buffered.cr:163:14 in 'write'
|   from /home/uchiha/playground/crystal/src/http/server/response.cr:282:11 in 'unbuffered_write'
|   from /home/uchiha/playground/crystal/src/io/buffered.cr:163:14 in 'write'
|   from /home/uchiha/playground/crystal/src/http/server/response.cr:107:7 in 'write'
|   from /home/uchiha/playground/crystal/src/io.cr:488:7 in 'write_string'
|   from lib/kemal/src/kemal/route_handler.cr:174:7 in 'call'
|   from lib/kemal/src/kemal/websocket_handler.cr:13:14 in 'call'
|   from /home/uchiha/playground/crystal/src/http/server/handler.cr:30:7 in 'call_next'
|   from lib/kemal/src/kemal/filter_handler.cr:46:7 in 'call'
|   from /home/uchiha/playground/crystal/src/http/server/handler.cr:30:7 in 'call_next'
|   from src/middlewares/web_api_auth_middleware.cr:8:12 in 'call'
|   from /home/uchiha/playground/crystal/src/http/server/handler.cr:30:7 in 'call_next'
|   from src/middlewares/admin_api_auth_middleware.cr:7:12 in 'call'
|   from /home/uchiha/playground/crystal/src/http/server/handler.cr:30:7 in 'call_next'
|   from /home/uchiha/playground/crystal/src/http/server/handlers/static_file_handler.cr:60:12 in 'call'
|   from /home/uchiha/playground/crystal/src/http/server/handler.cr:30:7 in 'call'
|   from /home/uchiha/playground/crystal/src/http/server/handler.cr:30:7 in 'call'
|   from /home/uchiha/playground/crystal/src/http/server/handler.cr:30:7 in 'call'
|   from /home/uchiha/playground/crystal/src/http/server/handler.cr:30:7 in 'call'
|   from /home/uchiha/playground/crystal/src/http/server/request_processor.cr:58:11 in 'process'
|   from /home/uchiha/playground/crystal/src/http/server.cr:506:5 in '->'
|   from /home/uchiha/playground/crystal/src/fiber.cr:168:11 in 'run'
|   from /home/uchiha/playground/crystal/src/fiber.cr:103:3 in '->'
|   from ???
ERR 2026-08-03T21:12:41.700Z > Unhandled exception on HTTP::Handler
| Closed stream (IO::Error)
|   from /home/uchiha/playground/crystal/src/http/server/response.cr:215:15 in 'content_type='
|   from lib/kemal/src/kemal/helpers/templates.cr:25:3 in 'render_500'
|   from lib/kemal/src/kemal/exception_handler.cr:34:7 in 'call'
|   from /home/uchiha/playground/crystal/src/http/server/handler.cr:30:7 in 'call'
|   from /home/uchiha/playground/crystal/src/http/server/handler.cr:30:7 in 'call'
|   from /home/uchiha/playground/crystal/src/http/server/handler.cr:30:7 in 'call'
|   from /home/uchiha/playground/crystal/src/http/server/request_processor.cr:58:11 in 'process'
|   from /home/uchiha/playground/crystal/src/http/server.cr:506:5 in '->'
|   from /home/uchiha/playground/crystal/src/fiber.cr:168:11 in 'run'
|   from /home/uchiha/playground/crystal/src/fiber.cr:103:3 in '->'
|   from ???
ERR 2026-08-03T21:12:41.701Z > Error while writing data to the client
| Error while writing data to the client (HTTP::Server::ClientError)
|   from /home/uchiha/playground/crystal/src/http/server/response.cr:266:9 in 'unbuffered_write'
|   from /home/uchiha/playground/crystal/src/io/buffered.cr:163:14 in 'write'
|   from /home/uchiha/playground/crystal/src/http/server/response.cr:107:7 in 'write'
|   from /home/uchiha/playground/crystal/src/io.cr:488:7 in 'write_string'
|   from lib/kemal/src/kemal/route_handler.cr:174:7 in 'call'
|   from lib/kemal/src/kemal/websocket_handler.cr:13:14 in 'call'
|   from /home/uchiha/playground/crystal/src/http/server/handler.cr:30:7 in 'call_next'
|   from lib/kemal/src/kemal/filter_handler.cr:46:7 in 'call'
|   from /home/uchiha/playground/crystal/src/http/server/handler.cr:30:7 in 'call_next'
|   from src/middlewares/web_api_auth_middleware.cr:8:12 in 'call'
|   from /home/uchiha/playground/crystal/src/http/server/handler.cr:30:7 in 'call_next'
|   from src/middlewares/admin_api_auth_middleware.cr:7:12 in 'call'
|   from /home/uchiha/playground/crystal/src/http/server/handler.cr:30:7 in 'call_next'
|   from /home/uchiha/playground/crystal/src/http/server/handlers/static_file_handler.cr:60:12 in 'call'
|   from /home/uchiha/playground/crystal/src/http/server/handler.cr:30:7 in 'call'
|   from /home/uchiha/playground/crystal/src/http/server/handler.cr:30:7 in 'call'
|   from /home/uchiha/playground/crystal/src/http/server/handler.cr:30:7 in 'call'
|   from /home/uchiha/playground/crystal/src/http/server/handler.cr:30:7 in 'call'
|   from /home/uchiha/playground/crystal/src/http/server/request_processor.cr:58:11 in 'process'
|   from /home/uchiha/playground/crystal/src/http/server.cr:506:5 in '->'
|   from /home/uchiha/playground/crystal/src/fiber.cr:168:11 in 'run'
|   from /home/uchiha/playground/crystal/src/fiber.cr:103:3 in '->'
|   from ???
| Caused by: write (#<TCPSocket:0x78764a002808>): Broken pipe (IO::Error)
|   from /home/uchiha/playground/crystal/src/crystal/system/thread.cr:72:3 in 'unbuffered_write'
|   from /home/uchiha/playground/crystal/src/io/buffered.cr:163:14 in 'write'
|   from /home/uchiha/playground/crystal/src/http/server/response.cr:282:11 in 'unbuffered_write'
|   from /home/uchiha/playground/crystal/src/io/buffered.cr:163:14 in 'write'
|   from /home/uchiha/playground/crystal/src/http/server/response.cr:107:7 in 'write'
|   from /home/uchiha/playground/crystal/src/io.cr:488:7 in 'write_string'
|   from lib/kemal/src/kemal/route_handler.cr:174:7 in 'call'
|   from lib/kemal/src/kemal/websocket_handler.cr:13:14 in 'call'
|   from /home/uchiha/playground/crystal/src/http/server/handler.cr:30:7 in 'call_next'
|   from lib/kemal/src/kemal/filter_handler.cr:46:7 in 'call'
|   from /home/uchiha/playground/crystal/src/http/server/handler.cr:30:7 in 'call_next'
|   from src/middlewares/web_api_auth_middleware.cr:8:12 in 'call'
|   from /home/uchiha/playground/crystal/src/http/server/handler.cr:30:7 in 'call_next'
|   from src/middlewares/admin_api_auth_middleware.cr:7:12 in 'call'
|   from /home/uchiha/playground/crystal/src/http/server/handler.cr:30:7 in 'call_next'
|   from /home/uchiha/playground/crystal/src/http/server/handlers/static_file_handler.cr:60:12 in 'call'
|   from /home/uchiha/playground/crystal/src/http/server/handler.cr:30:7 in 'call'
|   from /home/uchiha/playground/crystal/src/http/server/handler.cr:30:7 in 'call'
|   from /home/uchiha/playground/crystal/src/http/server/handler.cr:30:7 in 'call'
|   from /home/uchiha/playground/crystal/src/http/server/handler.cr:30:7 in 'call'
|   from /home/uchiha/playground/crystal/src/http/server/request_processor.cr:58:11 in 'process'
|   from /home/uchiha/playground/crystal/src/http/server.cr:506:5 in '->'
|   from /home/uchiha/playground/crystal/src/fiber.cr:168:11 in 'run'
|   from /home/uchiha/playground/crystal/src/fiber.cr:103:3 in '->'
|   from ???
ERR 2026-08-03T21:12:41.701Z > Unhandled exception on HTTP::Handler
| Closed stream (IO::Error)
|   from /home/uchiha/playground/crystal/src/http/server/response.cr:215:15 in 'content_type='
|   from lib/kemal/src/kemal/helpers/templates.cr:25:3 in 'render_500'
|   from lib/kemal/src/kemal/exception_handler.cr:34:7 in 'call'
|   from /home/uchiha/playground/crystal/src/http/server/handler.cr:30:7 in 'call'
|   from /home/uchiha/playground/crystal/src/http/server/handler.cr:30:7 in 'call'
|   from /home/uchiha/playground/crystal/src/http/server/handler.cr:30:7 in 'call'
|   from /home/uchiha/playground/crystal/src/http/server/request_processor.cr:58:11 in 'process'
|   from /home/uchiha/playground/crystal/src/http/server.cr:506:5 in '->'
|   from /home/uchiha/playground/crystal/src/fiber.cr:168:11 in 'run'
|   from /home/uchiha/playground/crystal/src/fiber.cr:103:3 in '->'
|   from ???
ERR 2026-08-03T21:12:41.701Z > Error while writing data to the client
| Error while writing data to the client (HTTP::Server::ClientError)
|   from /home/uchiha/playground/crystal/src/http/server/response.cr:266:9 in 'unbuffered_write'
|   from /home/uchiha/playground/crystal/src/io/buffered.cr:163:14 in 'write'
|   from /home/uchiha/playground/crystal/src/http/server/response.cr:107:7 in 'write'
|   from /home/uchiha/playground/crystal/src/io.cr:488:7 in 'write_string'
|   from lib/kemal/src/kemal/route_handler.cr:174:7 in 'call'
|   from lib/kemal/src/kemal/websocket_handler.cr:13:14 in 'call'
|   from /home/uchiha/playground/crystal/src/http/server/handler.cr:30:7 in 'call_next'
|   from lib/kemal/src/kemal/filter_handler.cr:46:7 in 'call'
|   from /home/uchiha/playground/crystal/src/http/server/handler.cr:30:7 in 'call_next'
|   from src/middlewares/web_api_auth_middleware.cr:8:12 in 'call'
|   from /home/uchiha/playground/crystal/src/http/server/handler.cr:30:7 in 'call_next'
|   from src/middlewares/admin_api_auth_middleware.cr:7:12 in 'call'
|   from /home/uchiha/playground/crystal/src/http/server/handler.cr:30:7 in 'call_next'
|   from /home/uchiha/playground/crystal/src/http/server/handlers/static_file_handler.cr:60:12 in 'call'
|   from /home/uchiha/playground/crystal/src/http/server/handler.cr:30:7 in 'call'
|   from /home/uchiha/playground/crystal/src/http/server/handler.cr:30:7 in 'call'
|   from /home/uchiha/playground/crystal/src/http/server/handler.cr:30:7 in 'call'
|   from /home/uchiha/playground/crystal/src/http/server/handler.cr:30:7 in 'call'
|   from /home/uchiha/playground/crystal/src/http/server/request_processor.cr:58:11 in 'process'
|   from /home/uchiha/playground/crystal/src/http/server.cr:506:5 in '->'
|   from /home/uchiha/playground/crystal/src/fiber.cr:168:11 in 'run'
|   from /home/uchiha/playground/crystal/src/fiber.cr:103:3 in '->'
|   from ???
| Caused by: write (#<TCPSocket:0x78764a003bb8>): Broken pipe (IO::Error)
|   from /home/uchiha/playground/crystal/src/crystal/system/thread.cr:72:3 in 'unbuffered_write'
|   from /home/uchiha/playground/crystal/src/io/buffered.cr:163:14 in 'write'
|   from /home/uchiha/playground/crystal/src/http/server/response.cr:282:11 in 'unbuffered_write'
|   from /home/uchiha/playground/crystal/src/io/buffered.cr:163:14 in 'write'
|   from /home/uchiha/playground/crystal/src/http/server/response.cr:107:7 in 'write'
|   from /home/uchiha/playground/crystal/src/io.cr:488:7 in 'write_string'
|   from lib/kemal/src/kemal/route_handler.cr:174:7 in 'call'
|   from lib/kemal/src/kemal/websocket_handler.cr:13:14 in 'call'
|   from /home/uchiha/playground/crystal/src/http/server/handler.cr:30:7 in 'call_next'
|   from lib/kemal/src/kemal/filter_handler.cr:46:7 in 'call'
|   from /home/uchiha/playground/crystal/src/http/server/handler.cr:30:7 in 'call_next'
|   from src/middlewares/web_api_auth_middleware.cr:8:12 in 'call'
|   from /home/uchiha/playground/crystal/src/http/server/handler.cr:30:7 in 'call_next'
|   from src/middlewares/admin_api_auth_middleware.cr:7:12 in 'call'
|   from /home/uchiha/playground/crystal/src/http/server/handler.cr:30:7 in 'call_next'
|   from /home/uchiha/playground/crystal/src/http/server/handlers/static_file_handler.cr:60:12 in 'call'
|   from /home/uchiha/playground/crystal/src/http/server/handler.cr:30:7 in 'call'
|   from /home/uchiha/playground/crystal/src/http/server/handler.cr:30:7 in 'call'
|   from /home/uchiha/playground/crystal/src/http/server/handler.cr:30:7 in 'call'
|   from /home/uchiha/playground/crystal/src/http/server/handler.cr:30:7 in 'call'
|   from /home/uchiha/playground/crystal/src/http/server/request_processor.cr:58:11 in 'process'
|   from /home/uchiha/playground/crystal/src/http/server.cr:506:5 in '->'
|   from /home/uchiha/playground/crystal/src/fiber.cr:168:11 in 'run'
|   from /home/uchiha/playground/crystal/src/fiber.cr:103:3 in '->'
|   from ???
ERR 2026-08-03T21:12:41.701Z > Unhandled exception on HTTP::Handler
| Closed stream (IO::Error)
|   from /home/uchiha/playground/crystal/src/http/server/response.cr:215:15 in 'content_type='
|   from lib/kemal/src/kemal/helpers/templates.cr:25:3 in 'render_500'
|   from lib/kemal/src/kemal/exception_handler.cr:34:7 in 'call'
|   from /home/uchiha/playground/crystal/src/http/server/handler.cr:30:7 in 'call'
|   from /home/uchiha/playground/crystal/src/http/server/handler.cr:30:7 in 'call'
|   from /home/uchiha/playground/crystal/src/http/server/handler.cr:30:7 in 'call'
|   from /home/uchiha/playground/crystal/src/http/server/request_processor.cr:58:11 in 'process'
|   from /home/uchiha/playground/crystal/src/http/server.cr:506:5 in '->'
|   from /home/uchiha/playground/crystal/src/fiber.cr:168:11 in 'run'
|   from /home/uchiha/playground/crystal/src/fiber.cr:103:3 in '->'
|   from ???
ERR 2026-08-03T21:12:41.702Z > Error while writing data to the client
| Error while writing data to the client (HTTP::Server::ClientError)
|   from /home/uchiha/playground/crystal/src/http/server/response.cr:266:9 in 'unbuffered_write'
|   from /home/uchiha/playground/crystal/src/io/buffered.cr:163:14 in 'write'
|   from /home/uchiha/playground/crystal/src/http/server/response.cr:107:7 in 'write'
|   from /home/uchiha/playground/crystal/src/io.cr:488:7 in 'write_string'
|   from lib/kemal/src/kemal/route_handler.cr:174:7 in 'call'
|   from lib/kemal/src/kemal/websocket_handler.cr:13:14 in 'call'
|   from /home/uchiha/playground/crystal/src/http/server/handler.cr:30:7 in 'call_next'
|   from lib/kemal/src/kemal/filter_handler.cr:46:7 in 'call'
|   from /home/uchiha/playground/crystal/src/http/server/handler.cr:30:7 in 'call_next'
|   from src/middlewares/web_api_auth_middleware.cr:8:12 in 'call'
|   from /home/uchiha/playground/crystal/src/http/server/handler.cr:30:7 in 'call_next'
|   from src/middlewares/admin_api_auth_middleware.cr:7:12 in 'call'
|   from /home/uchiha/playground/crystal/src/http/server/handler.cr:30:7 in 'call_next'
|   from /home/uchiha/playground/crystal/src/http/server/handlers/static_file_handler.cr:60:12 in 'call'
|   from /home/uchiha/playground/crystal/src/http/server/handler.cr:30:7 in 'call'
|   from /home/uchiha/playground/crystal/src/http/server/handler.cr:30:7 in 'call'
|   from /home/uchiha/playground/crystal/src/http/server/handler.cr:30:7 in 'call'
|   from /home/uchiha/playground/crystal/src/http/server/handler.cr:30:7 in 'call'
|   from /home/uchiha/playground/crystal/src/http/server/request_processor.cr:58:11 in 'process'
|   from /home/uchiha/playground/crystal/src/http/server.cr:506:5 in '->'
|   from /home/uchiha/playground/crystal/src/fiber.cr:168:11 in 'run'
|   from /home/uchiha/playground/crystal/src/fiber.cr:103:3 in '->'
|   from ???
| Caused by: write (#<TCPSocket:0x78764a002418>): Broken pipe (IO::Error)
|   from /home/uchiha/playground/crystal/src/crystal/system/thread.cr:72:3 in 'unbuffered_write'
|   from /home/uchiha/playground/crystal/src/io/buffered.cr:163:14 in 'write'
|   from /home/uchiha/playground/crystal/src/http/server/response.cr:282:11 in 'unbuffered_write'
|   from /home/uchiha/playground/crystal/src/io/buffered.cr:163:14 in 'write'
|   from /home/uchiha/playground/crystal/src/http/server/response.cr:107:7 in 'write'
|   from /home/uchiha/playground/crystal/src/io.cr:488:7 in 'write_string'
|   from lib/kemal/src/kemal/route_handler.cr:174:7 in 'call'
|   from lib/kemal/src/kemal/websocket_handler.cr:13:14 in 'call'
|   from /home/uchiha/playground/crystal/src/http/server/handler.cr:30:7 in 'call_next'
|   from lib/kemal/src/kemal/filter_handler.cr:46:7 in 'call'
|   from /home/uchiha/playground/crystal/src/http/server/handler.cr:30:7 in 'call_next'
|   from src/middlewares/web_api_auth_middleware.cr:8:12 in 'call'
|   from /home/uchiha/playground/crystal/src/http/server/handler.cr:30:7 in 'call_next'
|   from src/middlewares/admin_api_auth_middleware.cr:7:12 in 'call'
|   from /home/uchiha/playground/crystal/src/http/server/handler.cr:30:7 in 'call_next'
|   from /home/uchiha/playground/crystal/src/http/server/handlers/static_file_handler.cr:60:12 in 'call'
|   from /home/uchiha/playground/crystal/src/http/server/handler.cr:30:7 in 'call'
|   from /home/uchiha/playground/crystal/src/http/server/handler.cr:30:7 in 'call'
|   from /home/uchiha/playground/crystal/src/http/server/handler.cr:30:7 in 'call'
|   from /home/uchiha/playground/crystal/src/http/server/handler.cr:30:7 in 'call'
|   from /home/uchiha/playground/crystal/src/http/server/request_processor.cr:58:11 in 'process'
|   from /home/uchiha/playground/crystal/src/http/server.cr:506:5 in '->'
|   from /home/uchiha/playground/crystal/src/fiber.cr:168:11 in 'run'
|   from /home/uchiha/playground/crystal/src/fiber.cr:103:3 in '->'
|   from ???
ERR 2026-08-03T21:12:41.702Z > Unhandled exception on HTTP::Handler
| Closed stream (IO::Error)
|   from /home/uchiha/playground/crystal/src/http/server/response.cr:215:15 in 'content_type='
|   from lib/kemal/src/kemal/helpers/templates.cr:25:3 in 'render_500'
|   from lib/kemal/src/kemal/exception_handler.cr:34:7 in 'call'
|   from /home/uchiha/playground/crystal/src/http/server/handler.cr:30:7 in 'call'
|   from /home/uchiha/playground/crystal/src/http/server/handler.cr:30:7 in 'call'
|   from /home/uchiha/playground/crystal/src/http/server/handler.cr:30:7 in 'call'
|   from /home/uchiha/playground/crystal/src/http/server/request_processor.cr:58:11 in 'process'
|   from /home/uchiha/playground/crystal/src/http/server.cr:506:5 in '->'
|   from /home/uchiha/playground/crystal/src/fiber.cr:168:11 in 'run'
|   from /home/uchiha/playground/crystal/src/fiber.cr:103:3 in '->'
|   from ???
INF 2026-08-03T21:12:41.983Z > 200 GET /gc-collect 63.64ms
INF 2026-08-03T21:12:42.286Z > 200 GET /gc-live-attr 14.79ms
INF 2026-08-03T21:12:42.298Z > 200 GET /gc-stats 181.93µs
ERR 2026-08-03T21:12:42.334Z > Error while writing data to the client
| Error while writing data to the client (HTTP::Server::ClientError)
|   from /home/uchiha/playground/crystal/src/http/server/response.cr:266:9 in 'unbuffered_write'
|   from /home/uchiha/playground/crystal/src/io/buffered.cr:163:14 in 'write'
|   from /home/uchiha/playground/crystal/src/http/server/response.cr:107:7 in 'write'
|   from /home/uchiha/playground/crystal/src/io.cr:488:7 in 'write_string'
|   from lib/kemal/src/kemal/route_handler.cr:174:7 in 'call'
|   from lib/kemal/src/kemal/websocket_handler.cr:13:14 in 'call'
|   from /home/uchiha/playground/crystal/src/http/server/handler.cr:30:7 in 'call_next'
|   from lib/kemal/src/kemal/filter_handler.cr:46:7 in 'call'
|   from /home/uchiha/playground/crystal/src/http/server/handler.cr:30:7 in 'call_next'
|   from src/middlewares/web_api_auth_middleware.cr:8:12 in 'call'
|   from /home/uchiha/playground/crystal/src/http/server/handler.cr:30:7 in 'call_next'
|   from src/middlewares/admin_api_auth_middleware.cr:7:12 in 'call'
|   from /home/uchiha/playground/crystal/src/http/server/handler.cr:30:7 in 'call_next'
|   from /home/uchiha/playground/crystal/src/http/server/handlers/static_file_handler.cr:60:12 in 'call'
|   from /home/uchiha/playground/crystal/src/http/server/handler.cr:30:7 in 'call'
|   from /home/uchiha/playground/crystal/src/http/server/handler.cr:30:7 in 'call'
|   from /home/uchiha/playground/crystal/src/http/server/handler.cr:30:7 in 'call'
|   from /home/uchiha/playground/crystal/src/http/server/handler.cr:30:7 in 'call'
|   from /home/uchiha/playground/crystal/src/http/server/request_processor.cr:58:11 in 'process'
|   from /home/uchiha/playground/crystal/src/http/server.cr:506:5 in '->'
|   from /home/uchiha/playground/crystal/src/fiber.cr:168:11 in 'run'
|   from /home/uchiha/playground/crystal/src/fiber.cr:103:3 in '->'
|   from ???
| Caused by: write (#<TCPSocket:0x78764a002568>): Broken pipe (IO::Error)
|   from /home/uchiha/playground/crystal/src/crystal/system/thread.cr:72:3 in 'unbuffered_write'
|   from /home/uchiha/playground/crystal/src/io/buffered.cr:163:14 in 'write'
|   from /home/uchiha/playground/crystal/src/http/server/response.cr:282:11 in 'unbuffered_write'
|   from /home/uchiha/playground/crystal/src/io/buffered.cr:163:14 in 'write'
|   from /home/uchiha/playground/crystal/src/http/server/response.cr:107:7 in 'write'
|   from /home/uchiha/playground/crystal/src/io.cr:488:7 in 'write_string'
|   from lib/kemal/src/kemal/route_handler.cr:174:7 in 'call'
|   from lib/kemal/src/kemal/websocket_handler.cr:13:14 in 'call'
|   from /home/uchiha/playground/crystal/src/http/server/handler.cr:30:7 in 'call_next'
|   from lib/kemal/src/kemal/filter_handler.cr:46:7 in 'call'
|   from /home/uchiha/playground/crystal/src/http/server/handler.cr:30:7 in 'call_next'
|   from src/middlewares/web_api_auth_middleware.cr:8:12 in 'call'
|   from /home/uchiha/playground/crystal/src/http/server/handler.cr:30:7 in 'call_next'
|   from src/middlewares/admin_api_auth_middleware.cr:7:12 in 'call'
|   from /home/uchiha/playground/crystal/src/http/server/handler.cr:30:7 in 'call_next'
|   from /home/uchiha/playground/crystal/src/http/server/handlers/static_file_handler.cr:60:12 in 'call'
|   from /home/uchiha/playground/crystal/src/http/server/handler.cr:30:7 in 'call'
|   from /home/uchiha/playground/crystal/src/http/server/handler.cr:30:7 in 'call'
|   from /home/uchiha/playground/crystal/src/http/server/handler.cr:30:7 in 'call'
|   from /home/uchiha/playground/crystal/src/http/server/handler.cr:30:7 in 'call'
|   from /home/uchiha/playground/crystal/src/http/server/request_processor.cr:58:11 in 'process'
|   from /home/uchiha/playground/crystal/src/http/server.cr:506:5 in '->'
|   from /home/uchiha/playground/crystal/src/fiber.cr:168:11 in 'run'
|   from /home/uchiha/playground/crystal/src/fiber.cr:103:3 in '->'
|   from ???
ERR 2026-08-03T21:12:42.334Z > Unhandled exception on HTTP::Handler
| Closed stream (IO::Error)
|   from /home/uchiha/playground/crystal/src/http/server/response.cr:215:15 in 'content_type='
|   from lib/kemal/src/kemal/helpers/templates.cr:25:3 in 'render_500'
|   from lib/kemal/src/kemal/exception_handler.cr:34:7 in 'call'
|   from /home/uchiha/playground/crystal/src/http/server/handler.cr:30:7 in 'call'
|   from /home/uchiha/playground/crystal/src/http/server/handler.cr:30:7 in 'call'
|   from /home/uchiha/playground/crystal/src/http/server/handler.cr:30:7 in 'call'
|   from /home/uchiha/playground/crystal/src/http/server/request_processor.cr:58:11 in 'process'
|   from /home/uchiha/playground/crystal/src/http/server.cr:506:5 in '->'
|   from /home/uchiha/playground/crystal/src/fiber.cr:168:11 in 'run'
|   from /home/uchiha/playground/crystal/src/fiber.cr:103:3 in '->'
|   from ???
ERR 2026-08-03T21:12:42.346Z > Error while writing data to the client
| Error while writing data to the client (HTTP::Server::ClientError)
|   from /home/uchiha/playground/crystal/src/http/server/response.cr:266:9 in 'unbuffered_write'
|   from /home/uchiha/playground/crystal/src/io/buffered.cr:163:14 in 'write'
|   from /home/uchiha/playground/crystal/src/http/server/response.cr:107:7 in 'write'
|   from /home/uchiha/playground/crystal/src/io.cr:488:7 in 'write_string'
|   from lib/kemal/src/kemal/route_handler.cr:174:7 in 'call'
|   from lib/kemal/src/kemal/websocket_handler.cr:13:14 in 'call'
|   from /home/uchiha/playground/crystal/src/http/server/handler.cr:30:7 in 'call_next'
|   from lib/kemal/src/kemal/filter_handler.cr:46:7 in 'call'
|   from /home/uchiha/playground/crystal/src/http/server/handler.cr:30:7 in 'call_next'
|   from src/middlewares/web_api_auth_middleware.cr:8:12 in 'call'
|   from /home/uchiha/playground/crystal/src/http/server/handler.cr:30:7 in 'call_next'
|   from src/middlewares/admin_api_auth_middleware.cr:7:12 in 'call'
|   from /home/uchiha/playground/crystal/src/http/server/handler.cr:30:7 in 'call_next'
|   from /home/uchiha/playground/crystal/src/http/server/handlers/static_file_handler.cr:60:12 in 'call'
|   from /home/uchiha/playground/crystal/src/http/server/handler.cr:30:7 in 'call'
|   from /home/uchiha/playground/crystal/src/http/server/handler.cr:30:7 in 'call'
|   from /home/uchiha/playground/crystal/src/http/server/handler.cr:30:7 in 'call'
|   from /home/uchiha/playground/crystal/src/http/server/handler.cr:30:7 in 'call'
|   from /home/uchiha/playground/crystal/src/http/server/request_processor.cr:58:11 in 'process'
|   from /home/uchiha/playground/crystal/src/http/server.cr:506:5 in '->'
|   from /home/uchiha/playground/crystal/src/fiber.cr:168:11 in 'run'
|   from /home/uchiha/playground/crystal/src/fiber.cr:103:3 in '->'
|   from ???
| Caused by: write (#<TCPSocket:0x78764a0044e8>): Broken pipe (IO::Error)
|   from /home/uchiha/playground/crystal/src/crystal/system/thread.cr:72:3 in 'unbuffered_write'
|   from /home/uchiha/playground/crystal/src/io/buffered.cr:163:14 in 'write'
|   from /home/uchiha/playground/crystal/src/http/server/response.cr:282:11 in 'unbuffered_write'
|   from /home/uchiha/playground/crystal/src/io/buffered.cr:163:14 in 'write'
|   from /home/uchiha/playground/crystal/src/http/server/response.cr:107:7 in 'write'
|   from /home/uchiha/playground/crystal/src/io.cr:488:7 in 'write_string'
|   from lib/kemal/src/kemal/route_handler.cr:174:7 in 'call'
|   from lib/kemal/src/kemal/websocket_handler.cr:13:14 in 'call'
|   from /home/uchiha/playground/crystal/src/http/server/handler.cr:30:7 in 'call_next'
|   from lib/kemal/src/kemal/filter_handler.cr:46:7 in 'call'
|   from /home/uchiha/playground/crystal/src/http/server/handler.cr:30:7 in 'call_next'
|   from src/middlewares/web_api_auth_middleware.cr:8:12 in 'call'
|   from /home/uchiha/playground/crystal/src/http/server/handler.cr:30:7 in 'call_next'
|   from src/middlewares/admin_api_auth_middleware.cr:7:12 in 'call'
|   from /home/uchiha/playground/crystal/src/http/server/handler.cr:30:7 in 'call_next'
|   from /home/uchiha/playground/crystal/src/http/server/handlers/static_file_handler.cr:60:12 in 'call'
|   from /home/uchiha/playground/crystal/src/http/server/handler.cr:30:7 in 'call'
|   from /home/uchiha/playground/crystal/src/http/server/handler.cr:30:7 in 'call'
|   from /home/uchiha/playground/crystal/src/http/server/handler.cr:30:7 in 'call'
|   from /home/uchiha/playground/crystal/src/http/server/handler.cr:30:7 in 'call'
|   from /home/uchiha/playground/crystal/src/http/server/request_processor.cr:58:11 in 'process'
|   from /home/uchiha/playground/crystal/src/http/server.cr:506:5 in '->'
|   from /home/uchiha/playground/crystal/src/fiber.cr:168:11 in 'run'
|   from /home/uchiha/playground/crystal/src/fiber.cr:103:3 in '->'
|   from ???
ERR 2026-08-03T21:12:42.346Z > Unhandled exception on HTTP::Handler
| Closed stream (IO::Error)
|   from /home/uchiha/playground/crystal/src/http/server/response.cr:215:15 in 'content_type='
|   from lib/kemal/src/kemal/helpers/templates.cr:25:3 in 'render_500'
|   from lib/kemal/src/kemal/exception_handler.cr:34:7 in 'call'
|   from /home/uchiha/playground/crystal/src/http/server/handler.cr:30:7 in 'call'
|   from /home/uchiha/playground/crystal/src/http/server/handler.cr:30:7 in 'call'
|   from /home/uchiha/playground/crystal/src/http/server/handler.cr:30:7 in 'call'
|   from /home/uchiha/playground/crystal/src/http/server/request_processor.cr:58:11 in 'process'
|   from /home/uchiha/playground/crystal/src/http/server.cr:506:5 in '->'
|   from /home/uchiha/playground/crystal/src/fiber.cr:168:11 in 'run'
|   from /home/uchiha/playground/crystal/src/fiber.cr:103:3 in '->'
|   from ???
ERR 2026-08-03T21:12:42.357Z > Error while writing data to the client
| Error while writing data to the client (HTTP::Server::ClientError)
|   from /home/uchiha/playground/crystal/src/http/server/response.cr:266:9 in 'unbuffered_write'
|   from /home/uchiha/playground/crystal/src/io/buffered.cr:163:14 in 'write'
|   from /home/uchiha/playground/crystal/src/http/server/response.cr:107:7 in 'write'
|   from /home/uchiha/playground/crystal/src/io.cr:488:7 in 'write_string'
|   from lib/kemal/src/kemal/route_handler.cr:174:7 in 'call'
|   from lib/kemal/src/kemal/websocket_handler.cr:13:14 in 'call'
|   from /home/uchiha/playground/crystal/src/http/server/handler.cr:30:7 in 'call_next'
|   from lib/kemal/src/kemal/filter_handler.cr:46:7 in 'call'
|   from /home/uchiha/playground/crystal/src/http/server/handler.cr:30:7 in 'call_next'
|   from src/middlewares/web_api_auth_middleware.cr:8:12 in 'call'
|   from /home/uchiha/playground/crystal/src/http/server/handler.cr:30:7 in 'call_next'
|   from src/middlewares/admin_api_auth_middleware.cr:7:12 in 'call'
|   from /home/uchiha/playground/crystal/src/http/server/handler.cr:30:7 in 'call_next'
|   from /home/uchiha/playground/crystal/src/http/server/handlers/static_file_handler.cr:60:12 in 'call'
|   from /home/uchiha/playground/crystal/src/http/server/handler.cr:30:7 in 'call'
|   from /home/uchiha/playground/crystal/src/http/server/handler.cr:30:7 in 'call'
|   from /home/uchiha/playground/crystal/src/http/server/handler.cr:30:7 in 'call'
|   from /home/uchiha/playground/crystal/src/http/server/handler.cr:30:7 in 'call'
|   from /home/uchiha/playground/crystal/src/http/server/request_processor.cr:58:11 in 'process'
|   from /home/uchiha/playground/crystal/src/http/server.cr:506:5 in '->'
|   from /home/uchiha/playground/crystal/src/fiber.cr:168:11 in 'run'
|   from /home/uchiha/playground/crystal/src/fiber.cr:103:3 in '->'
|   from ???
| Caused by: write (#<TCPSocket:0x78764a004cc8>): Broken pipe (IO::Error)
|   from /home/uchiha/playground/crystal/src/crystal/system/thread.cr:72:3 in 'unbuffered_write'
|   from /home/uchiha/playground/crystal/src/io/buffered.cr:163:14 in 'write'
|   from /home/uchiha/playground/crystal/src/http/server/response.cr:282:11 in 'unbuffered_write'
|   from /home/uchiha/playground/crystal/src/io/buffered.cr:163:14 in 'write'
|   from /home/uchiha/playground/crystal/src/http/server/response.cr:107:7 in 'write'
|   from /home/uchiha/playground/crystal/src/io.cr:488:7 in 'write_string'
|   from lib/kemal/src/kemal/route_handler.cr:174:7 in 'call'
|   from lib/kemal/src/kemal/websocket_handler.cr:13:14 in 'call'
|   from /home/uchiha/playground/crystal/src/http/server/handler.cr:30:7 in 'call_next'
|   from lib/kemal/src/kemal/filter_handler.cr:46:7 in 'call'
|   from /home/uchiha/playground/crystal/src/http/server/handler.cr:30:7 in 'call_next'
|   from src/middlewares/web_api_auth_middleware.cr:8:12 in 'call'
|   from /home/uchiha/playground/crystal/src/http/server/handler.cr:30:7 in 'call_next'
|   from src/middlewares/admin_api_auth_middleware.cr:7:12 in 'call'
|   from /home/uchiha/playground/crystal/src/http/server/handler.cr:30:7 in 'call_next'
|   from /home/uchiha/playground/crystal/src/http/server/handlers/static_file_handler.cr:60:12 in 'call'
|   from /home/uchiha/playground/crystal/src/http/server/handler.cr:30:7 in 'call'
|   from /home/uchiha/playground/crystal/src/http/server/handler.cr:30:7 in 'call'
|   from /home/uchiha/playground/crystal/src/http/server/handler.cr:30:7 in 'call'
|   from /home/uchiha/playground/crystal/src/http/server/handler.cr:30:7 in 'call'
|   from /home/uchiha/playground/crystal/src/http/server/request_processor.cr:58:11 in 'process'
|   from /home/uchiha/playground/crystal/src/http/server.cr:506:5 in '->'
|   from /home/uchiha/playground/crystal/src/fiber.cr:168:11 in 'run'
|   from /home/uchiha/playground/crystal/src/fiber.cr:103:3 in '->'
|   from ???
ERR 2026-08-03T21:12:42.357Z > Unhandled exception on HTTP::Handler
| Closed stream (IO::Error)
|   from /home/uchiha/playground/crystal/src/http/server/response.cr:215:15 in 'content_type='
|   from lib/kemal/src/kemal/helpers/templates.cr:25:3 in 'render_500'
|   from lib/kemal/src/kemal/exception_handler.cr:34:7 in 'call'
|   from /home/uchiha/playground/crystal/src/http/server/handler.cr:30:7 in 'call'
|   from /home/uchiha/playground/crystal/src/http/server/handler.cr:30:7 in 'call'
|   from /home/uchiha/playground/crystal/src/http/server/handler.cr:30:7 in 'call'
|   from /home/uchiha/playground/crystal/src/http/server/request_processor.cr:58:11 in 'process'
|   from /home/uchiha/playground/crystal/src/http/server.cr:506:5 in '->'
|   from /home/uchiha/playground/crystal/src/fiber.cr:168:11 in 'run'
|   from /home/uchiha/playground/crystal/src/fiber.cr:103:3 in '->'
|   from ???
ERR 2026-08-03T21:12:42.370Z > Error while writing data to the client
| Error while writing data to the client (HTTP::Server::ClientError)
|   from /home/uchiha/playground/crystal/src/http/server/response.cr:266:9 in 'unbuffered_write'
|   from /home/uchiha/playground/crystal/src/io/buffered.cr:163:14 in 'write'
|   from /home/uchiha/playground/crystal/src/http/server/response.cr:107:7 in 'write'
|   from /home/uchiha/playground/crystal/src/io.cr:488:7 in 'write_string'
|   from lib/kemal/src/kemal/route_handler.cr:174:7 in 'call'
|   from lib/kemal/src/kemal/websocket_handler.cr:13:14 in 'call'
|   from /home/uchiha/playground/crystal/src/http/server/handler.cr:30:7 in 'call_next'
|   from lib/kemal/src/kemal/filter_handler.cr:46:7 in 'call'
|   from /home/uchiha/playground/crystal/src/http/server/handler.cr:30:7 in 'call_next'
|   from src/middlewares/web_api_auth_middleware.cr:8:12 in 'call'
|   from /home/uchiha/playground/crystal/src/http/server/handler.cr:30:7 in 'call_next'
|   from src/middlewares/admin_api_auth_middleware.cr:7:12 in 'call'
|   from /home/uchiha/playground/crystal/src/http/server/handler.cr:30:7 in 'call_next'
|   from /home/uchiha/playground/crystal/src/http/server/handlers/static_file_handler.cr:60:12 in 'call'
|   from /home/uchiha/playground/crystal/src/http/server/handler.cr:30:7 in 'call'
|   from /home/uchiha/playground/crystal/src/http/server/handler.cr:30:7 in 'call'
|   from /home/uchiha/playground/crystal/src/http/server/handler.cr:30:7 in 'call'
|   from /home/uchiha/playground/crystal/src/http/server/handler.cr:30:7 in 'call'
|   from /home/uchiha/playground/crystal/src/http/server/request_processor.cr:58:11 in 'process'
|   from /home/uchiha/playground/crystal/src/http/server.cr:506:5 in '->'
|   from /home/uchiha/playground/crystal/src/fiber.cr:168:11 in 'run'
|   from /home/uchiha/playground/crystal/src/fiber.cr:103:3 in '->'
|   from ???
| Caused by: write (#<TCPSocket:0x78764a005358>): Broken pipe (IO::Error)
|   from /home/uchiha/playground/crystal/src/crystal/system/thread.cr:72:3 in 'unbuffered_write'
|   from /home/uchiha/playground/crystal/src/io/buffered.cr:163:14 in 'write'
|   from /home/uchiha/playground/crystal/src/http/server/response.cr:282:11 in 'unbuffered_write'
|   from /home/uchiha/playground/crystal/src/io/buffered.cr:163:14 in 'write'
|   from /home/uchiha/playground/crystal/src/http/server/response.cr:107:7 in 'write'
|   from /home/uchiha/playground/crystal/src/io.cr:488:7 in 'write_string'
|   from lib/kemal/src/kemal/route_handler.cr:174:7 in 'call'
|   from lib/kemal/src/kemal/websocket_handler.cr:13:14 in 'call'
|   from /home/uchiha/playground/crystal/src/http/server/handler.cr:30:7 in 'call_next'
|   from lib/kemal/src/kemal/filter_handler.cr:46:7 in 'call'
|   from /home/uchiha/playground/crystal/src/http/server/handler.cr:30:7 in 'call_next'
|   from src/middlewares/web_api_auth_middleware.cr:8:12 in 'call'
|   from /home/uchiha/playground/crystal/src/http/server/handler.cr:30:7 in 'call_next'
|   from src/middlewares/admin_api_auth_middleware.cr:7:12 in 'call'
|   from /home/uchiha/playground/crystal/src/http/server/handler.cr:30:7 in 'call_next'
|   from /home/uchiha/playground/crystal/src/http/server/handlers/static_file_handler.cr:60:12 in 'call'
|   from /home/uchiha/playground/crystal/src/http/server/handler.cr:30:7 in 'call'
|   from /home/uchiha/playground/crystal/src/http/server/handler.cr:30:7 in 'call'
|   from /home/uchiha/playground/crystal/src/http/server/handler.cr:30:7 in 'call'
|   from /home/uchiha/playground/crystal/src/http/server/handler.cr:30:7 in 'call'
|   from /home/uchiha/playground/crystal/src/http/server/request_processor.cr:58:11 in 'process'
|   from /home/uchiha/playground/crystal/src/http/server.cr:506:5 in '->'
|   from /home/uchiha/playground/crystal/src/fiber.cr:168:11 in 'run'
|   from /home/uchiha/playground/crystal/src/fiber.cr:103:3 in '->'
|   from ???
ERR 2026-08-03T21:12:42.370Z > Unhandled exception on HTTP::Handler
| Closed stream (IO::Error)
|   from /home/uchiha/playground/crystal/src/http/server/response.cr:215:15 in 'content_type='
|   from lib/kemal/src/kemal/helpers/templates.cr:25:3 in 'render_500'
|   from lib/kemal/src/kemal/exception_handler.cr:34:7 in 'call'
|   from /home/uchiha/playground/crystal/src/http/server/handler.cr:30:7 in 'call'
|   from /home/uchiha/playground/crystal/src/http/server/handler.cr:30:7 in 'call'
|   from /home/uchiha/playground/crystal/src/http/server/handler.cr:30:7 in 'call'
|   from /home/uchiha/playground/crystal/src/http/server/request_processor.cr:58:11 in 'process'
|   from /home/uchiha/playground/crystal/src/http/server.cr:506:5 in '->'
|   from /home/uchiha/playground/crystal/src/fiber.cr:168:11 in 'run'
|   from /home/uchiha/playground/crystal/src/fiber.cr:103:3 in '->'
|   from ???
ERR 2026-08-03T21:12:42.384Z > Error while writing data to the client
| Error while writing data to the client (HTTP::Server::ClientError)
|   from /home/uchiha/playground/crystal/src/http/server/response.cr:266:9 in 'unbuffered_write'
|   from /home/uchiha/playground/crystal/src/io/buffered.cr:163:14 in 'write'
|   from /home/uchiha/playground/crystal/src/http/server/response.cr:107:7 in 'write'
|   from /home/uchiha/playground/crystal/src/io.cr:488:7 in 'write_string'
|   from lib/kemal/src/kemal/route_handler.cr:174:7 in 'call'
|   from lib/kemal/src/kemal/websocket_handler.cr:13:14 in 'call'
|   from /home/uchiha/playground/crystal/src/http/server/handler.cr:30:7 in 'call_next'
|   from lib/kemal/src/kemal/filter_handler.cr:46:7 in 'call'
|   from /home/uchiha/playground/crystal/src/http/server/handler.cr:30:7 in 'call_next'
|   from src/middlewares/web_api_auth_middleware.cr:8:12 in 'call'
|   from /home/uchiha/playground/crystal/src/http/server/handler.cr:30:7 in 'call_next'
|   from src/middlewares/admin_api_auth_middleware.cr:7:12 in 'call'
|   from /home/uchiha/playground/crystal/src/http/server/handler.cr:30:7 in 'call_next'
|   from /home/uchiha/playground/crystal/src/http/server/handlers/static_file_handler.cr:60:12 in 'call'
|   from /home/uchiha/playground/crystal/src/http/server/handler.cr:30:7 in 'call'
|   from /home/uchiha/playground/crystal/src/http/server/handler.cr:30:7 in 'call'
|   from /home/uchiha/playground/crystal/src/http/server/handler.cr:30:7 in 'call'
|   from /home/uchiha/playground/crystal/src/http/server/handler.cr:30:7 in 'call'
|   from /home/uchiha/playground/crystal/src/http/server/request_processor.cr:58:11 in 'process'
|   from /home/uchiha/playground/crystal/src/http/server.cr:506:5 in '->'
|   from /home/uchiha/playground/crystal/src/fiber.cr:168:11 in 'run'
|   from /home/uchiha/playground/crystal/src/fiber.cr:103:3 in '->'
|   from ???
| Caused by: write (#<TCPSocket:0x78764a002d48>): Broken pipe (IO::Error)
|   from /home/uchiha/playground/crystal/src/crystal/system/thread.cr:72:3 in 'unbuffered_write'
|   from /home/uchiha/playground/crystal/src/io/buffered.cr:163:14 in 'write'
|   from /home/uchiha/playground/crystal/src/http/server/response.cr:282:11 in 'unbuffered_write'
|   from /home/uchiha/playground/crystal/src/io/buffered.cr:163:14 in 'write'
|   from /home/uchiha/playground/crystal/src/http/server/response.cr:107:7 in 'write'
|   from /home/uchiha/playground/crystal/src/io.cr:488:7 in 'write_string'
|   from lib/kemal/src/kemal/route_handler.cr:174:7 in 'call'
|   from lib/kemal/src/kemal/websocket_handler.cr:13:14 in 'call'
|   from /home/uchiha/playground/crystal/src/http/server/handler.cr:30:7 in 'call_next'
|   from lib/kemal/src/kemal/filter_handler.cr:46:7 in 'call'
|   from /home/uchiha/playground/crystal/src/http/server/handler.cr:30:7 in 'call_next'
|   from src/middlewares/web_api_auth_middleware.cr:8:12 in 'call'
|   from /home/uchiha/playground/crystal/src/http/server/handler.cr:30:7 in 'call_next'
|   from src/middlewares/admin_api_auth_middleware.cr:7:12 in 'call'
|   from /home/uchiha/playground/crystal/src/http/server/handler.cr:30:7 in 'call_next'
|   from /home/uchiha/playground/crystal/src/http/server/handlers/static_file_handler.cr:60:12 in 'call'
|   from /home/uchiha/playground/crystal/src/http/server/handler.cr:30:7 in 'call'
|   from /home/uchiha/playground/crystal/src/http/server/handler.cr:30:7 in 'call'
|   from /home/uchiha/playground/crystal/src/http/server/handler.cr:30:7 in 'call'
|   from /home/uchiha/playground/crystal/src/http/server/handler.cr:30:7 in 'call'
|   from /home/uchiha/playground/crystal/src/http/server/request_processor.cr:58:11 in 'process'
|   from /home/uchiha/playground/crystal/src/http/server.cr:506:5 in '->'
|   from /home/uchiha/playground/crystal/src/fiber.cr:168:11 in 'run'
|   from /home/uchiha/playground/crystal/src/fiber.cr:103:3 in '->'
|   from ???
ERR 2026-08-03T21:12:42.384Z > Unhandled exception on HTTP::Handler
| Closed stream (IO::Error)
|   from /home/uchiha/playground/crystal/src/http/server/response.cr:215:15 in 'content_type='
|   from lib/kemal/src/kemal/helpers/templates.cr:25:3 in 'render_500'
|   from lib/kemal/src/kemal/exception_handler.cr:34:7 in 'call'
|   from /home/uchiha/playground/crystal/src/http/server/handler.cr:30:7 in 'call'
|   from /home/uchiha/playground/crystal/src/http/server/handler.cr:30:7 in 'call'
|   from /home/uchiha/playground/crystal/src/http/server/handler.cr:30:7 in 'call'
|   from /home/uchiha/playground/crystal/src/http/server/request_processor.cr:58:11 in 'process'
|   from /home/uchiha/playground/crystal/src/http/server.cr:506:5 in '->'
|   from /home/uchiha/playground/crystal/src/fiber.cr:168:11 in 'run'
|   from /home/uchiha/playground/crystal/src/fiber.cr:103:3 in '->'
|   from ???
ERR 2026-08-03T21:12:42.388Z > Error while writing data to the client
| Error while writing data to the client (HTTP::Server::ClientError)
|   from /home/uchiha/playground/crystal/src/http/server/response.cr:266:9 in 'unbuffered_write'
|   from /home/uchiha/playground/crystal/src/io/buffered.cr:163:14 in 'write'
|   from /home/uchiha/playground/crystal/src/http/server/response.cr:107:7 in 'write'
|   from /home/uchiha/playground/crystal/src/io.cr:488:7 in 'write_string'
|   from lib/kemal/src/kemal/route_handler.cr:174:7 in 'call'
|   from lib/kemal/src/kemal/websocket_handler.cr:13:14 in 'call'
|   from /home/uchiha/playground/crystal/src/http/server/handler.cr:30:7 in 'call_next'
|   from lib/kemal/src/kemal/filter_handler.cr:46:7 in 'call'
|   from /home/uchiha/playground/crystal/src/http/server/handler.cr:30:7 in 'call_next'
|   from src/middlewares/web_api_auth_middleware.cr:8:12 in 'call'
|   from /home/uchiha/playground/crystal/src/http/server/handler.cr:30:7 in 'call_next'
|   from src/middlewares/admin_api_auth_middleware.cr:7:12 in 'call'
|   from /home/uchiha/playground/crystal/src/http/server/handler.cr:30:7 in 'call_next'
|   from /home/uchiha/playground/crystal/src/http/server/handlers/static_file_handler.cr:60:12 in 'call'
|   from /home/uchiha/playground/crystal/src/http/server/handler.cr:30:7 in 'call'
|   from /home/uchiha/playground/crystal/src/http/server/handler.cr:30:7 in 'call'
|   from /home/uchiha/playground/crystal/src/http/server/handler.cr:30:7 in 'call'
|   from /home/uchiha/playground/crystal/src/http/server/handler.cr:30:7 in 'call'
|   from /home/uchiha/playground/crystal/src/http/server/request_processor.cr:58:11 in 'process'
|   from /home/uchiha/playground/crystal/src/http/server.cr:506:5 in '->'
|   from /home/uchiha/playground/crystal/src/fiber.cr:168:11 in 'run'
|   from /home/uchiha/playground/crystal/src/fiber.cr:103:3 in '->'
|   from ???
| Caused by: write (#<TCPSocket:0x78764a004398>): Broken pipe (IO::Error)
|   from /home/uchiha/playground/crystal/src/crystal/system/thread.cr:72:3 in 'unbuffered_write'
|   from /home/uchiha/playground/crystal/src/io/buffered.cr:163:14 in 'write'
|   from /home/uchiha/playground/crystal/src/http/server/response.cr:282:11 in 'unbuffered_write'
|   from /home/uchiha/playground/crystal/src/io/buffered.cr:163:14 in 'write'
|   from /home/uchiha/playground/crystal/src/http/server/response.cr:107:7 in 'write'
|   from /home/uchiha/playground/crystal/src/io.cr:488:7 in 'write_string'
|   from lib/kemal/src/kemal/route_handler.cr:174:7 in 'call'
|   from lib/kemal/src/kemal/websocket_handler.cr:13:14 in 'call'
|   from /home/uchiha/playground/crystal/src/http/server/handler.cr:30:7 in 'call_next'
|   from lib/kemal/src/kemal/filter_handler.cr:46:7 in 'call'
|   from /home/uchiha/playground/crystal/src/http/server/handler.cr:30:7 in 'call_next'
|   from src/middlewares/web_api_auth_middleware.cr:8:12 in 'call'
|   from /home/uchiha/playground/crystal/src/http/server/handler.cr:30:7 in 'call_next'
|   from src/middlewares/admin_api_auth_middleware.cr:7:12 in 'call'
|   from /home/uchiha/playground/crystal/src/http/server/handler.cr:30:7 in 'call_next'
|   from /home/uchiha/playground/crystal/src/http/server/handlers/static_file_handler.cr:60:12 in 'call'
|   from /home/uchiha/playground/crystal/src/http/server/handler.cr:30:7 in 'call'
|   from /home/uchiha/playground/crystal/src/http/server/handler.cr:30:7 in 'call'
|   from /home/uchiha/playground/crystal/src/http/server/handler.cr:30:7 in 'call'
|   from /home/uchiha/playground/crystal/src/http/server/handler.cr:30:7 in 'call'
|   from /home/uchiha/playground/crystal/src/http/server/request_processor.cr:58:11 in 'process'
|   from /home/uchiha/playground/crystal/src/http/server.cr:506:5 in '->'
|   from /home/uchiha/playground/crystal/src/fiber.cr:168:11 in 'run'
|   from /home/uchiha/playground/crystal/src/fiber.cr:103:3 in '->'
|   from ???
ERR 2026-08-03T21:12:42.388Z > Unhandled exception on HTTP::Handler
| Closed stream (IO::Error)
|   from /home/uchiha/playground/crystal/src/http/server/response.cr:215:15 in 'content_type='
|   from lib/kemal/src/kemal/helpers/templates.cr:25:3 in 'render_500'
|   from lib/kemal/src/kemal/exception_handler.cr:34:7 in 'call'
|   from /home/uchiha/playground/crystal/src/http/server/handler.cr:30:7 in 'call'
|   from /home/uchiha/playground/crystal/src/http/server/handler.cr:30:7 in 'call'
|   from /home/uchiha/playground/crystal/src/http/server/handler.cr:30:7 in 'call'
|   from /home/uchiha/playground/crystal/src/http/server/request_processor.cr:58:11 in 'process'
|   from /home/uchiha/playground/crystal/src/http/server.cr:506:5 in '->'
|   from /home/uchiha/playground/crystal/src/fiber.cr:168:11 in 'run'
|   from /home/uchiha/playground/crystal/src/fiber.cr:103:3 in '->'
|   from ???
ERR 2026-08-03T21:12:42.395Z > Error while writing data to the client
| Error while writing data to the client (HTTP::Server::ClientError)
|   from /home/uchiha/playground/crystal/src/http/server/response.cr:266:9 in 'unbuffered_write'
|   from /home/uchiha/playground/crystal/src/io/buffered.cr:163:14 in 'write'
|   from /home/uchiha/playground/crystal/src/http/server/response.cr:107:7 in 'write'
|   from /home/uchiha/playground/crystal/src/io.cr:488:7 in 'write_string'
|   from lib/kemal/src/kemal/route_handler.cr:174:7 in 'call'
|   from lib/kemal/src/kemal/websocket_handler.cr:13:14 in 'call'
|   from /home/uchiha/playground/crystal/src/http/server/handler.cr:30:7 in 'call_next'
|   from lib/kemal/src/kemal/filter_handler.cr:46:7 in 'call'
|   from /home/uchiha/playground/crystal/src/http/server/handler.cr:30:7 in 'call_next'
|   from src/middlewares/web_api_auth_middleware.cr:8:12 in 'call'
|   from /home/uchiha/playground/crystal/src/http/server/handler.cr:30:7 in 'call_next'
|   from src/middlewares/admin_api_auth_middleware.cr:7:12 in 'call'
|   from /home/uchiha/playground/crystal/src/http/server/handler.cr:30:7 in 'call_next'
|   from /home/uchiha/playground/crystal/src/http/server/handlers/static_file_handler.cr:60:12 in 'call'
|   from /home/uchiha/playground/crystal/src/http/server/handler.cr:30:7 in 'call'
|   from /home/uchiha/playground/crystal/src/http/server/handler.cr:30:7 in 'call'
|   from /home/uchiha/playground/crystal/src/http/server/handler.cr:30:7 in 'call'
|   from /home/uchiha/playground/crystal/src/http/server/handler.cr:30:7 in 'call'
|   from /home/uchiha/playground/crystal/src/http/server/request_processor.cr:58:11 in 'process'
|   from /home/uchiha/playground/crystal/src/http/server.cr:506:5 in '->'
|   from /home/uchiha/playground/crystal/src/fiber.cr:168:11 in 'run'
|   from /home/uchiha/playground/crystal/src/fiber.cr:103:3 in '->'
|   from ???
| Caused by: write (#<TCPSocket:0x78764a007188>): Broken pipe (IO::Error)
|   from /home/uchiha/playground/crystal/src/crystal/system/thread.cr:72:3 in 'unbuffered_write'
|   from /home/uchiha/playground/crystal/src/io/buffered.cr:163:14 in 'write'
|   from /home/uchiha/playground/crystal/src/http/server/response.cr:282:11 in 'unbuffered_write'
|   from /home/uchiha/playground/crystal/src/io/buffered.cr:163:14 in 'write'
|   from /home/uchiha/playground/crystal/src/http/server/response.cr:107:7 in 'write'
|   from /home/uchiha/playground/crystal/src/io.cr:488:7 in 'write_string'
|   from lib/kemal/src/kemal/route_handler.cr:174:7 in 'call'
|   from lib/kemal/src/kemal/websocket_handler.cr:13:14 in 'call'
|   from /home/uchiha/playground/crystal/src/http/server/handler.cr:30:7 in 'call_next'
|   from lib/kemal/src/kemal/filter_handler.cr:46:7 in 'call'
|   from /home/uchiha/playground/crystal/src/http/server/handler.cr:30:7 in 'call_next'
|   from src/middlewares/web_api_auth_middleware.cr:8:12 in 'call'
|   from /home/uchiha/playground/crystal/src/http/server/handler.cr:30:7 in 'call_next'
|   from src/middlewares/admin_api_auth_middleware.cr:7:12 in 'call'
|   from /home/uchiha/playground/crystal/src/http/server/handler.cr:30:7 in 'call_next'
|   from /home/uchiha/playground/crystal/src/http/server/handlers/static_file_handler.cr:60:12 in 'call'
|   from /home/uchiha/playground/crystal/src/http/server/handler.cr:30:7 in 'call'
|   from /home/uchiha/playground/crystal/src/http/server/handler.cr:30:7 in 'call'
|   from /home/uchiha/playground/crystal/src/http/server/handler.cr:30:7 in 'call'
|   from /home/uchiha/playground/crystal/src/http/server/handler.cr:30:7 in 'call'
|   from /home/uchiha/playground/crystal/src/http/server/request_processor.cr:58:11 in 'process'
|   from /home/uchiha/playground/crystal/src/http/server.cr:506:5 in '->'
|   from /home/uchiha/playground/crystal/src/fiber.cr:168:11 in 'run'
|   from /home/uchiha/playground/crystal/src/fiber.cr:103:3 in '->'
|   from ???
ERR 2026-08-03T21:12:42.395Z > Unhandled exception on HTTP::Handler
| Closed stream (IO::Error)
|   from /home/uchiha/playground/crystal/src/http/server/response.cr:215:15 in 'content_type='
|   from lib/kemal/src/kemal/helpers/templates.cr:25:3 in 'render_500'
|   from lib/kemal/src/kemal/exception_handler.cr:34:7 in 'call'
|   from /home/uchiha/playground/crystal/src/http/server/handler.cr:30:7 in 'call'
|   from /home/uchiha/playground/crystal/src/http/server/handler.cr:30:7 in 'call'
|   from /home/uchiha/playground/crystal/src/http/server/handler.cr:30:7 in 'call'
|   from /home/uchiha/playground/crystal/src/http/server/request_processor.cr:58:11 in 'process'
|   from /home/uchiha/playground/crystal/src/http/server.cr:506:5 in '->'
|   from /home/uchiha/playground/crystal/src/fiber.cr:168:11 in 'run'
|   from /home/uchiha/playground/crystal/src/fiber.cr:103:3 in '->'
|   from ???
ERR 2026-08-03T21:12:42.403Z > Error while writing data to the client
| Error while writing data to the client (HTTP::Server::ClientError)
|   from /home/uchiha/playground/crystal/src/http/server/response.cr:266:9 in 'unbuffered_write'
|   from /home/uchiha/playground/crystal/src/io/buffered.cr:163:14 in 'write'
|   from /home/uchiha/playground/crystal/src/http/server/response.cr:107:7 in 'write'
|   from /home/uchiha/playground/crystal/src/io.cr:488:7 in 'write_string'
|   from lib/kemal/src/kemal/route_handler.cr:174:7 in 'call'
|   from lib/kemal/src/kemal/websocket_handler.cr:13:14 in 'call'
|   from /home/uchiha/playground/crystal/src/http/server/handler.cr:30:7 in 'call_next'
|   from lib/kemal/src/kemal/filter_handler.cr:46:7 in 'call'
|   from /home/uchiha/playground/crystal/src/http/server/handler.cr:30:7 in 'call_next'
|   from src/middlewares/web_api_auth_middleware.cr:8:12 in 'call'
|   from /home/uchiha/playground/crystal/src/http/server/handler.cr:30:7 in 'call_next'
|   from src/middlewares/admin_api_auth_middleware.cr:7:12 in 'call'
|   from /home/uchiha/playground/crystal/src/http/server/handler.cr:30:7 in 'call_next'
|   from /home/uchiha/playground/crystal/src/http/server/handlers/static_file_handler.cr:60:12 in 'call'
|   from /home/uchiha/playground/crystal/src/http/server/handler.cr:30:7 in 'call'
|   from /home/uchiha/playground/crystal/src/http/server/handler.cr:30:7 in 'call'
|   from /home/uchiha/playground/crystal/src/http/server/handler.cr:30:7 in 'call'
|   from /home/uchiha/playground/crystal/src/http/server/handler.cr:30:7 in 'call'
|   from /home/uchiha/playground/crystal/src/http/server/request_processor.cr:58:11 in 'process'
|   from /home/uchiha/playground/crystal/src/http/server.cr:506:5 in '->'
|   from /home/uchiha/playground/crystal/src/fiber.cr:168:11 in 'run'
|   from /home/uchiha/playground/crystal/src/fiber.cr:103:3 in '->'
|   from ???
| Caused by: write (#<TCPSocket:0x78764a002178>): Broken pipe (IO::Error)
|   from /home/uchiha/playground/crystal/src/crystal/system/thread.cr:72:3 in 'unbuffered_write'
|   from /home/uchiha/playground/crystal/src/io/buffered.cr:163:14 in 'write'
|   from /home/uchiha/playground/crystal/src/http/server/response.cr:282:11 in 'unbuffered_write'
|   from /home/uchiha/playground/crystal/src/io/buffered.cr:163:14 in 'write'
|   from /home/uchiha/playground/crystal/src/http/server/response.cr:107:7 in 'write'
|   from /home/uchiha/playground/crystal/src/io.cr:488:7 in 'write_string'
|   from lib/kemal/src/kemal/route_handler.cr:174:7 in 'call'
|   from lib/kemal/src/kemal/websocket_handler.cr:13:14 in 'call'
|   from /home/uchiha/playground/crystal/src/http/server/handler.cr:30:7 in 'call_next'
|   from lib/kemal/src/kemal/filter_handler.cr:46:7 in 'call'
|   from /home/uchiha/playground/crystal/src/http/server/handler.cr:30:7 in 'call_next'
|   from src/middlewares/web_api_auth_middleware.cr:8:12 in 'call'
|   from /home/uchiha/playground/crystal/src/http/server/handler.cr:30:7 in 'call_next'
|   from src/middlewares/admin_api_auth_middleware.cr:7:12 in 'call'
|   from /home/uchiha/playground/crystal/src/http/server/handler.cr:30:7 in 'call_next'
|   from /home/uchiha/playground/crystal/src/http/server/handlers/static_file_handler.cr:60:12 in 'call'
|   from /home/uchiha/playground/crystal/src/http/server/handler.cr:30:7 in 'call'
|   from /home/uchiha/playground/crystal/src/http/server/handler.cr:30:7 in 'call'
|   from /home/uchiha/playground/crystal/src/http/server/handler.cr:30:7 in 'call'
|   from /home/uchiha/playground/crystal/src/http/server/handler.cr:30:7 in 'call'
|   from /home/uchiha/playground/crystal/src/http/server/request_processor.cr:58:11 in 'process'
|   from /home/uchiha/playground/crystal/src/http/server.cr:506:5 in '->'
|   from /home/uchiha/playground/crystal/src/fiber.cr:168:11 in 'run'
|   from /home/uchiha/playground/crystal/src/fiber.cr:103:3 in '->'
|   from ???
ERR 2026-08-03T21:12:42.403Z > Unhandled exception on HTTP::Handler
| Closed stream (IO::Error)
|   from /home/uchiha/playground/crystal/src/http/server/response.cr:215:15 in 'content_type='
|   from lib/kemal/src/kemal/helpers/templates.cr:25:3 in 'render_500'
|   from lib/kemal/src/kemal/exception_handler.cr:34:7 in 'call'
|   from /home/uchiha/playground/crystal/src/http/server/handler.cr:30:7 in 'call'
|   from /home/uchiha/playground/crystal/src/http/server/handler.cr:30:7 in 'call'
|   from /home/uchiha/playground/crystal/src/http/server/handler.cr:30:7 in 'call'
|   from /home/uchiha/playground/crystal/src/http/server/request_processor.cr:58:11 in 'process'
|   from /home/uchiha/playground/crystal/src/http/server.cr:506:5 in '->'
|   from /home/uchiha/playground/crystal/src/fiber.cr:168:11 in 'run'
|   from /home/uchiha/playground/crystal/src/fiber.cr:103:3 in '->'
|   from ???
ERR 2026-08-03T21:12:42.410Z > Error while writing data to the client
| Error while writing data to the client (HTTP::Server::ClientError)
|   from /home/uchiha/playground/crystal/src/http/server/response.cr:266:9 in 'unbuffered_write'
|   from /home/uchiha/playground/crystal/src/io/buffered.cr:163:14 in 'write'
|   from /home/uchiha/playground/crystal/src/http/server/response.cr:107:7 in 'write'
|   from /home/uchiha/playground/crystal/src/io.cr:488:7 in 'write_string'
|   from lib/kemal/src/kemal/route_handler.cr:174:7 in 'call'
|   from lib/kemal/src/kemal/websocket_handler.cr:13:14 in 'call'
|   from /home/uchiha/playground/crystal/src/http/server/handler.cr:30:7 in 'call_next'
|   from lib/kemal/src/kemal/filter_handler.cr:46:7 in 'call'
|   from /home/uchiha/playground/crystal/src/http/server/handler.cr:30:7 in 'call_next'
|   from src/middlewares/web_api_auth_middleware.cr:8:12 in 'call'
|   from /home/uchiha/playground/crystal/src/http/server/handler.cr:30:7 in 'call_next'
|   from src/middlewares/admin_api_auth_middleware.cr:7:12 in 'call'
|   from /home/uchiha/playground/crystal/src/http/server/handler.cr:30:7 in 'call_next'
|   from /home/uchiha/playground/crystal/src/http/server/handlers/static_file_handler.cr:60:12 in 'call'
|   from /home/uchiha/playground/crystal/src/http/server/handler.cr:30:7 in 'call'
|   from /home/uchiha/playground/crystal/src/http/server/handler.cr:30:7 in 'call'
|   from /home/uchiha/playground/crystal/src/http/server/handler.cr:30:7 in 'call'
|   from /home/uchiha/playground/crystal/src/http/server/handler.cr:30:7 in 'call'
|   from /home/uchiha/playground/crystal/src/http/server/request_processor.cr:58:11 in 'process'
|   from /home/uchiha/playground/crystal/src/http/server.cr:506:5 in '->'
|   from /home/uchiha/playground/crystal/src/fiber.cr:168:11 in 'run'
|   from /home/uchiha/playground/crystal/src/fiber.cr:103:3 in '->'
|   from ???
| Caused by: write (#<TCPSocket:0x78764a003138>): Broken pipe (IO::Error)
|   from /home/uchiha/playground/crystal/src/crystal/system/thread.cr:72:3 in 'unbuffered_write'
|   from /home/uchiha/playground/crystal/src/io/buffered.cr:163:14 in 'write'
|   from /home/uchiha/playground/crystal/src/http/server/response.cr:282:11 in 'unbuffered_write'
|   from /home/uchiha/playground/crystal/src/io/buffered.cr:163:14 in 'write'
|   from /home/uchiha/playground/crystal/src/http/server/response.cr:107:7 in 'write'
|   from /home/uchiha/playground/crystal/src/io.cr:488:7 in 'write_string'
|   from lib/kemal/src/kemal/route_handler.cr:174:7 in 'call'
|   from lib/kemal/src/kemal/websocket_handler.cr:13:14 in 'call'
|   from /home/uchiha/playground/crystal/src/http/server/handler.cr:30:7 in 'call_next'
|   from lib/kemal/src/kemal/filter_handler.cr:46:7 in 'call'
|   from /home/uchiha/playground/crystal/src/http/server/handler.cr:30:7 in 'call_next'
|   from src/middlewares/web_api_auth_middleware.cr:8:12 in 'call'
|   from /home/uchiha/playground/crystal/src/http/server/handler.cr:30:7 in 'call_next'
|   from src/middlewares/admin_api_auth_middleware.cr:7:12 in 'call'
|   from /home/uchiha/playground/crystal/src/http/server/handler.cr:30:7 in 'call_next'
|   from /home/uchiha/playground/crystal/src/http/server/handlers/static_file_handler.cr:60:12 in 'call'
|   from /home/uchiha/playground/crystal/src/http/server/handler.cr:30:7 in 'call'
|   from /home/uchiha/playground/crystal/src/http/server/handler.cr:30:7 in 'call'
|   from /home/uchiha/playground/crystal/src/http/server/handler.cr:30:7 in 'call'
|   from /home/uchiha/playground/crystal/src/http/server/handler.cr:30:7 in 'call'
|   from /home/uchiha/playground/crystal/src/http/server/request_processor.cr:58:11 in 'process'
|   from /home/uchiha/playground/crystal/src/http/server.cr:506:5 in '->'
|   from /home/uchiha/playground/crystal/src/fiber.cr:168:11 in 'run'
|   from /home/uchiha/playground/crystal/src/fiber.cr:103:3 in '->'
|   from ???
ERR 2026-08-03T21:12:42.411Z > Unhandled exception on HTTP::Handler
| Closed stream (IO::Error)
|   from /home/uchiha/playground/crystal/src/http/server/response.cr:215:15 in 'content_type='
|   from lib/kemal/src/kemal/helpers/templates.cr:25:3 in 'render_500'
|   from lib/kemal/src/kemal/exception_handler.cr:34:7 in 'call'
|   from /home/uchiha/playground/crystal/src/http/server/handler.cr:30:7 in 'call'
|   from /home/uchiha/playground/crystal/src/http/server/handler.cr:30:7 in 'call'
|   from /home/uchiha/playground/crystal/src/http/server/handler.cr:30:7 in 'call'
|   from /home/uchiha/playground/crystal/src/http/server/request_processor.cr:58:11 in 'process'
|   from /home/uchiha/playground/crystal/src/http/server.cr:506:5 in '->'
|   from /home/uchiha/playground/crystal/src/fiber.cr:168:11 in 'run'
|   from /home/uchiha/playground/crystal/src/fiber.cr:103:3 in '->'
|   from ???
ERR 2026-08-03T21:12:42.419Z > Error while writing data to the client
| Error while writing data to the client (HTTP::Server::ClientError)
|   from /home/uchiha/playground/crystal/src/http/server/response.cr:266:9 in 'unbuffered_write'
|   from /home/uchiha/playground/crystal/src/io/buffered.cr:163:14 in 'write'
|   from /home/uchiha/playground/crystal/src/http/server/response.cr:107:7 in 'write'
|   from /home/uchiha/playground/crystal/src/io.cr:488:7 in 'write_string'
|   from lib/kemal/src/kemal/route_handler.cr:174:7 in 'call'
|   from lib/kemal/src/kemal/websocket_handler.cr:13:14 in 'call'
|   from /home/uchiha/playground/crystal/src/http/server/handler.cr:30:7 in 'call_next'
|   from lib/kemal/src/kemal/filter_handler.cr:46:7 in 'call'
|   from /home/uchiha/playground/crystal/src/http/server/handler.cr:30:7 in 'call_next'
|   from src/middlewares/web_api_auth_middleware.cr:8:12 in 'call'
|   from /home/uchiha/playground/crystal/src/http/server/handler.cr:30:7 in 'call_next'
|   from src/middlewares/admin_api_auth_middleware.cr:7:12 in 'call'
|   from /home/uchiha/playground/crystal/src/http/server/handler.cr:30:7 in 'call_next'
|   from /home/uchiha/playground/crystal/src/http/server/handlers/static_file_handler.cr:60:12 in 'call'
|   from /home/uchiha/playground/crystal/src/http/server/handler.cr:30:7 in 'call'
|   from /home/uchiha/playground/crystal/src/http/server/handler.cr:30:7 in 'call'
|   from /home/uchiha/playground/crystal/src/http/server/handler.cr:30:7 in 'call'
|   from /home/uchiha/playground/crystal/src/http/server/handler.cr:30:7 in 'call'
|   from /home/uchiha/playground/crystal/src/http/server/request_processor.cr:58:11 in 'process'
|   from /home/uchiha/playground/crystal/src/http/server.cr:506:5 in '->'
|   from /home/uchiha/playground/crystal/src/fiber.cr:168:11 in 'run'
|   from /home/uchiha/playground/crystal/src/fiber.cr:103:3 in '->'
|   from ???
| Caused by: write (#<TCPSocket:0x78764a002958>): Broken pipe (IO::Error)
|   from /home/uchiha/playground/crystal/src/crystal/system/thread.cr:72:3 in 'unbuffered_write'
|   from /home/uchiha/playground/crystal/src/io/buffered.cr:163:14 in 'write'
|   from /home/uchiha/playground/crystal/src/http/server/response.cr:282:11 in 'unbuffered_write'
|   from /home/uchiha/playground/crystal/src/io/buffered.cr:163:14 in 'write'
|   from /home/uchiha/playground/crystal/src/http/server/response.cr:107:7 in 'write'
|   from /home/uchiha/playground/crystal/src/io.cr:488:7 in 'write_string'
|   from lib/kemal/src/kemal/route_handler.cr:174:7 in 'call'
|   from lib/kemal/src/kemal/websocket_handler.cr:13:14 in 'call'
|   from /home/uchiha/playground/crystal/src/http/server/handler.cr:30:7 in 'call_next'
|   from lib/kemal/src/kemal/filter_handler.cr:46:7 in 'call'
|   from /home/uchiha/playground/crystal/src/http/server/handler.cr:30:7 in 'call_next'
|   from src/middlewares/web_api_auth_middleware.cr:8:12 in 'call'
|   from /home/uchiha/playground/crystal/src/http/server/handler.cr:30:7 in 'call_next'
|   from src/middlewares/admin_api_auth_middleware.cr:7:12 in 'call'
|   from /home/uchiha/playground/crystal/src/http/server/handler.cr:30:7 in 'call_next'
|   from /home/uchiha/playground/crystal/src/http/server/handlers/static_file_handler.cr:60:12 in 'call'
|   from /home/uchiha/playground/crystal/src/http/server/handler.cr:30:7 in 'call'
|   from /home/uchiha/playground/crystal/src/http/server/handler.cr:30:7 in 'call'
|   from /home/uchiha/playground/crystal/src/http/server/handler.cr:30:7 in 'call'
|   from /home/uchiha/playground/crystal/src/http/server/handler.cr:30:7 in 'call'
|   from /home/uchiha/playground/crystal/src/http/server/request_processor.cr:58:11 in 'process'
|   from /home/uchiha/playground/crystal/src/http/server.cr:506:5 in '->'
|   from /home/uchiha/playground/crystal/src/fiber.cr:168:11 in 'run'
|   from /home/uchiha/playground/crystal/src/fiber.cr:103:3 in '->'
|   from ???
ERR 2026-08-03T21:12:42.419Z > Unhandled exception on HTTP::Handler
| Closed stream (IO::Error)
|   from /home/uchiha/playground/crystal/src/http/server/response.cr:215:15 in 'content_type='
|   from lib/kemal/src/kemal/helpers/templates.cr:25:3 in 'render_500'
|   from lib/kemal/src/kemal/exception_handler.cr:34:7 in 'call'
|   from /home/uchiha/playground/crystal/src/http/server/handler.cr:30:7 in 'call'
|   from /home/uchiha/playground/crystal/src/http/server/handler.cr:30:7 in 'call'
|   from /home/uchiha/playground/crystal/src/http/server/handler.cr:30:7 in 'call'
|   from /home/uchiha/playground/crystal/src/http/server/request_processor.cr:58:11 in 'process'
|   from /home/uchiha/playground/crystal/src/http/server.cr:506:5 in '->'
|   from /home/uchiha/playground/crystal/src/fiber.cr:168:11 in 'run'
|   from /home/uchiha/playground/crystal/src/fiber.cr:103:3 in '->'
|   from ???
ERR 2026-08-03T21:12:42.426Z > Error while writing data to the client
| Error while writing data to the client (HTTP::Server::ClientError)
|   from /home/uchiha/playground/crystal/src/http/server/response.cr:266:9 in 'unbuffered_write'
|   from /home/uchiha/playground/crystal/src/io/buffered.cr:163:14 in 'write'
|   from /home/uchiha/playground/crystal/src/http/server/response.cr:107:7 in 'write'
|   from /home/uchiha/playground/crystal/src/io.cr:488:7 in 'write_string'
|   from lib/kemal/src/kemal/route_handler.cr:174:7 in 'call'
|   from lib/kemal/src/kemal/websocket_handler.cr:13:14 in 'call'
|   from /home/uchiha/playground/crystal/src/http/server/handler.cr:30:7 in 'call_next'
|   from lib/kemal/src/kemal/filter_handler.cr:46:7 in 'call'
|   from /home/uchiha/playground/crystal/src/http/server/handler.cr:30:7 in 'call_next'
|   from src/middlewares/web_api_auth_middleware.cr:8:12 in 'call'
|   from /home/uchiha/playground/crystal/src/http/server/handler.cr:30:7 in 'call_next'
|   from src/middlewares/admin_api_auth_middleware.cr:7:12 in 'call'
|   from /home/uchiha/playground/crystal/src/http/server/handler.cr:30:7 in 'call_next'
|   from /home/uchiha/playground/crystal/src/http/server/handlers/static_file_handler.cr:60:12 in 'call'
|   from /home/uchiha/playground/crystal/src/http/server/handler.cr:30:7 in 'call'
|   from /home/uchiha/playground/crystal/src/http/server/handler.cr:30:7 in 'call'
|   from /home/uchiha/playground/crystal/src/http/server/handler.cr:30:7 in 'call'
|   from /home/uchiha/playground/crystal/src/http/server/handler.cr:30:7 in 'call'
|   from /home/uchiha/playground/crystal/src/http/server/request_processor.cr:58:11 in 'process'
|   from /home/uchiha/playground/crystal/src/http/server.cr:506:5 in '->'
|   from /home/uchiha/playground/crystal/src/fiber.cr:168:11 in 'run'
|   from /home/uchiha/playground/crystal/src/fiber.cr:103:3 in '->'
|   from ???
| Caused by: write (#<TCPSocket:0x78764a001308>): Broken pipe (IO::Error)
|   from /home/uchiha/playground/crystal/src/crystal/system/thread.cr:72:3 in 'unbuffered_write'
|   from /home/uchiha/playground/crystal/src/io/buffered.cr:163:14 in 'write'
|   from /home/uchiha/playground/crystal/src/http/server/response.cr:282:11 in 'unbuffered_write'
|   from /home/uchiha/playground/crystal/src/io/buffered.cr:163:14 in 'write'
|   from /home/uchiha/playground/crystal/src/http/server/response.cr:107:7 in 'write'
|   from /home/uchiha/playground/crystal/src/io.cr:488:7 in 'write_string'
|   from lib/kemal/src/kemal/route_handler.cr:174:7 in 'call'
|   from lib/kemal/src/kemal/websocket_handler.cr:13:14 in 'call'
|   from /home/uchiha/playground/crystal/src/http/server/handler.cr:30:7 in 'call_next'
|   from lib/kemal/src/kemal/filter_handler.cr:46:7 in 'call'
|   from /home/uchiha/playground/crystal/src/http/server/handler.cr:30:7 in 'call_next'
|   from src/middlewares/web_api_auth_middleware.cr:8:12 in 'call'
|   from /home/uchiha/playground/crystal/src/http/server/handler.cr:30:7 in 'call_next'
|   from src/middlewares/admin_api_auth_middleware.cr:7:12 in 'call'
|   from /home/uchiha/playground/crystal/src/http/server/handler.cr:30:7 in 'call_next'
|   from /home/uchiha/playground/crystal/src/http/server/handlers/static_file_handler.cr:60:12 in 'call'
|   from /home/uchiha/playground/crystal/src/http/server/handler.cr:30:7 in 'call'
|   from /home/uchiha/playground/crystal/src/http/server/handler.cr:30:7 in 'call'
|   from /home/uchiha/playground/crystal/src/http/server/handler.cr:30:7 in 'call'
|   from /home/uchiha/playground/crystal/src/http/server/handler.cr:30:7 in 'call'
|   from /home/uchiha/playground/crystal/src/http/server/request_processor.cr:58:11 in 'process'
|   from /home/uchiha/playground/crystal/src/http/server.cr:506:5 in '->'
|   from /home/uchiha/playground/crystal/src/fiber.cr:168:11 in 'run'
|   from /home/uchiha/playground/crystal/src/fiber.cr:103:3 in '->'
|   from ???
ERR 2026-08-03T21:12:42.426Z > Unhandled exception on HTTP::Handler
| Closed stream (IO::Error)
|   from /home/uchiha/playground/crystal/src/http/server/response.cr:215:15 in 'content_type='
|   from lib/kemal/src/kemal/helpers/templates.cr:25:3 in 'render_500'
|   from lib/kemal/src/kemal/exception_handler.cr:34:7 in 'call'
|   from /home/uchiha/playground/crystal/src/http/server/handler.cr:30:7 in 'call'
|   from /home/uchiha/playground/crystal/src/http/server/handler.cr:30:7 in 'call'
|   from /home/uchiha/playground/crystal/src/http/server/handler.cr:30:7 in 'call'
|   from /home/uchiha/playground/crystal/src/http/server/request_processor.cr:58:11 in 'process'
|   from /home/uchiha/playground/crystal/src/http/server.cr:506:5 in '->'
|   from /home/uchiha/playground/crystal/src/fiber.cr:168:11 in 'run'
|   from /home/uchiha/playground/crystal/src/fiber.cr:103:3 in '->'
|   from ???
ERR 2026-08-03T21:12:42.433Z > Error while writing data to the client
| Error while writing data to the client (HTTP::Server::ClientError)
|   from /home/uchiha/playground/crystal/src/http/server/response.cr:266:9 in 'unbuffered_write'
|   from /home/uchiha/playground/crystal/src/io/buffered.cr:163:14 in 'write'
|   from /home/uchiha/playground/crystal/src/http/server/response.cr:107:7 in 'write'
|   from /home/uchiha/playground/crystal/src/io.cr:488:7 in 'write_string'
|   from lib/kemal/src/kemal/route_handler.cr:174:7 in 'call'
|   from lib/kemal/src/kemal/websocket_handler.cr:13:14 in 'call'
|   from /home/uchiha/playground/crystal/src/http/server/handler.cr:30:7 in 'call_next'
|   from lib/kemal/src/kemal/filter_handler.cr:46:7 in 'call'
|   from /home/uchiha/playground/crystal/src/http/server/handler.cr:30:7 in 'call_next'
|   from src/middlewares/web_api_auth_middleware.cr:8:12 in 'call'
|   from /home/uchiha/playground/crystal/src/http/server/handler.cr:30:7 in 'call_next'
|   from src/middlewares/admin_api_auth_middleware.cr:7:12 in 'call'
|   from /home/uchiha/playground/crystal/src/http/server/handler.cr:30:7 in 'call_next'
|   from /home/uchiha/playground/crystal/src/http/server/handlers/static_file_handler.cr:60:12 in 'call'
|   from /home/uchiha/playground/crystal/src/http/server/handler.cr:30:7 in 'call'
|   from /home/uchiha/playground/crystal/src/http/server/handler.cr:30:7 in 'call'
|   from /home/uchiha/playground/crystal/src/http/server/handler.cr:30:7 in 'call'
|   from /home/uchiha/playground/crystal/src/http/server/handler.cr:30:7 in 'call'
|   from /home/uchiha/playground/crystal/src/http/server/request_processor.cr:58:11 in 'process'
|   from /home/uchiha/playground/crystal/src/http/server.cr:506:5 in '->'
|   from /home/uchiha/playground/crystal/src/fiber.cr:168:11 in 'run'
|   from /home/uchiha/playground/crystal/src/fiber.cr:103:3 in '->'
|   from ???
| Caused by: write (#<TCPSocket:0x78764a002fe8>): Broken pipe (IO::Error)
|   from /home/uchiha/playground/crystal/src/crystal/system/thread.cr:72:3 in 'unbuffered_write'
|   from /home/uchiha/playground/crystal/src/io/buffered.cr:163:14 in 'write'
|   from /home/uchiha/playground/crystal/src/http/server/response.cr:282:11 in 'unbuffered_write'
|   from /home/uchiha/playground/crystal/src/io/buffered.cr:163:14 in 'write'
|   from /home/uchiha/playground/crystal/src/http/server/response.cr:107:7 in 'write'
|   from /home/uchiha/playground/crystal/src/io.cr:488:7 in 'write_string'
|   from lib/kemal/src/kemal/route_handler.cr:174:7 in 'call'
|   from lib/kemal/src/kemal/websocket_handler.cr:13:14 in 'call'
|   from /home/uchiha/playground/crystal/src/http/server/handler.cr:30:7 in 'call_next'
|   from lib/kemal/src/kemal/filter_handler.cr:46:7 in 'call'
|   from /home/uchiha/playground/crystal/src/http/server/handler.cr:30:7 in 'call_next'
|   from src/middlewares/web_api_auth_middleware.cr:8:12 in 'call'
|   from /home/uchiha/playground/crystal/src/http/server/handler.cr:30:7 in 'call_next'
|   from src/middlewares/admin_api_auth_middleware.cr:7:12 in 'call'
|   from /home/uchiha/playground/crystal/src/http/server/handler.cr:30:7 in 'call_next'
|   from /home/uchiha/playground/crystal/src/http/server/handlers/static_file_handler.cr:60:12 in 'call'
|   from /home/uchiha/playground/crystal/src/http/server/handler.cr:30:7 in 'call'
|   from /home/uchiha/playground/crystal/src/http/server/handler.cr:30:7 in 'call'
|   from /home/uchiha/playground/crystal/src/http/server/handler.cr:30:7 in 'call'
|   from /home/uchiha/playground/crystal/src/http/server/handler.cr:30:7 in 'call'
|   from /home/uchiha/playground/crystal/src/http/server/request_processor.cr:58:11 in 'process'
|   from /home/uchiha/playground/crystal/src/http/server.cr:506:5 in '->'
|   from /home/uchiha/playground/crystal/src/fiber.cr:168:11 in 'run'
|   from /home/uchiha/playground/crystal/src/fiber.cr:103:3 in '->'
|   from ???
ERR 2026-08-03T21:12:42.433Z > Unhandled exception on HTTP::Handler
| Closed stream (IO::Error)
|   from /home/uchiha/playground/crystal/src/http/server/response.cr:215:15 in 'content_type='
|   from lib/kemal/src/kemal/helpers/templates.cr:25:3 in 'render_500'
|   from lib/kemal/src/kemal/exception_handler.cr:34:7 in 'call'
|   from /home/uchiha/playground/crystal/src/http/server/handler.cr:30:7 in 'call'
|   from /home/uchiha/playground/crystal/src/http/server/handler.cr:30:7 in 'call'
|   from /home/uchiha/playground/crystal/src/http/server/handler.cr:30:7 in 'call'
|   from /home/uchiha/playground/crystal/src/http/server/request_processor.cr:58:11 in 'process'
|   from /home/uchiha/playground/crystal/src/http/server.cr:506:5 in '->'
|   from /home/uchiha/playground/crystal/src/fiber.cr:168:11 in 'run'
|   from /home/uchiha/playground/crystal/src/fiber.cr:103:3 in '->'
|   from ???
ERR 2026-08-03T21:12:42.439Z > Error while writing data to the client
| Error while writing data to the client (HTTP::Server::ClientError)
|   from /home/uchiha/playground/crystal/src/http/server/response.cr:266:9 in 'unbuffered_write'
|   from /home/uchiha/playground/crystal/src/io/buffered.cr:163:14 in 'write'
|   from /home/uchiha/playground/crystal/src/http/server/response.cr:107:7 in 'write'
|   from /home/uchiha/playground/crystal/src/io.cr:488:7 in 'write_string'
|   from lib/kemal/src/kemal/route_handler.cr:174:7 in 'call'
|   from lib/kemal/src/kemal/websocket_handler.cr:13:14 in 'call'
|   from /home/uchiha/playground/crystal/src/http/server/handler.cr:30:7 in 'call_next'
|   from lib/kemal/src/kemal/filter_handler.cr:46:7 in 'call'
|   from /home/uchiha/playground/crystal/src/http/server/handler.cr:30:7 in 'call_next'
|   from src/middlewares/web_api_auth_middleware.cr:8:12 in 'call'
|   from /home/uchiha/playground/crystal/src/http/server/handler.cr:30:7 in 'call_next'
|   from src/middlewares/admin_api_auth_middleware.cr:7:12 in 'call'
|   from /home/uchiha/playground/crystal/src/http/server/handler.cr:30:7 in 'call_next'
|   from /home/uchiha/playground/crystal/src/http/server/handlers/static_file_handler.cr:60:12 in 'call'
|   from /home/uchiha/playground/crystal/src/http/server/handler.cr:30:7 in 'call'
|   from /home/uchiha/playground/crystal/src/http/server/handler.cr:30:7 in 'call'
|   from /home/uchiha/playground/crystal/src/http/server/handler.cr:30:7 in 'call'
|   from /home/uchiha/playground/crystal/src/http/server/handler.cr:30:7 in 'call'
|   from /home/uchiha/playground/crystal/src/http/server/request_processor.cr:58:11 in 'process'
|   from /home/uchiha/playground/crystal/src/http/server.cr:506:5 in '->'
|   from /home/uchiha/playground/crystal/src/fiber.cr:168:11 in 'run'
|   from /home/uchiha/playground/crystal/src/fiber.cr:103:3 in '->'
|   from ???
| Caused by: write (#<TCPSocket:0x78764a0009d8>): Broken pipe (IO::Error)
|   from /home/uchiha/playground/crystal/src/crystal/system/thread.cr:72:3 in 'unbuffered_write'
|   from /home/uchiha/playground/crystal/src/io/buffered.cr:163:14 in 'write'
|   from /home/uchiha/playground/crystal/src/http/server/response.cr:282:11 in 'unbuffered_write'
|   from /home/uchiha/playground/crystal/src/io/buffered.cr:163:14 in 'write'
|   from /home/uchiha/playground/crystal/src/http/server/response.cr:107:7 in 'write'
|   from /home/uchiha/playground/crystal/src/io.cr:488:7 in 'write_string'
|   from lib/kemal/src/kemal/route_handler.cr:174:7 in 'call'
|   from lib/kemal/src/kemal/websocket_handler.cr:13:14 in 'call'
|   from /home/uchiha/playground/crystal/src/http/server/handler.cr:30:7 in 'call_next'
|   from lib/kemal/src/kemal/filter_handler.cr:46:7 in 'call'
|   from /home/uchiha/playground/crystal/src/http/server/handler.cr:30:7 in 'call_next'
|   from src/middlewares/web_api_auth_middleware.cr:8:12 in 'call'
|   from /home/uchiha/playground/crystal/src/http/server/handler.cr:30:7 in 'call_next'
|   from src/middlewares/admin_api_auth_middleware.cr:7:12 in 'call'
|   from /home/uchiha/playground/crystal/src/http/server/handler.cr:30:7 in 'call_next'
|   from /home/uchiha/playground/crystal/src/http/server/handlers/static_file_handler.cr:60:12 in 'call'
|   from /home/uchiha/playground/crystal/src/http/server/handler.cr:30:7 in 'call'
|   from /home/uchiha/playground/crystal/src/http/server/handler.cr:30:7 in 'call'
|   from /home/uchiha/playground/crystal/src/http/server/handler.cr:30:7 in 'call'
|   from /home/uchiha/playground/crystal/src/http/server/handler.cr:30:7 in 'call'
|   from /home/uchiha/playground/crystal/src/http/server/request_processor.cr:58:11 in 'process'
|   from /home/uchiha/playground/crystal/src/http/server.cr:506:5 in '->'
|   from /home/uchiha/playground/crystal/src/fiber.cr:168:11 in 'run'
|   from /home/uchiha/playground/crystal/src/fiber.cr:103:3 in '->'
|   from ???
ERR 2026-08-03T21:12:42.439Z > Unhandled exception on HTTP::Handler
| Closed stream (IO::Error)
|   from /home/uchiha/playground/crystal/src/http/server/response.cr:215:15 in 'content_type='
|   from lib/kemal/src/kemal/helpers/templates.cr:25:3 in 'render_500'
|   from lib/kemal/src/kemal/exception_handler.cr:34:7 in 'call'
|   from /home/uchiha/playground/crystal/src/http/server/handler.cr:30:7 in 'call'
|   from /home/uchiha/playground/crystal/src/http/server/handler.cr:30:7 in 'call'
|   from /home/uchiha/playground/crystal/src/http/server/handler.cr:30:7 in 'call'
|   from /home/uchiha/playground/crystal/src/http/server/request_processor.cr:58:11 in 'process'
|   from /home/uchiha/playground/crystal/src/http/server.cr:506:5 in '->'
|   from /home/uchiha/playground/crystal/src/fiber.cr:168:11 in 'run'
|   from /home/uchiha/playground/crystal/src/fiber.cr:103:3 in '->'
|   from ???
ERR 2026-08-03T21:12:42.451Z > Error while writing data to the client
| Error while writing data to the client (HTTP::Server::ClientError)
|   from /home/uchiha/playground/crystal/src/http/server/response.cr:266:9 in 'unbuffered_write'
|   from /home/uchiha/playground/crystal/src/io/buffered.cr:163:14 in 'write'
|   from /home/uchiha/playground/crystal/src/http/server/response.cr:107:7 in 'write'
|   from /home/uchiha/playground/crystal/src/io.cr:488:7 in 'write_string'
|   from lib/kemal/src/kemal/route_handler.cr:174:7 in 'call'
|   from lib/kemal/src/kemal/websocket_handler.cr:13:14 in 'call'
|   from /home/uchiha/playground/crystal/src/http/server/handler.cr:30:7 in 'call_next'
|   from lib/kemal/src/kemal/filter_handler.cr:46:7 in 'call'
|   from /home/uchiha/playground/crystal/src/http/server/handler.cr:30:7 in 'call_next'
|   from src/middlewares/web_api_auth_middleware.cr:8:12 in 'call'
|   from /home/uchiha/playground/crystal/src/http/server/handler.cr:30:7 in 'call_next'
|   from src/middlewares/admin_api_auth_middleware.cr:7:12 in 'call'
|   from /home/uchiha/playground/crystal/src/http/server/handler.cr:30:7 in 'call_next'
|   from /home/uchiha/playground/crystal/src/http/server/handlers/static_file_handler.cr:60:12 in 'call'
|   from /home/uchiha/playground/crystal/src/http/server/handler.cr:30:7 in 'call'
|   from /home/uchiha/playground/crystal/src/http/server/handler.cr:30:7 in 'call'
|   from /home/uchiha/playground/crystal/src/http/server/handler.cr:30:7 in 'call'
|   from /home/uchiha/playground/crystal/src/http/server/handler.cr:30:7 in 'call'
|   from /home/uchiha/playground/crystal/src/http/server/request_processor.cr:58:11 in 'process'
|   from /home/uchiha/playground/crystal/src/http/server.cr:506:5 in '->'
|   from /home/uchiha/playground/crystal/src/fiber.cr:168:11 in 'run'
|   from /home/uchiha/playground/crystal/src/fiber.cr:103:3 in '->'
|   from ???
| Caused by: write (#<TCPSocket:0x78764a001ed8>): Broken pipe (IO::Error)
|   from /home/uchiha/playground/crystal/src/crystal/system/thread.cr:72:3 in 'unbuffered_write'
|   from /home/uchiha/playground/crystal/src/io/buffered.cr:163:14 in 'write'
|   from /home/uchiha/playground/crystal/src/http/server/response.cr:282:11 in 'unbuffered_write'
|   from /home/uchiha/playground/crystal/src/io/buffered.cr:163:14 in 'write'
|   from /home/uchiha/playground/crystal/src/http/server/response.cr:107:7 in 'write'
|   from /home/uchiha/playground/crystal/src/io.cr:488:7 in 'write_string'
|   from lib/kemal/src/kemal/route_handler.cr:174:7 in 'call'
|   from lib/kemal/src/kemal/websocket_handler.cr:13:14 in 'call'
|   from /home/uchiha/playground/crystal/src/http/server/handler.cr:30:7 in 'call_next'
|   from lib/kemal/src/kemal/filter_handler.cr:46:7 in 'call'
|   from /home/uchiha/playground/crystal/src/http/server/handler.cr:30:7 in 'call_next'
|   from src/middlewares/web_api_auth_middleware.cr:8:12 in 'call'
|   from /home/uchiha/playground/crystal/src/http/server/handler.cr:30:7 in 'call_next'
|   from src/middlewares/admin_api_auth_middleware.cr:7:12 in 'call'
|   from /home/uchiha/playground/crystal/src/http/server/handler.cr:30:7 in 'call_next'
|   from /home/uchiha/playground/crystal/src/http/server/handlers/static_file_handler.cr:60:12 in 'call'
|   from /home/uchiha/playground/crystal/src/http/server/handler.cr:30:7 in 'call'
|   from /home/uchiha/playground/crystal/src/http/server/handler.cr:30:7 in 'call'
|   from /home/uchiha/playground/crystal/src/http/server/handler.cr:30:7 in 'call'
|   from /home/uchiha/playground/crystal/src/http/server/handler.cr:30:7 in 'call'
|   from /home/uchiha/playground/crystal/src/http/server/request_processor.cr:58:11 in 'process'
|   from /home/uchiha/playground/crystal/src/http/server.cr:506:5 in '->'
|   from /home/uchiha/playground/crystal/src/fiber.cr:168:11 in 'run'
|   from /home/uchiha/playground/crystal/src/fiber.cr:103:3 in '->'
|   from ???
ERR 2026-08-03T21:12:42.451Z > Unhandled exception on HTTP::Handler
| Closed stream (IO::Error)
|   from /home/uchiha/playground/crystal/src/http/server/response.cr:215:15 in 'content_type='
|   from lib/kemal/src/kemal/helpers/templates.cr:25:3 in 'render_500'
|   from lib/kemal/src/kemal/exception_handler.cr:34:7 in 'call'
|   from /home/uchiha/playground/crystal/src/http/server/handler.cr:30:7 in 'call'
|   from /home/uchiha/playground/crystal/src/http/server/handler.cr:30:7 in 'call'
|   from /home/uchiha/playground/crystal/src/http/server/handler.cr:30:7 in 'call'
|   from /home/uchiha/playground/crystal/src/http/server/request_processor.cr:58:11 in 'process'
|   from /home/uchiha/playground/crystal/src/http/server.cr:506:5 in '->'
|   from /home/uchiha/playground/crystal/src/fiber.cr:168:11 in 'run'
|   from /home/uchiha/playground/crystal/src/fiber.cr:103:3 in '->'
|   from ???
ERR 2026-08-03T21:12:42.457Z > Error while writing data to the client
| Error while writing data to the client (HTTP::Server::ClientError)
|   from /home/uchiha/playground/crystal/src/http/server/response.cr:266:9 in 'unbuffered_write'
|   from /home/uchiha/playground/crystal/src/io/buffered.cr:163:14 in 'write'
|   from /home/uchiha/playground/crystal/src/http/server/response.cr:107:7 in 'write'
|   from /home/uchiha/playground/crystal/src/io.cr:488:7 in 'write_string'
|   from lib/kemal/src/kemal/route_handler.cr:174:7 in 'call'
|   from lib/kemal/src/kemal/websocket_handler.cr:13:14 in 'call'
|   from /home/uchiha/playground/crystal/src/http/server/handler.cr:30:7 in 'call_next'
|   from lib/kemal/src/kemal/filter_handler.cr:46:7 in 'call'
|   from /home/uchiha/playground/crystal/src/http/server/handler.cr:30:7 in 'call_next'
|   from src/middlewares/web_api_auth_middleware.cr:8:12 in 'call'
|   from /home/uchiha/playground/crystal/src/http/server/handler.cr:30:7 in 'call_next'
|   from src/middlewares/admin_api_auth_middleware.cr:7:12 in 'call'
|   from /home/uchiha/playground/crystal/src/http/server/handler.cr:30:7 in 'call_next'
|   from /home/uchiha/playground/crystal/src/http/server/handlers/static_file_handler.cr:60:12 in 'call'
|   from /home/uchiha/playground/crystal/src/http/server/handler.cr:30:7 in 'call'
|   from /home/uchiha/playground/crystal/src/http/server/handler.cr:30:7 in 'call'
|   from /home/uchiha/playground/crystal/src/http/server/handler.cr:30:7 in 'call'
|   from /home/uchiha/playground/crystal/src/http/server/handler.cr:30:7 in 'call'
|   from /home/uchiha/playground/crystal/src/http/server/request_processor.cr:58:11 in 'process'
|   from /home/uchiha/playground/crystal/src/http/server.cr:506:5 in '->'
|   from /home/uchiha/playground/crystal/src/fiber.cr:168:11 in 'run'
|   from /home/uchiha/playground/crystal/src/fiber.cr:103:3 in '->'
|   from ???
| Caused by: write (#<TCPSocket:0x78764a001c38>): Broken pipe (IO::Error)
|   from /home/uchiha/playground/crystal/src/crystal/system/thread.cr:72:3 in 'unbuffered_write'
|   from /home/uchiha/playground/crystal/src/io/buffered.cr:163:14 in 'write'
|   from /home/uchiha/playground/crystal/src/http/server/response.cr:282:11 in 'unbuffered_write'
|   from /home/uchiha/playground/crystal/src/io/buffered.cr:163:14 in 'write'
|   from /home/uchiha/playground/crystal/src/http/server/response.cr:107:7 in 'write'
|   from /home/uchiha/playground/crystal/src/io.cr:488:7 in 'write_string'
|   from lib/kemal/src/kemal/route_handler.cr:174:7 in 'call'
|   from lib/kemal/src/kemal/websocket_handler.cr:13:14 in 'call'
|   from /home/uchiha/playground/crystal/src/http/server/handler.cr:30:7 in 'call_next'
|   from lib/kemal/src/kemal/filter_handler.cr:46:7 in 'call'
|   from /home/uchiha/playground/crystal/src/http/server/handler.cr:30:7 in 'call_next'
|   from src/middlewares/web_api_auth_middleware.cr:8:12 in 'call'
|   from /home/uchiha/playground/crystal/src/http/server/handler.cr:30:7 in 'call_next'
|   from src/middlewares/admin_api_auth_middleware.cr:7:12 in 'call'
|   from /home/uchiha/playground/crystal/src/http/server/handler.cr:30:7 in 'call_next'
|   from /home/uchiha/playground/crystal/src/http/server/handlers/static_file_handler.cr:60:12 in 'call'
|   from /home/uchiha/playground/crystal/src/http/server/handler.cr:30:7 in 'call'
|   from /home/uchiha/playground/crystal/src/http/server/handler.cr:30:7 in 'call'
|   from /home/uchiha/playground/crystal/src/http/server/handler.cr:30:7 in 'call'
|   from /home/uchiha/playground/crystal/src/http/server/handler.cr:30:7 in 'call'
|   from /home/uchiha/playground/crystal/src/http/server/request_processor.cr:58:11 in 'process'
|   from /home/uchiha/playground/crystal/src/http/server.cr:506:5 in '->'
|   from /home/uchiha/playground/crystal/src/fiber.cr:168:11 in 'run'
|   from /home/uchiha/playground/crystal/src/fiber.cr:103:3 in '->'
|   from ???
ERR 2026-08-03T21:12:42.457Z > Unhandled exception on HTTP::Handler
| Closed stream (IO::Error)
|   from /home/uchiha/playground/crystal/src/http/server/response.cr:215:15 in 'content_type='
|   from lib/kemal/src/kemal/helpers/templates.cr:25:3 in 'render_500'
|   from lib/kemal/src/kemal/exception_handler.cr:34:7 in 'call'
|   from /home/uchiha/playground/crystal/src/http/server/handler.cr:30:7 in 'call'
|   from /home/uchiha/playground/crystal/src/http/server/handler.cr:30:7 in 'call'
|   from /home/uchiha/playground/crystal/src/http/server/handler.cr:30:7 in 'call'
|   from /home/uchiha/playground/crystal/src/http/server/request_processor.cr:58:11 in 'process'
|   from /home/uchiha/playground/crystal/src/http/server.cr:506:5 in '->'
|   from /home/uchiha/playground/crystal/src/fiber.cr:168:11 in 'run'
|   from /home/uchiha/playground/crystal/src/fiber.cr:103:3 in '->'
|   from ???
ERR 2026-08-03T21:12:42.464Z > Error while writing data to the client
| Error while writing data to the client (HTTP::Server::ClientError)
|   from /home/uchiha/playground/crystal/src/http/server/response.cr:266:9 in 'unbuffered_write'
|   from /home/uchiha/playground/crystal/src/io/buffered.cr:163:14 in 'write'
|   from /home/uchiha/playground/crystal/src/http/server/response.cr:107:7 in 'write'
|   from /home/uchiha/playground/crystal/src/io.cr:488:7 in 'write_string'
|   from lib/kemal/src/kemal/route_handler.cr:174:7 in 'call'
|   from lib/kemal/src/kemal/websocket_handler.cr:13:14 in 'call'
|   from /home/uchiha/playground/crystal/src/http/server/handler.cr:30:7 in 'call_next'
|   from lib/kemal/src/kemal/filter_handler.cr:46:7 in 'call'
|   from /home/uchiha/playground/crystal/src/http/server/handler.cr:30:7 in 'call_next'
|   from src/middlewares/web_api_auth_middleware.cr:8:12 in 'call'
|   from /home/uchiha/playground/crystal/src/http/server/handler.cr:30:7 in 'call_next'
|   from src/middlewares/admin_api_auth_middleware.cr:7:12 in 'call'
|   from /home/uchiha/playground/crystal/src/http/server/handler.cr:30:7 in 'call_next'
|   from /home/uchiha/playground/crystal/src/http/server/handlers/static_file_handler.cr:60:12 in 'call'
|   from /home/uchiha/playground/crystal/src/http/server/handler.cr:30:7 in 'call'
|   from /home/uchiha/playground/crystal/src/http/server/handler.cr:30:7 in 'call'
|   from /home/uchiha/playground/crystal/src/http/server/handler.cr:30:7 in 'call'
|   from /home/uchiha/playground/crystal/src/http/server/handler.cr:30:7 in 'call'
|   from /home/uchiha/playground/crystal/src/http/server/request_processor.cr:58:11 in 'process'
|   from /home/uchiha/playground/crystal/src/http/server.cr:506:5 in '->'
|   from /home/uchiha/playground/crystal/src/fiber.cr:168:11 in 'run'
|   from /home/uchiha/playground/crystal/src/fiber.cr:103:3 in '->'
|   from ???
| Caused by: write (#<TCPSocket:0x78764a007d58>): Broken pipe (IO::Error)
|   from /home/uchiha/playground/crystal/src/crystal/system/thread.cr:72:3 in 'unbuffered_write'
|   from /home/uchiha/playground/crystal/src/io/buffered.cr:163:14 in 'write'
|   from /home/uchiha/playground/crystal/src/http/server/response.cr:282:11 in 'unbuffered_write'
|   from /home/uchiha/playground/crystal/src/io/buffered.cr:163:14 in 'write'
|   from /home/uchiha/playground/crystal/src/http/server/response.cr:107:7 in 'write'
|   from /home/uchiha/playground/crystal/src/io.cr:488:7 in 'write_string'
|   from lib/kemal/src/kemal/route_handler.cr:174:7 in 'call'
|   from lib/kemal/src/kemal/websocket_handler.cr:13:14 in 'call'
|   from /home/uchiha/playground/crystal/src/http/server/handler.cr:30:7 in 'call_next'
|   from lib/kemal/src/kemal/filter_handler.cr:46:7 in 'call'
|   from /home/uchiha/playground/crystal/src/http/server/handler.cr:30:7 in 'call_next'
|   from src/middlewares/web_api_auth_middleware.cr:8:12 in 'call'
|   from /home/uchiha/playground/crystal/src/http/server/handler.cr:30:7 in 'call_next'
|   from src/middlewares/admin_api_auth_middleware.cr:7:12 in 'call'
|   from /home/uchiha/playground/crystal/src/http/server/handler.cr:30:7 in 'call_next'
|   from /home/uchiha/playground/crystal/src/http/server/handlers/static_file_handler.cr:60:12 in 'call'
|   from /home/uchiha/playground/crystal/src/http/server/handler.cr:30:7 in 'call'
|   from /home/uchiha/playground/crystal/src/http/server/handler.cr:30:7 in 'call'
|   from /home/uchiha/playground/crystal/src/http/server/handler.cr:30:7 in 'call'
|   from /home/uchiha/playground/crystal/src/http/server/handler.cr:30:7 in 'call'
|   from /home/uchiha/playground/crystal/src/http/server/request_processor.cr:58:11 in 'process'
|   from /home/uchiha/playground/crystal/src/http/server.cr:506:5 in '->'
|   from /home/uchiha/playground/crystal/src/fiber.cr:168:11 in 'run'
|   from /home/uchiha/playground/crystal/src/fiber.cr:103:3 in '->'
|   from ???
ERR 2026-08-03T21:12:42.464Z > Unhandled exception on HTTP::Handler
| Closed stream (IO::Error)
|   from /home/uchiha/playground/crystal/src/http/server/response.cr:215:15 in 'content_type='
|   from lib/kemal/src/kemal/helpers/templates.cr:25:3 in 'render_500'
|   from lib/kemal/src/kemal/exception_handler.cr:34:7 in 'call'
|   from /home/uchiha/playground/crystal/src/http/server/handler.cr:30:7 in 'call'
|   from /home/uchiha/playground/crystal/src/http/server/handler.cr:30:7 in 'call'
|   from /home/uchiha/playground/crystal/src/http/server/handler.cr:30:7 in 'call'
|   from /home/uchiha/playground/crystal/src/http/server/request_processor.cr:58:11 in 'process'
|   from /home/uchiha/playground/crystal/src/http/server.cr:506:5 in '->'
|   from /home/uchiha/playground/crystal/src/fiber.cr:168:11 in 'run'
|   from /home/uchiha/playground/crystal/src/fiber.cr:103:3 in '->'
|   from ???
ERR 2026-08-03T21:12:42.471Z > Error while writing data to the client
| Error while writing data to the client (HTTP::Server::ClientError)
|   from /home/uchiha/playground/crystal/src/http/server/response.cr:266:9 in 'unbuffered_write'
|   from /home/uchiha/playground/crystal/src/io/buffered.cr:163:14 in 'write'
|   from /home/uchiha/playground/crystal/src/http/server/response.cr:107:7 in 'write'
|   from /home/uchiha/playground/crystal/src/io.cr:488:7 in 'write_string'
|   from lib/kemal/src/kemal/route_handler.cr:174:7 in 'call'
|   from lib/kemal/src/kemal/websocket_handler.cr:13:14 in 'call'
|   from /home/uchiha/playground/crystal/src/http/server/handler.cr:30:7 in 'call_next'
|   from lib/kemal/src/kemal/filter_handler.cr:46:7 in 'call'
|   from /home/uchiha/playground/crystal/src/http/server/handler.cr:30:7 in 'call_next'
|   from src/middlewares/web_api_auth_middleware.cr:8:12 in 'call'
|   from /home/uchiha/playground/crystal/src/http/server/handler.cr:30:7 in 'call_next'
|   from src/middlewares/admin_api_auth_middleware.cr:7:12 in 'call'
|   from /home/uchiha/playground/crystal/src/http/server/handler.cr:30:7 in 'call_next'
|   from /home/uchiha/playground/crystal/src/http/server/handlers/static_file_handler.cr:60:12 in 'call'
|   from /home/uchiha/playground/crystal/src/http/server/handler.cr:30:7 in 'call'
|   from /home/uchiha/playground/crystal/src/http/server/handler.cr:30:7 in 'call'
|   from /home/uchiha/playground/crystal/src/http/server/handler.cr:30:7 in 'call'
|   from /home/uchiha/playground/crystal/src/http/server/handler.cr:30:7 in 'call'
|   from /home/uchiha/playground/crystal/src/http/server/request_processor.cr:58:11 in 'process'
|   from /home/uchiha/playground/crystal/src/http/server.cr:506:5 in '->'
|   from /home/uchiha/playground/crystal/src/fiber.cr:168:11 in 'run'
|   from /home/uchiha/playground/crystal/src/fiber.cr:103:3 in '->'
|   from ???
| Caused by: write (#<TCPSocket:0x78764a0040f8>): Broken pipe (IO::Error)
|   from /home/uchiha/playground/crystal/src/crystal/system/thread.cr:72:3 in 'unbuffered_write'
|   from /home/uchiha/playground/crystal/src/io/buffered.cr:163:14 in 'write'
|   from /home/uchiha/playground/crystal/src/http/server/response.cr:282:11 in 'unbuffered_write'
|   from /home/uchiha/playground/crystal/src/io/buffered.cr:163:14 in 'write'
|   from /home/uchiha/playground/crystal/src/http/server/response.cr:107:7 in 'write'
|   from /home/uchiha/playground/crystal/src/io.cr:488:7 in 'write_string'
|   from lib/kemal/src/kemal/route_handler.cr:174:7 in 'call'
|   from lib/kemal/src/kemal/websocket_handler.cr:13:14 in 'call'
|   from /home/uchiha/playground/crystal/src/http/server/handler.cr:30:7 in 'call_next'
|   from lib/kemal/src/kemal/filter_handler.cr:46:7 in 'call'
|   from /home/uchiha/playground/crystal/src/http/server/handler.cr:30:7 in 'call_next'
|   from src/middlewares/web_api_auth_middleware.cr:8:12 in 'call'
|   from /home/uchiha/playground/crystal/src/http/server/handler.cr:30:7 in 'call_next'
|   from src/middlewares/admin_api_auth_middleware.cr:7:12 in 'call'
|   from /home/uchiha/playground/crystal/src/http/server/handler.cr:30:7 in 'call_next'
|   from /home/uchiha/playground/crystal/src/http/server/handlers/static_file_handler.cr:60:12 in 'call'
|   from /home/uchiha/playground/crystal/src/http/server/handler.cr:30:7 in 'call'
|   from /home/uchiha/playground/crystal/src/http/server/handler.cr:30:7 in 'call'
|   from /home/uchiha/playground/crystal/src/http/server/handler.cr:30:7 in 'call'
|   from /home/uchiha/playground/crystal/src/http/server/handler.cr:30:7 in 'call'
|   from /home/uchiha/playground/crystal/src/http/server/request_processor.cr:58:11 in 'process'
|   from /home/uchiha/playground/crystal/src/http/server.cr:506:5 in '->'
|   from /home/uchiha/playground/crystal/src/fiber.cr:168:11 in 'run'
|   from /home/uchiha/playground/crystal/src/fiber.cr:103:3 in '->'
|   from ???
ERR 2026-08-03T21:12:42.471Z > Unhandled exception on HTTP::Handler
| Closed stream (IO::Error)
|   from /home/uchiha/playground/crystal/src/http/server/response.cr:215:15 in 'content_type='
|   from lib/kemal/src/kemal/helpers/templates.cr:25:3 in 'render_500'
|   from lib/kemal/src/kemal/exception_handler.cr:34:7 in 'call'
|   from /home/uchiha/playground/crystal/src/http/server/handler.cr:30:7 in 'call'
|   from /home/uchiha/playground/crystal/src/http/server/handler.cr:30:7 in 'call'
|   from /home/uchiha/playground/crystal/src/http/server/handler.cr:30:7 in 'call'
|   from /home/uchiha/playground/crystal/src/http/server/request_processor.cr:58:11 in 'process'
|   from /home/uchiha/playground/crystal/src/http/server.cr:506:5 in '->'
|   from /home/uchiha/playground/crystal/src/fiber.cr:168:11 in 'run'
|   from /home/uchiha/playground/crystal/src/fiber.cr:103:3 in '->'
|   from ???
ERR 2026-08-03T21:12:42.477Z > Error while writing data to the client
| Error while writing data to the client (HTTP::Server::ClientError)
|   from /home/uchiha/playground/crystal/src/http/server/response.cr:266:9 in 'unbuffered_write'
|   from /home/uchiha/playground/crystal/src/io/buffered.cr:163:14 in 'write'
|   from /home/uchiha/playground/crystal/src/http/server/response.cr:107:7 in 'write'
|   from /home/uchiha/playground/crystal/src/io.cr:488:7 in 'write_string'
|   from lib/kemal/src/kemal/route_handler.cr:174:7 in 'call'
|   from lib/kemal/src/kemal/websocket_handler.cr:13:14 in 'call'
|   from /home/uchiha/playground/crystal/src/http/server/handler.cr:30:7 in 'call_next'
|   from lib/kemal/src/kemal/filter_handler.cr:46:7 in 'call'
|   from /home/uchiha/playground/crystal/src/http/server/handler.cr:30:7 in 'call_next'
|   from src/middlewares/web_api_auth_middleware.cr:8:12 in 'call'
|   from /home/uchiha/playground/crystal/src/http/server/handler.cr:30:7 in 'call_next'
|   from src/middlewares/admin_api_auth_middleware.cr:7:12 in 'call'
|   from /home/uchiha/playground/crystal/src/http/server/handler.cr:30:7 in 'call_next'
|   from /home/uchiha/playground/crystal/src/http/server/handlers/static_file_handler.cr:60:12 in 'call'
|   from /home/uchiha/playground/crystal/src/http/server/handler.cr:30:7 in 'call'
|   from /home/uchiha/playground/crystal/src/http/server/handler.cr:30:7 in 'call'
|   from /home/uchiha/playground/crystal/src/http/server/handler.cr:30:7 in 'call'
|   from /home/uchiha/playground/crystal/src/http/server/handler.cr:30:7 in 'call'
|   from /home/uchiha/playground/crystal/src/http/server/request_processor.cr:58:11 in 'process'
|   from /home/uchiha/playground/crystal/src/http/server.cr:506:5 in '->'
|   from /home/uchiha/playground/crystal/src/fiber.cr:168:11 in 'run'
|   from /home/uchiha/playground/crystal/src/fiber.cr:103:3 in '->'
|   from ???
| Caused by: write (#<TCPSocket:0x78764a004638>): Broken pipe (IO::Error)
|   from /home/uchiha/playground/crystal/src/crystal/system/thread.cr:72:3 in 'unbuffered_write'
|   from /home/uchiha/playground/crystal/src/io/buffered.cr:163:14 in 'write'
|   from /home/uchiha/playground/crystal/src/http/server/response.cr:282:11 in 'unbuffered_write'
|   from /home/uchiha/playground/crystal/src/io/buffered.cr:163:14 in 'write'
|   from /home/uchiha/playground/crystal/src/http/server/response.cr:107:7 in 'write'
|   from /home/uchiha/playground/crystal/src/io.cr:488:7 in 'write_string'
|   from lib/kemal/src/kemal/route_handler.cr:174:7 in 'call'
|   from lib/kemal/src/kemal/websocket_handler.cr:13:14 in 'call'
|   from /home/uchiha/playground/crystal/src/http/server/handler.cr:30:7 in 'call_next'
|   from lib/kemal/src/kemal/filter_handler.cr:46:7 in 'call'
|   from /home/uchiha/playground/crystal/src/http/server/handler.cr:30:7 in 'call_next'
|   from src/middlewares/web_api_auth_middleware.cr:8:12 in 'call'
|   from /home/uchiha/playground/crystal/src/http/server/handler.cr:30:7 in 'call_next'
|   from src/middlewares/admin_api_auth_middleware.cr:7:12 in 'call'
|   from /home/uchiha/playground/crystal/src/http/server/handler.cr:30:7 in 'call_next'
|   from /home/uchiha/playground/crystal/src/http/server/handlers/static_file_handler.cr:60:12 in 'call'
|   from /home/uchiha/playground/crystal/src/http/server/handler.cr:30:7 in 'call'
|   from /home/uchiha/playground/crystal/src/http/server/handler.cr:30:7 in 'call'
|   from /home/uchiha/playground/crystal/src/http/server/handler.cr:30:7 in 'call'
|   from /home/uchiha/playground/crystal/src/http/server/handler.cr:30:7 in 'call'
|   from /home/uchiha/playground/crystal/src/http/server/request_processor.cr:58:11 in 'process'
|   from /home/uchiha/playground/crystal/src/http/server.cr:506:5 in '->'
|   from /home/uchiha/playground/crystal/src/fiber.cr:168:11 in 'run'
|   from /home/uchiha/playground/crystal/src/fiber.cr:103:3 in '->'
|   from ???
ERR 2026-08-03T21:12:42.477Z > Unhandled exception on HTTP::Handler
| Closed stream (IO::Error)
|   from /home/uchiha/playground/crystal/src/http/server/response.cr:215:15 in 'content_type='
|   from lib/kemal/src/kemal/helpers/templates.cr:25:3 in 'render_500'
|   from lib/kemal/src/kemal/exception_handler.cr:34:7 in 'call'
|   from /home/uchiha/playground/crystal/src/http/server/handler.cr:30:7 in 'call'
|   from /home/uchiha/playground/crystal/src/http/server/handler.cr:30:7 in 'call'
|   from /home/uchiha/playground/crystal/src/http/server/handler.cr:30:7 in 'call'
|   from /home/uchiha/playground/crystal/src/http/server/request_processor.cr:58:11 in 'process'
|   from /home/uchiha/playground/crystal/src/http/server.cr:506:5 in '->'
|   from /home/uchiha/playground/crystal/src/fiber.cr:168:11 in 'run'
|   from /home/uchiha/playground/crystal/src/fiber.cr:103:3 in '->'
|   from ???
ERR 2026-08-03T21:12:42.531Z > Error while writing data to the client
| Error while writing data to the client (HTTP::Server::ClientError)
|   from /home/uchiha/playground/crystal/src/http/server/response.cr:266:9 in 'unbuffered_write'
|   from /home/uchiha/playground/crystal/src/io/buffered.cr:163:14 in 'write'
|   from /home/uchiha/playground/crystal/src/http/server/response.cr:107:7 in 'write'
|   from /home/uchiha/playground/crystal/src/io.cr:488:7 in 'write_string'
|   from lib/kemal/src/kemal/route_handler.cr:174:7 in 'call'
|   from lib/kemal/src/kemal/websocket_handler.cr:13:14 in 'call'
|   from /home/uchiha/playground/crystal/src/http/server/handler.cr:30:7 in 'call_next'
|   from lib/kemal/src/kemal/filter_handler.cr:46:7 in 'call'
|   from /home/uchiha/playground/crystal/src/http/server/handler.cr:30:7 in 'call_next'
|   from src/middlewares/web_api_auth_middleware.cr:8:12 in 'call'
|   from /home/uchiha/playground/crystal/src/http/server/handler.cr:30:7 in 'call_next'
|   from src/middlewares/admin_api_auth_middleware.cr:7:12 in 'call'
|   from /home/uchiha/playground/crystal/src/http/server/handler.cr:30:7 in 'call_next'
|   from /home/uchiha/playground/crystal/src/http/server/handlers/static_file_handler.cr:60:12 in 'call'
|   from /home/uchiha/playground/crystal/src/http/server/handler.cr:30:7 in 'call'
|   from /home/uchiha/playground/crystal/src/http/server/handler.cr:30:7 in 'call'
|   from /home/uchiha/playground/crystal/src/http/server/handler.cr:30:7 in 'call'
|   from /home/uchiha/playground/crystal/src/http/server/handler.cr:30:7 in 'call'
|   from /home/uchiha/playground/crystal/src/http/server/request_processor.cr:58:11 in 'process'
|   from /home/uchiha/playground/crystal/src/http/server.cr:506:5 in '->'
|   from /home/uchiha/playground/crystal/src/fiber.cr:168:11 in 'run'
|   from /home/uchiha/playground/crystal/src/fiber.cr:103:3 in '->'
|   from ???
| Caused by: write (#<TCPSocket:0x78764a005b38>): Broken pipe (IO::Error)
|   from /home/uchiha/playground/crystal/src/crystal/system/thread.cr:72:3 in 'unbuffered_write'
|   from /home/uchiha/playground/crystal/src/io/buffered.cr:163:14 in 'write'
|   from /home/uchiha/playground/crystal/src/http/server/response.cr:282:11 in 'unbuffered_write'
|   from /home/uchiha/playground/crystal/src/io/buffered.cr:163:14 in 'write'
|   from /home/uchiha/playground/crystal/src/http/server/response.cr:107:7 in 'write'
|   from /home/uchiha/playground/crystal/src/io.cr:488:7 in 'write_string'
|   from lib/kemal/src/kemal/route_handler.cr:174:7 in 'call'
|   from lib/kemal/src/kemal/websocket_handler.cr:13:14 in 'call'
|   from /home/uchiha/playground/crystal/src/http/server/handler.cr:30:7 in 'call_next'
|   from lib/kemal/src/kemal/filter_handler.cr:46:7 in 'call'
|   from /home/uchiha/playground/crystal/src/http/server/handler.cr:30:7 in 'call_next'
|   from src/middlewares/web_api_auth_middleware.cr:8:12 in 'call'
|   from /home/uchiha/playground/crystal/src/http/server/handler.cr:30:7 in 'call_next'
|   from src/middlewares/admin_api_auth_middleware.cr:7:12 in 'call'
|   from /home/uchiha/playground/crystal/src/http/server/handler.cr:30:7 in 'call_next'
|   from /home/uchiha/playground/crystal/src/http/server/handlers/static_file_handler.cr:60:12 in 'call'
|   from /home/uchiha/playground/crystal/src/http/server/handler.cr:30:7 in 'call'
|   from /home/uchiha/playground/crystal/src/http/server/handler.cr:30:7 in 'call'
|   from /home/uchiha/playground/crystal/src/http/server/handler.cr:30:7 in 'call'
|   from /home/uchiha/playground/crystal/src/http/server/handler.cr:30:7 in 'call'
|   from /home/uchiha/playground/crystal/src/http/server/request_processor.cr:58:11 in 'process'
|   from /home/uchiha/playground/crystal/src/http/server.cr:506:5 in '->'
|   from /home/uchiha/playground/crystal/src/fiber.cr:168:11 in 'run'
|   from /home/uchiha/playground/crystal/src/fiber.cr:103:3 in '->'
|   from ???
ERR 2026-08-03T21:12:42.531Z > Unhandled exception on HTTP::Handler
| Closed stream (IO::Error)
|   from /home/uchiha/playground/crystal/src/http/server/response.cr:215:15 in 'content_type='
|   from lib/kemal/src/kemal/helpers/templates.cr:25:3 in 'render_500'
|   from lib/kemal/src/kemal/exception_handler.cr:34:7 in 'call'
|   from /home/uchiha/playground/crystal/src/http/server/handler.cr:30:7 in 'call'
|   from /home/uchiha/playground/crystal/src/http/server/handler.cr:30:7 in 'call'
|   from /home/uchiha/playground/crystal/src/http/server/handler.cr:30:7 in 'call'
|   from /home/uchiha/playground/crystal/src/http/server/request_processor.cr:58:11 in 'process'
|   from /home/uchiha/playground/crystal/src/http/server.cr:506:5 in '->'
|   from /home/uchiha/playground/crystal/src/fiber.cr:168:11 in 'run'
|   from /home/uchiha/playground/crystal/src/fiber.cr:103:3 in '->'
|   from ???
ERR 2026-08-03T21:12:42.544Z > Error while writing data to the client
| Error while writing data to the client (HTTP::Server::ClientError)
|   from /home/uchiha/playground/crystal/src/http/server/response.cr:266:9 in 'unbuffered_write'
|   from /home/uchiha/playground/crystal/src/io/buffered.cr:163:14 in 'write'
|   from /home/uchiha/playground/crystal/src/http/server/response.cr:107:7 in 'write'
|   from /home/uchiha/playground/crystal/src/io.cr:488:7 in 'write_string'
|   from lib/kemal/src/kemal/route_handler.cr:174:7 in 'call'
|   from lib/kemal/src/kemal/websocket_handler.cr:13:14 in 'call'
|   from /home/uchiha/playground/crystal/src/http/server/handler.cr:30:7 in 'call_next'
|   from lib/kemal/src/kemal/filter_handler.cr:46:7 in 'call'
|   from /home/uchiha/playground/crystal/src/http/server/handler.cr:30:7 in 'call_next'
|   from src/middlewares/web_api_auth_middleware.cr:8:12 in 'call'
|   from /home/uchiha/playground/crystal/src/http/server/handler.cr:30:7 in 'call_next'
|   from src/middlewares/admin_api_auth_middleware.cr:7:12 in 'call'
|   from /home/uchiha/playground/crystal/src/http/server/handler.cr:30:7 in 'call_next'
|   from /home/uchiha/playground/crystal/src/http/server/handlers/static_file_handler.cr:60:12 in 'call'
|   from /home/uchiha/playground/crystal/src/http/server/handler.cr:30:7 in 'call'
|   from /home/uchiha/playground/crystal/src/http/server/handler.cr:30:7 in 'call'
|   from /home/uchiha/playground/crystal/src/http/server/handler.cr:30:7 in 'call'
|   from /home/uchiha/playground/crystal/src/http/server/handler.cr:30:7 in 'call'
|   from /home/uchiha/playground/crystal/src/http/server/request_processor.cr:58:11 in 'process'
|   from /home/uchiha/playground/crystal/src/http/server.cr:506:5 in '->'
|   from /home/uchiha/playground/crystal/src/fiber.cr:168:11 in 'run'
|   from /home/uchiha/playground/crystal/src/fiber.cr:103:3 in '->'
|   from ???
| Caused by: write (#<TCPSocket:0x78764a000498>): Broken pipe (IO::Error)
|   from /home/uchiha/playground/crystal/src/crystal/system/thread.cr:72:3 in 'unbuffered_write'
|   from /home/uchiha/playground/crystal/src/io/buffered.cr:163:14 in 'write'
|   from /home/uchiha/playground/crystal/src/http/server/response.cr:282:11 in 'unbuffered_write'
|   from /home/uchiha/playground/crystal/src/io/buffered.cr:163:14 in 'write'
|   from /home/uchiha/playground/crystal/src/http/server/response.cr:107:7 in 'write'
|   from /home/uchiha/playground/crystal/src/io.cr:488:7 in 'write_string'
|   from lib/kemal/src/kemal/route_handler.cr:174:7 in 'call'
|   from lib/kemal/src/kemal/websocket_handler.cr:13:14 in 'call'
|   from /home/uchiha/playground/crystal/src/http/server/handler.cr:30:7 in 'call_next'
|   from lib/kemal/src/kemal/filter_handler.cr:46:7 in 'call'
|   from /home/uchiha/playground/crystal/src/http/server/handler.cr:30:7 in 'call_next'
|   from src/middlewares/web_api_auth_middleware.cr:8:12 in 'call'
|   from /home/uchiha/playground/crystal/src/http/server/handler.cr:30:7 in 'call_next'
|   from src/middlewares/admin_api_auth_middleware.cr:7:12 in 'call'
|   from /home/uchiha/playground/crystal/src/http/server/handler.cr:30:7 in 'call_next'
|   from /home/uchiha/playground/crystal/src/http/server/handlers/static_file_handler.cr:60:12 in 'call'
|   from /home/uchiha/playground/crystal/src/http/server/handler.cr:30:7 in 'call'
|   from /home/uchiha/playground/crystal/src/http/server/handler.cr:30:7 in 'call'
|   from /home/uchiha/playground/crystal/src/http/server/handler.cr:30:7 in 'call'
|   from /home/uchiha/playground/crystal/src/http/server/handler.cr:30:7 in 'call'
|   from /home/uchiha/playground/crystal/src/http/server/request_processor.cr:58:11 in 'process'
|   from /home/uchiha/playground/crystal/src/http/server.cr:506:5 in '->'
|   from /home/uchiha/playground/crystal/src/fiber.cr:168:11 in 'run'
|   from /home/uchiha/playground/crystal/src/fiber.cr:103:3 in '->'
|   from ???
ERR 2026-08-03T21:12:42.544Z > Unhandled exception on HTTP::Handler
| Closed stream (IO::Error)
|   from /home/uchiha/playground/crystal/src/http/server/response.cr:215:15 in 'content_type='
|   from lib/kemal/src/kemal/helpers/templates.cr:25:3 in 'render_500'
|   from lib/kemal/src/kemal/exception_handler.cr:34:7 in 'call'
|   from /home/uchiha/playground/crystal/src/http/server/handler.cr:30:7 in 'call'
|   from /home/uchiha/playground/crystal/src/http/server/handler.cr:30:7 in 'call'
|   from /home/uchiha/playground/crystal/src/http/server/handler.cr:30:7 in 'call'
|   from /home/uchiha/playground/crystal/src/http/server/request_processor.cr:58:11 in 'process'
|   from /home/uchiha/playground/crystal/src/http/server.cr:506:5 in '->'
|   from /home/uchiha/playground/crystal/src/fiber.cr:168:11 in 'run'
|   from /home/uchiha/playground/crystal/src/fiber.cr:103:3 in '->'
|   from ???
ERR 2026-08-03T21:12:42.547Z > Error while writing data to the client
| Error while writing data to the client (HTTP::Server::ClientError)
|   from /home/uchiha/playground/crystal/src/http/server/response.cr:266:9 in 'unbuffered_write'
|   from /home/uchiha/playground/crystal/src/io/buffered.cr:163:14 in 'write'
|   from /home/uchiha/playground/crystal/src/http/server/response.cr:107:7 in 'write'
|   from /home/uchiha/playground/crystal/src/io.cr:488:7 in 'write_string'
|   from lib/kemal/src/kemal/route_handler.cr:174:7 in 'call'
|   from lib/kemal/src/kemal/websocket_handler.cr:13:14 in 'call'
|   from /home/uchiha/playground/crystal/src/http/server/handler.cr:30:7 in 'call_next'
|   from lib/kemal/src/kemal/filter_handler.cr:46:7 in 'call'
|   from /home/uchiha/playground/crystal/src/http/server/handler.cr:30:7 in 'call_next'
|   from src/middlewares/web_api_auth_middleware.cr:8:12 in 'call'
|   from /home/uchiha/playground/crystal/src/http/server/handler.cr:30:7 in 'call_next'
|   from src/middlewares/admin_api_auth_middleware.cr:7:12 in 'call'
|   from /home/uchiha/playground/crystal/src/http/server/handler.cr:30:7 in 'call_next'
|   from /home/uchiha/playground/crystal/src/http/server/handlers/static_file_handler.cr:60:12 in 'call'
|   from /home/uchiha/playground/crystal/src/http/server/handler.cr:30:7 in 'call'
|   from /home/uchiha/playground/crystal/src/http/server/handler.cr:30:7 in 'call'
|   from /home/uchiha/playground/crystal/src/http/server/handler.cr:30:7 in 'call'
|   from /home/uchiha/playground/crystal/src/http/server/handler.cr:30:7 in 'call'
|   from /home/uchiha/playground/crystal/src/http/server/request_processor.cr:58:11 in 'process'
|   from /home/uchiha/playground/crystal/src/http/server.cr:506:5 in '->'
|   from /home/uchiha/playground/crystal/src/fiber.cr:168:11 in 'run'
|   from /home/uchiha/playground/crystal/src/fiber.cr:103:3 in '->'
|   from ???
| Caused by: write (#<TCPSocket:0x78764a006af8>): Broken pipe (IO::Error)
|   from /home/uchiha/playground/crystal/src/crystal/system/thread.cr:72:3 in 'unbuffered_write'
|   from /home/uchiha/playground/crystal/src/io/buffered.cr:163:14 in 'write'
|   from /home/uchiha/playground/crystal/src/http/server/response.cr:282:11 in 'unbuffered_write'
|   from /home/uchiha/playground/crystal/src/io/buffered.cr:163:14 in 'write'
|   from /home/uchiha/playground/crystal/src/http/server/response.cr:107:7 in 'write'
|   from /home/uchiha/playground/crystal/src/io.cr:488:7 in 'write_string'
|   from lib/kemal/src/kemal/route_handler.cr:174:7 in 'call'
|   from lib/kemal/src/kemal/websocket_handler.cr:13:14 in 'call'
|   from /home/uchiha/playground/crystal/src/http/server/handler.cr:30:7 in 'call_next'
|   from lib/kemal/src/kemal/filter_handler.cr:46:7 in 'call'
|   from /home/uchiha/playground/crystal/src/http/server/handler.cr:30:7 in 'call_next'
|   from src/middlewares/web_api_auth_middleware.cr:8:12 in 'call'
|   from /home/uchiha/playground/crystal/src/http/server/handler.cr:30:7 in 'call_next'
|   from src/middlewares/admin_api_auth_middleware.cr:7:12 in 'call'
|   from /home/uchiha/playground/crystal/src/http/server/handler.cr:30:7 in 'call_next'
|   from /home/uchiha/playground/crystal/src/http/server/handlers/static_file_handler.cr:60:12 in 'call'
|   from /home/uchiha/playground/crystal/src/http/server/handler.cr:30:7 in 'call'
|   from /home/uchiha/playground/crystal/src/http/server/handler.cr:30:7 in 'call'
|   from /home/uchiha/playground/crystal/src/http/server/handler.cr:30:7 in 'call'
|   from /home/uchiha/playground/crystal/src/http/server/handler.cr:30:7 in 'call'
|   from /home/uchiha/playground/crystal/src/http/server/request_processor.cr:58:11 in 'process'
|   from /home/uchiha/playground/crystal/src/http/server.cr:506:5 in '->'
|   from /home/uchiha/playground/crystal/src/fiber.cr:168:11 in 'run'
|   from /home/uchiha/playground/crystal/src/fiber.cr:103:3 in '->'
|   from ???
ERR 2026-08-03T21:12:42.547Z > Unhandled exception on HTTP::Handler
| Closed stream (IO::Error)
|   from /home/uchiha/playground/crystal/src/http/server/response.cr:215:15 in 'content_type='
|   from lib/kemal/src/kemal/helpers/templates.cr:25:3 in 'render_500'
|   from lib/kemal/src/kemal/exception_handler.cr:34:7 in 'call'
|   from /home/uchiha/playground/crystal/src/http/server/handler.cr:30:7 in 'call'
|   from /home/uchiha/playground/crystal/src/http/server/handler.cr:30:7 in 'call'
|   from /home/uchiha/playground/crystal/src/http/server/handler.cr:30:7 in 'call'
|   from /home/uchiha/playground/crystal/src/http/server/request_processor.cr:58:11 in 'process'
|   from /home/uchiha/playground/crystal/src/http/server.cr:506:5 in '->'
|   from /home/uchiha/playground/crystal/src/fiber.cr:168:11 in 'run'
|   from /home/uchiha/playground/crystal/src/fiber.cr:103:3 in '->'
|   from ???
ERR 2026-08-03T21:12:42.554Z > Error while writing data to the client
| Error while writing data to the client (HTTP::Server::ClientError)
|   from /home/uchiha/playground/crystal/src/http/server/response.cr:266:9 in 'unbuffered_write'
|   from /home/uchiha/playground/crystal/src/io/buffered.cr:163:14 in 'write'
|   from /home/uchiha/playground/crystal/src/http/server/response.cr:107:7 in 'write'
|   from /home/uchiha/playground/crystal/src/io.cr:488:7 in 'write_string'
|   from lib/kemal/src/kemal/route_handler.cr:174:7 in 'call'
|   from lib/kemal/src/kemal/websocket_handler.cr:13:14 in 'call'
|   from /home/uchiha/playground/crystal/src/http/server/handler.cr:30:7 in 'call_next'
|   from lib/kemal/src/kemal/filter_handler.cr:46:7 in 'call'
|   from /home/uchiha/playground/crystal/src/http/server/handler.cr:30:7 in 'call_next'
|   from src/middlewares/web_api_auth_middleware.cr:8:12 in 'call'
|   from /home/uchiha/playground/crystal/src/http/server/handler.cr:30:7 in 'call_next'
|   from src/middlewares/admin_api_auth_middleware.cr:7:12 in 'call'
|   from /home/uchiha/playground/crystal/src/http/server/handler.cr:30:7 in 'call_next'
|   from /home/uchiha/playground/crystal/src/http/server/handlers/static_file_handler.cr:60:12 in 'call'
|   from /home/uchiha/playground/crystal/src/http/server/handler.cr:30:7 in 'call'
|   from /home/uchiha/playground/crystal/src/http/server/handler.cr:30:7 in 'call'
|   from /home/uchiha/playground/crystal/src/http/server/handler.cr:30:7 in 'call'
|   from /home/uchiha/playground/crystal/src/http/server/handler.cr:30:7 in 'call'
|   from /home/uchiha/playground/crystal/src/http/server/request_processor.cr:58:11 in 'process'
|   from /home/uchiha/playground/crystal/src/http/server.cr:506:5 in '->'
|   from /home/uchiha/playground/crystal/src/fiber.cr:168:11 in 'run'
|   from /home/uchiha/playground/crystal/src/fiber.cr:103:3 in '->'
|   from ???
| Caused by: write (#<TCPSocket:0x78764a008298>): Broken pipe (IO::Error)
|   from /home/uchiha/playground/crystal/src/crystal/system/thread.cr:72:3 in 'unbuffered_write'
|   from /home/uchiha/playground/crystal/src/io/buffered.cr:163:14 in 'write'
|   from /home/uchiha/playground/crystal/src/http/server/response.cr:282:11 in 'unbuffered_write'
|   from /home/uchiha/playground/crystal/src/io/buffered.cr:163:14 in 'write'
|   from /home/uchiha/playground/crystal/src/http/server/response.cr:107:7 in 'write'
|   from /home/uchiha/playground/crystal/src/io.cr:488:7 in 'write_string'
|   from lib/kemal/src/kemal/route_handler.cr:174:7 in 'call'
|   from lib/kemal/src/kemal/websocket_handler.cr:13:14 in 'call'
|   from /home/uchiha/playground/crystal/src/http/server/handler.cr:30:7 in 'call_next'
|   from lib/kemal/src/kemal/filter_handler.cr:46:7 in 'call'
|   from /home/uchiha/playground/crystal/src/http/server/handler.cr:30:7 in 'call_next'
|   from src/middlewares/web_api_auth_middleware.cr:8:12 in 'call'
|   from /home/uchiha/playground/crystal/src/http/server/handler.cr:30:7 in 'call_next'
|   from src/middlewares/admin_api_auth_middleware.cr:7:12 in 'call'
|   from /home/uchiha/playground/crystal/src/http/server/handler.cr:30:7 in 'call_next'
|   from /home/uchiha/playground/crystal/src/http/server/handlers/static_file_handler.cr:60:12 in 'call'
|   from /home/uchiha/playground/crystal/src/http/server/handler.cr:30:7 in 'call'
|   from /home/uchiha/playground/crystal/src/http/server/handler.cr:30:7 in 'call'
|   from /home/uchiha/playground/crystal/src/http/server/handler.cr:30:7 in 'call'
|   from /home/uchiha/playground/crystal/src/http/server/handler.cr:30:7 in 'call'
|   from /home/uchiha/playground/crystal/src/http/server/request_processor.cr:58:11 in 'process'
|   from /home/uchiha/playground/crystal/src/http/server.cr:506:5 in '->'
|   from /home/uchiha/playground/crystal/src/fiber.cr:168:11 in 'run'
|   from /home/uchiha/playground/crystal/src/fiber.cr:103:3 in '->'
|   from ???
ERR 2026-08-03T21:12:42.554Z > Unhandled exception on HTTP::Handler
| Closed stream (IO::Error)
|   from /home/uchiha/playground/crystal/src/http/server/response.cr:215:15 in 'content_type='
|   from lib/kemal/src/kemal/helpers/templates.cr:25:3 in 'render_500'
|   from lib/kemal/src/kemal/exception_handler.cr:34:7 in 'call'
|   from /home/uchiha/playground/crystal/src/http/server/handler.cr:30:7 in 'call'
|   from /home/uchiha/playground/crystal/src/http/server/handler.cr:30:7 in 'call'
|   from /home/uchiha/playground/crystal/src/http/server/handler.cr:30:7 in 'call'
|   from /home/uchiha/playground/crystal/src/http/server/request_processor.cr:58:11 in 'process'
|   from /home/uchiha/playground/crystal/src/http/server.cr:506:5 in '->'
|   from /home/uchiha/playground/crystal/src/fiber.cr:168:11 in 'run'
|   from /home/uchiha/playground/crystal/src/fiber.cr:103:3 in '->'
|   from ???
ERR 2026-08-03T21:12:42.562Z > Error while writing data to the client
| Error while writing data to the client (HTTP::Server::ClientError)
|   from /home/uchiha/playground/crystal/src/http/server/response.cr:266:9 in 'unbuffered_write'
|   from /home/uchiha/playground/crystal/src/io/buffered.cr:163:14 in 'write'
|   from /home/uchiha/playground/crystal/src/http/server/response.cr:107:7 in 'write'
|   from /home/uchiha/playground/crystal/src/io.cr:488:7 in 'write_string'
|   from lib/kemal/src/kemal/route_handler.cr:174:7 in 'call'
|   from lib/kemal/src/kemal/websocket_handler.cr:13:14 in 'call'
|   from /home/uchiha/playground/crystal/src/http/server/handler.cr:30:7 in 'call_next'
|   from lib/kemal/src/kemal/filter_handler.cr:46:7 in 'call'
|   from /home/uchiha/playground/crystal/src/http/server/handler.cr:30:7 in 'call_next'
|   from src/middlewares/web_api_auth_middleware.cr:8:12 in 'call'
|   from /home/uchiha/playground/crystal/src/http/server/handler.cr:30:7 in 'call_next'
|   from src/middlewares/admin_api_auth_middleware.cr:7:12 in 'call'
|   from /home/uchiha/playground/crystal/src/http/server/handler.cr:30:7 in 'call_next'
|   from /home/uchiha/playground/crystal/src/http/server/handlers/static_file_handler.cr:60:12 in 'call'
|   from /home/uchiha/playground/crystal/src/http/server/handler.cr:30:7 in 'call'
|   from /home/uchiha/playground/crystal/src/http/server/handler.cr:30:7 in 'call'
|   from /home/uchiha/playground/crystal/src/http/server/handler.cr:30:7 in 'call'
|   from /home/uchiha/playground/crystal/src/http/server/handler.cr:30:7 in 'call'
|   from /home/uchiha/playground/crystal/src/http/server/request_processor.cr:58:11 in 'process'
|   from /home/uchiha/playground/crystal/src/http/server.cr:506:5 in '->'
|   from /home/uchiha/playground/crystal/src/fiber.cr:168:11 in 'run'
|   from /home/uchiha/playground/crystal/src/fiber.cr:103:3 in '->'
|   from ???
| Caused by: write (#<TCPSocket:0x78764a003e58>): Broken pipe (IO::Error)
|   from /home/uchiha/playground/crystal/src/crystal/system/thread.cr:72:3 in 'unbuffered_write'
|   from /home/uchiha/playground/crystal/src/io/buffered.cr:163:14 in 'write'
|   from /home/uchiha/playground/crystal/src/http/server/response.cr:282:11 in 'unbuffered_write'
|   from /home/uchiha/playground/crystal/src/io/buffered.cr:163:14 in 'write'
|   from /home/uchiha/playground/crystal/src/http/server/response.cr:107:7 in 'write'
|   from /home/uchiha/playground/crystal/src/io.cr:488:7 in 'write_string'
|   from lib/kemal/src/kemal/route_handler.cr:174:7 in 'call'
|   from lib/kemal/src/kemal/websocket_handler.cr:13:14 in 'call'
|   from /home/uchiha/playground/crystal/src/http/server/handler.cr:30:7 in 'call_next'
|   from lib/kemal/src/kemal/filter_handler.cr:46:7 in 'call'
|   from /home/uchiha/playground/crystal/src/http/server/handler.cr:30:7 in 'call_next'
|   from src/middlewares/web_api_auth_middleware.cr:8:12 in 'call'
|   from /home/uchiha/playground/crystal/src/http/server/handler.cr:30:7 in 'call_next'
|   from src/middlewares/admin_api_auth_middleware.cr:7:12 in 'call'
|   from /home/uchiha/playground/crystal/src/http/server/handler.cr:30:7 in 'call_next'
|   from /home/uchiha/playground/crystal/src/http/server/handlers/static_file_handler.cr:60:12 in 'call'
|   from /home/uchiha/playground/crystal/src/http/server/handler.cr:30:7 in 'call'
|   from /home/uchiha/playground/crystal/src/http/server/handler.cr:30:7 in 'call'
|   from /home/uchiha/playground/crystal/src/http/server/handler.cr:30:7 in 'call'
|   from /home/uchiha/playground/crystal/src/http/server/handler.cr:30:7 in 'call'
|   from /home/uchiha/playground/crystal/src/http/server/request_processor.cr:58:11 in 'process'
|   from /home/uchiha/playground/crystal/src/http/server.cr:506:5 in '->'
|   from /home/uchiha/playground/crystal/src/fiber.cr:168:11 in 'run'
|   from /home/uchiha/playground/crystal/src/fiber.cr:103:3 in '->'
|   from ???
ERR 2026-08-03T21:12:42.562Z > Unhandled exception on HTTP::Handler
| Closed stream (IO::Error)
|   from /home/uchiha/playground/crystal/src/http/server/response.cr:215:15 in 'content_type='
|   from lib/kemal/src/kemal/helpers/templates.cr:25:3 in 'render_500'
|   from lib/kemal/src/kemal/exception_handler.cr:34:7 in 'call'
|   from /home/uchiha/playground/crystal/src/http/server/handler.cr:30:7 in 'call'
|   from /home/uchiha/playground/crystal/src/http/server/handler.cr:30:7 in 'call'
|   from /home/uchiha/playground/crystal/src/http/server/handler.cr:30:7 in 'call'
|   from /home/uchiha/playground/crystal/src/http/server/request_processor.cr:58:11 in 'process'
|   from /home/uchiha/playground/crystal/src/http/server.cr:506:5 in '->'
|   from /home/uchiha/playground/crystal/src/fiber.cr:168:11 in 'run'
|   from /home/uchiha/playground/crystal/src/fiber.cr:103:3 in '->'
|   from ???
ERR 2026-08-03T21:12:42.568Z > Error while writing data to the client
| Error while writing data to the client (HTTP::Server::ClientError)
|   from /home/uchiha/playground/crystal/src/http/server/response.cr:266:9 in 'unbuffered_write'
|   from /home/uchiha/playground/crystal/src/io/buffered.cr:163:14 in 'write'
|   from /home/uchiha/playground/crystal/src/http/server/response.cr:107:7 in 'write'
|   from /home/uchiha/playground/crystal/src/io.cr:488:7 in 'write_string'
|   from lib/kemal/src/kemal/route_handler.cr:174:7 in 'call'
|   from lib/kemal/src/kemal/websocket_handler.cr:13:14 in 'call'
|   from /home/uchiha/playground/crystal/src/http/server/handler.cr:30:7 in 'call_next'
|   from lib/kemal/src/kemal/filter_handler.cr:46:7 in 'call'
|   from /home/uchiha/playground/crystal/src/http/server/handler.cr:30:7 in 'call_next'
|   from src/middlewares/web_api_auth_middleware.cr:8:12 in 'call'
|   from /home/uchiha/playground/crystal/src/http/server/handler.cr:30:7 in 'call_next'
|   from src/middlewares/admin_api_auth_middleware.cr:7:12 in 'call'
|   from /home/uchiha/playground/crystal/src/http/server/handler.cr:30:7 in 'call_next'
|   from /home/uchiha/playground/crystal/src/http/server/handlers/static_file_handler.cr:60:12 in 'call'
|   from /home/uchiha/playground/crystal/src/http/server/handler.cr:30:7 in 'call'
|   from /home/uchiha/playground/crystal/src/http/server/handler.cr:30:7 in 'call'
|   from /home/uchiha/playground/crystal/src/http/server/handler.cr:30:7 in 'call'
|   from /home/uchiha/playground/crystal/src/http/server/handler.cr:30:7 in 'call'
|   from /home/uchiha/playground/crystal/src/http/server/request_processor.cr:58:11 in 'process'
|   from /home/uchiha/playground/crystal/src/http/server.cr:506:5 in '->'
|   from /home/uchiha/playground/crystal/src/fiber.cr:168:11 in 'run'
|   from /home/uchiha/playground/crystal/src/fiber.cr:103:3 in '->'
|   from ???
| Caused by: write (#<TCPSocket:0x78764a0011b8>): Broken pipe (IO::Error)
|   from /home/uchiha/playground/crystal/src/crystal/system/thread.cr:72:3 in 'unbuffered_write'
|   from /home/uchiha/playground/crystal/src/io/buffered.cr:163:14 in 'write'
|   from /home/uchiha/playground/crystal/src/http/server/response.cr:282:11 in 'unbuffered_write'
|   from /home/uchiha/playground/crystal/src/io/buffered.cr:163:14 in 'write'
|   from /home/uchiha/playground/crystal/src/http/server/response.cr:107:7 in 'write'
|   from /home/uchiha/playground/crystal/src/io.cr:488:7 in 'write_string'
|   from lib/kemal/src/kemal/route_handler.cr:174:7 in 'call'
|   from lib/kemal/src/kemal/websocket_handler.cr:13:14 in 'call'
|   from /home/uchiha/playground/crystal/src/http/server/handler.cr:30:7 in 'call_next'
|   from lib/kemal/src/kemal/filter_handler.cr:46:7 in 'call'
|   from /home/uchiha/playground/crystal/src/http/server/handler.cr:30:7 in 'call_next'
|   from src/middlewares/web_api_auth_middleware.cr:8:12 in 'call'
|   from /home/uchiha/playground/crystal/src/http/server/handler.cr:30:7 in 'call_next'
|   from src/middlewares/admin_api_auth_middleware.cr:7:12 in 'call'
|   from /home/uchiha/playground/crystal/src/http/server/handler.cr:30:7 in 'call_next'
|   from /home/uchiha/playground/crystal/src/http/server/handlers/static_file_handler.cr:60:12 in 'call'
|   from /home/uchiha/playground/crystal/src/http/server/handler.cr:30:7 in 'call'
|   from /home/uchiha/playground/crystal/src/http/server/handler.cr:30:7 in 'call'
|   from /home/uchiha/playground/crystal/src/http/server/handler.cr:30:7 in 'call'
|   from /home/uchiha/playground/crystal/src/http/server/handler.cr:30:7 in 'call'
|   from /home/uchiha/playground/crystal/src/http/server/request_processor.cr:58:11 in 'process'
|   from /home/uchiha/playground/crystal/src/http/server.cr:506:5 in '->'
|   from /home/uchiha/playground/crystal/src/fiber.cr:168:11 in 'run'
|   from /home/uchiha/playground/crystal/src/fiber.cr:103:3 in '->'
|   from ???
ERR 2026-08-03T21:12:42.568Z > Unhandled exception on HTTP::Handler
| Closed stream (IO::Error)
|   from /home/uchiha/playground/crystal/src/http/server/response.cr:215:15 in 'content_type='
|   from lib/kemal/src/kemal/helpers/templates.cr:25:3 in 'render_500'
|   from lib/kemal/src/kemal/exception_handler.cr:34:7 in 'call'
|   from /home/uchiha/playground/crystal/src/http/server/handler.cr:30:7 in 'call'
|   from /home/uchiha/playground/crystal/src/http/server/handler.cr:30:7 in 'call'
|   from /home/uchiha/playground/crystal/src/http/server/handler.cr:30:7 in 'call'
|   from /home/uchiha/playground/crystal/src/http/server/request_processor.cr:58:11 in 'process'
|   from /home/uchiha/playground/crystal/src/http/server.cr:506:5 in '->'
|   from /home/uchiha/playground/crystal/src/fiber.cr:168:11 in 'run'
|   from /home/uchiha/playground/crystal/src/fiber.cr:103:3 in '->'
|   from ???
ERR 2026-08-03T21:12:42.570Z > Error while writing data to the client
| Error while writing data to the client (HTTP::Server::ClientError)
|   from /home/uchiha/playground/crystal/src/http/server/response.cr:266:9 in 'unbuffered_write'
|   from /home/uchiha/playground/crystal/src/io/buffered.cr:163:14 in 'write'
|   from /home/uchiha/playground/crystal/src/http/server/response.cr:107:7 in 'write'
|   from /home/uchiha/playground/crystal/src/io.cr:488:7 in 'write_string'
|   from lib/kemal/src/kemal/route_handler.cr:174:7 in 'call'
|   from lib/kemal/src/kemal/websocket_handler.cr:13:14 in 'call'
|   from /home/uchiha/playground/crystal/src/http/server/handler.cr:30:7 in 'call_next'
|   from lib/kemal/src/kemal/filter_handler.cr:46:7 in 'call'
|   from /home/uchiha/playground/crystal/src/http/server/handler.cr:30:7 in 'call_next'
|   from src/middlewares/web_api_auth_middleware.cr:8:12 in 'call'
|   from /home/uchiha/playground/crystal/src/http/server/handler.cr:30:7 in 'call_next'
|   from src/middlewares/admin_api_auth_middleware.cr:7:12 in 'call'
|   from /home/uchiha/playground/crystal/src/http/server/handler.cr:30:7 in 'call_next'
|   from /home/uchiha/playground/crystal/src/http/server/handlers/static_file_handler.cr:60:12 in 'call'
|   from /home/uchiha/playground/crystal/src/http/server/handler.cr:30:7 in 'call'
|   from /home/uchiha/playground/crystal/src/http/server/handler.cr:30:7 in 'call'
|   from /home/uchiha/playground/crystal/src/http/server/handler.cr:30:7 in 'call'
|   from /home/uchiha/playground/crystal/src/http/server/handler.cr:30:7 in 'call'
|   from /home/uchiha/playground/crystal/src/http/server/request_processor.cr:58:11 in 'process'
|   from /home/uchiha/playground/crystal/src/http/server.cr:506:5 in '->'
|   from /home/uchiha/playground/crystal/src/fiber.cr:168:11 in 'run'
|   from /home/uchiha/playground/crystal/src/fiber.cr:103:3 in '->'
|   from ???
| Caused by: write (#<TCPSocket:0x78764a006ee8>): Broken pipe (IO::Error)
|   from /home/uchiha/playground/crystal/src/crystal/system/thread.cr:72:3 in 'unbuffered_write'
|   from /home/uchiha/playground/crystal/src/io/buffered.cr:163:14 in 'write'
|   from /home/uchiha/playground/crystal/src/http/server/response.cr:282:11 in 'unbuffered_write'
|   from /home/uchiha/playground/crystal/src/io/buffered.cr:163:14 in 'write'
|   from /home/uchiha/playground/crystal/src/http/server/response.cr:107:7 in 'write'
|   from /home/uchiha/playground/crystal/src/io.cr:488:7 in 'write_string'
|   from lib/kemal/src/kemal/route_handler.cr:174:7 in 'call'
|   from lib/kemal/src/kemal/websocket_handler.cr:13:14 in 'call'
|   from /home/uchiha/playground/crystal/src/http/server/handler.cr:30:7 in 'call_next'
|   from lib/kemal/src/kemal/filter_handler.cr:46:7 in 'call'
|   from /home/uchiha/playground/crystal/src/http/server/handler.cr:30:7 in 'call_next'
|   from src/middlewares/web_api_auth_middleware.cr:8:12 in 'call'
|   from /home/uchiha/playground/crystal/src/http/server/handler.cr:30:7 in 'call_next'
|   from src/middlewares/admin_api_auth_middleware.cr:7:12 in 'call'
|   from /home/uchiha/playground/crystal/src/http/server/handler.cr:30:7 in 'call_next'
|   from /home/uchiha/playground/crystal/src/http/server/handlers/static_file_handler.cr:60:12 in 'call'
|   from /home/uchiha/playground/crystal/src/http/server/handler.cr:30:7 in 'call'
|   from /home/uchiha/playground/crystal/src/http/server/handler.cr:30:7 in 'call'
|   from /home/uchiha/playground/crystal/src/http/server/handler.cr:30:7 in 'call'
|   from /home/uchiha/playground/crystal/src/http/server/handler.cr:30:7 in 'call'
|   from /home/uchiha/playground/crystal/src/http/server/request_processor.cr:58:11 in 'process'
|   from /home/uchiha/playground/crystal/src/http/server.cr:506:5 in '->'
|   from /home/uchiha/playground/crystal/src/fiber.cr:168:11 in 'run'
|   from /home/uchiha/playground/crystal/src/fiber.cr:103:3 in '->'
|   from ???
ERR 2026-08-03T21:12:42.570Z > Unhandled exception on HTTP::Handler
| Closed stream (IO::Error)
|   from /home/uchiha/playground/crystal/src/http/server/response.cr:215:15 in 'content_type='
|   from lib/kemal/src/kemal/helpers/templates.cr:25:3 in 'render_500'
|   from lib/kemal/src/kemal/exception_handler.cr:34:7 in 'call'
|   from /home/uchiha/playground/crystal/src/http/server/handler.cr:30:7 in 'call'
|   from /home/uchiha/playground/crystal/src/http/server/handler.cr:30:7 in 'call'
|   from /home/uchiha/playground/crystal/src/http/server/handler.cr:30:7 in 'call'
|   from /home/uchiha/playground/crystal/src/http/server/request_processor.cr:58:11 in 'process'
|   from /home/uchiha/playground/crystal/src/http/server.cr:506:5 in '->'
|   from /home/uchiha/playground/crystal/src/fiber.cr:168:11 in 'run'
|   from /home/uchiha/playground/crystal/src/fiber.cr:103:3 in '->'
|   from ???
ERR 2026-08-03T21:12:42.579Z > Error while writing data to the client
| Error while writing data to the client (HTTP::Server::ClientError)
|   from /home/uchiha/playground/crystal/src/http/server/response.cr:266:9 in 'unbuffered_write'
|   from /home/uchiha/playground/crystal/src/io/buffered.cr:163:14 in 'write'
|   from /home/uchiha/playground/crystal/src/http/server/response.cr:107:7 in 'write'
|   from /home/uchiha/playground/crystal/src/io.cr:488:7 in 'write_string'
|   from lib/kemal/src/kemal/route_handler.cr:174:7 in 'call'
|   from lib/kemal/src/kemal/websocket_handler.cr:13:14 in 'call'
|   from /home/uchiha/playground/crystal/src/http/server/handler.cr:30:7 in 'call_next'
|   from lib/kemal/src/kemal/filter_handler.cr:46:7 in 'call'
|   from /home/uchiha/playground/crystal/src/http/server/handler.cr:30:7 in 'call_next'
|   from src/middlewares/web_api_auth_middleware.cr:8:12 in 'call'
|   from /home/uchiha/playground/crystal/src/http/server/handler.cr:30:7 in 'call_next'
|   from src/middlewares/admin_api_auth_middleware.cr:7:12 in 'call'
|   from /home/uchiha/playground/crystal/src/http/server/handler.cr:30:7 in 'call_next'
|   from /home/uchiha/playground/crystal/src/http/server/handlers/static_file_handler.cr:60:12 in 'call'
|   from /home/uchiha/playground/crystal/src/http/server/handler.cr:30:7 in 'call'
|   from /home/uchiha/playground/crystal/src/http/server/handler.cr:30:7 in 'call'
|   from /home/uchiha/playground/crystal/src/http/server/handler.cr:30:7 in 'call'
|   from /home/uchiha/playground/crystal/src/http/server/handler.cr:30:7 in 'call'
|   from /home/uchiha/playground/crystal/src/http/server/request_processor.cr:58:11 in 'process'
|   from /home/uchiha/playground/crystal/src/http/server.cr:506:5 in '->'
|   from /home/uchiha/playground/crystal/src/fiber.cr:168:11 in 'run'
|   from /home/uchiha/playground/crystal/src/fiber.cr:103:3 in '->'
|   from ???
| Caused by: write (#<TCPSocket:0x78764a0016f8>): Broken pipe (IO::Error)
|   from /home/uchiha/playground/crystal/src/crystal/system/thread.cr:72:3 in 'unbuffered_write'
|   from /home/uchiha/playground/crystal/src/io/buffered.cr:163:14 in 'write'
|   from /home/uchiha/playground/crystal/src/http/server/response.cr:282:11 in 'unbuffered_write'
|   from /home/uchiha/playground/crystal/src/io/buffered.cr:163:14 in 'write'
|   from /home/uchiha/playground/crystal/src/http/server/response.cr:107:7 in 'write'
|   from /home/uchiha/playground/crystal/src/io.cr:488:7 in 'write_string'
|   from lib/kemal/src/kemal/route_handler.cr:174:7 in 'call'
|   from lib/kemal/src/kemal/websocket_handler.cr:13:14 in 'call'
|   from /home/uchiha/playground/crystal/src/http/server/handler.cr:30:7 in 'call_next'
|   from lib/kemal/src/kemal/filter_handler.cr:46:7 in 'call'
|   from /home/uchiha/playground/crystal/src/http/server/handler.cr:30:7 in 'call_next'
|   from src/middlewares/web_api_auth_middleware.cr:8:12 in 'call'
|   from /home/uchiha/playground/crystal/src/http/server/handler.cr:30:7 in 'call_next'
|   from src/middlewares/admin_api_auth_middleware.cr:7:12 in 'call'
|   from /home/uchiha/playground/crystal/src/http/server/handler.cr:30:7 in 'call_next'
|   from /home/uchiha/playground/crystal/src/http/server/handlers/static_file_handler.cr:60:12 in 'call'
|   from /home/uchiha/playground/crystal/src/http/server/handler.cr:30:7 in 'call'
|   from /home/uchiha/playground/crystal/src/http/server/handler.cr:30:7 in 'call'
|   from /home/uchiha/playground/crystal/src/http/server/handler.cr:30:7 in 'call'
|   from /home/uchiha/playground/crystal/src/http/server/handler.cr:30:7 in 'call'
|   from /home/uchiha/playground/crystal/src/http/server/request_processor.cr:58:11 in 'process'
|   from /home/uchiha/playground/crystal/src/http/server.cr:506:5 in '->'
|   from /home/uchiha/playground/crystal/src/fiber.cr:168:11 in 'run'
|   from /home/uchiha/playground/crystal/src/fiber.cr:103:3 in '->'
|   from ???
ERR 2026-08-03T21:12:42.579Z > Unhandled exception on HTTP::Handler
| Closed stream (IO::Error)
|   from /home/uchiha/playground/crystal/src/http/server/response.cr:215:15 in 'content_type='
|   from lib/kemal/src/kemal/helpers/templates.cr:25:3 in 'render_500'
|   from lib/kemal/src/kemal/exception_handler.cr:34:7 in 'call'
|   from /home/uchiha/playground/crystal/src/http/server/handler.cr:30:7 in 'call'
|   from /home/uchiha/playground/crystal/src/http/server/handler.cr:30:7 in 'call'
|   from /home/uchiha/playground/crystal/src/http/server/handler.cr:30:7 in 'call'
|   from /home/uchiha/playground/crystal/src/http/server/request_processor.cr:58:11 in 'process'
|   from /home/uchiha/playground/crystal/src/http/server.cr:506:5 in '->'
|   from /home/uchiha/playground/crystal/src/fiber.cr:168:11 in 'run'
|   from /home/uchiha/playground/crystal/src/fiber.cr:103:3 in '->'
|   from ???
ERR 2026-08-03T21:12:42.584Z > Error while writing data to the client
| Error while writing data to the client (HTTP::Server::ClientError)
|   from /home/uchiha/playground/crystal/src/http/server/response.cr:266:9 in 'unbuffered_write'
|   from /home/uchiha/playground/crystal/src/io/buffered.cr:163:14 in 'write'
|   from /home/uchiha/playground/crystal/src/http/server/response.cr:107:7 in 'write'
|   from /home/uchiha/playground/crystal/src/io.cr:488:7 in 'write_string'
|   from lib/kemal/src/kemal/route_handler.cr:174:7 in 'call'
|   from lib/kemal/src/kemal/websocket_handler.cr:13:14 in 'call'
|   from /home/uchiha/playground/crystal/src/http/server/handler.cr:30:7 in 'call_next'
|   from lib/kemal/src/kemal/filter_handler.cr:46:7 in 'call'
|   from /home/uchiha/playground/crystal/src/http/server/handler.cr:30:7 in 'call_next'
|   from src/middlewares/web_api_auth_middleware.cr:8:12 in 'call'
|   from /home/uchiha/playground/crystal/src/http/server/handler.cr:30:7 in 'call_next'
|   from src/middlewares/admin_api_auth_middleware.cr:7:12 in 'call'
|   from /home/uchiha/playground/crystal/src/http/server/handler.cr:30:7 in 'call_next'
|   from /home/uchiha/playground/crystal/src/http/server/handlers/static_file_handler.cr:60:12 in 'call'
|   from /home/uchiha/playground/crystal/src/http/server/handler.cr:30:7 in 'call'
|   from /home/uchiha/playground/crystal/src/http/server/handler.cr:30:7 in 'call'
|   from /home/uchiha/playground/crystal/src/http/server/handler.cr:30:7 in 'call'
|   from /home/uchiha/playground/crystal/src/http/server/handler.cr:30:7 in 'call'
|   from /home/uchiha/playground/crystal/src/http/server/request_processor.cr:58:11 in 'process'
|   from /home/uchiha/playground/crystal/src/http/server.cr:506:5 in '->'
|   from /home/uchiha/playground/crystal/src/fiber.cr:168:11 in 'run'
|   from /home/uchiha/playground/crystal/src/fiber.cr:103:3 in '->'
|   from ???
| Caused by: write (#<TCPSocket:0x78764a000f18>): Broken pipe (IO::Error)
|   from /home/uchiha/playground/crystal/src/crystal/system/thread.cr:72:3 in 'unbuffered_write'
|   from /home/uchiha/playground/crystal/src/io/buffered.cr:163:14 in 'write'
|   from /home/uchiha/playground/crystal/src/http/server/response.cr:282:11 in 'unbuffered_write'
|   from /home/uchiha/playground/crystal/src/io/buffered.cr:163:14 in 'write'
|   from /home/uchiha/playground/crystal/src/http/server/response.cr:107:7 in 'write'
|   from /home/uchiha/playground/crystal/src/io.cr:488:7 in 'write_string'
|   from lib/kemal/src/kemal/route_handler.cr:174:7 in 'call'
|   from lib/kemal/src/kemal/websocket_handler.cr:13:14 in 'call'
|   from /home/uchiha/playground/crystal/src/http/server/handler.cr:30:7 in 'call_next'
|   from lib/kemal/src/kemal/filter_handler.cr:46:7 in 'call'
|   from /home/uchiha/playground/crystal/src/http/server/handler.cr:30:7 in 'call_next'
|   from src/middlewares/web_api_auth_middleware.cr:8:12 in 'call'
|   from /home/uchiha/playground/crystal/src/http/server/handler.cr:30:7 in 'call_next'
|   from src/middlewares/admin_api_auth_middleware.cr:7:12 in 'call'
|   from /home/uchiha/playground/crystal/src/http/server/handler.cr:30:7 in 'call_next'
|   from /home/uchiha/playground/crystal/src/http/server/handlers/static_file_handler.cr:60:12 in 'call'
|   from /home/uchiha/playground/crystal/src/http/server/handler.cr:30:7 in 'call'
|   from /home/uchiha/playground/crystal/src/http/server/handler.cr:30:7 in 'call'
|   from /home/uchiha/playground/crystal/src/http/server/handler.cr:30:7 in 'call'
|   from /home/uchiha/playground/crystal/src/http/server/handler.cr:30:7 in 'call'
|   from /home/uchiha/playground/crystal/src/http/server/request_processor.cr:58:11 in 'process'
|   from /home/uchiha/playground/crystal/src/http/server.cr:506:5 in '->'
|   from /home/uchiha/playground/crystal/src/fiber.cr:168:11 in 'run'
|   from /home/uchiha/playground/crystal/src/fiber.cr:103:3 in '->'
|   from ???
ERR 2026-08-03T21:12:42.584Z > Unhandled exception on HTTP::Handler
| Closed stream (IO::Error)
|   from /home/uchiha/playground/crystal/src/http/server/response.cr:215:15 in 'content_type='
|   from lib/kemal/src/kemal/helpers/templates.cr:25:3 in 'render_500'
|   from lib/kemal/src/kemal/exception_handler.cr:34:7 in 'call'
|   from /home/uchiha/playground/crystal/src/http/server/handler.cr:30:7 in 'call'
|   from /home/uchiha/playground/crystal/src/http/server/handler.cr:30:7 in 'call'
|   from /home/uchiha/playground/crystal/src/http/server/handler.cr:30:7 in 'call'
|   from /home/uchiha/playground/crystal/src/http/server/request_processor.cr:58:11 in 'process'
|   from /home/uchiha/playground/crystal/src/http/server.cr:506:5 in '->'
|   from /home/uchiha/playground/crystal/src/fiber.cr:168:11 in 'run'
|   from /home/uchiha/playground/crystal/src/fiber.cr:103:3 in '->'
|   from ???
ERR 2026-08-03T21:12:42.595Z > Error while writing data to the client
| Error while writing data to the client (HTTP::Server::ClientError)
|   from /home/uchiha/playground/crystal/src/http/server/response.cr:266:9 in 'unbuffered_write'
|   from /home/uchiha/playground/crystal/src/io/buffered.cr:163:14 in 'write'
|   from /home/uchiha/playground/crystal/src/http/server/response.cr:107:7 in 'write'
|   from /home/uchiha/playground/crystal/src/io.cr:488:7 in 'write_string'
|   from lib/kemal/src/kemal/route_handler.cr:174:7 in 'call'
|   from lib/kemal/src/kemal/websocket_handler.cr:13:14 in 'call'
|   from /home/uchiha/playground/crystal/src/http/server/handler.cr:30:7 in 'call_next'
|   from lib/kemal/src/kemal/filter_handler.cr:46:7 in 'call'
|   from /home/uchiha/playground/crystal/src/http/server/handler.cr:30:7 in 'call_next'
|   from src/middlewares/web_api_auth_middleware.cr:8:12 in 'call'
|   from /home/uchiha/playground/crystal/src/http/server/handler.cr:30:7 in 'call_next'
|   from src/middlewares/admin_api_auth_middleware.cr:7:12 in 'call'
|   from /home/uchiha/playground/crystal/src/http/server/handler.cr:30:7 in 'call_next'
|   from /home/uchiha/playground/crystal/src/http/server/handlers/static_file_handler.cr:60:12 in 'call'
|   from /home/uchiha/playground/crystal/src/http/server/handler.cr:30:7 in 'call'
|   from /home/uchiha/playground/crystal/src/http/server/handler.cr:30:7 in 'call'
|   from /home/uchiha/playground/crystal/src/http/server/handler.cr:30:7 in 'call'
|   from /home/uchiha/playground/crystal/src/http/server/handler.cr:30:7 in 'call'
|   from /home/uchiha/playground/crystal/src/http/server/request_processor.cr:58:11 in 'process'
|   from /home/uchiha/playground/crystal/src/http/server.cr:506:5 in '->'
|   from /home/uchiha/playground/crystal/src/fiber.cr:168:11 in 'run'
|   from /home/uchiha/playground/crystal/src/fiber.cr:103:3 in '->'
|   from ???
| Caused by: write (#<TCPSocket:0x78764a006708>): Broken pipe (IO::Error)
|   from /home/uchiha/playground/crystal/src/crystal/system/thread.cr:72:3 in 'unbuffered_write'
|   from /home/uchiha/playground/crystal/src/io/buffered.cr:163:14 in 'write'
|   from /home/uchiha/playground/crystal/src/http/server/response.cr:282:11 in 'unbuffered_write'
|   from /home/uchiha/playground/crystal/src/io/buffered.cr:163:14 in 'write'
|   from /home/uchiha/playground/crystal/src/http/server/response.cr:107:7 in 'write'
|   from /home/uchiha/playground/crystal/src/io.cr:488:7 in 'write_string'
|   from lib/kemal/src/kemal/route_handler.cr:174:7 in 'call'
|   from lib/kemal/src/kemal/websocket_handler.cr:13:14 in 'call'
|   from /home/uchiha/playground/crystal/src/http/server/handler.cr:30:7 in 'call_next'
|   from lib/kemal/src/kemal/filter_handler.cr:46:7 in 'call'
|   from /home/uchiha/playground/crystal/src/http/server/handler.cr:30:7 in 'call_next'
|   from src/middlewares/web_api_auth_middleware.cr:8:12 in 'call'
|   from /home/uchiha/playground/crystal/src/http/server/handler.cr:30:7 in 'call_next'
|   from src/middlewares/admin_api_auth_middleware.cr:7:12 in 'call'
|   from /home/uchiha/playground/crystal/src/http/server/handler.cr:30:7 in 'call_next'
|   from /home/uchiha/playground/crystal/src/http/server/handlers/static_file_handler.cr:60:12 in 'call'
|   from /home/uchiha/playground/crystal/src/http/server/handler.cr:30:7 in 'call'
|   from /home/uchiha/playground/crystal/src/http/server/handler.cr:30:7 in 'call'
|   from /home/uchiha/playground/crystal/src/http/server/handler.cr:30:7 in 'call'
|   from /home/uchiha/playground/crystal/src/http/server/handler.cr:30:7 in 'call'
|   from /home/uchiha/playground/crystal/src/http/server/request_processor.cr:58:11 in 'process'
|   from /home/uchiha/playground/crystal/src/http/server.cr:506:5 in '->'
|   from /home/uchiha/playground/crystal/src/fiber.cr:168:11 in 'run'
|   from /home/uchiha/playground/crystal/src/fiber.cr:103:3 in '->'
|   from ???
ERR 2026-08-03T21:12:42.595Z > Unhandled exception on HTTP::Handler
| Closed stream (IO::Error)
|   from /home/uchiha/playground/crystal/src/http/server/response.cr:215:15 in 'content_type='
|   from lib/kemal/src/kemal/helpers/templates.cr:25:3 in 'render_500'
|   from lib/kemal/src/kemal/exception_handler.cr:34:7 in 'call'
|   from /home/uchiha/playground/crystal/src/http/server/handler.cr:30:7 in 'call'
|   from /home/uchiha/playground/crystal/src/http/server/handler.cr:30:7 in 'call'
|   from /home/uchiha/playground/crystal/src/http/server/handler.cr:30:7 in 'call'
|   from /home/uchiha/playground/crystal/src/http/server/request_processor.cr:58:11 in 'process'
|   from /home/uchiha/playground/crystal/src/http/server.cr:506:5 in '->'
|   from /home/uchiha/playground/crystal/src/fiber.cr:168:11 in 'run'
|   from /home/uchiha/playground/crystal/src/fiber.cr:103:3 in '->'
|   from ???
ERR 2026-08-03T21:12:42.598Z > Error while writing data to the client
| Error while writing data to the client (HTTP::Server::ClientError)
|   from /home/uchiha/playground/crystal/src/http/server/response.cr:266:9 in 'unbuffered_write'
|   from /home/uchiha/playground/crystal/src/io/buffered.cr:163:14 in 'write'
|   from /home/uchiha/playground/crystal/src/http/server/response.cr:107:7 in 'write'
|   from /home/uchiha/playground/crystal/src/io.cr:488:7 in 'write_string'
|   from lib/kemal/src/kemal/route_handler.cr:174:7 in 'call'
|   from lib/kemal/src/kemal/websocket_handler.cr:13:14 in 'call'
|   from /home/uchiha/playground/crystal/src/http/server/handler.cr:30:7 in 'call_next'
|   from lib/kemal/src/kemal/filter_handler.cr:46:7 in 'call'
|   from /home/uchiha/playground/crystal/src/http/server/handler.cr:30:7 in 'call_next'
|   from src/middlewares/web_api_auth_middleware.cr:8:12 in 'call'
|   from /home/uchiha/playground/crystal/src/http/server/handler.cr:30:7 in 'call_next'
|   from src/middlewares/admin_api_auth_middleware.cr:7:12 in 'call'
|   from /home/uchiha/playground/crystal/src/http/server/handler.cr:30:7 in 'call_next'
|   from /home/uchiha/playground/crystal/src/http/server/handlers/static_file_handler.cr:60:12 in 'call'
|   from /home/uchiha/playground/crystal/src/http/server/handler.cr:30:7 in 'call'
|   from /home/uchiha/playground/crystal/src/http/server/handler.cr:30:7 in 'call'
|   from /home/uchiha/playground/crystal/src/http/server/handler.cr:30:7 in 'call'
|   from /home/uchiha/playground/crystal/src/http/server/handler.cr:30:7 in 'call'
|   from /home/uchiha/playground/crystal/src/http/server/request_processor.cr:58:11 in 'process'
|   from /home/uchiha/playground/crystal/src/http/server.cr:506:5 in '->'
|   from /home/uchiha/playground/crystal/src/fiber.cr:168:11 in 'run'
|   from /home/uchiha/playground/crystal/src/fiber.cr:103:3 in '->'
|   from ???
| Caused by: write (#<TCPSocket:0x78764a0072d8>): Broken pipe (IO::Error)
|   from /home/uchiha/playground/crystal/src/crystal/system/thread.cr:72:3 in 'unbuffered_write'
|   from /home/uchiha/playground/crystal/src/io/buffered.cr:163:14 in 'write'
|   from /home/uchiha/playground/crystal/src/http/server/response.cr:282:11 in 'unbuffered_write'
|   from /home/uchiha/playground/crystal/src/io/buffered.cr:163:14 in 'write'
|   from /home/uchiha/playground/crystal/src/http/server/response.cr:107:7 in 'write'
|   from /home/uchiha/playground/crystal/src/io.cr:488:7 in 'write_string'
|   from lib/kemal/src/kemal/route_handler.cr:174:7 in 'call'
|   from lib/kemal/src/kemal/websocket_handler.cr:13:14 in 'call'
|   from /home/uchiha/playground/crystal/src/http/server/handler.cr:30:7 in 'call_next'
|   from lib/kemal/src/kemal/filter_handler.cr:46:7 in 'call'
|   from /home/uchiha/playground/crystal/src/http/server/handler.cr:30:7 in 'call_next'
|   from src/middlewares/web_api_auth_middleware.cr:8:12 in 'call'
|   from /home/uchiha/playground/crystal/src/http/server/handler.cr:30:7 in 'call_next'
|   from src/middlewares/admin_api_auth_middleware.cr:7:12 in 'call'
|   from /home/uchiha/playground/crystal/src/http/server/handler.cr:30:7 in 'call_next'
|   from /home/uchiha/playground/crystal/src/http/server/handlers/static_file_handler.cr:60:12 in 'call'
|   from /home/uchiha/playground/crystal/src/http/server/handler.cr:30:7 in 'call'
|   from /home/uchiha/playground/crystal/src/http/server/handler.cr:30:7 in 'call'
|   from /home/uchiha/playground/crystal/src/http/server/handler.cr:30:7 in 'call'
|   from /home/uchiha/playground/crystal/src/http/server/handler.cr:30:7 in 'call'
|   from /home/uchiha/playground/crystal/src/http/server/request_processor.cr:58:11 in 'process'
|   from /home/uchiha/playground/crystal/src/http/server.cr:506:5 in '->'
|   from /home/uchiha/playground/crystal/src/fiber.cr:168:11 in 'run'
|   from /home/uchiha/playground/crystal/src/fiber.cr:103:3 in '->'
|   from ???
ERR 2026-08-03T21:12:42.598Z > Unhandled exception on HTTP::Handler
| Closed stream (IO::Error)
|   from /home/uchiha/playground/crystal/src/http/server/response.cr:215:15 in 'content_type='
|   from lib/kemal/src/kemal/helpers/templates.cr:25:3 in 'render_500'
|   from lib/kemal/src/kemal/exception_handler.cr:34:7 in 'call'
|   from /home/uchiha/playground/crystal/src/http/server/handler.cr:30:7 in 'call'
|   from /home/uchiha/playground/crystal/src/http/server/handler.cr:30:7 in 'call'
|   from /home/uchiha/playground/crystal/src/http/server/handler.cr:30:7 in 'call'
|   from /home/uchiha/playground/crystal/src/http/server/request_processor.cr:58:11 in 'process'
|   from /home/uchiha/playground/crystal/src/http/server.cr:506:5 in '->'
|   from /home/uchiha/playground/crystal/src/fiber.cr:168:11 in 'run'
|   from /home/uchiha/playground/crystal/src/fiber.cr:103:3 in '->'
|   from ???
ERR 2026-08-03T21:12:42.601Z > Error while writing data to the client
| Error while writing data to the client (HTTP::Server::ClientError)
|   from /home/uchiha/playground/crystal/src/http/server/response.cr:266:9 in 'unbuffered_write'
|   from /home/uchiha/playground/crystal/src/io/buffered.cr:163:14 in 'write'
|   from /home/uchiha/playground/crystal/src/http/server/response.cr:107:7 in 'write'
|   from /home/uchiha/playground/crystal/src/io.cr:488:7 in 'write_string'
|   from lib/kemal/src/kemal/route_handler.cr:174:7 in 'call'
|   from lib/kemal/src/kemal/websocket_handler.cr:13:14 in 'call'
|   from /home/uchiha/playground/crystal/src/http/server/handler.cr:30:7 in 'call_next'
|   from lib/kemal/src/kemal/filter_handler.cr:46:7 in 'call'
|   from /home/uchiha/playground/crystal/src/http/server/handler.cr:30:7 in 'call_next'
|   from src/middlewares/web_api_auth_middleware.cr:8:12 in 'call'
|   from /home/uchiha/playground/crystal/src/http/server/handler.cr:30:7 in 'call_next'
|   from src/middlewares/admin_api_auth_middleware.cr:7:12 in 'call'
|   from /home/uchiha/playground/crystal/src/http/server/handler.cr:30:7 in 'call_next'
|   from /home/uchiha/playground/crystal/src/http/server/handlers/static_file_handler.cr:60:12 in 'call'
|   from /home/uchiha/playground/crystal/src/http/server/handler.cr:30:7 in 'call'
|   from /home/uchiha/playground/crystal/src/http/server/handler.cr:30:7 in 'call'
|   from /home/uchiha/playground/crystal/src/http/server/handler.cr:30:7 in 'call'
|   from /home/uchiha/playground/crystal/src/http/server/handler.cr:30:7 in 'call'
|   from /home/uchiha/playground/crystal/src/http/server/request_processor.cr:58:11 in 'process'
|   from /home/uchiha/playground/crystal/src/http/server.cr:506:5 in '->'
|   from /home/uchiha/playground/crystal/src/fiber.cr:168:11 in 'run'
|   from /home/uchiha/playground/crystal/src/fiber.cr:103:3 in '->'
|   from ???
| Caused by: write (#<TCPSocket:0x78764a000888>): Broken pipe (IO::Error)
|   from /home/uchiha/playground/crystal/src/crystal/system/thread.cr:72:3 in 'unbuffered_write'
|   from /home/uchiha/playground/crystal/src/io/buffered.cr:163:14 in 'write'
|   from /home/uchiha/playground/crystal/src/http/server/response.cr:282:11 in 'unbuffered_write'
|   from /home/uchiha/playground/crystal/src/io/buffered.cr:163:14 in 'write'
|   from /home/uchiha/playground/crystal/src/http/server/response.cr:107:7 in 'write'
|   from /home/uchiha/playground/crystal/src/io.cr:488:7 in 'write_string'
|   from lib/kemal/src/kemal/route_handler.cr:174:7 in 'call'
|   from lib/kemal/src/kemal/websocket_handler.cr:13:14 in 'call'
|   from /home/uchiha/playground/crystal/src/http/server/handler.cr:30:7 in 'call_next'
|   from lib/kemal/src/kemal/filter_handler.cr:46:7 in 'call'
|   from /home/uchiha/playground/crystal/src/http/server/handler.cr:30:7 in 'call_next'
|   from src/middlewares/web_api_auth_middleware.cr:8:12 in 'call'
|   from /home/uchiha/playground/crystal/src/http/server/handler.cr:30:7 in 'call_next'
|   from src/middlewares/admin_api_auth_middleware.cr:7:12 in 'call'
|   from /home/uchiha/playground/crystal/src/http/server/handler.cr:30:7 in 'call_next'
|   from /home/uchiha/playground/crystal/src/http/server/handlers/static_file_handler.cr:60:12 in 'call'
|   from /home/uchiha/playground/crystal/src/http/server/handler.cr:30:7 in 'call'
|   from /home/uchiha/playground/crystal/src/http/server/handler.cr:30:7 in 'call'
|   from /home/uchiha/playground/crystal/src/http/server/handler.cr:30:7 in 'call'
|   from /home/uchiha/playground/crystal/src/http/server/handler.cr:30:7 in 'call'
|   from /home/uchiha/playground/crystal/src/http/server/request_processor.cr:58:11 in 'process'
|   from /home/uchiha/playground/crystal/src/http/server.cr:506:5 in '->'
|   from /home/uchiha/playground/crystal/src/fiber.cr:168:11 in 'run'
|   from /home/uchiha/playground/crystal/src/fiber.cr:103:3 in '->'
|   from ???
ERR 2026-08-03T21:12:42.601Z > Unhandled exception on HTTP::Handler
| Closed stream (IO::Error)
|   from /home/uchiha/playground/crystal/src/http/server/response.cr:215:15 in 'content_type='
|   from lib/kemal/src/kemal/helpers/templates.cr:25:3 in 'render_500'
|   from lib/kemal/src/kemal/exception_handler.cr:34:7 in 'call'
|   from /home/uchiha/playground/crystal/src/http/server/handler.cr:30:7 in 'call'
|   from /home/uchiha/playground/crystal/src/http/server/handler.cr:30:7 in 'call'
|   from /home/uchiha/playground/crystal/src/http/server/handler.cr:30:7 in 'call'
|   from /home/uchiha/playground/crystal/src/http/server/request_processor.cr:58:11 in 'process'
|   from /home/uchiha/playground/crystal/src/http/server.cr:506:5 in '->'
|   from /home/uchiha/playground/crystal/src/fiber.cr:168:11 in 'run'
|   from /home/uchiha/playground/crystal/src/fiber.cr:103:3 in '->'
|   from ???
ERR 2026-08-03T21:12:42.610Z > Error while writing data to the client
| Error while writing data to the client (HTTP::Server::ClientError)
|   from /home/uchiha/playground/crystal/src/http/server/response.cr:266:9 in 'unbuffered_write'
|   from /home/uchiha/playground/crystal/src/io/buffered.cr:163:14 in 'write'
|   from /home/uchiha/playground/crystal/src/http/server/response.cr:107:7 in 'write'
|   from /home/uchiha/playground/crystal/src/io.cr:488:7 in 'write_string'
|   from lib/kemal/src/kemal/route_handler.cr:174:7 in 'call'
|   from lib/kemal/src/kemal/websocket_handler.cr:13:14 in 'call'
|   from /home/uchiha/playground/crystal/src/http/server/handler.cr:30:7 in 'call_next'
|   from lib/kemal/src/kemal/filter_handler.cr:46:7 in 'call'
|   from /home/uchiha/playground/crystal/src/http/server/handler.cr:30:7 in 'call_next'
|   from src/middlewares/web_api_auth_middleware.cr:8:12 in 'call'
|   from /home/uchiha/playground/crystal/src/http/server/handler.cr:30:7 in 'call_next'
|   from src/middlewares/admin_api_auth_middleware.cr:7:12 in 'call'
|   from /home/uchiha/playground/crystal/src/http/server/handler.cr:30:7 in 'call_next'
|   from /home/uchiha/playground/crystal/src/http/server/handlers/static_file_handler.cr:60:12 in 'call'
|   from /home/uchiha/playground/crystal/src/http/server/handler.cr:30:7 in 'call'
|   from /home/uchiha/playground/crystal/src/http/server/handler.cr:30:7 in 'call'
|   from /home/uchiha/playground/crystal/src/http/server/handler.cr:30:7 in 'call'
|   from /home/uchiha/playground/crystal/src/http/server/handler.cr:30:7 in 'call'
|   from /home/uchiha/playground/crystal/src/http/server/request_processor.cr:58:11 in 'process'
|   from /home/uchiha/playground/crystal/src/http/server.cr:506:5 in '->'
|   from /home/uchiha/playground/crystal/src/fiber.cr:168:11 in 'run'
|   from /home/uchiha/playground/crystal/src/fiber.cr:103:3 in '->'
|   from ???
| Caused by: write (#<TCPSocket:0x78764a0048d8>): Broken pipe (IO::Error)
|   from /home/uchiha/playground/crystal/src/crystal/system/thread.cr:72:3 in 'unbuffered_write'
|   from /home/uchiha/playground/crystal/src/io/buffered.cr:163:14 in 'write'
|   from /home/uchiha/playground/crystal/src/http/server/response.cr:282:11 in 'unbuffered_write'
|   from /home/uchiha/playground/crystal/src/io/buffered.cr:163:14 in 'write'
|   from /home/uchiha/playground/crystal/src/http/server/response.cr:107:7 in 'write'
|   from /home/uchiha/playground/crystal/src/io.cr:488:7 in 'write_string'
|   from lib/kemal/src/kemal/route_handler.cr:174:7 in 'call'
|   from lib/kemal/src/kemal/websocket_handler.cr:13:14 in 'call'
|   from /home/uchiha/playground/crystal/src/http/server/handler.cr:30:7 in 'call_next'
|   from lib/kemal/src/kemal/filter_handler.cr:46:7 in 'call'
|   from /home/uchiha/playground/crystal/src/http/server/handler.cr:30:7 in 'call_next'
|   from src/middlewares/web_api_auth_middleware.cr:8:12 in 'call'
|   from /home/uchiha/playground/crystal/src/http/server/handler.cr:30:7 in 'call_next'
|   from src/middlewares/admin_api_auth_middleware.cr:7:12 in 'call'
|   from /home/uchiha/playground/crystal/src/http/server/handler.cr:30:7 in 'call_next'
|   from /home/uchiha/playground/crystal/src/http/server/handlers/static_file_handler.cr:60:12 in 'call'
|   from /home/uchiha/playground/crystal/src/http/server/handler.cr:30:7 in 'call'
|   from /home/uchiha/playground/crystal/src/http/server/handler.cr:30:7 in 'call'
|   from /home/uchiha/playground/crystal/src/http/server/handler.cr:30:7 in 'call'
|   from /home/uchiha/playground/crystal/src/http/server/handler.cr:30:7 in 'call'
|   from /home/uchiha/playground/crystal/src/http/server/request_processor.cr:58:11 in 'process'
|   from /home/uchiha/playground/crystal/src/http/server.cr:506:5 in '->'
|   from /home/uchiha/playground/crystal/src/fiber.cr:168:11 in 'run'
|   from /home/uchiha/playground/crystal/src/fiber.cr:103:3 in '->'
|   from ???
ERR 2026-08-03T21:12:42.611Z > Unhandled exception on HTTP::Handler
| Closed stream (IO::Error)
|   from /home/uchiha/playground/crystal/src/http/server/response.cr:215:15 in 'content_type='
|   from lib/kemal/src/kemal/helpers/templates.cr:25:3 in 'render_500'
|   from lib/kemal/src/kemal/exception_handler.cr:34:7 in 'call'
|   from /home/uchiha/playground/crystal/src/http/server/handler.cr:30:7 in 'call'
|   from /home/uchiha/playground/crystal/src/http/server/handler.cr:30:7 in 'call'
|   from /home/uchiha/playground/crystal/src/http/server/handler.cr:30:7 in 'call'
|   from /home/uchiha/playground/crystal/src/http/server/request_processor.cr:58:11 in 'process'
|   from /home/uchiha/playground/crystal/src/http/server.cr:506:5 in '->'
|   from /home/uchiha/playground/crystal/src/fiber.cr:168:11 in 'run'
|   from /home/uchiha/playground/crystal/src/fiber.cr:103:3 in '->'
|   from ???
ERR 2026-08-03T21:12:42.611Z > Error while writing data to the client
| Error while writing data to the client (HTTP::Server::ClientError)
|   from /home/uchiha/playground/crystal/src/http/server/response.cr:266:9 in 'unbuffered_write'
|   from /home/uchiha/playground/crystal/src/io/buffered.cr:163:14 in 'write'
|   from /home/uchiha/playground/crystal/src/http/server/response.cr:107:7 in 'write'
|   from /home/uchiha/playground/crystal/src/io.cr:488:7 in 'write_string'
|   from lib/kemal/src/kemal/route_handler.cr:174:7 in 'call'
|   from lib/kemal/src/kemal/websocket_handler.cr:13:14 in 'call'
|   from /home/uchiha/playground/crystal/src/http/server/handler.cr:30:7 in 'call_next'
|   from lib/kemal/src/kemal/filter_handler.cr:46:7 in 'call'
|   from /home/uchiha/playground/crystal/src/http/server/handler.cr:30:7 in 'call_next'
|   from src/middlewares/web_api_auth_middleware.cr:8:12 in 'call'
|   from /home/uchiha/playground/crystal/src/http/server/handler.cr:30:7 in 'call_next'
|   from src/middlewares/admin_api_auth_middleware.cr:7:12 in 'call'
|   from /home/uchiha/playground/crystal/src/http/server/handler.cr:30:7 in 'call_next'
|   from /home/uchiha/playground/crystal/src/http/server/handlers/static_file_handler.cr:60:12 in 'call'
|   from /home/uchiha/playground/crystal/src/http/server/handler.cr:30:7 in 'call'
|   from /home/uchiha/playground/crystal/src/http/server/handler.cr:30:7 in 'call'
|   from /home/uchiha/playground/crystal/src/http/server/handler.cr:30:7 in 'call'
|   from /home/uchiha/playground/crystal/src/http/server/handler.cr:30:7 in 'call'
|   from /home/uchiha/playground/crystal/src/http/server/request_processor.cr:58:11 in 'process'
|   from /home/uchiha/playground/crystal/src/http/server.cr:506:5 in '->'
|   from /home/uchiha/playground/crystal/src/fiber.cr:168:11 in 'run'
|   from /home/uchiha/playground/crystal/src/fiber.cr:103:3 in '->'
|   from ???
| Caused by: write (#<TCPSocket:0x78764a0076c8>): Broken pipe (IO::Error)
|   from /home/uchiha/playground/crystal/src/crystal/system/thread.cr:72:3 in 'unbuffered_write'
|   from /home/uchiha/playground/crystal/src/io/buffered.cr:163:14 in 'write'
|   from /home/uchiha/playground/crystal/src/http/server/response.cr:282:11 in 'unbuffered_write'
|   from /home/uchiha/playground/crystal/src/io/buffered.cr:163:14 in 'write'
|   from /home/uchiha/playground/crystal/src/http/server/response.cr:107:7 in 'write'
|   from /home/uchiha/playground/crystal/src/io.cr:488:7 in 'write_string'
|   from lib/kemal/src/kemal/route_handler.cr:174:7 in 'call'
|   from lib/kemal/src/kemal/websocket_handler.cr:13:14 in 'call'
|   from /home/uchiha/playground/crystal/src/http/server/handler.cr:30:7 in 'call_next'
|   from lib/kemal/src/kemal/filter_handler.cr:46:7 in 'call'
|   from /home/uchiha/playground/crystal/src/http/server/handler.cr:30:7 in 'call_next'
|   from src/middlewares/web_api_auth_middleware.cr:8:12 in 'call'
|   from /home/uchiha/playground/crystal/src/http/server/handler.cr:30:7 in 'call_next'
|   from src/middlewares/admin_api_auth_middleware.cr:7:12 in 'call'
|   from /home/uchiha/playground/crystal/src/http/server/handler.cr:30:7 in 'call_next'
|   from /home/uchiha/playground/crystal/src/http/server/handlers/static_file_handler.cr:60:12 in 'call'
|   from /home/uchiha/playground/crystal/src/http/server/handler.cr:30:7 in 'call'
|   from /home/uchiha/playground/crystal/src/http/server/handler.cr:30:7 in 'call'
|   from /home/uchiha/playground/crystal/src/http/server/handler.cr:30:7 in 'call'
|   from /home/uchiha/playground/crystal/src/http/server/handler.cr:30:7 in 'call'
|   from /home/uchiha/playground/crystal/src/http/server/request_processor.cr:58:11 in 'process'
|   from /home/uchiha/playground/crystal/src/http/server.cr:506:5 in '->'
|   from /home/uchiha/playground/crystal/src/fiber.cr:168:11 in 'run'
|   from /home/uchiha/playground/crystal/src/fiber.cr:103:3 in '->'
|   from ???
ERR 2026-08-03T21:12:42.611Z > Unhandled exception on HTTP::Handler
| Closed stream (IO::Error)
|   from /home/uchiha/playground/crystal/src/http/server/response.cr:215:15 in 'content_type='
|   from lib/kemal/src/kemal/helpers/templates.cr:25:3 in 'render_500'
|   from lib/kemal/src/kemal/exception_handler.cr:34:7 in 'call'
|   from /home/uchiha/playground/crystal/src/http/server/handler.cr:30:7 in 'call'
|   from /home/uchiha/playground/crystal/src/http/server/handler.cr:30:7 in 'call'
|   from /home/uchiha/playground/crystal/src/http/server/handler.cr:30:7 in 'call'
|   from /home/uchiha/playground/crystal/src/http/server/request_processor.cr:58:11 in 'process'
|   from /home/uchiha/playground/crystal/src/http/server.cr:506:5 in '->'
|   from /home/uchiha/playground/crystal/src/fiber.cr:168:11 in 'run'
|   from /home/uchiha/playground/crystal/src/fiber.cr:103:3 in '->'
|   from ???
ERR 2026-08-03T21:12:42.742Z > Error while writing data to the client
| Error while writing data to the client (HTTP::Server::ClientError)
|   from /home/uchiha/playground/crystal/src/http/server/response.cr:266:9 in 'unbuffered_write'
|   from /home/uchiha/playground/crystal/src/io/buffered.cr:163:14 in 'write'
|   from /home/uchiha/playground/crystal/src/http/server/response.cr:107:7 in 'write'
|   from /home/uchiha/playground/crystal/src/io.cr:488:7 in 'write_string'
|   from lib/kemal/src/kemal/route_handler.cr:174:7 in 'call'
|   from lib/kemal/src/kemal/websocket_handler.cr:13:14 in 'call'
|   from /home/uchiha/playground/crystal/src/http/server/handler.cr:30:7 in 'call_next'
|   from lib/kemal/src/kemal/filter_handler.cr:46:7 in 'call'
|   from /home/uchiha/playground/crystal/src/http/server/handler.cr:30:7 in 'call_next'
|   from src/middlewares/web_api_auth_middleware.cr:8:12 in 'call'
|   from /home/uchiha/playground/crystal/src/http/server/handler.cr:30:7 in 'call_next'
|   from src/middlewares/admin_api_auth_middleware.cr:7:12 in 'call'
|   from /home/uchiha/playground/crystal/src/http/server/handler.cr:30:7 in 'call_next'
|   from /home/uchiha/playground/crystal/src/http/server/handlers/static_file_handler.cr:60:12 in 'call'
|   from /home/uchiha/playground/crystal/src/http/server/handler.cr:30:7 in 'call'
|   from /home/uchiha/playground/crystal/src/http/server/handler.cr:30:7 in 'call'
|   from /home/uchiha/playground/crystal/src/http/server/handler.cr:30:7 in 'call'
|   from /home/uchiha/playground/crystal/src/http/server/handler.cr:30:7 in 'call'
|   from /home/uchiha/playground/crystal/src/http/server/request_processor.cr:58:11 in 'process'
|   from /home/uchiha/playground/crystal/src/http/server.cr:506:5 in '->'
|   from /home/uchiha/playground/crystal/src/fiber.cr:168:11 in 'run'
|   from /home/uchiha/playground/crystal/src/fiber.cr:103:3 in '->'
|   from ???
| Caused by: write (#<TCPSocket:0x78764a005dd8>): Broken pipe (IO::Error)
|   from /home/uchiha/playground/crystal/src/crystal/system/thread.cr:72:3 in 'unbuffered_write'
|   from /home/uchiha/playground/crystal/src/io/buffered.cr:163:14 in 'write'
|   from /home/uchiha/playground/crystal/src/http/server/response.cr:282:11 in 'unbuffered_write'
|   from /home/uchiha/playground/crystal/src/io/buffered.cr:163:14 in 'write'
|   from /home/uchiha/playground/crystal/src/http/server/response.cr:107:7 in 'write'
|   from /home/uchiha/playground/crystal/src/io.cr:488:7 in 'write_string'
|   from lib/kemal/src/kemal/route_handler.cr:174:7 in 'call'
|   from lib/kemal/src/kemal/websocket_handler.cr:13:14 in 'call'
|   from /home/uchiha/playground/crystal/src/http/server/handler.cr:30:7 in 'call_next'
|   from lib/kemal/src/kemal/filter_handler.cr:46:7 in 'call'
|   from /home/uchiha/playground/crystal/src/http/server/handler.cr:30:7 in 'call_next'
|   from src/middlewares/web_api_auth_middleware.cr:8:12 in 'call'
|   from /home/uchiha/playground/crystal/src/http/server/handler.cr:30:7 in 'call_next'
|   from src/middlewares/admin_api_auth_middleware.cr:7:12 in 'call'
|   from /home/uchiha/playground/crystal/src/http/server/handler.cr:30:7 in 'call_next'
|   from /home/uchiha/playground/crystal/src/http/server/handlers/static_file_handler.cr:60:12 in 'call'
|   from /home/uchiha/playground/crystal/src/http/server/handler.cr:30:7 in 'call'
|   from /home/uchiha/playground/crystal/src/http/server/handler.cr:30:7 in 'call'
|   from /home/uchiha/playground/crystal/src/http/server/handler.cr:30:7 in 'call'
|   from /home/uchiha/playground/crystal/src/http/server/handler.cr:30:7 in 'call'
|   from /home/uchiha/playground/crystal/src/http/server/request_processor.cr:58:11 in 'process'
|   from /home/uchiha/playground/crystal/src/http/server.cr:506:5 in '->'
|   from /home/uchiha/playground/crystal/src/fiber.cr:168:11 in 'run'
|   from /home/uchiha/playground/crystal/src/fiber.cr:103:3 in '->'
|   from ???
ERR 2026-08-03T21:12:42.742Z > Unhandled exception on HTTP::Handler
| Closed stream (IO::Error)
|   from /home/uchiha/playground/crystal/src/http/server/response.cr:215:15 in 'content_type='
|   from lib/kemal/src/kemal/helpers/templates.cr:25:3 in 'render_500'
|   from lib/kemal/src/kemal/exception_handler.cr:34:7 in 'call'
|   from /home/uchiha/playground/crystal/src/http/server/handler.cr:30:7 in 'call'
|   from /home/uchiha/playground/crystal/src/http/server/handler.cr:30:7 in 'call'
|   from /home/uchiha/playground/crystal/src/http/server/handler.cr:30:7 in 'call'
|   from /home/uchiha/playground/crystal/src/http/server/request_processor.cr:58:11 in 'process'
|   from /home/uchiha/playground/crystal/src/http/server.cr:506:5 in '->'
|   from /home/uchiha/playground/crystal/src/fiber.cr:168:11 in 'run'
|   from /home/uchiha/playground/crystal/src/fiber.cr:103:3 in '->'
|   from ???
ERR 2026-08-03T21:12:42.750Z > Error while writing data to the client
| Error while writing data to the client (HTTP::Server::ClientError)
|   from /home/uchiha/playground/crystal/src/http/server/response.cr:266:9 in 'unbuffered_write'
|   from /home/uchiha/playground/crystal/src/io/buffered.cr:163:14 in 'write'
|   from /home/uchiha/playground/crystal/src/http/server/response.cr:107:7 in 'write'
|   from /home/uchiha/playground/crystal/src/io.cr:488:7 in 'write_string'
|   from lib/kemal/src/kemal/route_handler.cr:174:7 in 'call'
|   from lib/kemal/src/kemal/websocket_handler.cr:13:14 in 'call'
|   from /home/uchiha/playground/crystal/src/http/server/handler.cr:30:7 in 'call_next'
|   from lib/kemal/src/kemal/filter_handler.cr:46:7 in 'call'
|   from /home/uchiha/playground/crystal/src/http/server/handler.cr:30:7 in 'call_next'
|   from src/middlewares/web_api_auth_middleware.cr:8:12 in 'call'
|   from /home/uchiha/playground/crystal/src/http/server/handler.cr:30:7 in 'call_next'
|   from src/middlewares/admin_api_auth_middleware.cr:7:12 in 'call'
|   from /home/uchiha/playground/crystal/src/http/server/handler.cr:30:7 in 'call_next'
|   from /home/uchiha/playground/crystal/src/http/server/handlers/static_file_handler.cr:60:12 in 'call'
|   from /home/uchiha/playground/crystal/src/http/server/handler.cr:30:7 in 'call'
|   from /home/uchiha/playground/crystal/src/http/server/handler.cr:30:7 in 'call'
|   from /home/uchiha/playground/crystal/src/http/server/handler.cr:30:7 in 'call'
|   from /home/uchiha/playground/crystal/src/http/server/handler.cr:30:7 in 'call'
|   from /home/uchiha/playground/crystal/src/http/server/request_processor.cr:58:11 in 'process'
|   from /home/uchiha/playground/crystal/src/http/server.cr:506:5 in '->'
|   from /home/uchiha/playground/crystal/src/fiber.cr:168:11 in 'run'
|   from /home/uchiha/playground/crystal/src/fiber.cr:103:3 in '->'
|   from ???
| Caused by: write (#<TCPSocket:0x78764a004248>): Broken pipe (IO::Error)
|   from /home/uchiha/playground/crystal/src/crystal/system/thread.cr:72:3 in 'unbuffered_write'
|   from /home/uchiha/playground/crystal/src/io/buffered.cr:163:14 in 'write'
|   from /home/uchiha/playground/crystal/src/http/server/response.cr:282:11 in 'unbuffered_write'
|   from /home/uchiha/playground/crystal/src/io/buffered.cr:163:14 in 'write'
|   from /home/uchiha/playground/crystal/src/http/server/response.cr:107:7 in 'write'
|   from /home/uchiha/playground/crystal/src/io.cr:488:7 in 'write_string'
|   from lib/kemal/src/kemal/route_handler.cr:174:7 in 'call'
|   from lib/kemal/src/kemal/websocket_handler.cr:13:14 in 'call'
|   from /home/uchiha/playground/crystal/src/http/server/handler.cr:30:7 in 'call_next'
|   from lib/kemal/src/kemal/filter_handler.cr:46:7 in 'call'
|   from /home/uchiha/playground/crystal/src/http/server/handler.cr:30:7 in 'call_next'
|   from src/middlewares/web_api_auth_middleware.cr:8:12 in 'call'
|   from /home/uchiha/playground/crystal/src/http/server/handler.cr:30:7 in 'call_next'
|   from src/middlewares/admin_api_auth_middleware.cr:7:12 in 'call'
|   from /home/uchiha/playground/crystal/src/http/server/handler.cr:30:7 in 'call_next'
|   from /home/uchiha/playground/crystal/src/http/server/handlers/static_file_handler.cr:60:12 in 'call'
|   from /home/uchiha/playground/crystal/src/http/server/handler.cr:30:7 in 'call'
|   from /home/uchiha/playground/crystal/src/http/server/handler.cr:30:7 in 'call'
|   from /home/uchiha/playground/crystal/src/http/server/handler.cr:30:7 in 'call'
|   from /home/uchiha/playground/crystal/src/http/server/handler.cr:30:7 in 'call'
|   from /home/uchiha/playground/crystal/src/http/server/request_processor.cr:58:11 in 'process'
|   from /home/uchiha/playground/crystal/src/http/server.cr:506:5 in '->'
|   from /home/uchiha/playground/crystal/src/fiber.cr:168:11 in 'run'
|   from /home/uchiha/playground/crystal/src/fiber.cr:103:3 in '->'
|   from ???
ERR 2026-08-03T21:12:42.750Z > Unhandled exception on HTTP::Handler
| Closed stream (IO::Error)
|   from /home/uchiha/playground/crystal/src/http/server/response.cr:215:15 in 'content_type='
|   from lib/kemal/src/kemal/helpers/templates.cr:25:3 in 'render_500'
|   from lib/kemal/src/kemal/exception_handler.cr:34:7 in 'call'
|   from /home/uchiha/playground/crystal/src/http/server/handler.cr:30:7 in 'call'
|   from /home/uchiha/playground/crystal/src/http/server/handler.cr:30:7 in 'call'
|   from /home/uchiha/playground/crystal/src/http/server/handler.cr:30:7 in 'call'
|   from /home/uchiha/playground/crystal/src/http/server/request_processor.cr:58:11 in 'process'
|   from /home/uchiha/playground/crystal/src/http/server.cr:506:5 in '->'
|   from /home/uchiha/playground/crystal/src/fiber.cr:168:11 in 'run'
|   from /home/uchiha/playground/crystal/src/fiber.cr:103:3 in '->'
|   from ???
ERR 2026-08-03T21:12:42.751Z > Error while writing data to the client
| Error while writing data to the client (HTTP::Server::ClientError)
|   from /home/uchiha/playground/crystal/src/http/server/response.cr:266:9 in 'unbuffered_write'
|   from /home/uchiha/playground/crystal/src/io/buffered.cr:163:14 in 'write'
|   from /home/uchiha/playground/crystal/src/http/server/response.cr:107:7 in 'write'
|   from /home/uchiha/playground/crystal/src/io.cr:488:7 in 'write_string'
|   from lib/kemal/src/kemal/route_handler.cr:174:7 in 'call'
|   from lib/kemal/src/kemal/websocket_handler.cr:13:14 in 'call'
|   from /home/uchiha/playground/crystal/src/http/server/handler.cr:30:7 in 'call_next'
|   from lib/kemal/src/kemal/filter_handler.cr:46:7 in 'call'
|   from /home/uchiha/playground/crystal/src/http/server/handler.cr:30:7 in 'call_next'
|   from src/middlewares/web_api_auth_middleware.cr:8:12 in 'call'
|   from /home/uchiha/playground/crystal/src/http/server/handler.cr:30:7 in 'call_next'
|   from src/middlewares/admin_api_auth_middleware.cr:7:12 in 'call'
|   from /home/uchiha/playground/crystal/src/http/server/handler.cr:30:7 in 'call_next'
|   from /home/uchiha/playground/crystal/src/http/server/handlers/static_file_handler.cr:60:12 in 'call'
|   from /home/uchiha/playground/crystal/src/http/server/handler.cr:30:7 in 'call'
|   from /home/uchiha/playground/crystal/src/http/server/handler.cr:30:7 in 'call'
|   from /home/uchiha/playground/crystal/src/http/server/handler.cr:30:7 in 'call'
|   from /home/uchiha/playground/crystal/src/http/server/handler.cr:30:7 in 'call'
|   from /home/uchiha/playground/crystal/src/http/server/request_processor.cr:58:11 in 'process'
|   from /home/uchiha/playground/crystal/src/http/server.cr:506:5 in '->'
|   from /home/uchiha/playground/crystal/src/fiber.cr:168:11 in 'run'
|   from /home/uchiha/playground/crystal/src/fiber.cr:103:3 in '->'
|   from ???
| Caused by: write (#<TCPSocket:0x78764a007038>): Broken pipe (IO::Error)
|   from /home/uchiha/playground/crystal/src/crystal/system/thread.cr:72:3 in 'unbuffered_write'
|   from /home/uchiha/playground/crystal/src/io/buffered.cr:163:14 in 'write'
|   from /home/uchiha/playground/crystal/src/http/server/response.cr:282:11 in 'unbuffered_write'
|   from /home/uchiha/playground/crystal/src/io/buffered.cr:163:14 in 'write'
|   from /home/uchiha/playground/crystal/src/http/server/response.cr:107:7 in 'write'
|   from /home/uchiha/playground/crystal/src/io.cr:488:7 in 'write_string'
|   from lib/kemal/src/kemal/route_handler.cr:174:7 in 'call'
|   from lib/kemal/src/kemal/websocket_handler.cr:13:14 in 'call'
|   from /home/uchiha/playground/crystal/src/http/server/handler.cr:30:7 in 'call_next'
|   from lib/kemal/src/kemal/filter_handler.cr:46:7 in 'call'
|   from /home/uchiha/playground/crystal/src/http/server/handler.cr:30:7 in 'call_next'
|   from src/middlewares/web_api_auth_middleware.cr:8:12 in 'call'
|   from /home/uchiha/playground/crystal/src/http/server/handler.cr:30:7 in 'call_next'
|   from src/middlewares/admin_api_auth_middleware.cr:7:12 in 'call'
|   from /home/uchiha/playground/crystal/src/http/server/handler.cr:30:7 in 'call_next'
|   from /home/uchiha/playground/crystal/src/http/server/handlers/static_file_handler.cr:60:12 in 'call'
|   from /home/uchiha/playground/crystal/src/http/server/handler.cr:30:7 in 'call'
|   from /home/uchiha/playground/crystal/src/http/server/handler.cr:30:7 in 'call'
|   from /home/uchiha/playground/crystal/src/http/server/handler.cr:30:7 in 'call'
|   from /home/uchiha/playground/crystal/src/http/server/handler.cr:30:7 in 'call'
|   from /home/uchiha/playground/crystal/src/http/server/request_processor.cr:58:11 in 'process'
|   from /home/uchiha/playground/crystal/src/http/server.cr:506:5 in '->'
|   from /home/uchiha/playground/crystal/src/fiber.cr:168:11 in 'run'
|   from /home/uchiha/playground/crystal/src/fiber.cr:103:3 in '->'
|   from ???
ERR 2026-08-03T21:12:42.751Z > Unhandled exception on HTTP::Handler
| Closed stream (IO::Error)
|   from /home/uchiha/playground/crystal/src/http/server/response.cr:215:15 in 'content_type='
|   from lib/kemal/src/kemal/helpers/templates.cr:25:3 in 'render_500'
|   from lib/kemal/src/kemal/exception_handler.cr:34:7 in 'call'
|   from /home/uchiha/playground/crystal/src/http/server/handler.cr:30:7 in 'call'
|   from /home/uchiha/playground/crystal/src/http/server/handler.cr:30:7 in 'call'
|   from /home/uchiha/playground/crystal/src/http/server/handler.cr:30:7 in 'call'
|   from /home/uchiha/playground/crystal/src/http/server/request_processor.cr:58:11 in 'process'
|   from /home/uchiha/playground/crystal/src/http/server.cr:506:5 in '->'
|   from /home/uchiha/playground/crystal/src/fiber.cr:168:11 in 'run'
|   from /home/uchiha/playground/crystal/src/fiber.cr:103:3 in '->'
|   from ???
ERR 2026-08-03T21:12:42.752Z > Error while writing data to the client
| Error while writing data to the client (HTTP::Server::ClientError)
|   from /home/uchiha/playground/crystal/src/http/server/response.cr:266:9 in 'unbuffered_write'
|   from /home/uchiha/playground/crystal/src/io/buffered.cr:163:14 in 'write'
|   from /home/uchiha/playground/crystal/src/http/server/response.cr:107:7 in 'write'
|   from /home/uchiha/playground/crystal/src/io.cr:488:7 in 'write_string'
|   from lib/kemal/src/kemal/route_handler.cr:174:7 in 'call'
|   from lib/kemal/src/kemal/websocket_handler.cr:13:14 in 'call'
|   from /home/uchiha/playground/crystal/src/http/server/handler.cr:30:7 in 'call_next'
|   from lib/kemal/src/kemal/filter_handler.cr:46:7 in 'call'
|   from /home/uchiha/playground/crystal/src/http/server/handler.cr:30:7 in 'call_next'
|   from src/middlewares/web_api_auth_middleware.cr:8:12 in 'call'
|   from /home/uchiha/playground/crystal/src/http/server/handler.cr:30:7 in 'call_next'
|   from src/middlewares/admin_api_auth_middleware.cr:7:12 in 'call'
|   from /home/uchiha/playground/crystal/src/http/server/handler.cr:30:7 in 'call_next'
|   from /home/uchiha/playground/crystal/src/http/server/handlers/static_file_handler.cr:60:12 in 'call'
|   from /home/uchiha/playground/crystal/src/http/server/handler.cr:30:7 in 'call'
|   from /home/uchiha/playground/crystal/src/http/server/handler.cr:30:7 in 'call'
|   from /home/uchiha/playground/crystal/src/http/server/handler.cr:30:7 in 'call'
|   from /home/uchiha/playground/crystal/src/http/server/handler.cr:30:7 in 'call'
|   from /home/uchiha/playground/crystal/src/http/server/request_processor.cr:58:11 in 'process'
|   from /home/uchiha/playground/crystal/src/http/server.cr:506:5 in '->'
|   from /home/uchiha/playground/crystal/src/fiber.cr:168:11 in 'run'
|   from /home/uchiha/playground/crystal/src/fiber.cr:103:3 in '->'
|   from ???
| Caused by: write (#<TCPSocket:0x78764a005748>): Broken pipe (IO::Error)
|   from /home/uchiha/playground/crystal/src/crystal/system/thread.cr:72:3 in 'unbuffered_write'
|   from /home/uchiha/playground/crystal/src/io/buffered.cr:163:14 in 'write'
|   from /home/uchiha/playground/crystal/src/http/server/response.cr:282:11 in 'unbuffered_write'
|   from /home/uchiha/playground/crystal/src/io/buffered.cr:163:14 in 'write'
|   from /home/uchiha/playground/crystal/src/http/server/response.cr:107:7 in 'write'
|   from /home/uchiha/playground/crystal/src/io.cr:488:7 in 'write_string'
|   from lib/kemal/src/kemal/route_handler.cr:174:7 in 'call'
|   from lib/kemal/src/kemal/websocket_handler.cr:13:14 in 'call'
|   from /home/uchiha/playground/crystal/src/http/server/handler.cr:30:7 in 'call_next'
|   from lib/kemal/src/kemal/filter_handler.cr:46:7 in 'call'
|   from /home/uchiha/playground/crystal/src/http/server/handler.cr:30:7 in 'call_next'
|   from src/middlewares/web_api_auth_middleware.cr:8:12 in 'call'
|   from /home/uchiha/playground/crystal/src/http/server/handler.cr:30:7 in 'call_next'
|   from src/middlewares/admin_api_auth_middleware.cr:7:12 in 'call'
|   from /home/uchiha/playground/crystal/src/http/server/handler.cr:30:7 in 'call_next'
|   from /home/uchiha/playground/crystal/src/http/server/handlers/static_file_handler.cr:60:12 in 'call'
|   from /home/uchiha/playground/crystal/src/http/server/handler.cr:30:7 in 'call'
|   from /home/uchiha/playground/crystal/src/http/server/handler.cr:30:7 in 'call'
|   from /home/uchiha/playground/crystal/src/http/server/handler.cr:30:7 in 'call'
|   from /home/uchiha/playground/crystal/src/http/server/handler.cr:30:7 in 'call'
|   from /home/uchiha/playground/crystal/src/http/server/request_processor.cr:58:11 in 'process'
|   from /home/uchiha/playground/crystal/src/http/server.cr:506:5 in '->'
|   from /home/uchiha/playground/crystal/src/fiber.cr:168:11 in 'run'
|   from /home/uchiha/playground/crystal/src/fiber.cr:103:3 in '->'
|   from ???
ERR 2026-08-03T21:12:42.752Z > Unhandled exception on HTTP::Handler
| Closed stream (IO::Error)
|   from /home/uchiha/playground/crystal/src/http/server/response.cr:215:15 in 'content_type='
|   from lib/kemal/src/kemal/helpers/templates.cr:25:3 in 'render_500'
|   from lib/kemal/src/kemal/exception_handler.cr:34:7 in 'call'
|   from /home/uchiha/playground/crystal/src/http/server/handler.cr:30:7 in 'call'
|   from /home/uchiha/playground/crystal/src/http/server/handler.cr:30:7 in 'call'
|   from /home/uchiha/playground/crystal/src/http/server/handler.cr:30:7 in 'call'
|   from /home/uchiha/playground/crystal/src/http/server/request_processor.cr:58:11 in 'process'
|   from /home/uchiha/playground/crystal/src/http/server.cr:506:5 in '->'
|   from /home/uchiha/playground/crystal/src/fiber.cr:168:11 in 'run'
|   from /home/uchiha/playground/crystal/src/fiber.cr:103:3 in '->'
|   from ???
ERR 2026-08-03T21:12:42.753Z > Error while writing data to the client
| Error while writing data to the client (HTTP::Server::ClientError)
|   from /home/uchiha/playground/crystal/src/http/server/response.cr:266:9 in 'unbuffered_write'
|   from /home/uchiha/playground/crystal/src/io/buffered.cr:163:14 in 'write'
|   from /home/uchiha/playground/crystal/src/http/server/response.cr:107:7 in 'write'
|   from /home/uchiha/playground/crystal/src/io.cr:488:7 in 'write_string'
|   from lib/kemal/src/kemal/route_handler.cr:174:7 in 'call'
|   from lib/kemal/src/kemal/websocket_handler.cr:13:14 in 'call'
|   from /home/uchiha/playground/crystal/src/http/server/handler.cr:30:7 in 'call_next'
|   from lib/kemal/src/kemal/filter_handler.cr:46:7 in 'call'
|   from /home/uchiha/playground/crystal/src/http/server/handler.cr:30:7 in 'call_next'
|   from src/middlewares/web_api_auth_middleware.cr:8:12 in 'call'
|   from /home/uchiha/playground/crystal/src/http/server/handler.cr:30:7 in 'call_next'
|   from src/middlewares/admin_api_auth_middleware.cr:7:12 in 'call'
|   from /home/uchiha/playground/crystal/src/http/server/handler.cr:30:7 in 'call_next'
|   from /home/uchiha/playground/crystal/src/http/server/handlers/static_file_handler.cr:60:12 in 'call'
|   from /home/uchiha/playground/crystal/src/http/server/handler.cr:30:7 in 'call'
|   from /home/uchiha/playground/crystal/src/http/server/handler.cr:30:7 in 'call'
|   from /home/uchiha/playground/crystal/src/http/server/handler.cr:30:7 in 'call'
|   from /home/uchiha/playground/crystal/src/http/server/handler.cr:30:7 in 'call'
|   from /home/uchiha/playground/crystal/src/http/server/request_processor.cr:58:11 in 'process'
|   from /home/uchiha/playground/crystal/src/http/server.cr:506:5 in '->'
|   from /home/uchiha/playground/crystal/src/fiber.cr:168:11 in 'run'
|   from /home/uchiha/playground/crystal/src/fiber.cr:103:3 in '->'
|   from ???
| Caused by: write (#<TCPSocket:0x78764a002e98>): Broken pipe (IO::Error)
|   from /home/uchiha/playground/crystal/src/crystal/system/thread.cr:72:3 in 'unbuffered_write'
|   from /home/uchiha/playground/crystal/src/io/buffered.cr:163:14 in 'write'
|   from /home/uchiha/playground/crystal/src/http/server/response.cr:282:11 in 'unbuffered_write'
|   from /home/uchiha/playground/crystal/src/io/buffered.cr:163:14 in 'write'
|   from /home/uchiha/playground/crystal/src/http/server/response.cr:107:7 in 'write'
|   from /home/uchiha/playground/crystal/src/io.cr:488:7 in 'write_string'
|   from lib/kemal/src/kemal/route_handler.cr:174:7 in 'call'
|   from lib/kemal/src/kemal/websocket_handler.cr:13:14 in 'call'
|   from /home/uchiha/playground/crystal/src/http/server/handler.cr:30:7 in 'call_next'
|   from lib/kemal/src/kemal/filter_handler.cr:46:7 in 'call'
|   from /home/uchiha/playground/crystal/src/http/server/handler.cr:30:7 in 'call_next'
|   from src/middlewares/web_api_auth_middleware.cr:8:12 in 'call'
|   from /home/uchiha/playground/crystal/src/http/server/handler.cr:30:7 in 'call_next'
|   from src/middlewares/admin_api_auth_middleware.cr:7:12 in 'call'
|   from /home/uchiha/playground/crystal/src/http/server/handler.cr:30:7 in 'call_next'
|   from /home/uchiha/playground/crystal/src/http/server/handlers/static_file_handler.cr:60:12 in 'call'
|   from /home/uchiha/playground/crystal/src/http/server/handler.cr:30:7 in 'call'
|   from /home/uchiha/playground/crystal/src/http/server/handler.cr:30:7 in 'call'
|   from /home/uchiha/playground/crystal/src/http/server/handler.cr:30:7 in 'call'
|   from /home/uchiha/playground/crystal/src/http/server/handler.cr:30:7 in 'call'
|   from /home/uchiha/playground/crystal/src/http/server/request_processor.cr:58:11 in 'process'
|   from /home/uchiha/playground/crystal/src/http/server.cr:506:5 in '->'
|   from /home/uchiha/playground/crystal/src/fiber.cr:168:11 in 'run'
|   from /home/uchiha/playground/crystal/src/fiber.cr:103:3 in '->'
|   from ???
ERR 2026-08-03T21:12:42.753Z > Unhandled exception on HTTP::Handler
| Closed stream (IO::Error)
|   from /home/uchiha/playground/crystal/src/http/server/response.cr:215:15 in 'content_type='
|   from lib/kemal/src/kemal/helpers/templates.cr:25:3 in 'render_500'
|   from lib/kemal/src/kemal/exception_handler.cr:34:7 in 'call'
|   from /home/uchiha/playground/crystal/src/http/server/handler.cr:30:7 in 'call'
|   from /home/uchiha/playground/crystal/src/http/server/handler.cr:30:7 in 'call'
|   from /home/uchiha/playground/crystal/src/http/server/handler.cr:30:7 in 'call'
|   from /home/uchiha/playground/crystal/src/http/server/request_processor.cr:58:11 in 'process'
|   from /home/uchiha/playground/crystal/src/http/server.cr:506:5 in '->'
|   from /home/uchiha/playground/crystal/src/fiber.cr:168:11 in 'run'
|   from /home/uchiha/playground/crystal/src/fiber.cr:103:3 in '->'
|   from ???
ERR 2026-08-03T21:12:42.753Z > Error while writing data to the client
| Error while writing data to the client (HTTP::Server::ClientError)
|   from /home/uchiha/playground/crystal/src/http/server/response.cr:266:9 in 'unbuffered_write'
|   from /home/uchiha/playground/crystal/src/io/buffered.cr:163:14 in 'write'
|   from /home/uchiha/playground/crystal/src/http/server/response.cr:107:7 in 'write'
|   from /home/uchiha/playground/crystal/src/io.cr:488:7 in 'write_string'
|   from lib/kemal/src/kemal/route_handler.cr:174:7 in 'call'
|   from lib/kemal/src/kemal/websocket_handler.cr:13:14 in 'call'
|   from /home/uchiha/playground/crystal/src/http/server/handler.cr:30:7 in 'call_next'
|   from lib/kemal/src/kemal/filter_handler.cr:46:7 in 'call'
|   from /home/uchiha/playground/crystal/src/http/server/handler.cr:30:7 in 'call_next'
|   from src/middlewares/web_api_auth_middleware.cr:8:12 in 'call'
|   from /home/uchiha/playground/crystal/src/http/server/handler.cr:30:7 in 'call_next'
|   from src/middlewares/admin_api_auth_middleware.cr:7:12 in 'call'
|   from /home/uchiha/playground/crystal/src/http/server/handler.cr:30:7 in 'call_next'
|   from /home/uchiha/playground/crystal/src/http/server/handlers/static_file_handler.cr:60:12 in 'call'
|   from /home/uchiha/playground/crystal/src/http/server/handler.cr:30:7 in 'call'
|   from /home/uchiha/playground/crystal/src/http/server/handler.cr:30:7 in 'call'
|   from /home/uchiha/playground/crystal/src/http/server/handler.cr:30:7 in 'call'
|   from /home/uchiha/playground/crystal/src/http/server/handler.cr:30:7 in 'call'
|   from /home/uchiha/playground/crystal/src/http/server/request_processor.cr:58:11 in 'process'
|   from /home/uchiha/playground/crystal/src/http/server.cr:506:5 in '->'
|   from /home/uchiha/playground/crystal/src/fiber.cr:168:11 in 'run'
|   from /home/uchiha/playground/crystal/src/fiber.cr:103:3 in '->'
|   from ???
| Caused by: write (#<TCPSocket:0x78764a004f68>): Broken pipe (IO::Error)
|   from /home/uchiha/playground/crystal/src/crystal/system/thread.cr:72:3 in 'unbuffered_write'
|   from /home/uchiha/playground/crystal/src/io/buffered.cr:163:14 in 'write'
|   from /home/uchiha/playground/crystal/src/http/server/response.cr:282:11 in 'unbuffered_write'
|   from /home/uchiha/playground/crystal/src/io/buffered.cr:163:14 in 'write'
|   from /home/uchiha/playground/crystal/src/http/server/response.cr:107:7 in 'write'
|   from /home/uchiha/playground/crystal/src/io.cr:488:7 in 'write_string'
|   from lib/kemal/src/kemal/route_handler.cr:174:7 in 'call'
|   from lib/kemal/src/kemal/websocket_handler.cr:13:14 in 'call'
|   from /home/uchiha/playground/crystal/src/http/server/handler.cr:30:7 in 'call_next'
|   from lib/kemal/src/kemal/filter_handler.cr:46:7 in 'call'
|   from /home/uchiha/playground/crystal/src/http/server/handler.cr:30:7 in 'call_next'
|   from src/middlewares/web_api_auth_middleware.cr:8:12 in 'call'
|   from /home/uchiha/playground/crystal/src/http/server/handler.cr:30:7 in 'call_next'
|   from src/middlewares/admin_api_auth_middleware.cr:7:12 in 'call'
|   from /home/uchiha/playground/crystal/src/http/server/handler.cr:30:7 in 'call_next'
|   from /home/uchiha/playground/crystal/src/http/server/handlers/static_file_handler.cr:60:12 in 'call'
|   from /home/uchiha/playground/crystal/src/http/server/handler.cr:30:7 in 'call'
|   from /home/uchiha/playground/crystal/src/http/server/handler.cr:30:7 in 'call'
|   from /home/uchiha/playground/crystal/src/http/server/handler.cr:30:7 in 'call'
|   from /home/uchiha/playground/crystal/src/http/server/handler.cr:30:7 in 'call'
|   from /home/uchiha/playground/crystal/src/http/server/request_processor.cr:58:11 in 'process'
|   from /home/uchiha/playground/crystal/src/http/server.cr:506:5 in '->'
|   from /home/uchiha/playground/crystal/src/fiber.cr:168:11 in 'run'
|   from /home/uchiha/playground/crystal/src/fiber.cr:103:3 in '->'
|   from ???
ERR 2026-08-03T21:12:42.753Z > Unhandled exception on HTTP::Handler
| Closed stream (IO::Error)
|   from /home/uchiha/playground/crystal/src/http/server/response.cr:215:15 in 'content_type='
|   from lib/kemal/src/kemal/helpers/templates.cr:25:3 in 'render_500'
|   from lib/kemal/src/kemal/exception_handler.cr:34:7 in 'call'
|   from /home/uchiha/playground/crystal/src/http/server/handler.cr:30:7 in 'call'
|   from /home/uchiha/playground/crystal/src/http/server/handler.cr:30:7 in 'call'
|   from /home/uchiha/playground/crystal/src/http/server/handler.cr:30:7 in 'call'
|   from /home/uchiha/playground/crystal/src/http/server/request_processor.cr:58:11 in 'process'
|   from /home/uchiha/playground/crystal/src/http/server.cr:506:5 in '->'
|   from /home/uchiha/playground/crystal/src/fiber.cr:168:11 in 'run'
|   from /home/uchiha/playground/crystal/src/fiber.cr:103:3 in '->'
|   from ???
ERR 2026-08-03T21:12:42.756Z > Error while writing data to the client
| Error while writing data to the client (HTTP::Server::ClientError)
|   from /home/uchiha/playground/crystal/src/http/server/response.cr:266:9 in 'unbuffered_write'
|   from /home/uchiha/playground/crystal/src/io/buffered.cr:163:14 in 'write'
|   from /home/uchiha/playground/crystal/src/http/server/response.cr:107:7 in 'write'
|   from /home/uchiha/playground/crystal/src/io.cr:488:7 in 'write_string'
|   from lib/kemal/src/kemal/route_handler.cr:174:7 in 'call'
|   from lib/kemal/src/kemal/websocket_handler.cr:13:14 in 'call'
|   from /home/uchiha/playground/crystal/src/http/server/handler.cr:30:7 in 'call_next'
|   from lib/kemal/src/kemal/filter_handler.cr:46:7 in 'call'
|   from /home/uchiha/playground/crystal/src/http/server/handler.cr:30:7 in 'call_next'
|   from src/middlewares/web_api_auth_middleware.cr:8:12 in 'call'
|   from /home/uchiha/playground/crystal/src/http/server/handler.cr:30:7 in 'call_next'
|   from src/middlewares/admin_api_auth_middleware.cr:7:12 in 'call'
|   from /home/uchiha/playground/crystal/src/http/server/handler.cr:30:7 in 'call_next'
|   from /home/uchiha/playground/crystal/src/http/server/handlers/static_file_handler.cr:60:12 in 'call'
|   from /home/uchiha/playground/crystal/src/http/server/handler.cr:30:7 in 'call'
|   from /home/uchiha/playground/crystal/src/http/server/handler.cr:30:7 in 'call'
|   from /home/uchiha/playground/crystal/src/http/server/handler.cr:30:7 in 'call'
|   from /home/uchiha/playground/crystal/src/http/server/handler.cr:30:7 in 'call'
|   from /home/uchiha/playground/crystal/src/http/server/request_processor.cr:58:11 in 'process'
|   from /home/uchiha/playground/crystal/src/http/server.cr:506:5 in '->'
|   from /home/uchiha/playground/crystal/src/fiber.cr:168:11 in 'run'
|   from /home/uchiha/playground/crystal/src/fiber.cr:103:3 in '->'
|   from ???
| Caused by: write (#<TCPSocket:0x78764a0055f8>): Broken pipe (IO::Error)
|   from /home/uchiha/playground/crystal/src/crystal/system/thread.cr:72:3 in 'unbuffered_write'
|   from /home/uchiha/playground/crystal/src/io/buffered.cr:163:14 in 'write'
|   from /home/uchiha/playground/crystal/src/http/server/response.cr:282:11 in 'unbuffered_write'
|   from /home/uchiha/playground/crystal/src/io/buffered.cr:163:14 in 'write'
|   from /home/uchiha/playground/crystal/src/http/server/response.cr:107:7 in 'write'
|   from /home/uchiha/playground/crystal/src/io.cr:488:7 in 'write_string'
|   from lib/kemal/src/kemal/route_handler.cr:174:7 in 'call'
|   from lib/kemal/src/kemal/websocket_handler.cr:13:14 in 'call'
|   from /home/uchiha/playground/crystal/src/http/server/handler.cr:30:7 in 'call_next'
|   from lib/kemal/src/kemal/filter_handler.cr:46:7 in 'call'
|   from /home/uchiha/playground/crystal/src/http/server/handler.cr:30:7 in 'call_next'
|   from src/middlewares/web_api_auth_middleware.cr:8:12 in 'call'
|   from /home/uchiha/playground/crystal/src/http/server/handler.cr:30:7 in 'call_next'
|   from src/middlewares/admin_api_auth_middleware.cr:7:12 in 'call'
|   from /home/uchiha/playground/crystal/src/http/server/handler.cr:30:7 in 'call_next'
|   from /home/uchiha/playground/crystal/src/http/server/handlers/static_file_handler.cr:60:12 in 'call'
|   from /home/uchiha/playground/crystal/src/http/server/handler.cr:30:7 in 'call'
|   from /home/uchiha/playground/crystal/src/http/server/handler.cr:30:7 in 'call'
|   from /home/uchiha/playground/crystal/src/http/server/handler.cr:30:7 in 'call'
|   from /home/uchiha/playground/crystal/src/http/server/handler.cr:30:7 in 'call'
|   from /home/uchiha/playground/crystal/src/http/server/request_processor.cr:58:11 in 'process'
|   from /home/uchiha/playground/crystal/src/http/server.cr:506:5 in '->'
|   from /home/uchiha/playground/crystal/src/fiber.cr:168:11 in 'run'
|   from /home/uchiha/playground/crystal/src/fiber.cr:103:3 in '->'
|   from ???
ERR 2026-08-03T21:12:42.756Z > Unhandled exception on HTTP::Handler
| Closed stream (IO::Error)
|   from /home/uchiha/playground/crystal/src/http/server/response.cr:215:15 in 'content_type='
|   from lib/kemal/src/kemal/helpers/templates.cr:25:3 in 'render_500'
|   from lib/kemal/src/kemal/exception_handler.cr:34:7 in 'call'
|   from /home/uchiha/playground/crystal/src/http/server/handler.cr:30:7 in 'call'
|   from /home/uchiha/playground/crystal/src/http/server/handler.cr:30:7 in 'call'
|   from /home/uchiha/playground/crystal/src/http/server/handler.cr:30:7 in 'call'
|   from /home/uchiha/playground/crystal/src/http/server/request_processor.cr:58:11 in 'process'
|   from /home/uchiha/playground/crystal/src/http/server.cr:506:5 in '->'
|   from /home/uchiha/playground/crystal/src/fiber.cr:168:11 in 'run'
|   from /home/uchiha/playground/crystal/src/fiber.cr:103:3 in '->'
|   from ???
ERR 2026-08-03T21:12:42.756Z > Error while writing data to the client
| Error while writing data to the client (HTTP::Server::ClientError)
|   from /home/uchiha/playground/crystal/src/http/server/response.cr:266:9 in 'unbuffered_write'
|   from /home/uchiha/playground/crystal/src/io/buffered.cr:163:14 in 'write'
|   from /home/uchiha/playground/crystal/src/http/server/response.cr:107:7 in 'write'
|   from /home/uchiha/playground/crystal/src/io.cr:488:7 in 'write_string'
|   from lib/kemal/src/kemal/route_handler.cr:174:7 in 'call'
|   from lib/kemal/src/kemal/websocket_handler.cr:13:14 in 'call'
|   from /home/uchiha/playground/crystal/src/http/server/handler.cr:30:7 in 'call_next'
|   from lib/kemal/src/kemal/filter_handler.cr:46:7 in 'call'
|   from /home/uchiha/playground/crystal/src/http/server/handler.cr:30:7 in 'call_next'
|   from src/middlewares/web_api_auth_middleware.cr:8:12 in 'call'
|   from /home/uchiha/playground/crystal/src/http/server/handler.cr:30:7 in 'call_next'
|   from src/middlewares/admin_api_auth_middleware.cr:7:12 in 'call'
|   from /home/uchiha/playground/crystal/src/http/server/handler.cr:30:7 in 'call_next'
|   from /home/uchiha/playground/crystal/src/http/server/handlers/static_file_handler.cr:60:12 in 'call'
|   from /home/uchiha/playground/crystal/src/http/server/handler.cr:30:7 in 'call'
|   from /home/uchiha/playground/crystal/src/http/server/handler.cr:30:7 in 'call'
|   from /home/uchiha/playground/crystal/src/http/server/handler.cr:30:7 in 'call'
|   from /home/uchiha/playground/crystal/src/http/server/handler.cr:30:7 in 'call'
|   from /home/uchiha/playground/crystal/src/http/server/request_processor.cr:58:11 in 'process'
|   from /home/uchiha/playground/crystal/src/http/server.cr:506:5 in '->'
|   from /home/uchiha/playground/crystal/src/fiber.cr:168:11 in 'run'
|   from /home/uchiha/playground/crystal/src/fiber.cr:103:3 in '->'
|   from ???
| Caused by: write (#<TCPSocket:0x78764a004a28>): Broken pipe (IO::Error)
|   from /home/uchiha/playground/crystal/src/crystal/system/thread.cr:72:3 in 'unbuffered_write'
|   from /home/uchiha/playground/crystal/src/io/buffered.cr:163:14 in 'write'
|   from /home/uchiha/playground/crystal/src/http/server/response.cr:282:11 in 'unbuffered_write'
|   from /home/uchiha/playground/crystal/src/io/buffered.cr:163:14 in 'write'
|   from /home/uchiha/playground/crystal/src/http/server/response.cr:107:7 in 'write'
|   from /home/uchiha/playground/crystal/src/io.cr:488:7 in 'write_string'
|   from lib/kemal/src/kemal/route_handler.cr:174:7 in 'call'
|   from lib/kemal/src/kemal/websocket_handler.cr:13:14 in 'call'
|   from /home/uchiha/playground/crystal/src/http/server/handler.cr:30:7 in 'call_next'
|   from lib/kemal/src/kemal/filter_handler.cr:46:7 in 'call'
|   from /home/uchiha/playground/crystal/src/http/server/handler.cr:30:7 in 'call_next'
|   from src/middlewares/web_api_auth_middleware.cr:8:12 in 'call'
|   from /home/uchiha/playground/crystal/src/http/server/handler.cr:30:7 in 'call_next'
|   from src/middlewares/admin_api_auth_middleware.cr:7:12 in 'call'
|   from /home/uchiha/playground/crystal/src/http/server/handler.cr:30:7 in 'call_next'
|   from /home/uchiha/playground/crystal/src/http/server/handlers/static_file_handler.cr:60:12 in 'call'
|   from /home/uchiha/playground/crystal/src/http/server/handler.cr:30:7 in 'call'
|   from /home/uchiha/playground/crystal/src/http/server/handler.cr:30:7 in 'call'
|   from /home/uchiha/playground/crystal/src/http/server/handler.cr:30:7 in 'call'
|   from /home/uchiha/playground/crystal/src/http/server/handler.cr:30:7 in 'call'
|   from /home/uchiha/playground/crystal/src/http/server/request_processor.cr:58:11 in 'process'
|   from /home/uchiha/playground/crystal/src/http/server.cr:506:5 in '->'
|   from /home/uchiha/playground/crystal/src/fiber.cr:168:11 in 'run'
|   from /home/uchiha/playground/crystal/src/fiber.cr:103:3 in '->'
|   from ???
ERR 2026-08-03T21:12:42.756Z > Unhandled exception on HTTP::Handler
| Closed stream (IO::Error)
|   from /home/uchiha/playground/crystal/src/http/server/response.cr:215:15 in 'content_type='
|   from lib/kemal/src/kemal/helpers/templates.cr:25:3 in 'render_500'
|   from lib/kemal/src/kemal/exception_handler.cr:34:7 in 'call'
|   from /home/uchiha/playground/crystal/src/http/server/handler.cr:30:7 in 'call'
|   from /home/uchiha/playground/crystal/src/http/server/handler.cr:30:7 in 'call'
|   from /home/uchiha/playground/crystal/src/http/server/handler.cr:30:7 in 'call'
|   from /home/uchiha/playground/crystal/src/http/server/request_processor.cr:58:11 in 'process'
|   from /home/uchiha/playground/crystal/src/http/server.cr:506:5 in '->'
|   from /home/uchiha/playground/crystal/src/fiber.cr:168:11 in 'run'
|   from /home/uchiha/playground/crystal/src/fiber.cr:103:3 in '->'
|   from ???
ERR 2026-08-03T21:12:42.786Z > Error while writing data to the client
| Error while writing data to the client (HTTP::Server::ClientError)
|   from /home/uchiha/playground/crystal/src/http/server/response.cr:266:9 in 'unbuffered_write'
|   from /home/uchiha/playground/crystal/src/io/buffered.cr:163:14 in 'write'
|   from /home/uchiha/playground/crystal/src/http/server/response.cr:107:7 in 'write'
|   from /home/uchiha/playground/crystal/src/io.cr:488:7 in 'write_string'
|   from lib/kemal/src/kemal/route_handler.cr:174:7 in 'call'
|   from lib/kemal/src/kemal/websocket_handler.cr:13:14 in 'call'
|   from /home/uchiha/playground/crystal/src/http/server/handler.cr:30:7 in 'call_next'
|   from lib/kemal/src/kemal/filter_handler.cr:46:7 in 'call'
|   from /home/uchiha/playground/crystal/src/http/server/handler.cr:30:7 in 'call_next'
|   from src/middlewares/web_api_auth_middleware.cr:8:12 in 'call'
|   from /home/uchiha/playground/crystal/src/http/server/handler.cr:30:7 in 'call_next'
|   from src/middlewares/admin_api_auth_middleware.cr:7:12 in 'call'
|   from /home/uchiha/playground/crystal/src/http/server/handler.cr:30:7 in 'call_next'
|   from /home/uchiha/playground/crystal/src/http/server/handlers/static_file_handler.cr:60:12 in 'call'
|   from /home/uchiha/playground/crystal/src/http/server/handler.cr:30:7 in 'call'
|   from /home/uchiha/playground/crystal/src/http/server/handler.cr:30:7 in 'call'
|   from /home/uchiha/playground/crystal/src/http/server/handler.cr:30:7 in 'call'
|   from /home/uchiha/playground/crystal/src/http/server/handler.cr:30:7 in 'call'
|   from /home/uchiha/playground/crystal/src/http/server/request_processor.cr:58:11 in 'process'
|   from /home/uchiha/playground/crystal/src/http/server.cr:506:5 in '->'
|   from /home/uchiha/playground/crystal/src/fiber.cr:168:11 in 'run'
|   from /home/uchiha/playground/crystal/src/fiber.cr:103:3 in '->'
|   from ???
| Caused by: write (#<TCPSocket:0x78764a006d98>): Broken pipe (IO::Error)
|   from /home/uchiha/playground/crystal/src/crystal/system/thread.cr:72:3 in 'unbuffered_write'
|   from /home/uchiha/playground/crystal/src/io/buffered.cr:163:14 in 'write'
|   from /home/uchiha/playground/crystal/src/http/server/response.cr:282:11 in 'unbuffered_write'
|   from /home/uchiha/playground/crystal/src/io/buffered.cr:163:14 in 'write'
|   from /home/uchiha/playground/crystal/src/http/server/response.cr:107:7 in 'write'
|   from /home/uchiha/playground/crystal/src/io.cr:488:7 in 'write_string'
|   from lib/kemal/src/kemal/route_handler.cr:174:7 in 'call'
|   from lib/kemal/src/kemal/websocket_handler.cr:13:14 in 'call'
|   from /home/uchiha/playground/crystal/src/http/server/handler.cr:30:7 in 'call_next'
|   from lib/kemal/src/kemal/filter_handler.cr:46:7 in 'call'
|   from /home/uchiha/playground/crystal/src/http/server/handler.cr:30:7 in 'call_next'
|   from src/middlewares/web_api_auth_middleware.cr:8:12 in 'call'
|   from /home/uchiha/playground/crystal/src/http/server/handler.cr:30:7 in 'call_next'
|   from src/middlewares/admin_api_auth_middleware.cr:7:12 in 'call'
|   from /home/uchiha/playground/crystal/src/http/server/handler.cr:30:7 in 'call_next'
|   from /home/uchiha/playground/crystal/src/http/server/handlers/static_file_handler.cr:60:12 in 'call'
|   from /home/uchiha/playground/crystal/src/http/server/handler.cr:30:7 in 'call'
|   from /home/uchiha/playground/crystal/src/http/server/handler.cr:30:7 in 'call'
|   from /home/uchiha/playground/crystal/src/http/server/handler.cr:30:7 in 'call'
|   from /home/uchiha/playground/crystal/src/http/server/handler.cr:30:7 in 'call'
|   from /home/uchiha/playground/crystal/src/http/server/request_processor.cr:58:11 in 'process'
|   from /home/uchiha/playground/crystal/src/http/server.cr:506:5 in '->'
|   from /home/uchiha/playground/crystal/src/fiber.cr:168:11 in 'run'
|   from /home/uchiha/playground/crystal/src/fiber.cr:103:3 in '->'
|   from ???
ERR 2026-08-03T21:12:42.786Z > Unhandled exception on HTTP::Handler
| Closed stream (IO::Error)
|   from /home/uchiha/playground/crystal/src/http/server/response.cr:215:15 in 'content_type='
|   from lib/kemal/src/kemal/helpers/templates.cr:25:3 in 'render_500'
|   from lib/kemal/src/kemal/exception_handler.cr:34:7 in 'call'
|   from /home/uchiha/playground/crystal/src/http/server/handler.cr:30:7 in 'call'
|   from /home/uchiha/playground/crystal/src/http/server/handler.cr:30:7 in 'call'
|   from /home/uchiha/playground/crystal/src/http/server/handler.cr:30:7 in 'call'
|   from /home/uchiha/playground/crystal/src/http/server/request_processor.cr:58:11 in 'process'
|   from /home/uchiha/playground/crystal/src/http/server.cr:506:5 in '->'
|   from /home/uchiha/playground/crystal/src/fiber.cr:168:11 in 'run'
|   from /home/uchiha/playground/crystal/src/fiber.cr:103:3 in '->'
|   from ???
ERR 2026-08-03T21:12:42.787Z > Error while writing data to the client
| Error while writing data to the client (HTTP::Server::ClientError)
|   from /home/uchiha/playground/crystal/src/http/server/response.cr:266:9 in 'unbuffered_write'
|   from /home/uchiha/playground/crystal/src/io/buffered.cr:163:14 in 'write'
|   from /home/uchiha/playground/crystal/src/http/server/response.cr:107:7 in 'write'
|   from /home/uchiha/playground/crystal/src/io.cr:488:7 in 'write_string'
|   from lib/kemal/src/kemal/route_handler.cr:174:7 in 'call'
|   from lib/kemal/src/kemal/websocket_handler.cr:13:14 in 'call'
|   from /home/uchiha/playground/crystal/src/http/server/handler.cr:30:7 in 'call_next'
|   from lib/kemal/src/kemal/filter_handler.cr:46:7 in 'call'
|   from /home/uchiha/playground/crystal/src/http/server/handler.cr:30:7 in 'call_next'
|   from src/middlewares/web_api_auth_middleware.cr:8:12 in 'call'
|   from /home/uchiha/playground/crystal/src/http/server/handler.cr:30:7 in 'call_next'
|   from src/middlewares/admin_api_auth_middleware.cr:7:12 in 'call'
|   from /home/uchiha/playground/crystal/src/http/server/handler.cr:30:7 in 'call_next'
|   from /home/uchiha/playground/crystal/src/http/server/handlers/static_file_handler.cr:60:12 in 'call'
|   from /home/uchiha/playground/crystal/src/http/server/handler.cr:30:7 in 'call'
|   from /home/uchiha/playground/crystal/src/http/server/handler.cr:30:7 in 'call'
|   from /home/uchiha/playground/crystal/src/http/server/handler.cr:30:7 in 'call'
|   from /home/uchiha/playground/crystal/src/http/server/handler.cr:30:7 in 'call'
|   from /home/uchiha/playground/crystal/src/http/server/request_processor.cr:58:11 in 'process'
|   from /home/uchiha/playground/crystal/src/http/server.cr:506:5 in '->'
|   from /home/uchiha/playground/crystal/src/fiber.cr:168:11 in 'run'
|   from /home/uchiha/playground/crystal/src/fiber.cr:103:3 in '->'
|   from ???
| Caused by: write (#<TCPSocket:0x78764a007ab8>): Broken pipe (IO::Error)
|   from /home/uchiha/playground/crystal/src/crystal/system/thread.cr:72:3 in 'unbuffered_write'
|   from /home/uchiha/playground/crystal/src/io/buffered.cr:163:14 in 'write'
|   from /home/uchiha/playground/crystal/src/http/server/response.cr:282:11 in 'unbuffered_write'
|   from /home/uchiha/playground/crystal/src/io/buffered.cr:163:14 in 'write'
|   from /home/uchiha/playground/crystal/src/http/server/response.cr:107:7 in 'write'
|   from /home/uchiha/playground/crystal/src/io.cr:488:7 in 'write_string'
|   from lib/kemal/src/kemal/route_handler.cr:174:7 in 'call'
|   from lib/kemal/src/kemal/websocket_handler.cr:13:14 in 'call'
|   from /home/uchiha/playground/crystal/src/http/server/handler.cr:30:7 in 'call_next'
|   from lib/kemal/src/kemal/filter_handler.cr:46:7 in 'call'
|   from /home/uchiha/playground/crystal/src/http/server/handler.cr:30:7 in 'call_next'
|   from src/middlewares/web_api_auth_middleware.cr:8:12 in 'call'
|   from /home/uchiha/playground/crystal/src/http/server/handler.cr:30:7 in 'call_next'
|   from src/middlewares/admin_api_auth_middleware.cr:7:12 in 'call'
|   from /home/uchiha/playground/crystal/src/http/server/handler.cr:30:7 in 'call_next'
|   from /home/uchiha/playground/crystal/src/http/server/handlers/static_file_handler.cr:60:12 in 'call'
|   from /home/uchiha/playground/crystal/src/http/server/handler.cr:30:7 in 'call'
|   from /home/uchiha/playground/crystal/src/http/server/handler.cr:30:7 in 'call'
|   from /home/uchiha/playground/crystal/src/http/server/handler.cr:30:7 in 'call'
|   from /home/uchiha/playground/crystal/src/http/server/handler.cr:30:7 in 'call'
|   from /home/uchiha/playground/crystal/src/http/server/request_processor.cr:58:11 in 'process'
|   from /home/uchiha/playground/crystal/src/http/server.cr:506:5 in '->'
|   from /home/uchiha/playground/crystal/src/fiber.cr:168:11 in 'run'
|   from /home/uchiha/playground/crystal/src/fiber.cr:103:3 in '->'
|   from ???
ERR 2026-08-03T21:12:42.787Z > Unhandled exception on HTTP::Handler
| Closed stream (IO::Error)
|   from /home/uchiha/playground/crystal/src/http/server/response.cr:215:15 in 'content_type='
|   from lib/kemal/src/kemal/helpers/templates.cr:25:3 in 'render_500'
|   from lib/kemal/src/kemal/exception_handler.cr:34:7 in 'call'
|   from /home/uchiha/playground/crystal/src/http/server/handler.cr:30:7 in 'call'
|   from /home/uchiha/playground/crystal/src/http/server/handler.cr:30:7 in 'call'
|   from /home/uchiha/playground/crystal/src/http/server/handler.cr:30:7 in 'call'
|   from /home/uchiha/playground/crystal/src/http/server/request_processor.cr:58:11 in 'process'
|   from /home/uchiha/playground/crystal/src/http/server.cr:506:5 in '->'
|   from /home/uchiha/playground/crystal/src/fiber.cr:168:11 in 'run'
|   from /home/uchiha/playground/crystal/src/fiber.cr:103:3 in '->'
|   from ???
ERR 2026-08-03T21:12:42.797Z > Error while writing data to the client
| Error while writing data to the client (HTTP::Server::ClientError)
|   from /home/uchiha/playground/crystal/src/http/server/response.cr:266:9 in 'unbuffered_write'
|   from /home/uchiha/playground/crystal/src/io/buffered.cr:163:14 in 'write'
|   from /home/uchiha/playground/crystal/src/http/server/response.cr:107:7 in 'write'
|   from /home/uchiha/playground/crystal/src/io.cr:488:7 in 'write_string'
|   from lib/kemal/src/kemal/route_handler.cr:174:7 in 'call'
|   from lib/kemal/src/kemal/websocket_handler.cr:13:14 in 'call'
|   from /home/uchiha/playground/crystal/src/http/server/handler.cr:30:7 in 'call_next'
|   from lib/kemal/src/kemal/filter_handler.cr:46:7 in 'call'
|   from /home/uchiha/playground/crystal/src/http/server/handler.cr:30:7 in 'call_next'
|   from src/middlewares/web_api_auth_middleware.cr:8:12 in 'call'
|   from /home/uchiha/playground/crystal/src/http/server/handler.cr:30:7 in 'call_next'
|   from src/middlewares/admin_api_auth_middleware.cr:7:12 in 'call'
|   from /home/uchiha/playground/crystal/src/http/server/handler.cr:30:7 in 'call_next'
|   from /home/uchiha/playground/crystal/src/http/server/handlers/static_file_handler.cr:60:12 in 'call'
|   from /home/uchiha/playground/crystal/src/http/server/handler.cr:30:7 in 'call'
|   from /home/uchiha/playground/crystal/src/http/server/handler.cr:30:7 in 'call'
|   from /home/uchiha/playground/crystal/src/http/server/handler.cr:30:7 in 'call'
|   from /home/uchiha/playground/crystal/src/http/server/handler.cr:30:7 in 'call'
|   from /home/uchiha/playground/crystal/src/http/server/request_processor.cr:58:11 in 'process'
|   from /home/uchiha/playground/crystal/src/http/server.cr:506:5 in '->'
|   from /home/uchiha/playground/crystal/src/fiber.cr:168:11 in 'run'
|   from /home/uchiha/playground/crystal/src/fiber.cr:103:3 in '->'
|   from ???
| Caused by: write (#<TCPSocket:0x78764a005c88>): Broken pipe (IO::Error)
|   from /home/uchiha/playground/crystal/src/crystal/system/thread.cr:72:3 in 'unbuffered_write'
|   from /home/uchiha/playground/crystal/src/io/buffered.cr:163:14 in 'write'
|   from /home/uchiha/playground/crystal/src/http/server/response.cr:282:11 in 'unbuffered_write'
|   from /home/uchiha/playground/crystal/src/io/buffered.cr:163:14 in 'write'
|   from /home/uchiha/playground/crystal/src/http/server/response.cr:107:7 in 'write'
|   from /home/uchiha/playground/crystal/src/io.cr:488:7 in 'write_string'
|   from lib/kemal/src/kemal/route_handler.cr:174:7 in 'call'
|   from lib/kemal/src/kemal/websocket_handler.cr:13:14 in 'call'
|   from /home/uchiha/playground/crystal/src/http/server/handler.cr:30:7 in 'call_next'
|   from lib/kemal/src/kemal/filter_handler.cr:46:7 in 'call'
|   from /home/uchiha/playground/crystal/src/http/server/handler.cr:30:7 in 'call_next'
|   from src/middlewares/web_api_auth_middleware.cr:8:12 in 'call'
|   from /home/uchiha/playground/crystal/src/http/server/handler.cr:30:7 in 'call_next'
|   from src/middlewares/admin_api_auth_middleware.cr:7:12 in 'call'
|   from /home/uchiha/playground/crystal/src/http/server/handler.cr:30:7 in 'call_next'
|   from /home/uchiha/playground/crystal/src/http/server/handlers/static_file_handler.cr:60:12 in 'call'
|   from /home/uchiha/playground/crystal/src/http/server/handler.cr:30:7 in 'call'
|   from /home/uchiha/playground/crystal/src/http/server/handler.cr:30:7 in 'call'
|   from /home/uchiha/playground/crystal/src/http/server/handler.cr:30:7 in 'call'
|   from /home/uchiha/playground/crystal/src/http/server/handler.cr:30:7 in 'call'
|   from /home/uchiha/playground/crystal/src/http/server/request_processor.cr:58:11 in 'process'
|   from /home/uchiha/playground/crystal/src/http/server.cr:506:5 in '->'
|   from /home/uchiha/playground/crystal/src/fiber.cr:168:11 in 'run'
|   from /home/uchiha/playground/crystal/src/fiber.cr:103:3 in '->'
|   from ???
ERR 2026-08-03T21:12:42.797Z > Unhandled exception on HTTP::Handler
| Closed stream (IO::Error)
|   from /home/uchiha/playground/crystal/src/http/server/response.cr:215:15 in 'content_type='
|   from lib/kemal/src/kemal/helpers/templates.cr:25:3 in 'render_500'
|   from lib/kemal/src/kemal/exception_handler.cr:34:7 in 'call'
|   from /home/uchiha/playground/crystal/src/http/server/handler.cr:30:7 in 'call'
|   from /home/uchiha/playground/crystal/src/http/server/handler.cr:30:7 in 'call'
|   from /home/uchiha/playground/crystal/src/http/server/handler.cr:30:7 in 'call'
|   from /home/uchiha/playground/crystal/src/http/server/request_processor.cr:58:11 in 'process'
|   from /home/uchiha/playground/crystal/src/http/server.cr:506:5 in '->'
|   from /home/uchiha/playground/crystal/src/fiber.cr:168:11 in 'run'
|   from /home/uchiha/playground/crystal/src/fiber.cr:103:3 in '->'
|   from ???
ERR 2026-08-03T21:12:42.797Z > Error while writing data to the client
| Error while writing data to the client (HTTP::Server::ClientError)
|   from /home/uchiha/playground/crystal/src/http/server/response.cr:266:9 in 'unbuffered_write'
|   from /home/uchiha/playground/crystal/src/io/buffered.cr:163:14 in 'write'
|   from /home/uchiha/playground/crystal/src/http/server/response.cr:107:7 in 'write'
|   from /home/uchiha/playground/crystal/src/io.cr:488:7 in 'write_string'
|   from lib/kemal/src/kemal/route_handler.cr:174:7 in 'call'
|   from lib/kemal/src/kemal/websocket_handler.cr:13:14 in 'call'
|   from /home/uchiha/playground/crystal/src/http/server/handler.cr:30:7 in 'call_next'
|   from lib/kemal/src/kemal/filter_handler.cr:46:7 in 'call'
|   from /home/uchiha/playground/crystal/src/http/server/handler.cr:30:7 in 'call_next'
|   from src/middlewares/web_api_auth_middleware.cr:8:12 in 'call'
|   from /home/uchiha/playground/crystal/src/http/server/handler.cr:30:7 in 'call_next'
|   from src/middlewares/admin_api_auth_middleware.cr:7:12 in 'call'
|   from /home/uchiha/playground/crystal/src/http/server/handler.cr:30:7 in 'call_next'
|   from /home/uchiha/playground/crystal/src/http/server/handlers/static_file_handler.cr:60:12 in 'call'
|   from /home/uchiha/playground/crystal/src/http/server/handler.cr:30:7 in 'call'
|   from /home/uchiha/playground/crystal/src/http/server/handler.cr:30:7 in 'call'
|   from /home/uchiha/playground/crystal/src/http/server/handler.cr:30:7 in 'call'
|   from /home/uchiha/playground/crystal/src/http/server/handler.cr:30:7 in 'call'
|   from /home/uchiha/playground/crystal/src/http/server/request_processor.cr:58:11 in 'process'
|   from /home/uchiha/playground/crystal/src/http/server.cr:506:5 in '->'
|   from /home/uchiha/playground/crystal/src/fiber.cr:168:11 in 'run'
|   from /home/uchiha/playground/crystal/src/fiber.cr:103:3 in '->'
|   from ???
| Caused by: write (#<TCPSocket:0x78764a0061c8>): Broken pipe (IO::Error)
|   from /home/uchiha/playground/crystal/src/crystal/system/thread.cr:72:3 in 'unbuffered_write'
|   from /home/uchiha/playground/crystal/src/io/buffered.cr:163:14 in 'write'
|   from /home/uchiha/playground/crystal/src/http/server/response.cr:282:11 in 'unbuffered_write'
|   from /home/uchiha/playground/crystal/src/io/buffered.cr:163:14 in 'write'
|   from /home/uchiha/playground/crystal/src/http/server/response.cr:107:7 in 'write'
|   from /home/uchiha/playground/crystal/src/io.cr:488:7 in 'write_string'
|   from lib/kemal/src/kemal/route_handler.cr:174:7 in 'call'
|   from lib/kemal/src/kemal/websocket_handler.cr:13:14 in 'call'
|   from /home/uchiha/playground/crystal/src/http/server/handler.cr:30:7 in 'call_next'
|   from lib/kemal/src/kemal/filter_handler.cr:46:7 in 'call'
|   from /home/uchiha/playground/crystal/src/http/server/handler.cr:30:7 in 'call_next'
|   from src/middlewares/web_api_auth_middleware.cr:8:12 in 'call'
|   from /home/uchiha/playground/crystal/src/http/server/handler.cr:30:7 in 'call_next'
|   from src/middlewares/admin_api_auth_middleware.cr:7:12 in 'call'
|   from /home/uchiha/playground/crystal/src/http/server/handler.cr:30:7 in 'call_next'
|   from /home/uchiha/playground/crystal/src/http/server/handlers/static_file_handler.cr:60:12 in 'call'
|   from /home/uchiha/playground/crystal/src/http/server/handler.cr:30:7 in 'call'
|   from /home/uchiha/playground/crystal/src/http/server/handler.cr:30:7 in 'call'
|   from /home/uchiha/playground/crystal/src/http/server/handler.cr:30:7 in 'call'
|   from /home/uchiha/playground/crystal/src/http/server/handler.cr:30:7 in 'call'
|   from /home/uchiha/playground/crystal/src/http/server/request_processor.cr:58:11 in 'process'
|   from /home/uchiha/playground/crystal/src/http/server.cr:506:5 in '->'
|   from /home/uchiha/playground/crystal/src/fiber.cr:168:11 in 'run'
|   from /home/uchiha/playground/crystal/src/fiber.cr:103:3 in '->'
|   from ???
ERR 2026-08-03T21:12:42.797Z > Unhandled exception on HTTP::Handler
| Closed stream (IO::Error)
|   from /home/uchiha/playground/crystal/src/http/server/response.cr:215:15 in 'content_type='
|   from lib/kemal/src/kemal/helpers/templates.cr:25:3 in 'render_500'
|   from lib/kemal/src/kemal/exception_handler.cr:34:7 in 'call'
|   from /home/uchiha/playground/crystal/src/http/server/handler.cr:30:7 in 'call'
|   from /home/uchiha/playground/crystal/src/http/server/handler.cr:30:7 in 'call'
|   from /home/uchiha/playground/crystal/src/http/server/handler.cr:30:7 in 'call'
|   from /home/uchiha/playground/crystal/src/http/server/request_processor.cr:58:11 in 'process'
|   from /home/uchiha/playground/crystal/src/http/server.cr:506:5 in '->'
|   from /home/uchiha/playground/crystal/src/fiber.cr:168:11 in 'run'
|   from /home/uchiha/playground/crystal/src/fiber.cr:103:3 in '->'
|   from ???
ERR 2026-08-03T21:12:42.798Z > Error while writing data to the client
| Error while writing data to the client (HTTP::Server::ClientError)
|   from /home/uchiha/playground/crystal/src/http/server/response.cr:266:9 in 'unbuffered_write'
|   from /home/uchiha/playground/crystal/src/io/buffered.cr:163:14 in 'write'
|   from /home/uchiha/playground/crystal/src/http/server/response.cr:107:7 in 'write'
|   from /home/uchiha/playground/crystal/src/io.cr:488:7 in 'write_string'
|   from lib/kemal/src/kemal/route_handler.cr:174:7 in 'call'
|   from lib/kemal/src/kemal/websocket_handler.cr:13:14 in 'call'
|   from /home/uchiha/playground/crystal/src/http/server/handler.cr:30:7 in 'call_next'
|   from lib/kemal/src/kemal/filter_handler.cr:46:7 in 'call'
|   from /home/uchiha/playground/crystal/src/http/server/handler.cr:30:7 in 'call_next'
|   from src/middlewares/web_api_auth_middleware.cr:8:12 in 'call'
|   from /home/uchiha/playground/crystal/src/http/server/handler.cr:30:7 in 'call_next'
|   from src/middlewares/admin_api_auth_middleware.cr:7:12 in 'call'
|   from /home/uchiha/playground/crystal/src/http/server/handler.cr:30:7 in 'call_next'
|   from /home/uchiha/playground/crystal/src/http/server/handlers/static_file_handler.cr:60:12 in 'call'
|   from /home/uchiha/playground/crystal/src/http/server/handler.cr:30:7 in 'call'
|   from /home/uchiha/playground/crystal/src/http/server/handler.cr:30:7 in 'call'
|   from /home/uchiha/playground/crystal/src/http/server/handler.cr:30:7 in 'call'
|   from /home/uchiha/playground/crystal/src/http/server/handler.cr:30:7 in 'call'
|   from /home/uchiha/playground/crystal/src/http/server/request_processor.cr:58:11 in 'process'
|   from /home/uchiha/playground/crystal/src/http/server.cr:506:5 in '->'
|   from /home/uchiha/playground/crystal/src/fiber.cr:168:11 in 'run'
|   from /home/uchiha/playground/crystal/src/fiber.cr:103:3 in '->'
|   from ???
| Caused by: write (#<TCPSocket:0x78764a003678>): Broken pipe (IO::Error)
|   from /home/uchiha/playground/crystal/src/crystal/system/thread.cr:72:3 in 'unbuffered_write'
|   from /home/uchiha/playground/crystal/src/io/buffered.cr:163:14 in 'write'
|   from /home/uchiha/playground/crystal/src/http/server/response.cr:282:11 in 'unbuffered_write'
|   from /home/uchiha/playground/crystal/src/io/buffered.cr:163:14 in 'write'
|   from /home/uchiha/playground/crystal/src/http/server/response.cr:107:7 in 'write'
|   from /home/uchiha/playground/crystal/src/io.cr:488:7 in 'write_string'
|   from lib/kemal/src/kemal/route_handler.cr:174:7 in 'call'
|   from lib/kemal/src/kemal/websocket_handler.cr:13:14 in 'call'
|   from /home/uchiha/playground/crystal/src/http/server/handler.cr:30:7 in 'call_next'
|   from lib/kemal/src/kemal/filter_handler.cr:46:7 in 'call'
|   from /home/uchiha/playground/crystal/src/http/server/handler.cr:30:7 in 'call_next'
|   from src/middlewares/web_api_auth_middleware.cr:8:12 in 'call'
|   from /home/uchiha/playground/crystal/src/http/server/handler.cr:30:7 in 'call_next'
|   from src/middlewares/admin_api_auth_middleware.cr:7:12 in 'call'
|   from /home/uchiha/playground/crystal/src/http/server/handler.cr:30:7 in 'call_next'
|   from /home/uchiha/playground/crystal/src/http/server/handlers/static_file_handler.cr:60:12 in 'call'
|   from /home/uchiha/playground/crystal/src/http/server/handler.cr:30:7 in 'call'
|   from /home/uchiha/playground/crystal/src/http/server/handler.cr:30:7 in 'call'
|   from /home/uchiha/playground/crystal/src/http/server/handler.cr:30:7 in 'call'
|   from /home/uchiha/playground/crystal/src/http/server/handler.cr:30:7 in 'call'
|   from /home/uchiha/playground/crystal/src/http/server/request_processor.cr:58:11 in 'process'
|   from /home/uchiha/playground/crystal/src/http/server.cr:506:5 in '->'
|   from /home/uchiha/playground/crystal/src/fiber.cr:168:11 in 'run'
|   from /home/uchiha/playground/crystal/src/fiber.cr:103:3 in '->'
|   from ???
ERR 2026-08-03T21:12:42.798Z > Unhandled exception on HTTP::Handler
| Closed stream (IO::Error)
|   from /home/uchiha/playground/crystal/src/http/server/response.cr:215:15 in 'content_type='
|   from lib/kemal/src/kemal/helpers/templates.cr:25:3 in 'render_500'
|   from lib/kemal/src/kemal/exception_handler.cr:34:7 in 'call'
|   from /home/uchiha/playground/crystal/src/http/server/handler.cr:30:7 in 'call'
|   from /home/uchiha/playground/crystal/src/http/server/handler.cr:30:7 in 'call'
|   from /home/uchiha/playground/crystal/src/http/server/handler.cr:30:7 in 'call'
|   from /home/uchiha/playground/crystal/src/http/server/request_processor.cr:58:11 in 'process'
|   from /home/uchiha/playground/crystal/src/http/server.cr:506:5 in '->'
|   from /home/uchiha/playground/crystal/src/fiber.cr:168:11 in 'run'
|   from /home/uchiha/playground/crystal/src/fiber.cr:103:3 in '->'
|   from ???
ERR 2026-08-03T21:12:42.799Z > Error while writing data to the client
| Error while writing data to the client (HTTP::Server::ClientError)
|   from /home/uchiha/playground/crystal/src/http/server/response.cr:266:9 in 'unbuffered_write'
|   from /home/uchiha/playground/crystal/src/io/buffered.cr:163:14 in 'write'
|   from /home/uchiha/playground/crystal/src/http/server/response.cr:107:7 in 'write'
|   from /home/uchiha/playground/crystal/src/io.cr:488:7 in 'write_string'
|   from lib/kemal/src/kemal/route_handler.cr:174:7 in 'call'
|   from lib/kemal/src/kemal/websocket_handler.cr:13:14 in 'call'
|   from /home/uchiha/playground/crystal/src/http/server/handler.cr:30:7 in 'call_next'
|   from lib/kemal/src/kemal/filter_handler.cr:46:7 in 'call'
|   from /home/uchiha/playground/crystal/src/http/server/handler.cr:30:7 in 'call_next'
|   from src/middlewares/web_api_auth_middleware.cr:8:12 in 'call'
|   from /home/uchiha/playground/crystal/src/http/server/handler.cr:30:7 in 'call_next'
|   from src/middlewares/admin_api_auth_middleware.cr:7:12 in 'call'
|   from /home/uchiha/playground/crystal/src/http/server/handler.cr:30:7 in 'call_next'
|   from /home/uchiha/playground/crystal/src/http/server/handlers/static_file_handler.cr:60:12 in 'call'
|   from /home/uchiha/playground/crystal/src/http/server/handler.cr:30:7 in 'call'
|   from /home/uchiha/playground/crystal/src/http/server/handler.cr:30:7 in 'call'
|   from /home/uchiha/playground/crystal/src/http/server/handler.cr:30:7 in 'call'
|   from /home/uchiha/playground/crystal/src/http/server/handler.cr:30:7 in 'call'
|   from /home/uchiha/playground/crystal/src/http/server/request_processor.cr:58:11 in 'process'
|   from /home/uchiha/playground/crystal/src/http/server.cr:506:5 in '->'
|   from /home/uchiha/playground/crystal/src/fiber.cr:168:11 in 'run'
|   from /home/uchiha/playground/crystal/src/fiber.cr:103:3 in '->'
|   from ???
| Caused by: write (#<TCPSocket:0x78764a000dc8>): Broken pipe (IO::Error)
|   from /home/uchiha/playground/crystal/src/crystal/system/thread.cr:72:3 in 'unbuffered_write'
|   from /home/uchiha/playground/crystal/src/io/buffered.cr:163:14 in 'write'
|   from /home/uchiha/playground/crystal/src/http/server/response.cr:282:11 in 'unbuffered_write'
|   from /home/uchiha/playground/crystal/src/io/buffered.cr:163:14 in 'write'
|   from /home/uchiha/playground/crystal/src/http/server/response.cr:107:7 in 'write'
|   from /home/uchiha/playground/crystal/src/io.cr:488:7 in 'write_string'
|   from lib/kemal/src/kemal/route_handler.cr:174:7 in 'call'
|   from lib/kemal/src/kemal/websocket_handler.cr:13:14 in 'call'
|   from /home/uchiha/playground/crystal/src/http/server/handler.cr:30:7 in 'call_next'
|   from lib/kemal/src/kemal/filter_handler.cr:46:7 in 'call'
|   from /home/uchiha/playground/crystal/src/http/server/handler.cr:30:7 in 'call_next'
|   from src/middlewares/web_api_auth_middleware.cr:8:12 in 'call'
|   from /home/uchiha/playground/crystal/src/http/server/handler.cr:30:7 in 'call_next'
|   from src/middlewares/admin_api_auth_middleware.cr:7:12 in 'call'
|   from /home/uchiha/playground/crystal/src/http/server/handler.cr:30:7 in 'call_next'
|   from /home/uchiha/playground/crystal/src/http/server/handlers/static_file_handler.cr:60:12 in 'call'
|   from /home/uchiha/playground/crystal/src/http/server/handler.cr:30:7 in 'call'
|   from /home/uchiha/playground/crystal/src/http/server/handler.cr:30:7 in 'call'
|   from /home/uchiha/playground/crystal/src/http/server/handler.cr:30:7 in 'call'
|   from /home/uchiha/playground/crystal/src/http/server/handler.cr:30:7 in 'call'
|   from /home/uchiha/playground/crystal/src/http/server/request_processor.cr:58:11 in 'process'
|   from /home/uchiha/playground/crystal/src/http/server.cr:506:5 in '->'
|   from /home/uchiha/playground/crystal/src/fiber.cr:168:11 in 'run'
|   from /home/uchiha/playground/crystal/src/fiber.cr:103:3 in '->'
|   from ???
ERR 2026-08-03T21:12:42.799Z > Unhandled exception on HTTP::Handler
| Closed stream (IO::Error)
|   from /home/uchiha/playground/crystal/src/http/server/response.cr:215:15 in 'content_type='
|   from lib/kemal/src/kemal/helpers/templates.cr:25:3 in 'render_500'
|   from lib/kemal/src/kemal/exception_handler.cr:34:7 in 'call'
|   from /home/uchiha/playground/crystal/src/http/server/handler.cr:30:7 in 'call'
|   from /home/uchiha/playground/crystal/src/http/server/handler.cr:30:7 in 'call'
|   from /home/uchiha/playground/crystal/src/http/server/handler.cr:30:7 in 'call'
|   from /home/uchiha/playground/crystal/src/http/server/request_processor.cr:58:11 in 'process'
|   from /home/uchiha/playground/crystal/src/http/server.cr:506:5 in '->'
|   from /home/uchiha/playground/crystal/src/fiber.cr:168:11 in 'run'
|   from /home/uchiha/playground/crystal/src/fiber.cr:103:3 in '->'
|   from ???
ERR 2026-08-03T21:12:42.799Z > Error while writing data to the client
| Error while writing data to the client (HTTP::Server::ClientError)
|   from /home/uchiha/playground/crystal/src/http/server/response.cr:266:9 in 'unbuffered_write'
|   from /home/uchiha/playground/crystal/src/io/buffered.cr:163:14 in 'write'
|   from /home/uchiha/playground/crystal/src/http/server/response.cr:107:7 in 'write'
|   from /home/uchiha/playground/crystal/src/io.cr:488:7 in 'write_string'
|   from lib/kemal/src/kemal/route_handler.cr:174:7 in 'call'
|   from lib/kemal/src/kemal/websocket_handler.cr:13:14 in 'call'
|   from /home/uchiha/playground/crystal/src/http/server/handler.cr:30:7 in 'call_next'
|   from lib/kemal/src/kemal/filter_handler.cr:46:7 in 'call'
|   from /home/uchiha/playground/crystal/src/http/server/handler.cr:30:7 in 'call_next'
|   from src/middlewares/web_api_auth_middleware.cr:8:12 in 'call'
|   from /home/uchiha/playground/crystal/src/http/server/handler.cr:30:7 in 'call_next'
|   from src/middlewares/admin_api_auth_middleware.cr:7:12 in 'call'
|   from /home/uchiha/playground/crystal/src/http/server/handler.cr:30:7 in 'call_next'
|   from /home/uchiha/playground/crystal/src/http/server/handlers/static_file_handler.cr:60:12 in 'call'
|   from /home/uchiha/playground/crystal/src/http/server/handler.cr:30:7 in 'call'
|   from /home/uchiha/playground/crystal/src/http/server/handler.cr:30:7 in 'call'
|   from /home/uchiha/playground/crystal/src/http/server/handler.cr:30:7 in 'call'
|   from /home/uchiha/playground/crystal/src/http/server/handler.cr:30:7 in 'call'
|   from /home/uchiha/playground/crystal/src/http/server/request_processor.cr:58:11 in 'process'
|   from /home/uchiha/playground/crystal/src/http/server.cr:506:5 in '->'
|   from /home/uchiha/playground/crystal/src/fiber.cr:168:11 in 'run'
|   from /home/uchiha/playground/crystal/src/fiber.cr:103:3 in '->'
|   from ???
| Caused by: write (#<TCPSocket:0x78764a001068>): Broken pipe (IO::Error)
|   from /home/uchiha/playground/crystal/src/crystal/system/thread.cr:72:3 in 'unbuffered_write'
|   from /home/uchiha/playground/crystal/src/io/buffered.cr:163:14 in 'write'
|   from /home/uchiha/playground/crystal/src/http/server/response.cr:282:11 in 'unbuffered_write'
|   from /home/uchiha/playground/crystal/src/io/buffered.cr:163:14 in 'write'
|   from /home/uchiha/playground/crystal/src/http/server/response.cr:107:7 in 'write'
|   from /home/uchiha/playground/crystal/src/io.cr:488:7 in 'write_string'
|   from lib/kemal/src/kemal/route_handler.cr:174:7 in 'call'
|   from lib/kemal/src/kemal/websocket_handler.cr:13:14 in 'call'
|   from /home/uchiha/playground/crystal/src/http/server/handler.cr:30:7 in 'call_next'
|   from lib/kemal/src/kemal/filter_handler.cr:46:7 in 'call'
|   from /home/uchiha/playground/crystal/src/http/server/handler.cr:30:7 in 'call_next'
|   from src/middlewares/web_api_auth_middleware.cr:8:12 in 'call'
|   from /home/uchiha/playground/crystal/src/http/server/handler.cr:30:7 in 'call_next'
|   from src/middlewares/admin_api_auth_middleware.cr:7:12 in 'call'
|   from /home/uchiha/playground/crystal/src/http/server/handler.cr:30:7 in 'call_next'
|   from /home/uchiha/playground/crystal/src/http/server/handlers/static_file_handler.cr:60:12 in 'call'
|   from /home/uchiha/playground/crystal/src/http/server/handler.cr:30:7 in 'call'
|   from /home/uchiha/playground/crystal/src/http/server/handler.cr:30:7 in 'call'
|   from /home/uchiha/playground/crystal/src/http/server/handler.cr:30:7 in 'call'
|   from /home/uchiha/playground/crystal/src/http/server/handler.cr:30:7 in 'call'
|   from /home/uchiha/playground/crystal/src/http/server/request_processor.cr:58:11 in 'process'
|   from /home/uchiha/playground/crystal/src/http/server.cr:506:5 in '->'
|   from /home/uchiha/playground/crystal/src/fiber.cr:168:11 in 'run'
|   from /home/uchiha/playground/crystal/src/fiber.cr:103:3 in '->'
|   from ???
ERR 2026-08-03T21:12:42.800Z > Unhandled exception on HTTP::Handler
| Closed stream (IO::Error)
|   from /home/uchiha/playground/crystal/src/http/server/response.cr:215:15 in 'content_type='
|   from lib/kemal/src/kemal/helpers/templates.cr:25:3 in 'render_500'
|   from lib/kemal/src/kemal/exception_handler.cr:34:7 in 'call'
|   from /home/uchiha/playground/crystal/src/http/server/handler.cr:30:7 in 'call'
|   from /home/uchiha/playground/crystal/src/http/server/handler.cr:30:7 in 'call'
|   from /home/uchiha/playground/crystal/src/http/server/handler.cr:30:7 in 'call'
|   from /home/uchiha/playground/crystal/src/http/server/request_processor.cr:58:11 in 'process'
|   from /home/uchiha/playground/crystal/src/http/server.cr:506:5 in '->'
|   from /home/uchiha/playground/crystal/src/fiber.cr:168:11 in 'run'
|   from /home/uchiha/playground/crystal/src/fiber.cr:103:3 in '->'
|   from ???
ERR 2026-08-03T21:12:42.814Z > Error while writing data to the client
| Error while writing data to the client (HTTP::Server::ClientError)
|   from /home/uchiha/playground/crystal/src/http/server/response.cr:266:9 in 'unbuffered_write'
|   from /home/uchiha/playground/crystal/src/io/buffered.cr:163:14 in 'write'
|   from /home/uchiha/playground/crystal/src/http/server/response.cr:107:7 in 'write'
|   from /home/uchiha/playground/crystal/src/io.cr:488:7 in 'write_string'
|   from lib/kemal/src/kemal/route_handler.cr:174:7 in 'call'
|   from lib/kemal/src/kemal/websocket_handler.cr:13:14 in 'call'
|   from /home/uchiha/playground/crystal/src/http/server/handler.cr:30:7 in 'call_next'
|   from lib/kemal/src/kemal/filter_handler.cr:46:7 in 'call'
|   from /home/uchiha/playground/crystal/src/http/server/handler.cr:30:7 in 'call_next'
|   from src/middlewares/web_api_auth_middleware.cr:8:12 in 'call'
|   from /home/uchiha/playground/crystal/src/http/server/handler.cr:30:7 in 'call_next'
|   from src/middlewares/admin_api_auth_middleware.cr:7:12 in 'call'
|   from /home/uchiha/playground/crystal/src/http/server/handler.cr:30:7 in 'call_next'
|   from /home/uchiha/playground/crystal/src/http/server/handlers/static_file_handler.cr:60:12 in 'call'
|   from /home/uchiha/playground/crystal/src/http/server/handler.cr:30:7 in 'call'
|   from /home/uchiha/playground/crystal/src/http/server/handler.cr:30:7 in 'call'
|   from /home/uchiha/playground/crystal/src/http/server/handler.cr:30:7 in 'call'
|   from /home/uchiha/playground/crystal/src/http/server/handler.cr:30:7 in 'call'
|   from /home/uchiha/playground/crystal/src/http/server/request_processor.cr:58:11 in 'process'
|   from /home/uchiha/playground/crystal/src/http/server.cr:506:5 in '->'
|   from /home/uchiha/playground/crystal/src/fiber.cr:168:11 in 'run'
|   from /home/uchiha/playground/crystal/src/fiber.cr:103:3 in '->'
|   from ???
| Caused by: write (#<TCPSocket:0x78764a007c08>): Broken pipe (IO::Error)
|   from /home/uchiha/playground/crystal/src/crystal/system/thread.cr:72:3 in 'unbuffered_write'
|   from /home/uchiha/playground/crystal/src/io/buffered.cr:163:14 in 'write'
|   from /home/uchiha/playground/crystal/src/http/server/response.cr:282:11 in 'unbuffered_write'
|   from /home/uchiha/playground/crystal/src/io/buffered.cr:163:14 in 'write'
|   from /home/uchiha/playground/crystal/src/http/server/response.cr:107:7 in 'write'
|   from /home/uchiha/playground/crystal/src/io.cr:488:7 in 'write_string'
|   from lib/kemal/src/kemal/route_handler.cr:174:7 in 'call'
|   from lib/kemal/src/kemal/websocket_handler.cr:13:14 in 'call'
|   from /home/uchiha/playground/crystal/src/http/server/handler.cr:30:7 in 'call_next'
|   from lib/kemal/src/kemal/filter_handler.cr:46:7 in 'call'
|   from /home/uchiha/playground/crystal/src/http/server/handler.cr:30:7 in 'call_next'
|   from src/middlewares/web_api_auth_middleware.cr:8:12 in 'call'
|   from /home/uchiha/playground/crystal/src/http/server/handler.cr:30:7 in 'call_next'
|   from src/middlewares/admin_api_auth_middleware.cr:7:12 in 'call'
|   from /home/uchiha/playground/crystal/src/http/server/handler.cr:30:7 in 'call_next'
|   from /home/uchiha/playground/crystal/src/http/server/handlers/static_file_handler.cr:60:12 in 'call'
|   from /home/uchiha/playground/crystal/src/http/server/handler.cr:30:7 in 'call'
|   from /home/uchiha/playground/crystal/src/http/server/handler.cr:30:7 in 'call'
|   from /home/uchiha/playground/crystal/src/http/server/handler.cr:30:7 in 'call'
|   from /home/uchiha/playground/crystal/src/http/server/handler.cr:30:7 in 'call'
|   from /home/uchiha/playground/crystal/src/http/server/request_processor.cr:58:11 in 'process'
|   from /home/uchiha/playground/crystal/src/http/server.cr:506:5 in '->'
|   from /home/uchiha/playground/crystal/src/fiber.cr:168:11 in 'run'
|   from /home/uchiha/playground/crystal/src/fiber.cr:103:3 in '->'
|   from ???
ERR 2026-08-03T21:12:42.814Z > Unhandled exception on HTTP::Handler
| Closed stream (IO::Error)
|   from /home/uchiha/playground/crystal/src/http/server/response.cr:215:15 in 'content_type='
|   from lib/kemal/src/kemal/helpers/templates.cr:25:3 in 'render_500'
|   from lib/kemal/src/kemal/exception_handler.cr:34:7 in 'call'
|   from /home/uchiha/playground/crystal/src/http/server/handler.cr:30:7 in 'call'
|   from /home/uchiha/playground/crystal/src/http/server/handler.cr:30:7 in 'call'
|   from /home/uchiha/playground/crystal/src/http/server/handler.cr:30:7 in 'call'
|   from /home/uchiha/playground/crystal/src/http/server/request_processor.cr:58:11 in 'process'
|   from /home/uchiha/playground/crystal/src/http/server.cr:506:5 in '->'
|   from /home/uchiha/playground/crystal/src/fiber.cr:168:11 in 'run'
|   from /home/uchiha/playground/crystal/src/fiber.cr:103:3 in '->'
|   from ???
ERR 2026-08-03T21:12:42.834Z > Error while writing data to the client
| Error while writing data to the client (HTTP::Server::ClientError)
|   from /home/uchiha/playground/crystal/src/http/server/response.cr:266:9 in 'unbuffered_write'
|   from /home/uchiha/playground/crystal/src/io/buffered.cr:163:14 in 'write'
|   from /home/uchiha/playground/crystal/src/http/server/response.cr:107:7 in 'write'
|   from /home/uchiha/playground/crystal/src/io.cr:488:7 in 'write_string'
|   from lib/kemal/src/kemal/route_handler.cr:174:7 in 'call'
|   from lib/kemal/src/kemal/websocket_handler.cr:13:14 in 'call'
|   from /home/uchiha/playground/crystal/src/http/server/handler.cr:30:7 in 'call_next'
|   from lib/kemal/src/kemal/filter_handler.cr:46:7 in 'call'
|   from /home/uchiha/playground/crystal/src/http/server/handler.cr:30:7 in 'call_next'
|   from src/middlewares/web_api_auth_middleware.cr:8:12 in 'call'
|   from /home/uchiha/playground/crystal/src/http/server/handler.cr:30:7 in 'call_next'
|   from src/middlewares/admin_api_auth_middleware.cr:7:12 in 'call'
|   from /home/uchiha/playground/crystal/src/http/server/handler.cr:30:7 in 'call_next'
|   from /home/uchiha/playground/crystal/src/http/server/handlers/static_file_handler.cr:60:12 in 'call'
|   from /home/uchiha/playground/crystal/src/http/server/handler.cr:30:7 in 'call'
|   from /home/uchiha/playground/crystal/src/http/server/handler.cr:30:7 in 'call'
|   from /home/uchiha/playground/crystal/src/http/server/handler.cr:30:7 in 'call'
|   from /home/uchiha/playground/crystal/src/http/server/handler.cr:30:7 in 'call'
|   from /home/uchiha/playground/crystal/src/http/server/request_processor.cr:58:11 in 'process'
|   from /home/uchiha/playground/crystal/src/http/server.cr:506:5 in '->'
|   from /home/uchiha/playground/crystal/src/fiber.cr:168:11 in 'run'
|   from /home/uchiha/playground/crystal/src/fiber.cr:103:3 in '->'
|   from ???
| Caused by: write (#<TCPSocket:0x78764a0065b8>): Broken pipe (IO::Error)
|   from /home/uchiha/playground/crystal/src/crystal/system/thread.cr:72:3 in 'unbuffered_write'
|   from /home/uchiha/playground/crystal/src/io/buffered.cr:163:14 in 'write'
|   from /home/uchiha/playground/crystal/src/http/server/response.cr:282:11 in 'unbuffered_write'
|   from /home/uchiha/playground/crystal/src/io/buffered.cr:163:14 in 'write'
|   from /home/uchiha/playground/crystal/src/http/server/response.cr:107:7 in 'write'
|   from /home/uchiha/playground/crystal/src/io.cr:488:7 in 'write_string'
|   from lib/kemal/src/kemal/route_handler.cr:174:7 in 'call'
|   from lib/kemal/src/kemal/websocket_handler.cr:13:14 in 'call'
|   from /home/uchiha/playground/crystal/src/http/server/handler.cr:30:7 in 'call_next'
|   from lib/kemal/src/kemal/filter_handler.cr:46:7 in 'call'
|   from /home/uchiha/playground/crystal/src/http/server/handler.cr:30:7 in 'call_next'
|   from src/middlewares/web_api_auth_middleware.cr:8:12 in 'call'
|   from /home/uchiha/playground/crystal/src/http/server/handler.cr:30:7 in 'call_next'
|   from src/middlewares/admin_api_auth_middleware.cr:7:12 in 'call'
|   from /home/uchiha/playground/crystal/src/http/server/handler.cr:30:7 in 'call_next'
|   from /home/uchiha/playground/crystal/src/http/server/handlers/static_file_handler.cr:60:12 in 'call'
|   from /home/uchiha/playground/crystal/src/http/server/handler.cr:30:7 in 'call'
|   from /home/uchiha/playground/crystal/src/http/server/handler.cr:30:7 in 'call'
|   from /home/uchiha/playground/crystal/src/http/server/handler.cr:30:7 in 'call'
|   from /home/uchiha/playground/crystal/src/http/server/handler.cr:30:7 in 'call'
|   from /home/uchiha/playground/crystal/src/http/server/request_processor.cr:58:11 in 'process'
|   from /home/uchiha/playground/crystal/src/http/server.cr:506:5 in '->'
|   from /home/uchiha/playground/crystal/src/fiber.cr:168:11 in 'run'
|   from /home/uchiha/playground/crystal/src/fiber.cr:103:3 in '->'
|   from ???
ERR 2026-08-03T21:12:42.834Z > Unhandled exception on HTTP::Handler
| Closed stream (IO::Error)
|   from /home/uchiha/playground/crystal/src/http/server/response.cr:215:15 in 'content_type='
|   from lib/kemal/src/kemal/helpers/templates.cr:25:3 in 'render_500'
|   from lib/kemal/src/kemal/exception_handler.cr:34:7 in 'call'
|   from /home/uchiha/playground/crystal/src/http/server/handler.cr:30:7 in 'call'
|   from /home/uchiha/playground/crystal/src/http/server/handler.cr:30:7 in 'call'
|   from /home/uchiha/playground/crystal/src/http/server/handler.cr:30:7 in 'call'
|   from /home/uchiha/playground/crystal/src/http/server/request_processor.cr:58:11 in 'process'
|   from /home/uchiha/playground/crystal/src/http/server.cr:506:5 in '->'
|   from /home/uchiha/playground/crystal/src/fiber.cr:168:11 in 'run'
|   from /home/uchiha/playground/crystal/src/fiber.cr:103:3 in '->'
|   from ???
ERR 2026-08-03T21:12:42.848Z > Error while writing data to the client
| Error while writing data to the client (HTTP::Server::ClientError)
|   from /home/uchiha/playground/crystal/src/http/server/response.cr:266:9 in 'unbuffered_write'
|   from /home/uchiha/playground/crystal/src/io/buffered.cr:163:14 in 'write'
|   from /home/uchiha/playground/crystal/src/http/server/response.cr:107:7 in 'write'
|   from /home/uchiha/playground/crystal/src/io.cr:488:7 in 'write_string'
|   from lib/kemal/src/kemal/route_handler.cr:174:7 in 'call'
|   from lib/kemal/src/kemal/websocket_handler.cr:13:14 in 'call'
|   from /home/uchiha/playground/crystal/src/http/server/handler.cr:30:7 in 'call_next'
|   from lib/kemal/src/kemal/filter_handler.cr:46:7 in 'call'
|   from /home/uchiha/playground/crystal/src/http/server/handler.cr:30:7 in 'call_next'
|   from src/middlewares/web_api_auth_middleware.cr:8:12 in 'call'
|   from /home/uchiha/playground/crystal/src/http/server/handler.cr:30:7 in 'call_next'
|   from src/middlewares/admin_api_auth_middleware.cr:7:12 in 'call'
|   from /home/uchiha/playground/crystal/src/http/server/handler.cr:30:7 in 'call_next'
|   from /home/uchiha/playground/crystal/src/http/server/handlers/static_file_handler.cr:60:12 in 'call'
|   from /home/uchiha/playground/crystal/src/http/server/handler.cr:30:7 in 'call'
|   from /home/uchiha/playground/crystal/src/http/server/handler.cr:30:7 in 'call'
|   from /home/uchiha/playground/crystal/src/http/server/handler.cr:30:7 in 'call'
|   from /home/uchiha/playground/crystal/src/http/server/handler.cr:30:7 in 'call'
|   from /home/uchiha/playground/crystal/src/http/server/request_processor.cr:58:11 in 'process'
|   from /home/uchiha/playground/crystal/src/http/server.cr:506:5 in '->'
|   from /home/uchiha/playground/crystal/src/fiber.cr:168:11 in 'run'
|   from /home/uchiha/playground/crystal/src/fiber.cr:103:3 in '->'
|   from ???
| Caused by: write (#<TCPSocket:0x78764a006858>): Broken pipe (IO::Error)
|   from /home/uchiha/playground/crystal/src/crystal/system/thread.cr:72:3 in 'unbuffered_write'
|   from /home/uchiha/playground/crystal/src/io/buffered.cr:163:14 in 'write'
|   from /home/uchiha/playground/crystal/src/http/server/response.cr:282:11 in 'unbuffered_write'
|   from /home/uchiha/playground/crystal/src/io/buffered.cr:163:14 in 'write'
|   from /home/uchiha/playground/crystal/src/http/server/response.cr:107:7 in 'write'
|   from /home/uchiha/playground/crystal/src/io.cr:488:7 in 'write_string'
|   from lib/kemal/src/kemal/route_handler.cr:174:7 in 'call'
|   from lib/kemal/src/kemal/websocket_handler.cr:13:14 in 'call'
|   from /home/uchiha/playground/crystal/src/http/server/handler.cr:30:7 in 'call_next'
|   from lib/kemal/src/kemal/filter_handler.cr:46:7 in 'call'
|   from /home/uchiha/playground/crystal/src/http/server/handler.cr:30:7 in 'call_next'
|   from src/middlewares/web_api_auth_middleware.cr:8:12 in 'call'
|   from /home/uchiha/playground/crystal/src/http/server/handler.cr:30:7 in 'call_next'
|   from src/middlewares/admin_api_auth_middleware.cr:7:12 in 'call'
|   from /home/uchiha/playground/crystal/src/http/server/handler.cr:30:7 in 'call_next'
|   from /home/uchiha/playground/crystal/src/http/server/handlers/static_file_handler.cr:60:12 in 'call'
|   from /home/uchiha/playground/crystal/src/http/server/handler.cr:30:7 in 'call'
|   from /home/uchiha/playground/crystal/src/http/server/handler.cr:30:7 in 'call'
|   from /home/uchiha/playground/crystal/src/http/server/handler.cr:30:7 in 'call'
|   from /home/uchiha/playground/crystal/src/http/server/handler.cr:30:7 in 'call'
|   from /home/uchiha/playground/crystal/src/http/server/request_processor.cr:58:11 in 'process'
|   from /home/uchiha/playground/crystal/src/http/server.cr:506:5 in '->'
|   from /home/uchiha/playground/crystal/src/fiber.cr:168:11 in 'run'
|   from /home/uchiha/playground/crystal/src/fiber.cr:103:3 in '->'
|   from ???
ERR 2026-08-03T21:12:42.848Z > Unhandled exception on HTTP::Handler
| Closed stream (IO::Error)
|   from /home/uchiha/playground/crystal/src/http/server/response.cr:215:15 in 'content_type='
|   from lib/kemal/src/kemal/helpers/templates.cr:25:3 in 'render_500'
|   from lib/kemal/src/kemal/exception_handler.cr:34:7 in 'call'
|   from /home/uchiha/playground/crystal/src/http/server/handler.cr:30:7 in 'call'
|   from /home/uchiha/playground/crystal/src/http/server/handler.cr:30:7 in 'call'
|   from /home/uchiha/playground/crystal/src/http/server/handler.cr:30:7 in 'call'
|   from /home/uchiha/playground/crystal/src/http/server/request_processor.cr:58:11 in 'process'
|   from /home/uchiha/playground/crystal/src/http/server.cr:506:5 in '->'
|   from /home/uchiha/playground/crystal/src/fiber.cr:168:11 in 'run'
|   from /home/uchiha/playground/crystal/src/fiber.cr:103:3 in '->'
|   from ???
ERR 2026-08-03T21:12:42.868Z > Error while writing data to the client
| Error while writing data to the client (HTTP::Server::ClientError)
|   from /home/uchiha/playground/crystal/src/http/server/response.cr:266:9 in 'unbuffered_write'
|   from /home/uchiha/playground/crystal/src/io/buffered.cr:163:14 in 'write'
|   from /home/uchiha/playground/crystal/src/http/server/response.cr:107:7 in 'write'
|   from /home/uchiha/playground/crystal/src/io.cr:488:7 in 'write_string'
|   from lib/kemal/src/kemal/route_handler.cr:174:7 in 'call'
|   from lib/kemal/src/kemal/websocket_handler.cr:13:14 in 'call'
|   from /home/uchiha/playground/crystal/src/http/server/handler.cr:30:7 in 'call_next'
|   from lib/kemal/src/kemal/filter_handler.cr:46:7 in 'call'
|   from /home/uchiha/playground/crystal/src/http/server/handler.cr:30:7 in 'call_next'
|   from src/middlewares/web_api_auth_middleware.cr:8:12 in 'call'
|   from /home/uchiha/playground/crystal/src/http/server/handler.cr:30:7 in 'call_next'
|   from src/middlewares/admin_api_auth_middleware.cr:7:12 in 'call'
|   from /home/uchiha/playground/crystal/src/http/server/handler.cr:30:7 in 'call_next'
|   from /home/uchiha/playground/crystal/src/http/server/handlers/static_file_handler.cr:60:12 in 'call'
|   from /home/uchiha/playground/crystal/src/http/server/handler.cr:30:7 in 'call'
|   from /home/uchiha/playground/crystal/src/http/server/handler.cr:30:7 in 'call'
|   from /home/uchiha/playground/crystal/src/http/server/handler.cr:30:7 in 'call'
|   from /home/uchiha/playground/crystal/src/http/server/handler.cr:30:7 in 'call'
|   from /home/uchiha/playground/crystal/src/http/server/request_processor.cr:58:11 in 'process'
|   from /home/uchiha/playground/crystal/src/http/server.cr:506:5 in '->'
|   from /home/uchiha/playground/crystal/src/fiber.cr:168:11 in 'run'
|   from /home/uchiha/playground/crystal/src/fiber.cr:103:3 in '->'
|   from ???
| Caused by: write (#<TCPSocket:0x78764a001d88>): Broken pipe (IO::Error)
|   from /home/uchiha/playground/crystal/src/crystal/system/thread.cr:72:3 in 'unbuffered_write'
|   from /home/uchiha/playground/crystal/src/io/buffered.cr:163:14 in 'write'
|   from /home/uchiha/playground/crystal/src/http/server/response.cr:282:11 in 'unbuffered_write'
|   from /home/uchiha/playground/crystal/src/io/buffered.cr:163:14 in 'write'
|   from /home/uchiha/playground/crystal/src/http/server/response.cr:107:7 in 'write'
|   from /home/uchiha/playground/crystal/src/io.cr:488:7 in 'write_string'
|   from lib/kemal/src/kemal/route_handler.cr:174:7 in 'call'
|   from lib/kemal/src/kemal/websocket_handler.cr:13:14 in 'call'
|   from /home/uchiha/playground/crystal/src/http/server/handler.cr:30:7 in 'call_next'
|   from lib/kemal/src/kemal/filter_handler.cr:46:7 in 'call'
|   from /home/uchiha/playground/crystal/src/http/server/handler.cr:30:7 in 'call_next'
|   from src/middlewares/web_api_auth_middleware.cr:8:12 in 'call'
|   from /home/uchiha/playground/crystal/src/http/server/handler.cr:30:7 in 'call_next'
|   from src/middlewares/admin_api_auth_middleware.cr:7:12 in 'call'
|   from /home/uchiha/playground/crystal/src/http/server/handler.cr:30:7 in 'call_next'
|   from /home/uchiha/playground/crystal/src/http/server/handlers/static_file_handler.cr:60:12 in 'call'
|   from /home/uchiha/playground/crystal/src/http/server/handler.cr:30:7 in 'call'
|   from /home/uchiha/playground/crystal/src/http/server/handler.cr:30:7 in 'call'
|   from /home/uchiha/playground/crystal/src/http/server/handler.cr:30:7 in 'call'
|   from /home/uchiha/playground/crystal/src/http/server/handler.cr:30:7 in 'call'
|   from /home/uchiha/playground/crystal/src/http/server/request_processor.cr:58:11 in 'process'
|   from /home/uchiha/playground/crystal/src/http/server.cr:506:5 in '->'
|   from /home/uchiha/playground/crystal/src/fiber.cr:168:11 in 'run'
|   from /home/uchiha/playground/crystal/src/fiber.cr:103:3 in '->'
|   from ???
ERR 2026-08-03T21:12:42.868Z > Unhandled exception on HTTP::Handler
| Closed stream (IO::Error)
|   from /home/uchiha/playground/crystal/src/http/server/response.cr:215:15 in 'content_type='
|   from lib/kemal/src/kemal/helpers/templates.cr:25:3 in 'render_500'
|   from lib/kemal/src/kemal/exception_handler.cr:34:7 in 'call'
|   from /home/uchiha/playground/crystal/src/http/server/handler.cr:30:7 in 'call'
|   from /home/uchiha/playground/crystal/src/http/server/handler.cr:30:7 in 'call'
|   from /home/uchiha/playground/crystal/src/http/server/handler.cr:30:7 in 'call'
|   from /home/uchiha/playground/crystal/src/http/server/request_processor.cr:58:11 in 'process'
|   from /home/uchiha/playground/crystal/src/http/server.cr:506:5 in '->'
|   from /home/uchiha/playground/crystal/src/fiber.cr:168:11 in 'run'
|   from /home/uchiha/playground/crystal/src/fiber.cr:103:3 in '->'
|   from ???
ERR 2026-08-03T21:12:42.868Z > Error while writing data to the client
| Error while writing data to the client (HTTP::Server::ClientError)
|   from /home/uchiha/playground/crystal/src/http/server/response.cr:266:9 in 'unbuffered_write'
|   from /home/uchiha/playground/crystal/src/io/buffered.cr:163:14 in 'write'
|   from /home/uchiha/playground/crystal/src/http/server/response.cr:107:7 in 'write'
|   from /home/uchiha/playground/crystal/src/io.cr:488:7 in 'write_string'
|   from lib/kemal/src/kemal/route_handler.cr:174:7 in 'call'
|   from lib/kemal/src/kemal/websocket_handler.cr:13:14 in 'call'
|   from /home/uchiha/playground/crystal/src/http/server/handler.cr:30:7 in 'call_next'
|   from lib/kemal/src/kemal/filter_handler.cr:46:7 in 'call'
|   from /home/uchiha/playground/crystal/src/http/server/handler.cr:30:7 in 'call_next'
|   from src/middlewares/web_api_auth_middleware.cr:8:12 in 'call'
|   from /home/uchiha/playground/crystal/src/http/server/handler.cr:30:7 in 'call_next'
|   from src/middlewares/admin_api_auth_middleware.cr:7:12 in 'call'
|   from /home/uchiha/playground/crystal/src/http/server/handler.cr:30:7 in 'call_next'
|   from /home/uchiha/playground/crystal/src/http/server/handlers/static_file_handler.cr:60:12 in 'call'
|   from /home/uchiha/playground/crystal/src/http/server/handler.cr:30:7 in 'call'
|   from /home/uchiha/playground/crystal/src/http/server/handler.cr:30:7 in 'call'
|   from /home/uchiha/playground/crystal/src/http/server/handler.cr:30:7 in 'call'
|   from /home/uchiha/playground/crystal/src/http/server/handler.cr:30:7 in 'call'
|   from /home/uchiha/playground/crystal/src/http/server/request_processor.cr:58:11 in 'process'
|   from /home/uchiha/playground/crystal/src/http/server.cr:506:5 in '->'
|   from /home/uchiha/playground/crystal/src/fiber.cr:168:11 in 'run'
|   from /home/uchiha/playground/crystal/src/fiber.cr:103:3 in '->'
|   from ???
| Caused by: write (#<TCPSocket:0x78764a003528>): Broken pipe (IO::Error)
|   from /home/uchiha/playground/crystal/src/crystal/system/thread.cr:72:3 in 'unbuffered_write'
|   from /home/uchiha/playground/crystal/src/io/buffered.cr:163:14 in 'write'
|   from /home/uchiha/playground/crystal/src/http/server/response.cr:282:11 in 'unbuffered_write'
|   from /home/uchiha/playground/crystal/src/io/buffered.cr:163:14 in 'write'
|   from /home/uchiha/playground/crystal/src/http/server/response.cr:107:7 in 'write'
|   from /home/uchiha/playground/crystal/src/io.cr:488:7 in 'write_string'
|   from lib/kemal/src/kemal/route_handler.cr:174:7 in 'call'
|   from lib/kemal/src/kemal/websocket_handler.cr:13:14 in 'call'
|   from /home/uchiha/playground/crystal/src/http/server/handler.cr:30:7 in 'call_next'
|   from lib/kemal/src/kemal/filter_handler.cr:46:7 in 'call'
|   from /home/uchiha/playground/crystal/src/http/server/handler.cr:30:7 in 'call_next'
|   from src/middlewares/web_api_auth_middleware.cr:8:12 in 'call'
|   from /home/uchiha/playground/crystal/src/http/server/handler.cr:30:7 in 'call_next'
|   from src/middlewares/admin_api_auth_middleware.cr:7:12 in 'call'
|   from /home/uchiha/playground/crystal/src/http/server/handler.cr:30:7 in 'call_next'
|   from /home/uchiha/playground/crystal/src/http/server/handlers/static_file_handler.cr:60:12 in 'call'
|   from /home/uchiha/playground/crystal/src/http/server/handler.cr:30:7 in 'call'
|   from /home/uchiha/playground/crystal/src/http/server/handler.cr:30:7 in 'call'
|   from /home/uchiha/playground/crystal/src/http/server/handler.cr:30:7 in 'call'
|   from /home/uchiha/playground/crystal/src/http/server/handler.cr:30:7 in 'call'
|   from /home/uchiha/playground/crystal/src/http/server/request_processor.cr:58:11 in 'process'
|   from /home/uchiha/playground/crystal/src/http/server.cr:506:5 in '->'
|   from /home/uchiha/playground/crystal/src/fiber.cr:168:11 in 'run'
|   from /home/uchiha/playground/crystal/src/fiber.cr:103:3 in '->'
|   from ???
ERR 2026-08-03T21:12:42.868Z > Unhandled exception on HTTP::Handler
| Closed stream (IO::Error)
|   from /home/uchiha/playground/crystal/src/http/server/response.cr:215:15 in 'content_type='
|   from lib/kemal/src/kemal/helpers/templates.cr:25:3 in 'render_500'
|   from lib/kemal/src/kemal/exception_handler.cr:34:7 in 'call'
|   from /home/uchiha/playground/crystal/src/http/server/handler.cr:30:7 in 'call'
|   from /home/uchiha/playground/crystal/src/http/server/handler.cr:30:7 in 'call'
|   from /home/uchiha/playground/crystal/src/http/server/handler.cr:30:7 in 'call'
|   from /home/uchiha/playground/crystal/src/http/server/request_processor.cr:58:11 in 'process'
|   from /home/uchiha/playground/crystal/src/http/server.cr:506:5 in '->'
|   from /home/uchiha/playground/crystal/src/fiber.cr:168:11 in 'run'
|   from /home/uchiha/playground/crystal/src/fiber.cr:103:3 in '->'
|   from ???
ERR 2026-08-03T21:12:42.869Z > Error while writing data to the client
| Error while writing data to the client (HTTP::Server::ClientError)
|   from /home/uchiha/playground/crystal/src/http/server/response.cr:266:9 in 'unbuffered_write'
|   from /home/uchiha/playground/crystal/src/io/buffered.cr:163:14 in 'write'
|   from /home/uchiha/playground/crystal/src/http/server/response.cr:107:7 in 'write'
|   from /home/uchiha/playground/crystal/src/io.cr:488:7 in 'write_string'
|   from lib/kemal/src/kemal/route_handler.cr:174:7 in 'call'
|   from lib/kemal/src/kemal/websocket_handler.cr:13:14 in 'call'
|   from /home/uchiha/playground/crystal/src/http/server/handler.cr:30:7 in 'call_next'
|   from lib/kemal/src/kemal/filter_handler.cr:46:7 in 'call'
|   from /home/uchiha/playground/crystal/src/http/server/handler.cr:30:7 in 'call_next'
|   from src/middlewares/web_api_auth_middleware.cr:8:12 in 'call'
|   from /home/uchiha/playground/crystal/src/http/server/handler.cr:30:7 in 'call_next'
|   from src/middlewares/admin_api_auth_middleware.cr:7:12 in 'call'
|   from /home/uchiha/playground/crystal/src/http/server/handler.cr:30:7 in 'call_next'
|   from /home/uchiha/playground/crystal/src/http/server/handlers/static_file_handler.cr:60:12 in 'call'
|   from /home/uchiha/playground/crystal/src/http/server/handler.cr:30:7 in 'call'
|   from /home/uchiha/playground/crystal/src/http/server/handler.cr:30:7 in 'call'
|   from /home/uchiha/playground/crystal/src/http/server/handler.cr:30:7 in 'call'
|   from /home/uchiha/playground/crystal/src/http/server/handler.cr:30:7 in 'call'
|   from /home/uchiha/playground/crystal/src/http/server/request_processor.cr:58:11 in 'process'
|   from /home/uchiha/playground/crystal/src/http/server.cr:506:5 in '->'
|   from /home/uchiha/playground/crystal/src/fiber.cr:168:11 in 'run'
|   from /home/uchiha/playground/crystal/src/fiber.cr:103:3 in '->'
|   from ???
| Caused by: write (#<TCPSocket:0x78764a002028>): Broken pipe (IO::Error)
|   from /home/uchiha/playground/crystal/src/crystal/system/thread.cr:72:3 in 'unbuffered_write'
|   from /home/uchiha/playground/crystal/src/io/buffered.cr:163:14 in 'write'
|   from /home/uchiha/playground/crystal/src/http/server/response.cr:282:11 in 'unbuffered_write'
|   from /home/uchiha/playground/crystal/src/io/buffered.cr:163:14 in 'write'
|   from /home/uchiha/playground/crystal/src/http/server/response.cr:107:7 in 'write'
|   from /home/uchiha/playground/crystal/src/io.cr:488:7 in 'write_string'
|   from lib/kemal/src/kemal/route_handler.cr:174:7 in 'call'
|   from lib/kemal/src/kemal/websocket_handler.cr:13:14 in 'call'
|   from /home/uchiha/playground/crystal/src/http/server/handler.cr:30:7 in 'call_next'
|   from lib/kemal/src/kemal/filter_handler.cr:46:7 in 'call'
|   from /home/uchiha/playground/crystal/src/http/server/handler.cr:30:7 in 'call_next'
|   from src/middlewares/web_api_auth_middleware.cr:8:12 in 'call'
|   from /home/uchiha/playground/crystal/src/http/server/handler.cr:30:7 in 'call_next'
|   from src/middlewares/admin_api_auth_middleware.cr:7:12 in 'call'
|   from /home/uchiha/playground/crystal/src/http/server/handler.cr:30:7 in 'call_next'
|   from /home/uchiha/playground/crystal/src/http/server/handlers/static_file_handler.cr:60:12 in 'call'
|   from /home/uchiha/playground/crystal/src/http/server/handler.cr:30:7 in 'call'
|   from /home/uchiha/playground/crystal/src/http/server/handler.cr:30:7 in 'call'
|   from /home/uchiha/playground/crystal/src/http/server/handler.cr:30:7 in 'call'
|   from /home/uchiha/playground/crystal/src/http/server/handler.cr:30:7 in 'call'
|   from /home/uchiha/playground/crystal/src/http/server/request_processor.cr:58:11 in 'process'
|   from /home/uchiha/playground/crystal/src/http/server.cr:506:5 in '->'
|   from /home/uchiha/playground/crystal/src/fiber.cr:168:11 in 'run'
|   from /home/uchiha/playground/crystal/src/fiber.cr:103:3 in '->'
|   from ???
ERR 2026-08-03T21:12:42.869Z > Unhandled exception on HTTP::Handler
| Closed stream (IO::Error)
|   from /home/uchiha/playground/crystal/src/http/server/response.cr:215:15 in 'content_type='
|   from lib/kemal/src/kemal/helpers/templates.cr:25:3 in 'render_500'
|   from lib/kemal/src/kemal/exception_handler.cr:34:7 in 'call'
|   from /home/uchiha/playground/crystal/src/http/server/handler.cr:30:7 in 'call'
|   from /home/uchiha/playground/crystal/src/http/server/handler.cr:30:7 in 'call'
|   from /home/uchiha/playground/crystal/src/http/server/handler.cr:30:7 in 'call'
|   from /home/uchiha/playground/crystal/src/http/server/request_processor.cr:58:11 in 'process'
|   from /home/uchiha/playground/crystal/src/http/server.cr:506:5 in '->'
|   from /home/uchiha/playground/crystal/src/fiber.cr:168:11 in 'run'
|   from /home/uchiha/playground/crystal/src/fiber.cr:103:3 in '->'
|   from ???
ERR 2026-08-03T21:12:42.870Z > Error while writing data to the client
| Error while writing data to the client (HTTP::Server::ClientError)
|   from /home/uchiha/playground/crystal/src/http/server/response.cr:266:9 in 'unbuffered_write'
|   from /home/uchiha/playground/crystal/src/io/buffered.cr:163:14 in 'write'
|   from /home/uchiha/playground/crystal/src/http/server/response.cr:107:7 in 'write'
|   from /home/uchiha/playground/crystal/src/io.cr:488:7 in 'write_string'
|   from lib/kemal/src/kemal/route_handler.cr:174:7 in 'call'
|   from lib/kemal/src/kemal/websocket_handler.cr:13:14 in 'call'
|   from /home/uchiha/playground/crystal/src/http/server/handler.cr:30:7 in 'call_next'
|   from lib/kemal/src/kemal/filter_handler.cr:46:7 in 'call'
|   from /home/uchiha/playground/crystal/src/http/server/handler.cr:30:7 in 'call_next'
|   from src/middlewares/web_api_auth_middleware.cr:8:12 in 'call'
|   from /home/uchiha/playground/crystal/src/http/server/handler.cr:30:7 in 'call_next'
|   from src/middlewares/admin_api_auth_middleware.cr:7:12 in 'call'
|   from /home/uchiha/playground/crystal/src/http/server/handler.cr:30:7 in 'call_next'
|   from /home/uchiha/playground/crystal/src/http/server/handlers/static_file_handler.cr:60:12 in 'call'
|   from /home/uchiha/playground/crystal/src/http/server/handler.cr:30:7 in 'call'
|   from /home/uchiha/playground/crystal/src/http/server/handler.cr:30:7 in 'call'
|   from /home/uchiha/playground/crystal/src/http/server/handler.cr:30:7 in 'call'
|   from /home/uchiha/playground/crystal/src/http/server/handler.cr:30:7 in 'call'
|   from /home/uchiha/playground/crystal/src/http/server/request_processor.cr:58:11 in 'process'
|   from /home/uchiha/playground/crystal/src/http/server.cr:506:5 in '->'
|   from /home/uchiha/playground/crystal/src/fiber.cr:168:11 in 'run'
|   from /home/uchiha/playground/crystal/src/fiber.cr:103:3 in '->'
|   from ???
| Caused by: write (#<TCPSocket:0x78764a004e18>): Broken pipe (IO::Error)
|   from /home/uchiha/playground/crystal/src/crystal/system/thread.cr:72:3 in 'unbuffered_write'
|   from /home/uchiha/playground/crystal/src/io/buffered.cr:163:14 in 'write'
|   from /home/uchiha/playground/crystal/src/http/server/response.cr:282:11 in 'unbuffered_write'
|   from /home/uchiha/playground/crystal/src/io/buffered.cr:163:14 in 'write'
|   from /home/uchiha/playground/crystal/src/http/server/response.cr:107:7 in 'write'
|   from /home/uchiha/playground/crystal/src/io.cr:488:7 in 'write_string'
|   from lib/kemal/src/kemal/route_handler.cr:174:7 in 'call'
|   from lib/kemal/src/kemal/websocket_handler.cr:13:14 in 'call'
|   from /home/uchiha/playground/crystal/src/http/server/handler.cr:30:7 in 'call_next'
|   from lib/kemal/src/kemal/filter_handler.cr:46:7 in 'call'
|   from /home/uchiha/playground/crystal/src/http/server/handler.cr:30:7 in 'call_next'
|   from src/middlewares/web_api_auth_middleware.cr:8:12 in 'call'
|   from /home/uchiha/playground/crystal/src/http/server/handler.cr:30:7 in 'call_next'
|   from src/middlewares/admin_api_auth_middleware.cr:7:12 in 'call'
|   from /home/uchiha/playground/crystal/src/http/server/handler.cr:30:7 in 'call_next'
|   from /home/uchiha/playground/crystal/src/http/server/handlers/static_file_handler.cr:60:12 in 'call'
|   from /home/uchiha/playground/crystal/src/http/server/handler.cr:30:7 in 'call'
|   from /home/uchiha/playground/crystal/src/http/server/handler.cr:30:7 in 'call'
|   from /home/uchiha/playground/crystal/src/http/server/handler.cr:30:7 in 'call'
|   from /home/uchiha/playground/crystal/src/http/server/handler.cr:30:7 in 'call'
|   from /home/uchiha/playground/crystal/src/http/server/request_processor.cr:58:11 in 'process'
|   from /home/uchiha/playground/crystal/src/http/server.cr:506:5 in '->'
|   from /home/uchiha/playground/crystal/src/fiber.cr:168:11 in 'run'
|   from /home/uchiha/playground/crystal/src/fiber.cr:103:3 in '->'
|   from ???
ERR 2026-08-03T21:12:42.870Z > Unhandled exception on HTTP::Handler
| Closed stream (IO::Error)
|   from /home/uchiha/playground/crystal/src/http/server/response.cr:215:15 in 'content_type='
|   from lib/kemal/src/kemal/helpers/templates.cr:25:3 in 'render_500'
|   from lib/kemal/src/kemal/exception_handler.cr:34:7 in 'call'
|   from /home/uchiha/playground/crystal/src/http/server/handler.cr:30:7 in 'call'
|   from /home/uchiha/playground/crystal/src/http/server/handler.cr:30:7 in 'call'
|   from /home/uchiha/playground/crystal/src/http/server/handler.cr:30:7 in 'call'
|   from /home/uchiha/playground/crystal/src/http/server/request_processor.cr:58:11 in 'process'
|   from /home/uchiha/playground/crystal/src/http/server.cr:506:5 in '->'
|   from /home/uchiha/playground/crystal/src/fiber.cr:168:11 in 'run'
|   from /home/uchiha/playground/crystal/src/fiber.cr:103:3 in '->'
|   from ???
ERR 2026-08-03T21:12:42.870Z > Error while writing data to the client
| Error while writing data to the client (HTTP::Server::ClientError)
|   from /home/uchiha/playground/crystal/src/http/server/response.cr:266:9 in 'unbuffered_write'
|   from /home/uchiha/playground/crystal/src/io/buffered.cr:163:14 in 'write'
|   from /home/uchiha/playground/crystal/src/http/server/response.cr:107:7 in 'write'
|   from /home/uchiha/playground/crystal/src/io.cr:488:7 in 'write_string'
|   from lib/kemal/src/kemal/route_handler.cr:174:7 in 'call'
|   from lib/kemal/src/kemal/websocket_handler.cr:13:14 in 'call'
|   from /home/uchiha/playground/crystal/src/http/server/handler.cr:30:7 in 'call_next'
|   from lib/kemal/src/kemal/filter_handler.cr:46:7 in 'call'
|   from /home/uchiha/playground/crystal/src/http/server/handler.cr:30:7 in 'call_next'
|   from src/middlewares/web_api_auth_middleware.cr:8:12 in 'call'
|   from /home/uchiha/playground/crystal/src/http/server/handler.cr:30:7 in 'call_next'
|   from src/middlewares/admin_api_auth_middleware.cr:7:12 in 'call'
|   from /home/uchiha/playground/crystal/src/http/server/handler.cr:30:7 in 'call_next'
|   from /home/uchiha/playground/crystal/src/http/server/handlers/static_file_handler.cr:60:12 in 'call'
|   from /home/uchiha/playground/crystal/src/http/server/handler.cr:30:7 in 'call'
|   from /home/uchiha/playground/crystal/src/http/server/handler.cr:30:7 in 'call'
|   from /home/uchiha/playground/crystal/src/http/server/handler.cr:30:7 in 'call'
|   from /home/uchiha/playground/crystal/src/http/server/handler.cr:30:7 in 'call'
|   from /home/uchiha/playground/crystal/src/http/server/request_processor.cr:58:11 in 'process'
|   from /home/uchiha/playground/crystal/src/http/server.cr:506:5 in '->'
|   from /home/uchiha/playground/crystal/src/fiber.cr:168:11 in 'run'
|   from /home/uchiha/playground/crystal/src/fiber.cr:103:3 in '->'
|   from ???
| Caused by: write (#<TCPSocket:0x78764a001998>): Broken pipe (IO::Error)
|   from /home/uchiha/playground/crystal/src/crystal/system/thread.cr:72:3 in 'unbuffered_write'
|   from /home/uchiha/playground/crystal/src/io/buffered.cr:163:14 in 'write'
|   from /home/uchiha/playground/crystal/src/http/server/response.cr:282:11 in 'unbuffered_write'
|   from /home/uchiha/playground/crystal/src/io/buffered.cr:163:14 in 'write'
|   from /home/uchiha/playground/crystal/src/http/server/response.cr:107:7 in 'write'
|   from /home/uchiha/playground/crystal/src/io.cr:488:7 in 'write_string'
|   from lib/kemal/src/kemal/route_handler.cr:174:7 in 'call'
|   from lib/kemal/src/kemal/websocket_handler.cr:13:14 in 'call'
|   from /home/uchiha/playground/crystal/src/http/server/handler.cr:30:7 in 'call_next'
|   from lib/kemal/src/kemal/filter_handler.cr:46:7 in 'call'
|   from /home/uchiha/playground/crystal/src/http/server/handler.cr:30:7 in 'call_next'
|   from src/middlewares/web_api_auth_middleware.cr:8:12 in 'call'
|   from /home/uchiha/playground/crystal/src/http/server/handler.cr:30:7 in 'call_next'
|   from src/middlewares/admin_api_auth_middleware.cr:7:12 in 'call'
|   from /home/uchiha/playground/crystal/src/http/server/handler.cr:30:7 in 'call_next'
|   from /home/uchiha/playground/crystal/src/http/server/handlers/static_file_handler.cr:60:12 in 'call'
|   from /home/uchiha/playground/crystal/src/http/server/handler.cr:30:7 in 'call'
|   from /home/uchiha/playground/crystal/src/http/server/handler.cr:30:7 in 'call'
|   from /home/uchiha/playground/crystal/src/http/server/handler.cr:30:7 in 'call'
|   from /home/uchiha/playground/crystal/src/http/server/handler.cr:30:7 in 'call'
|   from /home/uchiha/playground/crystal/src/http/server/request_processor.cr:58:11 in 'process'
|   from /home/uchiha/playground/crystal/src/http/server.cr:506:5 in '->'
|   from /home/uchiha/playground/crystal/src/fiber.cr:168:11 in 'run'
|   from /home/uchiha/playground/crystal/src/fiber.cr:103:3 in '->'
|   from ???
ERR 2026-08-03T21:12:42.870Z > Unhandled exception on HTTP::Handler
| Closed stream (IO::Error)
|   from /home/uchiha/playground/crystal/src/http/server/response.cr:215:15 in 'content_type='
|   from lib/kemal/src/kemal/helpers/templates.cr:25:3 in 'render_500'
|   from lib/kemal/src/kemal/exception_handler.cr:34:7 in 'call'
|   from /home/uchiha/playground/crystal/src/http/server/handler.cr:30:7 in 'call'
|   from /home/uchiha/playground/crystal/src/http/server/handler.cr:30:7 in 'call'
|   from /home/uchiha/playground/crystal/src/http/server/handler.cr:30:7 in 'call'
|   from /home/uchiha/playground/crystal/src/http/server/request_processor.cr:58:11 in 'process'
|   from /home/uchiha/playground/crystal/src/http/server.cr:506:5 in '->'
|   from /home/uchiha/playground/crystal/src/fiber.cr:168:11 in 'run'
|   from /home/uchiha/playground/crystal/src/fiber.cr:103:3 in '->'
|   from ???
ERR 2026-08-03T21:12:42.871Z > Error while writing data to the client
| Error while writing data to the client (HTTP::Server::ClientError)
|   from /home/uchiha/playground/crystal/src/http/server/response.cr:266:9 in 'unbuffered_write'
|   from /home/uchiha/playground/crystal/src/io/buffered.cr:163:14 in 'write'
|   from /home/uchiha/playground/crystal/src/http/server/response.cr:107:7 in 'write'
|   from /home/uchiha/playground/crystal/src/io.cr:488:7 in 'write_string'
|   from lib/kemal/src/kemal/route_handler.cr:174:7 in 'call'
|   from lib/kemal/src/kemal/websocket_handler.cr:13:14 in 'call'
|   from /home/uchiha/playground/crystal/src/http/server/handler.cr:30:7 in 'call_next'
|   from lib/kemal/src/kemal/filter_handler.cr:46:7 in 'call'
|   from /home/uchiha/playground/crystal/src/http/server/handler.cr:30:7 in 'call_next'
|   from src/middlewares/web_api_auth_middleware.cr:8:12 in 'call'
|   from /home/uchiha/playground/crystal/src/http/server/handler.cr:30:7 in 'call_next'
|   from src/middlewares/admin_api_auth_middleware.cr:7:12 in 'call'
|   from /home/uchiha/playground/crystal/src/http/server/handler.cr:30:7 in 'call_next'
|   from /home/uchiha/playground/crystal/src/http/server/handlers/static_file_handler.cr:60:12 in 'call'
|   from /home/uchiha/playground/crystal/src/http/server/handler.cr:30:7 in 'call'
|   from /home/uchiha/playground/crystal/src/http/server/handler.cr:30:7 in 'call'
|   from /home/uchiha/playground/crystal/src/http/server/handler.cr:30:7 in 'call'
|   from /home/uchiha/playground/crystal/src/http/server/handler.cr:30:7 in 'call'
|   from /home/uchiha/playground/crystal/src/http/server/request_processor.cr:58:11 in 'process'
|   from /home/uchiha/playground/crystal/src/http/server.cr:506:5 in '->'
|   from /home/uchiha/playground/crystal/src/fiber.cr:168:11 in 'run'
|   from /home/uchiha/playground/crystal/src/fiber.cr:103:3 in '->'
|   from ???
| Caused by: write (#<TCPSocket:0x78764a006468>): Broken pipe (IO::Error)
|   from /home/uchiha/playground/crystal/src/crystal/system/thread.cr:72:3 in 'unbuffered_write'
|   from /home/uchiha/playground/crystal/src/io/buffered.cr:163:14 in 'write'
|   from /home/uchiha/playground/crystal/src/http/server/response.cr:282:11 in 'unbuffered_write'
|   from /home/uchiha/playground/crystal/src/io/buffered.cr:163:14 in 'write'
|   from /home/uchiha/playground/crystal/src/http/server/response.cr:107:7 in 'write'
|   from /home/uchiha/playground/crystal/src/io.cr:488:7 in 'write_string'
|   from lib/kemal/src/kemal/route_handler.cr:174:7 in 'call'
|   from lib/kemal/src/kemal/websocket_handler.cr:13:14 in 'call'
|   from /home/uchiha/playground/crystal/src/http/server/handler.cr:30:7 in 'call_next'
|   from lib/kemal/src/kemal/filter_handler.cr:46:7 in 'call'
|   from /home/uchiha/playground/crystal/src/http/server/handler.cr:30:7 in 'call_next'
|   from src/middlewares/web_api_auth_middleware.cr:8:12 in 'call'
|   from /home/uchiha/playground/crystal/src/http/server/handler.cr:30:7 in 'call_next'
|   from src/middlewares/admin_api_auth_middleware.cr:7:12 in 'call'
|   from /home/uchiha/playground/crystal/src/http/server/handler.cr:30:7 in 'call_next'
|   from /home/uchiha/playground/crystal/src/http/server/handlers/static_file_handler.cr:60:12 in 'call'
|   from /home/uchiha/playground/crystal/src/http/server/handler.cr:30:7 in 'call'
|   from /home/uchiha/playground/crystal/src/http/server/handler.cr:30:7 in 'call'
|   from /home/uchiha/playground/crystal/src/http/server/handler.cr:30:7 in 'call'
|   from /home/uchiha/playground/crystal/src/http/server/handler.cr:30:7 in 'call'
|   from /home/uchiha/playground/crystal/src/http/server/request_processor.cr:58:11 in 'process'
|   from /home/uchiha/playground/crystal/src/http/server.cr:506:5 in '->'
|   from /home/uchiha/playground/crystal/src/fiber.cr:168:11 in 'run'
|   from /home/uchiha/playground/crystal/src/fiber.cr:103:3 in '->'
|   from ???
ERR 2026-08-03T21:12:42.871Z > Unhandled exception on HTTP::Handler
| Closed stream (IO::Error)
|   from /home/uchiha/playground/crystal/src/http/server/response.cr:215:15 in 'content_type='
|   from lib/kemal/src/kemal/helpers/templates.cr:25:3 in 'render_500'
|   from lib/kemal/src/kemal/exception_handler.cr:34:7 in 'call'
|   from /home/uchiha/playground/crystal/src/http/server/handler.cr:30:7 in 'call'
|   from /home/uchiha/playground/crystal/src/http/server/handler.cr:30:7 in 'call'
|   from /home/uchiha/playground/crystal/src/http/server/handler.cr:30:7 in 'call'
|   from /home/uchiha/playground/crystal/src/http/server/request_processor.cr:58:11 in 'process'
|   from /home/uchiha/playground/crystal/src/http/server.cr:506:5 in '->'
|   from /home/uchiha/playground/crystal/src/fiber.cr:168:11 in 'run'
|   from /home/uchiha/playground/crystal/src/fiber.cr:103:3 in '->'
|   from ???
ERR 2026-08-03T21:12:42.872Z > Error while writing data to the client
| Error while writing data to the client (HTTP::Server::ClientError)
|   from /home/uchiha/playground/crystal/src/http/server/response.cr:266:9 in 'unbuffered_write'
|   from /home/uchiha/playground/crystal/src/io/buffered.cr:163:14 in 'write'
|   from /home/uchiha/playground/crystal/src/http/server/response.cr:107:7 in 'write'
|   from /home/uchiha/playground/crystal/src/io.cr:488:7 in 'write_string'
|   from lib/kemal/src/kemal/route_handler.cr:174:7 in 'call'
|   from lib/kemal/src/kemal/websocket_handler.cr:13:14 in 'call'
|   from /home/uchiha/playground/crystal/src/http/server/handler.cr:30:7 in 'call_next'
|   from lib/kemal/src/kemal/filter_handler.cr:46:7 in 'call'
|   from /home/uchiha/playground/crystal/src/http/server/handler.cr:30:7 in 'call_next'
|   from src/middlewares/web_api_auth_middleware.cr:8:12 in 'call'
|   from /home/uchiha/playground/crystal/src/http/server/handler.cr:30:7 in 'call_next'
|   from src/middlewares/admin_api_auth_middleware.cr:7:12 in 'call'
|   from /home/uchiha/playground/crystal/src/http/server/handler.cr:30:7 in 'call_next'
|   from /home/uchiha/playground/crystal/src/http/server/handlers/static_file_handler.cr:60:12 in 'call'
|   from /home/uchiha/playground/crystal/src/http/server/handler.cr:30:7 in 'call'
|   from /home/uchiha/playground/crystal/src/http/server/handler.cr:30:7 in 'call'
|   from /home/uchiha/playground/crystal/src/http/server/handler.cr:30:7 in 'call'
|   from /home/uchiha/playground/crystal/src/http/server/handler.cr:30:7 in 'call'
|   from /home/uchiha/playground/crystal/src/http/server/request_processor.cr:58:11 in 'process'
|   from /home/uchiha/playground/crystal/src/http/server.cr:506:5 in '->'
|   from /home/uchiha/playground/crystal/src/fiber.cr:168:11 in 'run'
|   from /home/uchiha/playground/crystal/src/fiber.cr:103:3 in '->'
|   from ???
| Caused by: write (#<TCPSocket:0x78764a007428>): Broken pipe (IO::Error)
|   from /home/uchiha/playground/crystal/src/crystal/system/thread.cr:72:3 in 'unbuffered_write'
|   from /home/uchiha/playground/crystal/src/io/buffered.cr:163:14 in 'write'
|   from /home/uchiha/playground/crystal/src/http/server/response.cr:282:11 in 'unbuffered_write'
|   from /home/uchiha/playground/crystal/src/io/buffered.cr:163:14 in 'write'
|   from /home/uchiha/playground/crystal/src/http/server/response.cr:107:7 in 'write'
|   from /home/uchiha/playground/crystal/src/io.cr:488:7 in 'write_string'
|   from lib/kemal/src/kemal/route_handler.cr:174:7 in 'call'
|   from lib/kemal/src/kemal/websocket_handler.cr:13:14 in 'call'
|   from /home/uchiha/playground/crystal/src/http/server/handler.cr:30:7 in 'call_next'
|   from lib/kemal/src/kemal/filter_handler.cr:46:7 in 'call'
|   from /home/uchiha/playground/crystal/src/http/server/handler.cr:30:7 in 'call_next'
|   from src/middlewares/web_api_auth_middleware.cr:8:12 in 'call'
|   from /home/uchiha/playground/crystal/src/http/server/handler.cr:30:7 in 'call_next'
|   from src/middlewares/admin_api_auth_middleware.cr:7:12 in 'call'
|   from /home/uchiha/playground/crystal/src/http/server/handler.cr:30:7 in 'call_next'
|   from /home/uchiha/playground/crystal/src/http/server/handlers/static_file_handler.cr:60:12 in 'call'
|   from /home/uchiha/playground/crystal/src/http/server/handler.cr:30:7 in 'call'
|   from /home/uchiha/playground/crystal/src/http/server/handler.cr:30:7 in 'call'
|   from /home/uchiha/playground/crystal/src/http/server/handler.cr:30:7 in 'call'
|   from /home/uchiha/playground/crystal/src/http/server/handler.cr:30:7 in 'call'
|   from /home/uchiha/playground/crystal/src/http/server/request_processor.cr:58:11 in 'process'
|   from /home/uchiha/playground/crystal/src/http/server.cr:506:5 in '->'
|   from /home/uchiha/playground/crystal/src/fiber.cr:168:11 in 'run'
|   from /home/uchiha/playground/crystal/src/fiber.cr:103:3 in '->'
|   from ???
ERR 2026-08-03T21:12:42.872Z > Unhandled exception on HTTP::Handler
| Closed stream (IO::Error)
|   from /home/uchiha/playground/crystal/src/http/server/response.cr:215:15 in 'content_type='
|   from lib/kemal/src/kemal/helpers/templates.cr:25:3 in 'render_500'
|   from lib/kemal/src/kemal/exception_handler.cr:34:7 in 'call'
|   from /home/uchiha/playground/crystal/src/http/server/handler.cr:30:7 in 'call'
|   from /home/uchiha/playground/crystal/src/http/server/handler.cr:30:7 in 'call'
|   from /home/uchiha/playground/crystal/src/http/server/handler.cr:30:7 in 'call'
|   from /home/uchiha/playground/crystal/src/http/server/request_processor.cr:58:11 in 'process'
|   from /home/uchiha/playground/crystal/src/http/server.cr:506:5 in '->'
|   from /home/uchiha/playground/crystal/src/fiber.cr:168:11 in 'run'
|   from /home/uchiha/playground/crystal/src/fiber.cr:103:3 in '->'
|   from ???
ERR 2026-08-03T21:12:42.873Z > Error while writing data to the client
| Error while writing data to the client (HTTP::Server::ClientError)
|   from /home/uchiha/playground/crystal/src/http/server/response.cr:266:9 in 'unbuffered_write'
|   from /home/uchiha/playground/crystal/src/io/buffered.cr:163:14 in 'write'
|   from /home/uchiha/playground/crystal/src/http/server/response.cr:107:7 in 'write'
|   from /home/uchiha/playground/crystal/src/io.cr:488:7 in 'write_string'
|   from lib/kemal/src/kemal/route_handler.cr:174:7 in 'call'
|   from lib/kemal/src/kemal/websocket_handler.cr:13:14 in 'call'
|   from /home/uchiha/playground/crystal/src/http/server/handler.cr:30:7 in 'call_next'
|   from lib/kemal/src/kemal/filter_handler.cr:46:7 in 'call'
|   from /home/uchiha/playground/crystal/src/http/server/handler.cr:30:7 in 'call_next'
|   from src/middlewares/web_api_auth_middleware.cr:8:12 in 'call'
|   from /home/uchiha/playground/crystal/src/http/server/handler.cr:30:7 in 'call_next'
|   from src/middlewares/admin_api_auth_middleware.cr:7:12 in 'call'
|   from /home/uchiha/playground/crystal/src/http/server/handler.cr:30:7 in 'call_next'
|   from /home/uchiha/playground/crystal/src/http/server/handlers/static_file_handler.cr:60:12 in 'call'
|   from /home/uchiha/playground/crystal/src/http/server/handler.cr:30:7 in 'call'
|   from /home/uchiha/playground/crystal/src/http/server/handler.cr:30:7 in 'call'
|   from /home/uchiha/playground/crystal/src/http/server/handler.cr:30:7 in 'call'
|   from /home/uchiha/playground/crystal/src/http/server/handler.cr:30:7 in 'call'
|   from /home/uchiha/playground/crystal/src/http/server/request_processor.cr:58:11 in 'process'
|   from /home/uchiha/playground/crystal/src/http/server.cr:506:5 in '->'
|   from /home/uchiha/playground/crystal/src/fiber.cr:168:11 in 'run'
|   from /home/uchiha/playground/crystal/src/fiber.cr:103:3 in '->'
|   from ???
| Caused by: write (#<TCPSocket:0x78764a003a68>): Broken pipe (IO::Error)
|   from /home/uchiha/playground/crystal/src/crystal/system/thread.cr:72:3 in 'unbuffered_write'
|   from /home/uchiha/playground/crystal/src/io/buffered.cr:163:14 in 'write'
|   from /home/uchiha/playground/crystal/src/http/server/response.cr:282:11 in 'unbuffered_write'
|   from /home/uchiha/playground/crystal/src/io/buffered.cr:163:14 in 'write'
|   from /home/uchiha/playground/crystal/src/http/server/response.cr:107:7 in 'write'
|   from /home/uchiha/playground/crystal/src/io.cr:488:7 in 'write_string'
|   from lib/kemal/src/kemal/route_handler.cr:174:7 in 'call'
|   from lib/kemal/src/kemal/websocket_handler.cr:13:14 in 'call'
|   from /home/uchiha/playground/crystal/src/http/server/handler.cr:30:7 in 'call_next'
|   from lib/kemal/src/kemal/filter_handler.cr:46:7 in 'call'
|   from /home/uchiha/playground/crystal/src/http/server/handler.cr:30:7 in 'call_next'
|   from src/middlewares/web_api_auth_middleware.cr:8:12 in 'call'
|   from /home/uchiha/playground/crystal/src/http/server/handler.cr:30:7 in 'call_next'
|   from src/middlewares/admin_api_auth_middleware.cr:7:12 in 'call'
|   from /home/uchiha/playground/crystal/src/http/server/handler.cr:30:7 in 'call_next'
|   from /home/uchiha/playground/crystal/src/http/server/handlers/static_file_handler.cr:60:12 in 'call'
|   from /home/uchiha/playground/crystal/src/http/server/handler.cr:30:7 in 'call'
|   from /home/uchiha/playground/crystal/src/http/server/handler.cr:30:7 in 'call'
|   from /home/uchiha/playground/crystal/src/http/server/handler.cr:30:7 in 'call'
|   from /home/uchiha/playground/crystal/src/http/server/handler.cr:30:7 in 'call'
|   from /home/uchiha/playground/crystal/src/http/server/request_processor.cr:58:11 in 'process'
|   from /home/uchiha/playground/crystal/src/http/server.cr:506:5 in '->'
|   from /home/uchiha/playground/crystal/src/fiber.cr:168:11 in 'run'
|   from /home/uchiha/playground/crystal/src/fiber.cr:103:3 in '->'
|   from ???
ERR 2026-08-03T21:12:42.873Z > Unhandled exception on HTTP::Handler
| Closed stream (IO::Error)
|   from /home/uchiha/playground/crystal/src/http/server/response.cr:215:15 in 'content_type='
|   from lib/kemal/src/kemal/helpers/templates.cr:25:3 in 'render_500'
|   from lib/kemal/src/kemal/exception_handler.cr:34:7 in 'call'
|   from /home/uchiha/playground/crystal/src/http/server/handler.cr:30:7 in 'call'
|   from /home/uchiha/playground/crystal/src/http/server/handler.cr:30:7 in 'call'
|   from /home/uchiha/playground/crystal/src/http/server/handler.cr:30:7 in 'call'
|   from /home/uchiha/playground/crystal/src/http/server/request_processor.cr:58:11 in 'process'
|   from /home/uchiha/playground/crystal/src/http/server.cr:506:5 in '->'
|   from /home/uchiha/playground/crystal/src/fiber.cr:168:11 in 'run'
|   from /home/uchiha/playground/crystal/src/fiber.cr:103:3 in '->'
|   from ???
ERR 2026-08-03T21:12:42.882Z > Error while writing data to the client
| Error while writing data to the client (HTTP::Server::ClientError)
|   from /home/uchiha/playground/crystal/src/http/server/response.cr:266:9 in 'unbuffered_write'
|   from /home/uchiha/playground/crystal/src/io/buffered.cr:163:14 in 'write'
|   from /home/uchiha/playground/crystal/src/http/server/response.cr:107:7 in 'write'
|   from /home/uchiha/playground/crystal/src/io.cr:488:7 in 'write_string'
|   from lib/kemal/src/kemal/route_handler.cr:174:7 in 'call'
|   from lib/kemal/src/kemal/websocket_handler.cr:13:14 in 'call'
|   from /home/uchiha/playground/crystal/src/http/server/handler.cr:30:7 in 'call_next'
|   from lib/kemal/src/kemal/filter_handler.cr:46:7 in 'call'
|   from /home/uchiha/playground/crystal/src/http/server/handler.cr:30:7 in 'call_next'
|   from src/middlewares/web_api_auth_middleware.cr:8:12 in 'call'
|   from /home/uchiha/playground/crystal/src/http/server/handler.cr:30:7 in 'call_next'
|   from src/middlewares/admin_api_auth_middleware.cr:7:12 in 'call'
|   from /home/uchiha/playground/crystal/src/http/server/handler.cr:30:7 in 'call_next'
|   from /home/uchiha/playground/crystal/src/http/server/handlers/static_file_handler.cr:60:12 in 'call'
|   from /home/uchiha/playground/crystal/src/http/server/handler.cr:30:7 in 'call'
|   from /home/uchiha/playground/crystal/src/http/server/handler.cr:30:7 in 'call'
|   from /home/uchiha/playground/crystal/src/http/server/handler.cr:30:7 in 'call'
|   from /home/uchiha/playground/crystal/src/http/server/handler.cr:30:7 in 'call'
|   from /home/uchiha/playground/crystal/src/http/server/request_processor.cr:58:11 in 'process'
|   from /home/uchiha/playground/crystal/src/http/server.cr:506:5 in '->'
|   from /home/uchiha/playground/crystal/src/fiber.cr:168:11 in 'run'
|   from /home/uchiha/playground/crystal/src/fiber.cr:103:3 in '->'
|   from ???
| Caused by: write (#<TCPSocket:0x78764a003288>): Broken pipe (IO::Error)
|   from /home/uchiha/playground/crystal/src/crystal/system/thread.cr:72:3 in 'unbuffered_write'
|   from /home/uchiha/playground/crystal/src/io/buffered.cr:163:14 in 'write'
|   from /home/uchiha/playground/crystal/src/http/server/response.cr:282:11 in 'unbuffered_write'
|   from /home/uchiha/playground/crystal/src/io/buffered.cr:163:14 in 'write'
|   from /home/uchiha/playground/crystal/src/http/server/response.cr:107:7 in 'write'
|   from /home/uchiha/playground/crystal/src/io.cr:488:7 in 'write_string'
|   from lib/kemal/src/kemal/route_handler.cr:174:7 in 'call'
|   from lib/kemal/src/kemal/websocket_handler.cr:13:14 in 'call'
|   from /home/uchiha/playground/crystal/src/http/server/handler.cr:30:7 in 'call_next'
|   from lib/kemal/src/kemal/filter_handler.cr:46:7 in 'call'
|   from /home/uchiha/playground/crystal/src/http/server/handler.cr:30:7 in 'call_next'
|   from src/middlewares/web_api_auth_middleware.cr:8:12 in 'call'
|   from /home/uchiha/playground/crystal/src/http/server/handler.cr:30:7 in 'call_next'
|   from src/middlewares/admin_api_auth_middleware.cr:7:12 in 'call'
|   from /home/uchiha/playground/crystal/src/http/server/handler.cr:30:7 in 'call_next'
|   from /home/uchiha/playground/crystal/src/http/server/handlers/static_file_handler.cr:60:12 in 'call'
|   from /home/uchiha/playground/crystal/src/http/server/handler.cr:30:7 in 'call'
|   from /home/uchiha/playground/crystal/src/http/server/handler.cr:30:7 in 'call'
|   from /home/uchiha/playground/crystal/src/http/server/handler.cr:30:7 in 'call'
|   from /home/uchiha/playground/crystal/src/http/server/handler.cr:30:7 in 'call'
|   from /home/uchiha/playground/crystal/src/http/server/request_processor.cr:58:11 in 'process'
|   from /home/uchiha/playground/crystal/src/http/server.cr:506:5 in '->'
|   from /home/uchiha/playground/crystal/src/fiber.cr:168:11 in 'run'
|   from /home/uchiha/playground/crystal/src/fiber.cr:103:3 in '->'
|   from ???
ERR 2026-08-03T21:12:42.882Z > Unhandled exception on HTTP::Handler
| Closed stream (IO::Error)
|   from /home/uchiha/playground/crystal/src/http/server/response.cr:215:15 in 'content_type='
|   from lib/kemal/src/kemal/helpers/templates.cr:25:3 in 'render_500'
|   from lib/kemal/src/kemal/exception_handler.cr:34:7 in 'call'
|   from /home/uchiha/playground/crystal/src/http/server/handler.cr:30:7 in 'call'
|   from /home/uchiha/playground/crystal/src/http/server/handler.cr:30:7 in 'call'
|   from /home/uchiha/playground/crystal/src/http/server/handler.cr:30:7 in 'call'
|   from /home/uchiha/playground/crystal/src/http/server/request_processor.cr:58:11 in 'process'
|   from /home/uchiha/playground/crystal/src/http/server.cr:506:5 in '->'
|   from /home/uchiha/playground/crystal/src/fiber.cr:168:11 in 'run'
|   from /home/uchiha/playground/crystal/src/fiber.cr:103:3 in '->'
|   from ???
ERR 2026-08-03T21:12:42.882Z > Error while writing data to the client
| Error while writing data to the client (HTTP::Server::ClientError)
|   from /home/uchiha/playground/crystal/src/http/server/response.cr:266:9 in 'unbuffered_write'
|   from /home/uchiha/playground/crystal/src/io/buffered.cr:163:14 in 'write'
|   from /home/uchiha/playground/crystal/src/http/server/response.cr:107:7 in 'write'
|   from /home/uchiha/playground/crystal/src/io.cr:488:7 in 'write_string'
|   from lib/kemal/src/kemal/route_handler.cr:174:7 in 'call'
|   from lib/kemal/src/kemal/websocket_handler.cr:13:14 in 'call'
|   from /home/uchiha/playground/crystal/src/http/server/handler.cr:30:7 in 'call_next'
|   from lib/kemal/src/kemal/filter_handler.cr:46:7 in 'call'
|   from /home/uchiha/playground/crystal/src/http/server/handler.cr:30:7 in 'call_next'
|   from src/middlewares/web_api_auth_middleware.cr:8:12 in 'call'
|   from /home/uchiha/playground/crystal/src/http/server/handler.cr:30:7 in 'call_next'
|   from src/middlewares/admin_api_auth_middleware.cr:7:12 in 'call'
|   from /home/uchiha/playground/crystal/src/http/server/handler.cr:30:7 in 'call_next'
|   from /home/uchiha/playground/crystal/src/http/server/handlers/static_file_handler.cr:60:12 in 'call'
|   from /home/uchiha/playground/crystal/src/http/server/handler.cr:30:7 in 'call'
|   from /home/uchiha/playground/crystal/src/http/server/handler.cr:30:7 in 'call'
|   from /home/uchiha/playground/crystal/src/http/server/handler.cr:30:7 in 'call'
|   from /home/uchiha/playground/crystal/src/http/server/handler.cr:30:7 in 'call'
|   from /home/uchiha/playground/crystal/src/http/server/request_processor.cr:58:11 in 'process'
|   from /home/uchiha/playground/crystal/src/http/server.cr:506:5 in '->'
|   from /home/uchiha/playground/crystal/src/fiber.cr:168:11 in 'run'
|   from /home/uchiha/playground/crystal/src/fiber.cr:103:3 in '->'
|   from ???
| Caused by: write (#<TCPSocket:0x78764a0059e8>): Broken pipe (IO::Error)
|   from /home/uchiha/playground/crystal/src/crystal/system/thread.cr:72:3 in 'unbuffered_write'
|   from /home/uchiha/playground/crystal/src/io/buffered.cr:163:14 in 'write'
|   from /home/uchiha/playground/crystal/src/http/server/response.cr:282:11 in 'unbuffered_write'
|   from /home/uchiha/playground/crystal/src/io/buffered.cr:163:14 in 'write'
|   from /home/uchiha/playground/crystal/src/http/server/response.cr:107:7 in 'write'
|   from /home/uchiha/playground/crystal/src/io.cr:488:7 in 'write_string'
|   from lib/kemal/src/kemal/route_handler.cr:174:7 in 'call'
|   from lib/kemal/src/kemal/websocket_handler.cr:13:14 in 'call'
|   from /home/uchiha/playground/crystal/src/http/server/handler.cr:30:7 in 'call_next'
|   from lib/kemal/src/kemal/filter_handler.cr:46:7 in 'call'
|   from /home/uchiha/playground/crystal/src/http/server/handler.cr:30:7 in 'call_next'
|   from src/middlewares/web_api_auth_middleware.cr:8:12 in 'call'
|   from /home/uchiha/playground/crystal/src/http/server/handler.cr:30:7 in 'call_next'
|   from src/middlewares/admin_api_auth_middleware.cr:7:12 in 'call'
|   from /home/uchiha/playground/crystal/src/http/server/handler.cr:30:7 in 'call_next'
|   from /home/uchiha/playground/crystal/src/http/server/handlers/static_file_handler.cr:60:12 in 'call'
|   from /home/uchiha/playground/crystal/src/http/server/handler.cr:30:7 in 'call'
|   from /home/uchiha/playground/crystal/src/http/server/handler.cr:30:7 in 'call'
|   from /home/uchiha/playground/crystal/src/http/server/handler.cr:30:7 in 'call'
|   from /home/uchiha/playground/crystal/src/http/server/handler.cr:30:7 in 'call'
|   from /home/uchiha/playground/crystal/src/http/server/request_processor.cr:58:11 in 'process'
|   from /home/uchiha/playground/crystal/src/http/server.cr:506:5 in '->'
|   from /home/uchiha/playground/crystal/src/fiber.cr:168:11 in 'run'
|   from /home/uchiha/playground/crystal/src/fiber.cr:103:3 in '->'
|   from ???
ERR 2026-08-03T21:12:42.883Z > Unhandled exception on HTTP::Handler
| Closed stream (IO::Error)
|   from /home/uchiha/playground/crystal/src/http/server/response.cr:215:15 in 'content_type='
|   from lib/kemal/src/kemal/helpers/templates.cr:25:3 in 'render_500'
|   from lib/kemal/src/kemal/exception_handler.cr:34:7 in 'call'
|   from /home/uchiha/playground/crystal/src/http/server/handler.cr:30:7 in 'call'
|   from /home/uchiha/playground/crystal/src/http/server/handler.cr:30:7 in 'call'
|   from /home/uchiha/playground/crystal/src/http/server/handler.cr:30:7 in 'call'
|   from /home/uchiha/playground/crystal/src/http/server/request_processor.cr:58:11 in 'process'
|   from /home/uchiha/playground/crystal/src/http/server.cr:506:5 in '->'
|   from /home/uchiha/playground/crystal/src/fiber.cr:168:11 in 'run'
|   from /home/uchiha/playground/crystal/src/fiber.cr:103:3 in '->'
|   from ???
ERR 2026-08-03T21:12:42.884Z > Error while writing data to the client
| Error while writing data to the client (HTTP::Server::ClientError)
|   from /home/uchiha/playground/crystal/src/http/server/response.cr:266:9 in 'unbuffered_write'
|   from /home/uchiha/playground/crystal/src/io/buffered.cr:163:14 in 'write'
|   from /home/uchiha/playground/crystal/src/http/server/response.cr:107:7 in 'write'
|   from /home/uchiha/playground/crystal/src/io.cr:488:7 in 'write_string'
|   from lib/kemal/src/kemal/route_handler.cr:174:7 in 'call'
|   from lib/kemal/src/kemal/websocket_handler.cr:13:14 in 'call'
|   from /home/uchiha/playground/crystal/src/http/server/handler.cr:30:7 in 'call_next'
|   from lib/kemal/src/kemal/filter_handler.cr:46:7 in 'call'
|   from /home/uchiha/playground/crystal/src/http/server/handler.cr:30:7 in 'call_next'
|   from src/middlewares/web_api_auth_middleware.cr:8:12 in 'call'
|   from /home/uchiha/playground/crystal/src/http/server/handler.cr:30:7 in 'call_next'
|   from src/middlewares/admin_api_auth_middleware.cr:7:12 in 'call'
|   from /home/uchiha/playground/crystal/src/http/server/handler.cr:30:7 in 'call_next'
|   from /home/uchiha/playground/crystal/src/http/server/handlers/static_file_handler.cr:60:12 in 'call'
|   from /home/uchiha/playground/crystal/src/http/server/handler.cr:30:7 in 'call'
|   from /home/uchiha/playground/crystal/src/http/server/handler.cr:30:7 in 'call'
|   from /home/uchiha/playground/crystal/src/http/server/handler.cr:30:7 in 'call'
|   from /home/uchiha/playground/crystal/src/http/server/handler.cr:30:7 in 'call'
|   from /home/uchiha/playground/crystal/src/http/server/request_processor.cr:58:11 in 'process'
|   from /home/uchiha/playground/crystal/src/http/server.cr:506:5 in '->'
|   from /home/uchiha/playground/crystal/src/fiber.cr:168:11 in 'run'
|   from /home/uchiha/playground/crystal/src/fiber.cr:103:3 in '->'
|   from ???
| Caused by: write (#<TCPSocket:0x78764a001ae8>): Broken pipe (IO::Error)
|   from /home/uchiha/playground/crystal/src/crystal/system/thread.cr:72:3 in 'unbuffered_write'
|   from /home/uchiha/playground/crystal/src/io/buffered.cr:163:14 in 'write'
|   from /home/uchiha/playground/crystal/src/http/server/response.cr:282:11 in 'unbuffered_write'
|   from /home/uchiha/playground/crystal/src/io/buffered.cr:163:14 in 'write'
|   from /home/uchiha/playground/crystal/src/http/server/response.cr:107:7 in 'write'
|   from /home/uchiha/playground/crystal/src/io.cr:488:7 in 'write_string'
|   from lib/kemal/src/kemal/route_handler.cr:174:7 in 'call'
|   from lib/kemal/src/kemal/websocket_handler.cr:13:14 in 'call'
|   from /home/uchiha/playground/crystal/src/http/server/handler.cr:30:7 in 'call_next'
|   from lib/kemal/src/kemal/filter_handler.cr:46:7 in 'call'
|   from /home/uchiha/playground/crystal/src/http/server/handler.cr:30:7 in 'call_next'
|   from src/middlewares/web_api_auth_middleware.cr:8:12 in 'call'
|   from /home/uchiha/playground/crystal/src/http/server/handler.cr:30:7 in 'call_next'
|   from src/middlewares/admin_api_auth_middleware.cr:7:12 in 'call'
|   from /home/uchiha/playground/crystal/src/http/server/handler.cr:30:7 in 'call_next'
|   from /home/uchiha/playground/crystal/src/http/server/handlers/static_file_handler.cr:60:12 in 'call'
|   from /home/uchiha/playground/crystal/src/http/server/handler.cr:30:7 in 'call'
|   from /home/uchiha/playground/crystal/src/http/server/handler.cr:30:7 in 'call'
|   from /home/uchiha/playground/crystal/src/http/server/handler.cr:30:7 in 'call'
|   from /home/uchiha/playground/crystal/src/http/server/handler.cr:30:7 in 'call'
|   from /home/uchiha/playground/crystal/src/http/server/request_processor.cr:58:11 in 'process'
|   from /home/uchiha/playground/crystal/src/http/server.cr:506:5 in '->'
|   from /home/uchiha/playground/crystal/src/fiber.cr:168:11 in 'run'
|   from /home/uchiha/playground/crystal/src/fiber.cr:103:3 in '->'
|   from ???
ERR 2026-08-03T21:12:42.884Z > Unhandled exception on HTTP::Handler
| Closed stream (IO::Error)
|   from /home/uchiha/playground/crystal/src/http/server/response.cr:215:15 in 'content_type='
|   from lib/kemal/src/kemal/helpers/templates.cr:25:3 in 'render_500'
|   from lib/kemal/src/kemal/exception_handler.cr:34:7 in 'call'
|   from /home/uchiha/playground/crystal/src/http/server/handler.cr:30:7 in 'call'
|   from /home/uchiha/playground/crystal/src/http/server/handler.cr:30:7 in 'call'
|   from /home/uchiha/playground/crystal/src/http/server/handler.cr:30:7 in 'call'
|   from /home/uchiha/playground/crystal/src/http/server/request_processor.cr:58:11 in 'process'
|   from /home/uchiha/playground/crystal/src/http/server.cr:506:5 in '->'
|   from /home/uchiha/playground/crystal/src/fiber.cr:168:11 in 'run'
|   from /home/uchiha/playground/crystal/src/fiber.cr:103:3 in '->'
|   from ???
ERR 2026-08-03T21:12:42.884Z > Error while writing data to the client
| Error while writing data to the client (HTTP::Server::ClientError)
|   from /home/uchiha/playground/crystal/src/http/server/response.cr:266:9 in 'unbuffered_write'
|   from /home/uchiha/playground/crystal/src/io/buffered.cr:163:14 in 'write'
|   from /home/uchiha/playground/crystal/src/http/server/response.cr:107:7 in 'write'
|   from /home/uchiha/playground/crystal/src/io.cr:488:7 in 'write_string'
|   from lib/kemal/src/kemal/route_handler.cr:174:7 in 'call'
|   from lib/kemal/src/kemal/websocket_handler.cr:13:14 in 'call'
|   from /home/uchiha/playground/crystal/src/http/server/handler.cr:30:7 in 'call_next'
|   from lib/kemal/src/kemal/filter_handler.cr:46:7 in 'call'
|   from /home/uchiha/playground/crystal/src/http/server/handler.cr:30:7 in 'call_next'
|   from src/middlewares/web_api_auth_middleware.cr:8:12 in 'call'
|   from /home/uchiha/playground/crystal/src/http/server/handler.cr:30:7 in 'call_next'
|   from src/middlewares/admin_api_auth_middleware.cr:7:12 in 'call'
|   from /home/uchiha/playground/crystal/src/http/server/handler.cr:30:7 in 'call_next'
|   from /home/uchiha/playground/crystal/src/http/server/handlers/static_file_handler.cr:60:12 in 'call'
|   from /home/uchiha/playground/crystal/src/http/server/handler.cr:30:7 in 'call'
|   from /home/uchiha/playground/crystal/src/http/server/handler.cr:30:7 in 'call'
|   from /home/uchiha/playground/crystal/src/http/server/handler.cr:30:7 in 'call'
|   from /home/uchiha/playground/crystal/src/http/server/handler.cr:30:7 in 'call'
|   from /home/uchiha/playground/crystal/src/http/server/request_processor.cr:58:11 in 'process'
|   from /home/uchiha/playground/crystal/src/http/server.cr:506:5 in '->'
|   from /home/uchiha/playground/crystal/src/fiber.cr:168:11 in 'run'
|   from /home/uchiha/playground/crystal/src/fiber.cr:103:3 in '->'
|   from ???
| Caused by: write (#<TCPSocket:0x78764a006078>): Broken pipe (IO::Error)
|   from /home/uchiha/playground/crystal/src/crystal/system/thread.cr:72:3 in 'unbuffered_write'
|   from /home/uchiha/playground/crystal/src/io/buffered.cr:163:14 in 'write'
|   from /home/uchiha/playground/crystal/src/http/server/response.cr:282:11 in 'unbuffered_write'
|   from /home/uchiha/playground/crystal/src/io/buffered.cr:163:14 in 'write'
|   from /home/uchiha/playground/crystal/src/http/server/response.cr:107:7 in 'write'
|   from /home/uchiha/playground/crystal/src/io.cr:488:7 in 'write_string'
|   from lib/kemal/src/kemal/route_handler.cr:174:7 in 'call'
|   from lib/kemal/src/kemal/websocket_handler.cr:13:14 in 'call'
|   from /home/uchiha/playground/crystal/src/http/server/handler.cr:30:7 in 'call_next'
|   from lib/kemal/src/kemal/filter_handler.cr:46:7 in 'call'
|   from /home/uchiha/playground/crystal/src/http/server/handler.cr:30:7 in 'call_next'
|   from src/middlewares/web_api_auth_middleware.cr:8:12 in 'call'
|   from /home/uchiha/playground/crystal/src/http/server/handler.cr:30:7 in 'call_next'
|   from src/middlewares/admin_api_auth_middleware.cr:7:12 in 'call'
|   from /home/uchiha/playground/crystal/src/http/server/handler.cr:30:7 in 'call_next'
|   from /home/uchiha/playground/crystal/src/http/server/handlers/static_file_handler.cr:60:12 in 'call'
|   from /home/uchiha/playground/crystal/src/http/server/handler.cr:30:7 in 'call'
|   from /home/uchiha/playground/crystal/src/http/server/handler.cr:30:7 in 'call'
|   from /home/uchiha/playground/crystal/src/http/server/handler.cr:30:7 in 'call'
|   from /home/uchiha/playground/crystal/src/http/server/handler.cr:30:7 in 'call'
|   from /home/uchiha/playground/crystal/src/http/server/request_processor.cr:58:11 in 'process'
|   from /home/uchiha/playground/crystal/src/http/server.cr:506:5 in '->'
|   from /home/uchiha/playground/crystal/src/fiber.cr:168:11 in 'run'
|   from /home/uchiha/playground/crystal/src/fiber.cr:103:3 in '->'
|   from ???
ERR 2026-08-03T21:12:42.884Z > Unhandled exception on HTTP::Handler
| Closed stream (IO::Error)
|   from /home/uchiha/playground/crystal/src/http/server/response.cr:215:15 in 'content_type='
|   from lib/kemal/src/kemal/helpers/templates.cr:25:3 in 'render_500'
|   from lib/kemal/src/kemal/exception_handler.cr:34:7 in 'call'
|   from /home/uchiha/playground/crystal/src/http/server/handler.cr:30:7 in 'call'
|   from /home/uchiha/playground/crystal/src/http/server/handler.cr:30:7 in 'call'
|   from /home/uchiha/playground/crystal/src/http/server/handler.cr:30:7 in 'call'
|   from /home/uchiha/playground/crystal/src/http/server/request_processor.cr:58:11 in 'process'
|   from /home/uchiha/playground/crystal/src/http/server.cr:506:5 in '->'
|   from /home/uchiha/playground/crystal/src/fiber.cr:168:11 in 'run'
|   from /home/uchiha/playground/crystal/src/fiber.cr:103:3 in '->'
|   from ???
ERR 2026-08-03T21:12:42.885Z > Error while writing data to the client
| Error while writing data to the client (HTTP::Server::ClientError)
|   from /home/uchiha/playground/crystal/src/http/server/response.cr:266:9 in 'unbuffered_write'
|   from /home/uchiha/playground/crystal/src/io/buffered.cr:163:14 in 'write'
|   from /home/uchiha/playground/crystal/src/http/server/response.cr:107:7 in 'write'
|   from /home/uchiha/playground/crystal/src/io.cr:488:7 in 'write_string'
|   from lib/kemal/src/kemal/route_handler.cr:174:7 in 'call'
|   from lib/kemal/src/kemal/websocket_handler.cr:13:14 in 'call'
|   from /home/uchiha/playground/crystal/src/http/server/handler.cr:30:7 in 'call_next'
|   from lib/kemal/src/kemal/filter_handler.cr:46:7 in 'call'
|   from /home/uchiha/playground/crystal/src/http/server/handler.cr:30:7 in 'call_next'
|   from src/middlewares/web_api_auth_middleware.cr:8:12 in 'call'
|   from /home/uchiha/playground/crystal/src/http/server/handler.cr:30:7 in 'call_next'
|   from src/middlewares/admin_api_auth_middleware.cr:7:12 in 'call'
|   from /home/uchiha/playground/crystal/src/http/server/handler.cr:30:7 in 'call_next'
|   from /home/uchiha/playground/crystal/src/http/server/handlers/static_file_handler.cr:60:12 in 'call'
|   from /home/uchiha/playground/crystal/src/http/server/handler.cr:30:7 in 'call'
|   from /home/uchiha/playground/crystal/src/http/server/handler.cr:30:7 in 'call'
|   from /home/uchiha/playground/crystal/src/http/server/handler.cr:30:7 in 'call'
|   from /home/uchiha/playground/crystal/src/http/server/handler.cr:30:7 in 'call'
|   from /home/uchiha/playground/crystal/src/http/server/request_processor.cr:58:11 in 'process'
|   from /home/uchiha/playground/crystal/src/http/server.cr:506:5 in '->'
|   from /home/uchiha/playground/crystal/src/fiber.cr:168:11 in 'run'
|   from /home/uchiha/playground/crystal/src/fiber.cr:103:3 in '->'
|   from ???
| Caused by: write (#<TCPSocket:0x78764a004b78>): Broken pipe (IO::Error)
|   from /home/uchiha/playground/crystal/src/crystal/system/thread.cr:72:3 in 'unbuffered_write'
|   from /home/uchiha/playground/crystal/src/io/buffered.cr:163:14 in 'write'
|   from /home/uchiha/playground/crystal/src/http/server/response.cr:282:11 in 'unbuffered_write'
|   from /home/uchiha/playground/crystal/src/io/buffered.cr:163:14 in 'write'
|   from /home/uchiha/playground/crystal/src/http/server/response.cr:107:7 in 'write'
|   from /home/uchiha/playground/crystal/src/io.cr:488:7 in 'write_string'
|   from lib/kemal/src/kemal/route_handler.cr:174:7 in 'call'
|   from lib/kemal/src/kemal/websocket_handler.cr:13:14 in 'call'
|   from /home/uchiha/playground/crystal/src/http/server/handler.cr:30:7 in 'call_next'
|   from lib/kemal/src/kemal/filter_handler.cr:46:7 in 'call'
|   from /home/uchiha/playground/crystal/src/http/server/handler.cr:30:7 in 'call_next'
|   from src/middlewares/web_api_auth_middleware.cr:8:12 in 'call'
|   from /home/uchiha/playground/crystal/src/http/server/handler.cr:30:7 in 'call_next'
|   from src/middlewares/admin_api_auth_middleware.cr:7:12 in 'call'
|   from /home/uchiha/playground/crystal/src/http/server/handler.cr:30:7 in 'call_next'
|   from /home/uchiha/playground/crystal/src/http/server/handlers/static_file_handler.cr:60:12 in 'call'
|   from /home/uchiha/playground/crystal/src/http/server/handler.cr:30:7 in 'call'
|   from /home/uchiha/playground/crystal/src/http/server/handler.cr:30:7 in 'call'
|   from /home/uchiha/playground/crystal/src/http/server/handler.cr:30:7 in 'call'
|   from /home/uchiha/playground/crystal/src/http/server/handler.cr:30:7 in 'call'
|   from /home/uchiha/playground/crystal/src/http/server/request_processor.cr:58:11 in 'process'
|   from /home/uchiha/playground/crystal/src/http/server.cr:506:5 in '->'
|   from /home/uchiha/playground/crystal/src/fiber.cr:168:11 in 'run'
|   from /home/uchiha/playground/crystal/src/fiber.cr:103:3 in '->'
|   from ???
ERR 2026-08-03T21:12:42.885Z > Unhandled exception on HTTP::Handler
| Closed stream (IO::Error)
|   from /home/uchiha/playground/crystal/src/http/server/response.cr:215:15 in 'content_type='
|   from lib/kemal/src/kemal/helpers/templates.cr:25:3 in 'render_500'
|   from lib/kemal/src/kemal/exception_handler.cr:34:7 in 'call'
|   from /home/uchiha/playground/crystal/src/http/server/handler.cr:30:7 in 'call'
|   from /home/uchiha/playground/crystal/src/http/server/handler.cr:30:7 in 'call'
|   from /home/uchiha/playground/crystal/src/http/server/handler.cr:30:7 in 'call'
|   from /home/uchiha/playground/crystal/src/http/server/request_processor.cr:58:11 in 'process'
|   from /home/uchiha/playground/crystal/src/http/server.cr:506:5 in '->'
|   from /home/uchiha/playground/crystal/src/fiber.cr:168:11 in 'run'
|   from /home/uchiha/playground/crystal/src/fiber.cr:103:3 in '->'
|   from ???
ERR 2026-08-03T21:12:42.886Z > Error while writing data to the client
| Error while writing data to the client (HTTP::Server::ClientError)
|   from /home/uchiha/playground/crystal/src/http/server/response.cr:266:9 in 'unbuffered_write'
|   from /home/uchiha/playground/crystal/src/io/buffered.cr:163:14 in 'write'
|   from /home/uchiha/playground/crystal/src/http/server/response.cr:107:7 in 'write'
|   from /home/uchiha/playground/crystal/src/io.cr:488:7 in 'write_string'
|   from lib/kemal/src/kemal/route_handler.cr:174:7 in 'call'
|   from lib/kemal/src/kemal/websocket_handler.cr:13:14 in 'call'
|   from /home/uchiha/playground/crystal/src/http/server/handler.cr:30:7 in 'call_next'
|   from lib/kemal/src/kemal/filter_handler.cr:46:7 in 'call'
|   from /home/uchiha/playground/crystal/src/http/server/handler.cr:30:7 in 'call_next'
|   from src/middlewares/web_api_auth_middleware.cr:8:12 in 'call'
|   from /home/uchiha/playground/crystal/src/http/server/handler.cr:30:7 in 'call_next'
|   from src/middlewares/admin_api_auth_middleware.cr:7:12 in 'call'
|   from /home/uchiha/playground/crystal/src/http/server/handler.cr:30:7 in 'call_next'
|   from /home/uchiha/playground/crystal/src/http/server/handlers/static_file_handler.cr:60:12 in 'call'
|   from /home/uchiha/playground/crystal/src/http/server/handler.cr:30:7 in 'call'
|   from /home/uchiha/playground/crystal/src/http/server/handler.cr:30:7 in 'call'
|   from /home/uchiha/playground/crystal/src/http/server/handler.cr:30:7 in 'call'
|   from /home/uchiha/playground/crystal/src/http/server/handler.cr:30:7 in 'call'
|   from /home/uchiha/playground/crystal/src/http/server/request_processor.cr:58:11 in 'process'
|   from /home/uchiha/playground/crystal/src/http/server.cr:506:5 in '->'
|   from /home/uchiha/playground/crystal/src/fiber.cr:168:11 in 'run'
|   from /home/uchiha/playground/crystal/src/fiber.cr:103:3 in '->'
|   from ???
| Caused by: write (#<TCPSocket:0x78764a000c78>): Broken pipe (IO::Error)
|   from /home/uchiha/playground/crystal/src/crystal/system/thread.cr:72:3 in 'unbuffered_write'
|   from /home/uchiha/playground/crystal/src/io/buffered.cr:163:14 in 'write'
|   from /home/uchiha/playground/crystal/src/http/server/response.cr:282:11 in 'unbuffered_write'
|   from /home/uchiha/playground/crystal/src/io/buffered.cr:163:14 in 'write'
|   from /home/uchiha/playground/crystal/src/http/server/response.cr:107:7 in 'write'
|   from /home/uchiha/playground/crystal/src/io.cr:488:7 in 'write_string'
|   from lib/kemal/src/kemal/route_handler.cr:174:7 in 'call'
|   from lib/kemal/src/kemal/websocket_handler.cr:13:14 in 'call'
|   from /home/uchiha/playground/crystal/src/http/server/handler.cr:30:7 in 'call_next'
|   from lib/kemal/src/kemal/filter_handler.cr:46:7 in 'call'
|   from /home/uchiha/playground/crystal/src/http/server/handler.cr:30:7 in 'call_next'
|   from src/middlewares/web_api_auth_middleware.cr:8:12 in 'call'
|   from /home/uchiha/playground/crystal/src/http/server/handler.cr:30:7 in 'call_next'
|   from src/middlewares/admin_api_auth_middleware.cr:7:12 in 'call'
|   from /home/uchiha/playground/crystal/src/http/server/handler.cr:30:7 in 'call_next'
|   from /home/uchiha/playground/crystal/src/http/server/handlers/static_file_handler.cr:60:12 in 'call'
|   from /home/uchiha/playground/crystal/src/http/server/handler.cr:30:7 in 'call'
|   from /home/uchiha/playground/crystal/src/http/server/handler.cr:30:7 in 'call'
|   from /home/uchiha/playground/crystal/src/http/server/handler.cr:30:7 in 'call'
|   from /home/uchiha/playground/crystal/src/http/server/handler.cr:30:7 in 'call'
|   from /home/uchiha/playground/crystal/src/http/server/request_processor.cr:58:11 in 'process'
|   from /home/uchiha/playground/crystal/src/http/server.cr:506:5 in '->'
|   from /home/uchiha/playground/crystal/src/fiber.cr:168:11 in 'run'
|   from /home/uchiha/playground/crystal/src/fiber.cr:103:3 in '->'
|   from ???
ERR 2026-08-03T21:12:42.886Z > Unhandled exception on HTTP::Handler
| Closed stream (IO::Error)
|   from /home/uchiha/playground/crystal/src/http/server/response.cr:215:15 in 'content_type='
|   from lib/kemal/src/kemal/helpers/templates.cr:25:3 in 'render_500'
|   from lib/kemal/src/kemal/exception_handler.cr:34:7 in 'call'
|   from /home/uchiha/playground/crystal/src/http/server/handler.cr:30:7 in 'call'
|   from /home/uchiha/playground/crystal/src/http/server/handler.cr:30:7 in 'call'
|   from /home/uchiha/playground/crystal/src/http/server/handler.cr:30:7 in 'call'
|   from /home/uchiha/playground/crystal/src/http/server/request_processor.cr:58:11 in 'process'
|   from /home/uchiha/playground/crystal/src/http/server.cr:506:5 in '->'
|   from /home/uchiha/playground/crystal/src/fiber.cr:168:11 in 'run'
|   from /home/uchiha/playground/crystal/src/fiber.cr:103:3 in '->'
|   from ???
ERR 2026-08-03T21:12:42.887Z > Error while writing data to the client
| Error while writing data to the client (HTTP::Server::ClientError)
|   from /home/uchiha/playground/crystal/src/http/server/response.cr:266:9 in 'unbuffered_write'
|   from /home/uchiha/playground/crystal/src/io/buffered.cr:163:14 in 'write'
|   from /home/uchiha/playground/crystal/src/http/server/response.cr:107:7 in 'write'
|   from /home/uchiha/playground/crystal/src/io.cr:488:7 in 'write_string'
|   from lib/kemal/src/kemal/route_handler.cr:174:7 in 'call'
|   from lib/kemal/src/kemal/websocket_handler.cr:13:14 in 'call'
|   from /home/uchiha/playground/crystal/src/http/server/handler.cr:30:7 in 'call_next'
|   from lib/kemal/src/kemal/filter_handler.cr:46:7 in 'call'
|   from /home/uchiha/playground/crystal/src/http/server/handler.cr:30:7 in 'call_next'
|   from src/middlewares/web_api_auth_middleware.cr:8:12 in 'call'
|   from /home/uchiha/playground/crystal/src/http/server/handler.cr:30:7 in 'call_next'
|   from src/middlewares/admin_api_auth_middleware.cr:7:12 in 'call'
|   from /home/uchiha/playground/crystal/src/http/server/handler.cr:30:7 in 'call_next'
|   from /home/uchiha/playground/crystal/src/http/server/handlers/static_file_handler.cr:60:12 in 'call'
|   from /home/uchiha/playground/crystal/src/http/server/handler.cr:30:7 in 'call'
|   from /home/uchiha/playground/crystal/src/http/server/handler.cr:30:7 in 'call'
|   from /home/uchiha/playground/crystal/src/http/server/handler.cr:30:7 in 'call'
|   from /home/uchiha/playground/crystal/src/http/server/handler.cr:30:7 in 'call'
|   from /home/uchiha/playground/crystal/src/http/server/request_processor.cr:58:11 in 'process'
|   from /home/uchiha/playground/crystal/src/http/server.cr:506:5 in '->'
|   from /home/uchiha/playground/crystal/src/fiber.cr:168:11 in 'run'
|   from /home/uchiha/playground/crystal/src/fiber.cr:103:3 in '->'
|   from ???
| Caused by: write (#<TCPSocket:0x78764a005f28>): Broken pipe (IO::Error)
|   from /home/uchiha/playground/crystal/src/crystal/system/thread.cr:72:3 in 'unbuffered_write'
|   from /home/uchiha/playground/crystal/src/io/buffered.cr:163:14 in 'write'
|   from /home/uchiha/playground/crystal/src/http/server/response.cr:282:11 in 'unbuffered_write'
|   from /home/uchiha/playground/crystal/src/io/buffered.cr:163:14 in 'write'
|   from /home/uchiha/playground/crystal/src/http/server/response.cr:107:7 in 'write'
|   from /home/uchiha/playground/crystal/src/io.cr:488:7 in 'write_string'
|   from lib/kemal/src/kemal/route_handler.cr:174:7 in 'call'
|   from lib/kemal/src/kemal/websocket_handler.cr:13:14 in 'call'
|   from /home/uchiha/playground/crystal/src/http/server/handler.cr:30:7 in 'call_next'
|   from lib/kemal/src/kemal/filter_handler.cr:46:7 in 'call'
|   from /home/uchiha/playground/crystal/src/http/server/handler.cr:30:7 in 'call_next'
|   from src/middlewares/web_api_auth_middleware.cr:8:12 in 'call'
|   from /home/uchiha/playground/crystal/src/http/server/handler.cr:30:7 in 'call_next'
|   from src/middlewares/admin_api_auth_middleware.cr:7:12 in 'call'
|   from /home/uchiha/playground/crystal/src/http/server/handler.cr:30:7 in 'call_next'
|   from /home/uchiha/playground/crystal/src/http/server/handlers/static_file_handler.cr:60:12 in 'call'
|   from /home/uchiha/playground/crystal/src/http/server/handler.cr:30:7 in 'call'
|   from /home/uchiha/playground/crystal/src/http/server/handler.cr:30:7 in 'call'
|   from /home/uchiha/playground/crystal/src/http/server/handler.cr:30:7 in 'call'
|   from /home/uchiha/playground/crystal/src/http/server/handler.cr:30:7 in 'call'
|   from /home/uchiha/playground/crystal/src/http/server/request_processor.cr:58:11 in 'process'
|   from /home/uchiha/playground/crystal/src/http/server.cr:506:5 in '->'
|   from /home/uchiha/playground/crystal/src/fiber.cr:168:11 in 'run'
|   from /home/uchiha/playground/crystal/src/fiber.cr:103:3 in '->'
|   from ???
ERR 2026-08-03T21:12:42.887Z > Unhandled exception on HTTP::Handler
| Closed stream (IO::Error)
|   from /home/uchiha/playground/crystal/src/http/server/response.cr:215:15 in 'content_type='
|   from lib/kemal/src/kemal/helpers/templates.cr:25:3 in 'render_500'
|   from lib/kemal/src/kemal/exception_handler.cr:34:7 in 'call'
|   from /home/uchiha/playground/crystal/src/http/server/handler.cr:30:7 in 'call'
|   from /home/uchiha/playground/crystal/src/http/server/handler.cr:30:7 in 'call'
|   from /home/uchiha/playground/crystal/src/http/server/handler.cr:30:7 in 'call'
|   from /home/uchiha/playground/crystal/src/http/server/request_processor.cr:58:11 in 'process'
|   from /home/uchiha/playground/crystal/src/http/server.cr:506:5 in '->'
|   from /home/uchiha/playground/crystal/src/fiber.cr:168:11 in 'run'
|   from /home/uchiha/playground/crystal/src/fiber.cr:103:3 in '->'
|   from ???
ERR 2026-08-03T21:12:42.887Z > Error while writing data to the client
| Error while writing data to the client (HTTP::Server::ClientError)
|   from /home/uchiha/playground/crystal/src/http/server/response.cr:266:9 in 'unbuffered_write'
|   from /home/uchiha/playground/crystal/src/io/buffered.cr:163:14 in 'write'
|   from /home/uchiha/playground/crystal/src/http/server/response.cr:107:7 in 'write'
|   from /home/uchiha/playground/crystal/src/io.cr:488:7 in 'write_string'
|   from lib/kemal/src/kemal/route_handler.cr:174:7 in 'call'
|   from lib/kemal/src/kemal/websocket_handler.cr:13:14 in 'call'
|   from /home/uchiha/playground/crystal/src/http/server/handler.cr:30:7 in 'call_next'
|   from lib/kemal/src/kemal/filter_handler.cr:46:7 in 'call'
|   from /home/uchiha/playground/crystal/src/http/server/handler.cr:30:7 in 'call_next'
|   from src/middlewares/web_api_auth_middleware.cr:8:12 in 'call'
|   from /home/uchiha/playground/crystal/src/http/server/handler.cr:30:7 in 'call_next'
|   from src/middlewares/admin_api_auth_middleware.cr:7:12 in 'call'
|   from /home/uchiha/playground/crystal/src/http/server/handler.cr:30:7 in 'call_next'
|   from /home/uchiha/playground/crystal/src/http/server/handlers/static_file_handler.cr:60:12 in 'call'
|   from /home/uchiha/playground/crystal/src/http/server/handler.cr:30:7 in 'call'
|   from /home/uchiha/playground/crystal/src/http/server/handler.cr:30:7 in 'call'
|   from /home/uchiha/playground/crystal/src/http/server/handler.cr:30:7 in 'call'
|   from /home/uchiha/playground/crystal/src/http/server/handler.cr:30:7 in 'call'
|   from /home/uchiha/playground/crystal/src/http/server/request_processor.cr:58:11 in 'process'
|   from /home/uchiha/playground/crystal/src/http/server.cr:506:5 in '->'
|   from /home/uchiha/playground/crystal/src/fiber.cr:168:11 in 'run'
|   from /home/uchiha/playground/crystal/src/fiber.cr:103:3 in '->'
|   from ???
| Caused by: write (#<TCPSocket:0x78764a0026b8>): Broken pipe (IO::Error)
|   from /home/uchiha/playground/crystal/src/crystal/system/thread.cr:72:3 in 'unbuffered_write'
|   from /home/uchiha/playground/crystal/src/io/buffered.cr:163:14 in 'write'
|   from /home/uchiha/playground/crystal/src/http/server/response.cr:282:11 in 'unbuffered_write'
|   from /home/uchiha/playground/crystal/src/io/buffered.cr:163:14 in 'write'
|   from /home/uchiha/playground/crystal/src/http/server/response.cr:107:7 in 'write'
|   from /home/uchiha/playground/crystal/src/io.cr:488:7 in 'write_string'
|   from lib/kemal/src/kemal/route_handler.cr:174:7 in 'call'
|   from lib/kemal/src/kemal/websocket_handler.cr:13:14 in 'call'
|   from /home/uchiha/playground/crystal/src/http/server/handler.cr:30:7 in 'call_next'
|   from lib/kemal/src/kemal/filter_handler.cr:46:7 in 'call'
|   from /home/uchiha/playground/crystal/src/http/server/handler.cr:30:7 in 'call_next'
|   from src/middlewares/web_api_auth_middleware.cr:8:12 in 'call'
|   from /home/uchiha/playground/crystal/src/http/server/handler.cr:30:7 in 'call_next'
|   from src/middlewares/admin_api_auth_middleware.cr:7:12 in 'call'
|   from /home/uchiha/playground/crystal/src/http/server/handler.cr:30:7 in 'call_next'
|   from /home/uchiha/playground/crystal/src/http/server/handlers/static_file_handler.cr:60:12 in 'call'
|   from /home/uchiha/playground/crystal/src/http/server/handler.cr:30:7 in 'call'
|   from /home/uchiha/playground/crystal/src/http/server/handler.cr:30:7 in 'call'
|   from /home/uchiha/playground/crystal/src/http/server/handler.cr:30:7 in 'call'
|   from /home/uchiha/playground/crystal/src/http/server/handler.cr:30:7 in 'call'
|   from /home/uchiha/playground/crystal/src/http/server/request_processor.cr:58:11 in 'process'
|   from /home/uchiha/playground/crystal/src/http/server.cr:506:5 in '->'
|   from /home/uchiha/playground/crystal/src/fiber.cr:168:11 in 'run'
|   from /home/uchiha/playground/crystal/src/fiber.cr:103:3 in '->'
|   from ???
ERR 2026-08-03T21:12:42.887Z > Unhandled exception on HTTP::Handler
| Closed stream (IO::Error)
|   from /home/uchiha/playground/crystal/src/http/server/response.cr:215:15 in 'content_type='
|   from lib/kemal/src/kemal/helpers/templates.cr:25:3 in 'render_500'
|   from lib/kemal/src/kemal/exception_handler.cr:34:7 in 'call'
|   from /home/uchiha/playground/crystal/src/http/server/handler.cr:30:7 in 'call'
|   from /home/uchiha/playground/crystal/src/http/server/handler.cr:30:7 in 'call'
|   from /home/uchiha/playground/crystal/src/http/server/handler.cr:30:7 in 'call'
|   from /home/uchiha/playground/crystal/src/http/server/request_processor.cr:58:11 in 'process'
|   from /home/uchiha/playground/crystal/src/http/server.cr:506:5 in '->'
|   from /home/uchiha/playground/crystal/src/fiber.cr:168:11 in 'run'
|   from /home/uchiha/playground/crystal/src/fiber.cr:103:3 in '->'
|   from ???
ERR 2026-08-03T21:12:42.888Z > Error while writing data to the client
| Error while writing data to the client (HTTP::Server::ClientError)
|   from /home/uchiha/playground/crystal/src/http/server/response.cr:266:9 in 'unbuffered_write'
|   from /home/uchiha/playground/crystal/src/io/buffered.cr:163:14 in 'write'
|   from /home/uchiha/playground/crystal/src/http/server/response.cr:107:7 in 'write'
|   from /home/uchiha/playground/crystal/src/io.cr:488:7 in 'write_string'
|   from lib/kemal/src/kemal/route_handler.cr:174:7 in 'call'
|   from lib/kemal/src/kemal/websocket_handler.cr:13:14 in 'call'
|   from /home/uchiha/playground/crystal/src/http/server/handler.cr:30:7 in 'call_next'
|   from lib/kemal/src/kemal/filter_handler.cr:46:7 in 'call'
|   from /home/uchiha/playground/crystal/src/http/server/handler.cr:30:7 in 'call_next'
|   from src/middlewares/web_api_auth_middleware.cr:8:12 in 'call'
|   from /home/uchiha/playground/crystal/src/http/server/handler.cr:30:7 in 'call_next'
|   from src/middlewares/admin_api_auth_middleware.cr:7:12 in 'call'
|   from /home/uchiha/playground/crystal/src/http/server/handler.cr:30:7 in 'call_next'
|   from /home/uchiha/playground/crystal/src/http/server/handlers/static_file_handler.cr:60:12 in 'call'
|   from /home/uchiha/playground/crystal/src/http/server/handler.cr:30:7 in 'call'
|   from /home/uchiha/playground/crystal/src/http/server/handler.cr:30:7 in 'call'
|   from /home/uchiha/playground/crystal/src/http/server/handler.cr:30:7 in 'call'
|   from /home/uchiha/playground/crystal/src/http/server/handler.cr:30:7 in 'call'
|   from /home/uchiha/playground/crystal/src/http/server/request_processor.cr:58:11 in 'process'
|   from /home/uchiha/playground/crystal/src/http/server.cr:506:5 in '->'
|   from /home/uchiha/playground/crystal/src/fiber.cr:168:11 in 'run'
|   from /home/uchiha/playground/crystal/src/fiber.cr:103:3 in '->'
|   from ???
| Caused by: write (#<TCPSocket:0x78764a001458>): Broken pipe (IO::Error)
|   from /home/uchiha/playground/crystal/src/crystal/system/thread.cr:72:3 in 'unbuffered_write'
|   from /home/uchiha/playground/crystal/src/io/buffered.cr:163:14 in 'write'
|   from /home/uchiha/playground/crystal/src/http/server/response.cr:282:11 in 'unbuffered_write'
|   from /home/uchiha/playground/crystal/src/io/buffered.cr:163:14 in 'write'
|   from /home/uchiha/playground/crystal/src/http/server/response.cr:107:7 in 'write'
|   from /home/uchiha/playground/crystal/src/io.cr:488:7 in 'write_string'
|   from lib/kemal/src/kemal/route_handler.cr:174:7 in 'call'
|   from lib/kemal/src/kemal/websocket_handler.cr:13:14 in 'call'
|   from /home/uchiha/playground/crystal/src/http/server/handler.cr:30:7 in 'call_next'
|   from lib/kemal/src/kemal/filter_handler.cr:46:7 in 'call'
|   from /home/uchiha/playground/crystal/src/http/server/handler.cr:30:7 in 'call_next'
|   from src/middlewares/web_api_auth_middleware.cr:8:12 in 'call'
|   from /home/uchiha/playground/crystal/src/http/server/handler.cr:30:7 in 'call_next'
|   from src/middlewares/admin_api_auth_middleware.cr:7:12 in 'call'
|   from /home/uchiha/playground/crystal/src/http/server/handler.cr:30:7 in 'call_next'
|   from /home/uchiha/playground/crystal/src/http/server/handlers/static_file_handler.cr:60:12 in 'call'
|   from /home/uchiha/playground/crystal/src/http/server/handler.cr:30:7 in 'call'
|   from /home/uchiha/playground/crystal/src/http/server/handler.cr:30:7 in 'call'
|   from /home/uchiha/playground/crystal/src/http/server/handler.cr:30:7 in 'call'
|   from /home/uchiha/playground/crystal/src/http/server/handler.cr:30:7 in 'call'
|   from /home/uchiha/playground/crystal/src/http/server/request_processor.cr:58:11 in 'process'
|   from /home/uchiha/playground/crystal/src/http/server.cr:506:5 in '->'
|   from /home/uchiha/playground/crystal/src/fiber.cr:168:11 in 'run'
|   from /home/uchiha/playground/crystal/src/fiber.cr:103:3 in '->'
|   from ???
ERR 2026-08-03T21:12:42.888Z > Unhandled exception on HTTP::Handler
| Closed stream (IO::Error)
|   from /home/uchiha/playground/crystal/src/http/server/response.cr:215:15 in 'content_type='
|   from lib/kemal/src/kemal/helpers/templates.cr:25:3 in 'render_500'
|   from lib/kemal/src/kemal/exception_handler.cr:34:7 in 'call'
|   from /home/uchiha/playground/crystal/src/http/server/handler.cr:30:7 in 'call'
|   from /home/uchiha/playground/crystal/src/http/server/handler.cr:30:7 in 'call'
|   from /home/uchiha/playground/crystal/src/http/server/handler.cr:30:7 in 'call'
|   from /home/uchiha/playground/crystal/src/http/server/request_processor.cr:58:11 in 'process'
|   from /home/uchiha/playground/crystal/src/http/server.cr:506:5 in '->'
|   from /home/uchiha/playground/crystal/src/fiber.cr:168:11 in 'run'
|   from /home/uchiha/playground/crystal/src/fiber.cr:103:3 in '->'
|   from ???
ERR 2026-08-03T21:12:42.888Z > Error while writing data to the client
| Error while writing data to the client (HTTP::Server::ClientError)
|   from /home/uchiha/playground/crystal/src/http/server/response.cr:266:9 in 'unbuffered_write'
|   from /home/uchiha/playground/crystal/src/io/buffered.cr:163:14 in 'write'
|   from /home/uchiha/playground/crystal/src/http/server/response.cr:107:7 in 'write'
|   from /home/uchiha/playground/crystal/src/io.cr:488:7 in 'write_string'
|   from lib/kemal/src/kemal/route_handler.cr:174:7 in 'call'
|   from lib/kemal/src/kemal/websocket_handler.cr:13:14 in 'call'
|   from /home/uchiha/playground/crystal/src/http/server/handler.cr:30:7 in 'call_next'
|   from lib/kemal/src/kemal/filter_handler.cr:46:7 in 'call'
|   from /home/uchiha/playground/crystal/src/http/server/handler.cr:30:7 in 'call_next'
|   from src/middlewares/web_api_auth_middleware.cr:8:12 in 'call'
|   from /home/uchiha/playground/crystal/src/http/server/handler.cr:30:7 in 'call_next'
|   from src/middlewares/admin_api_auth_middleware.cr:7:12 in 'call'
|   from /home/uchiha/playground/crystal/src/http/server/handler.cr:30:7 in 'call_next'
|   from /home/uchiha/playground/crystal/src/http/server/handlers/static_file_handler.cr:60:12 in 'call'
|   from /home/uchiha/playground/crystal/src/http/server/handler.cr:30:7 in 'call'
|   from /home/uchiha/playground/crystal/src/http/server/handler.cr:30:7 in 'call'
|   from /home/uchiha/playground/crystal/src/http/server/handler.cr:30:7 in 'call'
|   from /home/uchiha/playground/crystal/src/http/server/handler.cr:30:7 in 'call'
|   from /home/uchiha/playground/crystal/src/http/server/request_processor.cr:58:11 in 'process'
|   from /home/uchiha/playground/crystal/src/http/server.cr:506:5 in '->'
|   from /home/uchiha/playground/crystal/src/fiber.cr:168:11 in 'run'
|   from /home/uchiha/playground/crystal/src/fiber.cr:103:3 in '->'
|   from ???
| Caused by: write (#<TCPSocket:0x78764a000738>): Broken pipe (IO::Error)
|   from /home/uchiha/playground/crystal/src/crystal/system/thread.cr:72:3 in 'unbuffered_write'
|   from /home/uchiha/playground/crystal/src/io/buffered.cr:163:14 in 'write'
|   from /home/uchiha/playground/crystal/src/http/server/response.cr:282:11 in 'unbuffered_write'
|   from /home/uchiha/playground/crystal/src/io/buffered.cr:163:14 in 'write'
|   from /home/uchiha/playground/crystal/src/http/server/response.cr:107:7 in 'write'
|   from /home/uchiha/playground/crystal/src/io.cr:488:7 in 'write_string'
|   from lib/kemal/src/kemal/route_handler.cr:174:7 in 'call'
|   from lib/kemal/src/kemal/websocket_handler.cr:13:14 in 'call'
|   from /home/uchiha/playground/crystal/src/http/server/handler.cr:30:7 in 'call_next'
|   from lib/kemal/src/kemal/filter_handler.cr:46:7 in 'call'
|   from /home/uchiha/playground/crystal/src/http/server/handler.cr:30:7 in 'call_next'
|   from src/middlewares/web_api_auth_middleware.cr:8:12 in 'call'
|   from /home/uchiha/playground/crystal/src/http/server/handler.cr:30:7 in 'call_next'
|   from src/middlewares/admin_api_auth_middleware.cr:7:12 in 'call'
|   from /home/uchiha/playground/crystal/src/http/server/handler.cr:30:7 in 'call_next'
|   from /home/uchiha/playground/crystal/src/http/server/handlers/static_file_handler.cr:60:12 in 'call'
|   from /home/uchiha/playground/crystal/src/http/server/handler.cr:30:7 in 'call'
|   from /home/uchiha/playground/crystal/src/http/server/handler.cr:30:7 in 'call'
|   from /home/uchiha/playground/crystal/src/http/server/handler.cr:30:7 in 'call'
|   from /home/uchiha/playground/crystal/src/http/server/handler.cr:30:7 in 'call'
|   from /home/uchiha/playground/crystal/src/http/server/request_processor.cr:58:11 in 'process'
|   from /home/uchiha/playground/crystal/src/http/server.cr:506:5 in '->'
|   from /home/uchiha/playground/crystal/src/fiber.cr:168:11 in 'run'
|   from /home/uchiha/playground/crystal/src/fiber.cr:103:3 in '->'
|   from ???
ERR 2026-08-03T21:12:42.888Z > Unhandled exception on HTTP::Handler
| Closed stream (IO::Error)
|   from /home/uchiha/playground/crystal/src/http/server/response.cr:215:15 in 'content_type='
|   from lib/kemal/src/kemal/helpers/templates.cr:25:3 in 'render_500'
|   from lib/kemal/src/kemal/exception_handler.cr:34:7 in 'call'
|   from /home/uchiha/playground/crystal/src/http/server/handler.cr:30:7 in 'call'
|   from /home/uchiha/playground/crystal/src/http/server/handler.cr:30:7 in 'call'
|   from /home/uchiha/playground/crystal/src/http/server/handler.cr:30:7 in 'call'
|   from /home/uchiha/playground/crystal/src/http/server/request_processor.cr:58:11 in 'process'
|   from /home/uchiha/playground/crystal/src/http/server.cr:506:5 in '->'
|   from /home/uchiha/playground/crystal/src/fiber.cr:168:11 in 'run'
|   from /home/uchiha/playground/crystal/src/fiber.cr:103:3 in '->'
|   from ???
ERR 2026-08-03T21:12:42.889Z > Error while writing data to the client
| Error while writing data to the client (HTTP::Server::ClientError)
|   from /home/uchiha/playground/crystal/src/http/server/response.cr:266:9 in 'unbuffered_write'
|   from /home/uchiha/playground/crystal/src/io/buffered.cr:163:14 in 'write'
|   from /home/uchiha/playground/crystal/src/http/server/response.cr:107:7 in 'write'
|   from /home/uchiha/playground/crystal/src/io.cr:488:7 in 'write_string'
|   from lib/kemal/src/kemal/route_handler.cr:174:7 in 'call'
|   from lib/kemal/src/kemal/websocket_handler.cr:13:14 in 'call'
|   from /home/uchiha/playground/crystal/src/http/server/handler.cr:30:7 in 'call_next'
|   from lib/kemal/src/kemal/filter_handler.cr:46:7 in 'call'
|   from /home/uchiha/playground/crystal/src/http/server/handler.cr:30:7 in 'call_next'
|   from src/middlewares/web_api_auth_middleware.cr:8:12 in 'call'
|   from /home/uchiha/playground/crystal/src/http/server/handler.cr:30:7 in 'call_next'
|   from src/middlewares/admin_api_auth_middleware.cr:7:12 in 'call'
|   from /home/uchiha/playground/crystal/src/http/server/handler.cr:30:7 in 'call_next'
|   from /home/uchiha/playground/crystal/src/http/server/handlers/static_file_handler.cr:60:12 in 'call'
|   from /home/uchiha/playground/crystal/src/http/server/handler.cr:30:7 in 'call'
|   from /home/uchiha/playground/crystal/src/http/server/handler.cr:30:7 in 'call'
|   from /home/uchiha/playground/crystal/src/http/server/handler.cr:30:7 in 'call'
|   from /home/uchiha/playground/crystal/src/http/server/handler.cr:30:7 in 'call'
|   from /home/uchiha/playground/crystal/src/http/server/request_processor.cr:58:11 in 'process'
|   from /home/uchiha/playground/crystal/src/http/server.cr:506:5 in '->'
|   from /home/uchiha/playground/crystal/src/fiber.cr:168:11 in 'run'
|   from /home/uchiha/playground/crystal/src/fiber.cr:103:3 in '->'
|   from ???
| Caused by: write (#<TCPSocket:0x78764a0054a8>): Broken pipe (IO::Error)
|   from /home/uchiha/playground/crystal/src/crystal/system/thread.cr:72:3 in 'unbuffered_write'
|   from /home/uchiha/playground/crystal/src/io/buffered.cr:163:14 in 'write'
|   from /home/uchiha/playground/crystal/src/http/server/response.cr:282:11 in 'unbuffered_write'
|   from /home/uchiha/playground/crystal/src/io/buffered.cr:163:14 in 'write'
|   from /home/uchiha/playground/crystal/src/http/server/response.cr:107:7 in 'write'
|   from /home/uchiha/playground/crystal/src/io.cr:488:7 in 'write_string'
|   from lib/kemal/src/kemal/route_handler.cr:174:7 in 'call'
|   from lib/kemal/src/kemal/websocket_handler.cr:13:14 in 'call'
|   from /home/uchiha/playground/crystal/src/http/server/handler.cr:30:7 in 'call_next'
|   from lib/kemal/src/kemal/filter_handler.cr:46:7 in 'call'
|   from /home/uchiha/playground/crystal/src/http/server/handler.cr:30:7 in 'call_next'
|   from src/middlewares/web_api_auth_middleware.cr:8:12 in 'call'
|   from /home/uchiha/playground/crystal/src/http/server/handler.cr:30:7 in 'call_next'
|   from src/middlewares/admin_api_auth_middleware.cr:7:12 in 'call'
|   from /home/uchiha/playground/crystal/src/http/server/handler.cr:30:7 in 'call_next'
|   from /home/uchiha/playground/crystal/src/http/server/handlers/static_file_handler.cr:60:12 in 'call'
|   from /home/uchiha/playground/crystal/src/http/server/handler.cr:30:7 in 'call'
|   from /home/uchiha/playground/crystal/src/http/server/handler.cr:30:7 in 'call'
|   from /home/uchiha/playground/crystal/src/http/server/handler.cr:30:7 in 'call'
|   from /home/uchiha/playground/crystal/src/http/server/handler.cr:30:7 in 'call'
|   from /home/uchiha/playground/crystal/src/http/server/request_processor.cr:58:11 in 'process'
|   from /home/uchiha/playground/crystal/src/http/server.cr:506:5 in '->'
|   from /home/uchiha/playground/crystal/src/fiber.cr:168:11 in 'run'
|   from /home/uchiha/playground/crystal/src/fiber.cr:103:3 in '->'
|   from ???
ERR 2026-08-03T21:12:42.889Z > Unhandled exception on HTTP::Handler
| Closed stream (IO::Error)
|   from /home/uchiha/playground/crystal/src/http/server/response.cr:215:15 in 'content_type='
|   from lib/kemal/src/kemal/helpers/templates.cr:25:3 in 'render_500'
|   from lib/kemal/src/kemal/exception_handler.cr:34:7 in 'call'
|   from /home/uchiha/playground/crystal/src/http/server/handler.cr:30:7 in 'call'
|   from /home/uchiha/playground/crystal/src/http/server/handler.cr:30:7 in 'call'
|   from /home/uchiha/playground/crystal/src/http/server/handler.cr:30:7 in 'call'
|   from /home/uchiha/playground/crystal/src/http/server/request_processor.cr:58:11 in 'process'
|   from /home/uchiha/playground/crystal/src/http/server.cr:506:5 in '->'
|   from /home/uchiha/playground/crystal/src/fiber.cr:168:11 in 'run'
|   from /home/uchiha/playground/crystal/src/fiber.cr:103:3 in '->'
|   from ???
ERR 2026-08-03T21:12:42.969Z > Error while writing data to the client
| Error while writing data to the client (HTTP::Server::ClientError)
|   from /home/uchiha/playground/crystal/src/http/server/response.cr:266:9 in 'unbuffered_write'
|   from /home/uchiha/playground/crystal/src/io/buffered.cr:163:14 in 'write'
|   from /home/uchiha/playground/crystal/src/http/server/response.cr:107:7 in 'write'
|   from /home/uchiha/playground/crystal/src/io.cr:488:7 in 'write_string'
|   from lib/kemal/src/kemal/route_handler.cr:174:7 in 'call'
|   from lib/kemal/src/kemal/websocket_handler.cr:13:14 in 'call'
|   from /home/uchiha/playground/crystal/src/http/server/handler.cr:30:7 in 'call_next'
|   from lib/kemal/src/kemal/filter_handler.cr:46:7 in 'call'
|   from /home/uchiha/playground/crystal/src/http/server/handler.cr:30:7 in 'call_next'
|   from src/middlewares/web_api_auth_middleware.cr:8:12 in 'call'
|   from /home/uchiha/playground/crystal/src/http/server/handler.cr:30:7 in 'call_next'
|   from src/middlewares/admin_api_auth_middleware.cr:7:12 in 'call'
|   from /home/uchiha/playground/crystal/src/http/server/handler.cr:30:7 in 'call_next'
|   from /home/uchiha/playground/crystal/src/http/server/handlers/static_file_handler.cr:60:12 in 'call'
|   from /home/uchiha/playground/crystal/src/http/server/handler.cr:30:7 in 'call'
|   from /home/uchiha/playground/crystal/src/http/server/handler.cr:30:7 in 'call'
|   from /home/uchiha/playground/crystal/src/http/server/handler.cr:30:7 in 'call'
|   from /home/uchiha/playground/crystal/src/http/server/handler.cr:30:7 in 'call'
|   from /home/uchiha/playground/crystal/src/http/server/request_processor.cr:58:11 in 'process'
|   from /home/uchiha/playground/crystal/src/http/server.cr:506:5 in '->'
|   from /home/uchiha/playground/crystal/src/fiber.cr:168:11 in 'run'
|   from /home/uchiha/playground/crystal/src/fiber.cr:103:3 in '->'
|   from ???
| Caused by: write (#<TCPSocket:0x78764a007ff8>): Broken pipe (IO::Error)
|   from /home/uchiha/playground/crystal/src/crystal/system/thread.cr:72:3 in 'unbuffered_write'
|   from /home/uchiha/playground/crystal/src/io/buffered.cr:163:14 in 'write'
|   from /home/uchiha/playground/crystal/src/http/server/response.cr:282:11 in 'unbuffered_write'
|   from /home/uchiha/playground/crystal/src/io/buffered.cr:163:14 in 'write'
|   from /home/uchiha/playground/crystal/src/http/server/response.cr:107:7 in 'write'
|   from /home/uchiha/playground/crystal/src/io.cr:488:7 in 'write_string'
|   from lib/kemal/src/kemal/route_handler.cr:174:7 in 'call'
|   from lib/kemal/src/kemal/websocket_handler.cr:13:14 in 'call'
|   from /home/uchiha/playground/crystal/src/http/server/handler.cr:30:7 in 'call_next'
|   from lib/kemal/src/kemal/filter_handler.cr:46:7 in 'call'
|   from /home/uchiha/playground/crystal/src/http/server/handler.cr:30:7 in 'call_next'
|   from src/middlewares/web_api_auth_middleware.cr:8:12 in 'call'
|   from /home/uchiha/playground/crystal/src/http/server/handler.cr:30:7 in 'call_next'
|   from src/middlewares/admin_api_auth_middleware.cr:7:12 in 'call'
|   from /home/uchiha/playground/crystal/src/http/server/handler.cr:30:7 in 'call_next'
|   from /home/uchiha/playground/crystal/src/http/server/handlers/static_file_handler.cr:60:12 in 'call'
|   from /home/uchiha/playground/crystal/src/http/server/handler.cr:30:7 in 'call'
|   from /home/uchiha/playground/crystal/src/http/server/handler.cr:30:7 in 'call'
|   from /home/uchiha/playground/crystal/src/http/server/handler.cr:30:7 in 'call'
|   from /home/uchiha/playground/crystal/src/http/server/handler.cr:30:7 in 'call'
|   from /home/uchiha/playground/crystal/src/http/server/request_processor.cr:58:11 in 'process'
|   from /home/uchiha/playground/crystal/src/http/server.cr:506:5 in '->'
|   from /home/uchiha/playground/crystal/src/fiber.cr:168:11 in 'run'
|   from /home/uchiha/playground/crystal/src/fiber.cr:103:3 in '->'
|   from ???
ERR 2026-08-03T21:12:42.969Z > Unhandled exception on HTTP::Handler
| Closed stream (IO::Error)
|   from /home/uchiha/playground/crystal/src/http/server/response.cr:215:15 in 'content_type='
|   from lib/kemal/src/kemal/helpers/templates.cr:25:3 in 'render_500'
|   from lib/kemal/src/kemal/exception_handler.cr:34:7 in 'call'
|   from /home/uchiha/playground/crystal/src/http/server/handler.cr:30:7 in 'call'
|   from /home/uchiha/playground/crystal/src/http/server/handler.cr:30:7 in 'call'
|   from /home/uchiha/playground/crystal/src/http/server/handler.cr:30:7 in 'call'
|   from /home/uchiha/playground/crystal/src/http/server/request_processor.cr:58:11 in 'process'
|   from /home/uchiha/playground/crystal/src/http/server.cr:506:5 in '->'
|   from /home/uchiha/playground/crystal/src/fiber.cr:168:11 in 'run'
|   from /home/uchiha/playground/crystal/src/fiber.cr:103:3 in '->'
|   from ???
ERR 2026-08-03T21:12:42.970Z > Error while writing data to the client
| Error while writing data to the client (HTTP::Server::ClientError)
|   from /home/uchiha/playground/crystal/src/http/server/response.cr:266:9 in 'unbuffered_write'
|   from /home/uchiha/playground/crystal/src/io/buffered.cr:163:14 in 'write'
|   from /home/uchiha/playground/crystal/src/http/server/response.cr:107:7 in 'write'
|   from /home/uchiha/playground/crystal/src/io.cr:488:7 in 'write_string'
|   from lib/kemal/src/kemal/route_handler.cr:174:7 in 'call'
|   from lib/kemal/src/kemal/websocket_handler.cr:13:14 in 'call'
|   from /home/uchiha/playground/crystal/src/http/server/handler.cr:30:7 in 'call_next'
|   from lib/kemal/src/kemal/filter_handler.cr:46:7 in 'call'
|   from /home/uchiha/playground/crystal/src/http/server/handler.cr:30:7 in 'call_next'
|   from src/middlewares/web_api_auth_middleware.cr:8:12 in 'call'
|   from /home/uchiha/playground/crystal/src/http/server/handler.cr:30:7 in 'call_next'
|   from src/middlewares/admin_api_auth_middleware.cr:7:12 in 'call'
|   from /home/uchiha/playground/crystal/src/http/server/handler.cr:30:7 in 'call_next'
|   from /home/uchiha/playground/crystal/src/http/server/handlers/static_file_handler.cr:60:12 in 'call'
|   from /home/uchiha/playground/crystal/src/http/server/handler.cr:30:7 in 'call'
|   from /home/uchiha/playground/crystal/src/http/server/handler.cr:30:7 in 'call'
|   from /home/uchiha/playground/crystal/src/http/server/handler.cr:30:7 in 'call'
|   from /home/uchiha/playground/crystal/src/http/server/handler.cr:30:7 in 'call'
|   from /home/uchiha/playground/crystal/src/http/server/request_processor.cr:58:11 in 'process'
|   from /home/uchiha/playground/crystal/src/http/server.cr:506:5 in '->'
|   from /home/uchiha/playground/crystal/src/fiber.cr:168:11 in 'run'
|   from /home/uchiha/playground/crystal/src/fiber.cr:103:3 in '->'
|   from ???
| Caused by: write (#<TCPSocket:0x78764a008148>): Broken pipe (IO::Error)
|   from /home/uchiha/playground/crystal/src/crystal/system/thread.cr:72:3 in 'unbuffered_write'
|   from /home/uchiha/playground/crystal/src/io/buffered.cr:163:14 in 'write'
|   from /home/uchiha/playground/crystal/src/http/server/response.cr:282:11 in 'unbuffered_write'
|   from /home/uchiha/playground/crystal/src/io/buffered.cr:163:14 in 'write'
|   from /home/uchiha/playground/crystal/src/http/server/response.cr:107:7 in 'write'
|   from /home/uchiha/playground/crystal/src/io.cr:488:7 in 'write_string'
|   from lib/kemal/src/kemal/route_handler.cr:174:7 in 'call'
|   from lib/kemal/src/kemal/websocket_handler.cr:13:14 in 'call'
|   from /home/uchiha/playground/crystal/src/http/server/handler.cr:30:7 in 'call_next'
|   from lib/kemal/src/kemal/filter_handler.cr:46:7 in 'call'
|   from /home/uchiha/playground/crystal/src/http/server/handler.cr:30:7 in 'call_next'
|   from src/middlewares/web_api_auth_middleware.cr:8:12 in 'call'
|   from /home/uchiha/playground/crystal/src/http/server/handler.cr:30:7 in 'call_next'
|   from src/middlewares/admin_api_auth_middleware.cr:7:12 in 'call'
|   from /home/uchiha/playground/crystal/src/http/server/handler.cr:30:7 in 'call_next'
|   from /home/uchiha/playground/crystal/src/http/server/handlers/static_file_handler.cr:60:12 in 'call'
|   from /home/uchiha/playground/crystal/src/http/server/handler.cr:30:7 in 'call'
|   from /home/uchiha/playground/crystal/src/http/server/handler.cr:30:7 in 'call'
|   from /home/uchiha/playground/crystal/src/http/server/handler.cr:30:7 in 'call'
|   from /home/uchiha/playground/crystal/src/http/server/handler.cr:30:7 in 'call'
|   from /home/uchiha/playground/crystal/src/http/server/request_processor.cr:58:11 in 'process'
|   from /home/uchiha/playground/crystal/src/http/server.cr:506:5 in '->'
|   from /home/uchiha/playground/crystal/src/fiber.cr:168:11 in 'run'
|   from /home/uchiha/playground/crystal/src/fiber.cr:103:3 in '->'
|   from ???
ERR 2026-08-03T21:12:42.970Z > Unhandled exception on HTTP::Handler
| Closed stream (IO::Error)
|   from /home/uchiha/playground/crystal/src/http/server/response.cr:215:15 in 'content_type='
|   from lib/kemal/src/kemal/helpers/templates.cr:25:3 in 'render_500'
|   from lib/kemal/src/kemal/exception_handler.cr:34:7 in 'call'
|   from /home/uchiha/playground/crystal/src/http/server/handler.cr:30:7 in 'call'
|   from /home/uchiha/playground/crystal/src/http/server/handler.cr:30:7 in 'call'
|   from /home/uchiha/playground/crystal/src/http/server/handler.cr:30:7 in 'call'
|   from /home/uchiha/playground/crystal/src/http/server/request_processor.cr:58:11 in 'process'
|   from /home/uchiha/playground/crystal/src/http/server.cr:506:5 in '->'
|   from /home/uchiha/playground/crystal/src/fiber.cr:168:11 in 'run'
|   from /home/uchiha/playground/crystal/src/fiber.cr:103:3 in '->'
|   from ???
ERR 2026-08-03T21:12:42.970Z > Error while writing data to the client
| Error while writing data to the client (HTTP::Server::ClientError)
|   from /home/uchiha/playground/crystal/src/http/server/response.cr:266:9 in 'unbuffered_write'
|   from /home/uchiha/playground/crystal/src/io/buffered.cr:163:14 in 'write'
|   from /home/uchiha/playground/crystal/src/http/server/response.cr:107:7 in 'write'
|   from /home/uchiha/playground/crystal/src/io.cr:488:7 in 'write_string'
|   from lib/kemal/src/kemal/route_handler.cr:174:7 in 'call'
|   from lib/kemal/src/kemal/websocket_handler.cr:13:14 in 'call'
|   from /home/uchiha/playground/crystal/src/http/server/handler.cr:30:7 in 'call_next'
|   from lib/kemal/src/kemal/filter_handler.cr:46:7 in 'call'
|   from /home/uchiha/playground/crystal/src/http/server/handler.cr:30:7 in 'call_next'
|   from src/middlewares/web_api_auth_middleware.cr:8:12 in 'call'
|   from /home/uchiha/playground/crystal/src/http/server/handler.cr:30:7 in 'call_next'
|   from src/middlewares/admin_api_auth_middleware.cr:7:12 in 'call'
|   from /home/uchiha/playground/crystal/src/http/server/handler.cr:30:7 in 'call_next'
|   from /home/uchiha/playground/crystal/src/http/server/handlers/static_file_handler.cr:60:12 in 'call'
|   from /home/uchiha/playground/crystal/src/http/server/handler.cr:30:7 in 'call'
|   from /home/uchiha/playground/crystal/src/http/server/handler.cr:30:7 in 'call'
|   from /home/uchiha/playground/crystal/src/http/server/handler.cr:30:7 in 'call'
|   from /home/uchiha/playground/crystal/src/http/server/handler.cr:30:7 in 'call'
|   from /home/uchiha/playground/crystal/src/http/server/request_processor.cr:58:11 in 'process'
|   from /home/uchiha/playground/crystal/src/http/server.cr:506:5 in '->'
|   from /home/uchiha/playground/crystal/src/fiber.cr:168:11 in 'run'
|   from /home/uchiha/playground/crystal/src/fiber.cr:103:3 in '->'
|   from ???
| Caused by: write (#<TCPSocket:0x78764a0022c8>): Broken pipe (IO::Error)
|   from /home/uchiha/playground/crystal/src/crystal/system/thread.cr:72:3 in 'unbuffered_write'
|   from /home/uchiha/playground/crystal/src/io/buffered.cr:163:14 in 'write'
|   from /home/uchiha/playground/crystal/src/http/server/response.cr:282:11 in 'unbuffered_write'
|   from /home/uchiha/playground/crystal/src/io/buffered.cr:163:14 in 'write'
|   from /home/uchiha/playground/crystal/src/http/server/response.cr:107:7 in 'write'
|   from /home/uchiha/playground/crystal/src/io.cr:488:7 in 'write_string'
|   from lib/kemal/src/kemal/route_handler.cr:174:7 in 'call'
|   from lib/kemal/src/kemal/websocket_handler.cr:13:14 in 'call'
|   from /home/uchiha/playground/crystal/src/http/server/handler.cr:30:7 in 'call_next'
|   from lib/kemal/src/kemal/filter_handler.cr:46:7 in 'call'
|   from /home/uchiha/playground/crystal/src/http/server/handler.cr:30:7 in 'call_next'
|   from src/middlewares/web_api_auth_middleware.cr:8:12 in 'call'
|   from /home/uchiha/playground/crystal/src/http/server/handler.cr:30:7 in 'call_next'
|   from src/middlewares/admin_api_auth_middleware.cr:7:12 in 'call'
|   from /home/uchiha/playground/crystal/src/http/server/handler.cr:30:7 in 'call_next'
|   from /home/uchiha/playground/crystal/src/http/server/handlers/static_file_handler.cr:60:12 in 'call'
|   from /home/uchiha/playground/crystal/src/http/server/handler.cr:30:7 in 'call'
|   from /home/uchiha/playground/crystal/src/http/server/handler.cr:30:7 in 'call'
|   from /home/uchiha/playground/crystal/src/http/server/handler.cr:30:7 in 'call'
|   from /home/uchiha/playground/crystal/src/http/server/handler.cr:30:7 in 'call'
|   from /home/uchiha/playground/crystal/src/http/server/request_processor.cr:58:11 in 'process'
|   from /home/uchiha/playground/crystal/src/http/server.cr:506:5 in '->'
|   from /home/uchiha/playground/crystal/src/fiber.cr:168:11 in 'run'
|   from /home/uchiha/playground/crystal/src/fiber.cr:103:3 in '->'
|   from ???
ERR 2026-08-03T21:12:42.970Z > Unhandled exception on HTTP::Handler
| Closed stream (IO::Error)
|   from /home/uchiha/playground/crystal/src/http/server/response.cr:215:15 in 'content_type='
|   from lib/kemal/src/kemal/helpers/templates.cr:25:3 in 'render_500'
|   from lib/kemal/src/kemal/exception_handler.cr:34:7 in 'call'
|   from /home/uchiha/playground/crystal/src/http/server/handler.cr:30:7 in 'call'
|   from /home/uchiha/playground/crystal/src/http/server/handler.cr:30:7 in 'call'
|   from /home/uchiha/playground/crystal/src/http/server/handler.cr:30:7 in 'call'
|   from /home/uchiha/playground/crystal/src/http/server/request_processor.cr:58:11 in 'process'
|   from /home/uchiha/playground/crystal/src/http/server.cr:506:5 in '->'
|   from /home/uchiha/playground/crystal/src/fiber.cr:168:11 in 'run'
|   from /home/uchiha/playground/crystal/src/fiber.cr:103:3 in '->'
|   from ???
ERR 2026-08-03T21:12:43.006Z > Error while writing data to the client
| Error while writing data to the client (HTTP::Server::ClientError)
|   from /home/uchiha/playground/crystal/src/http/server/response.cr:266:9 in 'unbuffered_write'
|   from /home/uchiha/playground/crystal/src/io/buffered.cr:163:14 in 'write'
|   from /home/uchiha/playground/crystal/src/http/server/response.cr:107:7 in 'write'
|   from /home/uchiha/playground/crystal/src/io.cr:488:7 in 'write_string'
|   from lib/kemal/src/kemal/route_handler.cr:174:7 in 'call'
|   from lib/kemal/src/kemal/websocket_handler.cr:13:14 in 'call'
|   from /home/uchiha/playground/crystal/src/http/server/handler.cr:30:7 in 'call_next'
|   from lib/kemal/src/kemal/filter_handler.cr:46:7 in 'call'
|   from /home/uchiha/playground/crystal/src/http/server/handler.cr:30:7 in 'call_next'
|   from src/middlewares/web_api_auth_middleware.cr:8:12 in 'call'
|   from /home/uchiha/playground/crystal/src/http/server/handler.cr:30:7 in 'call_next'
|   from src/middlewares/admin_api_auth_middleware.cr:7:12 in 'call'
|   from /home/uchiha/playground/crystal/src/http/server/handler.cr:30:7 in 'call_next'
|   from /home/uchiha/playground/crystal/src/http/server/handlers/static_file_handler.cr:60:12 in 'call'
|   from /home/uchiha/playground/crystal/src/http/server/handler.cr:30:7 in 'call'
|   from /home/uchiha/playground/crystal/src/http/server/handler.cr:30:7 in 'call'
|   from /home/uchiha/playground/crystal/src/http/server/handler.cr:30:7 in 'call'
|   from /home/uchiha/playground/crystal/src/http/server/handler.cr:30:7 in 'call'
|   from /home/uchiha/playground/crystal/src/http/server/request_processor.cr:58:11 in 'process'
|   from /home/uchiha/playground/crystal/src/http/server.cr:506:5 in '->'
|   from /home/uchiha/playground/crystal/src/fiber.cr:168:11 in 'run'
|   from /home/uchiha/playground/crystal/src/fiber.cr:103:3 in '->'
|   from ???
| Caused by: write (#<TCPSocket:0x78764a007578>): Broken pipe (IO::Error)
|   from /home/uchiha/playground/crystal/src/crystal/system/thread.cr:72:3 in 'unbuffered_write'
|   from /home/uchiha/playground/crystal/src/io/buffered.cr:163:14 in 'write'
|   from /home/uchiha/playground/crystal/src/http/server/response.cr:282:11 in 'unbuffered_write'
|   from /home/uchiha/playground/crystal/src/io/buffered.cr:163:14 in 'write'
|   from /home/uchiha/playground/crystal/src/http/server/response.cr:107:7 in 'write'
|   from /home/uchiha/playground/crystal/src/io.cr:488:7 in 'write_string'
|   from lib/kemal/src/kemal/route_handler.cr:174:7 in 'call'
|   from lib/kemal/src/kemal/websocket_handler.cr:13:14 in 'call'
|   from /home/uchiha/playground/crystal/src/http/server/handler.cr:30:7 in 'call_next'
|   from lib/kemal/src/kemal/filter_handler.cr:46:7 in 'call'
|   from /home/uchiha/playground/crystal/src/http/server/handler.cr:30:7 in 'call_next'
|   from src/middlewares/web_api_auth_middleware.cr:8:12 in 'call'
|   from /home/uchiha/playground/crystal/src/http/server/handler.cr:30:7 in 'call_next'
|   from src/middlewares/admin_api_auth_middleware.cr:7:12 in 'call'
|   from /home/uchiha/playground/crystal/src/http/server/handler.cr:30:7 in 'call_next'
|   from /home/uchiha/playground/crystal/src/http/server/handlers/static_file_handler.cr:60:12 in 'call'
|   from /home/uchiha/playground/crystal/src/http/server/handler.cr:30:7 in 'call'
|   from /home/uchiha/playground/crystal/src/http/server/handler.cr:30:7 in 'call'
|   from /home/uchiha/playground/crystal/src/http/server/handler.cr:30:7 in 'call'
|   from /home/uchiha/playground/crystal/src/http/server/handler.cr:30:7 in 'call'
|   from /home/uchiha/playground/crystal/src/http/server/request_processor.cr:58:11 in 'process'
|   from /home/uchiha/playground/crystal/src/http/server.cr:506:5 in '->'
|   from /home/uchiha/playground/crystal/src/fiber.cr:168:11 in 'run'
|   from /home/uchiha/playground/crystal/src/fiber.cr:103:3 in '->'
|   from ???
ERR 2026-08-03T21:12:43.006Z > Unhandled exception on HTTP::Handler
| Closed stream (IO::Error)
|   from /home/uchiha/playground/crystal/src/http/server/response.cr:215:15 in 'content_type='
|   from lib/kemal/src/kemal/helpers/templates.cr:25:3 in 'render_500'
|   from lib/kemal/src/kemal/exception_handler.cr:34:7 in 'call'
|   from /home/uchiha/playground/crystal/src/http/server/handler.cr:30:7 in 'call'
|   from /home/uchiha/playground/crystal/src/http/server/handler.cr:30:7 in 'call'
|   from /home/uchiha/playground/crystal/src/http/server/handler.cr:30:7 in 'call'
|   from /home/uchiha/playground/crystal/src/http/server/request_processor.cr:58:11 in 'process'
|   from /home/uchiha/playground/crystal/src/http/server.cr:506:5 in '->'
|   from /home/uchiha/playground/crystal/src/fiber.cr:168:11 in 'run'
|   from /home/uchiha/playground/crystal/src/fiber.cr:103:3 in '->'
|   from ???
ERR 2026-08-03T21:12:43.016Z > Error while writing data to the client
| Error while writing data to the client (HTTP::Server::ClientError)
|   from /home/uchiha/playground/crystal/src/http/server/response.cr:266:9 in 'unbuffered_write'
|   from /home/uchiha/playground/crystal/src/io/buffered.cr:163:14 in 'write'
|   from /home/uchiha/playground/crystal/src/http/server/response.cr:107:7 in 'write'
|   from /home/uchiha/playground/crystal/src/io.cr:488:7 in 'write_string'
|   from lib/kemal/src/kemal/route_handler.cr:174:7 in 'call'
|   from lib/kemal/src/kemal/websocket_handler.cr:13:14 in 'call'
|   from /home/uchiha/playground/crystal/src/http/server/handler.cr:30:7 in 'call_next'
|   from lib/kemal/src/kemal/filter_handler.cr:46:7 in 'call'
|   from /home/uchiha/playground/crystal/src/http/server/handler.cr:30:7 in 'call_next'
|   from src/middlewares/web_api_auth_middleware.cr:8:12 in 'call'
|   from /home/uchiha/playground/crystal/src/http/server/handler.cr:30:7 in 'call_next'
|   from src/middlewares/admin_api_auth_middleware.cr:7:12 in 'call'
|   from /home/uchiha/playground/crystal/src/http/server/handler.cr:30:7 in 'call_next'
|   from /home/uchiha/playground/crystal/src/http/server/handlers/static_file_handler.cr:60:12 in 'call'
|   from /home/uchiha/playground/crystal/src/http/server/handler.cr:30:7 in 'call'
|   from /home/uchiha/playground/crystal/src/http/server/handler.cr:30:7 in 'call'
|   from /home/uchiha/playground/crystal/src/http/server/handler.cr:30:7 in 'call'
|   from /home/uchiha/playground/crystal/src/http/server/handler.cr:30:7 in 'call'
|   from /home/uchiha/playground/crystal/src/http/server/request_processor.cr:58:11 in 'process'
|   from /home/uchiha/playground/crystal/src/http/server.cr:506:5 in '->'
|   from /home/uchiha/playground/crystal/src/fiber.cr:168:11 in 'run'
|   from /home/uchiha/playground/crystal/src/fiber.cr:103:3 in '->'
|   from ???
| Caused by: write (#<TCPSocket:0x78764a002bf8>): Broken pipe (IO::Error)
|   from /home/uchiha/playground/crystal/src/crystal/system/thread.cr:72:3 in 'unbuffered_write'
|   from /home/uchiha/playground/crystal/src/io/buffered.cr:163:14 in 'write'
|   from /home/uchiha/playground/crystal/src/http/server/response.cr:282:11 in 'unbuffered_write'
|   from /home/uchiha/playground/crystal/src/io/buffered.cr:163:14 in 'write'
|   from /home/uchiha/playground/crystal/src/http/server/response.cr:107:7 in 'write'
|   from /home/uchiha/playground/crystal/src/io.cr:488:7 in 'write_string'
|   from lib/kemal/src/kemal/route_handler.cr:174:7 in 'call'
|   from lib/kemal/src/kemal/websocket_handler.cr:13:14 in 'call'
|   from /home/uchiha/playground/crystal/src/http/server/handler.cr:30:7 in 'call_next'
|   from lib/kemal/src/kemal/filter_handler.cr:46:7 in 'call'
|   from /home/uchiha/playground/crystal/src/http/server/handler.cr:30:7 in 'call_next'
|   from src/middlewares/web_api_auth_middleware.cr:8:12 in 'call'
|   from /home/uchiha/playground/crystal/src/http/server/handler.cr:30:7 in 'call_next'
|   from src/middlewares/admin_api_auth_middleware.cr:7:12 in 'call'
|   from /home/uchiha/playground/crystal/src/http/server/handler.cr:30:7 in 'call_next'
|   from /home/uchiha/playground/crystal/src/http/server/handlers/static_file_handler.cr:60:12 in 'call'
|   from /home/uchiha/playground/crystal/src/http/server/handler.cr:30:7 in 'call'
|   from /home/uchiha/playground/crystal/src/http/server/handler.cr:30:7 in 'call'
|   from /home/uchiha/playground/crystal/src/http/server/handler.cr:30:7 in 'call'
|   from /home/uchiha/playground/crystal/src/http/server/handler.cr:30:7 in 'call'
|   from /home/uchiha/playground/crystal/src/http/server/request_processor.cr:58:11 in 'process'
|   from /home/uchiha/playground/crystal/src/http/server.cr:506:5 in '->'
|   from /home/uchiha/playground/crystal/src/fiber.cr:168:11 in 'run'
|   from /home/uchiha/playground/crystal/src/fiber.cr:103:3 in '->'
|   from ???
ERR 2026-08-03T21:12:43.016Z > Unhandled exception on HTTP::Handler
| Closed stream (IO::Error)
|   from /home/uchiha/playground/crystal/src/http/server/response.cr:215:15 in 'content_type='
|   from lib/kemal/src/kemal/helpers/templates.cr:25:3 in 'render_500'
|   from lib/kemal/src/kemal/exception_handler.cr:34:7 in 'call'
|   from /home/uchiha/playground/crystal/src/http/server/handler.cr:30:7 in 'call'
|   from /home/uchiha/playground/crystal/src/http/server/handler.cr:30:7 in 'call'
|   from /home/uchiha/playground/crystal/src/http/server/handler.cr:30:7 in 'call'
|   from /home/uchiha/playground/crystal/src/http/server/request_processor.cr:58:11 in 'process'
|   from /home/uchiha/playground/crystal/src/http/server.cr:506:5 in '->'
|   from /home/uchiha/playground/crystal/src/fiber.cr:168:11 in 'run'
|   from /home/uchiha/playground/crystal/src/fiber.cr:103:3 in '->'
|   from ???
ERR 2026-08-03T21:12:43.017Z > Error while writing data to the client
| Error while writing data to the client (HTTP::Server::ClientError)
|   from /home/uchiha/playground/crystal/src/http/server/response.cr:266:9 in 'unbuffered_write'
|   from /home/uchiha/playground/crystal/src/io/buffered.cr:163:14 in 'write'
|   from /home/uchiha/playground/crystal/src/http/server/response.cr:107:7 in 'write'
|   from /home/uchiha/playground/crystal/src/io.cr:488:7 in 'write_string'
|   from lib/kemal/src/kemal/route_handler.cr:174:7 in 'call'
|   from lib/kemal/src/kemal/websocket_handler.cr:13:14 in 'call'
|   from /home/uchiha/playground/crystal/src/http/server/handler.cr:30:7 in 'call_next'
|   from lib/kemal/src/kemal/filter_handler.cr:46:7 in 'call'
|   from /home/uchiha/playground/crystal/src/http/server/handler.cr:30:7 in 'call_next'
|   from src/middlewares/web_api_auth_middleware.cr:8:12 in 'call'
|   from /home/uchiha/playground/crystal/src/http/server/handler.cr:30:7 in 'call_next'
|   from src/middlewares/admin_api_auth_middleware.cr:7:12 in 'call'
|   from /home/uchiha/playground/crystal/src/http/server/handler.cr:30:7 in 'call_next'
|   from /home/uchiha/playground/crystal/src/http/server/handlers/static_file_handler.cr:60:12 in 'call'
|   from /home/uchiha/playground/crystal/src/http/server/handler.cr:30:7 in 'call'
|   from /home/uchiha/playground/crystal/src/http/server/handler.cr:30:7 in 'call'
|   from /home/uchiha/playground/crystal/src/http/server/handler.cr:30:7 in 'call'
|   from /home/uchiha/playground/crystal/src/http/server/handler.cr:30:7 in 'call'
|   from /home/uchiha/playground/crystal/src/http/server/request_processor.cr:58:11 in 'process'
|   from /home/uchiha/playground/crystal/src/http/server.cr:506:5 in '->'
|   from /home/uchiha/playground/crystal/src/fiber.cr:168:11 in 'run'
|   from /home/uchiha/playground/crystal/src/fiber.cr:103:3 in '->'
|   from ???
| Caused by: write (#<TCPSocket:0x78764a007968>): Broken pipe (IO::Error)
|   from /home/uchiha/playground/crystal/src/crystal/system/thread.cr:72:3 in 'unbuffered_write'
|   from /home/uchiha/playground/crystal/src/io/buffered.cr:163:14 in 'write'
|   from /home/uchiha/playground/crystal/src/http/server/response.cr:282:11 in 'unbuffered_write'
|   from /home/uchiha/playground/crystal/src/io/buffered.cr:163:14 in 'write'
|   from /home/uchiha/playground/crystal/src/http/server/response.cr:107:7 in 'write'
|   from /home/uchiha/playground/crystal/src/io.cr:488:7 in 'write_string'
|   from lib/kemal/src/kemal/route_handler.cr:174:7 in 'call'
|   from lib/kemal/src/kemal/websocket_handler.cr:13:14 in 'call'
|   from /home/uchiha/playground/crystal/src/http/server/handler.cr:30:7 in 'call_next'
|   from lib/kemal/src/kemal/filter_handler.cr:46:7 in 'call'
|   from /home/uchiha/playground/crystal/src/http/server/handler.cr:30:7 in 'call_next'
|   from src/middlewares/web_api_auth_middleware.cr:8:12 in 'call'
|   from /home/uchiha/playground/crystal/src/http/server/handler.cr:30:7 in 'call_next'
|   from src/middlewares/admin_api_auth_middleware.cr:7:12 in 'call'
|   from /home/uchiha/playground/crystal/src/http/server/handler.cr:30:7 in 'call_next'
|   from /home/uchiha/playground/crystal/src/http/server/handlers/static_file_handler.cr:60:12 in 'call'
|   from /home/uchiha/playground/crystal/src/http/server/handler.cr:30:7 in 'call'
|   from /home/uchiha/playground/crystal/src/http/server/handler.cr:30:7 in 'call'
|   from /home/uchiha/playground/crystal/src/http/server/handler.cr:30:7 in 'call'
|   from /home/uchiha/playground/crystal/src/http/server/handler.cr:30:7 in 'call'
|   from /home/uchiha/playground/crystal/src/http/server/request_processor.cr:58:11 in 'process'
|   from /home/uchiha/playground/crystal/src/http/server.cr:506:5 in '->'
|   from /home/uchiha/playground/crystal/src/fiber.cr:168:11 in 'run'
|   from /home/uchiha/playground/crystal/src/fiber.cr:103:3 in '->'
|   from ???
ERR 2026-08-03T21:12:43.017Z > Unhandled exception on HTTP::Handler
| Closed stream (IO::Error)
|   from /home/uchiha/playground/crystal/src/http/server/response.cr:215:15 in 'content_type='
|   from lib/kemal/src/kemal/helpers/templates.cr:25:3 in 'render_500'
|   from lib/kemal/src/kemal/exception_handler.cr:34:7 in 'call'
|   from /home/uchiha/playground/crystal/src/http/server/handler.cr:30:7 in 'call'
|   from /home/uchiha/playground/crystal/src/http/server/handler.cr:30:7 in 'call'
|   from /home/uchiha/playground/crystal/src/http/server/handler.cr:30:7 in 'call'
|   from /home/uchiha/playground/crystal/src/http/server/request_processor.cr:58:11 in 'process'
|   from /home/uchiha/playground/crystal/src/http/server.cr:506:5 in '->'
|   from /home/uchiha/playground/crystal/src/fiber.cr:168:11 in 'run'
|   from /home/uchiha/playground/crystal/src/fiber.cr:103:3 in '->'
|   from ???
ERR 2026-08-03T21:12:43.017Z > Error while writing data to the client
| Error while writing data to the client (HTTP::Server::ClientError)
|   from /home/uchiha/playground/crystal/src/http/server/response.cr:266:9 in 'unbuffered_write'
|   from /home/uchiha/playground/crystal/src/io/buffered.cr:163:14 in 'write'
|   from /home/uchiha/playground/crystal/src/http/server/response.cr:107:7 in 'write'
|   from /home/uchiha/playground/crystal/src/io.cr:488:7 in 'write_string'
|   from lib/kemal/src/kemal/route_handler.cr:174:7 in 'call'
|   from lib/kemal/src/kemal/websocket_handler.cr:13:14 in 'call'
|   from /home/uchiha/playground/crystal/src/http/server/handler.cr:30:7 in 'call_next'
|   from lib/kemal/src/kemal/filter_handler.cr:46:7 in 'call'
|   from /home/uchiha/playground/crystal/src/http/server/handler.cr:30:7 in 'call_next'
|   from src/middlewares/web_api_auth_middleware.cr:8:12 in 'call'
|   from /home/uchiha/playground/crystal/src/http/server/handler.cr:30:7 in 'call_next'
|   from src/middlewares/admin_api_auth_middleware.cr:7:12 in 'call'
|   from /home/uchiha/playground/crystal/src/http/server/handler.cr:30:7 in 'call_next'
|   from /home/uchiha/playground/crystal/src/http/server/handlers/static_file_handler.cr:60:12 in 'call'
|   from /home/uchiha/playground/crystal/src/http/server/handler.cr:30:7 in 'call'
|   from /home/uchiha/playground/crystal/src/http/server/handler.cr:30:7 in 'call'
|   from /home/uchiha/playground/crystal/src/http/server/handler.cr:30:7 in 'call'
|   from /home/uchiha/playground/crystal/src/http/server/handler.cr:30:7 in 'call'
|   from /home/uchiha/playground/crystal/src/http/server/request_processor.cr:58:11 in 'process'
|   from /home/uchiha/playground/crystal/src/http/server.cr:506:5 in '->'
|   from /home/uchiha/playground/crystal/src/fiber.cr:168:11 in 'run'
|   from /home/uchiha/playground/crystal/src/fiber.cr:103:3 in '->'
|   from ???
| Caused by: write (#<TCPSocket:0x78764a0050b8>): Broken pipe (IO::Error)
|   from /home/uchiha/playground/crystal/src/crystal/system/thread.cr:72:3 in 'unbuffered_write'
|   from /home/uchiha/playground/crystal/src/io/buffered.cr:163:14 in 'write'
|   from /home/uchiha/playground/crystal/src/http/server/response.cr:282:11 in 'unbuffered_write'
|   from /home/uchiha/playground/crystal/src/io/buffered.cr:163:14 in 'write'
|   from /home/uchiha/playground/crystal/src/http/server/response.cr:107:7 in 'write'
|   from /home/uchiha/playground/crystal/src/io.cr:488:7 in 'write_string'
|   from lib/kemal/src/kemal/route_handler.cr:174:7 in 'call'
|   from lib/kemal/src/kemal/websocket_handler.cr:13:14 in 'call'
|   from /home/uchiha/playground/crystal/src/http/server/handler.cr:30:7 in 'call_next'
|   from lib/kemal/src/kemal/filter_handler.cr:46:7 in 'call'
|   from /home/uchiha/playground/crystal/src/http/server/handler.cr:30:7 in 'call_next'
|   from src/middlewares/web_api_auth_middleware.cr:8:12 in 'call'
|   from /home/uchiha/playground/crystal/src/http/server/handler.cr:30:7 in 'call_next'
|   from src/middlewares/admin_api_auth_middleware.cr:7:12 in 'call'
|   from /home/uchiha/playground/crystal/src/http/server/handler.cr:30:7 in 'call_next'
|   from /home/uchiha/playground/crystal/src/http/server/handlers/static_file_handler.cr:60:12 in 'call'
|   from /home/uchiha/playground/crystal/src/http/server/handler.cr:30:7 in 'call'
|   from /home/uchiha/playground/crystal/src/http/server/handler.cr:30:7 in 'call'
|   from /home/uchiha/playground/crystal/src/http/server/handler.cr:30:7 in 'call'
|   from /home/uchiha/playground/crystal/src/http/server/handler.cr:30:7 in 'call'
|   from /home/uchiha/playground/crystal/src/http/server/request_processor.cr:58:11 in 'process'
|   from /home/uchiha/playground/crystal/src/http/server.cr:506:5 in '->'
|   from /home/uchiha/playground/crystal/src/fiber.cr:168:11 in 'run'
|   from /home/uchiha/playground/crystal/src/fiber.cr:103:3 in '->'
|   from ???
ERR 2026-08-03T21:12:43.017Z > Unhandled exception on HTTP::Handler
| Closed stream (IO::Error)
|   from /home/uchiha/playground/crystal/src/http/server/response.cr:215:15 in 'content_type='
|   from lib/kemal/src/kemal/helpers/templates.cr:25:3 in 'render_500'
|   from lib/kemal/src/kemal/exception_handler.cr:34:7 in 'call'
|   from /home/uchiha/playground/crystal/src/http/server/handler.cr:30:7 in 'call'
|   from /home/uchiha/playground/crystal/src/http/server/handler.cr:30:7 in 'call'
|   from /home/uchiha/playground/crystal/src/http/server/handler.cr:30:7 in 'call'
|   from /home/uchiha/playground/crystal/src/http/server/request_processor.cr:58:11 in 'process'
|   from /home/uchiha/playground/crystal/src/http/server.cr:506:5 in '->'
|   from /home/uchiha/playground/crystal/src/fiber.cr:168:11 in 'run'
|   from /home/uchiha/playground/crystal/src/fiber.cr:103:3 in '->'
|   from ???
ERR 2026-08-03T21:12:43.018Z > Error while writing data to the client
| Error while writing data to the client (HTTP::Server::ClientError)
|   from /home/uchiha/playground/crystal/src/http/server/response.cr:266:9 in 'unbuffered_write'
|   from /home/uchiha/playground/crystal/src/io/buffered.cr:163:14 in 'write'
|   from /home/uchiha/playground/crystal/src/http/server/response.cr:107:7 in 'write'
|   from /home/uchiha/playground/crystal/src/io.cr:488:7 in 'write_string'
|   from lib/kemal/src/kemal/route_handler.cr:174:7 in 'call'
|   from lib/kemal/src/kemal/websocket_handler.cr:13:14 in 'call'
|   from /home/uchiha/playground/crystal/src/http/server/handler.cr:30:7 in 'call_next'
|   from lib/kemal/src/kemal/filter_handler.cr:46:7 in 'call'
|   from /home/uchiha/playground/crystal/src/http/server/handler.cr:30:7 in 'call_next'
|   from src/middlewares/web_api_auth_middleware.cr:8:12 in 'call'
|   from /home/uchiha/playground/crystal/src/http/server/handler.cr:30:7 in 'call_next'
|   from src/middlewares/admin_api_auth_middleware.cr:7:12 in 'call'
|   from /home/uchiha/playground/crystal/src/http/server/handler.cr:30:7 in 'call_next'
|   from /home/uchiha/playground/crystal/src/http/server/handlers/static_file_handler.cr:60:12 in 'call'
|   from /home/uchiha/playground/crystal/src/http/server/handler.cr:30:7 in 'call'
|   from /home/uchiha/playground/crystal/src/http/server/handler.cr:30:7 in 'call'
|   from /home/uchiha/playground/crystal/src/http/server/handler.cr:30:7 in 'call'
|   from /home/uchiha/playground/crystal/src/http/server/handler.cr:30:7 in 'call'
|   from /home/uchiha/playground/crystal/src/http/server/request_processor.cr:58:11 in 'process'
|   from /home/uchiha/playground/crystal/src/http/server.cr:506:5 in '->'
|   from /home/uchiha/playground/crystal/src/fiber.cr:168:11 in 'run'
|   from /home/uchiha/playground/crystal/src/fiber.cr:103:3 in '->'
|   from ???
| Caused by: write (#<TCPSocket:0x78764a0037c8>): Broken pipe (IO::Error)
|   from /home/uchiha/playground/crystal/src/crystal/system/thread.cr:72:3 in 'unbuffered_write'
|   from /home/uchiha/playground/crystal/src/io/buffered.cr:163:14 in 'write'
|   from /home/uchiha/playground/crystal/src/http/server/response.cr:282:11 in 'unbuffered_write'
|   from /home/uchiha/playground/crystal/src/io/buffered.cr:163:14 in 'write'
|   from /home/uchiha/playground/crystal/src/http/server/response.cr:107:7 in 'write'
|   from /home/uchiha/playground/crystal/src/io.cr:488:7 in 'write_string'
|   from lib/kemal/src/kemal/route_handler.cr:174:7 in 'call'
|   from lib/kemal/src/kemal/websocket_handler.cr:13:14 in 'call'
|   from /home/uchiha/playground/crystal/src/http/server/handler.cr:30:7 in 'call_next'
|   from lib/kemal/src/kemal/filter_handler.cr:46:7 in 'call'
|   from /home/uchiha/playground/crystal/src/http/server/handler.cr:30:7 in 'call_next'
|   from src/middlewares/web_api_auth_middleware.cr:8:12 in 'call'
|   from /home/uchiha/playground/crystal/src/http/server/handler.cr:30:7 in 'call_next'
|   from src/middlewares/admin_api_auth_middleware.cr:7:12 in 'call'
|   from /home/uchiha/playground/crystal/src/http/server/handler.cr:30:7 in 'call_next'
|   from /home/uchiha/playground/crystal/src/http/server/handlers/static_file_handler.cr:60:12 in 'call'
|   from /home/uchiha/playground/crystal/src/http/server/handler.cr:30:7 in 'call'
|   from /home/uchiha/playground/crystal/src/http/server/handler.cr:30:7 in 'call'
|   from /home/uchiha/playground/crystal/src/http/server/handler.cr:30:7 in 'call'
|   from /home/uchiha/playground/crystal/src/http/server/handler.cr:30:7 in 'call'
|   from /home/uchiha/playground/crystal/src/http/server/request_processor.cr:58:11 in 'process'
|   from /home/uchiha/playground/crystal/src/http/server.cr:506:5 in '->'
|   from /home/uchiha/playground/crystal/src/fiber.cr:168:11 in 'run'
|   from /home/uchiha/playground/crystal/src/fiber.cr:103:3 in '->'
|   from ???
ERR 2026-08-03T21:12:43.018Z > Unhandled exception on HTTP::Handler
| Closed stream (IO::Error)
|   from /home/uchiha/playground/crystal/src/http/server/response.cr:215:15 in 'content_type='
|   from lib/kemal/src/kemal/helpers/templates.cr:25:3 in 'render_500'
|   from lib/kemal/src/kemal/exception_handler.cr:34:7 in 'call'
|   from /home/uchiha/playground/crystal/src/http/server/handler.cr:30:7 in 'call'
|   from /home/uchiha/playground/crystal/src/http/server/handler.cr:30:7 in 'call'
|   from /home/uchiha/playground/crystal/src/http/server/handler.cr:30:7 in 'call'
|   from /home/uchiha/playground/crystal/src/http/server/request_processor.cr:58:11 in 'process'
|   from /home/uchiha/playground/crystal/src/http/server.cr:506:5 in '->'
|   from /home/uchiha/playground/crystal/src/fiber.cr:168:11 in 'run'
|   from /home/uchiha/playground/crystal/src/fiber.cr:103:3 in '->'
|   from ???
ERR 2026-08-03T21:12:43.019Z > Error while writing data to the client
| Error while writing data to the client (HTTP::Server::ClientError)
|   from /home/uchiha/playground/crystal/src/http/server/response.cr:266:9 in 'unbuffered_write'
|   from /home/uchiha/playground/crystal/src/io/buffered.cr:163:14 in 'write'
|   from /home/uchiha/playground/crystal/src/http/server/response.cr:107:7 in 'write'
|   from /home/uchiha/playground/crystal/src/io.cr:488:7 in 'write_string'
|   from lib/kemal/src/kemal/route_handler.cr:174:7 in 'call'
|   from lib/kemal/src/kemal/websocket_handler.cr:13:14 in 'call'
|   from /home/uchiha/playground/crystal/src/http/server/handler.cr:30:7 in 'call_next'
|   from lib/kemal/src/kemal/filter_handler.cr:46:7 in 'call'
|   from /home/uchiha/playground/crystal/src/http/server/handler.cr:30:7 in 'call_next'
|   from src/middlewares/web_api_auth_middleware.cr:8:12 in 'call'
|   from /home/uchiha/playground/crystal/src/http/server/handler.cr:30:7 in 'call_next'
|   from src/middlewares/admin_api_auth_middleware.cr:7:12 in 'call'
|   from /home/uchiha/playground/crystal/src/http/server/handler.cr:30:7 in 'call_next'
|   from /home/uchiha/playground/crystal/src/http/server/handlers/static_file_handler.cr:60:12 in 'call'
|   from /home/uchiha/playground/crystal/src/http/server/handler.cr:30:7 in 'call'
|   from /home/uchiha/playground/crystal/src/http/server/handler.cr:30:7 in 'call'
|   from /home/uchiha/playground/crystal/src/http/server/handler.cr:30:7 in 'call'
|   from /home/uchiha/playground/crystal/src/http/server/handler.cr:30:7 in 'call'
|   from /home/uchiha/playground/crystal/src/http/server/request_processor.cr:58:11 in 'process'
|   from /home/uchiha/playground/crystal/src/http/server.cr:506:5 in '->'
|   from /home/uchiha/playground/crystal/src/fiber.cr:168:11 in 'run'
|   from /home/uchiha/playground/crystal/src/fiber.cr:103:3 in '->'
|   from ???
| Caused by: write (#<TCPSocket:0x78764a003918>): Broken pipe (IO::Error)
|   from /home/uchiha/playground/crystal/src/crystal/system/thread.cr:72:3 in 'unbuffered_write'
|   from /home/uchiha/playground/crystal/src/io/buffered.cr:163:14 in 'write'
|   from /home/uchiha/playground/crystal/src/http/server/response.cr:282:11 in 'unbuffered_write'
|   from /home/uchiha/playground/crystal/src/io/buffered.cr:163:14 in 'write'
|   from /home/uchiha/playground/crystal/src/http/server/response.cr:107:7 in 'write'
|   from /home/uchiha/playground/crystal/src/io.cr:488:7 in 'write_string'
|   from lib/kemal/src/kemal/route_handler.cr:174:7 in 'call'
|   from lib/kemal/src/kemal/websocket_handler.cr:13:14 in 'call'
|   from /home/uchiha/playground/crystal/src/http/server/handler.cr:30:7 in 'call_next'
|   from lib/kemal/src/kemal/filter_handler.cr:46:7 in 'call'
|   from /home/uchiha/playground/crystal/src/http/server/handler.cr:30:7 in 'call_next'
|   from src/middlewares/web_api_auth_middleware.cr:8:12 in 'call'
|   from /home/uchiha/playground/crystal/src/http/server/handler.cr:30:7 in 'call_next'
|   from src/middlewares/admin_api_auth_middleware.cr:7:12 in 'call'
|   from /home/uchiha/playground/crystal/src/http/server/handler.cr:30:7 in 'call_next'
|   from /home/uchiha/playground/crystal/src/http/server/handlers/static_file_handler.cr:60:12 in 'call'
|   from /home/uchiha/playground/crystal/src/http/server/handler.cr:30:7 in 'call'
|   from /home/uchiha/playground/crystal/src/http/server/handler.cr:30:7 in 'call'
|   from /home/uchiha/playground/crystal/src/http/server/handler.cr:30:7 in 'call'
|   from /home/uchiha/playground/crystal/src/http/server/handler.cr:30:7 in 'call'
|   from /home/uchiha/playground/crystal/src/http/server/request_processor.cr:58:11 in 'process'
|   from /home/uchiha/playground/crystal/src/http/server.cr:506:5 in '->'
|   from /home/uchiha/playground/crystal/src/fiber.cr:168:11 in 'run'
|   from /home/uchiha/playground/crystal/src/fiber.cr:103:3 in '->'
|   from ???
ERR 2026-08-03T21:12:43.019Z > Unhandled exception on HTTP::Handler
| Closed stream (IO::Error)
|   from /home/uchiha/playground/crystal/src/http/server/response.cr:215:15 in 'content_type='
|   from lib/kemal/src/kemal/helpers/templates.cr:25:3 in 'render_500'
|   from lib/kemal/src/kemal/exception_handler.cr:34:7 in 'call'
|   from /home/uchiha/playground/crystal/src/http/server/handler.cr:30:7 in 'call'
|   from /home/uchiha/playground/crystal/src/http/server/handler.cr:30:7 in 'call'
|   from /home/uchiha/playground/crystal/src/http/server/handler.cr:30:7 in 'call'
|   from /home/uchiha/playground/crystal/src/http/server/request_processor.cr:58:11 in 'process'
|   from /home/uchiha/playground/crystal/src/http/server.cr:506:5 in '->'
|   from /home/uchiha/playground/crystal/src/fiber.cr:168:11 in 'run'
|   from /home/uchiha/playground/crystal/src/fiber.cr:103:3 in '->'
|   from ???
ERR 2026-08-03T21:12:43.019Z > Error while writing data to the client
| Error while writing data to the client (HTTP::Server::ClientError)
|   from /home/uchiha/playground/crystal/src/http/server/response.cr:266:9 in 'unbuffered_write'
|   from /home/uchiha/playground/crystal/src/io/buffered.cr:163:14 in 'write'
|   from /home/uchiha/playground/crystal/src/http/server/response.cr:107:7 in 'write'
|   from /home/uchiha/playground/crystal/src/io.cr:488:7 in 'write_string'
|   from lib/kemal/src/kemal/route_handler.cr:174:7 in 'call'
|   from lib/kemal/src/kemal/websocket_handler.cr:13:14 in 'call'
|   from /home/uchiha/playground/crystal/src/http/server/handler.cr:30:7 in 'call_next'
|   from lib/kemal/src/kemal/filter_handler.cr:46:7 in 'call'
|   from /home/uchiha/playground/crystal/src/http/server/handler.cr:30:7 in 'call_next'
|   from src/middlewares/web_api_auth_middleware.cr:8:12 in 'call'
|   from /home/uchiha/playground/crystal/src/http/server/handler.cr:30:7 in 'call_next'
|   from src/middlewares/admin_api_auth_middleware.cr:7:12 in 'call'
|   from /home/uchiha/playground/crystal/src/http/server/handler.cr:30:7 in 'call_next'
|   from /home/uchiha/playground/crystal/src/http/server/handlers/static_file_handler.cr:60:12 in 'call'
|   from /home/uchiha/playground/crystal/src/http/server/handler.cr:30:7 in 'call'
|   from /home/uchiha/playground/crystal/src/http/server/handler.cr:30:7 in 'call'
|   from /home/uchiha/playground/crystal/src/http/server/handler.cr:30:7 in 'call'
|   from /home/uchiha/playground/crystal/src/http/server/handler.cr:30:7 in 'call'
|   from /home/uchiha/playground/crystal/src/http/server/request_processor.cr:58:11 in 'process'
|   from /home/uchiha/playground/crystal/src/http/server.cr:506:5 in '->'
|   from /home/uchiha/playground/crystal/src/fiber.cr:168:11 in 'run'
|   from /home/uchiha/playground/crystal/src/fiber.cr:103:3 in '->'
|   from ???
| Caused by: write (#<TCPSocket:0x78764a005208>): Broken pipe (IO::Error)
|   from /home/uchiha/playground/crystal/src/crystal/system/thread.cr:72:3 in 'unbuffered_write'
|   from /home/uchiha/playground/crystal/src/io/buffered.cr:163:14 in 'write'
|   from /home/uchiha/playground/crystal/src/http/server/response.cr:282:11 in 'unbuffered_write'
|   from /home/uchiha/playground/crystal/src/io/buffered.cr:163:14 in 'write'
|   from /home/uchiha/playground/crystal/src/http/server/response.cr:107:7 in 'write'
|   from /home/uchiha/playground/crystal/src/io.cr:488:7 in 'write_string'
|   from lib/kemal/src/kemal/route_handler.cr:174:7 in 'call'
|   from lib/kemal/src/kemal/websocket_handler.cr:13:14 in 'call'
|   from /home/uchiha/playground/crystal/src/http/server/handler.cr:30:7 in 'call_next'
|   from lib/kemal/src/kemal/filter_handler.cr:46:7 in 'call'
|   from /home/uchiha/playground/crystal/src/http/server/handler.cr:30:7 in 'call_next'
|   from src/middlewares/web_api_auth_middleware.cr:8:12 in 'call'
|   from /home/uchiha/playground/crystal/src/http/server/handler.cr:30:7 in 'call_next'
|   from src/middlewares/admin_api_auth_middleware.cr:7:12 in 'call'
|   from /home/uchiha/playground/crystal/src/http/server/handler.cr:30:7 in 'call_next'
|   from /home/uchiha/playground/crystal/src/http/server/handlers/static_file_handler.cr:60:12 in 'call'
|   from /home/uchiha/playground/crystal/src/http/server/handler.cr:30:7 in 'call'
|   from /home/uchiha/playground/crystal/src/http/server/handler.cr:30:7 in 'call'
|   from /home/uchiha/playground/crystal/src/http/server/handler.cr:30:7 in 'call'
|   from /home/uchiha/playground/crystal/src/http/server/handler.cr:30:7 in 'call'
|   from /home/uchiha/playground/crystal/src/http/server/request_processor.cr:58:11 in 'process'
|   from /home/uchiha/playground/crystal/src/http/server.cr:506:5 in '->'
|   from /home/uchiha/playground/crystal/src/fiber.cr:168:11 in 'run'
|   from /home/uchiha/playground/crystal/src/fiber.cr:103:3 in '->'
|   from ???
ERR 2026-08-03T21:12:43.019Z > Unhandled exception on HTTP::Handler
| Closed stream (IO::Error)
|   from /home/uchiha/playground/crystal/src/http/server/response.cr:215:15 in 'content_type='
|   from lib/kemal/src/kemal/helpers/templates.cr:25:3 in 'render_500'
|   from lib/kemal/src/kemal/exception_handler.cr:34:7 in 'call'
|   from /home/uchiha/playground/crystal/src/http/server/handler.cr:30:7 in 'call'
|   from /home/uchiha/playground/crystal/src/http/server/handler.cr:30:7 in 'call'
|   from /home/uchiha/playground/crystal/src/http/server/handler.cr:30:7 in 'call'
|   from /home/uchiha/playground/crystal/src/http/server/request_processor.cr:58:11 in 'process'
|   from /home/uchiha/playground/crystal/src/http/server.cr:506:5 in '->'
|   from /home/uchiha/playground/crystal/src/fiber.cr:168:11 in 'run'
|   from /home/uchiha/playground/crystal/src/fiber.cr:103:3 in '->'
|   from ???
ERR 2026-08-03T21:12:43.020Z > Error while writing data to the client
| Error while writing data to the client (HTTP::Server::ClientError)
|   from /home/uchiha/playground/crystal/src/http/server/response.cr:266:9 in 'unbuffered_write'
|   from /home/uchiha/playground/crystal/src/io/buffered.cr:163:14 in 'write'
|   from /home/uchiha/playground/crystal/src/http/server/response.cr:107:7 in 'write'
|   from /home/uchiha/playground/crystal/src/io.cr:488:7 in 'write_string'
|   from lib/kemal/src/kemal/route_handler.cr:174:7 in 'call'
|   from lib/kemal/src/kemal/websocket_handler.cr:13:14 in 'call'
|   from /home/uchiha/playground/crystal/src/http/server/handler.cr:30:7 in 'call_next'
|   from lib/kemal/src/kemal/filter_handler.cr:46:7 in 'call'
|   from /home/uchiha/playground/crystal/src/http/server/handler.cr:30:7 in 'call_next'
|   from src/middlewares/web_api_auth_middleware.cr:8:12 in 'call'
|   from /home/uchiha/playground/crystal/src/http/server/handler.cr:30:7 in 'call_next'
|   from src/middlewares/admin_api_auth_middleware.cr:7:12 in 'call'
|   from /home/uchiha/playground/crystal/src/http/server/handler.cr:30:7 in 'call_next'
|   from /home/uchiha/playground/crystal/src/http/server/handlers/static_file_handler.cr:60:12 in 'call'
|   from /home/uchiha/playground/crystal/src/http/server/handler.cr:30:7 in 'call'
|   from /home/uchiha/playground/crystal/src/http/server/handler.cr:30:7 in 'call'
|   from /home/uchiha/playground/crystal/src/http/server/handler.cr:30:7 in 'call'
|   from /home/uchiha/playground/crystal/src/http/server/handler.cr:30:7 in 'call'
|   from /home/uchiha/playground/crystal/src/http/server/request_processor.cr:58:11 in 'process'
|   from /home/uchiha/playground/crystal/src/http/server.cr:506:5 in '->'
|   from /home/uchiha/playground/crystal/src/fiber.cr:168:11 in 'run'
|   from /home/uchiha/playground/crystal/src/fiber.cr:103:3 in '->'
|   from ???
| Caused by: write (#<TCPSocket:0x78764a005898>): Broken pipe (IO::Error)
|   from /home/uchiha/playground/crystal/src/crystal/system/thread.cr:72:3 in 'unbuffered_write'
|   from /home/uchiha/playground/crystal/src/io/buffered.cr:163:14 in 'write'
|   from /home/uchiha/playground/crystal/src/http/server/response.cr:282:11 in 'unbuffered_write'
|   from /home/uchiha/playground/crystal/src/io/buffered.cr:163:14 in 'write'
|   from /home/uchiha/playground/crystal/src/http/server/response.cr:107:7 in 'write'
|   from /home/uchiha/playground/crystal/src/io.cr:488:7 in 'write_string'
|   from lib/kemal/src/kemal/route_handler.cr:174:7 in 'call'
|   from lib/kemal/src/kemal/websocket_handler.cr:13:14 in 'call'
|   from /home/uchiha/playground/crystal/src/http/server/handler.cr:30:7 in 'call_next'
|   from lib/kemal/src/kemal/filter_handler.cr:46:7 in 'call'
|   from /home/uchiha/playground/crystal/src/http/server/handler.cr:30:7 in 'call_next'
|   from src/middlewares/web_api_auth_middleware.cr:8:12 in 'call'
|   from /home/uchiha/playground/crystal/src/http/server/handler.cr:30:7 in 'call_next'
|   from src/middlewares/admin_api_auth_middleware.cr:7:12 in 'call'
|   from /home/uchiha/playground/crystal/src/http/server/handler.cr:30:7 in 'call_next'
|   from /home/uchiha/playground/crystal/src/http/server/handlers/static_file_handler.cr:60:12 in 'call'
|   from /home/uchiha/playground/crystal/src/http/server/handler.cr:30:7 in 'call'
|   from /home/uchiha/playground/crystal/src/http/server/handler.cr:30:7 in 'call'
|   from /home/uchiha/playground/crystal/src/http/server/handler.cr:30:7 in 'call'
|   from /home/uchiha/playground/crystal/src/http/server/handler.cr:30:7 in 'call'
|   from /home/uchiha/playground/crystal/src/http/server/request_processor.cr:58:11 in 'process'
|   from /home/uchiha/playground/crystal/src/http/server.cr:506:5 in '->'
|   from /home/uchiha/playground/crystal/src/fiber.cr:168:11 in 'run'
|   from /home/uchiha/playground/crystal/src/fiber.cr:103:3 in '->'
|   from ???
ERR 2026-08-03T21:12:43.020Z > Unhandled exception on HTTP::Handler
| Closed stream (IO::Error)
|   from /home/uchiha/playground/crystal/src/http/server/response.cr:215:15 in 'content_type='
|   from lib/kemal/src/kemal/helpers/templates.cr:25:3 in 'render_500'
|   from lib/kemal/src/kemal/exception_handler.cr:34:7 in 'call'
|   from /home/uchiha/playground/crystal/src/http/server/handler.cr:30:7 in 'call'
|   from /home/uchiha/playground/crystal/src/http/server/handler.cr:30:7 in 'call'
|   from /home/uchiha/playground/crystal/src/http/server/handler.cr:30:7 in 'call'
|   from /home/uchiha/playground/crystal/src/http/server/request_processor.cr:58:11 in 'process'
|   from /home/uchiha/playground/crystal/src/http/server.cr:506:5 in '->'
|   from /home/uchiha/playground/crystal/src/fiber.cr:168:11 in 'run'
|   from /home/uchiha/playground/crystal/src/fiber.cr:103:3 in '->'
|   from ???
ERR 2026-08-03T21:12:43.020Z > Error while writing data to the client
| Error while writing data to the client (HTTP::Server::ClientError)
|   from /home/uchiha/playground/crystal/src/http/server/response.cr:266:9 in 'unbuffered_write'
|   from /home/uchiha/playground/crystal/src/io/buffered.cr:163:14 in 'write'
|   from /home/uchiha/playground/crystal/src/http/server/response.cr:107:7 in 'write'
|   from /home/uchiha/playground/crystal/src/io.cr:488:7 in 'write_string'
|   from lib/kemal/src/kemal/route_handler.cr:174:7 in 'call'
|   from lib/kemal/src/kemal/websocket_handler.cr:13:14 in 'call'
|   from /home/uchiha/playground/crystal/src/http/server/handler.cr:30:7 in 'call_next'
|   from lib/kemal/src/kemal/filter_handler.cr:46:7 in 'call'
|   from /home/uchiha/playground/crystal/src/http/server/handler.cr:30:7 in 'call_next'
|   from src/middlewares/web_api_auth_middleware.cr:8:12 in 'call'
|   from /home/uchiha/playground/crystal/src/http/server/handler.cr:30:7 in 'call_next'
|   from src/middlewares/admin_api_auth_middleware.cr:7:12 in 'call'
|   from /home/uchiha/playground/crystal/src/http/server/handler.cr:30:7 in 'call_next'
|   from /home/uchiha/playground/crystal/src/http/server/handlers/static_file_handler.cr:60:12 in 'call'
|   from /home/uchiha/playground/crystal/src/http/server/handler.cr:30:7 in 'call'
|   from /home/uchiha/playground/crystal/src/http/server/handler.cr:30:7 in 'call'
|   from /home/uchiha/playground/crystal/src/http/server/handler.cr:30:7 in 'call'
|   from /home/uchiha/playground/crystal/src/http/server/handler.cr:30:7 in 'call'
|   from /home/uchiha/playground/crystal/src/http/server/request_processor.cr:58:11 in 'process'
|   from /home/uchiha/playground/crystal/src/http/server.cr:506:5 in '->'
|   from /home/uchiha/playground/crystal/src/fiber.cr:168:11 in 'run'
|   from /home/uchiha/playground/crystal/src/fiber.cr:103:3 in '->'
|   from ???
| Caused by: write (#<TCPSocket:0x78764a000b28>): Broken pipe (IO::Error)
|   from /home/uchiha/playground/crystal/src/crystal/system/thread.cr:72:3 in 'unbuffered_write'
|   from /home/uchiha/playground/crystal/src/io/buffered.cr:163:14 in 'write'
|   from /home/uchiha/playground/crystal/src/http/server/response.cr:282:11 in 'unbuffered_write'
|   from /home/uchiha/playground/crystal/src/io/buffered.cr:163:14 in 'write'
|   from /home/uchiha/playground/crystal/src/http/server/response.cr:107:7 in 'write'
|   from /home/uchiha/playground/crystal/src/io.cr:488:7 in 'write_string'
|   from lib/kemal/src/kemal/route_handler.cr:174:7 in 'call'
|   from lib/kemal/src/kemal/websocket_handler.cr:13:14 in 'call'
|   from /home/uchiha/playground/crystal/src/http/server/handler.cr:30:7 in 'call_next'
|   from lib/kemal/src/kemal/filter_handler.cr:46:7 in 'call'
|   from /home/uchiha/playground/crystal/src/http/server/handler.cr:30:7 in 'call_next'
|   from src/middlewares/web_api_auth_middleware.cr:8:12 in 'call'
|   from /home/uchiha/playground/crystal/src/http/server/handler.cr:30:7 in 'call_next'
|   from src/middlewares/admin_api_auth_middleware.cr:7:12 in 'call'
|   from /home/uchiha/playground/crystal/src/http/server/handler.cr:30:7 in 'call_next'
|   from /home/uchiha/playground/crystal/src/http/server/handlers/static_file_handler.cr:60:12 in 'call'
|   from /home/uchiha/playground/crystal/src/http/server/handler.cr:30:7 in 'call'
|   from /home/uchiha/playground/crystal/src/http/server/handler.cr:30:7 in 'call'
|   from /home/uchiha/playground/crystal/src/http/server/handler.cr:30:7 in 'call'
|   from /home/uchiha/playground/crystal/src/http/server/handler.cr:30:7 in 'call'
|   from /home/uchiha/playground/crystal/src/http/server/request_processor.cr:58:11 in 'process'
|   from /home/uchiha/playground/crystal/src/http/server.cr:506:5 in '->'
|   from /home/uchiha/playground/crystal/src/fiber.cr:168:11 in 'run'
|   from /home/uchiha/playground/crystal/src/fiber.cr:103:3 in '->'
|   from ???
ERR 2026-08-03T21:12:43.020Z > Unhandled exception on HTTP::Handler
| Closed stream (IO::Error)
|   from /home/uchiha/playground/crystal/src/http/server/response.cr:215:15 in 'content_type='
|   from lib/kemal/src/kemal/helpers/templates.cr:25:3 in 'render_500'
|   from lib/kemal/src/kemal/exception_handler.cr:34:7 in 'call'
|   from /home/uchiha/playground/crystal/src/http/server/handler.cr:30:7 in 'call'
|   from /home/uchiha/playground/crystal/src/http/server/handler.cr:30:7 in 'call'
|   from /home/uchiha/playground/crystal/src/http/server/handler.cr:30:7 in 'call'
|   from /home/uchiha/playground/crystal/src/http/server/request_processor.cr:58:11 in 'process'
|   from /home/uchiha/playground/crystal/src/http/server.cr:506:5 in '->'
|   from /home/uchiha/playground/crystal/src/fiber.cr:168:11 in 'run'
|   from /home/uchiha/playground/crystal/src/fiber.cr:103:3 in '->'
|   from ???
ERR 2026-08-03T21:12:43.021Z > Error while writing data to the client
| Error while writing data to the client (HTTP::Server::ClientError)
|   from /home/uchiha/playground/crystal/src/http/server/response.cr:266:9 in 'unbuffered_write'
|   from /home/uchiha/playground/crystal/src/io/buffered.cr:163:14 in 'write'
|   from /home/uchiha/playground/crystal/src/http/server/response.cr:107:7 in 'write'
|   from /home/uchiha/playground/crystal/src/io.cr:488:7 in 'write_string'
|   from lib/kemal/src/kemal/route_handler.cr:174:7 in 'call'
|   from lib/kemal/src/kemal/websocket_handler.cr:13:14 in 'call'
|   from /home/uchiha/playground/crystal/src/http/server/handler.cr:30:7 in 'call_next'
|   from lib/kemal/src/kemal/filter_handler.cr:46:7 in 'call'
|   from /home/uchiha/playground/crystal/src/http/server/handler.cr:30:7 in 'call_next'
|   from src/middlewares/web_api_auth_middleware.cr:8:12 in 'call'
|   from /home/uchiha/playground/crystal/src/http/server/handler.cr:30:7 in 'call_next'
|   from src/middlewares/admin_api_auth_middleware.cr:7:12 in 'call'
|   from /home/uchiha/playground/crystal/src/http/server/handler.cr:30:7 in 'call_next'
|   from /home/uchiha/playground/crystal/src/http/server/handlers/static_file_handler.cr:60:12 in 'call'
|   from /home/uchiha/playground/crystal/src/http/server/handler.cr:30:7 in 'call'
|   from /home/uchiha/playground/crystal/src/http/server/handler.cr:30:7 in 'call'
|   from /home/uchiha/playground/crystal/src/http/server/handler.cr:30:7 in 'call'
|   from /home/uchiha/playground/crystal/src/http/server/handler.cr:30:7 in 'call'
|   from /home/uchiha/playground/crystal/src/http/server/request_processor.cr:58:11 in 'process'
|   from /home/uchiha/playground/crystal/src/http/server.cr:506:5 in '->'
|   from /home/uchiha/playground/crystal/src/fiber.cr:168:11 in 'run'
|   from /home/uchiha/playground/crystal/src/fiber.cr:103:3 in '->'
|   from ???
| Caused by: write (#<TCPSocket:0x78764a0069a8>): Broken pipe (IO::Error)
|   from /home/uchiha/playground/crystal/src/crystal/system/thread.cr:72:3 in 'unbuffered_write'
|   from /home/uchiha/playground/crystal/src/io/buffered.cr:163:14 in 'write'
|   from /home/uchiha/playground/crystal/src/http/server/response.cr:282:11 in 'unbuffered_write'
|   from /home/uchiha/playground/crystal/src/io/buffered.cr:163:14 in 'write'
|   from /home/uchiha/playground/crystal/src/http/server/response.cr:107:7 in 'write'
|   from /home/uchiha/playground/crystal/src/io.cr:488:7 in 'write_string'
|   from lib/kemal/src/kemal/route_handler.cr:174:7 in 'call'
|   from lib/kemal/src/kemal/websocket_handler.cr:13:14 in 'call'
|   from /home/uchiha/playground/crystal/src/http/server/handler.cr:30:7 in 'call_next'
|   from lib/kemal/src/kemal/filter_handler.cr:46:7 in 'call'
|   from /home/uchiha/playground/crystal/src/http/server/handler.cr:30:7 in 'call_next'
|   from src/middlewares/web_api_auth_middleware.cr:8:12 in 'call'
|   from /home/uchiha/playground/crystal/src/http/server/handler.cr:30:7 in 'call_next'
|   from src/middlewares/admin_api_auth_middleware.cr:7:12 in 'call'
|   from /home/uchiha/playground/crystal/src/http/server/handler.cr:30:7 in 'call_next'
|   from /home/uchiha/playground/crystal/src/http/server/handlers/static_file_handler.cr:60:12 in 'call'
|   from /home/uchiha/playground/crystal/src/http/server/handler.cr:30:7 in 'call'
|   from /home/uchiha/playground/crystal/src/http/server/handler.cr:30:7 in 'call'
|   from /home/uchiha/playground/crystal/src/http/server/handler.cr:30:7 in 'call'
|   from /home/uchiha/playground/crystal/src/http/server/handler.cr:30:7 in 'call'
|   from /home/uchiha/playground/crystal/src/http/server/request_processor.cr:58:11 in 'process'
|   from /home/uchiha/playground/crystal/src/http/server.cr:506:5 in '->'
|   from /home/uchiha/playground/crystal/src/fiber.cr:168:11 in 'run'
|   from /home/uchiha/playground/crystal/src/fiber.cr:103:3 in '->'
|   from ???
ERR 2026-08-03T21:12:43.021Z > Unhandled exception on HTTP::Handler
| Closed stream (IO::Error)
|   from /home/uchiha/playground/crystal/src/http/server/response.cr:215:15 in 'content_type='
|   from lib/kemal/src/kemal/helpers/templates.cr:25:3 in 'render_500'
|   from lib/kemal/src/kemal/exception_handler.cr:34:7 in 'call'
|   from /home/uchiha/playground/crystal/src/http/server/handler.cr:30:7 in 'call'
|   from /home/uchiha/playground/crystal/src/http/server/handler.cr:30:7 in 'call'
|   from /home/uchiha/playground/crystal/src/http/server/handler.cr:30:7 in 'call'
|   from /home/uchiha/playground/crystal/src/http/server/request_processor.cr:58:11 in 'process'
|   from /home/uchiha/playground/crystal/src/http/server.cr:506:5 in '->'
|   from /home/uchiha/playground/crystal/src/fiber.cr:168:11 in 'run'
|   from /home/uchiha/playground/crystal/src/fiber.cr:103:3 in '->'
|   from ???
ERR 2026-08-03T21:12:43.021Z > Error while writing data to the client
| Error while writing data to the client (HTTP::Server::ClientError)
|   from /home/uchiha/playground/crystal/src/http/server/response.cr:266:9 in 'unbuffered_write'
|   from /home/uchiha/playground/crystal/src/io/buffered.cr:163:14 in 'write'
|   from /home/uchiha/playground/crystal/src/http/server/response.cr:107:7 in 'write'
|   from /home/uchiha/playground/crystal/src/io.cr:488:7 in 'write_string'
|   from lib/kemal/src/kemal/route_handler.cr:174:7 in 'call'
|   from lib/kemal/src/kemal/websocket_handler.cr:13:14 in 'call'
|   from /home/uchiha/playground/crystal/src/http/server/handler.cr:30:7 in 'call_next'
|   from lib/kemal/src/kemal/filter_handler.cr:46:7 in 'call'
|   from /home/uchiha/playground/crystal/src/http/server/handler.cr:30:7 in 'call_next'
|   from src/middlewares/web_api_auth_middleware.cr:8:12 in 'call'
|   from /home/uchiha/playground/crystal/src/http/server/handler.cr:30:7 in 'call_next'
|   from src/middlewares/admin_api_auth_middleware.cr:7:12 in 'call'
|   from /home/uchiha/playground/crystal/src/http/server/handler.cr:30:7 in 'call_next'
|   from /home/uchiha/playground/crystal/src/http/server/handlers/static_file_handler.cr:60:12 in 'call'
|   from /home/uchiha/playground/crystal/src/http/server/handler.cr:30:7 in 'call'
|   from /home/uchiha/playground/crystal/src/http/server/handler.cr:30:7 in 'call'
|   from /home/uchiha/playground/crystal/src/http/server/handler.cr:30:7 in 'call'
|   from /home/uchiha/playground/crystal/src/http/server/handler.cr:30:7 in 'call'
|   from /home/uchiha/playground/crystal/src/http/server/request_processor.cr:58:11 in 'process'
|   from /home/uchiha/playground/crystal/src/http/server.cr:506:5 in '->'
|   from /home/uchiha/playground/crystal/src/fiber.cr:168:11 in 'run'
|   from /home/uchiha/playground/crystal/src/fiber.cr:103:3 in '->'
|   from ???
| Caused by: write (#<TCPSocket:0x78764a0005e8>): Broken pipe (IO::Error)
|   from /home/uchiha/playground/crystal/src/crystal/system/thread.cr:72:3 in 'unbuffered_write'
|   from /home/uchiha/playground/crystal/src/io/buffered.cr:163:14 in 'write'
|   from /home/uchiha/playground/crystal/src/http/server/response.cr:282:11 in 'unbuffered_write'
|   from /home/uchiha/playground/crystal/src/io/buffered.cr:163:14 in 'write'
|   from /home/uchiha/playground/crystal/src/http/server/response.cr:107:7 in 'write'
|   from /home/uchiha/playground/crystal/src/io.cr:488:7 in 'write_string'
|   from lib/kemal/src/kemal/route_handler.cr:174:7 in 'call'
|   from lib/kemal/src/kemal/websocket_handler.cr:13:14 in 'call'
|   from /home/uchiha/playground/crystal/src/http/server/handler.cr:30:7 in 'call_next'
|   from lib/kemal/src/kemal/filter_handler.cr:46:7 in 'call'
|   from /home/uchiha/playground/crystal/src/http/server/handler.cr:30:7 in 'call_next'
|   from src/middlewares/web_api_auth_middleware.cr:8:12 in 'call'
|   from /home/uchiha/playground/crystal/src/http/server/handler.cr:30:7 in 'call_next'
|   from src/middlewares/admin_api_auth_middleware.cr:7:12 in 'call'
|   from /home/uchiha/playground/crystal/src/http/server/handler.cr:30:7 in 'call_next'
|   from /home/uchiha/playground/crystal/src/http/server/handlers/static_file_handler.cr:60:12 in 'call'
|   from /home/uchiha/playground/crystal/src/http/server/handler.cr:30:7 in 'call'
|   from /home/uchiha/playground/crystal/src/http/server/handler.cr:30:7 in 'call'
|   from /home/uchiha/playground/crystal/src/http/server/handler.cr:30:7 in 'call'
|   from /home/uchiha/playground/crystal/src/http/server/handler.cr:30:7 in 'call'
|   from /home/uchiha/playground/crystal/src/http/server/request_processor.cr:58:11 in 'process'
|   from /home/uchiha/playground/crystal/src/http/server.cr:506:5 in '->'
|   from /home/uchiha/playground/crystal/src/fiber.cr:168:11 in 'run'
|   from /home/uchiha/playground/crystal/src/fiber.cr:103:3 in '->'
|   from ???
ERR 2026-08-03T21:12:43.021Z > Unhandled exception on HTTP::Handler
| Closed stream (IO::Error)
|   from /home/uchiha/playground/crystal/src/http/server/response.cr:215:15 in 'content_type='
|   from lib/kemal/src/kemal/helpers/templates.cr:25:3 in 'render_500'
|   from lib/kemal/src/kemal/exception_handler.cr:34:7 in 'call'
|   from /home/uchiha/playground/crystal/src/http/server/handler.cr:30:7 in 'call'
|   from /home/uchiha/playground/crystal/src/http/server/handler.cr:30:7 in 'call'
|   from /home/uchiha/playground/crystal/src/http/server/handler.cr:30:7 in 'call'
|   from /home/uchiha/playground/crystal/src/http/server/request_processor.cr:58:11 in 'process'
|   from /home/uchiha/playground/crystal/src/http/server.cr:506:5 in '->'
|   from /home/uchiha/playground/crystal/src/fiber.cr:168:11 in 'run'
|   from /home/uchiha/playground/crystal/src/fiber.cr:103:3 in '->'
|   from ???
ERR 2026-08-03T21:12:43.022Z > Error while writing data to the client
| Error while writing data to the client (HTTP::Server::ClientError)
|   from /home/uchiha/playground/crystal/src/http/server/response.cr:266:9 in 'unbuffered_write'
|   from /home/uchiha/playground/crystal/src/io/buffered.cr:163:14 in 'write'
|   from /home/uchiha/playground/crystal/src/http/server/response.cr:107:7 in 'write'
|   from /home/uchiha/playground/crystal/src/io.cr:488:7 in 'write_string'
|   from lib/kemal/src/kemal/route_handler.cr:174:7 in 'call'
|   from lib/kemal/src/kemal/websocket_handler.cr:13:14 in 'call'
|   from /home/uchiha/playground/crystal/src/http/server/handler.cr:30:7 in 'call_next'
|   from lib/kemal/src/kemal/filter_handler.cr:46:7 in 'call'
|   from /home/uchiha/playground/crystal/src/http/server/handler.cr:30:7 in 'call_next'
|   from src/middlewares/web_api_auth_middleware.cr:8:12 in 'call'
|   from /home/uchiha/playground/crystal/src/http/server/handler.cr:30:7 in 'call_next'
|   from src/middlewares/admin_api_auth_middleware.cr:7:12 in 'call'
|   from /home/uchiha/playground/crystal/src/http/server/handler.cr:30:7 in 'call_next'
|   from /home/uchiha/playground/crystal/src/http/server/handlers/static_file_handler.cr:60:12 in 'call'
|   from /home/uchiha/playground/crystal/src/http/server/handler.cr:30:7 in 'call'
|   from /home/uchiha/playground/crystal/src/http/server/handler.cr:30:7 in 'call'
|   from /home/uchiha/playground/crystal/src/http/server/handler.cr:30:7 in 'call'
|   from /home/uchiha/playground/crystal/src/http/server/handler.cr:30:7 in 'call'
|   from /home/uchiha/playground/crystal/src/http/server/request_processor.cr:58:11 in 'process'
|   from /home/uchiha/playground/crystal/src/http/server.cr:506:5 in '->'
|   from /home/uchiha/playground/crystal/src/fiber.cr:168:11 in 'run'
|   from /home/uchiha/playground/crystal/src/fiber.cr:103:3 in '->'
|   from ???
| Caused by: write (#<TCPSocket:0x78764a004788>): Broken pipe (IO::Error)
|   from /home/uchiha/playground/crystal/src/crystal/system/thread.cr:72:3 in 'unbuffered_write'
|   from /home/uchiha/playground/crystal/src/io/buffered.cr:163:14 in 'write'
|   from /home/uchiha/playground/crystal/src/http/server/response.cr:282:11 in 'unbuffered_write'
|   from /home/uchiha/playground/crystal/src/io/buffered.cr:163:14 in 'write'
|   from /home/uchiha/playground/crystal/src/http/server/response.cr:107:7 in 'write'
|   from /home/uchiha/playground/crystal/src/io.cr:488:7 in 'write_string'
|   from lib/kemal/src/kemal/route_handler.cr:174:7 in 'call'
|   from lib/kemal/src/kemal/websocket_handler.cr:13:14 in 'call'
|   from /home/uchiha/playground/crystal/src/http/server/handler.cr:30:7 in 'call_next'
|   from lib/kemal/src/kemal/filter_handler.cr:46:7 in 'call'
|   from /home/uchiha/playground/crystal/src/http/server/handler.cr:30:7 in 'call_next'
|   from src/middlewares/web_api_auth_middleware.cr:8:12 in 'call'
|   from /home/uchiha/playground/crystal/src/http/server/handler.cr:30:7 in 'call_next'
|   from src/middlewares/admin_api_auth_middleware.cr:7:12 in 'call'
|   from /home/uchiha/playground/crystal/src/http/server/handler.cr:30:7 in 'call_next'
|   from /home/uchiha/playground/crystal/src/http/server/handlers/static_file_handler.cr:60:12 in 'call'
|   from /home/uchiha/playground/crystal/src/http/server/handler.cr:30:7 in 'call'
|   from /home/uchiha/playground/crystal/src/http/server/handler.cr:30:7 in 'call'
|   from /home/uchiha/playground/crystal/src/http/server/handler.cr:30:7 in 'call'
|   from /home/uchiha/playground/crystal/src/http/server/handler.cr:30:7 in 'call'
|   from /home/uchiha/playground/crystal/src/http/server/request_processor.cr:58:11 in 'process'
|   from /home/uchiha/playground/crystal/src/http/server.cr:506:5 in '->'
|   from /home/uchiha/playground/crystal/src/fiber.cr:168:11 in 'run'
|   from /home/uchiha/playground/crystal/src/fiber.cr:103:3 in '->'
|   from ???
ERR 2026-08-03T21:12:43.022Z > Unhandled exception on HTTP::Handler
| Closed stream (IO::Error)
|   from /home/uchiha/playground/crystal/src/http/server/response.cr:215:15 in 'content_type='
|   from lib/kemal/src/kemal/helpers/templates.cr:25:3 in 'render_500'
|   from lib/kemal/src/kemal/exception_handler.cr:34:7 in 'call'
|   from /home/uchiha/playground/crystal/src/http/server/handler.cr:30:7 in 'call'
|   from /home/uchiha/playground/crystal/src/http/server/handler.cr:30:7 in 'call'
|   from /home/uchiha/playground/crystal/src/http/server/handler.cr:30:7 in 'call'
|   from /home/uchiha/playground/crystal/src/http/server/request_processor.cr:58:11 in 'process'
|   from /home/uchiha/playground/crystal/src/http/server.cr:506:5 in '->'
|   from /home/uchiha/playground/crystal/src/fiber.cr:168:11 in 'run'
|   from /home/uchiha/playground/crystal/src/fiber.cr:103:3 in '->'
|   from ???
ERR 2026-08-03T21:12:43.023Z > Error while writing data to the client
| Error while writing data to the client (HTTP::Server::ClientError)
|   from /home/uchiha/playground/crystal/src/http/server/response.cr:266:9 in 'unbuffered_write'
|   from /home/uchiha/playground/crystal/src/io/buffered.cr:163:14 in 'write'
|   from /home/uchiha/playground/crystal/src/http/server/response.cr:107:7 in 'write'
|   from /home/uchiha/playground/crystal/src/io.cr:488:7 in 'write_string'
|   from lib/kemal/src/kemal/route_handler.cr:174:7 in 'call'
|   from lib/kemal/src/kemal/websocket_handler.cr:13:14 in 'call'
|   from /home/uchiha/playground/crystal/src/http/server/handler.cr:30:7 in 'call_next'
|   from lib/kemal/src/kemal/filter_handler.cr:46:7 in 'call'
|   from /home/uchiha/playground/crystal/src/http/server/handler.cr:30:7 in 'call_next'
|   from src/middlewares/web_api_auth_middleware.cr:8:12 in 'call'
|   from /home/uchiha/playground/crystal/src/http/server/handler.cr:30:7 in 'call_next'
|   from src/middlewares/admin_api_auth_middleware.cr:7:12 in 'call'
|   from /home/uchiha/playground/crystal/src/http/server/handler.cr:30:7 in 'call_next'
|   from /home/uchiha/playground/crystal/src/http/server/handlers/static_file_handler.cr:60:12 in 'call'
|   from /home/uchiha/playground/crystal/src/http/server/handler.cr:30:7 in 'call'
|   from /home/uchiha/playground/crystal/src/http/server/handler.cr:30:7 in 'call'
|   from /home/uchiha/playground/crystal/src/http/server/handler.cr:30:7 in 'call'
|   from /home/uchiha/playground/crystal/src/http/server/handler.cr:30:7 in 'call'
|   from /home/uchiha/playground/crystal/src/http/server/request_processor.cr:58:11 in 'process'
|   from /home/uchiha/playground/crystal/src/http/server.cr:506:5 in '->'
|   from /home/uchiha/playground/crystal/src/fiber.cr:168:11 in 'run'
|   from /home/uchiha/playground/crystal/src/fiber.cr:103:3 in '->'
|   from ???
| Caused by: write (#<TCPSocket:0x78764a003fa8>): Broken pipe (IO::Error)
|   from /home/uchiha/playground/crystal/src/crystal/system/thread.cr:72:3 in 'unbuffered_write'
|   from /home/uchiha/playground/crystal/src/io/buffered.cr:163:14 in 'write'
|   from /home/uchiha/playground/crystal/src/http/server/response.cr:282:11 in 'unbuffered_write'
|   from /home/uchiha/playground/crystal/src/io/buffered.cr:163:14 in 'write'
|   from /home/uchiha/playground/crystal/src/http/server/response.cr:107:7 in 'write'
|   from /home/uchiha/playground/crystal/src/io.cr:488:7 in 'write_string'
|   from lib/kemal/src/kemal/route_handler.cr:174:7 in 'call'
|   from lib/kemal/src/kemal/websocket_handler.cr:13:14 in 'call'
|   from /home/uchiha/playground/crystal/src/http/server/handler.cr:30:7 in 'call_next'
|   from lib/kemal/src/kemal/filter_handler.cr:46:7 in 'call'
|   from /home/uchiha/playground/crystal/src/http/server/handler.cr:30:7 in 'call_next'
|   from src/middlewares/web_api_auth_middleware.cr:8:12 in 'call'
|   from /home/uchiha/playground/crystal/src/http/server/handler.cr:30:7 in 'call_next'
|   from src/middlewares/admin_api_auth_middleware.cr:7:12 in 'call'
|   from /home/uchiha/playground/crystal/src/http/server/handler.cr:30:7 in 'call_next'
|   from /home/uchiha/playground/crystal/src/http/server/handlers/static_file_handler.cr:60:12 in 'call'
|   from /home/uchiha/playground/crystal/src/http/server/handler.cr:30:7 in 'call'
|   from /home/uchiha/playground/crystal/src/http/server/handler.cr:30:7 in 'call'
|   from /home/uchiha/playground/crystal/src/http/server/handler.cr:30:7 in 'call'
|   from /home/uchiha/playground/crystal/src/http/server/handler.cr:30:7 in 'call'
|   from /home/uchiha/playground/crystal/src/http/server/request_processor.cr:58:11 in 'process'
|   from /home/uchiha/playground/crystal/src/http/server.cr:506:5 in '->'
|   from /home/uchiha/playground/crystal/src/fiber.cr:168:11 in 'run'
|   from /home/uchiha/playground/crystal/src/fiber.cr:103:3 in '->'
|   from ???
ERR 2026-08-03T21:12:43.023Z > Unhandled exception on HTTP::Handler
| Closed stream (IO::Error)
|   from /home/uchiha/playground/crystal/src/http/server/response.cr:215:15 in 'content_type='
|   from lib/kemal/src/kemal/helpers/templates.cr:25:3 in 'render_500'
|   from lib/kemal/src/kemal/exception_handler.cr:34:7 in 'call'
|   from /home/uchiha/playground/crystal/src/http/server/handler.cr:30:7 in 'call'
|   from /home/uchiha/playground/crystal/src/http/server/handler.cr:30:7 in 'call'
|   from /home/uchiha/playground/crystal/src/http/server/handler.cr:30:7 in 'call'
|   from /home/uchiha/playground/crystal/src/http/server/request_processor.cr:58:11 in 'process'
|   from /home/uchiha/playground/crystal/src/http/server.cr:506:5 in '->'
|   from /home/uchiha/playground/crystal/src/fiber.cr:168:11 in 'run'
|   from /home/uchiha/playground/crystal/src/fiber.cr:103:3 in '->'
|   from ???
ERR 2026-08-03T21:12:43.032Z > Error while writing data to the client
| Error while writing data to the client (HTTP::Server::ClientError)
|   from /home/uchiha/playground/crystal/src/http/server/response.cr:266:9 in 'unbuffered_write'
|   from /home/uchiha/playground/crystal/src/io/buffered.cr:163:14 in 'write'
|   from /home/uchiha/playground/crystal/src/http/server/response.cr:107:7 in 'write'
|   from /home/uchiha/playground/crystal/src/io.cr:488:7 in 'write_string'
|   from lib/kemal/src/kemal/route_handler.cr:174:7 in 'call'
|   from lib/kemal/src/kemal/websocket_handler.cr:13:14 in 'call'
|   from /home/uchiha/playground/crystal/src/http/server/handler.cr:30:7 in 'call_next'
|   from lib/kemal/src/kemal/filter_handler.cr:46:7 in 'call'
|   from /home/uchiha/playground/crystal/src/http/server/handler.cr:30:7 in 'call_next'
|   from src/middlewares/web_api_auth_middleware.cr:8:12 in 'call'
|   from /home/uchiha/playground/crystal/src/http/server/handler.cr:30:7 in 'call_next'
|   from src/middlewares/admin_api_auth_middleware.cr:7:12 in 'call'
|   from /home/uchiha/playground/crystal/src/http/server/handler.cr:30:7 in 'call_next'
|   from /home/uchiha/playground/crystal/src/http/server/handlers/static_file_handler.cr:60:12 in 'call'
|   from /home/uchiha/playground/crystal/src/http/server/handler.cr:30:7 in 'call'
|   from /home/uchiha/playground/crystal/src/http/server/handler.cr:30:7 in 'call'
|   from /home/uchiha/playground/crystal/src/http/server/handler.cr:30:7 in 'call'
|   from /home/uchiha/playground/crystal/src/http/server/handler.cr:30:7 in 'call'
|   from /home/uchiha/playground/crystal/src/http/server/request_processor.cr:58:11 in 'process'
|   from /home/uchiha/playground/crystal/src/http/server.cr:506:5 in '->'
|   from /home/uchiha/playground/crystal/src/fiber.cr:168:11 in 'run'
|   from /home/uchiha/playground/crystal/src/fiber.cr:103:3 in '->'
|   from ???
| Caused by: write (#<TCPSocket:0x78764a007ea8>): Broken pipe (IO::Error)
|   from /home/uchiha/playground/crystal/src/crystal/system/thread.cr:72:3 in 'unbuffered_write'
|   from /home/uchiha/playground/crystal/src/io/buffered.cr:163:14 in 'write'
|   from /home/uchiha/playground/crystal/src/http/server/response.cr:282:11 in 'unbuffered_write'
|   from /home/uchiha/playground/crystal/src/io/buffered.cr:163:14 in 'write'
|   from /home/uchiha/playground/crystal/src/http/server/response.cr:107:7 in 'write'
|   from /home/uchiha/playground/crystal/src/io.cr:488:7 in 'write_string'
|   from lib/kemal/src/kemal/route_handler.cr:174:7 in 'call'
|   from lib/kemal/src/kemal/websocket_handler.cr:13:14 in 'call'
|   from /home/uchiha/playground/crystal/src/http/server/handler.cr:30:7 in 'call_next'
|   from lib/kemal/src/kemal/filter_handler.cr:46:7 in 'call'
|   from /home/uchiha/playground/crystal/src/http/server/handler.cr:30:7 in 'call_next'
|   from src/middlewares/web_api_auth_middleware.cr:8:12 in 'call'
|   from /home/uchiha/playground/crystal/src/http/server/handler.cr:30:7 in 'call_next'
|   from src/middlewares/admin_api_auth_middleware.cr:7:12 in 'call'
|   from /home/uchiha/playground/crystal/src/http/server/handler.cr:30:7 in 'call_next'
|   from /home/uchiha/playground/crystal/src/http/server/handlers/static_file_handler.cr:60:12 in 'call'
|   from /home/uchiha/playground/crystal/src/http/server/handler.cr:30:7 in 'call'
|   from /home/uchiha/playground/crystal/src/http/server/handler.cr:30:7 in 'call'
|   from /home/uchiha/playground/crystal/src/http/server/handler.cr:30:7 in 'call'
|   from /home/uchiha/playground/crystal/src/http/server/handler.cr:30:7 in 'call'
|   from /home/uchiha/playground/crystal/src/http/server/request_processor.cr:58:11 in 'process'
|   from /home/uchiha/playground/crystal/src/http/server.cr:506:5 in '->'
|   from /home/uchiha/playground/crystal/src/fiber.cr:168:11 in 'run'
|   from /home/uchiha/playground/crystal/src/fiber.cr:103:3 in '->'
|   from ???
ERR 2026-08-03T21:12:43.032Z > Unhandled exception on HTTP::Handler
| Closed stream (IO::Error)
|   from /home/uchiha/playground/crystal/src/http/server/response.cr:215:15 in 'content_type='
|   from lib/kemal/src/kemal/helpers/templates.cr:25:3 in 'render_500'
|   from lib/kemal/src/kemal/exception_handler.cr:34:7 in 'call'
|   from /home/uchiha/playground/crystal/src/http/server/handler.cr:30:7 in 'call'
|   from /home/uchiha/playground/crystal/src/http/server/handler.cr:30:7 in 'call'
|   from /home/uchiha/playground/crystal/src/http/server/handler.cr:30:7 in 'call'
|   from /home/uchiha/playground/crystal/src/http/server/request_processor.cr:58:11 in 'process'
|   from /home/uchiha/playground/crystal/src/http/server.cr:506:5 in '->'
|   from /home/uchiha/playground/crystal/src/fiber.cr:168:11 in 'run'
|   from /home/uchiha/playground/crystal/src/fiber.cr:103:3 in '->'
|   from ???
ERR 2026-08-03T21:12:43.033Z > Error while writing data to the client
| Error while writing data to the client (HTTP::Server::ClientError)
|   from /home/uchiha/playground/crystal/src/http/server/response.cr:266:9 in 'unbuffered_write'
|   from /home/uchiha/playground/crystal/src/io/buffered.cr:163:14 in 'write'
|   from /home/uchiha/playground/crystal/src/http/server/response.cr:107:7 in 'write'
|   from /home/uchiha/playground/crystal/src/io.cr:488:7 in 'write_string'
|   from lib/kemal/src/kemal/route_handler.cr:174:7 in 'call'
|   from lib/kemal/src/kemal/websocket_handler.cr:13:14 in 'call'
|   from /home/uchiha/playground/crystal/src/http/server/handler.cr:30:7 in 'call_next'
|   from lib/kemal/src/kemal/filter_handler.cr:46:7 in 'call'
|   from /home/uchiha/playground/crystal/src/http/server/handler.cr:30:7 in 'call_next'
|   from src/middlewares/web_api_auth_middleware.cr:8:12 in 'call'
|   from /home/uchiha/playground/crystal/src/http/server/handler.cr:30:7 in 'call_next'
|   from src/middlewares/admin_api_auth_middleware.cr:7:12 in 'call'
|   from /home/uchiha/playground/crystal/src/http/server/handler.cr:30:7 in 'call_next'
|   from /home/uchiha/playground/crystal/src/http/server/handlers/static_file_handler.cr:60:12 in 'call'
|   from /home/uchiha/playground/crystal/src/http/server/handler.cr:30:7 in 'call'
|   from /home/uchiha/playground/crystal/src/http/server/handler.cr:30:7 in 'call'
|   from /home/uchiha/playground/crystal/src/http/server/handler.cr:30:7 in 'call'
|   from /home/uchiha/playground/crystal/src/http/server/handler.cr:30:7 in 'call'
|   from /home/uchiha/playground/crystal/src/http/server/request_processor.cr:58:11 in 'process'
|   from /home/uchiha/playground/crystal/src/http/server.cr:506:5 in '->'
|   from /home/uchiha/playground/crystal/src/fiber.cr:168:11 in 'run'
|   from /home/uchiha/playground/crystal/src/fiber.cr:103:3 in '->'
|   from ???
| Caused by: write (#<TCPSocket:0x78764a000348>): Broken pipe (IO::Error)
|   from /home/uchiha/playground/crystal/src/crystal/system/thread.cr:72:3 in 'unbuffered_write'
|   from /home/uchiha/playground/crystal/src/io/buffered.cr:163:14 in 'write'
|   from /home/uchiha/playground/crystal/src/http/server/response.cr:282:11 in 'unbuffered_write'
|   from /home/uchiha/playground/crystal/src/io/buffered.cr:163:14 in 'write'
|   from /home/uchiha/playground/crystal/src/http/server/response.cr:107:7 in 'write'
|   from /home/uchiha/playground/crystal/src/io.cr:488:7 in 'write_string'
|   from lib/kemal/src/kemal/route_handler.cr:174:7 in 'call'
|   from lib/kemal/src/kemal/websocket_handler.cr:13:14 in 'call'
|   from /home/uchiha/playground/crystal/src/http/server/handler.cr:30:7 in 'call_next'
|   from lib/kemal/src/kemal/filter_handler.cr:46:7 in 'call'
|   from /home/uchiha/playground/crystal/src/http/server/handler.cr:30:7 in 'call_next'
|   from src/middlewares/web_api_auth_middleware.cr:8:12 in 'call'
|   from /home/uchiha/playground/crystal/src/http/server/handler.cr:30:7 in 'call_next'
|   from src/middlewares/admin_api_auth_middleware.cr:7:12 in 'call'
|   from /home/uchiha/playground/crystal/src/http/server/handler.cr:30:7 in 'call_next'
|   from /home/uchiha/playground/crystal/src/http/server/handlers/static_file_handler.cr:60:12 in 'call'
|   from /home/uchiha/playground/crystal/src/http/server/handler.cr:30:7 in 'call'
|   from /home/uchiha/playground/crystal/src/http/server/handler.cr:30:7 in 'call'
|   from /home/uchiha/playground/crystal/src/http/server/handler.cr:30:7 in 'call'
|   from /home/uchiha/playground/crystal/src/http/server/handler.cr:30:7 in 'call'
|   from /home/uchiha/playground/crystal/src/http/server/request_processor.cr:58:11 in 'process'
|   from /home/uchiha/playground/crystal/src/http/server.cr:506:5 in '->'
|   from /home/uchiha/playground/crystal/src/fiber.cr:168:11 in 'run'
|   from /home/uchiha/playground/crystal/src/fiber.cr:103:3 in '->'
|   from ???
ERR 2026-08-03T21:12:43.033Z > Unhandled exception on HTTP::Handler
| Closed stream (IO::Error)
|   from /home/uchiha/playground/crystal/src/http/server/response.cr:215:15 in 'content_type='
|   from lib/kemal/src/kemal/helpers/templates.cr:25:3 in 'render_500'
|   from lib/kemal/src/kemal/exception_handler.cr:34:7 in 'call'
|   from /home/uchiha/playground/crystal/src/http/server/handler.cr:30:7 in 'call'
|   from /home/uchiha/playground/crystal/src/http/server/handler.cr:30:7 in 'call'
|   from /home/uchiha/playground/crystal/src/http/server/handler.cr:30:7 in 'call'
|   from /home/uchiha/playground/crystal/src/http/server/request_processor.cr:58:11 in 'process'
|   from /home/uchiha/playground/crystal/src/http/server.cr:506:5 in '->'
|   from /home/uchiha/playground/crystal/src/fiber.cr:168:11 in 'run'
|   from /home/uchiha/playground/crystal/src/fiber.cr:103:3 in '->'
|   from ???
INF 2026-08-03T21:13:12.943Z > 200 GET /gc-collect 22.79ms
INF 2026-08-03T21:13:12.961Z > 200 GET /gc-collect 13.63ms
INF 2026-08-03T21:13:12.970Z > 200 GET /gc-live-attr 4.38ms
INF 2026-08-03T21:13:12.977Z > 200 GET /gc-stats 63.73µs
INF 2026-08-03T21:13:12.999Z > Açık Türkiye is going to take a rest!
