gcry: GCRY_PRECISE_STACK=2 exclusive — research only; incomplete maps can UAF
INF 2026-08-04T20:22:07.944Z > Connecting to postgres:///acikturkiye_demo?max_conns=100&max_idle_conns=25&sslmode=disable
| event = db_connect
INF 2026-08-04T20:22:07.953Z > [demo] Açık Türkiye is ready to lead at http://127.0.0.1:3639
INF 2026-08-04T20:22:08.084Z > 200 GET /api/v1/ 13.7ms
INF 2026-08-04T20:22:08.113Z > 200 GET /api/v1/ 12.92ms
INF 2026-08-04T20:22:08.133Z > 200 GET /api/v1/ 19.21ms
INF 2026-08-04T20:22:08.135Z > 200 GET /api/v1/ 34.51ms
INF 2026-08-04T20:22:08.137Z > 200 GET /api/v1/ 36.37ms
INF 2026-08-04T20:22:08.137Z > 200 GET /api/v1/ 36.83ms
INF 2026-08-04T20:22:08.140Z > 200 GET /api/v1/ 39.11ms
INF 2026-08-04T20:22:08.140Z > 200 GET /api/v1/ 7.57ms
INF 2026-08-04T20:22:08.145Z > 200 GET /api/v1/ 4.39ms
INF 2026-08-04T20:22:08.146Z > 200 GET /api/v1/ 45.12ms
INF 2026-08-04T20:22:08.148Z > 200 GET /api/v1/ 47.61ms
INF 2026-08-04T20:22:08.149Z > 200 GET /api/v1/ 47.9ms
INF 2026-08-04T20:22:08.236Z > 200 GET /api/v1/ 135.78ms
INF 2026-08-04T20:22:08.248Z > 200 GET /api/v1/ 147.56ms
INF 2026-08-04T20:22:08.256Z > 200 GET /api/v1/ 109.9ms
INF 2026-08-04T20:22:08.256Z > 200 GET /api/v1/ 155.29ms
INF 2026-08-04T20:22:08.260Z > 200 GET /api/v1/ 159.2ms
INF 2026-08-04T20:22:08.260Z > 200 GET /api/v1/ 159.62ms
INF 2026-08-04T20:22:08.261Z > 200 GET /api/v1/ 159.8ms
INF 2026-08-04T20:22:08.261Z > 200 GET /api/v1/ 160.29ms
INF 2026-08-04T20:22:08.262Z > 200 GET /api/v1/ 161.1ms
INF 2026-08-04T20:22:08.263Z > 200 GET /api/v1/ 161.66ms
INF 2026-08-04T20:22:08.263Z > 200 GET /api/v1/ 162.26ms
INF 2026-08-04T20:22:08.264Z > 200 GET /api/v1/ 162.56ms
INF 2026-08-04T20:22:08.264Z > 200 GET /api/v1/ 162.75ms
INF 2026-08-04T20:22:08.269Z > 200 GET /api/v1/ 7.25ms
INF 2026-08-04T20:22:08.270Z > 200 GET /api/v1/ 5.64ms
INF 2026-08-04T20:22:08.270Z > 200 GET /api/v1/ 166.39ms
INF 2026-08-04T20:22:08.270Z > 200 GET /api/v1/ 168.64ms
INF 2026-08-04T20:22:08.272Z > 200 GET /api/v1/ 11.26ms
INF 2026-08-04T20:22:08.276Z > 200 GET /api/v1/ 5.96ms
INF 2026-08-04T20:22:08.276Z > 200 GET /api/v1/ 173.28ms
INF 2026-08-04T20:22:08.278Z > 200 GET /api/v1/ 176.39ms
INF 2026-08-04T20:22:08.280Z > 200 GET /api/v1/ 7.57ms
INF 2026-08-04T20:22:08.281Z > 200 GET /api/v1/ 17.6ms
INF 2026-08-04T20:22:08.284Z > 200 GET /api/v1/ 6.3ms
INF 2026-08-04T20:22:08.285Z > 200 GET /api/v1/ 182.3ms
INF 2026-08-04T20:22:08.287Z > 200 GET /api/v1/ 6.69ms
INF 2026-08-04T20:22:08.289Z > 200 GET /api/v1/ 4.48ms
INF 2026-08-04T20:22:08.293Z > 200 GET /api/v1/ 3.35ms
INF 2026-08-04T20:22:08.296Z > 200 GET /api/v1/ 193.06ms
INF 2026-08-04T20:22:08.297Z > 200 GET /api/v1/ 59.51ms
INF 2026-08-04T20:22:08.298Z > 200 GET /api/v1/ 4.81ms
INF 2026-08-04T20:22:08.298Z > 200 GET /api/v1/ 193.66ms
INF 2026-08-04T20:22:08.298Z > 200 GET /api/v1/ 195.45ms
INF 2026-08-04T20:22:08.302Z > 200 GET /api/v1/ 197.07ms
INF 2026-08-04T20:22:08.303Z > 200 GET /api/v1/ 6.21ms
INF 2026-08-04T20:22:08.303Z > 200 GET /api/v1/ 200.49ms
INF 2026-08-04T20:22:08.305Z > 200 GET /api/v1/ 204.0ms
INF 2026-08-04T20:22:08.308Z > 200 GET /api/v1/ 205.6ms
INF 2026-08-04T20:22:08.308Z > 200 GET /api/v1/ 4.95ms
INF 2026-08-04T20:22:08.309Z > 200 GET /api/v1/ 3.49ms
INF 2026-08-04T20:22:08.311Z > 200 GET /api/v1/ 2.56ms
INF 2026-08-04T20:22:08.319Z > 200 GET /api/v1/ 10.22ms
INF 2026-08-04T20:22:08.321Z > 200 GET /api/v1/ 219.66ms
INF 2026-08-04T20:22:08.323Z > 200 GET /api/v1/ 218.5ms
INF 2026-08-04T20:22:08.323Z > 200 GET /api/v1/ 218.63ms
INF 2026-08-04T20:22:08.325Z > 200 GET /api/v1/ 222.2ms
INF 2026-08-04T20:22:08.328Z > 200 GET /api/v1/ 223.31ms
INF 2026-08-04T20:22:08.329Z > 200 GET /api/v1/ 224.39ms
INF 2026-08-04T20:22:08.329Z > 200 GET /api/v1/ 228.3ms
INF 2026-08-04T20:22:08.330Z > 200 GET /api/v1/ 68.9ms
INF 2026-08-04T20:22:08.330Z > 200 GET /api/v1/ 225.72ms
INF 2026-08-04T20:22:08.334Z > 200 GET /api/v1/ 84.95ms
INF 2026-08-04T20:22:08.334Z > 200 GET /api/v1/ 229.59ms
INF 2026-08-04T20:22:08.334Z > 200 GET /api/v1/ 229.44ms
INF 2026-08-04T20:22:08.335Z > 200 GET /api/v1/ 230.72ms
INF 2026-08-04T20:22:08.337Z > 200 GET /api/v1/ 234.57ms
INF 2026-08-04T20:22:08.337Z > 200 GET /api/v1/ 233.95ms
INF 2026-08-04T20:22:08.338Z > 200 GET /api/v1/ 233.04ms
INF 2026-08-04T20:22:08.338Z > 200 GET /api/v1/ 233.5ms
INF 2026-08-04T20:22:08.339Z > 200 GET /api/v1/ 233.76ms
INF 2026-08-04T20:22:08.341Z > 200 GET /api/v1/ 199.9ms
INF 2026-08-04T20:22:08.342Z > 200 GET /api/v1/ 12.27ms
INF 2026-08-04T20:22:08.342Z > 200 GET /api/v1/ 237.51ms
INF 2026-08-04T20:22:08.342Z > 200 GET /api/v1/ 12.51ms
INF 2026-08-04T20:22:08.346Z > 200 GET /api/v1/ 241.59ms
INF 2026-08-04T20:22:08.346Z > 200 GET /api/v1/ 76.82ms
INF 2026-08-04T20:22:08.346Z > 200 GET /api/v1/ 242.97ms
INF 2026-08-04T20:22:08.346Z > 200 GET /api/v1/ 242.17ms
INF 2026-08-04T20:22:08.348Z > 200 GET /api/v1/ 13.45ms
INF 2026-08-04T20:22:08.349Z > 200 GET /api/v1/ 10.41ms
INF 2026-08-04T20:22:08.350Z > 200 GET /api/v1/ 24.32ms
INF 2026-08-04T20:22:08.350Z > 200 GET /api/v1/ 247.03ms
INF 2026-08-04T20:22:08.352Z > 200 GET /api/v1/ 247.77ms
INF 2026-08-04T20:22:08.353Z > 200 GET /api/v1/ 251.28ms
INF 2026-08-04T20:22:08.353Z > 200 GET /api/v1/ 251.17ms
INF 2026-08-04T20:22:08.354Z > 200 GET /api/v1/ 15.96ms
INF 2026-08-04T20:22:08.354Z > 200 GET /api/v1/ 89.8ms
INF 2026-08-04T20:22:08.363Z > 200 GET /api/v1/ 20.4ms
INF 2026-08-04T20:22:08.363Z > 200 GET /api/v1/ 259.94ms
INF 2026-08-04T20:22:08.364Z > 200 GET /api/v1/ 21.7ms
INF 2026-08-04T20:22:08.366Z > 200 GET /api/v1/ 20.14ms
INF 2026-08-04T20:22:08.369Z > 200 GET /api/v1/ 266.52ms
INF 2026-08-04T20:22:08.371Z > 200 GET /api/v1/ 95.02ms
INF 2026-08-04T20:22:08.372Z > 200 GET /api/v1/ 269.97ms
INF 2026-08-04T20:22:08.373Z > 200 GET /api/v1/ 268.41ms
INF 2026-08-04T20:22:08.375Z > 200 GET /api/v1/ 270.93ms
INF 2026-08-04T20:22:08.376Z > 200 GET /api/v1/ 105.69ms
INF 2026-08-04T20:22:08.376Z > 200 GET /api/v1/ 271.68ms
INF 2026-08-04T20:22:08.377Z > 200 GET /api/v1/ 227.78ms
INF 2026-08-04T20:22:08.381Z > 200 GET /api/v1/ 278.21ms
INF 2026-08-04T20:22:08.381Z > 200 GET /api/v1/ 278.95ms
INF 2026-08-04T20:22:08.381Z > 200 GET /api/v1/ 117.01ms
INF 2026-08-04T20:22:08.381Z > 200 GET /api/v1/ 278.98ms
INF 2026-08-04T20:22:08.381Z > 200 GET /api/v1/ 279.97ms
INF 2026-08-04T20:22:08.382Z > 200 GET /api/v1/ 279.39ms
INF 2026-08-04T20:22:08.382Z > 200 GET /api/v1/ 280.04ms
INF 2026-08-04T20:22:08.383Z > 200 GET /api/v1/ 58.71ms
INF 2026-08-04T20:22:08.383Z > 200 GET /api/v1/ 279.7ms
INF 2026-08-04T20:22:08.384Z > 200 GET /api/v1/ 279.56ms
INF 2026-08-04T20:22:08.384Z > 200 GET /api/v1/ 99.8ms
INF 2026-08-04T20:22:08.385Z > 200 GET /api/v1/ 281.64ms
INF 2026-08-04T20:22:08.386Z > 200 GET /api/v1/ 281.48ms
INF 2026-08-04T20:22:08.386Z > 200 GET /api/v1/ 283.95ms
INF 2026-08-04T20:22:08.386Z > 200 GET /api/v1/ 285.17ms
INF 2026-08-04T20:22:08.387Z > 200 GET /api/v1/ 283.89ms
INF 2026-08-04T20:22:08.387Z > 200 GET /api/v1/ 126.32ms
INF 2026-08-04T20:22:08.388Z > 200 GET /api/v1/ 284.81ms
INF 2026-08-04T20:22:08.388Z > 200 GET /api/v1/ 86.11ms
INF 2026-08-04T20:22:08.389Z > 200 GET /api/v1/ 284.26ms
INF 2026-08-04T20:22:08.390Z > 200 GET /api/v1/ 287.09ms
INF 2026-08-04T20:22:08.390Z > 200 GET /api/v1/ 52.11ms
INF 2026-08-04T20:22:08.390Z > 200 GET /api/v1/ 133.95ms
INF 2026-08-04T20:22:08.400Z > 200 GET /api/v1/ 103.25ms
INF 2026-08-04T20:22:08.401Z > 200 GET /api/v1/ 299.3ms
INF 2026-08-04T20:22:08.401Z > 200 GET /api/v1/ 296.9ms
INF 2026-08-04T20:22:08.402Z > 200 GET /api/v1/ 120.03ms
INF 2026-08-04T20:22:08.402Z > 200 GET /api/v1/ 297.59ms
INF 2026-08-04T20:22:08.402Z > 200 GET /api/v1/ 298.12ms
INF 2026-08-04T20:22:08.403Z > 200 GET /api/v1/ 298.14ms
INF 2026-08-04T20:22:08.404Z > 200 GET /api/v1/ 100.68ms
INF 2026-08-04T20:22:08.405Z > 200 GET /api/v1/ 266.98ms
INF 2026-08-04T20:22:08.405Z > 200 GET /api/v1/ 75.12ms
INF 2026-08-04T20:22:08.405Z > 200 GET /api/v1/ 267.72ms
INF 2026-08-04T20:22:08.406Z > 200 GET /api/v1/ 67.16ms
INF 2026-08-04T20:22:08.407Z > 200 GET /api/v1/ 304.73ms
INF 2026-08-04T20:22:08.407Z > 200 GET /api/v1/ 302.31ms
INF 2026-08-04T20:22:08.409Z > 200 GET /api/v1/ 122.36ms
INF 2026-08-04T20:22:08.410Z > 200 GET /api/v1/ 88.74ms
INF 2026-08-04T20:22:08.413Z > 200 GET /api/v1/ 310.28ms
INF 2026-08-04T20:22:08.415Z > 200 GET /api/v1/ 310.22ms
INF 2026-08-04T20:22:08.416Z > 200 GET /api/v1/ 310.87ms
INF 2026-08-04T20:22:08.416Z > 200 GET /api/v1/ 34.34ms
INF 2026-08-04T20:22:08.418Z > 200 GET /api/v1/ 33.54ms
INF 2026-08-04T20:22:08.418Z > 200 GET /api/v1/ 316.51ms
INF 2026-08-04T20:22:08.418Z > 200 GET /api/v1/ 69.72ms
INF 2026-08-04T20:22:08.420Z > 200 GET /api/v1/ 69.35ms
INF 2026-08-04T20:22:08.421Z > 200 GET /api/v1/ 38.93ms
INF 2026-08-04T20:22:08.425Z > 200 GET /api/v1/ 39.63ms
INF 2026-08-04T20:22:08.426Z > 200 GET /api/v1/ 161.68ms
INF 2026-08-04T20:22:08.426Z > 200 GET /api/v1/ 91.54ms
INF 2026-08-04T20:22:08.426Z > 200 GET /api/v1/ 79.8ms
INF 2026-08-04T20:22:08.426Z > 200 GET /api/v1/ 323.36ms
INF 2026-08-04T20:22:08.427Z > 200 GET /api/v1/ 321.83ms
INF 2026-08-04T20:22:08.427Z > 200 GET /api/v1/ 322.75ms
INF 2026-08-04T20:22:08.439Z > 200 GET /api/v1/ 49.54ms
INF 2026-08-04T20:22:08.440Z > 200 GET /api/v1/ 335.16ms
INF 2026-08-04T20:22:08.440Z > 200 GET /api/v1/ 51.27ms
INF 2026-08-04T20:22:08.440Z > 200 GET /api/v1/ 163.65ms
INF 2026-08-04T20:22:08.440Z > 200 GET /api/v1/ 52.35ms
INF 2026-08-04T20:22:08.441Z > 200 GET /api/v1/ 53.63ms
INF 2026-08-04T20:22:08.441Z > 200 GET /api/v1/ 142.29ms
INF 2026-08-04T20:22:08.441Z > 200 GET /api/v1/ 86.72ms
INF 2026-08-04T20:22:08.442Z > 200 GET /api/v1/ 87.2ms
INF 2026-08-04T20:22:08.442Z > 200 GET /api/v1/ 339.33ms
INF 2026-08-04T20:22:08.443Z > 200 GET /api/v1/ 107.71ms
INF 2026-08-04T20:22:08.443Z > 200 GET /api/v1/ 340.85ms
INF 2026-08-04T20:22:08.443Z > 200 GET /api/v1/ 296.94ms
INF 2026-08-04T20:22:08.443Z > 200 GET /api/v1/ 123.69ms
INF 2026-08-04T20:22:08.444Z > 200 GET /api/v1/ 93.32ms
INF 2026-08-04T20:22:08.444Z > 200 GET /api/v1/ 93.99ms
INF 2026-08-04T20:22:08.444Z > 200 GET /api/v1/ 188.08ms
INF 2026-08-04T20:22:08.444Z > 200 GET /api/v1/ 107.44ms
INF 2026-08-04T20:22:08.445Z > 200 GET /api/v1/ 340.45ms
INF 2026-08-04T20:22:08.448Z > 200 GET /api/v1/ 344.5ms
INF 2026-08-04T20:22:08.448Z > 200 GET /api/v1/ 299.3ms
INF 2026-08-04T20:22:08.448Z > 200 GET /api/v1/ 313.04ms
INF 2026-08-04T20:22:08.449Z > 200 GET /api/v1/ 106.25ms
INF 2026-08-04T20:22:08.449Z > 200 GET /api/v1/ 48.88ms
INF 2026-08-04T20:22:08.450Z > 200 GET /api/v1/ 120.58ms
INF 2026-08-04T20:22:08.450Z > 200 GET /api/v1/ 127.14ms
INF 2026-08-04T20:22:08.451Z > 200 GET /api/v1/ 345.7ms
INF 2026-08-04T20:22:08.451Z > 200 GET /api/v1/ 347.05ms
INF 2026-08-04T20:22:08.451Z > 200 GET /api/v1/ 47.39ms
INF 2026-08-04T20:22:08.452Z > 200 GET /api/v1/ 134.6ms
INF 2026-08-04T20:22:08.452Z > 200 GET /api/v1/ 153.77ms
INF 2026-08-04T20:22:08.454Z > 200 GET /api/v1/ 107.2ms
INF 2026-08-04T20:22:08.454Z > 200 GET /api/v1/ 155.49ms
INF 2026-08-04T20:22:08.455Z > 200 GET /api/v1/ 49.34ms
INF 2026-08-04T20:22:08.455Z > 200 GET /api/v1/ 90.19ms
INF 2026-08-04T20:22:08.456Z > 200 GET /api/v1/ 101.45ms
INF 2026-08-04T20:22:08.456Z > 200 GET /api/v1/ 49.02ms
INF 2026-08-04T20:22:08.457Z > 200 GET /api/v1/ 52.26ms
INF 2026-08-04T20:22:08.459Z > 200 GET /api/v1/ 354.22ms
INF 2026-08-04T20:22:08.459Z > 200 GET /api/v1/ 86.99ms
INF 2026-08-04T20:22:08.460Z > 200 GET /api/v1/ 125.34ms
INF 2026-08-04T20:22:08.462Z > 200 GET /api/v1/ 106.97ms
INF 2026-08-04T20:22:08.465Z > 200 GET /api/v1/ 81.02ms
INF 2026-08-04T20:22:08.466Z > 200 GET /api/v1/ 195.55ms
INF 2026-08-04T20:22:08.476Z > 200 GET /api/v1/ 69.07ms
INF 2026-08-04T20:22:08.477Z > 200 GET /api/v1/ 100.64ms
INF 2026-08-04T20:22:08.477Z > 200 GET /api/v1/ 94.73ms
INF 2026-08-04T20:22:08.478Z > 200 GET /api/v1/ 94.52ms
INF 2026-08-04T20:22:08.478Z > 200 GET /api/v1/ 169.83ms
INF 2026-08-04T20:22:08.478Z > 200 GET /api/v1/ 131.93ms
INF 2026-08-04T20:22:08.479Z > 200 GET /api/v1/ 38.62ms
INF 2026-08-04T20:22:08.480Z > 200 GET /api/v1/ 112.68ms
INF 2026-08-04T20:22:08.480Z > 200 GET /api/v1/ 97.12ms
INF 2026-08-04T20:22:08.481Z > 200 GET /api/v1/ 103.75ms
INF 2026-08-04T20:22:08.481Z > 200 GET /api/v1/ 109.09ms
INF 2026-08-04T20:22:08.481Z > 200 GET /api/v1/ 115.87ms
INF 2026-08-04T20:22:08.482Z > 200 GET /api/v1/ 95.51ms
INF 2026-08-04T20:22:08.482Z > 200 GET /api/v1/ 139.37ms
INF 2026-08-04T20:22:08.482Z > 200 GET /api/v1/ 112.25ms
INF 2026-08-04T20:22:08.482Z > 200 GET /api/v1/ 27.49ms
INF 2026-08-04T20:22:08.483Z > 200 GET /api/v1/ 34.06ms
INF 2026-08-04T20:22:08.483Z > 200 GET /api/v1/ 106.93ms
INF 2026-08-04T20:22:08.483Z > 200 GET /api/v1/ 100.8ms
INF 2026-08-04T20:22:08.483Z > 200 GET /api/v1/ 40.94ms
INF 2026-08-04T20:22:08.483Z > 200 GET /api/v1/ 95.72ms
INF 2026-08-04T20:22:08.484Z > 200 GET /api/v1/ 94.54ms
INF 2026-08-04T20:22:08.484Z > 200 GET /api/v1/ 110.38ms
INF 2026-08-04T20:22:08.484Z > 200 GET /api/v1/ 118.66ms
INF 2026-08-04T20:22:08.485Z > 200 GET /api/v1/ 34.14ms
INF 2026-08-04T20:22:08.485Z > 200 GET /api/v1/ 34.99ms
INF 2026-08-04T20:22:08.485Z > 200 GET /api/v1/ 108.69ms
INF 2026-08-04T20:22:08.486Z > 200 GET /api/v1/ 98.04ms
INF 2026-08-04T20:22:08.486Z > 200 GET /api/v1/ 37.07ms
INF 2026-08-04T20:22:08.486Z > 200 GET /api/v1/ 31.26ms
INF 2026-08-04T20:22:08.487Z > 200 GET /api/v1/ 155.99ms
INF 2026-08-04T20:22:08.487Z > 200 GET /api/v1/ 105.08ms
INF 2026-08-04T20:22:08.487Z > 200 GET /api/v1/ 132.7ms
INF 2026-08-04T20:22:08.488Z > 200 GET /api/v1/ 80.08ms
INF 2026-08-04T20:22:08.495Z > 200 GET /api/v1/ 43.54ms
INF 2026-08-04T20:22:08.495Z > 200 GET /api/v1/ 40.89ms
INF 2026-08-04T20:22:08.496Z > 200 GET /api/v1/ 47.33ms
INF 2026-08-04T20:22:08.496Z > 200 GET /api/v1/ 37.18ms
INF 2026-08-04T20:22:08.498Z > 200 GET /api/v1/ 91.58ms
INF 2026-08-04T20:22:08.499Z > 200 GET /api/v1/ 110.1ms
INF 2026-08-04T20:22:08.500Z > 200 GET /api/v1/ 86.07ms
INF 2026-08-04T20:22:08.500Z > 200 GET /api/v1/ 52.45ms
INF 2026-08-04T20:22:08.502Z > 200 GET /api/v1/ 94.42ms
INF 2026-08-04T20:22:08.503Z > 200 GET /api/v1/ 83.26ms
INF 2026-08-04T20:22:08.503Z > 200 GET /api/v1/ 92.3ms
INF 2026-08-04T20:22:08.514Z > 200 GET /api/v1/ 34.19ms
INF 2026-08-04T20:22:08.514Z > 200 GET /api/v1/ 108.71ms
INF 2026-08-04T20:22:08.515Z > 200 GET /api/v1/ 95.89ms
INF 2026-08-04T20:22:08.515Z > 200 GET /api/v1/ 98.71ms
INF 2026-08-04T20:22:08.516Z > 200 GET /api/v1/ 115.59ms
INF 2026-08-04T20:22:08.516Z > 200 GET /api/v1/ 110.11ms
INF 2026-08-04T20:22:08.517Z > 200 GET /api/v1/ 113.31ms
INF 2026-08-04T20:22:08.519Z > 200 GET /api/v1/ 115.08ms
INF 2026-08-04T20:22:08.519Z > 200 GET /api/v1/ 102.89ms
INF 2026-08-04T20:22:08.519Z > 200 GET /api/v1/ 115.06ms
INF 2026-08-04T20:22:08.520Z > 200 GET /api/v1/ 119.52ms
INF 2026-08-04T20:22:08.520Z > 200 GET /api/v1/ 38.19ms
INF 2026-08-04T20:22:08.520Z > 200 GET /api/v1/ 39.48ms
INF 2026-08-04T20:22:08.521Z > 200 GET /api/v1/ 39.09ms
INF 2026-08-04T20:22:08.521Z > 200 GET /api/v1/ 36.78ms
INF 2026-08-04T20:22:08.521Z > 200 GET /api/v1/ 79.82ms
INF 2026-08-04T20:22:08.523Z > 200 GET /api/v1/ 37.87ms
INF 2026-08-04T20:22:08.523Z > 200 GET /api/v1/ 37.29ms
INF 2026-08-04T20:22:08.523Z > 200 GET /api/v1/ 38.12ms
INF 2026-08-04T20:22:08.524Z > 200 GET /api/v1/ 74.57ms
INF 2026-08-04T20:22:08.524Z > 200 GET /api/v1/ 36.22ms
INF 2026-08-04T20:22:08.525Z > 200 GET /api/v1/ 38.54ms
INF 2026-08-04T20:22:08.525Z > 200 GET /api/v1/ 104.02ms
INF 2026-08-04T20:22:08.525Z > 200 GET /api/v1/ 106.05ms
INF 2026-08-04T20:22:08.526Z > 200 GET /api/v1/ 41.71ms
INF 2026-08-04T20:22:08.526Z > 200 GET /api/v1/ 42.96ms
INF 2026-08-04T20:22:08.526Z > 200 GET /api/v1/ 87.1ms
INF 2026-08-04T20:22:08.527Z > 200 GET /api/v1/ 44.17ms
INF 2026-08-04T20:22:08.528Z > 200 GET /api/v1/ 76.84ms
INF 2026-08-04T20:22:08.528Z > 200 GET /api/v1/ 80.81ms
INF 2026-08-04T20:22:08.529Z > 200 GET /api/v1/ 77.31ms
INF 2026-08-04T20:22:08.529Z > 200 GET /api/v1/ 113.1ms
INF 2026-08-04T20:22:08.537Z > 200 GET /api/v1/ 85.44ms
INF 2026-08-04T20:22:08.538Z > 200 GET /api/v1/ 95.91ms
INF 2026-08-04T20:22:08.538Z > 200 GET /api/v1/ 149.35ms
INF 2026-08-04T20:22:08.539Z > 200 GET /api/v1/ 85.82ms
INF 2026-08-04T20:22:08.540Z > 200 GET /api/v1/ 36.74ms
INF 2026-08-04T20:22:08.540Z > 200 GET /api/v1/ 85.83ms
INF 2026-08-04T20:22:08.541Z > 200 GET /api/v1/ 132.94ms
INF 2026-08-04T20:22:08.541Z > 200 GET /api/v1/ 93.45ms
INF 2026-08-04T20:22:08.551Z > 200 GET /api/v1/ 97.93ms
INF 2026-08-04T20:22:08.552Z > 200 GET /api/v1/ 100.08ms
INF 2026-08-04T20:22:08.552Z > 200 GET /api/v1/ 97.39ms
INF 2026-08-04T20:22:08.552Z > 200 GET /api/v1/ 111.42ms
INF 2026-08-04T20:22:08.553Z > 200 GET /api/v1/ 99.08ms
INF 2026-08-04T20:22:08.553Z > 200 GET /api/v1/ 99.24ms
INF 2026-08-04T20:22:08.553Z > 200 GET /api/v1/ 97.21ms
INF 2026-08-04T20:22:08.554Z > 200 GET /api/v1/ 100.03ms
INF 2026-08-04T20:22:08.554Z > 200 GET /api/v1/ 101.96ms
INF 2026-08-04T20:22:08.554Z > 200 GET /api/v1/ 97.82ms
INF 2026-08-04T20:22:08.554Z > 200 GET /api/v1/ 104.53ms
INF 2026-08-04T20:22:08.555Z > 200 GET /api/v1/ 114.67ms
INF 2026-08-04T20:22:08.555Z > 200 GET /api/v1/ 103.21ms
INF 2026-08-04T20:22:08.555Z > 200 GET /api/v1/ 98.65ms
INF 2026-08-04T20:22:08.555Z > 200 GET /api/v1/ 101.03ms
INF 2026-08-04T20:22:08.556Z > 200 GET /api/v1/ 105.41ms
INF 2026-08-04T20:22:08.556Z > 200 GET /api/v1/ 100.68ms
INF 2026-08-04T20:22:08.556Z > 200 GET /api/v1/ 135.35ms
INF 2026-08-04T20:22:08.557Z > 200 GET /api/v1/ 147.61ms
INF 2026-08-04T20:22:08.558Z > 200 GET /api/v1/ 106.89ms
INF 2026-08-04T20:22:08.558Z > 200 GET /api/v1/ 39.35ms
INF 2026-08-04T20:22:08.559Z > 200 GET /api/v1/ 98.54ms
INF 2026-08-04T20:22:08.560Z > 200 GET /api/v1/ 36.72ms
INF 2026-08-04T20:22:08.563Z > 200 GET /api/v1/ 36.2ms
INF 2026-08-04T20:22:08.571Z > 200 GET /api/v1/ 50.93ms
INF 2026-08-04T20:22:08.572Z > 200 GET /api/v1/ 89.91ms
INF 2026-08-04T20:22:08.573Z > 200 GET /api/v1/ 88.87ms
INF 2026-08-04T20:22:08.574Z > 200 GET /api/v1/ 87.85ms
INF 2026-08-04T20:22:08.574Z > 200 GET /api/v1/ 116.37ms
INF 2026-08-04T20:22:08.574Z > 200 GET /api/v1/ 94.33ms
INF 2026-08-04T20:22:08.577Z > 200 GET /api/v1/ 92.26ms
INF 2026-08-04T20:22:08.578Z > 200 GET /api/v1/ 37.9ms
INF 2026-08-04T20:22:08.578Z > 200 GET /api/v1/ 98.13ms
INF 2026-08-04T20:22:08.579Z > 200 GET /api/v1/ 94.3ms
INF 2026-08-04T20:22:08.580Z > 200 GET /api/v1/ 96.08ms
INF 2026-08-04T20:22:08.581Z > 200 GET /api/v1/ 96.0ms
INF 2026-08-04T20:22:08.582Z > 200 GET /api/v1/ 120.7ms
INF 2026-08-04T20:22:08.582Z > 200 GET /api/v1/ 41.82ms
INF 2026-08-04T20:22:08.582Z > 200 GET /api/v1/ 28.21ms
INF 2026-08-04T20:22:08.583Z > 200 GET /api/v1/ 98.51ms
INF 2026-08-04T20:22:08.583Z > 200 GET /api/v1/ 98.56ms
INF 2026-08-04T20:22:08.584Z > 200 GET /api/v1/ 97.46ms
INF 2026-08-04T20:22:08.584Z > 200 GET /api/v1/ 126.99ms
INF 2026-08-04T20:22:08.586Z > 200 GET /api/v1/ 110.36ms
INF 2026-08-04T20:22:08.586Z > 200 GET /api/v1/ 121.06ms
INF 2026-08-04T20:22:08.587Z > 200 GET /api/v1/ 105.51ms
INF 2026-08-04T20:22:08.587Z > 200 GET /api/v1/ 130.13ms
INF 2026-08-04T20:22:08.587Z > 200 GET /api/v1/ 125.27ms
INF 2026-08-04T20:22:08.587Z > 200 GET /api/v1/ 127.28ms
INF 2026-08-04T20:22:08.588Z > 200 GET /api/v1/ 101.84ms
INF 2026-08-04T20:22:08.588Z > 200 GET /api/v1/ 34.98ms
INF 2026-08-04T20:22:08.597Z > 200 GET /api/v1/ 42.6ms
INF 2026-08-04T20:22:08.598Z > 200 GET /api/v1/ 118.97ms
INF 2026-08-04T20:22:08.600Z > 200 GET /api/v1/ 42.51ms
INF 2026-08-04T20:22:08.601Z > 200 GET /api/v1/ 43.79ms
INF 2026-08-04T20:22:08.601Z > 200 GET /api/v1/ 42.25ms
INF 2026-08-04T20:22:08.601Z > 200 GET /api/v1/ 104.44ms
INF 2026-08-04T20:22:08.602Z > 200 GET /api/v1/ 79.79ms
INF 2026-08-04T20:22:08.603Z > 200 GET /api/v1/ 44.41ms
INF 2026-08-04T20:22:08.603Z > 200 GET /api/v1/ 106.05ms
INF 2026-08-04T20:22:08.611Z > 200 GET /api/v1/ 113.9ms
INF 2026-08-04T20:22:08.614Z > 200 GET /api/v1/ 93.8ms
INF 2026-08-04T20:22:08.615Z > 200 GET /api/v1/ 40.28ms
INF 2026-08-04T20:22:08.616Z > 200 GET /api/v1/ 116.82ms
INF 2026-08-04T20:22:08.616Z > 200 GET /api/v1/ 115.14ms
INF 2026-08-04T20:22:08.617Z > 200 GET /api/v1/ 129.23ms
INF 2026-08-04T20:22:08.618Z > 200 GET /api/v1/ 119.98ms
INF 2026-08-04T20:22:08.618Z > 200 GET /api/v1/ 123.93ms
INF 2026-08-04T20:22:08.619Z > 200 GET /api/v1/ 115.02ms
INF 2026-08-04T20:22:08.619Z > 200 GET /api/v1/ 131.97ms
INF 2026-08-04T20:22:08.619Z > 200 GET /api/v1/ 31.17ms
INF 2026-08-04T20:22:08.619Z > 200 GET /api/v1/ 118.26ms
INF 2026-08-04T20:22:08.620Z > 200 GET /api/v1/ 132.64ms
INF 2026-08-04T20:22:08.620Z > 200 GET /api/v1/ 117.05ms
INF 2026-08-04T20:22:08.621Z > 200 GET /api/v1/ 36.09ms
INF 2026-08-04T20:22:08.621Z > 200 GET /api/v1/ 97.66ms
INF 2026-08-04T20:22:08.621Z > 200 GET /api/v1/ 98.54ms
INF 2026-08-04T20:22:08.621Z > 200 GET /api/v1/ 103.18ms
INF 2026-08-04T20:22:08.622Z > 200 GET /api/v1/ 34.78ms
INF 2026-08-04T20:22:08.622Z > 200 GET /api/v1/ 44.98ms
INF 2026-08-04T20:22:08.622Z > 200 GET /api/v1/ 122.94ms
INF 2026-08-04T20:22:08.623Z > 200 GET /api/v1/ 135.95ms
INF 2026-08-04T20:22:08.623Z > 200 GET /api/v1/ 101.2ms
INF 2026-08-04T20:22:08.624Z > 200 GET /api/v1/ 105.49ms
INF 2026-08-04T20:22:08.624Z > 200 GET /api/v1/ 102.11ms
INF 2026-08-04T20:22:08.625Z > 200 GET /api/v1/ 105.34ms
INF 2026-08-04T20:22:08.625Z > 200 GET /api/v1/ 105.85ms
INF 2026-08-04T20:22:08.625Z > 200 GET /api/v1/ 22.38ms
INF 2026-08-04T20:22:08.625Z > 200 GET /api/v1/ 25.01ms
INF 2026-08-04T20:22:08.637Z > 200 GET /api/v1/ 149.78ms
INF 2026-08-04T20:22:08.637Z > 200 GET /api/v1/ 114.32ms
INF 2026-08-04T20:22:08.638Z > 200 GET /api/v1/ 110.57ms
INF 2026-08-04T20:22:08.638Z > 200 GET /api/v1/ 113.95ms
INF 2026-08-04T20:22:08.639Z > 200 GET /api/v1/ 111.48ms
INF 2026-08-04T20:22:08.639Z > 200 GET /api/v1/ 108.94ms
INF 2026-08-04T20:22:08.639Z > 200 GET /api/v1/ 22.28ms
INF 2026-08-04T20:22:08.639Z > 200 GET /api/v1/ 116.84ms
INF 2026-08-04T20:22:08.641Z > 200 GET /api/v1/ 116.66ms
INF 2026-08-04T20:22:08.641Z > 200 GET /api/v1/ 114.61ms
INF 2026-08-04T20:22:08.641Z > 200 GET /api/v1/ 114.4ms
INF 2026-08-04T20:22:08.643Z > 200 GET /api/v1/ 118.12ms
INF 2026-08-04T20:22:08.643Z > 200 GET /api/v1/ 113.45ms
INF 2026-08-04T20:22:08.643Z > 200 GET /api/v1/ 114.05ms
INF 2026-08-04T20:22:08.643Z > 200 GET /api/v1/ 121.24ms
INF 2026-08-04T20:22:08.644Z > 200 GET /api/v1/ 20.15ms
INF 2026-08-04T20:22:08.647Z > 200 GET /api/v1/ 27.46ms
INF 2026-08-04T20:22:08.647Z > 200 GET /api/v1/ 119.37ms
INF 2026-08-04T20:22:08.647Z > 200 GET /api/v1/ 122.89ms
INF 2026-08-04T20:22:08.647Z > 200 GET /api/v1/ 122.59ms
INF 2026-08-04T20:22:08.648Z > 200 GET /api/v1/ 117.24ms
INF 2026-08-04T20:22:08.649Z > 200 GET /api/v1/ 108.6ms
INF 2026-08-04T20:22:08.649Z > 200 GET /api/v1/ 26.79ms
INF 2026-08-04T20:22:08.650Z > 200 GET /api/v1/ 91.57ms
INF 2026-08-04T20:22:08.650Z > 200 GET /api/v1/ 94.67ms
INF 2026-08-04T20:22:08.650Z > 200 GET /api/v1/ 25.33ms
INF 2026-08-04T20:22:08.651Z > 200 GET /api/v1/ 11.97ms
INF 2026-08-04T20:22:08.651Z > 200 GET /api/v1/ 93.47ms
INF 2026-08-04T20:22:08.652Z > 200 GET /api/v1/ 125.43ms
INF 2026-08-04T20:22:08.653Z > 200 GET /api/v1/ 94.92ms
INF 2026-08-04T20:22:08.653Z > 200 GET /api/v1/ 94.91ms
INF 2026-08-04T20:22:08.654Z > 200 GET /api/v1/ 101.56ms
INF 2026-08-04T20:22:08.654Z > 200 GET /api/v1/ 95.68ms
INF 2026-08-04T20:22:08.654Z > 200 GET /api/v1/ 97.0ms
INF 2026-08-04T20:22:08.654Z > 200 GET /api/v1/ 16.06ms
INF 2026-08-04T20:22:08.656Z > 200 GET /api/v1/ 96.56ms
INF 2026-08-04T20:22:08.656Z > 200 GET /api/v1/ 97.06ms
INF 2026-08-04T20:22:08.657Z > 200 GET /api/v1/ 96.86ms
INF 2026-08-04T20:22:08.657Z > 200 GET /api/v1/ 13.71ms
INF 2026-08-04T20:22:08.659Z > 200 GET /api/v1/ 100.61ms
INF 2026-08-04T20:22:08.660Z > 200 GET /api/v1/ 12.33ms
INF 2026-08-04T20:22:08.660Z > 200 GET /api/v1/ 101.82ms
INF 2026-08-04T20:22:08.661Z > 200 GET /api/v1/ 97.64ms
INF 2026-08-04T20:22:08.661Z > 200 GET /api/v1/ 9.95ms
INF 2026-08-04T20:22:08.661Z > 200 GET /api/v1/ 102.5ms
INF 2026-08-04T20:22:08.670Z > 200 GET /api/v1/ 16.49ms
INF 2026-08-04T20:22:08.671Z > 200 GET /api/v1/ 110.95ms
INF 2026-08-04T20:22:08.671Z > 200 GET /api/v1/ 112.81ms
INF 2026-08-04T20:22:08.672Z > 200 GET /api/v1/ 112.27ms
INF 2026-08-04T20:22:08.672Z > 200 GET /api/v1/ 113.03ms
INF 2026-08-04T20:22:08.674Z > 200 GET /api/v1/ 19.9ms
INF 2026-08-04T20:22:08.677Z > 200 GET /api/v1/ 116.82ms
INF 2026-08-04T20:22:08.677Z > 200 GET /api/v1/ 117.86ms
INF 2026-08-04T20:22:08.681Z > 200 GET /api/v1/ 108.78ms
INF 2026-08-04T20:22:08.681Z > 200 GET /api/v1/ 122.15ms
INF 2026-08-04T20:22:08.681Z > 200 GET /api/v1/ 20.38ms
INF 2026-08-04T20:22:08.682Z > 200 GET /api/v1/ 105.78ms
INF 2026-08-04T20:22:08.682Z > 200 GET /api/v1/ 108.87ms
INF 2026-08-04T20:22:08.684Z > 200 GET /api/v1/ 11.96ms
INF 2026-08-04T20:22:08.684Z > 200 GET /api/v1/ 14.22ms
INF 2026-08-04T20:22:08.687Z > 200 GET /api/v1/ 14.56ms
INF 2026-08-04T20:22:08.689Z > 200 GET /api/v1/ 91.36ms
INF 2026-08-04T20:22:08.692Z > 200 GET /api/v1/ 10.24ms
INF 2026-08-04T20:22:08.693Z > 200 GET /api/v1/ 110.92ms
INF 2026-08-04T20:22:08.695Z > 200 GET /api/v1/ 92.62ms
INF 2026-08-04T20:22:08.695Z > 200 GET /api/v1/ 112.41ms
INF 2026-08-04T20:22:08.700Z > 200 GET /api/v1/ 97.14ms
INF 2026-08-04T20:22:08.703Z > 200 GET /api/v1/ 122.08ms
INF 2026-08-04T20:22:08.703Z > 200 GET /api/v1/ 117.54ms
INF 2026-08-04T20:22:08.704Z > 200 GET /api/v1/ 105.64ms
INF 2026-08-04T20:22:08.704Z > 200 GET /api/v1/ 11.45ms
INF 2026-08-04T20:22:08.705Z > 200 GET /api/v1/ 106.23ms
INF 2026-08-04T20:22:08.706Z > 200 GET /api/v1/ 21.8ms
INF 2026-08-04T20:22:08.706Z > 200 GET /api/v1/ 107.94ms
INF 2026-08-04T20:22:08.710Z > 200 GET /api/v1/ 124.8ms
INF 2026-08-04T20:22:08.712Z > 200 GET /api/v1/ 113.68ms
INF 2026-08-04T20:22:08.713Z > 200 GET /api/v1/ 115.46ms
INF 2026-08-04T20:22:08.713Z > 200 GET /api/v1/ 110.27ms
INF 2026-08-04T20:22:08.714Z > 200 GET /api/v1/ 132.09ms
INF 2026-08-04T20:22:08.717Z > 200 GET /api/v1/ 98.96ms
INF 2026-08-04T20:22:08.718Z > 200 GET /api/v1/ 119.54ms
INF 2026-08-04T20:22:08.718Z > 200 GET /api/v1/ 118.31ms
INF 2026-08-04T20:22:08.719Z > 200 GET /api/v1/ 101.33ms
INF 2026-08-04T20:22:08.719Z > 200 GET /api/v1/ 116.57ms
INF 2026-08-04T20:22:08.719Z > 200 GET /api/v1/ 121.87ms
INF 2026-08-04T20:22:08.732Z > 200 GET /api/v1/ 146.69ms
INF 2026-08-04T20:22:08.733Z > 200 GET /api/v1/ 149.29ms
INF 2026-08-04T20:22:08.733Z > 200 GET /api/v1/ 113.11ms
INF 2026-08-04T20:22:08.735Z > 200 GET /api/v1/ 113.46ms
INF 2026-08-04T20:22:08.736Z > 200 GET /api/v1/ 31.27ms
INF 2026-08-04T20:22:08.740Z > 200 GET /api/v1/ 123.75ms
INF 2026-08-04T20:22:08.741Z > 200 GET /api/v1/ 21.61ms
INF 2026-08-04T20:22:08.742Z > 200 GET /api/v1/ 155.19ms
INF 2026-08-04T20:22:08.742Z > 200 GET /api/v1/ 139.77ms
INF 2026-08-04T20:22:08.746Z > 200 GET /api/v1/ 119.83ms
INF 2026-08-04T20:22:08.746Z > 200 GET /api/v1/ 127.71ms
INF 2026-08-04T20:22:08.747Z > 200 GET /api/v1/ 121.52ms
INF 2026-08-04T20:22:08.748Z > 200 GET /api/v1/ 124.68ms
INF 2026-08-04T20:22:08.748Z > 200 GET /api/v1/ 28.97ms
INF 2026-08-04T20:22:08.749Z > 200 GET /api/v1/ 125.8ms
INF 2026-08-04T20:22:08.749Z > 200 GET /api/v1/ 31.01ms
INF 2026-08-04T20:22:08.753Z > 200 GET /api/v1/ 131.09ms
INF 2026-08-04T20:22:08.754Z > 200 GET /api/v1/ 110.32ms
INF 2026-08-04T20:22:08.755Z > 200 GET /api/v1/ 141.47ms
INF 2026-08-04T20:22:08.755Z > 200 GET /api/v1/ 107.16ms
INF 2026-08-04T20:22:08.755Z > 200 GET /api/v1/ 179.06ms
INF 2026-08-04T20:22:08.756Z > 200 GET /api/v1/ 113.94ms
INF 2026-08-04T20:22:08.756Z > 200 GET /api/v1/ 152.65ms
INF 2026-08-04T20:22:08.757Z > 200 GET /api/v1/ 158.79ms
INF 2026-08-04T20:22:08.758Z > 200 GET /api/v1/ 134.83ms
INF 2026-08-04T20:22:08.758Z > 200 GET /api/v1/ 113.5ms
INF 2026-08-04T20:22:08.759Z > 200 GET /api/v1/ 141.4ms
INF 2026-08-04T20:22:08.760Z > 200 GET /api/v1/ 40.88ms
INF 2026-08-04T20:22:08.760Z > 200 GET /api/v1/ 140.34ms
INF 2026-08-04T20:22:08.760Z > 200 GET /api/v1/ 112.01ms
INF 2026-08-04T20:22:08.761Z > 200 GET /api/v1/ 120.88ms
INF 2026-08-04T20:22:08.761Z > 200 GET /api/v1/ 141.0ms
INF 2026-08-04T20:22:08.762Z > 200 GET /api/v1/ 141.51ms
INF 2026-08-04T20:22:08.762Z > 200 GET /api/v1/ 118.18ms
INF 2026-08-04T20:22:08.762Z > 200 GET /api/v1/ 122.66ms
INF 2026-08-04T20:22:08.763Z > 200 GET /api/v1/ 136.74ms
INF 2026-08-04T20:22:08.763Z > 200 GET /api/v1/ 137.28ms
INF 2026-08-04T20:22:08.772Z > 200 GET /api/v1/ 147.62ms
INF 2026-08-04T20:22:08.773Z > 200 GET /api/v1/ 146.85ms
INF 2026-08-04T20:22:08.773Z > 200 GET /api/v1/ 133.5ms
INF 2026-08-04T20:22:08.774Z > 200 GET /api/v1/ 133.82ms
INF 2026-08-04T20:22:08.774Z > 200 GET /api/v1/ 132.38ms
INF 2026-08-04T20:22:08.775Z > 200 GET /api/v1/ 155.54ms
INF 2026-08-04T20:22:08.775Z > 200 GET /api/v1/ 134.99ms
INF 2026-08-04T20:22:08.775Z > 200 GET /api/v1/ 152.51ms
INF 2026-08-04T20:22:08.776Z > 200 GET /api/v1/ 132.02ms
INF 2026-08-04T20:22:08.776Z > 200 GET /api/v1/ 136.18ms
INF 2026-08-04T20:22:08.777Z > 200 GET /api/v1/ 151.13ms
INF 2026-08-04T20:22:08.778Z > 200 GET /api/v1/ 126.1ms
INF 2026-08-04T20:22:08.778Z > 200 GET /api/v1/ 130.17ms
INF 2026-08-04T20:22:08.778Z > 200 GET /api/v1/ 36.18ms
INF 2026-08-04T20:22:08.784Z > 200 GET /api/v1/ 129.4ms
INF 2026-08-04T20:22:08.784Z > 200 GET /api/v1/ 135.42ms
INF 2026-08-04T20:22:08.784Z > 200 GET /api/v1/ 133.82ms
INF 2026-08-04T20:22:08.788Z > 200 GET /api/v1/ 137.25ms
INF 2026-08-04T20:22:08.789Z > 200 GET /api/v1/ 133.89ms
INF 2026-08-04T20:22:08.789Z > 200 GET /api/v1/ 39.6ms
INF 2026-08-04T20:22:08.789Z > 200 GET /api/v1/ 139.06ms
INF 2026-08-04T20:22:08.789Z > 200 GET /api/v1/ 147.82ms
INF 2026-08-04T20:22:08.790Z > 200 GET /api/v1/ 137.58ms
INF 2026-08-04T20:22:08.791Z > 200 GET /api/v1/ 140.16ms
INF 2026-08-04T20:22:08.793Z > 200 GET /api/v1/ 136.53ms
INF 2026-08-04T20:22:08.793Z > 200 GET /api/v1/ 142.61ms
INF 2026-08-04T20:22:08.793Z > 200 GET /api/v1/ 137.61ms
INF 2026-08-04T20:22:08.794Z > 200 GET /api/v1/ 35.97ms
INF 2026-08-04T20:22:08.794Z > 200 GET /api/v1/ 139.07ms
INF 2026-08-04T20:22:08.795Z > 200 GET /api/v1/ 20.43ms
INF 2026-08-04T20:22:08.795Z > 200 GET /api/v1/ 32.2ms
INF 2026-08-04T20:22:08.795Z > 200 GET /api/v1/ 35.7ms
INF 2026-08-04T20:22:08.796Z > 200 GET /api/v1/ 33.08ms
INF 2026-08-04T20:22:08.796Z > 200 GET /api/v1/ 139.27ms
INF 2026-08-04T20:22:08.796Z > 200 GET /api/v1/ 119.01ms
INF 2026-08-04T20:22:08.799Z > 200 GET /api/v1/ 22.9ms
INF 2026-08-04T20:22:08.799Z > 200 GET /api/v1/ 141.42ms
INF 2026-08-04T20:22:08.799Z > 200 GET /api/v1/ 104.13ms
INF 2026-08-04T20:22:08.800Z > 200 GET /api/v1/ 145.89ms
INF 2026-08-04T20:22:08.801Z > 200 GET /api/v1/ 11.95ms
INF 2026-08-04T20:22:08.802Z > 200 GET /api/v1/ 9.26ms
INF 2026-08-04T20:22:08.803Z > 200 GET /api/v1/ 132.61ms
INF 2026-08-04T20:22:08.803Z > 200 GET /api/v1/ 7.3ms
INF 2026-08-04T20:22:08.804Z > 200 GET /api/v1/ 121.43ms
INF 2026-08-04T20:22:08.804Z > 200 GET /api/v1/ 7.52ms
INF 2026-08-04T20:22:08.804Z > 200 GET /api/v1/ 100.62ms
INF 2026-08-04T20:22:08.809Z > 200 GET /api/v1/ 6.72ms
INF 2026-08-04T20:22:08.817Z > 200 GET /api/v1/ 112.88ms
INF 2026-08-04T20:22:08.819Z > 200 GET /api/v1/ 136.47ms
INF 2026-08-04T20:22:08.819Z > 200 GET /api/v1/ 15.02ms
INF 2026-08-04T20:22:08.819Z > 200 GET /api/v1/ 124.06ms
INF 2026-08-04T20:22:08.822Z > 200 GET /api/v1/ 116.2ms
INF 2026-08-04T20:22:08.829Z > 200 GET /api/v1/ 24.28ms
INF 2026-08-04T20:22:08.834Z > 200 GET /api/v1/ 163.53ms
INF 2026-08-04T20:22:08.834Z > 200 GET /api/v1/ 94.43ms
INF 2026-08-04T20:22:08.835Z > 200 GET /api/v1/ 162.91ms
INF 2026-08-04T20:22:08.835Z > 200 GET /api/v1/ 99.37ms
INF 2026-08-04T20:22:08.836Z > 200 GET /api/v1/ 121.59ms
INF 2026-08-04T20:22:08.836Z > 200 GET /api/v1/ 117.83ms
INF 2026-08-04T20:22:08.836Z > 200 GET /api/v1/ 99.5ms
INF 2026-08-04T20:22:08.836Z > 200 GET /api/v1/ 99.86ms
INF 2026-08-04T20:22:08.837Z > 200 GET /api/v1/ 134.65ms
INF 2026-08-04T20:22:08.837Z > 200 GET /api/v1/ 133.04ms
INF 2026-08-04T20:22:08.838Z > 200 GET /api/v1/ 131.82ms
INF 2026-08-04T20:22:08.838Z > 200 GET /api/v1/ 125.33ms
INF 2026-08-04T20:22:08.839Z > 200 GET /api/v1/ 156.46ms
INF 2026-08-04T20:22:08.839Z > 200 GET /api/v1/ 152.69ms
INF 2026-08-04T20:22:08.839Z > 200 GET /api/v1/ 96.0ms
INF 2026-08-04T20:22:08.840Z > 200 GET /api/v1/ 157.77ms
INF 2026-08-04T20:22:08.840Z > 200 GET /api/v1/ 179.22ms
INF 2026-08-04T20:22:08.840Z > 200 GET /api/v1/ 126.6ms
INF 2026-08-04T20:22:08.840Z > 200 GET /api/v1/ 104.53ms
INF 2026-08-04T20:22:08.841Z > 200 GET /api/v1/ 127.28ms
INF 2026-08-04T20:22:08.841Z > 200 GET /api/v1/ 151.33ms
INF 2026-08-04T20:22:08.841Z > 200 GET /api/v1/ 93.37ms
INF 2026-08-04T20:22:08.842Z > 200 GET /api/v1/ 105.91ms
INF 2026-08-04T20:22:08.842Z > 200 GET /api/v1/ 122.65ms
INF 2026-08-04T20:22:08.843Z > 200 GET /api/v1/ 138.06ms
INF 2026-08-04T20:22:08.843Z > 200 GET /api/v1/ 24.37ms
INF 2026-08-04T20:22:08.844Z > 200 GET /api/v1/ 170.64ms
INF 2026-08-04T20:22:08.847Z > 200 GET /api/v1/ 99.58ms
INF 2026-08-04T20:22:08.847Z > 200 GET /api/v1/ 74.85ms
INF 2026-08-04T20:22:08.847Z > 200 GET /api/v1/ 186.44ms
INF 2026-08-04T20:22:08.850Z > 200 GET /api/v1/ 175.61ms
INF 2026-08-04T20:22:08.851Z > 200 GET /api/v1/ 157.45ms
INF 2026-08-04T20:22:08.860Z > 200 GET /api/v1/ 172.89ms
INF 2026-08-04T20:22:08.861Z > 200 GET /api/v1/ 148.61ms
INF 2026-08-04T20:22:08.862Z > 200 GET /api/v1/ 101.04ms
INF 2026-08-04T20:22:08.863Z > 200 GET /api/v1/ 115.25ms
INF 2026-08-04T20:22:08.863Z > 200 GET /api/v1/ 91.26ms
INF 2026-08-04T20:22:08.864Z > 200 GET /api/v1/ 104.98ms
INF 2026-08-04T20:22:08.864Z > 200 GET /api/v1/ 186.63ms
INF 2026-08-04T20:22:08.865Z > 200 GET /api/v1/ 25.24ms
INF 2026-08-04T20:22:08.865Z > 200 GET /api/v1/ 92.89ms
INF 2026-08-04T20:22:08.868Z > 200 GET /api/v1/ 28.89ms
INF 2026-08-04T20:22:08.868Z > 200 GET /api/v1/ 198.07ms
INF 2026-08-04T20:22:08.868Z > 200 GET /api/v1/ 111.01ms
INF 2026-08-04T20:22:08.869Z > 200 GET /api/v1/ 111.37ms
INF 2026-08-04T20:22:08.869Z > 200 GET /api/v1/ 26.88ms
INF 2026-08-04T20:22:08.870Z > 200 GET /api/v1/ 66.83ms
INF 2026-08-04T20:22:08.870Z > 200 GET /api/v1/ 93.86ms
INF 2026-08-04T20:22:08.870Z > 200 GET /api/v1/ 32.17ms
INF 2026-08-04T20:22:08.871Z > 200 GET /api/v1/ 95.07ms
INF 2026-08-04T20:22:08.871Z > 200 GET /api/v1/ 28.36ms
INF 2026-08-04T20:22:08.872Z > 200 GET /api/v1/ 96.49ms
INF 2026-08-04T20:22:08.872Z > 200 GET /api/v1/ 122.29ms
INF 2026-08-04T20:22:08.872Z > 200 GET /api/v1/ 110.06ms
INF 2026-08-04T20:22:08.872Z > 200 GET /api/v1/ 97.28ms
INF 2026-08-04T20:22:08.873Z > 200 GET /api/v1/ 112.55ms
INF 2026-08-04T20:22:08.873Z > 200 GET /api/v1/ 31.18ms
INF 2026-08-04T20:22:08.877Z > 200 GET /api/v1/ 35.72ms
INF 2026-08-04T20:22:08.877Z > 200 GET /api/v1/ 36.4ms
INF 2026-08-04T20:22:08.877Z > 200 GET /api/v1/ 102.49ms
INF 2026-08-04T20:22:08.878Z > 200 GET /api/v1/ 127.99ms
INF 2026-08-04T20:22:08.878Z > 200 GET /api/v1/ 30.66ms
INF 2026-08-04T20:22:08.878Z > 200 GET /api/v1/ 128.66ms
INF 2026-08-04T20:22:08.879Z > 200 GET /api/v1/ 119.95ms
INF 2026-08-04T20:22:08.880Z > 200 GET /api/v1/ 103.24ms
INF 2026-08-04T20:22:08.880Z > 200 GET /api/v1/ 103.14ms
INF 2026-08-04T20:22:08.881Z > 200 GET /api/v1/ 40.47ms
INF 2026-08-04T20:22:08.881Z > 200 GET /api/v1/ 103.61ms
INF 2026-08-04T20:22:08.881Z > 200 GET /api/v1/ 103.76ms
INF 2026-08-04T20:22:08.881Z > 200 GET /api/v1/ 103.96ms
INF 2026-08-04T20:22:08.882Z > 200 GET /api/v1/ 104.41ms
INF 2026-08-04T20:22:08.882Z > 200 GET /api/v1/ 104.98ms
INF 2026-08-04T20:22:08.883Z > 200 GET /api/v1/ 105.67ms
INF 2026-08-04T20:22:08.884Z > 200 GET /api/v1/ 19.77ms
INF 2026-08-04T20:22:08.884Z > 200 GET /api/v1/ 19.39ms
INF 2026-08-04T20:22:08.885Z > 200 GET /api/v1/ 14.17ms
INF 2026-08-04T20:22:08.885Z > 200 GET /api/v1/ 107.95ms
INF 2026-08-04T20:22:08.894Z > 200 GET /api/v1/ 22.41ms
INF 2026-08-04T20:22:08.895Z > 200 GET /api/v1/ 24.74ms
INF 2026-08-04T20:22:08.896Z > 200 GET /api/v1/ 117.91ms
INF 2026-08-04T20:22:08.896Z > 200 GET /api/v1/ 102.12ms
INF 2026-08-04T20:22:08.902Z > 200 GET /api/v1/ 107.48ms
INF 2026-08-04T20:22:08.902Z > 200 GET /api/v1/ 107.61ms
INF 2026-08-04T20:22:08.903Z > 200 GET /api/v1/ 24.7ms
INF 2026-08-04T20:22:08.904Z > 200 GET /api/v1/ 125.36ms
INF 2026-08-04T20:22:08.910Z > 200 GET /api/v1/ 29.26ms
INF 2026-08-04T20:22:08.911Z > 200 GET /api/v1/ 116.59ms
INF 2026-08-04T20:22:08.912Z > 200 GET /api/v1/ 133.89ms
INF 2026-08-04T20:22:08.913Z > 200 GET /api/v1/ 27.57ms
INF 2026-08-04T20:22:08.913Z > 200 GET /api/v1/ 122.93ms
INF 2026-08-04T20:22:08.915Z > 200 GET /api/v1/ 129.37ms
INF 2026-08-04T20:22:08.915Z > 200 GET /api/v1/ 129.67ms
INF 2026-08-04T20:22:08.916Z > 200 GET /api/v1/ 115.11ms
INF 2026-08-04T20:22:08.916Z > 200 GET /api/v1/ 125.55ms
INF 2026-08-04T20:22:08.916Z > 200 GET /api/v1/ 125.59ms
INF 2026-08-04T20:22:08.916Z > 200 GET /api/v1/ 131.0ms
INF 2026-08-04T20:22:08.917Z > 200 GET /api/v1/ 126.73ms
INF 2026-08-04T20:22:08.917Z > 200 GET /api/v1/ 122.69ms
INF 2026-08-04T20:22:08.917Z > 200 GET /api/v1/ 117.49ms
INF 2026-08-04T20:22:08.918Z > 200 GET /api/v1/ 121.03ms
INF 2026-08-04T20:22:08.920Z > 200 GET /api/v1/ 141.73ms
INF 2026-08-04T20:22:08.921Z > 200 GET /api/v1/ 125.0ms
INF 2026-08-04T20:22:08.921Z > 200 GET /api/v1/ 121.47ms
INF 2026-08-04T20:22:08.921Z > 200 GET /api/v1/ 124.56ms
INF 2026-08-04T20:22:08.922Z > 200 GET /api/v1/ 102.16ms
INF 2026-08-04T20:22:08.922Z > 200 GET /api/v1/ 126.2ms
INF 2026-08-04T20:22:08.923Z > 200 GET /api/v1/ 113.51ms
INF 2026-08-04T20:22:08.923Z > 200 GET /api/v1/ 123.29ms
INF 2026-08-04T20:22:08.924Z > 200 GET /api/v1/ 145.16ms
INF 2026-08-04T20:22:08.924Z > 200 GET /api/v1/ 133.9ms
INF 2026-08-04T20:22:08.924Z > 200 GET /api/v1/ 123.35ms
INF 2026-08-04T20:22:08.925Z > 200 GET /api/v1/ 121.5ms
INF 2026-08-04T20:22:08.930Z > 200 GET /api/v1/ 92.63ms
INF 2026-08-04T20:22:08.930Z > 200 GET /api/v1/ 92.93ms
INF 2026-08-04T20:22:08.931Z > 200 GET /api/v1/ 92.21ms
INF 2026-08-04T20:22:08.931Z > 200 GET /api/v1/ 107.51ms
INF 2026-08-04T20:22:08.940Z > 200 GET /api/v1/ 100.61ms
INF 2026-08-04T20:22:08.941Z > 200 GET /api/v1/ 136.58ms
INF 2026-08-04T20:22:08.942Z > 200 GET /api/v1/ 122.42ms
INF 2026-08-04T20:22:08.942Z > 200 GET /api/v1/ 26.03ms
INF 2026-08-04T20:22:08.943Z > 200 GET /api/v1/ 105.09ms
INF 2026-08-04T20:22:08.944Z > 200 GET /api/v1/ 102.37ms
INF 2026-08-04T20:22:08.945Z > 200 GET /api/v1/ 107.03ms
INF 2026-08-04T20:22:08.945Z > 200 GET /api/v1/ 29.42ms
INF 2026-08-04T20:22:08.945Z > 200 GET /api/v1/ 75.6ms
INF 2026-08-04T20:22:08.946Z > 200 GET /api/v1/ 101.92ms
INF 2026-08-04T20:22:08.946Z > 200 GET /api/v1/ 30.1ms
INF 2026-08-04T20:22:08.946Z > 200 GET /api/v1/ 102.53ms
INF 2026-08-04T20:22:08.947Z > 200 GET /api/v1/ 30.32ms
INF 2026-08-04T20:22:08.948Z > 200 GET /api/v1/ 118.67ms
INF 2026-08-04T20:22:08.949Z > 200 GET /api/v1/ 26.18ms
INF 2026-08-04T20:22:08.950Z > 200 GET /api/v1/ 112.17ms
INF 2026-08-04T20:22:08.950Z > 200 GET /api/v1/ 108.29ms
INF 2026-08-04T20:22:08.951Z > 200 GET /api/v1/ 105.84ms
INF 2026-08-04T20:22:08.951Z > 200 GET /api/v1/ 111.14ms
INF 2026-08-04T20:22:08.957Z > 200 GET /api/v1/ 15.46ms
INF 2026-08-04T20:22:08.957Z > 200 GET /api/v1/ 33.85ms
INF 2026-08-04T20:22:08.957Z > 200 GET /api/v1/ 33.06ms
INF 2026-08-04T20:22:08.958Z > 200 GET /api/v1/ 116.06ms
INF 2026-08-04T20:22:08.959Z > 200 GET /api/v1/ 17.07ms
INF 2026-08-04T20:22:08.960Z > 200 GET /api/v1/ 95.46ms
INF 2026-08-04T20:22:08.960Z > 200 GET /api/v1/ 95.96ms
INF 2026-08-04T20:22:08.961Z > 200 GET /api/v1/ 99.04ms
INF 2026-08-04T20:22:08.961Z > 200 GET /api/v1/ 15.45ms
INF 2026-08-04T20:22:08.962Z > 200 GET /api/v1/ 99.07ms
INF 2026-08-04T20:22:08.962Z > 200 GET /api/v1/ 101.79ms
INF 2026-08-04T20:22:08.962Z > 200 GET /api/v1/ 142.62ms
INF 2026-08-04T20:22:08.963Z > 200 GET /api/v1/ 119.76ms
INF 2026-08-04T20:22:08.964Z > 200 GET /api/v1/ 98.91ms
INF 2026-08-04T20:22:08.970Z > 200 GET /api/v1/ 119.14ms
INF 2026-08-04T20:22:08.971Z > 200 GET /api/v1/ 123.7ms
INF 2026-08-04T20:22:08.971Z > 200 GET /api/v1/ 127.38ms
INF 2026-08-04T20:22:08.973Z > 200 GET /api/v1/ 135.29ms
INF 2026-08-04T20:22:08.975Z > 200 GET /api/v1/ 127.5ms
INF 2026-08-04T20:22:08.976Z > 200 GET /api/v1/ 132.45ms
INF 2026-08-04T20:22:08.977Z > 200 GET /api/v1/ 107.79ms
INF 2026-08-04T20:22:08.997Z > 200 GET /api/v1/ 51.56ms
INF 2026-08-04T20:22:08.998Z > 200 GET /api/v1/ 132.23ms
INF 2026-08-04T20:22:08.998Z > 200 GET /api/v1/ 126.69ms
INF 2026-08-04T20:22:08.998Z > 200 GET /api/v1/ 124.5ms
INF 2026-08-04T20:22:08.999Z > 200 GET /api/v1/ 120.26ms
INF 2026-08-04T20:22:09.002Z > 200 GET /api/v1/ 42.05ms
INF 2026-08-04T20:22:09.004Z > 200 GET /api/v1/ 124.81ms
INF 2026-08-04T20:22:09.007Z > 200 GET /api/v1/ 133.79ms
INF 2026-08-04T20:22:09.008Z > 200 GET /api/v1/ 138.47ms
INF 2026-08-04T20:22:09.009Z > 200 GET /api/v1/ 136.75ms
INF 2026-08-04T20:22:09.010Z > 200 GET /api/v1/ 137.16ms
INF 2026-08-04T20:22:09.010Z > 200 GET /api/v1/ 47.43ms
INF 2026-08-04T20:22:09.010Z > 200 GET /api/v1/ 48.03ms
INF 2026-08-04T20:22:09.010Z > 200 GET /api/v1/ 130.04ms
INF 2026-08-04T20:22:09.011Z > 200 GET /api/v1/ 131.15ms
INF 2026-08-04T20:22:09.011Z > 200 GET /api/v1/ 132.01ms
INF 2026-08-04T20:22:09.011Z > 200 GET /api/v1/ 47.73ms
INF 2026-08-04T20:22:09.012Z > 200 GET /api/v1/ 141.52ms
INF 2026-08-04T20:22:09.013Z > 200 GET /api/v1/ 147.36ms
INF 2026-08-04T20:22:09.014Z > 200 GET /api/v1/ 43.32ms
INF 2026-08-04T20:22:09.015Z > 200 GET /api/v1/ 142.75ms
INF 2026-08-04T20:22:09.015Z > 200 GET /api/v1/ 135.31ms
INF 2026-08-04T20:22:09.016Z > 200 GET /api/v1/ 142.48ms
INF 2026-08-04T20:22:09.017Z > 200 GET /api/v1/ 144.37ms
INF 2026-08-04T20:22:09.017Z > 200 GET /api/v1/ 146.77ms
INF 2026-08-04T20:22:09.017Z > 200 GET /api/v1/ 137.88ms
INF 2026-08-04T20:22:09.018Z > 200 GET /api/v1/ 42.66ms
INF 2026-08-04T20:22:09.028Z > 200 GET /api/v1/ 145.82ms
INF 2026-08-04T20:22:09.033Z > 200 GET /api/v1/ 150.57ms
INF 2026-08-04T20:22:09.036Z > 200 GET /api/v1/ 37.79ms
INF 2026-08-04T20:22:09.036Z > 200 GET /api/v1/ 38.28ms
INF 2026-08-04T20:22:09.036Z > 200 GET /api/v1/ 154.68ms
INF 2026-08-04T20:22:09.037Z > 200 GET /api/v1/ 28.79ms
INF 2026-08-04T20:22:09.037Z > 200 GET /api/v1/ 37.93ms
INF 2026-08-04T20:22:09.040Z > 200 GET /api/v1/ 31.95ms
INF 2026-08-04T20:22:09.045Z > 200 GET /api/v1/ 35.31ms
INF 2026-08-04T20:22:09.047Z > 200 GET /api/v1/ 31.43ms
INF 2026-08-04T20:22:09.047Z > 200 GET /api/v1/ 31.39ms
INF 2026-08-04T20:22:09.048Z > 200 GET /api/v1/ 31.21ms
INF 2026-08-04T20:22:09.053Z > 200 GET /api/v1/ 35.43ms
INF 2026-08-04T20:22:09.054Z > 200 GET /api/v1/ 35.89ms
INF 2026-08-04T20:22:09.054Z > 200 GET /api/v1/ 172.0ms
INF 2026-08-04T20:22:09.056Z > 200 GET /api/v1/ 27.59ms
INF 2026-08-04T20:22:09.058Z > 200 GET /api/v1/ 47.7ms
INF 2026-08-04T20:22:09.059Z > 200 GET /api/v1/ 175.81ms
INF 2026-08-04T20:22:09.059Z > 200 GET /api/v1/ 46.88ms
INF 2026-08-04T20:22:09.060Z > 200 GET /api/v1/ 177.23ms
INF 2026-08-04T20:22:09.060Z > 200 GET /api/v1/ 48.71ms
INF 2026-08-04T20:22:09.068Z > 200 GET /api/v1/ 31.79ms
INF 2026-08-04T20:22:09.069Z > 200 GET /api/v1/ 31.75ms
INF 2026-08-04T20:22:09.069Z > 200 GET /api/v1/ 54.8ms
INF 2026-08-04T20:22:09.073Z > 200 GET /api/v1/ 170.16ms
INF 2026-08-04T20:22:09.077Z > 200 GET /api/v1/ 31.32ms
INF 2026-08-04T20:22:09.079Z > 200 GET /api/v1/ 181.8ms
INF 2026-08-04T20:22:09.079Z > 200 GET /api/v1/ 41.92ms
INF 2026-08-04T20:22:09.084Z > 200 GET /api/v1/ 30.12ms
INF 2026-08-04T20:22:09.085Z > 200 GET /api/v1/ 32.47ms
INF 2026-08-04T20:22:09.086Z > 200 GET /api/v1/ 201.91ms
INF 2026-08-04T20:22:09.086Z > 200 GET /api/v1/ 189.18ms
INF 2026-08-04T20:22:09.086Z > 200 GET /api/v1/ 30.66ms
INF 2026-08-04T20:22:09.087Z > 200 GET /api/v1/ 28.08ms
INF 2026-08-04T20:22:09.088Z > 200 GET /api/v1/ 183.44ms
INF 2026-08-04T20:22:09.090Z > 200 GET /api/v1/ 16.75ms
INF 2026-08-04T20:22:09.093Z > 200 GET /api/v1/ 196.6ms
INF 2026-08-04T20:22:09.093Z > 200 GET /api/v1/ 14.04ms
INF 2026-08-04T20:22:09.094Z > 200 GET /api/v1/ 15.58ms
INF 2026-08-04T20:22:09.099Z > 200 GET /api/v1/ 195.78ms
INF 2026-08-04T20:22:09.099Z > 200 GET /api/v1/ 203.35ms
INF 2026-08-04T20:22:09.101Z > 200 GET /api/v1/ 14.61ms
INF 2026-08-04T20:22:09.101Z > 200 GET /api/v1/ 16.57ms
INF 2026-08-04T20:22:09.101Z > 200 GET /api/v1/ 14.32ms
INF 2026-08-04T20:22:09.102Z > 200 GET /api/v1/ 197.91ms
INF 2026-08-04T20:22:09.103Z > 200 GET /api/v1/ 9.95ms
INF 2026-08-04T20:22:09.104Z > 200 GET /api/v1/ 219.5ms
INF 2026-08-04T20:22:09.106Z > 200 GET /api/v1/ 221.71ms
INF 2026-08-04T20:22:09.106Z > 200 GET /api/v1/ 220.61ms
INF 2026-08-04T20:22:09.107Z > 200 GET /api/v1/ 5.52ms
INF 2026-08-04T20:22:09.107Z > 200 GET /api/v1/ 7.55ms
INF 2026-08-04T20:22:09.107Z > 200 GET /api/v1/ 195.65ms
INF 2026-08-04T20:22:09.108Z > 200 GET /api/v1/ 6.17ms
INF 2026-08-04T20:22:09.110Z > 200 GET /api/v1/ 2.74ms
INF 2026-08-04T20:22:09.112Z > 200 GET /api/v1/ 3.92ms
INF 2026-08-04T20:22:09.115Z > 200 GET /api/v1/ 201.32ms
INF 2026-08-04T20:22:09.116Z > 200 GET /api/v1/ 3.61ms
INF 2026-08-04T20:22:09.117Z > 200 GET /api/v1/ 204.37ms
INF 2026-08-04T20:22:09.118Z > 200 GET /api/v1/ 201.78ms
INF 2026-08-04T20:22:09.118Z > 200 GET /api/v1/ 204.27ms
INF 2026-08-04T20:22:09.120Z > 200 GET /api/v1/ 205.57ms
INF 2026-08-04T20:22:09.122Z > 200 GET /api/v1/ 203.69ms
INF 2026-08-04T20:22:09.122Z > 200 GET /api/v1/ 206.79ms
INF 2026-08-04T20:22:09.122Z > 200 GET /api/v1/ 6.25ms
INF 2026-08-04T20:22:09.131Z > 200 GET /api/v1/ 213.7ms
INF 2026-08-04T20:22:09.134Z > 200 GET /api/v1/ 216.12ms
INF 2026-08-04T20:22:09.138Z > 200 GET /api/v1/ 214.72ms
INF 2026-08-04T20:22:09.138Z > 200 GET /api/v1/ 215.92ms
INF 2026-08-04T20:22:09.138Z > 200 GET /api/v1/ 220.79ms
INF 2026-08-04T20:22:09.139Z > 200 GET /api/v1/ 215.7ms
INF 2026-08-04T20:22:09.142Z > 200 GET /api/v1/ 218.08ms
INF 2026-08-04T20:22:09.142Z > 200 GET /api/v1/ 218.49ms
INF 2026-08-04T20:22:09.146Z > 200 GET /api/v1/ 220.82ms
INF 2026-08-04T20:22:09.150Z > 200 GET /api/v1/ 8.12ms
INF 2026-08-04T20:22:09.152Z > 200 GET /api/v1/ 208.95ms
INF 2026-08-04T20:22:09.153Z > 200 GET /api/v1/ 227.64ms
INF 2026-08-04T20:22:09.173Z > 200 GET /api/v1/ 212.27ms
INF 2026-08-04T20:22:09.173Z > 200 GET /api/v1/ 221.45ms
INF 2026-08-04T20:22:09.181Z > 200 GET /api/v1/ 232.16ms
INF 2026-08-04T20:22:09.182Z > 200 GET /api/v1/ 241.16ms
INF 2026-08-04T20:22:09.183Z > 200 GET /api/v1/ 257.39ms
INF 2026-08-04T20:22:09.186Z > 200 GET /api/v1/ 244.39ms
INF 2026-08-04T20:22:09.193Z > 200 GET /api/v1/ 219.46ms
INF 2026-08-04T20:22:09.195Z > 200 GET /api/v1/ 197.17ms
INF 2026-08-04T20:22:09.196Z > 200 GET /api/v1/ 191.26ms
INF 2026-08-04T20:22:09.197Z > 200 GET /api/v1/ 198.4ms
INF 2026-08-04T20:22:09.198Z > 200 GET /api/v1/ 234.79ms
INF 2026-08-04T20:22:09.199Z > 200 GET /api/v1/ 3.51ms
INF 2026-08-04T20:22:09.200Z > 200 GET /api/v1/ 188.84ms
INF 2026-08-04T20:22:09.200Z > 200 GET /api/v1/ 3.12ms
INF 2026-08-04T20:22:09.202Z > 200 GET /api/v1/ 240.64ms
INF 2026-08-04T20:22:09.203Z > 200 GET /api/v1/ 3.07ms
INF 2026-08-04T20:22:09.203Z > 200 GET /api/v1/ 3.15ms
INF 2026-08-04T20:22:09.204Z > 200 GET /api/v1/ 240.99ms
INF 2026-08-04T20:22:09.206Z > 200 GET /api/v1/ 245.73ms
INF 2026-08-04T20:22:09.207Z > 200 GET /api/v1/ 204.83ms
INF 2026-08-04T20:22:09.207Z > 200 GET /api/v1/ 3.51ms
INF 2026-08-04T20:22:09.208Z > 200 GET /api/v1/ 248.12ms
INF 2026-08-04T20:22:09.217Z > 200 GET /api/v1/ 246.32ms
INF 2026-08-04T20:22:09.219Z > 200 GET /api/v1/ 267.85ms
INF 2026-08-04T20:22:09.219Z > 200 GET /api/v1/ 293.65ms
INF 2026-08-04T20:22:09.219Z > 200 GET /api/v1/ 268.78ms
INF 2026-08-04T20:22:09.220Z > 200 GET /api/v1/ 243.74ms
INF 2026-08-04T20:22:09.220Z > 200 GET /api/v1/ 274.12ms
INF 2026-08-04T20:22:09.222Z > 200 GET /api/v1/ 14.67ms
INF 2026-08-04T20:22:09.224Z > 200 GET /api/v1/ 4.2ms
INF 2026-08-04T20:22:09.225Z > 200 GET /api/v1/ 5.36ms
INF 2026-08-04T20:22:09.225Z > 200 GET /api/v1/ 4.79ms
INF 2026-08-04T20:22:09.226Z > 200 GET /api/v1/ 3.62ms
INF 2026-08-04T20:22:09.226Z > 200 GET /api/v1/ 278.02ms
INF 2026-08-04T20:22:09.227Z > 200 GET /api/v1/ 275.77ms
INF 2026-08-04T20:22:09.227Z > 200 GET /api/v1/ 283.8ms
INF 2026-08-04T20:22:09.227Z > 200 GET /api/v1/ 282.61ms
INF 2026-08-04T20:22:09.228Z > 200 GET /api/v1/ 284.58ms
INF 2026-08-04T20:22:09.229Z > 200 GET /api/v1/ 258.35ms
INF 2026-08-04T20:22:09.230Z > 200 GET /api/v1/ 283.68ms
INF 2026-08-04T20:22:09.230Z > 200 GET /api/v1/ 268.37ms
INF 2026-08-04T20:22:09.231Z > 200 GET /api/v1/ 268.17ms
INF 2026-08-04T20:22:09.231Z > 200 GET /api/v1/ 284.4ms
INF 2026-08-04T20:22:09.233Z > 200 GET /api/v1/ 270.96ms
INF 2026-08-04T20:22:09.233Z > 200 GET /api/v1/ 289.61ms
INF 2026-08-04T20:22:09.234Z > 200 GET /api/v1/ 256.4ms
INF 2026-08-04T20:22:09.235Z > 200 GET /api/v1/ 288.93ms
INF 2026-08-04T20:22:09.236Z > 200 GET /api/v1/ 287.34ms
INF 2026-08-04T20:22:09.240Z > 200 GET /api/v1/ 294.19ms
INF 2026-08-04T20:22:09.240Z > 200 GET /api/v1/ 277.57ms
INF 2026-08-04T20:22:09.240Z > 200 GET /api/v1/ 265.84ms
INF 2026-08-04T20:22:09.241Z > 200 GET /api/v1/ 14.22ms
INF 2026-08-04T20:22:09.242Z > 200 GET /api/v1/ 59.52ms
INF 2026-08-04T20:22:09.242Z > 200 GET /api/v1/ 232.65ms
INF 2026-08-04T20:22:09.243Z > 200 GET /api/v1/ 61.99ms
INF 2026-08-04T20:22:09.245Z > 200 GET /api/v1/ 3.04ms
INF 2026-08-04T20:22:09.246Z > 200 GET /api/v1/ 12.54ms
INF 2026-08-04T20:22:09.248Z > 200 GET /api/v1/ 14.43ms
INF 2026-08-04T20:22:09.249Z > 200 GET /api/v1/ 2.93ms
INF 2026-08-04T20:22:09.249Z > 200 GET /api/v1/ 18.55ms
INF 2026-08-04T20:22:09.249Z > 200 GET /api/v1/ 18.37ms
INF 2026-08-04T20:22:09.250Z > 200 GET /api/v1/ 13.74ms
INF 2026-08-04T20:22:09.250Z > 200 GET /api/v1/ 20.21ms
INF 2026-08-04T20:22:09.250Z > 200 GET /api/v1/ 20.99ms
INF 2026-08-04T20:22:09.251Z > 200 GET /api/v1/ 10.2ms
INF 2026-08-04T20:22:09.252Z > 200 GET /api/v1/ 9.41ms
INF 2026-08-04T20:22:09.253Z > 200 GET /api/v1/ 79.98ms
INF 2026-08-04T20:22:09.254Z > 200 GET /api/v1/ 4.02ms
INF 2026-08-04T20:22:09.254Z > 200 GET /api/v1/ 3.05ms
INF 2026-08-04T20:22:09.254Z > 200 GET /api/v1/ 5.58ms
INF 2026-08-04T20:22:09.256Z > 200 GET /api/v1/ 2.51ms
INF 2026-08-04T20:22:09.256Z > 200 GET /api/v1/ 2.44ms
INF 2026-08-04T20:22:09.261Z > 200 GET /api/v1/ 4.38ms
INF 2026-08-04T20:22:09.270Z > 200 GET /api/v1/ 258.87ms
INF 2026-08-04T20:22:09.270Z > 200 GET /api/v1/ 258.29ms
INF 2026-08-04T20:22:09.270Z > 200 GET /api/v1/ 259.66ms
INF 2026-08-04T20:22:09.279Z > 200 GET /api/v1/ 263.28ms
INF 2026-08-04T20:22:09.281Z > 200 GET /api/v1/ 248.2ms
INF 2026-08-04T20:22:09.281Z > 200 GET /api/v1/ 234.01ms
INF 2026-08-04T20:22:09.281Z > 200 GET /api/v1/ 263.93ms
INF 2026-08-04T20:22:09.282Z > 200 GET /api/v1/ 242.33ms
INF 2026-08-04T20:22:09.282Z > 200 GET /api/v1/ 269.6ms
INF 2026-08-04T20:22:09.283Z > 200 GET /api/v1/ 245.87ms
INF 2026-08-04T20:22:09.283Z > 200 GET /api/v1/ 245.98ms
INF 2026-08-04T20:22:09.284Z > 200 GET /api/v1/ 223.64ms
INF 2026-08-04T20:22:09.284Z > 200 GET /api/v1/ 237.08ms
INF 2026-08-04T20:22:09.287Z > 200 GET /api/v1/ 228.43ms
INF 2026-08-04T20:22:09.289Z > 200 GET /api/v1/ 234.7ms
INF 2026-08-04T20:22:09.290Z > 200 GET /api/v1/ 8.66ms
INF 2026-08-04T20:22:09.293Z > 200 GET /api/v1/ 11.3ms
INF 2026-08-04T20:22:09.294Z > 200 GET /api/v1/ 224.51ms
INF 2026-08-04T20:22:09.296Z > 200 GET /api/v1/ 247.48ms
INF 2026-08-04T20:22:09.296Z > 200 GET /api/v1/ 219.51ms
INF 2026-08-04T20:22:09.296Z > 200 GET /api/v1/ 203.7ms
INF 2026-08-04T20:22:09.309Z > 200 GET /api/v1/ 223.14ms
INF 2026-08-04T20:22:09.310Z > 200 GET /api/v1/ 222.73ms
INF 2026-08-04T20:22:09.313Z > 200 GET /api/v1/ 222.77ms
INF 2026-08-04T20:22:09.314Z > 200 GET /api/v1/ 254.42ms
INF 2026-08-04T20:22:09.314Z > 200 GET /api/v1/ 207.68ms
INF 2026-08-04T20:22:09.314Z > 200 GET /api/v1/ 245.1ms
INF 2026-08-04T20:22:09.315Z > 200 GET /api/v1/ 228.68ms
INF 2026-08-04T20:22:09.315Z > 200 GET /api/v1/ 245.77ms
INF 2026-08-04T20:22:09.315Z > 200 GET /api/v1/ 220.84ms
INF 2026-08-04T20:22:09.324Z > 200 GET /api/v1/ 217.34ms
INF 2026-08-04T20:22:09.328Z > 200 GET /api/v1/ 223.61ms
INF 2026-08-04T20:22:09.329Z > 200 GET /api/v1/ 227.28ms
INF 2026-08-04T20:22:09.336Z > 200 GET /api/v1/ 227.98ms
INF 2026-08-04T20:22:09.336Z > 200 GET /api/v1/ 219.93ms
INF 2026-08-04T20:22:09.345Z > 200 GET /api/v1/ 256.71ms
INF 2026-08-04T20:22:09.345Z > 200 GET /api/v1/ 224.95ms
INF 2026-08-04T20:22:09.345Z > 200 GET /api/v1/ 222.78ms
INF 2026-08-04T20:22:09.345Z > 200 GET /api/v1/ 241.75ms
INF 2026-08-04T20:22:09.346Z > 200 GET /api/v1/ 277.59ms
INF 2026-08-04T20:22:09.346Z > 200 GET /api/v1/ 223.81ms
INF 2026-08-04T20:22:09.347Z > 200 GET /api/v1/ 246.95ms
INF 2026-08-04T20:22:09.347Z > 200 GET /api/v1/ 33.52ms
INF 2026-08-04T20:22:09.348Z > 200 GET /api/v1/ 216.28ms
INF 2026-08-04T20:22:09.348Z > 200 GET /api/v1/ 33.92ms
INF 2026-08-04T20:22:09.348Z > 200 GET /api/v1/ 229.77ms
INF 2026-08-04T20:22:09.348Z > 200 GET /api/v1/ 240.64ms
INF 2026-08-04T20:22:09.349Z > 200 GET /api/v1/ 231.11ms
INF 2026-08-04T20:22:09.349Z > 200 GET /api/v1/ 238.83ms
INF 2026-08-04T20:22:09.350Z > 200 GET /api/v1/ 228.07ms
INF 2026-08-04T20:22:09.357Z > 200 GET /api/v1/ 238.59ms
INF 2026-08-04T20:22:09.358Z > 200 GET /api/v1/ 218.8ms
INF 2026-08-04T20:22:09.361Z > 200 GET /api/v1/ 45.85ms
INF 2026-08-04T20:22:09.362Z > 200 GET /api/v1/ 260.02ms
INF 2026-08-04T20:22:09.362Z > 200 GET /api/v1/ 17.33ms
INF 2026-08-04T20:22:09.364Z > 200 GET /api/v1/ 39.79ms
INF 2026-08-04T20:22:09.364Z > 200 GET /api/v1/ 48.68ms
INF 2026-08-04T20:22:09.365Z > 200 GET /api/v1/ 36.48ms
INF 2026-08-04T20:22:09.365Z > 200 GET /api/v1/ 227.06ms
INF 2026-08-04T20:22:09.365Z > 200 GET /api/v1/ 17.83ms
INF 2026-08-04T20:22:09.365Z > 200 GET /api/v1/ 17.56ms
INF 2026-08-04T20:22:09.366Z > 200 GET /api/v1/ 16.93ms
INF 2026-08-04T20:22:09.366Z > 200 GET /api/v1/ 17.82ms
INF 2026-08-04T20:22:09.366Z > 200 GET /api/v1/ 17.76ms
INF 2026-08-04T20:22:09.366Z > 200 GET /api/v1/ 30.42ms
INF 2026-08-04T20:22:09.368Z > 200 GET /api/v1/ 18.41ms
INF 2026-08-04T20:22:09.370Z > 200 GET /api/v1/ 230.62ms
INF 2026-08-04T20:22:09.370Z > 200 GET /api/v1/ 231.42ms
INF 2026-08-04T20:22:09.374Z > 200 GET /api/v1/ 10.06ms
INF 2026-08-04T20:22:09.374Z > 200 GET /api/v1/ 8.73ms
INF 2026-08-04T20:22:09.375Z > 200 GET /api/v1/ 236.15ms
INF 2026-08-04T20:22:09.375Z > 200 GET /api/v1/ 8.92ms
INF 2026-08-04T20:22:09.376Z > 200 GET /api/v1/ 7.37ms
INF 2026-08-04T20:22:09.376Z > 200 GET /api/v1/ 6.04ms
INF 2026-08-04T20:22:09.377Z > 200 GET /api/v1/ 6.04ms
INF 2026-08-04T20:22:09.378Z > 200 GET /api/v1/ 85.34ms
INF 2026-08-04T20:22:09.381Z > 200 GET /api/v1/ 4.59ms
INF 2026-08-04T20:22:09.382Z > 200 GET /api/v1/ 6.03ms
INF 2026-08-04T20:22:09.389Z > 200 GET /api/v1/ 6.87ms
INF 2026-08-04T20:22:09.398Z > 200 GET /api/v1/ 9.02ms
INF 2026-08-04T20:22:09.398Z > 200 GET /api/v1/ 255.4ms
INF 2026-08-04T20:22:09.402Z > 200 GET /api/v1/ 256.01ms
INF 2026-08-04T20:22:09.405Z > 200 GET /api/v1/ 253.38ms
INF 2026-08-04T20:22:09.409Z > 200 GET /api/v1/ 11.25ms
INF 2026-08-04T20:22:09.411Z > 200 GET /api/v1/ 257.7ms
INF 2026-08-04T20:22:09.411Z > 200 GET /api/v1/ 237.99ms
INF 2026-08-04T20:22:09.424Z > 200 GET /api/v1/ 241.11ms
INF 2026-08-04T20:22:09.425Z > 200 GET /api/v1/ 238.87ms
INF 2026-08-04T20:22:09.428Z > 200 GET /api/v1/ 17.99ms
INF 2026-08-04T20:22:09.432Z > 200 GET /api/v1/ 20.49ms
INF 2026-08-04T20:22:09.436Z > 200 GET /api/v1/ 11.77ms
INF 2026-08-04T20:22:09.436Z > 200 GET /api/v1/ 242.81ms
INF 2026-08-04T20:22:09.443Z > 200 GET /api/v1/ 239.43ms
INF 2026-08-04T20:22:09.443Z > 200 GET /api/v1/ 15.17ms
INF 2026-08-04T20:22:09.443Z > 200 GET /api/v1/ 245.23ms
INF 2026-08-04T20:22:09.447Z > 200 GET /api/v1/ 14.75ms
INF 2026-08-04T20:22:09.448Z > 200 GET /api/v1/ 245.72ms
INF 2026-08-04T20:22:09.448Z > 200 GET /api/v1/ 245.36ms
INF 2026-08-04T20:22:09.449Z > 200 GET /api/v1/ 12.96ms
INF 2026-08-04T20:22:09.449Z > 200 GET /api/v1/ 296.56ms
INF 2026-08-04T20:22:09.450Z > 200 GET /api/v1/ 243.75ms
INF 2026-08-04T20:22:09.450Z > 200 GET /api/v1/ 255.35ms
INF 2026-08-04T20:22:09.451Z > 200 GET /api/v1/ 250.65ms
INF 2026-08-04T20:22:09.452Z > 200 GET /api/v1/ 8.78ms
INF 2026-08-04T20:22:09.452Z > 200 GET /api/v1/ 243.49ms
INF 2026-08-04T20:22:09.452Z > 200 GET /api/v1/ 9.33ms
INF 2026-08-04T20:22:09.453Z > 200 GET /api/v1/ 5.12ms
INF 2026-08-04T20:22:09.454Z > 200 GET /api/v1/ 246.1ms
INF 2026-08-04T20:22:09.455Z > 200 GET /api/v1/ 236.02ms
INF 2026-08-04T20:22:09.456Z > 200 GET /api/v1/ 236.79ms
INF 2026-08-04T20:22:09.456Z > 200 GET /api/v1/ 5.59ms
INF 2026-08-04T20:22:09.458Z > 200 GET /api/v1/ 5.05ms
INF 2026-08-04T20:22:09.459Z > 200 GET /api/v1/ 239.25ms
INF 2026-08-04T20:22:09.460Z > 200 GET /api/v1/ 7.14ms
INF 2026-08-04T20:22:09.460Z > 200 GET /api/v1/ 235.59ms
INF 2026-08-04T20:22:09.462Z > 200 GET /api/v1/ 5.56ms
INF 2026-08-04T20:22:09.462Z > 200 GET /api/v1/ 6.08ms
INF 2026-08-04T20:22:09.463Z > 200 GET /api/v1/ 238.76ms
INF 2026-08-04T20:22:09.464Z > 200 GET /api/v1/ 237.41ms
INF 2026-08-04T20:22:09.464Z > 200 GET /api/v1/ 238.42ms
INF 2026-08-04T20:22:09.465Z > 200 GET /api/v1/ 238.72ms
INF 2026-08-04T20:22:09.465Z > 200 GET /api/v1/ 238.44ms
INF 2026-08-04T20:22:09.467Z > 200 GET /api/v1/ 240.2ms
INF 2026-08-04T20:22:09.467Z > 200 GET /api/v1/ 238.75ms
INF 2026-08-04T20:22:09.471Z > 200 GET /api/v1/ 239.85ms
INF 2026-08-04T20:22:09.471Z > 200 GET /api/v1/ 3.71ms
INF 2026-08-04T20:22:09.472Z > 200 GET /api/v1/ 236.58ms
INF 2026-08-04T20:22:09.481Z > 200 GET /api/v1/ 247.66ms
INF 2026-08-04T20:22:09.482Z > 200 GET /api/v1/ 241.47ms
INF 2026-08-04T20:22:09.486Z > 200 GET /api/v1/ 245.89ms
INF 2026-08-04T20:22:09.488Z > 200 GET /api/v1/ 237.83ms
INF 2026-08-04T20:22:09.489Z > 200 GET /api/v1/ 238.41ms
INF 2026-08-04T20:22:09.490Z > 200 GET /api/v1/ 245.99ms
INF 2026-08-04T20:22:09.490Z > 200 GET /api/v1/ 247.22ms
INF 2026-08-04T20:22:09.491Z > 200 GET /api/v1/ 245.83ms
INF 2026-08-04T20:22:09.505Z > 200 GET /api/v1/ 16.72ms
INF 2026-08-04T20:22:09.509Z > 200 GET /api/v1/ 19.37ms
INF 2026-08-04T20:22:09.509Z > 200 GET /api/v1/ 16.82ms
INF 2026-08-04T20:22:09.514Z > 200 GET /api/v1/ 231.43ms
INF 2026-08-04T20:22:09.527Z > 200 GET /api/v1/ 266.11ms
INF 2026-08-04T20:22:09.530Z > 200 GET /api/v1/ 247.31ms
INF 2026-08-04T20:22:09.532Z > 200 GET /api/v1/ 281.17ms
INF 2026-08-04T20:22:09.533Z > 200 GET /api/v1/ 249.49ms
INF 2026-08-04T20:22:09.533Z > 200 GET /api/v1/ 282.56ms
INF 2026-08-04T20:22:09.535Z > 200 GET /api/v1/ 264.4ms
INF 2026-08-04T20:22:09.538Z > 200 GET /api/v1/ 256.52ms
INF 2026-08-04T20:22:09.540Z > 200 GET /api/v1/ 34.19ms
INF 2026-08-04T20:22:09.541Z > 200 GET /api/v1/ 261.64ms
INF 2026-08-04T20:22:09.542Z > 200 GET /api/v1/ 271.12ms
INF 2026-08-04T20:22:09.542Z > 200 GET /api/v1/ 254.65ms
INF 2026-08-04T20:22:09.543Z > 200 GET /api/v1/ 288.48ms
INF 2026-08-04T20:22:09.544Z > 200 GET /api/v1/ 254.16ms
INF 2026-08-04T20:22:09.544Z > 200 GET /api/v1/ 292.27ms
INF 2026-08-04T20:22:09.545Z > 200 GET /api/v1/ 251.12ms
INF 2026-08-04T20:22:09.550Z > 200 GET /api/v1/ 265.4ms
INF 2026-08-04T20:22:09.551Z > 200 GET /api/v1/ 294.62ms
INF 2026-08-04T20:22:09.551Z > 200 GET /api/v1/ 37.4ms
INF 2026-08-04T20:22:09.553Z > 200 GET /api/v1/ 282.54ms
INF 2026-08-04T20:22:09.553Z > 200 GET /api/v1/ 269.51ms
INF 2026-08-04T20:22:09.554Z > 200 GET /api/v1/ 256.46ms
INF 2026-08-04T20:22:09.554Z > 200 GET /api/v1/ 256.77ms
INF 2026-08-04T20:22:09.559Z > 200 GET /api/v1/ 304.75ms
INF 2026-08-04T20:22:09.560Z > 200 GET /api/v1/ 29.26ms
INF 2026-08-04T20:22:09.561Z > 200 GET /api/v1/ 310.37ms
INF 2026-08-04T20:22:09.563Z > 200 GET /api/v1/ 265.52ms
INF 2026-08-04T20:22:09.563Z > 200 GET /api/v1/ 279.62ms
INF 2026-08-04T20:22:09.577Z > 200 GET /api/v1/ 37.29ms
INF 2026-08-04T20:22:09.578Z > 200 GET /api/v1/ 283.28ms
INF 2026-08-04T20:22:09.578Z > 200 GET /api/v1/ 267.72ms
INF 2026-08-04T20:22:09.578Z > 200 GET /api/v1/ 45.11ms
INF 2026-08-04T20:22:09.578Z > 200 GET /api/v1/ 36.08ms
INF 2026-08-04T20:22:09.579Z > 200 GET /api/v1/ 268.56ms
INF 2026-08-04T20:22:09.582Z > 200 GET /api/v1/ 267.87ms
INF 2026-08-04T20:22:09.585Z > 200 GET /api/v1/ 271.1ms
INF 2026-08-04T20:22:09.588Z > 200 GET /api/v1/ 45.49ms
INF 2026-08-04T20:22:09.589Z > 200 GET /api/v1/ 38.43ms
INF 2026-08-04T20:22:09.589Z > 200 GET /api/v1/ 26.17ms
INF 2026-08-04T20:22:09.590Z > 200 GET /api/v1/ 45.81ms
INF 2026-08-04T20:22:09.591Z > 200 GET /api/v1/ 262.15ms
INF 2026-08-04T20:22:09.592Z > 200 GET /api/v1/ 12.99ms
INF 2026-08-04T20:22:09.592Z > 200 GET /api/v1/ 40.77ms
INF 2026-08-04T20:22:09.594Z > 200 GET /api/v1/ 33.38ms
INF 2026-08-04T20:22:09.595Z > 200 GET /api/v1/ 248.71ms
INF 2026-08-04T20:22:09.596Z > 200 GET /api/v1/ 249.18ms
INF 2026-08-04T20:22:09.598Z > 200 GET /api/v1/ 251.43ms
INF 2026-08-04T20:22:09.601Z > 200 GET /api/v1/ 254.23ms
INF 2026-08-04T20:22:09.602Z > 200 GET /api/v1/ 9.59ms
INF 2026-08-04T20:22:09.605Z > 200 GET /api/v1/ 289.45ms
INF 2026-08-04T20:22:09.605Z > 200 GET /api/v1/ 258.12ms
INF 2026-08-04T20:22:09.605Z > 200 GET /api/v1/ 258.56ms
INF 2026-08-04T20:22:09.606Z > 200 GET /api/v1/ 46.59ms
INF 2026-08-04T20:22:09.607Z > 200 GET /api/v1/ 256.44ms
INF 2026-08-04T20:22:09.609Z > 200 GET /api/v1/ 260.08ms
INF 2026-08-04T20:22:09.609Z > 200 GET /api/v1/ 251.6ms
INF 2026-08-04T20:22:09.611Z > 200 GET /api/v1/ 263.79ms
INF 2026-08-04T20:22:09.611Z > 200 GET /api/v1/ 248.98ms
INF 2026-08-04T20:22:09.612Z > 200 GET /api/v1/ 249.99ms
INF 2026-08-04T20:22:09.612Z > 200 GET /api/v1/ 251.02ms
INF 2026-08-04T20:22:09.612Z > 200 GET /api/v1/ 248.21ms
INF 2026-08-04T20:22:09.613Z > 200 GET /api/v1/ 10.73ms
INF 2026-08-04T20:22:09.615Z > 200 GET /api/v1/ 250.03ms
INF 2026-08-04T20:22:09.615Z > 200 GET /api/v1/ 257.7ms
INF 2026-08-04T20:22:09.616Z > 200 GET /api/v1/ 250.59ms
INF 2026-08-04T20:22:09.618Z > 200 GET /api/v1/ 252.31ms
INF 2026-08-04T20:22:09.619Z > 200 GET /api/v1/ 252.84ms
INF 2026-08-04T20:22:09.619Z > 200 GET /api/v1/ 244.75ms
INF 2026-08-04T20:22:09.620Z > 200 GET /api/v1/ 253.07ms
INF 2026-08-04T20:22:09.620Z > 200 GET /api/v1/ 8.05ms
INF 2026-08-04T20:22:09.624Z > 200 GET /api/v1/ 258.36ms
INF 2026-08-04T20:22:09.624Z > 200 GET /api/v1/ 249.94ms
INF 2026-08-04T20:22:09.625Z > 200 GET /api/v1/ 248.89ms
INF 2026-08-04T20:22:09.635Z > 200 GET /api/v1/ 258.92ms
INF 2026-08-04T20:22:09.640Z > 200 GET /api/v1/ 263.63ms
INF 2026-08-04T20:22:09.642Z > 200 GET /api/v1/ 264.24ms
INF 2026-08-04T20:22:09.648Z > 200 GET /api/v1/ 266.03ms
INF 2026-08-04T20:22:09.648Z > 200 GET /api/v1/ 24.69ms
INF 2026-08-04T20:22:09.649Z > 200 GET /api/v1/ 250.79ms
INF 2026-08-04T20:22:09.657Z > 200 GET /api/v1/ 254.15ms
INF 2026-08-04T20:22:09.657Z > 200 GET /api/v1/ 252.1ms
INF 2026-08-04T20:22:09.662Z > 200 GET /api/v1/ 213.89ms
INF 2026-08-04T20:22:09.666Z > 200 GET /api/v1/ 240.74ms
INF 2026-08-04T20:22:09.666Z > 200 GET /api/v1/ 255.28ms
INF 2026-08-04T20:22:09.668Z > 200 GET /api/v1/ 225.1ms
INF 2026-08-04T20:22:09.669Z > 200 GET /api/v1/ 43.76ms
INF 2026-08-04T20:22:09.685Z > 200 GET /api/v1/ 235.72ms
INF 2026-08-04T20:22:09.692Z > 200 GET /api/v1/ 239.54ms
INF 2026-08-04T20:22:09.692Z > 200 GET /api/v1/ 256.15ms
INF 2026-08-04T20:22:09.695Z > 200 GET /api/v1/ 244.59ms
INF 2026-08-04T20:22:09.696Z > 200 GET /api/v1/ 48.2ms
INF 2026-08-04T20:22:09.696Z > 200 GET /api/v1/ 246.2ms
INF 2026-08-04T20:22:09.700Z > 200 GET /api/v1/ 247.44ms
INF 2026-08-04T20:22:09.705Z > 200 GET /api/v1/ 241.56ms
INF 2026-08-04T20:22:09.705Z > 200 GET /api/v1/ 240.84ms
INF 2026-08-04T20:22:09.714Z > 200 GET /api/v1/ 258.12ms
INF 2026-08-04T20:22:09.725Z > 200 GET /api/v1/ 265.93ms
INF 2026-08-04T20:22:09.726Z > 200 GET /api/v1/ 261.77ms
INF 2026-08-04T20:22:09.734Z > 200 GET /api/v1/ 41.24ms
INF 2026-08-04T20:22:09.736Z > 200 GET /api/v1/ 43.73ms
INF 2026-08-04T20:22:09.736Z > 200 GET /api/v1/ 275.21ms
INF 2026-08-04T20:22:09.736Z > 200 GET /api/v1/ 274.0ms
INF 2026-08-04T20:22:09.737Z > 200 GET /api/v1/ 40.64ms
INF 2026-08-04T20:22:09.740Z > 200 GET /api/v1/ 39.34ms
INF 2026-08-04T20:22:09.745Z > 200 GET /api/v1/ 39.94ms
INF 2026-08-04T20:22:09.747Z > 200 GET /api/v1/ 295.78ms
INF 2026-08-04T20:22:09.748Z > 200 GET /api/v1/ 51.46ms
INF 2026-08-04T20:22:09.749Z > 200 GET /api/v1/ 286.97ms
INF 2026-08-04T20:22:09.750Z > 200 GET /api/v1/ 290.19ms
INF 2026-08-04T20:22:09.753Z > 200 GET /api/v1/ 293.36ms
INF 2026-08-04T20:22:09.756Z > 200 GET /api/v1/ 30.38ms
INF 2026-08-04T20:22:09.768Z > 200 GET /api/v1/ 300.66ms
INF 2026-08-04T20:22:09.768Z > 200 GET /api/v1/ 53.73ms
INF 2026-08-04T20:22:09.769Z > 200 GET /api/v1/ 34.65ms
INF 2026-08-04T20:22:09.769Z > 200 GET /api/v1/ 303.13ms
INF 2026-08-04T20:22:09.769Z > 200 GET /api/v1/ 318.77ms
INF 2026-08-04T20:22:09.769Z > 200 GET /api/v1/ 33.24ms
INF 2026-08-04T20:22:09.769Z > 200 GET /api/v1/ 32.19ms
INF 2026-08-04T20:22:09.770Z > 200 GET /api/v1/ 127.76ms
INF 2026-08-04T20:22:09.771Z > 200 GET /api/v1/ 34.08ms
INF 2026-08-04T20:22:09.775Z > 200 GET /api/v1/ 28.61ms
INF 2026-08-04T20:22:09.779Z > 200 GET /api/v1/ 33.78ms
INF 2026-08-04T20:22:09.781Z > 200 GET /api/v1/ 31.56ms
INF 2026-08-04T20:22:09.782Z > 200 GET /api/v1/ 311.36ms
INF 2026-08-04T20:22:09.782Z > 200 GET /api/v1/ 328.51ms
INF 2026-08-04T20:22:09.785Z > 200 GET /api/v1/ 127.83ms
INF 2026-08-04T20:22:09.785Z > 200 GET /api/v1/ 14.27ms
INF 2026-08-04T20:22:09.786Z > 200 GET /api/v1/ 6.82ms
INF 2026-08-04T20:22:09.786Z > 200 GET /api/v1/ 10.41ms
INF 2026-08-04T20:22:09.786Z > 200 GET /api/v1/ 124.45ms
INF 2026-08-04T20:22:09.789Z > 200 GET /api/v1/ 122.55ms
INF 2026-08-04T20:22:09.789Z > 200 GET /api/v1/ 306.96ms
INF 2026-08-04T20:22:09.789Z > 200 GET /api/v1/ 323.43ms
INF 2026-08-04T20:22:09.792Z > 200 GET /api/v1/ 123.4ms
INF 2026-08-04T20:22:09.792Z > 200 GET /api/v1/ 321.12ms
INF 2026-08-04T20:22:09.793Z > 200 GET /api/v1/ 319.82ms
INF 2026-08-04T20:22:09.796Z > 200 GET /api/v1/ 14.1ms
INF 2026-08-04T20:22:09.797Z > 200 GET /api/v1/ 314.8ms
INF 2026-08-04T20:22:09.798Z > 200 GET /api/v1/ 307.31ms
INF 2026-08-04T20:22:09.798Z > 200 GET /api/v1/ 308.86ms
INF 2026-08-04T20:22:09.800Z > 200 GET /api/v1/ 14.16ms
INF 2026-08-04T20:22:09.803Z > 200 GET /api/v1/ 317.41ms
INF 2026-08-04T20:22:09.804Z > 200 GET /api/v1/ 118.83ms
INF 2026-08-04T20:22:09.805Z > 200 GET /api/v1/ 12.28ms
INF 2026-08-04T20:22:09.806Z > 200 GET /api/v1/ 296.79ms
INF 2026-08-04T20:22:09.807Z > 200 GET /api/v1/ 297.19ms
INF 2026-08-04T20:22:09.807Z > 200 GET /api/v1/ 275.34ms
INF 2026-08-04T20:22:09.808Z > 200 GET /api/v1/ 280.02ms
INF 2026-08-04T20:22:09.809Z > 200 GET /api/v1/ 276.03ms
INF 2026-08-04T20:22:09.809Z > 200 GET /api/v1/ 12.17ms
INF 2026-08-04T20:22:09.810Z > 200 GET /api/v1/ 271.77ms
INF 2026-08-04T20:22:09.811Z > 200 GET /api/v1/ 266.8ms
INF 2026-08-04T20:22:09.812Z > 200 GET /api/v1/ 270.76ms
INF 2026-08-04T20:22:09.812Z > 200 GET /api/v1/ 276.84ms
INF 2026-08-04T20:22:09.815Z > 200 GET /api/v1/ 270.66ms
INF 2026-08-04T20:22:09.815Z > 200 GET /api/v1/ 261.16ms
INF 2026-08-04T20:22:09.819Z > 200 GET /api/v1/ 267.45ms
INF 2026-08-04T20:22:09.827Z > 200 GET /api/v1/ 285.4ms
INF 2026-08-04T20:22:09.828Z > 200 GET /api/v1/ 274.35ms
INF 2026-08-04T20:22:09.833Z > 200 GET /api/v1/ 23.22ms
INF 2026-08-04T20:22:09.836Z > 200 GET /api/v1/ 277.47ms
INF 2026-08-04T20:22:09.838Z > 200 GET /api/v1/ 283.98ms
INF 2026-08-04T20:22:09.839Z > 200 GET /api/v1/ 26.34ms
INF 2026-08-04T20:22:09.842Z > 200 GET /api/v1/ 287.55ms
INF 2026-08-04T20:22:09.844Z > 200 GET /api/v1/ 280.66ms
INF 2026-08-04T20:22:09.846Z > 200 GET /api/v1/ 267.4ms
INF 2026-08-04T20:22:09.846Z > 200 GET /api/v1/ 267.55ms
INF 2026-08-04T20:22:09.851Z > 200 GET /api/v1/ 272.71ms
INF 2026-08-04T20:22:09.858Z > 200 GET /api/v1/ 279.59ms
INF 2026-08-04T20:22:09.861Z > 200 GET /api/v1/ 272.68ms
INF 2026-08-04T20:22:09.862Z > 200 GET /api/v1/ 278.97ms
INF 2026-08-04T20:22:09.863Z > 200 GET /api/v1/ 273.49ms
INF 2026-08-04T20:22:09.863Z > 200 GET /api/v1/ 270.23ms
INF 2026-08-04T20:22:09.863Z > 200 GET /api/v1/ 284.28ms
INF 2026-08-04T20:22:09.864Z > 200 GET /api/v1/ 25.26ms
INF 2026-08-04T20:22:09.865Z > 200 GET /api/v1/ 28.06ms
INF 2026-08-04T20:22:09.865Z > 200 GET /api/v1/ 279.67ms
INF 2026-08-04T20:22:09.867Z > 200 GET /api/v1/ 270.62ms
INF 2026-08-04T20:22:09.867Z > 200 GET /api/v1/ 29.09ms
INF 2026-08-04T20:22:09.869Z > 200 GET /api/v1/ 26.92ms
INF 2026-08-04T20:22:09.872Z > 200 GET /api/v1/ 279.45ms
INF 2026-08-04T20:22:09.872Z > 200 GET /api/v1/ 259.66ms
INF 2026-08-04T20:22:09.874Z > 200 GET /api/v1/ 275.62ms
INF 2026-08-04T20:22:09.874Z > 200 GET /api/v1/ 281.9ms
INF 2026-08-04T20:22:09.889Z > 200 GET /api/v1/ 281.52ms
INF 2026-08-04T20:22:09.890Z > 200 GET /api/v1/ 293.75ms
INF 2026-08-04T20:22:09.892Z > 200 GET /api/v1/ 29.65ms
INF 2026-08-04T20:22:09.893Z > 200 GET /api/v1/ 41.11ms
INF 2026-08-04T20:22:09.893Z > 200 GET /api/v1/ 26.2ms
INF 2026-08-04T20:22:09.895Z > 200 GET /api/v1/ 285.43ms
INF 2026-08-04T20:22:09.896Z > 200 GET /api/v1/ 26.64ms
INF 2026-08-04T20:22:09.902Z > 200 GET /api/v1/ 29.34ms
INF 2026-08-04T20:22:09.902Z > 200 GET /api/v1/ 37.99ms
INF 2026-08-04T20:22:09.904Z > 200 GET /api/v1/ 290.42ms
INF 2026-08-04T20:22:09.904Z > 200 GET /api/v1/ 301.93ms
INF 2026-08-04T20:22:09.905Z > 200 GET /api/v1/ 299.58ms
INF 2026-08-04T20:22:09.906Z > 200 GET /api/v1/ 31.32ms
INF 2026-08-04T20:22:09.906Z > 200 GET /api/v1/ 40.79ms
INF 2026-08-04T20:22:09.915Z > 200 GET /api/v1/ 302.49ms
INF 2026-08-04T20:22:09.916Z > 200 GET /api/v1/ 295.81ms
INF 2026-08-04T20:22:09.916Z > 200 GET /api/v1/ 309.83ms
INF 2026-08-04T20:22:09.917Z > 200 GET /api/v1/ 310.41ms
INF 2026-08-04T20:22:09.918Z > 200 GET /api/v1/ 302.66ms
INF 2026-08-04T20:22:09.920Z > 200 GET /api/v1/ 58.88ms
INF 2026-08-04T20:22:09.922Z > 200 GET /api/v1/ 33.61ms
INF 2026-08-04T20:22:09.924Z > 200 GET /api/v1/ 335.59ms
INF 2026-08-04T20:22:09.926Z > 200 GET /api/v1/ 33.14ms
INF 2026-08-04T20:22:09.927Z > 200 GET /api/v1/ 34.06ms
INF 2026-08-04T20:22:09.928Z > 200 GET /api/v1/ 308.9ms
INF 2026-08-04T20:22:09.929Z > 200 GET /api/v1/ 322.51ms
INF 2026-08-04T20:22:09.932Z > 200 GET /api/v1/ 36.5ms
INF 2026-08-04T20:22:09.941Z > 200 GET /api/v1/ 346.27ms
INF 2026-08-04T20:22:09.941Z > 200 GET /api/v1/ 329.69ms
INF 2026-08-04T20:22:09.942Z > 200 GET /api/v1/ 323.66ms
INF 2026-08-04T20:22:09.943Z > 200 GET /api/v1/ 303.65ms
INF 2026-08-04T20:22:09.944Z > 200 GET /api/v1/ 308.15ms
INF 2026-08-04T20:22:09.945Z > 200 GET /api/v1/ 296.67ms
INF 2026-08-04T20:22:09.945Z > 200 GET /api/v1/ 4.34ms
INF 2026-08-04T20:22:09.947Z > 200 GET /api/v1/ 298.03ms
INF 2026-08-04T20:22:09.948Z > 200 GET /api/v1/ 338.25ms
INF 2026-08-04T20:22:09.948Z > 200 GET /api/v1/ 327.87ms
INF 2026-08-04T20:22:09.948Z > 200 GET /api/v1/ 46.0ms
INF 2026-08-04T20:22:09.948Z > 200 GET /api/v1/ 44.2ms
INF 2026-08-04T20:22:09.949Z > 200 GET /api/v1/ 42.72ms
INF 2026-08-04T20:22:09.949Z > 200 GET /api/v1/ 335.89ms
INF 2026-08-04T20:22:09.949Z > 200 GET /api/v1/ 333.16ms
INF 2026-08-04T20:22:09.949Z > 200 GET /api/v1/ 316.53ms
INF 2026-08-04T20:22:09.950Z > 200 GET /api/v1/ 32.02ms
INF 2026-08-04T20:22:09.951Z > 200 GET /api/v1/ 26.4ms
INF 2026-08-04T20:22:09.951Z > 200 GET /api/v1/ 335.76ms
INF 2026-08-04T20:22:09.951Z > 200 GET /api/v1/ 326.38ms
INF 2026-08-04T20:22:09.952Z > 200 GET /api/v1/ 26.1ms
INF 2026-08-04T20:22:09.952Z > 200 GET /api/v1/ 31.76ms
INF 2026-08-04T20:22:09.953Z > 200 GET /api/v1/ 30.16ms
INF 2026-08-04T20:22:09.956Z > 200 GET /api/v1/ 27.68ms
INF 2026-08-04T20:22:09.959Z > 200 GET /api/v1/ 7.3ms
INF 2026-08-04T20:22:09.959Z > 200 GET /api/v1/ 10.23ms
INF 2026-08-04T20:22:09.959Z > 200 GET /api/v1/ 8.97ms
INF 2026-08-04T20:22:09.959Z > 200 GET /api/v1/ 6.76ms
INF 2026-08-04T20:22:09.972Z > 200 GET /api/v1/ 314.84ms
INF 2026-08-04T20:22:09.975Z > 200 GET /api/v1/ 18.43ms
INF 2026-08-04T20:22:09.976Z > 200 GET /api/v1/ 280.99ms
INF 2026-08-04T20:22:09.977Z > 200 GET /api/v1/ 310.54ms
INF 2026-08-04T20:22:09.985Z > 200 GET /api/v1/ 316.19ms
INF 2026-08-04T20:22:09.985Z > 200 GET /api/v1/ 25.98ms
INF 2026-08-04T20:22:09.995Z > 200 GET /api/v1/ 290.03ms
INF 2026-08-04T20:22:10.000Z > 200 GET /api/v1/ 273.79ms
INF 2026-08-04T20:22:10.002Z > 200 GET /api/v1/ 254.58ms
INF 2026-08-04T20:22:10.003Z > 200 GET /api/v1/ 17.76ms
INF 2026-08-04T20:22:10.003Z > 200 GET /api/v1/ 263.27ms
INF 2026-08-04T20:22:10.005Z > 200 GET /api/v1/ 269.13ms
INF 2026-08-04T20:22:10.006Z > 200 GET /api/v1/ 235.3ms
INF 2026-08-04T20:22:10.006Z > 200 GET /api/v1/ 236.08ms
INF 2026-08-04T20:22:10.014Z > 200 GET /api/v1/ 224.71ms
INF 2026-08-04T20:22:10.014Z > 200 GET /api/v1/ 264.72ms
INF 2026-08-04T20:22:10.016Z > 200 GET /api/v1/ 246.04ms
INF 2026-08-04T20:22:10.017Z > 200 GET /api/v1/ 216.02ms
INF 2026-08-04T20:22:10.020Z > 200 GET /api/v1/ 221.97ms
INF 2026-08-04T20:22:10.021Z > 200 GET /api/v1/ 250.25ms
INF 2026-08-04T20:22:10.024Z > 200 GET /api/v1/ 233.98ms
INF 2026-08-04T20:22:10.024Z > 200 GET /api/v1/ 270.53ms
INF 2026-08-04T20:22:10.024Z > 200 GET /api/v1/ 268.59ms
INF 2026-08-04T20:22:10.025Z > 200 GET /api/v1/ 254.3ms
INF 2026-08-04T20:22:10.025Z > 200 GET /api/v1/ 220.87ms
INF 2026-08-04T20:22:10.025Z > 200 GET /api/v1/ 238.47ms
INF 2026-08-04T20:22:10.026Z > 200 GET /api/v1/ 255.35ms
INF 2026-08-04T20:22:10.030Z > 200 GET /api/v1/ 232.07ms
INF 2026-08-04T20:22:10.031Z > 200 GET /api/v1/ 249.52ms
INF 2026-08-04T20:22:10.033Z > 200 GET /api/v1/ 239.95ms
INF 2026-08-04T20:22:10.034Z > 200 GET /api/v1/ 230.34ms
INF 2026-08-04T20:22:10.036Z > 200 GET /api/v1/ 249.46ms
INF 2026-08-04T20:22:10.040Z > 200 GET /api/v1/ 254.35ms
INF 2026-08-04T20:22:10.041Z > 200 GET /api/v1/ 232.89ms
INF 2026-08-04T20:22:10.044Z > 200 GET /api/v1/ 251.04ms
INF 2026-08-04T20:22:10.044Z > 200 GET /api/v1/ 246.16ms
INF 2026-08-04T20:22:10.045Z > 200 GET /api/v1/ 274.23ms
INF 2026-08-04T20:22:10.045Z > 200 GET /api/v1/ 259.55ms
INF 2026-08-04T20:22:10.046Z > 200 GET /api/v1/ 233.15ms
INF 2026-08-04T20:22:10.047Z > 200 GET /api/v1/ 242.55ms
INF 2026-08-04T20:22:10.059Z > 200 GET /api/v1/ 276.4ms
INF 2026-08-04T20:22:10.059Z > 200 GET /api/v1/ 251.07ms
INF 2026-08-04T20:22:10.060Z > 200 GET /api/v1/ 231.77ms
INF 2026-08-04T20:22:10.060Z > 200 GET /api/v1/ 252.62ms
INF 2026-08-04T20:22:10.061Z > 200 GET /api/v1/ 250.87ms
INF 2026-08-04T20:22:10.063Z > 200 GET /api/v1/ 253.48ms
INF 2026-08-04T20:22:10.064Z > 200 GET /api/v1/ 248.74ms
INF 2026-08-04T20:22:10.064Z > 200 GET /api/v1/ 205.84ms
INF 2026-08-04T20:22:10.065Z > 200 GET /api/v1/ 249.35ms
INF 2026-08-04T20:22:10.066Z > 200 GET /api/v1/ 295.38ms
INF 2026-08-04T20:22:10.068Z > 200 GET /api/v1/ 257.8ms
INF 2026-08-04T20:22:10.071Z > 200 GET /api/v1/ 226.9ms
INF 2026-08-04T20:22:10.071Z > 200 GET /api/v1/ 241.95ms
INF 2026-08-04T20:22:10.071Z > 200 GET /api/v1/ 225.16ms
INF 2026-08-04T20:22:10.076Z > 200 GET /api/v1/ 241.84ms
INF 2026-08-04T20:22:10.078Z > 200 GET /api/v1/ 212.82ms
INF 2026-08-04T20:22:10.081Z > 200 GET /api/v1/ 14.82ms
INF 2026-08-04T20:22:10.082Z > 200 GET /api/v1/ 252.49ms
INF 2026-08-04T20:22:10.085Z > 200 GET /api/v1/ 16.45ms
INF 2026-08-04T20:22:10.086Z > 200 GET /api/v1/ 224.17ms
INF 2026-08-04T20:22:10.086Z > 200 GET /api/v1/ 240.12ms
INF 2026-08-04T20:22:10.086Z > 200 GET /api/v1/ 15.27ms
INF 2026-08-04T20:22:10.089Z > 200 GET /api/v1/ 25.91ms
INF 2026-08-04T20:22:10.089Z > 200 GET /api/v1/ 193.18ms
INF 2026-08-04T20:22:10.089Z > 200 GET /api/v1/ 226.29ms
INF 2026-08-04T20:22:10.090Z > 200 GET /api/v1/ 25.17ms
INF 2026-08-04T20:22:10.090Z > 200 GET /api/v1/ 215.43ms
INF 2026-08-04T20:22:10.090Z > 200 GET /api/v1/ 226.61ms
INF 2026-08-04T20:22:10.090Z > 200 GET /api/v1/ 217.66ms
INF 2026-08-04T20:22:10.090Z > 200 GET /api/v1/ 223.22ms
INF 2026-08-04T20:22:10.091Z > 200 GET /api/v1/ 200.67ms
INF 2026-08-04T20:22:10.091Z > 200 GET /api/v1/ 26.08ms
INF 2026-08-04T20:22:10.093Z > 200 GET /api/v1/ 199.4ms
INF 2026-08-04T20:22:10.095Z > 200 GET /api/v1/ 13.24ms
INF 2026-08-04T20:22:10.098Z > 200 GET /api/v1/ 8.5ms
INF 2026-08-04T20:22:10.098Z > 200 GET /api/v1/ 11.45ms
INF 2026-08-04T20:22:10.098Z > 200 GET /api/v1/ 8.2ms
INF 2026-08-04T20:22:10.098Z > 200 GET /api/v1/ 7.91ms
INF 2026-08-04T20:22:10.099Z > 200 GET /api/v1/ 9.74ms
INF 2026-08-04T20:22:10.099Z > 200 GET /api/v1/ 8.15ms
INF 2026-08-04T20:22:10.100Z > 200 GET /api/v1/ 7.28ms
INF 2026-08-04T20:22:10.101Z > 200 GET /api/v1/ 6.15ms
INF 2026-08-04T20:22:10.102Z > 200 GET /api/v1/ 311.92ms
INF 2026-08-04T20:22:10.102Z > 200 GET /api/v1/ 3.44ms
INF 2026-08-04T20:22:10.102Z > 200 GET /api/v1/ 289.78ms
INF 2026-08-04T20:22:10.103Z > 200 GET /api/v1/ 71.76ms
INF 2026-08-04T20:22:10.103Z > 200 GET /api/v1/ 73.18ms
INF 2026-08-04T20:22:10.106Z > 200 GET /api/v1/ 72.72ms
INF 2026-08-04T20:22:10.113Z > 200 GET /api/v1/ 14.88ms
INF 2026-08-04T20:22:10.134Z > 200 GET /api/v1/ 230.69ms
INF 2026-08-04T20:22:10.138Z > 200 GET /api/v1/ 231.78ms
INF 2026-08-04T20:22:10.139Z > 200 GET /api/v1/ 222.45ms
INF 2026-08-04T20:22:10.139Z > 200 GET /api/v1/ 222.71ms
INF 2026-08-04T20:22:10.142Z > 200 GET /api/v1/ 235.84ms
INF 2026-08-04T20:22:10.142Z > 200 GET /api/v1/ 240.04ms
INF 2026-08-04T20:22:10.142Z > 200 GET /api/v1/ 225.32ms
INF 2026-08-04T20:22:10.143Z > 200 GET /api/v1/ 226.71ms
INF 2026-08-04T20:22:10.148Z > 200 GET /api/v1/ 221.1ms
INF 2026-08-04T20:22:10.149Z > 200 GET /api/v1/ 220.11ms
INF 2026-08-04T20:22:10.151Z > 200 GET /api/v1/ 12.69ms
INF 2026-08-04T20:22:10.152Z > 200 GET /api/v1/ 220.2ms
INF 2026-08-04T20:22:10.153Z > 200 GET /api/v1/ 11.22ms
INF 2026-08-04T20:22:10.158Z > 200 GET /api/v1/ 15.17ms
INF 2026-08-04T20:22:10.162Z > 200 GET /api/v1/ 219.44ms
INF 2026-08-04T20:22:10.162Z > 200 GET /api/v1/ 13.26ms
INF 2026-08-04T20:22:10.163Z > 200 GET /api/v1/ 11.81ms
INF 2026-08-04T20:22:10.165Z > 200 GET /api/v1/ 12.76ms
INF 2026-08-04T20:22:10.165Z > 200 GET /api/v1/ 12.03ms
INF 2026-08-04T20:22:10.167Z > 200 GET /api/v1/ 222.1ms
INF 2026-08-04T20:22:10.169Z > 200 GET /api/v1/ 65.98ms
INF 2026-08-04T20:22:10.169Z > 200 GET /api/v1/ 128.3ms
INF 2026-08-04T20:22:10.170Z > 200 GET /api/v1/ 124.92ms
INF 2026-08-04T20:22:10.170Z > 200 GET /api/v1/ 224.81ms
INF 2026-08-04T20:22:10.171Z > 200 GET /api/v1/ 224.95ms
INF 2026-08-04T20:22:10.172Z > 200 GET /api/v1/ 9.77ms
INF 2026-08-04T20:22:10.172Z > 200 GET /api/v1/ 132.41ms
INF 2026-08-04T20:22:10.172Z > 200 GET /api/v1/ 126.65ms
INF 2026-08-04T20:22:10.173Z > 200 GET /api/v1/ 7.62ms
INF 2026-08-04T20:22:10.173Z > 200 GET /api/v1/ 10.6ms
INF 2026-08-04T20:22:10.176Z > 200 GET /api/v1/ 228.08ms
INF 2026-08-04T20:22:10.176Z > 200 GET /api/v1/ 228.58ms
INF 2026-08-04T20:22:10.178Z > 200 GET /api/v1/ 229.55ms
INF 2026-08-04T20:22:10.180Z > 200 GET /api/v1/ 230.98ms
INF 2026-08-04T20:22:10.180Z > 200 GET /api/v1/ 230.37ms
INF 2026-08-04T20:22:10.180Z > 200 GET /api/v1/ 236.65ms
INF 2026-08-04T20:22:10.184Z > 200 GET /api/v1/ 242.21ms
INF 2026-08-04T20:22:10.184Z > 200 GET /api/v1/ 233.99ms
INF 2026-08-04T20:22:10.184Z > 200 GET /api/v1/ 235.37ms
INF 2026-08-04T20:22:10.196Z > 200 GET /api/v1/ 243.66ms
INF 2026-08-04T20:22:10.197Z > 200 GET /api/v1/ 244.14ms
INF 2026-08-04T20:22:10.197Z > 200 GET /api/v1/ 245.69ms
INF 2026-08-04T20:22:10.198Z > 200 GET /api/v1/ 246.61ms
INF 2026-08-04T20:22:10.198Z > 200 GET /api/v1/ 238.86ms
INF 2026-08-04T20:22:10.204Z > 200 GET /api/v1/ 254.69ms
INF 2026-08-04T20:22:10.206Z > 200 GET /api/v1/ 33.08ms
INF 2026-08-04T20:22:10.207Z > 200 GET /api/v1/ 36.93ms
INF 2026-08-04T20:22:10.208Z > 200 GET /api/v1/ 248.25ms
INF 2026-08-04T20:22:10.211Z > 200 GET /api/v1/ 251.89ms
INF 2026-08-04T20:22:10.212Z > 200 GET /api/v1/ 235.24ms
INF 2026-08-04T20:22:10.212Z > 200 GET /api/v1/ 239.81ms
INF 2026-08-04T20:22:10.214Z > 200 GET /api/v1/ 238.76ms
INF 2026-08-04T20:22:10.214Z > 200 GET /api/v1/ 210.51ms
INF 2026-08-04T20:22:10.215Z > 200 GET /api/v1/ 214.05ms
INF 2026-08-04T20:22:10.215Z > 200 GET /api/v1/ 228.99ms
INF 2026-08-04T20:22:10.215Z > 200 GET /api/v1/ 229.32ms
INF 2026-08-04T20:22:10.215Z > 200 GET /api/v1/ 219.99ms
INF 2026-08-04T20:22:10.216Z > 200 GET /api/v1/ 17.8ms
INF 2026-08-04T20:22:10.229Z > 200 GET /api/v1/ 20.73ms
INF 2026-08-04T20:22:10.232Z > 200 GET /api/v1/ 184.3ms
INF 2026-08-04T20:22:10.232Z > 200 GET /api/v1/ 20.14ms
INF 2026-08-04T20:22:10.242Z > 200 GET /api/v1/ 197.17ms
INF 2026-08-04T20:22:10.247Z > 200 GET /api/v1/ 31.12ms
INF 2026-08-04T20:22:10.248Z > 200 GET /api/v1/ 227.76ms
INF 2026-08-04T20:22:10.249Z > 200 GET /api/v1/ 245.04ms
INF 2026-08-04T20:22:10.252Z > 200 GET /api/v1/ 225.27ms
INF 2026-08-04T20:22:10.254Z > 200 GET /api/v1/ 192.76ms
INF 2026-08-04T20:22:10.255Z > 200 GET /api/v1/ 22.71ms
INF 2026-08-04T20:22:10.255Z > 200 GET /api/v1/ 239.56ms
INF 2026-08-04T20:22:10.256Z > 200 GET /api/v1/ 238.35ms
INF 2026-08-04T20:22:10.256Z > 200 GET /api/v1/ 221.35ms
INF 2026-08-04T20:22:10.257Z > 200 GET /api/v1/ 230.8ms
INF 2026-08-04T20:22:10.258Z > 200 GET /api/v1/ 171.24ms
INF 2026-08-04T20:22:10.270Z > 200 GET /api/v1/ 54.85ms
INF 2026-08-04T20:22:10.276Z > 200 GET /api/v1/ 269.31ms
INF 2026-08-04T20:22:10.277Z > 200 GET /api/v1/ 29.53ms
INF 2026-08-04T20:22:10.277Z > 200 GET /api/v1/ 35.55ms
INF 2026-08-04T20:22:10.282Z > 200 GET /api/v1/ 33.86ms
INF 2026-08-04T20:22:10.282Z > 200 GET /api/v1/ 259.56ms
INF 2026-08-04T20:22:10.284Z > 200 GET /api/v1/ 223.14ms
INF 2026-08-04T20:22:10.293Z > 200 GET /api/v1/ 39.13ms
INF 2026-08-04T20:22:10.293Z > 200 GET /api/v1/ 37.83ms
INF 2026-08-04T20:22:10.294Z > 200 GET /api/v1/ 37.82ms
INF 2026-08-04T20:22:10.294Z > 200 GET /api/v1/ 204.95ms
INF 2026-08-04T20:22:10.296Z > 200 GET /api/v1/ 41.39ms
INF 2026-08-04T20:22:10.300Z > 200 GET /api/v1/ 235.89ms
INF 2026-08-04T20:22:10.301Z > 200 GET /api/v1/ 210.26ms
INF 2026-08-04T20:22:10.301Z > 200 GET /api/v1/ 223.02ms
INF 2026-08-04T20:22:10.304Z > 200 GET /api/v1/ 288.51ms
INF 2026-08-04T20:22:10.307Z > 200 GET /api/v1/ 245.52ms
INF 2026-08-04T20:22:10.308Z > 200 GET /api/v1/ 209.08ms
INF 2026-08-04T20:22:10.308Z > 200 GET /api/v1/ 236.7ms
INF 2026-08-04T20:22:10.310Z > 200 GET /api/v1/ 211.29ms
INF 2026-08-04T20:22:10.310Z > 200 GET /api/v1/ 33.09ms
INF 2026-08-04T20:22:10.311Z > 200 GET /api/v1/ 230.45ms
INF 2026-08-04T20:22:10.316Z > 200 GET /api/v1/ 271.26ms
INF 2026-08-04T20:22:10.320Z > 200 GET /api/v1/ 275.97ms
INF 2026-08-04T20:22:10.322Z > 200 GET /api/v1/ 315.19ms
INF 2026-08-04T20:22:10.323Z > 200 GET /api/v1/ 40.37ms
INF 2026-08-04T20:22:10.324Z > 200 GET /api/v1/ 298.18ms
INF 2026-08-04T20:22:10.326Z > 200 GET /api/v1/ 300.26ms
INF 2026-08-04T20:22:10.331Z > 200 GET /api/v1/ 270.09ms
INF 2026-08-04T20:22:10.332Z > 200 GET /api/v1/ 27.56ms
INF 2026-08-04T20:22:10.335Z > 200 GET /api/v1/ 309.26ms
INF 2026-08-04T20:22:10.336Z > 200 GET /api/v1/ 27.99ms
INF 2026-08-04T20:22:10.337Z > 200 GET /api/v1/ 275.28ms
INF 2026-08-04T20:22:10.338Z > 200 GET /api/v1/ 27.28ms
INF 2026-08-04T20:22:10.338Z > 200 GET /api/v1/ 30.98ms
INF 2026-08-04T20:22:10.339Z > 200 GET /api/v1/ 27.86ms
INF 2026-08-04T20:22:10.345Z > 200 GET /api/v1/ 22.74ms
INF 2026-08-04T20:22:10.347Z > 200 GET /api/v1/ 246.42ms
INF 2026-08-04T20:22:10.348Z > 200 GET /api/v1/ 24.75ms
INF 2026-08-04T20:22:10.348Z > 200 GET /api/v1/ 257.46ms
INF 2026-08-04T20:22:10.353Z > 200 GET /api/v1/ 261.67ms
INF 2026-08-04T20:22:10.354Z > 200 GET /api/v1/ 27.92ms
INF 2026-08-04T20:22:10.355Z > 200 GET /api/v1/ 253.22ms
INF 2026-08-04T20:22:10.355Z > 200 GET /api/v1/ 19.93ms
INF 2026-08-04T20:22:10.357Z > 200 GET /api/v1/ 20.8ms
INF 2026-08-04T20:22:10.357Z > 200 GET /api/v1/ 20.45ms
INF 2026-08-04T20:22:10.357Z > 200 GET /api/v1/ 19.4ms
INF 2026-08-04T20:22:10.358Z > 200 GET /api/v1/ 286.44ms
INF 2026-08-04T20:22:10.363Z > 200 GET /api/v1/ 23.39ms
INF 2026-08-04T20:22:10.363Z > 200 GET /api/v1/ 345.46ms
INF 2026-08-04T20:22:10.374Z > 200 GET /api/v1/ 297.36ms
INF 2026-08-04T20:22:10.374Z > 200 GET /api/v1/ 26.11ms
INF 2026-08-04T20:22:10.375Z > 200 GET /api/v1/ 370.66ms
INF 2026-08-04T20:22:10.375Z > 200 GET /api/v1/ 58.36ms
INF 2026-08-04T20:22:10.375Z > 200 GET /api/v1/ 27.95ms
INF 2026-08-04T20:22:10.375Z > 200 GET /api/v1/ 81.62ms
INF 2026-08-04T20:22:10.376Z > 200 GET /api/v1/ 79.42ms
INF 2026-08-04T20:22:10.376Z > 200 GET /api/v1/ 291.25ms
INF 2026-08-04T20:22:10.376Z > 200 GET /api/v1/ 44.91ms
INF 2026-08-04T20:22:10.377Z > 200 GET /api/v1/ 277.23ms
INF 2026-08-04T20:22:10.377Z > 200 GET /api/v1/ 75.93ms
INF 2026-08-04T20:22:10.386Z > 200 GET /api/v1/ 299.03ms
INF 2026-08-04T20:22:10.387Z > 200 GET /api/v1/ 350.91ms
INF 2026-08-04T20:22:10.387Z > 200 GET /api/v1/ 32.79ms
INF 2026-08-04T20:22:10.388Z > 200 GET /api/v1/ 362.05ms
INF 2026-08-04T20:22:10.390Z > 200 GET /api/v1/ 287.87ms
INF 2026-08-04T20:22:10.394Z > 200 GET /api/v1/ 36.65ms
INF 2026-08-04T20:22:10.395Z > 200 GET /api/v1/ 369.14ms
INF 2026-08-04T20:22:10.396Z > 200 GET /api/v1/ 293.57ms
INF 2026-08-04T20:22:10.396Z > 200 GET /api/v1/ 305.11ms
INF 2026-08-04T20:22:10.397Z > 200 GET /api/v1/ 297.68ms
INF 2026-08-04T20:22:10.400Z > 200 GET /api/v1/ 261.0ms
INF 2026-08-04T20:22:10.401Z > 200 GET /api/v1/ 394.31ms
INF 2026-08-04T20:22:10.402Z > 200 GET /api/v1/ 24.66ms
INF 2026-08-04T20:22:10.402Z > 200 GET /api/v1/ 25.38ms
INF 2026-08-04T20:22:10.404Z > 200 GET /api/v1/ 255.28ms
INF 2026-08-04T20:22:10.408Z > 200 GET /api/v1/ 234.84ms
INF 2026-08-04T20:22:10.408Z > 200 GET /api/v1/ 264.81ms
INF 2026-08-04T20:22:10.409Z > 200 GET /api/v1/ 243.58ms
INF 2026-08-04T20:22:10.410Z > 200 GET /api/v1/ 13.5ms
INF 2026-08-04T20:22:10.411Z > 200 GET /api/v1/ 240.7ms
INF 2026-08-04T20:22:10.411Z > 200 GET /api/v1/ 240.76ms
INF 2026-08-04T20:22:10.413Z > 200 GET /api/v1/ 245.94ms
INF 2026-08-04T20:22:10.414Z > 200 GET /api/v1/ 21.04ms
INF 2026-08-04T20:22:10.420Z > 200 GET /api/v1/ 23.96ms
INF 2026-08-04T20:22:10.421Z > 200 GET /api/v1/ 242.17ms
INF 2026-08-04T20:22:10.426Z > 200 GET /api/v1/ 322.77ms
INF 2026-08-04T20:22:10.432Z > 200 GET /api/v1/ 258.19ms
INF 2026-08-04T20:22:10.432Z > 200 GET /api/v1/ 318.6ms
INF 2026-08-04T20:22:10.434Z > 200 GET /api/v1/ 227.94ms
INF 2026-08-04T20:22:10.434Z > 200 GET /api/v1/ 320.69ms
INF 2026-08-04T20:22:10.435Z > 200 GET /api/v1/ 277.21ms
INF 2026-08-04T20:22:10.445Z > 200 GET /api/v1/ 264.7ms
INF 2026-08-04T20:22:10.449Z > 200 GET /api/v1/ 250.36ms
INF 2026-08-04T20:22:10.449Z > 200 GET /api/v1/ 268.19ms
INF 2026-08-04T20:22:10.449Z > 200 GET /api/v1/ 275.78ms
INF 2026-08-04T20:22:10.450Z > 200 GET /api/v1/ 278.39ms
INF 2026-08-04T20:22:10.451Z > 200 GET /api/v1/ 347.22ms
INF 2026-08-04T20:22:10.451Z > 200 GET /api/v1/ 253.2ms
INF 2026-08-04T20:22:10.451Z > 200 GET /api/v1/ 266.76ms
INF 2026-08-04T20:22:10.456Z > 200 GET /api/v1/ 313.23ms
INF 2026-08-04T20:22:10.460Z > 200 GET /api/v1/ 244.14ms
INF 2026-08-04T20:22:10.461Z > 200 GET /api/v1/ 248.77ms
INF 2026-08-04T20:22:10.462Z > 200 GET /api/v1/ 288.85ms
INF 2026-08-04T20:22:10.462Z > 200 GET /api/v1/ 255.08ms
INF 2026-08-04T20:22:10.471Z > 200 GET /api/v1/ 301.93ms
INF 2026-08-04T20:22:10.472Z > 200 GET /api/v1/ 287.13ms
INF 2026-08-04T20:22:10.472Z > 200 GET /api/v1/ 296.1ms
INF 2026-08-04T20:22:10.473Z > 200 GET /api/v1/ 265.89ms
INF 2026-08-04T20:22:10.475Z > 200 GET /api/v1/ 298.66ms
INF 2026-08-04T20:22:10.476Z > 200 GET /api/v1/ 64.35ms
INF 2026-08-04T20:22:10.476Z > 200 GET /api/v1/ 313.54ms
INF 2026-08-04T20:22:10.478Z > 200 GET /api/v1/ 262.91ms
INF 2026-08-04T20:22:10.479Z > 200 GET /api/v1/ 266.63ms
INF 2026-08-04T20:22:10.479Z > 200 GET /api/v1/ 280.89ms
INF 2026-08-04T20:22:10.479Z > 200 GET /api/v1/ 280.67ms
INF 2026-08-04T20:22:10.479Z > 200 GET /api/v1/ 344.88ms
INF 2026-08-04T20:22:10.480Z > 200 GET /api/v1/ 30.67ms
INF 2026-08-04T20:22:10.482Z > 200 GET /api/v1/ 30.91ms
INF 2026-08-04T20:22:10.483Z > 200 GET /api/v1/ 343.42ms
INF 2026-08-04T20:22:10.484Z > 200 GET /api/v1/ 34.98ms
INF 2026-08-04T20:22:10.485Z > 200 GET /api/v1/ 29.14ms
INF 2026-08-04T20:22:10.486Z > 200 GET /api/v1/ 35.28ms
INF 2026-08-04T20:22:10.488Z > 200 GET /api/v1/ 27.54ms
INF 2026-08-04T20:22:10.488Z > 200 GET /api/v1/ 27.46ms
INF 2026-08-04T20:22:10.489Z > 200 GET /api/v1/ 13.54ms
INF 2026-08-04T20:22:10.490Z > 200 GET /api/v1/ 17.56ms
INF 2026-08-04T20:22:10.491Z > 200 GET /api/v1/ 274.94ms
INF 2026-08-04T20:22:10.491Z > 200 GET /api/v1/ 11.35ms
INF 2026-08-04T20:22:10.491Z > 200 GET /api/v1/ 18.75ms
INF 2026-08-04T20:22:10.493Z > 200 GET /api/v1/ 4.29ms
INF 2026-08-04T20:22:10.493Z > 200 GET /api/v1/ 312.4ms
INF 2026-08-04T20:22:10.493Z > 200 GET /api/v1/ 5.59ms
INF 2026-08-04T20:22:10.494Z > 200 GET /api/v1/ 73.66ms
INF 2026-08-04T20:22:10.495Z > 200 GET /api/v1/ 81.78ms
INF 2026-08-04T20:22:10.496Z > 200 GET /api/v1/ 312.01ms
INF 2026-08-04T20:22:10.496Z > 200 GET /api/v1/ 70.69ms
INF 2026-08-04T20:22:10.498Z > 200 GET /api/v1/ 66.25ms
INF 2026-08-04T20:22:10.499Z > 200 GET /api/v1/ 87.75ms
INF 2026-08-04T20:22:10.500Z > 200 GET /api/v1/ 5.85ms
INF 2026-08-04T20:22:10.523Z > 200 GET /api/v1/ 307.44ms
INF 2026-08-04T20:22:10.535Z > 200 GET /api/v1/ 282.84ms
INF 2026-08-04T20:22:10.537Z > 200 GET /api/v1/ 321.07ms
INF 2026-08-04T20:22:10.540Z > 200 GET /api/v1/ 16.56ms
INF 2026-08-04T20:22:10.541Z > 200 GET /api/v1/ 283.39ms
INF 2026-08-04T20:22:10.542Z > 200 GET /api/v1/ 285.59ms
INF 2026-08-04T20:22:10.542Z > 200 GET /api/v1/ 284.14ms
INF 2026-08-04T20:22:10.543Z > 200 GET /api/v1/ 313.48ms
INF 2026-08-04T20:22:10.547Z > 200 GET /api/v1/ 314.99ms
INF 2026-08-04T20:22:10.547Z > 200 GET /api/v1/ 298.43ms
INF 2026-08-04T20:22:10.548Z > 200 GET /api/v1/ 270.99ms
INF 2026-08-04T20:22:10.548Z > 200 GET /api/v1/ 271.8ms
INF 2026-08-04T20:22:10.555Z > 200 GET /api/v1/ 17.26ms
INF 2026-08-04T20:22:10.555Z > 200 GET /api/v1/ 13.03ms
INF 2026-08-04T20:22:10.556Z > 200 GET /api/v1/ 12.73ms
INF 2026-08-04T20:22:10.557Z > 200 GET /api/v1/ 8.84ms
INF 2026-08-04T20:22:10.557Z > 200 GET /api/v1/ 8.22ms
INF 2026-08-04T20:22:10.558Z > 200 GET /api/v1/ 274.94ms
INF 2026-08-04T20:22:10.560Z > 200 GET /api/v1/ 63.25ms
INF 2026-08-04T20:22:10.561Z > 200 GET /api/v1/ 266.31ms
INF 2026-08-04T20:22:10.562Z > 200 GET /api/v1/ 266.61ms
INF 2026-08-04T20:22:10.565Z > 200 GET /api/v1/ 65.75ms
INF 2026-08-04T20:22:10.565Z > 200 GET /api/v1/ 269.9ms
INF 2026-08-04T20:22:10.566Z > 200 GET /api/v1/ 295.04ms
INF 2026-08-04T20:22:10.568Z > 200 GET /api/v1/ 266.75ms
INF 2026-08-04T20:22:10.569Z > 200 GET /api/v1/ 273.74ms
INF 2026-08-04T20:22:10.569Z > 200 GET /api/v1/ 268.93ms
INF 2026-08-04T20:22:10.570Z > 200 GET /api/v1/ 8.41ms
INF 2026-08-04T20:22:10.571Z > 200 GET /api/v1/ 263.22ms
INF 2026-08-04T20:22:10.572Z > 200 GET /api/v1/ 261.64ms
INF 2026-08-04T20:22:10.575Z > 200 GET /api/v1/ 254.74ms
INF 2026-08-04T20:22:10.577Z > 200 GET /api/v1/ 253.13ms
INF 2026-08-04T20:22:10.579Z > 200 GET /api/v1/ 246.44ms
INF 2026-08-04T20:22:10.579Z > 200 GET /api/v1/ 7.67ms
INF 2026-08-04T20:22:10.580Z > 200 GET /api/v1/ 234.7ms
INF 2026-08-04T20:22:10.581Z > 200 GET /api/v1/ 242.4ms
INF 2026-08-04T20:22:10.581Z > 200 GET /api/v1/ 9.01ms
INF 2026-08-04T20:22:10.583Z > 200 GET /api/v1/ 225.35ms
INF 2026-08-04T20:22:10.585Z > 200 GET /api/v1/ 207.99ms
INF 2026-08-04T20:22:10.586Z > 200 GET /api/v1/ 6.67ms
INF 2026-08-04T20:22:10.589Z > 200 GET /api/v1/ 7.95ms
INF 2026-08-04T20:22:10.597Z > 200 GET /api/v1/ 219.84ms
INF 2026-08-04T20:22:10.603Z > 200 GET /api/v1/ 255.0ms
INF 2026-08-04T20:22:10.614Z > 200 GET /api/v1/ 240.21ms
INF 2026-08-04T20:22:10.614Z > 200 GET /api/v1/ 219.6ms
INF 2026-08-04T20:22:10.621Z > 200 GET /api/v1/ 233.74ms
INF 2026-08-04T20:22:10.627Z > 200 GET /api/v1/ 238.58ms
INF 2026-08-04T20:22:10.627Z > 200 GET /api/v1/ 274.31ms
INF 2026-08-04T20:22:10.628Z > 200 GET /api/v1/ 270.87ms
INF 2026-08-04T20:22:10.629Z > 200 GET /api/v1/ 251.96ms
INF 2026-08-04T20:22:10.630Z > 200 GET /api/v1/ 274.62ms
INF 2026-08-04T20:22:10.630Z > 200 GET /api/v1/ 244.95ms
INF 2026-08-04T20:22:10.633Z > 200 GET /api/v1/ 256.83ms
INF 2026-08-04T20:22:10.634Z > 200 GET /api/v1/ 245.05ms
INF 2026-08-04T20:22:10.635Z > 200 GET /api/v1/ 238.93ms
INF 2026-08-04T20:22:10.635Z > 200 GET /api/v1/ 258.28ms
INF 2026-08-04T20:22:10.635Z > 200 GET /api/v1/ 259.63ms
INF 2026-08-04T20:22:10.636Z > 200 GET /api/v1/ 280.26ms
INF 2026-08-04T20:22:10.636Z > 200 GET /api/v1/ 248.11ms
INF 2026-08-04T20:22:10.638Z > 200 GET /api/v1/ 279.84ms
INF 2026-08-04T20:22:10.638Z > 200 GET /api/v1/ 261.02ms
INF 2026-08-04T20:22:10.640Z > 200 GET /api/v1/ 263.19ms
INF 2026-08-04T20:22:10.644Z > 200 GET /api/v1/ 210.36ms
INF 2026-08-04T20:22:10.646Z > 200 GET /api/v1/ 211.07ms
INF 2026-08-04T20:22:10.647Z > 200 GET /api/v1/ 243.88ms
INF 2026-08-04T20:22:10.647Z > 200 GET /api/v1/ 248.57ms
INF 2026-08-04T20:22:10.648Z > 200 GET /api/v1/ 273.91ms
INF 2026-08-04T20:22:10.649Z > 200 GET /api/v1/ 217.55ms
INF 2026-08-04T20:22:10.653Z > 200 GET /api/v1/ 250.14ms
INF 2026-08-04T20:22:10.657Z > 200 GET /api/v1/ 246.3ms
INF 2026-08-04T20:22:10.657Z > 200 GET /api/v1/ 246.73ms
INF 2026-08-04T20:22:10.660Z > 200 GET /api/v1/ 27.35ms
INF 2026-08-04T20:22:10.667Z > 200 GET /api/v1/ 254.95ms
INF 2026-08-04T20:22:10.669Z > 200 GET /api/v1/ 247.97ms
INF 2026-08-04T20:22:10.669Z > 200 GET /api/v1/ 31.11ms
INF 2026-08-04T20:22:10.670Z > 200 GET /api/v1/ 35.09ms
INF 2026-08-04T20:22:10.672Z > 200 GET /api/v1/ 35.04ms
INF 2026-08-04T20:22:10.673Z > 200 GET /api/v1/ 222.3ms
INF 2026-08-04T20:22:10.674Z > 200 GET /api/v1/ 259.79ms
INF 2026-08-04T20:22:10.678Z > 200 GET /api/v1/ 277.09ms
INF 2026-08-04T20:22:10.686Z > 200 GET /api/v1/ 39.65ms
INF 2026-08-04T20:22:10.687Z > 200 GET /api/v1/ 215.04ms
INF 2026-08-04T20:22:10.690Z > 200 GET /api/v1/ 287.35ms
INF 2026-08-04T20:22:10.691Z > 200 GET /api/v1/ 285.93ms
INF 2026-08-04T20:22:10.691Z > 200 GET /api/v1/ 62.38ms
INF 2026-08-04T20:22:10.691Z > 200 GET /api/v1/ 41.8ms
INF 2026-08-04T20:22:10.693Z > 200 GET /api/v1/ 246.38ms
INF 2026-08-04T20:22:10.693Z > 200 GET /api/v1/ 243.68ms
INF 2026-08-04T20:22:10.693Z > 200 GET /api/v1/ 231.18ms
INF 2026-08-04T20:22:10.695Z > 200 GET /api/v1/ 64.92ms
INF 2026-08-04T20:22:10.695Z > 200 GET /api/v1/ 37.95ms
INF 2026-08-04T20:22:10.698Z > 200 GET /api/v1/ 70.78ms
INF 2026-08-04T20:22:10.699Z > 200 GET /api/v1/ 38.21ms
INF 2026-08-04T20:22:10.699Z > 200 GET /api/v1/ 28.72ms
INF 2026-08-04T20:22:10.699Z > 200 GET /api/v1/ 30.15ms
INF 2026-08-04T20:22:10.701Z > 200 GET /api/v1/ 291.03ms
INF 2026-08-04T20:22:10.702Z > 200 GET /api/v1/ 225.95ms
INF 2026-08-04T20:22:10.703Z > 200 GET /api/v1/ 268.95ms
INF 2026-08-04T20:22:10.705Z > 200 GET /api/v1/ 31.2ms
INF 2026-08-04T20:22:10.705Z > 200 GET /api/v1/ 31.37ms
INF 2026-08-04T20:22:10.709Z > 200 GET /api/v1/ 236.23ms
INF 2026-08-04T20:22:10.710Z > 200 GET /api/v1/ 230.42ms
INF 2026-08-04T20:22:10.710Z > 200 GET /api/v1/ 247.5ms
INF 2026-08-04T20:22:10.711Z > 200 GET /api/v1/ 234.84ms
INF 2026-08-04T20:22:10.713Z > 200 GET /api/v1/ 262.88ms
INF 2026-08-04T20:22:10.714Z > 200 GET /api/v1/ 234.75ms
INF 2026-08-04T20:22:10.714Z > 200 GET /api/v1/ 21.07ms
INF 2026-08-04T20:22:10.717Z > 200 GET /api/v1/ 23.05ms
INF 2026-08-04T20:22:10.718Z > 200 GET /api/v1/ 13.89ms
INF 2026-08-04T20:22:10.718Z > 200 GET /api/v1/ 13.02ms
INF 2026-08-04T20:22:10.719Z > 200 GET /api/v1/ 13.36ms
INF 2026-08-04T20:22:10.719Z > 200 GET /api/v1/ 20.2ms
INF 2026-08-04T20:22:10.723Z > 200 GET /api/v1/ 242.8ms
INF 2026-08-04T20:22:10.723Z > 200 GET /api/v1/ 24.93ms
INF 2026-08-04T20:22:10.723Z > 200 GET /api/v1/ 13.71ms
INF 2026-08-04T20:22:10.724Z > 200 GET /api/v1/ 241.69ms
INF 2026-08-04T20:22:10.725Z > 200 GET /api/v1/ 11.61ms
INF 2026-08-04T20:22:10.726Z > 200 GET /api/v1/ 15.79ms
INF 2026-08-04T20:22:10.726Z > 200 GET /api/v1/ 27.16ms
INF 2026-08-04T20:22:10.727Z > 200 GET /api/v1/ 247.41ms
INF 2026-08-04T20:22:10.728Z > 200 GET /api/v1/ 26.56ms
INF 2026-08-04T20:22:10.729Z > 200 GET /api/v1/ 12.45ms
INF 2026-08-04T20:22:10.730Z > 200 GET /api/v1/ 11.8ms
INF 2026-08-04T20:22:10.730Z > 200 GET /api/v1/ 15.58ms
INF 2026-08-04T20:22:10.730Z > 200 GET /api/v1/ 250.56ms
INF 2026-08-04T20:22:10.733Z > 200 GET /api/v1/ 10.22ms
INF 2026-08-04T20:22:10.733Z > 200 GET /api/v1/ 9.77ms
INF 2026-08-04T20:22:10.742Z > 200 GET /api/v1/ 15.79ms
INF 2026-08-04T20:22:10.748Z > 200 GET /api/v1/ 19.87ms
INF 2026-08-04T20:22:10.748Z > 200 GET /api/v1/ 18.95ms
INF 2026-08-04T20:22:10.752Z > 200 GET /api/v1/ 22.21ms
INF 2026-08-04T20:22:10.759Z > 200 GET /api/v1/ 269.93ms
INF 2026-08-04T20:22:10.759Z > 200 GET /api/v1/ 274.1ms
INF 2026-08-04T20:22:10.760Z > 200 GET /api/v1/ 7.26ms
INF 2026-08-04T20:22:10.760Z > 200 GET /api/v1/ 273.64ms
INF 2026-08-04T20:22:10.761Z > 200 GET /api/v1/ 276.16ms
INF 2026-08-04T20:22:10.762Z > 200 GET /api/v1/ 278.58ms
INF 2026-08-04T20:22:10.763Z > 200 GET /api/v1/ 273.4ms
INF 2026-08-04T20:22:10.763Z > 200 GET /api/v1/ 271.9ms
INF 2026-08-04T20:22:10.765Z > 200 GET /api/v1/ 273.44ms
INF 2026-08-04T20:22:10.768Z > 200 GET /api/v1/ 274.38ms
INF 2026-08-04T20:22:10.769Z > 200 GET /api/v1/ 6.76ms
INF 2026-08-04T20:22:10.771Z > 200 GET /api/v1/ 11.43ms
INF 2026-08-04T20:22:10.772Z > 200 GET /api/v1/ 237.18ms
INF 2026-08-04T20:22:10.772Z > 200 GET /api/v1/ 277.41ms
INF 2026-08-04T20:22:10.772Z > 200 GET /api/v1/ 278.82ms
INF 2026-08-04T20:22:10.773Z > 200 GET /api/v1/ 9.2ms
INF 2026-08-04T20:22:10.776Z > 200 GET /api/v1/ 284.12ms
INF 2026-08-04T20:22:10.777Z > 200 GET /api/v1/ 268.92ms
INF 2026-08-04T20:22:10.777Z > 200 GET /api/v1/ 221.66ms
INF 2026-08-04T20:22:10.778Z > 200 GET /api/v1/ 236.45ms
INF 2026-08-04T20:22:10.781Z > 200 GET /api/v1/ 284.13ms
INF 2026-08-04T20:22:10.782Z > 200 GET /api/v1/ 241.63ms
INF 2026-08-04T20:22:10.785Z > 200 GET /api/v1/ 242.86ms
INF 2026-08-04T20:22:10.788Z > 200 GET /api/v1/ 14.9ms
INF 2026-08-04T20:22:10.788Z > 200 GET /api/v1/ 240.47ms
INF 2026-08-04T20:22:10.788Z > 200 GET /api/v1/ 220.19ms
INF 2026-08-04T20:22:10.789Z > 200 GET /api/v1/ 226.89ms
INF 2026-08-04T20:22:10.789Z > 200 GET /api/v1/ 232.17ms
INF 2026-08-04T20:22:10.789Z > 200 GET /api/v1/ 224.28ms
INF 2026-08-04T20:22:10.791Z > 200 GET /api/v1/ 224.95ms
INF 2026-08-04T20:22:10.791Z > 200 GET /api/v1/ 292.09ms
INF 2026-08-04T20:22:10.792Z > 200 GET /api/v1/ 236.38ms
INF 2026-08-04T20:22:10.795Z > 200 GET /api/v1/ 234.18ms
INF 2026-08-04T20:22:10.796Z > 200 GET /api/v1/ 241.21ms
INF 2026-08-04T20:22:10.807Z > 200 GET /api/v1/ 228.46ms
INF 2026-08-04T20:22:10.808Z > 200 GET /api/v1/ 313.79ms
INF 2026-08-04T20:22:10.808Z > 200 GET /api/v1/ 19.62ms
INF 2026-08-04T20:22:10.808Z > 200 GET /api/v1/ 20.13ms
INF 2026-08-04T20:22:10.808Z > 200 GET /api/v1/ 250.53ms
INF 2026-08-04T20:22:10.809Z > 200 GET /api/v1/ 20.3ms
INF 2026-08-04T20:22:10.809Z > 200 GET /api/v1/ 193.92ms
INF 2026-08-04T20:22:10.813Z > 200 GET /api/v1/ 21.25ms
INF 2026-08-04T20:22:10.815Z > 200 GET /api/v1/ 267.37ms
INF 2026-08-04T20:22:10.816Z > 200 GET /api/v1/ 258.68ms
INF 2026-08-04T20:22:10.824Z > 200 GET /api/v1/ 208.39ms
INF 2026-08-04T20:22:10.827Z > 200 GET /api/v1/ 251.5ms
INF 2026-08-04T20:22:10.837Z > 200 GET /api/v1/ 27.24ms
INF 2026-08-04T20:22:10.839Z > 200 GET /api/v1/ 26.39ms
INF 2026-08-04T20:22:10.840Z > 200 GET /api/v1/ 31.69ms
INF 2026-08-04T20:22:10.840Z > 200 GET /api/v1/ 31.88ms
INF 2026-08-04T20:22:10.840Z > 200 GET /api/v1/ 31.98ms
INF 2026-08-04T20:22:10.841Z > 200 GET /api/v1/ 26.18ms
INF 2026-08-04T20:22:10.842Z > 200 GET /api/v1/ 263.4ms
INF 2026-08-04T20:22:10.843Z > 200 GET /api/v1/ 206.54ms
INF 2026-08-04T20:22:10.843Z > 200 GET /api/v1/ 257.93ms
INF 2026-08-04T20:22:10.843Z > 200 GET /api/v1/ 272.93ms
INF 2026-08-04T20:22:10.843Z > 200 GET /api/v1/ 261.75ms
INF 2026-08-04T20:22:10.846Z > 200 GET /api/v1/ 30.1ms
INF 2026-08-04T20:22:10.849Z > 200 GET /api/v1/ 210.48ms
INF 2026-08-04T20:22:10.849Z > 200 GET /api/v1/ 214.23ms
INF 2026-08-04T20:22:10.851Z > 200 GET /api/v1/ 285.39ms
INF 2026-08-04T20:22:10.852Z > 200 GET /api/v1/ 249.17ms
INF 2026-08-04T20:22:10.856Z > 200 GET /api/v1/ 257.26ms
INF 2026-08-04T20:22:10.856Z > 200 GET /api/v1/ 222.63ms
INF 2026-08-04T20:22:10.858Z > 200 GET /api/v1/ 260.54ms
INF 2026-08-04T20:22:10.858Z > 200 GET /api/v1/ 21.8ms
INF 2026-08-04T20:22:10.860Z > 200 GET /api/v1/ 219.2ms
INF 2026-08-04T20:22:10.860Z > 200 GET /api/v1/ 290.73ms
INF 2026-08-04T20:22:10.861Z > 200 GET /api/v1/ 21.45ms
INF 2026-08-04T20:22:10.861Z > 200 GET /api/v1/ 232.5ms
INF 2026-08-04T20:22:10.862Z > 200 GET /api/v1/ 20.67ms
INF 2026-08-04T20:22:10.862Z > 200 GET /api/v1/ 16.56ms
INF 2026-08-04T20:22:10.863Z > 200 GET /api/v1/ 20.41ms
INF 2026-08-04T20:22:10.864Z > 200 GET /api/v1/ 23.89ms
INF 2026-08-04T20:22:10.865Z > 200 GET /api/v1/ 281.74ms
INF 2026-08-04T20:22:10.865Z > 200 GET /api/v1/ 24.92ms
INF 2026-08-04T20:22:10.866Z > 200 GET /api/v1/ 22.14ms
INF 2026-08-04T20:22:10.869Z > 200 GET /api/v1/ 241.21ms
INF 2026-08-04T20:22:10.870Z > 200 GET /api/v1/ 247.94ms
INF 2026-08-04T20:22:10.880Z > 200 GET /api/v1/ 27.24ms
INF 2026-08-04T20:22:10.880Z > 200 GET /api/v1/ 300.47ms
INF 2026-08-04T20:22:10.881Z > 200 GET /api/v1/ 310.66ms
INF 2026-08-04T20:22:10.881Z > 200 GET /api/v1/ 21.75ms
INF 2026-08-04T20:22:10.886Z > 200 GET /api/v1/ 25.1ms
INF 2026-08-04T20:22:10.888Z > 200 GET /api/v1/ 252.47ms
INF 2026-08-04T20:22:10.888Z > 200 GET /api/v1/ 25.6ms
INF 2026-08-04T20:22:10.890Z > 200 GET /api/v1/ 259.63ms
INF 2026-08-04T20:22:10.890Z > 200 GET /api/v1/ 26.96ms
INF 2026-08-04T20:22:10.892Z > 200 GET /api/v1/ 25.89ms
INF 2026-08-04T20:22:10.894Z > 200 GET /api/v1/ 30.27ms
INF 2026-08-04T20:22:10.900Z > 200 GET /api/v1/ 30.74ms
INF 2026-08-04T20:22:10.903Z > 200 GET /api/v1/ 33.81ms
INF 2026-08-04T20:22:10.903Z > 200 GET /api/v1/ 317.37ms
INF 2026-08-04T20:22:10.907Z > 200 GET /api/v1/ 259.27ms
INF 2026-08-04T20:22:10.907Z > 200 GET /api/v1/ 19.21ms
INF 2026-08-04T20:22:10.910Z > 200 GET /api/v1/ 18.59ms
INF 2026-08-04T20:22:10.911Z > 200 GET /api/v1/ 24.77ms
INF 2026-08-04T20:22:10.915Z > 200 GET /api/v1/ 257.59ms
INF 2026-08-04T20:22:10.916Z > 200 GET /api/v1/ 25.81ms
INF 2026-08-04T20:22:10.916Z > 200 GET /api/v1/ 271.61ms
INF 2026-08-04T20:22:10.917Z > 200 GET /api/v1/ 268.94ms
INF 2026-08-04T20:22:10.922Z > 200 GET /api/v1/ 19.76ms
INF 2026-08-04T20:22:10.929Z > 200 GET /api/v1/ 282.93ms
INF 2026-08-04T20:22:10.929Z > 200 GET /api/v1/ 260.55ms
INF 2026-08-04T20:22:10.934Z > 200 GET /api/v1/ 23.48ms
INF 2026-08-04T20:22:10.935Z > 200 GET /api/v1/ 19.74ms
INF 2026-08-04T20:22:10.936Z > 200 GET /api/v1/ 20.56ms
INF 2026-08-04T20:22:10.937Z > 200 GET /api/v1/ 249.22ms
INF 2026-08-04T20:22:10.938Z > 200 GET /api/v1/ 266.41ms
INF 2026-08-04T20:22:10.943Z > 200 GET /api/v1/ 255.22ms
INF 2026-08-04T20:22:10.943Z > 200 GET /api/v1/ 8.74ms
INF 2026-08-04T20:22:10.943Z > 200 GET /api/v1/ 20.79ms
INF 2026-08-04T20:22:10.945Z > 200 GET /api/v1/ 8.06ms
INF 2026-08-04T20:22:10.945Z > 200 GET /api/v1/ 254.23ms
INF 2026-08-04T20:22:10.945Z > 200 GET /api/v1/ 254.68ms
INF 2026-08-04T20:22:10.946Z > 200 GET /api/v1/ 279.29ms
INF 2026-08-04T20:22:10.947Z > 200 GET /api/v1/ 12.31ms
INF 2026-08-04T20:22:10.948Z > 200 GET /api/v1/ 9.36ms
INF 2026-08-04T20:22:10.948Z > 200 GET /api/v1/ 256.57ms
INF 2026-08-04T20:22:10.948Z > 200 GET /api/v1/ 295.1ms
INF 2026-08-04T20:22:10.949Z > 200 GET /api/v1/ 270.58ms
INF 2026-08-04T20:22:10.950Z > 200 GET /api/v1/ 6.8ms
INF 2026-08-04T20:22:10.951Z > 200 GET /api/v1/ 259.37ms
INF 2026-08-04T20:22:10.960Z > 200 GET /api/v1/ 14.32ms
INF 2026-08-04T20:22:10.961Z > 200 GET /api/v1/ 14.74ms
INF 2026-08-04T20:22:10.965Z > 200 GET /api/v1/ 269.53ms
INF 2026-08-04T20:22:10.966Z > 200 GET /api/v1/ 272.08ms
INF 2026-08-04T20:22:10.966Z > 200 GET /api/v1/ 17.93ms
INF 2026-08-04T20:22:10.969Z > 200 GET /api/v1/ 269.7ms
INF 2026-08-04T20:22:10.970Z > 200 GET /api/v1/ 274.88ms
INF 2026-08-04T20:22:10.971Z > 200 GET /api/v1/ 261.23ms
INF 2026-08-04T20:22:10.973Z > 200 GET /api/v1/ 270.39ms
INF 2026-08-04T20:22:10.974Z > 200 GET /api/v1/ 259.27ms
INF 2026-08-04T20:22:10.974Z > 200 GET /api/v1/ 262.99ms
INF 2026-08-04T20:22:10.976Z > 200 GET /api/v1/ 257.76ms
INF 2026-08-04T20:22:10.976Z > 200 GET /api/v1/ 7.87ms
INF 2026-08-04T20:22:10.980Z > 200 GET /api/v1/ 260.9ms
INF 2026-08-04T20:22:10.980Z > 200 GET /api/v1/ 9.85ms
INF 2026-08-04T20:22:10.981Z > 200 GET /api/v1/ 257.33ms
INF 2026-08-04T20:22:10.981Z > 200 GET /api/v1/ 262.08ms
INF 2026-08-04T20:22:10.982Z > 200 GET /api/v1/ 257.18ms
INF 2026-08-04T20:22:10.983Z > 200 GET /api/v1/ 234.45ms
INF 2026-08-04T20:22:10.983Z > 200 GET /api/v1/ 8.9ms
INF 2026-08-04T20:22:10.985Z > 200 GET /api/v1/ 255.0ms
INF 2026-08-04T20:22:10.986Z > 200 GET /api/v1/ 237.3ms
INF 2026-08-04T20:22:10.988Z > 200 GET /api/v1/ 246.65ms
INF 2026-08-04T20:22:10.989Z > 200 GET /api/v1/ 215.77ms
INF 2026-08-04T20:22:10.989Z > 200 GET /api/v1/ 220.73ms
INF 2026-08-04T20:22:10.990Z > 200 GET /api/v1/ 225.13ms
INF 2026-08-04T20:22:10.992Z > 200 GET /api/v1/ 10.51ms
INF 2026-08-04T20:22:10.993Z > 200 GET /api/v1/ 262.54ms
INF 2026-08-04T20:22:10.993Z > 200 GET /api/v1/ 12.54ms
INF 2026-08-04T20:22:10.995Z > 200 GET /api/v1/ 252.34ms
INF 2026-08-04T20:22:11.000Z > 200 GET /api/v1/ 221.64ms
INF 2026-08-04T20:22:11.000Z > 200 GET /api/v1/ 239.84ms
INF 2026-08-04T20:22:11.001Z > 200 GET /api/v1/ 258.89ms
INF 2026-08-04T20:22:11.002Z > 200 GET /api/v1/ 276.98ms
INF 2026-08-04T20:22:11.002Z > 200 GET /api/v1/ 238.59ms
INF 2026-08-04T20:22:11.010Z > 200 GET /api/v1/ 249.59ms
INF 2026-08-04T20:22:11.011Z > 200 GET /api/v1/ 284.44ms
INF 2026-08-04T20:22:11.012Z > 200 GET /api/v1/ 285.38ms
INF 2026-08-04T20:22:11.022Z > 200 GET /api/v1/ 240.8ms
INF 2026-08-04T20:22:11.023Z > 200 GET /api/v1/ 249.71ms
INF 2026-08-04T20:22:11.024Z > 200 GET /api/v1/ 263.39ms
INF 2026-08-04T20:22:11.024Z > 200 GET /api/v1/ 255.24ms
INF 2026-08-04T20:22:11.025Z > 200 GET /api/v1/ 251.53ms
INF 2026-08-04T20:22:11.025Z > 200 GET /api/v1/ 252.74ms
INF 2026-08-04T20:22:11.025Z > 200 GET /api/v1/ 30.07ms
INF 2026-08-04T20:22:11.025Z > 200 GET /api/v1/ 31.91ms
INF 2026-08-04T20:22:11.029Z > 200 GET /api/v1/ 244.85ms
INF 2026-08-04T20:22:11.029Z > 200 GET /api/v1/ 253.39ms
INF 2026-08-04T20:22:11.032Z > 200 GET /api/v1/ 246.72ms
INF 2026-08-04T20:22:11.032Z > 200 GET /api/v1/ 31.75ms
INF 2026-08-04T20:22:11.034Z > 200 GET /api/v1/ 31.71ms
INF 2026-08-04T20:22:11.034Z > 200 GET /api/v1/ 255.94ms
INF 2026-08-04T20:22:11.035Z > 200 GET /api/v1/ 273.94ms
INF 2026-08-04T20:22:11.042Z > 200 GET /api/v1/ 249.82ms
INF 2026-08-04T20:22:11.042Z > 200 GET /api/v1/ 252.67ms
INF 2026-08-04T20:22:11.045Z > 200 GET /api/v1/ 33.53ms
INF 2026-08-04T20:22:11.046Z > 200 GET /api/v1/ 20.72ms
INF 2026-08-04T20:22:11.046Z > 200 GET /api/v1/ 256.74ms
INF 2026-08-04T20:22:11.046Z > 200 GET /api/v1/ 268.27ms
INF 2026-08-04T20:22:11.048Z > 200 GET /api/v1/ 258.82ms
INF 2026-08-04T20:22:11.049Z > 200 GET /api/v1/ 23.73ms
INF 2026-08-04T20:22:11.050Z > 200 GET /api/v1/ 241.08ms
INF 2026-08-04T20:22:11.050Z > 200 GET /api/v1/ 17.67ms
INF 2026-08-04T20:22:11.050Z > 200 GET /api/v1/ 17.55ms
INF 2026-08-04T20:22:11.050Z > 200 GET /api/v1/ 16.19ms
INF 2026-08-04T20:22:11.055Z > 200 GET /api/v1/ 259.69ms
INF 2026-08-04T20:22:11.056Z > 200 GET /api/v1/ 263.9ms
INF 2026-08-04T20:22:11.056Z > 200 GET /api/v1/ 14.32ms
INF 2026-08-04T20:22:11.058Z > 200 GET /api/v1/ 251.21ms
INF 2026-08-04T20:22:11.058Z > 200 GET /api/v1/ 12.08ms
INF 2026-08-04T20:22:11.059Z > 200 GET /api/v1/ 10.78ms
INF 2026-08-04T20:22:11.060Z > 200 GET /api/v1/ 9.85ms
INF 2026-08-04T20:22:11.060Z > 200 GET /api/v1/ 263.36ms
INF 2026-08-04T20:22:11.061Z > 200 GET /api/v1/ 252.16ms
INF 2026-08-04T20:22:11.062Z > 200 GET /api/v1/ 12.31ms
INF 2026-08-04T20:22:11.063Z > 200 GET /api/v1/ 7.45ms
INF 2026-08-04T20:22:11.063Z > 200 GET /api/v1/ 6.88ms
INF 2026-08-04T20:22:11.064Z > 200 GET /api/v1/ 5.88ms
INF 2026-08-04T20:22:11.066Z > 200 GET /api/v1/ 5.86ms
INF 2026-08-04T20:22:11.066Z > 200 GET /api/v1/ 3.95ms
INF 2026-08-04T20:22:11.068Z > 200 GET /api/v1/ 4.36ms
INF 2026-08-04T20:22:11.075Z > 200 GET /api/v1/ 6.79ms
INF 2026-08-04T20:22:11.079Z > 200 GET /api/v1/ 255.17ms
INF 2026-08-04T20:22:11.082Z > 200 GET /api/v1/ 255.15ms
INF 2026-08-04T20:22:11.086Z > 200 GET /api/v1/ 246.42ms
INF 2026-08-04T20:22:11.099Z > 200 GET /api/v1/ 19.04ms
INF 2026-08-04T20:22:11.099Z > 200 GET /api/v1/ 256.0ms
INF 2026-08-04T20:22:11.103Z > 200 GET /api/v1/ 20.96ms
INF 2026-08-04T20:22:11.106Z > 200 GET /api/v1/ 262.22ms
INF 2026-08-04T20:22:11.110Z > 200 GET /api/v1/ 266.62ms
INF 2026-08-04T20:22:11.113Z > 200 GET /api/v1/ 27.1ms
INF 2026-08-04T20:22:11.114Z > 200 GET /api/v1/ 265.66ms
INF 2026-08-04T20:22:11.117Z > 200 GET /api/v1/ 267.38ms
INF 2026-08-04T20:22:11.119Z > 200 GET /api/v1/ 20.35ms
INF 2026-08-04T20:22:11.126Z > 200 GET /api/v1/ 265.05ms
INF 2026-08-04T20:22:11.126Z > 200 GET /api/v1/ 267.31ms
INF 2026-08-04T20:22:11.128Z > 200 GET /api/v1/ 271.21ms
INF 2026-08-04T20:22:11.129Z > 200 GET /api/v1/ 272.53ms
INF 2026-08-04T20:22:11.130Z > 200 GET /api/v1/ 271.82ms
INF 2026-08-04T20:22:11.130Z > 200 GET /api/v1/ 16.67ms
INF 2026-08-04T20:22:11.132Z > 200 GET /api/v1/ 22.24ms
INF 2026-08-04T20:22:11.134Z > 200 GET /api/v1/ 16.52ms
INF 2026-08-04T20:22:11.135Z > 200 GET /api/v1/ 284.14ms
INF 2026-08-04T20:22:11.136Z > 200 GET /api/v1/ 273.83ms
INF 2026-08-04T20:22:11.138Z > 200 GET /api/v1/ 276.21ms
INF 2026-08-04T20:22:11.139Z > 200 GET /api/v1/ 6.79ms
INF 2026-08-04T20:22:11.140Z > 200 GET /api/v1/ 274.31ms
INF 2026-08-04T20:22:11.140Z > 200 GET /api/v1/ 10.06ms
INF 2026-08-04T20:22:11.141Z > 200 GET /api/v1/ 275.0ms
INF 2026-08-04T20:22:11.143Z > 200 GET /api/v1/ 7.79ms
INF 2026-08-04T20:22:11.145Z > 200 GET /api/v1/ 264.31ms
INF 2026-08-04T20:22:11.145Z > 200 GET /api/v1/ 264.68ms
INF 2026-08-04T20:22:11.148Z > 200 GET /api/v1/ 266.06ms
INF 2026-08-04T20:22:11.152Z > 200 GET /api/v1/ 270.84ms
INF 2026-08-04T20:22:11.155Z > 200 GET /api/v1/ 9.83ms
INF 2026-08-04T20:22:11.156Z > 200 GET /api/v1/ 267.8ms
INF 2026-08-04T20:22:11.157Z > 200 GET /api/v1/ 262.26ms
INF 2026-08-04T20:22:11.159Z > 200 GET /api/v1/ 251.85ms
INF 2026-08-04T20:22:11.160Z > 200 GET /api/v1/ 270.21ms
INF 2026-08-04T20:22:11.161Z > 200 GET /api/v1/ 223.78ms
INF 2026-08-04T20:22:11.161Z > 200 GET /api/v1/ 257.28ms
INF 2026-08-04T20:22:11.161Z > 200 GET /api/v1/ 244.44ms
INF 2026-08-04T20:22:11.162Z > 200 GET /api/v1/ 232.07ms
INF 2026-08-04T20:22:11.162Z > 200 GET /api/v1/ 254.92ms
INF 2026-08-04T20:22:11.162Z > 200 GET /api/v1/ 261.65ms
INF 2026-08-04T20:22:11.172Z > 200 GET /api/v1/ 228.08ms
INF 2026-08-04T20:22:11.172Z > 200 GET /api/v1/ 242.31ms
INF 2026-08-04T20:22:11.173Z > 200 GET /api/v1/ 255.94ms
INF 2026-08-04T20:22:11.173Z > 200 GET /api/v1/ 228.83ms
INF 2026-08-04T20:22:11.174Z > 200 GET /api/v1/ 228.84ms
INF 2026-08-04T20:22:11.180Z > 200 GET /api/v1/ 268.66ms
INF 2026-08-04T20:22:11.183Z > 200 GET /api/v1/ 234.11ms
INF 2026-08-04T20:22:11.183Z > 200 GET /api/v1/ 234.5ms
INF 2026-08-04T20:22:11.183Z > 200 GET /api/v1/ 234.56ms
INF 2026-08-04T20:22:11.184Z > 200 GET /api/v1/ 238.04ms
INF 2026-08-04T20:22:11.185Z > 200 GET /api/v1/ 23.52ms
INF 2026-08-04T20:22:11.188Z > 200 GET /api/v1/ 237.57ms
INF 2026-08-04T20:22:11.189Z > 200 GET /api/v1/ 223.39ms
INF 2026-08-04T20:22:11.190Z > 200 GET /api/v1/ 229.75ms
INF 2026-08-04T20:22:11.191Z > 200 GET /api/v1/ 229.49ms
INF 2026-08-04T20:22:11.191Z > 200 GET /api/v1/ 225.13ms
INF 2026-08-04T20:22:11.191Z > 200 GET /api/v1/ 240.13ms
INF 2026-08-04T20:22:11.194Z > 200 GET /api/v1/ 218.03ms
INF 2026-08-04T20:22:11.207Z > 200 GET /api/v1/ 258.89ms
INF 2026-08-04T20:22:11.219Z > 200 GET /api/v1/ 229.53ms
INF 2026-08-04T20:22:11.221Z > 200 GET /api/v1/ 250.42ms
INF 2026-08-04T20:22:11.222Z > 200 GET /api/v1/ 30.96ms
INF 2026-08-04T20:22:11.223Z > 200 GET /api/v1/ 34.35ms
INF 2026-08-04T20:22:11.223Z > 200 GET /api/v1/ 239.79ms
INF 2026-08-04T20:22:11.223Z > 200 GET /api/v1/ 33.91ms
INF 2026-08-04T20:22:11.225Z > 200 GET /api/v1/ 34.42ms
INF 2026-08-04T20:22:11.226Z > 200 GET /api/v1/ 35.33ms
INF 2026-08-04T20:22:11.229Z > 200 GET /api/v1/ 252.96ms
INF 2026-08-04T20:22:11.231Z > 200 GET /api/v1/ 36.32ms
INF 2026-08-04T20:22:11.234Z > 200 GET /api/v1/ 7.12ms
INF 2026-08-04T20:22:11.236Z > 200 GET /api/v1/ 255.09ms
INF 2026-08-04T20:22:11.282Z > 200 GET /api/v1/ 298.46ms
INF 2026-08-04T20:22:11.282Z > 200 GET /api/v1/ 300.59ms
INF 2026-08-04T20:22:11.283Z > 200 GET /api/v1/ 59.92ms
INF 2026-08-04T20:22:11.284Z > 200 GET /api/v1/ 294.49ms
INF 2026-08-04T20:22:11.285Z > 200 GET /api/v1/ 273.4ms
INF 2026-08-04T20:22:11.288Z > 200 GET /api/v1/ 54.05ms
INF 2026-08-04T20:22:11.291Z > 200 GET /api/v1/ 304.87ms
INF 2026-08-04T20:22:11.293Z > 200 GET /api/v1/ 68.02ms
INF 2026-08-04T20:22:11.302Z > 200 GET /api/v1/ 331.66ms
INF 2026-08-04T20:22:11.303Z > 200 GET /api/v1/ 328.16ms
INF 2026-08-04T20:22:11.303Z > 200 GET /api/v1/ 313.35ms
INF 2026-08-04T20:22:11.303Z > 200 GET /api/v1/ 303.07ms
INF 2026-08-04T20:22:11.304Z > 200 GET /api/v1/ 310.69ms
INF 2026-08-04T20:22:11.304Z > 200 GET /api/v1/ 67.29ms
INF 2026-08-04T20:22:11.305Z > 200 GET /api/v1/ 302.61ms
INF 2026-08-04T20:22:11.305Z > 200 GET /api/v1/ 313.37ms
INF 2026-08-04T20:22:11.306Z > 200 GET /api/v1/ 305.21ms
INF 2026-08-04T20:22:11.307Z > 200 GET /api/v1/ 332.69ms
INF 2026-08-04T20:22:11.308Z > 200 GET /api/v1/ 297.75ms
INF 2026-08-04T20:22:11.314Z > 200 GET /api/v1/ 31.2ms
INF 2026-08-04T20:22:11.316Z > 200 GET /api/v1/ 31.9ms
INF 2026-08-04T20:22:11.318Z > 200 GET /api/v1/ 331.95ms
INF 2026-08-04T20:22:11.318Z > 200 GET /api/v1/ 336.74ms
INF 2026-08-04T20:22:11.319Z > 200 GET /api/v1/ 328.57ms
INF 2026-08-04T20:22:11.324Z > 200 GET /api/v1/ 18.78ms
INF 2026-08-04T20:22:11.324Z > 200 GET /api/v1/ 18.35ms
INF 2026-08-04T20:22:11.325Z > 200 GET /api/v1/ 17.44ms
INF 2026-08-04T20:22:11.327Z > 200 GET /api/v1/ 8.11ms
INF 2026-08-04T20:22:11.327Z > 200 GET /api/v1/ 304.22ms
INF 2026-08-04T20:22:11.328Z > 200 GET /api/v1/ 11.42ms
INF 2026-08-04T20:22:11.328Z > 200 GET /api/v1/ 9.61ms
INF 2026-08-04T20:22:11.330Z > 200 GET /api/v1/ 39.26ms
INF 2026-08-04T20:22:11.331Z > 200 GET /api/v1/ 304.9ms
INF 2026-08-04T20:22:11.332Z > 200 GET /api/v1/ 308.59ms
INF 2026-08-04T20:22:11.332Z > 200 GET /api/v1/ 306.32ms
INF 2026-08-04T20:22:11.333Z > 200 GET /api/v1/ 18.91ms
INF 2026-08-04T20:22:11.333Z > 200 GET /api/v1/ 8.24ms
INF 2026-08-04T20:22:11.333Z > 200 GET /api/v1/ 298.99ms
INF 2026-08-04T20:22:11.333Z > 200 GET /api/v1/ 309.25ms
INF 2026-08-04T20:22:11.334Z > 200 GET /api/v1/ 310.16ms
INF 2026-08-04T20:22:11.335Z > 200 GET /api/v1/ 305.27ms
INF 2026-08-04T20:22:11.335Z > 200 GET /api/v1/ 305.84ms
INF 2026-08-04T20:22:11.335Z > 200 GET /api/v1/ 31.26ms
INF 2026-08-04T20:22:11.340Z > 200 GET /api/v1/ 31.55ms
INF 2026-08-04T20:22:11.340Z > 200 GET /api/v1/ 34.91ms
INF 2026-08-04T20:22:11.342Z > 200 GET /api/v1/ 8.81ms
INF 2026-08-04T20:22:11.344Z > 200 GET /api/v1/ 9.51ms
INF 2026-08-04T20:22:11.347Z > 200 GET /api/v1/ 304.91ms
INF 2026-08-04T20:22:11.348Z > 200 GET /api/v1/ 301.75ms
INF 2026-08-04T20:22:11.351Z > 200 GET /api/v1/ 301.08ms
INF 2026-08-04T20:22:11.352Z > 200 GET /api/v1/ 316.6ms
INF 2026-08-04T20:22:11.352Z > 200 GET /api/v1/ 296.01ms
INF 2026-08-04T20:22:11.352Z > 200 GET /api/v1/ 306.96ms
INF 2026-08-04T20:22:11.353Z > 200 GET /api/v1/ 307.02ms
INF 2026-08-04T20:22:11.355Z > 200 GET /api/v1/ 294.78ms
INF 2026-08-04T20:22:11.365Z > 200 GET /api/v1/ 300.08ms
INF 2026-08-04T20:22:11.365Z > 200 GET /api/v1/ 315.14ms
INF 2026-08-04T20:22:11.368Z > 200 GET /api/v1/ 308.33ms
INF 2026-08-04T20:22:11.369Z > 200 GET /api/v1/ 318.11ms
INF 2026-08-04T20:22:11.370Z > 200 GET /api/v1/ 311.72ms
INF 2026-08-04T20:22:11.371Z > 200 GET /api/v1/ 309.44ms
INF 2026-08-04T20:22:11.372Z > 200 GET /api/v1/ 305.52ms
INF 2026-08-04T20:22:11.375Z > 200 GET /api/v1/ 39.82ms
INF 2026-08-04T20:22:11.376Z > 200 GET /api/v1/ 24.22ms
INF 2026-08-04T20:22:11.376Z > 200 GET /api/v1/ 277.3ms
INF 2026-08-04T20:22:11.377Z > 200 GET /api/v1/ 310.53ms
INF 2026-08-04T20:22:11.377Z > 200 GET /api/v1/ 302.38ms
INF 2026-08-04T20:22:11.377Z > 200 GET /api/v1/ 262.61ms
INF 2026-08-04T20:22:11.377Z > 200 GET /api/v1/ 22.4ms
INF 2026-08-04T20:22:11.378Z > 200 GET /api/v1/ 315.25ms
INF 2026-08-04T20:22:11.378Z > 200 GET /api/v1/ 248.06ms
INF 2026-08-04T20:22:11.379Z > 200 GET /api/v1/ 272.62ms
INF 2026-08-04T20:22:11.379Z > 200 GET /api/v1/ 253.31ms
INF 2026-08-04T20:22:11.379Z > 200 GET /api/v1/ 251.35ms
INF 2026-08-04T20:22:11.382Z > 200 GET /api/v1/ 262.3ms
INF 2026-08-04T20:22:11.382Z > 200 GET /api/v1/ 278.44ms
INF 2026-08-04T20:22:11.396Z > 200 GET /api/v1/ 233.64ms
INF 2026-08-04T20:22:11.400Z > 200 GET /api/v1/ 22.33ms
INF 2026-08-04T20:22:11.401Z > 200 GET /api/v1/ 22.66ms
INF 2026-08-04T20:22:11.401Z > 200 GET /api/v1/ 262.58ms
INF 2026-08-04T20:22:11.405Z > 200 GET /api/v1/ 25.85ms
INF 2026-08-04T20:22:11.406Z > 200 GET /api/v1/ 259.69ms
INF 2026-08-04T20:22:11.406Z > 200 GET /api/v1/ 27.02ms
INF 2026-08-04T20:22:11.407Z > 200 GET /api/v1/ 263.82ms
INF 2026-08-04T20:22:11.407Z > 200 GET /api/v1/ 25.25ms
INF 2026-08-04T20:22:11.409Z > 200 GET /api/v1/ 29.74ms
INF 2026-08-04T20:22:11.409Z > 200 GET /api/v1/ 256.42ms
INF 2026-08-04T20:22:11.409Z > 200 GET /api/v1/ 251.84ms
INF 2026-08-04T20:22:11.410Z > 200 GET /api/v1/ 235.84ms
INF 2026-08-04T20:22:11.412Z > 200 GET /api/v1/ 248.93ms
INF 2026-08-04T20:22:11.412Z > 200 GET /api/v1/ 286.06ms
INF 2026-08-04T20:22:11.413Z > 200 GET /api/v1/ 272.27ms
INF 2026-08-04T20:22:11.419Z > 200 GET /api/v1/ 256.71ms
INF 2026-08-04T20:22:11.431Z > 200 GET /api/v1/ 26.16ms
INF 2026-08-04T20:22:11.432Z > 200 GET /api/v1/ 30.53ms
INF 2026-08-04T20:22:11.432Z > 200 GET /api/v1/ 275.96ms
INF 2026-08-04T20:22:11.432Z > 200 GET /api/v1/ 25.64ms
INF 2026-08-04T20:22:11.432Z > 200 GET /api/v1/ 25.07ms
INF 2026-08-04T20:22:11.433Z > 200 GET /api/v1/ 270.18ms
INF 2026-08-04T20:22:11.434Z > 200 GET /api/v1/ 293.82ms
INF 2026-08-04T20:22:11.435Z > 200 GET /api/v1/ 24.26ms
INF 2026-08-04T20:22:11.436Z > 200 GET /api/v1/ 23.34ms
INF 2026-08-04T20:22:11.436Z > 200 GET /api/v1/ 23.96ms
INF 2026-08-04T20:22:11.445Z > 200 GET /api/v1/ 310.8ms
INF 2026-08-04T20:22:11.452Z > 200 GET /api/v1/ 323.79ms
INF 2026-08-04T20:22:11.453Z > 200 GET /api/v1/ 281.52ms
INF 2026-08-04T20:22:11.453Z > 200 GET /api/v1/ 290.56ms
INF 2026-08-04T20:22:11.454Z > 200 GET /api/v1/ 291.51ms
INF 2026-08-04T20:22:11.455Z > 200 GET /api/v1/ 313.77ms
INF 2026-08-04T20:22:11.455Z > 200 GET /api/v1/ 298.53ms
INF 2026-08-04T20:22:11.455Z > 200 GET /api/v1/ 303.85ms
INF 2026-08-04T20:22:11.460Z > 200 GET /api/v1/ 285.97ms
INF 2026-08-04T20:22:11.462Z > 200 GET /api/v1/ 287.91ms
INF 2026-08-04T20:22:11.462Z > 200 GET /api/v1/ 281.58ms
INF 2026-08-04T20:22:11.462Z > 200 GET /api/v1/ 278.18ms
INF 2026-08-04T20:22:11.463Z > 200 GET /api/v1/ 288.09ms
INF 2026-08-04T20:22:11.464Z > 200 GET /api/v1/ 290.06ms
INF 2026-08-04T20:22:11.467Z > 200 GET /api/v1/ 22.7ms
INF 2026-08-04T20:22:11.468Z > 200 GET /api/v1/ 326.6ms
INF 2026-08-04T20:22:11.468Z > 200 GET /api/v1/ 282.4ms
INF 2026-08-04T20:22:11.468Z > 200 GET /api/v1/ 283.81ms
INF 2026-08-04T20:22:11.469Z > 200 GET /api/v1/ 284.79ms
INF 2026-08-04T20:22:11.471Z > 200 GET /api/v1/ 18.28ms
INF 2026-08-04T20:22:11.472Z > 200 GET /api/v1/ 288.01ms
INF 2026-08-04T20:22:11.473Z > 200 GET /api/v1/ 17.77ms
INF 2026-08-04T20:22:11.473Z > 200 GET /api/v1/ 11.12ms
INF 2026-08-04T20:22:11.474Z > 200 GET /api/v1/ 12.0ms
INF 2026-08-04T20:22:11.476Z > 200 GET /api/v1/ 12.12ms
INF 2026-08-04T20:22:11.476Z > 200 GET /api/v1/ 13.6ms
INF 2026-08-04T20:22:11.479Z > 200 GET /api/v1/ 8.06ms
INF 2026-08-04T20:22:11.480Z > 200 GET /api/v1/ 10.81ms
INF 2026-08-04T20:22:11.480Z > 200 GET /api/v1/ 7.47ms
INF 2026-08-04T20:22:11.480Z > 200 GET /api/v1/ 6.96ms
INF 2026-08-04T20:22:11.482Z > 200 GET /api/v1/ 68.23ms
INF 2026-08-04T20:22:11.482Z > 200 GET /api/v1/ 5.52ms
INF 2026-08-04T20:22:11.486Z > 200 GET /api/v1/ 349.06ms
INF 2026-08-04T20:22:11.486Z > 200 GET /api/v1/ 52.25ms
INF 2026-08-04T20:22:11.486Z > 200 GET /api/v1/ 6.05ms
INF 2026-08-04T20:22:11.487Z > 200 GET /api/v1/ 51.71ms
INF 2026-08-04T20:22:11.487Z > 200 GET /api/v1/ 54.25ms
INF 2026-08-04T20:22:11.488Z > 200 GET /api/v1/ 52.45ms
INF 2026-08-04T20:22:11.497Z > 200 GET /api/v1/ 11.24ms
INF 2026-08-04T20:22:11.517Z > 200 GET /api/v1/ 326.47ms
INF 2026-08-04T20:22:11.531Z > 200 GET /api/v1/ 301.84ms
INF 2026-08-04T20:22:11.532Z > 200 GET /api/v1/ 249.42ms
INF 2026-08-04T20:22:11.533Z > 200 GET /api/v1/ 303.55ms
INF 2026-08-04T20:22:11.534Z > 200 GET /api/v1/ 309.7ms
INF 2026-08-04T20:22:11.534Z > 200 GET /api/v1/ 327.16ms
INF 2026-08-04T20:22:11.535Z > 200 GET /api/v1/ 251.58ms
INF 2026-08-04T20:22:11.536Z > 200 GET /api/v1/ 314.36ms
INF 2026-08-04T20:22:11.536Z > 200 GET /api/v1/ 304.71ms
INF 2026-08-04T20:22:11.536Z > 200 GET /api/v1/ 306.34ms
INF 2026-08-04T20:22:11.537Z > 200 GET /api/v1/ 20.68ms
INF 2026-08-04T20:22:11.540Z > 200 GET /api/v1/ 255.39ms
INF 2026-08-04T20:22:11.541Z > 200 GET /api/v1/ 253.36ms
INF 2026-08-04T20:22:11.542Z > 200 GET /api/v1/ 322.64ms
INF 2026-08-04T20:22:11.545Z > 200 GET /api/v1/ 12.74ms
INF 2026-08-04T20:22:11.545Z > 200 GET /api/v1/ 10.67ms
INF 2026-08-04T20:22:11.545Z > 200 GET /api/v1/ 9.55ms
INF 2026-08-04T20:22:11.546Z > 200 GET /api/v1/ 9.87ms
INF 2026-08-04T20:22:11.546Z > 200 GET /api/v1/ 8.64ms
INF 2026-08-04T20:22:11.546Z > 200 GET /api/v1/ 10.4ms
INF 2026-08-04T20:22:11.547Z > 200 GET /api/v1/ 245.25ms
INF 2026-08-04T20:22:11.548Z > 200 GET /api/v1/ 243.59ms
INF 2026-08-04T20:22:11.548Z > 200 GET /api/v1/ 7.56ms
INF 2026-08-04T20:22:11.551Z > 200 GET /api/v1/ 6.3ms
INF 2026-08-04T20:22:11.552Z > 200 GET /api/v1/ 5.67ms
INF 2026-08-04T20:22:11.552Z > 200 GET /api/v1/ 4.38ms
INF 2026-08-04T20:22:11.553Z > 200 GET /api/v1/ 5.39ms
INF 2026-08-04T20:22:11.555Z > 200 GET /api/v1/ 68.71ms
INF 2026-08-04T20:22:11.555Z > 200 GET /api/v1/ 67.92ms
INF 2026-08-04T20:22:11.556Z > 200 GET /api/v1/ 3.61ms
INF 2026-08-04T20:22:11.556Z > 200 GET /api/v1/ 3.35ms
INF 2026-08-04T20:22:11.557Z > 200 GET /api/v1/ 68.62ms
INF 2026-08-04T20:22:11.561Z > 200 GET /api/v1/ 3.35ms
INF 2026-08-04T20:22:11.562Z > 200 GET /api/v1/ 6.1ms
INF 2026-08-04T20:22:11.564Z > 200 GET /api/v1/ 3.43ms
INF 2026-08-04T20:22:11.567Z > 200 GET /api/v1/ 5.38ms
INF 2026-08-04T20:22:11.572Z > 200 GET /api/v1/ 7.79ms
INF 2026-08-04T20:22:11.573Z > 200 GET /api/v1/ 268.75ms
INF 2026-08-04T20:22:11.574Z > 200 GET /api/v1/ 269.91ms
INF 2026-08-04T20:22:11.576Z > 200 GET /api/v1/ 271.45ms
INF 2026-08-04T20:22:11.579Z > 200 GET /api/v1/ 3.22ms
INF 2026-08-04T20:22:11.581Z > 200 GET /api/v1/ 276.66ms
INF 2026-08-04T20:22:11.582Z > 200 GET /api/v1/ 257.59ms
INF 2026-08-04T20:22:11.594Z > 200 GET /api/v1/ 266.32ms
INF 2026-08-04T20:22:11.597Z > 200 GET /api/v1/ 272.54ms
INF 2026-08-04T20:22:11.604Z > 200 GET /api/v1/ 275.74ms
INF 2026-08-04T20:22:11.605Z > 200 GET /api/v1/ 270.92ms
INF 2026-08-04T20:22:11.605Z > 200 GET /api/v1/ 272.96ms
INF 2026-08-04T20:22:11.606Z > 200 GET /api/v1/ 23.18ms
INF 2026-08-04T20:22:11.606Z > 200 GET /api/v1/ 274.67ms
INF 2026-08-04T20:22:11.606Z > 200 GET /api/v1/ 275.25ms
INF 2026-08-04T20:22:11.606Z > 200 GET /api/v1/ 287.83ms
INF 2026-08-04T20:22:11.607Z > 200 GET /api/v1/ 271.94ms
INF 2026-08-04T20:22:11.608Z > 200 GET /api/v1/ 275.46ms
INF 2026-08-04T20:22:11.610Z > 200 GET /api/v1/ 281.7ms
INF 2026-08-04T20:22:11.610Z > 200 GET /api/v1/ 277.18ms
INF 2026-08-04T20:22:11.610Z > 200 GET /api/v1/ 281.95ms
INF 2026-08-04T20:22:11.611Z > 200 GET /api/v1/ 277.73ms
INF 2026-08-04T20:22:11.612Z > 200 GET /api/v1/ 271.97ms
INF 2026-08-04T20:22:11.616Z > 200 GET /api/v1/ 275.23ms
INF 2026-08-04T20:22:11.616Z > 200 GET /api/v1/ 8.38ms
INF 2026-08-04T20:22:11.617Z > 200 GET /api/v1/ 10.28ms
INF 2026-08-04T20:22:11.617Z > 200 GET /api/v1/ 6.27ms
INF 2026-08-04T20:22:11.618Z > 200 GET /api/v1/ 255.05ms
INF 2026-08-04T20:22:11.627Z > 200 GET /api/v1/ 275.39ms
INF 2026-08-04T20:22:11.631Z > 200 GET /api/v1/ 295.57ms
INF 2026-08-04T20:22:11.633Z > 200 GET /api/v1/ 280.12ms
INF 2026-08-04T20:22:11.638Z > 200 GET /api/v1/ 294.95ms
INF 2026-08-04T20:22:11.644Z > 200 GET /api/v1/ 295.97ms
INF 2026-08-04T20:22:11.644Z > 200 GET /api/v1/ 27.5ms
INF 2026-08-04T20:22:11.655Z > 200 GET /api/v1/ 275.46ms
INF 2026-08-04T20:22:11.659Z > 200 GET /api/v1/ 290.5ms
INF 2026-08-04T20:22:11.661Z > 200 GET /api/v1/ 284.28ms
INF 2026-08-04T20:22:11.662Z > 200 GET /api/v1/ 283.92ms
INF 2026-08-04T20:22:11.662Z > 200 GET /api/v1/ 261.27ms
INF 2026-08-04T20:22:11.663Z > 200 GET /api/v1/ 310.4ms
INF 2026-08-04T20:22:11.663Z > 200 GET /api/v1/ 291.77ms
INF 2026-08-04T20:22:11.663Z > 200 GET /api/v1/ 294.54ms
INF 2026-08-04T20:22:11.663Z > 200 GET /api/v1/ 298.26ms
INF 2026-08-04T20:22:11.664Z > 200 GET /api/v1/ 46.64ms
INF 2026-08-04T20:22:11.672Z > 200 GET /api/v1/ 290.42ms
INF 2026-08-04T20:22:11.673Z > 200 GET /api/v1/ 324.24ms
INF 2026-08-04T20:22:11.673Z > 200 GET /api/v1/ 40.71ms
INF 2026-08-04T20:22:11.674Z > 200 GET /api/v1/ 294.76ms
INF 2026-08-04T20:22:11.674Z > 200 GET /api/v1/ 241.31ms
INF 2026-08-04T20:22:11.674Z > 200 GET /api/v1/ 296.23ms
INF 2026-08-04T20:22:11.676Z > 200 GET /api/v1/ 331.15ms
INF 2026-08-04T20:22:11.677Z > 200 GET /api/v1/ 44.9ms
INF 2026-08-04T20:22:11.679Z > 200 GET /api/v1/ 41.01ms
INF 2026-08-04T20:22:11.681Z > 200 GET /api/v1/ 227.74ms
INF 2026-08-04T20:22:11.683Z > 200 GET /api/v1/ 38.96ms
INF 2026-08-04T20:22:11.688Z > 200 GET /api/v1/ 255.27ms
INF 2026-08-04T20:22:11.690Z > 200 GET /api/v1/ 253.57ms
INF 2026-08-04T20:22:11.693Z > 200 GET /api/v1/ 283.69ms
INF 2026-08-04T20:22:11.694Z > 200 GET /api/v1/ 261.63ms
INF 2026-08-04T20:22:11.702Z > 200 GET /api/v1/ 29.53ms
INF 2026-08-04T20:22:11.703Z > 200 GET /api/v1/ 270.32ms
INF 2026-08-04T20:22:11.704Z > 200 GET /api/v1/ 49.07ms
INF 2026-08-04T20:22:11.704Z > 200 GET /api/v1/ 42.61ms
INF 2026-08-04T20:22:11.705Z > 200 GET /api/v1/ 332.57ms
INF 2026-08-04T20:22:11.705Z > 200 GET /api/v1/ 41.67ms
INF 2026-08-04T20:22:11.705Z > 200 GET /api/v1/ 42.29ms
INF 2026-08-04T20:22:11.705Z > 200 GET /api/v1/ 250.1ms
INF 2026-08-04T20:22:11.706Z > 200 GET /api/v1/ 41.85ms
INF 2026-08-04T20:22:11.706Z > 200 GET /api/v1/ 334.4ms
INF 2026-08-04T20:22:11.706Z > 200 GET /api/v1/ 328.01ms
INF 2026-08-04T20:22:11.706Z > 200 GET /api/v1/ 46.55ms
INF 2026-08-04T20:22:11.707Z > 200 GET /api/v1/ 330.03ms
INF 2026-08-04T20:22:11.708Z > 200 GET /api/v1/ 30.94ms
INF 2026-08-04T20:22:11.708Z > 200 GET /api/v1/ 299.35ms
INF 2026-08-04T20:22:11.711Z > 200 GET /api/v1/ 304.06ms
INF 2026-08-04T20:22:11.714Z > 200 GET /api/v1/ 252.92ms
INF 2026-08-04T20:22:11.716Z > 200 GET /api/v1/ 32.55ms
INF 2026-08-04T20:22:11.716Z > 200 GET /api/v1/ 309.56ms
INF 2026-08-04T20:22:11.719Z > 200 GET /api/v1/ 266.32ms
INF 2026-08-04T20:22:11.724Z > 200 GET /api/v1/ 269.22ms
INF 2026-08-04T20:22:11.725Z > 200 GET /api/v1/ 292.53ms
INF 2026-08-04T20:22:11.726Z > 200 GET /api/v1/ 24.23ms
INF 2026-08-04T20:22:11.728Z > 200 GET /api/v1/ 327.52ms
INF 2026-08-04T20:22:11.728Z > 200 GET /api/v1/ 318.82ms
INF 2026-08-04T20:22:11.729Z > 200 GET /api/v1/ 23.11ms
INF 2026-08-04T20:22:11.729Z > 200 GET /api/v1/ 23.25ms
INF 2026-08-04T20:22:11.729Z > 200 GET /api/v1/ 24.16ms
INF 2026-08-04T20:22:11.729Z > 200 GET /api/v1/ 23.43ms
INF 2026-08-04T20:22:11.730Z > 200 GET /api/v1/ 23.56ms
INF 2026-08-04T20:22:11.743Z > 200 GET /api/v1/ 29.34ms
INF 2026-08-04T20:22:11.744Z > 200 GET /api/v1/ 324.59ms
INF 2026-08-04T20:22:11.744Z > 200 GET /api/v1/ 28.74ms
INF 2026-08-04T20:22:11.745Z > 200 GET /api/v1/ 28.61ms
INF 2026-08-04T20:22:11.745Z > 200 GET /api/v1/ 33.66ms
INF 2026-08-04T20:22:11.753Z > 200 GET /api/v1/ 32.86ms
INF 2026-08-04T20:22:11.755Z > 200 GET /api/v1/ 30.81ms
INF 2026-08-04T20:22:11.755Z > 200 GET /api/v1/ 358.87ms
INF 2026-08-04T20:22:11.756Z > 200 GET /api/v1/ 390.91ms
INF 2026-08-04T20:22:11.757Z > 200 GET /api/v1/ 293.95ms
INF 2026-08-04T20:22:11.760Z > 200 GET /api/v1/ 34.85ms
INF 2026-08-04T20:22:11.761Z > 200 GET /api/v1/ 293.58ms
INF 2026-08-04T20:22:11.764Z > 200 GET /api/v1/ 308.89ms
INF 2026-08-04T20:22:11.764Z > 200 GET /api/v1/ 36.53ms
INF 2026-08-04T20:22:11.764Z > 200 GET /api/v1/ 34.96ms
INF 2026-08-04T20:22:11.765Z > 200 GET /api/v1/ 35.65ms
INF 2026-08-04T20:22:11.766Z > 200 GET /api/v1/ 20.76ms
INF 2026-08-04T20:22:11.768Z > 200 GET /api/v1/ 38.39ms
INF 2026-08-04T20:22:11.770Z > 200 GET /api/v1/ 24.52ms
INF 2026-08-04T20:22:11.770Z > 200 GET /api/v1/ 13.68ms
INF 2026-08-04T20:22:11.770Z > 200 GET /api/v1/ 297.11ms
INF 2026-08-04T20:22:11.770Z > 200 GET /api/v1/ 17.7ms
INF 2026-08-04T20:22:11.773Z > 200 GET /api/v1/ 8.41ms
INF 2026-08-04T20:22:11.773Z > 200 GET /api/v1/ 296.54ms
INF 2026-08-04T20:22:11.773Z > 200 GET /api/v1/ 8.59ms
INF 2026-08-04T20:22:11.774Z > 200 GET /api/v1/ 12.35ms
INF 2026-08-04T20:22:11.774Z > 200 GET /api/v1/ 8.14ms
INF 2026-08-04T20:22:11.776Z > 200 GET /api/v1/ 307.57ms
INF 2026-08-04T20:22:11.776Z > 200 GET /api/v1/ 19.29ms
INF 2026-08-04T20:22:11.777Z > 200 GET /api/v1/ 302.62ms
INF 2026-08-04T20:22:11.778Z > 200 GET /api/v1/ 309.77ms
INF 2026-08-04T20:22:11.779Z > 200 GET /api/v1/ 299.74ms
INF 2026-08-04T20:22:11.783Z > 200 GET /api/v1/ 314.65ms
INF 2026-08-04T20:22:11.783Z > 200 GET /api/v1/ 8.65ms
INF 2026-08-04T20:22:11.785Z > 200 GET /api/v1/ 304.71ms
INF 2026-08-04T20:22:11.786Z > 200 GET /api/v1/ 288.31ms
INF 2026-08-04T20:22:11.787Z > 200 GET /api/v1/ 305.05ms
INF 2026-08-04T20:22:11.788Z > 200 GET /api/v1/ 306.21ms
INF 2026-08-04T20:22:11.789Z > 200 GET /api/v1/ 302.74ms
INF 2026-08-04T20:22:11.790Z > 200 GET /api/v1/ 257.95ms
INF 2026-08-04T20:22:11.790Z > 200 GET /api/v1/ 303.6ms
INF 2026-08-04T20:22:11.791Z > 200 GET /api/v1/ 310.15ms
INF 2026-08-04T20:22:11.793Z > 200 GET /api/v1/ 256.29ms
INF 2026-08-04T20:22:11.794Z > 200 GET /api/v1/ 259.7ms
INF 2026-08-04T20:22:11.803Z > 200 GET /api/v1/ 269.34ms
INF 2026-08-04T20:22:11.804Z > 200 GET /api/v1/ 262.33ms
INF 2026-08-04T20:22:11.805Z > 200 GET /api/v1/ 259.11ms
INF 2026-08-04T20:22:11.805Z > 200 GET /api/v1/ 263.29ms
INF 2026-08-04T20:22:11.807Z > 200 GET /api/v1/ 261.71ms
INF 2026-08-04T20:22:11.810Z > 200 GET /api/v1/ 264.45ms
INF 2026-08-04T20:22:11.810Z > 200 GET /api/v1/ 257.41ms
INF 2026-08-04T20:22:11.811Z > 200 GET /api/v1/ 20.37ms
INF 2026-08-04T20:22:11.813Z > 200 GET /api/v1/ 256.61ms
INF 2026-08-04T20:22:11.820Z > 200 GET /api/v1/ 264.03ms
INF 2026-08-04T20:22:11.820Z > 200 GET /api/v1/ 245.98ms
INF 2026-08-04T20:22:11.821Z > 200 GET /api/v1/ 273.98ms
INF 2026-08-04T20:22:11.821Z > 200 GET /api/v1/ 272.67ms
INF 2026-08-04T20:22:11.821Z > 200 GET /api/v1/ 269.66ms
INF 2026-08-04T20:22:11.822Z > 200 GET /api/v1/ 248.65ms
INF 2026-08-04T20:22:11.823Z > 200 GET /api/v1/ 244.2ms
INF 2026-08-04T20:22:11.825Z > 200 GET /api/v1/ 20.21ms
INF 2026-08-04T20:22:11.829Z > 200 GET /api/v1/ 272.42ms
INF 2026-08-04T20:22:11.830Z > 200 GET /api/v1/ 248.58ms
INF 2026-08-04T20:22:11.831Z > 200 GET /api/v1/ 224.68ms
INF 2026-08-04T20:22:11.833Z > 200 GET /api/v1/ 265.24ms
INF 2026-08-04T20:22:11.847Z > 200 GET /api/v1/ 274.18ms
INF 2026-08-04T20:22:11.847Z > 200 GET /api/v1/ 252.5ms
INF 2026-08-04T20:22:11.848Z > 200 GET /api/v1/ 241.69ms
INF 2026-08-04T20:22:11.849Z > 200 GET /api/v1/ 29.32ms
INF 2026-08-04T20:22:11.849Z > 200 GET /api/v1/ 28.57ms
INF 2026-08-04T20:22:11.850Z > 200 GET /api/v1/ 242.56ms
INF 2026-08-04T20:22:11.850Z > 200 GET /api/v1/ 238.83ms
INF 2026-08-04T20:22:11.850Z > 200 GET /api/v1/ 243.45ms
INF 2026-08-04T20:22:11.850Z > 200 GET /api/v1/ 28.91ms
INF 2026-08-04T20:22:11.853Z > 200 GET /api/v1/ 235.74ms
INF 2026-08-04T20:22:11.856Z > 200 GET /api/v1/ 227.42ms
INF 2026-08-04T20:22:11.857Z > 200 GET /api/v1/ 27.1ms
INF 2026-08-04T20:22:11.857Z > 200 GET /api/v1/ 32.03ms
INF 2026-08-04T20:22:11.858Z > 200 GET /api/v1/ 25.07ms
INF 2026-08-04T20:22:11.864Z > 200 GET /api/v1/ 246.12ms
INF 2026-08-04T20:22:11.865Z > 200 GET /api/v1/ 201.53ms
INF 2026-08-04T20:22:11.868Z > 200 GET /api/v1/ 254.37ms
INF 2026-08-04T20:22:11.868Z > 200 GET /api/v1/ 262.54ms
INF 2026-08-04T20:22:11.869Z > 200 GET /api/v1/ 263.81ms
INF 2026-08-04T20:22:11.870Z > 200 GET /api/v1/ 22.28ms
INF 2026-08-04T20:22:11.878Z > 200 GET /api/v1/ 28.54ms
INF 2026-08-04T20:22:11.879Z > 200 GET /api/v1/ 31.92ms
INF 2026-08-04T20:22:11.879Z > 200 GET /api/v1/ 28.69ms
INF 2026-08-04T20:22:11.879Z > 200 GET /api/v1/ 235.12ms
INF 2026-08-04T20:22:11.880Z > 200 GET /api/v1/ 30.37ms
INF 2026-08-04T20:22:11.881Z > 200 GET /api/v1/ 282.63ms
INF 2026-08-04T20:22:11.882Z > 200 GET /api/v1/ 26.2ms
INF 2026-08-04T20:22:11.882Z > 200 GET /api/v1/ 265.24ms
INF 2026-08-04T20:22:11.886Z > 200 GET /api/v1/ 275.17ms
INF 2026-08-04T20:22:11.886Z > 200 GET /api/v1/ 275.3ms
INF 2026-08-04T20:22:11.891Z > 200 GET /api/v1/ 230.33ms
INF 2026-08-04T20:22:11.892Z > 200 GET /api/v1/ 27.66ms
INF 2026-08-04T20:22:11.895Z > 200 GET /api/v1/ 25.05ms
INF 2026-08-04T20:22:11.896Z > 200 GET /api/v1/ 289.72ms
INF 2026-08-04T20:22:11.896Z > 200 GET /api/v1/ 28.22ms
INF 2026-08-04T20:22:11.897Z > 200 GET /api/v1/ 232.82ms
INF 2026-08-04T20:22:11.897Z > 200 GET /api/v1/ 17.35ms
INF 2026-08-04T20:22:11.898Z > 200 GET /api/v1/ 16.21ms
INF 2026-08-04T20:22:11.900Z > 200 GET /api/v1/ 17.8ms
INF 2026-08-04T20:22:11.910Z > 200 GET /api/v1/ 18.76ms
INF 2026-08-04T20:22:11.911Z > 200 GET /api/v1/ 235.87ms
INF 2026-08-04T20:22:11.914Z > 200 GET /api/v1/ 17.91ms
INF 2026-08-04T20:22:11.918Z > 200 GET /api/v1/ 20.43ms
INF 2026-08-04T20:22:11.918Z > 200 GET /api/v1/ 21.6ms
INF 2026-08-04T20:22:11.919Z > 200 GET /api/v1/ 18.61ms
INF 2026-08-04T20:22:11.923Z > 200 GET /api/v1/ 248.05ms
INF 2026-08-04T20:22:11.929Z > 200 GET /api/v1/ 18.8ms
INF 2026-08-04T20:22:11.932Z > 200 GET /api/v1/ 17.74ms
INF 2026-08-04T20:22:11.936Z > 200 GET /api/v1/ 17.57ms
INF 2026-08-04T20:22:11.937Z > 200 GET /api/v1/ 261.76ms
INF 2026-08-04T20:22:11.938Z > 200 GET /api/v1/ 18.42ms
INF 2026-08-04T20:22:11.938Z > 200 GET /api/v1/ 263.11ms
INF 2026-08-04T20:22:11.940Z > 200 GET /api/v1/ 16.82ms
INF 2026-08-04T20:22:11.950Z > 200 GET /api/v1/ 273.64ms
INF 2026-08-04T20:22:11.950Z > 200 GET /api/v1/ 270.98ms
INF 2026-08-04T20:22:11.951Z > 200 GET /api/v1/ 270.14ms
INF 2026-08-04T20:22:11.952Z > 200 GET /api/v1/ 19.78ms
INF 2026-08-04T20:22:11.952Z > 200 GET /api/v1/ 15.53ms
INF 2026-08-04T20:22:11.954Z > 200 GET /api/v1/ 261.3ms
INF 2026-08-04T20:22:11.956Z > 200 GET /api/v1/ 281.8ms
INF 2026-08-04T20:22:11.957Z > 200 GET /api/v1/ 268.56ms
INF 2026-08-04T20:22:11.957Z > 200 GET /api/v1/ 282.14ms
INF 2026-08-04T20:22:11.957Z > 200 GET /api/v1/ 267.7ms
INF 2026-08-04T20:22:11.960Z > 200 GET /api/v1/ 9.91ms
INF 2026-08-04T20:22:11.960Z > 200 GET /api/v1/ 257.08ms
INF 2026-08-04T20:22:11.969Z > 200 GET /api/v1/ 274.32ms
INF 2026-08-04T20:22:11.970Z > 200 GET /api/v1/ 18.64ms
INF 2026-08-04T20:22:11.970Z > 200 GET /api/v1/ 17.92ms
INF 2026-08-04T20:22:11.971Z > 200 GET /api/v1/ 265.33ms
INF 2026-08-04T20:22:11.971Z > 200 GET /api/v1/ 14.4ms
INF 2026-08-04T20:22:11.975Z > 200 GET /api/v1/ 45.33ms
INF 2026-08-04T20:22:11.975Z > 200 GET /api/v1/ 17.94ms
INF 2026-08-04T20:22:11.977Z > 200 GET /api/v1/ 7.36ms
INF 2026-08-04T20:22:11.978Z > 200 GET /api/v1/ 7.79ms
INF 2026-08-04T20:22:11.981Z > 200 GET /api/v1/ 2.81ms
INF 2026-08-04T20:22:11.982Z > 200 GET /api/v1/ 213.94ms
INF 2026-08-04T20:22:11.983Z > 200 GET /api/v1/ 253.42ms
INF 2026-08-04T20:22:11.984Z > 200 GET /api/v1/ 47.86ms
INF 2026-08-04T20:22:11.987Z > 200 GET /api/v1/ 279.24ms
INF 2026-08-04T20:22:11.991Z > 200 GET /api/v1/ 284.33ms
INF 2026-08-04T20:22:11.991Z > 200 GET /api/v1/ 261.0ms
INF 2026-08-04T20:22:11.994Z > 200 GET /api/v1/ 287.58ms
INF 2026-08-04T20:22:11.994Z > 200 GET /api/v1/ 12.98ms
INF 2026-08-04T20:22:11.995Z > 200 GET /api/v1/ 224.33ms
INF 2026-08-04T20:22:11.996Z > 200 GET /api/v1/ 231.41ms
INF 2026-08-04T20:22:11.997Z > 200 GET /api/v1/ 241.44ms
INF 2026-08-04T20:22:11.999Z > 200 GET /api/v1/ 253.76ms
INF 2026-08-04T20:22:11.999Z > 200 GET /api/v1/ 228.25ms
INF 2026-08-04T20:22:12.001Z > 200 GET /api/v1/ 295.23ms
INF 2026-08-04T20:22:12.001Z > 200 GET /api/v1/ 294.21ms
INF 2026-08-04T20:22:12.004Z > 200 GET /api/v1/ 239.3ms
INF 2026-08-04T20:22:12.005Z > 200 GET /api/v1/ 231.47ms
INF 2026-08-04T20:22:12.005Z > 200 GET /api/v1/ 260.37ms
INF 2026-08-04T20:22:12.006Z > 200 GET /api/v1/ 229.05ms
INF 2026-08-04T20:22:12.007Z > 200 GET /api/v1/ 236.19ms
INF 2026-08-04T20:22:12.008Z > 200 GET /api/v1/ 236.83ms
INF 2026-08-04T20:22:12.008Z > 200 GET /api/v1/ 281.42ms
INF 2026-08-04T20:22:12.009Z > 200 GET /api/v1/ 253.68ms
INF 2026-08-04T20:22:12.009Z > 200 GET /api/v1/ 235.86ms
INF 2026-08-04T20:22:12.018Z > 200 GET /api/v1/ 310.08ms
INF 2026-08-04T20:22:12.021Z > 200 GET /api/v1/ 292.15ms
INF 2026-08-04T20:22:12.022Z > 200 GET /api/v1/ 243.66ms
INF 2026-08-04T20:22:12.023Z > 200 GET /api/v1/ 239.59ms
INF 2026-08-04T20:22:12.023Z > 200 GET /api/v1/ 262.44ms
INF 2026-08-04T20:22:12.025Z > 200 GET /api/v1/ 250.63ms
INF 2026-08-04T20:22:12.037Z > 200 GET /api/v1/ 330.6ms
INF 2026-08-04T20:22:12.039Z > 200 GET /api/v1/ 265.06ms
INF 2026-08-04T20:22:12.039Z > 200 GET /api/v1/ 262.28ms
INF 2026-08-04T20:22:12.042Z > 200 GET /api/v1/ 255.37ms
INF 2026-08-04T20:22:12.042Z > 200 GET /api/v1/ 296.72ms
INF 2026-08-04T20:22:12.044Z > 200 GET /api/v1/ 257.59ms
INF 2026-08-04T20:22:12.045Z > 200 GET /api/v1/ 35.28ms
INF 2026-08-04T20:22:12.046Z > 200 GET /api/v1/ 258.27ms
INF 2026-08-04T20:22:12.048Z > 200 GET /api/v1/ 264.28ms
INF 2026-08-04T20:22:12.048Z > 200 GET /api/v1/ 268.24ms
INF 2026-08-04T20:22:12.048Z > 200 GET /api/v1/ 258.79ms
INF 2026-08-04T20:22:12.050Z > 200 GET /api/v1/ 257.0ms
INF 2026-08-04T20:22:12.050Z > 200 GET /api/v1/ 257.98ms
INF 2026-08-04T20:22:12.050Z > 200 GET /api/v1/ 260.78ms
INF 2026-08-04T20:22:12.053Z > 200 GET /api/v1/ 275.4ms
INF 2026-08-04T20:22:12.056Z > 200 GET /api/v1/ 38.32ms
INF 2026-08-04T20:22:12.057Z > 200 GET /api/v1/ 34.92ms
INF 2026-08-04T20:22:12.059Z > 200 GET /api/v1/ 264.67ms
INF 2026-08-04T20:22:12.059Z > 200 GET /api/v1/ 36.39ms
INF 2026-08-04T20:22:12.061Z > 200 GET /api/v1/ 270.2ms
INF 2026-08-04T20:22:12.062Z > 200 GET /api/v1/ 40.88ms
INF 2026-08-04T20:22:12.072Z > 200 GET /api/v1/ 265.07ms
INF 2026-08-04T20:22:12.073Z > 200 GET /api/v1/ 267.78ms
INF 2026-08-04T20:22:12.076Z > 200 GET /api/v1/ 265.85ms
INF 2026-08-04T20:22:12.077Z > 200 GET /api/v1/ 20.11ms
INF 2026-08-04T20:22:12.077Z > 200 GET /api/v1/ 266.81ms
INF 2026-08-04T20:22:12.080Z > 200 GET /api/v1/ 20.62ms
INF 2026-08-04T20:22:12.080Z > 200 GET /api/v1/ 275.44ms
INF 2026-08-04T20:22:12.082Z > 200 GET /api/v1/ 10.09ms
INF 2026-08-04T20:22:12.083Z > 200 GET /api/v1/ 9.49ms
INF 2026-08-04T20:22:12.083Z > 200 GET /api/v1/ 272.04ms
INF 2026-08-04T20:22:12.084Z > 200 GET /api/v1/ 7.92ms
INF 2026-08-04T20:22:12.084Z > 200 GET /api/v1/ 7.73ms
INF 2026-08-04T20:22:12.085Z > 200 GET /api/v1/ 7.82ms
INF 2026-08-04T20:22:12.087Z > 200 GET /api/v1/ 273.69ms
INF 2026-08-04T20:22:12.088Z > 200 GET /api/v1/ 267.56ms
INF 2026-08-04T20:22:12.089Z > 200 GET /api/v1/ 5.4ms
INF 2026-08-04T20:22:12.089Z > 200 GET /api/v1/ 3.91ms
INF 2026-08-04T20:22:12.089Z > 200 GET /api/v1/ 50.42ms
INF 2026-08-04T20:22:12.090Z > 200 GET /api/v1/ 286.26ms
INF 2026-08-04T20:22:12.092Z > 200 GET /api/v1/ 50.38ms
INF 2026-08-04T20:22:12.093Z > 200 GET /api/v1/ 42.88ms
INF 2026-08-04T20:22:12.094Z > 200 GET /api/v1/ 44.08ms
INF 2026-08-04T20:22:12.094Z > 200 GET /api/v1/ 46.46ms
INF 2026-08-04T20:22:12.095Z > 200 GET /api/v1/ 119.6ms
INF 2026-08-04T20:22:12.104Z > 200 GET /api/v1/ 42.2ms
INF 2026-08-04T20:22:12.132Z > 200 GET /api/v1/ 309.41ms
INF 2026-08-04T20:22:12.159Z > 200 GET /api/v1/ 98.03ms
INF 2026-08-04T20:22:12.161Z > 200 GET /api/v1/ 312.78ms
INF 2026-08-04T20:22:12.163Z > 200 GET /api/v1/ 74.18ms
INF 2026-08-04T20:22:12.177Z > 200 GET /api/v1/ 326.94ms
INF 2026-08-04T20:22:12.177Z > 200 GET /api/v1/ 87.98ms
INF 2026-08-04T20:22:12.179Z > 200 GET /api/v1/ 84.2ms
INF 2026-08-04T20:22:12.180Z > 200 GET /api/v1/ 356.29ms
INF 2026-08-04T20:22:12.181Z > 200 GET /api/v1/ 349.38ms
INF 2026-08-04T20:22:12.181Z > 200 GET /api/v1/ 330.54ms
INF 2026-08-04T20:22:12.181Z > 200 GET /api/v1/ 352.22ms
INF 2026-08-04T20:22:12.182Z > 200 GET /api/v1/ 87.77ms
INF 2026-08-04T20:22:12.183Z > 200 GET /api/v1/ 332.64ms
INF 2026-08-04T20:22:12.184Z > 200 GET /api/v1/ 326.94ms
INF 2026-08-04T20:22:12.197Z > 200 GET /api/v1/ 65.29ms
INF 2026-08-04T20:22:12.197Z > 200 GET /api/v1/ 376.63ms
INF 2026-08-04T20:22:12.198Z > 200 GET /api/v1/ 152.75ms
INF 2026-08-04T20:22:12.199Z > 200 GET /api/v1/ 340.94ms
INF 2026-08-04T20:22:12.199Z > 200 GET /api/v1/ 106.0ms
INF 2026-08-04T20:22:12.202Z > 200 GET /api/v1/ 19.9ms
INF 2026-08-04T20:22:12.208Z > 200 GET /api/v1/ 354.61ms
INF 2026-08-04T20:22:12.208Z > 200 GET /api/v1/ 26.77ms
INF 2026-08-04T20:22:12.213Z > 200 GET /api/v1/ 29.87ms
INF 2026-08-04T20:22:12.213Z > 200 GET /api/v1/ 348.57ms
INF 2026-08-04T20:22:12.214Z > 200 GET /api/v1/ 355.97ms
INF 2026-08-04T20:22:12.216Z > 200 GET /api/v1/ 30.73ms
INF 2026-08-04T20:22:12.216Z > 200 GET /api/v1/ 35.64ms
INF 2026-08-04T20:22:12.217Z > 200 GET /api/v1/ 347.33ms
INF 2026-08-04T20:22:12.218Z > 200 GET /api/v1/ 265.25ms
INF 2026-08-04T20:22:12.220Z > 200 GET /api/v1/ 341.46ms
INF 2026-08-04T20:22:12.220Z > 200 GET /api/v1/ 21.65ms
INF 2026-08-04T20:22:12.223Z > 200 GET /api/v1/ 354.0ms
INF 2026-08-04T20:22:12.226Z > 200 GET /api/v1/ 327.82ms
INF 2026-08-04T20:22:12.227Z > 200 GET /api/v1/ 344.44ms
INF 2026-08-04T20:22:12.228Z > 200 GET /api/v1/ 335.25ms
INF 2026-08-04T20:22:12.229Z > 200 GET /api/v1/ 259.82ms
INF 2026-08-04T20:22:12.230Z > 200 GET /api/v1/ 343.36ms
INF 2026-08-04T20:22:12.230Z > 200 GET /api/v1/ 275.48ms
INF 2026-08-04T20:22:12.230Z > 200 GET /api/v1/ 290.43ms
INF 2026-08-04T20:22:12.231Z > 200 GET /api/v1/ 336.17ms
INF 2026-08-04T20:22:12.232Z > 200 GET /api/v1/ 11.66ms
INF 2026-08-04T20:22:12.244Z > 200 GET /api/v1/ 333.0ms
INF 2026-08-04T20:22:12.244Z > 200 GET /api/v1/ 365.22ms
INF 2026-08-04T20:22:12.245Z > 200 GET /api/v1/ 365.36ms
INF 2026-08-04T20:22:12.256Z > 200 GET /api/v1/ 298.06ms
INF 2026-08-04T20:22:12.256Z > 200 GET /api/v1/ 286.75ms
INF 2026-08-04T20:22:12.256Z > 200 GET /api/v1/ 359.85ms
INF 2026-08-04T20:22:12.257Z > 200 GET /api/v1/ 30.24ms
INF 2026-08-04T20:22:12.263Z > 200 GET /api/v1/ 324.81ms
INF 2026-08-04T20:22:12.264Z > 200 GET /api/v1/ 377.54ms
INF 2026-08-04T20:22:12.269Z > 200 GET /api/v1/ 38.29ms
INF 2026-08-04T20:22:12.269Z > 200 GET /api/v1/ 285.64ms
INF 2026-08-04T20:22:12.273Z > 200 GET /api/v1/ 302.43ms
INF 2026-08-04T20:22:12.274Z > 200 GET /api/v1/ 298.37ms
INF 2026-08-04T20:22:12.279Z > 200 GET /api/v1/ 294.86ms
INF 2026-08-04T20:22:12.283Z > 200 GET /api/v1/ 295.54ms
INF 2026-08-04T20:22:12.285Z > 200 GET /api/v1/ 294.23ms
INF 2026-08-04T20:22:12.287Z > 200 GET /api/v1/ 348.58ms
INF 2026-08-04T20:22:12.288Z > 200 GET /api/v1/ 305.27ms
INF 2026-08-04T20:22:12.288Z > 200 GET /api/v1/ 408.71ms
INF 2026-08-04T20:22:12.289Z > 200 GET /api/v1/ 331.33ms
INF 2026-08-04T20:22:12.289Z > 200 GET /api/v1/ 371.11ms
INF 2026-08-04T20:22:12.290Z > 200 GET /api/v1/ 319.17ms
INF 2026-08-04T20:22:12.290Z > 200 GET /api/v1/ 339.48ms
INF 2026-08-04T20:22:12.291Z > 200 GET /api/v1/ 313.35ms
INF 2026-08-04T20:22:12.292Z > 200 GET /api/v1/ 282.3ms
INF 2026-08-04T20:22:12.293Z > 200 GET /api/v1/ 285.64ms
INF 2026-08-04T20:22:12.298Z > 200 GET /api/v1/ 298.04ms
INF 2026-08-04T20:22:12.299Z > 200 GET /api/v1/ 298.6ms
INF 2026-08-04T20:22:12.300Z > 200 GET /api/v1/ 328.0ms
INF 2026-08-04T20:22:12.301Z > 200 GET /api/v1/ 294.12ms
INF 2026-08-04T20:22:12.301Z > 200 GET /api/v1/ 306.34ms
INF 2026-08-04T20:22:12.302Z > 200 GET /api/v1/ 300.3ms
INF 2026-08-04T20:22:12.302Z > 200 GET /api/v1/ 38.81ms
INF 2026-08-04T20:22:12.307Z > 200 GET /api/v1/ 299.87ms
INF 2026-08-04T20:22:12.307Z > 200 GET /api/v1/ 284.26ms
INF 2026-08-04T20:22:12.311Z > 200 GET /api/v1/ 41.36ms
INF 2026-08-04T20:22:12.311Z > 200 GET /api/v1/ 314.2ms
INF 2026-08-04T20:22:12.312Z > 200 GET /api/v1/ 33.13ms
INF 2026-08-04T20:22:12.323Z > 200 GET /api/v1/ 328.02ms
INF 2026-08-04T20:22:12.323Z > 200 GET /api/v1/ 37.67ms
INF 2026-08-04T20:22:12.324Z > 200 GET /api/v1/ 34.84ms
INF 2026-08-04T20:22:12.324Z > 200 GET /api/v1/ 32.89ms
INF 2026-08-04T20:22:12.324Z > 200 GET /api/v1/ 34.34ms
INF 2026-08-04T20:22:12.324Z > 200 GET /api/v1/ 32.32ms
INF 2026-08-04T20:22:12.326Z > 200 GET /api/v1/ 329.48ms
INF 2026-08-04T20:22:12.327Z > 200 GET /api/v1/ 37.66ms
INF 2026-08-04T20:22:12.328Z > 200 GET /api/v1/ 29.84ms
INF 2026-08-04T20:22:12.328Z > 200 GET /api/v1/ 44.52ms
INF 2026-08-04T20:22:12.330Z > 200 GET /api/v1/ 30.01ms
INF 2026-08-04T20:22:12.330Z > 200 GET /api/v1/ 332.76ms
INF 2026-08-04T20:22:12.330Z > 200 GET /api/v1/ 293.27ms
INF 2026-08-04T20:22:12.330Z > 200 GET /api/v1/ 43.64ms
INF 2026-08-04T20:22:12.335Z > 200 GET /api/v1/ 328.31ms
INF 2026-08-04T20:22:12.337Z > 200 GET /api/v1/ 345.44ms
INF 2026-08-04T20:22:12.337Z > 200 GET /api/v1/ 30.38ms
INF 2026-08-04T20:22:12.337Z > 200 GET /api/v1/ 295.35ms
INF 2026-08-04T20:22:12.344Z > 200 GET /api/v1/ 33.64ms
INF 2026-08-04T20:22:12.346Z > 200 GET /api/v1/ 33.88ms
INF 2026-08-04T20:22:12.347Z > 200 GET /api/v1/ 339.11ms
INF 2026-08-04T20:22:12.349Z > 200 GET /api/v1/ 24.39ms
INF 2026-08-04T20:22:12.351Z > 200 GET /api/v1/ 23.74ms
INF 2026-08-04T20:22:12.352Z > 200 GET /api/v1/ 352.09ms
INF 2026-08-04T20:22:12.352Z > 200 GET /api/v1/ 345.96ms
INF 2026-08-04T20:22:12.352Z > 200 GET /api/v1/ 313.27ms
INF 2026-08-04T20:22:12.352Z > 200 GET /api/v1/ 344.25ms
INF 2026-08-04T20:22:12.353Z > 200 GET /api/v1/ 327.6ms
INF 2026-08-04T20:22:12.353Z > 200 GET /api/v1/ 24.9ms
INF 2026-08-04T20:22:12.353Z > 200 GET /api/v1/ 27.4ms
INF 2026-08-04T20:22:12.353Z > 200 GET /api/v1/ 23.13ms
INF 2026-08-04T20:22:12.354Z > 200 GET /api/v1/ 309.4ms
INF 2026-08-04T20:22:12.358Z > 200 GET /api/v1/ 312.39ms
INF 2026-08-04T20:22:12.359Z > 200 GET /api/v1/ 23.76ms
INF 2026-08-04T20:22:12.359Z > 200 GET /api/v1/ 28.91ms
INF 2026-08-04T20:22:12.360Z > 200 GET /api/v1/ 312.01ms
INF 2026-08-04T20:22:12.360Z > 200 GET /api/v1/ 22.7ms
INF 2026-08-04T20:22:12.377Z > 200 GET /api/v1/ 30.87ms
INF 2026-08-04T20:22:12.378Z > 200 GET /api/v1/ 25.09ms
INF 2026-08-04T20:22:12.378Z > 200 GET /api/v1/ 26.09ms
INF 2026-08-04T20:22:12.378Z > 200 GET /api/v1/ 329.67ms
INF 2026-08-04T20:22:12.378Z > 200 GET /api/v1/ 27.0ms
INF 2026-08-04T20:22:12.378Z > 200 GET /api/v1/ 25.57ms
INF 2026-08-04T20:22:12.379Z > 200 GET /api/v1/ 25.65ms
INF 2026-08-04T20:22:12.382Z > 200 GET /api/v1/ 29.01ms
INF 2026-08-04T20:22:12.382Z > 200 GET /api/v1/ 23.78ms
INF 2026-08-04T20:22:12.383Z > 200 GET /api/v1/ 28.95ms
INF 2026-08-04T20:22:12.383Z > 200 GET /api/v1/ 23.76ms
INF 2026-08-04T20:22:12.383Z > 200 GET /api/v1/ 23.32ms
INF 2026-08-04T20:22:12.395Z > 200 GET /api/v1/ 344.38ms
INF 2026-08-04T20:22:12.396Z > 200 GET /api/v1/ 17.78ms
INF 2026-08-04T20:22:12.396Z > 200 GET /api/v1/ 336.4ms
INF 2026-08-04T20:22:12.396Z > 200 GET /api/v1/ 339.46ms
INF 2026-08-04T20:22:12.397Z > 200 GET /api/v1/ 19.34ms
INF 2026-08-04T20:22:12.399Z > 200 GET /api/v1/ 20.64ms
INF 2026-08-04T20:22:12.400Z > 200 GET /api/v1/ 20.5ms
INF 2026-08-04T20:22:12.400Z > 200 GET /api/v1/ 16.66ms
INF 2026-08-04T20:22:12.402Z > 200 GET /api/v1/ 18.97ms
INF 2026-08-04T20:22:12.402Z > 200 GET /api/v1/ 19.58ms
INF 2026-08-04T20:22:12.403Z > 200 GET /api/v1/ 322.95ms
INF 2026-08-04T20:22:12.404Z > 200 GET /api/v1/ 350.06ms
INF 2026-08-04T20:22:12.405Z > 200 GET /api/v1/ 324.57ms
INF 2026-08-04T20:22:12.405Z > 200 GET /api/v1/ 321.83ms
INF 2026-08-04T20:22:12.409Z > 200 GET /api/v1/ 326.24ms
INF 2026-08-04T20:22:12.409Z > 200 GET /api/v1/ 5.44ms
INF 2026-08-04T20:22:12.409Z > 200 GET /api/v1/ 324.73ms
INF 2026-08-04T20:22:12.411Z > 200 GET /api/v1/ 5.91ms
INF 2026-08-04T20:22:12.412Z > 200 GET /api/v1/ 324.59ms
INF 2026-08-04T20:22:12.412Z > 200 GET /api/v1/ 321.42ms
INF 2026-08-04T20:22:12.412Z > 200 GET /api/v1/ 323.78ms
INF 2026-08-04T20:22:12.415Z > 200 GET /api/v1/ 326.45ms
INF 2026-08-04T20:22:12.416Z > 200 GET /api/v1/ 321.67ms
INF 2026-08-04T20:22:12.417Z > 200 GET /api/v1/ 253.38ms
INF 2026-08-04T20:22:12.417Z > 200 GET /api/v1/ 312.92ms
INF 2026-08-04T20:22:12.418Z > 200 GET /api/v1/ 333.87ms
INF 2026-08-04T20:22:12.419Z > 200 GET /api/v1/ 255.17ms
INF 2026-08-04T20:22:12.419Z > 200 GET /api/v1/ 240.99ms
INF 2026-08-04T20:22:12.420Z > 200 GET /api/v1/ 327.07ms
INF 2026-08-04T20:22:12.420Z > 200 GET /api/v1/ 242.08ms
INF 2026-08-04T20:22:12.421Z > 200 GET /api/v1/ 260.09ms
INF 2026-08-04T20:22:12.421Z > 200 GET /api/v1/ 240.9ms
INF 2026-08-04T20:22:12.423Z > 200 GET /api/v1/ 10.52ms
INF 2026-08-04T20:22:12.423Z > 200 GET /api/v1/ 241.58ms
INF 2026-08-04T20:22:12.426Z > 200 GET /api/v1/ 244.62ms
INF 2026-08-04T20:22:12.427Z > 200 GET /api/v1/ 228.37ms
INF 2026-08-04T20:22:12.427Z > 200 GET /api/v1/ 10.32ms
INF 2026-08-04T20:22:12.428Z > 200 GET /api/v1/ 229.46ms
INF 2026-08-04T20:22:12.428Z > 200 GET /api/v1/ 11.34ms
INF 2026-08-04T20:22:12.430Z > 200 GET /api/v1/ 10.44ms
INF 2026-08-04T20:22:12.431Z > 200 GET /api/v1/ 231.67ms
INF 2026-08-04T20:22:12.439Z > 200 GET /api/v1/ 239.76ms
INF 2026-08-04T20:22:12.440Z > 200 GET /api/v1/ 20.15ms
INF 2026-08-04T20:22:12.441Z > 200 GET /api/v1/ 238.26ms
INF 2026-08-04T20:22:12.455Z > 200 GET /api/v1/ 242.06ms
INF 2026-08-04T20:22:12.468Z > 200 GET /api/v1/ 254.79ms
INF 2026-08-04T20:22:12.469Z > 200 GET /api/v1/ 254.08ms
INF 2026-08-04T20:22:12.483Z > 200 GET /api/v1/ 55.56ms
INF 2026-08-04T20:22:12.483Z > 200 GET /api/v1/ 55.21ms
INF 2026-08-04T20:22:12.485Z > 200 GET /api/v1/ 269.23ms
INF 2026-08-04T20:22:12.485Z > 200 GET /api/v1/ 268.65ms
INF 2026-08-04T20:22:12.486Z > 200 GET /api/v1/ 263.04ms
INF 2026-08-04T20:22:12.486Z > 200 GET /api/v1/ 268.28ms
INF 2026-08-04T20:22:12.486Z > 200 GET /api/v1/ 269.62ms
INF 2026-08-04T20:22:12.488Z > 200 GET /api/v1/ 267.23ms
INF 2026-08-04T20:22:12.490Z > 200 GET /api/v1/ 274.58ms
INF 2026-08-04T20:22:12.494Z > 200 GET /api/v1/ 275.76ms
INF 2026-08-04T20:22:12.495Z > 200 GET /api/v1/ 207.46ms
INF 2026-08-04T20:22:12.496Z > 200 GET /api/v1/ 41.41ms
INF 2026-08-04T20:22:12.497Z > 200 GET /api/v1/ 240.49ms
INF 2026-08-04T20:22:12.498Z > 200 GET /api/v1/ 241.14ms
INF 2026-08-04T20:22:12.499Z > 200 GET /api/v1/ 225.24ms
INF 2026-08-04T20:22:12.499Z > 200 GET /api/v1/ 224.72ms
INF 2026-08-04T20:22:12.501Z > 200 GET /api/v1/ 231.43ms
INF 2026-08-04T20:22:12.502Z > 200 GET /api/v1/ 259.78ms
INF 2026-08-04T20:22:12.502Z > 200 GET /api/v1/ 271.2ms
INF 2026-08-04T20:22:12.503Z > 200 GET /api/v1/ 35.27ms
INF 2026-08-04T20:22:12.504Z > 200 GET /api/v1/ 247.1ms
INF 2026-08-04T20:22:12.505Z > 200 GET /api/v1/ 35.64ms
INF 2026-08-04T20:22:12.508Z > 200 GET /api/v1/ 277.64ms
INF 2026-08-04T20:22:12.510Z > 200 GET /api/v1/ 280.39ms
INF 2026-08-04T20:22:12.516Z > 200 GET /api/v1/ 32.72ms
INF 2026-08-04T20:22:12.517Z > 200 GET /api/v1/ 227.54ms
INF 2026-08-04T20:22:12.518Z > 200 GET /api/v1/ 33.02ms
INF 2026-08-04T20:22:12.519Z > 200 GET /api/v1/ 292.14ms
INF 2026-08-04T20:22:12.519Z > 200 GET /api/v1/ 33.2ms
INF 2026-08-04T20:22:12.522Z > 200 GET /api/v1/ 277.54ms
INF 2026-08-04T20:22:12.523Z > 200 GET /api/v1/ 34.54ms
INF 2026-08-04T20:22:12.524Z > 200 GET /api/v1/ 34.32ms
INF 2026-08-04T20:22:12.535Z > 200 GET /api/v1/ 303.97ms
INF 2026-08-04T20:22:12.535Z > 200 GET /api/v1/ 290.5ms
INF 2026-08-04T20:22:12.536Z > 200 GET /api/v1/ 40.26ms
INF 2026-08-04T20:22:12.537Z > 200 GET /api/v1/ 37.56ms
INF 2026-08-04T20:22:12.537Z > 200 GET /api/v1/ 38.48ms
INF 2026-08-04T20:22:12.537Z > 200 GET /api/v1/ 292.9ms
INF 2026-08-04T20:22:12.537Z > 200 GET /api/v1/ 273.33ms
INF 2026-08-04T20:22:12.538Z > 200 GET /api/v1/ 43.8ms
INF 2026-08-04T20:22:12.540Z > 200 GET /api/v1/ 38.77ms
INF 2026-08-04T20:22:12.543Z > 200 GET /api/v1/ 39.57ms
INF 2026-08-04T20:22:12.544Z > 200 GET /api/v1/ 314.53ms
INF 2026-08-04T20:22:12.545Z > 200 GET /api/v1/ 39.52ms
INF 2026-08-04T20:22:12.546Z > 200 GET /api/v1/ 45.63ms
INF 2026-08-04T20:22:12.547Z > 200 GET /api/v1/ 247.71ms
INF 2026-08-04T20:22:12.548Z > 200 GET /api/v1/ 290.76ms
INF 2026-08-04T20:22:12.548Z > 200 GET /api/v1/ 45.52ms
INF 2026-08-04T20:22:12.549Z > 200 GET /api/v1/ 38.62ms
INF 2026-08-04T20:22:12.551Z > 200 GET /api/v1/ 263.17ms
INF 2026-08-04T20:22:12.553Z > 200 GET /api/v1/ 37.19ms
INF 2026-08-04T20:22:12.558Z > 200 GET /api/v1/ 264.13ms
INF 2026-08-04T20:22:12.564Z > 200 GET /api/v1/ 40.96ms
INF 2026-08-04T20:22:12.566Z > 200 GET /api/v1/ 46.98ms
INF 2026-08-04T20:22:12.568Z > 200 GET /api/v1/ 266.53ms
INF 2026-08-04T20:22:12.569Z > 200 GET /api/v1/ 24.81ms
INF 2026-08-04T20:22:12.569Z > 200 GET /api/v1/ 267.38ms
INF 2026-08-04T20:22:12.570Z > 200 GET /api/v1/ 31.95ms
INF 2026-08-04T20:22:12.571Z > 200 GET /api/v1/ 23.97ms
INF 2026-08-04T20:22:12.571Z > 200 GET /api/v1/ 23.27ms
INF 2026-08-04T20:22:12.572Z > 200 GET /api/v1/ 22.69ms
INF 2026-08-04T20:22:12.572Z > 200 GET /api/v1/ 27.5ms
INF 2026-08-04T20:22:12.573Z > 200 GET /api/v1/ 31.93ms
INF 2026-08-04T20:22:12.574Z > 200 GET /api/v1/ 266.59ms
INF 2026-08-04T20:22:12.576Z > 200 GET /api/v1/ 27.87ms
INF 2026-08-04T20:22:12.576Z > 200 GET /api/v1/ 22.24ms
INF 2026-08-04T20:22:12.576Z > 200 GET /api/v1/ 275.36ms
INF 2026-08-04T20:22:12.577Z > 200 GET /api/v1/ 251.86ms
INF 2026-08-04T20:22:12.578Z > 200 GET /api/v1/ 20.52ms
INF 2026-08-04T20:22:12.579Z > 200 GET /api/v1/ 253.72ms
INF 2026-08-04T20:22:12.582Z > 200 GET /api/v1/ 280.24ms
INF 2026-08-04T20:22:12.583Z > 200 GET /api/v1/ 17.25ms
INF 2026-08-04T20:22:12.584Z > 200 GET /api/v1/ 258.84ms
INF 2026-08-04T20:22:12.585Z > 200 GET /api/v1/ 16.22ms
INF 2026-08-04T20:22:12.585Z > 200 GET /api/v1/ 15.08ms
INF 2026-08-04T20:22:12.585Z > 200 GET /api/v1/ 274.43ms
INF 2026-08-04T20:22:12.586Z > 200 GET /api/v1/ 13.29ms
INF 2026-08-04T20:22:12.586Z > 200 GET /api/v1/ 10.5ms
INF 2026-08-04T20:22:12.587Z > 200 GET /api/v1/ 9.59ms
INF 2026-08-04T20:22:12.587Z > 200 GET /api/v1/ 8.6ms
INF 2026-08-04T20:22:12.588Z > 200 GET /api/v1/ 13.43ms
INF 2026-08-04T20:22:12.588Z > 200 GET /api/v1/ 262.74ms
INF 2026-08-04T20:22:12.597Z > 200 GET /api/v1/ 13.05ms
INF 2026-08-04T20:22:12.601Z > 200 GET /api/v1/ 275.64ms
INF 2026-08-04T20:22:12.602Z > 200 GET /api/v1/ 16.7ms
INF 2026-08-04T20:22:12.605Z > 200 GET /api/v1/ 17.19ms
INF 2026-08-04T20:22:12.605Z > 200 GET /api/v1/ 16.92ms
INF 2026-08-04T20:22:12.607Z > 200 GET /api/v1/ 5.65ms
INF 2026-08-04T20:22:12.608Z > 200 GET /api/v1/ 263.78ms
INF 2026-08-04T20:22:12.609Z > 200 GET /api/v1/ 271.77ms
INF 2026-08-04T20:22:12.610Z > 200 GET /api/v1/ 5.17ms
INF 2026-08-04T20:22:12.612Z > 200 GET /api/v1/ 258.53ms
INF 2026-08-04T20:22:12.616Z > 200 GET /api/v1/ 288.11ms
INF 2026-08-04T20:22:12.620Z > 200 GET /api/v1/ 260.0ms
INF 2026-08-04T20:22:12.622Z > 200 GET /api/v1/ 285.61ms
INF 2026-08-04T20:22:12.623Z > 200 GET /api/v1/ 275.43ms
INF 2026-08-04T20:22:12.623Z > 200 GET /api/v1/ 239.87ms
INF 2026-08-04T20:22:12.624Z > 200 GET /api/v1/ 271.59ms
INF 2026-08-04T20:22:12.625Z > 200 GET /api/v1/ 227.97ms
INF 2026-08-04T20:22:12.625Z > 200 GET /api/v1/ 271.95ms
INF 2026-08-04T20:22:12.626Z > 200 GET /api/v1/ 247.02ms
INF 2026-08-04T20:22:12.626Z > 200 GET /api/v1/ 230.72ms
INF 2026-08-04T20:22:12.626Z > 200 GET /api/v1/ 230.12ms
INF 2026-08-04T20:22:12.627Z > 200 GET /api/v1/ 296.23ms
INF 2026-08-04T20:22:12.627Z > 200 GET /api/v1/ 231.06ms
INF 2026-08-04T20:22:12.627Z > 200 GET /api/v1/ 267.22ms
INF 2026-08-04T20:22:12.628Z > 200 GET /api/v1/ 227.31ms
INF 2026-08-04T20:22:12.632Z > 200 GET /api/v1/ 229.63ms
INF 2026-08-04T20:22:12.632Z > 200 GET /api/v1/ 253.76ms
INF 2026-08-04T20:22:12.633Z > 200 GET /api/v1/ 232.38ms
INF 2026-08-04T20:22:12.633Z > 200 GET /api/v1/ 220.46ms
INF 2026-08-04T20:22:12.633Z > 200 GET /api/v1/ 250.46ms
INF 2026-08-04T20:22:12.636Z > 200 GET /api/v1/ 226.51ms
INF 2026-08-04T20:22:12.638Z > 200 GET /api/v1/ 288.6ms
INF 2026-08-04T20:22:12.642Z > 200 GET /api/v1/ 236.81ms
INF 2026-08-04T20:22:12.643Z > 200 GET /api/v1/ 238.84ms
INF 2026-08-04T20:22:12.644Z > 200 GET /api/v1/ 20.61ms
INF 2026-08-04T20:22:12.645Z > 200 GET /api/v1/ 18.5ms
INF 2026-08-04T20:22:12.647Z > 200 GET /api/v1/ 250.29ms
INF 2026-08-04T20:22:12.653Z > 200 GET /api/v1/ 25.42ms
INF 2026-08-04T20:22:12.667Z > 200 GET /api/v1/ 256.87ms
INF 2026-08-04T20:22:12.667Z > 200 GET /api/v1/ 264.85ms
INF 2026-08-04T20:22:12.671Z > 200 GET /api/v1/ 258.57ms
INF 2026-08-04T20:22:12.671Z > 200 GET /api/v1/ 271.44ms
INF 2026-08-04T20:22:12.675Z > 200 GET /api/v1/ 256.62ms
INF 2026-08-04T20:22:12.675Z > 200 GET /api/v1/ 38.78ms
INF 2026-08-04T20:22:12.675Z > 200 GET /api/v1/ 296.63ms
INF 2026-08-04T20:22:12.676Z > 200 GET /api/v1/ 266.26ms
INF 2026-08-04T20:22:12.676Z > 200 GET /api/v1/ 37.71ms
INF 2026-08-04T20:22:12.676Z > 200 GET /api/v1/ 256.94ms
INF 2026-08-04T20:22:12.681Z > 200 GET /api/v1/ 37.4ms
INF 2026-08-04T20:22:12.682Z > 200 GET /api/v1/ 352.27ms
INF 2026-08-04T20:22:12.683Z > 200 GET /api/v1/ 264.06ms
INF 2026-08-04T20:22:12.684Z > 200 GET /api/v1/ 36.19ms
INF 2026-08-04T20:22:12.684Z > 200 GET /api/v1/ 260.27ms
INF 2026-08-04T20:22:12.684Z > 200 GET /api/v1/ 272.52ms
INF 2026-08-04T20:22:12.685Z > 200 GET /api/v1/ 261.1ms
INF 2026-08-04T20:22:12.688Z > 200 GET /api/v1/ 270.83ms
INF 2026-08-04T20:22:12.688Z > 200 GET /api/v1/ 266.78ms
INF 2026-08-04T20:22:12.693Z > 200 GET /api/v1/ 21.56ms
INF 2026-08-04T20:22:12.696Z > 200 GET /api/v1/ 53.87ms
INF 2026-08-04T20:22:12.698Z > 200 GET /api/v1/ 277.56ms
INF 2026-08-04T20:22:12.700Z > 200 GET /api/v1/ 15.18ms
INF 2026-08-04T20:22:12.701Z > 200 GET /api/v1/ 260.08ms
INF 2026-08-04T20:22:12.702Z > 200 GET /api/v1/ 34.77ms
INF 2026-08-04T20:22:12.704Z > 200 GET /api/v1/ 263.97ms
INF 2026-08-04T20:22:12.704Z > 200 GET /api/v1/ 275.52ms
INF 2026-08-04T20:22:12.705Z > 200 GET /api/v1/ 12.32ms
INF 2026-08-04T20:22:12.706Z > 200 GET /api/v1/ 277.77ms
INF 2026-08-04T20:22:12.708Z > 200 GET /api/v1/ 11.75ms
INF 2026-08-04T20:22:12.711Z > 200 GET /api/v1/ 9.36ms
INF 2026-08-04T20:22:12.711Z > 200 GET /api/v1/ 11.17ms
INF 2026-08-04T20:22:12.712Z > 200 GET /api/v1/ 271.15ms
INF 2026-08-04T20:22:12.712Z > 200 GET /api/v1/ 272.5ms
INF 2026-08-04T20:22:12.712Z > 200 GET /api/v1/ 8.49ms
INF 2026-08-04T20:22:12.713Z > 200 GET /api/v1/ 8.04ms
INF 2026-08-04T20:22:12.715Z > 200 GET /api/v1/ 274.73ms
INF 2026-08-04T20:22:12.717Z > 200 GET /api/v1/ 4.76ms
INF 2026-08-04T20:22:12.718Z > 200 GET /api/v1/ 5.69ms
INF 2026-08-04T20:22:12.718Z > 200 GET /api/v1/ 6.23ms
INF 2026-08-04T20:22:12.718Z > 200 GET /api/v1/ 4.85ms
INF 2026-08-04T20:22:12.720Z > 200 GET /api/v1/ 4.72ms
INF 2026-08-04T20:22:12.720Z > 200 GET /api/v1/ 299.1ms
INF 2026-08-04T20:22:12.721Z > 200 GET /api/v1/ 3.68ms
INF 2026-08-04T20:22:12.722Z > 200 GET /api/v1/ 3.63ms
INF 2026-08-04T20:22:12.730Z > 200 GET /api/v1/ 11.83ms
INF 2026-08-04T20:22:12.735Z > 200 GET /api/v1/ 51.14ms
INF 2026-08-04T20:22:12.745Z > 200 GET /api/v1/ 9.42ms
INF 2026-08-04T20:22:12.752Z > 200 GET /api/v1/ 265.87ms
INF 2026-08-04T20:22:12.753Z > 200 GET /api/v1/ 253.89ms
INF 2026-08-04T20:22:12.753Z > 200 GET /api/v1/ 255.72ms
INF 2026-08-04T20:22:12.759Z > 200 GET /api/v1/ 255.05ms
INF 2026-08-04T20:22:12.760Z > 200 GET /api/v1/ 263.44ms
INF 2026-08-04T20:22:12.760Z > 200 GET /api/v1/ 15.36ms
INF 2026-08-04T20:22:12.760Z > 200 GET /api/v1/ 273.94ms
INF 2026-08-04T20:22:12.761Z > 200 GET /api/v1/ 275.96ms
INF 2026-08-04T20:22:12.765Z > 200 GET /api/v1/ 256.7ms
INF 2026-08-04T20:22:12.766Z > 200 GET /api/v1/ 248.85ms
INF 2026-08-04T20:22:12.767Z > 200 GET /api/v1/ 13.6ms
INF 2026-08-04T20:22:12.772Z > 200 GET /api/v1/ 252.02ms
INF 2026-08-04T20:22:12.772Z > 200 GET /api/v1/ 11.35ms
INF 2026-08-04T20:22:12.772Z > 200 GET /api/v1/ 253.7ms
INF 2026-08-04T20:22:12.773Z > 200 GET /api/v1/ 249.86ms
INF 2026-08-04T20:22:12.775Z > 200 GET /api/v1/ 9.5ms
INF 2026-08-04T20:22:12.776Z > 200 GET /api/v1/ 8.91ms
INF 2026-08-04T20:22:12.780Z > 200 GET /api/v1/ 104.95ms
INF 2026-08-04T20:22:12.780Z > 200 GET /api/v1/ 352.38ms
INF 2026-08-04T20:22:12.781Z > 200 GET /api/v1/ 104.81ms
INF 2026-08-04T20:22:12.781Z > 200 GET /api/v1/ 104.82ms
INF 2026-08-04T20:22:12.782Z > 200 GET /api/v1/ 9.9ms
INF 2026-08-04T20:22:12.783Z > 200 GET /api/v1/ 258.48ms
INF 2026-08-04T20:22:12.784Z > 200 GET /api/v1/ 7.68ms
INF 2026-08-04T20:22:12.784Z > 200 GET /api/v1/ 246.89ms
INF 2026-08-04T20:22:12.785Z > 200 GET /api/v1/ 12.01ms
INF 2026-08-04T20:22:12.786Z > 200 GET /api/v1/ 10.84ms
INF 2026-08-04T20:22:12.787Z > 200 GET /api/v1/ 104.86ms
INF 2026-08-04T20:22:12.788Z > 200 GET /api/v1/ 250.25ms
INF 2026-08-04T20:22:12.788Z > 200 GET /api/v1/ 106.91ms
INF 2026-08-04T20:22:12.788Z > 200 GET /api/v1/ 6.78ms
INF 2026-08-04T20:22:12.791Z > 200 GET /api/v1/ 6.3ms
INF 2026-08-04T20:22:12.793Z > 200 GET /api/v1/ 255.48ms
INF 2026-08-04T20:22:12.794Z > 200 GET /api/v1/ 255.8ms
INF 2026-08-04T20:22:12.794Z > 200 GET /api/v1/ 6.18ms
INF 2026-08-04T20:22:12.794Z > 200 GET /api/v1/ 311.26ms
INF 2026-08-04T20:22:12.795Z > 200 GET /api/v1/ 256.92ms
INF 2026-08-04T20:22:12.796Z > 200 GET /api/v1/ 257.99ms
INF 2026-08-04T20:22:12.797Z > 200 GET /api/v1/ 228.23ms
INF 2026-08-04T20:22:12.798Z > 200 GET /api/v1/ 17.21ms
INF 2026-08-04T20:22:12.807Z > 200 GET /api/v1/ 268.84ms
INF 2026-08-04T20:22:12.808Z > 200 GET /api/v1/ 264.91ms
INF 2026-08-04T20:22:12.808Z > 200 GET /api/v1/ 19.98ms
INF 2026-08-04T20:22:12.809Z > 200 GET /api/v1/ 257.21ms
INF 2026-08-04T20:22:12.814Z > 200 GET /api/v1/ 265.92ms
INF 2026-08-04T20:22:12.814Z > 200 GET /api/v1/ 244.5ms
INF 2026-08-04T20:22:12.818Z > 200 GET /api/v1/ 246.44ms
INF 2026-08-04T20:22:12.819Z > 200 GET /api/v1/ 242.5ms
INF 2026-08-04T20:22:12.819Z > 200 GET /api/v1/ 248.55ms
INF 2026-08-04T20:22:12.820Z > 200 GET /api/v1/ 247.0ms
INF 2026-08-04T20:22:12.820Z > 200 GET /api/v1/ 243.9ms
INF 2026-08-04T20:22:12.822Z > 200 GET /api/v1/ 250.31ms
INF 2026-08-04T20:22:12.823Z > 200 GET /api/v1/ 258.74ms
INF 2026-08-04T20:22:12.823Z > 200 GET /api/v1/ 243.92ms
INF 2026-08-04T20:22:12.826Z > 200 GET /api/v1/ 6.26ms
INF 2026-08-04T20:22:12.826Z > 200 GET /api/v1/ 239.13ms
INF 2026-08-04T20:22:12.827Z > 200 GET /api/v1/ 7.16ms
INF 2026-08-04T20:22:12.827Z > 200 GET /api/v1/ 241.77ms
INF 2026-08-04T20:22:12.835Z > 200 GET /api/v1/ 206.98ms
INF 2026-08-04T20:22:12.835Z > 200 GET /api/v1/ 8.13ms
INF 2026-08-04T20:22:12.837Z > 200 GET /api/v1/ 219.99ms
INF 2026-08-04T20:22:12.838Z > 200 GET /api/v1/ 203.76ms
INF 2026-08-04T20:22:12.841Z > 200 GET /api/v1/ 6.39ms
INF 2026-08-04T20:22:12.847Z > 200 GET /api/v1/ 10.01ms
INF 2026-08-04T20:22:12.848Z > 200 GET /api/v1/ 222.78ms
INF 2026-08-04T20:22:12.849Z > 200 GET /api/v1/ 11.1ms
INF 2026-08-04T20:22:12.856Z > 200 GET /api/v1/ 222.05ms
INF 2026-08-04T20:22:12.856Z > 200 GET /api/v1/ 273.69ms
INF 2026-08-04T20:22:12.857Z > 200 GET /api/v1/ 231.51ms
INF 2026-08-04T20:22:12.859Z > 200 GET /api/v1/ 249.35ms
INF 2026-08-04T20:22:12.860Z > 200 GET /api/v1/ 254.43ms
INF 2026-08-04T20:22:12.860Z > 200 GET /api/v1/ 226.43ms
INF 2026-08-04T20:22:12.865Z > 200 GET /api/v1/ 231.39ms
INF 2026-08-04T20:22:12.866Z > 200 GET /api/v1/ 281.08ms
INF 2026-08-04T20:22:12.870Z > 200 GET /api/v1/ 22.02ms
INF 2026-08-04T20:22:12.870Z > 200 GET /api/v1/ 20.94ms
INF 2026-08-04T20:22:12.872Z > 200 GET /api/v1/ 24.35ms
INF 2026-08-04T20:22:12.872Z > 200 GET /api/v1/ 244.55ms
INF 2026-08-04T20:22:12.881Z > 200 GET /api/v1/ 254.62ms
INF 2026-08-04T20:22:12.881Z > 200 GET /api/v1/ 214.19ms
INF 2026-08-04T20:22:12.882Z > 200 GET /api/v1/ 237.88ms
INF 2026-08-04T20:22:12.882Z > 200 GET /api/v1/ 258.59ms
INF 2026-08-04T20:22:12.882Z > 200 GET /api/v1/ 210.64ms
INF 2026-08-04T20:22:12.883Z > 200 GET /api/v1/ 276.06ms
INF 2026-08-04T20:22:12.884Z > 200 GET /api/v1/ 27.39ms
INF 2026-08-04T20:22:12.884Z > 200 GET /api/v1/ 239.34ms
INF 2026-08-04T20:22:12.885Z > 200 GET /api/v1/ 275.85ms
INF 2026-08-04T20:22:12.885Z > 200 GET /api/v1/ 251.31ms
INF 2026-08-04T20:22:12.887Z > 200 GET /api/v1/ 276.39ms
INF 2026-08-04T20:22:12.891Z > 200 GET /api/v1/ 303.66ms
INF 2026-08-04T20:22:12.893Z > 200 GET /api/v1/ 290.67ms
INF 2026-08-04T20:22:12.893Z > 200 GET /api/v1/ 307.05ms
INF 2026-08-04T20:22:12.896Z > 200 GET /api/v1/ 269.35ms
INF 2026-08-04T20:22:12.899Z > 200 GET /api/v1/ 311.22ms
INF 2026-08-04T20:22:12.902Z > 200 GET /api/v1/ 277.31ms
INF 2026-08-04T20:22:12.902Z > 200 GET /api/v1/ 274.8ms
INF 2026-08-04T20:22:12.902Z > 200 GET /api/v1/ 248.98ms
INF 2026-08-04T20:22:12.903Z > 200 GET /api/v1/ 32.32ms
INF 2026-08-04T20:22:12.903Z > 200 GET /api/v1/ 305.74ms
INF 2026-08-04T20:22:12.903Z > 200 GET /api/v1/ 19.8ms
INF 2026-08-04T20:22:12.903Z > 200 GET /api/v1/ 19.23ms
INF 2026-08-04T20:22:12.905Z > 200 GET /api/v1/ 285.39ms
INF 2026-08-04T20:22:12.905Z > 200 GET /api/v1/ 278.79ms
INF 2026-08-04T20:22:12.906Z > 200 GET /api/v1/ 322.18ms
INF 2026-08-04T20:22:12.908Z > 200 GET /api/v1/ 23.42ms
INF 2026-08-04T20:22:12.911Z > 200 GET /api/v1/ 20.69ms
INF 2026-08-04T20:22:12.914Z > 200 GET /api/v1/ 238.71ms
INF 2026-08-04T20:22:12.915Z > 200 GET /api/v1/ 239.68ms
INF 2026-08-04T20:22:12.917Z > 200 GET /api/v1/ 15.16ms
INF 2026-08-04T20:22:12.918Z > 200 GET /api/v1/ 15.64ms
INF 2026-08-04T20:22:12.919Z > 200 GET /api/v1/ 15.85ms
INF 2026-08-04T20:22:12.919Z > 200 GET /api/v1/ 14.12ms
INF 2026-08-04T20:22:12.922Z > 200 GET /api/v1/ 15.57ms
INF 2026-08-04T20:22:12.922Z > 200 GET /api/v1/ 13.82ms
INF 2026-08-04T20:22:12.923Z > 200 GET /api/v1/ 20.28ms
INF 2026-08-04T20:22:12.926Z > 200 GET /api/v1/ 10.99ms
INF 2026-08-04T20:22:12.929Z > 200 GET /api/v1/ 11.74ms
INF 2026-08-04T20:22:12.929Z > 200 GET /api/v1/ 11.19ms
INF 2026-08-04T20:22:12.929Z > 200 GET /api/v1/ 245.38ms
INF 2026-08-04T20:22:12.930Z > 200 GET /api/v1/ 253.38ms
INF 2026-08-04T20:22:12.933Z > 200 GET /api/v1/ 13.3ms
INF 2026-08-04T20:22:12.936Z > 200 GET /api/v1/ 13.52ms
INF 2026-08-04T20:22:12.938Z > 200 GET /api/v1/ 11.31ms
INF 2026-08-04T20:22:12.938Z > 200 GET /api/v1/ 253.31ms
INF 2026-08-04T20:22:12.939Z > 200 GET /api/v1/ 10.01ms
INF 2026-08-04T20:22:12.940Z > 200 GET /api/v1/ 10.29ms
INF 2026-08-04T20:22:12.940Z > 200 GET /api/v1/ 327.44ms
INF 2026-08-04T20:22:12.951Z > 200 GET /api/v1/ 18.15ms
INF 2026-08-04T20:22:12.957Z > 200 GET /api/v1/ 18.97ms
INF 2026-08-04T20:22:12.957Z > 200 GET /api/v1/ 269.61ms
INF 2026-08-04T20:22:12.959Z > 200 GET /api/v1/ 261.6ms
INF 2026-08-04T20:22:12.962Z > 200 GET /api/v1/ 22.19ms
INF 2026-08-04T20:22:12.963Z > 200 GET /api/v1/ 27.38ms
INF 2026-08-04T20:22:12.966Z > 200 GET /api/v1/ 278.17ms
INF 2026-08-04T20:22:12.967Z > 200 GET /api/v1/ 260.31ms
INF 2026-08-04T20:22:12.967Z > 200 GET /api/v1/ 266.09ms
INF 2026-08-04T20:22:12.967Z > 200 GET /api/v1/ 283.54ms
INF 2026-08-04T20:22:12.968Z > 200 GET /api/v1/ 264.8ms
INF 2026-08-04T20:22:12.976Z > 200 GET /api/v1/ 18.12ms
INF 2026-08-04T20:22:12.978Z > 200 GET /api/v1/ 18.87ms
INF 2026-08-04T20:22:12.980Z > 200 GET /api/v1/ 268.05ms
INF 2026-08-04T20:22:12.982Z > 200 GET /api/v1/ 18.91ms
INF 2026-08-04T20:22:12.983Z > 200 GET /api/v1/ 275.08ms
INF 2026-08-04T20:22:12.985Z > 200 GET /api/v1/ 18.58ms
INF 2026-08-04T20:22:12.986Z > 200 GET /api/v1/ 17.99ms
INF 2026-08-04T20:22:12.988Z > 200 GET /api/v1/ 269.95ms
INF 2026-08-04T20:22:12.989Z > 200 GET /api/v1/ 276.72ms
INF 2026-08-04T20:22:12.989Z > 200 GET /api/v1/ 20.42ms
INF 2026-08-04T20:22:12.989Z > 200 GET /api/v1/ 269.25ms
INF 2026-08-04T20:22:12.994Z > 200 GET /api/v1/ 273.19ms
INF 2026-08-04T20:22:12.995Z > 200 GET /api/v1/ 273.32ms
INF 2026-08-04T20:22:12.999Z > 200 GET /api/v1/ 20.17ms
INF 2026-08-04T20:22:12.999Z > 200 GET /api/v1/ 19.04ms
INF 2026-08-04T20:22:13.000Z > 200 GET /api/v1/ 17.56ms
INF 2026-08-04T20:22:13.005Z > 200 GET /api/v1/ 19.55ms
INF 2026-08-04T20:22:13.005Z > 200 GET /api/v1/ 283.56ms
INF 2026-08-04T20:22:13.006Z > 200 GET /api/v1/ 18.28ms
INF 2026-08-04T20:22:13.007Z > 200 GET /api/v1/ 17.23ms
INF 2026-08-04T20:22:13.007Z > 200 GET /api/v1/ 275.9ms
INF 2026-08-04T20:22:13.007Z > 200 GET /api/v1/ 254.64ms
INF 2026-08-04T20:22:13.009Z > 200 GET /api/v1/ 20.33ms
INF 2026-08-04T20:22:13.011Z > 200 GET /api/v1/ 17.22ms
INF 2026-08-04T20:22:13.016Z > 200 GET /api/v1/ 256.55ms
INF 2026-08-04T20:22:13.019Z > 200 GET /api/v1/ 265.5ms
INF 2026-08-04T20:22:13.019Z > 200 GET /api/v1/ 18.99ms
INF 2026-08-04T20:22:13.020Z > 200 GET /api/v1/ 14.29ms
INF 2026-08-04T20:22:13.020Z > 200 GET /api/v1/ 12.6ms
INF 2026-08-04T20:22:13.021Z > 200 GET /api/v1/ 260.46ms
INF 2026-08-04T20:22:13.022Z > 200 GET /api/v1/ 261.34ms
INF 2026-08-04T20:22:13.022Z > 200 GET /api/v1/ 12.37ms
INF 2026-08-04T20:22:13.023Z > 200 GET /api/v1/ 262.49ms
INF 2026-08-04T20:22:13.037Z > 200 GET /api/v1/ 16.77ms
INF 2026-08-04T20:22:13.039Z > 200 GET /api/v1/ 272.11ms
INF 2026-08-04T20:22:13.041Z > 200 GET /api/v1/ 18.92ms
INF 2026-08-04T20:22:13.043Z > 200 GET /api/v1/ 261.04ms
INF 2026-08-04T20:22:13.044Z > 200 GET /api/v1/ 262.41ms
INF 2026-08-04T20:22:13.044Z > 200 GET /api/v1/ 271.74ms
INF 2026-08-04T20:22:13.045Z > 200 GET /api/v1/ 272.12ms
INF 2026-08-04T20:22:13.045Z > 200 GET /api/v1/ 263.83ms
INF 2026-08-04T20:22:13.048Z > 200 GET /api/v1/ 9.29ms
INF 2026-08-04T20:22:13.050Z > 200 GET /api/v1/ 5.65ms
INF 2026-08-04T20:22:13.051Z > 200 GET /api/v1/ 264.58ms
INF 2026-08-04T20:22:13.052Z > 200 GET /api/v1/ 6.55ms
INF 2026-08-04T20:22:13.053Z > 200 GET /api/v1/ 269.72ms
INF 2026-08-04T20:22:13.054Z > 200 GET /api/v1/ 258.31ms
INF 2026-08-04T20:22:13.058Z > 200 GET /api/v1/ 3.32ms
INF 2026-08-04T20:22:13.061Z > 200 GET /api/v1/ 203.73ms
INF 2026-08-04T20:22:13.062Z > 200 GET /api/v1/ 269.27ms
INF 2026-08-04T20:22:13.062Z > 200 GET /api/v1/ 267.26ms
INF 2026-08-04T20:22:13.064Z > 200 GET /api/v1/ 280.32ms
INF 2026-08-04T20:22:13.072Z > 200 GET /api/v1/ 257.27ms
INF 2026-08-04T20:22:13.072Z > 200 GET /api/v1/ 249.13ms
INF 2026-08-04T20:22:13.072Z > 200 GET /api/v1/ 265.34ms
INF 2026-08-04T20:22:13.073Z > 200 GET /api/v1/ 284.54ms
INF 2026-08-04T20:22:13.074Z > 200 GET /api/v1/ 251.07ms
INF 2026-08-04T20:22:13.084Z > 200 GET /api/v1/ 264.06ms
INF 2026-08-04T20:22:13.085Z > 200 GET /api/v1/ 276.34ms
INF 2026-08-04T20:22:13.086Z > 200 GET /api/v1/ 292.25ms
INF 2026-08-04T20:22:13.087Z > 200 GET /api/v1/ 278.3ms
INF 2026-08-04T20:22:13.088Z > 200 GET /api/v1/ 204.67ms
INF 2026-08-04T20:22:13.091Z > 200 GET /api/v1/ 230.95ms
INF 2026-08-04T20:22:13.095Z > 200 GET /api/v1/ 22.78ms
INF 2026-08-04T20:22:13.098Z > 200 GET /api/v1/ 232.04ms
INF 2026-08-04T20:22:13.099Z > 200 GET /api/v1/ 300.78ms
INF 2026-08-04T20:22:13.100Z > 200 GET /api/v1/ 312.21ms
INF 2026-08-04T20:22:13.101Z > 200 GET /api/v1/ 27.4ms
INF 2026-08-04T20:22:13.101Z > 200 GET /api/v1/ 306.76ms
INF 2026-08-04T20:22:13.116Z > 200 GET /api/v1/ 288.95ms
INF 2026-08-04T20:22:13.117Z > 200 GET /api/v1/ 309.09ms
INF 2026-08-04T20:22:13.117Z > 200 GET /api/v1/ 32.46ms
INF 2026-08-04T20:22:13.117Z > 200 GET /api/v1/ 231.98ms
INF 2026-08-04T20:22:13.117Z > 200 GET /api/v1/ 308.59ms
INF 2026-08-04T20:22:13.118Z > 200 GET /api/v1/ 32.11ms
INF 2026-08-04T20:22:13.119Z > 200 GET /api/v1/ 31.21ms
INF 2026-08-04T20:22:13.122Z > 200 GET /api/v1/ 218.47ms
INF 2026-08-04T20:22:13.123Z > 200 GET /api/v1/ 31.96ms
INF 2026-08-04T20:22:13.126Z > 200 GET /api/v1/ 223.48ms
INF 2026-08-04T20:22:13.127Z > 200 GET /api/v1/ 307.15ms
INF 2026-08-04T20:22:13.129Z > 200 GET /api/v1/ 246.12ms
INF 2026-08-04T20:22:13.130Z > 200 GET /api/v1/ 32.07ms
INF 2026-08-04T20:22:13.130Z > 200 GET /api/v1/ 31.44ms
INF 2026-08-04T20:22:13.133Z > 200 GET /api/v1/ 297.14ms
INF 2026-08-04T20:22:13.133Z > 200 GET /api/v1/ 229.43ms
INF 2026-08-04T20:22:13.138Z > 200 GET /api/v1/ 232.6ms
INF 2026-08-04T20:22:13.142Z > 200 GET /api/v1/ 281.81ms
INF 2026-08-04T20:22:13.142Z > 200 GET /api/v1/ 255.36ms
INF 2026-08-04T20:22:13.143Z > 200 GET /api/v1/ 358.63ms
INF 2026-08-04T20:22:13.146Z > 200 GET /api/v1/ 262.06ms
INF 2026-08-04T20:22:13.146Z > 200 GET /api/v1/ 273.87ms
INF 2026-08-04T20:22:13.146Z > 200 GET /api/v1/ 28.61ms
INF 2026-08-04T20:22:13.146Z > 200 GET /api/v1/ 45.24ms
INF 2026-08-04T20:22:13.148Z > 200 GET /api/v1/ 264.35ms
INF 2026-08-04T20:22:13.149Z > 200 GET /api/v1/ 255.62ms
INF 2026-08-04T20:22:13.149Z > 200 GET /api/v1/ 354.54ms
INF 2026-08-04T20:22:13.150Z > 200 GET /api/v1/ 27.64ms
INF 2026-08-04T20:22:13.152Z > 200 GET /api/v1/ 26.13ms
INF 2026-08-04T20:22:13.155Z > 200 GET /api/v1/ 240.81ms
INF 2026-08-04T20:22:13.157Z > 200 GET /api/v1/ 245.02ms
INF 2026-08-04T20:22:13.161Z > 200 GET /api/v1/ 304.91ms
INF 2026-08-04T20:22:13.163Z > 200 GET /api/v1/ 293.14ms
INF 2026-08-04T20:22:13.164Z > 200 GET /api/v1/ 244.5ms
INF 2026-08-04T20:22:13.165Z > 200 GET /api/v1/ 31.81ms
INF 2026-08-04T20:22:13.167Z > 200 GET /api/v1/ 271.07ms
INF 2026-08-04T20:22:13.167Z > 200 GET /api/v1/ 267.56ms
INF 2026-08-04T20:22:13.168Z > 200 GET /api/v1/ 25.2ms
INF 2026-08-04T20:22:13.169Z > 200 GET /api/v1/ 30.81ms
INF 2026-08-04T20:22:13.170Z > 200 GET /api/v1/ 26.29ms
INF 2026-08-04T20:22:13.172Z > 200 GET /api/v1/ 26.3ms
INF 2026-08-04T20:22:13.174Z > 200 GET /api/v1/ 27.4ms
INF 2026-08-04T20:22:13.174Z > 200 GET /api/v1/ 379.92ms
INF 2026-08-04T20:22:13.176Z > 200 GET /api/v1/ 27.05ms
INF 2026-08-04T20:22:13.177Z > 200 GET /api/v1/ 362.59ms
INF 2026-08-04T20:22:13.186Z > 200 GET /api/v1/ 33.64ms
INF 2026-08-04T20:22:13.186Z > 200 GET /api/v1/ 327.19ms
INF 2026-08-04T20:22:13.186Z > 200 GET /api/v1/ 38.45ms
INF 2026-08-04T20:22:13.187Z > 200 GET /api/v1/ 31.58ms
INF 2026-08-04T20:22:13.187Z > 200 GET /api/v1/ 361.08ms
INF 2026-08-04T20:22:13.188Z > 200 GET /api/v1/ 364.63ms
INF 2026-08-04T20:22:13.194Z > 200 GET /api/v1/ 310.6ms
INF 2026-08-04T20:22:13.195Z > 200 GET /api/v1/ 368.38ms
INF 2026-08-04T20:22:13.197Z > 200 GET /api/v1/ 377.09ms
INF 2026-08-04T20:22:13.204Z > 200 GET /api/v1/ 362.08ms
INF 2026-08-04T20:22:13.204Z > 200 GET /api/v1/ 337.88ms
INF 2026-08-04T20:22:13.207Z > 200 GET /api/v1/ 322.65ms
INF 2026-08-04T20:22:13.208Z > 200 GET /api/v1/ 277.88ms
INF 2026-08-04T20:22:13.208Z > 200 GET /api/v1/ 315.18ms
INF 2026-08-04T20:22:13.211Z > 200 GET /api/v1/ 273.41ms
INF 2026-08-04T20:22:13.212Z > 200 GET /api/v1/ 17.89ms
INF 2026-08-04T20:22:13.214Z > 200 GET /api/v1/ 18.61ms
INF 2026-08-04T20:22:13.214Z > 200 GET /api/v1/ 291.81ms
INF 2026-08-04T20:22:13.214Z > 200 GET /api/v1/ 257.42ms
INF 2026-08-04T20:22:13.215Z > 200 GET /api/v1/ 264.0ms
INF 2026-08-04T20:22:13.216Z > 200 GET /api/v1/ 254.08ms
INF 2026-08-04T20:22:13.216Z > 200 GET /api/v1/ 292.83ms
INF 2026-08-04T20:22:13.217Z > 200 GET /api/v1/ 49.04ms
INF 2026-08-04T20:22:13.217Z > 200 GET /api/v1/ 13.29ms
INF 2026-08-04T20:22:13.218Z > 200 GET /api/v1/ 277.43ms
INF 2026-08-04T20:22:13.218Z > 200 GET /api/v1/ 288.08ms
INF 2026-08-04T20:22:13.218Z > 200 GET /api/v1/ 57.05ms
INF 2026-08-04T20:22:13.219Z > 200 GET /api/v1/ 278.53ms
INF 2026-08-04T20:22:13.219Z > 200 GET /api/v1/ 52.17ms
INF 2026-08-04T20:22:13.219Z > 200 GET /api/v1/ 12.45ms
INF 2026-08-04T20:22:13.220Z > 200 GET /api/v1/ 49.72ms
INF 2026-08-04T20:22:13.220Z > 200 GET /api/v1/ 8.58ms
INF 2026-08-04T20:22:13.221Z > 200 GET /api/v1/ 13.67ms
INF 2026-08-04T20:22:13.222Z > 200 GET /api/v1/ 350.07ms
INF 2026-08-04T20:22:13.223Z > 200 GET /api/v1/ 6.4ms
INF 2026-08-04T20:22:13.226Z > 200 GET /api/v1/ 6.33ms
INF 2026-08-04T20:22:13.226Z > 200 GET /api/v1/ 49.9ms
INF 2026-08-04T20:22:13.226Z > 200 GET /api/v1/ 52.1ms
INF 2026-08-04T20:22:13.229Z > 200 GET /api/v1/ 262.53ms
INF 2026-08-04T20:22:13.230Z > 200 GET /api/v1/ 262.66ms
INF 2026-08-04T20:22:13.234Z > 200 GET /api/v1/ 248.33ms
INF 2026-08-04T20:22:13.236Z > 200 GET /api/v1/ 260.4ms
INF 2026-08-04T20:22:13.236Z > 200 GET /api/v1/ 247.33ms
INF 2026-08-04T20:22:13.237Z > 200 GET /api/v1/ 241.49ms
INF 2026-08-04T20:22:13.248Z > 200 GET /api/v1/ 264.24ms
INF 2026-08-04T20:22:13.250Z > 200 GET /api/v1/ 250.48ms
INF 2026-08-04T20:22:13.250Z > 200 GET /api/v1/ 243.35ms
INF 2026-08-04T20:22:13.255Z > 200 GET /api/v1/ 256.21ms
INF 2026-08-04T20:22:13.258Z > 200 GET /api/v1/ 246.39ms
INF 2026-08-04T20:22:13.260Z > 200 GET /api/v1/ 23.02ms
INF 2026-08-04T20:22:13.260Z > 200 GET /api/v1/ 253.24ms
INF 2026-08-04T20:22:13.260Z > 200 GET /api/v1/ 241.1ms
INF 2026-08-04T20:22:13.264Z > 200 GET /api/v1/ 258.07ms
INF 2026-08-04T20:22:13.264Z > 200 GET /api/v1/ 213.87ms
INF 2026-08-04T20:22:13.265Z > 200 GET /api/v1/ 248.25ms
INF 2026-08-04T20:22:13.266Z > 200 GET /api/v1/ 246.14ms
INF 2026-08-04T20:22:13.267Z > 200 GET /api/v1/ 247.59ms
INF 2026-08-04T20:22:13.268Z > 200 GET /api/v1/ 260.35ms
INF 2026-08-04T20:22:13.284Z > 200 GET /api/v1/ 262.17ms
INF 2026-08-04T20:22:13.287Z > 200 GET /api/v1/ 26.0ms
INF 2026-08-04T20:22:13.288Z > 200 GET /api/v1/ 226.87ms
INF 2026-08-04T20:22:13.289Z > 200 GET /api/v1/ 250.97ms
INF 2026-08-04T20:22:13.290Z > 200 GET /api/v1/ 26.47ms
INF 2026-08-04T20:22:13.292Z > 200 GET /api/v1/ 231.79ms
INF 2026-08-04T20:22:13.292Z > 200 GET /api/v1/ 25.93ms
INF 2026-08-04T20:22:13.294Z > 200 GET /api/v1/ 249.1ms
INF 2026-08-04T20:22:13.295Z > 200 GET /api/v1/ 30.33ms
INF 2026-08-04T20:22:13.298Z > 200 GET /api/v1/ 256.79ms
INF 2026-08-04T20:22:13.300Z > 200 GET /api/v1/ 32.46ms
INF 2026-08-04T20:22:13.303Z > 200 GET /api/v1/ 271.32ms
INF 2026-08-04T20:22:13.304Z > 200 GET /api/v1/ 241.65ms
INF 2026-08-04T20:22:13.305Z > 200 GET /api/v1/ 232.25ms
INF 2026-08-04T20:22:13.306Z > 200 GET /api/v1/ 241.47ms
INF 2026-08-04T20:22:13.306Z > 200 GET /api/v1/ 253.08ms
INF 2026-08-04T20:22:13.308Z > 200 GET /api/v1/ 285.68ms
INF 2026-08-04T20:22:13.314Z > 200 GET /api/v1/ 29.15ms
INF 2026-08-04T20:22:13.314Z > 200 GET /api/v1/ 269.99ms
INF 2026-08-04T20:22:13.319Z > 200 GET /api/v1/ 247.0ms
INF 2026-08-04T20:22:13.321Z > 200 GET /api/v1/ 268.95ms
INF 2026-08-04T20:22:13.322Z > 200 GET /api/v1/ 247.64ms
INF 2026-08-04T20:22:13.322Z > 200 GET /api/v1/ 233.83ms
INF 2026-08-04T20:22:13.325Z > 200 GET /api/v1/ 224.54ms
INF 2026-08-04T20:22:13.326Z > 200 GET /api/v1/ 231.36ms
INF 2026-08-04T20:22:13.336Z > 200 GET /api/v1/ 16.98ms
INF 2026-08-04T20:22:13.337Z > 200 GET /api/v1/ 110.46ms
INF 2026-08-04T20:22:13.337Z > 200 GET /api/v1/ 251.61ms
INF 2026-08-04T20:22:13.337Z > 200 GET /api/v1/ 288.97ms
INF 2026-08-04T20:22:13.338Z > 200 GET /api/v1/ 285.7ms
INF 2026-08-04T20:22:13.338Z > 200 GET /api/v1/ 49.69ms
INF 2026-08-04T20:22:13.338Z > 200 GET /api/v1/ 276.3ms
INF 2026-08-04T20:22:13.341Z > 200 GET /api/v1/ 18.7ms
INF 2026-08-04T20:22:13.348Z > 200 GET /api/v1/ 230.54ms
INF 2026-08-04T20:22:13.348Z > 200 GET /api/v1/ 21.54ms
INF 2026-08-04T20:22:13.358Z > 200 GET /api/v1/ 17.49ms
INF 2026-08-04T20:22:13.359Z > 200 GET /api/v1/ 241.34ms
INF 2026-08-04T20:22:13.360Z > 200 GET /api/v1/ 314.61ms
INF 2026-08-04T20:22:13.360Z > 200 GET /api/v1/ 65.25ms
INF 2026-08-04T20:22:13.361Z > 200 GET /api/v1/ 243.52ms
INF 2026-08-04T20:22:13.362Z > 200 GET /api/v1/ 242.65ms
INF 2026-08-04T20:22:13.362Z > 200 GET /api/v1/ 13.77ms
INF 2026-08-04T20:22:13.362Z > 200 GET /api/v1/ 41.09ms
INF 2026-08-04T20:22:13.362Z > 200 GET /api/v1/ 72.11ms
INF 2026-08-04T20:22:13.364Z > 200 GET /api/v1/ 240.95ms
INF 2026-08-04T20:22:13.364Z > 200 GET /api/v1/ 246.64ms
INF 2026-08-04T20:22:13.365Z > 200 GET /api/v1/ 66.52ms
INF 2026-08-04T20:22:13.366Z > 200 GET /api/v1/ 236.21ms
INF 2026-08-04T20:22:13.367Z > 200 GET /api/v1/ 239.72ms
INF 2026-08-04T20:22:13.368Z > 200 GET /api/v1/ 67.9ms
INF 2026-08-04T20:22:13.369Z > 200 GET /api/v1/ 268.28ms
INF 2026-08-04T20:22:13.370Z > 200 GET /api/v1/ 55.75ms
INF 2026-08-04T20:22:13.371Z > 200 GET /api/v1/ 64.16ms
INF 2026-08-04T20:22:13.371Z > 200 GET /api/v1/ 240.52ms
INF 2026-08-04T20:22:13.372Z > 200 GET /api/v1/ 238.56ms
INF 2026-08-04T20:22:13.372Z > 200 GET /api/v1/ 241.94ms
INF 2026-08-04T20:22:13.373Z > 200 GET /api/v1/ 12.79ms
INF 2026-08-04T20:22:13.374Z > 200 GET /api/v1/ 60.31ms
INF 2026-08-04T20:22:13.375Z > 200 GET /api/v1/ 232.15ms
INF 2026-08-04T20:22:13.375Z > 200 GET /api/v1/ 228.85ms
INF 2026-08-04T20:22:13.375Z > 200 GET /api/v1/ 67.13ms
INF 2026-08-04T20:22:13.376Z > 200 GET /api/v1/ 11.0ms
INF 2026-08-04T20:22:13.377Z > 200 GET /api/v1/ 230.82ms
INF 2026-08-04T20:22:13.378Z > 200 GET /api/v1/ 6.31ms
INF 2026-08-04T20:22:13.381Z > 200 GET /api/v1/ 223.88ms
INF 2026-08-04T20:22:13.382Z > 200 GET /api/v1/ 232.44ms
INF 2026-08-04T20:22:13.382Z > 200 GET /api/v1/ 79.27ms
INF 2026-08-04T20:22:13.385Z > 200 GET /api/v1/ 22.41ms
INF 2026-08-04T20:22:13.385Z > 200 GET /api/v1/ 235.11ms
INF 2026-08-04T20:22:13.385Z > 200 GET /api/v1/ 13.76ms
INF 2026-08-04T20:22:13.386Z > 200 GET /api/v1/ 222.03ms
INF 2026-08-04T20:22:13.397Z > 200 GET /api/v1/ 231.9ms
INF 2026-08-04T20:22:13.397Z > 200 GET /api/v1/ 233.33ms
INF 2026-08-04T20:22:13.397Z > 200 GET /api/v1/ 279.48ms
INF 2026-08-04T20:22:13.405Z > 200 GET /api/v1/ 235.47ms
INF 2026-08-04T20:22:13.405Z > 200 GET /api/v1/ 232.72ms
INF 2026-08-04T20:22:13.405Z > 200 GET /api/v1/ 238.09ms
INF 2026-08-04T20:22:13.410Z > 200 GET /api/v1/ 222.47ms
INF 2026-08-04T20:22:13.411Z > 200 GET /api/v1/ 236.21ms
INF 2026-08-04T20:22:13.412Z > 200 GET /api/v1/ 224.44ms
INF 2026-08-04T20:22:13.415Z > 200 GET /api/v1/ 237.73ms
INF 2026-08-04T20:22:13.415Z > 200 GET /api/v1/ 29.1ms
INF 2026-08-04T20:22:13.416Z > 200 GET /api/v1/ 227.9ms
INF 2026-08-04T20:22:13.416Z > 200 GET /api/v1/ 228.44ms
INF 2026-08-04T20:22:13.419Z > 200 GET /api/v1/ 21.98ms
INF 2026-08-04T20:22:13.427Z > 200 GET /api/v1/ 206.38ms
INF 2026-08-04T20:22:13.429Z > 200 GET /api/v1/ 18.44ms
INF 2026-08-04T20:22:13.430Z > 200 GET /api/v1/ 14.45ms
INF 2026-08-04T20:22:13.431Z > 200 GET /api/v1/ 212.63ms
INF 2026-08-04T20:22:13.432Z > 200 GET /api/v1/ 19.8ms
INF 2026-08-04T20:22:13.443Z > 200 GET /api/v1/ 222.81ms
INF 2026-08-04T20:22:13.443Z > 200 GET /api/v1/ 245.68ms
INF 2026-08-04T20:22:13.446Z > 200 GET /api/v1/ 226.68ms
INF 2026-08-04T20:22:13.456Z > 200 GET /api/v1/ 13.44ms
INF 2026-08-04T20:22:13.457Z > 200 GET /api/v1/ 223.12ms
INF 2026-08-04T20:22:13.463Z > 200 GET /api/v1/ 17.17ms
INF 2026-08-04T20:22:13.465Z > 200 GET /api/v1/ 246.64ms
INF 2026-08-04T20:22:13.468Z > 200 GET /api/v1/ 253.0ms
INF 2026-08-04T20:22:13.470Z > 200 GET /api/v1/ 251.34ms
INF 2026-08-04T20:22:13.474Z > 200 GET /api/v1/ 255.83ms
INF 2026-08-04T20:22:13.475Z > 200 GET /api/v1/ 254.06ms
INF 2026-08-04T20:22:13.475Z > 200 GET /api/v1/ 287.05ms
INF 2026-08-04T20:22:13.477Z > 200 GET /api/v1/ 20.2ms
INF 2026-08-04T20:22:13.478Z > 200 GET /api/v1/ 255.38ms
INF 2026-08-04T20:22:13.479Z > 200 GET /api/v1/ 20.99ms
INF 2026-08-04T20:22:13.480Z > 200 GET /api/v1/ 243.11ms
INF 2026-08-04T20:22:13.480Z > 200 GET /api/v1/ 271.48ms
INF 2026-08-04T20:22:13.480Z > 200 GET /api/v1/ 243.73ms
INF 2026-08-04T20:22:13.481Z > 200 GET /api/v1/ 262.87ms
INF 2026-08-04T20:22:13.483Z > 200 GET /api/v1/ 19.52ms
INF 2026-08-04T20:22:13.483Z > 200 GET /api/v1/ 294.56ms
INF 2026-08-04T20:22:13.494Z > 200 GET /api/v1/ 289.7ms
INF 2026-08-04T20:22:13.495Z > 200 GET /api/v1/ 78.89ms
INF 2026-08-04T20:22:13.495Z > 200 GET /api/v1/ 75.99ms
INF 2026-08-04T20:22:13.496Z > 200 GET /api/v1/ 280.48ms
INF 2026-08-04T20:22:13.496Z > 200 GET /api/v1/ 277.73ms
INF 2026-08-04T20:22:13.497Z > 200 GET /api/v1/ 266.16ms
INF 2026-08-04T20:22:13.497Z > 200 GET /api/v1/ 270.28ms
INF 2026-08-04T20:22:13.497Z > 200 GET /api/v1/ 277.09ms
INF 2026-08-04T20:22:13.502Z > 200 GET /api/v1/ 272.95ms
INF 2026-08-04T20:22:13.503Z > 200 GET /api/v1/ 280.1ms
INF 2026-08-04T20:22:13.503Z > 200 GET /api/v1/ 33.07ms
INF 2026-08-04T20:22:13.504Z > 200 GET /api/v1/ 26.5ms
INF 2026-08-04T20:22:13.505Z > 200 GET /api/v1/ 30.08ms
INF 2026-08-04T20:22:13.511Z > 200 GET /api/v1/ 296.59ms
INF 2026-08-04T20:22:13.512Z > 200 GET /api/v1/ 31.12ms
INF 2026-08-04T20:22:13.512Z > 200 GET /api/v1/ 29.31ms
INF 2026-08-04T20:22:13.512Z > 200 GET /api/v1/ 289.07ms
INF 2026-08-04T20:22:13.513Z > 200 GET /api/v1/ 80.78ms
INF 2026-08-04T20:22:13.514Z > 200 GET /api/v1/ 264.57ms
INF 2026-08-04T20:22:13.515Z > 200 GET /api/v1/ 288.24ms
INF 2026-08-04T20:22:13.516Z > 200 GET /api/v1/ 18.87ms
INF 2026-08-04T20:22:13.521Z > 200 GET /api/v1/ 262.13ms
INF 2026-08-04T20:22:13.522Z > 200 GET /api/v1/ 19.39ms
INF 2026-08-04T20:22:13.527Z > 200 GET /api/v1/ 276.42ms
INF 2026-08-04T20:22:13.528Z > 200 GET /api/v1/ 15.76ms
INF 2026-08-04T20:22:13.528Z > 200 GET /api/v1/ 14.87ms
INF 2026-08-04T20:22:13.529Z > 200 GET /api/v1/ 13.97ms
INF 2026-08-04T20:22:13.529Z > 200 GET /api/v1/ 273.34ms
INF 2026-08-04T20:22:13.535Z > 200 GET /api/v1/ 18.43ms
INF 2026-08-04T20:22:13.536Z > 200 GET /api/v1/ 275.83ms
INF 2026-08-04T20:22:13.537Z > 200 GET /api/v1/ 273.17ms
INF 2026-08-04T20:22:13.538Z > 200 GET /api/v1/ 16.12ms
INF 2026-08-04T20:22:13.539Z > 200 GET /api/v1/ 278.5ms
INF 2026-08-04T20:22:13.542Z > 200 GET /api/v1/ 15.04ms
INF 2026-08-04T20:22:13.543Z > 200 GET /api/v1/ 14.49ms
INF 2026-08-04T20:22:13.543Z > 200 GET /api/v1/ 14.57ms
INF 2026-08-04T20:22:13.544Z > 200 GET /api/v1/ 15.42ms
INF 2026-08-04T20:22:13.549Z > 200 GET /api/v1/ 12.69ms
INF 2026-08-04T20:22:13.552Z > 200 GET /api/v1/ 284.33ms
INF 2026-08-04T20:22:13.553Z > 200 GET /api/v1/ 263.8ms
INF 2026-08-04T20:22:13.553Z > 200 GET /api/v1/ 15.05ms
INF 2026-08-04T20:22:13.553Z > 200 GET /api/v1/ 14.42ms
INF 2026-08-04T20:22:13.554Z > 200 GET /api/v1/ 10.45ms
INF 2026-08-04T20:22:13.556Z > 200 GET /api/v1/ 11.27ms
INF 2026-08-04T20:22:13.558Z > 200 GET /api/v1/ 142.54ms
INF 2026-08-04T20:22:13.567Z > 200 GET /api/v1/ 14.06ms
INF 2026-08-04T20:22:13.568Z > 200 GET /api/v1/ 18.7ms
INF 2026-08-04T20:22:13.569Z > 200 GET /api/v1/ 318.82ms
INF 2026-08-04T20:22:13.569Z > 200 GET /api/v1/ 194.25ms
INF 2026-08-04T20:22:13.575Z > 200 GET /api/v1/ 288.42ms
INF 2026-08-04T20:22:13.576Z > 200 GET /api/v1/ 190.19ms
INF 2026-08-04T20:22:13.576Z > 200 GET /api/v1/ 364.1ms
INF 2026-08-04T20:22:13.576Z > 200 GET /api/v1/ 281.65ms
INF 2026-08-04T20:22:13.576Z > 200 GET /api/v1/ 284.72ms
INF 2026-08-04T20:22:13.577Z > 200 GET /api/v1/ 145.29ms
INF 2026-08-04T20:22:13.578Z > 200 GET /api/v1/ 273.04ms
INF 2026-08-04T20:22:13.578Z > 200 GET /api/v1/ 285.82ms
INF 2026-08-04T20:22:13.579Z > 200 GET /api/v1/ 274.22ms
INF 2026-08-04T20:22:13.579Z > 200 GET /api/v1/ 25.15ms
INF 2026-08-04T20:22:13.581Z > 200 GET /api/v1/ 274.0ms
INF 2026-08-04T20:22:13.582Z > 200 GET /api/v1/ 259.77ms
INF 2026-08-04T20:22:13.583Z > 200 GET /api/v1/ 7.63ms
INF 2026-08-04T20:22:13.584Z > 200 GET /api/v1/ 7.91ms
INF 2026-08-04T20:22:13.585Z > 200 GET /api/v1/ 8.82ms
INF 2026-08-04T20:22:13.589Z > 200 GET /api/v1/ 218.9ms
INF 2026-08-04T20:22:13.590Z > 200 GET /api/v1/ 264.09ms
INF 2026-08-04T20:22:13.591Z > 200 GET /api/v1/ 222.16ms
INF 2026-08-04T20:22:13.591Z > 200 GET /api/v1/ 227.9ms
INF 2026-08-04T20:22:13.592Z > 200 GET /api/v1/ 253.38ms
INF 2026-08-04T20:22:13.598Z > 200 GET /api/v1/ 232.95ms
INF 2026-08-04T20:22:13.599Z > 200 GET /api/v1/ 6.07ms
INF 2026-08-04T20:22:13.599Z > 200 GET /api/v1/ 230.66ms
INF 2026-08-04T20:22:13.599Z > 200 GET /api/v1/ 236.7ms
INF 2026-08-04T20:22:13.599Z > 200 GET /api/v1/ 233.4ms
INF 2026-08-04T20:22:13.600Z > 200 GET /api/v1/ 8.61ms
INF 2026-08-04T20:22:13.600Z > 200 GET /api/v1/ 240.98ms
INF 2026-08-04T20:22:13.606Z > 200 GET /api/v1/ 199.97ms
INF 2026-08-04T20:22:13.610Z > 200 GET /api/v1/ 237.87ms
INF 2026-08-04T20:22:13.614Z > 200 GET /api/v1/ 231.77ms
INF 2026-08-04T20:22:13.618Z > 200 GET /api/v1/ 235.66ms
INF 2026-08-04T20:22:13.619Z > 200 GET /api/v1/ 19.28ms
INF 2026-08-04T20:22:13.620Z > 200 GET /api/v1/ 19.27ms
INF 2026-08-04T20:22:13.622Z > 200 GET /api/v1/ 250.81ms
INF 2026-08-04T20:22:13.622Z > 200 GET /api/v1/ 179.31ms
INF 2026-08-04T20:22:13.623Z > 200 GET /api/v1/ 154.3ms
INF 2026-08-04T20:22:13.623Z > 200 GET /api/v1/ 196.01ms
INF 2026-08-04T20:22:13.624Z > 200 GET /api/v1/ 260.54ms
INF 2026-08-04T20:22:13.632Z > 200 GET /api/v1/ 25.93ms
INF 2026-08-04T20:22:13.633Z > 200 GET /api/v1/ 217.44ms
INF 2026-08-04T20:22:13.633Z > 200 GET /api/v1/ 294.62ms
INF 2026-08-04T20:22:13.636Z > 200 GET /api/v1/ 25.1ms
INF 2026-08-04T20:22:13.636Z > 200 GET /api/v1/ 259.95ms
INF 2026-08-04T20:22:13.636Z > 200 GET /api/v1/ 171.22ms
INF 2026-08-04T20:22:13.650Z > 200 GET /api/v1/ 175.86ms
INF 2026-08-04T20:22:13.659Z > 200 GET /api/v1/ 277.86ms
INF 2026-08-04T20:22:13.659Z > 200 GET /api/v1/ 319.95ms
INF 2026-08-04T20:22:13.659Z > 200 GET /api/v1/ 273.78ms
INF 2026-08-04T20:22:13.661Z > 200 GET /api/v1/ 37.98ms
INF 2026-08-04T20:22:13.661Z > 200 GET /api/v1/ 37.65ms
INF 2026-08-04T20:22:13.661Z > 200 GET /api/v1/ 37.18ms
INF 2026-08-04T20:22:13.661Z > 200 GET /api/v1/ 296.26ms
INF 2026-08-04T20:22:13.663Z > 200 GET /api/v1/ 323.65ms
INF 2026-08-04T20:22:13.663Z > 200 GET /api/v1/ 288.82ms
INF 2026-08-04T20:22:13.664Z > 200 GET /api/v1/ 303.46ms
INF 2026-08-04T20:22:13.664Z > 200 GET /api/v1/ 50.06ms
INF 2026-08-04T20:22:13.665Z > 200 GET /api/v1/ 42.61ms
INF 2026-08-04T20:22:13.666Z > 200 GET /api/v1/ 268.36ms
INF 2026-08-04T20:22:13.666Z > 200 GET /api/v1/ 255.56ms
INF 2026-08-04T20:22:13.667Z > 200 GET /api/v1/ 31.27ms
INF 2026-08-04T20:22:13.669Z > 200 GET /api/v1/ 297.83ms
INF 2026-08-04T20:22:13.669Z > 200 GET /api/v1/ 263.01ms
INF 2026-08-04T20:22:13.672Z > 200 GET /api/v1/ 296.5ms
INF 2026-08-04T20:22:13.679Z > 200 GET /api/v1/ 301.76ms
INF 2026-08-04T20:22:13.680Z > 200 GET /api/v1/ 316.86ms
INF 2026-08-04T20:22:13.681Z > 200 GET /api/v1/ 250.83ms
INF 2026-08-04T20:22:13.681Z > 200 GET /api/v1/ 200.29ms
INF 2026-08-04T20:22:13.681Z > 200 GET /api/v1/ 202.72ms
INF 2026-08-04T20:22:13.684Z > 200 GET /api/v1/ 335.46ms
INF 2026-08-04T20:22:13.686Z > 200 GET /api/v1/ 280.43ms
INF 2026-08-04T20:22:13.691Z > 200 GET /api/v1/ 31.64ms
INF 2026-08-04T20:22:13.691Z > 200 GET /api/v1/ 31.81ms
INF 2026-08-04T20:22:13.691Z > 200 GET /api/v1/ 332.94ms
INF 2026-08-04T20:22:13.692Z > 200 GET /api/v1/ 30.68ms
INF 2026-08-04T20:22:13.692Z > 200 GET /api/v1/ 353.58ms
INF 2026-08-04T20:22:13.694Z > 200 GET /api/v1/ 30.46ms
INF 2026-08-04T20:22:13.694Z > 200 GET /api/v1/ 29.97ms
INF 2026-08-04T20:22:13.694Z > 200 GET /api/v1/ 29.63ms
INF 2026-08-04T20:22:13.695Z > 200 GET /api/v1/ 265.61ms
INF 2026-08-04T20:22:13.704Z > 200 GET /api/v1/ 223.37ms
INF 2026-08-04T20:22:13.704Z > 200 GET /api/v1/ 37.74ms
INF 2026-08-04T20:22:13.704Z > 200 GET /api/v1/ 37.02ms
INF 2026-08-04T20:22:13.705Z > 200 GET /api/v1/ 328.6ms
INF 2026-08-04T20:22:13.705Z > 200 GET /api/v1/ 35.69ms
INF 2026-08-04T20:22:13.705Z > 200 GET /api/v1/ 326.19ms
INF 2026-08-04T20:22:13.706Z > 200 GET /api/v1/ 33.06ms
INF 2026-08-04T20:22:13.707Z > 200 GET /api/v1/ 223.72ms
INF 2026-08-04T20:22:13.708Z > 200 GET /api/v1/ 46.53ms
INF 2026-08-04T20:22:13.708Z > 200 GET /api/v1/ 232.66ms
INF 2026-08-04T20:22:13.712Z > 200 GET /api/v1/ 216.67ms
INF 2026-08-04T20:22:13.713Z > 200 GET /api/v1/ 230.96ms
INF 2026-08-04T20:22:13.713Z > 200 GET /api/v1/ 317.04ms
INF 2026-08-04T20:22:13.713Z > 200 GET /api/v1/ 33.5ms
INF 2026-08-04T20:22:13.716Z > 200 GET /api/v1/ 34.23ms
INF 2026-08-04T20:22:13.720Z > 200 GET /api/v1/ 25.3ms
INF 2026-08-04T20:22:13.720Z > 200 GET /api/v1/ 25.09ms
INF 2026-08-04T20:22:13.720Z > 200 GET /api/v1/ 28.56ms
INF 2026-08-04T20:22:13.721Z > 200 GET /api/v1/ 28.06ms
INF 2026-08-04T20:22:13.721Z > 200 GET /api/v1/ 345.19ms
INF 2026-08-04T20:22:13.722Z > 200 GET /api/v1/ 382.97ms
INF 2026-08-04T20:22:13.722Z > 200 GET /api/v1/ 382.79ms
INF 2026-08-04T20:22:13.722Z > 200 GET /api/v1/ 15.49ms
INF 2026-08-04T20:22:13.722Z > 200 GET /api/v1/ 244.22ms
INF 2026-08-04T20:22:13.724Z > 200 GET /api/v1/ 226.86ms
INF 2026-08-04T20:22:13.725Z > 200 GET /api/v1/ 327.3ms
INF 2026-08-04T20:22:13.726Z > 200 GET /api/v1/ 17.98ms
INF 2026-08-04T20:22:13.727Z > 200 GET /api/v1/ 14.15ms
INF 2026-08-04T20:22:13.728Z > 200 GET /api/v1/ 15.6ms
INF 2026-08-04T20:22:13.729Z > 200 GET /api/v1/ 231.48ms
INF 2026-08-04T20:22:13.729Z > 200 GET /api/v1/ 231.73ms
INF 2026-08-04T20:22:13.730Z > 200 GET /api/v1/ 9.79ms
INF 2026-08-04T20:22:13.731Z > 200 GET /api/v1/ 9.98ms
INF 2026-08-04T20:22:13.731Z > 200 GET /api/v1/ 8.97ms
INF 2026-08-04T20:22:13.731Z > 200 GET /api/v1/ 8.59ms
INF 2026-08-04T20:22:13.731Z > 200 GET /api/v1/ 9.16ms
INF 2026-08-04T20:22:13.733Z > 200 GET /api/v1/ 7.15ms
INF 2026-08-04T20:22:13.735Z > 200 GET /api/v1/ 3.3ms
INF 2026-08-04T20:22:13.735Z > 200 GET /api/v1/ 3.7ms
INF 2026-08-04T20:22:13.739Z > 200 GET /api/v1/ 4.3ms
INF 2026-08-04T20:22:13.745Z > 200 GET /api/v1/ 5.95ms
INF 2026-08-04T20:22:13.753Z > 200 GET /api/v1/ 7.58ms
INF 2026-08-04T20:22:13.754Z > 200 GET /api/v1/ 256.7ms
INF 2026-08-04T20:22:13.756Z > 200 GET /api/v1/ 252.91ms
INF 2026-08-04T20:22:13.759Z > 200 GET /api/v1/ 6.2ms
INF 2026-08-04T20:22:13.760Z > 200 GET /api/v1/ 256.16ms
INF 2026-08-04T20:22:13.762Z > 200 GET /api/v1/ 7.07ms
INF 2026-08-04T20:22:13.764Z > 200 GET /api/v1/ 7.62ms
INF 2026-08-04T20:22:13.773Z > 200 GET /api/v1/ 261.65ms
INF 2026-08-04T20:22:13.776Z > 200 GET /api/v1/ 16.14ms
INF 2026-08-04T20:22:13.781Z > 200 GET /api/v1/ 268.97ms
INF 2026-08-04T20:22:13.785Z > 200 GET /api/v1/ 21.22ms
INF 2026-08-04T20:22:13.785Z > 200 GET /api/v1/ 262.77ms
INF 2026-08-04T20:22:13.785Z > 200 GET /api/v1/ 271.78ms
INF 2026-08-04T20:22:13.792Z > 200 GET /api/v1/ 16.07ms
INF 2026-08-04T20:22:13.794Z > 200 GET /api/v1/ 259.03ms
INF 2026-08-04T20:22:13.795Z > 200 GET /api/v1/ 13.11ms
INF 2026-08-04T20:22:13.795Z > 200 GET /api/v1/ 257.1ms
INF 2026-08-04T20:22:13.797Z > 200 GET /api/v1/ 267.58ms
INF 2026-08-04T20:22:13.797Z > 200 GET /api/v1/ 11.88ms
INF 2026-08-04T20:22:13.798Z > 200 GET /api/v1/ 12.38ms
INF 2026-08-04T20:22:13.799Z > 200 GET /api/v1/ 296.38ms
INF 2026-08-04T20:22:13.801Z > 200 GET /api/v1/ 289.85ms
INF 2026-08-04T20:22:13.802Z > 200 GET /api/v1/ 6.77ms
INF 2026-08-04T20:22:13.803Z > 200 GET /api/v1/ 10.42ms
INF 2026-08-04T20:22:13.804Z > 200 GET /api/v1/ 250.46ms
INF 2026-08-04T20:22:13.804Z > 200 GET /api/v1/ 262.07ms
INF 2026-08-04T20:22:13.806Z > 200 GET /api/v1/ 251.97ms
INF 2026-08-04T20:22:13.807Z > 200 GET /api/v1/ 238.35ms
INF 2026-08-04T20:22:13.810Z > 200 GET /api/v1/ 240.05ms
INF 2026-08-04T20:22:13.810Z > 200 GET /api/v1/ 6.5ms
INF 2026-08-04T20:22:13.811Z > 200 GET /api/v1/ 242.63ms
INF 2026-08-04T20:22:13.814Z > 200 GET /api/v1/ 245.42ms
INF 2026-08-04T20:22:13.815Z > 200 GET /api/v1/ 8.41ms
INF 2026-08-04T20:22:13.818Z > 200 GET /api/v1/ 262.38ms
INF 2026-08-04T20:22:13.819Z > 200 GET /api/v1/ 275.29ms
INF 2026-08-04T20:22:13.819Z > 200 GET /api/v1/ 321.68ms
INF 2026-08-04T20:22:13.819Z > 200 GET /api/v1/ 242.68ms
INF 2026-08-04T20:22:13.820Z > 200 GET /api/v1/ 267.37ms
INF 2026-08-04T20:22:13.820Z > 200 GET /api/v1/ 322.92ms
INF 2026-08-04T20:22:13.821Z > 200 GET /api/v1/ 244.12ms
INF 2026-08-04T20:22:13.822Z > 200 GET /api/v1/ 317.27ms
INF 2026-08-04T20:22:13.822Z > 200 GET /api/v1/ 243.49ms
INF 2026-08-04T20:22:13.825Z > 200 GET /api/v1/ 247.87ms
INF 2026-08-04T20:22:13.825Z > 200 GET /api/v1/ 243.62ms
INF 2026-08-04T20:22:13.825Z > 200 GET /api/v1/ 10.71ms
INF 2026-08-04T20:22:13.826Z > 200 GET /api/v1/ 246.66ms
INF 2026-08-04T20:22:13.835Z > 200 GET /api/v1/ 243.48ms
INF 2026-08-04T20:22:13.835Z > 200 GET /api/v1/ 256.38ms
INF 2026-08-04T20:22:13.836Z > 200 GET /api/v1/ 253.62ms
INF 2026-08-04T20:22:13.837Z > 200 GET /api/v1/ 248.14ms
INF 2026-08-04T20:22:13.839Z > 200 GET /api/v1/ 260.34ms
INF 2026-08-04T20:22:13.839Z > 200 GET /api/v1/ 255.92ms
INF 2026-08-04T20:22:13.840Z > 200 GET /api/v1/ 254.27ms
INF 2026-08-04T20:22:13.840Z > 200 GET /api/v1/ 249.97ms
INF 2026-08-04T20:22:13.840Z > 200 GET /api/v1/ 254.86ms
INF 2026-08-04T20:22:13.853Z > 200 GET /api/v1/ 254.97ms
INF 2026-08-04T20:22:13.863Z > 200 GET /api/v1/ 229.59ms
INF 2026-08-04T20:22:13.863Z > 200 GET /api/v1/ 264.48ms
INF 2026-08-04T20:22:13.864Z > 200 GET /api/v1/ 230.1ms
INF 2026-08-04T20:22:13.864Z > 200 GET /api/v1/ 264.1ms
INF 2026-08-04T20:22:13.865Z > 200 GET /api/v1/ 246.68ms
INF 2026-08-04T20:22:13.866Z > 200 GET /api/v1/ 266.57ms
INF 2026-08-04T20:22:13.866Z > 200 GET /api/v1/ 247.01ms
INF 2026-08-04T20:22:13.867Z > 200 GET /api/v1/ 266.82ms
INF 2026-08-04T20:22:13.868Z > 200 GET /api/v1/ 248.31ms
INF 2026-08-04T20:22:13.868Z > 200 GET /api/v1/ 245.08ms
INF 2026-08-04T20:22:13.877Z > 200 GET /api/v1/ 210.57ms
INF 2026-08-04T20:22:13.879Z > 200 GET /api/v1/ 197.92ms
INF 2026-08-04T20:22:13.881Z > 200 GET /api/v1/ 40.94ms
INF 2026-08-04T20:22:13.881Z > 200 GET /api/v1/ 200.53ms
INF 2026-08-04T20:22:13.884Z > 200 GET /api/v1/ 225.43ms
INF 2026-08-04T20:22:13.885Z > 200 GET /api/v1/ 223.85ms
INF 2026-08-04T20:22:13.887Z > 200 GET /api/v1/ 236.62ms
INF 2026-08-04T20:22:13.887Z > 200 GET /api/v1/ 225.74ms
INF 2026-08-04T20:22:13.887Z > 200 GET /api/v1/ 253.8ms
INF 2026-08-04T20:22:13.888Z > 200 GET /api/v1/ 197.05ms
INF 2026-08-04T20:22:13.889Z > 200 GET /api/v1/ 224.52ms
INF 2026-08-04T20:22:13.893Z > 200 GET /api/v1/ 24.35ms
INF 2026-08-04T20:22:13.894Z > 200 GET /api/v1/ 28.75ms
INF 2026-08-04T20:22:13.895Z > 200 GET /api/v1/ 28.63ms
INF 2026-08-04T20:22:13.897Z > 200 GET /api/v1/ 205.13ms
INF 2026-08-04T20:22:13.900Z > 200 GET /api/v1/ 35.69ms
INF 2026-08-04T20:22:13.901Z > 200 GET /api/v1/ 210.21ms
INF 2026-08-04T20:22:13.902Z > 200 GET /api/v1/ 207.99ms
INF 2026-08-04T20:22:13.903Z > 200 GET /api/v1/ 239.65ms
INF 2026-08-04T20:22:13.903Z > 200 GET /api/v1/ 266.58ms
INF 2026-08-04T20:22:13.904Z > 200 GET /api/v1/ 37.37ms
INF 2026-08-04T20:22:13.915Z > 200 GET /api/v1/ 33.4ms
INF 2026-08-04T20:22:13.915Z > 200 GET /api/v1/ 30.75ms
INF 2026-08-04T20:22:13.916Z > 200 GET /api/v1/ 30.26ms
INF 2026-08-04T20:22:13.917Z > 200 GET /api/v1/ 29.26ms
INF 2026-08-04T20:22:13.917Z > 200 GET /api/v1/ 29.17ms
INF 2026-08-04T20:22:13.917Z > 200 GET /api/v1/ 211.47ms
INF 2026-08-04T20:22:13.920Z > 200 GET /api/v1/ 236.31ms
INF 2026-08-04T20:22:13.921Z > 200 GET /api/v1/ 27.9ms
INF 2026-08-04T20:22:13.922Z > 200 GET /api/v1/ 227.06ms
INF 2026-08-04T20:22:13.922Z > 200 GET /api/v1/ 32.89ms
INF 2026-08-04T20:22:13.924Z > 200 GET /api/v1/ 217.65ms
INF 2026-08-04T20:22:13.927Z > 200 GET /api/v1/ 27.68ms
INF 2026-08-04T20:22:13.931Z > 200 GET /api/v1/ 251.15ms
INF 2026-08-04T20:22:13.936Z > 200 GET /api/v1/ 31.95ms
INF 2026-08-04T20:22:13.937Z > 200 GET /api/v1/ 300.58ms
INF 2026-08-04T20:22:13.937Z > 200 GET /api/v1/ 34.73ms
INF 2026-08-04T20:22:13.937Z > 200 GET /api/v1/ 231.06ms
INF 2026-08-04T20:22:13.937Z > 200 GET /api/v1/ 231.29ms
INF 2026-08-04T20:22:13.938Z > 200 GET /api/v1/ 268.14ms
INF 2026-08-04T20:22:13.938Z > 200 GET /api/v1/ 231.66ms
INF 2026-08-04T20:22:13.938Z > 200 GET /api/v1/ 21.23ms
INF 2026-08-04T20:22:13.939Z > 200 GET /api/v1/ 252.24ms
INF 2026-08-04T20:22:13.942Z > 200 GET /api/v1/ 371.89ms
INF 2026-08-04T20:22:13.946Z > 200 GET /api/v1/ 3.76ms
INF 2026-08-04T20:22:13.948Z > 200 GET /api/v1/ 227.44ms
INF 2026-08-04T20:22:13.950Z > 200 GET /api/v1/ 242.11ms
INF 2026-08-04T20:22:13.950Z > 200 GET /api/v1/ 4.6ms
INF 2026-08-04T20:22:13.951Z > 200 GET /api/v1/ 244.55ms
INF 2026-08-04T20:22:13.953Z > 200 GET /api/v1/ 230.8ms
INF 2026-08-04T20:22:13.953Z > 200 GET /api/v1/ 232.63ms
INF 2026-08-04T20:22:13.954Z > 200 GET /api/v1/ 3.4ms
INF 2026-08-04T20:22:13.956Z > 200 GET /api/v1/ 3.07ms
INF 2026-08-04T20:22:13.956Z > 200 GET /api/v1/ 36.03ms
INF 2026-08-04T20:22:13.957Z > 200 GET /api/v1/ 35.78ms
INF 2026-08-04T20:22:13.957Z > 200 GET /api/v1/ 35.02ms
INF 2026-08-04T20:22:13.958Z > 200 GET /api/v1/ 251.9ms
INF 2026-08-04T20:22:13.959Z > 200 GET /api/v1/ 4.56ms
INF 2026-08-04T20:22:13.959Z > 200 GET /api/v1/ 246.12ms
INF 2026-08-04T20:22:13.961Z > 200 GET /api/v1/ 30.28ms
INF 2026-08-04T20:22:13.961Z > 200 GET /api/v1/ 248.29ms
INF 2026-08-04T20:22:13.962Z > 200 GET /api/v1/ 24.64ms
INF 2026-08-04T20:22:13.963Z > 200 GET /api/v1/ 6.46ms
INF 2026-08-04T20:22:13.963Z > 200 GET /api/v1/ 5.26ms
INF 2026-08-04T20:22:13.964Z > 200 GET /api/v1/ 4.54ms
INF 2026-08-04T20:22:13.964Z > 200 GET /api/v1/ 248.31ms
INF 2026-08-04T20:22:13.968Z > 200 GET /api/v1/ 3.85ms
INF 2026-08-04T20:22:13.975Z > 200 GET /api/v1/ 6.26ms
INF 2026-08-04T20:22:13.988Z > 200 GET /api/v1/ 266.01ms
INF 2026-08-04T20:22:13.991Z > 200 GET /api/v1/ 27.6ms
INF 2026-08-04T20:22:13.992Z > 200 GET /api/v1/ 267.77ms
INF 2026-08-04T20:22:13.992Z > 200 GET /api/v1/ 263.66ms
INF 2026-08-04T20:22:13.993Z > 200 GET /api/v1/ 265.26ms
INF 2026-08-04T20:22:13.993Z > 200 GET /api/v1/ 268.08ms
INF 2026-08-04T20:22:13.996Z > 200 GET /api/v1/ 3.09ms
INF 2026-08-04T20:22:13.996Z > 200 GET /api/v1/ 2.84ms
INF 2026-08-04T20:22:13.997Z > 200 GET /api/v1/ 263.48ms
INF 2026-08-04T20:22:13.999Z > 200 GET /api/v1/ 267.63ms
INF 2026-08-04T20:22:13.999Z > 200 GET /api/v1/ 269.82ms
INF 2026-08-04T20:22:14.000Z > 200 GET /api/v1/ 269.48ms
INF 2026-08-04T20:22:14.000Z > 200 GET /api/v1/ 204.82ms
INF 2026-08-04T20:22:14.000Z > 200 GET /api/v1/ 268.96ms
INF 2026-08-04T20:22:14.001Z > 200 GET /api/v1/ 271.38ms
INF 2026-08-04T20:22:14.001Z > 200 GET /api/v1/ 206.96ms
INF 2026-08-04T20:22:14.001Z > 200 GET /api/v1/ 266.27ms
INF 2026-08-04T20:22:14.002Z > 200 GET /api/v1/ 228.07ms
INF 2026-08-04T20:22:14.002Z > 200 GET /api/v1/ 242.42ms
INF 2026-08-04T20:22:14.002Z > 200 GET /api/v1/ 240.34ms
INF 2026-08-04T20:22:14.004Z > 200 GET /api/v1/ 218.09ms
INF 2026-08-04T20:22:14.005Z > 200 GET /api/v1/ 206.94ms
INF 2026-08-04T20:22:14.005Z > 200 GET /api/v1/ 206.88ms
INF 2026-08-04T20:22:14.005Z > 200 GET /api/v1/ 3.71ms
INF 2026-08-04T20:22:14.005Z > 200 GET /api/v1/ 3.55ms
INF 2026-08-04T20:22:14.008Z > 200 GET /api/v1/ 5.38ms
INF 2026-08-04T20:22:14.009Z > 200 GET /api/v1/ 209.82ms
INF 2026-08-04T20:22:14.011Z > 200 GET /api/v1/ 212.24ms
INF 2026-08-04T20:22:14.011Z > 200 GET /api/v1/ 208.73ms
INF 2026-08-04T20:22:14.011Z > 200 GET /api/v1/ 5.71ms
INF 2026-08-04T20:22:14.016Z > 200 GET /api/v1/ 4.68ms
INF 2026-08-04T20:22:14.017Z > 200 GET /api/v1/ 215.32ms
INF 2026-08-04T20:22:14.018Z > 200 GET /api/v1/ 214.35ms
INF 2026-08-04T20:22:14.018Z > 200 GET /api/v1/ 210.91ms
INF 2026-08-04T20:22:14.021Z > 200 GET /api/v1/ 216.82ms
INF 2026-08-04T20:22:14.023Z > 200 GET /api/v1/ 212.43ms
INF 2026-08-04T20:22:14.024Z > 200 GET /api/v1/ 208.39ms
INF 2026-08-04T20:22:14.024Z > 200 GET /api/v1/ 212.7ms
INF 2026-08-04T20:22:14.026Z > 200 GET /api/v1/ 214.73ms
INF 2026-08-04T20:22:14.028Z > 200 GET /api/v1/ 207.51ms
INF 2026-08-04T20:22:14.036Z > 200 GET /api/v1/ 216.0ms
INF 2026-08-04T20:22:14.050Z > 200 GET /api/v1/ 228.56ms
INF 2026-08-04T20:22:14.050Z > 200 GET /api/v1/ 227.34ms
INF 2026-08-04T20:22:14.052Z > 200 GET /api/v1/ 229.48ms
INF 2026-08-04T20:22:14.053Z > 200 GET /api/v1/ 231.76ms
INF 2026-08-04T20:22:14.056Z > 200 GET /api/v1/ 236.66ms
INF 2026-08-04T20:22:14.057Z > 200 GET /api/v1/ 235.16ms
INF 2026-08-04T20:22:14.057Z > 200 GET /api/v1/ 32.66ms
INF 2026-08-04T20:22:14.061Z > 200 GET /api/v1/ 240.23ms
INF 2026-08-04T20:22:14.071Z > 200 GET /api/v1/ 245.26ms
INF 2026-08-04T20:22:14.071Z > 200 GET /api/v1/ 246.18ms
INF 2026-08-04T20:22:14.072Z > 200 GET /api/v1/ 234.36ms
INF 2026-08-04T20:22:14.072Z > 200 GET /api/v1/ 235.33ms
INF 2026-08-04T20:22:14.072Z > 200 GET /api/v1/ 246.51ms
INF 2026-08-04T20:22:14.073Z > 200 GET /api/v1/ 236.07ms
INF 2026-08-04T20:22:14.073Z > 200 GET /api/v1/ 236.46ms
INF 2026-08-04T20:22:14.073Z > 200 GET /api/v1/ 248.01ms
INF 2026-08-04T20:22:14.079Z > 200 GET /api/v1/ 25.65ms
INF 2026-08-04T20:22:14.082Z > 200 GET /api/v1/ 187.49ms
INF 2026-08-04T20:22:14.083Z > 200 GET /api/v1/ 21.69ms
INF 2026-08-04T20:22:14.083Z > 200 GET /api/v1/ 242.36ms
INF 2026-08-04T20:22:14.083Z > 200 GET /api/v1/ 195.49ms
INF 2026-08-04T20:22:14.083Z > 200 GET /api/v1/ 26.52ms
INF 2026-08-04T20:22:14.088Z > 200 GET /api/v1/ 16.26ms
INF 2026-08-04T20:22:14.088Z > 200 GET /api/v1/ 16.5ms
INF 2026-08-04T20:22:14.094Z > 200 GET /api/v1/ 253.49ms
INF 2026-08-04T20:22:14.095Z > 200 GET /api/v1/ 22.36ms
INF 2026-08-04T20:22:14.096Z > 200 GET /api/v1/ 207.86ms
INF 2026-08-04T20:22:14.099Z > 200 GET /api/v1/ 25.47ms
INF 2026-08-04T20:22:14.103Z > 200 GET /api/v1/ 249.37ms
INF 2026-08-04T20:22:14.103Z > 200 GET /api/v1/ 205.85ms
INF 2026-08-04T20:22:14.103Z > 200 GET /api/v1/ 20.47ms
INF 2026-08-04T20:22:14.104Z > 200 GET /api/v1/ 263.25ms
INF 2026-08-04T20:22:14.105Z > 200 GET /api/v1/ 22.77ms
INF 2026-08-04T20:22:14.106Z > 200 GET /api/v1/ 23.08ms
INF 2026-08-04T20:22:14.106Z > 200 GET /api/v1/ 265.95ms
INF 2026-08-04T20:22:14.107Z > 200 GET /api/v1/ 242.55ms
INF 2026-08-04T20:22:14.108Z > 200 GET /api/v1/ 239.62ms
INF 2026-08-04T20:22:14.109Z > 200 GET /api/v1/ 20.49ms
INF 2026-08-04T20:22:14.112Z > 200 GET /api/v1/ 210.14ms
INF 2026-08-04T20:22:14.113Z > 200 GET /api/v1/ 218.34ms
INF 2026-08-04T20:22:14.122Z > 200 GET /api/v1/ 27.94ms
INF 2026-08-04T20:22:14.123Z > 200 GET /api/v1/ 245.86ms
INF 2026-08-04T20:22:14.123Z > 200 GET /api/v1/ 206.62ms
INF 2026-08-04T20:22:14.123Z > 200 GET /api/v1/ 259.11ms
INF 2026-08-04T20:22:14.124Z > 200 GET /api/v1/ 258.06ms
INF 2026-08-04T20:22:14.125Z > 200 GET /api/v1/ 260.5ms
INF 2026-08-04T20:22:14.130Z > 200 GET /api/v1/ 26.92ms
INF 2026-08-04T20:22:14.130Z > 200 GET /api/v1/ 26.86ms
INF 2026-08-04T20:22:14.139Z > 200 GET /api/v1/ 235.64ms
INF 2026-08-04T20:22:14.139Z > 200 GET /api/v1/ 29.92ms
INF 2026-08-04T20:22:14.141Z > 200 GET /api/v1/ 38.15ms
INF 2026-08-04T20:22:14.144Z > 200 GET /api/v1/ 240.38ms
INF 2026-08-04T20:22:14.145Z > 200 GET /api/v1/ 263.49ms
INF 2026-08-04T20:22:14.145Z > 200 GET /api/v1/ 38.59ms
INF 2026-08-04T20:22:14.145Z > 200 GET /api/v1/ 21.63ms
INF 2026-08-04T20:22:14.146Z > 200 GET /api/v1/ 23.91ms
INF 2026-08-04T20:22:14.146Z > 200 GET /api/v1/ 267.36ms
INF 2026-08-04T20:22:14.151Z > 200 GET /api/v1/ 20.13ms
INF 2026-08-04T20:22:14.152Z > 200 GET /api/v1/ 235.52ms
INF 2026-08-04T20:22:14.154Z > 200 GET /api/v1/ 28.87ms
INF 2026-08-04T20:22:14.157Z > 200 GET /api/v1/ 229.84ms
INF 2026-08-04T20:22:14.159Z > 200 GET /api/v1/ 19.75ms
INF 2026-08-04T20:22:14.160Z > 200 GET /api/v1/ 242.8ms
INF 2026-08-04T20:22:14.161Z > 200 GET /api/v1/ 16.91ms
INF 2026-08-04T20:22:14.162Z > 200 GET /api/v1/ 16.23ms
INF 2026-08-04T20:22:14.162Z > 200 GET /api/v1/ 244.85ms
INF 2026-08-04T20:22:14.162Z > 200 GET /api/v1/ 240.13ms
INF 2026-08-04T20:22:14.163Z > 200 GET /api/v1/ 225.49ms
INF 2026-08-04T20:22:14.167Z > 200 GET /api/v1/ 15.19ms
INF 2026-08-04T20:22:14.169Z > 200 GET /api/v1/ 252.48ms
INF 2026-08-04T20:22:14.171Z > 200 GET /api/v1/ 16.95ms
INF 2026-08-04T20:22:14.175Z > 200 GET /api/v1/ 238.21ms
INF 2026-08-04T20:22:14.176Z > 200 GET /api/v1/ 14.97ms
INF 2026-08-04T20:22:14.176Z > 200 GET /api/v1/ 17.09ms
INF 2026-08-04T20:22:14.177Z > 200 GET /api/v1/ 15.09ms
INF 2026-08-04T20:22:14.181Z > 200 GET /api/v1/ 12.58ms
INF 2026-08-04T20:22:14.183Z > 200 GET /api/v1/ 20.42ms
INF 2026-08-04T20:22:14.184Z > 200 GET /api/v1/ 9.67ms
INF 2026-08-04T20:22:14.185Z > 200 GET /api/v1/ 246.76ms
INF 2026-08-04T20:22:14.185Z > 200 GET /api/v1/ 246.92ms
INF 2026-08-04T20:22:14.189Z > 200 GET /api/v1/ 250.76ms
INF 2026-08-04T20:22:14.189Z > 200 GET /api/v1/ 250.6ms
INF 2026-08-04T20:22:14.193Z > 200 GET /api/v1/ 9.81ms
INF 2026-08-04T20:22:14.195Z > 200 GET /api/v1/ 145.64ms
INF 2026-08-04T20:22:14.197Z > 200 GET /api/v1/ 249.31ms
INF 2026-08-04T20:22:14.206Z > 200 GET /api/v1/ 153.52ms
INF 2026-08-04T20:22:14.206Z > 200 GET /api/v1/ 148.93ms
INF 2026-08-04T20:22:14.212Z > 200 GET /api/v1/ 23.41ms
INF 2026-08-04T20:22:14.216Z > 200 GET /api/v1/ 279.33ms
INF 2026-08-04T20:22:14.218Z > 200 GET /api/v1/ 267.48ms
INF 2026-08-04T20:22:14.218Z > 200 GET /api/v1/ 25.26ms
INF 2026-08-04T20:22:14.219Z > 200 GET /api/v1/ 294.94ms
INF 2026-08-04T20:22:14.223Z > 200 GET /api/v1/ 283.8ms
INF 2026-08-04T20:22:14.226Z > 200 GET /api/v1/ 28.73ms
INF 2026-08-04T20:22:14.227Z > 200 GET /api/v1/ 275.67ms
INF 2026-08-04T20:22:14.227Z > 200 GET /api/v1/ 273.61ms
INF 2026-08-04T20:22:14.227Z > 200 GET /api/v1/ 31.61ms
INF 2026-08-04T20:22:14.229Z > 200 GET /api/v1/ 16.37ms
INF 2026-08-04T20:22:14.232Z > 200 GET /api/v1/ 274.56ms
INF 2026-08-04T20:22:14.232Z > 200 GET /api/v1/ 13.76ms
INF 2026-08-04T20:22:14.233Z > 200 GET /api/v1/ 6.01ms
INF 2026-08-04T20:22:14.233Z > 200 GET /api/v1/ 10.34ms
INF 2026-08-04T20:22:14.234Z > 200 GET /api/v1/ 276.89ms
INF 2026-08-04T20:22:14.236Z > 200 GET /api/v1/ 9.55ms
INF 2026-08-04T20:22:14.236Z > 200 GET /api/v1/ 17.5ms
INF 2026-08-04T20:22:14.237Z > 200 GET /api/v1/ 51.8ms
INF 2026-08-04T20:22:14.237Z > 200 GET /api/v1/ 280.08ms
INF 2026-08-04T20:22:14.238Z > 200 GET /api/v1/ 278.6ms
INF 2026-08-04T20:22:14.238Z > 200 GET /api/v1/ 276.27ms
INF 2026-08-04T20:22:14.238Z > 200 GET /api/v1/ 276.52ms
INF 2026-08-04T20:22:14.239Z > 200 GET /api/v1/ 276.69ms
INF 2026-08-04T20:22:14.240Z > 200 GET /api/v1/ 6.07ms
INF 2026-08-04T20:22:14.240Z > 200 GET /api/v1/ 6.83ms
INF 2026-08-04T20:22:14.241Z > 200 GET /api/v1/ 277.48ms
INF 2026-08-04T20:22:14.242Z > 200 GET /api/v1/ 3.3ms
INF 2026-08-04T20:22:14.243Z > 200 GET /api/v1/ 251.05ms
INF 2026-08-04T20:22:14.244Z > 200 GET /api/v1/ 268.73ms
INF 2026-08-04T20:22:14.246Z > 200 GET /api/v1/ 252.77ms
INF 2026-08-04T20:22:14.248Z > 200 GET /api/v1/ 259.0ms
INF 2026-08-04T20:22:14.248Z > 200 GET /api/v1/ 251.92ms
INF 2026-08-04T20:22:14.248Z > 200 GET /api/v1/ 256.2ms
INF 2026-08-04T20:22:14.249Z > 200 GET /api/v1/ 285.38ms
INF 2026-08-04T20:22:14.249Z > 200 GET /api/v1/ 253.24ms
INF 2026-08-04T20:22:14.250Z > 200 GET /api/v1/ 253.22ms
INF 2026-08-04T20:22:14.253Z > 200 GET /api/v1/ 253.77ms
INF 2026-08-04T20:22:14.254Z > 200 GET /api/v1/ 6.03ms
INF 2026-08-04T20:22:14.255Z > 200 GET /api/v1/ 254.06ms
INF 2026-08-04T20:22:14.264Z > 200 GET /api/v1/ 264.46ms
INF 2026-08-04T20:22:14.264Z > 200 GET /api/v1/ 264.34ms
INF 2026-08-04T20:22:14.269Z > 200 GET /api/v1/ 266.29ms
INF 2026-08-04T20:22:14.271Z > 200 GET /api/v1/ 268.98ms
INF 2026-08-04T20:22:14.272Z > 200 GET /api/v1/ 267.79ms
INF 2026-08-04T20:22:14.272Z > 200 GET /api/v1/ 271.33ms
INF 2026-08-04T20:22:14.274Z > 200 GET /api/v1/ 268.72ms
INF 2026-08-04T20:22:14.274Z > 200 GET /api/v1/ 272.9ms
INF 2026-08-04T20:22:14.280Z > 200 GET /api/v1/ 274.85ms
INF 2026-08-04T20:22:14.280Z > 200 GET /api/v1/ 270.73ms
INF 2026-08-04T20:22:14.281Z > 200 GET /api/v1/ 272.78ms
INF 2026-08-04T20:22:14.281Z > 200 GET /api/v1/ 230.84ms
INF 2026-08-04T20:22:14.281Z > 200 GET /api/v1/ 275.65ms
INF 2026-08-04T20:22:14.281Z > 200 GET /api/v1/ 270.15ms
INF 2026-08-04T20:22:14.305Z > 200 GET /api/v1/ 24.2ms
INF 2026-08-04T20:22:14.305Z > 200 GET /api/v1/ 232.14ms
INF 2026-08-04T20:22:14.305Z > 200 GET /api/v1/ 24.68ms
INF 2026-08-04T20:22:14.306Z > 200 GET /api/v1/ 24.86ms
INF 2026-08-04T20:22:14.309Z > 200 GET /api/v1/ 290.67ms
INF 2026-08-04T20:22:14.310Z > 200 GET /api/v1/ 238.31ms
INF 2026-08-04T20:22:14.312Z > 200 GET /api/v1/ 31.07ms
INF 2026-08-04T20:22:14.314Z > 200 GET /api/v1/ 302.93ms
INF 2026-08-04T20:22:14.316Z > 200 GET /api/v1/ 291.38ms
INF 2026-08-04T20:22:14.318Z > 200 GET /api/v1/ 219.51ms
INF 2026-08-04T20:22:14.320Z > 200 GET /api/v1/ 240.54ms
INF 2026-08-04T20:22:14.320Z > 200 GET /api/v1/ 236.67ms
INF 2026-08-04T20:22:14.321Z > 200 GET /api/v1/ 247.33ms
INF 2026-08-04T20:22:14.329Z > 200 GET /api/v1/ 292.72ms
INF 2026-08-04T20:22:14.330Z > 200 GET /api/v1/ 242.25ms
INF 2026-08-04T20:22:14.331Z > 200 GET /api/v1/ 224.05ms
INF 2026-08-04T20:22:14.331Z > 200 GET /api/v1/ 14.91ms
INF 2026-08-04T20:22:14.331Z > 200 GET /api/v1/ 12.6ms
INF 2026-08-04T20:22:14.333Z > 200 GET /api/v1/ 12.73ms
INF 2026-08-04T20:22:14.335Z > 200 GET /api/v1/ 15.46ms
INF 2026-08-04T20:22:14.336Z > 200 GET /api/v1/ 317.85ms
INF 2026-08-04T20:22:14.338Z > 200 GET /api/v1/ 316.59ms
INF 2026-08-04T20:22:14.340Z > 200 GET /api/v1/ 324.26ms
INF 2026-08-04T20:22:14.342Z > 200 GET /api/v1/ 284.8ms
INF 2026-08-04T20:22:14.345Z > 200 GET /api/v1/ 327.12ms
INF 2026-08-04T20:22:14.355Z > 200 GET /api/v1/ 243.21ms
INF 2026-08-04T20:22:14.355Z > 200 GET /api/v1/ 248.91ms
INF 2026-08-04T20:22:14.356Z > 200 GET /api/v1/ 24.66ms
INF 2026-08-04T20:22:14.356Z > 200 GET /api/v1/ 330.18ms
INF 2026-08-04T20:22:14.357Z > 200 GET /api/v1/ 285.07ms
INF 2026-08-04T20:22:14.357Z > 200 GET /api/v1/ 52.51ms
INF 2026-08-04T20:22:14.358Z > 200 GET /api/v1/ 320.76ms
INF 2026-08-04T20:22:14.359Z > 200 GET /api/v1/ 262.99ms
INF 2026-08-04T20:22:14.359Z > 200 GET /api/v1/ 23.4ms
INF 2026-08-04T20:22:14.359Z > 200 GET /api/v1/ 335.81ms
INF 2026-08-04T20:22:14.360Z > 200 GET /api/v1/ 26.21ms
INF 2026-08-04T20:22:14.364Z > 200 GET /api/v1/ 58.48ms
INF 2026-08-04T20:22:14.364Z > 200 GET /api/v1/ 25.91ms
INF 2026-08-04T20:22:14.368Z > 200 GET /api/v1/ 61.84ms
INF 2026-08-04T20:22:14.371Z > 200 GET /api/v1/ 275.89ms
INF 2026-08-04T20:22:14.371Z > 200 GET /api/v1/ 266.65ms
INF 2026-08-04T20:22:14.374Z > 200 GET /api/v1/ 64.41ms
INF 2026-08-04T20:22:14.376Z > 200 GET /api/v1/ 292.33ms
INF 2026-08-04T20:22:14.376Z > 200 GET /api/v1/ 267.99ms
INF 2026-08-04T20:22:14.378Z > 200 GET /api/v1/ 19.91ms
INF 2026-08-04T20:22:14.381Z > 200 GET /api/v1/ 277.37ms
INF 2026-08-04T20:22:14.382Z > 200 GET /api/v1/ 17.83ms
INF 2026-08-04T20:22:14.383Z > 200 GET /api/v1/ 25.32ms
INF 2026-08-04T20:22:14.384Z > 200 GET /api/v1/ 260.23ms
INF 2026-08-04T20:22:14.388Z > 200 GET /api/v1/ 27.67ms
INF 2026-08-04T20:22:14.388Z > 200 GET /api/v1/ 28.14ms
INF 2026-08-04T20:22:14.388Z > 200 GET /api/v1/ 264.3ms
INF 2026-08-04T20:22:14.389Z > 200 GET /api/v1/ 265.18ms
INF 2026-08-04T20:22:14.394Z > 200 GET /api/v1/ 263.52ms
INF 2026-08-04T20:22:14.397Z > 200 GET /api/v1/ 20.54ms
INF 2026-08-04T20:22:14.398Z > 200 GET /api/v1/ 16.93ms
INF 2026-08-04T20:22:14.398Z > 200 GET /api/v1/ 15.98ms
INF 2026-08-04T20:22:14.401Z > 200 GET /api/v1/ 18.18ms
INF 2026-08-04T20:22:14.402Z > 200 GET /api/v1/ 278.4ms
INF 2026-08-04T20:22:14.412Z > 200 GET /api/v1/ 24.06ms
INF 2026-08-04T20:22:14.412Z > 200 GET /api/v1/ 24.35ms
INF 2026-08-04T20:22:14.414Z > 200 GET /api/v1/ 274.52ms
INF 2026-08-04T20:22:14.414Z > 200 GET /api/v1/ 272.93ms
INF 2026-08-04T20:22:14.415Z > 200 GET /api/v1/ 20.95ms
INF 2026-08-04T20:22:14.417Z > 200 GET /api/v1/ 18.55ms
INF 2026-08-04T20:22:14.417Z > 200 GET /api/v1/ 20.31ms
INF 2026-08-04T20:22:14.417Z > 200 GET /api/v1/ 16.25ms
INF 2026-08-04T20:22:14.418Z > 200 GET /api/v1/ 15.28ms
INF 2026-08-04T20:22:14.419Z > 200 GET /api/v1/ 273.18ms
INF 2026-08-04T20:22:14.419Z > 200 GET /api/v1/ 273.32ms
INF 2026-08-04T20:22:14.423Z > 200 GET /api/v1/ 277.19ms
INF 2026-08-04T20:22:14.424Z > 200 GET /api/v1/ 273.21ms
INF 2026-08-04T20:22:14.435Z > 200 GET /api/v1/ 288.78ms
INF 2026-08-04T20:22:14.436Z > 200 GET /api/v1/ 21.57ms
INF 2026-08-04T20:22:14.436Z > 200 GET /api/v1/ 17.48ms
INF 2026-08-04T20:22:14.440Z > 200 GET /api/v1/ 22.19ms
INF 2026-08-04T20:22:14.440Z > 200 GET /api/v1/ 22.18ms
INF 2026-08-04T20:22:14.445Z > 200 GET /api/v1/ 286.95ms
INF 2026-08-04T20:22:14.446Z > 200 GET /api/v1/ 278.79ms
INF 2026-08-04T20:22:14.446Z > 200 GET /api/v1/ 284.31ms
INF 2026-08-04T20:22:14.447Z > 200 GET /api/v1/ 284.36ms
INF 2026-08-04T20:22:14.449Z > 200 GET /api/v1/ 273.05ms
INF 2026-08-04T20:22:14.451Z > 200 GET /api/v1/ 274.37ms
INF 2026-08-04T20:22:14.453Z > 200 GET /api/v1/ 234.58ms
INF 2026-08-04T20:22:14.457Z > 200 GET /api/v1/ 10.88ms
INF 2026-08-04T20:22:14.458Z > 200 GET /api/v1/ 272.71ms
INF 2026-08-04T20:22:14.459Z > 200 GET /api/v1/ 270.11ms
INF 2026-08-04T20:22:14.460Z > 200 GET /api/v1/ 289.27ms
INF 2026-08-04T20:22:14.461Z > 200 GET /api/v1/ 233.13ms
INF 2026-08-04T20:22:14.462Z > 200 GET /api/v1/ 301.05ms
INF 2026-08-04T20:22:14.463Z > 200 GET /api/v1/ 230.11ms
INF 2026-08-04T20:22:14.463Z > 200 GET /api/v1/ 9.6ms
INF 2026-08-04T20:22:14.466Z > 200 GET /api/v1/ 228.44ms
INF 2026-08-04T20:22:14.466Z > 200 GET /api/v1/ 284.37ms
INF 2026-08-04T20:22:14.468Z > 200 GET /api/v1/ 9.86ms
INF 2026-08-04T20:22:14.468Z > 200 GET /api/v1/ 240.96ms
INF 2026-08-04T20:22:14.470Z > 200 GET /api/v1/ 230.3ms
INF 2026-08-04T20:22:14.479Z > 200 GET /api/v1/ 17.24ms
INF 2026-08-04T20:22:14.479Z > 200 GET /api/v1/ 246.03ms
INF 2026-08-04T20:22:14.480Z > 200 GET /api/v1/ 243.24ms
INF 2026-08-04T20:22:14.482Z > 200 GET /api/v1/ 274.9ms
INF 2026-08-04T20:22:14.483Z > 200 GET /api/v1/ 241.24ms
INF 2026-08-04T20:22:14.487Z > 200 GET /api/v1/ 247.78ms
INF 2026-08-04T20:22:14.488Z > 200 GET /api/v1/ 310.37ms
INF 2026-08-04T20:22:14.488Z > 200 GET /api/v1/ 254.33ms
INF 2026-08-04T20:22:14.495Z > 200 GET /api/v1/ 28.83ms
INF 2026-08-04T20:22:14.498Z > 200 GET /api/v1/ 313.1ms
INF 2026-08-04T20:22:14.498Z > 200 GET /api/v1/ 255.22ms
INF 2026-08-04T20:22:14.501Z > 200 GET /api/v1/ 251.17ms
INF 2026-08-04T20:22:14.503Z > 200 GET /api/v1/ 264.96ms
INF 2026-08-04T20:22:14.504Z > 200 GET /api/v1/ 266.62ms
INF 2026-08-04T20:22:14.504Z > 200 GET /api/v1/ 253.52ms
INF 2026-08-04T20:22:14.517Z > 200 GET /api/v1/ 262.38ms
INF 2026-08-04T20:22:14.517Z > 200 GET /api/v1/ 270.82ms
INF 2026-08-04T20:22:14.517Z > 200 GET /api/v1/ 280.13ms
INF 2026-08-04T20:22:14.518Z > 200 GET /api/v1/ 265.71ms
INF 2026-08-04T20:22:14.519Z > 200 GET /api/v1/ 37.11ms
INF 2026-08-04T20:22:14.519Z > 200 GET /api/v1/ 36.6ms
INF 2026-08-04T20:22:14.520Z > 200 GET /api/v1/ 303.76ms
INF 2026-08-04T20:22:14.523Z > 200 GET /api/v1/ 273.18ms
INF 2026-08-04T20:22:14.523Z > 200 GET /api/v1/ 35.91ms
INF 2026-08-04T20:22:14.526Z > 200 GET /api/v1/ 285.89ms
INF 2026-08-04T20:22:14.527Z > 200 GET /api/v1/ 47.7ms
INF 2026-08-04T20:22:14.529Z > 200 GET /api/v1/ 280.89ms
INF 2026-08-04T20:22:14.530Z > 200 GET /api/v1/ 31.11ms
INF 2026-08-04T20:22:14.531Z > 200 GET /api/v1/ 43.47ms
INF 2026-08-04T20:22:14.537Z > 200 GET /api/v1/ 329.66ms
INF 2026-08-04T20:22:14.538Z > 200 GET /api/v1/ 33.96ms
INF 2026-08-04T20:22:14.538Z > 200 GET /api/v1/ 273.21ms
INF 2026-08-04T20:22:14.542Z > 200 GET /api/v1/ 269.43ms
INF 2026-08-04T20:22:14.542Z > 200 GET /api/v1/ 41.5ms
INF 2026-08-04T20:22:14.543Z > 200 GET /api/v1/ 44.51ms
INF 2026-08-04T20:22:14.543Z > 200 GET /api/v1/ 25.96ms
INF 2026-08-04T20:22:14.543Z > 200 GET /api/v1/ 39.94ms
INF 2026-08-04T20:22:14.543Z > 200 GET /api/v1/ 39.68ms
INF 2026-08-04T20:22:14.544Z > 200 GET /api/v1/ 274.49ms
INF 2026-08-04T20:22:14.544Z > 200 GET /api/v1/ 269.39ms
INF 2026-08-04T20:22:14.544Z > 200 GET /api/v1/ 302.15ms
INF 2026-08-04T20:22:14.544Z > 200 GET /api/v1/ 305.47ms
INF 2026-08-04T20:22:14.545Z > 200 GET /api/v1/ 315.75ms
INF 2026-08-04T20:22:14.548Z > 200 GET /api/v1/ 25.39ms
INF 2026-08-04T20:22:14.551Z > 200 GET /api/v1/ 285.85ms
INF 2026-08-04T20:22:14.556Z > 200 GET /api/v1/ 26.56ms
INF 2026-08-04T20:22:14.562Z > 200 GET /api/v1/ 317.75ms
INF 2026-08-04T20:22:14.576Z > 200 GET /api/v1/ 320.78ms
INF 2026-08-04T20:22:14.577Z > 200 GET /api/v1/ 256.9ms
INF 2026-08-04T20:22:14.577Z > 200 GET /api/v1/ 329.0ms
INF 2026-08-04T20:22:14.582Z > 200 GET /api/v1/ 309.78ms
INF 2026-08-04T20:22:14.582Z > 200 GET /api/v1/ 252.37ms
INF 2026-08-04T20:22:14.583Z > 200 GET /api/v1/ 252.6ms
INF 2026-08-04T20:22:14.583Z > 200 GET /api/v1/ 270.73ms
INF 2026-08-04T20:22:14.584Z > 200 GET /api/v1/ 302.56ms
INF 2026-08-04T20:22:14.586Z > 200 GET /api/v1/ 275.62ms
INF 2026-08-04T20:22:14.594Z > 200 GET /api/v1/ 279.93ms
INF 2026-08-04T20:22:14.595Z > 200 GET /api/v1/ 320.53ms
INF 2026-08-04T20:22:14.595Z > 200 GET /api/v1/ 52.79ms
INF 2026-08-04T20:22:14.596Z > 200 GET /api/v1/ 290.03ms
INF 2026-08-04T20:22:14.597Z > 200 GET /api/v1/ 53.51ms
INF 2026-08-04T20:22:14.600Z > 200 GET /api/v1/ 22.61ms
INF 2026-08-04T20:22:14.601Z > 200 GET /api/v1/ 320.46ms
INF 2026-08-04T20:22:14.603Z > 200 GET /api/v1/ 331.69ms
INF 2026-08-04T20:22:14.604Z > 200 GET /api/v1/ 272.68ms
INF 2026-08-04T20:22:14.607Z > 200 GET /api/v1/ 24.73ms
INF 2026-08-04T20:22:14.623Z > 200 GET /api/v1/ 39.59ms
INF 2026-08-04T20:22:14.629Z > 200 GET /api/v1/ 29.3ms
INF 2026-08-04T20:22:14.632Z > 200 GET /api/v1/ 25.42ms
INF 2026-08-04T20:22:14.633Z > 200 GET /api/v1/ 29.12ms
INF 2026-08-04T20:22:14.635Z > 200 GET /api/v1/ 289.94ms
INF 2026-08-04T20:22:14.638Z > 200 GET /api/v1/ 34.22ms
INF 2026-08-04T20:22:14.644Z > 200 GET /api/v1/ 303.4ms
INF 2026-08-04T20:22:14.645Z > 200 GET /api/v1/ 288.32ms
INF 2026-08-04T20:22:14.646Z > 200 GET /api/v1/ 304.12ms
INF 2026-08-04T20:22:14.647Z > 200 GET /api/v1/ 311.26ms
INF 2026-08-04T20:22:14.650Z > 200 GET /api/v1/ 318.5ms
INF 2026-08-04T20:22:14.652Z > 200 GET /api/v1/ 19.05ms
INF 2026-08-04T20:22:14.653Z > 200 GET /api/v1/ 296.71ms
INF 2026-08-04T20:22:14.654Z > 200 GET /api/v1/ 15.88ms
INF 2026-08-04T20:22:14.660Z > 200 GET /api/v1/ 303.2ms
INF 2026-08-04T20:22:14.661Z > 200 GET /api/v1/ 15.99ms
INF 2026-08-04T20:22:14.661Z > 200 GET /api/v1/ 303.78ms
INF 2026-08-04T20:22:14.662Z > 200 GET /api/v1/ 15.55ms
INF 2026-08-04T20:22:14.663Z > 200 GET /api/v1/ 306.18ms
INF 2026-08-04T20:22:14.664Z > 200 GET /api/v1/ 10.37ms
INF 2026-08-04T20:22:14.665Z > 200 GET /api/v1/ 121.88ms
INF 2026-08-04T20:22:14.665Z > 200 GET /api/v1/ 120.36ms
INF 2026-08-04T20:22:14.666Z > 200 GET /api/v1/ 121.09ms
INF 2026-08-04T20:22:14.666Z > 200 GET /api/v1/ 121.52ms
INF 2026-08-04T20:22:14.666Z > 200 GET /api/v1/ 16.24ms
INF 2026-08-04T20:22:14.666Z > 200 GET /api/v1/ 14.67ms
INF 2026-08-04T20:22:14.667Z > 200 GET /api/v1/ 115.95ms
INF 2026-08-04T20:22:14.673Z > 200 GET /api/v1/ 76.81ms
INF 2026-08-04T20:22:14.673Z > 200 GET /api/v1/ 9.67ms
INF 2026-08-04T20:22:14.675Z > 200 GET /api/v1/ 306.87ms
INF 2026-08-04T20:22:14.675Z > 200 GET /api/v1/ 310.92ms
INF 2026-08-04T20:22:14.679Z > 200 GET /api/v1/ 307.97ms
INF 2026-08-04T20:22:14.682Z > 200 GET /api/v1/ 310.24ms
INF 2026-08-04T20:22:14.682Z > 200 GET /api/v1/ 306.12ms
INF 2026-08-04T20:22:14.682Z > 200 GET /api/v1/ 308.13ms
INF 2026-08-04T20:22:14.691Z > 200 GET /api/v1/ 331.6ms
INF 2026-08-04T20:22:14.691Z > 200 GET /api/v1/ 312.92ms
INF 2026-08-04T20:22:14.693Z > 200 GET /api/v1/ 332.65ms
INF 2026-08-04T20:22:14.694Z > 200 GET /api/v1/ 305.85ms
INF 2026-08-04T20:22:14.694Z > 200 GET /api/v1/ 26.85ms
INF 2026-08-04T20:22:14.697Z > 200 GET /api/v1/ 313.48ms
INF 2026-08-04T20:22:14.698Z > 200 GET /api/v1/ 308.56ms
INF 2026-08-04T20:22:14.699Z > 200 GET /api/v1/ 300.06ms
INF 2026-08-04T20:22:14.699Z > 200 GET /api/v1/ 286.66ms
INF 2026-08-04T20:22:14.702Z > 200 GET /api/v1/ 289.34ms
INF 2026-08-04T20:22:14.702Z > 200 GET /api/v1/ 284.71ms
INF 2026-08-04T20:22:14.703Z > 200 GET /api/v1/ 284.88ms
INF 2026-08-04T20:22:14.705Z > 200 GET /api/v1/ 289.15ms
INF 2026-08-04T20:22:14.705Z > 200 GET /api/v1/ 291.24ms
INF 2026-08-04T20:22:14.706Z > 200 GET /api/v1/ 287.42ms
INF 2026-08-04T20:22:14.711Z > 200 GET /api/v1/ 8.51ms
INF 2026-08-04T20:22:14.711Z > 200 GET /api/v1/ 286.46ms
INF 2026-08-04T20:22:14.712Z > 200 GET /api/v1/ 6.25ms
INF 2026-08-04T20:22:14.712Z > 200 GET /api/v1/ 17.91ms
INF 2026-08-04T20:22:14.712Z > 200 GET /api/v1/ 252.74ms
INF 2026-08-04T20:22:14.714Z > 200 GET /api/v1/ 277.39ms
INF 2026-08-04T20:22:14.714Z > 200 GET /api/v1/ 21.23ms
INF 2026-08-04T20:22:14.721Z > 200 GET /api/v1/ 285.4ms
INF 2026-08-04T20:22:14.724Z > 200 GET /api/v1/ 21.47ms
INF 2026-08-04T20:22:14.727Z > 200 GET /api/v1/ 280.54ms
INF 2026-08-04T20:22:14.733Z > 200 GET /api/v1/ 20.44ms
INF 2026-08-04T20:22:14.736Z > 200 GET /api/v1/ 241.28ms
INF 2026-08-04T20:22:14.737Z > 200 GET /api/v1/ 287.33ms
INF 2026-08-04T20:22:14.737Z > 200 GET /api/v1/ 270.73ms
INF 2026-08-04T20:22:14.740Z > 200 GET /api/v1/ 271.96ms
INF 2026-08-04T20:22:14.747Z > 200 GET /api/v1/ 301.23ms
INF 2026-08-04T20:22:14.753Z > 200 GET /api/v1/ 234.23ms
INF 2026-08-04T20:22:14.753Z > 200 GET /api/v1/ 302.22ms
INF 2026-08-04T20:22:14.753Z > 200 GET /api/v1/ 39.09ms
INF 2026-08-04T20:22:14.754Z > 200 GET /api/v1/ 293.25ms
INF 2026-08-04T20:22:14.756Z > 200 GET /api/v1/ 239.19ms
INF 2026-08-04T20:22:14.759Z > 200 GET /api/v1/ 278.66ms
INF 2026-08-04T20:22:14.761Z > 200 GET /api/v1/ 241.29ms
INF 2026-08-04T20:22:14.765Z > 200 GET /api/v1/ 294.63ms
INF 2026-08-04T20:22:14.767Z > 200 GET /api/v1/ 246.06ms
INF 2026-08-04T20:22:14.775Z > 200 GET /api/v1/ 350.6ms
INF 2026-08-04T20:22:14.775Z > 200 GET /api/v1/ 51.0ms
INF 2026-08-04T20:22:14.775Z > 200 GET /api/v1/ 307.15ms
INF 2026-08-04T20:22:14.776Z > 200 GET /api/v1/ 39.06ms
INF 2026-08-04T20:22:14.779Z > 200 GET /api/v1/ 343.04ms
INF 2026-08-04T20:22:14.779Z > 200 GET /api/v1/ 339.2ms
INF 2026-08-04T20:22:14.781Z > 200 GET /api/v1/ 322.79ms
INF 2026-08-04T20:22:14.784Z > 200 GET /api/v1/ 320.5ms
INF 2026-08-04T20:22:14.786Z > 200 GET /api/v1/ 249.24ms
INF 2026-08-04T20:22:14.786Z > 200 GET /api/v1/ 266.77ms
INF 2026-08-04T20:22:14.787Z > 200 GET /api/v1/ 33.76ms
INF 2026-08-04T20:22:14.788Z > 200 GET /api/v1/ 33.67ms
INF 2026-08-04T20:22:14.790Z > 200 GET /api/v1/ 33.99ms
INF 2026-08-04T20:22:14.793Z > 200 GET /api/v1/ 266.96ms
INF 2026-08-04T20:22:14.795Z > 200 GET /api/v1/ 36.55ms
INF 2026-08-04T20:22:14.796Z > 200 GET /api/v1/ 307.41ms
INF 2026-08-04T20:22:14.797Z > 200 GET /api/v1/ 279.7ms
INF 2026-08-04T20:22:14.803Z > 200 GET /api/v1/ 341.22ms
INF 2026-08-04T20:22:14.807Z > 200 GET /api/v1/ 366.79ms
INF 2026-08-04T20:22:14.807Z > 200 GET /api/v1/ 327.94ms
INF 2026-08-04T20:22:14.808Z > 200 GET /api/v1/ 360.36ms
INF 2026-08-04T20:22:14.811Z > 200 GET /api/v1/ 280.73ms
INF 2026-08-04T20:22:14.812Z > 200 GET /api/v1/ 281.06ms
INF 2026-08-04T20:22:14.814Z > 200 GET /api/v1/ 290.79ms
INF 2026-08-04T20:22:14.815Z > 200 GET /api/v1/ 34.05ms
INF 2026-08-04T20:22:14.816Z > 200 GET /api/v1/ 352.45ms
INF 2026-08-04T20:22:14.824Z > 200 GET /api/v1/ 39.9ms
INF 2026-08-04T20:22:14.826Z > 200 GET /api/v1/ 287.16ms
INF 2026-08-04T20:22:14.830Z > 200 GET /api/v1/ 39.91ms
INF 2026-08-04T20:22:14.831Z > 200 GET /api/v1/ 52.15ms
INF 2026-08-04T20:22:14.832Z > 200 GET /api/v1/ 38.08ms
INF 2026-08-04T20:22:14.832Z > 200 GET /api/v1/ 287.87ms
INF 2026-08-04T20:22:14.832Z > 200 GET /api/v1/ 305.63ms
INF 2026-08-04T20:22:14.836Z > 200 GET /api/v1/ 47.99ms
INF 2026-08-04T20:22:14.838Z > 200 GET /api/v1/ 299.06ms
INF 2026-08-04T20:22:14.838Z > 200 GET /api/v1/ 295.34ms
INF 2026-08-04T20:22:14.839Z > 200 GET /api/v1/ 32.17ms
INF 2026-08-04T20:22:14.845Z > 200 GET /api/v1/ 300.41ms
INF 2026-08-04T20:22:14.847Z > 200 GET /api/v1/ 16.56ms
INF 2026-08-04T20:22:14.847Z > 200 GET /api/v1/ 33.33ms
INF 2026-08-04T20:22:14.848Z > 200 GET /api/v1/ 35.03ms
INF 2026-08-04T20:22:14.848Z > 200 GET /api/v1/ 304.15ms
INF 2026-08-04T20:22:14.851Z > 200 GET /api/v1/ 27.24ms
INF 2026-08-04T20:22:14.852Z > 200 GET /api/v1/ 36.09ms
INF 2026-08-04T20:22:14.852Z > 200 GET /api/v1/ 14.45ms
INF 2026-08-04T20:22:14.853Z > 200 GET /api/v1/ 13.54ms
INF 2026-08-04T20:22:14.862Z > 200 GET /api/v1/ 316.89ms
INF 2026-08-04T20:22:14.862Z > 200 GET /api/v1/ 46.76ms
INF 2026-08-04T20:22:14.863Z > 200 GET /api/v1/ 36.99ms
INF 2026-08-04T20:22:14.863Z > 200 GET /api/v1/ 314.61ms
INF 2026-08-04T20:22:14.867Z > 200 GET /api/v1/ 19.22ms
INF 2026-08-04T20:22:14.868Z > 200 GET /api/v1/ 20.42ms
INF 2026-08-04T20:22:14.869Z > 200 GET /api/v1/ 16.45ms
INF 2026-08-04T20:22:14.871Z > 200 GET /api/v1/ 18.97ms
INF 2026-08-04T20:22:14.875Z > 200 GET /api/v1/ 6.07ms
INF 2026-08-04T20:22:14.876Z > 200 GET /api/v1/ 4.74ms
INF 2026-08-04T20:22:14.880Z > 200 GET /api/v1/ 303.97ms
INF 2026-08-04T20:22:14.882Z > 200 GET /api/v1/ 5.7ms
INF 2026-08-04T20:22:14.883Z > 200 GET /api/v1/ 259.74ms
INF 2026-08-04T20:22:14.884Z > 200 GET /api/v1/ 288.15ms
INF 2026-08-04T20:22:14.885Z > 200 GET /api/v1/ 287.26ms
INF 2026-08-04T20:22:14.885Z > 200 GET /api/v1/ 252.17ms
INF 2026-08-04T20:22:14.885Z > 200 GET /api/v1/ 283.6ms
INF 2026-08-04T20:22:14.885Z > 200 GET /api/v1/ 289.32ms
INF 2026-08-04T20:22:14.886Z > 200 GET /api/v1/ 308.63ms
INF 2026-08-04T20:22:14.887Z > 200 GET /api/v1/ 251.5ms
INF 2026-08-04T20:22:14.887Z > 200 GET /api/v1/ 304.58ms
INF 2026-08-04T20:22:14.888Z > 200 GET /api/v1/ 258.59ms
INF 2026-08-04T20:22:14.888Z > 200 GET /api/v1/ 244.61ms
INF 2026-08-04T20:22:14.889Z > 200 GET /api/v1/ 241.75ms
INF 2026-08-04T20:22:14.889Z > 200 GET /api/v1/ 305.47ms
INF 2026-08-04T20:22:14.889Z > 200 GET /api/v1/ 303.76ms
INF 2026-08-04T20:22:14.890Z > 200 GET /api/v1/ 294.5ms
INF 2026-08-04T20:22:14.891Z > 200 GET /api/v1/ 308.82ms
INF 2026-08-04T20:22:14.891Z > 200 GET /api/v1/ 224.77ms
INF 2026-08-04T20:22:14.892Z > 200 GET /api/v1/ 229.32ms
INF 2026-08-04T20:22:14.892Z > 200 GET /api/v1/ 232.36ms
INF 2026-08-04T20:22:14.893Z > 200 GET /api/v1/ 330.97ms
INF 2026-08-04T20:22:14.895Z > 200 GET /api/v1/ 232.3ms
INF 2026-08-04T20:22:14.895Z > 200 GET /api/v1/ 338.61ms
INF 2026-08-04T20:22:14.895Z > 200 GET /api/v1/ 7.6ms
INF 2026-08-04T20:22:14.895Z > 200 GET /api/v1/ 233.28ms
INF 2026-08-04T20:22:14.896Z > 200 GET /api/v1/ 229.77ms
INF 2026-08-04T20:22:14.897Z > 200 GET /api/v1/ 10.0ms
INF 2026-08-04T20:22:14.898Z > 200 GET /api/v1/ 231.65ms
INF 2026-08-04T20:22:14.898Z > 200 GET /api/v1/ 9.97ms
INF 2026-08-04T20:22:14.899Z > 200 GET /api/v1/ 244.33ms
INF 2026-08-04T20:22:14.899Z > 200 GET /api/v1/ 9.68ms
INF 2026-08-04T20:22:14.907Z > 200 GET /api/v1/ 17.93ms
INF 2026-08-04T20:22:14.908Z > 200 GET /api/v1/ 241.11ms
INF 2026-08-04T20:22:14.908Z > 200 GET /api/v1/ 16.83ms
INF 2026-08-04T20:22:14.911Z > 200 GET /api/v1/ 246.67ms
INF 2026-08-04T20:22:14.918Z > 200 GET /api/v1/ 251.11ms
INF 2026-08-04T20:22:14.946Z > 200 GET /api/v1/ 38.12ms
INF 2026-08-04T20:22:14.946Z > 200 GET /api/v1/ 273.27ms
INF 2026-08-04T20:22:14.948Z > 200 GET /api/v1/ 40.26ms
INF 2026-08-04T20:22:14.950Z > 200 GET /api/v1/ 31.99ms
INF 2026-08-04T20:22:14.961Z > 200 GET /api/v1/ 50.24ms
INF 2026-08-04T20:22:14.962Z > 200 GET /api/v1/ 286.81ms
INF 2026-08-04T20:22:14.985Z > 200 GET /api/v1/ 309.81ms
INF 2026-08-04T20:22:14.986Z > 200 GET /api/v1/ 293.97ms
INF 2026-08-04T20:22:14.986Z > 200 GET /api/v1/ 306.3ms
INF 2026-08-04T20:22:14.990Z > 200 GET /api/v1/ 292.38ms
INF 2026-08-04T20:22:14.993Z > 200 GET /api/v1/ 299.93ms
INF 2026-08-04T20:22:15.004Z > 200 GET /api/v1/ 301.38ms
INF 2026-08-04T20:22:15.004Z > 200 GET /api/v1/ 96.28ms
INF 2026-08-04T20:22:15.005Z > 200 GET /api/v1/ 331.41ms
INF 2026-08-04T20:22:15.006Z > 200 GET /api/v1/ 313.37ms
INF 2026-08-04T20:22:15.006Z > 200 GET /api/v1/ 337.86ms
INF 2026-08-04T20:22:15.006Z > 200 GET /api/v1/ 308.64ms
INF 2026-08-04T20:22:15.007Z > 200 GET /api/v1/ 58.76ms
INF 2026-08-04T20:22:15.007Z > 200 GET /api/v1/ 56.75ms
INF 2026-08-04T20:22:15.008Z > 200 GET /api/v1/ 314.31ms
INF 2026-08-04T20:22:15.008Z > 200 GET /api/v1/ 316.02ms
INF 2026-08-04T20:22:15.011Z > 200 GET /api/v1/ 316.74ms
INF 2026-08-04T20:22:15.011Z > 200 GET /api/v1/ 49.69ms
INF 2026-08-04T20:22:15.012Z > 200 GET /api/v1/ 312.82ms
INF 2026-08-04T20:22:15.019Z > 200 GET /api/v1/ 313.17ms
INF 2026-08-04T20:22:15.019Z > 200 GET /api/v1/ 320.26ms
INF 2026-08-04T20:22:15.020Z > 200 GET /api/v1/ 34.34ms
INF 2026-08-04T20:22:15.020Z > 200 GET /api/v1/ 34.53ms
INF 2026-08-04T20:22:15.021Z > 200 GET /api/v1/ 30.45ms
INF 2026-08-04T20:22:15.022Z > 200 GET /api/v1/ 310.19ms
INF 2026-08-04T20:22:15.023Z > 200 GET /api/v1/ 30.33ms
INF 2026-08-04T20:22:15.024Z > 200 GET /api/v1/ 17.33ms
INF 2026-08-04T20:22:15.028Z > 200 GET /api/v1/ 316.02ms
INF 2026-08-04T20:22:15.029Z > 200 GET /api/v1/ 21.18ms
INF 2026-08-04T20:22:15.030Z > 200 GET /api/v1/ 317.57ms
INF 2026-08-04T20:22:15.030Z > 200 GET /api/v1/ 23.21ms
INF 2026-08-04T20:22:15.031Z > 200 GET /api/v1/ 309.5ms
INF 2026-08-04T20:22:15.043Z > 200 GET /api/v1/ 330.64ms
INF 2026-08-04T20:22:15.043Z > 200 GET /api/v1/ 336.61ms
INF 2026-08-04T20:22:15.046Z > 200 GET /api/v1/ 318.69ms
INF 2026-08-04T20:22:15.048Z > 200 GET /api/v1/ 333.34ms
INF 2026-08-04T20:22:15.048Z > 200 GET /api/v1/ 301.24ms
INF 2026-08-04T20:22:15.053Z > 200 GET /api/v1/ 32.77ms
INF 2026-08-04T20:22:15.057Z > 200 GET /api/v1/ 36.25ms
INF 2026-08-04T20:22:15.060Z > 200 GET /api/v1/ 323.71ms
INF 2026-08-04T20:22:15.061Z > 200 GET /api/v1/ 327.86ms
INF 2026-08-04T20:22:15.065Z > 200 GET /api/v1/ 327.71ms
INF 2026-08-04T20:22:15.071Z > 200 GET /api/v1/ 284.56ms
INF 2026-08-04T20:22:15.071Z > 200 GET /api/v1/ 284.02ms
INF 2026-08-04T20:22:15.071Z > 200 GET /api/v1/ 310.43ms
INF 2026-08-04T20:22:15.072Z > 200 GET /api/v1/ 331.65ms
INF 2026-08-04T20:22:15.072Z > 200 GET /api/v1/ 41.18ms
INF 2026-08-04T20:22:15.074Z > 200 GET /api/v1/ 294.42ms
INF 2026-08-04T20:22:15.074Z > 200 GET /api/v1/ 287.8ms
INF 2026-08-04T20:22:15.075Z > 200 GET /api/v1/ 308.05ms
INF 2026-08-04T20:22:15.075Z > 200 GET /api/v1/ 297.95ms
INF 2026-08-04T20:22:15.077Z > 200 GET /api/v1/ 281.14ms
INF 2026-08-04T20:22:15.077Z > 200 GET /api/v1/ 299.62ms
INF 2026-08-04T20:22:15.080Z > 200 GET /api/v1/ 302.41ms
INF 2026-08-04T20:22:15.080Z > 200 GET /api/v1/ 326.46ms
INF 2026-08-04T20:22:15.080Z > 200 GET /api/v1/ 326.98ms
INF 2026-08-04T20:22:15.089Z > 200 GET /api/v1/ 285.51ms
INF 2026-08-04T20:22:15.089Z > 200 GET /api/v1/ 28.85ms
INF 2026-08-04T20:22:15.095Z > 200 GET /api/v1/ 330.28ms
INF 2026-08-04T20:22:15.096Z > 200 GET /api/v1/ 288.95ms
INF 2026-08-04T20:22:15.097Z > 200 GET /api/v1/ 264.98ms
INF 2026-08-04T20:22:15.100Z > 200 GET /api/v1/ 28.59ms
INF 2026-08-04T20:22:15.100Z > 200 GET /api/v1/ 255.24ms
INF 2026-08-04T20:22:15.101Z > 200 GET /api/v1/ 29.72ms
INF 2026-08-04T20:22:15.102Z > 200 GET /api/v1/ 27.94ms
INF 2026-08-04T20:22:15.103Z > 200 GET /api/v1/ 294.31ms
INF 2026-08-04T20:22:15.103Z > 200 GET /api/v1/ 271.4ms
INF 2026-08-04T20:22:15.109Z > 200 GET /api/v1/ 36.98ms
INF 2026-08-04T20:22:15.116Z > 200 GET /api/v1/ 41.36ms
INF 2026-08-04T20:22:15.117Z > 200 GET /api/v1/ 42.42ms
INF 2026-08-04T20:22:15.118Z > 200 GET /api/v1/ 320.81ms
INF 2026-08-04T20:22:15.119Z > 200 GET /api/v1/ 42.59ms
INF 2026-08-04T20:22:15.129Z > 200 GET /api/v1/ 296.22ms
INF 2026-08-04T20:22:15.129Z > 200 GET /api/v1/ 32.04ms
INF 2026-08-04T20:22:15.130Z > 200 GET /api/v1/ 352.51ms
INF 2026-08-04T20:22:15.130Z > 200 GET /api/v1/ 334.2ms
INF 2026-08-04T20:22:15.130Z > 200 GET /api/v1/ 29.77ms
INF 2026-08-04T20:22:15.131Z > 200 GET /api/v1/ 50.75ms
INF 2026-08-04T20:22:15.131Z > 200 GET /api/v1/ 29.24ms
INF 2026-08-04T20:22:15.131Z > 200 GET /api/v1/ 28.68ms
INF 2026-08-04T20:22:15.132Z > 200 GET /api/v1/ 28.76ms
INF 2026-08-04T20:22:15.136Z > 200 GET /api/v1/ 324.79ms
INF 2026-08-04T20:22:15.137Z > 200 GET /api/v1/ 27.64ms
INF 2026-08-04T20:22:15.137Z > 200 GET /api/v1/ 299.51ms
INF 2026-08-04T20:22:15.145Z > 200 GET /api/v1/ 29.58ms
INF 2026-08-04T20:22:15.148Z > 200 GET /api/v1/ 29.52ms
INF 2026-08-04T20:22:15.148Z > 200 GET /api/v1/ 18.13ms
INF 2026-08-04T20:22:15.149Z > 200 GET /api/v1/ 118.41ms
INF 2026-08-04T20:22:15.150Z > 200 GET /api/v1/ 18.34ms
INF 2026-08-04T20:22:15.150Z > 200 GET /api/v1/ 317.53ms
INF 2026-08-04T20:22:15.150Z > 200 GET /api/v1/ 314.5ms
INF 2026-08-04T20:22:15.151Z > 200 GET /api/v1/ 18.4ms
INF 2026-08-04T20:22:15.151Z > 200 GET /api/v1/ 13.36ms
INF 2026-08-04T20:22:15.151Z > 200 GET /api/v1/ 15.35ms
INF 2026-08-04T20:22:15.153Z > 200 GET /api/v1/ 301.34ms
INF 2026-08-04T20:22:15.154Z > 200 GET /api/v1/ 305.98ms
INF 2026-08-04T20:22:15.156Z > 200 GET /api/v1/ 5.5ms
INF 2026-08-04T20:22:15.156Z > 200 GET /api/v1/ 293.69ms
INF 2026-08-04T20:22:15.157Z > 200 GET /api/v1/ 5.44ms
INF 2026-08-04T20:22:15.157Z > 200 GET /api/v1/ 103.43ms
INF 2026-08-04T20:22:15.158Z > 200 GET /api/v1/ 304.48ms
INF 2026-08-04T20:22:15.158Z > 200 GET /api/v1/ 6.92ms
INF 2026-08-04T20:22:15.159Z > 200 GET /api/v1/ 101.49ms
INF 2026-08-04T20:22:15.161Z > 200 GET /api/v1/ 297.95ms
INF 2026-08-04T20:22:15.161Z > 200 GET /api/v1/ 297.63ms
INF 2026-08-04T20:22:15.162Z > 200 GET /api/v1/ 5.54ms
INF 2026-08-04T20:22:15.164Z > 200 GET /api/v1/ 34.17ms
INF 2026-08-04T20:22:15.164Z > 200 GET /api/v1/ 300.7ms
INF 2026-08-04T20:22:15.167Z > 200 GET /api/v1/ 291.97ms
INF 2026-08-04T20:22:15.168Z > 200 GET /api/v1/ 297.98ms
INF 2026-08-04T20:22:15.168Z > 200 GET /api/v1/ 5.91ms
INF 2026-08-04T20:22:15.169Z > 200 GET /api/v1/ 321.18ms
INF 2026-08-04T20:22:15.170Z > 200 GET /api/v1/ 302.88ms
INF 2026-08-04T20:22:15.174Z > 200 GET /api/v1/ 10.06ms
INF 2026-08-04T20:22:15.176Z > 200 GET /api/v1/ 8.64ms
INF 2026-08-04T20:22:15.177Z > 200 GET /api/v1/ 292.97ms
INF 2026-08-04T20:22:15.177Z > 200 GET /api/v1/ 7.0ms
INF 2026-08-04T20:22:15.177Z > 200 GET /api/v1/ 294.57ms
INF 2026-08-04T20:22:15.177Z > 200 GET /api/v1/ 297.25ms
INF 2026-08-04T20:22:15.186Z > 200 GET /api/v1/ 18.21ms
INF 2026-08-04T20:22:15.195Z > 200 GET /api/v1/ 308.9ms
INF 2026-08-04T20:22:15.199Z > 200 GET /api/v1/ 314.09ms
INF 2026-08-04T20:22:15.202Z > 200 GET /api/v1/ 311.91ms
INF 2026-08-04T20:22:15.216Z > 200 GET /api/v1/ 323.66ms
INF 2026-08-04T20:22:15.219Z > 200 GET /api/v1/ 329.32ms
INF 2026-08-04T20:22:15.220Z > 200 GET /api/v1/ 335.19ms
INF 2026-08-04T20:22:15.220Z > 200 GET /api/v1/ 332.18ms
INF 2026-08-04T20:22:15.220Z > 200 GET /api/v1/ 328.75ms
INF 2026-08-04T20:22:15.225Z > 200 GET /api/v1/ 333.99ms
INF 2026-08-04T20:22:15.231Z > 200 GET /api/v1/ 345.29ms
INF 2026-08-04T20:22:15.231Z > 200 GET /api/v1/ 345.86ms
INF 2026-08-04T20:22:15.244Z > 200 GET /api/v1/ 347.02ms
INF 2026-08-04T20:22:15.247Z > 200 GET /api/v1/ 261.01ms
INF 2026-08-04T20:22:15.252Z > 200 GET /api/v1/ 32.38ms
INF 2026-08-04T20:22:15.252Z > 200 GET /api/v1/ 36.47ms
INF 2026-08-04T20:22:15.253Z > 200 GET /api/v1/ 51.54ms
INF 2026-08-04T20:22:15.259Z > 200 GET /api/v1/ 59.44ms
INF 2026-08-04T20:22:15.260Z > 200 GET /api/v1/ 364.42ms
INF 2026-08-04T20:22:15.262Z > 200 GET /api/v1/ 369.54ms
INF 2026-08-04T20:22:15.263Z > 200 GET /api/v1/ 37.92ms
INF 2026-08-04T20:22:15.263Z > 200 GET /api/v1/ 366.89ms
INF 2026-08-04T20:22:15.267Z > 200 GET /api/v1/ 359.56ms
INF 2026-08-04T20:22:15.267Z > 200 GET /api/v1/ 46.64ms
INF 2026-08-04T20:22:15.270Z > 200 GET /api/v1/ 38.63ms
INF 2026-08-04T20:22:15.271Z > 200 GET /api/v1/ 377.77ms
INF 2026-08-04T20:22:15.272Z > 200 GET /api/v1/ 375.65ms
INF 2026-08-04T20:22:15.272Z > 200 GET /api/v1/ 326.12ms
INF 2026-08-04T20:22:15.287Z > 200 GET /api/v1/ 324.31ms
INF 2026-08-04T20:22:15.291Z > 200 GET /api/v1/ 284.31ms
INF 2026-08-04T20:22:15.291Z > 200 GET /api/v1/ 38.75ms
INF 2026-08-04T20:22:15.291Z > 200 GET /api/v1/ 283.45ms
INF 2026-08-04T20:22:15.292Z > 200 GET /api/v1/ 383.89ms
INF 2026-08-04T20:22:15.294Z > 200 GET /api/v1/ 34.74ms
INF 2026-08-04T20:22:15.295Z > 200 GET /api/v1/ 34.02ms
INF 2026-08-04T20:22:15.295Z > 200 GET /api/v1/ 387.31ms
INF 2026-08-04T20:22:15.295Z > 200 GET /api/v1/ 399.32ms
INF 2026-08-04T20:22:15.296Z > 200 GET /api/v1/ 398.96ms
INF 2026-08-04T20:22:15.297Z > 200 GET /api/v1/ 290.43ms
INF 2026-08-04T20:22:15.298Z > 200 GET /api/v1/ 35.26ms
INF 2026-08-04T20:22:15.308Z > 200 GET /api/v1/ 297.9ms
INF 2026-08-04T20:22:15.309Z > 200 GET /api/v1/ 41.84ms
INF 2026-08-04T20:22:15.309Z > 200 GET /api/v1/ 302.76ms
INF 2026-08-04T20:22:15.313Z > 200 GET /api/v1/ 42.34ms
INF 2026-08-04T20:22:15.314Z > 200 GET /api/v1/ 41.76ms
INF 2026-08-04T20:22:15.314Z > 200 GET /api/v1/ 294.32ms
INF 2026-08-04T20:22:15.319Z > 200 GET /api/v1/ 410.88ms
INF 2026-08-04T20:22:15.319Z > 200 GET /api/v1/ 162.58ms
INF 2026-08-04T20:22:15.320Z > 200 GET /api/v1/ 313.78ms
INF 2026-08-04T20:22:15.320Z > 200 GET /api/v1/ 374.14ms
INF 2026-08-04T20:22:15.321Z > 200 GET /api/v1/ 309.51ms
INF 2026-08-04T20:22:15.322Z > 200 GET /api/v1/ 308.88ms
INF 2026-08-04T20:22:15.324Z > 200 GET /api/v1/ 26.63ms
INF 2026-08-04T20:22:15.325Z > 200 GET /api/v1/ 303.91ms
INF 2026-08-04T20:22:15.325Z > 200 GET /api/v1/ 313.63ms
INF 2026-08-04T20:22:15.329Z > 200 GET /api/v1/ 322.21ms
INF 2026-08-04T20:22:15.329Z > 200 GET /api/v1/ 308.17ms
INF 2026-08-04T20:22:15.329Z > 200 GET /api/v1/ 306.79ms
INF 2026-08-04T20:22:15.330Z > 200 GET /api/v1/ 305.84ms
INF 2026-08-04T20:22:15.332Z > 200 GET /api/v1/ 300.73ms
INF 2026-08-04T20:22:15.333Z > 200 GET /api/v1/ 301.85ms
INF 2026-08-04T20:22:15.336Z > 200 GET /api/v1/ 15.16ms
INF 2026-08-04T20:22:15.338Z > 200 GET /api/v1/ 242.29ms
INF 2026-08-04T20:22:15.347Z > 200 GET /api/v1/ 286.58ms
INF 2026-08-04T20:22:15.349Z > 200 GET /api/v1/ 283.71ms
INF 2026-08-04T20:22:15.349Z > 200 GET /api/v1/ 318.36ms
INF 2026-08-04T20:22:15.350Z > 200 GET /api/v1/ 274.99ms
INF 2026-08-04T20:22:15.358Z > 200 GET /api/v1/ 278.11ms
INF 2026-08-04T20:22:15.361Z > 200 GET /api/v1/ 289.54ms
INF 2026-08-04T20:22:15.365Z > 200 GET /api/v1/ 269.31ms
INF 2026-08-04T20:22:15.367Z > 200 GET /api/v1/ 34.46ms
INF 2026-08-04T20:22:15.368Z > 200 GET /api/v1/ 250.46ms
INF 2026-08-04T20:22:15.374Z > 200 GET /api/v1/ 292.99ms
INF 2026-08-04T20:22:15.374Z > 200 GET /api/v1/ 329.21ms
INF 2026-08-04T20:22:15.376Z > 200 GET /api/v1/ 327.91ms
INF 2026-08-04T20:22:15.376Z > 200 GET /api/v1/ 304.36ms
INF 2026-08-04T20:22:15.380Z > 200 GET /api/v1/ 32.42ms
INF 2026-08-04T20:22:15.380Z > 200 GET /api/v1/ 249.42ms
INF 2026-08-04T20:22:15.381Z > 200 GET /api/v1/ 31.96ms
INF 2026-08-04T20:22:15.392Z > 200 GET /api/v1/ 41.35ms
INF 2026-08-04T20:22:15.392Z > 200 GET /api/v1/ 315.04ms
INF 2026-08-04T20:22:15.392Z > 200 GET /api/v1/ 344.13ms
INF 2026-08-04T20:22:15.397Z > 200 GET /api/v1/ 349.97ms
INF 2026-08-04T20:22:15.397Z > 200 GET /api/v1/ 266.72ms
INF 2026-08-04T20:22:15.397Z > 200 GET /api/v1/ 102.47ms
INF 2026-08-04T20:22:15.398Z > 200 GET /api/v1/ 297.8ms
INF 2026-08-04T20:22:15.398Z > 200 GET /api/v1/ 309.48ms
INF 2026-08-04T20:22:15.400Z > 200 GET /api/v1/ 267.99ms
INF 2026-08-04T20:22:15.407Z > 200 GET /api/v1/ 317.19ms
INF 2026-08-04T20:22:15.408Z > 200 GET /api/v1/ 49.82ms
INF 2026-08-04T20:22:15.414Z > 200 GET /api/v1/ 313.2ms
INF 2026-08-04T20:22:15.422Z > 200 GET /api/v1/ 272.16ms
INF 2026-08-04T20:22:15.429Z > 200 GET /api/v1/ 383.77ms
INF 2026-08-04T20:22:15.429Z > 200 GET /api/v1/ 60.74ms
INF 2026-08-04T20:22:15.430Z > 200 GET /api/v1/ 299.48ms
INF 2026-08-04T20:22:15.431Z > 200 GET /api/v1/ 285.03ms
INF 2026-08-04T20:22:15.431Z > 200 GET /api/v1/ 57.48ms
INF 2026-08-04T20:22:15.441Z > 200 GET /api/v1/ 61.22ms
INF 2026-08-04T20:22:15.442Z > 200 GET /api/v1/ 321.91ms
INF 2026-08-04T20:22:15.442Z > 200 GET /api/v1/ 67.57ms
INF 2026-08-04T20:22:15.443Z > 200 GET /api/v1/ 305.61ms
INF 2026-08-04T20:22:15.445Z > 200 GET /api/v1/ 45.48ms
INF 2026-08-04T20:22:15.447Z > 200 GET /api/v1/ 316.7ms
INF 2026-08-04T20:22:15.447Z > 200 GET /api/v1/ 66.03ms
INF 2026-08-04T20:22:15.449Z > 200 GET /api/v1/ 41.52ms
INF 2026-08-04T20:22:15.449Z > 200 GET /api/v1/ 154.23ms
INF 2026-08-04T20:22:15.449Z > 200 GET /api/v1/ 140.39ms
INF 2026-08-04T20:22:15.449Z > 200 GET /api/v1/ 425.59ms
INF 2026-08-04T20:22:15.450Z > 200 GET /api/v1/ 135.36ms
INF 2026-08-04T20:22:15.450Z > 200 GET /api/v1/ 300.04ms
INF 2026-08-04T20:22:15.451Z > 200 GET /api/v1/ 42.24ms
INF 2026-08-04T20:22:15.451Z > 200 GET /api/v1/ 301.51ms
INF 2026-08-04T20:22:15.453Z > 200 GET /api/v1/ 36.26ms
INF 2026-08-04T20:22:15.456Z > 200 GET /api/v1/ 26.6ms
INF 2026-08-04T20:22:15.456Z > 200 GET /api/v1/ 306.15ms
INF 2026-08-04T20:22:15.458Z > 200 GET /api/v1/ 8.16ms
INF 2026-08-04T20:22:15.458Z > 200 GET /api/v1/ 8.78ms
INF 2026-08-04T20:22:15.458Z > 200 GET /api/v1/ 305.31ms
INF 2026-08-04T20:22:15.458Z > 200 GET /api/v1/ 307.86ms
INF 2026-08-04T20:22:15.459Z > 200 GET /api/v1/ 9.83ms
INF 2026-08-04T20:22:15.463Z > 200 GET /api/v1/ 12.28ms
INF 2026-08-04T20:22:15.464Z > 200 GET /api/v1/ 309.32ms
INF 2026-08-04T20:22:15.465Z > 200 GET /api/v1/ 312.7ms
INF 2026-08-04T20:22:15.465Z > 200 GET /api/v1/ 6.59ms
INF 2026-08-04T20:22:15.469Z > 200 GET /api/v1/ 311.58ms
INF 2026-08-04T20:22:15.472Z > 200 GET /api/v1/ 7.84ms
INF 2026-08-04T20:22:15.474Z > 200 GET /api/v1/ 314.51ms
INF 2026-08-04T20:22:15.485Z > 200 GET /api/v1/ 326.8ms
INF 2026-08-04T20:22:15.485Z > 200 GET /api/v1/ 19.8ms
INF 2026-08-04T20:22:15.513Z > 200 GET /api/v1/ 344.58ms
INF 2026-08-04T20:22:15.523Z > 200 GET /api/v1/ 49.42ms
INF 2026-08-04T20:22:15.528Z > 200 GET /api/v1/ 363.12ms
INF 2026-08-04T20:22:15.528Z > 200 GET /api/v1/ 350.7ms
INF 2026-08-04T20:22:15.529Z > 200 GET /api/v1/ 351.88ms
INF 2026-08-04T20:22:15.531Z > 200 GET /api/v1/ 45.6ms
INF 2026-08-04T20:22:15.535Z > 200 GET /api/v1/ 372.42ms
INF 2026-08-04T20:22:15.535Z > 200 GET /api/v1/ 377.52ms
INF 2026-08-04T20:22:15.536Z > 200 GET /api/v1/ 378.88ms
INF 2026-08-04T20:22:15.536Z > 200 GET /api/v1/ 374.76ms
INF 2026-08-04T20:22:15.537Z > 200 GET /api/v1/ 361.82ms
INF 2026-08-04T20:22:15.537Z > 200 GET /api/v1/ 366.84ms
INF 2026-08-04T20:22:15.537Z > 200 GET /api/v1/ 360.06ms
INF 2026-08-04T20:22:15.538Z > 200 GET /api/v1/ 360.17ms
INF 2026-08-04T20:22:15.538Z > 200 GET /api/v1/ 291.13ms
INF 2026-08-04T20:22:15.539Z > 200 GET /api/v1/ 276.03ms
INF 2026-08-04T20:22:15.542Z > 200 GET /api/v1/ 310.03ms
INF 2026-08-04T20:22:15.542Z > 200 GET /api/v1/ 346.4ms
INF 2026-08-04T20:22:15.542Z > 200 GET /api/v1/ 270.43ms
INF 2026-08-04T20:22:15.543Z > 200 GET /api/v1/ 298.55ms
INF 2026-08-04T20:22:15.543Z > 200 GET /api/v1/ 272.5ms
INF 2026-08-04T20:22:15.543Z > 200 GET /api/v1/ 290.59ms
INF 2026-08-04T20:22:15.543Z > 200 GET /api/v1/ 30.04ms
INF 2026-08-04T20:22:15.544Z > 200 GET /api/v1/ 356.06ms
INF 2026-08-04T20:22:15.545Z > 200 GET /api/v1/ 367.4ms
INF 2026-08-04T20:22:15.546Z > 200 GET /api/v1/ 283.26ms
INF 2026-08-04T20:22:15.546Z > 200 GET /api/v1/ 17.99ms
INF 2026-08-04T20:22:15.547Z > 200 GET /api/v1/ 259.87ms
INF 2026-08-04T20:22:15.547Z > 200 GET /api/v1/ 293.22ms
INF 2026-08-04T20:22:15.550Z > 200 GET /api/v1/ 329.71ms
INF 2026-08-04T20:22:15.553Z > 200 GET /api/v1/ 259.53ms
INF 2026-08-04T20:22:15.553Z > 200 GET /api/v1/ 14.39ms
INF 2026-08-04T20:22:15.554Z > 200 GET /api/v1/ 286.61ms
INF 2026-08-04T20:22:15.555Z > 200 GET /api/v1/ 334.22ms
INF 2026-08-04T20:22:15.555Z > 200 GET /api/v1/ 243.01ms
INF 2026-08-04T20:22:15.557Z > 200 GET /api/v1/ 263.9ms
INF 2026-08-04T20:22:15.557Z > 200 GET /api/v1/ 27.88ms
INF 2026-08-04T20:22:15.570Z > 200 GET /api/v1/ 256.94ms
INF 2026-08-04T20:22:15.571Z > 200 GET /api/v1/ 29.1ms
INF 2026-08-04T20:22:15.571Z > 200 GET /api/v1/ 275.81ms
INF 2026-08-04T20:22:15.572Z > 200 GET /api/v1/ 25.45ms
INF 2026-08-04T20:22:15.572Z > 200 GET /api/v1/ 28.58ms
INF 2026-08-04T20:22:15.573Z > 200 GET /api/v1/ 276.46ms
INF 2026-08-04T20:22:15.574Z > 200 GET /api/v1/ 28.42ms
INF 2026-08-04T20:22:15.575Z > 200 GET /api/v1/ 32.18ms
INF 2026-08-04T20:22:15.582Z > 200 GET /api/v1/ 267.44ms
INF 2026-08-04T20:22:15.582Z > 200 GET /api/v1/ 26.54ms
INF 2026-08-04T20:22:15.582Z > 200 GET /api/v1/ 286.28ms
INF 2026-08-04T20:22:15.582Z > 200 GET /api/v1/ 39.62ms
INF 2026-08-04T20:22:15.582Z > 200 GET /api/v1/ 270.21ms
INF 2026-08-04T20:22:15.589Z > 200 GET /api/v1/ 268.03ms
INF 2026-08-04T20:22:15.592Z > 200 GET /api/v1/ 298.17ms
INF 2026-08-04T20:22:15.597Z > 200 GET /api/v1/ 282.98ms
INF 2026-08-04T20:22:15.600Z > 200 GET /api/v1/ 307.0ms
INF 2026-08-04T20:22:15.601Z > 200 GET /api/v1/ 279.27ms
INF 2026-08-04T20:22:15.603Z > 200 GET /api/v1/ 281.09ms
INF 2026-08-04T20:22:15.607Z > 200 GET /api/v1/ 284.98ms
INF 2026-08-04T20:22:15.610Z > 200 GET /api/v1/ 285.95ms
INF 2026-08-04T20:22:15.612Z > 200 GET /api/v1/ 39.6ms
INF 2026-08-04T20:22:15.613Z > 200 GET /api/v1/ 245.86ms
INF 2026-08-04T20:22:15.614Z > 200 GET /api/v1/ 25.55ms
INF 2026-08-04T20:22:15.615Z > 200 GET /api/v1/ 238.62ms
INF 2026-08-04T20:22:15.618Z > 200 GET /api/v1/ 284.9ms
INF 2026-08-04T20:22:15.620Z > 200 GET /api/v1/ 23.01ms
INF 2026-08-04T20:22:15.621Z > 200 GET /api/v1/ 221.62ms
INF 2026-08-04T20:22:15.622Z > 200 GET /api/v1/ 293.84ms
INF 2026-08-04T20:22:15.627Z > 200 GET /api/v1/ 52.66ms
INF 2026-08-04T20:22:15.628Z > 200 GET /api/v1/ 228.11ms
INF 2026-08-04T20:22:15.629Z > 200 GET /api/v1/ 200.1ms
INF 2026-08-04T20:22:15.629Z > 200 GET /api/v1/ 28.79ms
INF 2026-08-04T20:22:15.631Z > 200 GET /api/v1/ 24.17ms
INF 2026-08-04T20:22:15.638Z > 200 GET /api/v1/ 298.98ms
INF 2026-08-04T20:22:15.639Z > 200 GET /api/v1/ 24.75ms
INF 2026-08-04T20:22:15.645Z > 200 GET /api/v1/ 22.99ms
INF 2026-08-04T20:22:15.645Z > 200 GET /api/v1/ 214.26ms
INF 2026-08-04T20:22:15.645Z > 200 GET /api/v1/ 280.12ms
INF 2026-08-04T20:22:15.649Z > 200 GET /api/v1/ 318.83ms
INF 2026-08-04T20:22:15.649Z > 200 GET /api/v1/ 30.98ms
INF 2026-08-04T20:22:15.662Z > 200 GET /api/v1/ 33.61ms
INF 2026-08-04T20:22:15.662Z > 200 GET /api/v1/ 232.14ms
INF 2026-08-04T20:22:15.663Z > 200 GET /api/v1/ 264.87ms
INF 2026-08-04T20:22:15.663Z > 200 GET /api/v1/ 33.62ms
INF 2026-08-04T20:22:15.663Z > 200 GET /api/v1/ 341.21ms
INF 2026-08-04T20:22:15.665Z > 200 GET /api/v1/ 284.34ms
INF 2026-08-04T20:22:15.665Z > 200 GET /api/v1/ 265.1ms
INF 2026-08-04T20:22:15.665Z > 200 GET /api/v1/ 44.78ms
INF 2026-08-04T20:22:15.667Z > 200 GET /api/v1/ 225.1ms
INF 2026-08-04T20:22:15.668Z > 200 GET /api/v1/ 236.47ms
INF 2026-08-04T20:22:15.672Z > 200 GET /api/v1/ 40.97ms
INF 2026-08-04T20:22:15.673Z > 200 GET /api/v1/ 34.63ms
INF 2026-08-04T20:22:15.673Z > 200 GET /api/v1/ 348.07ms
INF 2026-08-04T20:22:15.674Z > 200 GET /api/v1/ 251.99ms
INF 2026-08-04T20:22:15.678Z > 200 GET /api/v1/ 38.71ms
INF 2026-08-04T20:22:15.680Z > 200 GET /api/v1/ 281.65ms
INF 2026-08-04T20:22:15.680Z > 200 GET /api/v1/ 237.53ms
INF 2026-08-04T20:22:15.682Z > 200 GET /api/v1/ 18.83ms
INF 2026-08-04T20:22:15.683Z > 200 GET /api/v1/ 321.22ms
INF 2026-08-04T20:22:15.683Z > 200 GET /api/v1/ 285.09ms
INF 2026-08-04T20:22:15.685Z > 200 GET /api/v1/ 336.11ms
INF 2026-08-04T20:22:15.686Z > 200 GET /api/v1/ 20.75ms
INF 2026-08-04T20:22:15.686Z > 200 GET /api/v1/ 240.11ms
INF 2026-08-04T20:22:15.688Z > 200 GET /api/v1/ 289.8ms
INF 2026-08-04T20:22:15.688Z > 200 GET /api/v1/ 352.39ms
INF 2026-08-04T20:22:15.688Z > 200 GET /api/v1/ 42.98ms
INF 2026-08-04T20:22:15.689Z > 200 GET /api/v1/ 16.21ms
INF 2026-08-04T20:22:15.690Z > 200 GET /api/v1/ 360.03ms
INF 2026-08-04T20:22:15.690Z > 200 GET /api/v1/ 16.41ms
INF 2026-08-04T20:22:15.691Z > 200 GET /api/v1/ 360.81ms
INF 2026-08-04T20:22:15.691Z > 200 GET /api/v1/ 23.31ms
INF 2026-08-04T20:22:15.691Z > 200 GET /api/v1/ 248.92ms
INF 2026-08-04T20:22:15.692Z > 200 GET /api/v1/ 26.92ms
INF 2026-08-04T20:22:15.695Z > 200 GET /api/v1/ 15.33ms
INF 2026-08-04T20:22:15.696Z > 200 GET /api/v1/ 22.5ms
INF 2026-08-04T20:22:15.696Z > 200 GET /api/v1/ 366.49ms
INF 2026-08-04T20:22:15.697Z > 200 GET /api/v1/ 247.64ms
INF 2026-08-04T20:22:15.697Z > 200 GET /api/v1/ 299.4ms
INF 2026-08-04T20:22:15.701Z > 200 GET /api/v1/ 324.8ms
INF 2026-08-04T20:22:15.702Z > 200 GET /api/v1/ 252.55ms
INF 2026-08-04T20:22:15.702Z > 200 GET /api/v1/ 253.39ms
INF 2026-08-04T20:22:15.703Z > 200 GET /api/v1/ 256.1ms
INF 2026-08-04T20:22:15.703Z > 200 GET /api/v1/ 12.75ms
INF 2026-08-04T20:22:15.708Z > 200 GET /api/v1/ 257.24ms
INF 2026-08-04T20:22:15.709Z > 200 GET /api/v1/ 21.04ms
INF 2026-08-04T20:22:15.721Z > 200 GET /api/v1/ 269.81ms
INF 2026-08-04T20:22:15.721Z > 200 GET /api/v1/ 265.19ms
INF 2026-08-04T20:22:15.722Z > 200 GET /api/v1/ 271.07ms
INF 2026-08-04T20:22:15.723Z > 200 GET /api/v1/ 25.25ms
INF 2026-08-04T20:22:15.723Z > 200 GET /api/v1/ 31.34ms
INF 2026-08-04T20:22:15.724Z > 200 GET /api/v1/ 268.75ms
INF 2026-08-04T20:22:15.730Z > 200 GET /api/v1/ 270.88ms
INF 2026-08-04T20:22:15.731Z > 200 GET /api/v1/ 274.53ms
INF 2026-08-04T20:22:15.741Z > 200 GET /api/v1/ 38.26ms
INF 2026-08-04T20:22:15.753Z > 200 GET /api/v1/ 50.21ms
INF 2026-08-04T20:22:15.754Z > 200 GET /api/v1/ 291.29ms
INF 2026-08-04T20:22:15.755Z > 200 GET /api/v1/ 269.21ms
INF 2026-08-04T20:22:15.755Z > 200 GET /api/v1/ 231.69ms
INF 2026-08-04T20:22:15.756Z > 200 GET /api/v1/ 287.06ms
INF 2026-08-04T20:22:15.756Z > 200 GET /api/v1/ 297.12ms
INF 2026-08-04T20:22:15.756Z > 200 GET /api/v1/ 297.45ms
INF 2026-08-04T20:22:15.759Z > 200 GET /api/v1/ 35.92ms
INF 2026-08-04T20:22:15.759Z > 200 GET /api/v1/ 36.49ms
INF 2026-08-04T20:22:15.760Z > 200 GET /api/v1/ 36.28ms
INF 2026-08-04T20:22:15.761Z > 200 GET /api/v1/ 288.36ms
INF 2026-08-04T20:22:15.764Z > 200 GET /api/v1/ 304.78ms
INF 2026-08-04T20:22:15.764Z > 200 GET /api/v1/ 230.3ms
INF 2026-08-04T20:22:15.767Z > 200 GET /api/v1/ 37.33ms
INF 2026-08-04T20:22:15.772Z > 200 GET /api/v1/ 216.65ms
INF 2026-08-04T20:22:15.773Z > 200 GET /api/v1/ 233.36ms
INF 2026-08-04T20:22:15.773Z > 200 GET /api/v1/ 230.01ms
INF 2026-08-04T20:22:15.773Z > 200 GET /api/v1/ 234.18ms
INF 2026-08-04T20:22:15.774Z > 200 GET /api/v1/ 307.99ms
INF 2026-08-04T20:22:15.774Z > 200 GET /api/v1/ 235.76ms
INF 2026-08-04T20:22:15.775Z > 200 GET /api/v1/ 227.89ms
INF 2026-08-04T20:22:15.777Z > 200 GET /api/v1/ 237.98ms
INF 2026-08-04T20:22:15.780Z > 200 GET /api/v1/ 241.31ms
INF 2026-08-04T20:22:15.786Z > 200 GET /api/v1/ 247.14ms
INF 2026-08-04T20:22:15.786Z > 200 GET /api/v1/ 32.02ms
INF 2026-08-04T20:22:15.787Z > 200 GET /api/v1/ 32.69ms
INF 2026-08-04T20:22:15.788Z > 200 GET /api/v1/ 32.31ms
INF 2026-08-04T20:22:15.789Z > 200 GET /api/v1/ 32.23ms
INF 2026-08-04T20:22:15.789Z > 200 GET /api/v1/ 245.88ms
INF 2026-08-04T20:22:15.789Z > 200 GET /api/v1/ 242.39ms
INF 2026-08-04T20:22:15.790Z > 200 GET /api/v1/ 250.69ms
INF 2026-08-04T20:22:15.791Z > 200 GET /api/v1/ 31.16ms
INF 2026-08-04T20:22:15.791Z > 200 GET /api/v1/ 30.82ms
INF 2026-08-04T20:22:15.792Z > 200 GET /api/v1/ 36.96ms
INF 2026-08-04T20:22:15.801Z > 200 GET /api/v1/ 40.01ms
INF 2026-08-04T20:22:15.803Z > 200 GET /api/v1/ 38.45ms
INF 2026-08-04T20:22:15.803Z > 200 GET /api/v1/ 30.62ms
INF 2026-08-04T20:22:15.803Z > 200 GET /api/v1/ 30.1ms
INF 2026-08-04T20:22:15.804Z > 200 GET /api/v1/ 28.46ms
INF 2026-08-04T20:22:15.804Z > 200 GET /api/v1/ 29.95ms
INF 2026-08-04T20:22:15.805Z > 200 GET /api/v1/ 265.29ms
INF 2026-08-04T20:22:15.806Z > 200 GET /api/v1/ 266.72ms
INF 2026-08-04T20:22:15.806Z > 200 GET /api/v1/ 250.82ms
INF 2026-08-04T20:22:15.812Z > 200 GET /api/v1/ 264.75ms
INF 2026-08-04T20:22:15.820Z > 200 GET /api/v1/ 265.01ms
INF 2026-08-04T20:22:15.821Z > 200 GET /api/v1/ 293.3ms
INF 2026-08-04T20:22:15.822Z > 200 GET /api/v1/ 278.01ms
INF 2026-08-04T20:22:15.824Z > 200 GET /api/v1/ 280.37ms
INF 2026-08-04T20:22:15.824Z > 200 GET /api/v1/ 266.59ms
INF 2026-08-04T20:22:15.826Z > 200 GET /api/v1/ 34.39ms
INF 2026-08-04T20:22:15.827Z > 200 GET /api/v1/ 36.43ms
INF 2026-08-04T20:22:15.829Z > 200 GET /api/v1/ 255.4ms
INF 2026-08-04T20:22:15.829Z > 200 GET /api/v1/ 271.65ms
INF 2026-08-04T20:22:15.830Z > 200 GET /api/v1/ 40.38ms
INF 2026-08-04T20:22:15.830Z > 200 GET /api/v1/ 27.21ms
INF 2026-08-04T20:22:15.834Z > 200 GET /api/v1/ 284.03ms
INF 2026-08-04T20:22:15.835Z > 200 GET /api/v1/ 279.21ms
INF 2026-08-04T20:22:15.837Z > 200 GET /api/v1/ 14.97ms
INF 2026-08-04T20:22:15.852Z > 200 GET /api/v1/ 268.9ms
INF 2026-08-04T20:22:15.853Z > 200 GET /api/v1/ 16.11ms
INF 2026-08-04T20:22:15.853Z > 200 GET /api/v1/ 281.85ms
INF 2026-08-04T20:22:15.854Z > 200 GET /api/v1/ 279.18ms
INF 2026-08-04T20:22:15.855Z > 200 GET /api/v1/ 282.98ms
INF 2026-08-04T20:22:15.856Z > 200 GET /api/v1/ 282.49ms
INF 2026-08-04T20:22:15.858Z > 200 GET /api/v1/ 274.68ms
INF 2026-08-04T20:22:15.858Z > 200 GET /api/v1/ 71.98ms
INF 2026-08-04T20:22:15.861Z > 200 GET /api/v1/ 278.46ms
INF 2026-08-04T20:22:15.863Z > 200 GET /api/v1/ 9.86ms
INF 2026-08-04T20:22:15.864Z > 200 GET /api/v1/ 9.32ms
INF 2026-08-04T20:22:15.867Z > 200 GET /api/v1/ 294.74ms
INF 2026-08-04T20:22:15.869Z > 200 GET /api/v1/ 64.22ms
INF 2026-08-04T20:22:15.869Z > 200 GET /api/v1/ 286.06ms
INF 2026-08-04T20:22:15.870Z > 200 GET /api/v1/ 64.48ms
INF 2026-08-04T20:22:15.872Z > 200 GET /api/v1/ 271.01ms
INF 2026-08-04T20:22:15.874Z > 200 GET /api/v1/ 282.61ms
INF 2026-08-04T20:22:15.875Z > 200 GET /api/v1/ 271.77ms
INF 2026-08-04T20:22:15.875Z > 200 GET /api/v1/ 292.04ms
INF 2026-08-04T20:22:15.885Z > 200 GET /api/v1/ 274.37ms
INF 2026-08-04T20:22:15.885Z > 200 GET /api/v1/ 273.1ms
INF 2026-08-04T20:22:15.886Z > 200 GET /api/v1/ 272.43ms
INF 2026-08-04T20:22:15.893Z > 200 GET /api/v1/ 278.8ms
INF 2026-08-04T20:22:15.894Z > 200 GET /api/v1/ 271.39ms
INF 2026-08-04T20:22:15.894Z > 200 GET /api/v1/ 266.28ms
INF 2026-08-04T20:22:15.898Z > 200 GET /api/v1/ 252.88ms
INF 2026-08-04T20:22:15.899Z > 200 GET /api/v1/ 235.24ms
INF 2026-08-04T20:22:15.903Z > 200 GET /api/v1/ 253.9ms
INF 2026-08-04T20:22:15.903Z > 200 GET /api/v1/ 273.5ms
INF 2026-08-04T20:22:15.903Z > 200 GET /api/v1/ 230.48ms
INF 2026-08-04T20:22:15.904Z > 200 GET /api/v1/ 237.68ms
INF 2026-08-04T20:22:15.904Z > 200 GET /api/v1/ 236.13ms
INF 2026-08-04T20:22:15.905Z > 200 GET /api/v1/ 241.06ms
INF 2026-08-04T20:22:15.906Z > 200 GET /api/v1/ 242.27ms
INF 2026-08-04T20:22:15.907Z > 200 GET /api/v1/ 261.88ms
INF 2026-08-04T20:22:15.907Z > 200 GET /api/v1/ 258.23ms
INF 2026-08-04T20:22:15.908Z > 200 GET /api/v1/ 244.02ms
INF 2026-08-04T20:22:15.908Z > 200 GET /api/v1/ 228.08ms
INF 2026-08-04T20:22:15.915Z > 200 GET /api/v1/ 236.54ms
INF 2026-08-04T20:22:15.916Z > 200 GET /api/v1/ 224.48ms
INF 2026-08-04T20:22:15.916Z > 200 GET /api/v1/ 233.02ms
INF 2026-08-04T20:22:15.916Z > 200 GET /api/v1/ 11.59ms
INF 2026-08-04T20:22:15.917Z > 200 GET /api/v1/ 219.2ms
INF 2026-08-04T20:22:15.919Z > 200 GET /api/v1/ 13.4ms
INF 2026-08-04T20:22:15.920Z > 200 GET /api/v1/ 231.33ms
INF 2026-08-04T20:22:15.922Z > 200 GET /api/v1/ 13.87ms
INF 2026-08-04T20:22:15.923Z > 200 GET /api/v1/ 233.59ms
INF 2026-08-04T20:22:15.927Z > 200 GET /api/v1/ 243.67ms
INF 2026-08-04T20:22:15.927Z > 200 GET /api/v1/ 229.84ms
INF 2026-08-04T20:22:15.931Z > 200 GET /api/v1/ 23.14ms
INF 2026-08-04T20:22:15.936Z > 200 GET /api/v1/ 246.99ms
INF 2026-08-04T20:22:15.941Z > 200 GET /api/v1/ 238.02ms
INF 2026-08-04T20:22:15.944Z > 200 GET /api/v1/ 241.06ms
INF 2026-08-04T20:22:15.944Z > 200 GET /api/v1/ 252.39ms
INF 2026-08-04T20:22:15.946Z > 200 GET /api/v1/ 262.46ms
INF 2026-08-04T20:22:15.946Z > 200 GET /api/v1/ 257.0ms
INF 2026-08-04T20:22:15.946Z > 200 GET /api/v1/ 236.86ms
INF 2026-08-04T20:22:15.957Z > 200 GET /api/v1/ 267.8ms
INF 2026-08-04T20:22:15.959Z > 200 GET /api/v1/ 271.52ms
INF 2026-08-04T20:22:15.960Z > 200 GET /api/v1/ 262.55ms
INF 2026-08-04T20:22:15.960Z > 200 GET /api/v1/ 268.66ms
INF 2026-08-04T20:22:15.961Z > 200 GET /api/v1/ 237.47ms
INF 2026-08-04T20:22:15.961Z > 200 GET /api/v1/ 240.59ms
INF 2026-08-04T20:22:15.962Z > 200 GET /api/v1/ 238.55ms
INF 2026-08-04T20:22:15.963Z > 200 GET /api/v1/ 264.69ms
INF 2026-08-04T20:22:15.965Z > 200 GET /api/v1/ 197.52ms
INF 2026-08-04T20:22:15.966Z > 200 GET /api/v1/ 201.37ms
INF 2026-08-04T20:22:15.969Z > 200 GET /api/v1/ 228.12ms
INF 2026-08-04T20:22:15.970Z > 200 GET /api/v1/ 247.75ms
INF 2026-08-04T20:22:15.971Z > 200 GET /api/v1/ 267.97ms
INF 2026-08-04T20:22:15.972Z > 200 GET /api/v1/ 279.51ms
INF 2026-08-04T20:22:15.974Z > 200 GET /api/v1/ 219.23ms
INF 2026-08-04T20:22:15.975Z > 200 GET /api/v1/ 30.14ms
INF 2026-08-04T20:22:15.977Z > 200 GET /api/v1/ 35.73ms
INF 2026-08-04T20:22:15.977Z > 200 GET /api/v1/ 246.53ms
INF 2026-08-04T20:22:15.978Z > 200 GET /api/v1/ 31.4ms
INF 2026-08-04T20:22:15.978Z > 200 GET /api/v1/ 219.17ms
INF 2026-08-04T20:22:15.978Z > 200 GET /api/v1/ 221.77ms
INF 2026-08-04T20:22:15.979Z > 200 GET /api/v1/ 17.52ms
INF 2026-08-04T20:22:15.979Z > 200 GET /api/v1/ 203.54ms
INF 2026-08-04T20:22:15.979Z > 200 GET /api/v1/ 198.83ms
INF 2026-08-04T20:22:15.979Z > 200 GET /api/v1/ 17.37ms
INF 2026-08-04T20:22:15.980Z > 200 GET /api/v1/ 205.06ms
INF 2026-08-04T20:22:15.980Z > 200 GET /api/v1/ 19.67ms
INF 2026-08-04T20:22:15.982Z > 200 GET /api/v1/ 205.05ms
INF 2026-08-04T20:22:15.983Z > 200 GET /api/v1/ 208.72ms
INF 2026-08-04T20:22:15.985Z > 200 GET /api/v1/ 16.13ms
INF 2026-08-04T20:22:15.986Z > 200 GET /api/v1/ 14.77ms
INF 2026-08-04T20:22:15.987Z > 200 GET /api/v1/ 12.25ms
INF 2026-08-04T20:22:15.987Z > 200 GET /api/v1/ 9.54ms
INF 2026-08-04T20:22:15.987Z > 200 GET /api/v1/ 8.23ms
INF 2026-08-04T20:22:15.987Z > 200 GET /api/v1/ 8.9ms
INF 2026-08-04T20:22:15.988Z > 200 GET /api/v1/ 8.31ms
INF 2026-08-04T20:22:15.988Z > 200 GET /api/v1/ 8.51ms
INF 2026-08-04T20:22:15.989Z > 200 GET /api/v1/ 8.86ms
INF 2026-08-04T20:22:15.989Z > 200 GET /api/v1/ 6.86ms
INF 2026-08-04T20:22:15.991Z > 200 GET /api/v1/ 74.4ms
INF 2026-08-04T20:22:15.993Z > 200 GET /api/v1/ 4.45ms
INF 2026-08-04T20:22:15.993Z > 200 GET /api/v1/ 5.47ms
INF 2026-08-04T20:22:15.993Z > 200 GET /api/v1/ 70.31ms
INF 2026-08-04T20:22:15.994Z > 200 GET /api/v1/ 4.15ms
INF 2026-08-04T20:22:15.998Z > 200 GET /api/v1/ 3.95ms
INF 2026-08-04T20:22:16.004Z > 200 GET /api/v1/ 6.77ms
INF 2026-08-04T20:22:16.017Z > 200 GET /api/v1/ 227.72ms
INF 2026-08-04T20:22:16.017Z > 200 GET /api/v1/ 230.23ms
INF 2026-08-04T20:22:16.017Z > 200 GET /api/v1/ 96.99ms
INF 2026-08-04T20:22:16.017Z > 200 GET /api/v1/ 89.53ms
INF 2026-08-04T20:22:16.017Z > 200 GET /api/v1/ 86.37ms
INF 2026-08-04T20:22:16.023Z > 200 GET /api/v1/ 18.11ms
INF 2026-08-04T20:22:16.025Z > 200 GET /api/v1/ 235.2ms
INF 2026-08-04T20:22:16.028Z > 200 GET /api/v1/ 237.27ms
INF 2026-08-04T20:22:16.038Z > 200 GET /api/v1/ 14.84ms
INF 2026-08-04T20:22:16.038Z > 200 GET /api/v1/ 233.43ms
INF 2026-08-04T20:22:16.038Z > 200 GET /api/v1/ 13.3ms
INF 2026-08-04T20:22:16.041Z > 200 GET /api/v1/ 12.78ms
INF 2026-08-04T20:22:16.042Z > 200 GET /api/v1/ 235.59ms
INF 2026-08-04T20:22:16.042Z > 200 GET /api/v1/ 239.18ms
INF 2026-08-04T20:22:16.047Z > 200 GET /api/v1/ 245.75ms
INF 2026-08-04T20:22:16.058Z > 200 GET /api/v1/ 246.32ms
INF 2026-08-04T20:22:16.062Z > 200 GET /api/v1/ 255.47ms
INF 2026-08-04T20:22:16.063Z > 200 GET /api/v1/ 241.3ms
INF 2026-08-04T20:22:16.064Z > 200 GET /api/v1/ 22.05ms
INF 2026-08-04T20:22:16.064Z > 200 GET /api/v1/ 259.02ms
INF 2026-08-04T20:22:16.064Z > 200 GET /api/v1/ 25.84ms
INF 2026-08-04T20:22:16.064Z > 200 GET /api/v1/ 22.18ms
INF 2026-08-04T20:22:16.066Z > 200 GET /api/v1/ 7.1ms
INF 2026-08-04T20:22:16.067Z > 200 GET /api/v1/ 241.84ms
INF 2026-08-04T20:22:16.069Z > 200 GET /api/v1/ 238.85ms
INF 2026-08-04T20:22:16.070Z > 200 GET /api/v1/ 244.78ms
INF 2026-08-04T20:22:16.070Z > 200 GET /api/v1/ 281.27ms
INF 2026-08-04T20:22:16.071Z > 200 GET /api/v1/ 24.05ms
INF 2026-08-04T20:22:16.072Z > 200 GET /api/v1/ 284.61ms
INF 2026-08-04T20:22:16.073Z > 200 GET /api/v1/ 251.44ms
INF 2026-08-04T20:22:16.074Z > 200 GET /api/v1/ 240.03ms
INF 2026-08-04T20:22:16.075Z > 200 GET /api/v1/ 5.5ms
INF 2026-08-04T20:22:16.076Z > 200 GET /api/v1/ 6.07ms
INF 2026-08-04T20:22:16.077Z > 200 GET /api/v1/ 247.11ms
INF 2026-08-04T20:22:16.078Z > 200 GET /api/v1/ 244.56ms
INF 2026-08-04T20:22:16.079Z > 200 GET /api/v1/ 245.08ms
INF 2026-08-04T20:22:16.080Z > 200 GET /api/v1/ 245.57ms
INF 2026-08-04T20:22:16.084Z > 200 GET /api/v1/ 4.71ms
INF 2026-08-04T20:22:16.085Z > 200 GET /api/v1/ 7.18ms
INF 2026-08-04T20:22:16.086Z > 200 GET /api/v1/ 250.5ms
INF 2026-08-04T20:22:16.088Z > 200 GET /api/v1/ 235.56ms
INF 2026-08-04T20:22:16.090Z > 200 GET /api/v1/ 254.48ms
INF 2026-08-04T20:22:16.103Z > 200 GET /api/v1/ 238.48ms
INF 2026-08-04T20:22:16.103Z > 200 GET /api/v1/ 241.3ms
INF 2026-08-04T20:22:16.106Z > 200 GET /api/v1/ 250.44ms
INF 2026-08-04T20:22:16.110Z > 200 GET /api/v1/ 251.13ms
INF 2026-08-04T20:22:16.111Z > 200 GET /api/v1/ 227.18ms
INF 2026-08-04T20:22:16.112Z > 200 GET /api/v1/ 258.37ms
INF 2026-08-04T20:22:16.116Z > 200 GET /api/v1/ 246.54ms
INF 2026-08-04T20:22:16.116Z > 200 GET /api/v1/ 251.9ms
INF 2026-08-04T20:22:16.118Z > 200 GET /api/v1/ 243.48ms
INF 2026-08-04T20:22:16.118Z > 200 GET /api/v1/ 247.72ms
INF 2026-08-04T20:22:16.118Z > 200 GET /api/v1/ 231.07ms
INF 2026-08-04T20:22:16.118Z > 200 GET /api/v1/ 259.73ms
INF 2026-08-04T20:22:16.118Z > 200 GET /api/v1/ 231.82ms
INF 2026-08-04T20:22:16.119Z > 200 GET /api/v1/ 224.12ms
INF 2026-08-04T20:22:16.121Z > 200 GET /api/v1/ 251.46ms
INF 2026-08-04T20:22:16.125Z > 200 GET /api/v1/ 254.94ms
INF 2026-08-04T20:22:16.125Z > 200 GET /api/v1/ 267.43ms
INF 2026-08-04T20:22:16.128Z > 200 GET /api/v1/ 252.57ms
INF 2026-08-04T20:22:16.129Z > 200 GET /api/v1/ 242.8ms
INF 2026-08-04T20:22:16.132Z > 200 GET /api/v1/ 247.33ms
INF 2026-08-04T20:22:16.137Z > 200 GET /api/v1/ 228.2ms
INF 2026-08-04T20:22:16.139Z > 200 GET /api/v1/ 20.43ms
INF 2026-08-04T20:22:16.142Z > 200 GET /api/v1/ 22.95ms
INF 2026-08-04T20:22:16.142Z > 200 GET /api/v1/ 243.62ms
INF 2026-08-04T20:22:16.144Z > 200 GET /api/v1/ 22.78ms
INF 2026-08-04T20:22:16.149Z > 200 GET /api/v1/ 23.73ms
INF 2026-08-04T20:22:16.156Z > 200 GET /api/v1/ 26.74ms
INF 2026-08-04T20:22:16.157Z > 200 GET /api/v1/ 40.59ms
INF 2026-08-04T20:22:16.157Z > 200 GET /api/v1/ 251.76ms
INF 2026-08-04T20:22:16.157Z > 200 GET /api/v1/ 220.9ms
INF 2026-08-04T20:22:16.157Z > 200 GET /api/v1/ 29.38ms
INF 2026-08-04T20:22:16.158Z > 200 GET /api/v1/ 213.08ms
INF 2026-08-04T20:22:16.159Z > 200 GET /api/v1/ 243.21ms
INF 2026-08-04T20:22:16.165Z > 200 GET /api/v1/ 27.69ms
INF 2026-08-04T20:22:16.165Z > 200 GET /api/v1/ 248.54ms
INF 2026-08-04T20:22:16.166Z > 200 GET /api/v1/ 26.46ms
INF 2026-08-04T20:22:16.172Z > 200 GET /api/v1/ 276.9ms
INF 2026-08-04T20:22:16.172Z > 200 GET /api/v1/ 29.56ms
INF 2026-08-04T20:22:16.172Z > 200 GET /api/v1/ 263.49ms
INF 2026-08-04T20:22:16.184Z > 200 GET /api/v1/ 266.36ms
INF 2026-08-04T20:22:16.184Z > 200 GET /api/v1/ 34.8ms
INF 2026-08-04T20:22:16.186Z > 200 GET /api/v1/ 29.53ms
INF 2026-08-04T20:22:16.186Z > 200 GET /api/v1/ 269.58ms
INF 2026-08-04T20:22:16.186Z > 200 GET /api/v1/ 29.59ms
INF 2026-08-04T20:22:16.187Z > 200 GET /api/v1/ 240.15ms
INF 2026-08-04T20:22:16.187Z > 200 GET /api/v1/ 292.1ms
INF 2026-08-04T20:22:16.188Z > 200 GET /api/v1/ 30.47ms
INF 2026-08-04T20:22:16.188Z > 200 GET /api/v1/ 289.5ms
INF 2026-08-04T20:22:16.191Z > 200 GET /api/v1/ 31.61ms
INF 2026-08-04T20:22:16.193Z > 200 GET /api/v1/ 288.2ms
INF 2026-08-04T20:22:16.194Z > 200 GET /api/v1/ 402.64ms
INF 2026-08-04T20:22:16.194Z > 200 GET /api/v1/ 130.22ms
INF 2026-08-04T20:22:16.202Z > 200 GET /api/v1/ 282.11ms
INF 2026-08-04T20:22:16.207Z > 200 GET /api/v1/ 297.95ms
INF 2026-08-04T20:22:16.209Z > 200 GET /api/v1/ 247.87ms
INF 2026-08-04T20:22:16.209Z > 200 GET /api/v1/ 286.84ms
INF 2026-08-04T20:22:16.210Z > 200 GET /api/v1/ 23.13ms
INF 2026-08-04T20:22:16.211Z > 200 GET /api/v1/ 305.32ms
INF 2026-08-04T20:22:16.211Z > 200 GET /api/v1/ 249.86ms
INF 2026-08-04T20:22:16.211Z > 200 GET /api/v1/ 265.33ms
INF 2026-08-04T20:22:16.211Z > 200 GET /api/v1/ 251.85ms
INF 2026-08-04T20:22:16.213Z > 200 GET /api/v1/ 21.76ms
INF 2026-08-04T20:22:16.213Z > 200 GET /api/v1/ 19.94ms
INF 2026-08-04T20:22:16.214Z > 200 GET /api/v1/ 19.75ms
INF 2026-08-04T20:22:16.216Z > 200 GET /api/v1/ 250.78ms
INF 2026-08-04T20:22:16.218Z > 200 GET /api/v1/ 30.93ms
INF 2026-08-04T20:22:16.219Z > 200 GET /api/v1/ 246.83ms
INF 2026-08-04T20:22:16.219Z > 200 GET /api/v1/ 256.66ms
INF 2026-08-04T20:22:16.221Z > 200 GET /api/v1/ 250.15ms
INF 2026-08-04T20:22:16.222Z > 200 GET /api/v1/ 256.1ms
INF 2026-08-04T20:22:16.222Z > 200 GET /api/v1/ 12.84ms
INF 2026-08-04T20:22:16.223Z > 200 GET /api/v1/ 12.29ms
INF 2026-08-04T20:22:16.224Z > 200 GET /api/v1/ 14.35ms
INF 2026-08-04T20:22:16.224Z > 200 GET /api/v1/ 10.0ms
INF 2026-08-04T20:22:16.224Z > 200 GET /api/v1/ 11.12ms
INF 2026-08-04T20:22:16.225Z > 200 GET /api/v1/ 13.11ms
INF 2026-08-04T20:22:16.227Z > 200 GET /api/v1/ 8.04ms
INF 2026-08-04T20:22:16.227Z > 200 GET /api/v1/ 8.97ms
INF 2026-08-04T20:22:16.227Z > 200 GET /api/v1/ 7.96ms
INF 2026-08-04T20:22:16.229Z > 200 GET /api/v1/ 4.37ms
INF 2026-08-04T20:22:16.229Z > 200 GET /api/v1/ 4.42ms
INF 2026-08-04T20:22:16.230Z > 200 GET /api/v1/ 272.47ms
INF 2026-08-04T20:22:16.231Z > 200 GET /api/v1/ 65.87ms
INF 2026-08-04T20:22:16.231Z > 200 GET /api/v1/ 73.28ms
INF 2026-08-04T20:22:16.231Z > 200 GET /api/v1/ 304.19ms
INF 2026-08-04T20:22:16.232Z > 200 GET /api/v1/ 66.72ms
INF 2026-08-04T20:22:16.243Z > 200 GET /api/v1/ 14.06ms
INF 2026-08-04T20:22:16.243Z > 200 GET /api/v1/ 338.36ms
INF 2026-08-04T20:22:16.244Z > 200 GET /api/v1/ 71.21ms
INF 2026-08-04T20:22:16.259Z > 200 GET /api/v1/ 71.93ms
INF 2026-08-04T20:22:16.267Z > 200 GET /api/v1/ 287.33ms
INF 2026-08-04T20:22:16.267Z > 200 GET /api/v1/ 280.83ms
INF 2026-08-04T20:22:16.268Z > 200 GET /api/v1/ 289.69ms
INF 2026-08-04T20:22:16.268Z > 200 GET /api/v1/ 290.69ms
INF 2026-08-04T20:22:16.270Z > 200 GET /api/v1/ 294.99ms
INF 2026-08-04T20:22:16.270Z > 200 GET /api/v1/ 39.15ms
INF 2026-08-04T20:22:16.270Z > 200 GET /api/v1/ 284.19ms
INF 2026-08-04T20:22:16.271Z > 200 GET /api/v1/ 283.55ms
INF 2026-08-04T20:22:16.273Z > 200 GET /api/v1/ 285.28ms
INF 2026-08-04T20:22:16.275Z > 200 GET /api/v1/ 210.76ms
INF 2026-08-04T20:22:16.276Z > 200 GET /api/v1/ 296.13ms
INF 2026-08-04T20:22:16.277Z > 200 GET /api/v1/ 294.6ms
INF 2026-08-04T20:22:16.278Z > 200 GET /api/v1/ 288.08ms
INF 2026-08-04T20:22:16.278Z > 200 GET /api/v1/ 284.78ms
INF 2026-08-04T20:22:16.278Z > 200 GET /api/v1/ 289.87ms
INF 2026-08-04T20:22:16.279Z > 200 GET /api/v1/ 299.46ms
INF 2026-08-04T20:22:16.279Z > 200 GET /api/v1/ 291.28ms
INF 2026-08-04T20:22:16.279Z > 200 GET /api/v1/ 286.23ms
INF 2026-08-04T20:22:16.280Z > 200 GET /api/v1/ 262.38ms
INF 2026-08-04T20:22:16.282Z > 200 GET /api/v1/ 290.69ms
INF 2026-08-04T20:22:16.282Z > 200 GET /api/v1/ 15.26ms
INF 2026-08-04T20:22:16.288Z > 200 GET /api/v1/ 270.28ms
INF 2026-08-04T20:22:16.288Z > 200 GET /api/v1/ 17.54ms
INF 2026-08-04T20:22:16.289Z > 200 GET /api/v1/ 250.31ms
INF 2026-08-04T20:22:16.290Z > 200 GET /api/v1/ 272.09ms
INF 2026-08-04T20:22:16.292Z > 200 GET /api/v1/ 273.85ms
INF 2026-08-04T20:22:16.292Z > 200 GET /api/v1/ 274.13ms
INF 2026-08-04T20:22:16.292Z > 200 GET /api/v1/ 227.91ms
INF 2026-08-04T20:22:16.295Z > 200 GET /api/v1/ 15.29ms
INF 2026-08-04T20:22:16.295Z > 200 GET /api/v1/ 230.66ms
INF 2026-08-04T20:22:16.296Z > 200 GET /api/v1/ 15.56ms
INF 2026-08-04T20:22:16.296Z > 200 GET /api/v1/ 230.66ms
INF 2026-08-04T20:22:16.307Z > 200 GET /api/v1/ 27.73ms
INF 2026-08-04T20:22:16.307Z > 200 GET /api/v1/ 264.83ms
INF 2026-08-04T20:22:16.307Z > 200 GET /api/v1/ 245.05ms
INF 2026-08-04T20:22:16.308Z > 200 GET /api/v1/ 269.31ms
INF 2026-08-04T20:22:16.311Z > 200 GET /api/v1/ 239.11ms
INF 2026-08-04T20:22:16.319Z > 200 GET /api/v1/ 246.1ms
INF 2026-08-04T20:22:16.322Z > 200 GET /api/v1/ 236.97ms
INF 2026-08-04T20:22:16.322Z > 200 GET /api/v1/ 33.39ms
INF 2026-08-04T20:22:16.337Z > 200 GET /api/v1/ 29.77ms
INF 2026-08-04T20:22:16.339Z > 200 GET /api/v1/ 263.74ms
INF 2026-08-04T20:22:16.347Z > 200 GET /api/v1/ 271.41ms
INF 2026-08-04T20:22:16.348Z > 200 GET /api/v1/ 259.83ms
INF 2026-08-04T20:22:16.348Z > 200 GET /api/v1/ 275.11ms
INF 2026-08-04T20:22:16.348Z > 200 GET /api/v1/ 236.97ms
INF 2026-08-04T20:22:16.348Z > 200 GET /api/v1/ 269.02ms
INF 2026-08-04T20:22:16.349Z > 200 GET /api/v1/ 269.45ms
INF 2026-08-04T20:22:16.349Z > 200 GET /api/v1/ 244.52ms
INF 2026-08-04T20:22:16.349Z > 200 GET /api/v1/ 281.9ms
INF 2026-08-04T20:22:16.349Z > 200 GET /api/v1/ 277.22ms
INF 2026-08-04T20:22:16.349Z > 200 GET /api/v1/ 231.58ms
INF 2026-08-04T20:22:16.350Z > 200 GET /api/v1/ 231.64ms
INF 2026-08-04T20:22:16.350Z > 200 GET /api/v1/ 265.64ms
INF 2026-08-04T20:22:16.351Z > 200 GET /api/v1/ 260.07ms
INF 2026-08-04T20:22:16.351Z > 200 GET /api/v1/ 246.54ms
INF 2026-08-04T20:22:16.351Z > 200 GET /api/v1/ 244.87ms
INF 2026-08-04T20:22:16.351Z > 200 GET /api/v1/ 206.96ms
INF 2026-08-04T20:22:16.352Z > 200 GET /api/v1/ 239.32ms
INF 2026-08-04T20:22:16.352Z > 200 GET /api/v1/ 32.63ms
INF 2026-08-04T20:22:16.352Z > 200 GET /api/v1/ 287.86ms
INF 2026-08-04T20:22:16.352Z > 200 GET /api/v1/ 265.86ms
INF 2026-08-04T20:22:16.353Z > 200 GET /api/v1/ 30.59ms
INF 2026-08-04T20:22:16.355Z > 200 GET /api/v1/ 239.09ms
INF 2026-08-04T20:22:16.356Z > 200 GET /api/v1/ 243.3ms
INF 2026-08-04T20:22:16.359Z > 200 GET /api/v1/ 285.1ms
INF 2026-08-04T20:22:16.360Z > 200 GET /api/v1/ 241.48ms
INF 2026-08-04T20:22:16.363Z > 200 GET /api/v1/ 220.62ms
INF 2026-08-04T20:22:16.368Z > 200 GET /api/v1/ 210.19ms
INF 2026-08-04T20:22:16.373Z > 200 GET /api/v1/ 254.34ms
INF 2026-08-04T20:22:16.373Z > 200 GET /api/v1/ 207.42ms
INF 2026-08-04T20:22:16.374Z > 200 GET /api/v1/ 241.87ms
INF 2026-08-04T20:22:16.374Z > 200 GET /api/v1/ 35.09ms
INF 2026-08-04T20:22:16.374Z > 200 GET /api/v1/ 25.93ms
INF 2026-08-04T20:22:16.375Z > 200 GET /api/v1/ 25.57ms
INF 2026-08-04T20:22:16.375Z > 200 GET /api/v1/ 25.58ms
INF 2026-08-04T20:22:16.375Z > 200 GET /api/v1/ 24.8ms
INF 2026-08-04T20:22:16.376Z > 200 GET /api/v1/ 24.68ms
INF 2026-08-04T20:22:16.376Z > 200 GET /api/v1/ 24.07ms
INF 2026-08-04T20:22:16.384Z > 200 GET /api/v1/ 258.84ms
INF 2026-08-04T20:22:16.385Z > 200 GET /api/v1/ 32.56ms
INF 2026-08-04T20:22:16.385Z > 200 GET /api/v1/ 32.13ms
INF 2026-08-04T20:22:16.385Z > 200 GET /api/v1/ 35.95ms
INF 2026-08-04T20:22:16.385Z > 200 GET /api/v1/ 34.67ms
INF 2026-08-04T20:22:16.386Z > 200 GET /api/v1/ 29.75ms
INF 2026-08-04T20:22:16.386Z > 200 GET /api/v1/ 25.16ms
INF 2026-08-04T20:22:16.386Z > 200 GET /api/v1/ 392.28ms
INF 2026-08-04T20:22:16.386Z > 200 GET /api/v1/ 38.48ms
INF 2026-08-04T20:22:16.392Z > 200 GET /api/v1/ 28.92ms
INF 2026-08-04T20:22:16.400Z > 200 GET /api/v1/ 25.99ms
INF 2026-08-04T20:22:16.400Z > 200 GET /api/v1/ 13.9ms
INF 2026-08-04T20:22:16.401Z > 200 GET /api/v1/ 25.89ms
INF 2026-08-04T20:22:16.401Z > 200 GET /api/v1/ 33.32ms
INF 2026-08-04T20:22:16.402Z > 200 GET /api/v1/ 28.44ms
INF 2026-08-04T20:22:16.402Z > 200 GET /api/v1/ 25.97ms
INF 2026-08-04T20:22:16.402Z > 200 GET /api/v1/ 15.43ms
INF 2026-08-04T20:22:16.412Z > 200 GET /api/v1/ 226.66ms
INF 2026-08-04T20:22:16.415Z > 200 GET /api/v1/ 15.08ms
INF 2026-08-04T20:22:16.416Z > 200 GET /api/v1/ 227.97ms
INF 2026-08-04T20:22:16.416Z > 200 GET /api/v1/ 14.33ms
INF 2026-08-04T20:22:16.416Z > 200 GET /api/v1/ 14.31ms
INF 2026-08-04T20:22:16.417Z > 200 GET /api/v1/ 14.57ms
INF 2026-08-04T20:22:16.419Z > 200 GET /api/v1/ 234.23ms
INF 2026-08-04T20:22:16.424Z > 200 GET /api/v1/ 12.02ms
INF 2026-08-04T20:22:16.424Z > 200 GET /api/v1/ 235.41ms
INF 2026-08-04T20:22:16.426Z > 200 GET /api/v1/ 223.53ms
INF 2026-08-04T20:22:16.428Z > 200 GET /api/v1/ 11.72ms
INF 2026-08-04T20:22:16.428Z > 200 GET /api/v1/ 11.77ms
INF 2026-08-04T20:22:16.432Z > 200 GET /api/v1/ 13.08ms
INF 2026-08-04T20:22:16.437Z > 200 GET /api/v1/ 9.06ms
INF 2026-08-04T20:22:16.437Z > 200 GET /api/v1/ 11.37ms
INF 2026-08-04T20:22:16.438Z > 200 GET /api/v1/ 231.06ms
INF 2026-08-04T20:22:16.444Z > 200 GET /api/v1/ 232.78ms
INF 2026-08-04T20:22:16.451Z > 200 GET /api/v1/ 229.68ms
INF 2026-08-04T20:22:16.452Z > 200 GET /api/v1/ 14.74ms
INF 2026-08-04T20:22:16.452Z > 200 GET /api/v1/ 14.37ms
INF 2026-08-04T20:22:16.455Z > 200 GET /api/v1/ 297.53ms
INF 2026-08-04T20:22:16.456Z > 200 GET /api/v1/ 283.02ms
INF 2026-08-04T20:22:16.462Z > 200 GET /api/v1/ 245.61ms
INF 2026-08-04T20:22:16.463Z > 200 GET /api/v1/ 277.0ms
INF 2026-08-04T20:22:16.463Z > 200 GET /api/v1/ 269.13ms
INF 2026-08-04T20:22:16.463Z > 200 GET /api/v1/ 253.74ms
INF 2026-08-04T20:22:16.464Z > 200 GET /api/v1/ 252.3ms
INF 2026-08-04T20:22:16.465Z > 200 GET /api/v1/ 292.68ms
INF 2026-08-04T20:22:16.466Z > 200 GET /api/v1/ 252.56ms
INF 2026-08-04T20:22:16.477Z > 200 GET /api/v1/ 290.16ms
INF 2026-08-04T20:22:16.479Z > 200 GET /api/v1/ 256.48ms
INF 2026-08-04T20:22:16.479Z > 200 GET /api/v1/ 28.02ms
INF 2026-08-04T20:22:16.479Z > 200 GET /api/v1/ 256.81ms
INF 2026-08-04T20:22:16.482Z > 200 GET /api/v1/ 29.96ms
INF 2026-08-04T20:22:16.485Z > 200 GET /api/v1/ 29.71ms
INF 2026-08-04T20:22:16.486Z > 200 GET /api/v1/ 24.54ms
INF 2026-08-04T20:22:16.487Z > 200 GET /api/v1/ 31.9ms
INF 2026-08-04T20:22:16.487Z > 200 GET /api/v1/ 23.49ms
INF 2026-08-04T20:22:16.491Z > 200 GET /api/v1/ 27.17ms
INF 2026-08-04T20:22:16.497Z > 200 GET /api/v1/ 30.84ms
INF 2026-08-04T20:22:16.498Z > 200 GET /api/v1/ 18.45ms
INF 2026-08-04T20:22:16.499Z > 200 GET /api/v1/ 19.31ms
INF 2026-08-04T20:22:16.500Z > 200 GET /api/v1/ 14.03ms
INF 2026-08-04T20:22:16.500Z > 200 GET /api/v1/ 13.1ms
INF 2026-08-04T20:22:16.500Z > 200 GET /api/v1/ 275.76ms
INF 2026-08-04T20:22:16.501Z > 200 GET /api/v1/ 9.69ms
INF 2026-08-04T20:22:16.501Z > 200 GET /api/v1/ 276.48ms
INF 2026-08-04T20:22:16.501Z > 200 GET /api/v1/ 277.33ms
INF 2026-08-04T20:22:16.502Z > 200 GET /api/v1/ 274.7ms
INF 2026-08-04T20:22:16.504Z > 200 GET /api/v1/ 276.47ms
INF 2026-08-04T20:22:16.504Z > 200 GET /api/v1/ 275.47ms
INF 2026-08-04T20:22:16.505Z > 200 GET /api/v1/ 277.35ms
INF 2026-08-04T20:22:16.506Z > 200 GET /api/v1/ 6.0ms
INF 2026-08-04T20:22:16.508Z > 200 GET /api/v1/ 276.88ms
INF 2026-08-04T20:22:16.510Z > 200 GET /api/v1/ 278.69ms
INF 2026-08-04T20:22:16.514Z > 200 GET /api/v1/ 6.91ms
INF 2026-08-04T20:22:16.515Z > 200 GET /api/v1/ 283.9ms
INF 2026-08-04T20:22:16.516Z > 200 GET /api/v1/ 272.2ms
INF 2026-08-04T20:22:16.517Z > 200 GET /api/v1/ 284.12ms
INF 2026-08-04T20:22:16.517Z > 200 GET /api/v1/ 273.21ms
INF 2026-08-04T20:22:16.519Z > 200 GET /api/v1/ 275.49ms
INF 2026-08-04T20:22:16.520Z > 200 GET /api/v1/ 244.67ms
INF 2026-08-04T20:22:16.522Z > 200 GET /api/v1/ 251.22ms
INF 2026-08-04T20:22:16.524Z > 200 GET /api/v1/ 6.81ms
INF 2026-08-04T20:22:16.525Z > 200 GET /api/v1/ 266.43ms
INF 2026-08-04T20:22:16.526Z > 200 GET /api/v1/ 259.04ms
INF 2026-08-04T20:22:16.527Z > 200 GET /api/v1/ 249.4ms
INF 2026-08-04T20:22:16.528Z > 200 GET /api/v1/ 258.18ms
INF 2026-08-04T20:22:16.528Z > 200 GET /api/v1/ 255.71ms
INF 2026-08-04T20:22:16.530Z > 200 GET /api/v1/ 248.03ms
INF 2026-08-04T20:22:16.531Z > 200 GET /api/v1/ 258.86ms
INF 2026-08-04T20:22:16.531Z > 200 GET /api/v1/ 261.6ms
INF 2026-08-04T20:22:16.540Z > 200 GET /api/v1/ 261.02ms
INF 2026-08-04T20:22:16.541Z > 200 GET /api/v1/ 262.36ms
INF 2026-08-04T20:22:16.542Z > 200 GET /api/v1/ 263.08ms
INF 2026-08-04T20:22:16.546Z > 200 GET /api/v1/ 266.64ms
INF 2026-08-04T20:22:16.556Z > 200 GET /api/v1/ 28.47ms
INF 2026-08-04T20:22:16.564Z > 200 GET /api/v1/ 36.2ms
INF 2026-08-04T20:22:16.575Z > 200 GET /api/v1/ 266.59ms
INF 2026-08-04T20:22:16.577Z > 200 GET /api/v1/ 223.86ms
INF 2026-08-04T20:22:16.579Z > 200 GET /api/v1/ 193.04ms
INF 2026-08-04T20:22:16.580Z > 200 GET /api/v1/ 4.46ms
INF 2026-08-04T20:22:16.580Z > 200 GET /api/v1/ 205.54ms
INF 2026-08-04T20:22:16.581Z > 200 GET /api/v1/ 205.36ms
INF 2026-08-04T20:22:16.581Z > 200 GET /api/v1/ 4.08ms
INF 2026-08-04T20:22:16.584Z > 200 GET /api/v1/ 274.59ms
INF 2026-08-04T20:22:16.584Z > 200 GET /api/v1/ 2.88ms
INF 2026-08-04T20:22:16.594Z > 200 GET /api/v1/ 219.78ms
INF 2026-08-04T20:22:16.594Z > 200 GET /api/v1/ 245.99ms
INF 2026-08-04T20:22:16.595Z > 200 GET /api/v1/ 241.86ms
INF 2026-08-04T20:22:16.595Z > 200 GET /api/v1/ 235.58ms
INF 2026-08-04T20:22:16.596Z > 200 GET /api/v1/ 209.63ms
INF 2026-08-04T20:22:16.596Z > 200 GET /api/v1/ 222.84ms
INF 2026-08-04T20:22:16.599Z > 200 GET /api/v1/ 3.83ms
INF 2026-08-04T20:22:16.600Z > 200 GET /api/v1/ 4.16ms
INF 2026-08-04T20:22:16.602Z > 200 GET /api/v1/ 250.07ms
INF 2026-08-04T20:22:16.602Z > 200 GET /api/v1/ 226.4ms
INF 2026-08-04T20:22:16.603Z > 200 GET /api/v1/ 246.99ms
INF 2026-08-04T20:22:16.604Z > 200 GET /api/v1/ 281.64ms
INF 2026-08-04T20:22:16.605Z > 200 GET /api/v1/ 256.17ms
INF 2026-08-04T20:22:16.607Z > 200 GET /api/v1/ 257.1ms
INF 2026-08-04T20:22:16.609Z > 200 GET /api/v1/ 332.08ms
INF 2026-08-04T20:22:16.609Z > 200 GET /api/v1/ 320.26ms
INF 2026-08-04T20:22:16.610Z > 200 GET /api/v1/ 68.26ms
INF 2026-08-04T20:22:16.610Z > 200 GET /api/v1/ 318.02ms
INF 2026-08-04T20:22:16.611Z > 200 GET /api/v1/ 3.82ms
INF 2026-08-04T20:22:16.611Z > 200 GET /api/v1/ 290.12ms
INF 2026-08-04T20:22:16.612Z > 200 GET /api/v1/ 302.72ms
INF 2026-08-04T20:22:16.623Z > 200 GET /api/v1/ 341.23ms
INF 2026-08-04T20:22:16.624Z > 200 GET /api/v1/ 343.42ms
INF 2026-08-04T20:22:16.624Z > 200 GET /api/v1/ 327.88ms
INF 2026-08-04T20:22:16.624Z > 200 GET /api/v1/ 93.04ms
INF 2026-08-04T20:22:16.624Z > 200 GET /api/v1/ 315.34ms
INF 2026-08-04T20:22:16.625Z > 200 GET /api/v1/ 335.81ms
INF 2026-08-04T20:22:16.625Z > 200 GET /api/v1/ 328.81ms
INF 2026-08-04T20:22:16.625Z > 200 GET /api/v1/ 332.6ms
INF 2026-08-04T20:22:16.626Z > 200 GET /api/v1/ 334.63ms
INF 2026-08-04T20:22:16.626Z > 200 GET /api/v1/ 329.5ms
INF 2026-08-04T20:22:16.653Z > 200 GET /api/v1/ 252.68ms
INF 2026-08-04T20:22:16.656Z > 200 GET /api/v1/ 254.53ms
INF 2026-08-04T20:22:16.659Z > 200 GET /api/v1/ 272.78ms
INF 2026-08-04T20:22:16.661Z > 200 GET /api/v1/ 258.46ms
INF 2026-08-04T20:22:16.661Z > 200 GET /api/v1/ 274.1ms
INF 2026-08-04T20:22:16.666Z > 200 GET /api/v1/ 279.33ms
INF 2026-08-04T20:22:16.666Z > 200 GET /api/v1/ 274.45ms
INF 2026-08-04T20:22:16.671Z > 200 GET /api/v1/ 284.1ms
INF 2026-08-04T20:22:16.675Z > 200 GET /api/v1/ 15.39ms
INF 2026-08-04T20:22:16.675Z > 200 GET /api/v1/ 14.39ms
INF 2026-08-04T20:22:16.676Z > 200 GET /api/v1/ 260.43ms
INF 2026-08-04T20:22:16.676Z > 200 GET /api/v1/ 9.52ms
INF 2026-08-04T20:22:16.677Z > 200 GET /api/v1/ 260.81ms
INF 2026-08-04T20:22:16.684Z > 200 GET /api/v1/ 267.22ms
INF 2026-08-04T20:22:16.685Z > 200 GET /api/v1/ 260.47ms
INF 2026-08-04T20:22:16.686Z > 200 GET /api/v1/ 10.83ms
INF 2026-08-04T20:22:16.687Z > 200 GET /api/v1/ 10.95ms
INF 2026-08-04T20:22:16.689Z > 200 GET /api/v1/ 11.64ms
INF 2026-08-04T20:22:16.696Z > 200 GET /api/v1/ 344.54ms
INF 2026-08-04T20:22:16.698Z > 200 GET /api/v1/ 345.86ms
INF 2026-08-04T20:22:16.698Z > 200 GET /api/v1/ 361.41ms
INF 2026-08-04T20:22:16.699Z > 200 GET /api/v1/ 350.52ms
INF 2026-08-04T20:22:16.699Z > 200 GET /api/v1/ 406.39ms
INF 2026-08-04T20:22:16.700Z > 200 GET /api/v1/ 326.48ms
INF 2026-08-04T20:22:16.702Z > 200 GET /api/v1/ 117.73ms
INF 2026-08-04T20:22:16.703Z > 200 GET /api/v1/ 353.65ms
INF 2026-08-04T20:22:16.706Z > 200 GET /api/v1/ 141.72ms
INF 2026-08-04T20:22:16.708Z > 200 GET /api/v1/ 270.13ms
INF 2026-08-04T20:22:16.714Z > 200 GET /api/v1/ 102.75ms
INF 2026-08-04T20:22:16.715Z > 200 GET /api/v1/ 103.0ms
INF 2026-08-04T20:22:16.716Z > 200 GET /api/v1/ 105.76ms
INF 2026-08-04T20:22:16.717Z > 200 GET /api/v1/ 330.01ms
INF 2026-08-04T20:22:16.717Z > 200 GET /api/v1/ 284.5ms
INF 2026-08-04T20:22:16.722Z > 200 GET /api/v1/ 293.62ms
INF 2026-08-04T20:22:16.731Z > 200 GET /api/v1/ 286.96ms
INF 2026-08-04T20:22:16.731Z > 200 GET /api/v1/ 32.68ms
INF 2026-08-04T20:22:16.732Z > 200 GET /api/v1/ 279.21ms
INF 2026-08-04T20:22:16.732Z > 200 GET /api/v1/ 268.4ms
INF 2026-08-04T20:22:16.732Z > 200 GET /api/v1/ 30.48ms
INF 2026-08-04T20:22:16.732Z > 200 GET /api/v1/ 34.21ms
INF 2026-08-04T20:22:16.733Z > 200 GET /api/v1/ 29.92ms
INF 2026-08-04T20:22:16.734Z > 200 GET /api/v1/ 309.87ms
INF 2026-08-04T20:22:16.734Z > 200 GET /api/v1/ 26.6ms
INF 2026-08-04T20:22:16.738Z > 200 GET /api/v1/ 31.74ms
INF 2026-08-04T20:22:16.740Z > 200 GET /api/v1/ 23.03ms
INF 2026-08-04T20:22:16.740Z > 200 GET /api/v1/ 22.87ms
INF 2026-08-04T20:22:16.741Z > 200 GET /api/v1/ 56.18ms
INF 2026-08-04T20:22:16.742Z > 200 GET /api/v1/ 9.08ms
INF 2026-08-04T20:22:16.742Z > 200 GET /api/v1/ 53.59ms
INF 2026-08-04T20:22:16.743Z > 200 GET /api/v1/ 278.82ms
INF 2026-08-04T20:22:16.745Z > 200 GET /api/v1/ 58.62ms
INF 2026-08-04T20:22:16.745Z > 200 GET /api/v1/ 10.77ms
INF 2026-08-04T20:22:16.748Z > 200 GET /api/v1/ 260.82ms
INF 2026-08-04T20:22:16.748Z > 200 GET /api/v1/ 5.67ms
INF 2026-08-04T20:22:16.752Z > 200 GET /api/v1/ 269.25ms
INF 2026-08-04T20:22:16.752Z > 200 GET /api/v1/ 254.88ms
INF 2026-08-04T20:22:16.753Z > 200 GET /api/v1/ 253.79ms
INF 2026-08-04T20:22:16.755Z > 200 GET /api/v1/ 253.07ms
INF 2026-08-04T20:22:16.757Z > 200 GET /api/v1/ 277.33ms
INF 2026-08-04T20:22:16.757Z > 200 GET /api/v1/ 255.85ms
INF 2026-08-04T20:22:16.757Z > 200 GET /api/v1/ 257.51ms
INF 2026-08-04T20:22:16.758Z > 200 GET /api/v1/ 260.29ms
INF 2026-08-04T20:22:16.758Z > 200 GET /api/v1/ 257.52ms
INF 2026-08-04T20:22:16.761Z > 200 GET /api/v1/ 252.2ms
INF 2026-08-04T20:22:16.761Z > 200 GET /api/v1/ 273.93ms
INF 2026-08-04T20:22:16.761Z > 200 GET /api/v1/ 259.87ms
INF 2026-08-04T20:22:16.762Z > 200 GET /api/v1/ 259.39ms
INF 2026-08-04T20:22:16.762Z > 200 GET /api/v1/ 296.72ms
INF 2026-08-04T20:22:16.763Z > 200 GET /api/v1/ 284.97ms
INF 2026-08-04T20:22:16.763Z > 200 GET /api/v1/ 249.22ms
INF 2026-08-04T20:22:16.764Z > 200 GET /api/v1/ 244.22ms
INF 2026-08-04T20:22:16.770Z > 200 GET /api/v1/ 259.51ms
INF 2026-08-04T20:22:16.770Z > 200 GET /api/v1/ 12.3ms
INF 2026-08-04T20:22:16.771Z > 200 GET /api/v1/ 253.82ms
INF 2026-08-04T20:22:16.772Z > 200 GET /api/v1/ 266.31ms
INF 2026-08-04T20:22:16.772Z > 200 GET /api/v1/ 254.52ms
INF 2026-08-04T20:22:16.772Z > 200 GET /api/v1/ 267.6ms
INF 2026-08-04T20:22:16.772Z > 200 GET /api/v1/ 255.08ms
INF 2026-08-04T20:22:16.773Z > 200 GET /api/v1/ 11.63ms
INF 2026-08-04T20:22:16.783Z > 200 GET /api/v1/ 19.94ms
INF 2026-08-04T20:22:16.784Z > 200 GET /api/v1/ 257.38ms
INF 2026-08-04T20:22:16.784Z > 200 GET /api/v1/ 263.59ms
INF 2026-08-04T20:22:16.785Z > 200 GET /api/v1/ 261.76ms
INF 2026-08-04T20:22:16.785Z > 200 GET /api/v1/ 260.28ms
INF 2026-08-04T20:22:16.791Z > 200 GET /api/v1/ 264.38ms
INF 2026-08-04T20:22:16.793Z > 200 GET /api/v1/ 246.91ms
INF 2026-08-04T20:22:16.794Z > 200 GET /api/v1/ 265.48ms
INF 2026-08-04T20:22:16.795Z > 200 GET /api/v1/ 255.6ms
INF 2026-08-04T20:22:16.798Z > 200 GET /api/v1/ 25.91ms
INF 2026-08-04T20:22:16.798Z > 200 GET /api/v1/ 256.42ms
INF 2026-08-04T20:22:16.799Z > 200 GET /api/v1/ 219.17ms
INF 2026-08-04T20:22:16.799Z > 200 GET /api/v1/ 267.63ms
INF 2026-08-04T20:22:16.800Z > 200 GET /api/v1/ 205.68ms
INF 2026-08-04T20:22:16.801Z > 200 GET /api/v1/ 259.78ms
INF 2026-08-04T20:22:16.801Z > 200 GET /api/v1/ 220.85ms
INF 2026-08-04T20:22:16.804Z > 200 GET /api/v1/ 222.55ms
INF 2026-08-04T20:22:16.805Z > 200 GET /api/v1/ 221.05ms
INF 2026-08-04T20:22:16.806Z > 200 GET /api/v1/ 225.57ms
INF 2026-08-04T20:22:16.808Z > 200 GET /api/v1/ 251.26ms
INF 2026-08-04T20:22:16.813Z > 200 GET /api/v1/ 217.75ms
INF 2026-08-04T20:22:16.821Z > 200 GET /api/v1/ 224.66ms
INF 2026-08-04T20:22:16.827Z > 200 GET /api/v1/ 218.01ms
INF 2026-08-04T20:22:16.828Z > 200 GET /api/v1/ 201.95ms
INF 2026-08-04T20:22:16.830Z > 200 GET /api/v1/ 31.4ms
INF 2026-08-04T20:22:16.830Z > 200 GET /api/v1/ 226.12ms
INF 2026-08-04T20:22:16.834Z > 200 GET /api/v1/ 222.81ms
INF 2026-08-04T20:22:16.837Z > 200 GET /api/v1/ 210.65ms
INF 2026-08-04T20:22:16.839Z > 200 GET /api/v1/ 212.71ms
INF 2026-08-04T20:22:16.840Z > 200 GET /api/v1/ 237.11ms
INF 2026-08-04T20:22:16.842Z > 200 GET /api/v1/ 236.9ms
INF 2026-08-04T20:22:16.844Z > 200 GET /api/v1/ 249.06ms
INF 2026-08-04T20:22:16.845Z > 200 GET /api/v1/ 218.73ms
INF 2026-08-04T20:22:16.847Z > 200 GET /api/v1/ 19.35ms
INF 2026-08-04T20:22:16.847Z > 200 GET /api/v1/ 18.82ms
INF 2026-08-04T20:22:16.850Z > 200 GET /api/v1/ 247.59ms
INF 2026-08-04T20:22:16.851Z > 200 GET /api/v1/ 252.49ms
INF 2026-08-04T20:22:16.852Z > 200 GET /api/v1/ 250.03ms
INF 2026-08-04T20:22:16.853Z > 200 GET /api/v1/ 22.58ms
INF 2026-08-04T20:22:16.862Z > 200 GET /api/v1/ 236.02ms
INF 2026-08-04T20:22:16.863Z > 200 GET /api/v1/ 22.61ms
INF 2026-08-04T20:22:16.863Z > 200 GET /api/v1/ 253.91ms
INF 2026-08-04T20:22:16.863Z > 200 GET /api/v1/ 359.81ms
INF 2026-08-04T20:22:16.864Z > 200 GET /api/v1/ 69.05ms
INF 2026-08-04T20:22:16.864Z > 200 GET /api/v1/ 70.67ms
INF 2026-08-04T20:22:16.865Z > 200 GET /api/v1/ 20.61ms
INF 2026-08-04T20:22:16.865Z > 200 GET /api/v1/ 238.71ms
INF 2026-08-04T20:22:16.870Z > 200 GET /api/v1/ 24.87ms
INF 2026-08-04T20:22:16.871Z > 200 GET /api/v1/ 23.91ms
INF 2026-08-04T20:22:16.873Z > 200 GET /api/v1/ 23.16ms
INF 2026-08-04T20:22:16.878Z > 200 GET /api/v1/ 267.8ms
INF 2026-08-04T20:22:16.883Z > 200 GET /api/v1/ 18.32ms
INF 2026-08-04T20:22:16.884Z > 200 GET /api/v1/ 31.0ms
INF 2026-08-04T20:22:16.884Z > 200 GET /api/v1/ 283.62ms
INF 2026-08-04T20:22:16.884Z > 200 GET /api/v1/ 257.75ms
INF 2026-08-04T20:22:16.887Z > 200 GET /api/v1/ 16.75ms
INF 2026-08-04T20:22:16.888Z > 200 GET /api/v1/ 234.82ms
INF 2026-08-04T20:22:16.890Z > 200 GET /api/v1/ 16.11ms
INF 2026-08-04T20:22:16.895Z > 200 GET /api/v1/ 234.22ms
INF 2026-08-04T20:22:16.895Z > 200 GET /api/v1/ 17.08ms
INF 2026-08-04T20:22:16.896Z > 200 GET /api/v1/ 229.24ms
INF 2026-08-04T20:22:16.899Z > 200 GET /api/v1/ 227.7ms
INF 2026-08-04T20:22:16.900Z > 200 GET /api/v1/ 16.17ms
INF 2026-08-04T20:22:16.901Z > 200 GET /api/v1/ 224.79ms
INF 2026-08-04T20:22:16.902Z > 200 GET /api/v1/ 19.11ms
INF 2026-08-04T20:22:16.903Z > 200 GET /api/v1/ 15.33ms
INF 2026-08-04T20:22:16.909Z > 200 GET /api/v1/ 13.06ms
INF 2026-08-04T20:22:16.909Z > 200 GET /api/v1/ 10.31ms
INF 2026-08-04T20:22:16.911Z > 200 GET /api/v1/ 224.31ms
INF 2026-08-04T20:22:16.912Z > 200 GET /api/v1/ 9.81ms
INF 2026-08-04T20:22:16.914Z > 200 GET /api/v1/ 12.92ms
INF 2026-08-04T20:22:16.914Z > 200 GET /api/v1/ 11.26ms
INF 2026-08-04T20:22:16.915Z > 200 GET /api/v1/ 219.61ms
INF 2026-08-04T20:22:16.920Z > 200 GET /api/v1/ 220.67ms
INF 2026-08-04T20:22:16.920Z > 200 GET /api/v1/ 221.76ms
INF 2026-08-04T20:22:16.923Z > 200 GET /api/v1/ 9.12ms
INF 2026-08-04T20:22:16.924Z > 200 GET /api/v1/ 11.25ms
INF 2026-08-04T20:22:16.925Z > 200 GET /api/v1/ 15.8ms
INF 2026-08-04T20:22:16.926Z > 200 GET /api/v1/ 212.42ms
INF 2026-08-04T20:22:16.927Z > 200 GET /api/v1/ 11.31ms
INF 2026-08-04T20:22:16.931Z > 200 GET /api/v1/ 7.51ms
INF 2026-08-04T20:22:16.934Z > 200 GET /api/v1/ 9.0ms
INF 2026-08-04T20:22:16.936Z > 200 GET /api/v1/ 8.84ms
INF 2026-08-04T20:22:16.939Z > 200 GET /api/v1/ 7.13ms
INF 2026-08-04T20:22:16.943Z > 200 GET /api/v1/ 151.55ms
INF 2026-08-04T20:22:16.954Z > 200 GET /api/v1/ 154.89ms
INF 2026-08-04T20:22:16.954Z > 200 GET /api/v1/ 150.22ms
INF 2026-08-04T20:22:16.955Z > 200 GET /api/v1/ 156.75ms
INF 2026-08-04T20:22:16.955Z > 200 GET /api/v1/ 222.34ms
INF 2026-08-04T20:22:16.956Z > 200 GET /api/v1/ 149.73ms
INF 2026-08-04T20:22:16.956Z > 200 GET /api/v1/ 21.78ms
INF 2026-08-04T20:22:16.956Z > 200 GET /api/v1/ 163.25ms
INF 2026-08-04T20:22:16.957Z > 200 GET /api/v1/ 148.98ms
INF 2026-08-04T20:22:16.957Z > 200 GET /api/v1/ 152.26ms
INF 2026-08-04T20:22:16.969Z > 200 GET /api/v1/ 235.6ms
INF 2026-08-04T20:22:16.974Z > 200 GET /api/v1/ 173.69ms
INF 2026-08-04T20:22:16.981Z > 200 GET /api/v1/ 354.3ms
INF 2026-08-04T20:22:16.981Z > 200 GET /api/v1/ 354.6ms
INF 2026-08-04T20:22:16.982Z > 200 GET /api/v1/ 260.37ms
INF 2026-08-04T20:22:16.982Z > 200 GET /api/v1/ 355.9ms
INF 2026-08-04T20:22:16.983Z > 200 GET /api/v1/ 306.71ms
INF 2026-08-04T20:22:16.983Z > 200 GET /api/v1/ 298.86ms
INF 2026-08-04T20:22:16.983Z > 200 GET /api/v1/ 266.04ms
INF 2026-08-04T20:22:16.983Z > 200 GET /api/v1/ 326.9ms
INF 2026-08-04T20:22:16.984Z > 200 GET /api/v1/ 268.67ms
INF 2026-08-04T20:22:16.984Z > 200 GET /api/v1/ 28.07ms
INF 2026-08-04T20:22:16.984Z > 200 GET /api/v1/ 283.75ms
INF 2026-08-04T20:22:16.985Z > 200 GET /api/v1/ 251.72ms
INF 2026-08-04T20:22:16.985Z > 200 GET /api/v1/ 251.96ms
INF 2026-08-04T20:22:16.986Z > 200 GET /api/v1/ 252.66ms
INF 2026-08-04T20:22:16.986Z > 200 GET /api/v1/ 252.99ms
INF 2026-08-04T20:22:16.988Z > 200 GET /api/v1/ 12.93ms
INF 2026-08-04T20:22:16.988Z > 200 GET /api/v1/ 19.49ms
INF 2026-08-04T20:22:16.989Z > 200 GET /api/v1/ 254.12ms
INF 2026-08-04T20:22:16.989Z > 200 GET /api/v1/ 250.58ms
INF 2026-08-04T20:22:16.989Z > 200 GET /api/v1/ 32.29ms
INF 2026-08-04T20:22:16.991Z > 200 GET /api/v1/ 6.6ms
INF 2026-08-04T20:22:16.992Z > 200 GET /api/v1/ 7.9ms
INF 2026-08-04T20:22:16.992Z > 200 GET /api/v1/ 6.85ms
INF 2026-08-04T20:22:16.992Z > 200 GET /api/v1/ 11.06ms
INF 2026-08-04T20:22:16.993Z > 200 GET /api/v1/ 252.32ms
INF 2026-08-04T20:22:16.994Z > 200 GET /api/v1/ 11.18ms
INF 2026-08-04T20:22:16.995Z > 200 GET /api/v1/ 8.39ms
INF 2026-08-04T20:22:16.995Z > 200 GET /api/v1/ 252.31ms
INF 2026-08-04T20:22:16.995Z > 200 GET /api/v1/ 255.47ms
INF 2026-08-04T20:22:16.996Z > 200 GET /api/v1/ 256.3ms
INF 2026-08-04T20:22:17.001Z > 200 GET /api/v1/ 255.54ms
INF 2026-08-04T20:22:17.001Z > 200 GET /api/v1/ 258.42ms
INF 2026-08-04T20:22:17.002Z > 200 GET /api/v1/ 9.98ms
INF 2026-08-04T20:22:17.011Z > 200 GET /api/v1/ 14.78ms
INF 2026-08-04T20:22:17.012Z > 200 GET /api/v1/ 73.28ms
INF 2026-08-04T20:22:17.013Z > 200 GET /api/v1/ 264.57ms
INF 2026-08-04T20:22:17.018Z > 200 GET /api/v1/ 22.94ms
INF 2026-08-04T20:22:17.019Z > 200 GET /api/v1/ 23.06ms
INF 2026-08-04T20:22:17.020Z > 200 GET /api/v1/ 271.14ms
INF 2026-08-04T20:22:17.020Z > 200 GET /api/v1/ 262.45ms
INF 2026-08-04T20:22:17.022Z > 200 GET /api/v1/ 276.91ms
INF 2026-08-04T20:22:17.023Z > 200 GET /api/v1/ 258.69ms
INF 2026-08-04T20:22:17.023Z > 200 GET /api/v1/ 259.55ms
INF 2026-08-04T20:22:17.023Z > 200 GET /api/v1/ 270.57ms
INF 2026-08-04T20:22:17.023Z > 200 GET /api/v1/ 264.66ms
INF 2026-08-04T20:22:17.026Z > 200 GET /api/v1/ 263.69ms
INF 2026-08-04T20:22:17.026Z > 200 GET /api/v1/ 267.97ms
INF 2026-08-04T20:22:17.027Z > 200 GET /api/v1/ 268.67ms
INF 2026-08-04T20:22:17.027Z > 200 GET /api/v1/ 271.69ms
INF 2026-08-04T20:22:17.027Z > 200 GET /api/v1/ 275.09ms
INF 2026-08-04T20:22:17.028Z > 200 GET /api/v1/ 264.5ms
INF 2026-08-04T20:22:17.028Z > 200 GET /api/v1/ 275.04ms
INF 2026-08-04T20:22:17.029Z > 200 GET /api/v1/ 264.82ms
INF 2026-08-04T20:22:17.029Z > 200 GET /api/v1/ 15.97ms
INF 2026-08-04T20:22:17.039Z > 200 GET /api/v1/ 15.7ms
INF 2026-08-04T20:22:17.040Z > 200 GET /api/v1/ 16.58ms
INF 2026-08-04T20:22:17.048Z > 200 GET /api/v1/ 19.19ms
INF 2026-08-04T20:22:17.052Z > 200 GET /api/v1/ 201.05ms
INF 2026-08-04T20:22:17.060Z > 200 GET /api/v1/ 229.79ms
INF 2026-08-04T20:22:17.061Z > 200 GET /api/v1/ 279.38ms
INF 2026-08-04T20:22:17.062Z > 200 GET /api/v1/ 227.99ms
INF 2026-08-04T20:22:17.068Z > 200 GET /api/v1/ 225.19ms
INF 2026-08-04T20:22:17.072Z > 200 GET /api/v1/ 300.07ms
INF 2026-08-04T20:22:17.072Z > 200 GET /api/v1/ 299.99ms
INF 2026-08-04T20:22:17.073Z > 200 GET /api/v1/ 300.49ms
INF 2026-08-04T20:22:17.073Z > 200 GET /api/v1/ 221.61ms
INF 2026-08-04T20:22:17.076Z > 200 GET /api/v1/ 289.11ms
INF 2026-08-04T20:22:17.077Z > 200 GET /api/v1/ 293.24ms
INF 2026-08-04T20:22:17.079Z > 200 GET /api/v1/ 214.66ms
INF 2026-08-04T20:22:17.080Z > 200 GET /api/v1/ 315.24ms
INF 2026-08-04T20:22:17.090Z > 200 GET /api/v1/ 224.85ms
INF 2026-08-04T20:22:17.090Z > 200 GET /api/v1/ 225.18ms
INF 2026-08-04T20:22:17.091Z > 200 GET /api/v1/ 317.74ms
INF 2026-08-04T20:22:17.091Z > 200 GET /api/v1/ 226.82ms
INF 2026-08-04T20:22:17.092Z > 200 GET /api/v1/ 64.66ms
INF 2026-08-04T20:22:17.092Z > 200 GET /api/v1/ 53.17ms
INF 2026-08-04T20:22:17.092Z > 200 GET /api/v1/ 52.72ms
INF 2026-08-04T20:22:17.093Z > 200 GET /api/v1/ 308.51ms
INF 2026-08-04T20:22:17.094Z > 200 GET /api/v1/ 246.23ms
INF 2026-08-04T20:22:17.094Z > 200 GET /api/v1/ 256.9ms
INF 2026-08-04T20:22:17.094Z > 200 GET /api/v1/ 273.52ms
INF 2026-08-04T20:22:17.095Z > 200 GET /api/v1/ 293.86ms
INF 2026-08-04T20:22:17.095Z > 200 GET /api/v1/ 255.79ms
INF 2026-08-04T20:22:17.095Z > 200 GET /api/v1/ 224.06ms
INF 2026-08-04T20:22:17.096Z > 200 GET /api/v1/ 322.6ms
INF 2026-08-04T20:22:17.096Z > 200 GET /api/v1/ 27.9ms
INF 2026-08-04T20:22:17.096Z > 200 GET /api/v1/ 47.92ms
INF 2026-08-04T20:22:17.097Z > 200 GET /api/v1/ 297.73ms
INF 2026-08-04T20:22:17.103Z > 200 GET /api/v1/ 22.93ms
INF 2026-08-04T20:22:17.103Z > 200 GET /api/v1/ 23.73ms
INF 2026-08-04T20:22:17.103Z > 200 GET /api/v1/ 238.41ms
INF 2026-08-04T20:22:17.104Z > 200 GET /api/v1/ 330.52ms
INF 2026-08-04T20:22:17.104Z > 200 GET /api/v1/ 239.09ms
INF 2026-08-04T20:22:17.104Z > 200 GET /api/v1/ 291.36ms
INF 2026-08-04T20:22:17.104Z > 200 GET /api/v1/ 320.07ms
INF 2026-08-04T20:22:17.107Z > 200 GET /api/v1/ 242.24ms
INF 2026-08-04T20:22:17.107Z > 200 GET /api/v1/ 222.73ms
INF 2026-08-04T20:22:17.107Z > 200 GET /api/v1/ 11.08ms
INF 2026-08-04T20:22:17.108Z > 200 GET /api/v1/ 322.91ms
INF 2026-08-04T20:22:17.108Z > 200 GET /api/v1/ 11.54ms
INF 2026-08-04T20:22:17.112Z > 200 GET /api/v1/ 8.84ms
INF 2026-08-04T20:22:17.113Z > 200 GET /api/v1/ 8.7ms
INF 2026-08-04T20:22:17.113Z > 200 GET /api/v1/ 9.56ms
INF 2026-08-04T20:22:17.113Z > 200 GET /api/v1/ 8.92ms
INF 2026-08-04T20:22:17.114Z > 200 GET /api/v1/ 5.98ms
INF 2026-08-04T20:22:17.115Z > 200 GET /api/v1/ 7.48ms
INF 2026-08-04T20:22:17.115Z > 200 GET /api/v1/ 6.58ms
INF 2026-08-04T20:22:17.115Z > 200 GET /api/v1/ 7.22ms
INF 2026-08-04T20:22:17.117Z > 200 GET /api/v1/ 3.59ms
INF 2026-08-04T20:22:17.118Z > 200 GET /api/v1/ 316.69ms
INF 2026-08-04T20:22:17.118Z > 200 GET /api/v1/ 3.42ms
INF 2026-08-04T20:22:17.119Z > 200 GET /api/v1/ 4.35ms
INF 2026-08-04T20:22:17.121Z > 200 GET /api/v1/ 2.84ms
INF 2026-08-04T20:22:17.121Z > 200 GET /api/v1/ 61.27ms
INF 2026-08-04T20:22:17.122Z > 200 GET /api/v1/ 60.08ms
INF 2026-08-04T20:22:17.123Z > 200 GET /api/v1/ 30.22ms
INF 2026-08-04T20:22:17.127Z > 200 GET /api/v1/ 3.9ms
INF 2026-08-04T20:22:17.135Z > 200 GET /api/v1/ 7.35ms
INF 2026-08-04T20:22:17.149Z > 200 GET /api/v1/ 264.68ms
INF 2026-08-04T20:22:17.151Z > 200 GET /api/v1/ 15.91ms
INF 2026-08-04T20:22:17.151Z > 200 GET /api/v1/ 261.45ms
INF 2026-08-04T20:22:17.156Z > 200 GET /api/v1/ 260.88ms
INF 2026-08-04T20:22:17.168Z > 200 GET /api/v1/ 272.25ms
INF 2026-08-04T20:22:17.169Z > 200 GET /api/v1/ 268.08ms
INF 2026-08-04T20:22:17.173Z > 200 GET /api/v1/ 17.26ms
INF 2026-08-04T20:22:17.174Z > 200 GET /api/v1/ 22.58ms
INF 2026-08-04T20:22:17.181Z > 200 GET /api/v1/ 12.63ms
INF 2026-08-04T20:22:17.182Z > 200 GET /api/v1/ 7.86ms
INF 2026-08-04T20:22:17.182Z > 200 GET /api/v1/ 239.37ms
INF 2026-08-04T20:22:17.182Z > 200 GET /api/v1/ 8.85ms
INF 2026-08-04T20:22:17.183Z > 200 GET /api/v1/ 259.22ms
INF 2026-08-04T20:22:17.184Z > 200 GET /api/v1/ 229.83ms
INF 2026-08-04T20:22:17.185Z > 200 GET /api/v1/ 275.61ms
INF 2026-08-04T20:22:17.185Z > 200 GET /api/v1/ 297.25ms
INF 2026-08-04T20:22:17.186Z > 200 GET /api/v1/ 231.06ms
INF 2026-08-04T20:22:17.187Z > 200 GET /api/v1/ 266.44ms
INF 2026-08-04T20:22:17.187Z > 200 GET /api/v1/ 266.61ms
INF 2026-08-04T20:22:17.188Z > 200 GET /api/v1/ 261.65ms
INF 2026-08-04T20:22:17.189Z > 200 GET /api/v1/ 231.91ms
INF 2026-08-04T20:22:17.190Z > 200 GET /api/v1/ 234.98ms
INF 2026-08-04T20:22:17.190Z > 200 GET /api/v1/ 254.21ms
INF 2026-08-04T20:22:17.192Z > 200 GET /api/v1/ 208.32ms
INF 2026-08-04T20:22:17.193Z > 200 GET /api/v1/ 237.55ms
INF 2026-08-04T20:22:17.196Z > 200 GET /api/v1/ 5.23ms
INF 2026-08-04T20:22:17.197Z > 200 GET /api/v1/ 211.48ms
INF 2026-08-04T20:22:17.199Z > 200 GET /api/v1/ 241.94ms
INF 2026-08-04T20:22:17.199Z > 200 GET /api/v1/ 285.12ms
INF 2026-08-04T20:22:17.201Z > 200 GET /api/v1/ 216.19ms
INF 2026-08-04T20:22:17.203Z > 200 GET /api/v1/ 213.14ms
INF 2026-08-04T20:22:17.203Z > 200 GET /api/v1/ 20.41ms
INF 2026-08-04T20:22:17.205Z > 200 GET /api/v1/ 5.77ms
INF 2026-08-04T20:22:17.206Z > 200 GET /api/v1/ 294.72ms
INF 2026-08-04T20:22:17.207Z > 200 GET /api/v1/ 220.23ms
INF 2026-08-04T20:22:17.208Z > 200 GET /api/v1/ 222.77ms
INF 2026-08-04T20:22:17.210Z > 200 GET /api/v1/ 253.31ms
INF 2026-08-04T20:22:17.213Z > 200 GET /api/v1/ 223.02ms
INF 2026-08-04T20:22:17.216Z > 200 GET /api/v1/ 196.68ms
INF 2026-08-04T20:22:17.217Z > 200 GET /api/v1/ 234.06ms
INF 2026-08-04T20:22:17.219Z > 200 GET /api/v1/ 191.16ms
INF 2026-08-04T20:22:17.228Z > 200 GET /api/v1/ 235.92ms
INF 2026-08-04T20:22:17.232Z > 200 GET /api/v1/ 203.95ms
INF 2026-08-04T20:22:17.233Z > 200 GET /api/v1/ 245.51ms
INF 2026-08-04T20:22:17.237Z > 200 GET /api/v1/ 250.72ms
INF 2026-08-04T20:22:17.239Z > 200 GET /api/v1/ 213.99ms
INF 2026-08-04T20:22:17.263Z > 200 GET /api/v1/ 45.82ms
INF 2026-08-04T20:22:17.263Z > 200 GET /api/v1/ 268.62ms
INF 2026-08-04T20:22:17.264Z > 200 GET /api/v1/ 236.66ms
INF 2026-08-04T20:22:17.266Z > 200 GET /api/v1/ 270.56ms
INF 2026-08-04T20:22:17.266Z > 200 GET /api/v1/ 190.16ms
INF 2026-08-04T20:22:17.267Z > 200 GET /api/v1/ 256.37ms
INF 2026-08-04T20:22:17.269Z > 200 GET /api/v1/ 273.29ms
INF 2026-08-04T20:22:17.269Z > 200 GET /api/v1/ 285.41ms
INF 2026-08-04T20:22:17.271Z > 200 GET /api/v1/ 251.29ms
INF 2026-08-04T20:22:17.271Z > 200 GET /api/v1/ 289.96ms
INF 2026-08-04T20:22:17.274Z > 200 GET /api/v1/ 271.42ms
INF 2026-08-04T20:22:17.275Z > 200 GET /api/v1/ 222.63ms
INF 2026-08-04T20:22:17.276Z > 200 GET /api/v1/ 253.74ms
INF 2026-08-04T20:22:17.277Z > 200 GET /api/v1/ 183.59ms
INF 2026-08-04T20:22:17.277Z > 200 GET /api/v1/ 275.3ms
INF 2026-08-04T20:22:17.278Z > 200 GET /api/v1/ 44.33ms
INF 2026-08-04T20:22:17.283Z > 200 GET /api/v1/ 253.18ms
INF 2026-08-04T20:22:17.289Z > 200 GET /api/v1/ 296.75ms
INF 2026-08-04T20:22:17.290Z > 200 GET /api/v1/ 298.14ms
INF 2026-08-04T20:22:17.293Z > 200 GET /api/v1/ 220.9ms
INF 2026-08-04T20:22:17.293Z > 200 GET /api/v1/ 272.76ms
INF 2026-08-04T20:22:17.293Z > 200 GET /api/v1/ 215.88ms
INF 2026-08-04T20:22:17.294Z > 200 GET /api/v1/ 61.95ms
INF 2026-08-04T20:22:17.294Z > 200 GET /api/v1/ 304.73ms
INF 2026-08-04T20:22:17.296Z > 200 GET /api/v1/ 201.55ms
INF 2026-08-04T20:22:17.296Z > 200 GET /api/v1/ 203.34ms
INF 2026-08-04T20:22:17.297Z > 200 GET /api/v1/ 269.81ms
INF 2026-08-04T20:22:17.298Z > 200 GET /api/v1/ 285.01ms
INF 2026-08-04T20:22:17.298Z > 200 GET /api/v1/ 275.36ms
INF 2026-08-04T20:22:17.299Z > 200 GET /api/v1/ 269.42ms
INF 2026-08-04T20:22:17.299Z > 200 GET /api/v1/ 285.85ms
INF 2026-08-04T20:22:17.310Z > 200 GET /api/v1/ 237.39ms
INF 2026-08-04T20:22:17.310Z > 200 GET /api/v1/ 214.13ms
INF 2026-08-04T20:22:17.310Z > 200 GET /api/v1/ 283.77ms
INF 2026-08-04T20:22:17.311Z > 200 GET /api/v1/ 249.48ms
INF 2026-08-04T20:22:17.311Z > 200 GET /api/v1/ 217.73ms
INF 2026-08-04T20:22:17.311Z > 200 GET /api/v1/ 218.1ms
INF 2026-08-04T20:22:17.311Z > 200 GET /api/v1/ 218.1ms
INF 2026-08-04T20:22:17.312Z > 200 GET /api/v1/ 291.23ms
INF 2026-08-04T20:22:17.313Z > 200 GET /api/v1/ 239.48ms
INF 2026-08-04T20:22:17.314Z > 200 GET /api/v1/ 240.04ms
INF 2026-08-04T20:22:17.314Z > 200 GET /api/v1/ 48.27ms
INF 2026-08-04T20:22:17.314Z > 200 GET /api/v1/ 324.91ms
INF 2026-08-04T20:22:17.315Z > 200 GET /api/v1/ 48.66ms
INF 2026-08-04T20:22:17.316Z > 200 GET /api/v1/ 44.9ms
INF 2026-08-04T20:22:17.325Z > 200 GET /api/v1/ 232.13ms
INF 2026-08-04T20:22:17.326Z > 200 GET /api/v1/ 31.25ms
INF 2026-08-04T20:22:17.328Z > 200 GET /api/v1/ 13.64ms
INF 2026-08-04T20:22:17.330Z > 200 GET /api/v1/ 233.64ms
INF 2026-08-04T20:22:17.331Z > 200 GET /api/v1/ 234.67ms
INF 2026-08-04T20:22:17.331Z > 200 GET /api/v1/ 234.58ms
INF 2026-08-04T20:22:17.331Z > 200 GET /api/v1/ 15.05ms
INF 2026-08-04T20:22:17.333Z > 200 GET /api/v1/ 236.51ms
INF 2026-08-04T20:22:17.333Z > 200 GET /api/v1/ 8.19ms
INF 2026-08-04T20:22:17.335Z > 200 GET /api/v1/ 6.77ms
INF 2026-08-04T20:22:17.335Z > 200 GET /api/v1/ 5.32ms
INF 2026-08-04T20:22:17.337Z > 200 GET /api/v1/ 239.97ms
INF 2026-08-04T20:22:17.337Z > 200 GET /api/v1/ 74.68ms
INF 2026-08-04T20:22:17.338Z > 200 GET /api/v1/ 64.47ms
INF 2026-08-04T20:22:17.339Z > 200 GET /api/v1/ 74.18ms
INF 2026-08-04T20:22:17.339Z > 200 GET /api/v1/ 244.42ms
INF 2026-08-04T20:22:17.340Z > 200 GET /api/v1/ 64.33ms
INF 2026-08-04T20:22:17.340Z > 200 GET /api/v1/ 70.95ms
INF 2026-08-04T20:22:17.340Z > 200 GET /api/v1/ 63.47ms
INF 2026-08-04T20:22:17.341Z > 200 GET /api/v1/ 62.92ms
INF 2026-08-04T20:22:17.341Z > 200 GET /api/v1/ 247.17ms
INF 2026-08-04T20:22:17.341Z > 200 GET /api/v1/ 151.35ms
INF 2026-08-04T20:22:17.342Z > 200 GET /api/v1/ 5.4ms
INF 2026-08-04T20:22:17.345Z > 200 GET /api/v1/ 62.34ms
INF 2026-08-04T20:22:17.349Z > 200 GET /api/v1/ 37.59ms
INF 2026-08-04T20:22:17.349Z > 200 GET /api/v1/ 52.86ms
INF 2026-08-04T20:22:17.349Z > 200 GET /api/v1/ 56.03ms
INF 2026-08-04T20:22:17.350Z > 200 GET /api/v1/ 51.03ms
INF 2026-08-04T20:22:17.350Z > 200 GET /api/v1/ 52.77ms
INF 2026-08-04T20:22:17.351Z > 200 GET /api/v1/ 39.98ms
INF 2026-08-04T20:22:17.351Z > 200 GET /api/v1/ 37.82ms
INF 2026-08-04T20:22:17.351Z > 200 GET /api/v1/ 11.62ms
INF 2026-08-04T20:22:17.352Z > 200 GET /api/v1/ 12.88ms
INF 2026-08-04T20:22:17.352Z > 200 GET /api/v1/ 40.25ms
INF 2026-08-04T20:22:17.352Z > 200 GET /api/v1/ 11.62ms
INF 2026-08-04T20:22:17.352Z > 200 GET /api/v1/ 14.72ms
INF 2026-08-04T20:22:17.352Z > 200 GET /api/v1/ 11.79ms
INF 2026-08-04T20:22:17.353Z > 200 GET /api/v1/ 11.62ms
INF 2026-08-04T20:22:17.353Z > 200 GET /api/v1/ 38.96ms
INF 2026-08-04T20:22:17.377Z > 200 GET /api/v1/ 272.23ms
INF 2026-08-04T20:22:17.379Z > 200 GET /api/v1/ 274.17ms
INF 2026-08-04T20:22:17.379Z > 200 GET /api/v1/ 265.17ms
INF 2026-08-04T20:22:17.380Z > 200 GET /api/v1/ 275.53ms
INF 2026-08-04T20:22:17.380Z > 200 GET /api/v1/ 273.17ms
INF 2026-08-04T20:22:17.381Z > 200 GET /api/v1/ 266.78ms
INF 2026-08-04T20:22:17.381Z > 200 GET /api/v1/ 267.43ms
INF 2026-08-04T20:22:17.383Z > 200 GET /api/v1/ 30.29ms
INF 2026-08-04T20:22:17.384Z > 200 GET /api/v1/ 31.71ms
INF 2026-08-04T20:22:17.385Z > 200 GET /api/v1/ 33.52ms
INF 2026-08-04T20:22:17.386Z > 200 GET /api/v1/ 35.03ms
INF 2026-08-04T20:22:17.386Z > 200 GET /api/v1/ 33.17ms
INF 2026-08-04T20:22:17.387Z > 200 GET /api/v1/ 34.8ms
INF 2026-08-04T20:22:17.389Z > 200 GET /api/v1/ 36.32ms
INF 2026-08-04T20:22:17.389Z > 200 GET /api/v1/ 276.86ms
INF 2026-08-04T20:22:17.393Z > 200 GET /api/v1/ 3.44ms
INF 2026-08-04T20:22:17.400Z > 200 GET /api/v1/ 7.57ms
INF 2026-08-04T20:22:17.406Z > 200 GET /api/v1/ 291.08ms
INF 2026-08-04T20:22:17.407Z > 200 GET /api/v1/ 289.19ms
INF 2026-08-04T20:22:17.410Z > 200 GET /api/v1/ 8.86ms
INF 2026-08-04T20:22:17.413Z > 200 GET /api/v1/ 6.45ms
INF 2026-08-04T20:22:17.415Z > 200 GET /api/v1/ 293.25ms
INF 2026-08-04T20:22:17.417Z > 200 GET /api/v1/ 30.18ms
INF 2026-08-04T20:22:17.417Z > 200 GET /api/v1/ 295.45ms
INF 2026-08-04T20:22:17.417Z > 200 GET /api/v1/ 7.76ms
INF 2026-08-04T20:22:17.418Z > 200 GET /api/v1/ 295.63ms
INF 2026-08-04T20:22:17.420Z > 200 GET /api/v1/ 270.29ms
INF 2026-08-04T20:22:17.420Z > 200 GET /api/v1/ 6.69ms
INF 2026-08-04T20:22:17.420Z > 200 GET /api/v1/ 269.15ms
INF 2026-08-04T20:22:17.420Z > 200 GET /api/v1/ 34.67ms
INF 2026-08-04T20:22:17.423Z > 200 GET /api/v1/ 255.0ms
INF 2026-08-04T20:22:17.426Z > 200 GET /api/v1/ 306.06ms
INF 2026-08-04T20:22:17.429Z > 200 GET /api/v1/ 246.2ms
INF 2026-08-04T20:22:17.430Z > 200 GET /api/v1/ 247.03ms
INF 2026-08-04T20:22:17.431Z > 200 GET /api/v1/ 246.5ms
INF 2026-08-04T20:22:17.433Z > 200 GET /api/v1/ 249.81ms
INF 2026-08-04T20:22:17.433Z > 200 GET /api/v1/ 246.15ms
INF 2026-08-04T20:22:17.434Z > 200 GET /api/v1/ 250.99ms
INF 2026-08-04T20:22:17.434Z > 200 GET /api/v1/ 248.18ms
INF 2026-08-04T20:22:17.437Z > 200 GET /api/v1/ 248.69ms
INF 2026-08-04T20:22:17.446Z > 200 GET /api/v1/ 261.58ms
INF 2026-08-04T20:22:17.447Z > 200 GET /api/v1/ 259.9ms
INF 2026-08-04T20:22:17.452Z > 200 GET /api/v1/ 256.24ms
INF 2026-08-04T20:22:17.454Z > 200 GET /api/v1/ 261.23ms
INF 2026-08-04T20:22:17.455Z > 200 GET /api/v1/ 336.43ms
INF 2026-08-04T20:22:17.455Z > 200 GET /api/v1/ 262.25ms
INF 2026-08-04T20:22:17.456Z > 200 GET /api/v1/ 21.86ms
INF 2026-08-04T20:22:17.457Z > 200 GET /api/v1/ 270.17ms
INF 2026-08-04T20:22:17.458Z > 200 GET /api/v1/ 267.63ms
INF 2026-08-04T20:22:17.460Z > 200 GET /api/v1/ 254.14ms
INF 2026-08-04T20:22:17.460Z > 200 GET /api/v1/ 257.04ms
INF 2026-08-04T20:22:17.460Z > 200 GET /api/v1/ 252.2ms
INF 2026-08-04T20:22:17.461Z > 200 GET /api/v1/ 263.62ms
INF 2026-08-04T20:22:17.461Z > 200 GET /api/v1/ 261.91ms
INF 2026-08-04T20:22:17.461Z > 200 GET /api/v1/ 258.1ms
INF 2026-08-04T20:22:17.462Z > 200 GET /api/v1/ 260.07ms
INF 2026-08-04T20:22:17.462Z > 200 GET /api/v1/ 255.36ms
INF 2026-08-04T20:22:17.462Z > 200 GET /api/v1/ 251.76ms
INF 2026-08-04T20:22:17.462Z > 200 GET /api/v1/ 253.92ms
INF 2026-08-04T20:22:17.482Z > 200 GET /api/v1/ 262.82ms
INF 2026-08-04T20:22:17.488Z > 200 GET /api/v1/ 197.35ms
INF 2026-08-04T20:22:17.494Z > 200 GET /api/v1/ 264.57ms
INF 2026-08-04T20:22:17.499Z > 200 GET /api/v1/ 37.09ms
INF 2026-08-04T20:22:17.499Z > 200 GET /api/v1/ 37.95ms
INF 2026-08-04T20:22:17.500Z > 200 GET /api/v1/ 37.12ms
INF 2026-08-04T20:22:17.500Z > 200 GET /api/v1/ 230.93ms
INF 2026-08-04T20:22:17.501Z > 200 GET /api/v1/ 207.77ms
INF 2026-08-04T20:22:17.502Z > 200 GET /api/v1/ 238.48ms
INF 2026-08-04T20:22:17.502Z > 200 GET /api/v1/ 207.93ms
INF 2026-08-04T20:22:17.502Z > 200 GET /api/v1/ 234.98ms
INF 2026-08-04T20:22:17.503Z > 200 GET /api/v1/ 209.87ms
INF 2026-08-04T20:22:17.506Z > 200 GET /api/v1/ 209.52ms
INF 2026-08-04T20:22:17.506Z > 200 GET /api/v1/ 217.03ms
INF 2026-08-04T20:22:17.506Z > 200 GET /api/v1/ 269.6ms
INF 2026-08-04T20:22:17.507Z > 200 GET /api/v1/ 207.94ms
INF 2026-08-04T20:22:17.508Z > 200 GET /api/v1/ 230.55ms
INF 2026-08-04T20:22:17.510Z > 200 GET /api/v1/ 211.48ms
INF 2026-08-04T20:22:17.511Z > 200 GET /api/v1/ 271.58ms
INF 2026-08-04T20:22:17.511Z > 200 GET /api/v1/ 28.86ms
INF 2026-08-04T20:22:17.516Z > 200 GET /api/v1/ 201.55ms
INF 2026-08-04T20:22:17.524Z > 200 GET /api/v1/ 252.61ms
INF 2026-08-04T20:22:17.524Z > 200 GET /api/v1/ 247.42ms
INF 2026-08-04T20:22:17.524Z > 200 GET /api/v1/ 307.41ms
INF 2026-08-04T20:22:17.527Z > 200 GET /api/v1/ 228.93ms
INF 2026-08-04T20:22:17.529Z > 200 GET /api/v1/ 29.7ms
INF 2026-08-04T20:22:17.535Z > 200 GET /api/v1/ 34.44ms
INF 2026-08-04T20:22:17.535Z > 200 GET /api/v1/ 223.52ms
INF 2026-08-04T20:22:17.536Z > 200 GET /api/v1/ 223.86ms
INF 2026-08-04T20:22:17.537Z > 200 GET /api/v1/ 225.07ms
INF 2026-08-04T20:22:17.537Z > 200 GET /api/v1/ 37.64ms
INF 2026-08-04T20:22:17.538Z > 200 GET /api/v1/ 32.01ms
INF 2026-08-04T20:22:17.539Z > 200 GET /api/v1/ 32.58ms
INF 2026-08-04T20:22:17.539Z > 200 GET /api/v1/ 32.36ms
INF 2026-08-04T20:22:17.539Z > 200 GET /api/v1/ 51.41ms
INF 2026-08-04T20:22:17.544Z > 200 GET /api/v1/ 229.19ms
INF 2026-08-04T20:22:17.545Z > 200 GET /api/v1/ 332.3ms
INF 2026-08-04T20:22:17.547Z > 200 GET /api/v1/ 31.17ms
INF 2026-08-04T20:22:17.547Z > 200 GET /api/v1/ 235.6ms
INF 2026-08-04T20:22:17.548Z > 200 GET /api/v1/ 221.79ms
INF 2026-08-04T20:22:17.548Z > 200 GET /api/v1/ 54.0ms
INF 2026-08-04T20:22:17.548Z > 200 GET /api/v1/ 36.95ms
INF 2026-08-04T20:22:17.549Z > 200 GET /api/v1/ 217.31ms
INF 2026-08-04T20:22:17.549Z > 200 GET /api/v1/ 237.12ms
INF 2026-08-04T20:22:17.551Z > 200 GET /api/v1/ 21.56ms
INF 2026-08-04T20:22:17.554Z > 200 GET /api/v1/ 222.99ms
INF 2026-08-04T20:22:17.558Z > 200 GET /api/v1/ 22.23ms
INF 2026-08-04T20:22:17.560Z > 200 GET /api/v1/ 24.46ms
INF 2026-08-04T20:22:17.561Z > 200 GET /api/v1/ 13.65ms
INF 2026-08-04T20:22:17.561Z > 200 GET /api/v1/ 23.74ms
INF 2026-08-04T20:22:17.562Z > 200 GET /api/v1/ 231.18ms
INF 2026-08-04T20:22:17.563Z > 200 GET /api/v1/ 14.41ms
INF 2026-08-04T20:22:17.565Z > 200 GET /api/v1/ 15.94ms
INF 2026-08-04T20:22:17.566Z > 200 GET /api/v1/ 14.81ms
INF 2026-08-04T20:22:17.567Z > 200 GET /api/v1/ 27.97ms
INF 2026-08-04T20:22:17.568Z > 200 GET /api/v1/ 28.87ms
INF 2026-08-04T20:22:17.571Z > 200 GET /api/v1/ 32.02ms
INF 2026-08-04T20:22:17.572Z > 200 GET /api/v1/ 14.5ms
INF 2026-08-04T20:22:17.574Z > 200 GET /api/v1/ 13.32ms
INF 2026-08-04T20:22:17.574Z > 200 GET /api/v1/ 13.06ms
INF 2026-08-04T20:22:17.574Z > 200 GET /api/v1/ 11.5ms
INF 2026-08-04T20:22:17.578Z > 200 GET /api/v1/ 244.12ms
INF 2026-08-04T20:22:17.578Z > 200 GET /api/v1/ 12.18ms
INF 2026-08-04T20:22:17.578Z > 200 GET /api/v1/ 242.42ms
INF 2026-08-04T20:22:17.579Z > 200 GET /api/v1/ 242.83ms
INF 2026-08-04T20:22:17.581Z > 200 GET /api/v1/ 247.79ms
INF 2026-08-04T20:22:17.582Z > 200 GET /api/v1/ 7.74ms
INF 2026-08-04T20:22:17.591Z > 200 GET /api/v1/ 13.1ms
INF 2026-08-04T20:22:17.592Z > 200 GET /api/v1/ 13.8ms
INF 2026-08-04T20:22:17.603Z > 200 GET /api/v1/ 263.07ms
INF 2026-08-04T20:22:17.606Z > 200 GET /api/v1/ 267.23ms
INF 2026-08-04T20:22:17.609Z > 200 GET /api/v1/ 27.21ms
INF 2026-08-04T20:22:17.615Z > 200 GET /api/v1/ 22.12ms
INF 2026-08-04T20:22:17.621Z > 200 GET /api/v1/ 278.7ms
INF 2026-08-04T20:22:17.626Z > 200 GET /api/v1/ 284.87ms
INF 2026-08-04T20:22:17.627Z > 200 GET /api/v1/ 282.07ms
INF 2026-08-04T20:22:17.627Z > 200 GET /api/v1/ 286.44ms
INF 2026-08-04T20:22:17.628Z > 200 GET /api/v1/ 277.48ms
INF 2026-08-04T20:22:17.628Z > 200 GET /api/v1/ 275.79ms
INF 2026-08-04T20:22:17.629Z > 200 GET /api/v1/ 19.97ms
INF 2026-08-04T20:22:17.631Z > 200 GET /api/v1/ 281.28ms
INF 2026-08-04T20:22:17.631Z > 200 GET /api/v1/ 281.65ms
INF 2026-08-04T20:22:17.635Z > 200 GET /api/v1/ 31.87ms
INF 2026-08-04T20:22:17.636Z > 200 GET /api/v1/ 20.68ms
INF 2026-08-04T20:22:17.637Z > 200 GET /api/v1/ 287.01ms
INF 2026-08-04T20:22:17.642Z > 200 GET /api/v1/ 289.62ms
INF 2026-08-04T20:22:17.643Z > 200 GET /api/v1/ 17.18ms
INF 2026-08-04T20:22:17.644Z > 200 GET /api/v1/ 14.98ms
INF 2026-08-04T20:22:17.646Z > 200 GET /api/v1/ 292.66ms
INF 2026-08-04T20:22:17.646Z > 200 GET /api/v1/ 16.83ms
INF 2026-08-04T20:22:17.647Z > 200 GET /api/v1/ 294.08ms
INF 2026-08-04T20:22:17.648Z > 200 GET /api/v1/ 17.22ms
INF 2026-08-04T20:22:17.650Z > 200 GET /api/v1/ 15.24ms
INF 2026-08-04T20:22:17.655Z > 200 GET /api/v1/ 275.98ms
INF 2026-08-04T20:22:17.657Z > 200 GET /api/v1/ 13.16ms
INF 2026-08-04T20:22:17.657Z > 200 GET /api/v1/ 280.06ms
INF 2026-08-04T20:22:17.657Z > 200 GET /api/v1/ 11.57ms
INF 2026-08-04T20:22:17.658Z > 200 GET /api/v1/ 11.61ms
INF 2026-08-04T20:22:17.658Z > 200 GET /api/v1/ 278.35ms
INF 2026-08-04T20:22:17.659Z > 200 GET /api/v1/ 11.74ms
INF 2026-08-04T20:22:17.659Z > 200 GET /api/v1/ 10.3ms
INF 2026-08-04T20:22:17.659Z > 200 GET /api/v1/ 8.57ms
INF 2026-08-04T20:22:17.659Z > 200 GET /api/v1/ 280.34ms
INF 2026-08-04T20:22:17.660Z > 200 GET /api/v1/ 279.63ms
INF 2026-08-04T20:22:17.664Z > 200 GET /api/v1/ 5.05ms
INF 2026-08-04T20:22:17.664Z > 200 GET /api/v1/ 283.3ms
INF 2026-08-04T20:22:17.668Z > 200 GET /api/v1/ 284.82ms
INF 2026-08-04T20:22:17.670Z > 200 GET /api/v1/ 288.37ms
INF 2026-08-04T20:22:17.670Z > 200 GET /api/v1/ 285.62ms
INF 2026-08-04T20:22:17.672Z > 200 GET /api/v1/ 282.87ms
INF 2026-08-04T20:22:17.684Z > 200 GET /api/v1/ 13.93ms
INF 2026-08-04T20:22:17.684Z > 200 GET /api/v1/ 297.84ms
INF 2026-08-04T20:22:17.688Z > 200 GET /api/v1/ 302.58ms
INF 2026-08-04T20:22:17.689Z > 200 GET /api/v1/ 270.47ms
INF 2026-08-04T20:22:17.690Z > 200 GET /api/v1/ 271.95ms
INF 2026-08-04T20:22:17.692Z > 200 GET /api/v1/ 277.41ms
INF 2026-08-04T20:22:17.693Z > 200 GET /api/v1/ 269.35ms
INF 2026-08-04T20:22:17.694Z > 200 GET /api/v1/ 276.2ms
INF 2026-08-04T20:22:17.695Z > 200 GET /api/v1/ 23.08ms
INF 2026-08-04T20:22:17.695Z > 200 GET /api/v1/ 274.66ms
INF 2026-08-04T20:22:17.695Z > 200 GET /api/v1/ 266.0ms
INF 2026-08-04T20:22:17.696Z > 200 GET /api/v1/ 274.73ms
INF 2026-08-04T20:22:17.696Z > 200 GET /api/v1/ 289.85ms
INF 2026-08-04T20:22:17.698Z > 200 GET /api/v1/ 277.88ms
INF 2026-08-04T20:22:17.699Z > 200 GET /api/v1/ 272.35ms
INF 2026-08-04T20:22:17.699Z > 200 GET /api/v1/ 280.9ms
INF 2026-08-04T20:22:17.699Z > 200 GET /api/v1/ 278.86ms
INF 2026-08-04T20:22:17.703Z > 200 GET /api/v1/ 7.24ms
INF 2026-08-04T20:22:17.707Z > 200 GET /api/v1/ 246.04ms
INF 2026-08-04T20:22:17.710Z > 200 GET /api/v1/ 248.17ms
INF 2026-08-04T20:22:17.711Z > 200 GET /api/v1/ 279.39ms
INF 2026-08-04T20:22:17.718Z > 200 GET /api/v1/ 262.33ms
INF 2026-08-04T20:22:17.719Z > 200 GET /api/v1/ 284.65ms
INF 2026-08-04T20:22:17.724Z > 200 GET /api/v1/ 25.03ms
INF 2026-08-04T20:22:17.734Z > 200 GET /api/v1/ 271.37ms
INF 2026-08-04T20:22:17.734Z > 200 GET /api/v1/ 232.64ms
INF 2026-08-04T20:22:17.735Z > 200 GET /api/v1/ 272.03ms
INF 2026-08-04T20:22:17.735Z > 200 GET /api/v1/ 27.1ms
INF 2026-08-04T20:22:17.737Z > 200 GET /api/v1/ 25.8ms
INF 2026-08-04T20:22:17.737Z > 200 GET /api/v1/ 27.24ms
INF 2026-08-04T20:22:17.743Z > 200 GET /api/v1/ 234.55ms
INF 2026-08-04T20:22:17.745Z > 200 GET /api/v1/ 25.34ms
INF 2026-08-04T20:22:17.752Z > 200 GET /api/v1/ 293.99ms
INF 2026-08-04T20:22:17.753Z > 200 GET /api/v1/ 253.35ms
INF 2026-08-04T20:22:17.753Z > 200 GET /api/v1/ 28.58ms
INF 2026-08-04T20:22:17.753Z > 200 GET /api/v1/ 246.65ms
INF 2026-08-04T20:22:17.756Z > 200 GET /api/v1/ 303.2ms
INF 2026-08-04T20:22:17.757Z > 200 GET /api/v1/ 295.13ms
INF 2026-08-04T20:22:17.761Z > 200 GET /api/v1/ 26.35ms
INF 2026-08-04T20:22:17.771Z > 200 GET /api/v1/ 36.63ms
INF 2026-08-04T20:22:17.771Z > 200 GET /api/v1/ 323.8ms
INF 2026-08-04T20:22:17.771Z > 200 GET /api/v1/ 34.39ms
INF 2026-08-04T20:22:17.772Z > 200 GET /api/v1/ 269.26ms
INF 2026-08-04T20:22:17.776Z > 200 GET /api/v1/ 32.73ms
INF 2026-08-04T20:22:17.776Z > 200 GET /api/v1/ 265.43ms
INF 2026-08-04T20:22:17.780Z > 200 GET /api/v1/ 318.72ms
INF 2026-08-04T20:22:17.781Z > 200 GET /api/v1/ 278.53ms
INF 2026-08-04T20:22:17.782Z > 200 GET /api/v1/ 233.85ms
INF 2026-08-04T20:22:17.785Z > 200 GET /api/v1/ 32.94ms
INF 2026-08-04T20:22:17.787Z > 200 GET /api/v1/ 33.21ms
INF 2026-08-04T20:22:17.787Z > 200 GET /api/v1/ 239.46ms
INF 2026-08-04T20:22:17.789Z > 200 GET /api/v1/ 326.3ms
INF 2026-08-04T20:22:17.795Z > 200 GET /api/v1/ 250.75ms
INF 2026-08-04T20:22:17.801Z > 200 GET /api/v1/ 44.95ms
INF 2026-08-04T20:22:17.801Z > 200 GET /api/v1/ 343.33ms
INF 2026-08-04T20:22:17.802Z > 200 GET /api/v1/ 276.73ms
INF 2026-08-04T20:22:17.805Z > 200 GET /api/v1/ 349.52ms
INF 2026-08-04T20:22:17.807Z > 200 GET /api/v1/ 279.89ms
INF 2026-08-04T20:22:17.807Z > 200 GET /api/v1/ 373.98ms
INF 2026-08-04T20:22:17.809Z > 200 GET /api/v1/ 52.23ms
INF 2026-08-04T20:22:17.812Z > 200 GET /api/v1/ 264.15ms
INF 2026-08-04T20:22:17.812Z > 200 GET /api/v1/ 286.83ms
INF 2026-08-04T20:22:17.813Z > 200 GET /api/v1/ 36.46ms
INF 2026-08-04T20:22:17.815Z > 200 GET /api/v1/ 384.24ms
INF 2026-08-04T20:22:17.816Z > 200 GET /api/v1/ 360.21ms
INF 2026-08-04T20:22:17.817Z > 200 GET /api/v1/ 382.81ms
INF 2026-08-04T20:22:17.822Z > 200 GET /api/v1/ 365.87ms
INF 2026-08-04T20:22:17.823Z > 200 GET /api/v1/ 375.3ms
INF 2026-08-04T20:22:17.825Z > 200 GET /api/v1/ 322.19ms
INF 2026-08-04T20:22:17.825Z > 200 GET /api/v1/ 286.15ms
INF 2026-08-04T20:22:17.826Z > 200 GET /api/v1/ 300.92ms
INF 2026-08-04T20:22:17.829Z > 200 GET /api/v1/ 319.53ms
INF 2026-08-04T20:22:17.830Z > 200 GET /api/v1/ 294.46ms
INF 2026-08-04T20:22:17.831Z > 200 GET /api/v1/ 269.59ms
INF 2026-08-04T20:22:17.832Z > 200 GET /api/v1/ 265.09ms
INF 2026-08-04T20:22:17.834Z > 200 GET /api/v1/ 279.41ms
INF 2026-08-04T20:22:17.834Z > 200 GET /api/v1/ 386.12ms
INF 2026-08-04T20:22:17.836Z > 200 GET /api/v1/ 20.5ms
INF 2026-08-04T20:22:17.837Z > 200 GET /api/v1/ 269.13ms
INF 2026-08-04T20:22:17.849Z > 200 GET /api/v1/ 31.21ms
INF 2026-08-04T20:22:17.849Z > 200 GET /api/v1/ 300.09ms
INF 2026-08-04T20:22:17.849Z > 200 GET /api/v1/ 286.57ms
INF 2026-08-04T20:22:17.850Z > 200 GET /api/v1/ 312.32ms
INF 2026-08-04T20:22:17.850Z > 200 GET /api/v1/ 304.62ms
INF 2026-08-04T20:22:17.851Z > 200 GET /api/v1/ 277.02ms
INF 2026-08-04T20:22:17.851Z > 200 GET /api/v1/ 279.43ms
INF 2026-08-04T20:22:17.851Z > 200 GET /api/v1/ 24.97ms
INF 2026-08-04T20:22:17.852Z > 200 GET /api/v1/ 26.32ms
INF 2026-08-04T20:22:17.852Z > 200 GET /api/v1/ 21.3ms
INF 2026-08-04T20:22:17.852Z > 200 GET /api/v1/ 279.87ms
INF 2026-08-04T20:22:17.852Z > 200 GET /api/v1/ 37.5ms
INF 2026-08-04T20:22:17.853Z > 200 GET /api/v1/ 22.38ms
INF 2026-08-04T20:22:17.853Z > 200 GET /api/v1/ 168.64ms
INF 2026-08-04T20:22:17.853Z > 200 GET /api/v1/ 66.41ms
INF 2026-08-04T20:22:17.854Z > 200 GET /api/v1/ 31.64ms
INF 2026-08-04T20:22:17.854Z > 200 GET /api/v1/ 351.95ms
INF 2026-08-04T20:22:17.855Z > 200 GET /api/v1/ 289.77ms
INF 2026-08-04T20:22:17.855Z > 200 GET /api/v1/ 60.13ms
INF 2026-08-04T20:22:17.855Z > 200 GET /api/v1/ 70.01ms
INF 2026-08-04T20:22:17.857Z > 200 GET /api/v1/ 22.89ms
INF 2026-08-04T20:22:17.857Z > 200 GET /api/v1/ 5.03ms
INF 2026-08-04T20:22:17.858Z > 200 GET /api/v1/ 50.62ms
INF 2026-08-04T20:22:17.860Z > 200 GET /api/v1/ 8.93ms
INF 2026-08-04T20:22:17.860Z > 200 GET /api/v1/ 58.16ms
INF 2026-08-04T20:22:17.861Z > 200 GET /api/v1/ 282.87ms
INF 2026-08-04T20:22:17.862Z > 200 GET /api/v1/ 8.76ms
INF 2026-08-04T20:22:17.862Z > 200 GET /api/v1/ 10.7ms
INF 2026-08-04T20:22:17.862Z > 200 GET /api/v1/ 7.08ms
INF 2026-08-04T20:22:17.863Z > 200 GET /api/v1/ 256.9ms
INF 2026-08-04T20:22:17.863Z > 200 GET /api/v1/ 50.85ms
INF 2026-08-04T20:22:17.865Z > 200 GET /api/v1/ 286.57ms
INF 2026-08-04T20:22:17.865Z > 200 GET /api/v1/ 10.96ms
INF 2026-08-04T20:22:17.866Z > 200 GET /api/v1/ 274.22ms
INF 2026-08-04T20:22:17.867Z > 200 GET /api/v1/ 292.91ms
INF 2026-08-04T20:22:17.868Z > 200 GET /api/v1/ 15.88ms
INF 2026-08-04T20:22:17.868Z > 200 GET /api/v1/ 246.91ms
INF 2026-08-04T20:22:17.869Z > 200 GET /api/v1/ 6.62ms
INF 2026-08-04T20:22:17.869Z > 200 GET /api/v1/ 287.4ms
INF 2026-08-04T20:22:17.871Z > 200 GET /api/v1/ 243.37ms
INF 2026-08-04T20:22:17.874Z > 200 GET /api/v1/ 238.42ms
INF 2026-08-04T20:22:17.874Z > 200 GET /api/v1/ 61.5ms
INF 2026-08-04T20:22:17.875Z > 200 GET /api/v1/ 21.92ms
INF 2026-08-04T20:22:17.876Z > 200 GET /api/v1/ 244.64ms
INF 2026-08-04T20:22:17.877Z > 200 GET /api/v1/ 8.27ms
INF 2026-08-04T20:22:17.877Z > 200 GET /api/v1/ 249.39ms
INF 2026-08-04T20:22:17.888Z > 200 GET /api/v1/ 229.99ms
INF 2026-08-04T20:22:17.888Z > 200 GET /api/v1/ 76.52ms
INF 2026-08-04T20:22:17.889Z > 200 GET /api/v1/ 260.71ms
INF 2026-08-04T20:22:17.889Z > 200 GET /api/v1/ 234.37ms
INF 2026-08-04T20:22:17.890Z > 200 GET /api/v1/ 246.15ms
INF 2026-08-04T20:22:17.894Z > 200 GET /api/v1/ 251.59ms
INF 2026-08-04T20:22:17.894Z > 200 GET /api/v1/ 236.66ms
INF 2026-08-04T20:22:17.894Z > 200 GET /api/v1/ 257.77ms
INF 2026-08-04T20:22:17.897Z > 200 GET /api/v1/ 237.82ms
INF 2026-08-04T20:22:17.903Z > 200 GET /api/v1/ 243.16ms
INF 2026-08-04T20:22:17.903Z > 200 GET /api/v1/ 238.64ms
INF 2026-08-04T20:22:17.904Z > 200 GET /api/v1/ 243.4ms
INF 2026-08-04T20:22:17.904Z > 200 GET /api/v1/ 236.15ms
INF 2026-08-04T20:22:17.906Z > 200 GET /api/v1/ 246.9ms
INF 2026-08-04T20:22:17.909Z > 200 GET /api/v1/ 244.93ms
INF 2026-08-04T20:22:17.911Z > 200 GET /api/v1/ 253.51ms
INF 2026-08-04T20:22:17.914Z > 200 GET /api/v1/ 229.64ms
INF 2026-08-04T20:22:17.914Z > 200 GET /api/v1/ 254.7ms
INF 2026-08-04T20:22:17.916Z > 200 GET /api/v1/ 26.12ms
INF 2026-08-04T20:22:17.923Z > 200 GET /api/v1/ 178.6ms
INF 2026-08-04T20:22:17.924Z > 200 GET /api/v1/ 233.87ms
INF 2026-08-04T20:22:17.929Z > 200 GET /api/v1/ 236.53ms
INF 2026-08-04T20:22:17.931Z > 200 GET /api/v1/ 235.86ms
INF 2026-08-04T20:22:17.932Z > 200 GET /api/v1/ 25.29ms
INF 2026-08-04T20:22:17.934Z > 200 GET /api/v1/ 199.82ms
INF 2026-08-04T20:22:17.935Z > 200 GET /api/v1/ 239.46ms
INF 2026-08-04T20:22:17.935Z > 200 GET /api/v1/ 25.96ms
INF 2026-08-04T20:22:17.935Z > 200 GET /api/v1/ 30.99ms
INF 2026-08-04T20:22:17.936Z > 200 GET /api/v1/ 182.15ms
INF 2026-08-04T20:22:17.936Z > 200 GET /api/v1/ 174.6ms
INF 2026-08-04T20:22:17.937Z > 200 GET /api/v1/ 236.85ms
INF 2026-08-04T20:22:17.937Z > 200 GET /api/v1/ 25.48ms
INF 2026-08-04T20:22:17.941Z > 200 GET /api/v1/ 26.34ms
INF 2026-08-04T20:22:17.952Z > 200 GET /api/v1/ 256.29ms
INF 2026-08-04T20:22:17.954Z > 200 GET /api/v1/ 16.94ms
INF 2026-08-04T20:22:17.955Z > 200 GET /api/v1/ 183.19ms
INF 2026-08-04T20:22:17.956Z > 200 GET /api/v1/ 183.53ms
INF 2026-08-04T20:22:17.957Z > 200 GET /api/v1/ 222.45ms
INF 2026-08-04T20:22:17.960Z > 200 GET /api/v1/ 187.99ms
INF 2026-08-04T20:22:17.961Z > 200 GET /api/v1/ 242.73ms
INF 2026-08-04T20:22:17.962Z > 200 GET /api/v1/ 266.8ms
INF 2026-08-04T20:22:17.972Z > 200 GET /api/v1/ 283.74ms
INF 2026-08-04T20:22:17.972Z > 200 GET /api/v1/ 312.94ms
INF 2026-08-04T20:22:17.973Z > 200 GET /api/v1/ 269.57ms
INF 2026-08-04T20:22:17.973Z > 200 GET /api/v1/ 219.29ms
INF 2026-08-04T20:22:17.973Z > 200 GET /api/v1/ 19.64ms
INF 2026-08-04T20:22:17.976Z > 200 GET /api/v1/ 20.26ms
INF 2026-08-04T20:22:17.978Z > 200 GET /api/v1/ 278.89ms
INF 2026-08-04T20:22:17.978Z > 200 GET /api/v1/ 241.23ms
INF 2026-08-04T20:22:17.979Z > 200 GET /api/v1/ 308.34ms
INF 2026-08-04T20:22:17.984Z > 200 GET /api/v1/ 295.33ms
INF 2026-08-04T20:22:17.988Z > 200 GET /api/v1/ 27.3ms
INF 2026-08-04T20:22:17.989Z > 200 GET /api/v1/ 295.72ms
INF 2026-08-04T20:22:17.991Z > 200 GET /api/v1/ 17.49ms
INF 2026-08-04T20:22:17.991Z > 200 GET /api/v1/ 15.23ms
INF 2026-08-04T20:22:17.993Z > 200 GET /api/v1/ 14.59ms
INF 2026-08-04T20:22:17.993Z > 200 GET /api/v1/ 14.34ms
INF 2026-08-04T20:22:17.993Z > 200 GET /api/v1/ 216.7ms
INF 2026-08-04T20:22:17.996Z > 200 GET /api/v1/ 213.79ms
INF 2026-08-04T20:22:18.002Z > 200 GET /api/v1/ 13.47ms
INF 2026-08-04T20:22:18.003Z > 200 GET /api/v1/ 222.81ms
INF 2026-08-04T20:22:18.004Z > 200 GET /api/v1/ 12.78ms
INF 2026-08-04T20:22:18.005Z > 200 GET /api/v1/ 11.43ms
INF 2026-08-04T20:22:18.007Z > 200 GET /api/v1/ 10.85ms
INF 2026-08-04T20:22:18.008Z > 200 GET /api/v1/ 219.29ms
INF 2026-08-04T20:22:18.010Z > 200 GET /api/v1/ 208.63ms
INF 2026-08-04T20:22:18.015Z > 200 GET /api/v1/ 209.45ms
INF 2026-08-04T20:22:18.017Z > 200 GET /api/v1/ 12.4ms
INF 2026-08-04T20:22:18.018Z > 200 GET /api/v1/ 9.3ms
INF 2026-08-04T20:22:18.020Z > 200 GET /api/v1/ 12.03ms
INF 2026-08-04T20:22:18.020Z > 200 GET /api/v1/ 218.64ms
INF 2026-08-04T20:22:18.020Z > 200 GET /api/v1/ 10.1ms
INF 2026-08-04T20:22:18.023Z > 200 GET /api/v1/ 8.11ms
INF 2026-08-04T20:22:18.026Z > 200 GET /api/v1/ 218.61ms
INF 2026-08-04T20:22:18.029Z > 200 GET /api/v1/ 9.2ms
INF 2026-08-04T20:22:18.030Z > 200 GET /api/v1/ 9.27ms
INF 2026-08-04T20:22:18.038Z > 200 GET /api/v1/ 8.85ms
INF 2026-08-04T20:22:18.040Z > 200 GET /api/v1/ 10.56ms
INF 2026-08-04T20:22:18.040Z > 200 GET /api/v1/ 215.09ms
INF 2026-08-04T20:22:18.045Z > 200 GET /api/v1/ 213.17ms
INF 2026-08-04T20:22:18.046Z > 200 GET /api/v1/ 216.09ms
INF 2026-08-04T20:22:18.050Z > 200 GET /api/v1/ 10.01ms
INF 2026-08-04T20:22:18.051Z > 200 GET /api/v1/ 214.12ms
INF 2026-08-04T20:22:18.054Z > 200 GET /api/v1/ 203.79ms
INF 2026-08-04T20:22:18.059Z > 200 GET /api/v1/ 8.18ms
INF 2026-08-04T20:22:18.069Z > 200 GET /api/v1/ 17.5ms
INF 2026-08-04T20:22:18.069Z > 200 GET /api/v1/ 218.81ms
INF 2026-08-04T20:22:18.070Z > 200 GET /api/v1/ 370.59ms
INF 2026-08-04T20:22:18.070Z > 200 GET /api/v1/ 371.97ms
INF 2026-08-04T20:22:18.071Z > 200 GET /api/v1/ 219.25ms
INF 2026-08-04T20:22:18.073Z > 200 GET /api/v1/ 148.45ms
INF 2026-08-04T20:22:18.075Z > 200 GET /api/v1/ 20.99ms
INF 2026-08-04T20:22:18.085Z > 200 GET /api/v1/ 233.09ms
INF 2026-08-04T20:22:18.086Z > 200 GET /api/v1/ 154.47ms
INF 2026-08-04T20:22:18.091Z > 200 GET /api/v1/ 155.57ms
INF 2026-08-04T20:22:18.093Z > 200 GET /api/v1/ 256.55ms
INF 2026-08-04T20:22:18.093Z > 200 GET /api/v1/ 34.28ms
INF 2026-08-04T20:22:18.094Z > 200 GET /api/v1/ 241.78ms
INF 2026-08-04T20:22:18.094Z > 200 GET /api/v1/ 157.89ms
INF 2026-08-04T20:22:18.094Z > 200 GET /api/v1/ 285.2ms
INF 2026-08-04T20:22:18.096Z > 200 GET /api/v1/ 308.0ms
INF 2026-08-04T20:22:18.096Z > 200 GET /api/v1/ 272.98ms
INF 2026-08-04T20:22:18.096Z > 200 GET /api/v1/ 155.67ms
INF 2026-08-04T20:22:18.097Z > 200 GET /api/v1/ 26.38ms
INF 2026-08-04T20:22:18.097Z > 200 GET /api/v1/ 26.15ms
INF 2026-08-04T20:22:18.097Z > 200 GET /api/v1/ 325.16ms
INF 2026-08-04T20:22:18.098Z > 200 GET /api/v1/ 263.63ms
INF 2026-08-04T20:22:18.098Z > 200 GET /api/v1/ 244.44ms
INF 2026-08-04T20:22:18.098Z > 200 GET /api/v1/ 317.23ms
INF 2026-08-04T20:22:18.098Z > 200 GET /api/v1/ 244.32ms
INF 2026-08-04T20:22:18.100Z > 200 GET /api/v1/ 246.02ms
INF 2026-08-04T20:22:18.101Z > 200 GET /api/v1/ 25.27ms
INF 2026-08-04T20:22:18.101Z > 200 GET /api/v1/ 245.35ms
INF 2026-08-04T20:22:18.102Z > 200 GET /api/v1/ 246.38ms
INF 2026-08-04T20:22:18.103Z > 200 GET /api/v1/ 15.89ms
INF 2026-08-04T20:22:18.103Z > 200 GET /api/v1/ 247.14ms
INF 2026-08-04T20:22:18.104Z > 200 GET /api/v1/ 249.11ms
INF 2026-08-04T20:22:18.104Z > 200 GET /api/v1/ 5.78ms
INF 2026-08-04T20:22:18.106Z > 200 GET /api/v1/ 243.93ms
INF 2026-08-04T20:22:18.107Z > 200 GET /api/v1/ 248.85ms
INF 2026-08-04T20:22:18.108Z > 200 GET /api/v1/ 249.85ms
INF 2026-08-04T20:22:18.109Z > 200 GET /api/v1/ 6.2ms
INF 2026-08-04T20:22:18.109Z > 200 GET /api/v1/ 11.09ms
INF 2026-08-04T20:22:18.109Z > 200 GET /api/v1/ 251.09ms
INF 2026-08-04T20:22:18.110Z > 200 GET /api/v1/ 247.69ms
INF 2026-08-04T20:22:18.112Z > 200 GET /api/v1/ 8.01ms
INF 2026-08-04T20:22:18.112Z > 200 GET /api/v1/ 249.27ms
INF 2026-08-04T20:22:18.112Z > 200 GET /api/v1/ 251.66ms
INF 2026-08-04T20:22:18.122Z > 200 GET /api/v1/ 20.91ms
INF 2026-08-04T20:22:18.123Z > 200 GET /api/v1/ 262.65ms
INF 2026-08-04T20:22:18.124Z > 200 GET /api/v1/ 258.01ms
INF 2026-08-04T20:22:18.124Z > 200 GET /api/v1/ 261.76ms
INF 2026-08-04T20:22:18.132Z > 200 GET /api/v1/ 268.44ms
INF 2026-08-04T20:22:18.133Z > 200 GET /api/v1/ 257.85ms
INF 2026-08-04T20:22:18.133Z > 200 GET /api/v1/ 261.64ms
INF 2026-08-04T20:22:18.133Z > 200 GET /api/v1/ 268.04ms
INF 2026-08-04T20:22:18.134Z > 200 GET /api/v1/ 264.48ms
INF 2026-08-04T20:22:18.134Z > 200 GET /api/v1/ 265.93ms
INF 2026-08-04T20:22:18.134Z > 200 GET /api/v1/ 265.1ms
INF 2026-08-04T20:22:18.135Z > 200 GET /api/v1/ 259.21ms
INF 2026-08-04T20:22:18.135Z > 200 GET /api/v1/ 265.71ms
INF 2026-08-04T20:22:18.136Z > 200 GET /api/v1/ 12.91ms
INF 2026-08-04T20:22:18.137Z > 200 GET /api/v1/ 261.55ms
INF 2026-08-04T20:22:18.137Z > 200 GET /api/v1/ 271.08ms
INF 2026-08-04T20:22:18.142Z > 200 GET /api/v1/ 6.82ms
INF 2026-08-04T20:22:18.142Z > 200 GET /api/v1/ 7.94ms
INF 2026-08-04T20:22:18.144Z > 200 GET /api/v1/ 10.35ms
INF 2026-08-04T20:22:18.144Z > 200 GET /api/v1/ 9.87ms
INF 2026-08-04T20:22:18.145Z > 200 GET /api/v1/ 214.03ms
INF 2026-08-04T20:22:18.147Z > 200 GET /api/v1/ 252.44ms
INF 2026-08-04T20:22:18.154Z > 200 GET /api/v1/ 259.59ms
INF 2026-08-04T20:22:18.156Z > 200 GET /api/v1/ 241.49ms
INF 2026-08-04T20:22:18.161Z > 200 GET /api/v1/ 271.32ms
INF 2026-08-04T20:22:18.165Z > 200 GET /api/v1/ 240.89ms
INF 2026-08-04T20:22:18.176Z > 200 GET /api/v1/ 298.79ms
INF 2026-08-04T20:22:18.182Z > 200 GET /api/v1/ 34.86ms
INF 2026-08-04T20:22:18.182Z > 200 GET /api/v1/ 225.0ms
INF 2026-08-04T20:22:18.183Z > 200 GET /api/v1/ 37.2ms
INF 2026-08-04T20:22:18.188Z > 200 GET /api/v1/ 232.62ms
INF 2026-08-04T20:22:18.192Z > 200 GET /api/v1/ 239.97ms
INF 2026-08-04T20:22:18.192Z > 200 GET /api/v1/ 297.72ms
INF 2026-08-04T20:22:18.193Z > 200 GET /api/v1/ 289.6ms
INF 2026-08-04T20:22:18.193Z > 200 GET /api/v1/ 38.31ms
INF 2026-08-04T20:22:18.193Z > 200 GET /api/v1/ 37.17ms
INF 2026-08-04T20:22:18.196Z > 200 GET /api/v1/ 306.82ms
INF 2026-08-04T20:22:18.205Z > 200 GET /api/v1/ 300.59ms
INF 2026-08-04T20:22:18.205Z > 200 GET /api/v1/ 60.78ms
INF 2026-08-04T20:22:18.206Z > 200 GET /api/v1/ 245.35ms
INF 2026-08-04T20:22:18.206Z > 200 GET /api/v1/ 316.69ms
INF 2026-08-04T20:22:18.206Z > 200 GET /api/v1/ 316.65ms
INF 2026-08-04T20:22:18.206Z > 200 GET /api/v1/ 270.12ms
INF 2026-08-04T20:22:18.206Z > 200 GET /api/v1/ 270.58ms
INF 2026-08-04T20:22:18.207Z > 200 GET /api/v1/ 45.22ms
INF 2026-08-04T20:22:18.207Z > 200 GET /api/v1/ 228.28ms
INF 2026-08-04T20:22:18.208Z > 200 GET /api/v1/ 272.55ms
INF 2026-08-04T20:22:18.208Z > 200 GET /api/v1/ 234.98ms
INF 2026-08-04T20:22:18.215Z > 200 GET /api/v1/ 337.86ms
INF 2026-08-04T20:22:18.215Z > 200 GET /api/v1/ 338.69ms
INF 2026-08-04T20:22:18.216Z > 200 GET /api/v1/ 281.42ms
INF 2026-08-04T20:22:18.216Z > 200 GET /api/v1/ 39.94ms
INF 2026-08-04T20:22:18.218Z > 200 GET /api/v1/ 315.14ms
INF 2026-08-04T20:22:18.220Z > 200 GET /api/v1/ 248.98ms
INF 2026-08-04T20:22:18.222Z > 200 GET /api/v1/ 39.15ms
INF 2026-08-04T20:22:18.222Z > 200 GET /api/v1/ 248.96ms
INF 2026-08-04T20:22:18.223Z > 200 GET /api/v1/ 248.96ms
INF 2026-08-04T20:22:18.223Z > 200 GET /api/v1/ 285.76ms
INF 2026-08-04T20:22:18.223Z > 200 GET /api/v1/ 325.67ms
INF 2026-08-04T20:22:18.230Z > 200 GET /api/v1/ 314.15ms
INF 2026-08-04T20:22:18.230Z > 200 GET /api/v1/ 246.23ms
INF 2026-08-04T20:22:18.231Z > 200 GET /api/v1/ 37.8ms
INF 2026-08-04T20:22:18.231Z > 200 GET /api/v1/ 37.76ms
INF 2026-08-04T20:22:18.231Z > 200 GET /api/v1/ 301.47ms
INF 2026-08-04T20:22:18.233Z > 200 GET /api/v1/ 245.01ms
INF 2026-08-04T20:22:18.236Z > 200 GET /api/v1/ 262.03ms
INF 2026-08-04T20:22:18.236Z > 200 GET /api/v1/ 27.3ms
INF 2026-08-04T20:22:18.237Z > 200 GET /api/v1/ 28.29ms
INF 2026-08-04T20:22:18.237Z > 200 GET /api/v1/ 20.48ms
INF 2026-08-04T20:22:18.241Z > 200 GET /api/v1/ 18.37ms
INF 2026-08-04T20:22:18.241Z > 200 GET /api/v1/ 18.36ms
INF 2026-08-04T20:22:18.242Z > 200 GET /api/v1/ 18.12ms
INF 2026-08-04T20:22:18.248Z > 200 GET /api/v1/ 256.35ms
INF 2026-08-04T20:22:18.249Z > 200 GET /api/v1/ 17.69ms
INF 2026-08-04T20:22:18.251Z > 200 GET /api/v1/ 17.55ms
INF 2026-08-04T20:22:18.253Z > 200 GET /api/v1/ 16.74ms
INF 2026-08-04T20:22:18.257Z > 200 GET /api/v1/ 16.01ms
INF 2026-08-04T20:22:18.258Z > 200 GET /api/v1/ 20.75ms
INF 2026-08-04T20:22:18.261Z > 200 GET /api/v1/ 258.35ms
INF 2026-08-04T20:22:18.261Z > 200 GET /api/v1/ 19.41ms
INF 2026-08-04T20:22:18.263Z > 200 GET /api/v1/ 269.75ms
INF 2026-08-04T20:22:18.267Z > 200 GET /api/v1/ 19.44ms
INF 2026-08-04T20:22:18.267Z > 200 GET /api/v1/ 18.6ms
INF 2026-08-04T20:22:18.268Z > 200 GET /api/v1/ 16.85ms
INF 2026-08-04T20:22:18.274Z > 200 GET /api/v1/ 280.76ms
INF 2026-08-04T20:22:18.285Z > 200 GET /api/v1/ 24.18ms
INF 2026-08-04T20:22:18.286Z > 200 GET /api/v1/ 27.94ms
INF 2026-08-04T20:22:18.286Z > 200 GET /api/v1/ 281.79ms
INF 2026-08-04T20:22:18.286Z > 200 GET /api/v1/ 22.95ms
INF 2026-08-04T20:22:18.287Z > 200 GET /api/v1/ 269.58ms
INF 2026-08-04T20:22:18.291Z > 200 GET /api/v1/ 22.66ms
INF 2026-08-04T20:22:18.291Z > 200 GET /api/v1/ 23.61ms
INF 2026-08-04T20:22:18.293Z > 200 GET /api/v1/ 272.17ms
INF 2026-08-04T20:22:18.293Z > 200 GET /api/v1/ 275.55ms
INF 2026-08-04T20:22:18.298Z > 200 GET /api/v1/ 23.91ms
INF 2026-08-04T20:22:18.299Z > 200 GET /api/v1/ 276.28ms
INF 2026-08-04T20:22:18.300Z > 200 GET /api/v1/ 296.63ms
INF 2026-08-04T20:22:18.309Z > 200 GET /api/v1/ 238.31ms
INF 2026-08-04T20:22:18.309Z > 200 GET /api/v1/ 282.54ms
INF 2026-08-04T20:22:18.310Z > 200 GET /api/v1/ 263.71ms
INF 2026-08-04T20:22:18.310Z > 200 GET /api/v1/ 237.08ms
INF 2026-08-04T20:22:18.311Z > 200 GET /api/v1/ 240.41ms
INF 2026-08-04T20:22:18.311Z > 200 GET /api/v1/ 272.67ms
INF 2026-08-04T20:22:18.312Z > 200 GET /api/v1/ 270.93ms
INF 2026-08-04T20:22:18.312Z > 200 GET /api/v1/ 241.84ms
INF 2026-08-04T20:22:18.313Z > 200 GET /api/v1/ 221.52ms
INF 2026-08-04T20:22:18.317Z > 200 GET /api/v1/ 222.82ms
INF 2026-08-04T20:22:18.317Z > 200 GET /api/v1/ 219.89ms
INF 2026-08-04T20:22:18.317Z > 200 GET /api/v1/ 223.17ms
INF 2026-08-04T20:22:18.318Z > 200 GET /api/v1/ 221.0ms
INF 2026-08-04T20:22:18.319Z > 200 GET /api/v1/ 224.95ms
INF 2026-08-04T20:22:18.319Z > 200 GET /api/v1/ 273.54ms
INF 2026-08-04T20:22:18.320Z > 200 GET /api/v1/ 225.77ms
INF 2026-08-04T20:22:18.323Z > 200 GET /api/v1/ 228.27ms
INF 2026-08-04T20:22:18.323Z > 200 GET /api/v1/ 224.75ms
INF 2026-08-04T20:22:18.324Z > 200 GET /api/v1/ 238.47ms
INF 2026-08-04T20:22:18.324Z > 200 GET /api/v1/ 226.8ms
INF 2026-08-04T20:22:18.325Z > 200 GET /api/v1/ 226.69ms
INF 2026-08-04T20:22:18.325Z > 200 GET /api/v1/ 226.62ms
INF 2026-08-04T20:22:18.326Z > 200 GET /api/v1/ 225.41ms
INF 2026-08-04T20:22:18.326Z > 200 GET /api/v1/ 14.93ms
INF 2026-08-04T20:22:18.329Z > 200 GET /api/v1/ 227.98ms
INF 2026-08-04T20:22:18.330Z > 200 GET /api/v1/ 17.97ms
INF 2026-08-04T20:22:18.331Z > 200 GET /api/v1/ 232.7ms
INF 2026-08-04T20:22:18.332Z > 200 GET /api/v1/ 228.69ms
INF 2026-08-04T20:22:18.332Z > 200 GET /api/v1/ 13.54ms
INF 2026-08-04T20:22:18.341Z > 200 GET /api/v1/ 231.99ms
INF 2026-08-04T20:22:18.343Z > 200 GET /api/v1/ 232.6ms
INF 2026-08-04T20:22:18.354Z > 200 GET /api/v1/ 245.45ms
INF 2026-08-04T20:22:18.354Z > 200 GET /api/v1/ 29.0ms
INF 2026-08-04T20:22:18.354Z > 200 GET /api/v1/ 241.46ms
INF 2026-08-04T20:22:18.354Z > 200 GET /api/v1/ 248.68ms
INF 2026-08-04T20:22:18.355Z > 200 GET /api/v1/ 230.46ms
INF 2026-08-04T20:22:18.358Z > 200 GET /api/v1/ 255.05ms
INF 2026-08-04T20:22:18.358Z > 200 GET /api/v1/ 250.68ms
INF 2026-08-04T20:22:18.359Z > 200 GET /api/v1/ 39.18ms
INF 2026-08-04T20:22:18.362Z > 200 GET /api/v1/ 252.41ms
INF 2026-08-04T20:22:18.363Z > 200 GET /api/v1/ 250.0ms
INF 2026-08-04T20:22:18.363Z > 200 GET /api/v1/ 250.27ms
INF 2026-08-04T20:22:18.367Z > 200 GET /api/v1/ 259.62ms
INF 2026-08-04T20:22:18.367Z > 200 GET /api/v1/ 257.34ms
INF 2026-08-04T20:22:18.370Z > 200 GET /api/v1/ 245.28ms
INF 2026-08-04T20:22:18.381Z > 200 GET /api/v1/ 248.75ms
INF 2026-08-04T20:22:18.384Z > 200 GET /api/v1/ 285.56ms
INF 2026-08-04T20:22:18.384Z > 200 GET /api/v1/ 250.53ms
INF 2026-08-04T20:22:18.385Z > 200 GET /api/v1/ 249.96ms
INF 2026-08-04T20:22:18.385Z > 200 GET /api/v1/ 250.26ms
INF 2026-08-04T20:22:18.385Z > 200 GET /api/v1/ 251.63ms
INF 2026-08-04T20:22:18.387Z > 200 GET /api/v1/ 262.45ms
INF 2026-08-04T20:22:18.394Z > 200 GET /api/v1/ 39.39ms
INF 2026-08-04T20:22:18.395Z > 200 GET /api/v1/ 252.47ms
INF 2026-08-04T20:22:18.395Z > 200 GET /api/v1/ 202.28ms
INF 2026-08-04T20:22:18.398Z > 200 GET /api/v1/ 43.34ms
INF 2026-08-04T20:22:18.398Z > 200 GET /api/v1/ 233.18ms
INF 2026-08-04T20:22:18.399Z > 200 GET /api/v1/ 216.17ms
INF 2026-08-04T20:22:18.399Z > 200 GET /api/v1/ 37.27ms
INF 2026-08-04T20:22:18.400Z > 200 GET /api/v1/ 36.74ms
INF 2026-08-04T20:22:18.401Z > 200 GET /api/v1/ 42.07ms
INF 2026-08-04T20:22:18.402Z > 200 GET /api/v1/ 35.17ms
INF 2026-08-04T20:22:18.405Z > 200 GET /api/v1/ 46.43ms
INF 2026-08-04T20:22:18.409Z > 200 GET /api/v1/ 23.96ms
INF 2026-08-04T20:22:18.409Z > 200 GET /api/v1/ 265.39ms
INF 2026-08-04T20:22:18.411Z > 200 GET /api/v1/ 222.16ms
INF 2026-08-04T20:22:18.411Z > 200 GET /api/v1/ 273.37ms
INF 2026-08-04T20:22:18.412Z > 200 GET /api/v1/ 218.52ms
INF 2026-08-04T20:22:18.414Z > 200 GET /api/v1/ 20.24ms
INF 2026-08-04T20:22:18.425Z > 200 GET /api/v1/ 30.19ms
INF 2026-08-04T20:22:18.426Z > 200 GET /api/v1/ 243.29ms
INF 2026-08-04T20:22:18.426Z > 200 GET /api/v1/ 38.6ms
INF 2026-08-04T20:22:18.426Z > 200 GET /api/v1/ 26.41ms
INF 2026-08-04T20:22:18.427Z > 200 GET /api/v1/ 284.82ms
INF 2026-08-04T20:22:18.427Z > 200 GET /api/v1/ 27.19ms
INF 2026-08-04T20:22:18.427Z > 200 GET /api/v1/ 25.25ms
INF 2026-08-04T20:22:18.428Z > 200 GET /api/v1/ 29.74ms
INF 2026-08-04T20:22:18.430Z > 200 GET /api/v1/ 222.28ms
INF 2026-08-04T20:22:18.438Z > 200 GET /api/v1/ 300.99ms
INF 2026-08-04T20:22:18.439Z > 200 GET /api/v1/ 231.01ms
INF 2026-08-04T20:22:18.448Z > 200 GET /api/v1/ 311.24ms
INF 2026-08-04T20:22:18.451Z > 200 GET /api/v1/ 242.79ms
INF 2026-08-04T20:22:18.452Z > 200 GET /api/v1/ 243.27ms
INF 2026-08-04T20:22:18.453Z > 200 GET /api/v1/ 244.69ms
INF 2026-08-04T20:22:18.455Z > 200 GET /api/v1/ 239.61ms
INF 2026-08-04T20:22:18.455Z > 200 GET /api/v1/ 247.48ms
INF 2026-08-04T20:22:18.457Z > 200 GET /api/v1/ 248.95ms
INF 2026-08-04T20:22:18.457Z > 200 GET /api/v1/ 249.35ms
INF 2026-08-04T20:22:18.459Z > 200 GET /api/v1/ 243.73ms
INF 2026-08-04T20:22:18.461Z > 200 GET /api/v1/ 12.66ms
INF 2026-08-04T20:22:18.462Z > 200 GET /api/v1/ 11.22ms
INF 2026-08-04T20:22:18.463Z > 200 GET /api/v1/ 10.62ms
INF 2026-08-04T20:22:18.464Z > 200 GET /api/v1/ 8.86ms
INF 2026-08-04T20:22:18.464Z > 200 GET /api/v1/ 248.66ms
INF 2026-08-04T20:22:18.465Z > 200 GET /api/v1/ 7.6ms
INF 2026-08-04T20:22:18.465Z > 200 GET /api/v1/ 7.51ms
INF 2026-08-04T20:22:18.466Z > 200 GET /api/v1/ 272.91ms
INF 2026-08-04T20:22:18.468Z > 200 GET /api/v1/ 262.63ms
INF 2026-08-04T20:22:18.468Z > 200 GET /api/v1/ 3.41ms
INF 2026-08-04T20:22:18.469Z > 200 GET /api/v1/ 39.04ms
INF 2026-08-04T20:22:18.470Z > 200 GET /api/v1/ 42.85ms
INF 2026-08-04T20:22:18.471Z > 200 GET /api/v1/ 43.9ms
INF 2026-08-04T20:22:18.472Z > 200 GET /api/v1/ 264.39ms
INF 2026-08-04T20:22:18.473Z > 200 GET /api/v1/ 45.18ms
INF 2026-08-04T20:22:18.474Z > 200 GET /api/v1/ 8.61ms
INF 2026-08-04T20:22:18.474Z > 200 GET /api/v1/ 8.17ms
INF 2026-08-04T20:22:18.474Z > 200 GET /api/v1/ 3.33ms
INF 2026-08-04T20:22:18.477Z > 200 GET /api/v1/ 4.22ms
INF 2026-08-04T20:22:18.477Z > 200 GET /api/v1/ 2.86ms
INF 2026-08-04T20:22:18.479Z > 200 GET /api/v1/ 5.3ms
INF 2026-08-04T20:22:18.484Z > 200 GET /api/v1/ 4.84ms
INF 2026-08-04T20:22:18.492Z > 200 GET /api/v1/ 7.48ms
INF 2026-08-04T20:22:18.492Z > 200 GET /api/v1/ 274.09ms
INF 2026-08-04T20:22:18.495Z > 200 GET /api/v1/ 274.49ms
INF 2026-08-04T20:22:18.496Z > 200 GET /api/v1/ 274.0ms
INF 2026-08-04T20:22:18.499Z > 200 GET /api/v1/ 276.21ms
INF 2026-08-04T20:22:18.500Z > 200 GET /api/v1/ 7.82ms
INF 2026-08-04T20:22:18.511Z > 200 GET /api/v1/ 280.12ms
INF 2026-08-04T20:22:18.520Z > 200 GET /api/v1/ 288.5ms
INF 2026-08-04T20:22:18.522Z > 200 GET /api/v1/ 22.37ms
INF 2026-08-04T20:22:18.528Z > 200 GET /api/v1/ 7.86ms
INF 2026-08-04T20:22:18.530Z > 200 GET /api/v1/ 7.91ms
INF 2026-08-04T20:22:18.533Z > 200 GET /api/v1/ 272.14ms
INF 2026-08-04T20:22:18.534Z > 200 GET /api/v1/ 266.52ms
INF 2026-08-04T20:22:18.535Z > 200 GET /api/v1/ 57.84ms
INF 2026-08-04T20:22:18.536Z > 200 GET /api/v1/ 304.46ms
INF 2026-08-04T20:22:18.538Z > 200 GET /api/v1/ 10.0ms
INF 2026-08-04T20:22:18.540Z > 200 GET /api/v1/ 253.02ms
INF 2026-08-04T20:22:18.541Z > 200 GET /api/v1/ 254.48ms
INF 2026-08-04T20:22:18.543Z > 200 GET /api/v1/ 255.9ms
INF 2026-08-04T20:22:18.543Z > 200 GET /api/v1/ 285.4ms
INF 2026-08-04T20:22:18.544Z > 200 GET /api/v1/ 9.0ms
INF 2026-08-04T20:22:18.544Z > 200 GET /api/v1/ 257.37ms
INF 2026-08-04T20:22:18.547Z > 200 GET /api/v1/ 255.24ms
INF 2026-08-04T20:22:18.547Z > 200 GET /api/v1/ 259.46ms
INF 2026-08-04T20:22:18.549Z > 200 GET /api/v1/ 307.36ms
INF 2026-08-04T20:22:18.549Z > 200 GET /api/v1/ 312.5ms
INF 2026-08-04T20:22:18.550Z > 200 GET /api/v1/ 318.7ms
INF 2026-08-04T20:22:18.550Z > 200 GET /api/v1/ 257.38ms
INF 2026-08-04T20:22:18.553Z > 200 GET /api/v1/ 9.44ms
INF 2026-08-04T20:22:18.553Z > 200 GET /api/v1/ 8.75ms
INF 2026-08-04T20:22:18.555Z > 200 GET /api/v1/ 243.03ms
INF 2026-08-04T20:22:18.555Z > 200 GET /api/v1/ 255.48ms
INF 2026-08-04T20:22:18.557Z > 200 GET /api/v1/ 303.78ms
INF 2026-08-04T20:22:18.557Z > 200 GET /api/v1/ 254.34ms
INF 2026-08-04T20:22:18.558Z > 200 GET /api/v1/ 258.79ms
INF 2026-08-04T20:22:18.559Z > 200 GET /api/v1/ 248.48ms
INF 2026-08-04T20:22:18.560Z > 200 GET /api/v1/ 267.17ms
INF 2026-08-04T20:22:18.561Z > 200 GET /api/v1/ 249.69ms
INF 2026-08-04T20:22:18.562Z > 200 GET /api/v1/ 249.98ms
INF 2026-08-04T20:22:18.562Z > 200 GET /api/v1/ 244.12ms
INF 2026-08-04T20:22:18.563Z > 200 GET /api/v1/ 252.9ms
INF 2026-08-04T20:22:18.564Z > 200 GET /api/v1/ 239.04ms
INF 2026-08-04T20:22:18.567Z > 200 GET /api/v1/ 241.51ms
INF 2026-08-04T20:22:18.567Z > 200 GET /api/v1/ 248.6ms
INF 2026-08-04T20:22:18.567Z > 200 GET /api/v1/ 242.68ms
INF 2026-08-04T20:22:18.576Z > 200 GET /api/v1/ 250.78ms
INF 2026-08-04T20:22:18.577Z > 200 GET /api/v1/ 22.14ms
INF 2026-08-04T20:22:18.577Z > 200 GET /api/v1/ 257.58ms
INF 2026-08-04T20:22:18.579Z > 200 GET /api/v1/ 343.31ms
INF 2026-08-04T20:22:18.580Z > 200 GET /api/v1/ 18.84ms
INF 2026-08-04T20:22:18.588Z > 200 GET /api/v1/ 25.39ms
INF 2026-08-04T20:22:18.588Z > 200 GET /api/v1/ 297.01ms
INF 2026-08-04T20:22:18.597Z > 200 GET /api/v1/ 278.49ms
INF 2026-08-04T20:22:18.598Z > 200 GET /api/v1/ 286.72ms
INF 2026-08-04T20:22:18.618Z > 200 GET /api/v1/ 260.01ms
INF 2026-08-04T20:22:18.619Z > 200 GET /api/v1/ 275.79ms
INF 2026-08-04T20:22:18.619Z > 200 GET /api/v1/ 249.07ms
INF 2026-08-04T20:22:18.619Z > 200 GET /api/v1/ 234.98ms
INF 2026-08-04T20:22:18.620Z > 200 GET /api/v1/ 264.65ms
INF 2026-08-04T20:22:18.620Z > 200 GET /api/v1/ 265.33ms
INF 2026-08-04T20:22:18.620Z > 200 GET /api/v1/ 293.97ms
INF 2026-08-04T20:22:18.621Z > 200 GET /api/v1/ 239.12ms
INF 2026-08-04T20:22:18.621Z > 200 GET /api/v1/ 278.98ms
INF 2026-08-04T20:22:18.621Z > 200 GET /api/v1/ 236.89ms
INF 2026-08-04T20:22:18.621Z > 200 GET /api/v1/ 254.44ms
INF 2026-08-04T20:22:18.622Z > 200 GET /api/v1/ 54.32ms
INF 2026-08-04T20:22:18.622Z > 200 GET /api/v1/ 297.45ms
INF 2026-08-04T20:22:18.622Z > 200 GET /api/v1/ 259.22ms
INF 2026-08-04T20:22:18.622Z > 200 GET /api/v1/ 268.46ms
INF 2026-08-04T20:22:18.622Z > 200 GET /api/v1/ 309.81ms
INF 2026-08-04T20:22:18.623Z > 200 GET /api/v1/ 296.93ms
INF 2026-08-04T20:22:18.623Z > 200 GET /api/v1/ 282.25ms
INF 2026-08-04T20:22:18.624Z > 200 GET /api/v1/ 293.77ms
INF 2026-08-04T20:22:18.624Z > 200 GET /api/v1/ 304.3ms
INF 2026-08-04T20:22:18.629Z > 200 GET /api/v1/ 286.45ms
INF 2026-08-04T20:22:18.632Z > 200 GET /api/v1/ 301.39ms
INF 2026-08-04T20:22:18.634Z > 200 GET /api/v1/ 302.29ms
INF 2026-08-04T20:22:18.638Z > 200 GET /api/v1/ 58.88ms
INF 2026-08-04T20:22:18.638Z > 200 GET /api/v1/ 238.54ms
INF 2026-08-04T20:22:18.642Z > 200 GET /api/v1/ 244.22ms
INF 2026-08-04T20:22:18.643Z > 200 GET /api/v1/ 247.84ms
INF 2026-08-04T20:22:18.647Z > 200 GET /api/v1/ 237.58ms
INF 2026-08-04T20:22:18.648Z > 200 GET /api/v1/ 262.8ms
INF 2026-08-04T20:22:18.664Z > 200 GET /api/v1/ 45.07ms
INF 2026-08-04T20:22:18.664Z > 200 GET /api/v1/ 45.03ms
INF 2026-08-04T20:22:18.664Z > 200 GET /api/v1/ 44.1ms
INF 2026-08-04T20:22:18.664Z > 200 GET /api/v1/ 43.15ms
INF 2026-08-04T20:22:18.665Z > 200 GET /api/v1/ 43.15ms
INF 2026-08-04T20:22:18.665Z > 200 GET /api/v1/ 43.12ms
INF 2026-08-04T20:22:18.665Z > 200 GET /api/v1/ 43.3ms
INF 2026-08-04T20:22:18.665Z > 200 GET /api/v1/ 254.43ms
INF 2026-08-04T20:22:18.668Z > 200 GET /api/v1/ 44.59ms
INF 2026-08-04T20:22:18.669Z > 200 GET /api/v1/ 49.06ms
INF 2026-08-04T20:22:18.669Z > 200 GET /api/v1/ 267.51ms
INF 2026-08-04T20:22:18.669Z > 200 GET /api/v1/ 31.36ms
INF 2026-08-04T20:22:18.671Z > 200 GET /api/v1/ 48.4ms
INF 2026-08-04T20:22:18.672Z > 200 GET /api/v1/ 48.31ms
INF 2026-08-04T20:22:18.672Z > 200 GET /api/v1/ 37.54ms
INF 2026-08-04T20:22:18.672Z > 200 GET /api/v1/ 262.95ms
INF 2026-08-04T20:22:18.680Z > 200 GET /api/v1/ 51.0ms
INF 2026-08-04T20:22:18.682Z > 200 GET /api/v1/ 296.63ms
INF 2026-08-04T20:22:18.684Z > 200 GET /api/v1/ 257.59ms
INF 2026-08-04T20:22:18.686Z > 200 GET /api/v1/ 38.26ms
INF 2026-08-04T20:22:18.686Z > 200 GET /api/v1/ 274.61ms
INF 2026-08-04T20:22:18.687Z > 200 GET /api/v1/ 281.8ms
INF 2026-08-04T20:22:18.696Z > 200 GET /api/v1/ 285.22ms
INF 2026-08-04T20:22:18.696Z > 200 GET /api/v1/ 257.39ms
INF 2026-08-04T20:22:18.697Z > 200 GET /api/v1/ 282.14ms
INF 2026-08-04T20:22:18.700Z > 200 GET /api/v1/ 272.02ms
INF 2026-08-04T20:22:18.700Z > 200 GET /api/v1/ 272.28ms
INF 2026-08-04T20:22:18.700Z > 200 GET /api/v1/ 262.1ms
INF 2026-08-04T20:22:18.700Z > 200 GET /api/v1/ 247.46ms
INF 2026-08-04T20:22:18.702Z > 200 GET /api/v1/ 5.51ms
INF 2026-08-04T20:22:18.704Z > 200 GET /api/v1/ 277.16ms
INF 2026-08-04T20:22:18.704Z > 200 GET /api/v1/ 3.59ms
INF 2026-08-04T20:22:18.705Z > 200 GET /api/v1/ 3.1ms
INF 2026-08-04T20:22:18.706Z > 200 GET /api/v1/ 279.33ms
INF 2026-08-04T20:22:18.706Z > 200 GET /api/v1/ 34.4ms
INF 2026-08-04T20:22:18.707Z > 200 GET /api/v1/ 37.46ms
INF 2026-08-04T20:22:18.707Z > 200 GET /api/v1/ 3.26ms
INF 2026-08-04T20:22:18.708Z > 200 GET /api/v1/ 35.22ms
INF 2026-08-04T20:22:18.709Z > 200 GET /api/v1/ 26.35ms
INF 2026-08-04T20:22:18.709Z > 200 GET /api/v1/ 40.96ms
INF 2026-08-04T20:22:18.711Z > 200 GET /api/v1/ 42.29ms
INF 2026-08-04T20:22:18.711Z > 200 GET /api/v1/ 3.5ms
INF 2026-08-04T20:22:18.712Z > 200 GET /api/v1/ 26.57ms
INF 2026-08-04T20:22:18.713Z > 200 GET /api/v1/ 32.99ms
INF 2026-08-04T20:22:18.714Z > 200 GET /api/v1/ 27.35ms
INF 2026-08-04T20:22:18.716Z > 200 GET /api/v1/ 260.19ms
INF 2026-08-04T20:22:18.717Z > 200 GET /api/v1/ 3.0ms
INF 2026-08-04T20:22:18.717Z > 200 GET /api/v1/ 5.86ms
INF 2026-08-04T20:22:18.718Z > 200 GET /api/v1/ 5.09ms
INF 2026-08-04T20:22:18.724Z > 200 GET /api/v1/ 6.86ms
INF 2026-08-04T20:22:18.736Z > 200 GET /api/v1/ 277.09ms
INF 2026-08-04T20:22:18.743Z > 200 GET /api/v1/ 18.3ms
INF 2026-08-04T20:22:18.747Z > 200 GET /api/v1/ 285.31ms
INF 2026-08-04T20:22:18.754Z > 200 GET /api/v1/ 291.52ms
INF 2026-08-04T20:22:18.755Z > 200 GET /api/v1/ 292.61ms
INF 2026-08-04T20:22:18.771Z > 200 GET /api/v1/ 303.28ms
INF 2026-08-04T20:22:18.771Z > 200 GET /api/v1/ 298.12ms
INF 2026-08-04T20:22:18.772Z > 200 GET /api/v1/ 28.47ms
INF 2026-08-04T20:22:18.773Z > 200 GET /api/v1/ 308.57ms
INF 2026-08-04T20:22:18.782Z > 200 GET /api/v1/ 314.02ms
INF 2026-08-04T20:22:18.790Z > 200 GET /api/v1/ 42.6ms
INF 2026-08-04T20:22:18.791Z > 200 GET /api/v1/ 36.37ms
INF 2026-08-04T20:22:18.793Z > 200 GET /api/v1/ 9.65ms
INF 2026-08-04T20:22:18.794Z > 200 GET /api/v1/ 319.93ms
INF 2026-08-04T20:22:18.795Z > 200 GET /api/v1/ 324.6ms
INF 2026-08-04T20:22:18.796Z > 200 GET /api/v1/ 301.4ms
INF 2026-08-04T20:22:18.797Z > 200 GET /api/v1/ 300.81ms
INF 2026-08-04T20:22:18.799Z > 200 GET /api/v1/ 329.89ms
INF 2026-08-04T20:22:18.803Z > 200 GET /api/v1/ 310.16ms
INF 2026-08-04T20:22:18.803Z > 200 GET /api/v1/ 325.63ms
INF 2026-08-04T20:22:18.810Z > 200 GET /api/v1/ 310.59ms
INF 2026-08-04T20:22:18.811Z > 200 GET /api/v1/ 276.41ms
INF 2026-08-04T20:22:18.811Z > 200 GET /api/v1/ 346.3ms
INF 2026-08-04T20:22:18.813Z > 200 GET /api/v1/ 14.46ms
INF 2026-08-04T20:22:18.815Z > 200 GET /api/v1/ 303.21ms
INF 2026-08-04T20:22:18.816Z > 200 GET /api/v1/ 275.06ms
INF 2026-08-04T20:22:18.816Z > 200 GET /api/v1/ 286.01ms
INF 2026-08-04T20:22:18.817Z > 200 GET /api/v1/ 273.82ms
INF 2026-08-04T20:22:18.817Z > 200 GET /api/v1/ 281.68ms
INF 2026-08-04T20:22:18.821Z > 200 GET /api/v1/ 284.84ms
INF 2026-08-04T20:22:18.821Z > 200 GET /api/v1/ 282.87ms
INF 2026-08-04T20:22:18.822Z > 200 GET /api/v1/ 280.6ms
INF 2026-08-04T20:22:18.823Z > 200 GET /api/v1/ 6.06ms
INF 2026-08-04T20:22:18.824Z > 200 GET /api/v1/ 274.1ms
INF 2026-08-04T20:22:18.827Z > 200 GET /api/v1/ 279.14ms
INF 2026-08-04T20:22:18.827Z > 200 GET /api/v1/ 282.43ms
INF 2026-08-04T20:22:18.830Z > 200 GET /api/v1/ 282.15ms
INF 2026-08-04T20:22:18.831Z > 200 GET /api/v1/ 7.8ms
INF 2026-08-04T20:22:18.842Z > 200 GET /api/v1/ 291.97ms
INF 2026-08-04T20:22:18.843Z > 200 GET /api/v1/ 21.8ms
INF 2026-08-04T20:22:18.844Z > 200 GET /api/v1/ 293.38ms
INF 2026-08-04T20:22:18.844Z > 200 GET /api/v1/ 286.96ms
INF 2026-08-04T20:22:18.845Z > 200 GET /api/v1/ 289.04ms
INF 2026-08-04T20:22:18.845Z > 200 GET /api/v1/ 292.01ms
INF 2026-08-04T20:22:18.846Z > 200 GET /api/v1/ 295.44ms
INF 2026-08-04T20:22:18.846Z > 200 GET /api/v1/ 292.1ms
INF 2026-08-04T20:22:18.849Z > 200 GET /api/v1/ 287.81ms
INF 2026-08-04T20:22:18.853Z > 200 GET /api/v1/ 294.89ms
INF 2026-08-04T20:22:18.853Z > 200 GET /api/v1/ 287.75ms
INF 2026-08-04T20:22:18.855Z > 200 GET /api/v1/ 275.11ms
INF 2026-08-04T20:22:18.855Z > 200 GET /api/v1/ 276.29ms
INF 2026-08-04T20:22:18.859Z > 200 GET /api/v1/ 301.16ms
INF 2026-08-04T20:22:18.859Z > 200 GET /api/v1/ 238.92ms
INF 2026-08-04T20:22:18.859Z > 200 GET /api/v1/ 291.6ms
INF 2026-08-04T20:22:18.860Z > 200 GET /api/v1/ 279.69ms
INF 2026-08-04T20:22:18.860Z > 200 GET /api/v1/ 280.92ms
INF 2026-08-04T20:22:18.860Z > 200 GET /api/v1/ 263.5ms
INF 2026-08-04T20:22:18.861Z > 200 GET /api/v1/ 262.13ms
INF 2026-08-04T20:22:18.861Z > 200 GET /api/v1/ 272.29ms
INF 2026-08-04T20:22:18.861Z > 200 GET /api/v1/ 300.63ms
INF 2026-08-04T20:22:18.861Z > 200 GET /api/v1/ 273.65ms
INF 2026-08-04T20:22:18.862Z > 200 GET /api/v1/ 299.43ms
INF 2026-08-04T20:22:18.862Z > 200 GET /api/v1/ 294.04ms
INF 2026-08-04T20:22:18.862Z > 200 GET /api/v1/ 298.88ms
INF 2026-08-04T20:22:18.863Z > 200 GET /api/v1/ 19.3ms
INF 2026-08-04T20:22:18.869Z > 200 GET /api/v1/ 22.98ms
INF 2026-08-04T20:22:18.872Z > 200 GET /api/v1/ 250.78ms
INF 2026-08-04T20:22:18.879Z > 200 GET /api/v1/ 255.07ms
INF 2026-08-04T20:22:18.886Z > 200 GET /api/v1/ 24.79ms
INF 2026-08-04T20:22:18.887Z > 200 GET /api/v1/ 24.84ms
INF 2026-08-04T20:22:18.887Z > 200 GET /api/v1/ 249.04ms
INF 2026-08-04T20:22:18.888Z > 200 GET /api/v1/ 222.18ms
INF 2026-08-04T20:22:18.889Z > 200 GET /api/v1/ 223.29ms
INF 2026-08-04T20:22:18.897Z > 200 GET /api/v1/ 272.98ms
INF 2026-08-04T20:22:18.897Z > 200 GET /api/v1/ 28.41ms
INF 2026-08-04T20:22:18.898Z > 200 GET /api/v1/ 275.44ms
INF 2026-08-04T20:22:18.900Z > 200 GET /api/v1/ 279.49ms
INF 2026-08-04T20:22:18.900Z > 200 GET /api/v1/ 277.34ms
INF 2026-08-04T20:22:18.900Z > 200 GET /api/v1/ 28.24ms
INF 2026-08-04T20:22:18.914Z > 200 GET /api/v1/ 53.62ms
INF 2026-08-04T20:22:18.914Z > 200 GET /api/v1/ 248.37ms
INF 2026-08-04T20:22:18.914Z > 200 GET /api/v1/ 295.34ms
INF 2026-08-04T20:22:18.915Z > 200 GET /api/v1/ 218.24ms
INF 2026-08-04T20:22:18.915Z > 200 GET /api/v1/ 249.64ms
INF 2026-08-04T20:22:18.921Z > 200 GET /api/v1/ 236.43ms
INF 2026-08-04T20:22:18.921Z > 200 GET /api/v1/ 298.77ms
INF 2026-08-04T20:22:18.921Z > 200 GET /api/v1/ 255.59ms
INF 2026-08-04T20:22:18.922Z > 200 GET /api/v1/ 256.27ms
INF 2026-08-04T20:22:18.922Z > 200 GET /api/v1/ 36.26ms
INF 2026-08-04T20:22:18.925Z > 200 GET /api/v1/ 37.46ms
INF 2026-08-04T20:22:18.926Z > 200 GET /api/v1/ 260.46ms
INF 2026-08-04T20:22:18.930Z > 200 GET /api/v1/ 42.63ms
INF 2026-08-04T20:22:18.931Z > 200 GET /api/v1/ 230.53ms
INF 2026-08-04T20:22:18.933Z > 200 GET /api/v1/ 290.36ms
INF 2026-08-04T20:22:18.933Z > 200 GET /api/v1/ 300.69ms
INF 2026-08-04T20:22:18.936Z > 200 GET /api/v1/ 266.91ms
INF 2026-08-04T20:22:18.940Z > 200 GET /api/v1/ 243.75ms
INF 2026-08-04T20:22:18.944Z > 200 GET /api/v1/ 271.62ms
INF 2026-08-04T20:22:18.946Z > 200 GET /api/v1/ 245.86ms
INF 2026-08-04T20:22:18.947Z > 200 GET /api/v1/ 240.46ms
INF 2026-08-04T20:22:18.948Z > 200 GET /api/v1/ 300.09ms
INF 2026-08-04T20:22:18.949Z > 200 GET /api/v1/ 241.83ms
INF 2026-08-04T20:22:18.950Z > 200 GET /api/v1/ 262.99ms
INF 2026-08-04T20:22:18.952Z > 200 GET /api/v1/ 243.3ms
INF 2026-08-04T20:22:18.954Z > 200 GET /api/v1/ 7.57ms
INF 2026-08-04T20:22:18.955Z > 200 GET /api/v1/ 247.18ms
INF 2026-08-04T20:22:18.955Z > 200 GET /api/v1/ 245.21ms
INF 2026-08-04T20:22:18.956Z > 200 GET /api/v1/ 7.32ms
INF 2026-08-04T20:22:18.956Z > 200 GET /api/v1/ 6.28ms
INF 2026-08-04T20:22:18.957Z > 200 GET /api/v1/ 245.57ms
INF 2026-08-04T20:22:18.958Z > 200 GET /api/v1/ 57.75ms
INF 2026-08-04T20:22:18.958Z > 200 GET /api/v1/ 5.7ms
INF 2026-08-04T20:22:18.959Z > 200 GET /api/v1/ 58.39ms
INF 2026-08-04T20:22:18.959Z > 200 GET /api/v1/ 258.46ms
INF 2026-08-04T20:22:18.959Z > 200 GET /api/v1/ 253.44ms
INF 2026-08-04T20:22:18.960Z > 200 GET /api/v1/ 294.05ms
INF 2026-08-04T20:22:18.961Z > 200 GET /api/v1/ 257.12ms
INF 2026-08-04T20:22:18.961Z > 200 GET /api/v1/ 290.3ms
INF 2026-08-04T20:22:18.962Z > 200 GET /api/v1/ 64.92ms
INF 2026-08-04T20:22:18.962Z > 200 GET /api/v1/ 256.62ms
INF 2026-08-04T20:22:18.963Z > 200 GET /api/v1/ 319.82ms
INF 2026-08-04T20:22:18.965Z > 200 GET /api/v1/ 101.26ms
INF 2026-08-04T20:22:18.965Z > 200 GET /api/v1/ 6.33ms
INF 2026-08-04T20:22:18.967Z > 200 GET /api/v1/ 41.38ms
INF 2026-08-04T20:22:18.968Z > 200 GET /api/v1/ 88.77ms
INF 2026-08-04T20:22:18.977Z > 200 GET /api/v1/ 54.25ms
INF 2026-08-04T20:22:18.996Z > 200 GET /api/v1/ 279.85ms
INF 2026-08-04T20:22:19.001Z > 200 GET /api/v1/ 283.82ms
INF 2026-08-04T20:22:19.002Z > 200 GET /api/v1/ 247.01ms
INF 2026-08-04T20:22:19.003Z > 200 GET /api/v1/ 230.27ms
INF 2026-08-04T20:22:19.006Z > 200 GET /api/v1/ 292.56ms
INF 2026-08-04T20:22:19.007Z > 200 GET /api/v1/ 289.37ms
INF 2026-08-04T20:22:19.010Z > 200 GET /api/v1/ 13.87ms
INF 2026-08-04T20:22:19.010Z > 200 GET /api/v1/ 237.91ms
INF 2026-08-04T20:22:19.011Z > 200 GET /api/v1/ 274.39ms
INF 2026-08-04T20:22:19.014Z > 200 GET /api/v1/ 11.6ms
INF 2026-08-04T20:22:19.014Z > 200 GET /api/v1/ 240.62ms
INF 2026-08-04T20:22:19.015Z > 200 GET /api/v1/ 11.96ms
INF 2026-08-04T20:22:19.017Z > 200 GET /api/v1/ 226.97ms
INF 2026-08-04T20:22:19.018Z > 200 GET /api/v1/ 11.77ms
INF 2026-08-04T20:22:19.018Z > 200 GET /api/v1/ 11.04ms
INF 2026-08-04T20:22:19.024Z > 200 GET /api/v1/ 9.29ms
INF 2026-08-04T20:22:19.024Z > 200 GET /api/v1/ 7.01ms
INF 2026-08-04T20:22:19.026Z > 200 GET /api/v1/ 7.47ms
INF 2026-08-04T20:22:19.030Z > 200 GET /api/v1/ 233.78ms
INF 2026-08-04T20:22:19.034Z > 200 GET /api/v1/ 10.25ms
INF 2026-08-04T20:22:19.034Z > 200 GET /api/v1/ 234.82ms
INF 2026-08-04T20:22:19.038Z > 200 GET /api/v1/ 237.91ms
INF 2026-08-04T20:22:19.038Z > 200 GET /api/v1/ 8.15ms
INF 2026-08-04T20:22:19.040Z > 200 GET /api/v1/ 5.82ms
INF 2026-08-04T20:22:19.046Z > 200 GET /api/v1/ 7.82ms
INF 2026-08-04T20:22:19.046Z > 200 GET /api/v1/ 235.22ms
INF 2026-08-04T20:22:19.050Z > 200 GET /api/v1/ 9.33ms
INF 2026-08-04T20:22:19.051Z > 200 GET /api/v1/ 239.59ms
INF 2026-08-04T20:22:19.055Z > 200 GET /api/v1/ 242.89ms
INF 2026-08-04T20:22:19.058Z > 200 GET /api/v1/ 6.94ms
INF 2026-08-04T20:22:19.058Z > 200 GET /api/v1/ 8.71ms
INF 2026-08-04T20:22:19.059Z > 200 GET /api/v1/ 101.02ms
INF 2026-08-04T20:22:19.059Z > 200 GET /api/v1/ 13.32ms
INF 2026-08-04T20:22:19.060Z > 200 GET /api/v1/ 246.25ms
INF 2026-08-04T20:22:19.061Z > 200 GET /api/v1/ 245.71ms
INF 2026-08-04T20:22:19.062Z > 200 GET /api/v1/ 128.74ms
INF 2026-08-04T20:22:19.062Z > 200 GET /api/v1/ 125.65ms
INF 2026-08-04T20:22:19.063Z > 200 GET /api/v1/ 103.77ms
INF 2026-08-04T20:22:19.064Z > 200 GET /api/v1/ 257.21ms
INF 2026-08-04T20:22:19.066Z > 200 GET /api/v1/ 250.03ms
INF 2026-08-04T20:22:19.066Z > 200 GET /api/v1/ 275.32ms
INF 2026-08-04T20:22:19.067Z > 200 GET /api/v1/ 103.71ms
INF 2026-08-04T20:22:19.077Z > 200 GET /api/v1/ 259.39ms
INF 2026-08-04T20:22:19.078Z > 200 GET /api/v1/ 256.89ms
INF 2026-08-04T20:22:19.079Z > 200 GET /api/v1/ 275.5ms
INF 2026-08-04T20:22:19.079Z > 200 GET /api/v1/ 254.94ms
INF 2026-08-04T20:22:19.079Z > 200 GET /api/v1/ 284.04ms
INF 2026-08-04T20:22:19.084Z > 200 GET /api/v1/ 288.55ms
INF 2026-08-04T20:22:19.084Z > 200 GET /api/v1/ 267.77ms
INF 2026-08-04T20:22:19.085Z > 200 GET /api/v1/ 22.5ms
INF 2026-08-04T20:22:19.085Z > 200 GET /api/v1/ 260.99ms
INF 2026-08-04T20:22:19.086Z > 200 GET /api/v1/ 26.61ms
INF 2026-08-04T20:22:19.088Z > 200 GET /api/v1/ 315.67ms
INF 2026-08-04T20:22:19.089Z > 200 GET /api/v1/ 243.31ms
INF 2026-08-04T20:22:19.090Z > 200 GET /api/v1/ 262.38ms
INF 2026-08-04T20:22:19.090Z > 200 GET /api/v1/ 262.53ms
INF 2026-08-04T20:22:19.091Z > 200 GET /api/v1/ 260.62ms
INF 2026-08-04T20:22:19.091Z > 200 GET /api/v1/ 247.21ms
INF 2026-08-04T20:22:19.092Z > 200 GET /api/v1/ 260.62ms
INF 2026-08-04T20:22:19.093Z > 200 GET /api/v1/ 13.31ms
INF 2026-08-04T20:22:19.094Z > 200 GET /api/v1/ 247.47ms
INF 2026-08-04T20:22:19.094Z > 200 GET /api/v1/ 238.47ms
INF 2026-08-04T20:22:19.096Z > 200 GET /api/v1/ 10.02ms
INF 2026-08-04T20:22:19.096Z > 200 GET /api/v1/ 4.79ms
INF 2026-08-04T20:22:19.096Z > 200 GET /api/v1/ 2.39ms
INF 2026-08-04T20:22:19.096Z > 200 GET /api/v1/ 4.06ms
INF 2026-08-04T20:22:19.097Z > 200 GET /api/v1/ 233.54ms
INF 2026-08-04T20:22:19.099Z > 200 GET /api/v1/ 3.34ms
INF 2026-08-04T20:22:19.100Z > 200 GET /api/v1/ 239.86ms
INF 2026-08-04T20:22:19.101Z > 200 GET /api/v1/ 3.87ms
INF 2026-08-04T20:22:19.101Z > 200 GET /api/v1/ 238.48ms
INF 2026-08-04T20:22:19.101Z > 200 GET /api/v1/ 203.14ms
INF 2026-08-04T20:22:19.102Z > 200 GET /api/v1/ 186.3ms
INF 2026-08-04T20:22:19.103Z > 200 GET /api/v1/ 187.12ms
INF 2026-08-04T20:22:19.104Z > 200 GET /api/v1/ 242.68ms
INF 2026-08-04T20:22:19.105Z > 200 GET /api/v1/ 242.24ms
INF 2026-08-04T20:22:19.106Z > 200 GET /api/v1/ 242.8ms
INF 2026-08-04T20:22:19.107Z > 200 GET /api/v1/ 219.73ms
INF 2026-08-04T20:22:19.108Z > 200 GET /api/v1/ 253.61ms
INF 2026-08-04T20:22:19.111Z > 200 GET /api/v1/ 256.27ms
INF 2026-08-04T20:22:19.120Z > 200 GET /api/v1/ 264.91ms
INF 2026-08-04T20:22:19.121Z > 200 GET /api/v1/ 199.17ms
INF 2026-08-04T20:22:19.121Z > 200 GET /api/v1/ 271.9ms
INF 2026-08-04T20:22:19.121Z > 200 GET /api/v1/ 19.94ms
INF 2026-08-04T20:22:19.122Z > 200 GET /api/v1/ 275.5ms
INF 2026-08-04T20:22:19.127Z > 200 GET /api/v1/ 264.47ms
INF 2026-08-04T20:22:19.128Z > 200 GET /api/v1/ 264.82ms
INF 2026-08-04T20:22:19.129Z > 200 GET /api/v1/ 228.97ms
INF 2026-08-04T20:22:19.131Z > 200 GET /api/v1/ 233.68ms
INF 2026-08-04T20:22:19.132Z > 200 GET /api/v1/ 268.85ms
INF 2026-08-04T20:22:19.133Z > 200 GET /api/v1/ 212.01ms
INF 2026-08-04T20:22:19.134Z > 200 GET /api/v1/ 218.07ms
INF 2026-08-04T20:22:19.135Z > 200 GET /api/v1/ 213.14ms
INF 2026-08-04T20:22:19.138Z > 200 GET /api/v1/ 248.92ms
INF 2026-08-04T20:22:19.138Z > 200 GET /api/v1/ 222.27ms
INF 2026-08-04T20:22:19.139Z > 200 GET /api/v1/ 293.07ms
INF 2026-08-04T20:22:19.140Z > 200 GET /api/v1/ 32.39ms
INF 2026-08-04T20:22:19.142Z > 200 GET /api/v1/ 295.46ms
INF 2026-08-04T20:22:19.143Z > 200 GET /api/v1/ 282.89ms
INF 2026-08-04T20:22:19.144Z > 200 GET /api/v1/ 33.49ms
INF 2026-08-04T20:22:19.147Z > 200 GET /api/v1/ 231.46ms
INF 2026-08-04T20:22:19.153Z > 200 GET /api/v1/ 23.74ms
INF 2026-08-04T20:22:19.153Z > 200 GET /api/v1/ 22.43ms
INF 2026-08-04T20:22:19.154Z > 200 GET /api/v1/ 21.93ms
INF 2026-08-04T20:22:19.155Z > 200 GET /api/v1/ 21.51ms
INF 2026-08-04T20:22:19.159Z > 200 GET /api/v1/ 215.14ms
INF 2026-08-04T20:22:19.160Z > 200 GET /api/v1/ 237.78ms
INF 2026-08-04T20:22:19.160Z > 200 GET /api/v1/ 26.17ms
INF 2026-08-04T20:22:19.161Z > 200 GET /api/v1/ 22.68ms
INF 2026-08-04T20:22:19.163Z > 200 GET /api/v1/ 27.78ms
INF 2026-08-04T20:22:19.163Z > 200 GET /api/v1/ 236.58ms
INF 2026-08-04T20:22:19.163Z > 200 GET /api/v1/ 23.05ms
INF 2026-08-04T20:22:19.165Z > 200 GET /api/v1/ 21.44ms
INF 2026-08-04T20:22:19.165Z > 200 GET /api/v1/ 233.68ms
INF 2026-08-04T20:22:19.168Z > 200 GET /api/v1/ 26.18ms
INF 2026-08-04T20:22:19.171Z > 200 GET /api/v1/ 238.34ms
INF 2026-08-04T20:22:19.173Z > 200 GET /api/v1/ 225.5ms
INF 2026-08-04T20:22:19.173Z > 200 GET /api/v1/ 232.77ms
INF 2026-08-04T20:22:19.174Z > 200 GET /api/v1/ 243.81ms
INF 2026-08-04T20:22:19.180Z > 200 GET /api/v1/ 231.02ms
INF 2026-08-04T20:22:19.180Z > 200 GET /api/v1/ 21.11ms
INF 2026-08-04T20:22:19.180Z > 200 GET /api/v1/ 18.8ms
INF 2026-08-04T20:22:19.181Z > 200 GET /api/v1/ 17.48ms
INF 2026-08-04T20:22:19.181Z > 200 GET /api/v1/ 226.56ms
INF 2026-08-04T20:22:19.181Z > 200 GET /api/v1/ 226.34ms
INF 2026-08-04T20:22:19.183Z > 200 GET /api/v1/ 22.22ms
INF 2026-08-04T20:22:19.184Z > 200 GET /api/v1/ 21.29ms
INF 2026-08-04T20:22:19.186Z > 200 GET /api/v1/ 230.96ms
INF 2026-08-04T20:22:19.195Z > 200 GET /api/v1/ 21.96ms
INF 2026-08-04T20:22:19.206Z > 200 GET /api/v1/ 25.49ms
INF 2026-08-04T20:22:19.206Z > 200 GET /api/v1/ 25.1ms
INF 2026-08-04T20:22:19.207Z > 200 GET /api/v1/ 26.26ms
INF 2026-08-04T20:22:19.209Z > 200 GET /api/v1/ 28.07ms
INF 2026-08-04T20:22:19.213Z > 200 GET /api/v1/ 30.64ms
INF 2026-08-04T20:22:19.215Z > 200 GET /api/v1/ 28.71ms
INF 2026-08-04T20:22:19.217Z > 200 GET /api/v1/ 32.43ms
INF 2026-08-04T20:22:19.219Z > 200 GET /api/v1/ 262.32ms
INF 2026-08-04T20:22:19.219Z > 200 GET /api/v1/ 263.01ms
INF 2026-08-04T20:22:19.221Z > 200 GET /api/v1/ 263.31ms
INF 2026-08-04T20:22:19.224Z > 200 GET /api/v1/ 262.75ms
INF 2026-08-04T20:22:19.225Z > 200 GET /api/v1/ 266.7ms
INF 2026-08-04T20:22:19.227Z > 200 GET /api/v1/ 19.87ms
INF 2026-08-04T20:22:19.228Z > 200 GET /api/v1/ 265.46ms
INF 2026-08-04T20:22:19.230Z > 200 GET /api/v1/ 20.63ms
INF 2026-08-04T20:22:19.230Z > 200 GET /api/v1/ 265.08ms
INF 2026-08-04T20:22:19.237Z > 200 GET /api/v1/ 20.3ms
INF 2026-08-04T20:22:19.238Z > 200 GET /api/v1/ 278.69ms
INF 2026-08-04T20:22:19.238Z > 200 GET /api/v1/ 272.64ms
INF 2026-08-04T20:22:19.239Z > 200 GET /api/v1/ 25.53ms
INF 2026-08-04T20:22:19.239Z > 200 GET /api/v1/ 24.39ms
INF 2026-08-04T20:22:19.239Z > 200 GET /api/v1/ 20.67ms
INF 2026-08-04T20:22:19.241Z > 200 GET /api/v1/ 20.16ms
INF 2026-08-04T20:22:19.242Z > 200 GET /api/v1/ 275.32ms
INF 2026-08-04T20:22:19.243Z > 200 GET /api/v1/ 281.05ms
INF 2026-08-04T20:22:19.244Z > 200 GET /api/v1/ 282.56ms
INF 2026-08-04T20:22:19.249Z > 200 GET /api/v1/ 19.33ms
INF 2026-08-04T20:22:19.250Z > 200 GET /api/v1/ 25.23ms
INF 2026-08-04T20:22:19.251Z > 200 GET /api/v1/ 11.21ms
INF 2026-08-04T20:22:19.251Z > 200 GET /api/v1/ 13.67ms
INF 2026-08-04T20:22:19.252Z > 200 GET /api/v1/ 249.79ms
INF 2026-08-04T20:22:19.252Z > 200 GET /api/v1/ 291.95ms
INF 2026-08-04T20:22:19.252Z > 200 GET /api/v1/ 275.42ms
INF 2026-08-04T20:22:19.252Z > 200 GET /api/v1/ 242.38ms
INF 2026-08-04T20:22:19.253Z > 200 GET /api/v1/ 276.6ms
INF 2026-08-04T20:22:19.253Z > 200 GET /api/v1/ 14.87ms
INF 2026-08-04T20:22:19.253Z > 200 GET /api/v1/ 8.95ms
INF 2026-08-04T20:22:19.254Z > 200 GET /api/v1/ 10.07ms
INF 2026-08-04T20:22:19.254Z > 200 GET /api/v1/ 13.25ms
INF 2026-08-04T20:22:19.255Z > 200 GET /api/v1/ 244.67ms
INF 2026-08-04T20:22:19.258Z > 200 GET /api/v1/ 247.25ms
INF 2026-08-04T20:22:19.268Z > 200 GET /api/v1/ 15.31ms
INF 2026-08-04T20:22:19.269Z > 200 GET /api/v1/ 15.79ms
INF 2026-08-04T20:22:19.269Z > 200 GET /api/v1/ 15.39ms
INF 2026-08-04T20:22:19.270Z > 200 GET /api/v1/ 251.49ms
INF 2026-08-04T20:22:19.271Z > 200 GET /api/v1/ 17.97ms
INF 2026-08-04T20:22:19.278Z > 200 GET /api/v1/ 240.03ms
INF 2026-08-04T20:22:19.278Z > 200 GET /api/v1/ 10.78ms
INF 2026-08-04T20:22:19.279Z > 200 GET /api/v1/ 264.0ms
INF 2026-08-04T20:22:19.280Z > 200 GET /api/v1/ 245.76ms
INF 2026-08-04T20:22:19.280Z > 200 GET /api/v1/ 254.58ms
INF 2026-08-04T20:22:19.281Z > 200 GET /api/v1/ 266.65ms
INF 2026-08-04T20:22:19.281Z > 200 GET /api/v1/ 256.35ms
INF 2026-08-04T20:22:19.282Z > 200 GET /api/v1/ 12.36ms
INF 2026-08-04T20:22:19.283Z > 200 GET /api/v1/ 221.27ms
INF 2026-08-04T20:22:19.283Z > 200 GET /api/v1/ 228.56ms
INF 2026-08-04T20:22:19.284Z > 200 GET /api/v1/ 237.51ms
INF 2026-08-04T20:22:19.289Z > 200 GET /api/v1/ 5.64ms
INF 2026-08-04T20:22:19.290Z > 200 GET /api/v1/ 214.16ms
INF 2026-08-04T20:22:19.290Z > 200 GET /api/v1/ 213.87ms
INF 2026-08-04T20:22:19.290Z > 200 GET /api/v1/ 227.8ms
INF 2026-08-04T20:22:19.292Z > 200 GET /api/v1/ 214.09ms
INF 2026-08-04T20:22:19.295Z > 200 GET /api/v1/ 204.21ms
INF 2026-08-04T20:22:19.296Z > 200 GET /api/v1/ 236.52ms
INF 2026-08-04T20:22:19.298Z > 200 GET /api/v1/ 219.1ms
INF 2026-08-04T20:22:19.298Z > 200 GET /api/v1/ 238.61ms
INF 2026-08-04T20:22:19.299Z > 200 GET /api/v1/ 207.52ms
INF 2026-08-04T20:22:19.299Z > 200 GET /api/v1/ 234.6ms
INF 2026-08-04T20:22:19.300Z > 200 GET /api/v1/ 240.7ms
INF 2026-08-04T20:22:19.309Z > 200 GET /api/v1/ 12.69ms
INF 2026-08-04T20:22:19.310Z > 200 GET /api/v1/ 213.01ms
INF 2026-08-04T20:22:19.311Z > 200 GET /api/v1/ 220.09ms
INF 2026-08-04T20:22:19.313Z > 200 GET /api/v1/ 13.5ms
INF 2026-08-04T20:22:19.316Z > 200 GET /api/v1/ 230.6ms
INF 2026-08-04T20:22:19.317Z > 200 GET /api/v1/ 18.07ms
INF 2026-08-04T20:22:19.318Z > 200 GET /api/v1/ 190.76ms
INF 2026-08-04T20:22:19.326Z > 200 GET /api/v1/ 239.48ms
INF 2026-08-04T20:22:19.327Z > 200 GET /api/v1/ 242.42ms
INF 2026-08-04T20:22:19.328Z > 200 GET /api/v1/ 224.26ms
INF 2026-08-04T20:22:19.329Z > 200 GET /api/v1/ 19.88ms
INF 2026-08-04T20:22:19.329Z > 200 GET /api/v1/ 227.9ms
INF 2026-08-04T20:22:19.338Z > 200 GET /api/v1/ 241.87ms
INF 2026-08-04T20:22:19.338Z > 200 GET /api/v1/ 28.21ms
INF 2026-08-04T20:22:19.339Z > 200 GET /api/v1/ 27.36ms
INF 2026-08-04T20:22:19.339Z > 200 GET /api/v1/ 216.67ms
INF 2026-08-04T20:22:19.341Z > 200 GET /api/v1/ 248.05ms
INF 2026-08-04T20:22:19.342Z > 200 GET /api/v1/ 266.26ms
INF 2026-08-04T20:22:19.342Z > 200 GET /api/v1/ 26.77ms
INF 2026-08-04T20:22:19.346Z > 200 GET /api/v1/ 261.31ms
INF 2026-08-04T20:22:19.358Z > 200 GET /api/v1/ 257.76ms
INF 2026-08-04T20:22:19.361Z > 200 GET /api/v1/ 254.25ms
INF 2026-08-04T20:22:19.361Z > 200 GET /api/v1/ 35.7ms
INF 2026-08-04T20:22:19.362Z > 200 GET /api/v1/ 23.42ms
INF 2026-08-04T20:22:19.362Z > 200 GET /api/v1/ 33.41ms
INF 2026-08-04T20:22:19.363Z > 200 GET /api/v1/ 258.51ms
INF 2026-08-04T20:22:19.363Z > 200 GET /api/v1/ 261.64ms
INF 2026-08-04T20:22:19.364Z > 200 GET /api/v1/ 301.08ms
INF 2026-08-04T20:22:19.364Z > 200 GET /api/v1/ 275.49ms
INF 2026-08-04T20:22:19.364Z > 200 GET /api/v1/ 269.68ms
INF 2026-08-04T20:22:19.364Z > 200 GET /api/v1/ 264.69ms
INF 2026-08-04T20:22:19.365Z > 200 GET /api/v1/ 276.3ms
INF 2026-08-04T20:22:19.366Z > 200 GET /api/v1/ 263.18ms
INF 2026-08-04T20:22:19.367Z > 200 GET /api/v1/ 39.71ms
INF 2026-08-04T20:22:19.369Z > 200 GET /api/v1/ 224.58ms
INF 2026-08-04T20:22:19.369Z > 200 GET /api/v1/ 26.84ms
INF 2026-08-04T20:22:19.370Z > 200 GET /api/v1/ 261.95ms
INF 2026-08-04T20:22:19.372Z > 200 GET /api/v1/ 249.09ms
INF 2026-08-04T20:22:19.372Z > 200 GET /api/v1/ 292.37ms
INF 2026-08-04T20:22:19.372Z > 200 GET /api/v1/ 292.52ms
INF 2026-08-04T20:22:19.373Z > 200 GET /api/v1/ 225.82ms
INF 2026-08-04T20:22:19.373Z > 200 GET /api/v1/ 309.4ms
INF 2026-08-04T20:22:19.374Z > 200 GET /api/v1/ 276.74ms
INF 2026-08-04T20:22:19.374Z > 200 GET /api/v1/ 220.82ms
INF 2026-08-04T20:22:19.374Z > 200 GET /api/v1/ 268.27ms
INF 2026-08-04T20:22:19.374Z > 200 GET /api/v1/ 28.19ms
INF 2026-08-04T20:22:19.375Z > 200 GET /api/v1/ 247.45ms
INF 2026-08-04T20:22:19.375Z > 200 GET /api/v1/ 252.57ms
INF 2026-08-04T20:22:19.377Z > 200 GET /api/v1/ 238.38ms
INF 2026-08-04T20:22:19.377Z > 200 GET /api/v1/ 255.02ms
INF 2026-08-04T20:22:19.378Z > 200 GET /api/v1/ 238.88ms
INF 2026-08-04T20:22:19.379Z > 200 GET /api/v1/ 256.7ms
INF 2026-08-04T20:22:19.384Z > 200 GET /api/v1/ 22.67ms
INF 2026-08-04T20:22:19.386Z > 200 GET /api/v1/ 16.49ms
INF 2026-08-04T20:22:19.395Z > 200 GET /api/v1/ 20.93ms
INF 2026-08-04T20:22:19.395Z > 200 GET /api/v1/ 32.0ms
INF 2026-08-04T20:22:19.395Z > 200 GET /api/v1/ 25.2ms
INF 2026-08-04T20:22:19.395Z > 200 GET /api/v1/ 31.07ms
INF 2026-08-04T20:22:19.396Z > 200 GET /api/v1/ 30.01ms
INF 2026-08-04T20:22:19.396Z > 200 GET /api/v1/ 22.06ms
INF 2026-08-04T20:22:19.398Z > 200 GET /api/v1/ 25.58ms
INF 2026-08-04T20:22:19.398Z > 200 GET /api/v1/ 22.66ms
INF 2026-08-04T20:22:19.398Z > 200 GET /api/v1/ 30.52ms
INF 2026-08-04T20:22:19.404Z > 200 GET /api/v1/ 26.4ms
INF 2026-08-04T20:22:19.404Z > 200 GET /api/v1/ 29.82ms
INF 2026-08-04T20:22:19.411Z > 200 GET /api/v1/ 31.55ms
INF 2026-08-04T20:22:19.416Z > 200 GET /api/v1/ 20.37ms
INF 2026-08-04T20:22:19.417Z > 200 GET /api/v1/ 19.35ms
INF 2026-08-04T20:22:19.421Z > 200 GET /api/v1/ 16.2ms
INF 2026-08-04T20:22:19.423Z > 200 GET /api/v1/ 18.55ms
INF 2026-08-04T20:22:19.426Z > 200 GET /api/v1/ 14.53ms
INF 2026-08-04T20:22:19.430Z > 200 GET /api/v1/ 265.12ms
INF 2026-08-04T20:22:19.434Z > 200 GET /api/v1/ 279.94ms
INF 2026-08-04T20:22:19.434Z > 200 GET /api/v1/ 280.19ms
INF 2026-08-04T20:22:19.436Z > 200 GET /api/v1/ 18.92ms
INF 2026-08-04T20:22:19.436Z > 200 GET /api/v1/ 271.6ms
INF 2026-08-04T20:22:19.437Z > 200 GET /api/v1/ 273.4ms
INF 2026-08-04T20:22:19.439Z > 200 GET /api/v1/ 267.15ms
INF 2026-08-04T20:22:19.442Z > 200 GET /api/v1/ 25.45ms
INF 2026-08-04T20:22:19.442Z > 200 GET /api/v1/ 21.25ms
INF 2026-08-04T20:22:19.443Z > 200 GET /api/v1/ 274.37ms
INF 2026-08-04T20:22:19.445Z > 200 GET /api/v1/ 271.82ms
INF 2026-08-04T20:22:19.447Z > 200 GET /api/v1/ 266.37ms
INF 2026-08-04T20:22:19.455Z > 200 GET /api/v1/ 20.56ms
INF 2026-08-04T20:22:19.455Z > 200 GET /api/v1/ 281.02ms
INF 2026-08-04T20:22:19.456Z > 200 GET /api/v1/ 274.52ms
INF 2026-08-04T20:22:19.457Z > 200 GET /api/v1/ 20.49ms
INF 2026-08-04T20:22:19.461Z > 200 GET /api/v1/ 305.66ms
INF 2026-08-04T20:22:19.463Z > 200 GET /api/v1/ 302.38ms
INF 2026-08-04T20:22:19.465Z > 200 GET /api/v1/ 19.26ms
INF 2026-08-04T20:22:19.465Z > 200 GET /api/v1/ 22.87ms
INF 2026-08-04T20:22:19.466Z > 200 GET /api/v1/ 22.84ms
INF 2026-08-04T20:22:19.471Z > 200 GET /api/v1/ 23.86ms
INF 2026-08-04T20:22:19.471Z > 200 GET /api/v1/ 264.35ms
INF 2026-08-04T20:22:19.473Z > 200 GET /api/v1/ 266.19ms
INF 2026-08-04T20:22:19.475Z > 200 GET /api/v1/ 19.27ms
INF 2026-08-04T20:22:19.476Z > 200 GET /api/v1/ 256.53ms
INF 2026-08-04T20:22:19.477Z > 200 GET /api/v1/ 282.32ms
INF 2026-08-04T20:22:19.479Z > 200 GET /api/v1/ 16.06ms
INF 2026-08-04T20:22:19.480Z > 200 GET /api/v1/ 15.68ms
INF 2026-08-04T20:22:19.483Z > 200 GET /api/v1/ 18.09ms
INF 2026-08-04T20:22:19.492Z > 200 GET /api/v1/ 266.87ms
INF 2026-08-04T20:22:19.493Z > 200 GET /api/v1/ 21.6ms
INF 2026-08-04T20:22:19.495Z > 200 GET /api/v1/ 264.66ms
INF 2026-08-04T20:22:19.497Z > 200 GET /api/v1/ 258.88ms
INF 2026-08-04T20:22:19.498Z > 200 GET /api/v1/ 17.11ms
INF 2026-08-04T20:22:19.498Z > 200 GET /api/v1/ 258.43ms
INF 2026-08-04T20:22:19.498Z > 200 GET /api/v1/ 14.69ms
INF 2026-08-04T20:22:19.499Z > 200 GET /api/v1/ 270.9ms
INF 2026-08-04T20:22:19.500Z > 200 GET /api/v1/ 260.69ms
INF 2026-08-04T20:22:19.501Z > 200 GET /api/v1/ 274.03ms
INF 2026-08-04T20:22:19.501Z > 200 GET /api/v1/ 8.59ms
INF 2026-08-04T20:22:19.503Z > 200 GET /api/v1/ 252.68ms
INF 2026-08-04T20:22:19.505Z > 200 GET /api/v1/ 254.76ms
INF 2026-08-04T20:22:19.505Z > 200 GET /api/v1/ 262.49ms
INF 2026-08-04T20:22:19.506Z > 200 GET /api/v1/ 252.34ms
INF 2026-08-04T20:22:19.506Z > 200 GET /api/v1/ 254.95ms
INF 2026-08-04T20:22:19.507Z > 200 GET /api/v1/ 255.47ms
INF 2026-08-04T20:22:19.508Z > 200 GET /api/v1/ 255.51ms
INF 2026-08-04T20:22:19.508Z > 200 GET /api/v1/ 254.36ms
INF 2026-08-04T20:22:19.510Z > 200 GET /api/v1/ 256.01ms
INF 2026-08-04T20:22:19.511Z > 200 GET /api/v1/ 241.83ms
INF 2026-08-04T20:22:19.511Z > 200 GET /api/v1/ 255.98ms
INF 2026-08-04T20:22:19.512Z > 200 GET /api/v1/ 257.77ms
INF 2026-08-04T20:22:19.513Z > 200 GET /api/v1/ 244.45ms
INF 2026-08-04T20:22:19.513Z > 200 GET /api/v1/ 243.75ms
INF 2026-08-04T20:22:19.514Z > 200 GET /api/v1/ 242.71ms
INF 2026-08-04T20:22:19.516Z > 200 GET /api/v1/ 4.59ms
INF 2026-08-04T20:22:19.520Z > 200 GET /api/v1/ 240.47ms
INF 2026-08-04T20:22:19.521Z > 200 GET /api/v1/ 241.69ms
INF 2026-08-04T20:22:19.522Z > 200 GET /api/v1/ 5.69ms
INF 2026-08-04T20:22:19.522Z > 200 GET /api/v1/ 242.78ms
INF 2026-08-04T20:22:19.526Z > 200 GET /api/v1/ 244.75ms
INF 2026-08-04T20:22:19.526Z > 200 GET /api/v1/ 245.02ms
INF 2026-08-04T20:22:19.526Z > 200 GET /api/v1/ 245.28ms
INF 2026-08-04T20:22:19.529Z > 200 GET /api/v1/ 6.45ms
INF 2026-08-04T20:22:19.529Z > 200 GET /api/v1/ 246.71ms
INF 2026-08-04T20:22:19.530Z > 200 GET /api/v1/ 248.69ms
INF 2026-08-04T20:22:19.531Z > 200 GET /api/v1/ 247.8ms
INF 2026-08-04T20:22:19.532Z > 200 GET /api/v1/ 240.96ms
INF 2026-08-04T20:22:19.532Z > 200 GET /api/v1/ 5.73ms
INF 2026-08-04T20:22:19.541Z > 200 GET /api/v1/ 257.28ms
INF 2026-08-04T20:22:19.542Z > 200 GET /api/v1/ 248.53ms
INF 2026-08-04T20:22:19.561Z > 200 GET /api/v1/ 270.26ms
INF 2026-08-04T20:22:19.563Z > 200 GET /api/v1/ 271.91ms
INF 2026-08-04T20:22:19.563Z > 200 GET /api/v1/ 264.26ms
INF 2026-08-04T20:22:19.597Z > 200 GET /api/v1/ 233.0ms
INF 2026-08-04T20:22:19.598Z > 200 GET /api/v1/ 201.79ms
INF 2026-08-04T20:22:19.598Z > 200 GET /api/v1/ 236.16ms
INF 2026-08-04T20:22:19.599Z > 200 GET /api/v1/ 214.7ms
INF 2026-08-04T20:22:19.602Z > 200 GET /api/v1/ 236.75ms
INF 2026-08-04T20:22:19.603Z > 200 GET /api/v1/ 226.0ms
INF 2026-08-04T20:22:19.603Z > 200 GET /api/v1/ 205.33ms
INF 2026-08-04T20:22:19.605Z > 200 GET /api/v1/ 208.9ms
INF 2026-08-04T20:22:19.607Z > 200 GET /api/v1/ 232.53ms
INF 2026-08-04T20:22:19.608Z > 200 GET /api/v1/ 212.19ms
INF 2026-08-04T20:22:19.612Z > 200 GET /api/v1/ 175.24ms
INF 2026-08-04T20:22:19.612Z > 200 GET /api/v1/ 216.6ms
INF 2026-08-04T20:22:19.613Z > 200 GET /api/v1/ 15.32ms
INF 2026-08-04T20:22:19.614Z > 200 GET /api/v1/ 10.71ms
INF 2026-08-04T20:22:19.617Z > 200 GET /api/v1/ 218.54ms
INF 2026-08-04T20:22:19.621Z > 200 GET /api/v1/ 256.03ms
INF 2026-08-04T20:22:19.622Z > 200 GET /api/v1/ 225.92ms
INF 2026-08-04T20:22:19.624Z > 200 GET /api/v1/ 260.92ms
INF 2026-08-04T20:22:19.624Z > 200 GET /api/v1/ 260.1ms
INF 2026-08-04T20:22:19.625Z > 200 GET /api/v1/ 13.18ms
INF 2026-08-04T20:22:19.626Z > 200 GET /api/v1/ 13.51ms
INF 2026-08-04T20:22:19.627Z > 200 GET /api/v1/ 249.54ms
INF 2026-08-04T20:22:19.628Z > 200 GET /api/v1/ 14.06ms
INF 2026-08-04T20:22:19.630Z > 200 GET /api/v1/ 196.15ms
INF 2026-08-04T20:22:19.637Z > 200 GET /api/v1/ 213.73ms
INF 2026-08-04T20:22:19.637Z > 200 GET /api/v1/ 211.37ms
INF 2026-08-04T20:22:19.639Z > 200 GET /api/v1/ 267.36ms
INF 2026-08-04T20:22:19.641Z > 200 GET /api/v1/ 268.69ms
INF 2026-08-04T20:22:19.641Z > 200 GET /api/v1/ 15.29ms
INF 2026-08-04T20:22:19.646Z > 200 GET /api/v1/ 272.03ms
INF 2026-08-04T20:22:19.648Z > 200 GET /api/v1/ 23.41ms
INF 2026-08-04T20:22:19.649Z > 200 GET /api/v1/ 21.73ms
INF 2026-08-04T20:22:19.650Z > 200 GET /api/v1/ 21.2ms
INF 2026-08-04T20:22:19.651Z > 200 GET /api/v1/ 255.89ms
INF 2026-08-04T20:22:19.661Z > 200 GET /api/v1/ 286.05ms
INF 2026-08-04T20:22:19.661Z > 200 GET /api/v1/ 30.7ms
INF 2026-08-04T20:22:19.662Z > 200 GET /api/v1/ 366.86ms
INF 2026-08-04T20:22:19.663Z > 200 GET /api/v1/ 372.03ms
INF 2026-08-04T20:22:19.664Z > 200 GET /api/v1/ 323.78ms
INF 2026-08-04T20:22:19.664Z > 200 GET /api/v1/ 324.44ms
INF 2026-08-04T20:22:19.666Z > 200 GET /api/v1/ 28.7ms
INF 2026-08-04T20:22:19.666Z > 200 GET /api/v1/ 326.37ms
INF 2026-08-04T20:22:19.667Z > 200 GET /api/v1/ 306.26ms
INF 2026-08-04T20:22:19.668Z > 200 GET /api/v1/ 309.36ms
INF 2026-08-04T20:22:19.668Z > 200 GET /api/v1/ 26.89ms
INF 2026-08-04T20:22:19.668Z > 200 GET /api/v1/ 325.43ms
INF 2026-08-04T20:22:19.668Z > 200 GET /api/v1/ 22.38ms
INF 2026-08-04T20:22:19.673Z > 200 GET /api/v1/ 304.34ms
INF 2026-08-04T20:22:19.676Z > 200 GET /api/v1/ 26.61ms
INF 2026-08-04T20:22:19.677Z > 200 GET /api/v1/ 246.41ms
INF 2026-08-04T20:22:19.677Z > 200 GET /api/v1/ 302.42ms
INF 2026-08-04T20:22:19.681Z > 200 GET /api/v1/ 14.6ms
INF 2026-08-04T20:22:19.681Z > 200 GET /api/v1/ 12.97ms
INF 2026-08-04T20:22:19.684Z > 200 GET /api/v1/ 15.88ms
INF 2026-08-04T20:22:19.688Z > 200 GET /api/v1/ 248.64ms
INF 2026-08-04T20:22:19.690Z > 200 GET /api/v1/ 13.61ms
INF 2026-08-04T20:22:19.695Z > 200 GET /api/v1/ 381.69ms
INF 2026-08-04T20:22:19.695Z > 200 GET /api/v1/ 396.12ms
INF 2026-08-04T20:22:19.696Z > 200 GET /api/v1/ 395.99ms
INF 2026-08-04T20:22:19.697Z > 200 GET /api/v1/ 254.45ms
INF 2026-08-04T20:22:19.697Z > 200 GET /api/v1/ 369.49ms
INF 2026-08-04T20:22:19.697Z > 200 GET /api/v1/ 357.65ms
INF 2026-08-04T20:22:19.698Z > 200 GET /api/v1/ 379.09ms
INF 2026-08-04T20:22:19.698Z > 200 GET /api/v1/ 381.12ms
INF 2026-08-04T20:22:19.705Z > 200 GET /api/v1/ 249.01ms
INF 2026-08-04T20:22:19.705Z > 200 GET /api/v1/ 250.19ms
INF 2026-08-04T20:22:19.706Z > 200 GET /api/v1/ 145.14ms
INF 2026-08-04T20:22:19.706Z > 200 GET /api/v1/ 143.54ms
INF 2026-08-04T20:22:19.707Z > 200 GET /api/v1/ 365.39ms
INF 2026-08-04T20:22:19.707Z > 200 GET /api/v1/ 344.2ms
INF 2026-08-04T20:22:19.712Z > 200 GET /api/v1/ 254.32ms
INF 2026-08-04T20:22:19.713Z > 200 GET /api/v1/ 275.77ms
INF 2026-08-04T20:22:19.713Z > 200 GET /api/v1/ 15.8ms
INF 2026-08-04T20:22:19.714Z > 200 GET /api/v1/ 16.72ms
INF 2026-08-04T20:22:19.714Z > 200 GET /api/v1/ 15.58ms
INF 2026-08-04T20:22:19.714Z > 200 GET /api/v1/ 252.86ms
INF 2026-08-04T20:22:19.715Z > 200 GET /api/v1/ 249.48ms
INF 2026-08-04T20:22:19.716Z > 200 GET /api/v1/ 11.26ms
INF 2026-08-04T20:22:19.717Z > 200 GET /api/v1/ 10.37ms
INF 2026-08-04T20:22:19.718Z > 200 GET /api/v1/ 34.4ms
INF 2026-08-04T20:22:19.719Z > 200 GET /api/v1/ 4.42ms
INF 2026-08-04T20:22:19.719Z > 200 GET /api/v1/ 3.42ms
INF 2026-08-04T20:22:19.736Z > 200 GET /api/v1/ 16.91ms
INF 2026-08-04T20:22:19.737Z > 200 GET /api/v1/ 49.02ms
INF 2026-08-04T20:22:19.741Z > 200 GET /api/v1/ 4.3ms
INF 2026-08-04T20:22:19.745Z > 200 GET /api/v1/ 274.19ms
INF 2026-08-04T20:22:19.747Z > 200 GET /api/v1/ 254.78ms
INF 2026-08-04T20:22:19.747Z > 200 GET /api/v1/ 271.1ms
INF 2026-08-04T20:22:19.748Z > 200 GET /api/v1/ 268.31ms
INF 2026-08-04T20:22:19.749Z > 200 GET /api/v1/ 276.2ms
INF 2026-08-04T20:22:19.750Z > 200 GET /api/v1/ 272.26ms
INF 2026-08-04T20:22:19.750Z > 200 GET /api/v1/ 248.71ms
INF 2026-08-04T20:22:19.752Z > 200 GET /api/v1/ 253.34ms
INF 2026-08-04T20:22:19.752Z > 200 GET /api/v1/ 277.31ms
INF 2026-08-04T20:22:19.753Z > 200 GET /api/v1/ 257.46ms
INF 2026-08-04T20:22:19.755Z > 200 GET /api/v1/ 253.58ms
INF 2026-08-04T20:22:19.756Z > 200 GET /api/v1/ 255.43ms
INF 2026-08-04T20:22:19.757Z > 200 GET /api/v1/ 260.42ms
INF 2026-08-04T20:22:19.759Z > 200 GET /api/v1/ 260.2ms
INF 2026-08-04T20:22:19.761Z > 200 GET /api/v1/ 262.21ms
INF 2026-08-04T20:22:19.761Z > 200 GET /api/v1/ 262.83ms
INF 2026-08-04T20:22:19.762Z > 200 GET /api/v1/ 258.7ms
INF 2026-08-04T20:22:19.762Z > 200 GET /api/v1/ 249.42ms
INF 2026-08-04T20:22:19.762Z > 200 GET /api/v1/ 257.12ms
INF 2026-08-04T20:22:19.763Z > 200 GET /api/v1/ 257.76ms
INF 2026-08-04T20:22:19.764Z > 200 GET /api/v1/ 257.84ms
INF 2026-08-04T20:22:19.766Z > 200 GET /api/v1/ 8.43ms
INF 2026-08-04T20:22:19.767Z > 200 GET /api/v1/ 253.5ms
INF 2026-08-04T20:22:19.768Z > 200 GET /api/v1/ 261.92ms
INF 2026-08-04T20:22:19.770Z > 200 GET /api/v1/ 7.57ms
INF 2026-08-04T20:22:19.770Z > 200 GET /api/v1/ 261.74ms
INF 2026-08-04T20:22:19.771Z > 200 GET /api/v1/ 260.59ms
INF 2026-08-04T20:22:19.771Z > 200 GET /api/v1/ 258.98ms
INF 2026-08-04T20:22:19.771Z > 200 GET /api/v1/ 8.85ms
INF 2026-08-04T20:22:19.772Z > 200 GET /api/v1/ 257.07ms
INF 2026-08-04T20:22:19.776Z > 200 GET /api/v1/ 255.13ms
INF 2026-08-04T20:22:19.776Z > 200 GET /api/v1/ 268.74ms
INF 2026-08-04T20:22:19.777Z > 200 GET /api/v1/ 6.15ms
INF 2026-08-04T20:22:19.778Z > 200 GET /api/v1/ 235.81ms
INF 2026-08-04T20:22:19.788Z > 200 GET /api/v1/ 17.38ms
INF 2026-08-04T20:22:19.788Z > 200 GET /api/v1/ 268.07ms
INF 2026-08-04T20:22:19.789Z > 200 GET /api/v1/ 260.0ms
INF 2026-08-04T20:22:19.789Z > 200 GET /api/v1/ 257.17ms
INF 2026-08-04T20:22:19.790Z > 200 GET /api/v1/ 283.09ms
INF 2026-08-04T20:22:19.790Z > 200 GET /api/v1/ 260.2ms
INF 2026-08-04T20:22:19.791Z > 200 GET /api/v1/ 277.27ms
INF 2026-08-04T20:22:19.791Z > 200 GET /api/v1/ 268.51ms
INF 2026-08-04T20:22:19.801Z > 200 GET /api/v1/ 270.74ms
INF 2026-08-04T20:22:19.814Z > 200 GET /api/v1/ 251.24ms
INF 2026-08-04T20:22:19.814Z > 200 GET /api/v1/ 216.32ms
INF 2026-08-04T20:22:19.820Z > 200 GET /api/v1/ 293.8ms
INF 2026-08-04T20:22:19.821Z > 200 GET /api/v1/ 278.57ms
INF 2026-08-04T20:22:19.821Z > 200 GET /api/v1/ 288.59ms
INF 2026-08-04T20:22:19.824Z > 200 GET /api/v1/ 221.12ms
INF 2026-08-04T20:22:19.826Z > 200 GET /api/v1/ 219.06ms
INF 2026-08-04T20:22:19.828Z > 200 GET /api/v1/ 295.31ms
INF 2026-08-04T20:22:19.828Z > 200 GET /api/v1/ 38.68ms
INF 2026-08-04T20:22:19.828Z > 200 GET /api/v1/ 222.98ms
INF 2026-08-04T20:22:19.829Z > 200 GET /api/v1/ 229.99ms
INF 2026-08-04T20:22:19.830Z > 200 GET /api/v1/ 226.8ms
INF 2026-08-04T20:22:19.834Z > 200 GET /api/v1/ 236.29ms
INF 2026-08-04T20:22:19.837Z > 200 GET /api/v1/ 36.21ms
INF 2026-08-04T20:22:19.844Z > 200 GET /api/v1/ 206.72ms
INF 2026-08-04T20:22:19.845Z > 200 GET /api/v1/ 236.78ms
INF 2026-08-04T20:22:19.846Z > 200 GET /api/v1/ 221.57ms
INF 2026-08-04T20:22:19.846Z > 200 GET /api/v1/ 224.54ms
INF 2026-08-04T20:22:19.847Z > 200 GET /api/v1/ 196.31ms
INF 2026-08-04T20:22:19.848Z > 200 GET /api/v1/ 184.71ms
INF 2026-08-04T20:22:19.848Z > 200 GET /api/v1/ 227.57ms
INF 2026-08-04T20:22:19.849Z > 200 GET /api/v1/ 207.61ms
INF 2026-08-04T20:22:19.849Z > 200 GET /api/v1/ 199.26ms
INF 2026-08-04T20:22:19.854Z > 200 GET /api/v1/ 226.9ms
INF 2026-08-04T20:22:19.854Z > 200 GET /api/v1/ 33.06ms
INF 2026-08-04T20:22:19.855Z > 200 GET /api/v1/ 31.0ms
INF 2026-08-04T20:22:19.859Z > 200 GET /api/v1/ 30.79ms
INF 2026-08-04T20:22:19.859Z > 200 GET /api/v1/ 30.77ms
INF 2026-08-04T20:22:19.863Z > 200 GET /api/v1/ 29.33ms
INF 2026-08-04T20:22:19.866Z > 200 GET /api/v1/ 28.68ms
INF 2026-08-04T20:22:19.867Z > 200 GET /api/v1/ 227.33ms
INF 2026-08-04T20:22:19.870Z > 200 GET /api/v1/ 253.31ms
INF 2026-08-04T20:22:19.871Z > 200 GET /api/v1/ 24.95ms
INF 2026-08-04T20:22:19.872Z > 200 GET /api/v1/ 259.23ms
INF 2026-08-04T20:22:19.881Z > 200 GET /api/v1/ 36.04ms
INF 2026-08-04T20:22:19.882Z > 200 GET /api/v1/ 32.63ms
INF 2026-08-04T20:22:19.882Z > 200 GET /api/v1/ 233.74ms
INF 2026-08-04T20:22:19.882Z > 200 GET /api/v1/ 33.31ms
INF 2026-08-04T20:22:19.882Z > 200 GET /api/v1/ 355.84ms
INF 2026-08-04T20:22:19.888Z > 200 GET /api/v1/ 224.43ms
INF 2026-08-04T20:22:19.888Z > 200 GET /api/v1/ 97.07ms
INF 2026-08-04T20:22:19.891Z > 200 GET /api/v1/ 32.39ms
INF 2026-08-04T20:22:19.893Z > 200 GET /api/v1/ 27.33ms
INF 2026-08-04T20:22:19.896Z > 200 GET /api/v1/ 24.01ms
INF 2026-08-04T20:22:19.910Z > 200 GET /api/v1/ 13.95ms
INF 2026-08-04T20:22:19.912Z > 200 GET /api/v1/ 20.91ms
INF 2026-08-04T20:22:19.913Z > 200 GET /api/v1/ 19.98ms
INF 2026-08-04T20:22:19.925Z > 200 GET /api/v1/ 260.42ms
INF 2026-08-04T20:22:19.929Z > 200 GET /api/v1/ 265.1ms
INF 2026-08-04T20:22:19.930Z > 200 GET /api/v1/ 262.85ms
INF 2026-08-04T20:22:19.930Z > 200 GET /api/v1/ 17.71ms
INF 2026-08-04T20:22:19.931Z > 200 GET /api/v1/ 266.7ms
INF 2026-08-04T20:22:19.933Z > 200 GET /api/v1/ 269.04ms
INF 2026-08-04T20:22:19.933Z > 200 GET /api/v1/ 142.88ms
INF 2026-08-04T20:22:19.934Z > 200 GET /api/v1/ 267.7ms
INF 2026-08-04T20:22:19.934Z > 200 GET /api/v1/ 265.47ms
INF 2026-08-04T20:22:19.935Z > 200 GET /api/v1/ 24.99ms
INF 2026-08-04T20:22:19.938Z > 200 GET /api/v1/ 7.02ms
INF 2026-08-04T20:22:19.938Z > 200 GET /api/v1/ 8.17ms
INF 2026-08-04T20:22:19.938Z > 200 GET /api/v1/ 264.84ms
INF 2026-08-04T20:22:19.939Z > 200 GET /api/v1/ 4.66ms
INF 2026-08-04T20:22:19.939Z > 200 GET /api/v1/ 5.39ms
INF 2026-08-04T20:22:19.939Z > 200 GET /api/v1/ 271.17ms
INF 2026-08-04T20:22:19.940Z > 200 GET /api/v1/ 262.72ms
INF 2026-08-04T20:22:19.940Z > 200 GET /api/v1/ 263.71ms
INF 2026-08-04T20:22:19.940Z > 200 GET /api/v1/ 259.0ms
INF 2026-08-04T20:22:19.941Z > 200 GET /api/v1/ 259.59ms
INF 2026-08-04T20:22:19.942Z > 200 GET /api/v1/ 247.19ms
INF 2026-08-04T20:22:19.943Z > 200 GET /api/v1/ 252.67ms
INF 2026-08-04T20:22:19.944Z > 200 GET /api/v1/ 248.61ms
INF 2026-08-04T20:22:19.944Z > 200 GET /api/v1/ 4.72ms
INF 2026-08-04T20:22:19.945Z > 200 GET /api/v1/ 5.13ms
INF 2026-08-04T20:22:19.945Z > 200 GET /api/v1/ 248.43ms
INF 2026-08-04T20:22:19.945Z > 200 GET /api/v1/ 6.29ms
INF 2026-08-04T20:22:19.946Z > 200 GET /api/v1/ 13.08ms
INF 2026-08-04T20:22:19.948Z > 200 GET /api/v1/ 250.4ms
INF 2026-08-04T20:22:19.949Z > 200 GET /api/v1/ 251.12ms
INF 2026-08-04T20:22:19.950Z > 200 GET /api/v1/ 4.39ms
INF 2026-08-04T20:22:19.962Z > 200 GET /api/v1/ 254.88ms
INF 2026-08-04T20:22:19.963Z > 200 GET /api/v1/ 13.92ms
INF 2026-08-04T20:22:19.964Z > 200 GET /api/v1/ 258.68ms
INF 2026-08-04T20:22:19.964Z > 200 GET /api/v1/ 252.32ms
INF 2026-08-04T20:22:19.968Z > 200 GET /api/v1/ 260.41ms
INF 2026-08-04T20:22:19.969Z > 200 GET /api/v1/ 262.21ms
INF 2026-08-04T20:22:19.970Z > 200 GET /api/v1/ 256.12ms
INF 2026-08-04T20:22:19.972Z > 200 GET /api/v1/ 257.27ms
INF 2026-08-04T20:22:19.972Z > 200 GET /api/v1/ 255.55ms
INF 2026-08-04T20:22:19.972Z > 200 GET /api/v1/ 253.15ms
INF 2026-08-04T20:22:19.972Z > 200 GET /api/v1/ 258.37ms
INF 2026-08-04T20:22:19.973Z > 200 GET /api/v1/ 260.32ms
INF 2026-08-04T20:22:19.974Z > 200 GET /api/v1/ 257.11ms
INF 2026-08-04T20:22:19.975Z > 200 GET /api/v1/ 256.45ms
INF 2026-08-04T20:22:19.988Z > 200 GET /api/v1/ 15.56ms
INF 2026-08-04T20:22:19.992Z > 200 GET /api/v1/ 238.7ms
INF 2026-08-04T20:22:19.997Z > 200 GET /api/v1/ 23.75ms
INF 2026-08-04T20:22:20.016Z > 200 GET /api/v1/ 268.64ms
INF 2026-08-04T20:22:20.019Z > 200 GET /api/v1/ 43.26ms
INF 2026-08-04T20:22:20.025Z > 200 GET /api/v1/ 276.87ms
INF 2026-08-04T20:22:20.029Z > 200 GET /api/v1/ 292.61ms
INF 2026-08-04T20:22:20.029Z > 200 GET /api/v1/ 278.33ms
INF 2026-08-04T20:22:20.034Z > 200 GET /api/v1/ 276.23ms
INF 2026-08-04T20:22:20.037Z > 200 GET /api/v1/ 275.84ms
INF 2026-08-04T20:22:20.038Z > 200 GET /api/v1/ 287.59ms
INF 2026-08-04T20:22:20.038Z > 200 GET /api/v1/ 273.46ms
INF 2026-08-04T20:22:20.039Z > 200 GET /api/v1/ 51.41ms
INF 2026-08-04T20:22:20.040Z > 200 GET /api/v1/ 48.36ms
INF 2026-08-04T20:22:20.047Z > 200 GET /api/v1/ 280.7ms
INF 2026-08-04T20:22:20.048Z > 200 GET /api/v1/ 293.55ms
INF 2026-08-04T20:22:20.049Z > 200 GET /api/v1/ 51.36ms
INF 2026-08-04T20:22:20.050Z > 200 GET /api/v1/ 279.37ms
INF 2026-08-04T20:22:20.052Z > 200 GET /api/v1/ 292.07ms
INF 2026-08-04T20:22:20.054Z > 200 GET /api/v1/ 276.32ms
INF 2026-08-04T20:22:20.060Z > 200 GET /api/v1/ 42.87ms
INF 2026-08-04T20:22:20.061Z > 200 GET /api/v1/ 42.25ms
INF 2026-08-04T20:22:20.063Z > 200 GET /api/v1/ 315.21ms
INF 2026-08-04T20:22:20.064Z > 200 GET /api/v1/ 292.18ms
INF 2026-08-04T20:22:20.064Z > 200 GET /api/v1/ 310.81ms
INF 2026-08-04T20:22:20.065Z > 200 GET /api/v1/ 295.59ms
INF 2026-08-04T20:22:20.065Z > 200 GET /api/v1/ 288.38ms
INF 2026-08-04T20:22:20.066Z > 200 GET /api/v1/ 293.08ms
INF 2026-08-04T20:22:20.076Z > 200 GET /api/v1/ 326.13ms
INF 2026-08-04T20:22:20.076Z > 200 GET /api/v1/ 329.54ms
INF 2026-08-04T20:22:20.076Z > 200 GET /api/v1/ 47.49ms
INF 2026-08-04T20:22:20.077Z > 200 GET /api/v1/ 298.65ms
INF 2026-08-04T20:22:20.077Z > 200 GET /api/v1/ 305.87ms
INF 2026-08-04T20:22:20.080Z > 200 GET /api/v1/ 338.4ms
INF 2026-08-04T20:22:20.086Z > 200 GET /api/v1/ 35.8ms
INF 2026-08-04T20:22:20.087Z > 200 GET /api/v1/ 35.26ms
INF 2026-08-04T20:22:20.090Z > 200 GET /api/v1/ 35.7ms
INF 2026-08-04T20:22:20.092Z > 200 GET /api/v1/ 57.53ms
INF 2026-08-04T20:22:20.094Z > 200 GET /api/v1/ 330.77ms
INF 2026-08-04T20:22:20.095Z > 200 GET /api/v1/ 341.49ms
INF 2026-08-04T20:22:20.095Z > 200 GET /api/v1/ 70.05ms
INF 2026-08-04T20:22:20.098Z > 200 GET /api/v1/ 58.86ms
INF 2026-08-04T20:22:20.099Z > 200 GET /api/v1/ 50.01ms
INF 2026-08-04T20:22:20.099Z > 200 GET /api/v1/ 36.02ms
INF 2026-08-04T20:22:20.101Z > 200 GET /api/v1/ 36.32ms
INF 2026-08-04T20:22:20.101Z > 200 GET /api/v1/ 63.45ms
INF 2026-08-04T20:22:20.102Z > 200 GET /api/v1/ 334.37ms
INF 2026-08-04T20:22:20.102Z > 200 GET /api/v1/ 36.49ms
INF 2026-08-04T20:22:20.102Z > 200 GET /api/v1/ 36.25ms
INF 2026-08-04T20:22:20.102Z > 200 GET /api/v1/ 62.03ms
INF 2026-08-04T20:22:20.103Z > 200 GET /api/v1/ 65.3ms
INF 2026-08-04T20:22:20.103Z > 200 GET /api/v1/ 340.48ms
INF 2026-08-04T20:22:20.103Z > 200 GET /api/v1/ 41.83ms
INF 2026-08-04T20:22:20.103Z > 200 GET /api/v1/ 316.17ms
INF 2026-08-04T20:22:20.105Z > 200 GET /api/v1/ 315.91ms
INF 2026-08-04T20:22:20.107Z > 200 GET /api/v1/ 317.95ms
INF 2026-08-04T20:22:20.112Z > 200 GET /api/v1/ 349.79ms
INF 2026-08-04T20:22:20.114Z > 200 GET /api/v1/ 324.42ms
INF 2026-08-04T20:22:20.115Z > 200 GET /api/v1/ 20.07ms
INF 2026-08-04T20:22:20.115Z > 200 GET /api/v1/ 20.02ms
INF 2026-08-04T20:22:20.116Z > 200 GET /api/v1/ 324.78ms
INF 2026-08-04T20:22:20.118Z > 200 GET /api/v1/ 18.78ms
INF 2026-08-04T20:22:20.118Z > 200 GET /api/v1/ 19.74ms
INF 2026-08-04T20:22:20.119Z > 200 GET /api/v1/ 17.4ms
INF 2026-08-04T20:22:20.119Z > 200 GET /api/v1/ 15.67ms
INF 2026-08-04T20:22:20.119Z > 200 GET /api/v1/ 16.12ms
INF 2026-08-04T20:22:20.119Z > 200 GET /api/v1/ 15.96ms
INF 2026-08-04T20:22:20.121Z > 200 GET /api/v1/ 13.72ms
INF 2026-08-04T20:22:20.122Z > 200 GET /api/v1/ 7.37ms
INF 2026-08-04T20:22:20.123Z > 200 GET /api/v1/ 7.08ms
INF 2026-08-04T20:22:20.123Z > 200 GET /api/v1/ 4.38ms
INF 2026-08-04T20:22:20.124Z > 200 GET /api/v1/ 4.4ms
INF 2026-08-04T20:22:20.124Z > 200 GET /api/v1/ 5.47ms
INF 2026-08-04T20:22:20.124Z > 200 GET /api/v1/ 5.1ms
INF 2026-08-04T20:22:20.127Z > 200 GET /api/v1/ 2.89ms
INF 2026-08-04T20:22:20.144Z > 200 GET /api/v1/ 17.24ms
INF 2026-08-04T20:22:20.145Z > 200 GET /api/v1/ 353.58ms
INF 2026-08-04T20:22:20.147Z > 200 GET /api/v1/ 326.49ms
INF 2026-08-04T20:22:20.147Z > 200 GET /api/v1/ 332.75ms
INF 2026-08-04T20:22:20.147Z > 200 GET /api/v1/ 326.82ms
INF 2026-08-04T20:22:20.148Z > 200 GET /api/v1/ 333.23ms
INF 2026-08-04T20:22:20.155Z > 200 GET /api/v1/ 7.36ms
INF 2026-08-04T20:22:20.157Z > 200 GET /api/v1/ 9.45ms
INF 2026-08-04T20:22:20.157Z > 200 GET /api/v1/ 9.37ms
INF 2026-08-04T20:22:20.157Z > 200 GET /api/v1/ 290.13ms
INF 2026-08-04T20:22:20.159Z > 200 GET /api/v1/ 303.6ms
INF 2026-08-04T20:22:20.159Z > 200 GET /api/v1/ 299.84ms
INF 2026-08-04T20:22:20.164Z > 200 GET /api/v1/ 320.28ms
INF 2026-08-04T20:22:20.165Z > 200 GET /api/v1/ 282.74ms
INF 2026-08-04T20:22:20.165Z > 200 GET /api/v1/ 283.02ms
INF 2026-08-04T20:22:20.168Z > 200 GET /api/v1/ 285.35ms
INF 2026-08-04T20:22:20.168Z > 200 GET /api/v1/ 340.06ms
INF 2026-08-04T20:22:20.169Z > 200 GET /api/v1/ 338.87ms
INF 2026-08-04T20:22:20.170Z > 200 GET /api/v1/ 10.53ms
INF 2026-08-04T20:22:20.170Z > 200 GET /api/v1/ 231.8ms
INF 2026-08-04T20:22:20.172Z > 200 GET /api/v1/ 230.24ms
INF 2026-08-04T20:22:20.172Z > 200 GET /api/v1/ 322.86ms
INF 2026-08-04T20:22:20.183Z > 200 GET /api/v1/ 300.14ms
INF 2026-08-04T20:22:20.183Z > 200 GET /api/v1/ 25.47ms
INF 2026-08-04T20:22:20.184Z > 200 GET /api/v1/ 296.17ms
INF 2026-08-04T20:22:20.186Z > 200 GET /api/v1/ 314.58ms
INF 2026-08-04T20:22:20.189Z > 200 GET /api/v1/ 244.04ms
INF 2026-08-04T20:22:20.190Z > 200 GET /api/v1/ 335.52ms
INF 2026-08-04T20:22:20.195Z > 200 GET /api/v1/ 307.31ms
INF 2026-08-04T20:22:20.204Z > 200 GET /api/v1/ 377.62ms
INF 2026-08-04T20:22:20.205Z > 200 GET /api/v1/ 39.7ms
INF 2026-08-04T20:22:20.207Z > 200 GET /api/v1/ 360.77ms
INF 2026-08-04T20:22:20.217Z > 200 GET /api/v1/ 334.91ms
INF 2026-08-04T20:22:20.220Z > 200 GET /api/v1/ 349.68ms
INF 2026-08-04T20:22:20.222Z > 200 GET /api/v1/ 283.54ms
INF 2026-08-04T20:22:20.235Z > 200 GET /api/v1/ 272.25ms
INF 2026-08-04T20:22:20.235Z > 200 GET /api/v1/ 301.38ms
INF 2026-08-04T20:22:20.236Z > 200 GET /api/v1/ 406.08ms
INF 2026-08-04T20:22:20.236Z > 200 GET /api/v1/ 295.53ms
INF 2026-08-04T20:22:20.237Z > 200 GET /api/v1/ 383.15ms
INF 2026-08-04T20:22:20.237Z > 200 GET /api/v1/ 288.95ms
INF 2026-08-04T20:22:20.239Z > 200 GET /api/v1/ 66.69ms
INF 2026-08-04T20:22:20.239Z > 200 GET /api/v1/ 306.99ms
INF 2026-08-04T20:22:20.240Z > 200 GET /api/v1/ 296.99ms
INF 2026-08-04T20:22:20.240Z > 200 GET /api/v1/ 50.58ms
INF 2026-08-04T20:22:20.241Z > 200 GET /api/v1/ 51.08ms
INF 2026-08-04T20:22:20.242Z > 200 GET /api/v1/ 57.96ms
INF 2026-08-04T20:22:20.243Z > 200 GET /api/v1/ 303.37ms
INF 2026-08-04T20:22:20.244Z > 200 GET /api/v1/ 299.81ms
INF 2026-08-04T20:22:20.244Z > 200 GET /api/v1/ 396.03ms
INF 2026-08-04T20:22:20.250Z > 200 GET /api/v1/ 304.81ms
INF 2026-08-04T20:22:20.251Z > 200 GET /api/v1/ 300.8ms
INF 2026-08-04T20:22:20.252Z > 200 GET /api/v1/ 47.29ms
INF 2026-08-04T20:22:20.252Z > 200 GET /api/v1/ 46.52ms
INF 2026-08-04T20:22:20.252Z > 200 GET /api/v1/ 321.63ms
INF 2026-08-04T20:22:20.255Z > 200 GET /api/v1/ 319.54ms
INF 2026-08-04T20:22:20.257Z > 200 GET /api/v1/ 409.7ms
INF 2026-08-04T20:22:20.257Z > 200 GET /api/v1/ 311.61ms
INF 2026-08-04T20:22:20.262Z > 200 GET /api/v1/ 44.06ms
INF 2026-08-04T20:22:20.262Z > 200 GET /api/v1/ 21.47ms
INF 2026-08-04T20:22:20.262Z > 200 GET /api/v1/ 42.3ms
INF 2026-08-04T20:22:20.263Z > 200 GET /api/v1/ 298.08ms
INF 2026-08-04T20:22:20.263Z > 200 GET /api/v1/ 41.04ms
INF 2026-08-04T20:22:20.264Z > 200 GET /api/v1/ 316.92ms
INF 2026-08-04T20:22:20.264Z > 200 GET /api/v1/ 338.78ms
INF 2026-08-04T20:22:20.264Z > 200 GET /api/v1/ 300.2ms
INF 2026-08-04T20:22:20.264Z > 200 GET /api/v1/ 350.71ms
INF 2026-08-04T20:22:20.265Z > 200 GET /api/v1/ 294.07ms
INF 2026-08-04T20:22:20.265Z > 200 GET /api/v1/ 297.38ms
INF 2026-08-04T20:22:20.266Z > 200 GET /api/v1/ 322.25ms
INF 2026-08-04T20:22:20.267Z > 200 GET /api/v1/ 403.04ms
INF 2026-08-04T20:22:20.268Z > 200 GET /api/v1/ 328.87ms
INF 2026-08-04T20:22:20.270Z > 200 GET /api/v1/ 26.87ms
INF 2026-08-04T20:22:20.270Z > 200 GET /api/v1/ 31.16ms
INF 2026-08-04T20:22:20.270Z > 200 GET /api/v1/ 305.95ms
INF 2026-08-04T20:22:20.273Z > 200 GET /api/v1/ 332.26ms
INF 2026-08-04T20:22:20.276Z > 200 GET /api/v1/ 23.83ms
INF 2026-08-04T20:22:20.276Z > 200 GET /api/v1/ 25.97ms
INF 2026-08-04T20:22:20.279Z > 200 GET /api/v1/ 21.58ms
INF 2026-08-04T20:22:20.281Z > 200 GET /api/v1/ 18.27ms
INF 2026-08-04T20:22:20.281Z > 200 GET /api/v1/ 17.23ms
INF 2026-08-04T20:22:20.282Z > 200 GET /api/v1/ 17.7ms
INF 2026-08-04T20:22:20.291Z > 200 GET /api/v1/ 25.37ms
INF 2026-08-04T20:22:20.291Z > 200 GET /api/v1/ 24.14ms
INF 2026-08-04T20:22:20.291Z > 200 GET /api/v1/ 23.51ms
INF 2026-08-04T20:22:20.292Z > 200 GET /api/v1/ 27.17ms
INF 2026-08-04T20:22:20.294Z > 200 GET /api/v1/ 23.68ms
INF 2026-08-04T20:22:20.296Z > 200 GET /api/v1/ 19.23ms
INF 2026-08-04T20:22:20.298Z > 200 GET /api/v1/ 21.97ms
INF 2026-08-04T20:22:20.299Z > 200 GET /api/v1/ 25.96ms
INF 2026-08-04T20:22:20.303Z > 200 GET /api/v1/ 119.82ms
INF 2026-08-04T20:22:20.308Z > 200 GET /api/v1/ 28.97ms
INF 2026-08-04T20:22:20.311Z > 200 GET /api/v1/ 29.74ms
INF 2026-08-04T20:22:20.316Z > 200 GET /api/v1/ 20.18ms
INF 2026-08-04T20:22:20.316Z > 200 GET /api/v1/ 18.11ms
INF 2026-08-04T20:22:20.319Z > 200 GET /api/v1/ 149.06ms
INF 2026-08-04T20:22:20.320Z > 200 GET /api/v1/ 344.97ms
INF 2026-08-04T20:22:20.321Z > 200 GET /api/v1/ 17.84ms
INF 2026-08-04T20:22:20.324Z > 200 GET /api/v1/ 351.72ms
INF 2026-08-04T20:22:20.324Z > 200 GET /api/v1/ 351.88ms
INF 2026-08-04T20:22:20.325Z > 200 GET /api/v1/ 277.8ms
INF 2026-08-04T20:22:20.325Z > 200 GET /api/v1/ 25.8ms
INF 2026-08-04T20:22:20.326Z > 200 GET /api/v1/ 353.54ms
INF 2026-08-04T20:22:20.327Z > 200 GET /api/v1/ 288.63ms
INF 2026-08-04T20:22:20.328Z > 200 GET /api/v1/ 268.24ms
INF 2026-08-04T20:22:20.329Z > 200 GET /api/v1/ 299.82ms
INF 2026-08-04T20:22:20.329Z > 200 GET /api/v1/ 358.87ms
INF 2026-08-04T20:22:20.330Z > 200 GET /api/v1/ 280.92ms
INF 2026-08-04T20:22:20.334Z > 200 GET /api/v1/ 4.26ms
INF 2026-08-04T20:22:20.335Z > 200 GET /api/v1/ 271.31ms
INF 2026-08-04T20:22:20.336Z > 200 GET /api/v1/ 271.98ms
INF 2026-08-04T20:22:20.336Z > 200 GET /api/v1/ 258.84ms
INF 2026-08-04T20:22:20.337Z > 200 GET /api/v1/ 259.11ms
INF 2026-08-04T20:22:20.338Z > 200 GET /api/v1/ 12.03ms
INF 2026-08-04T20:22:20.339Z > 200 GET /api/v1/ 27.7ms
INF 2026-08-04T20:22:20.339Z > 200 GET /api/v1/ 252.24ms
INF 2026-08-04T20:22:20.340Z > 200 GET /api/v1/ 261.89ms
INF 2026-08-04T20:22:20.340Z > 200 GET /api/v1/ 250.06ms
INF 2026-08-04T20:22:20.340Z > 200 GET /api/v1/ 259.68ms
INF 2026-08-04T20:22:20.344Z > 200 GET /api/v1/ 252.36ms
INF 2026-08-04T20:22:20.344Z > 200 GET /api/v1/ 266.72ms
INF 2026-08-04T20:22:20.345Z > 200 GET /api/v1/ 259.67ms
INF 2026-08-04T20:22:20.348Z > 200 GET /api/v1/ 269.94ms
INF 2026-08-04T20:22:20.348Z > 200 GET /api/v1/ 9.55ms
INF 2026-08-04T20:22:20.360Z > 200 GET /api/v1/ 23.47ms
INF 2026-08-04T20:22:20.360Z > 200 GET /api/v1/ 257.36ms
INF 2026-08-04T20:22:20.361Z > 200 GET /api/v1/ 24.45ms
INF 2026-08-04T20:22:20.362Z > 200 GET /api/v1/ 45.9ms
INF 2026-08-04T20:22:20.363Z > 200 GET /api/v1/ 268.13ms
INF 2026-08-04T20:22:20.363Z > 200 GET /api/v1/ 261.87ms
INF 2026-08-04T20:22:20.363Z > 200 GET /api/v1/ 258.32ms
INF 2026-08-04T20:22:20.364Z > 200 GET /api/v1/ 264.77ms
INF 2026-08-04T20:22:20.364Z > 200 GET /api/v1/ 262.02ms
INF 2026-08-04T20:22:20.376Z > 200 GET /api/v1/ 35.56ms
INF 2026-08-04T20:22:20.378Z > 200 GET /api/v1/ 266.24ms
INF 2026-08-04T20:22:20.379Z > 200 GET /api/v1/ 275.35ms
INF 2026-08-04T20:22:20.384Z > 200 GET /api/v1/ 262.23ms
INF 2026-08-04T20:22:20.388Z > 200 GET /api/v1/ 285.21ms
INF 2026-08-04T20:22:20.394Z > 200 GET /api/v1/ 279.56ms
INF 2026-08-04T20:22:20.397Z > 200 GET /api/v1/ 277.36ms
INF 2026-08-04T20:22:20.399Z > 200 GET /api/v1/ 283.7ms
INF 2026-08-04T20:22:20.402Z > 200 GET /api/v1/ 282.02ms
INF 2026-08-04T20:22:20.402Z > 200 GET /api/v1/ 279.49ms
INF 2026-08-04T20:22:20.407Z > 200 GET /api/v1/ 283.65ms
INF 2026-08-04T20:22:20.408Z > 200 GET /api/v1/ 284.85ms
INF 2026-08-04T20:22:20.415Z > 200 GET /api/v1/ 36.85ms
INF 2026-08-04T20:22:20.415Z > 200 GET /api/v1/ 36.54ms
INF 2026-08-04T20:22:20.416Z > 200 GET /api/v1/ 39.96ms
INF 2026-08-04T20:22:20.416Z > 200 GET /api/v1/ 259.94ms
INF 2026-08-04T20:22:20.418Z > 200 GET /api/v1/ 235.31ms
INF 2026-08-04T20:22:20.420Z > 200 GET /api/v1/ 35.58ms
INF 2026-08-04T20:22:20.421Z > 200 GET /api/v1/ 32.28ms
INF 2026-08-04T20:22:20.422Z > 200 GET /api/v1/ 252.08ms
INF 2026-08-04T20:22:20.426Z > 200 GET /api/v1/ 188.13ms
INF 2026-08-04T20:22:20.433Z > 200 GET /api/v1/ 194.52ms
INF 2026-08-04T20:22:20.434Z > 200 GET /api/v1/ 36.85ms
INF 2026-08-04T20:22:20.436Z > 200 GET /api/v1/ 33.33ms
INF 2026-08-04T20:22:20.437Z > 200 GET /api/v1/ 37.8ms
INF 2026-08-04T20:22:20.439Z > 200 GET /api/v1/ 31.62ms
INF 2026-08-04T20:22:20.449Z > 200 GET /api/v1/ 283.48ms
INF 2026-08-04T20:22:20.452Z > 200 GET /api/v1/ 281.57ms
INF 2026-08-04T20:22:20.453Z > 200 GET /api/v1/ 266.34ms
INF 2026-08-04T20:22:20.454Z > 200 GET /api/v1/ 309.12ms
INF 2026-08-04T20:22:20.466Z > 200 GET /api/v1/ 270.06ms
INF 2026-08-04T20:22:20.478Z > 200 GET /api/v1/ 113.94ms
INF 2026-08-04T20:22:20.480Z > 200 GET /api/v1/ 30.93ms
INF 2026-08-04T20:22:20.482Z > 200 GET /api/v1/ 242.32ms
INF 2026-08-04T20:22:20.482Z > 200 GET /api/v1/ 358.13ms
INF 2026-08-04T20:22:20.483Z > 200 GET /api/v1/ 318.05ms
INF 2026-08-04T20:22:20.483Z > 200 GET /api/v1/ 312.97ms
INF 2026-08-04T20:22:20.484Z > 200 GET /api/v1/ 359.4ms
INF 2026-08-04T20:22:20.485Z > 200 GET /api/v1/ 31.81ms
INF 2026-08-04T20:22:20.485Z > 200 GET /api/v1/ 277.66ms
INF 2026-08-04T20:22:20.485Z > 200 GET /api/v1/ 31.29ms
INF 2026-08-04T20:22:20.490Z > 200 GET /api/v1/ 251.02ms
INF 2026-08-04T20:22:20.491Z > 200 GET /api/v1/ 249.98ms
INF 2026-08-04T20:22:20.492Z > 200 GET /api/v1/ 252.13ms
INF 2026-08-04T20:22:20.494Z > 200 GET /api/v1/ 345.34ms
INF 2026-08-04T20:22:20.498Z > 200 GET /api/v1/ 325.6ms
INF 2026-08-04T20:22:20.499Z > 200 GET /api/v1/ 340.23ms
INF 2026-08-04T20:22:20.500Z > 200 GET /api/v1/ 342.06ms
INF 2026-08-04T20:22:20.500Z > 200 GET /api/v1/ 256.45ms
INF 2026-08-04T20:22:20.501Z > 200 GET /api/v1/ 17.56ms
INF 2026-08-04T20:22:20.501Z > 200 GET /api/v1/ 262.76ms
INF 2026-08-04T20:22:20.501Z > 200 GET /api/v1/ 17.17ms
INF 2026-08-04T20:22:20.502Z > 200 GET /api/v1/ 263.18ms
INF 2026-08-04T20:22:20.502Z > 200 GET /api/v1/ 263.98ms
INF 2026-08-04T20:22:20.503Z > 200 GET /api/v1/ 12.8ms
INF 2026-08-04T20:22:20.503Z > 200 GET /api/v1/ 12.46ms
INF 2026-08-04T20:22:20.509Z > 200 GET /api/v1/ 9.58ms
INF 2026-08-04T20:22:20.510Z > 200 GET /api/v1/ 7.79ms
INF 2026-08-04T20:22:20.510Z > 200 GET /api/v1/ 8.95ms
INF 2026-08-04T20:22:20.510Z > 200 GET /api/v1/ 9.0ms
INF 2026-08-04T20:22:20.510Z > 200 GET /api/v1/ 406.79ms
INF 2026-08-04T20:22:20.511Z > 200 GET /api/v1/ 353.26ms
INF 2026-08-04T20:22:20.511Z > 200 GET /api/v1/ 8.16ms
INF 2026-08-04T20:22:20.511Z > 200 GET /api/v1/ 95.6ms
INF 2026-08-04T20:22:20.512Z > 200 GET /api/v1/ 367.05ms
INF 2026-08-04T20:22:20.512Z > 200 GET /api/v1/ 8.8ms
INF 2026-08-04T20:22:20.513Z > 200 GET /api/v1/ 96.72ms
INF 2026-08-04T20:22:20.513Z > 200 GET /api/v1/ 91.89ms
INF 2026-08-04T20:22:20.514Z > 200 GET /api/v1/ 93.75ms
INF 2026-08-04T20:22:20.514Z > 200 GET /api/v1/ 343.72ms
INF 2026-08-04T20:22:20.514Z > 200 GET /api/v1/ 95.8ms
INF 2026-08-04T20:22:20.516Z > 200 GET /api/v1/ 3.57ms
INF 2026-08-04T20:22:20.519Z > 200 GET /api/v1/ 154.98ms
INF 2026-08-04T20:22:20.520Z > 200 GET /api/v1/ 275.75ms
INF 2026-08-04T20:22:20.522Z > 200 GET /api/v1/ 5.96ms
INF 2026-08-04T20:22:20.523Z > 200 GET /api/v1/ 87.31ms
INF 2026-08-04T20:22:20.523Z > 200 GET /api/v1/ 279.47ms
INF 2026-08-04T20:22:20.535Z > 200 GET /api/v1/ 22.95ms
INF 2026-08-04T20:22:20.536Z > 200 GET /api/v1/ 97.1ms
INF 2026-08-04T20:22:20.536Z > 200 GET /api/v1/ 15.98ms
INF 2026-08-04T20:22:20.537Z > 200 GET /api/v1/ 285.93ms
INF 2026-08-04T20:22:20.545Z > 200 GET /api/v1/ 292.37ms
INF 2026-08-04T20:22:20.545Z > 200 GET /api/v1/ 282.09ms
INF 2026-08-04T20:22:20.545Z > 200 GET /api/v1/ 30.84ms
INF 2026-08-04T20:22:20.545Z > 200 GET /api/v1/ 108.39ms
INF 2026-08-04T20:22:20.546Z > 200 GET /api/v1/ 280.97ms
INF 2026-08-04T20:22:20.546Z > 200 GET /api/v1/ 288.67ms
INF 2026-08-04T20:22:20.546Z > 200 GET /api/v1/ 291.46ms
INF 2026-08-04T20:22:20.547Z > 200 GET /api/v1/ 284.48ms
INF 2026-08-04T20:22:20.548Z > 200 GET /api/v1/ 34.76ms
INF 2026-08-04T20:22:20.548Z > 200 GET /api/v1/ 286.57ms
INF 2026-08-04T20:22:20.552Z > 200 GET /api/v1/ 287.28ms
INF 2026-08-04T20:22:20.554Z > 200 GET /api/v1/ 287.02ms
INF 2026-08-04T20:22:20.554Z > 200 GET /api/v1/ 224.1ms
INF 2026-08-04T20:22:20.555Z > 200 GET /api/v1/ 290.02ms
INF 2026-08-04T20:22:20.555Z > 200 GET /api/v1/ 18.33ms
INF 2026-08-04T20:22:20.555Z > 200 GET /api/v1/ 229.95ms
INF 2026-08-04T20:22:20.556Z > 200 GET /api/v1/ 261.82ms
INF 2026-08-04T20:22:20.560Z > 200 GET /api/v1/ 13.79ms
INF 2026-08-04T20:22:20.561Z > 200 GET /api/v1/ 14.23ms
INF 2026-08-04T20:22:20.563Z > 200 GET /api/v1/ 15.33ms
INF 2026-08-04T20:22:20.563Z > 200 GET /api/v1/ 16.85ms
INF 2026-08-04T20:22:20.567Z > 200 GET /api/v1/ 247.41ms
INF 2026-08-04T20:22:20.570Z > 200 GET /api/v1/ 317.52ms
INF 2026-08-04T20:22:20.578Z > 200 GET /api/v1/ 252.94ms
INF 2026-08-04T20:22:20.578Z > 200 GET /api/v1/ 253.01ms
INF 2026-08-04T20:22:20.582Z > 200 GET /api/v1/ 290.61ms
INF 2026-08-04T20:22:20.583Z > 200 GET /api/v1/ 242.6ms
INF 2026-08-04T20:22:20.585Z > 200 GET /api/v1/ 254.84ms
INF 2026-08-04T20:22:20.590Z > 200 GET /api/v1/ 262.14ms
INF 2026-08-04T20:22:20.594Z > 200 GET /api/v1/ 24.04ms
INF 2026-08-04T20:22:20.600Z > 200 GET /api/v1/ 32.65ms
INF 2026-08-04T20:22:20.600Z > 200 GET /api/v1/ 270.29ms
INF 2026-08-04T20:22:20.602Z > 200 GET /api/v1/ 276.28ms
INF 2026-08-04T20:22:20.602Z > 200 GET /api/v1/ 254.11ms
INF 2026-08-04T20:22:20.604Z > 200 GET /api/v1/ 263.57ms
INF 2026-08-04T20:22:20.605Z > 200 GET /api/v1/ 296.44ms
INF 2026-08-04T20:22:20.610Z > 200 GET /api/v1/ 289.14ms
INF 2026-08-04T20:22:20.620Z > 200 GET /api/v1/ 66.18ms
INF 2026-08-04T20:22:20.621Z > 200 GET /api/v1/ 280.75ms
INF 2026-08-04T20:22:20.621Z > 200 GET /api/v1/ 38.76ms
INF 2026-08-04T20:22:20.622Z > 200 GET /api/v1/ 43.44ms
INF 2026-08-04T20:22:20.623Z > 200 GET /api/v1/ 341.42ms
INF 2026-08-04T20:22:20.624Z > 200 GET /api/v1/ 332.08ms
INF 2026-08-04T20:22:20.624Z > 200 GET /api/v1/ 333.98ms
INF 2026-08-04T20:22:20.625Z > 200 GET /api/v1/ 34.16ms
INF 2026-08-04T20:22:20.626Z > 200 GET /api/v1/ 286.71ms
INF 2026-08-04T20:22:20.627Z > 200 GET /api/v1/ 334.87ms
INF 2026-08-04T20:22:20.635Z > 200 GET /api/v1/ 316.51ms
INF 2026-08-04T20:22:20.636Z > 200 GET /api/v1/ 288.99ms
INF 2026-08-04T20:22:20.636Z > 200 GET /api/v1/ 277.09ms
INF 2026-08-04T20:22:20.637Z > 200 GET /api/v1/ 292.27ms
INF 2026-08-04T20:22:20.640Z > 200 GET /api/v1/ 302.96ms
INF 2026-08-04T20:22:20.642Z > 200 GET /api/v1/ 36.97ms
INF 2026-08-04T20:22:20.642Z > 200 GET /api/v1/ 307.07ms
INF 2026-08-04T20:22:20.644Z > 200 GET /api/v1/ 307.57ms
INF 2026-08-04T20:22:20.645Z > 200 GET /api/v1/ 42.87ms
INF 2026-08-04T20:22:20.646Z > 200 GET /api/v1/ 45.61ms
INF 2026-08-04T20:22:20.647Z > 200 GET /api/v1/ 19.72ms
INF 2026-08-04T20:22:20.647Z > 200 GET /api/v1/ 376.76ms
INF 2026-08-04T20:22:20.647Z > 200 GET /api/v1/ 376.98ms
INF 2026-08-04T20:22:20.649Z > 200 GET /api/v1/ 24.44ms
INF 2026-08-04T20:22:20.649Z > 200 GET /api/v1/ 24.15ms
INF 2026-08-04T20:22:20.653Z > 200 GET /api/v1/ 291.66ms
INF 2026-08-04T20:22:20.654Z > 200 GET /api/v1/ 362.2ms
INF 2026-08-04T20:22:20.654Z > 200 GET /api/v1/ 334.53ms
INF 2026-08-04T20:22:20.654Z > 200 GET /api/v1/ 309.37ms
INF 2026-08-04T20:22:20.658Z > 200 GET /api/v1/ 21.46ms
INF 2026-08-04T20:22:20.660Z > 200 GET /api/v1/ 19.64ms
INF 2026-08-04T20:22:20.660Z > 200 GET /api/v1/ 16.1ms
INF 2026-08-04T20:22:20.661Z > 200 GET /api/v1/ 14.96ms
INF 2026-08-04T20:22:20.661Z > 200 GET /api/v1/ 14.92ms
INF 2026-08-04T20:22:20.662Z > 200 GET /api/v1/ 12.61ms
INF 2026-08-04T20:22:20.662Z > 200 GET /api/v1/ 19.84ms
INF 2026-08-04T20:22:20.662Z > 200 GET /api/v1/ 15.13ms
INF 2026-08-04T20:22:20.665Z > 200 GET /api/v1/ 10.24ms
INF 2026-08-04T20:22:20.666Z > 200 GET /api/v1/ 4.7ms
INF 2026-08-04T20:22:20.666Z > 200 GET /api/v1/ 4.16ms
INF 2026-08-04T20:22:20.669Z > 200 GET /api/v1/ 2.96ms
INF 2026-08-04T20:22:20.670Z > 200 GET /api/v1/ 3.04ms
INF 2026-08-04T20:22:20.670Z > 200 GET /api/v1/ 106.78ms
INF 2026-08-04T20:22:20.671Z > 200 GET /api/v1/ 109.18ms
INF 2026-08-04T20:22:20.675Z > 200 GET /api/v1/ 4.15ms
INF 2026-08-04T20:22:20.681Z > 200 GET /api/v1/ 319.34ms
INF 2026-08-04T20:22:20.681Z > 200 GET /api/v1/ 6.12ms
INF 2026-08-04T20:22:20.693Z > 200 GET /api/v1/ 11.57ms
INF 2026-08-04T20:22:20.703Z > 200 GET /api/v1/ 340.06ms
INF 2026-08-04T20:22:20.705Z > 200 GET /api/v1/ 341.27ms
INF 2026-08-04T20:22:20.707Z > 200 GET /api/v1/ 344.88ms
INF 2026-08-04T20:22:20.708Z > 200 GET /api/v1/ 343.66ms
INF 2026-08-04T20:22:20.708Z > 200 GET /api/v1/ 14.65ms
INF 2026-08-04T20:22:20.709Z > 200 GET /api/v1/ 315.42ms
INF 2026-08-04T20:22:20.710Z > 200 GET /api/v1/ 345.75ms
INF 2026-08-04T20:22:20.715Z > 200 GET /api/v1/ 312.9ms
INF 2026-08-04T20:22:20.716Z > 200 GET /api/v1/ 6.43ms
INF 2026-08-04T20:22:20.717Z > 200 GET /api/v1/ 308.46ms
INF 2026-08-04T20:22:20.718Z > 200 GET /api/v1/ 285.18ms
INF 2026-08-04T20:22:20.719Z > 200 GET /api/v1/ 302.58ms
INF 2026-08-04T20:22:20.723Z > 200 GET /api/v1/ 270.95ms
INF 2026-08-04T20:22:20.723Z > 200 GET /api/v1/ 6.59ms
INF 2026-08-04T20:22:20.724Z > 200 GET /api/v1/ 244.38ms
INF 2026-08-04T20:22:20.724Z > 200 GET /api/v1/ 301.75ms
INF 2026-08-04T20:22:20.725Z > 200 GET /api/v1/ 245.09ms
INF 2026-08-04T20:22:20.726Z > 200 GET /api/v1/ 233.54ms
INF 2026-08-04T20:22:20.726Z > 200 GET /api/v1/ 299.62ms
INF 2026-08-04T20:22:20.728Z > 200 GET /api/v1/ 294.11ms
INF 2026-08-04T20:22:20.729Z > 200 GET /api/v1/ 244.0ms
INF 2026-08-04T20:22:20.731Z > 200 GET /api/v1/ 246.01ms
INF 2026-08-04T20:22:20.732Z > 200 GET /api/v1/ 230.99ms
INF 2026-08-04T20:22:20.732Z > 200 GET /api/v1/ 6.66ms
INF 2026-08-04T20:22:20.733Z > 200 GET /api/v1/ 266.77ms
INF 2026-08-04T20:22:20.733Z > 200 GET /api/v1/ 316.81ms
INF 2026-08-04T20:22:20.736Z > 200 GET /api/v1/ 252.95ms
INF 2026-08-04T20:22:20.740Z > 200 GET /api/v1/ 254.22ms
INF 2026-08-04T20:22:20.740Z > 200 GET /api/v1/ 256.8ms
INF 2026-08-04T20:22:20.740Z > 200 GET /api/v1/ 227.86ms
INF 2026-08-04T20:22:20.742Z > 200 GET /api/v1/ 9.13ms
INF 2026-08-04T20:22:20.744Z > 200 GET /api/v1/ 232.04ms
INF 2026-08-04T20:22:20.745Z > 200 GET /api/v1/ 233.29ms
INF 2026-08-04T20:22:20.752Z > 200 GET /api/v1/ 249.6ms
INF 2026-08-04T20:22:20.752Z > 200 GET /api/v1/ 258.53ms
INF 2026-08-04T20:22:20.753Z > 200 GET /api/v1/ 253.19ms
INF 2026-08-04T20:22:20.759Z > 200 GET /api/v1/ 247.46ms
INF 2026-08-04T20:22:20.759Z > 200 GET /api/v1/ 276.19ms
INF 2026-08-04T20:22:20.768Z > 200 GET /api/v1/ 255.46ms
INF 2026-08-04T20:22:20.768Z > 200 GET /api/v1/ 27.85ms
INF 2026-08-04T20:22:20.771Z > 200 GET /api/v1/ 251.58ms
INF 2026-08-04T20:22:20.771Z > 200 GET /api/v1/ 271.35ms
INF 2026-08-04T20:22:20.772Z > 200 GET /api/v1/ 257.95ms
INF 2026-08-04T20:22:20.773Z > 200 GET /api/v1/ 259.99ms
INF 2026-08-04T20:22:20.784Z > 200 GET /api/v1/ 260.15ms
INF 2026-08-04T20:22:20.786Z > 200 GET /api/v1/ 263.22ms
INF 2026-08-04T20:22:20.787Z > 200 GET /api/v1/ 272.95ms
INF 2026-08-04T20:22:20.787Z > 200 GET /api/v1/ 274.26ms
INF 2026-08-04T20:22:20.789Z > 200 GET /api/v1/ 276.66ms
INF 2026-08-04T20:22:20.789Z > 200 GET /api/v1/ 37.44ms
INF 2026-08-04T20:22:20.790Z > 200 GET /api/v1/ 36.33ms
INF 2026-08-04T20:22:20.796Z > 200 GET /api/v1/ 37.38ms
INF 2026-08-04T20:22:20.796Z > 200 GET /api/v1/ 213.63ms
INF 2026-08-04T20:22:20.798Z > 200 GET /api/v1/ 251.58ms
INF 2026-08-04T20:22:20.798Z > 200 GET /api/v1/ 26.59ms
INF 2026-08-04T20:22:20.798Z > 200 GET /api/v1/ 274.53ms
INF 2026-08-04T20:22:20.798Z > 200 GET /api/v1/ 25.28ms
INF 2026-08-04T20:22:20.799Z > 200 GET /api/v1/ 220.16ms
INF 2026-08-04T20:22:20.799Z > 200 GET /api/v1/ 262.08ms
INF 2026-08-04T20:22:20.801Z > 200 GET /api/v1/ 30.14ms
INF 2026-08-04T20:22:20.802Z > 200 GET /api/v1/ 256.02ms
INF 2026-08-04T20:22:20.806Z > 200 GET /api/v1/ 220.63ms
INF 2026-08-04T20:22:20.810Z > 200 GET /api/v1/ 263.95ms
INF 2026-08-04T20:22:20.814Z > 200 GET /api/v1/ 26.98ms
INF 2026-08-04T20:22:20.815Z > 200 GET /api/v1/ 214.13ms
INF 2026-08-04T20:22:20.815Z > 200 GET /api/v1/ 26.46ms
INF 2026-08-04T20:22:20.815Z > 200 GET /api/v1/ 268.87ms
INF 2026-08-04T20:22:20.817Z > 200 GET /api/v1/ 27.48ms
INF 2026-08-04T20:22:20.818Z > 200 GET /api/v1/ 265.6ms
INF 2026-08-04T20:22:20.820Z > 200 GET /api/v1/ 226.04ms
INF 2026-08-04T20:22:20.822Z > 200 GET /api/v1/ 273.51ms
INF 2026-08-04T20:22:20.823Z > 200 GET /api/v1/ 325.04ms
INF 2026-08-04T20:22:20.823Z > 200 GET /api/v1/ 26.54ms
INF 2026-08-04T20:22:20.824Z > 200 GET /api/v1/ 286.97ms
INF 2026-08-04T20:22:20.825Z > 200 GET /api/v1/ 269.79ms
INF 2026-08-04T20:22:20.825Z > 200 GET /api/v1/ 25.73ms
INF 2026-08-04T20:22:20.825Z > 200 GET /api/v1/ 26.88ms
INF 2026-08-04T20:22:20.827Z > 200 GET /api/v1/ 270.98ms
INF 2026-08-04T20:22:20.830Z > 200 GET /api/v1/ 31.46ms
INF 2026-08-04T20:22:20.830Z > 200 GET /api/v1/ 24.52ms
INF 2026-08-04T20:22:20.842Z > 200 GET /api/v1/ 296.27ms
INF 2026-08-04T20:22:20.843Z > 200 GET /api/v1/ 241.09ms
INF 2026-08-04T20:22:20.843Z > 200 GET /api/v1/ 279.66ms
INF 2026-08-04T20:22:20.844Z > 200 GET /api/v1/ 307.53ms
INF 2026-08-04T20:22:20.844Z > 200 GET /api/v1/ 26.35ms
INF 2026-08-04T20:22:20.845Z > 200 GET /api/v1/ 30.34ms
INF 2026-08-04T20:22:20.846Z > 200 GET /api/v1/ 30.26ms
INF 2026-08-04T20:22:20.849Z > 200 GET /api/v1/ 24.61ms
INF 2026-08-04T20:22:20.852Z > 200 GET /api/v1/ 26.41ms
INF 2026-08-04T20:22:20.852Z > 200 GET /api/v1/ 26.38ms
INF 2026-08-04T20:22:20.854Z > 200 GET /api/v1/ 298.08ms
INF 2026-08-04T20:22:20.855Z > 200 GET /api/v1/ 295.28ms
INF 2026-08-04T20:22:20.858Z > 200 GET /api/v1/ 247.56ms
INF 2026-08-04T20:22:20.860Z > 200 GET /api/v1/ 346.52ms
INF 2026-08-04T20:22:20.865Z > 200 GET /api/v1/ 34.3ms
INF 2026-08-04T20:22:20.865Z > 200 GET /api/v1/ 242.82ms
INF 2026-08-04T20:22:20.865Z > 200 GET /api/v1/ 261.24ms
INF 2026-08-04T20:22:20.871Z > 200 GET /api/v1/ 314.96ms
INF 2026-08-04T20:22:20.871Z > 200 GET /api/v1/ 316.9ms
INF 2026-08-04T20:22:20.872Z > 200 GET /api/v1/ 22.57ms
INF 2026-08-04T20:22:20.872Z > 200 GET /api/v1/ 20.07ms
INF 2026-08-04T20:22:20.875Z > 200 GET /api/v1/ 20.07ms
INF 2026-08-04T20:22:20.876Z > 200 GET /api/v1/ 21.58ms
INF 2026-08-04T20:22:20.880Z > 200 GET /api/v1/ 257.55ms
INF 2026-08-04T20:22:20.880Z > 200 GET /api/v1/ 20.36ms
INF 2026-08-04T20:22:20.881Z > 200 GET /api/v1/ 256.53ms
INF 2026-08-04T20:22:20.884Z > 200 GET /api/v1/ 18.88ms
INF 2026-08-04T20:22:20.884Z > 200 GET /api/v1/ 18.87ms
INF 2026-08-04T20:22:20.885Z > 200 GET /api/v1/ 258.82ms
INF 2026-08-04T20:22:20.890Z > 200 GET /api/v1/ 266.77ms
INF 2026-08-04T20:22:20.891Z > 200 GET /api/v1/ 19.51ms
INF 2026-08-04T20:22:20.894Z > 200 GET /api/v1/ 272.15ms
INF 2026-08-04T20:22:20.895Z > 200 GET /api/v1/ 18.84ms
INF 2026-08-04T20:22:20.895Z > 200 GET /api/v1/ 258.46ms
INF 2026-08-04T20:22:20.895Z > 200 GET /api/v1/ 273.11ms
INF 2026-08-04T20:22:20.897Z > 200 GET /api/v1/ 16.65ms
INF 2026-08-04T20:22:20.898Z > 200 GET /api/v1/ 261.0ms
INF 2026-08-04T20:22:20.899Z > 200 GET /api/v1/ 15.2ms
INF 2026-08-04T20:22:20.899Z > 200 GET /api/v1/ 14.35ms
INF 2026-08-04T20:22:20.902Z > 200 GET /api/v1/ 267.15ms
INF 2026-08-04T20:22:20.903Z > 200 GET /api/v1/ 260.76ms
INF 2026-08-04T20:22:20.907Z > 200 GET /api/v1/ 16.89ms
INF 2026-08-04T20:22:20.907Z > 200 GET /api/v1/ 12.23ms
INF 2026-08-04T20:22:20.908Z > 200 GET /api/v1/ 13.28ms
INF 2026-08-04T20:22:20.911Z > 200 GET /api/v1/ 264.33ms
INF 2026-08-04T20:22:20.912Z > 200 GET /api/v1/ 14.89ms
INF 2026-08-04T20:22:20.912Z > 200 GET /api/v1/ 12.58ms
INF 2026-08-04T20:22:20.912Z > 200 GET /api/v1/ 265.1ms
INF 2026-08-04T20:22:20.928Z > 200 GET /api/v1/ 21.25ms
INF 2026-08-04T20:22:20.932Z > 200 GET /api/v1/ 20.85ms
INF 2026-08-04T20:22:20.933Z > 200 GET /api/v1/ 20.97ms
INF 2026-08-04T20:22:20.934Z > 200 GET /api/v1/ 21.24ms
INF 2026-08-04T20:22:20.941Z > 200 GET /api/v1/ 280.34ms
INF 2026-08-04T20:22:20.941Z > 200 GET /api/v1/ 281.05ms
INF 2026-08-04T20:22:20.944Z > 200 GET /api/v1/ 11.87ms
INF 2026-08-04T20:22:20.945Z > 200 GET /api/v1/ 282.31ms
INF 2026-08-04T20:22:20.945Z > 200 GET /api/v1/ 284.09ms
INF 2026-08-04T20:22:20.948Z > 200 GET /api/v1/ 294.55ms
INF 2026-08-04T20:22:20.949Z > 200 GET /api/v1/ 299.66ms
INF 2026-08-04T20:22:20.951Z > 200 GET /api/v1/ 282.33ms
INF 2026-08-04T20:22:20.952Z > 200 GET /api/v1/ 286.93ms
INF 2026-08-04T20:22:20.953Z > 200 GET /api/v1/ 298.13ms
INF 2026-08-04T20:22:20.953Z > 200 GET /api/v1/ 283.12ms
INF 2026-08-04T20:22:20.953Z > 200 GET /api/v1/ 295.5ms
INF 2026-08-04T20:22:20.953Z > 200 GET /api/v1/ 291.17ms
INF 2026-08-04T20:22:20.955Z > 200 GET /api/v1/ 273.61ms
INF 2026-08-04T20:22:20.955Z > 200 GET /api/v1/ 285.01ms
INF 2026-08-04T20:22:20.958Z > 200 GET /api/v1/ 255.09ms
INF 2026-08-04T20:22:20.959Z > 200 GET /api/v1/ 253.31ms
INF 2026-08-04T20:22:20.959Z > 200 GET /api/v1/ 18.08ms
INF 2026-08-04T20:22:20.959Z > 200 GET /api/v1/ 305.02ms
INF 2026-08-04T20:22:20.960Z > 200 GET /api/v1/ 252.4ms
INF 2026-08-04T20:22:20.962Z > 200 GET /api/v1/ 6.38ms
INF 2026-08-04T20:22:20.963Z > 200 GET /api/v1/ 245.4ms
INF 2026-08-04T20:22:20.963Z > 200 GET /api/v1/ 255.14ms
INF 2026-08-04T20:22:20.964Z > 200 GET /api/v1/ 249.22ms
INF 2026-08-04T20:22:20.964Z > 200 GET /api/v1/ 256.31ms
INF 2026-08-04T20:22:20.964Z > 200 GET /api/v1/ 11.61ms
INF 2026-08-04T20:22:20.965Z > 200 GET /api/v1/ 255.45ms
INF 2026-08-04T20:22:20.967Z > 200 GET /api/v1/ 247.98ms
INF 2026-08-04T20:22:20.968Z > 200 GET /api/v1/ 244.64ms
INF 2026-08-04T20:22:20.969Z > 200 GET /api/v1/ 245.47ms
INF 2026-08-04T20:22:20.970Z > 200 GET /api/v1/ 251.65ms
INF 2026-08-04T20:22:20.971Z > 200 GET /api/v1/ 245.33ms
INF 2026-08-04T20:22:20.973Z > 200 GET /api/v1/ 248.76ms
INF 2026-08-04T20:22:20.973Z > 200 GET /api/v1/ 245.23ms
INF 2026-08-04T20:22:20.974Z > 200 GET /api/v1/ 9.16ms
INF 2026-08-04T20:22:20.976Z > 200 GET /api/v1/ 251.49ms
INF 2026-08-04T20:22:20.984Z > 200 GET /api/v1/ 16.89ms
INF 2026-08-04T20:22:20.984Z > 200 GET /api/v1/ 251.3ms
INF 2026-08-04T20:22:20.989Z > 200 GET /api/v1/ 257.23ms
INF 2026-08-04T20:22:20.993Z > 200 GET /api/v1/ 259.96ms
INF 2026-08-04T20:22:20.996Z > 200 GET /api/v1/ 270.12ms
INF 2026-08-04T20:22:21.002Z > 200 GET /api/v1/ 256.0ms
INF 2026-08-04T20:22:21.005Z > 200 GET /api/v1/ 264.43ms
INF 2026-08-04T20:22:21.010Z > 200 GET /api/v1/ 268.02ms
INF 2026-08-04T20:22:21.011Z > 200 GET /api/v1/ 281.02ms
INF 2026-08-04T20:22:21.011Z > 200 GET /api/v1/ 278.08ms
INF 2026-08-04T20:22:21.011Z > 200 GET /api/v1/ 252.06ms
INF 2026-08-04T20:22:21.013Z > 200 GET /api/v1/ 272.32ms
INF 2026-08-04T20:22:21.013Z > 200 GET /api/v1/ 244.31ms
INF 2026-08-04T20:22:21.013Z > 200 GET /api/v1/ 267.63ms
INF 2026-08-04T20:22:21.014Z > 200 GET /api/v1/ 277.13ms
INF 2026-08-04T20:22:21.016Z > 200 GET /api/v1/ 32.07ms
INF 2026-08-04T20:22:21.017Z > 200 GET /api/v1/ 247.75ms
INF 2026-08-04T20:22:21.017Z > 200 GET /api/v1/ 244.05ms
INF 2026-08-04T20:22:21.022Z > 200 GET /api/v1/ 269.83ms
INF 2026-08-04T20:22:21.025Z > 200 GET /api/v1/ 208.15ms
INF 2026-08-04T20:22:21.030Z > 200 GET /api/v1/ 36.54ms
INF 2026-08-04T20:22:21.032Z > 200 GET /api/v1/ 35.41ms
INF 2026-08-04T20:22:21.032Z > 200 GET /api/v1/ 242.21ms
INF 2026-08-04T20:22:21.032Z > 200 GET /api/v1/ 217.48ms
INF 2026-08-04T20:22:21.033Z > 200 GET /api/v1/ 236.16ms
INF 2026-08-04T20:22:21.037Z > 200 GET /api/v1/ 35.48ms
INF 2026-08-04T20:22:21.041Z > 200 GET /api/v1/ 29.53ms
INF 2026-08-04T20:22:21.041Z > 200 GET /api/v1/ 255.09ms
INF 2026-08-04T20:22:21.041Z > 200 GET /api/v1/ 242.57ms
INF 2026-08-04T20:22:21.043Z > 200 GET /api/v1/ 38.07ms
INF 2026-08-04T20:22:21.043Z > 200 GET /api/v1/ 30.38ms
INF 2026-08-04T20:22:21.045Z > 200 GET /api/v1/ 31.67ms
INF 2026-08-04T20:22:21.045Z > 200 GET /api/v1/ 31.45ms
INF 2026-08-04T20:22:21.045Z > 200 GET /api/v1/ 29.31ms
INF 2026-08-04T20:22:21.046Z > 200 GET /api/v1/ 28.82ms
INF 2026-08-04T20:22:21.048Z > 200 GET /api/v1/ 249.79ms
INF 2026-08-04T20:22:21.053Z > 200 GET /api/v1/ 268.96ms
INF 2026-08-04T20:22:21.057Z > 200 GET /api/v1/ 34.86ms
INF 2026-08-04T20:22:21.058Z > 200 GET /api/v1/ 234.49ms
INF 2026-08-04T20:22:21.058Z > 200 GET /api/v1/ 237.77ms
INF 2026-08-04T20:22:21.060Z > 200 GET /api/v1/ 33.98ms
INF 2026-08-04T20:22:21.068Z > 200 GET /api/v1/ 35.56ms
INF 2026-08-04T20:22:21.069Z > 200 GET /api/v1/ 253.05ms
INF 2026-08-04T20:22:21.070Z > 200 GET /api/v1/ 225.65ms
INF 2026-08-04T20:22:21.072Z > 200 GET /api/v1/ 34.13ms
INF 2026-08-04T20:22:21.074Z > 200 GET /api/v1/ 251.47ms
INF 2026-08-04T20:22:21.075Z > 200 GET /api/v1/ 249.23ms
INF 2026-08-04T20:22:21.076Z > 200 GET /api/v1/ 34.51ms
INF 2026-08-04T20:22:21.076Z > 200 GET /api/v1/ 27.21ms
INF 2026-08-04T20:22:21.076Z > 200 GET /api/v1/ 273.69ms
INF 2026-08-04T20:22:21.079Z > 200 GET /api/v1/ 33.25ms
INF 2026-08-04T20:22:21.079Z > 200 GET /api/v1/ 33.69ms
INF 2026-08-04T20:22:21.081Z > 200 GET /api/v1/ 279.76ms
INF 2026-08-04T20:22:21.086Z > 200 GET /api/v1/ 298.59ms
INF 2026-08-04T20:22:21.089Z > 200 GET /api/v1/ 29.63ms
INF 2026-08-04T20:22:21.093Z > 200 GET /api/v1/ 248.65ms
INF 2026-08-04T20:22:21.094Z > 200 GET /api/v1/ 266.68ms
INF 2026-08-04T20:22:21.094Z > 200 GET /api/v1/ 263.87ms
INF 2026-08-04T20:22:21.095Z > 200 GET /api/v1/ 295.8ms
INF 2026-08-04T20:22:21.095Z > 200 GET /api/v1/ 37.74ms
INF 2026-08-04T20:22:21.096Z > 200 GET /api/v1/ 251.7ms
INF 2026-08-04T20:22:21.098Z > 200 GET /api/v1/ 22.83ms
INF 2026-08-04T20:22:21.098Z > 200 GET /api/v1/ 22.26ms
INF 2026-08-04T20:22:21.100Z > 200 GET /api/v1/ 24.14ms
INF 2026-08-04T20:22:21.100Z > 200 GET /api/v1/ 28.51ms
INF 2026-08-04T20:22:21.102Z > 200 GET /api/v1/ 291.48ms
INF 2026-08-04T20:22:21.102Z > 200 GET /api/v1/ 279.19ms
INF 2026-08-04T20:22:21.103Z > 200 GET /api/v1/ 24.27ms
INF 2026-08-04T20:22:21.104Z > 200 GET /api/v1/ 259.15ms
INF 2026-08-04T20:22:21.104Z > 200 GET /api/v1/ 23.38ms
INF 2026-08-04T20:22:21.105Z > 200 GET /api/v1/ 259.45ms
INF 2026-08-04T20:22:21.110Z > 200 GET /api/v1/ 264.77ms
INF 2026-08-04T20:22:21.110Z > 200 GET /api/v1/ 17.42ms
INF 2026-08-04T20:22:21.111Z > 200 GET /api/v1/ 17.27ms
INF 2026-08-04T20:22:21.112Z > 200 GET /api/v1/ 17.25ms
INF 2026-08-04T20:22:21.113Z > 200 GET /api/v1/ 17.58ms
INF 2026-08-04T20:22:21.113Z > 200 GET /api/v1/ 269.33ms
INF 2026-08-04T20:22:21.115Z > 200 GET /api/v1/ 14.21ms
INF 2026-08-04T20:22:21.115Z > 200 GET /api/v1/ 18.94ms
INF 2026-08-04T20:22:21.115Z > 200 GET /api/v1/ 13.34ms
INF 2026-08-04T20:22:21.115Z > 200 GET /api/v1/ 12.96ms
INF 2026-08-04T20:22:21.116Z > 200 GET /api/v1/ 17.62ms
INF 2026-08-04T20:22:21.116Z > 200 GET /api/v1/ 11.46ms
INF 2026-08-04T20:22:21.119Z > 200 GET /api/v1/ 14.89ms
INF 2026-08-04T20:22:21.120Z > 200 GET /api/v1/ 7.06ms
INF 2026-08-04T20:22:21.121Z > 200 GET /api/v1/ 5.82ms
INF 2026-08-04T20:22:21.121Z > 200 GET /api/v1/ 5.8ms
INF 2026-08-04T20:22:21.123Z > 200 GET /api/v1/ 6.75ms
INF 2026-08-04T20:22:21.133Z > 200 GET /api/v1/ 12.06ms
INF 2026-08-04T20:22:21.135Z > 200 GET /api/v1/ 12.93ms
INF 2026-08-04T20:22:21.156Z > 200 GET /api/v1/ 33.5ms
INF 2026-08-04T20:22:21.157Z > 200 GET /api/v1/ 24.58ms
INF 2026-08-04T20:22:21.160Z > 200 GET /api/v1/ 25.38ms
INF 2026-08-04T20:22:21.164Z > 200 GET /api/v1/ 311.69ms
INF 2026-08-04T20:22:21.164Z > 200 GET /api/v1/ 288.65ms
INF 2026-08-04T20:22:21.168Z > 200 GET /api/v1/ 302.67ms
INF 2026-08-04T20:22:21.168Z > 200 GET /api/v1/ 297.17ms
INF 2026-08-04T20:22:21.177Z > 200 GET /api/v1/ 19.71ms
INF 2026-08-04T20:22:21.178Z > 200 GET /api/v1/ 17.28ms
INF 2026-08-04T20:22:21.179Z > 200 GET /api/v1/ 306.58ms
INF 2026-08-04T20:22:21.184Z > 200 GET /api/v1/ 20.48ms
INF 2026-08-04T20:22:21.185Z > 200 GET /api/v1/ 303.53ms
INF 2026-08-04T20:22:21.186Z > 200 GET /api/v1/ 327.73ms
INF 2026-08-04T20:22:21.187Z > 200 GET /api/v1/ 314.83ms
INF 2026-08-04T20:22:21.187Z > 200 GET /api/v1/ 296.42ms
INF 2026-08-04T20:22:21.188Z > 200 GET /api/v1/ 19.78ms
INF 2026-08-04T20:22:21.189Z > 200 GET /api/v1/ 304.65ms
INF 2026-08-04T20:22:21.190Z > 200 GET /api/v1/ 21.11ms
INF 2026-08-04T20:22:21.190Z > 200 GET /api/v1/ 11.26ms
INF 2026-08-04T20:22:21.190Z > 200 GET /api/v1/ 310.28ms
INF 2026-08-04T20:22:21.191Z > 200 GET /api/v1/ 291.62ms
INF 2026-08-04T20:22:21.192Z > 200 GET /api/v1/ 14.91ms
INF 2026-08-04T20:22:21.194Z > 200 GET /api/v1/ 7.28ms
INF 2026-08-04T20:22:21.195Z > 200 GET /api/v1/ 299.88ms
INF 2026-08-04T20:22:21.198Z > 200 GET /api/v1/ 290.9ms
INF 2026-08-04T20:22:21.198Z > 200 GET /api/v1/ 302.84ms
INF 2026-08-04T20:22:21.198Z > 200 GET /api/v1/ 296.19ms
INF 2026-08-04T20:22:21.199Z > 200 GET /api/v1/ 300.04ms
INF 2026-08-04T20:22:21.200Z > 200 GET /api/v1/ 8.78ms
INF 2026-08-04T20:22:21.202Z > 200 GET /api/v1/ 299.05ms
INF 2026-08-04T20:22:21.203Z > 200 GET /api/v1/ 291.08ms
INF 2026-08-04T20:22:21.205Z > 200 GET /api/v1/ 276.9ms
INF 2026-08-04T20:22:21.207Z > 200 GET /api/v1/ 298.28ms
INF 2026-08-04T20:22:21.208Z > 200 GET /api/v1/ 274.71ms
INF 2026-08-04T20:22:21.208Z > 200 GET /api/v1/ 255.69ms
INF 2026-08-04T20:22:21.211Z > 200 GET /api/v1/ 265.76ms
INF 2026-08-04T20:22:21.211Z > 200 GET /api/v1/ 269.85ms
INF 2026-08-04T20:22:21.211Z > 200 GET /api/v1/ 277.69ms
INF 2026-08-04T20:22:21.220Z > 200 GET /api/v1/ 271.5ms
INF 2026-08-04T20:22:21.221Z > 200 GET /api/v1/ 265.55ms
INF 2026-08-04T20:22:21.221Z > 200 GET /api/v1/ 276.01ms
INF 2026-08-04T20:22:21.222Z > 200 GET /api/v1/ 268.41ms
INF 2026-08-04T20:22:21.224Z > 200 GET /api/v1/ 265.51ms
INF 2026-08-04T20:22:21.224Z > 200 GET /api/v1/ 270.45ms
INF 2026-08-04T20:22:21.227Z > 200 GET /api/v1/ 282.14ms
INF 2026-08-04T20:22:21.228Z > 200 GET /api/v1/ 267.82ms
INF 2026-08-04T20:22:21.228Z > 200 GET /api/v1/ 280.22ms
INF 2026-08-04T20:22:21.230Z > 200 GET /api/v1/ 275.91ms
INF 2026-08-04T20:22:21.232Z > 200 GET /api/v1/ 271.97ms
INF 2026-08-04T20:22:21.232Z > 200 GET /api/v1/ 278.14ms
INF 2026-08-04T20:22:21.232Z > 200 GET /api/v1/ 11.42ms
INF 2026-08-04T20:22:21.233Z > 200 GET /api/v1/ 270.16ms
INF 2026-08-04T20:22:21.233Z > 200 GET /api/v1/ 273.14ms
INF 2026-08-04T20:22:21.233Z > 200 GET /api/v1/ 272.8ms
INF 2026-08-04T20:22:21.234Z > 200 GET /api/v1/ 6.61ms
INF 2026-08-04T20:22:21.239Z > 200 GET /api/v1/ 10.09ms
INF 2026-08-04T20:22:21.252Z > 200 GET /api/v1/ 19.38ms
INF 2026-08-04T20:22:21.257Z > 200 GET /api/v1/ 294.04ms
INF 2026-08-04T20:22:21.260Z > 200 GET /api/v1/ 21.22ms
INF 2026-08-04T20:22:21.270Z > 200 GET /api/v1/ 305.54ms
INF 2026-08-04T20:22:21.274Z > 200 GET /api/v1/ 263.02ms
INF 2026-08-04T20:22:21.277Z > 200 GET /api/v1/ 260.38ms
INF 2026-08-04T20:22:21.280Z > 200 GET /api/v1/ 27.4ms
INF 2026-08-04T20:22:21.282Z > 200 GET /api/v1/ 49.04ms
INF 2026-08-04T20:22:21.283Z > 200 GET /api/v1/ 318.0ms
INF 2026-08-04T20:22:21.287Z > 200 GET /api/v1/ 241.83ms
INF 2026-08-04T20:22:21.287Z > 200 GET /api/v1/ 313.21ms
INF 2026-08-04T20:22:21.288Z > 200 GET /api/v1/ 255.34ms
INF 2026-08-04T20:22:21.289Z > 200 GET /api/v1/ 28.5ms
INF 2026-08-04T20:22:21.290Z > 200 GET /api/v1/ 278.88ms
INF 2026-08-04T20:22:21.296Z > 200 GET /api/v1/ 282.85ms
INF 2026-08-04T20:22:21.297Z > 200 GET /api/v1/ 264.53ms
INF 2026-08-04T20:22:21.303Z > 200 GET /api/v1/ 256.96ms
INF 2026-08-04T20:22:21.303Z > 200 GET /api/v1/ 318.26ms
INF 2026-08-04T20:22:21.309Z > 200 GET /api/v1/ 31.1ms
INF 2026-08-04T20:22:21.309Z > 200 GET /api/v1/ 346.55ms
INF 2026-08-04T20:22:21.316Z > 200 GET /api/v1/ 257.26ms
INF 2026-08-04T20:22:21.320Z > 200 GET /api/v1/ 351.25ms
INF 2026-08-04T20:22:21.330Z > 200 GET /api/v1/ 345.12ms
INF 2026-08-04T20:22:21.331Z > 200 GET /api/v1/ 43.47ms
INF 2026-08-04T20:22:21.331Z > 200 GET /api/v1/ 287.65ms
INF 2026-08-04T20:22:21.331Z > 200 GET /api/v1/ 273.74ms
INF 2026-08-04T20:22:21.332Z > 200 GET /api/v1/ 361.96ms
INF 2026-08-04T20:22:21.337Z > 200 GET /api/v1/ 347.19ms
INF 2026-08-04T20:22:21.342Z > 200 GET /api/v1/ 300.9ms
INF 2026-08-04T20:22:21.342Z > 200 GET /api/v1/ 368.33ms
INF 2026-08-04T20:22:21.344Z > 200 GET /api/v1/ 23.61ms
INF 2026-08-04T20:22:21.345Z > 200 GET /api/v1/ 315.12ms
INF 2026-08-04T20:22:21.346Z > 200 GET /api/v1/ 380.29ms
INF 2026-08-04T20:22:21.346Z > 200 GET /api/v1/ 335.2ms
INF 2026-08-04T20:22:21.346Z > 200 GET /api/v1/ 276.0ms
INF 2026-08-04T20:22:21.347Z > 200 GET /api/v1/ 293.28ms
INF 2026-08-04T20:22:21.347Z > 200 GET /api/v1/ 15.03ms
INF 2026-08-04T20:22:21.347Z > 200 GET /api/v1/ 314.88ms
INF 2026-08-04T20:22:21.347Z > 200 GET /api/v1/ 373.56ms
INF 2026-08-04T20:22:21.348Z > 200 GET /api/v1/ 273.81ms
INF 2026-08-04T20:22:21.348Z > 200 GET /api/v1/ 304.44ms
INF 2026-08-04T20:22:21.348Z > 200 GET /api/v1/ 16.59ms
INF 2026-08-04T20:22:21.350Z > 200 GET /api/v1/ 377.82ms
INF 2026-08-04T20:22:21.351Z > 200 GET /api/v1/ 274.88ms
INF 2026-08-04T20:22:21.353Z > 200 GET /api/v1/ 15.5ms
INF 2026-08-04T20:22:21.354Z > 200 GET /api/v1/ 11.66ms
INF 2026-08-04T20:22:21.354Z > 200 GET /api/v1/ 8.13ms
INF 2026-08-04T20:22:21.355Z > 200 GET /api/v1/ 8.67ms
INF 2026-08-04T20:22:21.355Z > 200 GET /api/v1/ 11.07ms
INF 2026-08-04T20:22:21.356Z > 200 GET /api/v1/ 8.55ms
INF 2026-08-04T20:22:21.356Z > 200 GET /api/v1/ 8.27ms
INF 2026-08-04T20:22:21.357Z > 200 GET /api/v1/ 7.6ms
INF 2026-08-04T20:22:21.358Z > 200 GET /api/v1/ 6.45ms
INF 2026-08-04T20:22:21.359Z > 200 GET /api/v1/ 78.74ms
INF 2026-08-04T20:22:21.359Z > 200 GET /api/v1/ 4.42ms
INF 2026-08-04T20:22:21.359Z > 200 GET /api/v1/ 71.72ms
INF 2026-08-04T20:22:21.360Z > 200 GET /api/v1/ 3.93ms
INF 2026-08-04T20:22:21.361Z > 200 GET /api/v1/ 290.8ms
INF 2026-08-04T20:22:21.361Z > 200 GET /api/v1/ 291.12ms
INF 2026-08-04T20:22:21.363Z > 200 GET /api/v1/ 3.16ms
INF 2026-08-04T20:22:21.363Z > 200 GET /api/v1/ 3.11ms
INF 2026-08-04T20:22:21.364Z > 200 GET /api/v1/ 393.06ms
INF 2026-08-04T20:22:21.364Z > 200 GET /api/v1/ 90.42ms
INF 2026-08-04T20:22:21.366Z > 200 GET /api/v1/ 62.8ms
INF 2026-08-04T20:22:21.366Z > 200 GET /api/v1/ 62.51ms
INF 2026-08-04T20:22:21.366Z > 200 GET /api/v1/ 324.81ms
INF 2026-08-04T20:22:21.367Z > 200 GET /api/v1/ 3.38ms
INF 2026-08-04T20:22:21.368Z > 200 GET /api/v1/ 84.94ms
INF 2026-08-04T20:22:21.368Z > 200 GET /api/v1/ 7.3ms
INF 2026-08-04T20:22:21.370Z > 200 GET /api/v1/ 5.02ms
INF 2026-08-04T20:22:21.379Z > 200 GET /api/v1/ 12.55ms
INF 2026-08-04T20:22:21.384Z > 200 GET /api/v1/ 5.29ms
INF 2026-08-04T20:22:21.387Z > 200 GET /api/v1/ 308.32ms
INF 2026-08-04T20:22:21.389Z > 200 GET /api/v1/ 4.42ms
INF 2026-08-04T20:22:21.396Z > 200 GET /api/v1/ 302.15ms
INF 2026-08-04T20:22:21.396Z > 200 GET /api/v1/ 28.45ms
INF 2026-08-04T20:22:21.398Z > 200 GET /api/v1/ 8.25ms
INF 2026-08-04T20:22:21.398Z > 200 GET /api/v1/ 287.96ms
INF 2026-08-04T20:22:21.398Z > 200 GET /api/v1/ 300.12ms
INF 2026-08-04T20:22:21.399Z > 200 GET /api/v1/ 284.2ms
INF 2026-08-04T20:22:21.403Z > 200 GET /api/v1/ 297.58ms
INF 2026-08-04T20:22:21.403Z > 200 GET /api/v1/ 303.02ms
INF 2026-08-04T20:22:21.404Z > 200 GET /api/v1/ 284.75ms
INF 2026-08-04T20:22:21.406Z > 200 GET /api/v1/ 295.16ms
INF 2026-08-04T20:22:21.406Z > 200 GET /api/v1/ 294.04ms
INF 2026-08-04T20:22:21.406Z > 200 GET /api/v1/ 221.46ms
INF 2026-08-04T20:22:21.406Z > 200 GET /api/v1/ 221.72ms
INF 2026-08-04T20:22:21.407Z > 200 GET /api/v1/ 290.89ms
INF 2026-08-04T20:22:21.408Z > 200 GET /api/v1/ 220.46ms
INF 2026-08-04T20:22:21.408Z > 200 GET /api/v1/ 251.3ms
INF 2026-08-04T20:22:21.409Z > 200 GET /api/v1/ 293.12ms
INF 2026-08-04T20:22:21.409Z > 200 GET /api/v1/ 322.82ms
INF 2026-08-04T20:22:21.409Z > 200 GET /api/v1/ 295.77ms
INF 2026-08-04T20:22:21.409Z > 200 GET /api/v1/ 305.76ms
INF 2026-08-04T20:22:21.410Z > 200 GET /api/v1/ 299.05ms
INF 2026-08-04T20:22:21.411Z > 200 GET /api/v1/ 219.91ms
INF 2026-08-04T20:22:21.413Z > 200 GET /api/v1/ 248.48ms
INF 2026-08-04T20:22:21.414Z > 200 GET /api/v1/ 324.04ms
INF 2026-08-04T20:22:21.414Z > 200 GET /api/v1/ 228.01ms
INF 2026-08-04T20:22:21.415Z > 200 GET /api/v1/ 220.09ms
INF 2026-08-04T20:22:21.416Z > 200 GET /api/v1/ 220.93ms
INF 2026-08-04T20:22:21.416Z > 200 GET /api/v1/ 228.03ms
INF 2026-08-04T20:22:21.417Z > 200 GET /api/v1/ 10.69ms
INF 2026-08-04T20:22:21.418Z > 200 GET /api/v1/ 297.11ms
INF 2026-08-04T20:22:21.418Z > 200 GET /api/v1/ 219.71ms
INF 2026-08-04T20:22:21.419Z > 200 GET /api/v1/ 228.07ms
INF 2026-08-04T20:22:21.419Z > 200 GET /api/v1/ 241.55ms
INF 2026-08-04T20:22:21.421Z > 200 GET /api/v1/ 11.59ms
INF 2026-08-04T20:22:21.421Z > 200 GET /api/v1/ 232.2ms
INF 2026-08-04T20:22:21.421Z > 200 GET /api/v1/ 10.73ms
INF 2026-08-04T20:22:21.430Z > 200 GET /api/v1/ 231.23ms
INF 2026-08-04T20:22:21.430Z > 200 GET /api/v1/ 237.6ms
INF 2026-08-04T20:22:21.431Z > 200 GET /api/v1/ 239.82ms
INF 2026-08-04T20:22:21.443Z > 200 GET /api/v1/ 239.74ms
INF 2026-08-04T20:22:21.451Z > 200 GET /api/v1/ 244.98ms
INF 2026-08-04T20:22:21.456Z > 200 GET /api/v1/ 37.52ms
INF 2026-08-04T20:22:21.459Z > 200 GET /api/v1/ 258.35ms
INF 2026-08-04T20:22:21.459Z > 200 GET /api/v1/ 256.42ms
INF 2026-08-04T20:22:21.459Z > 200 GET /api/v1/ 29.22ms
INF 2026-08-04T20:22:21.460Z > 200 GET /api/v1/ 251.33ms
INF 2026-08-04T20:22:21.460Z > 200 GET /api/v1/ 237.92ms
INF 2026-08-04T20:22:21.460Z > 200 GET /api/v1/ 239.47ms
INF 2026-08-04T20:22:21.460Z > 200 GET /api/v1/ 251.77ms
INF 2026-08-04T20:22:21.460Z > 200 GET /api/v1/ 253.07ms
INF 2026-08-04T20:22:21.461Z > 200 GET /api/v1/ 261.94ms
INF 2026-08-04T20:22:21.473Z > 200 GET /api/v1/ 22.07ms
INF 2026-08-04T20:22:21.473Z > 200 GET /api/v1/ 251.2ms
INF 2026-08-04T20:22:21.474Z > 200 GET /api/v1/ 253.04ms
INF 2026-08-04T20:22:21.474Z > 200 GET /api/v1/ 249.2ms
INF 2026-08-04T20:22:21.474Z > 200 GET /api/v1/ 251.63ms
INF 2026-08-04T20:22:21.477Z > 200 GET /api/v1/ 17.95ms
INF 2026-08-04T20:22:21.479Z > 200 GET /api/v1/ 18.91ms
INF 2026-08-04T20:22:21.479Z > 200 GET /api/v1/ 22.75ms
INF 2026-08-04T20:22:21.481Z > 200 GET /api/v1/ 223.49ms
INF 2026-08-04T20:22:21.481Z > 200 GET /api/v1/ 20.71ms
INF 2026-08-04T20:22:21.481Z > 200 GET /api/v1/ 37.73ms
INF 2026-08-04T20:22:21.482Z > 200 GET /api/v1/ 20.75ms
INF 2026-08-04T20:22:21.490Z > 200 GET /api/v1/ 219.23ms
INF 2026-08-04T20:22:21.490Z > 200 GET /api/v1/ 256.53ms
INF 2026-08-04T20:22:21.490Z > 200 GET /api/v1/ 255.96ms
INF 2026-08-04T20:22:21.491Z > 200 GET /api/v1/ 260.57ms
INF 2026-08-04T20:22:21.491Z > 200 GET /api/v1/ 208.85ms
INF 2026-08-04T20:22:21.492Z > 200 GET /api/v1/ 259.96ms
INF 2026-08-04T20:22:21.494Z > 200 GET /api/v1/ 266.01ms
INF 2026-08-04T20:22:21.495Z > 200 GET /api/v1/ 15.88ms
INF 2026-08-04T20:22:21.495Z > 200 GET /api/v1/ 272.63ms
INF 2026-08-04T20:22:21.496Z > 200 GET /api/v1/ 262.64ms
INF 2026-08-04T20:22:21.496Z > 200 GET /api/v1/ 22.45ms
INF 2026-08-04T20:22:21.497Z > 200 GET /api/v1/ 15.48ms
INF 2026-08-04T20:22:21.497Z > 200 GET /api/v1/ 15.45ms
INF 2026-08-04T20:22:21.497Z > 200 GET /api/v1/ 265.1ms
INF 2026-08-04T20:22:21.498Z > 200 GET /api/v1/ 20.8ms
INF 2026-08-04T20:22:21.498Z > 200 GET /api/v1/ 273.52ms
INF 2026-08-04T20:22:21.507Z > 200 GET /api/v1/ 17.45ms
INF 2026-08-04T20:22:21.508Z > 200 GET /api/v1/ 308.73ms
INF 2026-08-04T20:22:21.512Z > 200 GET /api/v1/ 19.21ms
INF 2026-08-04T20:22:21.516Z > 200 GET /api/v1/ 19.48ms
INF 2026-08-04T20:22:21.517Z > 200 GET /api/v1/ 21.55ms
INF 2026-08-04T20:22:21.522Z > 200 GET /api/v1/ 25.01ms
INF 2026-08-04T20:22:21.522Z > 200 GET /api/v1/ 24.56ms
INF 2026-08-04T20:22:21.527Z > 200 GET /api/v1/ 15.64ms
INF 2026-08-04T20:22:21.533Z > 200 GET /api/v1/ 244.92ms
INF 2026-08-04T20:22:21.534Z > 200 GET /api/v1/ 243.4ms
INF 2026-08-04T20:22:21.534Z > 200 GET /api/v1/ 17.35ms
INF 2026-08-04T20:22:21.535Z > 200 GET /api/v1/ 226.19ms
INF 2026-08-04T20:22:21.538Z > 200 GET /api/v1/ 15.27ms
INF 2026-08-04T20:22:21.539Z > 200 GET /api/v1/ 242.67ms
INF 2026-08-04T20:22:21.539Z > 200 GET /api/v1/ 250.48ms
INF 2026-08-04T20:22:21.542Z > 200 GET /api/v1/ 244.73ms
INF 2026-08-04T20:22:21.544Z > 200 GET /api/v1/ 234.6ms
INF 2026-08-04T20:22:21.548Z > 200 GET /api/v1/ 216.04ms
INF 2026-08-04T20:22:21.549Z > 200 GET /api/v1/ 15.9ms
INF 2026-08-04T20:22:21.550Z > 200 GET /api/v1/ 218.07ms
INF 2026-08-04T20:22:21.551Z > 200 GET /api/v1/ 234.75ms
INF 2026-08-04T20:22:21.552Z > 200 GET /api/v1/ 219.46ms
INF 2026-08-04T20:22:21.554Z > 200 GET /api/v1/ 18.4ms
INF 2026-08-04T20:22:21.558Z > 200 GET /api/v1/ 13.37ms
INF 2026-08-04T20:22:21.559Z > 200 GET /api/v1/ 216.0ms
INF 2026-08-04T20:22:21.564Z > 200 GET /api/v1/ 13.34ms
INF 2026-08-04T20:22:21.565Z > 200 GET /api/v1/ 12.97ms
INF 2026-08-04T20:22:21.565Z > 200 GET /api/v1/ 16.45ms
INF 2026-08-04T20:22:21.567Z > 200 GET /api/v1/ 13.4ms
INF 2026-08-04T20:22:21.572Z > 200 GET /api/v1/ 227.38ms
INF 2026-08-04T20:22:21.573Z > 200 GET /api/v1/ 226.38ms
INF 2026-08-04T20:22:21.573Z > 200 GET /api/v1/ 14.23ms
INF 2026-08-04T20:22:21.573Z > 200 GET /api/v1/ 154.28ms
INF 2026-08-04T20:22:21.579Z > 200 GET /api/v1/ 14.49ms
INF 2026-08-04T20:22:21.580Z > 200 GET /api/v1/ 14.36ms
INF 2026-08-04T20:22:21.584Z > 200 GET /api/v1/ 236.84ms
INF 2026-08-04T20:22:21.584Z > 200 GET /api/v1/ 235.83ms
INF 2026-08-04T20:22:21.584Z > 200 GET /api/v1/ 236.35ms
INF 2026-08-04T20:22:21.585Z > 200 GET /api/v1/ 11.71ms
INF 2026-08-04T20:22:21.585Z > 200 GET /api/v1/ 236.66ms
INF 2026-08-04T20:22:21.588Z > 200 GET /api/v1/ 239.7ms
INF 2026-08-04T20:22:21.588Z > 200 GET /api/v1/ 8.24ms
INF 2026-08-04T20:22:21.599Z > 200 GET /api/v1/ 244.43ms
INF 2026-08-04T20:22:21.599Z > 200 GET /api/v1/ 246.55ms
INF 2026-08-04T20:22:21.600Z > 200 GET /api/v1/ 15.46ms
INF 2026-08-04T20:22:21.601Z > 200 GET /api/v1/ 42.86ms
INF 2026-08-04T20:22:21.601Z > 200 GET /api/v1/ 246.06ms
INF 2026-08-04T20:22:21.606Z > 200 GET /api/v1/ 20.64ms
INF 2026-08-04T20:22:21.621Z > 200 GET /api/v1/ 15.57ms
INF 2026-08-04T20:22:21.623Z > 200 GET /api/v1/ 21.75ms
INF 2026-08-04T20:22:21.624Z > 200 GET /api/v1/ 266.01ms
INF 2026-08-04T20:22:21.624Z > 200 GET /api/v1/ 268.6ms
INF 2026-08-04T20:22:21.626Z > 200 GET /api/v1/ 266.07ms
INF 2026-08-04T20:22:21.626Z > 200 GET /api/v1/ 261.89ms
INF 2026-08-04T20:22:21.626Z > 200 GET /api/v1/ 265.29ms
INF 2026-08-04T20:22:21.627Z > 200 GET /api/v1/ 270.16ms
INF 2026-08-04T20:22:21.628Z > 200 GET /api/v1/ 270.72ms
INF 2026-08-04T20:22:21.629Z > 200 GET /api/v1/ 261.09ms
INF 2026-08-04T20:22:21.629Z > 200 GET /api/v1/ 269.92ms
INF 2026-08-04T20:22:21.630Z > 200 GET /api/v1/ 263.56ms
INF 2026-08-04T20:22:21.630Z > 200 GET /api/v1/ 263.74ms
INF 2026-08-04T20:22:21.631Z > 200 GET /api/v1/ 261.49ms
INF 2026-08-04T20:22:21.632Z > 200 GET /api/v1/ 269.0ms
INF 2026-08-04T20:22:21.632Z > 200 GET /api/v1/ 64.77ms
INF 2026-08-04T20:22:21.634Z > 200 GET /api/v1/ 265.72ms
INF 2026-08-04T20:22:21.636Z > 200 GET /api/v1/ 6.51ms
INF 2026-08-04T20:22:21.636Z > 200 GET /api/v1/ 239.0ms
INF 2026-08-04T20:22:21.636Z > 200 GET /api/v1/ 248.58ms
INF 2026-08-04T20:22:21.637Z > 200 GET /api/v1/ 239.71ms
INF 2026-08-04T20:22:21.638Z > 200 GET /api/v1/ 239.19ms
INF 2026-08-04T20:22:21.639Z > 200 GET /api/v1/ 240.45ms
INF 2026-08-04T20:22:21.642Z > 200 GET /api/v1/ 237.72ms
INF 2026-08-04T20:22:21.643Z > 200 GET /api/v1/ 6.21ms
INF 2026-08-04T20:22:21.643Z > 200 GET /api/v1/ 243.76ms
INF 2026-08-04T20:22:21.644Z > 200 GET /api/v1/ 245.25ms
INF 2026-08-04T20:22:21.644Z > 200 GET /api/v1/ 240.09ms
INF 2026-08-04T20:22:21.646Z > 200 GET /api/v1/ 239.33ms
INF 2026-08-04T20:22:21.647Z > 200 GET /api/v1/ 242.72ms
INF 2026-08-04T20:22:21.647Z > 200 GET /api/v1/ 240.15ms
INF 2026-08-04T20:22:21.649Z > 200 GET /api/v1/ 241.61ms
INF 2026-08-04T20:22:21.651Z > 200 GET /api/v1/ 6.68ms
INF 2026-08-04T20:22:21.652Z > 200 GET /api/v1/ 244.73ms
INF 2026-08-04T20:22:21.652Z > 200 GET /api/v1/ 242.28ms
INF 2026-08-04T20:22:21.652Z > 200 GET /api/v1/ 242.56ms
INF 2026-08-04T20:22:21.653Z > 200 GET /api/v1/ 242.91ms
INF 2026-08-04T20:22:21.662Z > 200 GET /api/v1/ 254.11ms
INF 2026-08-04T20:22:21.664Z > 200 GET /api/v1/ 256.19ms
INF 2026-08-04T20:22:21.675Z > 200 GET /api/v1/ 259.44ms
INF 2026-08-04T20:22:21.685Z > 200 GET /api/v1/ 268.17ms
INF 2026-08-04T20:22:21.686Z > 200 GET /api/v1/ 269.71ms
INF 2026-08-04T20:22:21.686Z > 200 GET /api/v1/ 272.29ms
INF 2026-08-04T20:22:21.687Z > 200 GET /api/v1/ 272.92ms
INF 2026-08-04T20:22:21.687Z > 200 GET /api/v1/ 272.52ms
INF 2026-08-04T20:22:21.687Z > 200 GET /api/v1/ 267.78ms
INF 2026-08-04T20:22:21.687Z > 200 GET /api/v1/ 269.3ms
INF 2026-08-04T20:22:21.690Z > 200 GET /api/v1/ 271.13ms
INF 2026-08-04T20:22:21.691Z > 200 GET /api/v1/ 280.47ms
INF 2026-08-04T20:22:21.699Z > 200 GET /api/v1/ 267.97ms
INF 2026-08-04T20:22:21.701Z > 200 GET /api/v1/ 226.89ms
INF 2026-08-04T20:22:21.705Z > 200 GET /api/v1/ 29.92ms
INF 2026-08-04T20:22:21.705Z > 200 GET /api/v1/ 223.49ms
INF 2026-08-04T20:22:21.707Z > 200 GET /api/v1/ 275.45ms
INF 2026-08-04T20:22:21.708Z > 200 GET /api/v1/ 216.68ms
INF 2026-08-04T20:22:21.714Z > 200 GET /api/v1/ 253.34ms
INF 2026-08-04T20:22:21.719Z > 200 GET /api/v1/ 32.36ms
INF 2026-08-04T20:22:21.721Z > 200 GET /api/v1/ 260.95ms
INF 2026-08-04T20:22:21.722Z > 200 GET /api/v1/ 31.71ms
INF 2026-08-04T20:22:21.722Z > 200 GET /api/v1/ 31.15ms
INF 2026-08-04T20:22:21.723Z > 200 GET /api/v1/ 35.81ms
INF 2026-08-04T20:22:21.724Z > 200 GET /api/v1/ 233.59ms
INF 2026-08-04T20:22:21.724Z > 200 GET /api/v1/ 37.22ms
INF 2026-08-04T20:22:21.728Z > 200 GET /api/v1/ 306.15ms
INF 2026-08-04T20:22:21.729Z > 200 GET /api/v1/ 256.23ms
INF 2026-08-04T20:22:21.731Z > 200 GET /api/v1/ 31.86ms
INF 2026-08-04T20:22:21.731Z > 200 GET /api/v1/ 249.66ms
INF 2026-08-04T20:22:21.733Z > 200 GET /api/v1/ 272.87ms
INF 2026-08-04T20:22:21.737Z > 200 GET /api/v1/ 31.96ms
INF 2026-08-04T20:22:21.738Z > 200 GET /api/v1/ 315.85ms
INF 2026-08-04T20:22:21.738Z > 200 GET /api/v1/ 247.51ms
INF 2026-08-04T20:22:21.738Z > 200 GET /api/v1/ 263.81ms
INF 2026-08-04T20:22:21.738Z > 200 GET /api/v1/ 31.7ms
INF 2026-08-04T20:22:21.740Z > 200 GET /api/v1/ 308.8ms
INF 2026-08-04T20:22:21.740Z > 200 GET /api/v1/ 260.8ms
INF 2026-08-04T20:22:21.741Z > 200 GET /api/v1/ 35.78ms
INF 2026-08-04T20:22:21.750Z > 200 GET /api/v1/ 289.36ms
INF 2026-08-04T20:22:21.751Z > 200 GET /api/v1/ 36.88ms
INF 2026-08-04T20:22:21.751Z > 200 GET /api/v1/ 254.35ms
INF 2026-08-04T20:22:21.751Z > 200 GET /api/v1/ 29.39ms
INF 2026-08-04T20:22:21.751Z > 200 GET /api/v1/ 28.66ms
INF 2026-08-04T20:22:21.752Z > 200 GET /api/v1/ 260.58ms
INF 2026-08-04T20:22:21.752Z > 200 GET /api/v1/ 277.52ms
INF 2026-08-04T20:22:21.762Z > 200 GET /api/v1/ 37.84ms
INF 2026-08-04T20:22:21.762Z > 200 GET /api/v1/ 264.51ms
INF 2026-08-04T20:22:21.762Z > 200 GET /api/v1/ 302.24ms
INF 2026-08-04T20:22:21.766Z > 200 GET /api/v1/ 272.01ms
INF 2026-08-04T20:22:21.767Z > 200 GET /api/v1/ 28.82ms
INF 2026-08-04T20:22:21.767Z > 200 GET /api/v1/ 42.74ms
INF 2026-08-04T20:22:21.767Z > 200 GET /api/v1/ 29.01ms
INF 2026-08-04T20:22:21.768Z > 200 GET /api/v1/ 27.65ms
INF 2026-08-04T20:22:21.768Z > 200 GET /api/v1/ 17.41ms
INF 2026-08-04T20:22:21.770Z > 200 GET /api/v1/ 18.5ms
INF 2026-08-04T20:22:21.771Z > 200 GET /api/v1/ 274.1ms
INF 2026-08-04T20:22:21.772Z > 200 GET /api/v1/ 273.54ms
INF 2026-08-04T20:22:21.776Z > 200 GET /api/v1/ 268.12ms
INF 2026-08-04T20:22:21.778Z > 200 GET /api/v1/ 262.13ms
INF 2026-08-04T20:22:21.780Z > 200 GET /api/v1/ 11.75ms
INF 2026-08-04T20:22:21.781Z > 200 GET /api/v1/ 13.65ms
INF 2026-08-04T20:22:21.784Z > 200 GET /api/v1/ 16.46ms
INF 2026-08-04T20:22:21.784Z > 200 GET /api/v1/ 13.66ms
INF 2026-08-04T20:22:21.785Z > 200 GET /api/v1/ 257.42ms
INF 2026-08-04T20:22:21.791Z > 200 GET /api/v1/ 257.22ms
INF 2026-08-04T20:22:21.793Z > 200 GET /api/v1/ 258.48ms
INF 2026-08-04T20:22:21.793Z > 200 GET /api/v1/ 11.71ms
INF 2026-08-04T20:22:21.793Z > 200 GET /api/v1/ 13.41ms
INF 2026-08-04T20:22:21.794Z > 200 GET /api/v1/ 10.34ms
INF 2026-08-04T20:22:21.796Z > 200 GET /api/v1/ 11.67ms
INF 2026-08-04T20:22:21.796Z > 200 GET /api/v1/ 10.91ms
INF 2026-08-04T20:22:21.801Z > 200 GET /api/v1/ 9.99ms
INF 2026-08-04T20:22:21.802Z > 200 GET /api/v1/ 262.29ms
INF 2026-08-04T20:22:21.802Z > 200 GET /api/v1/ 9.12ms
INF 2026-08-04T20:22:21.803Z > 200 GET /api/v1/ 9.64ms
INF 2026-08-04T20:22:21.806Z > 200 GET /api/v1/ 11.49ms
INF 2026-08-04T20:22:21.806Z > 200 GET /api/v1/ 266.9ms
INF 2026-08-04T20:22:21.807Z > 200 GET /api/v1/ 11.33ms
INF 2026-08-04T20:22:21.816Z > 200 GET /api/v1/ 14.04ms
INF 2026-08-04T20:22:21.820Z > 200 GET /api/v1/ 158.08ms
INF 2026-08-04T20:22:21.821Z > 200 GET /api/v1/ 167.62ms
INF 2026-08-04T20:22:21.827Z > 200 GET /api/v1/ 278.56ms
INF 2026-08-04T20:22:21.838Z > 200 GET /api/v1/ 152.82ms
INF 2026-08-04T20:22:21.838Z > 200 GET /api/v1/ 36.43ms
INF 2026-08-04T20:22:21.839Z > 200 GET /api/v1/ 32.63ms
INF 2026-08-04T20:22:21.839Z > 200 GET /api/v1/ 32.32ms
INF 2026-08-04T20:22:21.839Z > 200 GET /api/v1/ 31.35ms
INF 2026-08-04T20:22:21.839Z > 200 GET /api/v1/ 297.25ms
INF 2026-08-04T20:22:21.845Z > 200 GET /api/v1/ 322.29ms
INF 2026-08-04T20:22:21.845Z > 200 GET /api/v1/ 24.66ms
INF 2026-08-04T20:22:21.845Z > 200 GET /api/v1/ 24.52ms
INF 2026-08-04T20:22:21.846Z > 200 GET /api/v1/ 308.05ms
INF 2026-08-04T20:22:21.847Z > 200 GET /api/v1/ 351.84ms
INF 2026-08-04T20:22:21.848Z > 200 GET /api/v1/ 274.78ms
INF 2026-08-04T20:22:21.855Z > 200 GET /api/v1/ 347.46ms
INF 2026-08-04T20:22:21.860Z > 200 GET /api/v1/ 309.79ms
INF 2026-08-04T20:22:21.861Z > 200 GET /api/v1/ 286.92ms
INF 2026-08-04T20:22:21.863Z > 200 GET /api/v1/ 17.47ms
INF 2026-08-04T20:22:21.863Z > 200 GET /api/v1/ 290.03ms
INF 2026-08-04T20:22:21.863Z > 200 GET /api/v1/ 15.37ms
INF 2026-08-04T20:22:21.863Z > 200 GET /api/v1/ 278.56ms
INF 2026-08-04T20:22:21.864Z > 200 GET /api/v1/ 299.74ms
INF 2026-08-04T20:22:21.864Z > 200 GET /api/v1/ 60.81ms
INF 2026-08-04T20:22:21.865Z > 200 GET /api/v1/ 18.98ms
INF 2026-08-04T20:22:21.865Z > 200 GET /api/v1/ 285.66ms
INF 2026-08-04T20:22:21.866Z > 200 GET /api/v1/ 18.44ms
INF 2026-08-04T20:22:21.866Z > 200 GET /api/v1/ 280.95ms
INF 2026-08-04T20:22:21.869Z > 200 GET /api/v1/ 52.59ms
INF 2026-08-04T20:22:21.869Z > 200 GET /api/v1/ 8.67ms
INF 2026-08-04T20:22:21.870Z > 200 GET /api/v1/ 282.07ms
INF 2026-08-04T20:22:21.871Z > 200 GET /api/v1/ 286.59ms
INF 2026-08-04T20:22:21.872Z > 200 GET /api/v1/ 271.3ms
INF 2026-08-04T20:22:21.872Z > 200 GET /api/v1/ 284.32ms
INF 2026-08-04T20:22:21.873Z > 200 GET /api/v1/ 6.78ms
INF 2026-08-04T20:22:21.874Z > 200 GET /api/v1/ 251.29ms
INF 2026-08-04T20:22:21.874Z > 200 GET /api/v1/ 274.57ms
INF 2026-08-04T20:22:21.875Z > 200 GET /api/v1/ 274.88ms
INF 2026-08-04T20:22:21.875Z > 200 GET /api/v1/ 4.0ms
INF 2026-08-04T20:22:21.876Z > 200 GET /api/v1/ 276.36ms
INF 2026-08-04T20:22:21.877Z > 200 GET /api/v1/ 253.53ms
INF 2026-08-04T20:22:21.879Z > 200 GET /api/v1/ 39.61ms
INF 2026-08-04T20:22:21.879Z > 200 GET /api/v1/ 254.87ms
INF 2026-08-04T20:22:21.879Z > 200 GET /api/v1/ 253.27ms
INF 2026-08-04T20:22:21.880Z > 200 GET /api/v1/ 254.24ms
INF 2026-08-04T20:22:21.881Z > 200 GET /api/v1/ 254.61ms
INF 2026-08-04T20:22:21.882Z > 200 GET /api/v1/ 257.42ms
INF 2026-08-04T20:22:21.882Z > 200 GET /api/v1/ 18.07ms
INF 2026-08-04T20:22:21.891Z > 200 GET /api/v1/ 11.78ms
INF 2026-08-04T20:22:21.892Z > 200 GET /api/v1/ 264.77ms
INF 2026-08-04T20:22:21.896Z > 200 GET /api/v1/ 265.99ms
INF 2026-08-04T20:22:21.899Z > 200 GET /api/v1/ 268.79ms
INF 2026-08-04T20:22:21.900Z > 200 GET /api/v1/ 270.09ms
INF 2026-08-04T20:22:21.901Z > 200 GET /api/v1/ 268.2ms
INF 2026-08-04T20:22:21.901Z > 200 GET /api/v1/ 271.14ms
INF 2026-08-04T20:22:21.902Z > 200 GET /api/v1/ 269.75ms
INF 2026-08-04T20:22:21.903Z > 200 GET /api/v1/ 270.82ms
INF 2026-08-04T20:22:21.906Z > 200 GET /api/v1/ 4.13ms
INF 2026-08-04T20:22:21.909Z > 200 GET /api/v1/ 261.64ms
INF 2026-08-04T20:22:21.913Z > 200 GET /api/v1/ 271.27ms
INF 2026-08-04T20:22:21.916Z > 200 GET /api/v1/ 276.67ms
INF 2026-08-04T20:22:21.927Z > 200 GET /api/v1/ 283.22ms
INF 2026-08-04T20:22:21.935Z > 200 GET /api/v1/ 296.6ms
INF 2026-08-04T20:22:21.936Z > 200 GET /api/v1/ 289.11ms
INF 2026-08-04T20:22:21.937Z > 200 GET /api/v1/ 274.47ms
INF 2026-08-04T20:22:21.938Z > 200 GET /api/v1/ 250.86ms
INF 2026-08-04T20:22:21.939Z > 200 GET /api/v1/ 22.62ms
INF 2026-08-04T20:22:21.948Z > 200 GET /api/v1/ 226.31ms
INF 2026-08-04T20:22:21.948Z > 200 GET /api/v1/ 295.88ms
INF 2026-08-04T20:22:21.951Z > 200 GET /api/v1/ 249.66ms
INF 2026-08-04T20:22:21.951Z > 200 GET /api/v1/ 213.65ms
INF 2026-08-04T20:22:21.952Z > 200 GET /api/v1/ 232.56ms
INF 2026-08-04T20:22:21.962Z > 200 GET /api/v1/ 312.34ms
INF 2026-08-04T20:22:21.965Z > 200 GET /api/v1/ 26.76ms
INF 2026-08-04T20:22:21.969Z > 200 GET /api/v1/ 239.16ms
INF 2026-08-04T20:22:21.972Z > 200 GET /api/v1/ 328.72ms
INF 2026-08-04T20:22:21.973Z > 200 GET /api/v1/ 329.55ms
INF 2026-08-04T20:22:21.973Z > 200 GET /api/v1/ 320.38ms
INF 2026-08-04T20:22:21.974Z > 200 GET /api/v1/ 235.97ms
INF 2026-08-04T20:22:21.975Z > 200 GET /api/v1/ 26.59ms
INF 2026-08-04T20:22:21.976Z > 200 GET /api/v1/ 237.75ms
INF 2026-08-04T20:22:21.979Z > 200 GET /api/v1/ 291.83ms
INF 2026-08-04T20:22:21.989Z > 200 GET /api/v1/ 37.78ms
INF 2026-08-04T20:22:21.990Z > 200 GET /api/v1/ 262.08ms
INF 2026-08-04T20:22:21.990Z > 200 GET /api/v1/ 353.7ms
INF 2026-08-04T20:22:21.991Z > 200 GET /api/v1/ 325.67ms
INF 2026-08-04T20:22:21.991Z > 200 GET /api/v1/ 259.37ms
INF 2026-08-04T20:22:21.991Z > 200 GET /api/v1/ 250.8ms
INF 2026-08-04T20:22:21.991Z > 200 GET /api/v1/ 39.99ms
INF 2026-08-04T20:22:21.992Z > 200 GET /api/v1/ 344.45ms
INF 2026-08-04T20:22:21.992Z > 200 GET /api/v1/ 251.11ms
INF 2026-08-04T20:22:21.992Z > 200 GET /api/v1/ 78.78ms
INF 2026-08-04T20:22:21.992Z > 200 GET /api/v1/ 355.84ms
INF 2026-08-04T20:22:21.993Z > 200 GET /api/v1/ 341.7ms
INF 2026-08-04T20:22:21.993Z > 200 GET /api/v1/ 285.22ms
INF 2026-08-04T20:22:21.994Z > 200 GET /api/v1/ 260.09ms
INF 2026-08-04T20:22:21.994Z > 200 GET /api/v1/ 306.91ms
INF 2026-08-04T20:22:21.995Z > 200 GET /api/v1/ 263.49ms
INF 2026-08-04T20:22:21.998Z > 200 GET /api/v1/ 274.75ms
INF 2026-08-04T20:22:21.998Z > 200 GET /api/v1/ 246.65ms
INF 2026-08-04T20:22:22.000Z > 200 GET /api/v1/ 363.25ms
INF 2026-08-04T20:22:22.001Z > 200 GET /api/v1/ 32.54ms
INF 2026-08-04T20:22:22.006Z > 200 GET /api/v1/ 33.7ms
INF 2026-08-04T20:22:22.015Z > 200 GET /api/v1/ 35.82ms
INF 2026-08-04T20:22:22.015Z > 200 GET /api/v1/ 40.22ms
INF 2026-08-04T20:22:22.016Z > 200 GET /api/v1/ 41.18ms
INF 2026-08-04T20:22:22.018Z > 200 GET /api/v1/ 25.08ms
INF 2026-08-04T20:22:22.018Z > 200 GET /api/v1/ 24.89ms
INF 2026-08-04T20:22:22.020Z > 200 GET /api/v1/ 24.64ms
INF 2026-08-04T20:22:22.021Z > 200 GET /api/v1/ 27.66ms
INF 2026-08-04T20:22:22.023Z > 200 GET /api/v1/ 21.74ms
INF 2026-08-04T20:22:22.024Z > 200 GET /api/v1/ 24.2ms
INF 2026-08-04T20:22:22.025Z > 200 GET /api/v1/ 27.53ms
INF 2026-08-04T20:22:22.029Z > 200 GET /api/v1/ 277.14ms
INF 2026-08-04T20:22:22.032Z > 200 GET /api/v1/ 269.89ms
INF 2026-08-04T20:22:22.034Z > 200 GET /api/v1/ 15.51ms
INF 2026-08-04T20:22:22.034Z > 200 GET /api/v1/ 15.28ms
INF 2026-08-04T20:22:22.034Z > 200 GET /api/v1/ 18.75ms
INF 2026-08-04T20:22:22.034Z > 200 GET /api/v1/ 282.22ms
INF 2026-08-04T20:22:22.035Z > 200 GET /api/v1/ 272.91ms
INF 2026-08-04T20:22:22.035Z > 200 GET /api/v1/ 15.15ms
INF 2026-08-04T20:22:22.035Z > 200 GET /api/v1/ 284.22ms
INF 2026-08-04T20:22:22.038Z > 200 GET /api/v1/ 13.93ms
INF 2026-08-04T20:22:22.039Z > 200 GET /api/v1/ 15.52ms
INF 2026-08-04T20:22:22.040Z > 200 GET /api/v1/ 14.75ms
INF 2026-08-04T20:22:22.043Z > 200 GET /api/v1/ 275.74ms
INF 2026-08-04T20:22:22.050Z > 200 GET /api/v1/ 20.39ms
INF 2026-08-04T20:22:22.051Z > 200 GET /api/v1/ 17.07ms
INF 2026-08-04T20:22:22.053Z > 200 GET /api/v1/ 14.98ms
INF 2026-08-04T20:22:22.054Z > 200 GET /api/v1/ 10.81ms
INF 2026-08-04T20:22:22.055Z > 200 GET /api/v1/ 15.13ms
INF 2026-08-04T20:22:22.057Z > 200 GET /api/v1/ 6.61ms
INF 2026-08-04T20:22:22.057Z > 200 GET /api/v1/ 422.46ms
INF 2026-08-04T20:22:22.057Z > 200 GET /api/v1/ 289.03ms
INF 2026-08-04T20:22:22.073Z > 200 GET /api/v1/ 19.24ms
INF 2026-08-04T20:22:22.073Z > 200 GET /api/v1/ 302.02ms
INF 2026-08-04T20:22:22.076Z > 200 GET /api/v1/ 282.52ms
INF 2026-08-04T20:22:22.077Z > 200 GET /api/v1/ 324.62ms
INF 2026-08-04T20:22:22.077Z > 200 GET /api/v1/ 19.31ms
INF 2026-08-04T20:22:22.078Z > 200 GET /api/v1/ 311.67ms
INF 2026-08-04T20:22:22.078Z > 200 GET /api/v1/ 301.58ms
INF 2026-08-04T20:22:22.078Z > 200 GET /api/v1/ 281.81ms
INF 2026-08-04T20:22:22.078Z > 200 GET /api/v1/ 306.16ms
INF 2026-08-04T20:22:22.080Z > 200 GET /api/v1/ 277.87ms
INF 2026-08-04T20:22:22.080Z > 200 GET /api/v1/ 301.98ms
INF 2026-08-04T20:22:22.082Z > 200 GET /api/v1/ 242.28ms
INF 2026-08-04T20:22:22.082Z > 200 GET /api/v1/ 319.34ms
INF 2026-08-04T20:22:22.083Z > 200 GET /api/v1/ 243.22ms
INF 2026-08-04T20:22:22.083Z > 200 GET /api/v1/ 256.41ms
INF 2026-08-04T20:22:22.085Z > 200 GET /api/v1/ 245.2ms
INF 2026-08-04T20:22:22.086Z > 200 GET /api/v1/ 8.04ms
INF 2026-08-04T20:22:22.088Z > 200 GET /api/v1/ 9.97ms
INF 2026-08-04T20:22:22.089Z > 200 GET /api/v1/ 8.18ms
INF 2026-08-04T20:22:22.090Z > 200 GET /api/v1/ 217.11ms
INF 2026-08-04T20:22:22.090Z > 200 GET /api/v1/ 251.06ms
INF 2026-08-04T20:22:22.091Z > 200 GET /api/v1/ 226.09ms
INF 2026-08-04T20:22:22.092Z > 200 GET /api/v1/ 230.59ms
INF 2026-08-04T20:22:22.092Z > 200 GET /api/v1/ 227.73ms
INF 2026-08-04T20:22:22.092Z > 200 GET /api/v1/ 219.44ms
INF 2026-08-04T20:22:22.096Z > 200 GET /api/v1/ 232.01ms
INF 2026-08-04T20:22:22.097Z > 200 GET /api/v1/ 222.01ms
INF 2026-08-04T20:22:22.097Z > 200 GET /api/v1/ 6.64ms
INF 2026-08-04T20:22:22.098Z > 200 GET /api/v1/ 226.57ms
INF 2026-08-04T20:22:22.100Z > 200 GET /api/v1/ 7.32ms
INF 2026-08-04T20:22:22.101Z > 200 GET /api/v1/ 255.37ms
INF 2026-08-04T20:22:22.116Z > 200 GET /api/v1/ 238.62ms
INF 2026-08-04T20:22:22.122Z > 200 GET /api/v1/ 252.34ms
INF 2026-08-04T20:22:22.129Z > 200 GET /api/v1/ 252.76ms
INF 2026-08-04T20:22:22.130Z > 200 GET /api/v1/ 264.82ms
INF 2026-08-04T20:22:22.130Z > 200 GET /api/v1/ 32.06ms
INF 2026-08-04T20:22:22.131Z > 200 GET /api/v1/ 251.67ms
INF 2026-08-04T20:22:22.133Z > 200 GET /api/v1/ 288.17ms
INF 2026-08-04T20:22:22.145Z > 200 GET /api/v1/ 269.53ms
INF 2026-08-04T20:22:22.147Z > 200 GET /api/v1/ 307.38ms
INF 2026-08-04T20:22:22.149Z > 200 GET /api/v1/ 266.67ms
INF 2026-08-04T20:22:22.151Z > 200 GET /api/v1/ 251.42ms
INF 2026-08-04T20:22:22.151Z > 200 GET /api/v1/ 281.92ms
INF 2026-08-04T20:22:22.152Z > 200 GET /api/v1/ 255.7ms
INF 2026-08-04T20:22:22.153Z > 200 GET /api/v1/ 287.01ms
INF 2026-08-04T20:22:22.153Z > 200 GET /api/v1/ 272.45ms
INF 2026-08-04T20:22:22.153Z > 200 GET /api/v1/ 261.2ms
INF 2026-08-04T20:22:22.155Z > 200 GET /api/v1/ 262.73ms
INF 2026-08-04T20:22:22.155Z > 200 GET /api/v1/ 289.32ms
INF 2026-08-04T20:22:22.156Z > 200 GET /api/v1/ 291.38ms
INF 2026-08-04T20:22:22.156Z > 200 GET /api/v1/ 40.26ms
INF 2026-08-04T20:22:22.157Z > 200 GET /api/v1/ 291.3ms
INF 2026-08-04T20:22:22.158Z > 200 GET /api/v1/ 35.82ms
INF 2026-08-04T20:22:22.159Z > 200 GET /api/v1/ 279.92ms
INF 2026-08-04T20:22:22.160Z > 200 GET /api/v1/ 223.81ms
INF 2026-08-04T20:22:22.163Z > 200 GET /api/v1/ 225.44ms
INF 2026-08-04T20:22:22.171Z > 200 GET /api/v1/ 264.78ms
INF 2026-08-04T20:22:22.171Z > 200 GET /api/v1/ 296.29ms
INF 2026-08-04T20:22:22.172Z > 200 GET /api/v1/ 219.94ms
INF 2026-08-04T20:22:22.172Z > 200 GET /api/v1/ 289.92ms
INF 2026-08-04T20:22:22.173Z > 200 GET /api/v1/ 39.57ms
INF 2026-08-04T20:22:22.175Z > 200 GET /api/v1/ 265.99ms
INF 2026-08-04T20:22:22.175Z > 200 GET /api/v1/ 45.58ms
INF 2026-08-04T20:22:22.175Z > 200 GET /api/v1/ 247.8ms
INF 2026-08-04T20:22:22.176Z > 200 GET /api/v1/ 272.43ms
INF 2026-08-04T20:22:22.179Z > 200 GET /api/v1/ 323.59ms
INF 2026-08-04T20:22:22.184Z > 200 GET /api/v1/ 54.49ms
INF 2026-08-04T20:22:22.188Z > 200 GET /api/v1/ 32.6ms
INF 2026-08-04T20:22:22.189Z > 200 GET /api/v1/ 223.49ms
INF 2026-08-04T20:22:22.189Z > 200 GET /api/v1/ 33.05ms
INF 2026-08-04T20:22:22.193Z > 200 GET /api/v1/ 40.14ms
INF 2026-08-04T20:22:22.195Z > 200 GET /api/v1/ 319.72ms
INF 2026-08-04T20:22:22.195Z > 200 GET /api/v1/ 293.75ms
INF 2026-08-04T20:22:22.198Z > 200 GET /api/v1/ 316.7ms
INF 2026-08-04T20:22:22.199Z > 200 GET /api/v1/ 259.92ms
INF 2026-08-04T20:22:22.201Z > 200 GET /api/v1/ 266.45ms
INF 2026-08-04T20:22:22.202Z > 200 GET /api/v1/ 299.95ms
INF 2026-08-04T20:22:22.203Z > 200 GET /api/v1/ 301.15ms
INF 2026-08-04T20:22:22.207Z > 200 GET /api/v1/ 12.65ms
INF 2026-08-04T20:22:22.221Z > 200 GET /api/v1/ 244.06ms
INF 2026-08-04T20:22:22.221Z > 200 GET /api/v1/ 272.51ms
INF 2026-08-04T20:22:22.221Z > 200 GET /api/v1/ 248.02ms
INF 2026-08-04T20:22:22.221Z > 200 GET /api/v1/ 62.19ms
INF 2026-08-04T20:22:22.222Z > 200 GET /api/v1/ 66.64ms
INF 2026-08-04T20:22:22.222Z > 200 GET /api/v1/ 73.33ms
INF 2026-08-04T20:22:22.223Z > 200 GET /api/v1/ 349.39ms
INF 2026-08-04T20:22:22.224Z > 200 GET /api/v1/ 24.9ms
INF 2026-08-04T20:22:22.224Z > 200 GET /api/v1/ 262.02ms
INF 2026-08-04T20:22:22.230Z > 200 GET /api/v1/ 28.56ms
INF 2026-08-04T20:22:22.230Z > 200 GET /api/v1/ 27.57ms
INF 2026-08-04T20:22:22.231Z > 200 GET /api/v1/ 238.02ms
INF 2026-08-04T20:22:22.235Z > 200 GET /api/v1/ 241.71ms
INF 2026-08-04T20:22:22.237Z > 200 GET /api/v1/ 13.54ms
INF 2026-08-04T20:22:22.240Z > 200 GET /api/v1/ 15.42ms
INF 2026-08-04T20:22:22.246Z > 200 GET /api/v1/ 15.21ms
INF 2026-08-04T20:22:22.250Z > 200 GET /api/v1/ 256.99ms
INF 2026-08-04T20:22:22.250Z > 200 GET /api/v1/ 257.2ms
INF 2026-08-04T20:22:22.251Z > 200 GET /api/v1/ 20.39ms
INF 2026-08-04T20:22:22.251Z > 200 GET /api/v1/ 257.78ms
INF 2026-08-04T20:22:22.251Z > 200 GET /api/v1/ 13.76ms
INF 2026-08-04T20:22:22.252Z > 200 GET /api/v1/ 11.95ms
INF 2026-08-04T20:22:22.252Z > 200 GET /api/v1/ 80.39ms
INF 2026-08-04T20:22:22.253Z > 200 GET /api/v1/ 18.35ms
INF 2026-08-04T20:22:22.254Z > 200 GET /api/v1/ 260.95ms
INF 2026-08-04T20:22:22.255Z > 200 GET /api/v1/ 261.32ms
INF 2026-08-04T20:22:22.255Z > 200 GET /api/v1/ 281.92ms
INF 2026-08-04T20:22:22.256Z > 200 GET /api/v1/ 80.77ms
INF 2026-08-04T20:22:22.257Z > 200 GET /api/v1/ 105.97ms
INF 2026-08-04T20:22:22.257Z > 200 GET /api/v1/ 104.71ms
INF 2026-08-04T20:22:22.260Z > 200 GET /api/v1/ 267.1ms
INF 2026-08-04T20:22:22.261Z > 200 GET /api/v1/ 266.92ms
INF 2026-08-04T20:22:22.261Z > 200 GET /api/v1/ 85.71ms
INF 2026-08-04T20:22:22.262Z > 200 GET /api/v1/ 268.24ms
INF 2026-08-04T20:22:22.262Z > 200 GET /api/v1/ 263.98ms
INF 2026-08-04T20:22:22.262Z > 200 GET /api/v1/ 268.85ms
INF 2026-08-04T20:22:22.265Z > 200 GET /api/v1/ 270.89ms
INF 2026-08-04T20:22:22.266Z > 200 GET /api/v1/ 81.2ms
INF 2026-08-04T20:22:22.266Z > 200 GET /api/v1/ 86.58ms
INF 2026-08-04T20:22:22.266Z > 200 GET /api/v1/ 76.86ms
INF 2026-08-04T20:22:22.268Z > 200 GET /api/v1/ 261.63ms
INF 2026-08-04T20:22:22.268Z > 200 GET /api/v1/ 17.43ms
INF 2026-08-04T20:22:22.269Z > 200 GET /api/v1/ 11.97ms
INF 2026-08-04T20:22:22.269Z > 200 GET /api/v1/ 253.57ms
INF 2026-08-04T20:22:22.270Z > 200 GET /api/v1/ 248.73ms
INF 2026-08-04T20:22:22.272Z > 200 GET /api/v1/ 237.9ms
INF 2026-08-04T20:22:22.283Z > 200 GET /api/v1/ 21.09ms
INF 2026-08-04T20:22:22.284Z > 200 GET /api/v1/ 248.09ms
INF 2026-08-04T20:22:22.284Z > 200 GET /api/v1/ 250.1ms
INF 2026-08-04T20:22:22.285Z > 200 GET /api/v1/ 233.23ms
INF 2026-08-04T20:22:22.285Z > 200 GET /api/v1/ 245.81ms
INF 2026-08-04T20:22:22.286Z > 200 GET /api/v1/ 250.58ms
INF 2026-08-04T20:22:22.288Z > 200 GET /api/v1/ 272.58ms
INF 2026-08-04T20:22:22.289Z > 200 GET /api/v1/ 18.78ms
INF 2026-08-04T20:22:22.289Z > 200 GET /api/v1/ 19.68ms
INF 2026-08-04T20:22:22.291Z > 200 GET /api/v1/ 213.08ms
INF 2026-08-04T20:22:22.291Z > 200 GET /api/v1/ 212.4ms
INF 2026-08-04T20:22:22.292Z > 200 GET /api/v1/ 237.01ms
INF 2026-08-04T20:22:22.292Z > 200 GET /api/v1/ 256.55ms
INF 2026-08-04T20:22:22.293Z > 200 GET /api/v1/ 261.03ms
INF 2026-08-04T20:22:22.293Z > 200 GET /api/v1/ 220.11ms
INF 2026-08-04T20:22:22.294Z > 200 GET /api/v1/ 220.39ms
INF 2026-08-04T20:22:22.294Z > 200 GET /api/v1/ 259.5ms
INF 2026-08-04T20:22:22.294Z > 200 GET /api/v1/ 218.29ms
INF 2026-08-04T20:22:22.294Z > 200 GET /api/v1/ 217.4ms
INF 2026-08-04T20:22:22.295Z > 200 GET /api/v1/ 237.71ms
INF 2026-08-04T20:22:22.295Z > 200 GET /api/v1/ 239.42ms
INF 2026-08-04T20:22:22.295Z > 200 GET /api/v1/ 218.61ms
INF 2026-08-04T20:22:22.296Z > 200 GET /api/v1/ 213.12ms
INF 2026-08-04T20:22:22.297Z > 200 GET /api/v1/ 215.86ms
INF 2026-08-04T20:22:22.309Z > 200 GET /api/v1/ 24.2ms
INF 2026-08-04T20:22:22.312Z > 200 GET /api/v1/ 229.37ms
INF 2026-08-04T20:22:22.313Z > 200 GET /api/v1/ 231.0ms
INF 2026-08-04T20:22:22.315Z > 200 GET /api/v1/ 20.82ms
INF 2026-08-04T20:22:22.320Z > 200 GET /api/v1/ 229.58ms
INF 2026-08-04T20:22:22.321Z > 200 GET /api/v1/ 23.49ms
INF 2026-08-04T20:22:22.322Z > 200 GET /api/v1/ 233.22ms
INF 2026-08-04T20:22:22.325Z > 200 GET /api/v1/ 180.05ms
INF 2026-08-04T20:22:22.326Z > 200 GET /api/v1/ 194.1ms
INF 2026-08-04T20:22:22.326Z > 200 GET /api/v1/ 234.95ms
INF 2026-08-04T20:22:22.326Z > 200 GET /api/v1/ 268.92ms
INF 2026-08-04T20:22:22.327Z > 200 GET /api/v1/ 240.6ms
INF 2026-08-04T20:22:22.331Z > 200 GET /api/v1/ 220.28ms
INF 2026-08-04T20:22:22.332Z > 200 GET /api/v1/ 243.7ms
INF 2026-08-04T20:22:22.351Z > 200 GET /api/v1/ 251.4ms
INF 2026-08-04T20:22:22.352Z > 200 GET /api/v1/ 200.16ms
INF 2026-08-04T20:22:22.352Z > 200 GET /api/v1/ 29.97ms
INF 2026-08-04T20:22:22.353Z > 200 GET /api/v1/ 57.51ms
INF 2026-08-04T20:22:22.353Z > 200 GET /api/v1/ 59.03ms
INF 2026-08-04T20:22:22.354Z > 200 GET /api/v1/ 27.99ms
INF 2026-08-04T20:22:22.355Z > 200 GET /api/v1/ 271.38ms
INF 2026-08-04T20:22:22.355Z > 200 GET /api/v1/ 27.65ms
INF 2026-08-04T20:22:22.356Z > 200 GET /api/v1/ 258.22ms
INF 2026-08-04T20:22:22.359Z > 200 GET /api/v1/ 206.16ms
INF 2026-08-04T20:22:22.363Z > 200 GET /api/v1/ 265.67ms
INF 2026-08-04T20:22:22.363Z > 200 GET /api/v1/ 31.83ms
INF 2026-08-04T20:22:22.365Z > 200 GET /api/v1/ 32.65ms
INF 2026-08-04T20:22:22.366Z > 200 GET /api/v1/ 273.07ms
INF 2026-08-04T20:22:22.366Z > 200 GET /api/v1/ 273.37ms
INF 2026-08-04T20:22:22.371Z > 200 GET /api/v1/ 272.74ms
INF 2026-08-04T20:22:22.380Z > 200 GET /api/v1/ 250.26ms
INF 2026-08-04T20:22:22.384Z > 200 GET /api/v1/ 236.84ms
INF 2026-08-04T20:22:22.386Z > 200 GET /api/v1/ 30.75ms
INF 2026-08-04T20:22:22.387Z > 200 GET /api/v1/ 233.27ms
INF 2026-08-04T20:22:22.388Z > 200 GET /api/v1/ 231.73ms
INF 2026-08-04T20:22:22.388Z > 200 GET /api/v1/ 22.04ms
INF 2026-08-04T20:22:22.389Z > 200 GET /api/v1/ 25.94ms
INF 2026-08-04T20:22:22.390Z > 200 GET /api/v1/ 27.01ms
INF 2026-08-04T20:22:22.391Z > 200 GET /api/v1/ 305.26ms
INF 2026-08-04T20:22:22.393Z > 200 GET /api/v1/ 33.14ms
INF 2026-08-04T20:22:22.394Z > 200 GET /api/v1/ 23.53ms
INF 2026-08-04T20:22:22.396Z > 200 GET /api/v1/ 237.6ms
INF 2026-08-04T20:22:22.397Z > 200 GET /api/v1/ 224.88ms
INF 2026-08-04T20:22:22.397Z > 200 GET /api/v1/ 32.15ms
INF 2026-08-04T20:22:22.401Z > 200 GET /api/v1/ 229.04ms
INF 2026-08-04T20:22:22.403Z > 200 GET /api/v1/ 229.99ms
INF 2026-08-04T20:22:22.403Z > 200 GET /api/v1/ 229.38ms
INF 2026-08-04T20:22:22.405Z > 200 GET /api/v1/ 241.57ms
INF 2026-08-04T20:22:22.406Z > 200 GET /api/v1/ 245.81ms
INF 2026-08-04T20:22:22.406Z > 200 GET /api/v1/ 22.07ms
INF 2026-08-04T20:22:22.411Z > 200 GET /api/v1/ 235.82ms
INF 2026-08-04T20:22:22.412Z > 200 GET /api/v1/ 17.85ms
INF 2026-08-04T20:22:22.413Z > 200 GET /api/v1/ 16.87ms
INF 2026-08-04T20:22:22.413Z > 200 GET /api/v1/ 22.36ms
INF 2026-08-04T20:22:22.413Z > 200 GET /api/v1/ 16.76ms
INF 2026-08-04T20:22:22.417Z > 200 GET /api/v1/ 14.24ms
INF 2026-08-04T20:22:22.417Z > 200 GET /api/v1/ 228.81ms
INF 2026-08-04T20:22:22.417Z > 200 GET /api/v1/ 19.87ms
INF 2026-08-04T20:22:22.419Z > 200 GET /api/v1/ 17.61ms
INF 2026-08-04T20:22:22.419Z > 200 GET /api/v1/ 13.85ms
INF 2026-08-04T20:22:22.420Z > 200 GET /api/v1/ 230.88ms
INF 2026-08-04T20:22:22.421Z > 200 GET /api/v1/ 14.68ms
INF 2026-08-04T20:22:22.430Z > 200 GET /api/v1/ 23.85ms
INF 2026-08-04T20:22:22.430Z > 200 GET /api/v1/ 136.49ms
INF 2026-08-04T20:22:22.430Z > 200 GET /api/v1/ 134.42ms
INF 2026-08-04T20:22:22.434Z > 200 GET /api/v1/ 21.15ms
INF 2026-08-04T20:22:22.439Z > 200 GET /api/v1/ 25.08ms
INF 2026-08-04T20:22:22.445Z > 200 GET /api/v1/ 178.34ms
INF 2026-08-04T20:22:22.450Z > 200 GET /api/v1/ 140.87ms
INF 2026-08-04T20:22:22.454Z > 200 GET /api/v1/ 246.41ms
INF 2026-08-04T20:22:22.459Z > 200 GET /api/v1/ 143.88ms
INF 2026-08-04T20:22:22.459Z > 200 GET /api/v1/ 236.64ms
INF 2026-08-04T20:22:22.461Z > 200 GET /api/v1/ 237.88ms
INF 2026-08-04T20:22:22.463Z > 200 GET /api/v1/ 240.42ms
INF 2026-08-04T20:22:22.464Z > 200 GET /api/v1/ 287.74ms
INF 2026-08-04T20:22:22.466Z > 200 GET /api/v1/ 272.51ms
INF 2026-08-04T20:22:22.466Z > 200 GET /api/v1/ 243.33ms
INF 2026-08-04T20:22:22.467Z > 200 GET /api/v1/ 267.77ms
INF 2026-08-04T20:22:22.468Z > 200 GET /api/v1/ 244.9ms
INF 2026-08-04T20:22:22.470Z > 200 GET /api/v1/ 20.18ms
INF 2026-08-04T20:22:22.471Z > 200 GET /api/v1/ 248.11ms
INF 2026-08-04T20:22:22.473Z > 200 GET /api/v1/ 19.07ms
INF 2026-08-04T20:22:22.476Z > 200 GET /api/v1/ 14.58ms
INF 2026-08-04T20:22:22.476Z > 200 GET /api/v1/ 274.12ms
INF 2026-08-04T20:22:22.480Z > 200 GET /api/v1/ 15.9ms
INF 2026-08-04T20:22:22.481Z > 200 GET /api/v1/ 250.78ms
INF 2026-08-04T20:22:22.481Z > 200 GET /api/v1/ 14.85ms
INF 2026-08-04T20:22:22.482Z > 200 GET /api/v1/ 11.5ms
INF 2026-08-04T20:22:22.483Z > 200 GET /api/v1/ 9.67ms
INF 2026-08-04T20:22:22.484Z > 200 GET /api/v1/ 237.68ms
INF 2026-08-04T20:22:22.484Z > 200 GET /api/v1/ 8.37ms
INF 2026-08-04T20:22:22.489Z > 200 GET /api/v1/ 7.07ms
INF 2026-08-04T20:22:22.489Z > 200 GET /api/v1/ 6.12ms
INF 2026-08-04T20:22:22.490Z > 200 GET /api/v1/ 5.52ms
INF 2026-08-04T20:22:22.490Z > 200 GET /api/v1/ 333.12ms
INF 2026-08-04T20:22:22.491Z > 200 GET /api/v1/ 73.95ms
INF 2026-08-04T20:22:22.492Z > 200 GET /api/v1/ 62.17ms
INF 2026-08-04T20:22:22.492Z > 200 GET /api/v1/ 240.51ms
INF 2026-08-04T20:22:22.495Z > 200 GET /api/v1/ 242.86ms
INF 2026-08-04T20:22:22.496Z > 200 GET /api/v1/ 300.45ms
INF 2026-08-04T20:22:22.496Z > 200 GET /api/v1/ 244.43ms
INF 2026-08-04T20:22:22.498Z > 200 GET /api/v1/ 246.63ms
INF 2026-08-04T20:22:22.500Z > 200 GET /api/v1/ 245.28ms
INF 2026-08-04T20:22:22.511Z > 200 GET /api/v1/ 287.36ms
INF 2026-08-04T20:22:22.511Z > 200 GET /api/v1/ 259.35ms
INF 2026-08-04T20:22:22.511Z > 200 GET /api/v1/ 258.38ms
INF 2026-08-04T20:22:22.511Z > 200 GET /api/v1/ 254.28ms
INF 2026-08-04T20:22:22.512Z > 200 GET /api/v1/ 254.7ms
INF 2026-08-04T20:22:22.514Z > 200 GET /api/v1/ 22.16ms
INF 2026-08-04T20:22:22.517Z > 200 GET /api/v1/ 255.41ms
INF 2026-08-04T20:22:22.519Z > 200 GET /api/v1/ 263.24ms
INF 2026-08-04T20:22:22.519Z > 200 GET /api/v1/ 256.81ms
INF 2026-08-04T20:22:22.519Z > 200 GET /api/v1/ 262.01ms
INF 2026-08-04T20:22:22.520Z > 200 GET /api/v1/ 263.39ms
INF 2026-08-04T20:22:22.521Z > 200 GET /api/v1/ 7.1ms
INF 2026-08-04T20:22:22.522Z > 200 GET /api/v1/ 259.72ms
INF 2026-08-04T20:22:22.523Z > 200 GET /api/v1/ 261.05ms
INF 2026-08-04T20:22:22.525Z > 200 GET /api/v1/ 5.97ms
INF 2026-08-04T20:22:22.525Z > 200 GET /api/v1/ 12.99ms
INF 2026-08-04T20:22:22.527Z > 200 GET /api/v1/ 7.26ms
INF 2026-08-04T20:22:22.528Z > 200 GET /api/v1/ 3.5ms
INF 2026-08-04T20:22:22.529Z > 200 GET /api/v1/ 5.26ms
INF 2026-08-04T20:22:22.533Z > 200 GET /api/v1/ 3.92ms
INF 2026-08-04T20:22:22.533Z > 200 GET /api/v1/ 4.02ms
INF 2026-08-04T20:22:22.534Z > 200 GET /api/v1/ 267.06ms
INF 2026-08-04T20:22:22.534Z > 200 GET /api/v1/ 264.03ms
INF 2026-08-04T20:22:22.535Z > 200 GET /api/v1/ 240.69ms
INF 2026-08-04T20:22:22.535Z > 200 GET /api/v1/ 272.51ms
INF 2026-08-04T20:22:22.538Z > 200 GET /api/v1/ 4.81ms
INF 2026-08-04T20:22:22.545Z > 200 GET /api/v1/ 10.81ms
INF 2026-08-04T20:22:22.550Z > 200 GET /api/v1/ 283.42ms
INF 2026-08-04T20:22:22.551Z > 200 GET /api/v1/ 262.06ms
INF 2026-08-04T20:22:22.554Z > 200 GET /api/v1/ 264.93ms
INF 2026-08-04T20:22:22.557Z > 200 GET /api/v1/ 262.83ms
INF 2026-08-04T20:22:22.558Z > 200 GET /api/v1/ 231.64ms
INF 2026-08-04T20:22:22.560Z > 200 GET /api/v1/ 233.63ms
INF 2026-08-04T20:22:22.562Z > 200 GET /api/v1/ 267.06ms
INF 2026-08-04T20:22:22.562Z > 200 GET /api/v1/ 24.35ms
INF 2026-08-04T20:22:22.564Z > 200 GET /api/v1/ 237.58ms
INF 2026-08-04T20:22:22.564Z > 200 GET /api/v1/ 280.11ms
INF 2026-08-04T20:22:22.565Z > 200 GET /api/v1/ 271.88ms
INF 2026-08-04T20:22:22.566Z > 200 GET /api/v1/ 271.34ms
INF 2026-08-04T20:22:22.572Z > 200 GET /api/v1/ 286.45ms
INF 2026-08-04T20:22:22.582Z > 200 GET /api/v1/ 309.29ms
INF 2026-08-04T20:22:22.583Z > 200 GET /api/v1/ 229.5ms
INF 2026-08-04T20:22:22.583Z > 200 GET /api/v1/ 291.35ms
INF 2026-08-04T20:22:22.584Z > 200 GET /api/v1/ 313.45ms
INF 2026-08-04T20:22:22.584Z > 200 GET /api/v1/ 298.95ms
INF 2026-08-04T20:22:22.585Z > 200 GET /api/v1/ 264.13ms
INF 2026-08-04T20:22:22.586Z > 200 GET /api/v1/ 318.84ms
INF 2026-08-04T20:22:22.590Z > 200 GET /api/v1/ 303.51ms
INF 2026-08-04T20:22:22.592Z > 200 GET /api/v1/ 238.67ms
INF 2026-08-04T20:22:22.593Z > 200 GET /api/v1/ 239.15ms
INF 2026-08-04T20:22:22.593Z > 200 GET /api/v1/ 297.21ms
INF 2026-08-04T20:22:22.594Z > 200 GET /api/v1/ 272.81ms
INF 2026-08-04T20:22:22.595Z > 200 GET /api/v1/ 304.07ms
INF 2026-08-04T20:22:22.597Z > 200 GET /api/v1/ 31.39ms
INF 2026-08-04T20:22:22.601Z > 200 GET /api/v1/ 247.22ms
INF 2026-08-04T20:22:22.602Z > 200 GET /api/v1/ 288.81ms
INF 2026-08-04T20:22:22.603Z > 200 GET /api/v1/ 311.9ms
INF 2026-08-04T20:22:22.606Z > 200 GET /api/v1/ 22.21ms
INF 2026-08-04T20:22:22.606Z > 200 GET /api/v1/ 22.27ms
INF 2026-08-04T20:22:22.609Z > 200 GET /api/v1/ 37.11ms
INF 2026-08-04T20:22:22.609Z > 200 GET /api/v1/ 24.38ms
INF 2026-08-04T20:22:22.612Z > 200 GET /api/v1/ 21.44ms
INF 2026-08-04T20:22:22.613Z > 200 GET /api/v1/ 257.75ms
INF 2026-08-04T20:22:22.613Z > 200 GET /api/v1/ 259.06ms
INF 2026-08-04T20:22:22.615Z > 200 GET /api/v1/ 21.78ms
INF 2026-08-04T20:22:22.615Z > 200 GET /api/v1/ 20.85ms
INF 2026-08-04T20:22:22.617Z > 200 GET /api/v1/ 19.26ms
INF 2026-08-04T20:22:22.619Z > 200 GET /api/v1/ 252.99ms
INF 2026-08-04T20:22:22.624Z > 200 GET /api/v1/ 17.38ms
INF 2026-08-04T20:22:22.624Z > 200 GET /api/v1/ 18.3ms
INF 2026-08-04T20:22:22.624Z > 200 GET /api/v1/ 238.21ms
INF 2026-08-04T20:22:22.626Z > 200 GET /api/v1/ 238.53ms
INF 2026-08-04T20:22:22.626Z > 200 GET /api/v1/ 16.26ms
INF 2026-08-04T20:22:22.627Z > 200 GET /api/v1/ 15.28ms
INF 2026-08-04T20:22:22.627Z > 200 GET /api/v1/ 14.12ms
INF 2026-08-04T20:22:22.628Z > 200 GET /api/v1/ 240.1ms
INF 2026-08-04T20:22:22.630Z > 200 GET /api/v1/ 13.54ms
INF 2026-08-04T20:22:22.631Z > 200 GET /api/v1/ 7.47ms
INF 2026-08-04T20:22:22.635Z > 200 GET /api/v1/ 7.24ms
INF 2026-08-04T20:22:22.641Z > 200 GET /api/v1/ 10.35ms
INF 2026-08-04T20:22:22.644Z > 200 GET /api/v1/ 8.77ms
INF 2026-08-04T20:22:22.645Z > 200 GET /api/v1/ 252.19ms
INF 2026-08-04T20:22:22.652Z > 200 GET /api/v1/ 240.91ms
INF 2026-08-04T20:22:22.653Z > 200 GET /api/v1/ 9.32ms
INF 2026-08-04T20:22:22.655Z > 200 GET /api/v1/ 251.52ms
INF 2026-08-04T20:22:22.656Z > 200 GET /api/v1/ 10.56ms
INF 2026-08-04T20:22:22.656Z > 200 GET /api/v1/ 243.12ms
INF 2026-08-04T20:22:22.668Z > 200 GET /api/v1/ 356.24ms
INF 2026-08-04T20:22:22.668Z > 200 GET /api/v1/ 378.9ms
INF 2026-08-04T20:22:22.676Z > 200 GET /api/v1/ 22.46ms
INF 2026-08-04T20:22:22.676Z > 200 GET /api/v1/ 19.79ms
INF 2026-08-04T20:22:22.676Z > 200 GET /api/v1/ 21.62ms
INF 2026-08-04T20:22:22.677Z > 200 GET /api/v1/ 259.61ms
INF 2026-08-04T20:22:22.684Z > 200 GET /api/v1/ 414.13ms
INF 2026-08-04T20:22:22.685Z > 200 GET /api/v1/ 267.85ms
INF 2026-08-04T20:22:22.686Z > 200 GET /api/v1/ 134.62ms
INF 2026-08-04T20:22:22.686Z > 200 GET /api/v1/ 267.36ms
INF 2026-08-04T20:22:22.686Z > 200 GET /api/v1/ 330.08ms
INF 2026-08-04T20:22:22.687Z > 200 GET /api/v1/ 402.29ms
INF 2026-08-04T20:22:22.688Z > 200 GET /api/v1/ 11.23ms
INF 2026-08-04T20:22:22.689Z > 200 GET /api/v1/ 12.57ms
INF 2026-08-04T20:22:22.690Z > 200 GET /api/v1/ 258.98ms
INF 2026-08-04T20:22:22.691Z > 200 GET /api/v1/ 133.11ms
INF 2026-08-04T20:22:22.691Z > 200 GET /api/v1/ 260.24ms
INF 2026-08-04T20:22:22.692Z > 200 GET /api/v1/ 16.63ms
INF 2026-08-04T20:22:22.693Z > 200 GET /api/v1/ 258.9ms
INF 2026-08-04T20:22:22.695Z > 200 GET /api/v1/ 341.12ms
INF 2026-08-04T20:22:22.695Z > 200 GET /api/v1/ 274.85ms
INF 2026-08-04T20:22:22.696Z > 200 GET /api/v1/ 236.54ms
INF 2026-08-04T20:22:22.697Z > 200 GET /api/v1/ 251.67ms
INF 2026-08-04T20:22:22.699Z > 200 GET /api/v1/ 284.94ms
INF 2026-08-04T20:22:22.699Z > 200 GET /api/v1/ 235.26ms
INF 2026-08-04T20:22:22.701Z > 200 GET /api/v1/ 312.42ms
INF 2026-08-04T20:22:22.701Z > 200 GET /api/v1/ 241.39ms
INF 2026-08-04T20:22:22.701Z > 200 GET /api/v1/ 262.72ms
INF 2026-08-04T20:22:22.702Z > 200 GET /api/v1/ 311.36ms
INF 2026-08-04T20:22:22.702Z > 200 GET /api/v1/ 236.51ms
INF 2026-08-04T20:22:22.702Z > 200 GET /api/v1/ 313.73ms
INF 2026-08-04T20:22:22.703Z > 200 GET /api/v1/ 235.19ms
INF 2026-08-04T20:22:22.703Z > 200 GET /api/v1/ 284.56ms
INF 2026-08-04T20:22:22.704Z > 200 GET /api/v1/ 237.08ms
INF 2026-08-04T20:22:22.704Z > 200 GET /api/v1/ 273.21ms
INF 2026-08-04T20:22:22.705Z > 200 GET /api/v1/ 324.34ms
INF 2026-08-04T20:22:22.706Z > 200 GET /api/v1/ 143.91ms
INF 2026-08-04T20:22:22.707Z > 200 GET /api/v1/ 231.43ms
INF 2026-08-04T20:22:22.708Z > 200 GET /api/v1/ 236.92ms
INF 2026-08-04T20:22:22.711Z > 200 GET /api/v1/ 230.69ms
INF 2026-08-04T20:22:22.711Z > 200 GET /api/v1/ 229.12ms
INF 2026-08-04T20:22:22.720Z > 200 GET /api/v1/ 17.48ms
INF 2026-08-04T20:22:22.721Z > 200 GET /api/v1/ 238.92ms
INF 2026-08-04T20:22:22.721Z > 200 GET /api/v1/ 16.67ms
INF 2026-08-04T20:22:22.721Z > 200 GET /api/v1/ 30.11ms
INF 2026-08-04T20:22:22.722Z > 200 GET /api/v1/ 233.1ms
INF 2026-08-04T20:22:22.727Z > 200 GET /api/v1/ 23.36ms
INF 2026-08-04T20:22:22.727Z > 200 GET /api/v1/ 243.21ms
INF 2026-08-04T20:22:22.729Z > 200 GET /api/v1/ 239.37ms
INF 2026-08-04T20:22:22.731Z > 200 GET /api/v1/ 25.23ms
INF 2026-08-04T20:22:22.735Z > 200 GET /api/v1/ 244.6ms
INF 2026-08-04T20:22:22.737Z > 200 GET /api/v1/ 245.16ms
INF 2026-08-04T20:22:22.738Z > 200 GET /api/v1/ 248.26ms
INF 2026-08-04T20:22:22.742Z > 200 GET /api/v1/ 245.35ms
INF 2026-08-04T20:22:22.743Z > 200 GET /api/v1/ 242.35ms
INF 2026-08-04T20:22:22.743Z > 200 GET /api/v1/ 244.55ms
INF 2026-08-04T20:22:22.744Z > 200 GET /api/v1/ 231.3ms
INF 2026-08-04T20:22:22.744Z > 200 GET /api/v1/ 247.27ms
INF 2026-08-04T20:22:22.754Z > 200 GET /api/v1/ 258.95ms
INF 2026-08-04T20:22:22.754Z > 200 GET /api/v1/ 32.09ms
INF 2026-08-04T20:22:22.759Z > 200 GET /api/v1/ 246.87ms
INF 2026-08-04T20:22:22.765Z > 200 GET /api/v1/ 214.58ms
INF 2026-08-04T20:22:22.768Z > 200 GET /api/v1/ 241.21ms
INF 2026-08-04T20:22:22.771Z > 200 GET /api/v1/ 251.46ms
INF 2026-08-04T20:22:22.773Z > 200 GET /api/v1/ 30.86ms
INF 2026-08-04T20:22:22.774Z > 200 GET /api/v1/ 30.35ms
INF 2026-08-04T20:22:22.777Z > 200 GET /api/v1/ 38.47ms
INF 2026-08-04T20:22:22.778Z > 200 GET /api/v1/ 252.98ms
INF 2026-08-04T20:22:22.779Z > 200 GET /api/v1/ 266.79ms
INF 2026-08-04T20:22:22.780Z > 200 GET /api/v1/ 42.39ms
INF 2026-08-04T20:22:22.781Z > 200 GET /api/v1/ 246.58ms
INF 2026-08-04T20:22:22.781Z > 200 GET /api/v1/ 223.17ms
INF 2026-08-04T20:22:22.789Z > 200 GET /api/v1/ 224.51ms
INF 2026-08-04T20:22:22.790Z > 200 GET /api/v1/ 30.32ms
INF 2026-08-04T20:22:22.791Z > 200 GET /api/v1/ 255.66ms
INF 2026-08-04T20:22:22.791Z > 200 GET /api/v1/ 246.39ms
INF 2026-08-04T20:22:22.794Z > 200 GET /api/v1/ 209.92ms
INF 2026-08-04T20:22:22.797Z > 200 GET /api/v1/ 262.18ms
INF 2026-08-04T20:22:22.797Z > 200 GET /api/v1/ 275.62ms
INF 2026-08-04T20:22:22.798Z > 200 GET /api/v1/ 233.22ms
INF 2026-08-04T20:22:22.809Z > 200 GET /api/v1/ 222.94ms
INF 2026-08-04T20:22:22.809Z > 200 GET /api/v1/ 37.64ms
INF 2026-08-04T20:22:22.809Z > 200 GET /api/v1/ 34.92ms
INF 2026-08-04T20:22:22.809Z > 200 GET /api/v1/ 246.82ms
INF 2026-08-04T20:22:22.810Z > 200 GET /api/v1/ 33.3ms
INF 2026-08-04T20:22:22.810Z > 200 GET /api/v1/ 226.25ms
INF 2026-08-04T20:22:22.811Z > 200 GET /api/v1/ 32.99ms
INF 2026-08-04T20:22:22.812Z > 200 GET /api/v1/ 279.13ms
INF 2026-08-04T20:22:22.812Z > 200 GET /api/v1/ 32.65ms
INF 2026-08-04T20:22:22.813Z > 200 GET /api/v1/ 31.86ms
INF 2026-08-04T20:22:22.813Z > 200 GET /api/v1/ 300.48ms
INF 2026-08-04T20:22:22.813Z > 200 GET /api/v1/ 293.41ms
INF 2026-08-04T20:22:22.815Z > 200 GET /api/v1/ 33.76ms
INF 2026-08-04T20:22:22.815Z > 200 GET /api/v1/ 222.94ms
INF 2026-08-04T20:22:22.826Z > 200 GET /api/v1/ 241.73ms
INF 2026-08-04T20:22:22.826Z > 200 GET /api/v1/ 333.63ms
INF 2026-08-04T20:22:22.828Z > 200 GET /api/v1/ 268.14ms
INF 2026-08-04T20:22:22.828Z > 200 GET /api/v1/ 306.06ms
INF 2026-08-04T20:22:22.829Z > 200 GET /api/v1/ 107.14ms
INF 2026-08-04T20:22:22.830Z > 200 GET /api/v1/ 310.16ms
INF 2026-08-04T20:22:22.832Z > 200 GET /api/v1/ 229.44ms
INF 2026-08-04T20:22:22.834Z > 200 GET /api/v1/ 230.18ms
INF 2026-08-04T20:22:22.834Z > 200 GET /api/v1/ 238.39ms
INF 2026-08-04T20:22:22.834Z > 200 GET /api/v1/ 241.15ms
INF 2026-08-04T20:22:22.837Z > 200 GET /api/v1/ 227.61ms
INF 2026-08-04T20:22:22.838Z > 200 GET /api/v1/ 236.73ms
INF 2026-08-04T20:22:22.839Z > 200 GET /api/v1/ 12.75ms
INF 2026-08-04T20:22:22.840Z > 200 GET /api/v1/ 11.3ms
INF 2026-08-04T20:22:22.841Z > 200 GET /api/v1/ 10.57ms
INF 2026-08-04T20:22:22.841Z > 200 GET /api/v1/ 227.45ms
INF 2026-08-04T20:22:22.842Z > 200 GET /api/v1/ 7.58ms
INF 2026-08-04T20:22:22.843Z > 200 GET /api/v1/ 227.86ms
INF 2026-08-04T20:22:22.843Z > 200 GET /api/v1/ 5.62ms
INF 2026-08-04T20:22:22.846Z > 200 GET /api/v1/ 4.89ms
INF 2026-08-04T20:22:22.846Z > 200 GET /api/v1/ 4.51ms
INF 2026-08-04T20:22:22.847Z > 200 GET /api/v1/ 3.96ms
INF 2026-08-04T20:22:22.847Z > 200 GET /api/v1/ 3.78ms
INF 2026-08-04T20:22:22.850Z > 200 GET /api/v1/ 295.74ms
INF 2026-08-04T20:22:22.851Z > 200 GET /api/v1/ 3.05ms
INF 2026-08-04T20:22:22.851Z > 200 GET /api/v1/ 57.61ms
INF 2026-08-04T20:22:22.852Z > 200 GET /api/v1/ 54.0ms
INF 2026-08-04T20:22:22.852Z > 200 GET /api/v1/ 288.2ms
INF 2026-08-04T20:22:22.854Z > 200 GET /api/v1/ 41.52ms
INF 2026-08-04T20:22:22.854Z > 200 GET /api/v1/ 41.84ms
INF 2026-08-04T20:22:22.855Z > 200 GET /api/v1/ 39.51ms
INF 2026-08-04T20:22:22.855Z > 200 GET /api/v1/ 41.62ms
INF 2026-08-04T20:22:22.861Z > 200 GET /api/v1/ 6.56ms
INF 2026-08-04T20:22:22.870Z > 200 GET /api/v1/ 8.37ms
INF 2026-08-04T20:22:22.882Z > 200 GET /api/v1/ 266.71ms
INF 2026-08-04T20:22:22.895Z > 200 GET /api/v1/ 270.57ms
INF 2026-08-04T20:22:22.895Z > 200 GET /api/v1/ 269.41ms
INF 2026-08-04T20:22:22.896Z > 200 GET /api/v1/ 271.56ms
INF 2026-08-04T20:22:22.896Z > 200 GET /api/v1/ 270.02ms
INF 2026-08-04T20:22:22.900Z > 200 GET /api/v1/ 29.5ms
INF 2026-08-04T20:22:22.913Z > 200 GET /api/v1/ 281.5ms
INF 2026-08-04T20:22:22.913Z > 200 GET /api/v1/ 237.6ms
INF 2026-08-04T20:22:22.914Z > 200 GET /api/v1/ 261.15ms
INF 2026-08-04T20:22:22.914Z > 200 GET /api/v1/ 285.65ms
INF 2026-08-04T20:22:22.915Z > 200 GET /api/v1/ 18.87ms
INF 2026-08-04T20:22:22.915Z > 200 GET /api/v1/ 245.79ms
INF 2026-08-04T20:22:22.917Z > 200 GET /api/v1/ 17.09ms
INF 2026-08-04T20:22:22.918Z > 200 GET /api/v1/ 22.63ms
INF 2026-08-04T20:22:22.921Z > 200 GET /api/v1/ 251.95ms
INF 2026-08-04T20:22:22.924Z > 200 GET /api/v1/ 239.23ms
INF 2026-08-04T20:22:22.924Z > 200 GET /api/v1/ 283.37ms
INF 2026-08-04T20:22:22.925Z > 200 GET /api/v1/ 238.68ms
INF 2026-08-04T20:22:22.925Z > 200 GET /api/v1/ 71.44ms
INF 2026-08-04T20:22:22.926Z > 200 GET /api/v1/ 11.74ms
INF 2026-08-04T20:22:22.926Z > 200 GET /api/v1/ 239.28ms
INF 2026-08-04T20:22:22.926Z > 200 GET /api/v1/ 269.57ms
INF 2026-08-04T20:22:22.927Z > 200 GET /api/v1/ 9.7ms
INF 2026-08-04T20:22:22.928Z > 200 GET /api/v1/ 241.8ms
INF 2026-08-04T20:22:22.929Z > 200 GET /api/v1/ 10.55ms
INF 2026-08-04T20:22:22.929Z > 200 GET /api/v1/ 15.62ms
INF 2026-08-04T20:22:22.931Z > 200 GET /api/v1/ 16.07ms
INF 2026-08-04T20:22:22.932Z > 200 GET /api/v1/ 312.81ms
INF 2026-08-04T20:22:22.933Z > 200 GET /api/v1/ 11.89ms
INF 2026-08-04T20:22:22.935Z > 200 GET /api/v1/ 6.19ms
INF 2026-08-04T20:22:22.935Z > 200 GET /api/v1/ 245.27ms
INF 2026-08-04T20:22:22.936Z > 200 GET /api/v1/ 249.35ms
INF 2026-08-04T20:22:22.937Z > 200 GET /api/v1/ 242.96ms
INF 2026-08-04T20:22:22.938Z > 200 GET /api/v1/ 249.7ms
INF 2026-08-04T20:22:22.938Z > 200 GET /api/v1/ 245.09ms
INF 2026-08-04T20:22:22.938Z > 200 GET /api/v1/ 247.63ms
INF 2026-08-04T20:22:22.938Z > 200 GET /api/v1/ 248.33ms
INF 2026-08-04T20:22:22.939Z > 200 GET /api/v1/ 247.08ms
INF 2026-08-04T20:22:22.940Z > 200 GET /api/v1/ 4.16ms
INF 2026-08-04T20:22:22.942Z > 200 GET /api/v1/ 244.83ms
INF 2026-08-04T20:22:22.951Z > 200 GET /api/v1/ 13.03ms
INF 2026-08-04T20:22:22.952Z > 200 GET /api/v1/ 26.38ms
INF 2026-08-04T20:22:22.952Z > 200 GET /api/v1/ 13.2ms
INF 2026-08-04T20:22:22.952Z > 200 GET /api/v1/ 255.76ms
INF 2026-08-04T20:22:22.953Z > 200 GET /api/v1/ 325.34ms
INF 2026-08-04T20:22:22.953Z > 200 GET /api/v1/ 256.87ms
INF 2026-08-04T20:22:22.953Z > 200 GET /api/v1/ 250.7ms
INF 2026-08-04T20:22:22.955Z > 200 GET /api/v1/ 255.41ms
INF 2026-08-04T20:22:22.955Z > 200 GET /api/v1/ 259.53ms
INF 2026-08-04T20:22:22.957Z > 200 GET /api/v1/ 258.13ms
INF 2026-08-04T20:22:22.959Z > 200 GET /api/v1/ 20.95ms
INF 2026-08-04T20:22:22.961Z > 200 GET /api/v1/ 258.38ms
INF 2026-08-04T20:22:22.962Z > 200 GET /api/v1/ 258.77ms
INF 2026-08-04T20:22:22.963Z > 200 GET /api/v1/ 259.4ms
INF 2026-08-04T20:22:22.963Z > 200 GET /api/v1/ 9.8ms
INF 2026-08-04T20:22:22.968Z > 200 GET /api/v1/ 5.34ms
INF 2026-08-04T20:22:22.971Z > 200 GET /api/v1/ 7.83ms
INF 2026-08-04T20:22:22.977Z > 200 GET /api/v1/ 241.48ms
INF 2026-08-04T20:22:22.978Z > 200 GET /api/v1/ 235.2ms
INF 2026-08-04T20:22:22.985Z > 200 GET /api/v1/ 14.55ms
INF 2026-08-04T20:22:22.987Z > 200 GET /api/v1/ 282.95ms
INF 2026-08-04T20:22:22.990Z > 200 GET /api/v1/ 13.27ms
INF 2026-08-04T20:22:22.993Z > 200 GET /api/v1/ 195.04ms
INF 2026-08-04T20:22:22.994Z > 200 GET /api/v1/ 202.81ms
INF 2026-08-04T20:22:22.995Z > 200 GET /api/v1/ 16.58ms
INF 2026-08-04T20:22:22.996Z > 200 GET /api/v1/ 275.49ms
INF 2026-08-04T20:22:22.997Z > 200 GET /api/v1/ 242.26ms
INF 2026-08-04T20:22:23.002Z > 200 GET /api/v1/ 192.45ms
INF 2026-08-04T20:22:23.002Z > 200 GET /api/v1/ 190.73ms
INF 2026-08-04T20:22:23.004Z > 200 GET /api/v1/ 249.5ms
INF 2026-08-04T20:22:23.004Z > 200 GET /api/v1/ 18.73ms
INF 2026-08-04T20:22:23.007Z > 200 GET /api/v1/ 19.54ms
INF 2026-08-04T20:22:23.017Z > 200 GET /api/v1/ 26.42ms
INF 2026-08-04T20:22:23.019Z > 200 GET /api/v1/ 296.33ms
INF 2026-08-04T20:22:23.020Z > 200 GET /api/v1/ 24.65ms
INF 2026-08-04T20:22:23.022Z > 200 GET /api/v1/ 25.09ms
INF 2026-08-04T20:22:23.023Z > 200 GET /api/v1/ 233.01ms
INF 2026-08-04T20:22:23.023Z > 200 GET /api/v1/ 210.51ms
INF 2026-08-04T20:22:23.027Z > 200 GET /api/v1/ 213.47ms
INF 2026-08-04T20:22:23.028Z > 200 GET /api/v1/ 259.26ms
INF 2026-08-04T20:22:23.031Z > 200 GET /api/v1/ 303.17ms
INF 2026-08-04T20:22:23.031Z > 200 GET /api/v1/ 27.26ms
INF 2026-08-04T20:22:23.032Z > 200 GET /api/v1/ 258.31ms
INF 2026-08-04T20:22:23.042Z > 200 GET /api/v1/ 39.43ms
INF 2026-08-04T20:22:23.042Z > 200 GET /api/v1/ 34.66ms
INF 2026-08-04T20:22:23.042Z > 200 GET /api/v1/ 322.13ms
INF 2026-08-04T20:22:23.046Z > 200 GET /api/v1/ 301.89ms
INF 2026-08-04T20:22:23.046Z > 200 GET /api/v1/ 236.14ms
INF 2026-08-04T20:22:23.047Z > 200 GET /api/v1/ 236.15ms
INF 2026-08-04T20:22:23.048Z > 200 GET /api/v1/ 28.38ms
INF 2026-08-04T20:22:23.048Z > 200 GET /api/v1/ 29.34ms
INF 2026-08-04T20:22:23.049Z > 200 GET /api/v1/ 341.96ms
INF 2026-08-04T20:22:23.050Z > 200 GET /api/v1/ 342.09ms
INF 2026-08-04T20:22:23.054Z > 200 GET /api/v1/ 274.75ms
INF 2026-08-04T20:22:23.056Z > 200 GET /api/v1/ 351.45ms
INF 2026-08-04T20:22:23.067Z > 200 GET /api/v1/ 335.91ms
INF 2026-08-04T20:22:23.069Z > 200 GET /api/v1/ 303.71ms
INF 2026-08-04T20:22:23.069Z > 200 GET /api/v1/ 341.46ms
INF 2026-08-04T20:22:23.069Z > 200 GET /api/v1/ 259.68ms
INF 2026-08-04T20:22:23.070Z > 200 GET /api/v1/ 38.36ms
INF 2026-08-04T20:22:23.071Z > 200 GET /api/v1/ 272.8ms
INF 2026-08-04T20:22:23.071Z > 200 GET /api/v1/ 24.77ms
INF 2026-08-04T20:22:23.072Z > 200 GET /api/v1/ 368.17ms
INF 2026-08-04T20:22:23.072Z > 200 GET /api/v1/ 342.13ms
INF 2026-08-04T20:22:23.072Z > 200 GET /api/v1/ 349.75ms
INF 2026-08-04T20:22:23.073Z > 200 GET /api/v1/ 329.86ms
INF 2026-08-04T20:22:23.073Z > 200 GET /api/v1/ 351.05ms
INF 2026-08-04T20:22:23.074Z > 200 GET /api/v1/ 282.73ms
INF 2026-08-04T20:22:23.074Z > 200 GET /api/v1/ 264.15ms
INF 2026-08-04T20:22:23.076Z > 200 GET /api/v1/ 367.94ms
INF 2026-08-04T20:22:23.076Z > 200 GET /api/v1/ 247.39ms
INF 2026-08-04T20:22:23.076Z > 200 GET /api/v1/ 27.33ms
INF 2026-08-04T20:22:23.076Z > 200 GET /api/v1/ 25.75ms
INF 2026-08-04T20:22:23.078Z > 200 GET /api/v1/ 249.85ms
INF 2026-08-04T20:22:23.079Z > 200 GET /api/v1/ 289.78ms
INF 2026-08-04T20:22:23.085Z > 200 GET /api/v1/ 269.32ms
INF 2026-08-04T20:22:23.085Z > 200 GET /api/v1/ 274.65ms
INF 2026-08-04T20:22:23.085Z > 200 GET /api/v1/ 259.01ms
INF 2026-08-04T20:22:23.088Z > 200 GET /api/v1/ 16.97ms
INF 2026-08-04T20:22:23.090Z > 200 GET /api/v1/ 17.53ms
INF 2026-08-04T20:22:23.090Z > 200 GET /api/v1/ 17.31ms
INF 2026-08-04T20:22:23.090Z > 200 GET /api/v1/ 22.7ms
INF 2026-08-04T20:22:23.090Z > 200 GET /api/v1/ 16.9ms
INF 2026-08-04T20:22:23.091Z > 200 GET /api/v1/ 258.45ms
INF 2026-08-04T20:22:23.091Z > 200 GET /api/v1/ 21.34ms
INF 2026-08-04T20:22:23.091Z > 200 GET /api/v1/ 17.49ms
INF 2026-08-04T20:22:23.092Z > 200 GET /api/v1/ 15.2ms
INF 2026-08-04T20:22:23.092Z > 200 GET /api/v1/ 15.64ms
INF 2026-08-04T20:22:23.094Z > 200 GET /api/v1/ 14.75ms
INF 2026-08-04T20:22:23.103Z > 200 GET /api/v1/ 18.17ms
INF 2026-08-04T20:22:23.111Z > 200 GET /api/v1/ 276.91ms
INF 2026-08-04T20:22:23.111Z > 200 GET /api/v1/ 23.32ms
INF 2026-08-04T20:22:23.111Z > 200 GET /api/v1/ 20.8ms
INF 2026-08-04T20:22:23.115Z > 200 GET /api/v1/ 23.84ms
INF 2026-08-04T20:22:23.115Z > 200 GET /api/v1/ 23.7ms
INF 2026-08-04T20:22:23.116Z > 200 GET /api/v1/ 26.0ms
INF 2026-08-04T20:22:23.121Z > 200 GET /api/v1/ 4.93ms
INF 2026-08-04T20:22:23.122Z > 200 GET /api/v1/ 10.01ms
INF 2026-08-04T20:22:23.122Z > 200 GET /api/v1/ 5.22ms
INF 2026-08-04T20:22:23.122Z > 200 GET /api/v1/ 282.97ms
INF 2026-08-04T20:22:23.123Z > 200 GET /api/v1/ 272.47ms
INF 2026-08-04T20:22:23.123Z > 200 GET /api/v1/ 7.72ms
INF 2026-08-04T20:22:23.124Z > 200 GET /api/v1/ 289.51ms
INF 2026-08-04T20:22:23.125Z > 200 GET /api/v1/ 284.57ms
INF 2026-08-04T20:22:23.128Z > 200 GET /api/v1/ 281.29ms
INF 2026-08-04T20:22:23.128Z > 200 GET /api/v1/ 6.36ms
INF 2026-08-04T20:22:23.131Z > 200 GET /api/v1/ 285.42ms
INF 2026-08-04T20:22:23.132Z > 200 GET /api/v1/ 9.1ms
INF 2026-08-04T20:22:23.132Z > 200 GET /api/v1/ 295.47ms
INF 2026-08-04T20:22:23.133Z > 200 GET /api/v1/ 291.7ms
INF 2026-08-04T20:22:23.135Z > 200 GET /api/v1/ 288.08ms
INF 2026-08-04T20:22:23.136Z > 200 GET /api/v1/ 284.76ms
INF 2026-08-04T20:22:23.136Z > 200 GET /api/v1/ 281.5ms
INF 2026-08-04T20:22:23.139Z > 200 GET /api/v1/ 243.36ms
INF 2026-08-04T20:22:23.142Z > 200 GET /api/v1/ 9.54ms
INF 2026-08-04T20:22:23.143Z > 200 GET /api/v1/ 260.57ms
INF 2026-08-04T20:22:23.144Z > 200 GET /api/v1/ 11.41ms
INF 2026-08-04T20:22:23.144Z > 200 GET /api/v1/ 247.88ms
INF 2026-08-04T20:22:23.144Z > 200 GET /api/v1/ 218.07ms
INF 2026-08-04T20:22:23.145Z > 200 GET /api/v1/ 292.88ms
INF 2026-08-04T20:22:23.148Z > 200 GET /api/v1/ 297.21ms
INF 2026-08-04T20:22:23.148Z > 200 GET /api/v1/ 233.36ms
INF 2026-08-04T20:22:23.149Z > 200 GET /api/v1/ 293.66ms
INF 2026-08-04T20:22:23.156Z > 200 GET /api/v1/ 229.45ms
INF 2026-08-04T20:22:23.157Z > 200 GET /api/v1/ 229.99ms
INF 2026-08-04T20:22:23.157Z > 200 GET /api/v1/ 227.41ms
INF 2026-08-04T20:22:23.157Z > 200 GET /api/v1/ 12.24ms
INF 2026-08-04T20:22:23.157Z > 200 GET /api/v1/ 230.79ms
INF 2026-08-04T20:22:23.158Z > 200 GET /api/v1/ 228.44ms
INF 2026-08-04T20:22:23.167Z > 200 GET /api/v1/ 314.8ms
INF 2026-08-04T20:22:23.168Z > 200 GET /api/v1/ 242.17ms
INF 2026-08-04T20:22:23.169Z > 200 GET /api/v1/ 244.45ms
INF 2026-08-04T20:22:23.170Z > 200 GET /api/v1/ 237.27ms
INF 2026-08-04T20:22:23.171Z > 200 GET /api/v1/ 26.46ms
INF 2026-08-04T20:22:23.172Z > 200 GET /api/v1/ 242.9ms
INF 2026-08-04T20:22:23.176Z > 200 GET /api/v1/ 26.71ms
INF 2026-08-04T20:22:23.177Z > 200 GET /api/v1/ 263.29ms
INF 2026-08-04T20:22:23.180Z > 200 GET /api/v1/ 245.05ms
INF 2026-08-04T20:22:23.195Z > 200 GET /api/v1/ 280.65ms
INF 2026-08-04T20:22:23.201Z > 200 GET /api/v1/ 266.96ms
INF 2026-08-04T20:22:23.201Z > 200 GET /api/v1/ 43.01ms
INF 2026-08-04T20:22:23.204Z > 200 GET /api/v1/ 211.11ms
INF 2026-08-04T20:22:23.204Z > 200 GET /api/v1/ 242.96ms
INF 2026-08-04T20:22:23.204Z > 200 GET /api/v1/ 241.05ms
INF 2026-08-04T20:22:23.205Z > 200 GET /api/v1/ 249.72ms
INF 2026-08-04T20:22:23.205Z > 200 GET /api/v1/ 268.62ms
INF 2026-08-04T20:22:23.205Z > 200 GET /api/v1/ 250.22ms
INF 2026-08-04T20:22:23.205Z > 200 GET /api/v1/ 251.92ms
INF 2026-08-04T20:22:23.206Z > 200 GET /api/v1/ 252.74ms
INF 2026-08-04T20:22:23.206Z > 200 GET /api/v1/ 36.38ms
INF 2026-08-04T20:22:23.207Z > 200 GET /api/v1/ 274.77ms
INF 2026-08-04T20:22:23.208Z > 200 GET /api/v1/ 270.76ms
INF 2026-08-04T20:22:23.208Z > 200 GET /api/v1/ 269.5ms
INF 2026-08-04T20:22:23.208Z > 200 GET /api/v1/ 240.2ms
INF 2026-08-04T20:22:23.213Z > 200 GET /api/v1/ 210.67ms
INF 2026-08-04T20:22:23.213Z > 200 GET /api/v1/ 218.83ms
INF 2026-08-04T20:22:23.214Z > 200 GET /api/v1/ 260.74ms
INF 2026-08-04T20:22:23.218Z > 200 GET /api/v1/ 258.11ms
INF 2026-08-04T20:22:23.223Z > 200 GET /api/v1/ 199.51ms
INF 2026-08-04T20:22:23.224Z > 200 GET /api/v1/ 219.51ms
INF 2026-08-04T20:22:23.225Z > 200 GET /api/v1/ 29.79ms
INF 2026-08-04T20:22:23.231Z > 200 GET /api/v1/ 26.41ms
INF 2026-08-04T20:22:23.231Z > 200 GET /api/v1/ 25.6ms
INF 2026-08-04T20:22:23.232Z > 200 GET /api/v1/ 204.57ms
INF 2026-08-04T20:22:23.232Z > 200 GET /api/v1/ 25.71ms
INF 2026-08-04T20:22:23.232Z > 200 GET /api/v1/ 279.35ms
INF 2026-08-04T20:22:23.232Z > 200 GET /api/v1/ 290.08ms
INF 2026-08-04T20:22:23.232Z > 200 GET /api/v1/ 189.36ms
INF 2026-08-04T20:22:23.243Z > 200 GET /api/v1/ 214.74ms
INF 2026-08-04T20:22:23.243Z > 200 GET /api/v1/ 34.29ms
INF 2026-08-04T20:22:23.243Z > 200 GET /api/v1/ 302.68ms
INF 2026-08-04T20:22:23.243Z > 200 GET /api/v1/ 247.0ms
INF 2026-08-04T20:22:23.243Z > 200 GET /api/v1/ 38.11ms
INF 2026-08-04T20:22:23.244Z > 200 GET /api/v1/ 286.0ms
INF 2026-08-04T20:22:23.245Z > 200 GET /api/v1/ 77.54ms
INF 2026-08-04T20:22:23.245Z > 200 GET /api/v1/ 306.53ms
INF 2026-08-04T20:22:23.245Z > 200 GET /api/v1/ 31.58ms
INF 2026-08-04T20:22:23.246Z > 200 GET /api/v1/ 293.04ms
INF 2026-08-04T20:22:23.249Z > 200 GET /api/v1/ 25.52ms
INF 2026-08-04T20:22:23.249Z > 200 GET /api/v1/ 30.97ms
INF 2026-08-04T20:22:23.249Z > 200 GET /api/v1/ 24.77ms
INF 2026-08-04T20:22:23.252Z > 200 GET /api/v1/ 298.62ms
INF 2026-08-04T20:22:23.252Z > 200 GET /api/v1/ 230.06ms
INF 2026-08-04T20:22:23.255Z > 200 GET /api/v1/ 223.43ms
INF 2026-08-04T20:22:23.261Z > 200 GET /api/v1/ 28.95ms
INF 2026-08-04T20:22:23.261Z > 200 GET /api/v1/ 237.75ms
INF 2026-08-04T20:22:23.261Z > 200 GET /api/v1/ 244.4ms
INF 2026-08-04T20:22:23.261Z > 200 GET /api/v1/ 229.51ms
INF 2026-08-04T20:22:23.262Z > 200 GET /api/v1/ 29.22ms
INF 2026-08-04T20:22:23.262Z > 200 GET /api/v1/ 29.67ms
INF 2026-08-04T20:22:23.262Z > 200 GET /api/v1/ 219.08ms
INF 2026-08-04T20:22:23.265Z > 200 GET /api/v1/ 19.06ms
INF 2026-08-04T20:22:23.268Z > 200 GET /api/v1/ 19.06ms
INF 2026-08-04T20:22:23.268Z > 200 GET /api/v1/ 19.48ms
INF 2026-08-04T20:22:23.274Z > 200 GET /api/v1/ 12.59ms
INF 2026-08-04T20:22:23.275Z > 200 GET /api/v1/ 13.49ms
INF 2026-08-04T20:22:23.276Z > 200 GET /api/v1/ 13.91ms
INF 2026-08-04T20:22:23.276Z > 200 GET /api/v1/ 13.72ms
INF 2026-08-04T20:22:23.281Z > 200 GET /api/v1/ 12.65ms
INF 2026-08-04T20:22:23.283Z > 200 GET /api/v1/ 9.16ms
INF 2026-08-04T20:22:23.284Z > 200 GET /api/v1/ 8.2ms
INF 2026-08-04T20:22:23.285Z > 200 GET /api/v1/ 9.28ms
INF 2026-08-04T20:22:23.291Z > 200 GET /api/v1/ 7.14ms
INF 2026-08-04T20:22:23.292Z > 200 GET /api/v1/ 6.82ms
INF 2026-08-04T20:22:23.296Z > 200 GET /api/v1/ 5.02ms
INF 2026-08-04T20:22:23.298Z > 200 GET /api/v1/ 5.69ms
INF 2026-08-04T20:22:23.301Z > 200 GET /api/v1/ 5.04ms
INF 2026-08-04T20:22:23.302Z > 200 GET /api/v1/ 3.76ms
INF 2026-08-04T20:22:23.308Z > 200 GET /api/v1/ 5.54ms
INF 2026-08-04T20:22:23.313Z > 200 GET /api/v1/ 4.79ms
INF 2026-08-04T20:22:23.319Z > 200 GET /api/v1/ 150.84ms
INF 2026-08-04T20:22:23.321Z > 200 GET /api/v1/ 163.86ms
INF 2026-08-04T20:22:23.322Z > 200 GET /api/v1/ 145.83ms
INF 2026-08-04T20:22:23.322Z > 200 GET /api/v1/ 144.5ms
INF 2026-08-04T20:22:23.322Z > 200 GET /api/v1/ 142.43ms
INF 2026-08-04T20:22:23.336Z > 200 GET /api/v1/ 290.22ms
INF 2026-08-04T20:22:23.337Z > 200 GET /api/v1/ 24.56ms
INF 2026-08-04T20:22:23.338Z > 200 GET /api/v1/ 291.22ms
INF 2026-08-04T20:22:23.339Z > 200 GET /api/v1/ 18.54ms
INF 2026-08-04T20:22:23.341Z > 200 GET /api/v1/ 270.81ms
INF 2026-08-04T20:22:23.344Z > 200 GET /api/v1/ 289.32ms
INF 2026-08-04T20:22:23.347Z > 200 GET /api/v1/ 298.33ms
INF 2026-08-04T20:22:23.347Z > 200 GET /api/v1/ 291.32ms
INF 2026-08-04T20:22:23.348Z > 200 GET /api/v1/ 273.62ms
INF 2026-08-04T20:22:23.348Z > 200 GET /api/v1/ 279.26ms
INF 2026-08-04T20:22:23.349Z > 200 GET /api/v1/ 263.43ms
INF 2026-08-04T20:22:23.349Z > 200 GET /api/v1/ 255.03ms
INF 2026-08-04T20:22:23.351Z > 200 GET /api/v1/ 281.86ms
INF 2026-08-04T20:22:23.360Z > 200 GET /api/v1/ 283.91ms
INF 2026-08-04T20:22:23.361Z > 200 GET /api/v1/ 257.18ms
INF 2026-08-04T20:22:23.361Z > 200 GET /api/v1/ 269.34ms
INF 2026-08-04T20:22:23.362Z > 200 GET /api/v1/ 288.71ms
INF 2026-08-04T20:22:23.362Z > 200 GET /api/v1/ 289.81ms
INF 2026-08-04T20:22:23.362Z > 200 GET /api/v1/ 22.66ms
INF 2026-08-04T20:22:23.362Z > 200 GET /api/v1/ 276.89ms
INF 2026-08-04T20:22:23.363Z > 200 GET /api/v1/ 273.17ms
INF 2026-08-04T20:22:23.363Z > 200 GET /api/v1/ 292.15ms
INF 2026-08-04T20:22:23.363Z > 200 GET /api/v1/ 272.1ms
INF 2026-08-04T20:22:23.364Z > 200 GET /api/v1/ 271.68ms
INF 2026-08-04T20:22:23.364Z > 200 GET /api/v1/ 25.58ms
INF 2026-08-04T20:22:23.364Z > 200 GET /api/v1/ 287.58ms
INF 2026-08-04T20:22:23.364Z > 200 GET /api/v1/ 321.19ms
INF 2026-08-04T20:22:23.365Z > 200 GET /api/v1/ 20.91ms
INF 2026-08-04T20:22:23.365Z > 200 GET /api/v1/ 17.57ms
INF 2026-08-04T20:22:23.365Z > 200 GET /api/v1/ 273.56ms
INF 2026-08-04T20:22:23.366Z > 200 GET /api/v1/ 316.83ms
INF 2026-08-04T20:22:23.366Z > 200 GET /api/v1/ 287.8ms
INF 2026-08-04T20:22:23.367Z > 200 GET /api/v1/ 255.02ms
INF 2026-08-04T20:22:23.367Z > 200 GET /api/v1/ 18.92ms
INF 2026-08-04T20:22:23.368Z > 200 GET /api/v1/ 256.05ms
INF 2026-08-04T20:22:23.368Z > 200 GET /api/v1/ 247.02ms
INF 2026-08-04T20:22:23.368Z > 200 GET /api/v1/ 19.16ms
INF 2026-08-04T20:22:23.373Z > 200 GET /api/v1/ 9.27ms
INF 2026-08-04T20:22:23.373Z > 200 GET /api/v1/ 249.17ms
INF 2026-08-04T20:22:23.373Z > 200 GET /api/v1/ 8.64ms
INF 2026-08-04T20:22:23.374Z > 200 GET /api/v1/ 11.23ms
INF 2026-08-04T20:22:23.374Z > 200 GET /api/v1/ 251.89ms
INF 2026-08-04T20:22:23.374Z > 200 GET /api/v1/ 9.22ms
INF 2026-08-04T20:22:23.383Z > 200 GET /api/v1/ 18.97ms
INF 2026-08-04T20:22:23.384Z > 200 GET /api/v1/ 18.27ms
INF 2026-08-04T20:22:23.384Z > 200 GET /api/v1/ 17.3ms
INF 2026-08-04T20:22:23.385Z > 200 GET /api/v1/ 23.27ms
INF 2026-08-04T20:22:23.385Z > 200 GET /api/v1/ 261.57ms
INF 2026-08-04T20:22:23.385Z > 200 GET /api/v1/ 262.84ms
INF 2026-08-04T20:22:23.387Z > 200 GET /api/v1/ 261.47ms
INF 2026-08-04T20:22:23.391Z > 200 GET /api/v1/ 22.79ms
INF 2026-08-04T20:22:23.391Z > 200 GET /api/v1/ 262.3ms
INF 2026-08-04T20:22:23.393Z > 200 GET /api/v1/ 55.69ms
INF 2026-08-04T20:22:23.395Z > 200 GET /api/v1/ 20.16ms
INF 2026-08-04T20:22:23.395Z > 200 GET /api/v1/ 266.18ms
INF 2026-08-04T20:22:23.395Z > 200 GET /api/v1/ 262.23ms
INF 2026-08-04T20:22:23.395Z > 200 GET /api/v1/ 262.79ms
INF 2026-08-04T20:22:23.397Z > 200 GET /api/v1/ 23.33ms
INF 2026-08-04T20:22:23.400Z > 200 GET /api/v1/ 264.32ms
INF 2026-08-04T20:22:23.401Z > 200 GET /api/v1/ 263.86ms
INF 2026-08-04T20:22:23.401Z > 200 GET /api/v1/ 257.28ms
INF 2026-08-04T20:22:23.402Z > 200 GET /api/v1/ 261.86ms
INF 2026-08-04T20:22:23.402Z > 200 GET /api/v1/ 265.66ms
INF 2026-08-04T20:22:23.403Z > 200 GET /api/v1/ 15.23ms
INF 2026-08-04T20:22:23.403Z > 200 GET /api/v1/ 19.57ms
INF 2026-08-04T20:22:23.407Z > 200 GET /api/v1/ 200.54ms
INF 2026-08-04T20:22:23.410Z > 200 GET /api/v1/ 6.55ms
INF 2026-08-04T20:22:23.415Z > 200 GET /api/v1/ 206.86ms
INF 2026-08-04T20:22:23.415Z > 200 GET /api/v1/ 206.28ms
INF 2026-08-04T20:22:23.416Z > 200 GET /api/v1/ 215.15ms
INF 2026-08-04T20:22:23.421Z > 200 GET /api/v1/ 214.62ms
INF 2026-08-04T20:22:23.429Z > 200 GET /api/v1/ 26.8ms
INF 2026-08-04T20:22:23.431Z > 200 GET /api/v1/ 273.02ms
INF 2026-08-04T20:22:23.434Z > 200 GET /api/v1/ 201.12ms
INF 2026-08-04T20:22:23.434Z > 200 GET /api/v1/ 262.89ms
INF 2026-08-04T20:22:23.436Z > 200 GET /api/v1/ 228.02ms
INF 2026-08-04T20:22:23.436Z > 200 GET /api/v1/ 191.01ms
INF 2026-08-04T20:22:23.438Z > 200 GET /api/v1/ 271.57ms
INF 2026-08-04T20:22:23.439Z > 200 GET /api/v1/ 224.98ms
INF 2026-08-04T20:22:23.439Z > 200 GET /api/v1/ 24.21ms
INF 2026-08-04T20:22:23.443Z > 200 GET /api/v1/ 193.48ms
INF 2026-08-04T20:22:23.443Z > 200 GET /api/v1/ 197.79ms
INF 2026-08-04T20:22:23.444Z > 200 GET /api/v1/ 238.56ms
INF 2026-08-04T20:22:23.444Z > 200 GET /api/v1/ 197.95ms
INF 2026-08-04T20:22:23.452Z > 200 GET /api/v1/ 246.16ms
INF 2026-08-04T20:22:23.453Z > 200 GET /api/v1/ 18.64ms
INF 2026-08-04T20:22:23.462Z > 200 GET /api/v1/ 216.74ms
INF 2026-08-04T20:22:23.465Z > 200 GET /api/v1/ 321.28ms
INF 2026-08-04T20:22:23.472Z > 200 GET /api/v1/ 27.97ms
INF 2026-08-04T20:22:23.476Z > 200 GET /api/v1/ 207.97ms
INF 2026-08-04T20:22:23.481Z > 200 GET /api/v1/ 229.13ms
INF 2026-08-04T20:22:23.490Z > 200 GET /api/v1/ 257.97ms
INF 2026-08-04T20:22:23.491Z > 200 GET /api/v1/ 258.18ms
INF 2026-08-04T20:22:23.493Z > 200 GET /api/v1/ 230.11ms
INF 2026-08-04T20:22:23.493Z > 200 GET /api/v1/ 323.08ms
INF 2026-08-04T20:22:23.493Z > 200 GET /api/v1/ 344.02ms
INF 2026-08-04T20:22:23.493Z > 200 GET /api/v1/ 326.33ms
INF 2026-08-04T20:22:23.494Z > 200 GET /api/v1/ 348.85ms
INF 2026-08-04T20:22:23.494Z > 200 GET /api/v1/ 269.02ms
INF 2026-08-04T20:22:23.494Z > 200 GET /api/v1/ 229.28ms
INF 2026-08-04T20:22:23.494Z > 200 GET /api/v1/ 288.49ms
INF 2026-08-04T20:22:23.494Z > 200 GET /api/v1/ 248.76ms
INF 2026-08-04T20:22:23.495Z > 200 GET /api/v1/ 249.75ms
INF 2026-08-04T20:22:23.495Z > 200 GET /api/v1/ 249.61ms
INF 2026-08-04T20:22:23.495Z > 200 GET /api/v1/ 29.95ms
INF 2026-08-04T20:22:23.496Z > 200 GET /api/v1/ 263.72ms
INF 2026-08-04T20:22:23.496Z > 200 GET /api/v1/ 233.96ms
INF 2026-08-04T20:22:23.497Z > 200 GET /api/v1/ 328.48ms
INF 2026-08-04T20:22:23.499Z > 200 GET /api/v1/ 223.16ms
INF 2026-08-04T20:22:23.499Z > 200 GET /api/v1/ 247.4ms
INF 2026-08-04T20:22:23.501Z > 200 GET /api/v1/ 328.52ms
INF 2026-08-04T20:22:23.504Z > 200 GET /api/v1/ 249.14ms
INF 2026-08-04T20:22:23.505Z > 200 GET /api/v1/ 303.82ms
INF 2026-08-04T20:22:23.506Z > 200 GET /api/v1/ 356.73ms
INF 2026-08-04T20:22:23.506Z > 200 GET /api/v1/ 261.32ms
INF 2026-08-04T20:22:23.506Z > 200 GET /api/v1/ 261.53ms
INF 2026-08-04T20:22:23.507Z > 200 GET /api/v1/ 361.8ms
INF 2026-08-04T20:22:23.511Z > 200 GET /api/v1/ 248.33ms
INF 2026-08-04T20:22:23.512Z > 200 GET /api/v1/ 18.45ms
INF 2026-08-04T20:22:23.512Z > 200 GET /api/v1/ 18.15ms
INF 2026-08-04T20:22:23.513Z > 200 GET /api/v1/ 17.99ms
INF 2026-08-04T20:22:23.513Z > 200 GET /api/v1/ 17.74ms
INF 2026-08-04T20:22:23.513Z > 200 GET /api/v1/ 16.95ms
INF 2026-08-04T20:22:23.514Z > 200 GET /api/v1/ 16.85ms
INF 2026-08-04T20:22:23.514Z > 200 GET /api/v1/ 19.53ms
INF 2026-08-04T20:22:23.516Z > 200 GET /api/v1/ 10.93ms
INF 2026-08-04T20:22:23.516Z > 200 GET /api/v1/ 16.98ms
INF 2026-08-04T20:22:23.517Z > 200 GET /api/v1/ 10.13ms
INF 2026-08-04T20:22:23.517Z > 200 GET /api/v1/ 12.54ms
INF 2026-08-04T20:22:23.517Z > 200 GET /api/v1/ 10.3ms
INF 2026-08-04T20:22:23.529Z > 200 GET /api/v1/ 16.71ms
INF 2026-08-04T20:22:23.530Z > 200 GET /api/v1/ 15.6ms
INF 2026-08-04T20:22:23.532Z > 200 GET /api/v1/ 18.76ms
INF 2026-08-04T20:22:23.535Z > 200 GET /api/v1/ 18.34ms
INF 2026-08-04T20:22:23.536Z > 200 GET /api/v1/ 19.1ms
INF 2026-08-04T20:22:23.538Z > 200 GET /api/v1/ 21.86ms
INF 2026-08-04T20:22:23.544Z > 200 GET /api/v1/ 11.77ms
INF 2026-08-04T20:22:23.547Z > 200 GET /api/v1/ 11.15ms
INF 2026-08-04T20:22:23.550Z > 200 GET /api/v1/ 212.34ms
INF 2026-08-04T20:22:23.557Z > 200 GET /api/v1/ 234.49ms
INF 2026-08-04T20:22:23.557Z > 200 GET /api/v1/ 275.93ms
INF 2026-08-04T20:22:23.557Z > 200 GET /api/v1/ 12.69ms
INF 2026-08-04T20:22:23.561Z > 200 GET /api/v1/ 31.78ms
INF 2026-08-04T20:22:23.562Z > 200 GET /api/v1/ 260.41ms
INF 2026-08-04T20:22:23.571Z > 200 GET /api/v1/ 141.42ms
INF 2026-08-04T20:22:23.571Z > 200 GET /api/v1/ 223.72ms
INF 2026-08-04T20:22:23.572Z > 200 GET /api/v1/ 252.61ms
INF 2026-08-04T20:22:23.573Z > 200 GET /api/v1/ 22.34ms
INF 2026-08-04T20:22:23.574Z > 200 GET /api/v1/ 360.13ms
INF 2026-08-04T20:22:23.576Z > 200 GET /api/v1/ 253.94ms
INF 2026-08-04T20:22:23.576Z > 200 GET /api/v1/ 224.85ms
INF 2026-08-04T20:22:23.577Z > 200 GET /api/v1/ 140.62ms
INF 2026-08-04T20:22:23.577Z > 200 GET /api/v1/ 15.7ms
INF 2026-08-04T20:22:23.578Z > 200 GET /api/v1/ 230.01ms
INF 2026-08-04T20:22:23.585Z > 200 GET /api/v1/ 146.36ms
INF 2026-08-04T20:22:23.586Z > 200 GET /api/v1/ 301.69ms
INF 2026-08-04T20:22:23.586Z > 200 GET /api/v1/ 14.78ms
INF 2026-08-04T20:22:23.588Z > 200 GET /api/v1/ 238.52ms
INF 2026-08-04T20:22:23.588Z > 200 GET /api/v1/ 15.35ms
INF 2026-08-04T20:22:23.588Z > 200 GET /api/v1/ 266.3ms
INF 2026-08-04T20:22:23.589Z > 200 GET /api/v1/ 14.56ms
INF 2026-08-04T20:22:23.589Z > 200 GET /api/v1/ 12.68ms
INF 2026-08-04T20:22:23.590Z > 200 GET /api/v1/ 225.35ms
INF 2026-08-04T20:22:23.592Z > 200 GET /api/v1/ 20.29ms
INF 2026-08-04T20:22:23.593Z > 200 GET /api/v1/ 227.82ms
INF 2026-08-04T20:22:23.593Z > 200 GET /api/v1/ 228.34ms
INF 2026-08-04T20:22:23.593Z > 200 GET /api/v1/ 229.33ms
INF 2026-08-04T20:22:23.596Z > 200 GET /api/v1/ 231.75ms
INF 2026-08-04T20:22:23.598Z > 200 GET /api/v1/ 9.36ms
INF 2026-08-04T20:22:23.598Z > 200 GET /api/v1/ 256.87ms
INF 2026-08-04T20:22:23.598Z > 200 GET /api/v1/ 9.44ms
INF 2026-08-04T20:22:23.599Z > 200 GET /api/v1/ 9.28ms
INF 2026-08-04T20:22:23.599Z > 200 GET /api/v1/ 6.48ms
INF 2026-08-04T20:22:23.609Z > 200 GET /api/v1/ 15.29ms
INF 2026-08-04T20:22:23.609Z > 200 GET /api/v1/ 12.94ms
INF 2026-08-04T20:22:23.613Z > 200 GET /api/v1/ 14.68ms
INF 2026-08-04T20:22:23.615Z > 200 GET /api/v1/ 15.61ms
INF 2026-08-04T20:22:23.621Z > 200 GET /api/v1/ 6.47ms
INF 2026-08-04T20:22:23.628Z > 200 GET /api/v1/ 253.37ms
INF 2026-08-04T20:22:23.629Z > 200 GET /api/v1/ 6.64ms
INF 2026-08-04T20:22:23.630Z > 200 GET /api/v1/ 261.1ms
INF 2026-08-04T20:22:23.633Z > 200 GET /api/v1/ 267.88ms
INF 2026-08-04T20:22:23.633Z > 200 GET /api/v1/ 249.39ms
INF 2026-08-04T20:22:23.634Z > 200 GET /api/v1/ 249.38ms
INF 2026-08-04T20:22:23.634Z > 200 GET /api/v1/ 248.2ms
INF 2026-08-04T20:22:23.635Z > 200 GET /api/v1/ 266.25ms
INF 2026-08-04T20:22:23.636Z > 200 GET /api/v1/ 270.63ms
INF 2026-08-04T20:22:23.636Z > 200 GET /api/v1/ 233.05ms
INF 2026-08-04T20:22:23.636Z > 200 GET /api/v1/ 269.04ms
INF 2026-08-04T20:22:23.636Z > 200 GET /api/v1/ 269.68ms
INF 2026-08-04T20:22:23.637Z > 200 GET /api/v1/ 270.43ms
INF 2026-08-04T20:22:23.641Z > 200 GET /api/v1/ 247.06ms
INF 2026-08-04T20:22:23.641Z > 200 GET /api/v1/ 255.51ms
INF 2026-08-04T20:22:23.643Z > 200 GET /api/v1/ 274.58ms
INF 2026-08-04T20:22:23.644Z > 200 GET /api/v1/ 278.07ms
INF 2026-08-04T20:22:23.645Z > 200 GET /api/v1/ 246.02ms
INF 2026-08-04T20:22:23.645Z > 200 GET /api/v1/ 259.39ms
INF 2026-08-04T20:22:23.645Z > 200 GET /api/v1/ 242.99ms
INF 2026-08-04T20:22:23.647Z > 200 GET /api/v1/ 11.37ms
INF 2026-08-04T20:22:23.648Z > 200 GET /api/v1/ 11.7ms
INF 2026-08-04T20:22:23.650Z > 200 GET /api/v1/ 235.06ms
INF 2026-08-04T20:22:23.651Z > 200 GET /api/v1/ 251.18ms
INF 2026-08-04T20:22:23.653Z > 200 GET /api/v1/ 286.87ms
INF 2026-08-04T20:22:23.653Z > 200 GET /api/v1/ 267.64ms
INF 2026-08-04T20:22:23.661Z > 200 GET /api/v1/ 244.19ms
INF 2026-08-04T20:22:23.664Z > 200 GET /api/v1/ 272.61ms
INF 2026-08-04T20:22:23.664Z > 200 GET /api/v1/ 278.15ms
INF 2026-08-04T20:22:23.664Z > 200 GET /api/v1/ 278.32ms
INF 2026-08-04T20:22:23.666Z > 200 GET /api/v1/ 22.29ms
INF 2026-08-04T20:22:23.668Z > 200 GET /api/v1/ 272.19ms
INF 2026-08-04T20:22:23.668Z > 200 GET /api/v1/ 237.29ms
INF 2026-08-04T20:22:23.668Z > 200 GET /api/v1/ 272.97ms
INF 2026-08-04T20:22:23.682Z > 200 GET /api/v1/ 291.3ms
INF 2026-08-04T20:22:23.682Z > 200 GET /api/v1/ 287.2ms
INF 2026-08-04T20:22:23.683Z > 200 GET /api/v1/ 239.84ms
INF 2026-08-04T20:22:23.685Z > 200 GET /api/v1/ 248.77ms
INF 2026-08-04T20:22:23.685Z > 200 GET /api/v1/ 194.21ms
INF 2026-08-04T20:22:23.687Z > 200 GET /api/v1/ 280.05ms
INF 2026-08-04T20:22:23.688Z > 200 GET /api/v1/ 249.7ms
INF 2026-08-04T20:22:23.689Z > 200 GET /api/v1/ 286.91ms
INF 2026-08-04T20:22:23.690Z > 200 GET /api/v1/ 280.13ms
INF 2026-08-04T20:22:23.697Z > 200 GET /api/v1/ 262.48ms
INF 2026-08-04T20:22:23.701Z > 200 GET /api/v1/ 208.19ms
INF 2026-08-04T20:22:23.703Z > 200 GET /api/v1/ 281.83ms
INF 2026-08-04T20:22:23.706Z > 200 GET /api/v1/ 214.87ms
INF 2026-08-04T20:22:23.707Z > 200 GET /api/v1/ 304.44ms
INF 2026-08-04T20:22:23.708Z > 200 GET /api/v1/ 231.1ms
INF 2026-08-04T20:22:23.708Z > 200 GET /api/v1/ 265.4ms
INF 2026-08-04T20:22:23.709Z > 200 GET /api/v1/ 213.99ms
INF 2026-08-04T20:22:23.711Z > 200 GET /api/v1/ 217.57ms
INF 2026-08-04T20:22:23.712Z > 200 GET /api/v1/ 249.51ms
INF 2026-08-04T20:22:23.712Z > 200 GET /api/v1/ 272.9ms
INF 2026-08-04T20:22:23.712Z > 200 GET /api/v1/ 44.11ms
INF 2026-08-04T20:22:23.712Z > 200 GET /api/v1/ 239.67ms
INF 2026-08-04T20:22:23.713Z > 200 GET /api/v1/ 260.08ms
INF 2026-08-04T20:22:23.714Z > 200 GET /api/v1/ 232.71ms
INF 2026-08-04T20:22:23.719Z > 200 GET /api/v1/ 224.07ms
INF 2026-08-04T20:22:23.719Z > 200 GET /api/v1/ 266.35ms
INF 2026-08-04T20:22:23.720Z > 200 GET /api/v1/ 22.95ms
INF 2026-08-04T20:22:23.721Z > 200 GET /api/v1/ 276.54ms
INF 2026-08-04T20:22:23.722Z > 200 GET /api/v1/ 18.88ms
INF 2026-08-04T20:22:23.723Z > 200 GET /api/v1/ 17.18ms
INF 2026-08-04T20:22:23.723Z > 200 GET /api/v1/ 15.93ms
INF 2026-08-04T20:22:23.724Z > 200 GET /api/v1/ 15.18ms
INF 2026-08-04T20:22:23.724Z > 200 GET /api/v1/ 228.95ms
INF 2026-08-04T20:22:23.724Z > 200 GET /api/v1/ 15.21ms
INF 2026-08-04T20:22:23.725Z > 200 GET /api/v1/ 12.06ms
INF 2026-08-04T20:22:23.725Z > 200 GET /api/v1/ 12.43ms
INF 2026-08-04T20:22:23.725Z > 200 GET /api/v1/ 230.41ms
INF 2026-08-04T20:22:23.727Z > 200 GET /api/v1/ 14.35ms
INF 2026-08-04T20:22:23.727Z > 200 GET /api/v1/ 14.82ms
INF 2026-08-04T20:22:23.728Z > 200 GET /api/v1/ 9.29ms
INF 2026-08-04T20:22:23.731Z > 200 GET /api/v1/ 7.48ms
INF 2026-08-04T20:22:23.731Z > 200 GET /api/v1/ 7.4ms
INF 2026-08-04T20:22:23.731Z > 200 GET /api/v1/ 5.87ms
INF 2026-08-04T20:22:23.732Z > 200 GET /api/v1/ 6.87ms
INF 2026-08-04T20:22:23.732Z > 200 GET /api/v1/ 5.45ms
INF 2026-08-04T20:22:23.742Z > 200 GET /api/v1/ 346.72ms
INF 2026-08-04T20:22:23.742Z > 200 GET /api/v1/ 88.59ms
INF 2026-08-04T20:22:23.747Z > 200 GET /api/v1/ 15.44ms
INF 2026-08-04T20:22:23.755Z > 200 GET /api/v1/ 22.23ms
INF 2026-08-04T20:22:23.766Z > 200 GET /api/v1/ 18.65ms
INF 2026-08-04T20:22:23.767Z > 200 GET /api/v1/ 255.63ms
INF 2026-08-04T20:22:23.768Z > 200 GET /api/v1/ 13.06ms
INF 2026-08-04T20:22:23.772Z > 200 GET /api/v1/ 276.59ms
INF 2026-08-04T20:22:23.773Z > 200 GET /api/v1/ 272.05ms
INF 2026-08-04T20:22:23.777Z > 200 GET /api/v1/ 277.9ms
INF 2026-08-04T20:22:23.782Z > 200 GET /api/v1/ 274.85ms
INF 2026-08-04T20:22:23.783Z > 200 GET /api/v1/ 269.41ms
INF 2026-08-04T20:22:23.787Z > 200 GET /api/v1/ 20.57ms
INF 2026-08-04T20:22:23.787Z > 200 GET /api/v1/ 14.2ms
INF 2026-08-04T20:22:23.789Z > 200 GET /api/v1/ 15.68ms
INF 2026-08-04T20:22:23.790Z > 200 GET /api/v1/ 260.2ms
INF 2026-08-04T20:22:23.792Z > 200 GET /api/v1/ 23.76ms
INF 2026-08-04T20:22:23.793Z > 200 GET /api/v1/ 286.1ms
INF 2026-08-04T20:22:23.795Z > 200 GET /api/v1/ 28.04ms
INF 2026-08-04T20:22:23.795Z > 200 GET /api/v1/ 130.79ms
INF 2026-08-04T20:22:23.796Z > 200 GET /api/v1/ 110.97ms
INF 2026-08-04T20:22:23.796Z > 200 GET /api/v1/ 279.21ms
INF 2026-08-04T20:22:23.797Z > 200 GET /api/v1/ 258.26ms
INF 2026-08-04T20:22:23.797Z > 200 GET /api/v1/ 283.92ms
INF 2026-08-04T20:22:23.799Z > 200 GET /api/v1/ 6.65ms
INF 2026-08-04T20:22:23.800Z > 200 GET /api/v1/ 12.79ms
INF 2026-08-04T20:22:23.801Z > 200 GET /api/v1/ 10.87ms
INF 2026-08-04T20:22:23.801Z > 200 GET /api/v1/ 254.01ms
INF 2026-08-04T20:22:23.802Z > 200 GET /api/v1/ 287.44ms
INF 2026-08-04T20:22:23.802Z > 200 GET /api/v1/ 9.76ms
INF 2026-08-04T20:22:23.805Z > 200 GET /api/v1/ 293.73ms
INF 2026-08-04T20:22:23.806Z > 200 GET /api/v1/ 249.15ms
INF 2026-08-04T20:22:23.807Z > 200 GET /api/v1/ 271.08ms
INF 2026-08-04T20:22:23.808Z > 200 GET /api/v1/ 6.68ms
INF 2026-08-04T20:22:23.811Z > 200 GET /api/v1/ 253.93ms
INF 2026-08-04T20:22:23.813Z > 200 GET /api/v1/ 146.32ms
INF 2026-08-04T20:22:23.813Z > 200 GET /api/v1/ 23.66ms
INF 2026-08-04T20:22:23.813Z > 200 GET /api/v1/ 251.48ms
INF 2026-08-04T20:22:23.813Z > 200 GET /api/v1/ 11.59ms
INF 2026-08-04T20:22:23.814Z > 200 GET /api/v1/ 256.57ms
INF 2026-08-04T20:22:23.814Z > 200 GET /api/v1/ 242.25ms
INF 2026-08-04T20:22:23.815Z > 200 GET /api/v1/ 131.67ms
INF 2026-08-04T20:22:23.816Z > 200 GET /api/v1/ 129.01ms
INF 2026-08-04T20:22:23.825Z > 200 GET /api/v1/ 247.14ms
INF 2026-08-04T20:22:23.825Z > 200 GET /api/v1/ 248.85ms
INF 2026-08-04T20:22:23.830Z > 200 GET /api/v1/ 313.38ms
INF 2026-08-04T20:22:23.830Z > 200 GET /api/v1/ 334.39ms
INF 2026-08-04T20:22:23.833Z > 200 GET /api/v1/ 20.49ms
INF 2026-08-04T20:22:23.835Z > 200 GET /api/v1/ 256.8ms
INF 2026-08-04T20:22:23.835Z > 200 GET /api/v1/ 249.3ms
INF 2026-08-04T20:22:23.838Z > 200 GET /api/v1/ 238.83ms
INF 2026-08-04T20:22:23.838Z > 200 GET /api/v1/ 225.73ms
INF 2026-08-04T20:22:23.839Z > 200 GET /api/v1/ 209.42ms
INF 2026-08-04T20:22:23.839Z > 200 GET /api/v1/ 250.79ms
INF 2026-08-04T20:22:23.839Z > 200 GET /api/v1/ 250.35ms
INF 2026-08-04T20:22:23.840Z > 200 GET /api/v1/ 250.91ms
INF 2026-08-04T20:22:23.840Z > 200 GET /api/v1/ 14.39ms
INF 2026-08-04T20:22:23.840Z > 200 GET /api/v1/ 247.83ms
INF 2026-08-04T20:22:23.840Z > 200 GET /api/v1/ 210.37ms
INF 2026-08-04T20:22:23.841Z > 200 GET /api/v1/ 212.51ms
INF 2026-08-04T20:22:23.841Z > 200 GET /api/v1/ 242.88ms
INF 2026-08-04T20:22:23.841Z > 200 GET /api/v1/ 255.34ms
INF 2026-08-04T20:22:23.841Z > 200 GET /api/v1/ 255.01ms
INF 2026-08-04T20:22:23.842Z > 200 GET /api/v1/ 264.99ms
INF 2026-08-04T20:22:23.842Z > 200 GET /api/v1/ 243.26ms
INF 2026-08-04T20:22:23.842Z > 200 GET /api/v1/ 232.5ms
INF 2026-08-04T20:22:23.842Z > 200 GET /api/v1/ 248.84ms
INF 2026-08-04T20:22:23.843Z > 200 GET /api/v1/ 233.49ms
INF 2026-08-04T20:22:23.843Z > 200 GET /api/v1/ 189.4ms
INF 2026-08-04T20:22:23.865Z > 200 GET /api/v1/ 22.84ms
INF 2026-08-04T20:22:23.866Z > 200 GET /api/v1/ 26.53ms
INF 2026-08-04T20:22:23.866Z > 200 GET /api/v1/ 26.47ms
INF 2026-08-04T20:22:23.867Z > 200 GET /api/v1/ 25.47ms
INF 2026-08-04T20:22:23.867Z > 200 GET /api/v1/ 24.8ms
INF 2026-08-04T20:22:23.868Z > 200 GET /api/v1/ 27.9ms
INF 2026-08-04T20:22:23.868Z > 200 GET /api/v1/ 26.33ms
INF 2026-08-04T20:22:23.868Z > 200 GET /api/v1/ 28.1ms
INF 2026-08-04T20:22:23.868Z > 200 GET /api/v1/ 222.57ms
INF 2026-08-04T20:22:23.869Z > 200 GET /api/v1/ 26.63ms
INF 2026-08-04T20:22:23.869Z > 200 GET /api/v1/ 26.44ms
INF 2026-08-04T20:22:23.873Z > 200 GET /api/v1/ 208.98ms
INF 2026-08-04T20:22:23.876Z > 200 GET /api/v1/ 240.36ms
INF 2026-08-04T20:22:23.880Z > 200 GET /api/v1/ 246.63ms
INF 2026-08-04T20:22:23.892Z > 200 GET /api/v1/ 255.38ms
INF 2026-08-04T20:22:23.893Z > 200 GET /api/v1/ 241.57ms
INF 2026-08-04T20:22:23.893Z > 200 GET /api/v1/ 248.66ms
INF 2026-08-04T20:22:23.895Z > 200 GET /api/v1/ 230.26ms
INF 2026-08-04T20:22:23.898Z > 200 GET /api/v1/ 250.15ms
INF 2026-08-04T20:22:23.904Z > 200 GET /api/v1/ 61.92ms
INF 2026-08-04T20:22:23.906Z > 200 GET /api/v1/ 37.62ms
INF 2026-08-04T20:22:23.906Z > 200 GET /api/v1/ 37.42ms
INF 2026-08-04T20:22:23.906Z > 200 GET /api/v1/ 255.62ms
INF 2026-08-04T20:22:23.909Z > 200 GET /api/v1/ 40.02ms
INF 2026-08-04T20:22:23.909Z > 200 GET /api/v1/ 39.55ms
INF 2026-08-04T20:22:23.909Z > 200 GET /api/v1/ 248.69ms
INF 2026-08-04T20:22:23.910Z > 200 GET /api/v1/ 241.29ms
INF 2026-08-04T20:22:23.910Z > 200 GET /api/v1/ 264.62ms
INF 2026-08-04T20:22:23.910Z > 200 GET /api/v1/ 36.66ms
INF 2026-08-04T20:22:23.911Z > 200 GET /api/v1/ 262.8ms
INF 2026-08-04T20:22:23.911Z > 200 GET /api/v1/ 34.45ms
INF 2026-08-04T20:22:23.911Z > 200 GET /api/v1/ 277.15ms
INF 2026-08-04T20:22:23.918Z > 200 GET /api/v1/ 235.45ms
INF 2026-08-04T20:22:23.927Z > 200 GET /api/v1/ 293.06ms
INF 2026-08-04T20:22:23.928Z > 200 GET /api/v1/ 286.81ms
INF 2026-08-04T20:22:23.929Z > 200 GET /api/v1/ 260.97ms
INF 2026-08-04T20:22:23.930Z > 200 GET /api/v1/ 293.29ms
INF 2026-08-04T20:22:23.930Z > 200 GET /api/v1/ 245.34ms
INF 2026-08-04T20:22:23.931Z > 200 GET /api/v1/ 295.6ms
INF 2026-08-04T20:22:23.932Z > 200 GET /api/v1/ 286.11ms
INF 2026-08-04T20:22:23.932Z > 200 GET /api/v1/ 290.87ms
INF 2026-08-04T20:22:23.933Z > 200 GET /api/v1/ 299.3ms
INF 2026-08-04T20:22:23.933Z > 200 GET /api/v1/ 242.41ms
INF 2026-08-04T20:22:23.936Z > 200 GET /api/v1/ 247.58ms
INF 2026-08-04T20:22:23.938Z > 200 GET /api/v1/ 248.84ms
INF 2026-08-04T20:22:23.938Z > 200 GET /api/v1/ 29.38ms
INF 2026-08-04T20:22:23.939Z > 200 GET /api/v1/ 29.32ms
INF 2026-08-04T20:22:23.939Z > 200 GET /api/v1/ 29.43ms
INF 2026-08-04T20:22:23.939Z > 200 GET /api/v1/ 29.41ms
INF 2026-08-04T20:22:23.940Z > 200 GET /api/v1/ 28.29ms
INF 2026-08-04T20:22:23.940Z > 200 GET /api/v1/ 257.23ms
INF 2026-08-04T20:22:23.940Z > 200 GET /api/v1/ 231.47ms
INF 2026-08-04T20:22:23.952Z > 200 GET /api/v1/ 241.09ms
INF 2026-08-04T20:22:23.953Z > 200 GET /api/v1/ 238.96ms
INF 2026-08-04T20:22:23.955Z > 200 GET /api/v1/ 241.76ms
INF 2026-08-04T20:22:23.956Z > 200 GET /api/v1/ 237.14ms
INF 2026-08-04T20:22:23.957Z > 200 GET /api/v1/ 236.79ms
INF 2026-08-04T20:22:23.957Z > 200 GET /api/v1/ 4.7ms
INF 2026-08-04T20:22:23.966Z > 200 GET /api/v1/ 12.49ms
INF 2026-08-04T20:22:23.966Z > 200 GET /api/v1/ 56.14ms
INF 2026-08-04T20:22:23.967Z > 200 GET /api/v1/ 48.51ms
INF 2026-08-04T20:22:23.967Z > 200 GET /api/v1/ 265.63ms
INF 2026-08-04T20:22:23.969Z > 200 GET /api/v1/ 36.25ms
INF 2026-08-04T20:22:23.969Z > 200 GET /api/v1/ 246.92ms
INF 2026-08-04T20:22:23.978Z > 200 GET /api/v1/ 9.09ms
INF 2026-08-04T20:22:23.986Z > 200 GET /api/v1/ 260.03ms
INF 2026-08-04T20:22:23.986Z > 200 GET /api/v1/ 261.95ms
INF 2026-08-04T20:22:23.987Z > 200 GET /api/v1/ 263.2ms
INF 2026-08-04T20:22:23.988Z > 200 GET /api/v1/ 9.5ms
INF 2026-08-04T20:22:23.989Z > 200 GET /api/v1/ 264.47ms
INF 2026-08-04T20:22:23.993Z > 200 GET /api/v1/ 264.54ms
INF 2026-08-04T20:22:23.996Z > 200 GET /api/v1/ 9.08ms
INF 2026-08-04T20:22:23.998Z > 200 GET /api/v1/ 11.81ms
INF 2026-08-04T20:22:23.998Z > 200 GET /api/v1/ 10.12ms
INF 2026-08-04T20:22:23.999Z > 200 GET /api/v1/ 9.85ms
INF 2026-08-04T20:22:24.004Z > 200 GET /api/v1/ 273.01ms
INF 2026-08-04T20:22:24.004Z > 200 GET /api/v1/ 11.11ms
INF 2026-08-04T20:22:24.009Z > 200 GET /api/v1/ 277.6ms
INF 2026-08-04T20:22:24.011Z > 200 GET /api/v1/ 13.39ms
INF 2026-08-04T20:22:24.012Z > 200 GET /api/v1/ 280.62ms
INF 2026-08-04T20:22:24.013Z > 200 GET /api/v1/ 14.25ms
INF 2026-08-04T20:22:24.015Z > 200 GET /api/v1/ 10.38ms
INF 2026-08-04T20:22:24.018Z > 200 GET /api/v1/ 275.24ms
INF 2026-08-04T20:22:24.025Z > 200 GET /api/v1/ 13.86ms
INF 2026-08-04T20:22:24.026Z > 200 GET /api/v1/ 248.15ms
INF 2026-08-04T20:22:24.027Z > 200 GET /api/v1/ 284.23ms
INF 2026-08-04T20:22:24.027Z > 200 GET /api/v1/ 13.89ms
INF 2026-08-04T20:22:24.029Z > 200 GET /api/v1/ 246.8ms
INF 2026-08-04T20:22:24.029Z > 200 GET /api/v1/ 14.4ms
INF 2026-08-04T20:22:24.030Z > 200 GET /api/v1/ 246.72ms
INF 2026-08-04T20:22:24.033Z > 200 GET /api/v1/ 14.99ms
INF 2026-08-04T20:22:24.034Z > 200 GET /api/v1/ 246.86ms
INF 2026-08-04T20:22:24.035Z > 200 GET /api/v1/ 239.96ms
INF 2026-08-04T20:22:24.036Z > 200 GET /api/v1/ 10.07ms
INF 2026-08-04T20:22:24.037Z > 200 GET /api/v1/ 8.31ms
INF 2026-08-04T20:22:24.038Z > 200 GET /api/v1/ 317.43ms
INF 2026-08-04T20:22:24.039Z > 200 GET /api/v1/ 6.06ms
INF 2026-08-04T20:22:24.039Z > 200 GET /api/v1/ 112.28ms
INF 2026-08-04T20:22:24.041Z > 200 GET /api/v1/ 245.33ms
INF 2026-08-04T20:22:24.041Z > 200 GET /api/v1/ 110.29ms
INF 2026-08-04T20:22:24.042Z > 200 GET /api/v1/ 101.94ms
INF 2026-08-04T20:22:24.051Z > 200 GET /api/v1/ 13.52ms
INF 2026-08-04T20:22:24.051Z > 200 GET /api/v1/ 118.62ms
INF 2026-08-04T20:22:24.052Z > 200 GET /api/v1/ 13.07ms
INF 2026-08-04T20:22:24.052Z > 200 GET /api/v1/ 255.23ms
INF 2026-08-04T20:22:24.055Z > 200 GET /api/v1/ 116.64ms
INF 2026-08-04T20:22:24.056Z > 200 GET /api/v1/ 259.13ms
INF 2026-08-04T20:22:24.059Z > 200 GET /api/v1/ 119.33ms
INF 2026-08-04T20:22:24.059Z > 200 GET /api/v1/ 120.5ms
INF 2026-08-04T20:22:24.059Z > 200 GET /api/v1/ 19.63ms
INF 2026-08-04T20:22:24.062Z > 200 GET /api/v1/ 264.51ms
INF 2026-08-04T20:22:24.064Z > 200 GET /api/v1/ 266.32ms
INF 2026-08-04T20:22:24.064Z > 200 GET /api/v1/ 264.01ms
INF 2026-08-04T20:22:24.066Z > 200 GET /api/v1/ 265.84ms
INF 2026-08-04T20:22:24.066Z > 200 GET /api/v1/ 264.6ms
INF 2026-08-04T20:22:24.067Z > 200 GET /api/v1/ 339.82ms
INF 2026-08-04T20:22:24.068Z > 200 GET /api/v1/ 16.19ms
INF 2026-08-04T20:22:24.074Z > 200 GET /api/v1/ 7.55ms
INF 2026-08-04T20:22:24.076Z > 200 GET /api/v1/ 12.34ms
INF 2026-08-04T20:22:24.077Z > 200 GET /api/v1/ 274.6ms
INF 2026-08-04T20:22:24.078Z > 200 GET /api/v1/ 237.62ms
INF 2026-08-04T20:22:24.082Z > 200 GET /api/v1/ 213.68ms
INF 2026-08-04T20:22:24.083Z > 200 GET /api/v1/ 5.01ms
INF 2026-08-04T20:22:24.083Z > 200 GET /api/v1/ 269.43ms
INF 2026-08-04T20:22:24.085Z > 200 GET /api/v1/ 244.76ms
INF 2026-08-04T20:22:24.096Z > 200 GET /api/v1/ 282.0ms
INF 2026-08-04T20:22:24.096Z > 200 GET /api/v1/ 43.41ms
INF 2026-08-04T20:22:24.096Z > 200 GET /api/v1/ 282.5ms
INF 2026-08-04T20:22:24.096Z > 200 GET /api/v1/ 197.74ms
INF 2026-08-04T20:22:24.108Z > 200 GET /api/v1/ 48.47ms
INF 2026-08-04T20:22:24.122Z > 200 GET /api/v1/ 252.98ms
INF 2026-08-04T20:22:24.123Z > 200 GET /api/v1/ 281.87ms
INF 2026-08-04T20:22:24.124Z > 200 GET /api/v1/ 288.58ms
INF 2026-08-04T20:22:24.124Z > 200 GET /api/v1/ 308.51ms
INF 2026-08-04T20:22:24.125Z > 200 GET /api/v1/ 231.01ms
INF 2026-08-04T20:22:24.126Z > 200 GET /api/v1/ 29.38ms
INF 2026-08-04T20:22:24.126Z > 200 GET /api/v1/ 261.14ms
INF 2026-08-04T20:22:24.127Z > 200 GET /api/v1/ 321.43ms
INF 2026-08-04T20:22:24.129Z > 200 GET /api/v1/ 222.99ms
INF 2026-08-04T20:22:24.129Z > 200 GET /api/v1/ 248.43ms
INF 2026-08-04T20:22:24.129Z > 200 GET /api/v1/ 263.33ms
INF 2026-08-04T20:22:24.130Z > 200 GET /api/v1/ 303.31ms
INF 2026-08-04T20:22:24.134Z > 200 GET /api/v1/ 325.68ms
INF 2026-08-04T20:22:24.144Z > 200 GET /api/v1/ 186.96ms
INF 2026-08-04T20:22:24.144Z > 200 GET /api/v1/ 36.35ms
INF 2026-08-04T20:22:24.147Z > 200 GET /api/v1/ 207.02ms
INF 2026-08-04T20:22:24.147Z > 200 GET /api/v1/ 241.53ms
INF 2026-08-04T20:22:24.148Z > 200 GET /api/v1/ 217.74ms
INF 2026-08-04T20:22:24.153Z > 200 GET /api/v1/ 185.45ms
INF 2026-08-04T20:22:24.157Z > 200 GET /api/v1/ 224.56ms
INF 2026-08-04T20:22:24.161Z > 200 GET /api/v1/ 325.87ms
INF 2026-08-04T20:22:24.161Z > 200 GET /api/v1/ 34.7ms
INF 2026-08-04T20:22:24.167Z > 200 GET /api/v1/ 43.18ms
INF 2026-08-04T20:22:24.175Z > 200 GET /api/v1/ 235.08ms
INF 2026-08-04T20:22:24.178Z > 200 GET /api/v1/ 310.86ms
INF 2026-08-04T20:22:24.178Z > 200 GET /api/v1/ 43.79ms
INF 2026-08-04T20:22:24.180Z > 200 GET /api/v1/ 338.4ms
INF 2026-08-04T20:22:24.180Z > 200 GET /api/v1/ 285.48ms
INF 2026-08-04T20:22:24.181Z > 200 GET /api/v1/ 213.84ms
INF 2026-08-04T20:22:24.184Z > 200 GET /api/v1/ 252.95ms
INF 2026-08-04T20:22:24.186Z > 200 GET /api/v1/ 229.18ms
INF 2026-08-04T20:22:24.187Z > 200 GET /api/v1/ 292.16ms
INF 2026-08-04T20:22:24.187Z > 200 GET /api/v1/ 39.68ms
INF 2026-08-04T20:22:24.187Z > 200 GET /api/v1/ 38.99ms
INF 2026-08-04T20:22:24.187Z > 200 GET /api/v1/ 57.5ms
INF 2026-08-04T20:22:24.190Z > 200 GET /api/v1/ 261.34ms
INF 2026-08-04T20:22:24.190Z > 200 GET /api/v1/ 324.16ms
INF 2026-08-04T20:22:24.192Z > 200 GET /api/v1/ 362.34ms
INF 2026-08-04T20:22:24.202Z > 200 GET /api/v1/ 292.2ms
INF 2026-08-04T20:22:24.203Z > 200 GET /api/v1/ 368.51ms
INF 2026-08-04T20:22:24.204Z > 200 GET /api/v1/ 390.95ms
INF 2026-08-04T20:22:24.205Z > 200 GET /api/v1/ 219.23ms
INF 2026-08-04T20:22:24.205Z > 200 GET /api/v1/ 196.55ms
INF 2026-08-04T20:22:24.209Z > 200 GET /api/v1/ 6.4ms
INF 2026-08-04T20:22:24.211Z > 200 GET /api/v1/ 6.01ms
INF 2026-08-04T20:22:24.213Z > 200 GET /api/v1/ 3.94ms
INF 2026-08-04T20:22:24.214Z > 200 GET /api/v1/ 201.23ms
INF 2026-08-04T20:22:24.216Z > 200 GET /api/v1/ 3.06ms
INF 2026-08-04T20:22:24.216Z > 200 GET /api/v1/ 409.26ms
INF 2026-08-04T20:22:24.217Z > 200 GET /api/v1/ 2.85ms
INF 2026-08-04T20:22:24.217Z > 200 GET /api/v1/ 378.1ms
INF 2026-08-04T20:22:24.217Z > 200 GET /api/v1/ 284.65ms
INF 2026-08-04T20:22:24.219Z > 200 GET /api/v1/ 392.36ms
INF 2026-08-04T20:22:24.231Z > 200 GET /api/v1/ 12.22ms
INF 2026-08-04T20:22:24.232Z > 200 GET /api/v1/ 417.24ms
INF 2026-08-04T20:22:24.232Z > 200 GET /api/v1/ 320.85ms
INF 2026-08-04T20:22:24.233Z > 200 GET /api/v1/ 328.82ms
INF 2026-08-04T20:22:24.235Z > 200 GET /api/v1/ 305.25ms
INF 2026-08-04T20:22:24.237Z > 200 GET /api/v1/ 44.58ms
INF 2026-08-04T20:22:24.238Z > 200 GET /api/v1/ 395.45ms
INF 2026-08-04T20:22:24.238Z > 200 GET /api/v1/ 299.88ms
INF 2026-08-04T20:22:24.238Z > 200 GET /api/v1/ 302.72ms
INF 2026-08-04T20:22:24.239Z > 200 GET /api/v1/ 299.82ms
INF 2026-08-04T20:22:24.240Z > 200 GET /api/v1/ 345.24ms
INF 2026-08-04T20:22:24.240Z > 200 GET /api/v1/ 235.47ms
INF 2026-08-04T20:22:24.242Z > 200 GET /api/v1/ 3.13ms
INF 2026-08-04T20:22:24.243Z > 200 GET /api/v1/ 336.36ms
INF 2026-08-04T20:22:24.246Z > 200 GET /api/v1/ 3.11ms
INF 2026-08-04T20:22:24.247Z > 200 GET /api/v1/ 416.06ms
INF 2026-08-04T20:22:24.247Z > 200 GET /api/v1/ 439.68ms
INF 2026-08-04T20:22:24.249Z > 200 GET /api/v1/ 2.75ms
INF 2026-08-04T20:22:24.249Z > 200 GET /api/v1/ 281.84ms
INF 2026-08-04T20:22:24.250Z > 200 GET /api/v1/ 2.86ms
INF 2026-08-04T20:22:24.252Z > 200 GET /api/v1/ 437.33ms
INF 2026-08-04T20:22:24.252Z > 200 GET /api/v1/ 255.53ms
INF 2026-08-04T20:22:24.253Z > 200 GET /api/v1/ 3.09ms
INF 2026-08-04T20:22:24.253Z > 200 GET /api/v1/ 77.93ms
INF 2026-08-04T20:22:24.254Z > 200 GET /api/v1/ 411.55ms
INF 2026-08-04T20:22:24.254Z > 200 GET /api/v1/ 284.95ms
INF 2026-08-04T20:22:24.254Z > 200 GET /api/v1/ 256.39ms
INF 2026-08-04T20:22:24.256Z > 200 GET /api/v1/ 65.5ms
INF 2026-08-04T20:22:24.256Z > 200 GET /api/v1/ 387.74ms
INF 2026-08-04T20:22:24.259Z > 200 GET /api/v1/ 3.27ms
INF 2026-08-04T20:22:24.260Z > 200 GET /api/v1/ 43.28ms
INF 2026-08-04T20:22:24.260Z > 200 GET /api/v1/ 305.6ms
INF 2026-08-04T20:22:24.262Z > 200 GET /api/v1/ 351.2ms
INF 2026-08-04T20:22:24.262Z > 200 GET /api/v1/ 305.0ms
INF 2026-08-04T20:22:24.263Z > 200 GET /api/v1/ 295.4ms
INF 2026-08-04T20:22:24.265Z > 200 GET /api/v1/ 10.64ms
INF 2026-08-04T20:22:24.265Z > 200 GET /api/v1/ 5.71ms
INF 2026-08-04T20:22:24.265Z > 200 GET /api/v1/ 3.26ms
INF 2026-08-04T20:22:24.266Z > 200 GET /api/v1/ 424.52ms
INF 2026-08-04T20:22:24.266Z > 200 GET /api/v1/ 3.65ms
INF 2026-08-04T20:22:24.269Z > 200 GET /api/v1/ 111.54ms
INF 2026-08-04T20:22:24.270Z > 200 GET /api/v1/ 116.99ms
INF 2026-08-04T20:22:24.271Z > 200 GET /api/v1/ 4.31ms
INF 2026-08-04T20:22:24.272Z > 200 GET /api/v1/ 142.92ms
INF 2026-08-04T20:22:24.272Z > 200 GET /api/v1/ 94.79ms
INF 2026-08-04T20:22:24.273Z > 200 GET /api/v1/ 93.13ms
INF 2026-08-04T20:22:24.273Z > 200 GET /api/v1/ 87.25ms
INF 2026-08-04T20:22:24.282Z > 200 GET /api/v1/ 95.42ms
INF 2026-08-04T20:22:24.282Z > 200 GET /api/v1/ 101.84ms
INF 2026-08-04T20:22:24.283Z > 200 GET /api/v1/ 95.0ms
INF 2026-08-04T20:22:24.283Z > 200 GET /api/v1/ 95.67ms
INF 2026-08-04T20:22:24.285Z > 200 GET /api/v1/ 19.39ms
INF 2026-08-04T20:22:24.293Z > 200 GET /api/v1/ 266.32ms
INF 2026-08-04T20:22:24.296Z > 200 GET /api/v1/ 265.56ms
INF 2026-08-04T20:22:24.304Z > 200 GET /api/v1/ 7.6ms
INF 2026-08-04T20:22:24.304Z > 200 GET /api/v1/ 270.25ms
INF 2026-08-04T20:22:24.305Z > 200 GET /api/v1/ 269.01ms
INF 2026-08-04T20:22:24.305Z > 200 GET /api/v1/ 275.82ms
INF 2026-08-04T20:22:24.308Z > 200 GET /api/v1/ 231.0ms
INF 2026-08-04T20:22:24.308Z > 200 GET /api/v1/ 266.84ms
INF 2026-08-04T20:22:24.309Z > 200 GET /api/v1/ 241.82ms
INF 2026-08-04T20:22:24.309Z > 200 GET /api/v1/ 256.55ms
INF 2026-08-04T20:22:24.309Z > 200 GET /api/v1/ 250.38ms
INF 2026-08-04T20:22:24.310Z > 200 GET /api/v1/ 270.45ms
INF 2026-08-04T20:22:24.312Z > 200 GET /api/v1/ 285.64ms
INF 2026-08-04T20:22:24.313Z > 200 GET /api/v1/ 257.55ms
INF 2026-08-04T20:22:24.314Z > 200 GET /api/v1/ 245.23ms
INF 2026-08-04T20:22:24.315Z > 200 GET /api/v1/ 259.05ms
INF 2026-08-04T20:22:24.316Z > 200 GET /api/v1/ 10.97ms
INF 2026-08-04T20:22:24.318Z > 200 GET /api/v1/ 195.73ms
INF 2026-08-04T20:22:24.318Z > 200 GET /api/v1/ 220.98ms
INF 2026-08-04T20:22:24.318Z > 200 GET /api/v1/ 275.95ms
INF 2026-08-04T20:22:24.319Z > 200 GET /api/v1/ 9.1ms
INF 2026-08-04T20:22:24.319Z > 200 GET /api/v1/ 257.51ms
INF 2026-08-04T20:22:24.320Z > 200 GET /api/v1/ 237.58ms
INF 2026-08-04T20:22:24.321Z > 200 GET /api/v1/ 258.97ms
INF 2026-08-04T20:22:24.322Z > 200 GET /api/v1/ 296.77ms
INF 2026-08-04T20:22:24.324Z > 200 GET /api/v1/ 281.98ms
INF 2026-08-04T20:22:24.324Z > 200 GET /api/v1/ 200.2ms
INF 2026-08-04T20:22:24.325Z > 200 GET /api/v1/ 201.71ms
INF 2026-08-04T20:22:24.326Z > 200 GET /api/v1/ 261.7ms
INF 2026-08-04T20:22:24.328Z > 200 GET /api/v1/ 250.89ms
INF 2026-08-04T20:22:24.330Z > 200 GET /api/v1/ 255.34ms
INF 2026-08-04T20:22:24.332Z > 200 GET /api/v1/ 296.37ms
INF 2026-08-04T20:22:24.338Z > 200 GET /api/v1/ 17.72ms
INF 2026-08-04T20:22:24.348Z > 200 GET /api/v1/ 251.17ms
INF 2026-08-04T20:22:24.348Z > 200 GET /api/v1/ 219.04ms
INF 2026-08-04T20:22:24.351Z > 200 GET /api/v1/ 189.9ms
INF 2026-08-04T20:22:24.352Z > 200 GET /api/v1/ 224.48ms
INF 2026-08-04T20:22:24.352Z > 200 GET /api/v1/ 284.83ms
INF 2026-08-04T20:22:24.352Z > 200 GET /api/v1/ 184.8ms
INF 2026-08-04T20:22:24.354Z > 200 GET /api/v1/ 35.14ms
INF 2026-08-04T20:22:24.355Z > 200 GET /api/v1/ 30.89ms
INF 2026-08-04T20:22:24.361Z > 200 GET /api/v1/ 265.7ms
INF 2026-08-04T20:22:24.362Z > 200 GET /api/v1/ 216.95ms
INF 2026-08-04T20:22:24.362Z > 200 GET /api/v1/ 35.94ms
INF 2026-08-04T20:22:24.363Z > 200 GET /api/v1/ 236.59ms
INF 2026-08-04T20:22:24.365Z > 200 GET /api/v1/ 177.63ms
INF 2026-08-04T20:22:24.373Z > 200 GET /api/v1/ 244.06ms
INF 2026-08-04T20:22:24.373Z > 200 GET /api/v1/ 225.82ms
INF 2026-08-04T20:22:24.374Z > 200 GET /api/v1/ 192.5ms
INF 2026-08-04T20:22:24.375Z > 200 GET /api/v1/ 169.85ms
INF 2026-08-04T20:22:24.377Z > 200 GET /api/v1/ 172.22ms
INF 2026-08-04T20:22:24.377Z > 200 GET /api/v1/ 38.89ms
INF 2026-08-04T20:22:24.377Z > 200 GET /api/v1/ 280.35ms
INF 2026-08-04T20:22:24.378Z > 200 GET /api/v1/ 294.44ms
INF 2026-08-04T20:22:24.378Z > 200 GET /api/v1/ 193.95ms
INF 2026-08-04T20:22:24.378Z > 200 GET /api/v1/ 166.53ms
INF 2026-08-04T20:22:24.380Z > 200 GET /api/v1/ 163.68ms
INF 2026-08-04T20:22:24.380Z > 200 GET /api/v1/ 28.65ms
INF 2026-08-04T20:22:24.380Z > 200 GET /api/v1/ 28.38ms
INF 2026-08-04T20:22:24.381Z > 200 GET /api/v1/ 236.45ms
INF 2026-08-04T20:22:24.385Z > 200 GET /api/v1/ 30.82ms
INF 2026-08-04T20:22:24.387Z > 200 GET /api/v1/ 31.48ms
INF 2026-08-04T20:22:24.388Z > 200 GET /api/v1/ 209.95ms
INF 2026-08-04T20:22:24.389Z > 200 GET /api/v1/ 171.5ms
INF 2026-08-04T20:22:24.390Z > 200 GET /api/v1/ 28.96ms
INF 2026-08-04T20:22:24.392Z > 200 GET /api/v1/ 189.33ms
INF 2026-08-04T20:22:24.393Z > 200 GET /api/v1/ 267.38ms
INF 2026-08-04T20:22:24.395Z > 200 GET /api/v1/ 33.08ms
INF 2026-08-04T20:22:24.396Z > 200 GET /api/v1/ 234.23ms
INF 2026-08-04T20:22:24.396Z > 200 GET /api/v1/ 32.63ms
INF 2026-08-04T20:22:24.398Z > 200 GET /api/v1/ 24.07ms
INF 2026-08-04T20:22:24.398Z > 200 GET /api/v1/ 24.01ms
INF 2026-08-04T20:22:24.400Z > 200 GET /api/v1/ 24.14ms
INF 2026-08-04T20:22:24.400Z > 200 GET /api/v1/ 22.87ms
INF 2026-08-04T20:22:24.401Z > 200 GET /api/v1/ 22.44ms
INF 2026-08-04T20:22:24.403Z > 200 GET /api/v1/ 185.91ms
INF 2026-08-04T20:22:24.403Z > 200 GET /api/v1/ 170.61ms
INF 2026-08-04T20:22:24.404Z > 200 GET /api/v1/ 26.47ms
INF 2026-08-04T20:22:24.405Z > 200 GET /api/v1/ 23.2ms
INF 2026-08-04T20:22:24.415Z > 200 GET /api/v1/ 29.49ms
INF 2026-08-04T20:22:24.415Z > 200 GET /api/v1/ 224.68ms
INF 2026-08-04T20:22:24.415Z > 200 GET /api/v1/ 141.95ms
INF 2026-08-04T20:22:24.415Z > 200 GET /api/v1/ 332.05ms
INF 2026-08-04T20:22:24.420Z > 200 GET /api/v1/ 24.77ms
INF 2026-08-04T20:22:24.420Z > 200 GET /api/v1/ 368.4ms
INF 2026-08-04T20:22:24.430Z > 200 GET /api/v1/ 29.76ms
INF 2026-08-04T20:22:24.431Z > 200 GET /api/v1/ 198.09ms
INF 2026-08-04T20:22:24.434Z > 200 GET /api/v1/ 30.9ms
INF 2026-08-04T20:22:24.435Z > 200 GET /api/v1/ 30.52ms
INF 2026-08-04T20:22:24.435Z > 200 GET /api/v1/ 30.23ms
INF 2026-08-04T20:22:24.439Z > 200 GET /api/v1/ 19.18ms
INF 2026-08-04T20:22:24.440Z > 200 GET /api/v1/ 200.38ms
INF 2026-08-04T20:22:24.442Z > 200 GET /api/v1/ 203.44ms
INF 2026-08-04T20:22:24.442Z > 200 GET /api/v1/ 209.41ms
INF 2026-08-04T20:22:24.444Z > 200 GET /api/v1/ 206.56ms
INF 2026-08-04T20:22:24.451Z > 200 GET /api/v1/ 212.24ms
INF 2026-08-04T20:22:24.453Z > 200 GET /api/v1/ 203.65ms
INF 2026-08-04T20:22:24.453Z > 200 GET /api/v1/ 206.0ms
INF 2026-08-04T20:22:24.455Z > 200 GET /api/v1/ 54.05ms
INF 2026-08-04T20:22:24.461Z > 200 GET /api/v1/ 225.74ms
INF 2026-08-04T20:22:24.461Z > 200 GET /api/v1/ 222.23ms
INF 2026-08-04T20:22:24.461Z > 200 GET /api/v1/ 243.52ms
INF 2026-08-04T20:22:24.463Z > 200 GET /api/v1/ 220.24ms
INF 2026-08-04T20:22:24.463Z > 200 GET /api/v1/ 211.58ms
INF 2026-08-04T20:22:24.465Z > 200 GET /api/v1/ 232.19ms
INF 2026-08-04T20:22:24.465Z > 200 GET /api/v1/ 215.64ms
INF 2026-08-04T20:22:24.467Z > 200 GET /api/v1/ 13.67ms
INF 2026-08-04T20:22:24.472Z > 200 GET /api/v1/ 17.25ms
INF 2026-08-04T20:22:24.475Z > 200 GET /api/v1/ 14.19ms
INF 2026-08-04T20:22:24.477Z > 200 GET /api/v1/ 13.96ms
INF 2026-08-04T20:22:24.478Z > 200 GET /api/v1/ 225.97ms
INF 2026-08-04T20:22:24.479Z > 200 GET /api/v1/ 14.03ms
INF 2026-08-04T20:22:24.479Z > 200 GET /api/v1/ 225.84ms
INF 2026-08-04T20:22:24.479Z > 200 GET /api/v1/ 18.41ms
INF 2026-08-04T20:22:24.480Z > 200 GET /api/v1/ 13.45ms
INF 2026-08-04T20:22:24.486Z > 200 GET /api/v1/ 232.39ms
INF 2026-08-04T20:22:24.488Z > 200 GET /api/v1/ 234.81ms
INF 2026-08-04T20:22:24.489Z > 200 GET /api/v1/ 13.06ms
INF 2026-08-04T20:22:24.492Z > 200 GET /api/v1/ 15.22ms
INF 2026-08-04T20:22:24.493Z > 200 GET /api/v1/ 14.9ms
INF 2026-08-04T20:22:24.494Z > 200 GET /api/v1/ 13.24ms
INF 2026-08-04T20:22:24.495Z > 200 GET /api/v1/ 15.81ms
INF 2026-08-04T20:22:24.496Z > 200 GET /api/v1/ 240.21ms
INF 2026-08-04T20:22:24.506Z > 200 GET /api/v1/ 251.42ms
INF 2026-08-04T20:22:24.507Z > 200 GET /api/v1/ 266.57ms
INF 2026-08-04T20:22:24.514Z > 200 GET /api/v1/ 21.19ms
INF 2026-08-04T20:22:24.518Z > 200 GET /api/v1/ 256.96ms
INF 2026-08-04T20:22:24.520Z > 200 GET /api/v1/ 254.77ms
INF 2026-08-04T20:22:24.520Z > 200 GET /api/v1/ 257.74ms
INF 2026-08-04T20:22:24.523Z > 200 GET /api/v1/ 257.88ms
INF 2026-08-04T20:22:24.524Z > 200 GET /api/v1/ 93.2ms
INF 2026-08-04T20:22:24.525Z > 200 GET /api/v1/ 90.12ms
INF 2026-08-04T20:22:24.525Z > 200 GET /api/v1/ 84.9ms
INF 2026-08-04T20:22:24.526Z > 200 GET /api/v1/ 91.45ms
INF 2026-08-04T20:22:24.526Z > 200 GET /api/v1/ 8.42ms
INF 2026-08-04T20:22:24.526Z > 200 GET /api/v1/ 86.74ms
INF 2026-08-04T20:22:24.527Z > 200 GET /api/v1/ 255.54ms
INF 2026-08-04T20:22:24.528Z > 200 GET /api/v1/ 255.82ms
INF 2026-08-04T20:22:24.530Z > 200 GET /api/v1/ 264.3ms
INF 2026-08-04T20:22:24.531Z > 200 GET /api/v1/ 11.19ms
INF 2026-08-04T20:22:24.532Z > 200 GET /api/v1/ 262.25ms
INF 2026-08-04T20:22:24.532Z > 200 GET /api/v1/ 259.58ms
INF 2026-08-04T20:22:24.532Z > 200 GET /api/v1/ 250.54ms
INF 2026-08-04T20:22:24.533Z > 200 GET /api/v1/ 6.32ms
INF 2026-08-04T20:22:24.536Z > 200 GET /api/v1/ 252.85ms
INF 2026-08-04T20:22:24.536Z > 200 GET /api/v1/ 275.37ms
INF 2026-08-04T20:22:24.536Z > 200 GET /api/v1/ 266.36ms
INF 2026-08-04T20:22:24.537Z > 200 GET /api/v1/ 92.71ms
INF 2026-08-04T20:22:24.538Z > 200 GET /api/v1/ 255.1ms
INF 2026-08-04T20:22:24.538Z > 200 GET /api/v1/ 12.16ms
INF 2026-08-04T20:22:24.540Z > 200 GET /api/v1/ 257.33ms
INF 2026-08-04T20:22:24.541Z > 200 GET /api/v1/ 255.38ms
INF 2026-08-04T20:22:24.542Z > 200 GET /api/v1/ 236.74ms
INF 2026-08-04T20:22:24.543Z > 200 GET /api/v1/ 238.1ms
INF 2026-08-04T20:22:24.544Z > 200 GET /api/v1/ 260.79ms
INF 2026-08-04T20:22:24.544Z > 200 GET /api/v1/ 250.34ms
INF 2026-08-04T20:22:24.544Z > 200 GET /api/v1/ 238.8ms
INF 2026-08-04T20:22:24.545Z > 200 GET /api/v1/ 231.17ms
INF 2026-08-04T20:22:24.545Z > 200 GET /api/v1/ 235.58ms
INF 2026-08-04T20:22:24.546Z > 200 GET /api/v1/ 236.32ms
INF 2026-08-04T20:22:24.548Z > 200 GET /api/v1/ 14.86ms
INF 2026-08-04T20:22:24.549Z > 200 GET /api/v1/ 239.24ms
INF 2026-08-04T20:22:24.550Z > 200 GET /api/v1/ 239.59ms
INF 2026-08-04T20:22:24.551Z > 200 GET /api/v1/ 240.33ms
INF 2026-08-04T20:22:24.561Z > 200 GET /api/v1/ 242.34ms
INF 2026-08-04T20:22:24.562Z > 200 GET /api/v1/ 23.57ms
INF 2026-08-04T20:22:24.563Z > 200 GET /api/v1/ 245.28ms
INF 2026-08-04T20:22:24.566Z > 200 GET /api/v1/ 250.92ms
INF 2026-08-04T20:22:24.569Z > 200 GET /api/v1/ 254.45ms
INF 2026-08-04T20:22:24.570Z > 200 GET /api/v1/ 38.69ms
INF 2026-08-04T20:22:24.571Z > 200 GET /api/v1/ 19.69ms
INF 2026-08-04T20:22:24.571Z > 200 GET /api/v1/ 21.06ms
INF 2026-08-04T20:22:24.579Z > 200 GET /api/v1/ 42.16ms
INF 2026-08-04T20:22:24.580Z > 200 GET /api/v1/ 260.97ms
INF 2026-08-04T20:22:24.585Z > 200 GET /api/v1/ 232.68ms
INF 2026-08-04T20:22:24.585Z > 200 GET /api/v1/ 264.05ms
INF 2026-08-04T20:22:24.586Z > 200 GET /api/v1/ 259.83ms
INF 2026-08-04T20:22:24.588Z > 200 GET /api/v1/ 257.19ms
INF 2026-08-04T20:22:24.588Z > 200 GET /api/v1/ 238.95ms
INF 2026-08-04T20:22:24.588Z > 200 GET /api/v1/ 269.05ms
INF 2026-08-04T20:22:24.589Z > 200 GET /api/v1/ 270.55ms
INF 2026-08-04T20:22:24.589Z > 200 GET /api/v1/ 263.74ms
INF 2026-08-04T20:22:24.590Z > 200 GET /api/v1/ 275.18ms
INF 2026-08-04T20:22:24.590Z > 200 GET /api/v1/ 262.03ms
INF 2026-08-04T20:22:24.590Z > 200 GET /api/v1/ 27.41ms
INF 2026-08-04T20:22:24.592Z > 200 GET /api/v1/ 266.67ms
INF 2026-08-04T20:22:24.606Z > 200 GET /api/v1/ 217.63ms
INF 2026-08-04T20:22:24.606Z > 200 GET /api/v1/ 44.33ms
INF 2026-08-04T20:22:24.607Z > 200 GET /api/v1/ 233.12ms
INF 2026-08-04T20:22:24.609Z > 200 GET /api/v1/ 38.31ms
INF 2026-08-04T20:22:24.610Z > 200 GET /api/v1/ 277.79ms
INF 2026-08-04T20:22:24.612Z > 200 GET /api/v1/ 224.84ms
INF 2026-08-04T20:22:24.612Z > 200 GET /api/v1/ 250.26ms
INF 2026-08-04T20:22:24.613Z > 200 GET /api/v1/ 236.15ms
INF 2026-08-04T20:22:24.614Z > 200 GET /api/v1/ 42.94ms
INF 2026-08-04T20:22:24.617Z > 200 GET /api/v1/ 37.4ms
INF 2026-08-04T20:22:24.617Z > 200 GET /api/v1/ 36.79ms
INF 2026-08-04T20:22:24.621Z > 200 GET /api/v1/ 35.82ms
INF 2026-08-04T20:22:24.621Z > 200 GET /api/v1/ 35.48ms
INF 2026-08-04T20:22:24.621Z > 200 GET /api/v1/ 268.92ms
INF 2026-08-04T20:22:24.622Z > 200 GET /api/v1/ 35.33ms
INF 2026-08-04T20:22:24.623Z > 200 GET /api/v1/ 225.55ms
INF 2026-08-04T20:22:24.626Z > 200 GET /api/v1/ 37.49ms
INF 2026-08-04T20:22:24.626Z > 200 GET /api/v1/ 36.59ms
INF 2026-08-04T20:22:24.627Z > 200 GET /api/v1/ 277.74ms
INF 2026-08-04T20:22:24.635Z > 200 GET /api/v1/ 257.08ms
INF 2026-08-04T20:22:24.636Z > 200 GET /api/v1/ 270.98ms
INF 2026-08-04T20:22:24.636Z > 200 GET /api/v1/ 47.89ms
INF 2026-08-04T20:22:24.639Z > 200 GET /api/v1/ 48.71ms
INF 2026-08-04T20:22:24.639Z > 200 GET /api/v1/ 241.64ms
INF 2026-08-04T20:22:24.640Z > 200 GET /api/v1/ 251.2ms
INF 2026-08-04T20:22:24.642Z > 200 GET /api/v1/ 263.51ms
INF 2026-08-04T20:22:24.644Z > 200 GET /api/v1/ 251.22ms
INF 2026-08-04T20:22:24.645Z > 200 GET /api/v1/ 248.59ms
INF 2026-08-04T20:22:24.647Z > 200 GET /api/v1/ 34.16ms
INF 2026-08-04T20:22:24.647Z > 200 GET /api/v1/ 40.79ms
INF 2026-08-04T20:22:24.648Z > 200 GET /api/v1/ 247.65ms
INF 2026-08-04T20:22:24.651Z > 200 GET /api/v1/ 257.2ms
INF 2026-08-04T20:22:24.651Z > 200 GET /api/v1/ 247.62ms
INF 2026-08-04T20:22:24.655Z > 200 GET /api/v1/ 274.16ms
INF 2026-08-04T20:22:24.656Z > 200 GET /api/v1/ 38.36ms
INF 2026-08-04T20:22:24.657Z > 200 GET /api/v1/ 35.88ms
INF 2026-08-04T20:22:24.658Z > 200 GET /api/v1/ 34.86ms
INF 2026-08-04T20:22:24.659Z > 200 GET /api/v1/ 278.63ms
INF 2026-08-04T20:22:24.659Z > 200 GET /api/v1/ 33.12ms
INF 2026-08-04T20:22:24.660Z > 200 GET /api/v1/ 244.73ms
INF 2026-08-04T20:22:24.661Z > 200 GET /api/v1/ 25.55ms
INF 2026-08-04T20:22:24.661Z > 200 GET /api/v1/ 39.56ms
INF 2026-08-04T20:22:24.661Z > 200 GET /api/v1/ 40.0ms
INF 2026-08-04T20:22:24.663Z > 200 GET /api/v1/ 283.09ms
INF 2026-08-04T20:22:24.664Z > 200 GET /api/v1/ 38.74ms
INF 2026-08-04T20:22:24.665Z > 200 GET /api/v1/ 249.47ms
INF 2026-08-04T20:22:24.666Z > 200 GET /api/v1/ 250.51ms
INF 2026-08-04T20:22:24.667Z > 200 GET /api/v1/ 28.01ms
INF 2026-08-04T20:22:24.667Z > 200 GET /api/v1/ 271.19ms
INF 2026-08-04T20:22:24.667Z > 200 GET /api/v1/ 23.41ms
INF 2026-08-04T20:22:24.668Z > 200 GET /api/v1/ 22.77ms
INF 2026-08-04T20:22:24.670Z > 200 GET /api/v1/ 23.29ms
INF 2026-08-04T20:22:24.670Z > 200 GET /api/v1/ 23.14ms
INF 2026-08-04T20:22:24.670Z > 200 GET /api/v1/ 279.88ms
INF 2026-08-04T20:22:24.676Z > 200 GET /api/v1/ 21.73ms
INF 2026-08-04T20:22:24.678Z > 200 GET /api/v1/ 262.21ms
INF 2026-08-04T20:22:24.679Z > 200 GET /api/v1/ 20.32ms
INF 2026-08-04T20:22:24.680Z > 200 GET /api/v1/ 16.37ms
INF 2026-08-04T20:22:24.680Z > 200 GET /api/v1/ 15.61ms
INF 2026-08-04T20:22:24.680Z > 200 GET /api/v1/ 13.46ms
INF 2026-08-04T20:22:24.681Z > 200 GET /api/v1/ 20.24ms
INF 2026-08-04T20:22:24.682Z > 200 GET /api/v1/ 20.67ms
INF 2026-08-04T20:22:24.682Z > 200 GET /api/v1/ 14.49ms
INF 2026-08-04T20:22:24.684Z > 200 GET /api/v1/ 13.47ms
INF 2026-08-04T20:22:24.684Z > 200 GET /api/v1/ 17.74ms
INF 2026-08-04T20:22:24.684Z > 200 GET /api/v1/ 18.9ms
INF 2026-08-04T20:22:24.694Z > 200 GET /api/v1/ 274.08ms
INF 2026-08-04T20:22:24.697Z > 200 GET /api/v1/ 266.87ms
INF 2026-08-04T20:22:24.705Z > 200 GET /api/v1/ 25.24ms
INF 2026-08-04T20:22:24.706Z > 200 GET /api/v1/ 24.74ms
INF 2026-08-04T20:22:24.714Z > 200 GET /api/v1/ 33.5ms
INF 2026-08-04T20:22:24.715Z > 200 GET /api/v1/ 32.74ms
INF 2026-08-04T20:22:24.717Z > 200 GET /api/v1/ 32.55ms
INF 2026-08-04T20:22:24.722Z > 200 GET /api/v1/ 24.77ms
INF 2026-08-04T20:22:24.722Z > 200 GET /api/v1/ 260.89ms
INF 2026-08-04T20:22:24.722Z > 200 GET /api/v1/ 286.92ms
INF 2026-08-04T20:22:24.723Z > 200 GET /api/v1/ 16.97ms
INF 2026-08-04T20:22:24.725Z > 200 GET /api/v1/ 282.76ms
INF 2026-08-04T20:22:24.725Z > 200 GET /api/v1/ 282.61ms
INF 2026-08-04T20:22:24.726Z > 200 GET /api/v1/ 19.86ms
INF 2026-08-04T20:22:24.732Z > 200 GET /api/v1/ 281.15ms
INF 2026-08-04T20:22:24.733Z > 200 GET /api/v1/ 269.37ms
INF 2026-08-04T20:22:24.733Z > 200 GET /api/v1/ 280.07ms
INF 2026-08-04T20:22:24.734Z > 200 GET /api/v1/ 269.22ms
INF 2026-08-04T20:22:24.735Z > 200 GET /api/v1/ 17.59ms
INF 2026-08-04T20:22:24.738Z > 200 GET /api/v1/ 15.41ms
INF 2026-08-04T20:22:24.739Z > 200 GET /api/v1/ 14.0ms
INF 2026-08-04T20:22:24.740Z > 200 GET /api/v1/ 13.38ms
INF 2026-08-04T20:22:24.743Z > 200 GET /api/v1/ 270.39ms
INF 2026-08-04T20:22:24.748Z > 200 GET /api/v1/ 261.45ms
INF 2026-08-04T20:22:24.748Z > 200 GET /api/v1/ 26.18ms
INF 2026-08-04T20:22:24.749Z > 200 GET /api/v1/ 16.03ms
INF 2026-08-04T20:22:24.754Z > 200 GET /api/v1/ 274.21ms
INF 2026-08-04T20:22:24.754Z > 200 GET /api/v1/ 274.52ms
INF 2026-08-04T20:22:24.755Z > 200 GET /api/v1/ 266.68ms
INF 2026-08-04T20:22:24.755Z > 200 GET /api/v1/ 15.93ms
INF 2026-08-04T20:22:24.756Z > 200 GET /api/v1/ 17.51ms
INF 2026-08-04T20:22:24.757Z > 200 GET /api/v1/ 17.19ms
INF 2026-08-04T20:22:24.760Z > 200 GET /api/v1/ 17.49ms
INF 2026-08-04T20:22:24.763Z > 200 GET /api/v1/ 13.1ms
INF 2026-08-04T20:22:24.764Z > 200 GET /api/v1/ 274.89ms
INF 2026-08-04T20:22:24.764Z > 200 GET /api/v1/ 270.21ms
INF 2026-08-04T20:22:24.765Z > 200 GET /api/v1/ 8.6ms
INF 2026-08-04T20:22:24.765Z > 200 GET /api/v1/ 9.65ms
INF 2026-08-04T20:22:24.766Z > 200 GET /api/v1/ 269.68ms
INF 2026-08-04T20:22:24.769Z > 200 GET /api/v1/ 4.89ms
INF 2026-08-04T20:22:24.769Z > 200 GET /api/v1/ 4.45ms
INF 2026-08-04T20:22:24.770Z > 200 GET /api/v1/ 274.87ms
INF 2026-08-04T20:22:24.771Z > 200 GET /api/v1/ 277.86ms
INF 2026-08-04T20:22:24.780Z > 200 GET /api/v1/ 273.19ms
INF 2026-08-04T20:22:24.781Z > 200 GET /api/v1/ 274.14ms
INF 2026-08-04T20:22:24.788Z > 200 GET /api/v1/ 268.28ms
INF 2026-08-04T20:22:24.790Z > 200 GET /api/v1/ 265.7ms
INF 2026-08-04T20:22:24.790Z > 200 GET /api/v1/ 275.36ms
INF 2026-08-04T20:22:24.791Z > 200 GET /api/v1/ 263.82ms
INF 2026-08-04T20:22:24.793Z > 200 GET /api/v1/ 267.02ms
INF 2026-08-04T20:22:24.794Z > 200 GET /api/v1/ 267.8ms
INF 2026-08-04T20:22:24.795Z > 200 GET /api/v1/ 268.41ms
INF 2026-08-04T20:22:24.795Z > 200 GET /api/v1/ 269.41ms
INF 2026-08-04T20:22:24.801Z > 200 GET /api/v1/ 272.56ms
INF 2026-08-04T20:22:24.802Z > 200 GET /api/v1/ 232.08ms
INF 2026-08-04T20:22:24.802Z > 200 GET /api/v1/ 11.73ms
INF 2026-08-04T20:22:24.804Z > 200 GET /api/v1/ 257.17ms
INF 2026-08-04T20:22:24.805Z > 200 GET /api/v1/ 272.62ms
INF 2026-08-04T20:22:24.805Z > 200 GET /api/v1/ 272.76ms
INF 2026-08-04T20:22:24.806Z > 200 GET /api/v1/ 260.72ms
INF 2026-08-04T20:22:24.806Z > 200 GET /api/v1/ 267.56ms
INF 2026-08-04T20:22:24.807Z > 200 GET /api/v1/ 12.08ms
INF 2026-08-04T20:22:24.808Z > 200 GET /api/v1/ 276.6ms
INF 2026-08-04T20:22:24.809Z > 200 GET /api/v1/ 242.86ms
INF 2026-08-04T20:22:24.809Z > 200 GET /api/v1/ 276.66ms
INF 2026-08-04T20:22:24.815Z > 200 GET /api/v1/ 273.17ms
INF 2026-08-04T20:22:24.815Z > 200 GET /api/v1/ 274.02ms
INF 2026-08-04T20:22:24.816Z > 200 GET /api/v1/ 11.36ms
INF 2026-08-04T20:22:24.816Z > 200 GET /api/v1/ 270.96ms
INF 2026-08-04T20:22:24.825Z > 200 GET /api/v1/ 20.92ms
INF 2026-08-04T20:22:24.827Z > 200 GET /api/v1/ 238.07ms
INF 2026-08-04T20:22:24.827Z > 200 GET /api/v1/ 282.69ms
INF 2026-08-04T20:22:24.836Z > 200 GET /api/v1/ 245.99ms
INF 2026-08-04T20:22:24.836Z > 200 GET /api/v1/ 286.66ms
INF 2026-08-04T20:22:24.837Z > 200 GET /api/v1/ 247.4ms
INF 2026-08-04T20:22:24.837Z > 200 GET /api/v1/ 220.33ms
INF 2026-08-04T20:22:24.840Z > 200 GET /api/v1/ 229.36ms
INF 2026-08-04T20:22:24.840Z > 200 GET /api/v1/ 277.43ms
INF 2026-08-04T20:22:24.843Z > 200 GET /api/v1/ 305.74ms
INF 2026-08-04T20:22:24.844Z > 200 GET /api/v1/ 298.69ms
INF 2026-08-04T20:22:24.845Z > 200 GET /api/v1/ 208.46ms
INF 2026-08-04T20:22:24.845Z > 200 GET /api/v1/ 205.86ms
INF 2026-08-04T20:22:24.849Z > 200 GET /api/v1/ 23.52ms
INF 2026-08-04T20:22:24.859Z > 200 GET /api/v1/ 221.86ms
INF 2026-08-04T20:22:24.859Z > 200 GET /api/v1/ 32.02ms
INF 2026-08-04T20:22:24.859Z > 200 GET /api/v1/ 245.25ms
INF 2026-08-04T20:22:24.859Z > 200 GET /api/v1/ 237.69ms
INF 2026-08-04T20:22:24.863Z > 200 GET /api/v1/ 26.9ms
INF 2026-08-04T20:22:24.864Z > 200 GET /api/v1/ 222.27ms
INF 2026-08-04T20:22:24.868Z > 200 GET /api/v1/ 30.66ms
INF 2026-08-04T20:22:24.869Z > 200 GET /api/v1/ 325.21ms
INF 2026-08-04T20:22:24.870Z > 200 GET /api/v1/ 29.91ms
INF 2026-08-04T20:22:24.871Z > 200 GET /api/v1/ 220.08ms
INF 2026-08-04T20:22:24.873Z > 200 GET /api/v1/ 302.62ms
INF 2026-08-04T20:22:24.878Z > 200 GET /api/v1/ 32.89ms
INF 2026-08-04T20:22:24.879Z > 200 GET /api/v1/ 230.72ms
INF 2026-08-04T20:22:24.880Z > 200 GET /api/v1/ 242.99ms
INF 2026-08-04T20:22:24.880Z > 200 GET /api/v1/ 272.99ms
INF 2026-08-04T20:22:24.880Z > 200 GET /api/v1/ 335.68ms
INF 2026-08-04T20:22:24.882Z > 200 GET /api/v1/ 275.01ms
INF 2026-08-04T20:22:24.882Z > 200 GET /api/v1/ 344.51ms
INF 2026-08-04T20:22:24.883Z > 200 GET /api/v1/ 338.78ms
INF 2026-08-04T20:22:24.883Z > 200 GET /api/v1/ 34.05ms
INF 2026-08-04T20:22:24.883Z > 200 GET /api/v1/ 270.88ms
INF 2026-08-04T20:22:24.885Z > 200 GET /api/v1/ 346.89ms
INF 2026-08-04T20:22:24.885Z > 200 GET /api/v1/ 292.65ms
INF 2026-08-04T20:22:24.885Z > 200 GET /api/v1/ 271.82ms
INF 2026-08-04T20:22:24.885Z > 200 GET /api/v1/ 276.4ms
INF 2026-08-04T20:22:24.886Z > 200 GET /api/v1/ 337.7ms
INF 2026-08-04T20:22:24.886Z > 200 GET /api/v1/ 22.39ms
INF 2026-08-04T20:22:24.886Z > 200 GET /api/v1/ 295.65ms
INF 2026-08-04T20:22:24.888Z > 200 GET /api/v1/ 248.01ms
INF 2026-08-04T20:22:24.889Z > 200 GET /api/v1/ 20.97ms
INF 2026-08-04T20:22:24.890Z > 200 GET /api/v1/ 18.83ms
INF 2026-08-04T20:22:24.893Z > 200 GET /api/v1/ 242.13ms
INF 2026-08-04T20:22:24.894Z > 200 GET /api/v1/ 13.55ms
INF 2026-08-04T20:22:24.894Z > 200 GET /api/v1/ 15.77ms
INF 2026-08-04T20:22:24.895Z > 200 GET /api/v1/ 10.97ms
INF 2026-08-04T20:22:24.895Z > 200 GET /api/v1/ 9.65ms
INF 2026-08-04T20:22:24.895Z > 200 GET /api/v1/ 14.73ms
INF 2026-08-04T20:22:24.895Z > 200 GET /api/v1/ 12.48ms
INF 2026-08-04T20:22:24.896Z > 200 GET /api/v1/ 6.61ms
INF 2026-08-04T20:22:24.897Z > 200 GET /api/v1/ 11.47ms
INF 2026-08-04T20:22:24.898Z > 200 GET /api/v1/ 9.32ms
INF 2026-08-04T20:22:24.900Z > 200 GET /api/v1/ 5.16ms
INF 2026-08-04T20:22:24.901Z > 200 GET /api/v1/ 4.84ms
INF 2026-08-04T20:22:24.901Z > 200 GET /api/v1/ 3.61ms
INF 2026-08-04T20:22:24.905Z > 200 GET /api/v1/ 3.9ms
INF 2026-08-04T20:22:24.905Z > 200 GET /api/v1/ 3.96ms
INF 2026-08-04T20:22:24.921Z > 200 GET /api/v1/ 16.07ms
INF 2026-08-04T20:22:24.923Z > 200 GET /api/v1/ 18.07ms
INF 2026-08-04T20:22:24.927Z > 200 GET /api/v1/ 269.9ms
INF 2026-08-04T20:22:24.934Z > 200 GET /api/v1/ 274.57ms
INF 2026-08-04T20:22:24.936Z > 200 GET /api/v1/ 275.15ms
INF 2026-08-04T20:22:24.937Z > 200 GET /api/v1/ 13.91ms
INF 2026-08-04T20:22:24.939Z > 200 GET /api/v1/ 270.73ms
INF 2026-08-04T20:22:24.941Z > 200 GET /api/v1/ 14.05ms
INF 2026-08-04T20:22:24.943Z > 200 GET /api/v1/ 272.06ms
INF 2026-08-04T20:22:24.943Z > 200 GET /api/v1/ 281.78ms
INF 2026-08-04T20:22:24.945Z > 200 GET /api/v1/ 277.6ms
INF 2026-08-04T20:22:24.949Z > 200 GET /api/v1/ 272.41ms
INF 2026-08-04T20:22:24.949Z > 200 GET /api/v1/ 13.49ms
INF 2026-08-04T20:22:24.952Z > 200 GET /api/v1/ 17.95ms
INF 2026-08-04T20:22:24.953Z > 200 GET /api/v1/ 11.81ms
INF 2026-08-04T20:22:24.955Z > 200 GET /api/v1/ 11.93ms
INF 2026-08-04T20:22:24.956Z > 200 GET /api/v1/ 296.59ms
INF 2026-08-04T20:22:24.956Z > 200 GET /api/v1/ 300.75ms
INF 2026-08-04T20:22:24.957Z > 200 GET /api/v1/ 277.62ms
INF 2026-08-04T20:22:24.957Z > 200 GET /api/v1/ 286.27ms
INF 2026-08-04T20:22:24.958Z > 200 GET /api/v1/ 279.42ms
INF 2026-08-04T20:22:24.958Z > 200 GET /api/v1/ 6.17ms
INF 2026-08-04T20:22:24.959Z > 200 GET /api/v1/ 278.21ms
INF 2026-08-04T20:22:24.959Z > 200 GET /api/v1/ 21.65ms
INF 2026-08-04T20:22:24.960Z > 200 GET /api/v1/ 3.75ms
INF 2026-08-04T20:22:24.960Z > 200 GET /api/v1/ 277.41ms
INF 2026-08-04T20:22:24.960Z > 200 GET /api/v1/ 3.59ms
INF 2026-08-04T20:22:24.960Z > 200 GET /api/v1/ 3.58ms
INF 2026-08-04T20:22:24.963Z > 200 GET /api/v1/ 3.22ms
INF 2026-08-04T20:22:24.964Z > 200 GET /api/v1/ 3.34ms
INF 2026-08-04T20:22:24.969Z > 200 GET /api/v1/ 284.05ms
INF 2026-08-04T20:22:24.969Z > 200 GET /api/v1/ 284.41ms
INF 2026-08-04T20:22:24.969Z > 200 GET /api/v1/ 5.07ms
INF 2026-08-04T20:22:24.971Z > 200 GET /api/v1/ 256.59ms
INF 2026-08-04T20:22:24.973Z > 200 GET /api/v1/ 278.03ms
INF 2026-08-04T20:22:24.973Z > 200 GET /api/v1/ 258.08ms
INF 2026-08-04T20:22:24.975Z > 200 GET /api/v1/ 249.75ms
INF 2026-08-04T20:22:24.976Z > 200 GET /api/v1/ 253.9ms
INF 2026-08-04T20:22:24.977Z > 200 GET /api/v1/ 243.32ms
INF 2026-08-04T20:22:24.977Z > 200 GET /api/v1/ 7.83ms
INF 2026-08-04T20:22:24.988Z > 200 GET /api/v1/ 252.84ms
INF 2026-08-04T20:22:24.989Z > 200 GET /api/v1/ 267.02ms
INF 2026-08-04T20:22:24.989Z > 200 GET /api/v1/ 257.04ms
INF 2026-08-04T20:22:24.989Z > 200 GET /api/v1/ 255.18ms
INF 2026-08-04T20:22:24.994Z > 200 GET /api/v1/ 245.24ms
INF 2026-08-04T20:22:24.994Z > 200 GET /api/v1/ 240.36ms
INF 2026-08-04T20:22:24.994Z > 200 GET /api/v1/ 246.01ms
INF 2026-08-04T20:22:24.999Z > 200 GET /api/v1/ 233.8ms
INF 2026-08-04T20:22:24.999Z > 200 GET /api/v1/ 236.49ms
INF 2026-08-04T20:22:24.999Z > 200 GET /api/v1/ 22.33ms
INF 2026-08-04T20:22:25.000Z > 200 GET /api/v1/ 239.27ms
INF 2026-08-04T20:22:25.000Z > 200 GET /api/v1/ 246.03ms
INF 2026-08-04T20:22:25.000Z > 200 GET /api/v1/ 236.22ms
INF 2026-08-04T20:22:25.000Z > 200 GET /api/v1/ 243.31ms
INF 2026-08-04T20:22:25.001Z > 200 GET /api/v1/ 231.46ms
INF 2026-08-04T20:22:25.001Z > 200 GET /api/v1/ 245.63ms
INF 2026-08-04T20:22:25.004Z > 200 GET /api/v1/ 233.49ms
INF 2026-08-04T20:22:25.015Z > 200 GET /api/v1/ 15.37ms
INF 2026-08-04T20:22:25.017Z > 200 GET /api/v1/ 17.31ms
INF 2026-08-04T20:22:25.019Z > 200 GET /api/v1/ 208.93ms
INF 2026-08-04T20:22:25.020Z > 200 GET /api/v1/ 19.09ms
INF 2026-08-04T20:22:25.020Z > 200 GET /api/v1/ 18.98ms
INF 2026-08-04T20:22:25.022Z > 200 GET /api/v1/ 21.12ms
INF 2026-08-04T20:22:25.025Z > 200 GET /api/v1/ 220.2ms
INF 2026-08-04T20:22:25.026Z > 200 GET /api/v1/ 210.31ms
INF 2026-08-04T20:22:25.027Z > 200 GET /api/v1/ 210.99ms
INF 2026-08-04T20:22:25.028Z > 200 GET /api/v1/ 258.89ms
INF 2026-08-04T20:22:25.030Z > 200 GET /api/v1/ 234.97ms
INF 2026-08-04T20:22:25.036Z > 200 GET /api/v1/ 219.66ms
INF 2026-08-04T20:22:25.039Z > 200 GET /api/v1/ 23.74ms
INF 2026-08-04T20:22:25.039Z > 200 GET /api/v1/ 231.89ms
INF 2026-08-04T20:22:25.042Z > 200 GET /api/v1/ 23.05ms
INF 2026-08-04T20:22:25.044Z > 200 GET /api/v1/ 183.77ms
INF 2026-08-04T20:22:25.049Z > 200 GET /api/v1/ 208.88ms
INF 2026-08-04T20:22:25.049Z > 200 GET /api/v1/ 31.58ms
INF 2026-08-04T20:22:25.052Z > 200 GET /api/v1/ 214.28ms
INF 2026-08-04T20:22:25.052Z > 200 GET /api/v1/ 24.57ms
INF 2026-08-04T20:22:25.053Z > 200 GET /api/v1/ 207.14ms
INF 2026-08-04T20:22:25.055Z > 200 GET /api/v1/ 29.63ms
INF 2026-08-04T20:22:25.057Z > 200 GET /api/v1/ 26.19ms
INF 2026-08-04T20:22:25.067Z > 200 GET /api/v1/ 296.05ms
INF 2026-08-04T20:22:25.067Z > 200 GET /api/v1/ 44.89ms
INF 2026-08-04T20:22:25.067Z > 200 GET /api/v1/ 261.57ms
INF 2026-08-04T20:22:25.070Z > 200 GET /api/v1/ 303.77ms
INF 2026-08-04T20:22:25.074Z > 200 GET /api/v1/ 37.53ms
INF 2026-08-04T20:22:25.075Z > 200 GET /api/v1/ 279.16ms
INF 2026-08-04T20:22:25.079Z > 200 GET /api/v1/ 235.04ms
INF 2026-08-04T20:22:25.080Z > 200 GET /api/v1/ 253.58ms
INF 2026-08-04T20:22:25.083Z > 200 GET /api/v1/ 267.26ms
INF 2026-08-04T20:22:25.085Z > 200 GET /api/v1/ 303.42ms
INF 2026-08-04T20:22:25.087Z > 200 GET /api/v1/ 226.59ms
INF 2026-08-04T20:22:25.090Z > 200 GET /api/v1/ 229.68ms
INF 2026-08-04T20:22:25.090Z > 200 GET /api/v1/ 284.52ms
INF 2026-08-04T20:22:25.090Z > 200 GET /api/v1/ 283.86ms
INF 2026-08-04T20:22:25.090Z > 200 GET /api/v1/ 301.46ms
INF 2026-08-04T20:22:25.091Z > 200 GET /api/v1/ 254.13ms
INF 2026-08-04T20:22:25.091Z > 200 GET /api/v1/ 288.45ms
INF 2026-08-04T20:22:25.092Z > 200 GET /api/v1/ 283.3ms
INF 2026-08-04T20:22:25.094Z > 200 GET /api/v1/ 284.27ms
INF 2026-08-04T20:22:25.095Z > 200 GET /api/v1/ 230.79ms
INF 2026-08-04T20:22:25.095Z > 200 GET /api/v1/ 314.39ms
INF 2026-08-04T20:22:25.095Z > 200 GET /api/v1/ 20.63ms
INF 2026-08-04T20:22:25.097Z > 200 GET /api/v1/ 227.76ms
INF 2026-08-04T20:22:25.097Z > 200 GET /api/v1/ 305.11ms
INF 2026-08-04T20:22:25.098Z > 200 GET /api/v1/ 16.9ms
INF 2026-08-04T20:22:25.100Z > 200 GET /api/v1/ 10.17ms
INF 2026-08-04T20:22:25.100Z > 200 GET /api/v1/ 10.06ms
INF 2026-08-04T20:22:25.101Z > 200 GET /api/v1/ 15.81ms
INF 2026-08-04T20:22:25.101Z > 200 GET /api/v1/ 8.61ms
INF 2026-08-04T20:22:25.101Z > 200 GET /api/v1/ 7.11ms
INF 2026-08-04T20:22:25.102Z > 200 GET /api/v1/ 6.97ms
INF 2026-08-04T20:22:25.103Z > 200 GET /api/v1/ 232.84ms
INF 2026-08-04T20:22:25.103Z > 200 GET /api/v1/ 258.58ms
INF 2026-08-04T20:22:25.104Z > 200 GET /api/v1/ 3.76ms
INF 2026-08-04T20:22:25.105Z > 200 GET /api/v1/ 244.78ms
INF 2026-08-04T20:22:25.105Z > 200 GET /api/v1/ 3.94ms
INF 2026-08-04T20:22:25.105Z > 200 GET /api/v1/ 301.85ms
INF 2026-08-04T20:22:25.106Z > 200 GET /api/v1/ 4.57ms
INF 2026-08-04T20:22:25.106Z > 200 GET /api/v1/ 310.76ms
INF 2026-08-04T20:22:25.106Z > 200 GET /api/v1/ 315.74ms
INF 2026-08-04T20:22:25.109Z > 200 GET /api/v1/ 3.46ms
INF 2026-08-04T20:22:25.110Z > 200 GET /api/v1/ 236.64ms
INF 2026-08-04T20:22:25.111Z > 200 GET /api/v1/ 68.61ms
INF 2026-08-04T20:22:25.112Z > 200 GET /api/v1/ 62.86ms
INF 2026-08-04T20:22:25.114Z > 200 GET /api/v1/ 10.76ms
INF 2026-08-04T20:22:25.114Z > 200 GET /api/v1/ 3.26ms
INF 2026-08-04T20:22:25.114Z > 200 GET /api/v1/ 59.03ms
INF 2026-08-04T20:22:25.122Z > 200 GET /api/v1/ 17.21ms
INF 2026-08-04T20:22:25.142Z > 200 GET /api/v1/ 259.28ms
INF 2026-08-04T20:22:25.146Z > 200 GET /api/v1/ 263.92ms
INF 2026-08-04T20:22:25.151Z > 200 GET /api/v1/ 265.21ms
INF 2026-08-04T20:22:25.153Z > 200 GET /api/v1/ 267.45ms
INF 2026-08-04T20:22:25.155Z > 200 GET /api/v1/ 273.52ms
INF 2026-08-04T20:22:25.156Z > 200 GET /api/v1/ 274.99ms
INF 2026-08-04T20:22:25.157Z > 200 GET /api/v1/ 263.47ms
INF 2026-08-04T20:22:25.163Z > 200 GET /api/v1/ 277.49ms
INF 2026-08-04T20:22:25.165Z > 200 GET /api/v1/ 274.91ms
INF 2026-08-04T20:22:25.167Z > 200 GET /api/v1/ 24.63ms
INF 2026-08-04T20:22:25.168Z > 200 GET /api/v1/ 16.21ms
INF 2026-08-04T20:22:25.169Z > 200 GET /api/v1/ 282.65ms
INF 2026-08-04T20:22:25.170Z > 200 GET /api/v1/ 16.33ms
INF 2026-08-04T20:22:25.172Z > 200 GET /api/v1/ 16.22ms
INF 2026-08-04T20:22:25.175Z > 200 GET /api/v1/ 279.55ms
INF 2026-08-04T20:22:25.176Z > 200 GET /api/v1/ 289.95ms
INF 2026-08-04T20:22:25.178Z > 200 GET /api/v1/ 284.0ms
INF 2026-08-04T20:22:25.184Z > 200 GET /api/v1/ 288.39ms
INF 2026-08-04T20:22:25.185Z > 200 GET /api/v1/ 15.07ms
INF 2026-08-04T20:22:25.187Z > 200 GET /api/v1/ 15.46ms
INF 2026-08-04T20:22:25.188Z > 200 GET /api/v1/ 20.66ms
INF 2026-08-04T20:22:25.188Z > 200 GET /api/v1/ 290.71ms
INF 2026-08-04T20:22:25.190Z > 200 GET /api/v1/ 14.96ms
INF 2026-08-04T20:22:25.192Z > 200 GET /api/v1/ 24.08ms
INF 2026-08-04T20:22:25.192Z > 200 GET /api/v1/ 15.84ms
INF 2026-08-04T20:22:25.193Z > 200 GET /api/v1/ 293.41ms
INF 2026-08-04T20:22:25.194Z > 200 GET /api/v1/ 297.83ms
INF 2026-08-04T20:22:25.194Z > 200 GET /api/v1/ 15.63ms
INF 2026-08-04T20:22:25.199Z > 200 GET /api/v1/ 92.78ms
INF 2026-08-04T20:22:25.199Z > 200 GET /api/v1/ 256.71ms
INF 2026-08-04T20:22:25.203Z > 200 GET /api/v1/ 10.51ms
INF 2026-08-04T20:22:25.203Z > 200 GET /api/v1/ 281.82ms
INF 2026-08-04T20:22:25.203Z > 200 GET /api/v1/ 324.52ms
INF 2026-08-04T20:22:25.206Z > 200 GET /api/v1/ 311.49ms
INF 2026-08-04T20:22:25.206Z > 200 GET /api/v1/ 256.94ms
INF 2026-08-04T20:22:25.207Z > 200 GET /api/v1/ 38.14ms
INF 2026-08-04T20:22:25.207Z > 200 GET /api/v1/ 254.1ms
INF 2026-08-04T20:22:25.207Z > 200 GET /api/v1/ 257.98ms
INF 2026-08-04T20:22:25.209Z > 200 GET /api/v1/ 6.23ms
INF 2026-08-04T20:22:25.210Z > 200 GET /api/v1/ 264.14ms
INF 2026-08-04T20:22:25.222Z > 200 GET /api/v1/ 266.43ms
INF 2026-08-04T20:22:25.223Z > 200 GET /api/v1/ 266.02ms
INF 2026-08-04T20:22:25.223Z > 200 GET /api/v1/ 264.33ms
INF 2026-08-04T20:22:25.228Z > 200 GET /api/v1/ 21.39ms
INF 2026-08-04T20:22:25.228Z > 200 GET /api/v1/ 289.34ms
INF 2026-08-04T20:22:25.229Z > 200 GET /api/v1/ 25.83ms
INF 2026-08-04T20:22:25.229Z > 200 GET /api/v1/ 21.75ms
INF 2026-08-04T20:22:25.230Z > 200 GET /api/v1/ 266.99ms
INF 2026-08-04T20:22:25.235Z > 200 GET /api/v1/ 275.72ms
INF 2026-08-04T20:22:25.236Z > 200 GET /api/v1/ 52.31ms
INF 2026-08-04T20:22:25.237Z > 200 GET /api/v1/ 275.8ms
INF 2026-08-04T20:22:25.237Z > 200 GET /api/v1/ 277.19ms
INF 2026-08-04T20:22:25.237Z > 200 GET /api/v1/ 263.84ms
INF 2026-08-04T20:22:25.238Z > 200 GET /api/v1/ 279.73ms
INF 2026-08-04T20:22:25.238Z > 200 GET /api/v1/ 266.77ms
INF 2026-08-04T20:22:25.238Z > 200 GET /api/v1/ 278.4ms
INF 2026-08-04T20:22:25.240Z > 200 GET /api/v1/ 46.45ms
INF 2026-08-04T20:22:25.240Z > 200 GET /api/v1/ 266.9ms
INF 2026-08-04T20:22:25.241Z > 200 GET /api/v1/ 50.09ms
INF 2026-08-04T20:22:25.241Z > 200 GET /api/v1/ 118.34ms
INF 2026-08-04T20:22:25.241Z > 200 GET /api/v1/ 271.74ms
INF 2026-08-04T20:22:25.245Z > 200 GET /api/v1/ 268.08ms
INF 2026-08-04T20:22:25.251Z > 200 GET /api/v1/ 251.24ms
INF 2026-08-04T20:22:25.251Z > 200 GET /api/v1/ 250.92ms
INF 2026-08-04T20:22:25.266Z > 200 GET /api/v1/ 27.78ms
INF 2026-08-04T20:22:25.267Z > 200 GET /api/v1/ 276.9ms
INF 2026-08-04T20:22:25.267Z > 200 GET /api/v1/ 25.71ms
INF 2026-08-04T20:22:25.267Z > 200 GET /api/v1/ 29.94ms
INF 2026-08-04T20:22:25.288Z > 200 GET /api/v1/ 312.29ms
INF 2026-08-04T20:22:25.289Z > 200 GET /api/v1/ 299.96ms
INF 2026-08-04T20:22:25.290Z > 200 GET /api/v1/ 285.53ms
INF 2026-08-04T20:22:25.290Z > 200 GET /api/v1/ 240.68ms
INF 2026-08-04T20:22:25.290Z > 200 GET /api/v1/ 261.63ms
INF 2026-08-04T20:22:25.292Z > 200 GET /api/v1/ 213.23ms
INF 2026-08-04T20:22:25.294Z > 200 GET /api/v1/ 298.8ms
INF 2026-08-04T20:22:25.305Z > 200 GET /api/v1/ 237.78ms
INF 2026-08-04T20:22:25.306Z > 200 GET /api/v1/ 253.88ms
INF 2026-08-04T20:22:25.306Z > 200 GET /api/v1/ 238.35ms
INF 2026-08-04T20:22:25.306Z > 200 GET /api/v1/ 223.38ms
INF 2026-08-04T20:22:25.306Z > 200 GET /api/v1/ 280.65ms
INF 2026-08-04T20:22:25.307Z > 200 GET /api/v1/ 306.28ms
INF 2026-08-04T20:22:25.307Z > 200 GET /api/v1/ 267.76ms
INF 2026-08-04T20:22:25.308Z > 200 GET /api/v1/ 240.12ms
INF 2026-08-04T20:22:25.308Z > 200 GET /api/v1/ 218.19ms
INF 2026-08-04T20:22:25.309Z > 200 GET /api/v1/ 318.99ms
INF 2026-08-04T20:22:25.309Z > 200 GET /api/v1/ 313.93ms
INF 2026-08-04T20:22:25.311Z > 200 GET /api/v1/ 258.08ms
INF 2026-08-04T20:22:25.311Z > 200 GET /api/v1/ 271.84ms
INF 2026-08-04T20:22:25.312Z > 200 GET /api/v1/ 316.7ms
INF 2026-08-04T20:22:25.313Z > 200 GET /api/v1/ 255.95ms
INF 2026-08-04T20:22:25.313Z > 200 GET /api/v1/ 323.57ms
INF 2026-08-04T20:22:25.313Z > 200 GET /api/v1/ 344.21ms
INF 2026-08-04T20:22:25.314Z > 200 GET /api/v1/ 239.78ms
INF 2026-08-04T20:22:25.315Z > 200 GET /api/v1/ 312.12ms
INF 2026-08-04T20:22:25.315Z > 200 GET /api/v1/ 295.19ms
INF 2026-08-04T20:22:25.316Z > 200 GET /api/v1/ 50.08ms
INF 2026-08-04T20:22:25.316Z > 200 GET /api/v1/ 49.36ms
INF 2026-08-04T20:22:25.317Z > 200 GET /api/v1/ 297.16ms
INF 2026-08-04T20:22:25.317Z > 200 GET /api/v1/ 226.43ms
INF 2026-08-04T20:22:25.318Z > 200 GET /api/v1/ 265.17ms
INF 2026-08-04T20:22:25.320Z > 200 GET /api/v1/ 249.43ms
INF 2026-08-04T20:22:25.321Z > 200 GET /api/v1/ 344.42ms
INF 2026-08-04T20:22:25.321Z > 200 GET /api/v1/ 277.26ms
INF 2026-08-04T20:22:25.327Z > 200 GET /api/v1/ 235.9ms
INF 2026-08-04T20:22:25.329Z > 200 GET /api/v1/ 241.83ms
INF 2026-08-04T20:22:25.329Z > 200 GET /api/v1/ 15.35ms
INF 2026-08-04T20:22:25.330Z > 200 GET /api/v1/ 10.11ms
INF 2026-08-04T20:22:25.331Z > 200 GET /api/v1/ 235.0ms
INF 2026-08-04T20:22:25.331Z > 200 GET /api/v1/ 235.27ms
INF 2026-08-04T20:22:25.335Z > 200 GET /api/v1/ 6.03ms
INF 2026-08-04T20:22:25.335Z > 200 GET /api/v1/ 238.38ms
INF 2026-08-04T20:22:25.336Z > 200 GET /api/v1/ 237.75ms
INF 2026-08-04T20:22:25.336Z > 200 GET /api/v1/ 5.6ms
INF 2026-08-04T20:22:25.336Z > 200 GET /api/v1/ 5.38ms
INF 2026-08-04T20:22:25.339Z > 200 GET /api/v1/ 3.01ms
INF 2026-08-04T20:22:25.339Z > 200 GET /api/v1/ 2.8ms
INF 2026-08-04T20:22:25.342Z > 200 GET /api/v1/ 2.68ms
INF 2026-08-04T20:22:25.343Z > 200 GET /api/v1/ 34.21ms
INF 2026-08-04T20:22:25.344Z > 200 GET /api/v1/ 252.49ms
INF 2026-08-04T20:22:25.346Z > 200 GET /api/v1/ 2.71ms
INF 2026-08-04T20:22:25.347Z > 200 GET /api/v1/ 29.95ms
INF 2026-08-04T20:22:25.347Z > 200 GET /api/v1/ 57.67ms
INF 2026-08-04T20:22:25.348Z > 200 GET /api/v1/ 39.76ms
INF 2026-08-04T20:22:25.348Z > 200 GET /api/v1/ 59.78ms
INF 2026-08-04T20:22:25.348Z > 200 GET /api/v1/ 54.55ms
INF 2026-08-04T20:22:25.373Z > 200 GET /api/v1/ 269.41ms
INF 2026-08-04T20:22:25.378Z > 200 GET /api/v1/ 272.99ms
INF 2026-08-04T20:22:25.379Z > 200 GET /api/v1/ 273.25ms
INF 2026-08-04T20:22:25.381Z > 200 GET /api/v1/ 279.67ms
INF 2026-08-04T20:22:25.382Z > 200 GET /api/v1/ 279.54ms
INF 2026-08-04T20:22:25.383Z > 200 GET /api/v1/ 282.06ms
INF 2026-08-04T20:22:25.384Z > 200 GET /api/v1/ 279.26ms
INF 2026-08-04T20:22:25.384Z > 200 GET /api/v1/ 277.97ms
INF 2026-08-04T20:22:25.385Z > 200 GET /api/v1/ 275.19ms
INF 2026-08-04T20:22:25.385Z > 200 GET /api/v1/ 12.04ms
INF 2026-08-04T20:22:25.388Z > 200 GET /api/v1/ 9.17ms
INF 2026-08-04T20:22:25.391Z > 200 GET /api/v1/ 280.16ms
INF 2026-08-04T20:22:25.391Z > 200 GET /api/v1/ 8.5ms
INF 2026-08-04T20:22:25.391Z > 200 GET /api/v1/ 77.84ms
INF 2026-08-04T20:22:25.392Z > 200 GET /api/v1/ 73.75ms
INF 2026-08-04T20:22:25.392Z > 200 GET /api/v1/ 80.97ms
INF 2026-08-04T20:22:25.392Z > 200 GET /api/v1/ 8.93ms
INF 2026-08-04T20:22:25.393Z > 200 GET /api/v1/ 79.53ms
INF 2026-08-04T20:22:25.393Z > 200 GET /api/v1/ 77.79ms
INF 2026-08-04T20:22:25.393Z > 200 GET /api/v1/ 8.39ms
INF 2026-08-04T20:22:25.393Z > 200 GET /api/v1/ 76.97ms
INF 2026-08-04T20:22:25.393Z > 200 GET /api/v1/ 8.54ms
INF 2026-08-04T20:22:25.396Z > 200 GET /api/v1/ 52.32ms
INF 2026-08-04T20:22:25.398Z > 200 GET /api/v1/ 49.6ms
INF 2026-08-04T20:22:25.400Z > 200 GET /api/v1/ 287.55ms
INF 2026-08-04T20:22:25.401Z > 200 GET /api/v1/ 286.19ms
INF 2026-08-04T20:22:25.401Z > 200 GET /api/v1/ 8.66ms
INF 2026-08-04T20:22:25.402Z > 200 GET /api/v1/ 287.25ms
INF 2026-08-04T20:22:25.402Z > 200 GET /api/v1/ 8.55ms
INF 2026-08-04T20:22:25.410Z > 200 GET /api/v1/ 8.71ms
INF 2026-08-04T20:22:25.411Z > 200 GET /api/v1/ 9.37ms
INF 2026-08-04T20:22:25.413Z > 200 GET /api/v1/ 315.41ms
INF 2026-08-04T20:22:25.413Z > 200 GET /api/v1/ 228.21ms
INF 2026-08-04T20:22:25.414Z > 200 GET /api/v1/ 249.45ms
INF 2026-08-04T20:22:25.415Z > 200 GET /api/v1/ 227.08ms
INF 2026-08-04T20:22:25.415Z > 200 GET /api/v1/ 226.96ms
INF 2026-08-04T20:22:25.416Z > 200 GET /api/v1/ 103.69ms
INF 2026-08-04T20:22:25.418Z > 200 GET /api/v1/ 217.92ms
INF 2026-08-04T20:22:25.418Z > 200 GET /api/v1/ 296.36ms
INF 2026-08-04T20:22:25.419Z > 200 GET /api/v1/ 263.12ms
INF 2026-08-04T20:22:25.419Z > 200 GET /api/v1/ 71.35ms
INF 2026-08-04T20:22:25.429Z > 200 GET /api/v1/ 266.05ms
INF 2026-08-04T20:22:25.429Z > 200 GET /api/v1/ 229.38ms
INF 2026-08-04T20:22:25.429Z > 200 GET /api/v1/ 283.52ms
INF 2026-08-04T20:22:25.430Z > 200 GET /api/v1/ 272.32ms
INF 2026-08-04T20:22:25.431Z > 200 GET /api/v1/ 223.05ms
INF 2026-08-04T20:22:25.431Z > 200 GET /api/v1/ 242.59ms
INF 2026-08-04T20:22:25.431Z > 200 GET /api/v1/ 223.53ms
INF 2026-08-04T20:22:25.437Z > 200 GET /api/v1/ 244.41ms
INF 2026-08-04T20:22:25.438Z > 200 GET /api/v1/ 22.85ms
INF 2026-08-04T20:22:25.443Z > 200 GET /api/v1/ 213.68ms
INF 2026-08-04T20:22:25.443Z > 200 GET /api/v1/ 12.45ms
INF 2026-08-04T20:22:25.446Z > 200 GET /api/v1/ 210.7ms
INF 2026-08-04T20:22:25.446Z > 200 GET /api/v1/ 215.77ms
INF 2026-08-04T20:22:25.447Z > 200 GET /api/v1/ 236.68ms
INF 2026-08-04T20:22:25.447Z > 200 GET /api/v1/ 208.48ms
INF 2026-08-04T20:22:25.447Z > 200 GET /api/v1/ 237.28ms
INF 2026-08-04T20:22:25.447Z > 200 GET /api/v1/ 218.28ms
INF 2026-08-04T20:22:25.448Z > 200 GET /api/v1/ 254.17ms
INF 2026-08-04T20:22:25.448Z > 200 GET /api/v1/ 224.51ms
INF 2026-08-04T20:22:25.449Z > 200 GET /api/v1/ 254.84ms
INF 2026-08-04T20:22:25.449Z > 200 GET /api/v1/ 219.52ms
INF 2026-08-04T20:22:25.450Z > 200 GET /api/v1/ 219.88ms
INF 2026-08-04T20:22:25.450Z > 200 GET /api/v1/ 243.45ms
INF 2026-08-04T20:22:25.453Z > 200 GET /api/v1/ 229.12ms
INF 2026-08-04T20:22:25.458Z > 200 GET /api/v1/ 26.44ms
INF 2026-08-04T20:22:25.460Z > 200 GET /api/v1/ 256.35ms
INF 2026-08-04T20:22:25.467Z > 200 GET /api/v1/ 36.0ms
INF 2026-08-04T20:22:25.469Z > 200 GET /api/v1/ 202.37ms
INF 2026-08-04T20:22:25.471Z > 200 GET /api/v1/ 232.28ms
INF 2026-08-04T20:22:25.479Z > 200 GET /api/v1/ 32.3ms
INF 2026-08-04T20:22:25.479Z > 200 GET /api/v1/ 32.11ms
INF 2026-08-04T20:22:25.479Z > 200 GET /api/v1/ 238.14ms
INF 2026-08-04T20:22:25.480Z > 200 GET /api/v1/ 36.68ms
INF 2026-08-04T20:22:25.481Z > 200 GET /api/v1/ 32.24ms
INF 2026-08-04T20:22:25.482Z > 200 GET /api/v1/ 191.67ms
INF 2026-08-04T20:22:25.482Z > 200 GET /api/v1/ 31.7ms
INF 2026-08-04T20:22:25.483Z > 200 GET /api/v1/ 241.6ms
INF 2026-08-04T20:22:25.484Z > 200 GET /api/v1/ 31.34ms
INF 2026-08-04T20:22:25.485Z > 200 GET /api/v1/ 37.32ms
INF 2026-08-04T20:22:25.494Z > 200 GET /api/v1/ 46.5ms
INF 2026-08-04T20:22:25.494Z > 200 GET /api/v1/ 248.31ms
INF 2026-08-04T20:22:25.494Z > 200 GET /api/v1/ 255.74ms
INF 2026-08-04T20:22:25.495Z > 200 GET /api/v1/ 46.42ms
INF 2026-08-04T20:22:25.495Z > 200 GET /api/v1/ 44.85ms
INF 2026-08-04T20:22:25.495Z > 200 GET /api/v1/ 37.22ms
INF 2026-08-04T20:22:25.495Z > 200 GET /api/v1/ 253.94ms
INF 2026-08-04T20:22:25.496Z > 200 GET /api/v1/ 257.16ms
INF 2026-08-04T20:22:25.496Z > 200 GET /api/v1/ 273.03ms
INF 2026-08-04T20:22:25.496Z > 200 GET /api/v1/ 258.25ms
INF 2026-08-04T20:22:25.498Z > 200 GET /api/v1/ 230.13ms
INF 2026-08-04T20:22:25.499Z > 200 GET /api/v1/ 209.0ms
INF 2026-08-04T20:22:25.501Z > 200 GET /api/v1/ 193.79ms
INF 2026-08-04T20:22:25.501Z > 200 GET /api/v1/ 31.57ms
INF 2026-08-04T20:22:25.503Z > 200 GET /api/v1/ 36.27ms
INF 2026-08-04T20:22:25.506Z > 200 GET /api/v1/ 213.83ms
INF 2026-08-04T20:22:25.507Z > 200 GET /api/v1/ 265.08ms
INF 2026-08-04T20:22:25.509Z > 200 GET /api/v1/ 257.32ms
INF 2026-08-04T20:22:25.509Z > 200 GET /api/v1/ 220.14ms
INF 2026-08-04T20:22:25.511Z > 200 GET /api/v1/ 259.02ms
INF 2026-08-04T20:22:25.513Z > 200 GET /api/v1/ 34.18ms
INF 2026-08-04T20:22:25.519Z > 200 GET /api/v1/ 25.01ms
INF 2026-08-04T20:22:25.520Z > 200 GET /api/v1/ 16.11ms
INF 2026-08-04T20:22:25.521Z > 200 GET /api/v1/ 22.04ms
INF 2026-08-04T20:22:25.523Z > 200 GET /api/v1/ 22.14ms
INF 2026-08-04T20:22:25.525Z > 200 GET /api/v1/ 218.02ms
INF 2026-08-04T20:22:25.526Z > 200 GET /api/v1/ 16.51ms
INF 2026-08-04T20:22:25.526Z > 200 GET /api/v1/ 15.12ms
INF 2026-08-04T20:22:25.527Z > 200 GET /api/v1/ 220.06ms
INF 2026-08-04T20:22:25.534Z > 200 GET /api/v1/ 226.51ms
INF 2026-08-04T20:22:25.534Z > 200 GET /api/v1/ 226.94ms
INF 2026-08-04T20:22:25.535Z > 200 GET /api/v1/ 16.21ms
INF 2026-08-04T20:22:25.535Z > 200 GET /api/v1/ 15.73ms
INF 2026-08-04T20:22:25.536Z > 200 GET /api/v1/ 228.5ms
INF 2026-08-04T20:22:25.541Z > 200 GET /api/v1/ 15.46ms
INF 2026-08-04T20:22:25.542Z > 200 GET /api/v1/ 14.46ms
INF 2026-08-04T20:22:25.542Z > 200 GET /api/v1/ 233.16ms
INF 2026-08-04T20:22:25.547Z > 200 GET /api/v1/ 238.19ms
INF 2026-08-04T20:22:25.547Z > 200 GET /api/v1/ 21.04ms
INF 2026-08-04T20:22:25.547Z > 200 GET /api/v1/ 12.95ms
INF 2026-08-04T20:22:25.547Z > 200 GET /api/v1/ 11.93ms
INF 2026-08-04T20:22:25.552Z > 200 GET /api/v1/ 240.74ms
INF 2026-08-04T20:22:25.554Z > 200 GET /api/v1/ 12.75ms
INF 2026-08-04T20:22:25.560Z > 200 GET /api/v1/ 12.5ms
INF 2026-08-04T20:22:25.560Z > 200 GET /api/v1/ 12.78ms
INF 2026-08-04T20:22:25.563Z > 200 GET /api/v1/ 10.88ms
INF 2026-08-04T20:22:25.566Z > 200 GET /api/v1/ 11.7ms
INF 2026-08-04T20:22:25.568Z > 200 GET /api/v1/ 246.93ms
INF 2026-08-04T20:22:25.568Z > 200 GET /api/v1/ 253.1ms
INF 2026-08-04T20:22:25.582Z > 200 GET /api/v1/ 264.87ms
INF 2026-08-04T20:22:25.582Z > 200 GET /api/v1/ 261.16ms
INF 2026-08-04T20:22:25.590Z > 200 GET /api/v1/ 26.7ms
INF 2026-08-04T20:22:25.592Z > 200 GET /api/v1/ 262.54ms
INF 2026-08-04T20:22:25.596Z > 200 GET /api/v1/ 268.96ms
INF 2026-08-04T20:22:25.598Z > 200 GET /api/v1/ 290.55ms
INF 2026-08-04T20:22:25.602Z > 200 GET /api/v1/ 34.02ms
INF 2026-08-04T20:22:25.603Z > 200 GET /api/v1/ 106.12ms
INF 2026-08-04T20:22:25.604Z > 200 GET /api/v1/ 290.68ms
INF 2026-08-04T20:22:25.604Z > 200 GET /api/v1/ 288.08ms
INF 2026-08-04T20:22:25.605Z > 200 GET /api/v1/ 274.31ms
INF 2026-08-04T20:22:25.607Z > 200 GET /api/v1/ 24.86ms
INF 2026-08-04T20:22:25.611Z > 200 GET /api/v1/ 275.42ms
INF 2026-08-04T20:22:25.612Z > 200 GET /api/v1/ 264.38ms
INF 2026-08-04T20:22:25.613Z > 200 GET /api/v1/ 20.37ms
INF 2026-08-04T20:22:25.613Z > 200 GET /api/v1/ 265.82ms
INF 2026-08-04T20:22:25.617Z > 200 GET /api/v1/ 270.48ms
INF 2026-08-04T20:22:25.617Z > 200 GET /api/v1/ 281.69ms
INF 2026-08-04T20:22:25.617Z > 200 GET /api/v1/ 278.11ms
INF 2026-08-04T20:22:25.618Z > 200 GET /api/v1/ 275.28ms
INF 2026-08-04T20:22:25.621Z > 200 GET /api/v1/ 284.65ms
INF 2026-08-04T20:22:25.621Z > 200 GET /api/v1/ 273.02ms
INF 2026-08-04T20:22:25.622Z > 200 GET /api/v1/ 17.59ms
INF 2026-08-04T20:22:25.624Z > 200 GET /api/v1/ 21.37ms
INF 2026-08-04T20:22:25.628Z > 200 GET /api/v1/ 15.7ms
INF 2026-08-04T20:22:25.631Z > 200 GET /api/v1/ 14.3ms
INF 2026-08-04T20:22:25.631Z > 200 GET /api/v1/ 252.59ms
INF 2026-08-04T20:22:25.634Z > 200 GET /api/v1/ 16.05ms
INF 2026-08-04T20:22:25.635Z > 200 GET /api/v1/ 12.6ms
INF 2026-08-04T20:22:25.635Z > 200 GET /api/v1/ 13.48ms
INF 2026-08-04T20:22:25.635Z > 200 GET /api/v1/ 75.15ms
INF 2026-08-04T20:22:25.636Z > 200 GET /api/v1/ 255.46ms
INF 2026-08-04T20:22:25.637Z > 200 GET /api/v1/ 251.6ms
INF 2026-08-04T20:22:25.637Z > 200 GET /api/v1/ 16.14ms
INF 2026-08-04T20:22:25.637Z > 200 GET /api/v1/ 13.17ms
INF 2026-08-04T20:22:25.641Z > 200 GET /api/v1/ 255.56ms
INF 2026-08-04T20:22:25.643Z > 200 GET /api/v1/ 14.64ms
INF 2026-08-04T20:22:25.646Z > 200 GET /api/v1/ 9.08ms
INF 2026-08-04T20:22:25.647Z > 200 GET /api/v1/ 9.41ms
INF 2026-08-04T20:22:25.648Z > 200 GET /api/v1/ 259.52ms
INF 2026-08-04T20:22:25.649Z > 200 GET /api/v1/ 12.09ms
INF 2026-08-04T20:22:25.650Z > 200 GET /api/v1/ 9.23ms
INF 2026-08-04T20:22:25.651Z > 200 GET /api/v1/ 260.45ms
INF 2026-08-04T20:22:25.661Z > 200 GET /api/v1/ 269.52ms
INF 2026-08-04T20:22:25.663Z > 200 GET /api/v1/ 270.73ms
INF 2026-08-04T20:22:25.665Z > 200 GET /api/v1/ 270.73ms
INF 2026-08-04T20:22:25.669Z > 200 GET /api/v1/ 275.05ms
INF 2026-08-04T20:22:25.669Z > 200 GET /api/v1/ 103.24ms
INF 2026-08-04T20:22:25.672Z > 200 GET /api/v1/ 278.32ms
INF 2026-08-04T20:22:25.672Z > 200 GET /api/v1/ 278.57ms
INF 2026-08-04T20:22:25.673Z > 200 GET /api/v1/ 270.62ms
INF 2026-08-04T20:22:25.676Z > 200 GET /api/v1/ 277.87ms
INF 2026-08-04T20:22:25.677Z > 200 GET /api/v1/ 283.23ms
INF 2026-08-04T20:22:25.677Z > 200 GET /api/v1/ 262.26ms
INF 2026-08-04T20:22:25.678Z > 200 GET /api/v1/ 267.15ms
INF 2026-08-04T20:22:25.678Z > 200 GET /api/v1/ 281.78ms
INF 2026-08-04T20:22:25.679Z > 200 GET /api/v1/ 284.96ms
INF 2026-08-04T20:22:25.679Z > 200 GET /api/v1/ 279.29ms
INF 2026-08-04T20:22:25.688Z > 200 GET /api/v1/ 268.87ms
INF 2026-08-04T20:22:25.699Z > 200 GET /api/v1/ 267.32ms
INF 2026-08-04T20:22:25.701Z > 200 GET /api/v1/ 285.8ms
INF 2026-08-04T20:22:25.704Z > 200 GET /api/v1/ 301.8ms
INF 2026-08-04T20:22:25.713Z > 200 GET /api/v1/ 233.54ms
INF 2026-08-04T20:22:25.721Z > 200 GET /api/v1/ 272.38ms
INF 2026-08-04T20:22:25.721Z > 200 GET /api/v1/ 238.47ms
INF 2026-08-04T20:22:25.721Z > 200 GET /api/v1/ 301.98ms
INF 2026-08-04T20:22:25.723Z > 200 GET /api/v1/ 225.98ms
INF 2026-08-04T20:22:25.724Z > 200 GET /api/v1/ 44.54ms
INF 2026-08-04T20:22:25.724Z > 200 GET /api/v1/ 24.85ms
INF 2026-08-04T20:22:25.725Z > 200 GET /api/v1/ 280.92ms
INF 2026-08-04T20:22:25.726Z > 200 GET /api/v1/ 229.66ms
INF 2026-08-04T20:22:25.727Z > 200 GET /api/v1/ 267.33ms
INF 2026-08-04T20:22:25.728Z > 200 GET /api/v1/ 243.42ms
INF 2026-08-04T20:22:25.729Z > 200 GET /api/v1/ 248.36ms
INF 2026-08-04T20:22:25.731Z > 200 GET /api/v1/ 317.49ms
INF 2026-08-04T20:22:25.734Z > 200 GET /api/v1/ 286.06ms
INF 2026-08-04T20:22:25.735Z > 200 GET /api/v1/ 238.32ms
INF 2026-08-04T20:22:25.738Z > 200 GET /api/v1/ 33.64ms
INF 2026-08-04T20:22:25.738Z > 200 GET /api/v1/ 256.98ms
INF 2026-08-04T20:22:25.740Z > 200 GET /api/v1/ 309.01ms
INF 2026-08-04T20:22:25.742Z > 200 GET /api/v1/ 309.72ms
INF 2026-08-04T20:22:25.752Z > 200 GET /api/v1/ 269.97ms
INF 2026-08-04T20:22:25.752Z > 200 GET /api/v1/ 31.33ms
INF 2026-08-04T20:22:25.753Z > 200 GET /api/v1/ 83.61ms
INF 2026-08-04T20:22:25.753Z > 200 GET /api/v1/ 339.76ms
INF 2026-08-04T20:22:25.754Z > 200 GET /api/v1/ 316.31ms
INF 2026-08-04T20:22:25.755Z > 200 GET /api/v1/ 258.43ms
INF 2026-08-04T20:22:25.755Z > 200 GET /api/v1/ 30.86ms
INF 2026-08-04T20:22:25.756Z > 200 GET /api/v1/ 325.8ms
INF 2026-08-04T20:22:25.757Z > 200 GET /api/v1/ 307.6ms
INF 2026-08-04T20:22:25.757Z > 200 GET /api/v1/ 29.19ms
INF 2026-08-04T20:22:25.760Z > 200 GET /api/v1/ 348.7ms
INF 2026-08-04T20:22:25.761Z > 200 GET /api/v1/ 27.13ms
INF 2026-08-04T20:22:25.762Z > 200 GET /api/v1/ 32.98ms
INF 2026-08-04T20:22:25.762Z > 200 GET /api/v1/ 278.94ms
INF 2026-08-04T20:22:25.762Z > 200 GET /api/v1/ 343.32ms
INF 2026-08-04T20:22:25.764Z > 200 GET /api/v1/ 284.59ms
INF 2026-08-04T20:22:25.769Z > 200 GET /api/v1/ 272.62ms
INF 2026-08-04T20:22:25.770Z > 200 GET /api/v1/ 35.31ms
INF 2026-08-04T20:22:25.773Z > 200 GET /api/v1/ 275.9ms
INF 2026-08-04T20:22:25.773Z > 200 GET /api/v1/ 276.88ms
INF 2026-08-04T20:22:25.774Z > 200 GET /api/v1/ 35.27ms
INF 2026-08-04T20:22:25.775Z > 200 GET /api/v1/ 355.75ms
INF 2026-08-04T20:22:25.777Z > 200 GET /api/v1/ 35.93ms
INF 2026-08-04T20:22:25.777Z > 200 GET /api/v1/ 280.37ms
INF 2026-08-04T20:22:25.777Z > 200 GET /api/v1/ 338.46ms
INF 2026-08-04T20:22:25.778Z > 200 GET /api/v1/ 281.8ms
INF 2026-08-04T20:22:25.779Z > 200 GET /api/v1/ 308.57ms
INF 2026-08-04T20:22:25.780Z > 200 GET /api/v1/ 23.87ms
INF 2026-08-04T20:22:25.782Z > 200 GET /api/v1/ 24.52ms
INF 2026-08-04T20:22:25.782Z > 200 GET /api/v1/ 366.23ms
INF 2026-08-04T20:22:25.784Z > 200 GET /api/v1/ 23.42ms
INF 2026-08-04T20:22:25.786Z > 200 GET /api/v1/ 23.82ms
INF 2026-08-04T20:22:25.791Z > 200 GET /api/v1/ 17.07ms
INF 2026-08-04T20:22:25.791Z > 200 GET /api/v1/ 22.01ms
INF 2026-08-04T20:22:25.793Z > 200 GET /api/v1/ 294.82ms
INF 2026-08-04T20:22:25.793Z > 200 GET /api/v1/ 22.55ms
INF 2026-08-04T20:22:25.795Z > 200 GET /api/v1/ 19.24ms
INF 2026-08-04T20:22:25.795Z > 200 GET /api/v1/ 18.14ms
INF 2026-08-04T20:22:25.796Z > 200 GET /api/v1/ 17.55ms
INF 2026-08-04T20:22:25.796Z > 200 GET /api/v1/ 289.67ms
INF 2026-08-04T20:22:25.797Z > 200 GET /api/v1/ 16.75ms
INF 2026-08-04T20:22:25.798Z > 200 GET /api/v1/ 16.29ms
INF 2026-08-04T20:22:25.799Z > 200 GET /api/v1/ 16.47ms
INF 2026-08-04T20:22:25.804Z > 200 GET /api/v1/ 18.12ms
INF 2026-08-04T20:22:25.807Z > 200 GET /api/v1/ 11.57ms
INF 2026-08-04T20:22:25.807Z > 200 GET /api/v1/ 14.08ms
INF 2026-08-04T20:22:25.808Z > 200 GET /api/v1/ 16.62ms
INF 2026-08-04T20:22:25.818Z > 200 GET /api/v1/ 20.07ms
INF 2026-08-04T20:22:25.826Z > 200 GET /api/v1/ 379.13ms
INF 2026-08-04T20:22:25.826Z > 200 GET /api/v1/ 153.74ms
INF 2026-08-04T20:22:25.828Z > 200 GET /api/v1/ 292.49ms
INF 2026-08-04T20:22:25.829Z > 200 GET /api/v1/ 302.79ms
INF 2026-08-04T20:22:25.829Z > 200 GET /api/v1/ 307.43ms
INF 2026-08-04T20:22:25.829Z > 200 GET /api/v1/ 328.08ms
INF 2026-08-04T20:22:25.830Z > 200 GET /api/v1/ 293.91ms
INF 2026-08-04T20:22:25.830Z > 200 GET /api/v1/ 320.66ms
INF 2026-08-04T20:22:25.830Z > 200 GET /api/v1/ 316.6ms
INF 2026-08-04T20:22:25.830Z > 200 GET /api/v1/ 323.72ms
INF 2026-08-04T20:22:25.833Z > 200 GET /api/v1/ 298.68ms
INF 2026-08-04T20:22:25.833Z > 200 GET /api/v1/ 290.81ms
INF 2026-08-04T20:22:25.833Z > 200 GET /api/v1/ 285.93ms
INF 2026-08-04T20:22:25.834Z > 200 GET /api/v1/ 310.72ms
INF 2026-08-04T20:22:25.834Z > 200 GET /api/v1/ 292.22ms
INF 2026-08-04T20:22:25.835Z > 200 GET /api/v1/ 4.88ms
INF 2026-08-04T20:22:25.837Z > 200 GET /api/v1/ 29.88ms
INF 2026-08-04T20:22:25.838Z > 200 GET /api/v1/ 8.52ms
INF 2026-08-04T20:22:25.839Z > 200 GET /api/v1/ 279.31ms
INF 2026-08-04T20:22:25.840Z > 200 GET /api/v1/ 292.5ms
INF 2026-08-04T20:22:25.840Z > 200 GET /api/v1/ 271.54ms
INF 2026-08-04T20:22:25.841Z > 200 GET /api/v1/ 258.55ms
INF 2026-08-04T20:22:25.841Z > 200 GET /api/v1/ 251.07ms
INF 2026-08-04T20:22:25.842Z > 200 GET /api/v1/ 11.48ms
INF 2026-08-04T20:22:25.844Z > 200 GET /api/v1/ 246.02ms
INF 2026-08-04T20:22:25.845Z > 200 GET /api/v1/ 248.68ms
INF 2026-08-04T20:22:25.845Z > 200 GET /api/v1/ 7.14ms
INF 2026-08-04T20:22:25.847Z > 200 GET /api/v1/ 244.08ms
INF 2026-08-04T20:22:25.850Z > 200 GET /api/v1/ 244.8ms
INF 2026-08-04T20:22:25.850Z > 200 GET /api/v1/ 245.89ms
INF 2026-08-04T20:22:25.852Z > 200 GET /api/v1/ 245.02ms
INF 2026-08-04T20:22:25.854Z > 200 GET /api/v1/ 8.81ms
INF 2026-08-04T20:22:25.855Z > 200 GET /api/v1/ 243.88ms
INF 2026-08-04T20:22:25.855Z > 200 GET /api/v1/ 223.84ms
INF 2026-08-04T20:22:25.856Z > 200 GET /api/v1/ 238.72ms
INF 2026-08-04T20:22:25.858Z > 200 GET /api/v1/ 220.59ms
INF 2026-08-04T20:22:25.860Z > 200 GET /api/v1/ 51.93ms
INF 2026-08-04T20:22:25.861Z > 200 GET /api/v1/ 247.59ms
INF 2026-08-04T20:22:25.863Z > 200 GET /api/v1/ 216.48ms
INF 2026-08-04T20:22:25.873Z > 200 GET /api/v1/ 235.58ms
INF 2026-08-04T20:22:25.875Z > 200 GET /api/v1/ 262.23ms
INF 2026-08-04T20:22:25.876Z > 200 GET /api/v1/ 232.47ms
INF 2026-08-04T20:22:25.876Z > 200 GET /api/v1/ 228.61ms
INF 2026-08-04T20:22:25.881Z > 200 GET /api/v1/ 25.24ms
INF 2026-08-04T20:22:25.884Z > 200 GET /api/v1/ 246.45ms
INF 2026-08-04T20:22:25.884Z > 200 GET /api/v1/ 238.22ms
INF 2026-08-04T20:22:25.897Z > 200 GET /api/v1/ 258.74ms
INF 2026-08-04T20:22:25.897Z > 200 GET /api/v1/ 245.23ms
INF 2026-08-04T20:22:25.902Z > 200 GET /api/v1/ 268.43ms
INF 2026-08-04T20:22:25.903Z > 200 GET /api/v1/ 230.0ms
INF 2026-08-04T20:22:25.905Z > 200 GET /api/v1/ 243.05ms
INF 2026-08-04T20:22:25.919Z > 200 GET /api/v1/ 241.81ms
INF 2026-08-04T20:22:25.919Z > 200 GET /api/v1/ 34.69ms
INF 2026-08-04T20:22:25.922Z > 200 GET /api/v1/ 252.1ms
INF 2026-08-04T20:22:25.923Z > 200 GET /api/v1/ 199.93ms
INF 2026-08-04T20:22:25.924Z > 200 GET /api/v1/ 292.58ms
INF 2026-08-04T20:22:25.925Z > 200 GET /api/v1/ 198.87ms
INF 2026-08-04T20:22:25.927Z > 200 GET /api/v1/ 248.29ms
INF 2026-08-04T20:22:25.929Z > 200 GET /api/v1/ 208.19ms
INF 2026-08-04T20:22:25.929Z > 200 GET /api/v1/ 251.85ms
INF 2026-08-04T20:22:25.930Z > 200 GET /api/v1/ 265.18ms
INF 2026-08-04T20:22:25.932Z > 200 GET /api/v1/ 207.06ms
INF 2026-08-04T20:22:25.932Z > 200 GET /api/v1/ 29.49ms
INF 2026-08-04T20:22:25.932Z > 200 GET /api/v1/ 190.29ms
INF 2026-08-04T20:22:25.932Z > 200 GET /api/v1/ 35.41ms
INF 2026-08-04T20:22:25.934Z > 200 GET /api/v1/ 29.09ms
INF 2026-08-04T20:22:25.935Z > 200 GET /api/v1/ 285.53ms
INF 2026-08-04T20:22:25.936Z > 200 GET /api/v1/ 212.47ms
INF 2026-08-04T20:22:25.941Z > 200 GET /api/v1/ 290.3ms
INF 2026-08-04T20:22:25.941Z > 200 GET /api/v1/ 261.74ms
INF 2026-08-04T20:22:25.944Z > 200 GET /api/v1/ 243.24ms
INF 2026-08-04T20:22:25.947Z > 200 GET /api/v1/ 269.68ms
INF 2026-08-04T20:22:25.947Z > 200 GET /api/v1/ 284.4ms
INF 2026-08-04T20:22:25.948Z > 200 GET /api/v1/ 269.8ms
INF 2026-08-04T20:22:25.955Z > 200 GET /api/v1/ 201.96ms
INF 2026-08-04T20:22:25.956Z > 200 GET /api/v1/ 114.15ms
INF 2026-08-04T20:22:25.958Z > 200 GET /api/v1/ 236.31ms
INF 2026-08-04T20:22:25.960Z > 200 GET /api/v1/ 18.95ms
INF 2026-08-04T20:22:25.961Z > 200 GET /api/v1/ 12.9ms
INF 2026-08-04T20:22:25.963Z > 200 GET /api/v1/ 231.02ms
INF 2026-08-04T20:22:25.963Z > 200 GET /api/v1/ 15.89ms
INF 2026-08-04T20:22:25.965Z > 200 GET /api/v1/ 226.8ms
INF 2026-08-04T20:22:25.976Z > 200 GET /api/v1/ 20.82ms
INF 2026-08-04T20:22:25.977Z > 200 GET /api/v1/ 18.87ms
INF 2026-08-04T20:22:25.978Z > 200 GET /api/v1/ 264.56ms
INF 2026-08-04T20:22:25.981Z > 200 GET /api/v1/ 19.49ms
INF 2026-08-04T20:22:25.984Z > 200 GET /api/v1/ 230.76ms
INF 2026-08-04T20:22:25.985Z > 200 GET /api/v1/ 21.91ms
INF 2026-08-04T20:22:25.986Z > 200 GET /api/v1/ 23.28ms
INF 2026-08-04T20:22:25.991Z > 200 GET /api/v1/ 236.1ms
INF 2026-08-04T20:22:25.991Z > 200 GET /api/v1/ 318.59ms
INF 2026-08-04T20:22:25.992Z > 200 GET /api/v1/ 303.03ms
INF 2026-08-04T20:22:25.992Z > 200 GET /api/v1/ 264.58ms
INF 2026-08-04T20:22:25.992Z > 200 GET /api/v1/ 238.32ms
INF 2026-08-04T20:22:25.992Z > 200 GET /api/v1/ 70.74ms
INF 2026-08-04T20:22:25.993Z > 200 GET /api/v1/ 14.71ms
INF 2026-08-04T20:22:25.996Z > 200 GET /api/v1/ 11.74ms
INF 2026-08-04T20:22:25.996Z > 200 GET /api/v1/ 242.93ms
INF 2026-08-04T20:22:25.997Z > 200 GET /api/v1/ 10.73ms
INF 2026-08-04T20:22:25.997Z > 200 GET /api/v1/ 11.72ms
INF 2026-08-04T20:22:26.000Z > 200 GET /api/v1/ 8.18ms
INF 2026-08-04T20:22:26.001Z > 200 GET /api/v1/ 8.6ms
INF 2026-08-04T20:22:26.001Z > 200 GET /api/v1/ 8.37ms
INF 2026-08-04T20:22:26.002Z > 200 GET /api/v1/ 4.92ms
INF 2026-08-04T20:22:26.002Z > 200 GET /api/v1/ 384.82ms
INF 2026-08-04T20:22:26.004Z > 200 GET /api/v1/ 3.27ms
INF 2026-08-04T20:22:26.005Z > 200 GET /api/v1/ 74.95ms
INF 2026-08-04T20:22:26.006Z > 200 GET /api/v1/ 69.1ms
INF 2026-08-04T20:22:26.006Z > 200 GET /api/v1/ 71.38ms
INF 2026-08-04T20:22:26.006Z > 200 GET /api/v1/ 74.19ms
INF 2026-08-04T20:22:26.006Z > 200 GET /api/v1/ 130.62ms
INF 2026-08-04T20:22:26.007Z > 200 GET /api/v1/ 74.17ms
INF 2026-08-04T20:22:26.009Z > 200 GET /api/v1/ 89.98ms
INF 2026-08-04T20:22:26.011Z > 200 GET /api/v1/ 3.88ms
INF 2026-08-04T20:22:26.011Z > 200 GET /api/v1/ 8.6ms
INF 2026-08-04T20:22:26.014Z > 200 GET /api/v1/ 7.14ms
INF 2026-08-04T20:22:26.015Z > 200 GET /api/v1/ 4.11ms
INF 2026-08-04T20:22:26.015Z > 200 GET /api/v1/ 3.96ms
INF 2026-08-04T20:22:26.022Z > 200 GET /api/v1/ 266.77ms
INF 2026-08-04T20:22:26.023Z > 200 GET /api/v1/ 7.68ms
INF 2026-08-04T20:22:26.026Z > 200 GET /api/v1/ 270.83ms
INF 2026-08-04T20:22:26.028Z > 200 GET /api/v1/ 271.42ms
INF 2026-08-04T20:22:26.030Z > 200 GET /api/v1/ 269.5ms
INF 2026-08-04T20:22:26.032Z > 200 GET /api/v1/ 259.4ms
INF 2026-08-04T20:22:26.035Z > 200 GET /api/v1/ 272.7ms
INF 2026-08-04T20:22:26.044Z > 200 GET /api/v1/ 21.52ms
INF 2026-08-04T20:22:26.045Z > 200 GET /api/v1/ 267.7ms
INF 2026-08-04T20:22:26.047Z > 200 GET /api/v1/ 255.68ms
INF 2026-08-04T20:22:26.047Z > 200 GET /api/v1/ 267.47ms
INF 2026-08-04T20:22:26.053Z > 200 GET /api/v1/ 257.8ms
INF 2026-08-04T20:22:26.054Z > 200 GET /api/v1/ 276.94ms
INF 2026-08-04T20:22:26.054Z > 200 GET /api/v1/ 269.91ms
INF 2026-08-04T20:22:26.054Z > 200 GET /api/v1/ 291.66ms
INF 2026-08-04T20:22:26.054Z > 200 GET /api/v1/ 256.07ms
INF 2026-08-04T20:22:26.057Z > 200 GET /api/v1/ 263.84ms
INF 2026-08-04T20:22:26.057Z > 200 GET /api/v1/ 283.67ms
INF 2026-08-04T20:22:26.059Z > 200 GET /api/v1/ 252.48ms
INF 2026-08-04T20:22:26.059Z > 200 GET /api/v1/ 241.44ms
INF 2026-08-04T20:22:26.060Z > 200 GET /api/v1/ 263.31ms
INF 2026-08-04T20:22:26.061Z > 200 GET /api/v1/ 233.98ms
INF 2026-08-04T20:22:26.061Z > 200 GET /api/v1/ 231.8ms
INF 2026-08-04T20:22:26.061Z > 200 GET /api/v1/ 262.24ms
INF 2026-08-04T20:22:26.061Z > 200 GET /api/v1/ 234.85ms
INF 2026-08-04T20:22:26.062Z > 200 GET /api/v1/ 298.0ms
INF 2026-08-04T20:22:26.062Z > 200 GET /api/v1/ 257.77ms
INF 2026-08-04T20:22:26.063Z > 200 GET /api/v1/ 266.22ms
INF 2026-08-04T20:22:26.063Z > 200 GET /api/v1/ 9.23ms
INF 2026-08-04T20:22:26.064Z > 200 GET /api/v1/ 16.54ms
INF 2026-08-04T20:22:26.064Z > 200 GET /api/v1/ 235.27ms
INF 2026-08-04T20:22:26.075Z > 200 GET /api/v1/ 240.25ms
INF 2026-08-04T20:22:26.076Z > 200 GET /api/v1/ 14.73ms
INF 2026-08-04T20:22:26.076Z > 200 GET /api/v1/ 241.36ms
INF 2026-08-04T20:22:26.080Z > 200 GET /api/v1/ 239.77ms
INF 2026-08-04T20:22:26.087Z > 200 GET /api/v1/ 253.05ms
INF 2026-08-04T20:22:26.088Z > 200 GET /api/v1/ 24.87ms
INF 2026-08-04T20:22:26.095Z > 200 GET /api/v1/ 19.58ms
INF 2026-08-04T20:22:26.098Z > 200 GET /api/v1/ 21.56ms
INF 2026-08-04T20:22:26.099Z > 200 GET /api/v1/ 256.74ms
INF 2026-08-04T20:22:26.099Z > 200 GET /api/v1/ 248.35ms
INF 2026-08-04T20:22:26.099Z > 200 GET /api/v1/ 269.24ms
INF 2026-08-04T20:22:26.102Z > 200 GET /api/v1/ 22.35ms
INF 2026-08-04T20:22:26.106Z > 200 GET /api/v1/ 231.32ms
INF 2026-08-04T20:22:26.109Z > 200 GET /api/v1/ 22.55ms
INF 2026-08-04T20:22:26.110Z > 200 GET /api/v1/ 22.83ms
INF 2026-08-04T20:22:26.111Z > 200 GET /api/v1/ 271.29ms
INF 2026-08-04T20:22:26.119Z > 200 GET /api/v1/ 242.84ms
INF 2026-08-04T20:22:26.120Z > 200 GET /api/v1/ 274.46ms
INF 2026-08-04T20:22:26.120Z > 200 GET /api/v1/ 269.57ms
INF 2026-08-04T20:22:26.120Z > 200 GET /api/v1/ 262.1ms
INF 2026-08-04T20:22:26.120Z > 200 GET /api/v1/ 265.74ms
INF 2026-08-04T20:22:26.121Z > 200 GET /api/v1/ 259.65ms
INF 2026-08-04T20:22:26.122Z > 200 GET /api/v1/ 26.96ms
INF 2026-08-04T20:22:26.123Z > 200 GET /api/v1/ 275.61ms
INF 2026-08-04T20:22:26.124Z > 200 GET /api/v1/ 289.68ms
INF 2026-08-04T20:22:26.124Z > 200 GET /api/v1/ 240.41ms
INF 2026-08-04T20:22:26.126Z > 200 GET /api/v1/ 26.81ms
INF 2026-08-04T20:22:26.127Z > 200 GET /api/v1/ 281.53ms
INF 2026-08-04T20:22:26.128Z > 200 GET /api/v1/ 28.65ms
INF 2026-08-04T20:22:26.133Z > 200 GET /api/v1/ 292.54ms
INF 2026-08-04T20:22:26.136Z > 200 GET /api/v1/ 16.64ms
INF 2026-08-04T20:22:26.141Z > 200 GET /api/v1/ 30.78ms
INF 2026-08-04T20:22:26.142Z > 200 GET /api/v1/ 19.26ms
INF 2026-08-04T20:22:26.142Z > 200 GET /api/v1/ 289.51ms
INF 2026-08-04T20:22:26.143Z > 200 GET /api/v1/ 311.92ms
INF 2026-08-04T20:22:26.143Z > 200 GET /api/v1/ 309.3ms
INF 2026-08-04T20:22:26.143Z > 200 GET /api/v1/ 261.68ms
INF 2026-08-04T20:22:26.143Z > 200 GET /api/v1/ 301.97ms
INF 2026-08-04T20:22:26.144Z > 200 GET /api/v1/ 287.35ms
INF 2026-08-04T20:22:26.144Z > 200 GET /api/v1/ 308.71ms
INF 2026-08-04T20:22:26.144Z > 200 GET /api/v1/ 283.23ms
INF 2026-08-04T20:22:26.144Z > 200 GET /api/v1/ 290.21ms
INF 2026-08-04T20:22:26.144Z > 200 GET /api/v1/ 280.63ms
INF 2026-08-04T20:22:26.145Z > 200 GET /api/v1/ 20.18ms
INF 2026-08-04T20:22:26.145Z > 200 GET /api/v1/ 270.04ms
INF 2026-08-04T20:22:26.146Z > 200 GET /api/v1/ 307.8ms
INF 2026-08-04T20:22:26.148Z > 200 GET /api/v1/ 20.05ms
INF 2026-08-04T20:22:26.148Z > 200 GET /api/v1/ 317.96ms
INF 2026-08-04T20:22:26.152Z > 200 GET /api/v1/ 9.41ms
INF 2026-08-04T20:22:26.152Z > 200 GET /api/v1/ 8.74ms
INF 2026-08-04T20:22:26.153Z > 200 GET /api/v1/ 8.13ms
INF 2026-08-04T20:22:26.153Z > 200 GET /api/v1/ 7.87ms
INF 2026-08-04T20:22:26.153Z > 200 GET /api/v1/ 11.48ms
INF 2026-08-04T20:22:26.154Z > 200 GET /api/v1/ 7.47ms
INF 2026-08-04T20:22:26.154Z > 200 GET /api/v1/ 9.75ms
INF 2026-08-04T20:22:26.157Z > 200 GET /api/v1/ 8.54ms
INF 2026-08-04T20:22:26.159Z > 200 GET /api/v1/ 6.22ms
INF 2026-08-04T20:22:26.159Z > 200 GET /api/v1/ 5.66ms
INF 2026-08-04T20:22:26.160Z > 200 GET /api/v1/ 6.09ms
INF 2026-08-04T20:22:26.161Z > 200 GET /api/v1/ 101.22ms
INF 2026-08-04T20:22:26.164Z > 200 GET /api/v1/ 99.99ms
INF 2026-08-04T20:22:26.164Z > 200 GET /api/v1/ 4.29ms
INF 2026-08-04T20:22:26.168Z > 200 GET /api/v1/ 3.16ms
INF 2026-08-04T20:22:26.174Z > 200 GET /api/v1/ 6.49ms
INF 2026-08-04T20:22:26.192Z > 200 GET /api/v1/ 272.43ms
INF 2026-08-04T20:22:26.195Z > 200 GET /api/v1/ 20.24ms
INF 2026-08-04T20:22:26.204Z > 200 GET /api/v1/ 279.56ms
INF 2026-08-04T20:22:26.209Z > 200 GET /api/v1/ 283.4ms
INF 2026-08-04T20:22:26.210Z > 200 GET /api/v1/ 313.17ms
INF 2026-08-04T20:22:26.211Z > 200 GET /api/v1/ 307.97ms
INF 2026-08-04T20:22:26.212Z > 200 GET /api/v1/ 271.1ms
INF 2026-08-04T20:22:26.213Z > 200 GET /api/v1/ 283.13ms
INF 2026-08-04T20:22:26.213Z > 200 GET /api/v1/ 257.02ms
INF 2026-08-04T20:22:26.214Z > 200 GET /api/v1/ 269.0ms
INF 2026-08-04T20:22:26.214Z > 200 GET /api/v1/ 279.32ms
INF 2026-08-04T20:22:26.215Z > 200 GET /api/v1/ 291.74ms
INF 2026-08-04T20:22:26.215Z > 200 GET /api/v1/ 285.44ms
INF 2026-08-04T20:22:26.216Z > 200 GET /api/v1/ 288.07ms
INF 2026-08-04T20:22:26.217Z > 200 GET /api/v1/ 284.66ms
INF 2026-08-04T20:22:26.218Z > 200 GET /api/v1/ 285.78ms
INF 2026-08-04T20:22:26.221Z > 200 GET /api/v1/ 8.02ms
INF 2026-08-04T20:22:26.223Z > 200 GET /api/v1/ 5.93ms
INF 2026-08-04T20:22:26.223Z > 200 GET /api/v1/ 263.34ms
INF 2026-08-04T20:22:26.224Z > 200 GET /api/v1/ 276.6ms
INF 2026-08-04T20:22:26.224Z > 200 GET /api/v1/ 59.93ms
INF 2026-08-04T20:22:26.226Z > 200 GET /api/v1/ 244.94ms
INF 2026-08-04T20:22:26.227Z > 200 GET /api/v1/ 250.11ms
INF 2026-08-04T20:22:26.229Z > 200 GET /api/v1/ 251.19ms
INF 2026-08-04T20:22:26.230Z > 200 GET /api/v1/ 6.23ms
INF 2026-08-04T20:22:26.232Z > 200 GET /api/v1/ 235.47ms
INF 2026-08-04T20:22:26.235Z > 200 GET /api/v1/ 269.73ms
INF 2026-08-04T20:22:26.235Z > 200 GET /api/v1/ 24.42ms
INF 2026-08-04T20:22:26.235Z > 200 GET /api/v1/ 242.84ms
INF 2026-08-04T20:22:26.236Z > 200 GET /api/v1/ 244.91ms
INF 2026-08-04T20:22:26.236Z > 200 GET /api/v1/ 244.09ms
INF 2026-08-04T20:22:26.236Z > 200 GET /api/v1/ 235.28ms
INF 2026-08-04T20:22:26.237Z > 200 GET /api/v1/ 45.1ms
INF 2026-08-04T20:22:26.237Z > 200 GET /api/v1/ 244.39ms
INF 2026-08-04T20:22:26.244Z > 200 GET /api/v1/ 246.84ms
INF 2026-08-04T20:22:26.245Z > 200 GET /api/v1/ 242.53ms
INF 2026-08-04T20:22:26.248Z > 200 GET /api/v1/ 225.32ms
INF 2026-08-04T20:22:26.248Z > 200 GET /api/v1/ 247.51ms
INF 2026-08-04T20:22:26.249Z > 200 GET /api/v1/ 252.73ms
INF 2026-08-04T20:22:26.259Z > 200 GET /api/v1/ 21.95ms
INF 2026-08-04T20:22:26.259Z > 200 GET /api/v1/ 253.66ms
INF 2026-08-04T20:22:26.260Z > 200 GET /api/v1/ 65.28ms
INF 2026-08-04T20:22:26.261Z > 200 GET /api/v1/ 24.57ms
INF 2026-08-04T20:22:26.263Z > 200 GET /api/v1/ 257.5ms
INF 2026-08-04T20:22:26.264Z > 200 GET /api/v1/ 232.57ms
INF 2026-08-04T20:22:26.268Z > 200 GET /api/v1/ 32.73ms
INF 2026-08-04T20:22:26.269Z > 200 GET /api/v1/ 264.43ms
INF 2026-08-04T20:22:26.270Z > 200 GET /api/v1/ 263.04ms
INF 2026-08-04T20:22:26.279Z > 200 GET /api/v1/ 265.09ms
INF 2026-08-04T20:22:26.282Z > 200 GET /api/v1/ 255.58ms
INF 2026-08-04T20:22:26.285Z > 200 GET /api/v1/ 252.9ms
INF 2026-08-04T20:22:26.293Z > 200 GET /api/v1/ 238.47ms
INF 2026-08-04T20:22:26.297Z > 200 GET /api/v1/ 281.77ms
INF 2026-08-04T20:22:26.298Z > 200 GET /api/v1/ 243.54ms
INF 2026-08-04T20:22:26.299Z > 200 GET /api/v1/ 289.01ms
INF 2026-08-04T20:22:26.299Z > 200 GET /api/v1/ 252.69ms
INF 2026-08-04T20:22:26.302Z > 200 GET /api/v1/ 254.92ms
INF 2026-08-04T20:22:26.304Z > 200 GET /api/v1/ 275.45ms
INF 2026-08-04T20:22:26.305Z > 200 GET /api/v1/ 269.71ms
INF 2026-08-04T20:22:26.305Z > 200 GET /api/v1/ 259.34ms
INF 2026-08-04T20:22:26.311Z > 200 GET /api/v1/ 256.39ms
INF 2026-08-04T20:22:26.311Z > 200 GET /api/v1/ 251.63ms
INF 2026-08-04T20:22:26.312Z > 200 GET /api/v1/ 251.86ms
INF 2026-08-04T20:22:26.315Z > 200 GET /api/v1/ 51.77ms
INF 2026-08-04T20:22:26.318Z > 200 GET /api/v1/ 48.05ms
INF 2026-08-04T20:22:26.322Z > 200 GET /api/v1/ 200.61ms
INF 2026-08-04T20:22:26.325Z > 200 GET /api/v1/ 262.72ms
INF 2026-08-04T20:22:26.326Z > 200 GET /api/v1/ 271.57ms
INF 2026-08-04T20:22:26.326Z > 200 GET /api/v1/ 204.79ms
INF 2026-08-04T20:22:26.327Z > 200 GET /api/v1/ 263.01ms
INF 2026-08-04T20:22:26.329Z > 200 GET /api/v1/ 271.31ms
INF 2026-08-04T20:22:26.331Z > 200 GET /api/v1/ 228.94ms
INF 2026-08-04T20:22:26.334Z > 200 GET /api/v1/ 234.99ms
INF 2026-08-04T20:22:26.336Z > 200 GET /api/v1/ 214.27ms
INF 2026-08-04T20:22:26.338Z > 200 GET /api/v1/ 231.95ms
INF 2026-08-04T20:22:26.339Z > 200 GET /api/v1/ 276.39ms
INF 2026-08-04T20:22:26.351Z > 200 GET /api/v1/ 224.31ms
INF 2026-08-04T20:22:26.352Z > 200 GET /api/v1/ 230.35ms
INF 2026-08-04T20:22:26.352Z > 200 GET /api/v1/ 230.41ms
INF 2026-08-04T20:22:26.352Z > 200 GET /api/v1/ 219.73ms
INF 2026-08-04T20:22:26.353Z > 200 GET /api/v1/ 50.24ms
INF 2026-08-04T20:22:26.353Z > 200 GET /api/v1/ 41.12ms
INF 2026-08-04T20:22:26.353Z > 200 GET /api/v1/ 346.39ms
INF 2026-08-04T20:22:26.354Z > 200 GET /api/v1/ 295.75ms
INF 2026-08-04T20:22:26.354Z > 200 GET /api/v1/ 71.59ms
INF 2026-08-04T20:22:26.355Z > 200 GET /api/v1/ 292.64ms
INF 2026-08-04T20:22:26.355Z > 200 GET /api/v1/ 39.86ms
INF 2026-08-04T20:22:26.355Z > 200 GET /api/v1/ 56.23ms
INF 2026-08-04T20:22:26.355Z > 200 GET /api/v1/ 292.79ms
INF 2026-08-04T20:22:26.355Z > 200 GET /api/v1/ 257.11ms
INF 2026-08-04T20:22:26.356Z > 200 GET /api/v1/ 220.05ms
INF 2026-08-04T20:22:26.357Z > 200 GET /api/v1/ 34.19ms
INF 2026-08-04T20:22:26.359Z > 200 GET /api/v1/ 32.46ms
INF 2026-08-04T20:22:26.359Z > 200 GET /api/v1/ 33.37ms
INF 2026-08-04T20:22:26.366Z > 200 GET /api/v1/ 241.92ms
INF 2026-08-04T20:22:26.366Z > 200 GET /api/v1/ 239.65ms
INF 2026-08-04T20:22:26.367Z > 200 GET /api/v1/ 257.26ms
INF 2026-08-04T20:22:26.367Z > 200 GET /api/v1/ 35.72ms
INF 2026-08-04T20:22:26.370Z > 200 GET /api/v1/ 305.06ms
INF 2026-08-04T20:22:26.377Z > 200 GET /api/v1/ 43.21ms
INF 2026-08-04T20:22:26.378Z > 200 GET /api/v1/ 39.52ms
INF 2026-08-04T20:22:26.378Z > 200 GET /api/v1/ 23.25ms
INF 2026-08-04T20:22:26.379Z > 200 GET /api/v1/ 316.2ms
INF 2026-08-04T20:22:26.379Z > 200 GET /api/v1/ 23.72ms
INF 2026-08-04T20:22:26.379Z > 200 GET /api/v1/ 257.89ms
INF 2026-08-04T20:22:26.381Z > 200 GET /api/v1/ 41.34ms
INF 2026-08-04T20:22:26.381Z > 200 GET /api/v1/ 24.05ms
INF 2026-08-04T20:22:26.384Z > 200 GET /api/v1/ 307.13ms
INF 2026-08-04T20:22:26.385Z > 200 GET /api/v1/ 262.12ms
INF 2026-08-04T20:22:26.388Z > 200 GET /api/v1/ 21.62ms
INF 2026-08-04T20:22:26.388Z > 200 GET /api/v1/ 21.47ms
INF 2026-08-04T20:22:26.389Z > 200 GET /api/v1/ 18.97ms
INF 2026-08-04T20:22:26.390Z > 200 GET /api/v1/ 246.9ms
INF 2026-08-04T20:22:26.391Z > 200 GET /api/v1/ 248.99ms
INF 2026-08-04T20:22:26.394Z > 200 GET /api/v1/ 15.6ms
INF 2026-08-04T20:22:26.395Z > 200 GET /api/v1/ 14.22ms
INF 2026-08-04T20:22:26.395Z > 200 GET /api/v1/ 15.84ms
INF 2026-08-04T20:22:26.396Z > 200 GET /api/v1/ 11.83ms
INF 2026-08-04T20:22:26.396Z > 200 GET /api/v1/ 18.04ms
INF 2026-08-04T20:22:26.397Z > 200 GET /api/v1/ 9.28ms
INF 2026-08-04T20:22:26.398Z > 200 GET /api/v1/ 253.16ms
INF 2026-08-04T20:22:26.398Z > 200 GET /api/v1/ 253.27ms
INF 2026-08-04T20:22:26.399Z > 200 GET /api/v1/ 7.89ms
INF 2026-08-04T20:22:26.399Z > 200 GET /api/v1/ 253.99ms
INF 2026-08-04T20:22:26.401Z > 200 GET /api/v1/ 4.92ms
INF 2026-08-04T20:22:26.411Z > 200 GET /api/v1/ 13.42ms
INF 2026-08-04T20:22:26.411Z > 200 GET /api/v1/ 13.37ms
INF 2026-08-04T20:22:26.413Z > 200 GET /api/v1/ 13.3ms
INF 2026-08-04T20:22:26.417Z > 200 GET /api/v1/ 113.17ms
INF 2026-08-04T20:22:26.432Z > 200 GET /api/v1/ 14.41ms
INF 2026-08-04T20:22:26.432Z > 200 GET /api/v1/ 279.97ms
INF 2026-08-04T20:22:26.439Z > 200 GET /api/v1/ 282.18ms
INF 2026-08-04T20:22:26.439Z > 200 GET /api/v1/ 285.4ms
INF 2026-08-04T20:22:26.444Z > 200 GET /api/v1/ 298.23ms
INF 2026-08-04T20:22:26.451Z > 200 GET /api/v1/ 145.1ms
INF 2026-08-04T20:22:26.451Z > 200 GET /api/v1/ 153.59ms
INF 2026-08-04T20:22:26.457Z > 200 GET /api/v1/ 247.89ms
INF 2026-08-04T20:22:26.457Z > 200 GET /api/v1/ 303.24ms
INF 2026-08-04T20:22:26.457Z > 200 GET /api/v1/ 158.22ms
INF 2026-08-04T20:22:26.457Z > 200 GET /api/v1/ 164.03ms
INF 2026-08-04T20:22:26.458Z > 200 GET /api/v1/ 253.7ms
INF 2026-08-04T20:22:26.458Z > 200 GET /api/v1/ 298.59ms
INF 2026-08-04T20:22:26.458Z > 200 GET /api/v1/ 304.76ms
INF 2026-08-04T20:22:26.459Z > 200 GET /api/v1/ 314.3ms
INF 2026-08-04T20:22:26.459Z > 200 GET /api/v1/ 300.42ms
INF 2026-08-04T20:22:26.460Z > 200 GET /api/v1/ 298.75ms
INF 2026-08-04T20:22:26.460Z > 200 GET /api/v1/ 316.55ms
INF 2026-08-04T20:22:26.460Z > 200 GET /api/v1/ 248.92ms
INF 2026-08-04T20:22:26.460Z > 200 GET /api/v1/ 248.0ms
INF 2026-08-04T20:22:26.466Z > 200 GET /api/v1/ 15.39ms
INF 2026-08-04T20:22:26.467Z > 200 GET /api/v1/ 34.59ms
INF 2026-08-04T20:22:26.467Z > 200 GET /api/v1/ 318.87ms
INF 2026-08-04T20:22:26.467Z > 200 GET /api/v1/ 253.12ms
INF 2026-08-04T20:22:26.468Z > 200 GET /api/v1/ 252.88ms
INF 2026-08-04T20:22:26.468Z > 200 GET /api/v1/ 8.2ms
INF 2026-08-04T20:22:26.469Z > 200 GET /api/v1/ 254.97ms
INF 2026-08-04T20:22:26.469Z > 200 GET /api/v1/ 8.46ms
INF 2026-08-04T20:22:26.470Z > 200 GET /api/v1/ 256.57ms
INF 2026-08-04T20:22:26.472Z > 200 GET /api/v1/ 256.91ms
INF 2026-08-04T20:22:26.473Z > 200 GET /api/v1/ 257.02ms
INF 2026-08-04T20:22:26.475Z > 200 GET /api/v1/ 257.27ms
INF 2026-08-04T20:22:26.476Z > 200 GET /api/v1/ 8.08ms
INF 2026-08-04T20:22:26.476Z > 200 GET /api/v1/ 254.92ms
INF 2026-08-04T20:22:26.477Z > 200 GET /api/v1/ 8.15ms
INF 2026-08-04T20:22:26.477Z > 200 GET /api/v1/ 8.56ms
INF 2026-08-04T20:22:26.478Z > 200 GET /api/v1/ 253.62ms
INF 2026-08-04T20:22:26.478Z > 200 GET /api/v1/ 10.18ms
INF 2026-08-04T20:22:26.487Z > 200 GET /api/v1/ 47.81ms
INF 2026-08-04T20:22:26.489Z > 200 GET /api/v1/ 262.65ms
INF 2026-08-04T20:22:26.489Z > 200 GET /api/v1/ 259.38ms
INF 2026-08-04T20:22:26.490Z > 200 GET /api/v1/ 265.77ms
INF 2026-08-04T20:22:26.495Z > 200 GET /api/v1/ 265.81ms
INF 2026-08-04T20:22:26.495Z > 200 GET /api/v1/ 271.55ms
INF 2026-08-04T20:22:26.497Z > 200 GET /api/v1/ 52.86ms
INF 2026-08-04T20:22:26.500Z > 200 GET /api/v1/ 272.23ms
INF 2026-08-04T20:22:26.500Z > 200 GET /api/v1/ 267.64ms
INF 2026-08-04T20:22:26.501Z > 200 GET /api/v1/ 266.33ms
INF 2026-08-04T20:22:26.502Z > 200 GET /api/v1/ 265.27ms
INF 2026-08-04T20:22:26.512Z > 200 GET /api/v1/ 275.56ms
INF 2026-08-04T20:22:26.512Z > 200 GET /api/v1/ 266.87ms
INF 2026-08-04T20:22:26.513Z > 200 GET /api/v1/ 254.9ms
INF 2026-08-04T20:22:26.514Z > 200 GET /api/v1/ 37.13ms
INF 2026-08-04T20:22:26.515Z > 200 GET /api/v1/ 270.07ms
INF 2026-08-04T20:22:26.516Z > 200 GET /api/v1/ 279.61ms
INF 2026-08-04T20:22:26.516Z > 200 GET /api/v1/ 277.03ms
INF 2026-08-04T20:22:26.524Z > 200 GET /api/v1/ 34.4ms
INF 2026-08-04T20:22:26.531Z > 200 GET /api/v1/ 232.17ms
INF 2026-08-04T20:22:26.532Z > 200 GET /api/v1/ 220.85ms
INF 2026-08-04T20:22:26.532Z > 200 GET /api/v1/ 271.3ms
INF 2026-08-04T20:22:26.540Z > 200 GET /api/v1/ 25.81ms
INF 2026-08-04T20:22:26.541Z > 200 GET /api/v1/ 211.52ms
INF 2026-08-04T20:22:26.542Z > 200 GET /api/v1/ 230.12ms
INF 2026-08-04T20:22:26.542Z > 200 GET /api/v1/ 215.69ms
INF 2026-08-04T20:22:26.542Z > 200 GET /api/v1/ 186.74ms
INF 2026-08-04T20:22:26.543Z > 200 GET /api/v1/ 237.92ms
INF 2026-08-04T20:22:26.543Z > 200 GET /api/v1/ 284.54ms
INF 2026-08-04T20:22:26.546Z > 200 GET /api/v1/ 189.2ms
INF 2026-08-04T20:22:26.548Z > 200 GET /api/v1/ 32.12ms
INF 2026-08-04T20:22:26.550Z > 200 GET /api/v1/ 290.14ms
INF 2026-08-04T20:22:26.554Z > 200 GET /api/v1/ 275.13ms
INF 2026-08-04T20:22:26.558Z > 200 GET /api/v1/ 27.73ms
INF 2026-08-04T20:22:26.559Z > 200 GET /api/v1/ 290.46ms
INF 2026-08-04T20:22:26.560Z > 200 GET /api/v1/ 204.23ms
INF 2026-08-04T20:22:26.560Z > 200 GET /api/v1/ 299.52ms
INF 2026-08-04T20:22:26.561Z > 200 GET /api/v1/ 206.6ms
INF 2026-08-04T20:22:26.563Z > 200 GET /api/v1/ 23.56ms
INF 2026-08-04T20:22:26.564Z > 200 GET /api/v1/ 31.91ms
INF 2026-08-04T20:22:26.565Z > 200 GET /api/v1/ 23.85ms
INF 2026-08-04T20:22:26.565Z > 200 GET /api/v1/ 306.85ms
INF 2026-08-04T20:22:26.574Z > 200 GET /api/v1/ 30.98ms
INF 2026-08-04T20:22:26.574Z > 200 GET /api/v1/ 31.91ms
INF 2026-08-04T20:22:26.576Z > 200 GET /api/v1/ 219.59ms
INF 2026-08-04T20:22:26.576Z > 200 GET /api/v1/ 208.88ms
INF 2026-08-04T20:22:26.578Z > 200 GET /api/v1/ 29.27ms
INF 2026-08-04T20:22:26.578Z > 200 GET /api/v1/ 314.02ms
INF 2026-08-04T20:22:26.580Z > 200 GET /api/v1/ 201.53ms
INF 2026-08-04T20:22:26.581Z > 200 GET /api/v1/ 26.91ms
INF 2026-08-04T20:22:26.586Z > 200 GET /api/v1/ 26.97ms
INF 2026-08-04T20:22:26.586Z > 200 GET /api/v1/ 267.65ms
INF 2026-08-04T20:22:26.593Z > 200 GET /api/v1/ 33.85ms
INF 2026-08-04T20:22:26.596Z > 200 GET /api/v1/ 99.82ms
INF 2026-08-04T20:22:26.597Z > 200 GET /api/v1/ 219.11ms
INF 2026-08-04T20:22:26.599Z > 200 GET /api/v1/ 37.78ms
INF 2026-08-04T20:22:26.600Z > 200 GET /api/v1/ 39.67ms
INF 2026-08-04T20:22:26.600Z > 200 GET /api/v1/ 23.61ms
INF 2026-08-04T20:22:26.600Z > 200 GET /api/v1/ 24.46ms
INF 2026-08-04T20:22:26.602Z > 200 GET /api/v1/ 247.93ms
INF 2026-08-04T20:22:26.602Z > 200 GET /api/v1/ 24.39ms
INF 2026-08-04T20:22:26.605Z > 200 GET /api/v1/ 248.68ms
INF 2026-08-04T20:22:26.605Z > 200 GET /api/v1/ 225.64ms
INF 2026-08-04T20:22:26.606Z > 200 GET /api/v1/ 252.02ms
INF 2026-08-04T20:22:26.607Z > 200 GET /api/v1/ 251.15ms
INF 2026-08-04T20:22:26.607Z > 200 GET /api/v1/ 250.86ms
INF 2026-08-04T20:22:26.609Z > 200 GET /api/v1/ 27.71ms
INF 2026-08-04T20:22:26.610Z > 200 GET /api/v1/ 250.44ms
INF 2026-08-04T20:22:26.612Z > 200 GET /api/v1/ 245.94ms
INF 2026-08-04T20:22:26.617Z > 200 GET /api/v1/ 31.12ms
INF 2026-08-04T20:22:26.621Z > 200 GET /api/v1/ 335.25ms
INF 2026-08-04T20:22:26.624Z > 200 GET /api/v1/ 269.36ms
INF 2026-08-04T20:22:26.628Z > 200 GET /api/v1/ 237.87ms
INF 2026-08-04T20:22:26.628Z > 200 GET /api/v1/ 34.36ms
INF 2026-08-04T20:22:26.632Z > 200 GET /api/v1/ 243.77ms
INF 2026-08-04T20:22:26.637Z > 200 GET /api/v1/ 37.0ms
INF 2026-08-04T20:22:26.639Z > 200 GET /api/v1/ 282.79ms
INF 2026-08-04T20:22:26.640Z > 200 GET /api/v1/ 34.33ms
INF 2026-08-04T20:22:26.640Z > 200 GET /api/v1/ 33.76ms
INF 2026-08-04T20:22:26.640Z > 200 GET /api/v1/ 33.43ms
INF 2026-08-04T20:22:26.641Z > 200 GET /api/v1/ 304.5ms
INF 2026-08-04T20:22:26.641Z > 200 GET /api/v1/ 281.63ms
INF 2026-08-04T20:22:26.641Z > 200 GET /api/v1/ 286.78ms
INF 2026-08-04T20:22:26.641Z > 200 GET /api/v1/ 32.07ms
INF 2026-08-04T20:22:26.651Z > 200 GET /api/v1/ 48.27ms
INF 2026-08-04T20:22:26.651Z > 200 GET /api/v1/ 41.3ms
INF 2026-08-04T20:22:26.652Z > 200 GET /api/v1/ 262.92ms
INF 2026-08-04T20:22:26.652Z > 200 GET /api/v1/ 383.77ms
INF 2026-08-04T20:22:26.653Z > 200 GET /api/v1/ 35.82ms
INF 2026-08-04T20:22:26.653Z > 200 GET /api/v1/ 32.46ms
INF 2026-08-04T20:22:26.654Z > 200 GET /api/v1/ 393.27ms
INF 2026-08-04T20:22:26.655Z > 200 GET /api/v1/ 260.95ms
INF 2026-08-04T20:22:26.660Z > 200 GET /api/v1/ 332.75ms
INF 2026-08-04T20:22:26.660Z > 200 GET /api/v1/ 263.92ms
INF 2026-08-04T20:22:26.662Z > 200 GET /api/v1/ 277.02ms
INF 2026-08-04T20:22:26.662Z > 200 GET /api/v1/ 266.44ms
INF 2026-08-04T20:22:26.663Z > 200 GET /api/v1/ 35.32ms
INF 2026-08-04T20:22:26.666Z > 200 GET /api/v1/ 33.36ms
INF 2026-08-04T20:22:26.670Z > 200 GET /api/v1/ 29.7ms
INF 2026-08-04T20:22:26.674Z > 200 GET /api/v1/ 34.75ms
INF 2026-08-04T20:22:26.674Z > 200 GET /api/v1/ 32.98ms
INF 2026-08-04T20:22:26.674Z > 200 GET /api/v1/ 276.61ms
INF 2026-08-04T20:22:26.675Z > 200 GET /api/v1/ 33.19ms
INF 2026-08-04T20:22:26.675Z > 200 GET /api/v1/ 294.01ms
INF 2026-08-04T20:22:26.675Z > 200 GET /api/v1/ 21.68ms
INF 2026-08-04T20:22:26.676Z > 200 GET /api/v1/ 22.57ms
INF 2026-08-04T20:22:26.676Z > 200 GET /api/v1/ 21.09ms
INF 2026-08-04T20:22:26.683Z > 200 GET /api/v1/ 283.68ms
INF 2026-08-04T20:22:26.684Z > 200 GET /api/v1/ 21.8ms
INF 2026-08-04T20:22:26.684Z > 200 GET /api/v1/ 288.47ms
INF 2026-08-04T20:22:26.685Z > 200 GET /api/v1/ 25.41ms
INF 2026-08-04T20:22:26.687Z > 200 GET /api/v1/ 285.56ms
INF 2026-08-04T20:22:26.687Z > 200 GET /api/v1/ 20.88ms
INF 2026-08-04T20:22:26.688Z > 200 GET /api/v1/ 275.77ms
INF 2026-08-04T20:22:26.693Z > 200 GET /api/v1/ 19.27ms
INF 2026-08-04T20:22:26.693Z > 200 GET /api/v1/ 18.57ms
INF 2026-08-04T20:22:26.695Z > 200 GET /api/v1/ 282.55ms
INF 2026-08-04T20:22:26.695Z > 200 GET /api/v1/ 19.18ms
INF 2026-08-04T20:22:26.697Z > 200 GET /api/v1/ 13.67ms
INF 2026-08-04T20:22:26.697Z > 200 GET /api/v1/ 284.67ms
INF 2026-08-04T20:22:26.698Z > 200 GET /api/v1/ 10.82ms
INF 2026-08-04T20:22:26.698Z > 200 GET /api/v1/ 12.47ms
INF 2026-08-04T20:22:26.698Z > 200 GET /api/v1/ 10.12ms
INF 2026-08-04T20:22:26.699Z > 200 GET /api/v1/ 266.65ms
INF 2026-08-04T20:22:26.702Z > 200 GET /api/v1/ 8.93ms
INF 2026-08-04T20:22:26.703Z > 200 GET /api/v1/ 5.14ms
INF 2026-08-04T20:22:26.704Z > 200 GET /api/v1/ 253.41ms
INF 2026-08-04T20:22:26.705Z > 200 GET /api/v1/ 9.56ms
INF 2026-08-04T20:22:26.707Z > 200 GET /api/v1/ 267.07ms
INF 2026-08-04T20:22:26.707Z > 200 GET /api/v1/ 9.4ms
INF 2026-08-04T20:22:26.717Z > 200 GET /api/v1/ 257.88ms
INF 2026-08-04T20:22:26.718Z > 200 GET /api/v1/ 259.12ms
INF 2026-08-04T20:22:26.718Z > 200 GET /api/v1/ 259.21ms
INF 2026-08-04T20:22:26.726Z > 200 GET /api/v1/ 265.4ms
INF 2026-08-04T20:22:26.730Z > 200 GET /api/v1/ 262.37ms
INF 2026-08-04T20:22:26.731Z > 200 GET /api/v1/ 270.26ms
INF 2026-08-04T20:22:26.731Z > 200 GET /api/v1/ 261.97ms
INF 2026-08-04T20:22:26.731Z > 200 GET /api/v1/ 272.56ms
INF 2026-08-04T20:22:26.732Z > 200 GET /api/v1/ 270.69ms
INF 2026-08-04T20:22:26.732Z > 200 GET /api/v1/ 262.84ms
INF 2026-08-04T20:22:26.732Z > 200 GET /api/v1/ 264.52ms
INF 2026-08-04T20:22:26.732Z > 200 GET /api/v1/ 272.19ms
INF 2026-08-04T20:22:26.733Z > 200 GET /api/v1/ 273.71ms
INF 2026-08-04T20:22:26.733Z > 200 GET /api/v1/ 274.05ms
INF 2026-08-04T20:22:26.733Z > 200 GET /api/v1/ 274.52ms
INF 2026-08-04T20:22:26.737Z > 200 GET /api/v1/ 262.58ms
INF 2026-08-04T20:22:26.738Z > 200 GET /api/v1/ 12.06ms
INF 2026-08-04T20:22:26.741Z > 200 GET /api/v1/ 269.8ms
INF 2026-08-04T20:22:26.741Z > 200 GET /api/v1/ 239.34ms
INF 2026-08-04T20:22:26.741Z > 200 GET /api/v1/ 263.25ms
INF 2026-08-04T20:22:26.742Z > 200 GET /api/v1/ 9.41ms
INF 2026-08-04T20:22:26.742Z > 200 GET /api/v1/ 10.56ms
INF 2026-08-04T20:22:26.743Z > 200 GET /api/v1/ 10.62ms
INF 2026-08-04T20:22:26.743Z > 200 GET /api/v1/ 265.75ms
INF 2026-08-04T20:22:26.743Z > 200 GET /api/v1/ 9.71ms
INF 2026-08-04T20:22:26.743Z > 200 GET /api/v1/ 11.96ms
INF 2026-08-04T20:22:26.744Z > 200 GET /api/v1/ 230.55ms
INF 2026-08-04T20:22:26.745Z > 200 GET /api/v1/ 243.71ms
INF 2026-08-04T20:22:26.758Z > 200 GET /api/v1/ 241.85ms
INF 2026-08-04T20:22:26.761Z > 200 GET /api/v1/ 286.35ms
INF 2026-08-04T20:22:26.763Z > 200 GET /api/v1/ 250.56ms
INF 2026-08-04T20:22:26.767Z > 200 GET /api/v1/ 291.54ms
INF 2026-08-04T20:22:26.769Z > 200 GET /api/v1/ 26.26ms
INF 2026-08-04T20:22:26.771Z > 200 GET /api/v1/ 27.7ms
INF 2026-08-04T20:22:26.772Z > 200 GET /api/v1/ 274.8ms
INF 2026-08-04T20:22:26.775Z > 200 GET /api/v1/ 29.82ms
INF 2026-08-04T20:22:26.775Z > 200 GET /api/v1/ 298.69ms
INF 2026-08-04T20:22:26.776Z > 200 GET /api/v1/ 243.99ms
INF 2026-08-04T20:22:26.777Z > 200 GET /api/v1/ 287.05ms
INF 2026-08-04T20:22:26.777Z > 200 GET /api/v1/ 299.06ms
INF 2026-08-04T20:22:26.777Z > 200 GET /api/v1/ 226.73ms
INF 2026-08-04T20:22:26.788Z > 200 GET /api/v1/ 276.39ms
INF 2026-08-04T20:22:26.790Z > 200 GET /api/v1/ 214.69ms
INF 2026-08-04T20:22:26.792Z > 200 GET /api/v1/ 33.31ms
INF 2026-08-04T20:22:26.792Z > 200 GET /api/v1/ 226.37ms
INF 2026-08-04T20:22:26.793Z > 200 GET /api/v1/ 291.44ms
INF 2026-08-04T20:22:26.793Z > 200 GET /api/v1/ 304.54ms
INF 2026-08-04T20:22:26.796Z > 200 GET /api/v1/ 35.79ms
INF 2026-08-04T20:22:26.800Z > 200 GET /api/v1/ 219.79ms
INF 2026-08-04T20:22:26.801Z > 200 GET /api/v1/ 285.44ms
INF 2026-08-04T20:22:26.802Z > 200 GET /api/v1/ 38.47ms
INF 2026-08-04T20:22:26.803Z > 200 GET /api/v1/ 36.16ms
INF 2026-08-04T20:22:26.804Z > 200 GET /api/v1/ 260.64ms
INF 2026-08-04T20:22:26.806Z > 200 GET /api/v1/ 219.64ms
INF 2026-08-04T20:22:26.810Z > 200 GET /api/v1/ 37.79ms
INF 2026-08-04T20:22:26.811Z > 200 GET /api/v1/ 36.09ms
INF 2026-08-04T20:22:26.811Z > 200 GET /api/v1/ 35.89ms
INF 2026-08-04T20:22:26.812Z > 200 GET /api/v1/ 35.25ms
INF 2026-08-04T20:22:26.813Z > 200 GET /api/v1/ 234.68ms
INF 2026-08-04T20:22:26.818Z > 200 GET /api/v1/ 42.12ms
INF 2026-08-04T20:22:26.820Z > 200 GET /api/v1/ 42.37ms
INF 2026-08-04T20:22:26.820Z > 200 GET /api/v1/ 332.63ms
INF 2026-08-04T20:22:26.820Z > 200 GET /api/v1/ 296.06ms
INF 2026-08-04T20:22:26.825Z > 200 GET /api/v1/ 279.27ms
INF 2026-08-04T20:22:26.827Z > 200 GET /api/v1/ 284.36ms
INF 2026-08-04T20:22:26.827Z > 200 GET /api/v1/ 251.97ms
INF 2026-08-04T20:22:26.827Z > 200 GET /api/v1/ 266.24ms
INF 2026-08-04T20:22:26.828Z > 200 GET /api/v1/ 230.45ms
INF 2026-08-04T20:22:26.828Z > 200 GET /api/v1/ 263.89ms
INF 2026-08-04T20:22:26.829Z > 200 GET /api/v1/ 264.01ms
INF 2026-08-04T20:22:26.830Z > 200 GET /api/v1/ 287.11ms
INF 2026-08-04T20:22:26.833Z > 200 GET /api/v1/ 234.34ms
INF 2026-08-04T20:22:26.833Z > 200 GET /api/v1/ 12.99ms
INF 2026-08-04T20:22:26.835Z > 200 GET /api/v1/ 7.73ms
INF 2026-08-04T20:22:26.835Z > 200 GET /api/v1/ 234.83ms
INF 2026-08-04T20:22:26.835Z > 200 GET /api/v1/ 235.18ms
INF 2026-08-04T20:22:26.836Z > 200 GET /api/v1/ 8.24ms
INF 2026-08-04T20:22:26.837Z > 200 GET /api/v1/ 7.47ms
INF 2026-08-04T20:22:26.837Z > 200 GET /api/v1/ 347.28ms
INF 2026-08-04T20:22:26.839Z > 200 GET /api/v1/ 5.4ms
INF 2026-08-04T20:22:26.841Z > 200 GET /api/v1/ 5.8ms
INF 2026-08-04T20:22:26.842Z > 200 GET /api/v1/ 5.25ms
INF 2026-08-04T20:22:26.842Z > 200 GET /api/v1/ 345.48ms
INF 2026-08-04T20:22:26.844Z > 200 GET /api/v1/ 331.23ms
INF 2026-08-04T20:22:26.844Z > 200 GET /api/v1/ 247.74ms
INF 2026-08-04T20:22:26.856Z > 200 GET /api/v1/ 62.45ms
INF 2026-08-04T20:22:26.880Z > 200 GET /api/v1/ 268.04ms
INF 2026-08-04T20:22:26.881Z > 200 GET /api/v1/ 276.46ms
INF 2026-08-04T20:22:26.888Z > 200 GET /api/v1/ 247.52ms
INF 2026-08-04T20:22:26.892Z > 200 GET /api/v1/ 264.36ms
INF 2026-08-04T20:22:26.895Z > 200 GET /api/v1/ 252.93ms
INF 2026-08-04T20:22:26.896Z > 200 GET /api/v1/ 254.71ms
INF 2026-08-04T20:22:26.898Z > 200 GET /api/v1/ 291.3ms
INF 2026-08-04T20:22:26.900Z > 200 GET /api/v1/ 20.28ms
INF 2026-08-04T20:22:26.901Z > 200 GET /api/v1/ 260.8ms
INF 2026-08-04T20:22:26.901Z > 200 GET /api/v1/ 248.68ms
INF 2026-08-04T20:22:26.901Z > 200 GET /api/v1/ 248.7ms
INF 2026-08-04T20:22:26.903Z > 200 GET /api/v1/ 21.1ms
INF 2026-08-04T20:22:26.903Z > 200 GET /api/v1/ 279.66ms
INF 2026-08-04T20:22:26.904Z > 200 GET /api/v1/ 301.24ms
INF 2026-08-04T20:22:26.906Z > 200 GET /api/v1/ 268.22ms
INF 2026-08-04T20:22:26.909Z > 200 GET /api/v1/ 20.38ms
INF 2026-08-04T20:22:26.910Z > 200 GET /api/v1/ 257.31ms
INF 2026-08-04T20:22:26.911Z > 200 GET /api/v1/ 18.42ms
INF 2026-08-04T20:22:26.913Z > 200 GET /api/v1/ 14.69ms
INF 2026-08-04T20:22:26.915Z > 200 GET /api/v1/ 13.58ms
INF 2026-08-04T20:22:26.916Z > 200 GET /api/v1/ 262.18ms
INF 2026-08-04T20:22:26.917Z > 200 GET /api/v1/ 254.74ms
INF 2026-08-04T20:22:26.917Z > 200 GET /api/v1/ 13.6ms
INF 2026-08-04T20:22:26.918Z > 200 GET /api/v1/ 254.48ms
INF 2026-08-04T20:22:26.921Z > 200 GET /api/v1/ 15.61ms
INF 2026-08-04T20:22:26.925Z > 200 GET /api/v1/ 13.69ms
INF 2026-08-04T20:22:26.928Z > 200 GET /api/v1/ 13.2ms
INF 2026-08-04T20:22:26.930Z > 200 GET /api/v1/ 14.39ms
INF 2026-08-04T20:22:26.931Z > 200 GET /api/v1/ 17.4ms
INF 2026-08-04T20:22:26.931Z > 200 GET /api/v1/ 13.36ms
INF 2026-08-04T20:22:26.932Z > 200 GET /api/v1/ 14.13ms
INF 2026-08-04T20:22:26.932Z > 200 GET /api/v1/ 261.25ms
INF 2026-08-04T20:22:26.933Z > 200 GET /api/v1/ 11.71ms
INF 2026-08-04T20:22:26.936Z > 200 GET /api/v1/ 262.07ms
INF 2026-08-04T20:22:26.939Z > 200 GET /api/v1/ 127.56ms
INF 2026-08-04T20:22:26.939Z > 200 GET /api/v1/ 8.4ms
INF 2026-08-04T20:22:26.940Z > 200 GET /api/v1/ 376.22ms
INF 2026-08-04T20:22:26.940Z > 200 GET /api/v1/ 143.43ms
INF 2026-08-04T20:22:26.941Z > 200 GET /api/v1/ 8.91ms
INF 2026-08-04T20:22:26.941Z > 200 GET /api/v1/ 9.42ms
INF 2026-08-04T20:22:26.941Z > 200 GET /api/v1/ 121.21ms
INF 2026-08-04T20:22:26.951Z > 200 GET /api/v1/ 108.74ms
INF 2026-08-04T20:22:26.951Z > 200 GET /api/v1/ 137.57ms
INF 2026-08-04T20:22:26.951Z > 200 GET /api/v1/ 109.02ms
INF 2026-08-04T20:22:26.952Z > 200 GET /api/v1/ 18.66ms
INF 2026-08-04T20:22:26.952Z > 200 GET /api/v1/ 276.21ms
INF 2026-08-04T20:22:26.953Z > 200 GET /api/v1/ 134.12ms
INF 2026-08-04T20:22:26.959Z > 200 GET /api/v1/ 284.41ms
INF 2026-08-04T20:22:26.960Z > 200 GET /api/v1/ 23.36ms
INF 2026-08-04T20:22:26.960Z > 200 GET /api/v1/ 307.54ms
INF 2026-08-04T20:22:26.961Z > 200 GET /api/v1/ 300.94ms
INF 2026-08-04T20:22:26.961Z > 200 GET /api/v1/ 276.89ms
INF 2026-08-04T20:22:26.962Z > 200 GET /api/v1/ 286.27ms
INF 2026-08-04T20:22:26.966Z > 200 GET /api/v1/ 272.09ms
INF 2026-08-04T20:22:26.966Z > 200 GET /api/v1/ 13.19ms
INF 2026-08-04T20:22:26.966Z > 200 GET /api/v1/ 281.37ms
INF 2026-08-04T20:22:26.966Z > 200 GET /api/v1/ 279.39ms
INF 2026-08-04T20:22:26.967Z > 200 GET /api/v1/ 16.06ms
INF 2026-08-04T20:22:26.967Z > 200 GET /api/v1/ 292.71ms
INF 2026-08-04T20:22:26.967Z > 200 GET /api/v1/ 271.87ms
INF 2026-08-04T20:22:26.968Z > 200 GET /api/v1/ 270.12ms
INF 2026-08-04T20:22:26.970Z > 200 GET /api/v1/ 9.14ms
INF 2026-08-04T20:22:26.971Z > 200 GET /api/v1/ 252.71ms
INF 2026-08-04T20:22:26.971Z > 200 GET /api/v1/ 237.46ms
INF 2026-08-04T20:22:26.974Z > 200 GET /api/v1/ 7.79ms
INF 2026-08-04T20:22:26.976Z > 200 GET /api/v1/ 9.65ms
INF 2026-08-04T20:22:26.977Z > 200 GET /api/v1/ 9.83ms
INF 2026-08-04T20:22:26.981Z > 200 GET /api/v1/ 10.56ms
INF 2026-08-04T20:22:26.983Z > 200 GET /api/v1/ 246.2ms
INF 2026-08-04T20:22:26.984Z > 200 GET /api/v1/ 277.3ms
INF 2026-08-04T20:22:26.990Z > 200 GET /api/v1/ 248.18ms
INF 2026-08-04T20:22:26.992Z > 200 GET /api/v1/ 287.99ms
INF 2026-08-04T20:22:27.002Z > 200 GET /api/v1/ 258.7ms
INF 2026-08-04T20:22:27.005Z > 200 GET /api/v1/ 265.57ms
INF 2026-08-04T20:22:27.005Z > 200 GET /api/v1/ 272.01ms
INF 2026-08-04T20:22:27.007Z > 200 GET /api/v1/ 308.04ms
INF 2026-08-04T20:22:27.008Z > 200 GET /api/v1/ 309.76ms
INF 2026-08-04T20:22:27.010Z > 200 GET /api/v1/ 277.36ms
INF 2026-08-04T20:22:27.014Z > 200 GET /api/v1/ 282.56ms
INF 2026-08-04T20:22:27.014Z > 200 GET /api/v1/ 281.04ms
INF 2026-08-04T20:22:27.015Z > 200 GET /api/v1/ 271.18ms
INF 2026-08-04T20:22:27.017Z > 200 GET /api/v1/ 309.72ms
INF 2026-08-04T20:22:27.017Z > 200 GET /api/v1/ 312.59ms
INF 2026-08-04T20:22:27.028Z > 200 GET /api/v1/ 217.84ms
INF 2026-08-04T20:22:27.029Z > 200 GET /api/v1/ 326.01ms
INF 2026-08-04T20:22:27.031Z > 200 GET /api/v1/ 230.14ms
INF 2026-08-04T20:22:27.031Z > 200 GET /api/v1/ 229.15ms
INF 2026-08-04T20:22:27.036Z > 200 GET /api/v1/ 292.15ms
INF 2026-08-04T20:22:27.037Z > 200 GET /api/v1/ 244.41ms
INF 2026-08-04T20:22:27.040Z > 200 GET /api/v1/ 228.54ms
INF 2026-08-04T20:22:27.040Z > 200 GET /api/v1/ 250.13ms
INF 2026-08-04T20:22:27.040Z > 200 GET /api/v1/ 49.95ms
INF 2026-08-04T20:22:27.041Z > 200 GET /api/v1/ 272.73ms
INF 2026-08-04T20:22:27.044Z > 200 GET /api/v1/ 37.09ms
INF 2026-08-04T20:22:27.047Z > 200 GET /api/v1/ 329.7ms
INF 2026-08-04T20:22:27.047Z > 200 GET /api/v1/ 241.52ms
INF 2026-08-04T20:22:27.057Z > 200 GET /api/v1/ 338.68ms
INF 2026-08-04T20:22:27.058Z > 200 GET /api/v1/ 43.99ms
INF 2026-08-04T20:22:27.058Z > 200 GET /api/v1/ 43.39ms
INF 2026-08-04T20:22:27.059Z > 200 GET /api/v1/ 316.82ms
INF 2026-08-04T20:22:27.059Z > 200 GET /api/v1/ 48.59ms
INF 2026-08-04T20:22:27.059Z > 200 GET /api/v1/ 42.52ms
INF 2026-08-04T20:22:27.060Z > 200 GET /api/v1/ 239.1ms
INF 2026-08-04T20:22:27.060Z > 200 GET /api/v1/ 361.27ms
INF 2026-08-04T20:22:27.060Z > 200 GET /api/v1/ 257.89ms
INF 2026-08-04T20:22:27.061Z > 200 GET /api/v1/ 318.34ms
INF 2026-08-04T20:22:27.062Z > 200 GET /api/v1/ 59.31ms
INF 2026-08-04T20:22:27.064Z > 200 GET /api/v1/ 259.67ms
INF 2026-08-04T20:22:27.064Z > 200 GET /api/v1/ 333.12ms
INF 2026-08-04T20:22:27.066Z > 200 GET /api/v1/ 288.89ms
INF 2026-08-04T20:22:27.071Z > 200 GET /api/v1/ 63.29ms
INF 2026-08-04T20:22:27.073Z > 200 GET /api/v1/ 247.81ms
INF 2026-08-04T20:22:27.076Z > 200 GET /api/v1/ 34.44ms
INF 2026-08-04T20:22:27.077Z > 200 GET /api/v1/ 284.64ms
INF 2026-08-04T20:22:27.077Z > 200 GET /api/v1/ 249.11ms
INF 2026-08-04T20:22:27.078Z > 200 GET /api/v1/ 336.44ms
INF 2026-08-04T20:22:27.084Z > 200 GET /api/v1/ 256.4ms
INF 2026-08-04T20:22:27.089Z > 200 GET /api/v1/ 29.15ms
INF 2026-08-04T20:22:27.089Z > 200 GET /api/v1/ 29.1ms
INF 2026-08-04T20:22:27.091Z > 200 GET /api/v1/ 29.13ms
INF 2026-08-04T20:22:27.091Z > 200 GET /api/v1/ 252.51ms
INF 2026-08-04T20:22:27.092Z > 200 GET /api/v1/ 27.8ms
INF 2026-08-04T20:22:27.101Z > 200 GET /api/v1/ 271.19ms
INF 2026-08-04T20:22:27.101Z > 200 GET /api/v1/ 36.56ms
INF 2026-08-04T20:22:27.101Z > 200 GET /api/v1/ 256.78ms
INF 2026-08-04T20:22:27.101Z > 200 GET /api/v1/ 34.86ms
INF 2026-08-04T20:22:27.102Z > 200 GET /api/v1/ 41.12ms
INF 2026-08-04T20:22:27.103Z > 200 GET /api/v1/ 359.49ms
INF 2026-08-04T20:22:27.104Z > 200 GET /api/v1/ 259.36ms
INF 2026-08-04T20:22:27.104Z > 200 GET /api/v1/ 30.23ms
INF 2026-08-04T20:22:27.105Z > 200 GET /api/v1/ 267.54ms
INF 2026-08-04T20:22:27.105Z > 200 GET /api/v1/ 269.9ms
INF 2026-08-04T20:22:27.105Z > 200 GET /api/v1/ 264.35ms
INF 2026-08-04T20:22:27.106Z > 200 GET /api/v1/ 302.07ms
INF 2026-08-04T20:22:27.106Z > 200 GET /api/v1/ 30.1ms
INF 2026-08-04T20:22:27.107Z > 200 GET /api/v1/ 335.48ms
INF 2026-08-04T20:22:27.108Z > 200 GET /api/v1/ 36.31ms
INF 2026-08-04T20:22:27.109Z > 200 GET /api/v1/ 72.84ms
INF 2026-08-04T20:22:27.110Z > 200 GET /api/v1/ 276.66ms
INF 2026-08-04T20:22:27.116Z > 200 GET /api/v1/ 413.18ms
INF 2026-08-04T20:22:27.120Z > 200 GET /api/v1/ 284.12ms
INF 2026-08-04T20:22:27.120Z > 200 GET /api/v1/ 42.92ms
INF 2026-08-04T20:22:27.122Z > 200 GET /api/v1/ 266.08ms
INF 2026-08-04T20:22:27.122Z > 200 GET /api/v1/ 295.12ms
INF 2026-08-04T20:22:27.127Z > 200 GET /api/v1/ 289.35ms
INF 2026-08-04T20:22:27.127Z > 200 GET /api/v1/ 23.15ms
INF 2026-08-04T20:22:27.128Z > 200 GET /api/v1/ 338.18ms
INF 2026-08-04T20:22:27.128Z > 200 GET /api/v1/ 22.67ms
INF 2026-08-04T20:22:27.128Z > 200 GET /api/v1/ 335.51ms
INF 2026-08-04T20:22:27.128Z > 200 GET /api/v1/ 315.93ms
INF 2026-08-04T20:22:27.129Z > 200 GET /api/v1/ 22.5ms
INF 2026-08-04T20:22:27.129Z > 200 GET /api/v1/ 20.44ms
INF 2026-08-04T20:22:27.131Z > 200 GET /api/v1/ 23.47ms
INF 2026-08-04T20:22:27.132Z > 200 GET /api/v1/ 16.42ms
INF 2026-08-04T20:22:27.133Z > 200 GET /api/v1/ 231.62ms
INF 2026-08-04T20:22:27.133Z > 200 GET /api/v1/ 12.87ms
INF 2026-08-04T20:22:27.134Z > 200 GET /api/v1/ 7.4ms
INF 2026-08-04T20:22:27.135Z > 200 GET /api/v1/ 239.95ms
INF 2026-08-04T20:22:27.137Z > 200 GET /api/v1/ 235.62ms
INF 2026-08-04T20:22:27.137Z > 200 GET /api/v1/ 9.34ms
INF 2026-08-04T20:22:27.137Z > 200 GET /api/v1/ 8.91ms
INF 2026-08-04T20:22:27.139Z > 200 GET /api/v1/ 242.91ms
INF 2026-08-04T20:22:27.139Z > 200 GET /api/v1/ 9.74ms
INF 2026-08-04T20:22:27.143Z > 200 GET /api/v1/ 239.23ms
INF 2026-08-04T20:22:27.144Z > 200 GET /api/v1/ 234.41ms
INF 2026-08-04T20:22:27.144Z > 200 GET /api/v1/ 240.99ms
INF 2026-08-04T20:22:27.144Z > 200 GET /api/v1/ 5.37ms
INF 2026-08-04T20:22:27.146Z > 200 GET /api/v1/ 228.43ms
INF 2026-08-04T20:22:27.146Z > 200 GET /api/v1/ 236.73ms
INF 2026-08-04T20:22:27.156Z > 200 GET /api/v1/ 230.77ms
INF 2026-08-04T20:22:27.156Z > 200 GET /api/v1/ 225.02ms
INF 2026-08-04T20:22:27.156Z > 200 GET /api/v1/ 254.74ms
INF 2026-08-04T20:22:27.160Z > 200 GET /api/v1/ 232.07ms
INF 2026-08-04T20:22:27.161Z > 200 GET /api/v1/ 228.66ms
INF 2026-08-04T20:22:27.163Z > 200 GET /api/v1/ 213.31ms
INF 2026-08-04T20:22:27.164Z > 200 GET /api/v1/ 222.51ms
INF 2026-08-04T20:22:27.164Z > 200 GET /api/v1/ 223.58ms
INF 2026-08-04T20:22:27.164Z > 200 GET /api/v1/ 213.86ms
INF 2026-08-04T20:22:27.164Z > 200 GET /api/v1/ 224.79ms
INF 2026-08-04T20:22:27.165Z > 200 GET /api/v1/ 212.85ms
INF 2026-08-04T20:22:27.166Z > 200 GET /api/v1/ 224.79ms
INF 2026-08-04T20:22:27.167Z > 200 GET /api/v1/ 214.06ms
INF 2026-08-04T20:22:27.169Z > 200 GET /api/v1/ 4.92ms
INF 2026-08-04T20:22:27.170Z > 200 GET /api/v1/ 5.52ms
INF 2026-08-04T20:22:27.171Z > 200 GET /api/v1/ 4.57ms
INF 2026-08-04T20:22:27.172Z > 200 GET /api/v1/ 218.72ms
INF 2026-08-04T20:22:27.174Z > 200 GET /api/v1/ 7.96ms
INF 2026-08-04T20:22:27.175Z > 200 GET /api/v1/ 222.05ms
INF 2026-08-04T20:22:27.176Z > 200 GET /api/v1/ 208.88ms
INF 2026-08-04T20:22:27.177Z > 200 GET /api/v1/ 216.49ms
INF 2026-08-04T20:22:27.177Z > 200 GET /api/v1/ 7.5ms
INF 2026-08-04T20:22:27.177Z > 200 GET /api/v1/ 5.36ms
INF 2026-08-04T20:22:27.178Z > 200 GET /api/v1/ 217.26ms
INF 2026-08-04T20:22:27.190Z > 200 GET /api/v1/ 223.29ms
INF 2026-08-04T20:22:27.191Z > 200 GET /api/v1/ 229.82ms
INF 2026-08-04T20:22:27.192Z > 200 GET /api/v1/ 225.34ms
INF 2026-08-04T20:22:27.196Z > 200 GET /api/v1/ 235.9ms
INF 2026-08-04T20:22:27.201Z > 200 GET /api/v1/ 232.27ms
INF 2026-08-04T20:22:27.201Z > 200 GET /api/v1/ 217.29ms
INF 2026-08-04T20:22:27.203Z > 200 GET /api/v1/ 240.49ms
INF 2026-08-04T20:22:27.203Z > 200 GET /api/v1/ 172.51ms
INF 2026-08-04T20:22:27.204Z > 200 GET /api/v1/ 236.65ms
INF 2026-08-04T20:22:27.205Z > 200 GET /api/v1/ 233.95ms
INF 2026-08-04T20:22:27.205Z > 200 GET /api/v1/ 176.33ms
INF 2026-08-04T20:22:27.206Z > 200 GET /api/v1/ 235.25ms
INF 2026-08-04T20:22:27.206Z > 200 GET /api/v1/ 232.15ms
INF 2026-08-04T20:22:27.207Z > 200 GET /api/v1/ 175.67ms
INF 2026-08-04T20:22:27.208Z > 200 GET /api/v1/ 192.96ms
INF 2026-08-04T20:22:27.216Z > 200 GET /api/v1/ 198.87ms
INF 2026-08-04T20:22:27.217Z > 200 GET /api/v1/ 239.05ms
INF 2026-08-04T20:22:27.218Z > 200 GET /api/v1/ 240.05ms
INF 2026-08-04T20:22:27.218Z > 200 GET /api/v1/ 213.19ms
INF 2026-08-04T20:22:27.219Z > 200 GET /api/v1/ 265.73ms
INF 2026-08-04T20:22:27.219Z > 200 GET /api/v1/ 214.02ms
INF 2026-08-04T20:22:27.220Z > 200 GET /api/v1/ 190.42ms
INF 2026-08-04T20:22:27.221Z > 200 GET /api/v1/ 29.56ms
INF 2026-08-04T20:22:27.221Z > 200 GET /api/v1/ 228.43ms
INF 2026-08-04T20:22:27.223Z > 200 GET /api/v1/ 238.03ms
INF 2026-08-04T20:22:27.223Z > 200 GET /api/v1/ 240.23ms
INF 2026-08-04T20:22:27.225Z > 200 GET /api/v1/ 46.97ms
INF 2026-08-04T20:22:27.227Z > 200 GET /api/v1/ 26.43ms
INF 2026-08-04T20:22:27.228Z > 200 GET /api/v1/ 31.39ms
INF 2026-08-04T20:22:27.232Z > 200 GET /api/v1/ 26.03ms
INF 2026-08-04T20:22:27.234Z > 200 GET /api/v1/ 27.47ms
INF 2026-08-04T20:22:27.234Z > 200 GET /api/v1/ 31.77ms
INF 2026-08-04T20:22:27.235Z > 200 GET /api/v1/ 29.43ms
INF 2026-08-04T20:22:27.235Z > 200 GET /api/v1/ 15.94ms
INF 2026-08-04T20:22:27.237Z > 200 GET /api/v1/ 196.71ms
INF 2026-08-04T20:22:27.237Z > 200 GET /api/v1/ 33.42ms
INF 2026-08-04T20:22:27.242Z > 200 GET /api/v1/ 21.21ms
INF 2026-08-04T20:22:27.244Z > 200 GET /api/v1/ 19.09ms
INF 2026-08-04T20:22:27.244Z > 200 GET /api/v1/ 21.71ms
INF 2026-08-04T20:22:27.249Z > 200 GET /api/v1/ 16.39ms
INF 2026-08-04T20:22:27.251Z > 200 GET /api/v1/ 16.5ms
INF 2026-08-04T20:22:27.252Z > 200 GET /api/v1/ 17.59ms
INF 2026-08-04T20:22:27.255Z > 200 GET /api/v1/ 214.47ms
INF 2026-08-04T20:22:27.257Z > 200 GET /api/v1/ 22.04ms
INF 2026-08-04T20:22:27.260Z > 200 GET /api/v1/ 23.08ms
INF 2026-08-04T20:22:27.260Z > 200 GET /api/v1/ 223.69ms
INF 2026-08-04T20:22:27.262Z > 200 GET /api/v1/ 218.13ms
INF 2026-08-04T20:22:27.265Z > 200 GET /api/v1/ 224.07ms
INF 2026-08-04T20:22:27.265Z > 200 GET /api/v1/ 20.84ms
INF 2026-08-04T20:22:27.268Z > 200 GET /api/v1/ 25.13ms
INF 2026-08-04T20:22:27.271Z > 200 GET /api/v1/ 18.0ms
INF 2026-08-04T20:22:27.271Z > 200 GET /api/v1/ 16.01ms
INF 2026-08-04T20:22:27.272Z > 200 GET /api/v1/ 224.84ms
INF 2026-08-04T20:22:27.272Z > 200 GET /api/v1/ 15.24ms
INF 2026-08-04T20:22:27.280Z > 200 GET /api/v1/ 14.87ms
INF 2026-08-04T20:22:27.281Z > 200 GET /api/v1/ 222.4ms
INF 2026-08-04T20:22:27.281Z > 200 GET /api/v1/ 20.37ms
INF 2026-08-04T20:22:27.281Z > 200 GET /api/v1/ 18.66ms
INF 2026-08-04T20:22:27.282Z > 200 GET /api/v1/ 14.65ms
INF 2026-08-04T20:22:27.283Z > 200 GET /api/v1/ 225.27ms
INF 2026-08-04T20:22:27.284Z > 200 GET /api/v1/ 225.03ms
INF 2026-08-04T20:22:27.287Z > 200 GET /api/v1/ 14.99ms
INF 2026-08-04T20:22:27.299Z > 200 GET /api/v1/ 238.98ms
INF 2026-08-04T20:22:27.299Z > 200 GET /api/v1/ 122.9ms
INF 2026-08-04T20:22:27.300Z > 200 GET /api/v1/ 19.2ms
INF 2026-08-04T20:22:27.303Z > 200 GET /api/v1/ 20.84ms
INF 2026-08-04T20:22:27.307Z > 200 GET /api/v1/ 22.92ms
INF 2026-08-04T20:22:27.308Z > 200 GET /api/v1/ 24.4ms
INF 2026-08-04T20:22:27.309Z > 200 GET /api/v1/ 249.25ms
INF 2026-08-04T20:22:27.313Z > 200 GET /api/v1/ 234.7ms
INF 2026-08-04T20:22:27.314Z > 200 GET /api/v1/ 236.97ms
INF 2026-08-04T20:22:27.317Z > 200 GET /api/v1/ 233.66ms
INF 2026-08-04T20:22:27.323Z > 200 GET /api/v1/ 15.12ms
INF 2026-08-04T20:22:27.329Z > 200 GET /api/v1/ 239.73ms
INF 2026-08-04T20:22:27.334Z > 200 GET /api/v1/ 46.42ms
INF 2026-08-04T20:22:27.336Z > 200 GET /api/v1/ 246.92ms
INF 2026-08-04T20:22:27.336Z > 200 GET /api/v1/ 233.25ms
INF 2026-08-04T20:22:27.336Z > 200 GET /api/v1/ 235.58ms
INF 2026-08-04T20:22:27.336Z > 200 GET /api/v1/ 245.07ms
INF 2026-08-04T20:22:27.336Z > 200 GET /api/v1/ 26.89ms
INF 2026-08-04T20:22:27.337Z > 200 GET /api/v1/ 19.92ms
INF 2026-08-04T20:22:27.338Z > 200 GET /api/v1/ 30.34ms
INF 2026-08-04T20:22:27.338Z > 200 GET /api/v1/ 280.73ms
INF 2026-08-04T20:22:27.338Z > 200 GET /api/v1/ 290.82ms
INF 2026-08-04T20:22:27.338Z > 200 GET /api/v1/ 278.33ms
INF 2026-08-04T20:22:27.346Z > 200 GET /api/v1/ 243.29ms
INF 2026-08-04T20:22:27.346Z > 200 GET /api/v1/ 245.75ms
INF 2026-08-04T20:22:27.346Z > 200 GET /api/v1/ 23.02ms
INF 2026-08-04T20:22:27.347Z > 200 GET /api/v1/ 244.85ms
INF 2026-08-04T20:22:27.352Z > 200 GET /api/v1/ 249.36ms
INF 2026-08-04T20:22:27.355Z > 200 GET /api/v1/ 20.81ms
INF 2026-08-04T20:22:27.355Z > 200 GET /api/v1/ 19.15ms
INF 2026-08-04T20:22:27.356Z > 200 GET /api/v1/ 19.38ms
INF 2026-08-04T20:22:27.356Z > 200 GET /api/v1/ 19.56ms
INF 2026-08-04T20:22:27.356Z > 200 GET /api/v1/ 18.53ms
INF 2026-08-04T20:22:27.357Z > 200 GET /api/v1/ 252.74ms
INF 2026-08-04T20:22:27.359Z > 200 GET /api/v1/ 20.93ms
INF 2026-08-04T20:22:27.360Z > 200 GET /api/v1/ 257.07ms
INF 2026-08-04T20:22:27.360Z > 200 GET /api/v1/ 14.04ms
INF 2026-08-04T20:22:27.360Z > 200 GET /api/v1/ 13.66ms
INF 2026-08-04T20:22:27.360Z > 200 GET /api/v1/ 256.51ms
INF 2026-08-04T20:22:27.361Z > 200 GET /api/v1/ 13.23ms
INF 2026-08-04T20:22:27.367Z > 200 GET /api/v1/ 14.85ms
INF 2026-08-04T20:22:27.369Z > 200 GET /api/v1/ 263.92ms
INF 2026-08-04T20:22:27.371Z > 200 GET /api/v1/ 10.88ms
INF 2026-08-04T20:22:27.371Z > 200 GET /api/v1/ 11.36ms
INF 2026-08-04T20:22:27.380Z > 200 GET /api/v1/ 23.34ms
INF 2026-08-04T20:22:27.380Z > 200 GET /api/v1/ 19.9ms
INF 2026-08-04T20:22:27.380Z > 200 GET /api/v1/ 19.61ms
INF 2026-08-04T20:22:27.387Z > 200 GET /api/v1/ 73.36ms
INF 2026-08-04T20:22:27.389Z > 200 GET /api/v1/ 9.82ms
INF 2026-08-04T20:22:27.390Z > 200 GET /api/v1/ 20.4ms
INF 2026-08-04T20:22:27.391Z > 200 GET /api/v1/ 285.67ms
INF 2026-08-04T20:22:27.392Z > 200 GET /api/v1/ 285.47ms
INF 2026-08-04T20:22:27.392Z > 200 GET /api/v1/ 285.79ms
INF 2026-08-04T20:22:27.395Z > 200 GET /api/v1/ 268.05ms
INF 2026-08-04T20:22:27.397Z > 200 GET /api/v1/ 261.81ms
INF 2026-08-04T20:22:27.402Z > 200 GET /api/v1/ 5.75ms
INF 2026-08-04T20:22:27.404Z > 200 GET /api/v1/ 272.36ms
INF 2026-08-04T20:22:27.405Z > 200 GET /api/v1/ 7.91ms
INF 2026-08-04T20:22:27.405Z > 200 GET /api/v1/ 275.75ms
INF 2026-08-04T20:22:27.409Z > 200 GET /api/v1/ 271.62ms
INF 2026-08-04T20:22:27.410Z > 200 GET /api/v1/ 255.37ms
INF 2026-08-04T20:22:27.410Z > 200 GET /api/v1/ 271.24ms
INF 2026-08-04T20:22:27.411Z > 200 GET /api/v1/ 273.23ms
INF 2026-08-04T20:22:27.411Z > 200 GET /api/v1/ 265.07ms
INF 2026-08-04T20:22:27.411Z > 200 GET /api/v1/ 288.92ms
INF 2026-08-04T20:22:27.413Z > 200 GET /api/v1/ 279.97ms
INF 2026-08-04T20:22:27.415Z > 200 GET /api/v1/ 286.86ms
INF 2026-08-04T20:22:27.416Z > 200 GET /api/v1/ 10.54ms
INF 2026-08-04T20:22:27.416Z > 200 GET /api/v1/ 282.4ms
INF 2026-08-04T20:22:27.418Z > 200 GET /api/v1/ 274.14ms
INF 2026-08-04T20:22:27.419Z > 200 GET /api/v1/ 262.52ms
INF 2026-08-04T20:22:27.419Z > 200 GET /api/v1/ 291.21ms
INF 2026-08-04T20:22:27.419Z > 200 GET /api/v1/ 309.0ms
INF 2026-08-04T20:22:27.422Z > 200 GET /api/v1/ 301.59ms
INF 2026-08-04T20:22:27.422Z > 200 GET /api/v1/ 203.56ms
INF 2026-08-04T20:22:27.423Z > 200 GET /api/v1/ 266.99ms
INF 2026-08-04T20:22:27.424Z > 200 GET /api/v1/ 12.72ms
INF 2026-08-04T20:22:27.424Z > 200 GET /api/v1/ 260.39ms
INF 2026-08-04T20:22:27.425Z > 200 GET /api/v1/ 264.33ms
INF 2026-08-04T20:22:27.425Z > 200 GET /api/v1/ 247.41ms
INF 2026-08-04T20:22:27.426Z > 200 GET /api/v1/ 234.92ms
INF 2026-08-04T20:22:27.427Z > 200 GET /api/v1/ 292.14ms
INF 2026-08-04T20:22:27.428Z > 200 GET /api/v1/ 12.57ms
INF 2026-08-04T20:22:27.431Z > 200 GET /api/v1/ 286.49ms
INF 2026-08-04T20:22:27.434Z > 200 GET /api/v1/ 290.41ms
INF 2026-08-04T20:22:27.443Z > 200 GET /api/v1/ 299.39ms
INF 2026-08-04T20:22:27.444Z > 200 GET /api/v1/ 238.91ms
INF 2026-08-04T20:22:27.448Z > 200 GET /api/v1/ 25.73ms
INF 2026-08-04T20:22:27.448Z > 200 GET /api/v1/ 22.64ms
INF 2026-08-04T20:22:27.451Z > 200 GET /api/v1/ 232.66ms
INF 2026-08-04T20:22:27.452Z > 200 GET /api/v1/ 318.54ms
INF 2026-08-04T20:22:27.454Z > 200 GET /api/v1/ 284.26ms
INF 2026-08-04T20:22:27.455Z > 200 GET /api/v1/ 231.89ms
INF 2026-08-04T20:22:27.457Z > 200 GET /api/v1/ 292.87ms
INF 2026-08-04T20:22:27.467Z > 200 GET /api/v1/ 265.65ms
INF 2026-08-04T20:22:27.467Z > 200 GET /api/v1/ 305.92ms
INF 2026-08-04T20:22:27.467Z > 200 GET /api/v1/ 329.59ms
INF 2026-08-04T20:22:27.468Z > 200 GET /api/v1/ 303.63ms
INF 2026-08-04T20:22:27.468Z > 200 GET /api/v1/ 295.76ms
INF 2026-08-04T20:22:27.469Z > 200 GET /api/v1/ 293.58ms
INF 2026-08-04T20:22:27.469Z > 200 GET /api/v1/ 265.35ms
INF 2026-08-04T20:22:27.470Z > 200 GET /api/v1/ 277.7ms
INF 2026-08-04T20:22:27.471Z > 200 GET /api/v1/ 243.2ms
INF 2026-08-04T20:22:27.473Z > 200 GET /api/v1/ 265.88ms
INF 2026-08-04T20:22:27.474Z > 200 GET /api/v1/ 255.89ms
INF 2026-08-04T20:22:27.475Z > 200 GET /api/v1/ 256.8ms
INF 2026-08-04T20:22:27.476Z > 200 GET /api/v1/ 319.36ms
INF 2026-08-04T20:22:27.476Z > 200 GET /api/v1/ 24.37ms
INF 2026-08-04T20:22:27.476Z > 200 GET /api/v1/ 28.44ms
INF 2026-08-04T20:22:27.478Z > 200 GET /api/v1/ 301.21ms
INF 2026-08-04T20:22:27.478Z > 200 GET /api/v1/ 300.27ms
INF 2026-08-04T20:22:27.481Z > 200 GET /api/v1/ 26.62ms
INF 2026-08-04T20:22:27.482Z > 200 GET /api/v1/ 306.45ms
INF 2026-08-04T20:22:27.483Z > 200 GET /api/v1/ 25.24ms
INF 2026-08-04T20:22:27.483Z > 200 GET /api/v1/ 275.25ms
INF 2026-08-04T20:22:27.487Z > 200 GET /api/v1/ 267.72ms
INF 2026-08-04T20:22:27.488Z > 200 GET /api/v1/ 18.09ms
INF 2026-08-04T20:22:27.489Z > 200 GET /api/v1/ 21.33ms
INF 2026-08-04T20:22:27.490Z > 200 GET /api/v1/ 14.02ms
INF 2026-08-04T20:22:27.490Z > 200 GET /api/v1/ 23.28ms
INF 2026-08-04T20:22:27.490Z > 200 GET /api/v1/ 262.59ms
INF 2026-08-04T20:22:27.491Z > 200 GET /api/v1/ 270.52ms
INF 2026-08-04T20:22:27.491Z > 200 GET /api/v1/ 15.76ms
INF 2026-08-04T20:22:27.493Z > 200 GET /api/v1/ 16.66ms
INF 2026-08-04T20:22:27.495Z > 200 GET /api/v1/ 372.27ms
INF 2026-08-04T20:22:27.495Z > 200 GET /api/v1/ 16.7ms
INF 2026-08-04T20:22:27.495Z > 200 GET /api/v1/ 12.2ms
INF 2026-08-04T20:22:27.495Z > 200 GET /api/v1/ 328.56ms
INF 2026-08-04T20:22:27.503Z > 200 GET /api/v1/ 281.72ms
INF 2026-08-04T20:22:27.503Z > 200 GET /api/v1/ 78.14ms
INF 2026-08-04T20:22:27.504Z > 200 GET /api/v1/ 14.18ms
INF 2026-08-04T20:22:27.510Z > 200 GET /api/v1/ 20.13ms
INF 2026-08-04T20:22:27.513Z > 200 GET /api/v1/ 21.24ms
INF 2026-08-04T20:22:27.516Z > 200 GET /api/v1/ 20.28ms
INF 2026-08-04T20:22:27.516Z > 200 GET /api/v1/ 13.08ms
INF 2026-08-04T20:22:27.517Z > 200 GET /api/v1/ 12.72ms
INF 2026-08-04T20:22:27.523Z > 200 GET /api/v1/ 12.11ms
INF 2026-08-04T20:22:27.528Z > 200 GET /api/v1/ 290.04ms
INF 2026-08-04T20:22:27.528Z > 200 GET /api/v1/ 276.55ms
INF 2026-08-04T20:22:27.529Z > 200 GET /api/v1/ 268.35ms
INF 2026-08-04T20:22:27.529Z > 200 GET /api/v1/ 294.35ms
INF 2026-08-04T20:22:27.531Z > 200 GET /api/v1/ 15.26ms
INF 2026-08-04T20:22:27.535Z > 200 GET /api/v1/ 290.69ms
INF 2026-08-04T20:22:27.536Z > 200 GET /api/v1/ 270.02ms
INF 2026-08-04T20:22:27.536Z > 200 GET /api/v1/ 265.21ms
INF 2026-08-04T20:22:27.536Z > 200 GET /api/v1/ 18.93ms
INF 2026-08-04T20:22:27.536Z > 200 GET /api/v1/ 287.39ms
INF 2026-08-04T20:22:27.541Z > 200 GET /api/v1/ 13.5ms
INF 2026-08-04T20:22:27.542Z > 200 GET /api/v1/ 13.23ms
INF 2026-08-04T20:22:27.545Z > 200 GET /api/v1/ 15.54ms
INF 2026-08-04T20:22:27.545Z > 200 GET /api/v1/ 13.97ms
INF 2026-08-04T20:22:27.549Z > 200 GET /api/v1/ 14.43ms
INF 2026-08-04T20:22:27.550Z > 200 GET /api/v1/ 13.12ms
INF 2026-08-04T20:22:27.550Z > 200 GET /api/v1/ 13.57ms
INF 2026-08-04T20:22:27.551Z > 200 GET /api/v1/ 279.66ms
INF 2026-08-04T20:22:27.553Z > 200 GET /api/v1/ 273.57ms
INF 2026-08-04T20:22:27.557Z > 200 GET /api/v1/ 11.64ms
INF 2026-08-04T20:22:27.557Z > 200 GET /api/v1/ 276.06ms
INF 2026-08-04T20:22:27.561Z > 200 GET /api/v1/ 11.78ms
INF 2026-08-04T20:22:27.562Z > 200 GET /api/v1/ 11.82ms
INF 2026-08-04T20:22:27.562Z > 200 GET /api/v1/ 262.38ms
INF 2026-08-04T20:22:27.564Z > 200 GET /api/v1/ 13.78ms
INF 2026-08-04T20:22:27.566Z > 200 GET /api/v1/ 12.08ms
INF 2026-08-04T20:22:27.569Z > 200 GET /api/v1/ 287.39ms
INF 2026-08-04T20:22:27.570Z > 200 GET /api/v1/ 269.87ms
INF 2026-08-04T20:22:27.571Z > 200 GET /api/v1/ 143.86ms
INF 2026-08-04T20:22:27.575Z > 200 GET /api/v1/ 10.59ms
INF 2026-08-04T20:22:27.577Z > 200 GET /api/v1/ 10.96ms
INF 2026-08-04T20:22:27.577Z > 200 GET /api/v1/ 148.82ms
INF 2026-08-04T20:22:27.578Z > 200 GET /api/v1/ 274.76ms
INF 2026-08-04T20:22:27.582Z > 200 GET /api/v1/ 309.27ms
INF 2026-08-04T20:22:27.591Z > 200 GET /api/v1/ 290.29ms
INF 2026-08-04T20:22:27.591Z > 200 GET /api/v1/ 277.93ms
INF 2026-08-04T20:22:27.593Z > 200 GET /api/v1/ 22.56ms
INF 2026-08-04T20:22:27.593Z > 200 GET /api/v1/ 263.72ms
INF 2026-08-04T20:22:27.595Z > 200 GET /api/v1/ 20.14ms
INF 2026-08-04T20:22:27.604Z > 200 GET /api/v1/ 25.72ms
INF 2026-08-04T20:22:27.604Z > 200 GET /api/v1/ 267.85ms
INF 2026-08-04T20:22:27.605Z > 200 GET /api/v1/ 267.36ms
INF 2026-08-04T20:22:27.605Z > 200 GET /api/v1/ 268.85ms
INF 2026-08-04T20:22:27.610Z > 200 GET /api/v1/ 17.31ms
INF 2026-08-04T20:22:27.614Z > 200 GET /api/v1/ 18.75ms
INF 2026-08-04T20:22:27.615Z > 200 GET /api/v1/ 260.04ms
INF 2026-08-04T20:22:27.616Z > 200 GET /api/v1/ 269.21ms
INF 2026-08-04T20:22:27.616Z > 200 GET /api/v1/ 260.71ms
INF 2026-08-04T20:22:27.617Z > 200 GET /api/v1/ 278.25ms
INF 2026-08-04T20:22:27.617Z > 200 GET /api/v1/ 11.53ms
INF 2026-08-04T20:22:27.618Z > 200 GET /api/v1/ 13.67ms
INF 2026-08-04T20:22:27.618Z > 200 GET /api/v1/ 262.06ms
INF 2026-08-04T20:22:27.619Z > 200 GET /api/v1/ 8.09ms
INF 2026-08-04T20:22:27.619Z > 200 GET /api/v1/ 280.32ms
INF 2026-08-04T20:22:27.621Z > 200 GET /api/v1/ 264.29ms
INF 2026-08-04T20:22:27.624Z > 200 GET /api/v1/ 7.38ms
INF 2026-08-04T20:22:27.624Z > 200 GET /api/v1/ 6.83ms
INF 2026-08-04T20:22:27.624Z > 200 GET /api/v1/ 267.24ms
INF 2026-08-04T20:22:27.624Z > 200 GET /api/v1/ 62.52ms
INF 2026-08-04T20:22:27.625Z > 200 GET /api/v1/ 5.7ms
INF 2026-08-04T20:22:27.626Z > 200 GET /api/v1/ 265.92ms
INF 2026-08-04T20:22:27.627Z > 200 GET /api/v1/ 69.38ms
INF 2026-08-04T20:22:27.628Z > 200 GET /api/v1/ 267.55ms
INF 2026-08-04T20:22:27.629Z > 200 GET /api/v1/ 261.49ms
INF 2026-08-04T20:22:27.629Z > 200 GET /api/v1/ 7.93ms
INF 2026-08-04T20:22:27.629Z > 200 GET /api/v1/ 5.15ms
INF 2026-08-04T20:22:27.631Z > 200 GET /api/v1/ 250.3ms
INF 2026-08-04T20:22:27.631Z > 200 GET /api/v1/ 251.52ms
INF 2026-08-04T20:22:27.632Z > 200 GET /api/v1/ 7.13ms
INF 2026-08-04T20:22:27.632Z > 200 GET /api/v1/ 244.27ms
INF 2026-08-04T20:22:27.633Z > 200 GET /api/v1/ 251.99ms
INF 2026-08-04T20:22:27.633Z > 200 GET /api/v1/ 252.24ms
INF 2026-08-04T20:22:27.633Z > 200 GET /api/v1/ 243.6ms
INF 2026-08-04T20:22:27.634Z > 200 GET /api/v1/ 243.73ms
INF 2026-08-04T20:22:27.634Z > 200 GET /api/v1/ 241.2ms
INF 2026-08-04T20:22:27.634Z > 200 GET /api/v1/ 242.62ms
INF 2026-08-04T20:22:27.635Z > 200 GET /api/v1/ 243.02ms
INF 2026-08-04T20:22:27.635Z > 200 GET /api/v1/ 3.96ms
INF 2026-08-04T20:22:27.645Z > 200 GET /api/v1/ 11.07ms
INF 2026-08-04T20:22:27.648Z > 200 GET /api/v1/ 13.34ms
INF 2026-08-04T20:22:27.648Z > 200 GET /api/v1/ 245.92ms
INF 2026-08-04T20:22:27.651Z > 200 GET /api/v1/ 246.74ms
INF 2026-08-04T20:22:27.653Z > 200 GET /api/v1/ 247.2ms
INF 2026-08-04T20:22:27.653Z > 200 GET /api/v1/ 243.7ms
INF 2026-08-04T20:22:27.658Z > 200 GET /api/v1/ 233.08ms
INF 2026-08-04T20:22:27.658Z > 200 GET /api/v1/ 5.22ms
INF 2026-08-04T20:22:27.659Z > 200 GET /api/v1/ 248.02ms
INF 2026-08-04T20:22:27.668Z > 200 GET /api/v1/ 236.29ms
INF 2026-08-04T20:22:27.672Z > 200 GET /api/v1/ 248.61ms
INF 2026-08-04T20:22:27.673Z > 200 GET /api/v1/ 228.43ms
INF 2026-08-04T20:22:27.675Z > 200 GET /api/v1/ 259.09ms
INF 2026-08-04T20:22:27.680Z > 200 GET /api/v1/ 269.01ms
INF 2026-08-04T20:22:27.682Z > 200 GET /api/v1/ 256.54ms
INF 2026-08-04T20:22:27.683Z > 200 GET /api/v1/ 263.57ms
INF 2026-08-04T20:22:27.685Z > 200 GET /api/v1/ 231.04ms
INF 2026-08-04T20:22:27.685Z > 200 GET /api/v1/ 250.92ms
INF 2026-08-04T20:22:27.686Z > 200 GET /api/v1/ 261.48ms
INF 2026-08-04T20:22:27.688Z > 200 GET /api/v1/ 239.76ms
INF 2026-08-04T20:22:27.689Z > 200 GET /api/v1/ 268.84ms
INF 2026-08-04T20:22:27.690Z > 200 GET /api/v1/ 222.84ms
INF 2026-08-04T20:22:27.693Z > 200 GET /api/v1/ 248.71ms
INF 2026-08-04T20:22:27.693Z > 200 GET /api/v1/ 277.07ms
INF 2026-08-04T20:22:27.693Z > 200 GET /api/v1/ 271.13ms
INF 2026-08-04T20:22:27.694Z > 200 GET /api/v1/ 281.91ms
INF 2026-08-04T20:22:27.694Z > 200 GET /api/v1/ 25.98ms
INF 2026-08-04T20:22:27.698Z > 200 GET /api/v1/ 25.98ms
INF 2026-08-04T20:22:27.699Z > 200 GET /api/v1/ 285.84ms
INF 2026-08-04T20:22:27.699Z > 200 GET /api/v1/ 289.35ms
INF 2026-08-04T20:22:27.703Z > 200 GET /api/v1/ 251.83ms
INF 2026-08-04T20:22:27.703Z > 200 GET /api/v1/ 232.96ms
INF 2026-08-04T20:22:27.705Z > 200 GET /api/v1/ 237.68ms
INF 2026-08-04T20:22:27.707Z > 200 GET /api/v1/ 238.55ms
INF 2026-08-04T20:22:27.710Z > 200 GET /api/v1/ 236.55ms
INF 2026-08-04T20:22:27.710Z > 200 GET /api/v1/ 11.27ms
INF 2026-08-04T20:22:27.711Z > 200 GET /api/v1/ 239.51ms
INF 2026-08-04T20:22:27.714Z > 200 GET /api/v1/ 244.62ms
INF 2026-08-04T20:22:27.714Z > 200 GET /api/v1/ 11.06ms
INF 2026-08-04T20:22:27.715Z > 200 GET /api/v1/ 8.24ms
INF 2026-08-04T20:22:27.715Z > 200 GET /api/v1/ 10.37ms
INF 2026-08-04T20:22:27.725Z > 200 GET /api/v1/ 14.66ms
INF 2026-08-04T20:22:27.725Z > 200 GET /api/v1/ 13.97ms
INF 2026-08-04T20:22:27.725Z > 200 GET /api/v1/ 306.59ms
INF 2026-08-04T20:22:27.731Z > 200 GET /api/v1/ 254.31ms
INF 2026-08-04T20:22:27.733Z > 200 GET /api/v1/ 17.95ms
INF 2026-08-04T20:22:27.734Z > 200 GET /api/v1/ 48.36ms
INF 2026-08-04T20:22:27.744Z > 200 GET /api/v1/ 13.19ms
INF 2026-08-04T20:22:27.747Z > 200 GET /api/v1/ 13.03ms
INF 2026-08-04T20:22:27.748Z > 200 GET /api/v1/ 264.28ms
INF 2026-08-04T20:22:27.750Z > 200 GET /api/v1/ 15.91ms
INF 2026-08-04T20:22:27.751Z > 200 GET /api/v1/ 272.98ms
INF 2026-08-04T20:22:27.753Z > 200 GET /api/v1/ 265.3ms
INF 2026-08-04T20:22:27.755Z > 200 GET /api/v1/ 272.91ms
INF 2026-08-04T20:22:27.758Z > 200 GET /api/v1/ 276.07ms
INF 2026-08-04T20:22:27.759Z > 200 GET /api/v1/ 272.27ms
INF 2026-08-04T20:22:27.761Z > 200 GET /api/v1/ 271.44ms
INF 2026-08-04T20:22:27.763Z > 200 GET /api/v1/ 271.96ms
INF 2026-08-04T20:22:27.763Z > 200 GET /api/v1/ 16.05ms
INF 2026-08-04T20:22:27.765Z > 200 GET /api/v1/ 15.23ms
INF 2026-08-04T20:22:27.766Z > 200 GET /api/v1/ 17.72ms
INF 2026-08-04T20:22:27.767Z > 200 GET /api/v1/ 275.92ms
INF 2026-08-04T20:22:27.767Z > 200 GET /api/v1/ 14.01ms
INF 2026-08-04T20:22:27.774Z > 200 GET /api/v1/ 14.15ms
INF 2026-08-04T20:22:27.774Z > 200 GET /api/v1/ 271.04ms
INF 2026-08-04T20:22:27.775Z > 200 GET /api/v1/ 13.57ms
INF 2026-08-04T20:22:27.777Z > 200 GET /api/v1/ 13.92ms
INF 2026-08-04T20:22:27.778Z > 200 GET /api/v1/ 284.94ms
INF 2026-08-04T20:22:27.778Z > 200 GET /api/v1/ 275.32ms
INF 2026-08-04T20:22:27.780Z > 200 GET /api/v1/ 13.85ms
INF 2026-08-04T20:22:27.788Z > 200 GET /api/v1/ 13.2ms
INF 2026-08-04T20:22:27.789Z > 200 GET /api/v1/ 15.22ms
INF 2026-08-04T20:22:27.793Z > 200 GET /api/v1/ 15.58ms
INF 2026-08-04T20:22:27.793Z > 200 GET /api/v1/ 14.41ms
INF 2026-08-04T20:22:27.793Z > 200 GET /api/v1/ 18.8ms
INF 2026-08-04T20:22:27.793Z > 200 GET /api/v1/ 13.84ms
INF 2026-08-04T20:22:27.794Z > 200 GET /api/v1/ 290.74ms
INF 2026-08-04T20:22:27.796Z > 200 GET /api/v1/ 282.97ms
INF 2026-08-04T20:22:27.796Z > 200 GET /api/v1/ 279.9ms
INF 2026-08-04T20:22:27.805Z > 200 GET /api/v1/ 301.32ms
INF 2026-08-04T20:22:27.805Z > 200 GET /api/v1/ 282.16ms
INF 2026-08-04T20:22:27.809Z > 200 GET /api/v1/ 20.1ms
INF 2026-08-04T20:22:27.810Z > 200 GET /api/v1/ 16.55ms
INF 2026-08-04T20:22:27.819Z > 200 GET /api/v1/ 25.41ms
INF 2026-08-04T20:22:27.819Z > 200 GET /api/v1/ 283.57ms
INF 2026-08-04T20:22:27.820Z > 200 GET /api/v1/ 25.13ms
INF 2026-08-04T20:22:27.820Z > 200 GET /api/v1/ 400.43ms
INF 2026-08-04T20:22:27.821Z > 200 GET /api/v1/ 132.43ms
INF 2026-08-04T20:22:27.821Z > 200 GET /api/v1/ 284.55ms
INF 2026-08-04T20:22:27.821Z > 200 GET /api/v1/ 16.36ms
INF 2026-08-04T20:22:27.822Z > 200 GET /api/v1/ 142.29ms
INF 2026-08-04T20:22:27.827Z > 200 GET /api/v1/ 133.61ms
INF 2026-08-04T20:22:27.828Z > 200 GET /api/v1/ 134.29ms
INF 2026-08-04T20:22:27.828Z > 200 GET /api/v1/ 282.91ms
INF 2026-08-04T20:22:27.829Z > 200 GET /api/v1/ 138.92ms
INF 2026-08-04T20:22:27.832Z > 200 GET /api/v1/ 269.98ms
INF 2026-08-04T20:22:27.832Z > 200 GET /api/v1/ 290.46ms
INF 2026-08-04T20:22:27.832Z > 200 GET /api/v1/ 290.05ms
INF 2026-08-04T20:22:27.832Z > 200 GET /api/v1/ 358.0ms
INF 2026-08-04T20:22:27.833Z > 200 GET /api/v1/ 304.68ms
INF 2026-08-04T20:22:27.835Z > 200 GET /api/v1/ 6.35ms
INF 2026-08-04T20:22:27.835Z > 200 GET /api/v1/ 13.89ms
INF 2026-08-04T20:22:27.839Z > 200 GET /api/v1/ 224.46ms
INF 2026-08-04T20:22:27.839Z > 200 GET /api/v1/ 270.52ms
INF 2026-08-04T20:22:27.840Z > 200 GET /api/v1/ 248.16ms
INF 2026-08-04T20:22:27.841Z > 200 GET /api/v1/ 208.97ms
INF 2026-08-04T20:22:27.844Z > 200 GET /api/v1/ 272.37ms
INF 2026-08-04T20:22:27.847Z > 200 GET /api/v1/ 231.04ms
INF 2026-08-04T20:22:27.848Z > 200 GET /api/v1/ 3.87ms
INF 2026-08-04T20:22:27.849Z > 200 GET /api/v1/ 214.85ms
INF 2026-08-04T20:22:27.852Z > 200 GET /api/v1/ 302.05ms
INF 2026-08-04T20:22:27.853Z > 200 GET /api/v1/ 5.3ms
INF 2026-08-04T20:22:27.854Z > 200 GET /api/v1/ 249.84ms
INF 2026-08-04T20:22:27.863Z > 200 GET /api/v1/ 233.32ms
INF 2026-08-04T20:22:27.872Z > 200 GET /api/v1/ 17.86ms
INF 2026-08-04T20:22:27.874Z > 200 GET /api/v1/ 244.65ms
INF 2026-08-04T20:22:27.875Z > 200 GET /api/v1/ 189.58ms
INF 2026-08-04T20:22:27.880Z > 200 GET /api/v1/ 185.91ms
INF 2026-08-04T20:22:27.882Z > 200 GET /api/v1/ 18.58ms
INF 2026-08-04T20:22:27.884Z > 200 GET /api/v1/ 184.41ms
INF 2026-08-04T20:22:27.889Z > 200 GET /api/v1/ 264.09ms
INF 2026-08-04T20:22:27.890Z > 200 GET /api/v1/ 259.62ms
INF 2026-08-04T20:22:27.893Z > 200 GET /api/v1/ 266.5ms
INF 2026-08-04T20:22:27.895Z > 200 GET /api/v1/ 269.96ms
INF 2026-08-04T20:22:27.895Z > 200 GET /api/v1/ 184.85ms
INF 2026-08-04T20:22:27.896Z > 200 GET /api/v1/ 21.98ms
INF 2026-08-04T20:22:27.897Z > 200 GET /api/v1/ 21.26ms
INF 2026-08-04T20:22:27.905Z > 200 GET /api/v1/ 313.7ms
INF 2026-08-04T20:22:27.906Z > 200 GET /api/v1/ 343.25ms
INF 2026-08-04T20:22:27.906Z > 200 GET /api/v1/ 26.32ms
INF 2026-08-04T20:22:27.913Z > 200 GET /api/v1/ 31.25ms
INF 2026-08-04T20:22:27.918Z > 200 GET /api/v1/ 34.28ms
INF 2026-08-04T20:22:27.919Z > 200 GET /api/v1/ 300.16ms
INF 2026-08-04T20:22:27.919Z > 200 GET /api/v1/ 259.4ms
INF 2026-08-04T20:22:27.920Z > 200 GET /api/v1/ 268.4ms
INF 2026-08-04T20:22:27.923Z > 200 GET /api/v1/ 33.95ms
INF 2026-08-04T20:22:27.927Z > 200 GET /api/v1/ 243.92ms
INF 2026-08-04T20:22:27.931Z > 200 GET /api/v1/ 35.95ms
INF 2026-08-04T20:22:27.932Z > 200 GET /api/v1/ 298.16ms
INF 2026-08-04T20:22:27.932Z > 200 GET /api/v1/ 316.07ms
INF 2026-08-04T20:22:27.933Z > 200 GET /api/v1/ 250.55ms
INF 2026-08-04T20:22:27.933Z > 200 GET /api/v1/ 36.62ms
INF 2026-08-04T20:22:27.934Z > 200 GET /api/v1/ 218.06ms
INF 2026-08-04T20:22:27.934Z > 200 GET /api/v1/ 27.4ms
INF 2026-08-04T20:22:27.934Z > 200 GET /api/v1/ 314.88ms
INF 2026-08-04T20:22:27.934Z > 200 GET /api/v1/ 309.94ms
INF 2026-08-04T20:22:27.934Z > 200 GET /api/v1/ 328.91ms
INF 2026-08-04T20:22:27.935Z > 200 GET /api/v1/ 317.2ms
INF 2026-08-04T20:22:27.935Z > 200 GET /api/v1/ 259.47ms
INF 2026-08-04T20:22:27.935Z > 200 GET /api/v1/ 300.21ms
INF 2026-08-04T20:22:27.938Z > 200 GET /api/v1/ 305.64ms
INF 2026-08-04T20:22:27.946Z > 200 GET /api/v1/ 22.11ms
INF 2026-08-04T20:22:27.948Z > 200 GET /api/v1/ 29.86ms
INF 2026-08-04T20:22:27.949Z > 200 GET /api/v1/ 29.15ms
INF 2026-08-04T20:22:27.950Z > 200 GET /api/v1/ 224.72ms
INF 2026-08-04T20:22:27.954Z > 200 GET /api/v1/ 21.35ms
INF 2026-08-04T20:22:27.955Z > 200 GET /api/v1/ 27.78ms
INF 2026-08-04T20:22:27.955Z > 200 GET /api/v1/ 22.85ms
INF 2026-08-04T20:22:27.956Z > 200 GET /api/v1/ 321.4ms
INF 2026-08-04T20:22:27.956Z > 200 GET /api/v1/ 22.72ms
INF 2026-08-04T20:22:27.959Z > 200 GET /api/v1/ 313.6ms
INF 2026-08-04T20:22:27.963Z > 200 GET /api/v1/ 405.99ms
INF 2026-08-04T20:22:27.966Z > 200 GET /api/v1/ 31.33ms
INF 2026-08-04T20:22:27.967Z > 200 GET /api/v1/ 308.25ms
INF 2026-08-04T20:22:27.970Z > 200 GET /api/v1/ 34.74ms
INF 2026-08-04T20:22:27.972Z > 200 GET /api/v1/ 23.02ms
INF 2026-08-04T20:22:27.972Z > 200 GET /api/v1/ 227.47ms
INF 2026-08-04T20:22:27.972Z > 200 GET /api/v1/ 37.45ms
INF 2026-08-04T20:22:27.976Z > 200 GET /api/v1/ 40.58ms
INF 2026-08-04T20:22:27.976Z > 200 GET /api/v1/ 283.16ms
INF 2026-08-04T20:22:27.986Z > 200 GET /api/v1/ 32.25ms
INF 2026-08-04T20:22:27.987Z > 200 GET /api/v1/ 30.49ms
INF 2026-08-04T20:22:27.989Z > 200 GET /api/v1/ 340.92ms
INF 2026-08-04T20:22:27.991Z > 200 GET /api/v1/ 34.87ms
INF 2026-08-04T20:22:27.993Z > 200 GET /api/v1/ 29.81ms
INF 2026-08-04T20:22:27.994Z > 200 GET /api/v1/ 35.48ms
INF 2026-08-04T20:22:27.997Z > 200 GET /api/v1/ 31.17ms
INF 2026-08-04T20:22:27.998Z > 200 GET /api/v1/ 362.17ms
INF 2026-08-04T20:22:27.998Z > 200 GET /api/v1/ 304.67ms
INF 2026-08-04T20:22:28.005Z > 200 GET /api/v1/ 305.19ms
INF 2026-08-04T20:22:28.005Z > 200 GET /api/v1/ 246.91ms
INF 2026-08-04T20:22:28.007Z > 200 GET /api/v1/ 34.74ms
INF 2026-08-04T20:22:28.008Z > 200 GET /api/v1/ 37.73ms
INF 2026-08-04T20:22:28.008Z > 200 GET /api/v1/ 253.36ms
INF 2026-08-04T20:22:28.009Z > 200 GET /api/v1/ 381.9ms
INF 2026-08-04T20:22:28.009Z > 200 GET /api/v1/ 390.02ms
INF 2026-08-04T20:22:28.009Z > 200 GET /api/v1/ 294.94ms
INF 2026-08-04T20:22:28.010Z > 200 GET /api/v1/ 295.2ms
INF 2026-08-04T20:22:28.010Z > 200 GET /api/v1/ 20.73ms
INF 2026-08-04T20:22:28.010Z > 200 GET /api/v1/ 34.4ms
INF 2026-08-04T20:22:28.011Z > 200 GET /api/v1/ 433.66ms
INF 2026-08-04T20:22:28.011Z > 200 GET /api/v1/ 434.41ms
INF 2026-08-04T20:22:28.012Z > 200 GET /api/v1/ 323.22ms
INF 2026-08-04T20:22:28.012Z > 200 GET /api/v1/ 418.98ms
INF 2026-08-04T20:22:28.012Z > 200 GET /api/v1/ 429.91ms
INF 2026-08-04T20:22:28.012Z > 200 GET /api/v1/ 246.52ms
INF 2026-08-04T20:22:28.012Z > 200 GET /api/v1/ 36.21ms
INF 2026-08-04T20:22:28.013Z > 200 GET /api/v1/ 249.72ms
INF 2026-08-04T20:22:28.013Z > 200 GET /api/v1/ 19.46ms
INF 2026-08-04T20:22:28.014Z > 200 GET /api/v1/ 380.63ms
INF 2026-08-04T20:22:28.014Z > 200 GET /api/v1/ 380.98ms
INF 2026-08-04T20:22:28.014Z > 200 GET /api/v1/ 100.69ms
INF 2026-08-04T20:22:28.014Z > 200 GET /api/v1/ 384.87ms
INF 2026-08-04T20:22:28.018Z > 200 GET /api/v1/ 314.54ms
INF 2026-08-04T20:22:28.019Z > 200 GET /api/v1/ 251.8ms
INF 2026-08-04T20:22:28.019Z > 200 GET /api/v1/ 345.6ms
INF 2026-08-04T20:22:28.019Z > 200 GET /api/v1/ 24.54ms
INF 2026-08-04T20:22:28.020Z > 200 GET /api/v1/ 366.6ms
INF 2026-08-04T20:22:28.021Z > 200 GET /api/v1/ 372.85ms
INF 2026-08-04T20:22:28.021Z > 200 GET /api/v1/ 295.54ms
INF 2026-08-04T20:22:28.022Z > 200 GET /api/v1/ 296.07ms
INF 2026-08-04T20:22:28.031Z > 200 GET /api/v1/ 252.68ms
INF 2026-08-04T20:22:28.032Z > 200 GET /api/v1/ 373.76ms
INF 2026-08-04T20:22:28.032Z > 200 GET /api/v1/ 265.14ms
INF 2026-08-04T20:22:28.033Z > 200 GET /api/v1/ 244.34ms
INF 2026-08-04T20:22:28.033Z > 200 GET /api/v1/ 23.05ms
INF 2026-08-04T20:22:28.033Z > 200 GET /api/v1/ 239.92ms
INF 2026-08-04T20:22:28.033Z > 200 GET /api/v1/ 20.97ms
INF 2026-08-04T20:22:28.035Z > 200 GET /api/v1/ 241.82ms
INF 2026-08-04T20:22:28.035Z > 200 GET /api/v1/ 22.42ms
INF 2026-08-04T20:22:28.037Z > 200 GET /api/v1/ 24.67ms
INF 2026-08-04T20:22:28.037Z > 200 GET /api/v1/ 351.12ms
INF 2026-08-04T20:22:28.039Z > 200 GET /api/v1/ 243.4ms
INF 2026-08-04T20:22:28.043Z > 200 GET /api/v1/ 246.49ms
INF 2026-08-04T20:22:28.046Z > 200 GET /api/v1/ 218.59ms
INF 2026-08-04T20:22:28.046Z > 200 GET /api/v1/ 25.4ms
INF 2026-08-04T20:22:28.048Z > 200 GET /api/v1/ 13.33ms
INF 2026-08-04T20:22:28.049Z > 200 GET /api/v1/ 243.45ms
INF 2026-08-04T20:22:28.049Z > 200 GET /api/v1/ 238.71ms
INF 2026-08-04T20:22:28.049Z > 200 GET /api/v1/ 16.31ms
INF 2026-08-04T20:22:28.051Z > 200 GET /api/v1/ 241.14ms
INF 2026-08-04T20:22:28.052Z > 200 GET /api/v1/ 199.95ms
INF 2026-08-04T20:22:28.056Z > 200 GET /api/v1/ 216.91ms
INF 2026-08-04T20:22:28.056Z > 200 GET /api/v1/ 235.49ms
INF 2026-08-04T20:22:28.056Z > 200 GET /api/v1/ 235.74ms
INF 2026-08-04T20:22:28.057Z > 200 GET /api/v1/ 19.75ms
INF 2026-08-04T20:22:28.069Z > 200 GET /api/v1/ 227.63ms
INF 2026-08-04T20:22:28.069Z > 200 GET /api/v1/ 233.86ms
INF 2026-08-04T20:22:28.072Z > 200 GET /api/v1/ 23.02ms
INF 2026-08-04T20:22:28.073Z > 200 GET /api/v1/ 321.6ms
INF 2026-08-04T20:22:28.077Z > 200 GET /api/v1/ 255.18ms
INF 2026-08-04T20:22:28.087Z > 200 GET /api/v1/ 251.75ms
INF 2026-08-04T20:22:28.088Z > 200 GET /api/v1/ 248.26ms
INF 2026-08-04T20:22:28.091Z > 200 GET /api/v1/ 186.51ms
INF 2026-08-04T20:22:28.094Z > 200 GET /api/v1/ 24.75ms
INF 2026-08-04T20:22:28.097Z > 200 GET /api/v1/ 207.28ms
INF 2026-08-04T20:22:28.098Z > 200 GET /api/v1/ 244.48ms
INF 2026-08-04T20:22:28.100Z > 200 GET /api/v1/ 27.25ms
INF 2026-08-04T20:22:28.114Z > 200 GET /api/v1/ 265.33ms
INF 2026-08-04T20:22:28.117Z > 200 GET /api/v1/ 269.86ms
INF 2026-08-04T20:22:28.119Z > 200 GET /api/v1/ 41.95ms
INF 2026-08-04T20:22:28.124Z > 200 GET /api/v1/ 191.75ms
INF 2026-08-04T20:22:28.136Z > 200 GET /api/v1/ 302.97ms
INF 2026-08-04T20:22:28.136Z > 200 GET /api/v1/ 47.74ms
INF 2026-08-04T20:22:28.136Z > 200 GET /api/v1/ 307.34ms
INF 2026-08-04T20:22:28.137Z > 200 GET /api/v1/ 45.6ms
INF 2026-08-04T20:22:28.137Z > 200 GET /api/v1/ 304.76ms
INF 2026-08-04T20:22:28.138Z > 200 GET /api/v1/ 41.27ms
INF 2026-08-04T20:22:28.139Z > 200 GET /api/v1/ 243.71ms
INF 2026-08-04T20:22:28.139Z > 200 GET /api/v1/ 266.41ms
INF 2026-08-04T20:22:28.140Z > 200 GET /api/v1/ 46.14ms
INF 2026-08-04T20:22:28.141Z > 200 GET /api/v1/ 40.21ms
INF 2026-08-04T20:22:28.143Z > 200 GET /api/v1/ 320.91ms
INF 2026-08-04T20:22:28.146Z > 200 GET /api/v1/ 73.36ms
INF 2026-08-04T20:22:28.147Z > 200 GET /api/v1/ 253.13ms
INF 2026-08-04T20:22:28.147Z > 200 GET /api/v1/ 326.14ms
INF 2026-08-04T20:22:28.148Z > 200 GET /api/v1/ 33.37ms
INF 2026-08-04T20:22:28.153Z > 200 GET /api/v1/ 320.12ms
INF 2026-08-04T20:22:28.158Z > 200 GET /api/v1/ 40.83ms
INF 2026-08-04T20:22:28.159Z > 200 GET /api/v1/ 39.59ms
INF 2026-08-04T20:22:28.160Z > 200 GET /api/v1/ 253.32ms
INF 2026-08-04T20:22:28.160Z > 200 GET /api/v1/ 225.73ms
INF 2026-08-04T20:22:28.161Z > 200 GET /api/v1/ 337.69ms
INF 2026-08-04T20:22:28.161Z > 200 GET /api/v1/ 328.34ms
INF 2026-08-04T20:22:28.161Z > 200 GET /api/v1/ 36.65ms
INF 2026-08-04T20:22:28.162Z > 200 GET /api/v1/ 23.94ms
INF 2026-08-04T20:22:28.162Z > 200 GET /api/v1/ 242.33ms
INF 2026-08-04T20:22:28.164Z > 200 GET /api/v1/ 243.62ms
INF 2026-08-04T20:22:28.167Z > 200 GET /api/v1/ 337.82ms
INF 2026-08-04T20:22:28.176Z > 200 GET /api/v1/ 244.97ms
INF 2026-08-04T20:22:28.177Z > 200 GET /api/v1/ 33.94ms
INF 2026-08-04T20:22:28.178Z > 200 GET /api/v1/ 32.05ms
INF 2026-08-04T20:22:28.178Z > 200 GET /api/v1/ 356.63ms
INF 2026-08-04T20:22:28.179Z > 200 GET /api/v1/ 338.96ms
INF 2026-08-04T20:22:28.180Z > 200 GET /api/v1/ 273.95ms
INF 2026-08-04T20:22:28.181Z > 200 GET /api/v1/ 28.16ms
INF 2026-08-04T20:22:28.181Z > 200 GET /api/v1/ 34.49ms
INF 2026-08-04T20:22:28.185Z > 200 GET /api/v1/ 25.89ms
INF 2026-08-04T20:22:28.185Z > 200 GET /api/v1/ 27.08ms
INF 2026-08-04T20:22:28.186Z > 200 GET /api/v1/ 26.37ms
INF 2026-08-04T20:22:28.187Z > 200 GET /api/v1/ 25.1ms
INF 2026-08-04T20:22:28.187Z > 200 GET /api/v1/ 25.15ms
INF 2026-08-04T20:22:28.188Z > 200 GET /api/v1/ 26.8ms
INF 2026-08-04T20:22:28.188Z > 200 GET /api/v1/ 21.21ms
INF 2026-08-04T20:22:28.192Z > 200 GET /api/v1/ 10.9ms
INF 2026-08-04T20:22:28.193Z > 200 GET /api/v1/ 12.71ms
INF 2026-08-04T20:22:28.195Z > 200 GET /api/v1/ 9.55ms
INF 2026-08-04T20:22:28.195Z > 200 GET /api/v1/ 8.16ms
INF 2026-08-04T20:22:28.195Z > 200 GET /api/v1/ 7.96ms
INF 2026-08-04T20:22:28.196Z > 200 GET /api/v1/ 144.08ms
INF 2026-08-04T20:22:28.205Z > 200 GET /api/v1/ 17.17ms
INF 2026-08-04T20:22:28.205Z > 200 GET /api/v1/ 16.98ms
INF 2026-08-04T20:22:28.210Z > 200 GET /api/v1/ 376.91ms
INF 2026-08-04T20:22:28.211Z > 200 GET /api/v1/ 154.54ms
INF 2026-08-04T20:22:28.213Z > 200 GET /api/v1/ 18.28ms
INF 2026-08-04T20:22:28.216Z > 200 GET /api/v1/ 20.73ms
INF 2026-08-04T20:22:28.223Z > 200 GET /api/v1/ 276.58ms
INF 2026-08-04T20:22:28.224Z > 200 GET /api/v1/ 14.11ms
INF 2026-08-04T20:22:28.225Z > 200 GET /api/v1/ 237.54ms
INF 2026-08-04T20:22:28.228Z > 200 GET /api/v1/ 293.09ms
INF 2026-08-04T20:22:28.230Z > 200 GET /api/v1/ 257.6ms
INF 2026-08-04T20:22:28.230Z > 200 GET /api/v1/ 274.54ms
INF 2026-08-04T20:22:28.232Z > 200 GET /api/v1/ 7.53ms
INF 2026-08-04T20:22:28.233Z > 200 GET /api/v1/ 297.57ms
INF 2026-08-04T20:22:28.233Z > 200 GET /api/v1/ 295.62ms
INF 2026-08-04T20:22:28.234Z > 200 GET /api/v1/ 228.19ms
INF 2026-08-04T20:22:28.235Z > 200 GET /api/v1/ 238.34ms
INF 2026-08-04T20:22:28.242Z > 200 GET /api/v1/ 236.02ms
INF 2026-08-04T20:22:28.242Z > 200 GET /api/v1/ 232.87ms
INF 2026-08-04T20:22:28.243Z > 200 GET /api/v1/ 13.19ms
INF 2026-08-04T20:22:28.245Z > 200 GET /api/v1/ 234.26ms
INF 2026-08-04T20:22:28.245Z > 200 GET /api/v1/ 272.61ms
INF 2026-08-04T20:22:28.245Z > 200 GET /api/v1/ 310.35ms
INF 2026-08-04T20:22:28.247Z > 200 GET /api/v1/ 248.67ms
INF 2026-08-04T20:22:28.248Z > 200 GET /api/v1/ 257.2ms
INF 2026-08-04T20:22:28.255Z > 200 GET /api/v1/ 257.31ms
INF 2026-08-04T20:22:28.258Z > 200 GET /api/v1/ 307.87ms
INF 2026-08-04T20:22:28.276Z > 200 GET /api/v1/ 262.62ms
INF 2026-08-04T20:22:28.277Z > 200 GET /api/v1/ 327.91ms
INF 2026-08-04T20:22:28.280Z > 200 GET /api/v1/ 313.65ms
INF 2026-08-04T20:22:28.282Z > 200 GET /api/v1/ 271.11ms
INF 2026-08-04T20:22:28.283Z > 200 GET /api/v1/ 295.52ms
INF 2026-08-04T20:22:28.283Z > 200 GET /api/v1/ 272.1ms
INF 2026-08-04T20:22:28.285Z > 200 GET /api/v1/ 275.53ms
INF 2026-08-04T20:22:28.289Z > 200 GET /api/v1/ 268.98ms
INF 2026-08-04T20:22:28.300Z > 200 GET /api/v1/ 54.56ms
INF 2026-08-04T20:22:28.300Z > 200 GET /api/v1/ 343.66ms
INF 2026-08-04T20:22:28.300Z > 200 GET /api/v1/ 290.07ms
INF 2026-08-04T20:22:28.301Z > 200 GET /api/v1/ 279.52ms
INF 2026-08-04T20:22:28.301Z > 200 GET /api/v1/ 289.91ms
INF 2026-08-04T20:22:28.302Z > 200 GET /api/v1/ 293.23ms
INF 2026-08-04T20:22:28.302Z > 200 GET /api/v1/ 288.98ms
INF 2026-08-04T20:22:28.306Z > 200 GET /api/v1/ 50.8ms
INF 2026-08-04T20:22:28.306Z > 200 GET /api/v1/ 293.02ms
INF 2026-08-04T20:22:28.307Z > 200 GET /api/v1/ 58.3ms
INF 2026-08-04T20:22:28.307Z > 200 GET /api/v1/ 287.73ms
INF 2026-08-04T20:22:28.310Z > 200 GET /api/v1/ 51.56ms
INF 2026-08-04T20:22:28.310Z > 200 GET /api/v1/ 276.87ms
INF 2026-08-04T20:22:28.314Z > 200 GET /api/v1/ 280.53ms
INF 2026-08-04T20:22:28.317Z > 200 GET /api/v1/ 302.29ms
INF 2026-08-04T20:22:28.319Z > 200 GET /api/v1/ 299.22ms
INF 2026-08-04T20:22:28.336Z > 200 GET /api/v1/ 302.83ms
INF 2026-08-04T20:22:28.339Z > 200 GET /api/v1/ 326.1ms
INF 2026-08-04T20:22:28.343Z > 200 GET /api/v1/ 66.37ms
INF 2026-08-04T20:22:28.357Z > 200 GET /api/v1/ 326.62ms
INF 2026-08-04T20:22:28.358Z > 200 GET /api/v1/ 338.08ms
INF 2026-08-04T20:22:28.358Z > 200 GET /api/v1/ 69.46ms
INF 2026-08-04T20:22:28.358Z > 200 GET /api/v1/ 75.49ms
INF 2026-08-04T20:22:28.361Z > 200 GET /api/v1/ 59.05ms
INF 2026-08-04T20:22:28.361Z > 200 GET /api/v1/ 79.12ms
INF 2026-08-04T20:22:28.362Z > 200 GET /api/v1/ 59.96ms
INF 2026-08-04T20:22:28.362Z > 200 GET /api/v1/ 347.32ms
INF 2026-08-04T20:22:28.364Z > 200 GET /api/v1/ 348.84ms
INF 2026-08-04T20:22:28.365Z > 200 GET /api/v1/ 80.19ms
INF 2026-08-04T20:22:28.366Z > 200 GET /api/v1/ 58.83ms
INF 2026-08-04T20:22:28.368Z > 200 GET /api/v1/ 57.93ms
INF 2026-08-04T20:22:28.370Z > 200 GET /api/v1/ 59.4ms
INF 2026-08-04T20:22:28.371Z > 200 GET /api/v1/ 340.24ms
INF 2026-08-04T20:22:28.371Z > 200 GET /api/v1/ 53.77ms
INF 2026-08-04T20:22:28.372Z > 200 GET /api/v1/ 356.65ms
INF 2026-08-04T20:22:28.372Z > 200 GET /api/v1/ 357.41ms
INF 2026-08-04T20:22:28.375Z > 200 GET /api/v1/ 38.62ms
INF 2026-08-04T20:22:28.375Z > 200 GET /api/v1/ 340.98ms
INF 2026-08-04T20:22:28.378Z > 200 GET /api/v1/ 38.28ms
INF 2026-08-04T20:22:28.378Z > 200 GET /api/v1/ 59.8ms
INF 2026-08-04T20:22:28.379Z > 200 GET /api/v1/ 35.62ms
INF 2026-08-04T20:22:28.385Z > 200 GET /api/v1/ 351.49ms
INF 2026-08-04T20:22:28.386Z > 200 GET /api/v1/ 350.79ms
INF 2026-08-04T20:22:28.387Z > 200 GET /api/v1/ 353.33ms
INF 2026-08-04T20:22:28.387Z > 200 GET /api/v1/ 25.79ms
INF 2026-08-04T20:22:28.387Z > 200 GET /api/v1/ 28.92ms
INF 2026-08-04T20:22:28.388Z > 200 GET /api/v1/ 23.96ms
INF 2026-08-04T20:22:28.388Z > 200 GET /api/v1/ 351.44ms
INF 2026-08-04T20:22:28.399Z > 200 GET /api/v1/ 28.49ms
INF 2026-08-04T20:22:28.399Z > 200 GET /api/v1/ 40.94ms
INF 2026-08-04T20:22:28.400Z > 200 GET /api/v1/ 33.45ms
INF 2026-08-04T20:22:28.400Z > 200 GET /api/v1/ 29.08ms
INF 2026-08-04T20:22:28.401Z > 200 GET /api/v1/ 28.65ms
INF 2026-08-04T20:22:28.401Z > 200 GET /api/v1/ 386.45ms
INF 2026-08-04T20:22:28.401Z > 200 GET /api/v1/ 361.72ms
INF 2026-08-04T20:22:28.404Z > 200 GET /api/v1/ 25.64ms
INF 2026-08-04T20:22:28.405Z > 200 GET /api/v1/ 29.89ms
INF 2026-08-04T20:22:28.413Z > 200 GET /api/v1/ 25.47ms
INF 2026-08-04T20:22:28.413Z > 200 GET /api/v1/ 24.69ms
INF 2026-08-04T20:22:28.414Z > 200 GET /api/v1/ 12.38ms
INF 2026-08-04T20:22:28.415Z > 200 GET /api/v1/ 9.78ms
INF 2026-08-04T20:22:28.417Z > 200 GET /api/v1/ 276.44ms
INF 2026-08-04T20:22:28.417Z > 200 GET /api/v1/ 16.09ms
INF 2026-08-04T20:22:28.426Z > 200 GET /api/v1/ 10.85ms
INF 2026-08-04T20:22:28.426Z > 200 GET /api/v1/ 12.35ms
INF 2026-08-04T20:22:28.426Z > 200 GET /api/v1/ 264.92ms
INF 2026-08-04T20:22:28.427Z > 200 GET /api/v1/ 288.98ms
INF 2026-08-04T20:22:28.430Z > 200 GET /api/v1/ 291.11ms
INF 2026-08-04T20:22:28.434Z > 200 GET /api/v1/ 391.54ms
INF 2026-08-04T20:22:28.435Z > 200 GET /api/v1/ 17.92ms
INF 2026-08-04T20:22:28.436Z > 200 GET /api/v1/ 274.2ms
INF 2026-08-04T20:22:28.436Z > 200 GET /api/v1/ 386.34ms
INF 2026-08-04T20:22:28.446Z > 200 GET /api/v1/ 395.12ms
INF 2026-08-04T20:22:28.451Z > 200 GET /api/v1/ 381.91ms
INF 2026-08-04T20:22:28.460Z > 200 GET /api/v1/ 272.79ms
INF 2026-08-04T20:22:28.466Z > 200 GET /api/v1/ 326.57ms
INF 2026-08-04T20:22:28.469Z > 200 GET /api/v1/ 421.97ms
INF 2026-08-04T20:22:28.472Z > 200 GET /api/v1/ 373.67ms
INF 2026-08-04T20:22:28.473Z > 200 GET /api/v1/ 423.19ms
INF 2026-08-04T20:22:28.474Z > 200 GET /api/v1/ 309.47ms
INF 2026-08-04T20:22:28.474Z > 200 GET /api/v1/ 326.38ms
INF 2026-08-04T20:22:28.475Z > 200 GET /api/v1/ 417.91ms
INF 2026-08-04T20:22:28.475Z > 200 GET /api/v1/ 250.26ms
INF 2026-08-04T20:22:28.476Z > 200 GET /api/v1/ 299.12ms
INF 2026-08-04T20:22:28.494Z > 200 GET /api/v1/ 315.51ms
INF 2026-08-04T20:22:28.495Z > 200 GET /api/v1/ 283.49ms
INF 2026-08-04T20:22:28.499Z > 200 GET /api/v1/ 29.94ms
INF 2026-08-04T20:22:28.500Z > 200 GET /api/v1/ 284.29ms
INF 2026-08-04T20:22:28.503Z > 200 GET /api/v1/ 29.05ms
INF 2026-08-04T20:22:28.504Z > 200 GET /api/v1/ 29.78ms
INF 2026-08-04T20:22:28.513Z > 200 GET /api/v1/ 38.66ms
INF 2026-08-04T20:22:28.514Z > 200 GET /api/v1/ 37.68ms
INF 2026-08-04T20:22:28.514Z > 200 GET /api/v1/ 457.24ms
INF 2026-08-04T20:22:28.514Z > 200 GET /api/v1/ 48.19ms
INF 2026-08-04T20:22:28.515Z > 200 GET /api/v1/ 352.87ms
INF 2026-08-04T20:22:28.515Z > 200 GET /api/v1/ 68.51ms
INF 2026-08-04T20:22:28.517Z > 200 GET /api/v1/ 41.42ms
INF 2026-08-04T20:22:28.528Z > 200 GET /api/v1/ 322.3ms
INF 2026-08-04T20:22:28.529Z > 200 GET /api/v1/ 335.78ms
INF 2026-08-04T20:22:28.530Z > 200 GET /api/v1/ 473.15ms
INF 2026-08-04T20:22:28.530Z > 200 GET /api/v1/ 35.18ms
INF 2026-08-04T20:22:28.532Z > 200 GET /api/v1/ 298.09ms
INF 2026-08-04T20:22:28.536Z > 200 GET /api/v1/ 486.29ms
INF 2026-08-04T20:22:28.536Z > 200 GET /api/v1/ 388.82ms
INF 2026-08-04T20:22:28.538Z > 200 GET /api/v1/ 400.35ms
INF 2026-08-04T20:22:28.540Z > 200 GET /api/v1/ 104.41ms
INF 2026-08-04T20:22:28.541Z > 200 GET /api/v1/ 40.71ms
INF 2026-08-04T20:22:28.541Z > 200 GET /api/v1/ 403.16ms
INF 2026-08-04T20:22:28.542Z > 200 GET /api/v1/ 402.39ms
INF 2026-08-04T20:22:28.542Z > 200 GET /api/v1/ 82.21ms
INF 2026-08-04T20:22:28.542Z > 200 GET /api/v1/ 363.05ms
INF 2026-08-04T20:22:28.543Z > 200 GET /api/v1/ 38.69ms
INF 2026-08-04T20:22:28.543Z > 200 GET /api/v1/ 309.0ms
INF 2026-08-04T20:22:28.543Z > 200 GET /api/v1/ 44.2ms
INF 2026-08-04T20:22:28.543Z > 200 GET /api/v1/ 312.09ms
INF 2026-08-04T20:22:28.544Z > 200 GET /api/v1/ 348.54ms
INF 2026-08-04T20:22:28.544Z > 200 GET /api/v1/ 26.89ms
INF 2026-08-04T20:22:28.544Z > 200 GET /api/v1/ 351.54ms
INF 2026-08-04T20:22:28.545Z > 200 GET /api/v1/ 339.23ms
INF 2026-08-04T20:22:28.545Z > 200 GET /api/v1/ 340.96ms
INF 2026-08-04T20:22:28.546Z > 200 GET /api/v1/ 302.8ms
INF 2026-08-04T20:22:28.546Z > 200 GET /api/v1/ 405.27ms
INF 2026-08-04T20:22:28.546Z > 200 GET /api/v1/ 14.79ms
INF 2026-08-04T20:22:28.548Z > 200 GET /api/v1/ 18.11ms
INF 2026-08-04T20:22:28.549Z > 200 GET /api/v1/ 410.99ms
INF 2026-08-04T20:22:28.552Z > 200 GET /api/v1/ 23.7ms
INF 2026-08-04T20:22:28.552Z > 200 GET /api/v1/ 327.8ms
INF 2026-08-04T20:22:28.553Z > 200 GET /api/v1/ 374.83ms
INF 2026-08-04T20:22:28.553Z > 200 GET /api/v1/ 310.43ms
INF 2026-08-04T20:22:28.555Z > 200 GET /api/v1/ 318.48ms
INF 2026-08-04T20:22:28.555Z > 200 GET /api/v1/ 8.56ms
INF 2026-08-04T20:22:28.556Z > 200 GET /api/v1/ 13.15ms
INF 2026-08-04T20:22:28.565Z > 200 GET /api/v1/ 19.7ms
INF 2026-08-04T20:22:28.565Z > 200 GET /api/v1/ 318.17ms
INF 2026-08-04T20:22:28.566Z > 200 GET /api/v1/ 333.66ms
INF 2026-08-04T20:22:28.566Z > 200 GET /api/v1/ 380.41ms
INF 2026-08-04T20:22:28.566Z > 200 GET /api/v1/ 23.05ms
INF 2026-08-04T20:22:28.566Z > 200 GET /api/v1/ 390.29ms
INF 2026-08-04T20:22:28.568Z > 200 GET /api/v1/ 27.58ms
INF 2026-08-04T20:22:28.570Z > 200 GET /api/v1/ 23.71ms
INF 2026-08-04T20:22:28.570Z > 200 GET /api/v1/ 482.81ms
INF 2026-08-04T20:22:28.571Z > 200 GET /api/v1/ 27.21ms
INF 2026-08-04T20:22:28.571Z > 200 GET /api/v1/ 342.62ms
INF 2026-08-04T20:22:28.575Z > 200 GET /api/v1/ 294.38ms
INF 2026-08-04T20:22:28.575Z > 200 GET /api/v1/ 274.08ms
INF 2026-08-04T20:22:28.576Z > 200 GET /api/v1/ 330.9ms
INF 2026-08-04T20:22:28.577Z > 200 GET /api/v1/ 362.97ms
INF 2026-08-04T20:22:28.577Z > 200 GET /api/v1/ 275.9ms
INF 2026-08-04T20:22:28.578Z > 200 GET /api/v1/ 302.18ms
INF 2026-08-04T20:22:28.579Z > 200 GET /api/v1/ 335.79ms
INF 2026-08-04T20:22:28.579Z > 200 GET /api/v1/ 397.9ms
INF 2026-08-04T20:22:28.580Z > 200 GET /api/v1/ 533.6ms
INF 2026-08-04T20:22:28.580Z > 200 GET /api/v1/ 335.0ms
INF 2026-08-04T20:22:28.580Z > 200 GET /api/v1/ 28.04ms
INF 2026-08-04T20:22:28.581Z > 200 GET /api/v1/ 274.17ms
INF 2026-08-04T20:22:28.581Z > 200 GET /api/v1/ 346.95ms
INF 2026-08-04T20:22:28.582Z > 200 GET /api/v1/ 279.4ms
INF 2026-08-04T20:22:28.582Z > 200 GET /api/v1/ 275.01ms
INF 2026-08-04T20:22:28.582Z > 200 GET /api/v1/ 299.04ms
INF 2026-08-04T20:22:28.582Z > 200 GET /api/v1/ 280.7ms
INF 2026-08-04T20:22:28.586Z > 200 GET /api/v1/ 283.81ms
INF 2026-08-04T20:22:28.587Z > 200 GET /api/v1/ 218.97ms
INF 2026-08-04T20:22:28.594Z > 200 GET /api/v1/ 236.69ms
INF 2026-08-04T20:22:28.604Z > 200 GET /api/v1/ 240.98ms
INF 2026-08-04T20:22:28.606Z > 200 GET /api/v1/ 24.59ms
INF 2026-08-04T20:22:28.606Z > 200 GET /api/v1/ 233.72ms
INF 2026-08-04T20:22:28.606Z > 200 GET /api/v1/ 228.42ms
INF 2026-08-04T20:22:28.607Z > 200 GET /api/v1/ 24.8ms
INF 2026-08-04T20:22:28.607Z > 200 GET /api/v1/ 25.37ms
INF 2026-08-04T20:22:28.607Z > 200 GET /api/v1/ 27.9ms
INF 2026-08-04T20:22:28.607Z > 200 GET /api/v1/ 222.21ms
INF 2026-08-04T20:22:28.609Z > 200 GET /api/v1/ 233.92ms
INF 2026-08-04T20:22:28.610Z > 200 GET /api/v1/ 244.34ms
INF 2026-08-04T20:22:28.610Z > 200 GET /api/v1/ 249.04ms
INF 2026-08-04T20:22:28.611Z > 200 GET /api/v1/ 28.16ms
INF 2026-08-04T20:22:28.621Z > 200 GET /api/v1/ 26.57ms
INF 2026-08-04T20:22:28.631Z > 200 GET /api/v1/ 272.11ms
INF 2026-08-04T20:22:28.631Z > 200 GET /api/v1/ 324.57ms
INF 2026-08-04T20:22:28.638Z > 200 GET /api/v1/ 275.9ms
INF 2026-08-04T20:22:28.638Z > 200 GET /api/v1/ 32.6ms
INF 2026-08-04T20:22:28.639Z > 200 GET /api/v1/ 268.87ms
INF 2026-08-04T20:22:28.639Z > 200 GET /api/v1/ 32.49ms
INF 2026-08-04T20:22:28.639Z > 200 GET /api/v1/ 252.49ms
INF 2026-08-04T20:22:28.640Z > 200 GET /api/v1/ 33.04ms
INF 2026-08-04T20:22:28.642Z > 200 GET /api/v1/ 34.43ms
INF 2026-08-04T20:22:28.642Z > 200 GET /api/v1/ 32.58ms
INF 2026-08-04T20:22:28.642Z > 200 GET /api/v1/ 33.19ms
INF 2026-08-04T20:22:28.643Z > 200 GET /api/v1/ 329.04ms
INF 2026-08-04T20:22:28.643Z > 200 GET /api/v1/ 32.97ms
INF 2026-08-04T20:22:28.645Z > 200 GET /api/v1/ 255.09ms
INF 2026-08-04T20:22:28.646Z > 200 GET /api/v1/ 245.6ms
INF 2026-08-04T20:22:28.660Z > 200 GET /api/v1/ 281.19ms
INF 2026-08-04T20:22:28.660Z > 200 GET /api/v1/ 272.89ms
INF 2026-08-04T20:22:28.662Z > 200 GET /api/v1/ 40.64ms
INF 2026-08-04T20:22:28.664Z > 200 GET /api/v1/ 263.29ms
INF 2026-08-04T20:22:28.665Z > 200 GET /api/v1/ 26.28ms
INF 2026-08-04T20:22:28.665Z > 200 GET /api/v1/ 277.74ms
INF 2026-08-04T20:22:28.666Z > 200 GET /api/v1/ 26.05ms
INF 2026-08-04T20:22:28.667Z > 200 GET /api/v1/ 25.21ms
INF 2026-08-04T20:22:28.668Z > 200 GET /api/v1/ 267.33ms
INF 2026-08-04T20:22:28.669Z > 200 GET /api/v1/ 29.47ms
INF 2026-08-04T20:22:28.669Z > 200 GET /api/v1/ 268.43ms
INF 2026-08-04T20:22:28.669Z > 200 GET /api/v1/ 268.09ms
INF 2026-08-04T20:22:28.670Z > 200 GET /api/v1/ 24.97ms
INF 2026-08-04T20:22:28.670Z > 200 GET /api/v1/ 24.21ms
INF 2026-08-04T20:22:28.672Z > 200 GET /api/v1/ 28.7ms
INF 2026-08-04T20:22:28.679Z > 200 GET /api/v1/ 273.74ms
INF 2026-08-04T20:22:28.682Z > 200 GET /api/v1/ 16.94ms
INF 2026-08-04T20:22:28.682Z > 200 GET /api/v1/ 12.8ms
INF 2026-08-04T20:22:28.685Z > 200 GET /api/v1/ 18.49ms
INF 2026-08-04T20:22:28.685Z > 200 GET /api/v1/ 17.66ms
INF 2026-08-04T20:22:28.686Z > 200 GET /api/v1/ 17.35ms
INF 2026-08-04T20:22:28.688Z > 200 GET /api/v1/ 19.5ms
INF 2026-08-04T20:22:28.693Z > 200 GET /api/v1/ 21.06ms
INF 2026-08-04T20:22:28.698Z > 200 GET /api/v1/ 27.68ms
INF 2026-08-04T20:22:28.702Z > 200 GET /api/v1/ 284.65ms
INF 2026-08-04T20:22:28.709Z > 200 GET /api/v1/ 26.22ms
INF 2026-08-04T20:22:28.710Z > 200 GET /api/v1/ 25.06ms
INF 2026-08-04T20:22:28.717Z > 200 GET /api/v1/ 303.54ms
INF 2026-08-04T20:22:28.718Z > 200 GET /api/v1/ 150.1ms
INF 2026-08-04T20:22:28.728Z > 200 GET /api/v1/ 301.44ms
INF 2026-08-04T20:22:28.729Z > 200 GET /api/v1/ 35.22ms
INF 2026-08-04T20:22:28.729Z > 200 GET /api/v1/ 302.12ms
INF 2026-08-04T20:22:28.729Z > 200 GET /api/v1/ 315.87ms
INF 2026-08-04T20:22:28.731Z > 200 GET /api/v1/ 303.75ms
INF 2026-08-04T20:22:28.732Z > 200 GET /api/v1/ 305.11ms
INF 2026-08-04T20:22:28.732Z > 200 GET /api/v1/ 30.5ms
INF 2026-08-04T20:22:28.733Z > 200 GET /api/v1/ 23.73ms
INF 2026-08-04T20:22:28.735Z > 200 GET /api/v1/ 16.55ms
INF 2026-08-04T20:22:28.736Z > 200 GET /api/v1/ 18.49ms
INF 2026-08-04T20:22:28.737Z > 200 GET /api/v1/ 306.64ms
INF 2026-08-04T20:22:28.739Z > 200 GET /api/v1/ 303.36ms
INF 2026-08-04T20:22:28.739Z > 200 GET /api/v1/ 303.66ms
INF 2026-08-04T20:22:28.741Z > 200 GET /api/v1/ 8.66ms
INF 2026-08-04T20:22:28.742Z > 200 GET /api/v1/ 268.99ms
INF 2026-08-04T20:22:28.743Z > 200 GET /api/v1/ 248.09ms
INF 2026-08-04T20:22:28.745Z > 200 GET /api/v1/ 228.8ms
INF 2026-08-04T20:22:28.745Z > 200 GET /api/v1/ 57.28ms
INF 2026-08-04T20:22:28.745Z > 200 GET /api/v1/ 229.45ms
INF 2026-08-04T20:22:28.746Z > 200 GET /api/v1/ 230.45ms
INF 2026-08-04T20:22:28.747Z > 200 GET /api/v1/ 295.13ms
INF 2026-08-04T20:22:28.747Z > 200 GET /api/v1/ 274.86ms
INF 2026-08-04T20:22:28.749Z > 200 GET /api/v1/ 232.84ms
INF 2026-08-04T20:22:28.750Z > 200 GET /api/v1/ 233.51ms
INF 2026-08-04T20:22:28.750Z > 200 GET /api/v1/ 313.92ms
INF 2026-08-04T20:22:28.750Z > 200 GET /api/v1/ 220.52ms
INF 2026-08-04T20:22:28.750Z > 200 GET /api/v1/ 219.83ms
INF 2026-08-04T20:22:28.753Z > 200 GET /api/v1/ 236.78ms
INF 2026-08-04T20:22:28.753Z > 200 GET /api/v1/ 249.25ms
INF 2026-08-04T20:22:28.753Z > 200 GET /api/v1/ 217.18ms
INF 2026-08-04T20:22:28.754Z > 200 GET /api/v1/ 6.87ms
INF 2026-08-04T20:22:28.755Z > 200 GET /api/v1/ 7.78ms
INF 2026-08-04T20:22:28.756Z > 200 GET /api/v1/ 6.43ms
INF 2026-08-04T20:22:28.758Z > 200 GET /api/v1/ 215.59ms
INF 2026-08-04T20:22:28.758Z > 200 GET /api/v1/ 8.49ms
INF 2026-08-04T20:22:28.760Z > 200 GET /api/v1/ 9.28ms
INF 2026-08-04T20:22:28.760Z > 200 GET /api/v1/ 18.19ms
INF 2026-08-04T20:22:28.761Z > 200 GET /api/v1/ 7.4ms
INF 2026-08-04T20:22:28.761Z > 200 GET /api/v1/ 224.92ms
INF 2026-08-04T20:22:28.762Z > 200 GET /api/v1/ 219.34ms
INF 2026-08-04T20:22:28.763Z > 200 GET /api/v1/ 221.12ms
INF 2026-08-04T20:22:28.764Z > 200 GET /api/v1/ 219.87ms
INF 2026-08-04T20:22:28.774Z > 200 GET /api/v1/ 230.96ms
INF 2026-08-04T20:22:28.778Z > 200 GET /api/v1/ 233.74ms
INF 2026-08-04T20:22:28.785Z > 200 GET /api/v1/ 240.58ms
INF 2026-08-04T20:22:28.786Z > 200 GET /api/v1/ 240.55ms
INF 2026-08-04T20:22:28.788Z > 200 GET /api/v1/ 242.91ms
INF 2026-08-04T20:22:28.807Z > 200 GET /api/v1/ 261.22ms
INF 2026-08-04T20:22:28.811Z > 200 GET /api/v1/ 48.53ms
INF 2026-08-04T20:22:28.819Z > 200 GET /api/v1/ 272.54ms
INF 2026-08-04T20:22:28.820Z > 200 GET /api/v1/ 274.21ms
INF 2026-08-04T20:22:28.828Z > 200 GET /api/v1/ 278.23ms
INF 2026-08-04T20:22:28.828Z > 200 GET /api/v1/ 278.49ms
INF 2026-08-04T20:22:28.836Z > 200 GET /api/v1/ 268.46ms
INF 2026-08-04T20:22:28.838Z > 200 GET /api/v1/ 270.24ms
INF 2026-08-04T20:22:28.838Z > 200 GET /api/v1/ 49.66ms
INF 2026-08-04T20:22:28.838Z > 200 GET /api/v1/ 31.13ms
INF 2026-08-04T20:22:28.839Z > 200 GET /api/v1/ 259.31ms
INF 2026-08-04T20:22:28.840Z > 200 GET /api/v1/ 268.26ms
INF 2026-08-04T20:22:28.840Z > 200 GET /api/v1/ 261.29ms
INF 2026-08-04T20:22:28.841Z > 200 GET /api/v1/ 269.29ms
INF 2026-08-04T20:22:28.842Z > 200 GET /api/v1/ 286.62ms
INF 2026-08-04T20:22:28.842Z > 200 GET /api/v1/ 266.41ms
INF 2026-08-04T20:22:28.848Z > 200 GET /api/v1/ 276.53ms
INF 2026-08-04T20:22:28.848Z > 200 GET /api/v1/ 294.26ms
INF 2026-08-04T20:22:28.848Z > 200 GET /api/v1/ 29.05ms
INF 2026-08-04T20:22:28.854Z > 200 GET /api/v1/ 298.16ms
INF 2026-08-04T20:22:28.856Z > 200 GET /api/v1/ 284.83ms
INF 2026-08-04T20:22:28.856Z > 200 GET /api/v1/ 274.29ms
INF 2026-08-04T20:22:28.857Z > 200 GET /api/v1/ 289.21ms
INF 2026-08-04T20:22:28.857Z > 200 GET /api/v1/ 280.38ms
INF 2026-08-04T20:22:28.857Z > 200 GET /api/v1/ 289.71ms
INF 2026-08-04T20:22:28.857Z > 200 GET /api/v1/ 290.03ms
INF 2026-08-04T20:22:28.858Z > 200 GET /api/v1/ 29.6ms
INF 2026-08-04T20:22:28.858Z > 200 GET /api/v1/ 290.33ms
INF 2026-08-04T20:22:28.865Z > 200 GET /api/v1/ 25.83ms
INF 2026-08-04T20:22:28.866Z > 200 GET /api/v1/ 289.0ms
INF 2026-08-04T20:22:28.867Z > 200 GET /api/v1/ 26.07ms
INF 2026-08-04T20:22:28.869Z > 200 GET /api/v1/ 313.36ms
INF 2026-08-04T20:22:28.871Z > 200 GET /api/v1/ 32.08ms
INF 2026-08-04T20:22:28.871Z > 200 GET /api/v1/ 314.69ms
INF 2026-08-04T20:22:28.872Z > 200 GET /api/v1/ 289.36ms
INF 2026-08-04T20:22:28.873Z > 200 GET /api/v1/ 292.27ms
INF 2026-08-04T20:22:28.882Z > 200 GET /api/v1/ 33.78ms
INF 2026-08-04T20:22:28.883Z > 200 GET /api/v1/ 28.9ms
INF 2026-08-04T20:22:28.883Z > 200 GET /api/v1/ 302.85ms
INF 2026-08-04T20:22:28.884Z > 200 GET /api/v1/ 331.2ms
INF 2026-08-04T20:22:28.886Z > 200 GET /api/v1/ 310.52ms
INF 2026-08-04T20:22:28.890Z > 200 GET /api/v1/ 307.53ms
INF 2026-08-04T20:22:28.891Z > 200 GET /api/v1/ 34.04ms
INF 2026-08-04T20:22:28.894Z > 200 GET /api/v1/ 37.51ms
INF 2026-08-04T20:22:28.895Z > 200 GET /api/v1/ 36.83ms
INF 2026-08-04T20:22:28.895Z > 200 GET /api/v1/ 28.29ms
INF 2026-08-04T20:22:28.899Z > 200 GET /api/v1/ 28.61ms
INF 2026-08-04T20:22:28.902Z > 200 GET /api/v1/ 29.37ms
INF 2026-08-04T20:22:28.903Z > 200 GET /api/v1/ 37.02ms
INF 2026-08-04T20:22:28.905Z > 200 GET /api/v1/ 299.44ms
INF 2026-08-04T20:22:28.907Z > 200 GET /api/v1/ 324.87ms
INF 2026-08-04T20:22:28.908Z > 200 GET /api/v1/ 17.65ms
INF 2026-08-04T20:22:28.913Z > 200 GET /api/v1/ 18.48ms
INF 2026-08-04T20:22:28.913Z > 200 GET /api/v1/ 305.85ms
INF 2026-08-04T20:22:28.914Z > 200 GET /api/v1/ 18.61ms
INF 2026-08-04T20:22:28.915Z > 200 GET /api/v1/ 28.14ms
INF 2026-08-04T20:22:28.916Z > 200 GET /api/v1/ 305.7ms
INF 2026-08-04T20:22:28.917Z > 200 GET /api/v1/ 285.2ms
INF 2026-08-04T20:22:28.917Z > 200 GET /api/v1/ 309.51ms
INF 2026-08-04T20:22:28.922Z > 200 GET /api/v1/ 19.04ms
INF 2026-08-04T20:22:28.922Z > 200 GET /api/v1/ 283.32ms
INF 2026-08-04T20:22:28.924Z > 200 GET /api/v1/ 284.34ms
INF 2026-08-04T20:22:28.924Z > 200 GET /api/v1/ 285.17ms
INF 2026-08-04T20:22:28.925Z > 200 GET /api/v1/ 16.84ms
INF 2026-08-04T20:22:28.925Z > 200 GET /api/v1/ 139.06ms
INF 2026-08-04T20:22:28.925Z > 200 GET /api/v1/ 140.18ms
INF 2026-08-04T20:22:28.926Z > 200 GET /api/v1/ 11.65ms
INF 2026-08-04T20:22:28.927Z > 200 GET /api/v1/ 13.04ms
INF 2026-08-04T20:22:28.927Z > 200 GET /api/v1/ 14.64ms
INF 2026-08-04T20:22:28.928Z > 200 GET /api/v1/ 149.82ms
INF 2026-08-04T20:22:28.928Z > 200 GET /api/v1/ 285.46ms
INF 2026-08-04T20:22:28.928Z > 200 GET /api/v1/ 11.31ms
INF 2026-08-04T20:22:28.929Z > 200 GET /api/v1/ 286.22ms
INF 2026-08-04T20:22:28.930Z > 200 GET /api/v1/ 269.05ms
INF 2026-08-04T20:22:28.931Z > 200 GET /api/v1/ 170.81ms
INF 2026-08-04T20:22:28.933Z > 200 GET /api/v1/ 268.89ms
INF 2026-08-04T20:22:28.933Z > 200 GET /api/v1/ 272.66ms
INF 2026-08-04T20:22:28.935Z > 200 GET /api/v1/ 273.05ms
INF 2026-08-04T20:22:28.935Z > 200 GET /api/v1/ 349.42ms
INF 2026-08-04T20:22:28.945Z > 200 GET /api/v1/ 301.32ms
INF 2026-08-04T20:22:28.945Z > 200 GET /api/v1/ 16.44ms
INF 2026-08-04T20:22:28.945Z > 200 GET /api/v1/ 341.66ms
INF 2026-08-04T20:22:28.947Z > 200 GET /api/v1/ 314.85ms
INF 2026-08-04T20:22:28.947Z > 200 GET /api/v1/ 281.74ms
INF 2026-08-04T20:22:28.947Z > 200 GET /api/v1/ 277.52ms
INF 2026-08-04T20:22:28.951Z > 200 GET /api/v1/ 280.25ms
INF 2026-08-04T20:22:28.951Z > 200 GET /api/v1/ 363.71ms
INF 2026-08-04T20:22:28.952Z > 200 GET /api/v1/ 253.92ms
INF 2026-08-04T20:22:28.953Z > 200 GET /api/v1/ 274.03ms
INF 2026-08-04T20:22:28.954Z > 200 GET /api/v1/ 224.01ms
INF 2026-08-04T20:22:28.954Z > 200 GET /api/v1/ 243.81ms
INF 2026-08-04T20:22:28.956Z > 200 GET /api/v1/ 269.6ms
INF 2026-08-04T20:22:28.956Z > 200 GET /api/v1/ 271.01ms
INF 2026-08-04T20:22:28.957Z > 200 GET /api/v1/ 9.4ms
INF 2026-08-04T20:22:28.957Z > 200 GET /api/v1/ 274.82ms
INF 2026-08-04T20:22:28.960Z > 200 GET /api/v1/ 230.13ms
INF 2026-08-04T20:22:28.961Z > 200 GET /api/v1/ 9.45ms
INF 2026-08-04T20:22:28.962Z > 200 GET /api/v1/ 213.89ms
INF 2026-08-04T20:22:28.962Z > 200 GET /api/v1/ 7.82ms
INF 2026-08-04T20:22:28.963Z > 200 GET /api/v1/ 5.73ms
INF 2026-08-04T20:22:28.963Z > 200 GET /api/v1/ 223.79ms
INF 2026-08-04T20:22:28.967Z > 200 GET /api/v1/ 4.27ms
INF 2026-08-04T20:22:28.969Z > 200 GET /api/v1/ 5.83ms
INF 2026-08-04T20:22:28.969Z > 200 GET /api/v1/ 219.09ms
INF 2026-08-04T20:22:28.972Z > 200 GET /api/v1/ 242.52ms
INF 2026-08-04T20:22:28.973Z > 200 GET /api/v1/ 230.09ms
INF 2026-08-04T20:22:28.981Z > 200 GET /api/v1/ 251.13ms
INF 2026-08-04T20:22:28.993Z > 200 GET /api/v1/ 23.49ms
INF 2026-08-04T20:22:28.993Z > 200 GET /api/v1/ 251.25ms
INF 2026-08-04T20:22:28.995Z > 200 GET /api/v1/ 247.73ms
INF 2026-08-04T20:22:28.998Z > 200 GET /api/v1/ 24.54ms
INF 2026-08-04T20:22:28.999Z > 200 GET /api/v1/ 264.25ms
INF 2026-08-04T20:22:29.000Z > 200 GET /api/v1/ 246.75ms
INF 2026-08-04T20:22:29.001Z > 200 GET /api/v1/ 246.88ms
INF 2026-08-04T20:22:29.003Z > 200 GET /api/v1/ 240.38ms
INF 2026-08-04T20:22:29.004Z > 200 GET /api/v1/ 271.35ms
INF 2026-08-04T20:22:29.005Z > 200 GET /api/v1/ 267.54ms
INF 2026-08-04T20:22:29.009Z > 200 GET /api/v1/ 28.19ms
INF 2026-08-04T20:22:29.010Z > 200 GET /api/v1/ 37.62ms
INF 2026-08-04T20:22:29.012Z > 200 GET /api/v1/ 264.77ms
INF 2026-08-04T20:22:29.012Z > 200 GET /api/v1/ 172.71ms
INF 2026-08-04T20:22:29.014Z > 200 GET /api/v1/ 175.02ms
INF 2026-08-04T20:22:29.016Z > 200 GET /api/v1/ 276.78ms
INF 2026-08-04T20:22:29.024Z > 200 GET /api/v1/ 265.63ms
INF 2026-08-04T20:22:29.024Z > 200 GET /api/v1/ 287.53ms
INF 2026-08-04T20:22:29.033Z > 200 GET /api/v1/ 34.6ms
INF 2026-08-04T20:22:29.033Z > 200 GET /api/v1/ 191.58ms
INF 2026-08-04T20:22:29.035Z > 200 GET /api/v1/ 33.5ms
INF 2026-08-04T20:22:29.035Z > 200 GET /api/v1/ 39.75ms
INF 2026-08-04T20:22:29.036Z > 200 GET /api/v1/ 32.92ms
INF 2026-08-04T20:22:29.037Z > 200 GET /api/v1/ 37.53ms
INF 2026-08-04T20:22:29.038Z > 200 GET /api/v1/ 34.41ms
INF 2026-08-04T20:22:29.044Z > 200 GET /api/v1/ 313.06ms
INF 2026-08-04T20:22:29.050Z > 200 GET /api/v1/ 295.94ms
INF 2026-08-04T20:22:29.053Z > 200 GET /api/v1/ 290.22ms
INF 2026-08-04T20:22:29.055Z > 200 GET /api/v1/ 40.95ms
INF 2026-08-04T20:22:29.064Z > 200 GET /api/v1/ 299.94ms
INF 2026-08-04T20:22:29.064Z > 200 GET /api/v1/ 252.6ms
INF 2026-08-04T20:22:29.064Z > 200 GET /api/v1/ 305.95ms
INF 2026-08-04T20:22:29.065Z > 200 GET /api/v1/ 313.6ms
INF 2026-08-04T20:22:29.065Z > 200 GET /api/v1/ 302.73ms
INF 2026-08-04T20:22:29.065Z > 200 GET /api/v1/ 309.86ms
INF 2026-08-04T20:22:29.067Z > 200 GET /api/v1/ 334.07ms
INF 2026-08-04T20:22:29.067Z > 200 GET /api/v1/ 226.48ms
INF 2026-08-04T20:22:29.068Z > 200 GET /api/v1/ 34.49ms
INF 2026-08-04T20:22:29.068Z > 200 GET /api/v1/ 231.61ms
INF 2026-08-04T20:22:29.073Z > 200 GET /api/v1/ 215.36ms
INF 2026-08-04T20:22:29.074Z > 200 GET /api/v1/ 37.83ms
INF 2026-08-04T20:22:29.074Z > 200 GET /api/v1/ 314.2ms
INF 2026-08-04T20:22:29.074Z > 200 GET /api/v1/ 225.93ms
INF 2026-08-04T20:22:29.075Z > 200 GET /api/v1/ 37.94ms
INF 2026-08-04T20:22:29.076Z > 200 GET /api/v1/ 37.9ms
INF 2026-08-04T20:22:29.077Z > 200 GET /api/v1/ 42.06ms
INF 2026-08-04T20:22:29.081Z > 200 GET /api/v1/ 323.74ms
INF 2026-08-04T20:22:29.088Z > 200 GET /api/v1/ 246.24ms
INF 2026-08-04T20:22:29.090Z > 200 GET /api/v1/ 36.4ms
INF 2026-08-04T20:22:29.092Z > 200 GET /api/v1/ 37.05ms
INF 2026-08-04T20:22:29.093Z > 200 GET /api/v1/ 48.88ms
INF 2026-08-04T20:22:29.098Z > 200 GET /api/v1/ 65.5ms
INF 2026-08-04T20:22:29.102Z > 200 GET /api/v1/ 273.67ms
INF 2026-08-04T20:22:29.102Z > 200 GET /api/v1/ 34.95ms
INF 2026-08-04T20:22:29.102Z > 200 GET /api/v1/ 244.36ms
INF 2026-08-04T20:22:29.103Z > 200 GET /api/v1/ 35.73ms
INF 2026-08-04T20:22:29.111Z > 200 GET /api/v1/ 42.61ms
INF 2026-08-04T20:22:29.112Z > 200 GET /api/v1/ 47.26ms
INF 2026-08-04T20:22:29.112Z > 200 GET /api/v1/ 37.88ms
INF 2026-08-04T20:22:29.113Z > 200 GET /api/v1/ 37.47ms
INF 2026-08-04T20:22:29.113Z > 200 GET /api/v1/ 39.33ms
INF 2026-08-04T20:22:29.114Z > 200 GET /api/v1/ 36.78ms
INF 2026-08-04T20:22:29.114Z > 200 GET /api/v1/ 63.88ms
INF 2026-08-04T20:22:29.115Z > 200 GET /api/v1/ 368.75ms
INF 2026-08-04T20:22:29.115Z > 200 GET /api/v1/ 40.7ms
INF 2026-08-04T20:22:29.115Z > 200 GET /api/v1/ 295.37ms
INF 2026-08-04T20:22:29.116Z > 200 GET /api/v1/ 257.77ms
INF 2026-08-04T20:22:29.117Z > 200 GET /api/v1/ 27.28ms
INF 2026-08-04T20:22:29.118Z > 200 GET /api/v1/ 259.35ms
INF 2026-08-04T20:22:29.118Z > 200 GET /api/v1/ 24.49ms
INF 2026-08-04T20:22:29.118Z > 200 GET /api/v1/ 343.28ms
INF 2026-08-04T20:22:29.118Z > 200 GET /api/v1/ 26.31ms
INF 2026-08-04T20:22:29.119Z > 200 GET /api/v1/ 260.83ms
INF 2026-08-04T20:22:29.119Z > 200 GET /api/v1/ 270.69ms
INF 2026-08-04T20:22:29.120Z > 200 GET /api/v1/ 281.41ms
INF 2026-08-04T20:22:29.122Z > 200 GET /api/v1/ 23.23ms
INF 2026-08-04T20:22:29.122Z > 200 GET /api/v1/ 19.93ms
INF 2026-08-04T20:22:29.123Z > 200 GET /api/v1/ 11.4ms
INF 2026-08-04T20:22:29.123Z > 200 GET /api/v1/ 257.38ms
INF 2026-08-04T20:22:29.123Z > 200 GET /api/v1/ 8.23ms
INF 2026-08-04T20:22:29.126Z > 200 GET /api/v1/ 8.15ms
INF 2026-08-04T20:22:29.128Z > 200 GET /api/v1/ 9.05ms
INF 2026-08-04T20:22:29.129Z > 200 GET /api/v1/ 244.52ms
INF 2026-08-04T20:22:29.129Z > 200 GET /api/v1/ 260.32ms
INF 2026-08-04T20:22:29.130Z > 200 GET /api/v1/ 257.93ms
INF 2026-08-04T20:22:29.130Z > 200 GET /api/v1/ 259.36ms
INF 2026-08-04T20:22:29.132Z > 200 GET /api/v1/ 8.89ms
INF 2026-08-04T20:22:29.134Z > 200 GET /api/v1/ 242.9ms
INF 2026-08-04T20:22:29.134Z > 200 GET /api/v1/ 250.19ms
INF 2026-08-04T20:22:29.136Z > 200 GET /api/v1/ 6.53ms
INF 2026-08-04T20:22:29.136Z > 200 GET /api/v1/ 252.06ms
INF 2026-08-04T20:22:29.138Z > 200 GET /api/v1/ 231.95ms
INF 2026-08-04T20:22:29.138Z > 200 GET /api/v1/ 7.68ms
INF 2026-08-04T20:22:29.139Z > 200 GET /api/v1/ 254.25ms
INF 2026-08-04T20:22:29.139Z > 200 GET /api/v1/ 222.25ms
INF 2026-08-04T20:22:29.140Z > 200 GET /api/v1/ 244.47ms
INF 2026-08-04T20:22:29.140Z > 200 GET /api/v1/ 240.54ms
INF 2026-08-04T20:22:29.141Z > 200 GET /api/v1/ 227.09ms
INF 2026-08-04T20:22:29.143Z > 200 GET /api/v1/ 220.5ms
INF 2026-08-04T20:22:29.143Z > 200 GET /api/v1/ 2.32ms
INF 2026-08-04T20:22:29.143Z > 200 GET /api/v1/ 239.75ms
INF 2026-08-04T20:22:29.144Z > 200 GET /api/v1/ 227.71ms
INF 2026-08-04T20:22:29.152Z > 200 GET /api/v1/ 244.25ms
INF 2026-08-04T20:22:29.153Z > 200 GET /api/v1/ 228.3ms
INF 2026-08-04T20:22:29.159Z > 200 GET /api/v1/ 237.12ms
INF 2026-08-04T20:22:29.159Z > 200 GET /api/v1/ 16.42ms
INF 2026-08-04T20:22:29.160Z > 200 GET /api/v1/ 233.85ms
INF 2026-08-04T20:22:29.160Z > 200 GET /api/v1/ 234.19ms
INF 2026-08-04T20:22:29.162Z > 200 GET /api/v1/ 236.23ms
INF 2026-08-04T20:22:29.164Z > 200 GET /api/v1/ 238.38ms
INF 2026-08-04T20:22:29.175Z > 200 GET /api/v1/ 248.19ms
INF 2026-08-04T20:22:29.185Z > 200 GET /api/v1/ 20.13ms
INF 2026-08-04T20:22:29.188Z > 200 GET /api/v1/ 25.54ms
INF 2026-08-04T20:22:29.193Z > 200 GET /api/v1/ 33.32ms
INF 2026-08-04T20:22:29.195Z > 200 GET /api/v1/ 19.3ms
INF 2026-08-04T20:22:29.197Z > 200 GET /api/v1/ 242.63ms
INF 2026-08-04T20:22:29.198Z > 200 GET /api/v1/ 271.0ms
INF 2026-08-04T20:22:29.200Z > 200 GET /api/v1/ 269.64ms
INF 2026-08-04T20:22:29.204Z > 200 GET /api/v1/ 275.81ms
INF 2026-08-04T20:22:29.205Z > 200 GET /api/v1/ 258.9ms
INF 2026-08-04T20:22:29.215Z > 200 GET /api/v1/ 262.41ms
INF 2026-08-04T20:22:29.216Z > 200 GET /api/v1/ 17.47ms
INF 2026-08-04T20:22:29.219Z > 200 GET /api/v1/ 283.49ms
INF 2026-08-04T20:22:29.221Z > 200 GET /api/v1/ 273.59ms
INF 2026-08-04T20:22:29.222Z > 200 GET /api/v1/ 22.24ms
INF 2026-08-04T20:22:29.223Z > 200 GET /api/v1/ 271.9ms
INF 2026-08-04T20:22:29.224Z > 200 GET /api/v1/ 19.8ms
INF 2026-08-04T20:22:29.226Z > 200 GET /api/v1/ 264.12ms
INF 2026-08-04T20:22:29.229Z > 200 GET /api/v1/ 23.63ms
INF 2026-08-04T20:22:29.231Z > 200 GET /api/v1/ 283.93ms
INF 2026-08-04T20:22:29.232Z > 200 GET /api/v1/ 275.01ms
INF 2026-08-04T20:22:29.234Z > 200 GET /api/v1/ 288.22ms
INF 2026-08-04T20:22:29.235Z > 200 GET /api/v1/ 41.76ms
INF 2026-08-04T20:22:29.240Z > 200 GET /api/v1/ 273.45ms
INF 2026-08-04T20:22:29.241Z > 200 GET /api/v1/ 25.67ms
INF 2026-08-04T20:22:29.244Z > 200 GET /api/v1/ 282.84ms
INF 2026-08-04T20:22:29.244Z > 200 GET /api/v1/ 24.86ms
INF 2026-08-04T20:22:29.246Z > 200 GET /api/v1/ 312.26ms
INF 2026-08-04T20:22:29.247Z > 200 GET /api/v1/ 24.71ms
INF 2026-08-04T20:22:29.248Z > 200 GET /api/v1/ 24.65ms
INF 2026-08-04T20:22:29.249Z > 200 GET /api/v1/ 312.81ms
INF 2026-08-04T20:22:29.258Z > 200 GET /api/v1/ 324.07ms
INF 2026-08-04T20:22:29.258Z > 200 GET /api/v1/ 329.22ms
INF 2026-08-04T20:22:29.258Z > 200 GET /api/v1/ 37.34ms
INF 2026-08-04T20:22:29.259Z > 200 GET /api/v1/ 34.2ms
INF 2026-08-04T20:22:29.259Z > 200 GET /api/v1/ 32.67ms
INF 2026-08-04T20:22:29.260Z > 200 GET /api/v1/ 303.01ms
INF 2026-08-04T20:22:29.260Z > 200 GET /api/v1/ 29.07ms
INF 2026-08-04T20:22:29.261Z > 200 GET /api/v1/ 306.16ms
INF 2026-08-04T20:22:29.261Z > 200 GET /api/v1/ 303.79ms
INF 2026-08-04T20:22:29.261Z > 200 GET /api/v1/ 32.13ms
INF 2026-08-04T20:22:29.262Z > 200 GET /api/v1/ 269.04ms
INF 2026-08-04T20:22:29.262Z > 200 GET /api/v1/ 27.13ms
INF 2026-08-04T20:22:29.263Z > 200 GET /api/v1/ 27.91ms
INF 2026-08-04T20:22:29.267Z > 200 GET /api/v1/ 297.7ms
INF 2026-08-04T20:22:29.267Z > 200 GET /api/v1/ 320.79ms
INF 2026-08-04T20:22:29.268Z > 200 GET /api/v1/ 27.81ms
INF 2026-08-04T20:22:29.279Z > 200 GET /api/v1/ 32.16ms
INF 2026-08-04T20:22:29.280Z > 200 GET /api/v1/ 32.21ms
INF 2026-08-04T20:22:29.281Z > 200 GET /api/v1/ 317.53ms
INF 2026-08-04T20:22:29.281Z > 200 GET /api/v1/ 280.31ms
INF 2026-08-04T20:22:29.281Z > 200 GET /api/v1/ 352.83ms
INF 2026-08-04T20:22:29.282Z > 200 GET /api/v1/ 19.68ms
INF 2026-08-04T20:22:29.282Z > 200 GET /api/v1/ 20.46ms
INF 2026-08-04T20:22:29.285Z > 200 GET /api/v1/ 324.96ms
INF 2026-08-04T20:22:29.285Z > 200 GET /api/v1/ 357.17ms
INF 2026-08-04T20:22:29.287Z > 200 GET /api/v1/ 293.81ms
INF 2026-08-04T20:22:29.287Z > 200 GET /api/v1/ 20.29ms
INF 2026-08-04T20:22:29.293Z > 200 GET /api/v1/ 288.26ms
INF 2026-08-04T20:22:29.295Z > 200 GET /api/v1/ 15.04ms
INF 2026-08-04T20:22:29.296Z > 200 GET /api/v1/ 14.84ms
INF 2026-08-04T20:22:29.296Z > 200 GET /api/v1/ 14.19ms
INF 2026-08-04T20:22:29.296Z > 200 GET /api/v1/ 286.67ms
INF 2026-08-04T20:22:29.297Z > 200 GET /api/v1/ 15.67ms
INF 2026-08-04T20:22:29.297Z > 200 GET /api/v1/ 12.0ms
INF 2026-08-04T20:22:29.298Z > 200 GET /api/v1/ 10.14ms
INF 2026-08-04T20:22:29.298Z > 200 GET /api/v1/ 287.65ms
INF 2026-08-04T20:22:29.308Z > 200 GET /api/v1/ 11.36ms
INF 2026-08-04T20:22:29.308Z > 200 GET /api/v1/ 12.07ms
INF 2026-08-04T20:22:29.308Z > 200 GET /api/v1/ 10.59ms
INF 2026-08-04T20:22:29.309Z > 200 GET /api/v1/ 11.26ms
INF 2026-08-04T20:22:29.309Z > 200 GET /api/v1/ 378.04ms
INF 2026-08-04T20:22:29.311Z > 200 GET /api/v1/ 123.18ms
INF 2026-08-04T20:22:29.311Z > 200 GET /api/v1/ 299.58ms
INF 2026-08-04T20:22:29.315Z > 200 GET /api/v1/ 129.71ms
INF 2026-08-04T20:22:29.316Z > 200 GET /api/v1/ 8.36ms
INF 2026-08-04T20:22:29.319Z > 200 GET /api/v1/ 293.46ms
INF 2026-08-04T20:22:29.327Z > 200 GET /api/v1/ 314.75ms
INF 2026-08-04T20:22:29.328Z > 200 GET /api/v1/ 292.17ms
INF 2026-08-04T20:22:29.328Z > 200 GET /api/v1/ 263.33ms
INF 2026-08-04T20:22:29.329Z > 200 GET /api/v1/ 20.25ms
INF 2026-08-04T20:22:29.330Z > 200 GET /api/v1/ 265.87ms
INF 2026-08-04T20:22:29.330Z > 200 GET /api/v1/ 314.25ms
INF 2026-08-04T20:22:29.335Z > 200 GET /api/v1/ 269.8ms
INF 2026-08-04T20:22:29.335Z > 200 GET /api/v1/ 309.92ms
INF 2026-08-04T20:22:29.338Z > 200 GET /api/v1/ 273.1ms
INF 2026-08-04T20:22:29.339Z > 200 GET /api/v1/ 271.34ms
INF 2026-08-04T20:22:29.342Z > 200 GET /api/v1/ 267.82ms
INF 2026-08-04T20:22:29.342Z > 200 GET /api/v1/ 230.56ms
INF 2026-08-04T20:22:29.342Z > 200 GET /api/v1/ 276.6ms
INF 2026-08-04T20:22:29.342Z > 200 GET /api/v1/ 265.82ms
INF 2026-08-04T20:22:29.343Z > 200 GET /api/v1/ 12.56ms
INF 2026-08-04T20:22:29.343Z > 200 GET /api/v1/ 262.41ms
INF 2026-08-04T20:22:29.343Z > 200 GET /api/v1/ 15.09ms
INF 2026-08-04T20:22:29.344Z > 200 GET /api/v1/ 255.48ms
INF 2026-08-04T20:22:29.344Z > 200 GET /api/v1/ 228.15ms
INF 2026-08-04T20:22:29.347Z > 200 GET /api/v1/ 223.87ms
INF 2026-08-04T20:22:29.348Z > 200 GET /api/v1/ 12.67ms
INF 2026-08-04T20:22:29.351Z > 200 GET /api/v1/ 7.86ms
INF 2026-08-04T20:22:29.351Z > 200 GET /api/v1/ 232.73ms
INF 2026-08-04T20:22:29.352Z > 200 GET /api/v1/ 239.19ms
INF 2026-08-04T20:22:29.353Z > 200 GET /api/v1/ 232.89ms
INF 2026-08-04T20:22:29.355Z > 200 GET /api/v1/ 231.13ms
INF 2026-08-04T20:22:29.355Z > 200 GET /api/v1/ 235.2ms
INF 2026-08-04T20:22:29.359Z > 200 GET /api/v1/ 245.55ms
INF 2026-08-04T20:22:29.361Z > 200 GET /api/v1/ 9.82ms
INF 2026-08-04T20:22:29.366Z > 200 GET /api/v1/ 253.09ms
INF 2026-08-04T20:22:29.375Z > 200 GET /api/v1/ 261.78ms
INF 2026-08-04T20:22:29.378Z > 200 GET /api/v1/ 259.46ms
INF 2026-08-04T20:22:29.379Z > 200 GET /api/v1/ 240.38ms
INF 2026-08-04T20:22:29.379Z > 200 GET /api/v1/ 246.68ms
INF 2026-08-04T20:22:29.382Z > 200 GET /api/v1/ 266.54ms
INF 2026-08-04T20:22:29.386Z > 200 GET /api/v1/ 251.03ms
INF 2026-08-04T20:22:29.386Z > 200 GET /api/v1/ 26.38ms
INF 2026-08-04T20:22:29.388Z > 200 GET /api/v1/ 247.85ms
INF 2026-08-04T20:22:29.403Z > 200 GET /api/v1/ 291.5ms
INF 2026-08-04T20:22:29.403Z > 200 GET /api/v1/ 41.77ms
INF 2026-08-04T20:22:29.403Z > 200 GET /api/v1/ 36.84ms
INF 2026-08-04T20:22:29.404Z > 200 GET /api/v1/ 274.84ms
INF 2026-08-04T20:22:29.404Z > 200 GET /api/v1/ 290.92ms
INF 2026-08-04T20:22:29.405Z > 200 GET /api/v1/ 282.96ms
INF 2026-08-04T20:22:29.407Z > 200 GET /api/v1/ 266.05ms
INF 2026-08-04T20:22:29.407Z > 200 GET /api/v1/ 294.08ms
INF 2026-08-04T20:22:29.409Z > 200 GET /api/v1/ 255.22ms
INF 2026-08-04T20:22:29.409Z > 200 GET /api/v1/ 33.75ms
INF 2026-08-04T20:22:29.409Z > 200 GET /api/v1/ 294.53ms
INF 2026-08-04T20:22:29.410Z > 200 GET /api/v1/ 294.62ms
INF 2026-08-04T20:22:29.411Z > 200 GET /api/v1/ 32.72ms
INF 2026-08-04T20:22:29.412Z > 200 GET /api/v1/ 292.98ms
INF 2026-08-04T20:22:29.412Z > 200 GET /api/v1/ 32.56ms
INF 2026-08-04T20:22:29.416Z > 200 GET /api/v1/ 292.94ms
INF 2026-08-04T20:22:29.420Z > 200 GET /api/v1/ 33.81ms
INF 2026-08-04T20:22:29.420Z > 200 GET /api/v1/ 224.94ms
INF 2026-08-04T20:22:29.421Z > 200 GET /api/v1/ 32.76ms
INF 2026-08-04T20:22:29.421Z > 200 GET /api/v1/ 294.05ms
INF 2026-08-04T20:22:29.430Z > 200 GET /api/v1/ 270.53ms
INF 2026-08-04T20:22:29.433Z > 200 GET /api/v1/ 279.66ms
INF 2026-08-04T20:22:29.437Z > 200 GET /api/v1/ 306.84ms
INF 2026-08-04T20:22:29.437Z > 200 GET /api/v1/ 302.64ms
INF 2026-08-04T20:22:29.438Z > 200 GET /api/v1/ 301.23ms
INF 2026-08-04T20:22:29.438Z > 200 GET /api/v1/ 31.03ms
INF 2026-08-04T20:22:29.439Z > 200 GET /api/v1/ 29.78ms
INF 2026-08-04T20:22:29.439Z > 200 GET /api/v1/ 242.44ms
INF 2026-08-04T20:22:29.440Z > 200 GET /api/v1/ 280.67ms
INF 2026-08-04T20:22:29.441Z > 200 GET /api/v1/ 322.33ms
INF 2026-08-04T20:22:29.441Z > 200 GET /api/v1/ 281.55ms
INF 2026-08-04T20:22:29.442Z > 200 GET /api/v1/ 302.9ms
INF 2026-08-04T20:22:29.442Z > 200 GET /api/v1/ 303.78ms
INF 2026-08-04T20:22:29.442Z > 200 GET /api/v1/ 302.26ms
INF 2026-08-04T20:22:29.442Z > 200 GET /api/v1/ 289.84ms
INF 2026-08-04T20:22:29.442Z > 200 GET /api/v1/ 299.12ms
INF 2026-08-04T20:22:29.443Z > 200 GET /api/v1/ 31.11ms
INF 2026-08-04T20:22:29.443Z > 200 GET /api/v1/ 313.93ms
INF 2026-08-04T20:22:29.443Z > 200 GET /api/v1/ 31.28ms
INF 2026-08-04T20:22:29.445Z > 200 GET /api/v1/ 308.16ms
INF 2026-08-04T20:22:29.445Z > 200 GET /api/v1/ 302.22ms
INF 2026-08-04T20:22:29.446Z > 200 GET /api/v1/ 230.13ms
INF 2026-08-04T20:22:29.448Z > 200 GET /api/v1/ 28.29ms
INF 2026-08-04T20:22:29.450Z > 200 GET /api/v1/ 28.79ms
INF 2026-08-04T20:22:29.457Z > 200 GET /api/v1/ 216.16ms
INF 2026-08-04T20:22:29.459Z > 200 GET /api/v1/ 214.86ms
INF 2026-08-04T20:22:29.460Z > 200 GET /api/v1/ 26.86ms
INF 2026-08-04T20:22:29.468Z > 200 GET /api/v1/ 30.44ms
INF 2026-08-04T20:22:29.468Z > 200 GET /api/v1/ 236.02ms
INF 2026-08-04T20:22:29.469Z > 200 GET /api/v1/ 23.74ms
INF 2026-08-04T20:22:29.470Z > 200 GET /api/v1/ 24.84ms
INF 2026-08-04T20:22:29.471Z > 200 GET /api/v1/ 24.09ms
INF 2026-08-04T20:22:29.472Z > 200 GET /api/v1/ 34.04ms
INF 2026-08-04T20:22:29.474Z > 200 GET /api/v1/ 24.75ms
INF 2026-08-04T20:22:29.476Z > 200 GET /api/v1/ 37.08ms
INF 2026-08-04T20:22:29.477Z > 200 GET /api/v1/ 36.22ms
INF 2026-08-04T20:22:29.478Z > 200 GET /api/v1/ 233.06ms
INF 2026-08-04T20:22:29.482Z > 200 GET /api/v1/ 39.92ms
INF 2026-08-04T20:22:29.484Z > 200 GET /api/v1/ 41.85ms
INF 2026-08-04T20:22:29.485Z > 200 GET /api/v1/ 41.85ms
INF 2026-08-04T20:22:29.485Z > 200 GET /api/v1/ 41.6ms
INF 2026-08-04T20:22:29.486Z > 200 GET /api/v1/ 44.14ms
INF 2026-08-04T20:22:29.490Z > 200 GET /api/v1/ 19.47ms
INF 2026-08-04T20:22:29.491Z > 200 GET /api/v1/ 18.32ms
INF 2026-08-04T20:22:29.491Z > 200 GET /api/v1/ 21.68ms
INF 2026-08-04T20:22:29.492Z > 200 GET /api/v1/ 17.72ms
INF 2026-08-04T20:22:29.493Z > 200 GET /api/v1/ 16.62ms
INF 2026-08-04T20:22:29.496Z > 200 GET /api/v1/ 19.11ms
INF 2026-08-04T20:22:29.497Z > 200 GET /api/v1/ 251.13ms
INF 2026-08-04T20:22:29.500Z > 200 GET /api/v1/ 15.61ms
INF 2026-08-04T20:22:29.501Z > 200 GET /api/v1/ 243.57ms
INF 2026-08-04T20:22:29.502Z > 200 GET /api/v1/ 242.11ms
INF 2026-08-04T20:22:29.502Z > 200 GET /api/v1/ 242.51ms
INF 2026-08-04T20:22:29.503Z > 200 GET /api/v1/ 9.24ms
INF 2026-08-04T20:22:29.503Z > 200 GET /api/v1/ 12.68ms
INF 2026-08-04T20:22:29.503Z > 200 GET /api/v1/ 11.0ms
INF 2026-08-04T20:22:29.504Z > 200 GET /api/v1/ 242.73ms
INF 2026-08-04T20:22:29.504Z > 200 GET /api/v1/ 12.64ms
INF 2026-08-04T20:22:29.506Z > 200 GET /api/v1/ 246.32ms
INF 2026-08-04T20:22:29.508Z > 200 GET /api/v1/ 4.6ms
INF 2026-08-04T20:22:29.509Z > 200 GET /api/v1/ 4.83ms
INF 2026-08-04T20:22:29.510Z > 200 GET /api/v1/ 248.47ms
INF 2026-08-04T20:22:29.511Z > 200 GET /api/v1/ 250.4ms
INF 2026-08-04T20:22:29.515Z > 200 GET /api/v1/ 6.87ms
INF 2026-08-04T20:22:29.517Z > 200 GET /api/v1/ 254.21ms
INF 2026-08-04T20:22:29.517Z > 200 GET /api/v1/ 237.71ms
INF 2026-08-04T20:22:29.517Z > 200 GET /api/v1/ 257.47ms
INF 2026-08-04T20:22:29.518Z > 200 GET /api/v1/ 256.08ms
INF 2026-08-04T20:22:29.518Z > 200 GET /api/v1/ 255.33ms
INF 2026-08-04T20:22:29.518Z > 200 GET /api/v1/ 249.74ms
INF 2026-08-04T20:22:29.519Z > 200 GET /api/v1/ 251.42ms
INF 2026-08-04T20:22:29.529Z > 200 GET /api/v1/ 266.55ms
INF 2026-08-04T20:22:29.530Z > 200 GET /api/v1/ 232.35ms
INF 2026-08-04T20:22:29.536Z > 200 GET /api/v1/ 250.99ms
INF 2026-08-04T20:22:29.536Z > 200 GET /api/v1/ 254.63ms
INF 2026-08-04T20:22:29.537Z > 200 GET /api/v1/ 255.16ms
INF 2026-08-04T20:22:29.538Z > 200 GET /api/v1/ 20.1ms
INF 2026-08-04T20:22:29.538Z > 200 GET /api/v1/ 242.45ms
INF 2026-08-04T20:22:29.539Z > 200 GET /api/v1/ 240.88ms
INF 2026-08-04T20:22:29.540Z > 200 GET /api/v1/ 243.81ms
INF 2026-08-04T20:22:29.541Z > 200 GET /api/v1/ 232.65ms
INF 2026-08-04T20:22:29.541Z > 200 GET /api/v1/ 232.26ms
INF 2026-08-04T20:22:29.541Z > 200 GET /api/v1/ 247.96ms
INF 2026-08-04T20:22:29.543Z > 200 GET /api/v1/ 255.08ms
INF 2026-08-04T20:22:29.543Z > 200 GET /api/v1/ 26.09ms
INF 2026-08-04T20:22:29.547Z > 200 GET /api/v1/ 16.24ms
INF 2026-08-04T20:22:29.558Z > 200 GET /api/v1/ 241.16ms
INF 2026-08-04T20:22:29.558Z > 200 GET /api/v1/ 19.08ms
INF 2026-08-04T20:22:29.562Z > 200 GET /api/v1/ 223.43ms
INF 2026-08-04T20:22:29.562Z > 200 GET /api/v1/ 246.44ms
INF 2026-08-04T20:22:29.565Z > 200 GET /api/v1/ 234.58ms
INF 2026-08-04T20:22:29.575Z > 200 GET /api/v1/ 232.23ms
INF 2026-08-04T20:22:29.578Z > 200 GET /api/v1/ 266.39ms
INF 2026-08-04T20:22:29.579Z > 200 GET /api/v1/ 268.49ms
INF 2026-08-04T20:22:29.580Z > 200 GET /api/v1/ 226.65ms
INF 2026-08-04T20:22:29.581Z > 200 GET /api/v1/ 269.01ms
INF 2026-08-04T20:22:29.581Z > 200 GET /api/v1/ 237.54ms
INF 2026-08-04T20:22:29.583Z > 200 GET /api/v1/ 240.29ms
INF 2026-08-04T20:22:29.584Z > 200 GET /api/v1/ 235.01ms
INF 2026-08-04T20:22:29.586Z > 200 GET /api/v1/ 246.49ms
INF 2026-08-04T20:22:29.586Z > 200 GET /api/v1/ 233.71ms
INF 2026-08-04T20:22:29.591Z > 200 GET /api/v1/ 242.23ms
INF 2026-08-04T20:22:29.594Z > 200 GET /api/v1/ 264.87ms
INF 2026-08-04T20:22:29.596Z > 200 GET /api/v1/ 258.63ms
INF 2026-08-04T20:22:29.596Z > 200 GET /api/v1/ 251.71ms
INF 2026-08-04T20:22:29.597Z > 200 GET /api/v1/ 210.73ms
INF 2026-08-04T20:22:29.597Z > 200 GET /api/v1/ 191.4ms
INF 2026-08-04T20:22:29.597Z > 200 GET /api/v1/ 254.48ms
INF 2026-08-04T20:22:29.608Z > 200 GET /api/v1/ 277.4ms
INF 2026-08-04T20:22:29.608Z > 200 GET /api/v1/ 264.14ms
INF 2026-08-04T20:22:29.608Z > 200 GET /api/v1/ 202.71ms
INF 2026-08-04T20:22:29.609Z > 200 GET /api/v1/ 230.54ms
INF 2026-08-04T20:22:29.609Z > 200 GET /api/v1/ 279.21ms
INF 2026-08-04T20:22:29.610Z > 200 GET /api/v1/ 254.55ms
INF 2026-08-04T20:22:29.610Z > 200 GET /api/v1/ 255.31ms
INF 2026-08-04T20:22:29.611Z > 200 GET /api/v1/ 30.91ms
INF 2026-08-04T20:22:29.612Z > 200 GET /api/v1/ 30.99ms
INF 2026-08-04T20:22:29.613Z > 200 GET /api/v1/ 270.0ms
INF 2026-08-04T20:22:29.614Z > 200 GET /api/v1/ 208.59ms
INF 2026-08-04T20:22:29.617Z > 200 GET /api/v1/ 234.78ms
INF 2026-08-04T20:22:29.618Z > 200 GET /api/v1/ 27.18ms
INF 2026-08-04T20:22:29.620Z > 200 GET /api/v1/ 268.26ms
INF 2026-08-04T20:22:29.621Z > 200 GET /api/v1/ 214.78ms
INF 2026-08-04T20:22:29.622Z > 200 GET /api/v1/ 25.45ms
INF 2026-08-04T20:22:29.622Z > 200 GET /api/v1/ 25.17ms
INF 2026-08-04T20:22:29.623Z > 200 GET /api/v1/ 36.24ms
INF 2026-08-04T20:22:29.623Z > 200 GET /api/v1/ 216.84ms
INF 2026-08-04T20:22:29.623Z > 200 GET /api/v1/ 217.43ms
INF 2026-08-04T20:22:29.623Z > 200 GET /api/v1/ 278.9ms
INF 2026-08-04T20:22:29.625Z > 200 GET /api/v1/ 11.86ms
INF 2026-08-04T20:22:29.625Z > 200 GET /api/v1/ 10.7ms
INF 2026-08-04T20:22:29.627Z > 200 GET /api/v1/ 297.96ms
INF 2026-08-04T20:22:29.628Z > 200 GET /api/v1/ 4.5ms
INF 2026-08-04T20:22:29.628Z > 200 GET /api/v1/ 3.44ms
INF 2026-08-04T20:22:29.629Z > 200 GET /api/v1/ 6.07ms
INF 2026-08-04T20:22:29.630Z > 200 GET /api/v1/ 68.57ms
INF 2026-08-04T20:22:29.649Z > 200 GET /api/v1/ 239.43ms
INF 2026-08-04T20:22:29.649Z > 200 GET /api/v1/ 239.83ms
INF 2026-08-04T20:22:29.652Z > 200 GET /api/v1/ 242.26ms
INF 2026-08-04T20:22:29.655Z > 200 GET /api/v1/ 235.22ms
INF 2026-08-04T20:22:29.656Z > 200 GET /api/v1/ 244.19ms
INF 2026-08-04T20:22:29.660Z > 200 GET /api/v1/ 243.67ms
INF 2026-08-04T20:22:29.660Z > 200 GET /api/v1/ 11.11ms
INF 2026-08-04T20:22:29.664Z > 200 GET /api/v1/ 11.13ms
INF 2026-08-04T20:22:29.666Z > 200 GET /api/v1/ 235.72ms
INF 2026-08-04T20:22:29.670Z > 200 GET /api/v1/ 9.14ms
INF 2026-08-04T20:22:29.675Z > 200 GET /api/v1/ 237.85ms
INF 2026-08-04T20:22:29.676Z > 200 GET /api/v1/ 12.13ms
INF 2026-08-04T20:22:29.679Z > 200 GET /api/v1/ 12.14ms
INF 2026-08-04T20:22:29.681Z > 200 GET /api/v1/ 241.09ms
INF 2026-08-04T20:22:29.684Z > 200 GET /api/v1/ 243.05ms
INF 2026-08-04T20:22:29.685Z > 200 GET /api/v1/ 9.87ms
INF 2026-08-04T20:22:29.686Z > 200 GET /api/v1/ 247.26ms
INF 2026-08-04T20:22:29.692Z > 200 GET /api/v1/ 11.83ms
INF 2026-08-04T20:22:29.693Z > 200 GET /api/v1/ 9.06ms
INF 2026-08-04T20:22:29.703Z > 200 GET /api/v1/ 16.94ms
INF 2026-08-04T20:22:29.703Z > 200 GET /api/v1/ 259.74ms
INF 2026-08-04T20:22:29.704Z > 200 GET /api/v1/ 255.8ms
INF 2026-08-04T20:22:29.712Z > 200 GET /api/v1/ 83.4ms
INF 2026-08-04T20:22:29.728Z > 200 GET /api/v1/ 98.6ms
INF 2026-08-04T20:22:29.728Z > 200 GET /api/v1/ 320.55ms
INF 2026-08-04T20:22:29.728Z > 200 GET /api/v1/ 307.59ms
INF 2026-08-04T20:22:29.729Z > 200 GET /api/v1/ 286.58ms
INF 2026-08-04T20:22:29.729Z > 200 GET /api/v1/ 269.33ms
INF 2026-08-04T20:22:29.730Z > 200 GET /api/v1/ 286.87ms
INF 2026-08-04T20:22:29.730Z > 200 GET /api/v1/ 286.87ms
INF 2026-08-04T20:22:29.730Z > 200 GET /api/v1/ 270.61ms
INF 2026-08-04T20:22:29.731Z > 200 GET /api/v1/ 273.59ms
INF 2026-08-04T20:22:29.738Z > 200 GET /api/v1/ 255.92ms
INF 2026-08-04T20:22:29.743Z > 200 GET /api/v1/ 256.73ms
INF 2026-08-04T20:22:29.743Z > 200 GET /api/v1/ 31.29ms
INF 2026-08-04T20:22:29.744Z > 200 GET /api/v1/ 274.86ms
INF 2026-08-04T20:22:29.744Z > 200 GET /api/v1/ 259.16ms
INF 2026-08-04T20:22:29.744Z > 200 GET /api/v1/ 275.71ms
INF 2026-08-04T20:22:29.746Z > 200 GET /api/v1/ 268.01ms
INF 2026-08-04T20:22:29.748Z > 200 GET /api/v1/ 17.4ms
INF 2026-08-04T20:22:29.748Z > 200 GET /api/v1/ 263.09ms
INF 2026-08-04T20:22:29.748Z > 200 GET /api/v1/ 17.74ms
INF 2026-08-04T20:22:29.748Z > 200 GET /api/v1/ 17.71ms
INF 2026-08-04T20:22:29.750Z > 200 GET /api/v1/ 279.76ms
INF 2026-08-04T20:22:29.750Z > 200 GET /api/v1/ 252.6ms
INF 2026-08-04T20:22:29.752Z > 200 GET /api/v1/ 255.42ms
INF 2026-08-04T20:22:29.752Z > 200 GET /api/v1/ 249.91ms
INF 2026-08-04T20:22:29.752Z > 200 GET /api/v1/ 14.1ms
INF 2026-08-04T20:22:29.753Z > 200 GET /api/v1/ 261.69ms
INF 2026-08-04T20:22:29.754Z > 200 GET /api/v1/ 24.94ms
INF 2026-08-04T20:22:29.755Z > 200 GET /api/v1/ 6.43ms
INF 2026-08-04T20:22:29.756Z > 200 GET /api/v1/ 254.44ms
INF 2026-08-04T20:22:29.756Z > 200 GET /api/v1/ 255.86ms
INF 2026-08-04T20:22:29.759Z > 200 GET /api/v1/ 256.63ms
INF 2026-08-04T20:22:29.760Z > 200 GET /api/v1/ 7.27ms
INF 2026-08-04T20:22:29.760Z > 200 GET /api/v1/ 256.66ms
INF 2026-08-04T20:22:29.762Z > 200 GET /api/v1/ 257.52ms
INF 2026-08-04T20:22:29.763Z > 200 GET /api/v1/ 258.82ms
INF 2026-08-04T20:22:29.765Z > 200 GET /api/v1/ 5.78ms
INF 2026-08-04T20:22:29.766Z > 200 GET /api/v1/ 257.56ms
INF 2026-08-04T20:22:29.775Z > 200 GET /api/v1/ 263.36ms
INF 2026-08-04T20:22:29.775Z > 200 GET /api/v1/ 268.54ms
INF 2026-08-04T20:22:29.775Z > 200 GET /api/v1/ 15.59ms
INF 2026-08-04T20:22:29.777Z > 200 GET /api/v1/ 258.79ms
INF 2026-08-04T20:22:29.780Z > 200 GET /api/v1/ 268.52ms
INF 2026-08-04T20:22:29.780Z > 200 GET /api/v1/ 261.62ms
INF 2026-08-04T20:22:29.785Z > 200 GET /api/v1/ 268.09ms
INF 2026-08-04T20:22:29.785Z > 200 GET /api/v1/ 266.52ms
INF 2026-08-04T20:22:29.788Z > 200 GET /api/v1/ 269.84ms
INF 2026-08-04T20:22:29.789Z > 200 GET /api/v1/ 258.99ms
INF 2026-08-04T20:22:29.789Z > 200 GET /api/v1/ 250.93ms
INF 2026-08-04T20:22:29.789Z > 200 GET /api/v1/ 250.86ms
INF 2026-08-04T20:22:29.790Z > 200 GET /api/v1/ 253.17ms
INF 2026-08-04T20:22:29.790Z > 200 GET /api/v1/ 253.11ms
INF 2026-08-04T20:22:29.791Z > 200 GET /api/v1/ 249.7ms
INF 2026-08-04T20:22:29.795Z > 200 GET /api/v1/ 256.15ms
INF 2026-08-04T20:22:29.796Z > 200 GET /api/v1/ 254.69ms
INF 2026-08-04T20:22:29.796Z > 200 GET /api/v1/ 277.3ms
INF 2026-08-04T20:22:29.812Z > 200 GET /api/v1/ 250.57ms
INF 2026-08-04T20:22:29.820Z > 200 GET /api/v1/ 211.1ms
INF 2026-08-04T20:22:29.821Z > 200 GET /api/v1/ 240.18ms
INF 2026-08-04T20:22:29.822Z > 200 GET /api/v1/ 263.49ms
INF 2026-08-04T20:22:29.822Z > 200 GET /api/v1/ 256.56ms
INF 2026-08-04T20:22:29.822Z > 200 GET /api/v1/ 279.38ms
INF 2026-08-04T20:22:29.822Z > 200 GET /api/v1/ 31.89ms
INF 2026-08-04T20:22:29.827Z > 200 GET /api/v1/ 233.22ms
INF 2026-08-04T20:22:29.828Z > 200 GET /api/v1/ 218.6ms
INF 2026-08-04T20:22:29.828Z > 200 GET /api/v1/ 38.08ms
INF 2026-08-04T20:22:29.829Z > 200 GET /api/v1/ 249.06ms
INF 2026-08-04T20:22:29.832Z > 200 GET /api/v1/ 290.05ms
INF 2026-08-04T20:22:29.836Z > 200 GET /api/v1/ 249.65ms
INF 2026-08-04T20:22:29.838Z > 200 GET /api/v1/ 226.98ms
INF 2026-08-04T20:22:29.841Z > 200 GET /api/v1/ 294.07ms
INF 2026-08-04T20:22:29.843Z > 200 GET /api/v1/ 259.74ms
INF 2026-08-04T20:22:29.845Z > 200 GET /api/v1/ 303.81ms
INF 2026-08-04T20:22:29.845Z > 200 GET /api/v1/ 235.34ms
INF 2026-08-04T20:22:29.848Z > 200 GET /api/v1/ 26.52ms
INF 2026-08-04T20:22:29.850Z > 200 GET /api/v1/ 21.87ms
INF 2026-08-04T20:22:29.851Z > 200 GET /api/v1/ 28.79ms
INF 2026-08-04T20:22:29.859Z > 200 GET /api/v1/ 247.29ms
INF 2026-08-04T20:22:29.860Z > 200 GET /api/v1/ 32.37ms
INF 2026-08-04T20:22:29.860Z > 200 GET /api/v1/ 241.98ms
INF 2026-08-04T20:22:29.861Z > 200 GET /api/v1/ 65.81ms
INF 2026-08-04T20:22:29.861Z > 200 GET /api/v1/ 303.29ms
INF 2026-08-04T20:22:29.862Z > 200 GET /api/v1/ 32.65ms
INF 2026-08-04T20:22:29.862Z > 200 GET /api/v1/ 241.97ms
INF 2026-08-04T20:22:29.862Z > 200 GET /api/v1/ 240.32ms
INF 2026-08-04T20:22:29.863Z > 200 GET /api/v1/ 265.71ms
INF 2026-08-04T20:22:29.866Z > 200 GET /api/v1/ 23.39ms
INF 2026-08-04T20:22:29.868Z > 200 GET /api/v1/ 290.05ms
INF 2026-08-04T20:22:29.869Z > 200 GET /api/v1/ 324.77ms
INF 2026-08-04T20:22:29.869Z > 200 GET /api/v1/ 33.26ms
INF 2026-08-04T20:22:29.874Z > 200 GET /api/v1/ 28.86ms
INF 2026-08-04T20:22:29.879Z > 200 GET /api/v1/ 268.11ms
INF 2026-08-04T20:22:29.882Z > 200 GET /api/v1/ 272.88ms
INF 2026-08-04T20:22:29.882Z > 200 GET /api/v1/ 261.32ms
INF 2026-08-04T20:22:29.882Z > 200 GET /api/v1/ 265.26ms
INF 2026-08-04T20:22:29.883Z > 200 GET /api/v1/ 21.14ms
INF 2026-08-04T20:22:29.883Z > 200 GET /api/v1/ 23.38ms
INF 2026-08-04T20:22:29.883Z > 200 GET /api/v1/ 273.99ms
INF 2026-08-04T20:22:29.884Z > 200 GET /api/v1/ 21.37ms
INF 2026-08-04T20:22:29.884Z > 200 GET /api/v1/ 308.72ms
INF 2026-08-04T20:22:29.888Z > 200 GET /api/v1/ 279.36ms
INF 2026-08-04T20:22:29.889Z > 200 GET /api/v1/ 23.09ms
INF 2026-08-04T20:22:29.890Z > 200 GET /api/v1/ 305.93ms
INF 2026-08-04T20:22:29.890Z > 200 GET /api/v1/ 267.43ms
INF 2026-08-04T20:22:29.890Z > 200 GET /api/v1/ 292.98ms
INF 2026-08-04T20:22:29.891Z > 200 GET /api/v1/ 294.62ms
INF 2026-08-04T20:22:29.892Z > 200 GET /api/v1/ 22.24ms
INF 2026-08-04T20:22:29.896Z > 200 GET /api/v1/ 21.75ms
INF 2026-08-04T20:22:29.900Z > 200 GET /api/v1/ 16.8ms
INF 2026-08-04T20:22:29.900Z > 200 GET /api/v1/ 17.47ms
INF 2026-08-04T20:22:29.900Z > 200 GET /api/v1/ 17.43ms
INF 2026-08-04T20:22:29.904Z > 200 GET /api/v1/ 15.16ms
INF 2026-08-04T20:22:29.904Z > 200 GET /api/v1/ 14.08ms
INF 2026-08-04T20:22:29.904Z > 200 GET /api/v1/ 281.3ms
INF 2026-08-04T20:22:29.905Z > 200 GET /api/v1/ 21.39ms
INF 2026-08-04T20:22:29.905Z > 200 GET /api/v1/ 15.03ms
INF 2026-08-04T20:22:29.906Z > 200 GET /api/v1/ 278.44ms
INF 2026-08-04T20:22:29.906Z > 200 GET /api/v1/ 15.36ms
INF 2026-08-04T20:22:29.906Z > 200 GET /api/v1/ 14.26ms
INF 2026-08-04T20:22:29.914Z > 200 GET /api/v1/ 13.82ms
INF 2026-08-04T20:22:29.916Z > 200 GET /api/v1/ 292.32ms
INF 2026-08-04T20:22:29.916Z > 200 GET /api/v1/ 11.92ms
INF 2026-08-04T20:22:29.917Z > 200 GET /api/v1/ 12.17ms
INF 2026-08-04T20:22:29.917Z > 200 GET /api/v1/ 288.92ms
INF 2026-08-04T20:22:29.918Z > 200 GET /api/v1/ 12.34ms
INF 2026-08-04T20:22:29.927Z > 200 GET /api/v1/ 20.84ms
INF 2026-08-04T20:22:29.927Z > 200 GET /api/v1/ 20.67ms
INF 2026-08-04T20:22:29.928Z > 200 GET /api/v1/ 131.55ms
INF 2026-08-04T20:22:29.934Z > 200 GET /api/v1/ 303.23ms
INF 2026-08-04T20:22:29.939Z > 200 GET /api/v1/ 23.02ms
INF 2026-08-04T20:22:29.939Z > 200 GET /api/v1/ 11.38ms
INF 2026-08-04T20:22:29.939Z > 200 GET /api/v1/ 22.0ms
INF 2026-08-04T20:22:29.940Z > 200 GET /api/v1/ 22.58ms
INF 2026-08-04T20:22:29.940Z > 200 GET /api/v1/ 21.9ms
INF 2026-08-04T20:22:29.940Z > 200 GET /api/v1/ 284.11ms
INF 2026-08-04T20:22:29.941Z > 200 GET /api/v1/ 291.65ms
INF 2026-08-04T20:22:29.941Z > 200 GET /api/v1/ 285.57ms
INF 2026-08-04T20:22:29.942Z > 200 GET /api/v1/ 272.58ms
INF 2026-08-04T20:22:29.945Z > 200 GET /api/v1/ 10.78ms
INF 2026-08-04T20:22:29.945Z > 200 GET /api/v1/ 269.1ms
INF 2026-08-04T20:22:29.946Z > 200 GET /api/v1/ 260.08ms
INF 2026-08-04T20:22:29.947Z > 200 GET /api/v1/ 267.73ms
INF 2026-08-04T20:22:29.949Z > 200 GET /api/v1/ 7.85ms
INF 2026-08-04T20:22:29.949Z > 200 GET /api/v1/ 255.99ms
INF 2026-08-04T20:22:29.950Z > 200 GET /api/v1/ 257.0ms
INF 2026-08-04T20:22:29.950Z > 200 GET /api/v1/ 9.26ms
INF 2026-08-04T20:22:29.950Z > 200 GET /api/v1/ 246.49ms
INF 2026-08-04T20:22:29.951Z > 200 GET /api/v1/ 326.09ms
INF 2026-08-04T20:22:29.952Z > 200 GET /api/v1/ 248.3ms
INF 2026-08-04T20:22:29.953Z > 200 GET /api/v1/ 292.84ms
INF 2026-08-04T20:22:29.954Z > 200 GET /api/v1/ 225.33ms
INF 2026-08-04T20:22:29.954Z > 200 GET /api/v1/ 250.04ms
INF 2026-08-04T20:22:29.955Z > 200 GET /api/v1/ 226.68ms
INF 2026-08-04T20:22:29.956Z > 200 GET /api/v1/ 5.61ms
INF 2026-08-04T20:22:29.956Z > 200 GET /api/v1/ 211.16ms
INF 2026-08-04T20:22:29.958Z > 200 GET /api/v1/ 229.2ms
INF 2026-08-04T20:22:29.959Z > 200 GET /api/v1/ 213.6ms
INF 2026-08-04T20:22:29.959Z > 200 GET /api/v1/ 213.69ms
INF 2026-08-04T20:22:29.959Z > 200 GET /api/v1/ 229.93ms
INF 2026-08-04T20:22:29.960Z > 200 GET /api/v1/ 228.87ms
INF 2026-08-04T20:22:29.960Z > 200 GET /api/v1/ 215.12ms
INF 2026-08-04T20:22:29.961Z > 200 GET /api/v1/ 4.96ms
INF 2026-08-04T20:22:29.963Z > 200 GET /api/v1/ 216.56ms
INF 2026-08-04T20:22:29.965Z > 200 GET /api/v1/ 5.6ms
INF 2026-08-04T20:22:29.965Z > 200 GET /api/v1/ 220.21ms
INF 2026-08-04T20:22:29.965Z > 200 GET /api/v1/ 5.15ms
INF 2026-08-04T20:22:29.967Z > 200 GET /api/v1/ 218.42ms
INF 2026-08-04T20:22:29.979Z > 200 GET /api/v1/ 229.96ms
INF 2026-08-04T20:22:29.979Z > 200 GET /api/v1/ 228.78ms
INF 2026-08-04T20:22:29.981Z > 200 GET /api/v1/ 232.18ms
INF 2026-08-04T20:22:29.984Z > 200 GET /api/v1/ 231.61ms
INF 2026-08-04T20:22:29.984Z > 200 GET /api/v1/ 231.47ms
INF 2026-08-04T20:22:29.985Z > 200 GET /api/v1/ 235.03ms
INF 2026-08-04T20:22:29.991Z > 200 GET /api/v1/ 238.14ms
INF 2026-08-04T20:22:29.993Z > 200 GET /api/v1/ 237.86ms
INF 2026-08-04T20:22:29.994Z > 200 GET /api/v1/ 238.23ms
INF 2026-08-04T20:22:29.995Z > 200 GET /api/v1/ 234.93ms
INF 2026-08-04T20:22:29.996Z > 200 GET /api/v1/ 239.55ms
INF 2026-08-04T20:22:30.005Z > 200 GET /api/v1/ 241.36ms
INF 2026-08-04T20:22:30.005Z > 200 GET /api/v1/ 215.83ms
INF 2026-08-04T20:22:30.006Z > 200 GET /api/v1/ 19.94ms
INF 2026-08-04T20:22:30.006Z > 200 GET /api/v1/ 231.07ms
INF 2026-08-04T20:22:30.018Z > 200 GET /api/v1/ 198.05ms
INF 2026-08-04T20:22:30.020Z > 200 GET /api/v1/ 243.77ms
INF 2026-08-04T20:22:30.021Z > 200 GET /api/v1/ 27.58ms
INF 2026-08-04T20:22:30.021Z > 200 GET /api/v1/ 26.99ms
INF 2026-08-04T20:22:30.025Z > 200 GET /api/v1/ 262.34ms
INF 2026-08-04T20:22:30.025Z > 200 GET /api/v1/ 29.03ms
INF 2026-08-04T20:22:30.030Z > 200 GET /api/v1/ 233.88ms
INF 2026-08-04T20:22:30.031Z > 200 GET /api/v1/ 245.31ms
INF 2026-08-04T20:22:30.031Z > 200 GET /api/v1/ 218.39ms
INF 2026-08-04T20:22:30.034Z > 200 GET /api/v1/ 211.65ms
INF 2026-08-04T20:22:30.034Z > 200 GET /api/v1/ 29.54ms
INF 2026-08-04T20:22:30.034Z > 200 GET /api/v1/ 206.66ms
INF 2026-08-04T20:22:30.036Z > 200 GET /api/v1/ 30.48ms
INF 2026-08-04T20:22:30.037Z > 200 GET /api/v1/ 30.34ms
INF 2026-08-04T20:22:30.037Z > 200 GET /api/v1/ 247.72ms
INF 2026-08-04T20:22:30.037Z > 200 GET /api/v1/ 260.84ms
INF 2026-08-04T20:22:30.039Z > 200 GET /api/v1/ 262.79ms
INF 2026-08-04T20:22:30.039Z > 200 GET /api/v1/ 217.41ms
INF 2026-08-04T20:22:30.040Z > 200 GET /api/v1/ 217.08ms
INF 2026-08-04T20:22:30.047Z > 200 GET /api/v1/ 25.86ms
INF 2026-08-04T20:22:30.048Z > 200 GET /api/v1/ 29.53ms
INF 2026-08-04T20:22:30.048Z > 200 GET /api/v1/ 258.87ms
INF 2026-08-04T20:22:30.049Z > 200 GET /api/v1/ 283.02ms
INF 2026-08-04T20:22:30.059Z > 200 GET /api/v1/ 226.97ms
INF 2026-08-04T20:22:30.059Z > 200 GET /api/v1/ 281.63ms
INF 2026-08-04T20:22:30.059Z > 200 GET /api/v1/ 33.77ms
INF 2026-08-04T20:22:30.059Z > 200 GET /api/v1/ 34.33ms
INF 2026-08-04T20:22:30.060Z > 200 GET /api/v1/ 278.77ms
INF 2026-08-04T20:22:30.060Z > 200 GET /api/v1/ 274.73ms
INF 2026-08-04T20:22:30.061Z > 200 GET /api/v1/ 279.82ms
INF 2026-08-04T20:22:30.061Z > 200 GET /api/v1/ 270.2ms
INF 2026-08-04T20:22:30.061Z > 200 GET /api/v1/ 272.16ms
INF 2026-08-04T20:22:30.062Z > 200 GET /api/v1/ 31.32ms
INF 2026-08-04T20:22:30.065Z > 200 GET /api/v1/ 226.8ms
INF 2026-08-04T20:22:30.065Z > 200 GET /api/v1/ 30.48ms
INF 2026-08-04T20:22:30.067Z > 200 GET /api/v1/ 36.68ms
INF 2026-08-04T20:22:30.069Z > 200 GET /api/v1/ 31.88ms
INF 2026-08-04T20:22:30.069Z > 200 GET /api/v1/ 31.75ms
INF 2026-08-04T20:22:30.072Z > 200 GET /api/v1/ 318.37ms
INF 2026-08-04T20:22:30.073Z > 200 GET /api/v1/ 232.14ms
INF 2026-08-04T20:22:30.073Z > 200 GET /api/v1/ 225.44ms
INF 2026-08-04T20:22:30.077Z > 200 GET /api/v1/ 3.43ms
INF 2026-08-04T20:22:30.078Z > 200 GET /api/v1/ 216.1ms
INF 2026-08-04T20:22:30.079Z > 200 GET /api/v1/ 31.15ms
INF 2026-08-04T20:22:30.079Z > 200 GET /api/v1/ 11.98ms
INF 2026-08-04T20:22:30.081Z > 200 GET /api/v1/ 218.75ms
INF 2026-08-04T20:22:30.082Z > 200 GET /api/v1/ 3.17ms
INF 2026-08-04T20:22:30.083Z > 200 GET /api/v1/ 34.81ms
INF 2026-08-04T20:22:30.085Z > 200 GET /api/v1/ 223.44ms
INF 2026-08-04T20:22:30.087Z > 200 GET /api/v1/ 3.19ms
INF 2026-08-04T20:22:30.087Z > 200 GET /api/v1/ 226.09ms
INF 2026-08-04T20:22:30.087Z > 200 GET /api/v1/ 236.76ms
INF 2026-08-04T20:22:30.089Z > 200 GET /api/v1/ 243.45ms
INF 2026-08-04T20:22:30.091Z > 200 GET /api/v1/ 3.09ms
INF 2026-08-04T20:22:30.091Z > 200 GET /api/v1/ 30.05ms
INF 2026-08-04T20:22:30.091Z > 200 GET /api/v1/ 42.87ms
INF 2026-08-04T20:22:30.092Z > 200 GET /api/v1/ 30.74ms
INF 2026-08-04T20:22:30.093Z > 200 GET /api/v1/ 23.57ms
INF 2026-08-04T20:22:30.093Z > 200 GET /api/v1/ 20.28ms
INF 2026-08-04T20:22:30.094Z > 200 GET /api/v1/ 31.49ms
INF 2026-08-04T20:22:30.096Z > 200 GET /api/v1/ 6.68ms
INF 2026-08-04T20:22:30.106Z > 200 GET /api/v1/ 243.66ms
INF 2026-08-04T20:22:30.110Z > 200 GET /api/v1/ 247.02ms
INF 2026-08-04T20:22:30.114Z > 200 GET /api/v1/ 7.99ms
INF 2026-08-04T20:22:30.116Z > 200 GET /api/v1/ 252.68ms
INF 2026-08-04T20:22:30.118Z > 200 GET /api/v1/ 249.9ms
INF 2026-08-04T20:22:30.119Z > 200 GET /api/v1/ 9.57ms
INF 2026-08-04T20:22:30.120Z > 200 GET /api/v1/ 250.65ms
INF 2026-08-04T20:22:30.122Z > 200 GET /api/v1/ 242.7ms
INF 2026-08-04T20:22:30.125Z > 200 GET /api/v1/ 10.18ms
INF 2026-08-04T20:22:30.136Z > 200 GET /api/v1/ 16.1ms
INF 2026-08-04T20:22:30.136Z > 200 GET /api/v1/ 17.81ms
INF 2026-08-04T20:22:30.138Z > 200 GET /api/v1/ 15.81ms
INF 2026-08-04T20:22:30.143Z > 200 GET /api/v1/ 259.37ms
INF 2026-08-04T20:22:30.143Z > 200 GET /api/v1/ 259.98ms
INF 2026-08-04T20:22:30.152Z > 200 GET /api/v1/ 267.73ms
INF 2026-08-04T20:22:30.152Z > 200 GET /api/v1/ 14.64ms
INF 2026-08-04T20:22:30.160Z > 200 GET /api/v1/ 23.83ms
INF 2026-08-04T20:22:30.162Z > 200 GET /api/v1/ 266.2ms
INF 2026-08-04T20:22:30.167Z > 200 GET /api/v1/ 261.65ms
INF 2026-08-04T20:22:30.169Z > 200 GET /api/v1/ 252.72ms
INF 2026-08-04T20:22:30.169Z > 200 GET /api/v1/ 241.21ms
INF 2026-08-04T20:22:30.171Z > 200 GET /api/v1/ 18.3ms
INF 2026-08-04T20:22:30.174Z > 200 GET /api/v1/ 22.01ms
INF 2026-08-04T20:22:30.174Z > 200 GET /api/v1/ 260.23ms
INF 2026-08-04T20:22:30.176Z > 200 GET /api/v1/ 271.61ms
INF 2026-08-04T20:22:30.177Z > 200 GET /api/v1/ 14.16ms
INF 2026-08-04T20:22:30.178Z > 200 GET /api/v1/ 238.37ms
INF 2026-08-04T20:22:30.179Z > 200 GET /api/v1/ 272.89ms
INF 2026-08-04T20:22:30.180Z > 200 GET /api/v1/ 252.42ms
INF 2026-08-04T20:22:30.181Z > 200 GET /api/v1/ 290.01ms
INF 2026-08-04T20:22:30.181Z > 200 GET /api/v1/ 281.01ms
INF 2026-08-04T20:22:30.181Z > 200 GET /api/v1/ 12.53ms
INF 2026-08-04T20:22:30.183Z > 200 GET /api/v1/ 12.18ms
INF 2026-08-04T20:22:30.183Z > 200 GET /api/v1/ 9.34ms
INF 2026-08-04T20:22:30.184Z > 200 GET /api/v1/ 8.03ms
INF 2026-08-04T20:22:30.184Z > 200 GET /api/v1/ 283.42ms
INF 2026-08-04T20:22:30.185Z > 200 GET /api/v1/ 244.86ms
INF 2026-08-04T20:22:30.186Z > 200 GET /api/v1/ 244.81ms
INF 2026-08-04T20:22:30.188Z > 200 GET /api/v1/ 93.6ms
INF 2026-08-04T20:22:30.189Z > 200 GET /api/v1/ 95.76ms
INF 2026-08-04T20:22:30.189Z > 200 GET /api/v1/ 7.95ms
INF 2026-08-04T20:22:30.193Z > 200 GET /api/v1/ 8.71ms
INF 2026-08-04T20:22:30.193Z > 200 GET /api/v1/ 303.4ms
INF 2026-08-04T20:22:30.195Z > 200 GET /api/v1/ 9.82ms
INF 2026-08-04T20:22:30.196Z > 200 GET /api/v1/ 250.35ms
INF 2026-08-04T20:22:30.197Z > 200 GET /api/v1/ 100.85ms
INF 2026-08-04T20:22:30.198Z > 200 GET /api/v1/ 254.69ms
INF 2026-08-04T20:22:30.198Z > 200 GET /api/v1/ 251.63ms
INF 2026-08-04T20:22:30.198Z > 200 GET /api/v1/ 315.39ms
INF 2026-08-04T20:22:30.207Z > 200 GET /api/v1/ 258.0ms
INF 2026-08-04T20:22:30.208Z > 200 GET /api/v1/ 258.06ms
INF 2026-08-04T20:22:30.209Z > 200 GET /api/v1/ 262.0ms
INF 2026-08-04T20:22:30.209Z > 200 GET /api/v1/ 263.08ms
INF 2026-08-04T20:22:30.209Z > 200 GET /api/v1/ 258.74ms
INF 2026-08-04T20:22:30.209Z > 200 GET /api/v1/ 269.21ms
INF 2026-08-04T20:22:30.210Z > 200 GET /api/v1/ 269.9ms
INF 2026-08-04T20:22:30.211Z > 200 GET /api/v1/ 269.42ms
INF 2026-08-04T20:22:30.216Z > 200 GET /api/v1/ 266.79ms
INF 2026-08-04T20:22:30.217Z > 200 GET /api/v1/ 264.32ms
INF 2026-08-04T20:22:30.217Z > 200 GET /api/v1/ 20.37ms
INF 2026-08-04T20:22:30.217Z > 200 GET /api/v1/ 261.59ms
INF 2026-08-04T20:22:30.218Z > 200 GET /api/v1/ 263.16ms
INF 2026-08-04T20:22:30.218Z > 200 GET /api/v1/ 266.86ms
INF 2026-08-04T20:22:30.229Z > 200 GET /api/v1/ 275.29ms
INF 2026-08-04T20:22:30.232Z > 200 GET /api/v1/ 273.05ms
INF 2026-08-04T20:22:30.232Z > 200 GET /api/v1/ 278.06ms
INF 2026-08-04T20:22:30.233Z > 200 GET /api/v1/ 269.99ms
INF 2026-08-04T20:22:30.234Z > 200 GET /api/v1/ 278.17ms
INF 2026-08-04T20:22:30.235Z > 200 GET /api/v1/ 275.47ms
INF 2026-08-04T20:22:30.235Z > 200 GET /api/v1/ 274.74ms
INF 2026-08-04T20:22:30.244Z > 200 GET /api/v1/ 282.52ms
INF 2026-08-04T20:22:30.248Z > 200 GET /api/v1/ 288.24ms
INF 2026-08-04T20:22:30.249Z > 200 GET /api/v1/ 39.68ms
INF 2026-08-04T20:22:30.254Z > 200 GET /api/v1/ 43.21ms
INF 2026-08-04T20:22:30.256Z > 200 GET /api/v1/ 271.18ms
INF 2026-08-04T20:22:30.259Z > 200 GET /api/v1/ 277.24ms
INF 2026-08-04T20:22:30.262Z > 200 GET /api/v1/ 201.68ms
INF 2026-08-04T20:22:30.264Z > 200 GET /api/v1/ 284.66ms
INF 2026-08-04T20:22:30.266Z > 200 GET /api/v1/ 226.56ms
INF 2026-08-04T20:22:30.267Z > 200 GET /api/v1/ 34.6ms
INF 2026-08-04T20:22:30.267Z > 200 GET /api/v1/ 233.23ms
INF 2026-08-04T20:22:30.268Z > 200 GET /api/v1/ 33.43ms
INF 2026-08-04T20:22:30.268Z > 200 GET /api/v1/ 33.18ms
INF 2026-08-04T20:22:30.272Z > 200 GET /api/v1/ 211.58ms
INF 2026-08-04T20:22:30.277Z > 200 GET /api/v1/ 33.19ms
INF 2026-08-04T20:22:30.278Z > 200 GET /api/v1/ 247.16ms
INF 2026-08-04T20:22:30.284Z > 200 GET /api/v1/ 34.63ms
INF 2026-08-04T20:22:30.284Z > 200 GET /api/v1/ 223.85ms
INF 2026-08-04T20:22:30.284Z > 200 GET /api/v1/ 210.58ms
INF 2026-08-04T20:22:30.293Z > 200 GET /api/v1/ 327.91ms
INF 2026-08-04T20:22:30.294Z > 200 GET /api/v1/ 39.49ms
INF 2026-08-04T20:22:30.294Z > 200 GET /api/v1/ 46.04ms
INF 2026-08-04T20:22:30.294Z > 200 GET /api/v1/ 217.02ms
INF 2026-08-04T20:22:30.295Z > 200 GET /api/v1/ 225.58ms
INF 2026-08-04T20:22:30.295Z > 200 GET /api/v1/ 230.16ms
INF 2026-08-04T20:22:30.296Z > 200 GET /api/v1/ 255.98ms
INF 2026-08-04T20:22:30.297Z > 200 GET /api/v1/ 38.64ms
INF 2026-08-04T20:22:30.302Z > 200 GET /api/v1/ 40.42ms
INF 2026-08-04T20:22:30.303Z > 200 GET /api/v1/ 237.66ms
INF 2026-08-04T20:22:30.303Z > 200 GET /api/v1/ 307.84ms
INF 2026-08-04T20:22:30.307Z > 200 GET /api/v1/ 286.63ms
INF 2026-08-04T20:22:30.308Z > 200 GET /api/v1/ 270.84ms
INF 2026-08-04T20:22:30.310Z > 200 GET /api/v1/ 41.04ms
INF 2026-08-04T20:22:30.310Z > 200 GET /api/v1/ 270.34ms
INF 2026-08-04T20:22:30.310Z > 200 GET /api/v1/ 345.06ms
INF 2026-08-04T20:22:30.313Z > 200 GET /api/v1/ 41.09ms
INF 2026-08-04T20:22:30.314Z > 200 GET /api/v1/ 46.67ms
INF 2026-08-04T20:22:30.314Z > 200 GET /api/v1/ 323.58ms
INF 2026-08-04T20:22:30.316Z > 200 GET /api/v1/ 310.78ms
INF 2026-08-04T20:22:30.319Z > 200 GET /api/v1/ 85.87ms
INF 2026-08-04T20:22:30.326Z > 200 GET /api/v1/ 341.57ms
INF 2026-08-04T20:22:30.326Z > 200 GET /api/v1/ 266.23ms
INF 2026-08-04T20:22:30.329Z > 200 GET /api/v1/ 267.64ms
INF 2026-08-04T20:22:30.329Z > 200 GET /api/v1/ 294.58ms
INF 2026-08-04T20:22:30.330Z > 200 GET /api/v1/ 350.49ms
INF 2026-08-04T20:22:30.331Z > 200 GET /api/v1/ 252.6ms
INF 2026-08-04T20:22:30.331Z > 200 GET /api/v1/ 282.5ms
INF 2026-08-04T20:22:30.331Z > 200 GET /api/v1/ 295.31ms
INF 2026-08-04T20:22:30.333Z > 200 GET /api/v1/ 273.35ms
INF 2026-08-04T20:22:30.336Z > 200 GET /api/v1/ 254.67ms
INF 2026-08-04T20:22:30.337Z > 200 GET /api/v1/ 275.79ms
INF 2026-08-04T20:22:30.337Z > 200 GET /api/v1/ 316.6ms
INF 2026-08-04T20:22:30.338Z > 200 GET /api/v1/ 22.95ms
INF 2026-08-04T20:22:30.338Z > 200 GET /api/v1/ 250.79ms
INF 2026-08-04T20:22:30.340Z > 200 GET /api/v1/ 23.83ms
INF 2026-08-04T20:22:30.343Z > 200 GET /api/v1/ 260.29ms
INF 2026-08-04T20:22:30.343Z > 200 GET /api/v1/ 256.42ms
INF 2026-08-04T20:22:30.345Z > 200 GET /api/v1/ 15.88ms
INF 2026-08-04T20:22:30.345Z > 200 GET /api/v1/ 19.12ms
INF 2026-08-04T20:22:30.346Z > 200 GET /api/v1/ 266.57ms
INF 2026-08-04T20:22:30.346Z > 200 GET /api/v1/ 14.43ms
INF 2026-08-04T20:22:30.347Z > 200 GET /api/v1/ 261.66ms
INF 2026-08-04T20:22:30.347Z > 200 GET /api/v1/ 13.94ms
INF 2026-08-04T20:22:30.348Z > 200 GET /api/v1/ 10.85ms
INF 2026-08-04T20:22:30.348Z > 200 GET /api/v1/ 10.74ms
INF 2026-08-04T20:22:30.358Z > 200 GET /api/v1/ 19.14ms
INF 2026-08-04T20:22:30.358Z > 200 GET /api/v1/ 91.14ms
INF 2026-08-04T20:22:30.359Z > 200 GET /api/v1/ 65.36ms
INF 2026-08-04T20:22:30.359Z > 200 GET /api/v1/ 18.53ms
INF 2026-08-04T20:22:30.359Z > 200 GET /api/v1/ 15.85ms
INF 2026-08-04T20:22:30.364Z > 200 GET /api/v1/ 21.41ms
INF 2026-08-04T20:22:30.364Z > 200 GET /api/v1/ 18.79ms
INF 2026-08-04T20:22:30.369Z > 200 GET /api/v1/ 23.14ms
INF 2026-08-04T20:22:30.371Z > 200 GET /api/v1/ 6.67ms
INF 2026-08-04T20:22:30.371Z > 200 GET /api/v1/ 12.25ms
INF 2026-08-04T20:22:30.372Z > 200 GET /api/v1/ 23.68ms
INF 2026-08-04T20:22:30.376Z > 200 GET /api/v1/ 78.16ms
INF 2026-08-04T20:22:30.376Z > 200 GET /api/v1/ 401.07ms
INF 2026-08-04T20:22:30.377Z > 200 GET /api/v1/ 81.29ms
INF 2026-08-04T20:22:30.378Z > 200 GET /api/v1/ 75.46ms
INF 2026-08-04T20:22:30.380Z > 200 GET /api/v1/ 255.47ms
INF 2026-08-04T20:22:30.381Z > 200 GET /api/v1/ 287.93ms
INF 2026-08-04T20:22:30.381Z > 200 GET /api/v1/ 415.74ms
INF 2026-08-04T20:22:30.382Z > 200 GET /api/v1/ 78.74ms
INF 2026-08-04T20:22:30.384Z > 200 GET /api/v1/ 12.39ms
INF 2026-08-04T20:22:30.385Z > 200 GET /api/v1/ 248.49ms
INF 2026-08-04T20:22:30.385Z > 200 GET /api/v1/ 77.44ms
INF 2026-08-04T20:22:30.385Z > 200 GET /api/v1/ 72.23ms
INF 2026-08-04T20:22:30.385Z > 200 GET /api/v1/ 242.59ms
INF 2026-08-04T20:22:30.386Z > 200 GET /api/v1/ 294.57ms
INF 2026-08-04T20:22:30.387Z > 200 GET /api/v1/ 294.03ms
INF 2026-08-04T20:22:30.388Z > 200 GET /api/v1/ 268.43ms
INF 2026-08-04T20:22:30.389Z > 200 GET /api/v1/ 272.52ms
INF 2026-08-04T20:22:30.391Z > 200 GET /api/v1/ 248.0ms
INF 2026-08-04T20:22:30.391Z > 200 GET /api/v1/ 300.09ms
INF 2026-08-04T20:22:30.392Z > 200 GET /api/v1/ 222.96ms
INF 2026-08-04T20:22:30.393Z > 200 GET /api/v1/ 73.86ms
INF 2026-08-04T20:22:30.393Z > 200 GET /api/v1/ 219.1ms
INF 2026-08-04T20:22:30.394Z > 200 GET /api/v1/ 13.17ms
INF 2026-08-04T20:22:30.394Z > 200 GET /api/v1/ 214.45ms
INF 2026-08-04T20:22:30.395Z > 200 GET /api/v1/ 84.41ms
INF 2026-08-04T20:22:30.395Z > 200 GET /api/v1/ 234.38ms
INF 2026-08-04T20:22:30.395Z > 200 GET /api/v1/ 227.83ms
INF 2026-08-04T20:22:30.396Z > 200 GET /api/v1/ 218.69ms
INF 2026-08-04T20:22:30.399Z > 200 GET /api/v1/ 217.35ms
INF 2026-08-04T20:22:30.402Z > 200 GET /api/v1/ 221.69ms
INF 2026-08-04T20:22:30.402Z > 200 GET /api/v1/ 218.16ms
INF 2026-08-04T20:22:30.403Z > 200 GET /api/v1/ 312.0ms
INF 2026-08-04T20:22:30.403Z > 200 GET /api/v1/ 222.43ms
INF 2026-08-04T20:22:30.404Z > 200 GET /api/v1/ 221.95ms
INF 2026-08-04T20:22:30.413Z > 200 GET /api/v1/ 229.03ms
INF 2026-08-04T20:22:30.416Z > 200 GET /api/v1/ 22.76ms
INF 2026-08-04T20:22:30.417Z > 200 GET /api/v1/ 31.77ms
INF 2026-08-04T20:22:30.422Z > 200 GET /api/v1/ 238.07ms
INF 2026-08-04T20:22:30.430Z > 200 GET /api/v1/ 34.66ms
INF 2026-08-04T20:22:30.432Z > 200 GET /api/v1/ 29.05ms
INF 2026-08-04T20:22:30.435Z > 200 GET /api/v1/ 30.76ms
INF 2026-08-04T20:22:30.435Z > 200 GET /api/v1/ 248.42ms
INF 2026-08-04T20:22:30.436Z > 200 GET /api/v1/ 248.01ms
INF 2026-08-04T20:22:30.436Z > 200 GET /api/v1/ 242.9ms
INF 2026-08-04T20:22:30.437Z > 200 GET /api/v1/ 229.27ms
INF 2026-08-04T20:22:30.440Z > 200 GET /api/v1/ 241.58ms
INF 2026-08-04T20:22:30.442Z > 200 GET /api/v1/ 248.87ms
INF 2026-08-04T20:22:30.445Z > 200 GET /api/v1/ 248.09ms
INF 2026-08-04T20:22:30.446Z > 200 GET /api/v1/ 256.42ms
INF 2026-08-04T20:22:30.446Z > 200 GET /api/v1/ 248.49ms
INF 2026-08-04T20:22:30.446Z > 200 GET /api/v1/ 236.51ms
INF 2026-08-04T20:22:30.448Z > 200 GET /api/v1/ 249.13ms
INF 2026-08-04T20:22:30.448Z > 200 GET /api/v1/ 239.49ms
INF 2026-08-04T20:22:30.451Z > 200 GET /api/v1/ 261.44ms
INF 2026-08-04T20:22:30.455Z > 200 GET /api/v1/ 188.15ms
INF 2026-08-04T20:22:30.456Z > 200 GET /api/v1/ 33.27ms
INF 2026-08-04T20:22:30.461Z > 200 GET /api/v1/ 250.54ms
INF 2026-08-04T20:22:30.465Z > 200 GET /api/v1/ 254.1ms
INF 2026-08-04T20:22:30.466Z > 200 GET /api/v1/ 188.61ms
INF 2026-08-04T20:22:30.469Z > 200 GET /api/v1/ 175.28ms
INF 2026-08-04T20:22:30.470Z > 200 GET /api/v1/ 251.77ms
INF 2026-08-04T20:22:30.470Z > 200 GET /api/v1/ 33.22ms
INF 2026-08-04T20:22:30.471Z > 200 GET /api/v1/ 240.93ms
INF 2026-08-04T20:22:30.472Z > 200 GET /api/v1/ 261.82ms
INF 2026-08-04T20:22:30.473Z > 200 GET /api/v1/ 25.3ms
INF 2026-08-04T20:22:30.475Z > 200 GET /api/v1/ 197.03ms
INF 2026-08-04T20:22:30.476Z > 200 GET /api/v1/ 29.89ms
INF 2026-08-04T20:22:30.476Z > 200 GET /api/v1/ 30.63ms
INF 2026-08-04T20:22:30.476Z > 200 GET /api/v1/ 30.03ms
INF 2026-08-04T20:22:30.477Z > 200 GET /api/v1/ 242.28ms
INF 2026-08-04T20:22:30.478Z > 200 GET /api/v1/ 260.01ms
INF 2026-08-04T20:22:30.478Z > 200 GET /api/v1/ 259.64ms
INF 2026-08-04T20:22:30.479Z > 200 GET /api/v1/ 210.25ms
INF 2026-08-04T20:22:30.482Z > 200 GET /api/v1/ 25.97ms
INF 2026-08-04T20:22:30.491Z > 200 GET /api/v1/ 273.83ms
INF 2026-08-04T20:22:30.492Z > 200 GET /api/v1/ 236.11ms
INF 2026-08-04T20:22:30.493Z > 200 GET /api/v1/ 275.47ms
INF 2026-08-04T20:22:30.493Z > 200 GET /api/v1/ 28.21ms
INF 2026-08-04T20:22:30.495Z > 200 GET /api/v1/ 262.7ms
INF 2026-08-04T20:22:30.497Z > 200 GET /api/v1/ 27.09ms
INF 2026-08-04T20:22:30.500Z > 200 GET /api/v1/ 281.99ms
INF 2026-08-04T20:22:30.501Z > 200 GET /api/v1/ 34.4ms
INF 2026-08-04T20:22:30.502Z > 200 GET /api/v1/ 237.46ms
INF 2026-08-04T20:22:30.504Z > 200 GET /api/v1/ 33.17ms
INF 2026-08-04T20:22:30.504Z > 200 GET /api/v1/ 28.0ms
INF 2026-08-04T20:22:30.504Z > 200 GET /api/v1/ 27.08ms
INF 2026-08-04T20:22:30.505Z > 200 GET /api/v1/ 26.56ms
INF 2026-08-04T20:22:30.506Z > 200 GET /api/v1/ 209.8ms
INF 2026-08-04T20:22:30.509Z > 200 GET /api/v1/ 212.64ms
INF 2026-08-04T20:22:30.513Z > 200 GET /api/v1/ 301.79ms
INF 2026-08-04T20:22:30.515Z > 200 GET /api/v1/ 36.23ms
INF 2026-08-04T20:22:30.519Z > 200 GET /api/v1/ 23.57ms
INF 2026-08-04T20:22:30.520Z > 200 GET /api/v1/ 26.66ms
INF 2026-08-04T20:22:30.522Z > 200 GET /api/v1/ 225.5ms
INF 2026-08-04T20:22:30.523Z > 200 GET /api/v1/ 20.69ms
INF 2026-08-04T20:22:30.523Z > 200 GET /api/v1/ 25.12ms
INF 2026-08-04T20:22:30.523Z > 200 GET /api/v1/ 18.56ms
INF 2026-08-04T20:22:30.524Z > 200 GET /api/v1/ 23.84ms
INF 2026-08-04T20:22:30.525Z > 200 GET /api/v1/ 19.87ms
INF 2026-08-04T20:22:30.529Z > 200 GET /api/v1/ 20.32ms
INF 2026-08-04T20:22:30.531Z > 200 GET /api/v1/ 234.83ms
INF 2026-08-04T20:22:30.531Z > 200 GET /api/v1/ 25.33ms
INF 2026-08-04T20:22:30.533Z > 200 GET /api/v1/ 20.46ms
INF 2026-08-04T20:22:30.534Z > 200 GET /api/v1/ 237.54ms
INF 2026-08-04T20:22:30.534Z > 200 GET /api/v1/ 249.84ms
INF 2026-08-04T20:22:30.534Z > 200 GET /api/v1/ 230.98ms
INF 2026-08-04T20:22:30.534Z > 200 GET /api/v1/ 18.96ms
INF 2026-08-04T20:22:30.535Z > 200 GET /api/v1/ 238.72ms
INF 2026-08-04T20:22:30.535Z > 200 GET /api/v1/ 225.34ms
INF 2026-08-04T20:22:30.538Z > 200 GET /api/v1/ 17.89ms
INF 2026-08-04T20:22:30.540Z > 200 GET /api/v1/ 17.34ms
INF 2026-08-04T20:22:30.541Z > 200 GET /api/v1/ 18.49ms
INF 2026-08-04T20:22:30.543Z > 200 GET /api/v1/ 232.46ms
INF 2026-08-04T20:22:30.546Z > 200 GET /api/v1/ 12.65ms
INF 2026-08-04T20:22:30.546Z > 200 GET /api/v1/ 12.21ms
INF 2026-08-04T20:22:30.546Z > 200 GET /api/v1/ 12.16ms
INF 2026-08-04T20:22:30.547Z > 200 GET /api/v1/ 17.72ms
INF 2026-08-04T20:22:30.548Z > 200 GET /api/v1/ 13.07ms
INF 2026-08-04T20:22:30.549Z > 200 GET /api/v1/ 17.62ms
INF 2026-08-04T20:22:30.551Z > 200 GET /api/v1/ 224.12ms
INF 2026-08-04T20:22:30.559Z > 200 GET /api/v1/ 229.44ms
INF 2026-08-04T20:22:30.560Z > 200 GET /api/v1/ 19.72ms
INF 2026-08-04T20:22:30.560Z > 200 GET /api/v1/ 17.2ms
INF 2026-08-04T20:22:30.561Z > 200 GET /api/v1/ 246.74ms
INF 2026-08-04T20:22:30.566Z > 200 GET /api/v1/ 19.65ms
INF 2026-08-04T20:22:30.566Z > 200 GET /api/v1/ 20.06ms
INF 2026-08-04T20:22:30.568Z > 200 GET /api/v1/ 21.07ms
INF 2026-08-04T20:22:30.575Z > 200 GET /api/v1/ 26.83ms
INF 2026-08-04T20:22:30.576Z > 200 GET /api/v1/ 15.29ms
INF 2026-08-04T20:22:30.576Z > 200 GET /api/v1/ 143.95ms
INF 2026-08-04T20:22:30.576Z > 200 GET /api/v1/ 141.42ms
INF 2026-08-04T20:22:30.578Z > 200 GET /api/v1/ 17.12ms
INF 2026-08-04T20:22:30.585Z > 200 GET /api/v1/ 18.17ms
INF 2026-08-04T20:22:30.586Z > 200 GET /api/v1/ 248.49ms
INF 2026-08-04T20:22:30.587Z > 200 GET /api/v1/ 257.27ms
INF 2026-08-04T20:22:30.588Z > 200 GET /api/v1/ 243.12ms
INF 2026-08-04T20:22:30.588Z > 200 GET /api/v1/ 19.93ms
INF 2026-08-04T20:22:30.590Z > 200 GET /api/v1/ 153.85ms
INF 2026-08-04T20:22:30.590Z > 200 GET /api/v1/ 173.58ms
INF 2026-08-04T20:22:30.591Z > 200 GET /api/v1/ 282.27ms
INF 2026-08-04T20:22:30.591Z > 200 GET /api/v1/ 260.6ms
INF 2026-08-04T20:22:30.592Z > 200 GET /api/v1/ 245.76ms
INF 2026-08-04T20:22:30.593Z > 200 GET /api/v1/ 261.8ms
INF 2026-08-04T20:22:30.596Z > 200 GET /api/v1/ 260.3ms
INF 2026-08-04T20:22:30.598Z > 200 GET /api/v1/ 21.32ms
INF 2026-08-04T20:22:30.600Z > 200 GET /api/v1/ 21.86ms
INF 2026-08-04T20:22:30.600Z > 200 GET /api/v1/ 253.29ms
INF 2026-08-04T20:22:30.601Z > 200 GET /api/v1/ 24.64ms
INF 2026-08-04T20:22:30.601Z > 200 GET /api/v1/ 253.3ms
INF 2026-08-04T20:22:30.605Z > 200 GET /api/v1/ 17.14ms
INF 2026-08-04T20:22:30.606Z > 200 GET /api/v1/ 257.35ms
INF 2026-08-04T20:22:30.609Z > 200 GET /api/v1/ 12.66ms
INF 2026-08-04T20:22:30.610Z > 200 GET /api/v1/ 20.08ms
INF 2026-08-04T20:22:30.611Z > 200 GET /api/v1/ 13.04ms
INF 2026-08-04T20:22:30.611Z > 200 GET /api/v1/ 20.03ms
INF 2026-08-04T20:22:30.612Z > 200 GET /api/v1/ 11.06ms
INF 2026-08-04T20:22:30.612Z > 200 GET /api/v1/ 253.48ms
INF 2026-08-04T20:22:30.613Z > 200 GET /api/v1/ 7.25ms
INF 2026-08-04T20:22:30.613Z > 200 GET /api/v1/ 6.98ms
INF 2026-08-04T20:22:30.614Z > 200 GET /api/v1/ 254.82ms
INF 2026-08-04T20:22:30.614Z > 200 GET /api/v1/ 254.68ms
INF 2026-08-04T20:22:30.618Z > 200 GET /api/v1/ 3.93ms
INF 2026-08-04T20:22:30.618Z > 200 GET /api/v1/ 3.78ms
INF 2026-08-04T20:22:30.619Z > 200 GET /api/v1/ 5.51ms
INF 2026-08-04T20:22:30.619Z > 200 GET /api/v1/ 6.03ms
INF 2026-08-04T20:22:30.627Z > 200 GET /api/v1/ 267.66ms
INF 2026-08-04T20:22:30.628Z > 200 GET /api/v1/ 263.77ms
INF 2026-08-04T20:22:30.633Z > 200 GET /api/v1/ 14.79ms
INF 2026-08-04T20:22:30.634Z > 200 GET /api/v1/ 265.0ms
INF 2026-08-04T20:22:30.635Z > 200 GET /api/v1/ 263.87ms
INF 2026-08-04T20:22:30.636Z > 200 GET /api/v1/ 258.62ms
INF 2026-08-04T20:22:30.637Z > 200 GET /api/v1/ 259.46ms
INF 2026-08-04T20:22:30.637Z > 200 GET /api/v1/ 18.24ms
INF 2026-08-04T20:22:30.638Z > 200 GET /api/v1/ 255.88ms
INF 2026-08-04T20:22:30.638Z > 200 GET /api/v1/ 252.78ms
INF 2026-08-04T20:22:30.638Z > 200 GET /api/v1/ 260.19ms
INF 2026-08-04T20:22:30.639Z > 200 GET /api/v1/ 260.66ms
INF 2026-08-04T20:22:30.639Z > 200 GET /api/v1/ 246.83ms
INF 2026-08-04T20:22:30.639Z > 200 GET /api/v1/ 267.44ms
INF 2026-08-04T20:22:30.640Z > 200 GET /api/v1/ 257.37ms
INF 2026-08-04T20:22:30.640Z > 200 GET /api/v1/ 258.77ms
INF 2026-08-04T20:22:30.640Z > 200 GET /api/v1/ 254.95ms
INF 2026-08-04T20:22:30.643Z > 200 GET /api/v1/ 6.32ms
INF 2026-08-04T20:22:30.645Z > 200 GET /api/v1/ 258.89ms
INF 2026-08-04T20:22:30.647Z > 200 GET /api/v1/ 250.61ms
INF 2026-08-04T20:22:30.648Z > 200 GET /api/v1/ 258.76ms
INF 2026-08-04T20:22:30.648Z > 200 GET /api/v1/ 262.63ms
INF 2026-08-04T20:22:30.649Z > 200 GET /api/v1/ 8.68ms
INF 2026-08-04T20:22:30.649Z > 200 GET /api/v1/ 10.89ms
INF 2026-08-04T20:22:30.649Z > 200 GET /api/v1/ 253.8ms
INF 2026-08-04T20:22:30.650Z > 200 GET /api/v1/ 11.17ms
INF 2026-08-04T20:22:30.651Z > 200 GET /api/v1/ 246.88ms
INF 2026-08-04T20:22:30.651Z > 200 GET /api/v1/ 255.54ms
INF 2026-08-04T20:22:30.652Z > 200 GET /api/v1/ 259.41ms
INF 2026-08-04T20:22:30.653Z > 200 GET /api/v1/ 3.92ms
INF 2026-08-04T20:22:30.653Z > 200 GET /api/v1/ 265.89ms
INF 2026-08-04T20:22:30.653Z > 200 GET /api/v1/ 264.44ms
INF 2026-08-04T20:22:30.654Z > 200 GET /api/v1/ 253.03ms
INF 2026-08-04T20:22:30.655Z > 200 GET /api/v1/ 240.82ms
INF 2026-08-04T20:22:30.657Z > 200 GET /api/v1/ 239.69ms
INF 2026-08-04T20:22:30.657Z > 200 GET /api/v1/ 226.69ms
INF 2026-08-04T20:22:30.657Z > 200 GET /api/v1/ 261.4ms
INF 2026-08-04T20:22:30.658Z > 200 GET /api/v1/ 223.48ms
INF 2026-08-04T20:22:30.667Z > 200 GET /api/v1/ 273.47ms
INF 2026-08-04T20:22:30.667Z > 200 GET /api/v1/ 273.38ms
INF 2026-08-04T20:22:30.668Z > 200 GET /api/v1/ 225.06ms
INF 2026-08-04T20:22:30.668Z > 200 GET /api/v1/ 272.11ms
INF 2026-08-04T20:22:30.668Z > 200 GET /api/v1/ 265.81ms
INF 2026-08-04T20:22:30.668Z > 200 GET /api/v1/ 264.4ms
INF 2026-08-04T20:22:30.671Z > 200 GET /api/v1/ 230.66ms
INF 2026-08-04T20:22:30.671Z > 200 GET /api/v1/ 285.72ms
INF 2026-08-04T20:22:30.687Z > 200 GET /api/v1/ 33.28ms
INF 2026-08-04T20:22:30.688Z > 200 GET /api/v1/ 251.34ms
INF 2026-08-04T20:22:30.695Z > 200 GET /api/v1/ 248.82ms
INF 2026-08-04T20:22:30.708Z > 200 GET /api/v1/ 39.61ms
INF 2026-08-04T20:22:30.715Z > 200 GET /api/v1/ 47.32ms
INF 2026-08-04T20:22:30.718Z > 200 GET /api/v1/ 49.91ms
INF 2026-08-04T20:22:30.719Z > 200 GET /api/v1/ 237.04ms
INF 2026-08-04T20:22:30.719Z > 200 GET /api/v1/ 31.74ms
INF 2026-08-04T20:22:30.721Z > 200 GET /api/v1/ 251.07ms
INF 2026-08-04T20:22:30.722Z > 200 GET /api/v1/ 51.26ms
INF 2026-08-04T20:22:30.724Z > 200 GET /api/v1/ 246.67ms
INF 2026-08-04T20:22:30.727Z > 200 GET /api/v1/ 31.72ms
INF 2026-08-04T20:22:30.728Z > 200 GET /api/v1/ 277.41ms
INF 2026-08-04T20:22:30.729Z > 200 GET /api/v1/ 235.76ms
INF 2026-08-04T20:22:30.729Z > 200 GET /api/v1/ 236.46ms
INF 2026-08-04T20:22:30.731Z > 200 GET /api/v1/ 270.22ms
INF 2026-08-04T20:22:30.731Z > 200 GET /api/v1/ 262.36ms
INF 2026-08-04T20:22:30.734Z > 200 GET /api/v1/ 261.49ms
INF 2026-08-04T20:22:30.734Z > 200 GET /api/v1/ 260.29ms
INF 2026-08-04T20:22:30.734Z > 200 GET /api/v1/ 286.37ms
INF 2026-08-04T20:22:30.738Z > 200 GET /api/v1/ 29.83ms
INF 2026-08-04T20:22:30.738Z > 200 GET /api/v1/ 262.08ms
INF 2026-08-04T20:22:30.739Z > 200 GET /api/v1/ 20.63ms
INF 2026-08-04T20:22:30.740Z > 200 GET /api/v1/ 284.23ms
INF 2026-08-04T20:22:30.740Z > 200 GET /api/v1/ 19.35ms
INF 2026-08-04T20:22:30.744Z > 200 GET /api/v1/ 267.58ms
INF 2026-08-04T20:22:30.746Z > 200 GET /api/v1/ 16.12ms
INF 2026-08-04T20:22:30.746Z > 200 GET /api/v1/ 21.91ms
INF 2026-08-04T20:22:30.747Z > 200 GET /api/v1/ 15.32ms
INF 2026-08-04T20:22:30.748Z > 200 GET /api/v1/ 13.68ms
INF 2026-08-04T20:22:30.748Z > 200 GET /api/v1/ 19.27ms
INF 2026-08-04T20:22:30.749Z > 200 GET /api/v1/ 14.45ms
INF 2026-08-04T20:22:30.749Z > 200 GET /api/v1/ 255.56ms
INF 2026-08-04T20:22:30.750Z > 200 GET /api/v1/ 274.18ms
INF 2026-08-04T20:22:30.751Z > 200 GET /api/v1/ 12.29ms
INF 2026-08-04T20:22:30.753Z > 200 GET /api/v1/ 12.32ms
INF 2026-08-04T20:22:30.755Z > 200 GET /api/v1/ 5.52ms
INF 2026-08-04T20:22:30.755Z > 200 GET /api/v1/ 7.05ms
INF 2026-08-04T20:22:30.755Z > 200 GET /api/v1/ 8.3ms
INF 2026-08-04T20:22:30.764Z > 200 GET /api/v1/ 13.49ms
INF 2026-08-04T20:22:30.778Z > 200 GET /api/v1/ 23.09ms
INF 2026-08-04T20:22:30.779Z > 200 GET /api/v1/ 24.22ms
INF 2026-08-04T20:22:30.788Z > 200 GET /api/v1/ 283.5ms
INF 2026-08-04T20:22:30.789Z > 200 GET /api/v1/ 267.23ms
INF 2026-08-04T20:22:30.797Z > 200 GET /api/v1/ 295.9ms
INF 2026-08-04T20:22:30.797Z > 200 GET /api/v1/ 18.44ms
INF 2026-08-04T20:22:30.801Z > 200 GET /api/v1/ 276.3ms
INF 2026-08-04T20:22:30.802Z > 200 GET /api/v1/ 278.47ms
INF 2026-08-04T20:22:30.802Z > 200 GET /api/v1/ 283.0ms
INF 2026-08-04T20:22:30.812Z > 200 GET /api/v1/ 287.74ms
INF 2026-08-04T20:22:30.813Z > 200 GET /api/v1/ 308.38ms
INF 2026-08-04T20:22:30.813Z > 200 GET /api/v1/ 23.93ms
INF 2026-08-04T20:22:30.813Z > 200 GET /api/v1/ 25.31ms
INF 2026-08-04T20:22:30.814Z > 200 GET /api/v1/ 278.79ms
INF 2026-08-04T20:22:30.814Z > 200 GET /api/v1/ 282.98ms
INF 2026-08-04T20:22:30.816Z > 200 GET /api/v1/ 281.17ms
INF 2026-08-04T20:22:30.817Z > 200 GET /api/v1/ 283.31ms
INF 2026-08-04T20:22:30.823Z > 200 GET /api/v1/ 20.68ms
INF 2026-08-04T20:22:30.824Z > 200 GET /api/v1/ 285.93ms
INF 2026-08-04T20:22:30.826Z > 200 GET /api/v1/ 279.22ms
INF 2026-08-04T20:22:30.834Z > 200 GET /api/v1/ 20.19ms
INF 2026-08-04T20:22:30.835Z > 200 GET /api/v1/ 293.0ms
INF 2026-08-04T20:22:30.835Z > 200 GET /api/v1/ 19.09ms
INF 2026-08-04T20:22:30.836Z > 200 GET /api/v1/ 21.09ms
INF 2026-08-04T20:22:30.836Z > 200 GET /api/v1/ 18.57ms
INF 2026-08-04T20:22:30.837Z > 200 GET /api/v1/ 23.11ms
INF 2026-08-04T20:22:30.838Z > 200 GET /api/v1/ 12.24ms
INF 2026-08-04T20:22:30.838Z > 200 GET /api/v1/ 289.42ms
INF 2026-08-04T20:22:30.839Z > 200 GET /api/v1/ 14.91ms
INF 2026-08-04T20:22:30.844Z > 200 GET /api/v1/ 283.79ms
INF 2026-08-04T20:22:30.844Z > 200 GET /api/v1/ 8.78ms
INF 2026-08-04T20:22:30.844Z > 200 GET /api/v1/ 285.12ms
INF 2026-08-04T20:22:30.844Z > 200 GET /api/v1/ 8.56ms
INF 2026-08-04T20:22:30.845Z > 200 GET /api/v1/ 7.8ms
INF 2026-08-04T20:22:30.846Z > 200 GET /api/v1/ 7.08ms
INF 2026-08-04T20:22:30.850Z > 200 GET /api/v1/ 5.61ms
INF 2026-08-04T20:22:30.851Z > 200 GET /api/v1/ 6.22ms
INF 2026-08-04T20:22:30.851Z > 200 GET /api/v1/ 4.58ms
INF 2026-08-04T20:22:30.853Z > 200 GET /api/v1/ 3.58ms
INF 2026-08-04T20:22:30.854Z > 200 GET /api/v1/ 293.58ms
INF 2026-08-04T20:22:30.855Z > 200 GET /api/v1/ 3.56ms
INF 2026-08-04T20:22:30.858Z > 200 GET /api/v1/ 3.22ms
INF 2026-08-04T20:22:30.871Z > 200 GET /api/v1/ 304.52ms
INF 2026-08-04T20:22:30.873Z > 200 GET /api/v1/ 297.81ms
INF 2026-08-04T20:22:30.878Z > 200 GET /api/v1/ 18.95ms
INF 2026-08-04T20:22:30.882Z > 200 GET /api/v1/ 295.9ms
INF 2026-08-04T20:22:30.882Z > 200 GET /api/v1/ 297.4ms
INF 2026-08-04T20:22:30.883Z > 200 GET /api/v1/ 306.65ms
INF 2026-08-04T20:22:30.884Z > 200 GET /api/v1/ 293.72ms
INF 2026-08-04T20:22:30.885Z > 200 GET /api/v1/ 293.62ms
INF 2026-08-04T20:22:30.886Z > 200 GET /api/v1/ 293.85ms
INF 2026-08-04T20:22:30.887Z > 200 GET /api/v1/ 286.78ms
INF 2026-08-04T20:22:30.887Z > 200 GET /api/v1/ 299.86ms
INF 2026-08-04T20:22:30.888Z > 200 GET /api/v1/ 299.7ms
INF 2026-08-04T20:22:30.889Z > 200 GET /api/v1/ 295.44ms
INF 2026-08-04T20:22:30.890Z > 200 GET /api/v1/ 289.29ms
INF 2026-08-04T20:22:30.890Z > 200 GET /api/v1/ 288.87ms
INF 2026-08-04T20:22:30.890Z > 200 GET /api/v1/ 271.2ms
INF 2026-08-04T20:22:30.897Z > 200 GET /api/v1/ 268.11ms
INF 2026-08-04T20:22:30.898Z > 200 GET /api/v1/ 285.18ms
INF 2026-08-04T20:22:30.898Z > 200 GET /api/v1/ 7.67ms
INF 2026-08-04T20:22:30.898Z > 200 GET /api/v1/ 8.27ms
INF 2026-08-04T20:22:30.899Z > 200 GET /api/v1/ 286.79ms
INF 2026-08-04T20:22:30.899Z > 200 GET /api/v1/ 280.52ms
INF 2026-08-04T20:22:30.902Z > 200 GET /api/v1/ 268.91ms
INF 2026-08-04T20:22:30.905Z > 200 GET /api/v1/ 266.7ms
INF 2026-08-04T20:22:30.905Z > 200 GET /api/v1/ 267.99ms
INF 2026-08-04T20:22:30.906Z > 200 GET /api/v1/ 266.18ms
INF 2026-08-04T20:22:30.906Z > 200 GET /api/v1/ 269.03ms
INF 2026-08-04T20:22:30.922Z > 200 GET /api/v1/ 22.98ms
INF 2026-08-04T20:22:30.930Z > 200 GET /api/v1/ 316.83ms
INF 2026-08-04T20:22:30.933Z > 200 GET /api/v1/ 294.8ms
INF 2026-08-04T20:22:30.936Z > 200 GET /api/v1/ 287.65ms
INF 2026-08-04T20:22:30.937Z > 200 GET /api/v1/ 324.95ms
INF 2026-08-04T20:22:30.940Z > 200 GET /api/v1/ 328.65ms
INF 2026-08-04T20:22:30.947Z > 200 GET /api/v1/ 318.7ms
INF 2026-08-04T20:22:30.959Z > 200 GET /api/v1/ 319.81ms
INF 2026-08-04T20:22:30.959Z > 200 GET /api/v1/ 313.05ms
INF 2026-08-04T20:22:30.960Z > 200 GET /api/v1/ 312.51ms
INF 2026-08-04T20:22:30.961Z > 200 GET /api/v1/ 312.88ms
INF 2026-08-04T20:22:30.961Z > 200 GET /api/v1/ 316.61ms
INF 2026-08-04T20:22:30.961Z > 200 GET /api/v1/ 325.29ms
INF 2026-08-04T20:22:30.961Z > 200 GET /api/v1/ 310.37ms
INF 2026-08-04T20:22:30.961Z > 200 GET /api/v1/ 352.4ms
INF 2026-08-04T20:22:30.962Z > 200 GET /api/v1/ 321.56ms
INF 2026-08-04T20:22:30.962Z > 200 GET /api/v1/ 327.77ms
INF 2026-08-04T20:22:30.963Z > 200 GET /api/v1/ 310.76ms
INF 2026-08-04T20:22:30.963Z > 200 GET /api/v1/ 309.32ms
INF 2026-08-04T20:22:30.963Z > 200 GET /api/v1/ 312.53ms
INF 2026-08-04T20:22:30.971Z > 200 GET /api/v1/ 317.6ms
INF 2026-08-04T20:22:30.972Z > 200 GET /api/v1/ 320.4ms
INF 2026-08-04T20:22:30.974Z > 200 GET /api/v1/ 37.32ms
INF 2026-08-04T20:22:30.978Z > 200 GET /api/v1/ 328.63ms
INF 2026-08-04T20:22:30.984Z > 200 GET /api/v1/ 22.65ms
INF 2026-08-04T20:22:30.984Z > 200 GET /api/v1/ 326.05ms
INF 2026-08-04T20:22:30.984Z > 200 GET /api/v1/ 22.83ms
INF 2026-08-04T20:22:30.984Z > 200 GET /api/v1/ 22.69ms
INF 2026-08-04T20:22:30.985Z > 200 GET /api/v1/ 22.41ms
INF 2026-08-04T20:22:30.985Z > 200 GET /api/v1/ 334.9ms
INF 2026-08-04T20:22:30.985Z > 200 GET /api/v1/ 37.74ms
INF 2026-08-04T20:22:30.985Z > 200 GET /api/v1/ 21.89ms
INF 2026-08-04T20:22:30.986Z > 200 GET /api/v1/ 327.81ms
INF 2026-08-04T20:22:30.987Z > 200 GET /api/v1/ 24.18ms
INF 2026-08-04T20:22:30.988Z > 200 GET /api/v1/ 332.7ms
INF 2026-08-04T20:22:30.989Z > 200 GET /api/v1/ 330.65ms
INF 2026-08-04T20:22:30.989Z > 200 GET /api/v1/ 322.75ms
INF 2026-08-04T20:22:30.990Z > 200 GET /api/v1/ 18.07ms
INF 2026-08-04T20:22:30.994Z > 200 GET /api/v1/ 9.78ms
INF 2026-08-04T20:22:30.995Z > 200 GET /api/v1/ 9.66ms
INF 2026-08-04T20:22:30.996Z > 200 GET /api/v1/ 8.62ms
INF 2026-08-04T20:22:30.996Z > 200 GET /api/v1/ 7.2ms
INF 2026-08-04T20:22:30.996Z > 200 GET /api/v1/ 7.76ms
INF 2026-08-04T20:22:30.996Z > 200 GET /api/v1/ 7.12ms
INF 2026-08-04T20:22:30.998Z > 200 GET /api/v1/ 8.82ms
INF 2026-08-04T20:22:31.001Z > 200 GET /api/v1/ 4.96ms
INF 2026-08-04T20:22:31.001Z > 200 GET /api/v1/ 5.36ms
INF 2026-08-04T20:22:31.003Z > 200 GET /api/v1/ 6.83ms
INF 2026-08-04T20:22:31.003Z > 200 GET /api/v1/ 4.69ms
INF 2026-08-04T20:22:31.005Z > 200 GET /api/v1/ 99.19ms
INF 2026-08-04T20:22:31.005Z > 200 GET /api/v1/ 364.14ms
INF 2026-08-04T20:22:31.006Z > 200 GET /api/v1/ 100.76ms
INF 2026-08-04T20:22:31.007Z > 200 GET /api/v1/ 100.72ms
INF 2026-08-04T20:22:31.007Z > 200 GET /api/v1/ 352.82ms
INF 2026-08-04T20:22:31.009Z > 200 GET /api/v1/ 87.52ms
INF 2026-08-04T20:22:31.010Z > 200 GET /api/v1/ 5.54ms
INF 2026-08-04T20:22:31.010Z > 200 GET /api/v1/ 70.47ms
INF 2026-08-04T20:22:31.011Z > 200 GET /api/v1/ 77.37ms
INF 2026-08-04T20:22:31.014Z > 200 GET /api/v1/ 6.73ms
INF 2026-08-04T20:22:31.023Z > 200 GET /api/v1/ 13.21ms
INF 2026-08-04T20:22:31.048Z > 200 GET /api/v1/ 332.68ms
INF 2026-08-04T20:22:31.048Z > 200 GET /api/v1/ 379.44ms
INF 2026-08-04T20:22:31.050Z > 200 GET /api/v1/ 327.54ms
INF 2026-08-04T20:22:31.050Z > 200 GET /api/v1/ 362.15ms
INF 2026-08-04T20:22:31.050Z > 200 GET /api/v1/ 330.64ms
INF 2026-08-04T20:22:31.051Z > 200 GET /api/v1/ 331.58ms
INF 2026-08-04T20:22:31.052Z > 200 GET /api/v1/ 383.91ms
INF 2026-08-04T20:22:31.053Z > 200 GET /api/v1/ 325.77ms
INF 2026-08-04T20:22:31.053Z > 200 GET /api/v1/ 42.65ms
INF 2026-08-04T20:22:31.057Z > 200 GET /api/v1/ 328.76ms
INF 2026-08-04T20:22:31.059Z > 200 GET /api/v1/ 7.32ms
INF 2026-08-04T20:22:31.060Z > 200 GET /api/v1/ 326.42ms
INF 2026-08-04T20:22:31.061Z > 200 GET /api/v1/ 329.31ms
INF 2026-08-04T20:22:31.062Z > 200 GET /api/v1/ 394.32ms
INF 2026-08-04T20:22:31.062Z > 200 GET /api/v1/ 323.18ms
INF 2026-08-04T20:22:31.065Z > 200 GET /api/v1/ 321.22ms
INF 2026-08-04T20:22:31.067Z > 200 GET /api/v1/ 328.72ms
INF 2026-08-04T20:22:31.067Z > 200 GET /api/v1/ 327.05ms
INF 2026-08-04T20:22:31.070Z > 200 GET /api/v1/ 321.76ms
INF 2026-08-04T20:22:31.071Z > 200 GET /api/v1/ 324.8ms
INF 2026-08-04T20:22:31.071Z > 200 GET /api/v1/ 20.18ms
INF 2026-08-04T20:22:31.071Z > 200 GET /api/v1/ 316.09ms
INF 2026-08-04T20:22:31.071Z > 200 GET /api/v1/ 324.61ms
INF 2026-08-04T20:22:31.073Z > 200 GET /api/v1/ 401.66ms
INF 2026-08-04T20:22:31.074Z > 200 GET /api/v1/ 325.15ms
INF 2026-08-04T20:22:31.075Z > 200 GET /api/v1/ 324.49ms
INF 2026-08-04T20:22:31.076Z > 200 GET /api/v1/ 274.41ms
INF 2026-08-04T20:22:31.076Z > 200 GET /api/v1/ 323.57ms
INF 2026-08-04T20:22:31.077Z > 200 GET /api/v1/ 297.54ms
INF 2026-08-04T20:22:31.078Z > 200 GET /api/v1/ 313.51ms
INF 2026-08-04T20:22:31.078Z > 200 GET /api/v1/ 255.78ms
INF 2026-08-04T20:22:31.079Z > 200 GET /api/v1/ 266.01ms
INF 2026-08-04T20:22:31.079Z > 200 GET /api/v1/ 7.63ms
INF 2026-08-04T20:22:31.080Z > 200 GET /api/v1/ 283.08ms
INF 2026-08-04T20:22:31.080Z > 200 GET /api/v1/ 283.42ms
INF 2026-08-04T20:22:31.081Z > 200 GET /api/v1/ 278.63ms
INF 2026-08-04T20:22:31.081Z > 200 GET /api/v1/ 268.28ms
INF 2026-08-04T20:22:31.082Z > 200 GET /api/v1/ 246.73ms
INF 2026-08-04T20:22:31.082Z > 200 GET /api/v1/ 268.31ms
INF 2026-08-04T20:22:31.082Z > 200 GET /api/v1/ 59.53ms
INF 2026-08-04T20:22:31.091Z > 200 GET /api/v1/ 14.04ms
INF 2026-08-04T20:22:31.096Z > 200 GET /api/v1/ 261.14ms
INF 2026-08-04T20:22:31.096Z > 200 GET /api/v1/ 259.5ms
INF 2026-08-04T20:22:31.103Z > 200 GET /api/v1/ 264.51ms
INF 2026-08-04T20:22:31.121Z > 200 GET /api/v1/ 275.93ms
INF 2026-08-04T20:22:31.130Z > 200 GET /api/v1/ 245.81ms
INF 2026-08-04T20:22:31.137Z > 200 GET /api/v1/ 34.31ms
INF 2026-08-04T20:22:31.139Z > 200 GET /api/v1/ 295.09ms
INF 2026-08-04T20:22:31.141Z > 200 GET /api/v1/ 286.25ms
INF 2026-08-04T20:22:31.149Z > 200 GET /api/v1/ 310.29ms
INF 2026-08-04T20:22:31.150Z > 200 GET /api/v1/ 262.05ms
INF 2026-08-04T20:22:31.154Z > 200 GET /api/v1/ 268.13ms
INF 2026-08-04T20:22:31.159Z > 200 GET /api/v1/ 286.51ms
INF 2026-08-04T20:22:31.162Z > 200 GET /api/v1/ 283.98ms
INF 2026-08-04T20:22:31.163Z > 200 GET /api/v1/ 274.34ms
INF 2026-08-04T20:22:31.163Z > 200 GET /api/v1/ 278.43ms
INF 2026-08-04T20:22:31.168Z > 200 GET /api/v1/ 268.78ms
INF 2026-08-04T20:22:31.168Z > 200 GET /api/v1/ 282.72ms
INF 2026-08-04T20:22:31.172Z > 200 GET /api/v1/ 328.3ms
INF 2026-08-04T20:22:31.179Z > 200 GET /api/v1/ 280.31ms
INF 2026-08-04T20:22:31.180Z > 200 GET /api/v1/ 42.6ms
INF 2026-08-04T20:22:31.184Z > 200 GET /api/v1/ 43.32ms
INF 2026-08-04T20:22:31.186Z > 200 GET /api/v1/ 302.02ms
INF 2026-08-04T20:22:31.187Z > 200 GET /api/v1/ 295.43ms
INF 2026-08-04T20:22:31.188Z > 200 GET /api/v1/ 38.55ms
INF 2026-08-04T20:22:31.189Z > 200 GET /api/v1/ 289.44ms
INF 2026-08-04T20:22:31.189Z > 200 GET /api/v1/ 38.44ms
INF 2026-08-04T20:22:31.197Z > 200 GET /api/v1/ 308.38ms
INF 2026-08-04T20:22:31.197Z > 200 GET /api/v1/ 346.19ms
INF 2026-08-04T20:22:31.199Z > 200 GET /api/v1/ 118.16ms
INF 2026-08-04T20:22:31.204Z > 200 GET /api/v1/ 330.65ms
INF 2026-08-04T20:22:31.205Z > 200 GET /api/v1/ 305.67ms
INF 2026-08-04T20:22:31.210Z > 200 GET /api/v1/ 279.93ms
INF 2026-08-04T20:22:31.215Z > 200 GET /api/v1/ 17.99ms
INF 2026-08-04T20:22:31.216Z > 200 GET /api/v1/ 332.94ms
INF 2026-08-04T20:22:31.217Z > 200 GET /api/v1/ 17.76ms
INF 2026-08-04T20:22:31.218Z > 200 GET /api/v1/ 364.56ms
INF 2026-08-04T20:22:31.229Z > 200 GET /api/v1/ 24.93ms
INF 2026-08-04T20:22:31.230Z > 200 GET /api/v1/ 24.35ms
INF 2026-08-04T20:22:31.230Z > 200 GET /api/v1/ 330.55ms
INF 2026-08-04T20:22:31.230Z > 200 GET /api/v1/ 324.11ms
INF 2026-08-04T20:22:31.230Z > 200 GET /api/v1/ 68.27ms
INF 2026-08-04T20:22:31.231Z > 200 GET /api/v1/ 76.12ms
INF 2026-08-04T20:22:31.231Z > 200 GET /api/v1/ 67.97ms
INF 2026-08-04T20:22:31.231Z > 200 GET /api/v1/ 72.23ms
INF 2026-08-04T20:22:31.231Z > 200 GET /api/v1/ 329.09ms
INF 2026-08-04T20:22:31.232Z > 200 GET /api/v1/ 271.68ms
INF 2026-08-04T20:22:31.232Z > 200 GET /api/v1/ 21.73ms
INF 2026-08-04T20:22:31.233Z > 200 GET /api/v1/ 296.53ms
INF 2026-08-04T20:22:31.252Z > 200 GET /api/v1/ 291.39ms
INF 2026-08-04T20:22:31.252Z > 200 GET /api/v1/ 34.2ms
INF 2026-08-04T20:22:31.253Z > 200 GET /api/v1/ 20.94ms
INF 2026-08-04T20:22:31.255Z > 200 GET /api/v1/ 22.59ms
INF 2026-08-04T20:22:31.255Z > 200 GET /api/v1/ 21.81ms
INF 2026-08-04T20:22:31.262Z > 200 GET /api/v1/ 300.47ms
INF 2026-08-04T20:22:31.263Z > 200 GET /api/v1/ 298.98ms
INF 2026-08-04T20:22:31.268Z > 200 GET /api/v1/ 294.38ms
INF 2026-08-04T20:22:31.269Z > 200 GET /api/v1/ 16.23ms
INF 2026-08-04T20:22:31.270Z > 200 GET /api/v1/ 307.01ms
INF 2026-08-04T20:22:31.270Z > 200 GET /api/v1/ 297.65ms
INF 2026-08-04T20:22:31.270Z > 200 GET /api/v1/ 18.52ms
INF 2026-08-04T20:22:31.271Z > 200 GET /api/v1/ 309.62ms
INF 2026-08-04T20:22:31.271Z > 200 GET /api/v1/ 17.82ms
INF 2026-08-04T20:22:31.273Z > 200 GET /api/v1/ 17.43ms
INF 2026-08-04T20:22:31.279Z > 200 GET /api/v1/ 16.65ms
INF 2026-08-04T20:22:31.280Z > 200 GET /api/v1/ 302.0ms
INF 2026-08-04T20:22:31.283Z > 200 GET /api/v1/ 298.61ms
INF 2026-08-04T20:22:31.287Z > 200 GET /api/v1/ 16.42ms
INF 2026-08-04T20:22:31.290Z > 200 GET /api/v1/ 17.4ms
INF 2026-08-04T20:22:31.291Z > 200 GET /api/v1/ 122.76ms
INF 2026-08-04T20:22:31.291Z > 200 GET /api/v1/ 19.96ms
INF 2026-08-04T20:22:31.291Z > 200 GET /api/v1/ 306.95ms
INF 2026-08-04T20:22:31.293Z > 200 GET /api/v1/ 13.37ms
INF 2026-08-04T20:22:31.294Z > 200 GET /api/v1/ 11.24ms
INF 2026-08-04T20:22:31.295Z > 200 GET /api/v1/ 310.58ms
INF 2026-08-04T20:22:31.298Z > 200 GET /api/v1/ 312.38ms
INF 2026-08-04T20:22:31.300Z > 200 GET /api/v1/ 5.98ms
INF 2026-08-04T20:22:31.301Z > 200 GET /api/v1/ 315.5ms
INF 2026-08-04T20:22:31.303Z > 200 GET /api/v1/ 7.05ms
INF 2026-08-04T20:22:31.304Z > 200 GET /api/v1/ 302.87ms
INF 2026-08-04T20:22:31.305Z > 200 GET /api/v1/ 308.96ms
INF 2026-08-04T20:22:31.306Z > 200 GET /api/v1/ 304.87ms
INF 2026-08-04T20:22:31.319Z > 200 GET /api/v1/ 315.78ms
INF 2026-08-04T20:22:31.320Z > 200 GET /api/v1/ 323.21ms
INF 2026-08-04T20:22:31.320Z > 200 GET /api/v1/ 316.51ms
INF 2026-08-04T20:22:31.321Z > 200 GET /api/v1/ 136.15ms
INF 2026-08-04T20:22:31.321Z > 200 GET /api/v1/ 430.86ms
INF 2026-08-04T20:22:31.321Z > 200 GET /api/v1/ 336.27ms
INF 2026-08-04T20:22:31.322Z > 200 GET /api/v1/ 317.23ms
INF 2026-08-04T20:22:31.323Z > 200 GET /api/v1/ 135.66ms
INF 2026-08-04T20:22:31.327Z > 200 GET /api/v1/ 316.36ms
INF 2026-08-04T20:22:31.327Z > 200 GET /api/v1/ 332.69ms
INF 2026-08-04T20:22:31.328Z > 200 GET /api/v1/ 316.87ms
INF 2026-08-04T20:22:31.329Z > 200 GET /api/v1/ 141.36ms
INF 2026-08-04T20:22:31.330Z > 200 GET /api/v1/ 141.09ms
INF 2026-08-04T20:22:31.332Z > 200 GET /api/v1/ 318.15ms
INF 2026-08-04T20:22:31.333Z > 200 GET /api/v1/ 325.8ms
INF 2026-08-04T20:22:31.333Z > 200 GET /api/v1/ 348.07ms
INF 2026-08-04T20:22:31.333Z > 200 GET /api/v1/ 372.92ms
INF 2026-08-04T20:22:31.334Z > 200 GET /api/v1/ 102.27ms
INF 2026-08-04T20:22:31.334Z > 200 GET /api/v1/ 285.78ms
INF 2026-08-04T20:22:31.334Z > 200 GET /api/v1/ 327.76ms
INF 2026-08-04T20:22:31.335Z > 200 GET /api/v1/ 286.63ms
INF 2026-08-04T20:22:31.335Z > 200 GET /api/v1/ 284.4ms
INF 2026-08-04T20:22:31.336Z > 200 GET /api/v1/ 285.52ms
INF 2026-08-04T20:22:31.340Z > 200 GET /api/v1/ 289.1ms
INF 2026-08-04T20:22:31.341Z > 200 GET /api/v1/ 19.12ms
INF 2026-08-04T20:22:31.344Z > 200 GET /api/v1/ 290.24ms
INF 2026-08-04T20:22:31.345Z > 200 GET /api/v1/ 269.72ms
INF 2026-08-04T20:22:31.362Z > 200 GET /api/v1/ 290.01ms
INF 2026-08-04T20:22:31.364Z > 200 GET /api/v1/ 292.45ms
INF 2026-08-04T20:22:31.374Z > 200 GET /api/v1/ 29.47ms
INF 2026-08-04T20:22:31.374Z > 200 GET /api/v1/ 39.39ms
INF 2026-08-04T20:22:31.375Z > 200 GET /api/v1/ 34.54ms
INF 2026-08-04T20:22:31.375Z > 200 GET /api/v1/ 303.71ms
INF 2026-08-04T20:22:31.376Z > 200 GET /api/v1/ 34.21ms
INF 2026-08-04T20:22:31.376Z > 200 GET /api/v1/ 30.27ms
INF 2026-08-04T20:22:31.376Z > 200 GET /api/v1/ 313.63ms
INF 2026-08-04T20:22:31.377Z > 200 GET /api/v1/ 311.09ms
INF 2026-08-04T20:22:31.378Z > 200 GET /api/v1/ 316.72ms
INF 2026-08-04T20:22:31.379Z > 200 GET /api/v1/ 43.76ms
INF 2026-08-04T20:22:31.379Z > 200 GET /api/v1/ 300.06ms
INF 2026-08-04T20:22:31.384Z > 200 GET /api/v1/ 316.13ms
INF 2026-08-04T20:22:31.392Z > 200 GET /api/v1/ 316.87ms
INF 2026-08-04T20:22:31.402Z > 200 GET /api/v1/ 322.35ms
INF 2026-08-04T20:22:31.402Z > 200 GET /api/v1/ 330.66ms
INF 2026-08-04T20:22:31.403Z > 200 GET /api/v1/ 38.8ms
INF 2026-08-04T20:22:31.403Z > 200 GET /api/v1/ 335.83ms
INF 2026-08-04T20:22:31.404Z > 200 GET /api/v1/ 326.53ms
INF 2026-08-04T20:22:31.407Z > 200 GET /api/v1/ 353.01ms
INF 2026-08-04T20:22:31.407Z > 200 GET /api/v1/ 73.37ms
INF 2026-08-04T20:22:31.410Z > 200 GET /api/v1/ 329.14ms
INF 2026-08-04T20:22:31.412Z > 200 GET /api/v1/ 37.1ms
INF 2026-08-04T20:22:31.412Z > 200 GET /api/v1/ 37.62ms
INF 2026-08-04T20:22:31.412Z > 200 GET /api/v1/ 37.33ms
INF 2026-08-04T20:22:31.412Z > 200 GET /api/v1/ 316.56ms
INF 2026-08-04T20:22:31.414Z > 200 GET /api/v1/ 77.55ms
INF 2026-08-04T20:22:31.415Z > 200 GET /api/v1/ 38.04ms
INF 2026-08-04T20:22:31.417Z > 200 GET /api/v1/ 37.69ms
INF 2026-08-04T20:22:31.417Z > 200 GET /api/v1/ 39.65ms
INF 2026-08-04T20:22:31.420Z > 200 GET /api/v1/ 86.65ms
INF 2026-08-04T20:22:31.421Z > 200 GET /api/v1/ 44.2ms
INF 2026-08-04T20:22:31.421Z > 200 GET /api/v1/ 341.72ms
INF 2026-08-04T20:22:31.421Z > 200 GET /api/v1/ 45.44ms
INF 2026-08-04T20:22:31.426Z > 200 GET /api/v1/ 41.44ms
INF 2026-08-04T20:22:31.438Z > 200 GET /api/v1/ 376.93ms
INF 2026-08-04T20:22:31.439Z > 200 GET /api/v1/ 364.18ms
INF 2026-08-04T20:22:31.439Z > 200 GET /api/v1/ 361.93ms
INF 2026-08-04T20:22:31.439Z > 200 GET /api/v1/ 47.18ms
INF 2026-08-04T20:22:31.440Z > 200 GET /api/v1/ 349.21ms
INF 2026-08-04T20:22:31.440Z > 200 GET /api/v1/ 349.36ms
INF 2026-08-04T20:22:31.441Z > 200 GET /api/v1/ 344.9ms
INF 2026-08-04T20:22:31.441Z > 200 GET /api/v1/ 381.44ms
INF 2026-08-04T20:22:31.443Z > 200 GET /api/v1/ 362.82ms
INF 2026-08-04T20:22:31.445Z > 200 GET /api/v1/ 367.03ms
INF 2026-08-04T20:22:31.450Z > 200 GET /api/v1/ 30.17ms
INF 2026-08-04T20:22:31.451Z > 200 GET /api/v1/ 329.76ms
INF 2026-08-04T20:22:31.459Z > 200 GET /api/v1/ 377.69ms
INF 2026-08-04T20:22:31.460Z > 200 GET /api/v1/ 370.51ms
INF 2026-08-04T20:22:31.463Z > 200 GET /api/v1/ 294.81ms
INF 2026-08-04T20:22:31.464Z > 200 GET /api/v1/ 406.35ms
INF 2026-08-04T20:22:31.464Z > 200 GET /api/v1/ 334.7ms
INF 2026-08-04T20:22:31.465Z > 200 GET /api/v1/ 302.09ms
INF 2026-08-04T20:22:31.468Z > 200 GET /api/v1/ 17.47ms
INF 2026-08-04T20:22:31.468Z > 200 GET /api/v1/ 9.19ms
INF 2026-08-04T20:22:31.470Z > 200 GET /api/v1/ 290.67ms
INF 2026-08-04T20:22:31.470Z > 200 GET /api/v1/ 9.78ms
INF 2026-08-04T20:22:31.480Z > 200 GET /api/v1/ 15.25ms
INF 2026-08-04T20:22:31.480Z > 200 GET /api/v1/ 59.67ms
INF 2026-08-04T20:22:31.481Z > 200 GET /api/v1/ 73.16ms
INF 2026-08-04T20:22:31.481Z > 200 GET /api/v1/ 65.73ms
INF 2026-08-04T20:22:31.481Z > 200 GET /api/v1/ 390.91ms
INF 2026-08-04T20:22:31.481Z > 200 GET /api/v1/ 67.17ms
INF 2026-08-04T20:22:31.482Z > 200 GET /api/v1/ 69.9ms
INF 2026-08-04T20:22:31.482Z > 200 GET /api/v1/ 69.8ms
INF 2026-08-04T20:22:31.482Z > 200 GET /api/v1/ 61.09ms
INF 2026-08-04T20:22:31.484Z > 200 GET /api/v1/ 303.76ms
INF 2026-08-04T20:22:31.485Z > 200 GET /api/v1/ 16.21ms
INF 2026-08-04T20:22:31.487Z > 200 GET /api/v1/ 47.71ms
INF 2026-08-04T20:22:31.488Z > 200 GET /api/v1/ 8.26ms
INF 2026-08-04T20:22:31.490Z > 200 GET /api/v1/ 272.85ms
INF 2026-08-04T20:22:31.494Z > 200 GET /api/v1/ 278.63ms
INF 2026-08-04T20:22:31.495Z > 200 GET /api/v1/ 77.23ms
INF 2026-08-04T20:22:31.495Z > 200 GET /api/v1/ 432.33ms
INF 2026-08-04T20:22:31.497Z > 200 GET /api/v1/ 311.26ms
INF 2026-08-04T20:22:31.499Z > 200 GET /api/v1/ 266.86ms
INF 2026-08-04T20:22:31.499Z > 200 GET /api/v1/ 302.2ms
INF 2026-08-04T20:22:31.499Z > 200 GET /api/v1/ 267.92ms
INF 2026-08-04T20:22:31.500Z > 200 GET /api/v1/ 268.55ms
INF 2026-08-04T20:22:31.500Z > 200 GET /api/v1/ 311.74ms
INF 2026-08-04T20:22:31.501Z > 200 GET /api/v1/ 269.08ms
INF 2026-08-04T20:22:31.504Z > 200 GET /api/v1/ 272.26ms
INF 2026-08-04T20:22:31.504Z > 200 GET /api/v1/ 271.98ms
INF 2026-08-04T20:22:31.505Z > 200 GET /api/v1/ 272.79ms
INF 2026-08-04T20:22:31.505Z > 200 GET /api/v1/ 250.67ms
INF 2026-08-04T20:22:31.506Z > 200 GET /api/v1/ 274.26ms
INF 2026-08-04T20:22:31.509Z > 200 GET /api/v1/ 240.67ms
INF 2026-08-04T20:22:31.510Z > 200 GET /api/v1/ 9.3ms
INF 2026-08-04T20:22:31.510Z > 200 GET /api/v1/ 239.56ms
INF 2026-08-04T20:22:31.510Z > 200 GET /api/v1/ 247.67ms
INF 2026-08-04T20:22:31.513Z > 200 GET /api/v1/ 8.77ms
INF 2026-08-04T20:22:31.514Z > 200 GET /api/v1/ 244.61ms
INF 2026-08-04T20:22:31.514Z > 200 GET /api/v1/ 242.59ms
INF 2026-08-04T20:22:31.517Z > 200 GET /api/v1/ 246.28ms
INF 2026-08-04T20:22:31.518Z > 200 GET /api/v1/ 7.26ms
INF 2026-08-04T20:22:31.518Z > 200 GET /api/v1/ 231.12ms
INF 2026-08-04T20:22:31.518Z > 200 GET /api/v1/ 239.29ms
INF 2026-08-04T20:22:31.519Z > 200 GET /api/v1/ 8.66ms
INF 2026-08-04T20:22:31.520Z > 200 GET /api/v1/ 227.62ms
INF 2026-08-04T20:22:31.520Z > 200 GET /api/v1/ 225.58ms
INF 2026-08-04T20:22:31.523Z > 200 GET /api/v1/ 219.79ms
INF 2026-08-04T20:22:31.532Z > 200 GET /api/v1/ 239.76ms
INF 2026-08-04T20:22:31.532Z > 200 GET /api/v1/ 240.16ms
INF 2026-08-04T20:22:31.534Z > 200 GET /api/v1/ 94.19ms
INF 2026-08-04T20:22:31.534Z > 200 GET /api/v1/ 394.14ms
INF 2026-08-04T20:22:31.534Z > 200 GET /api/v1/ 317.35ms
INF 2026-08-04T20:22:31.535Z > 200 GET /api/v1/ 230.21ms
INF 2026-08-04T20:22:31.554Z > 200 GET /api/v1/ 261.44ms
INF 2026-08-04T20:22:31.563Z > 200 GET /api/v1/ 43.91ms
INF 2026-08-04T20:22:31.569Z > 200 GET /api/v1/ 36.81ms
INF 2026-08-04T20:22:31.570Z > 200 GET /api/v1/ 248.75ms
INF 2026-08-04T20:22:31.578Z > 200 GET /api/v1/ 167.07ms
INF 2026-08-04T20:22:31.580Z > 200 GET /api/v1/ 167.25ms
INF 2026-08-04T20:22:31.581Z > 200 GET /api/v1/ 259.77ms
INF 2026-08-04T20:22:31.582Z > 200 GET /api/v1/ 275.09ms
INF 2026-08-04T20:22:31.584Z > 200 GET /api/v1/ 261.72ms
INF 2026-08-04T20:22:31.584Z > 200 GET /api/v1/ 261.94ms
INF 2026-08-04T20:22:31.584Z > 200 GET /api/v1/ 260.66ms
INF 2026-08-04T20:22:31.585Z > 200 GET /api/v1/ 256.49ms
INF 2026-08-04T20:22:31.585Z > 200 GET /api/v1/ 256.77ms
INF 2026-08-04T20:22:31.586Z > 200 GET /api/v1/ 257.81ms
INF 2026-08-04T20:22:31.586Z > 200 GET /api/v1/ 284.84ms
INF 2026-08-04T20:22:31.590Z > 200 GET /api/v1/ 149.08ms
INF 2026-08-04T20:22:31.592Z > 200 GET /api/v1/ 213.24ms
INF 2026-08-04T20:22:31.593Z > 200 GET /api/v1/ 188.08ms
INF 2026-08-04T20:22:31.597Z > 200 GET /api/v1/ 7.63ms
INF 2026-08-04T20:22:31.598Z > 200 GET /api/v1/ 263.45ms
INF 2026-08-04T20:22:31.598Z > 200 GET /api/v1/ 190.45ms
INF 2026-08-04T20:22:31.598Z > 200 GET /api/v1/ 264.11ms
INF 2026-08-04T20:22:31.599Z > 200 GET /api/v1/ 7.07ms
INF 2026-08-04T20:22:31.600Z > 200 GET /api/v1/ 224.26ms
INF 2026-08-04T20:22:31.600Z > 200 GET /api/v1/ 7.59ms
INF 2026-08-04T20:22:31.602Z > 200 GET /api/v1/ 4.06ms
INF 2026-08-04T20:22:31.603Z > 200 GET /api/v1/ 3.06ms
INF 2026-08-04T20:22:31.605Z > 200 GET /api/v1/ 230.5ms
INF 2026-08-04T20:22:31.606Z > 200 GET /api/v1/ 200.94ms
INF 2026-08-04T20:22:31.606Z > 200 GET /api/v1/ 3.97ms
INF 2026-08-04T20:22:31.608Z > 200 GET /api/v1/ 274.91ms
INF 2026-08-04T20:22:31.609Z > 200 GET /api/v1/ 3.24ms
INF 2026-08-04T20:22:31.610Z > 200 GET /api/v1/ 287.48ms
INF 2026-08-04T20:22:31.611Z > 200 GET /api/v1/ 279.78ms
INF 2026-08-04T20:22:31.611Z > 200 GET /api/v1/ 310.32ms
INF 2026-08-04T20:22:31.612Z > 200 GET /api/v1/ 290.77ms
INF 2026-08-04T20:22:31.622Z > 200 GET /api/v1/ 323.52ms
INF 2026-08-04T20:22:31.622Z > 200 GET /api/v1/ 316.54ms
INF 2026-08-04T20:22:31.623Z > 200 GET /api/v1/ 218.37ms
INF 2026-08-04T20:22:31.623Z > 200 GET /api/v1/ 41.63ms
INF 2026-08-04T20:22:31.631Z > 200 GET /api/v1/ 46.22ms
INF 2026-08-04T20:22:31.641Z > 200 GET /api/v1/ 9.52ms
INF 2026-08-04T20:22:31.643Z > 200 GET /api/v1/ 221.86ms
INF 2026-08-04T20:22:31.648Z > 200 GET /api/v1/ 230.2ms
INF 2026-08-04T20:22:31.651Z > 200 GET /api/v1/ 213.25ms
INF 2026-08-04T20:22:31.653Z > 200 GET /api/v1/ 227.14ms
INF 2026-08-04T20:22:31.653Z > 200 GET /api/v1/ 213.6ms
INF 2026-08-04T20:22:31.657Z > 200 GET /api/v1/ 218.18ms
INF 2026-08-04T20:22:31.658Z > 200 GET /api/v1/ 15.09ms
INF 2026-08-04T20:22:31.661Z > 200 GET /api/v1/ 19.83ms
INF 2026-08-04T20:22:31.663Z > 200 GET /api/v1/ 14.65ms
INF 2026-08-04T20:22:31.667Z > 200 GET /api/v1/ 223.59ms
INF 2026-08-04T20:22:31.667Z > 200 GET /api/v1/ 15.56ms
INF 2026-08-04T20:22:31.669Z > 200 GET /api/v1/ 16.07ms
INF 2026-08-04T20:22:31.672Z > 200 GET /api/v1/ 13.51ms
INF 2026-08-04T20:22:31.673Z > 200 GET /api/v1/ 16.3ms
INF 2026-08-04T20:22:31.674Z > 200 GET /api/v1/ 223.32ms
INF 2026-08-04T20:22:31.675Z > 200 GET /api/v1/ 229.57ms
INF 2026-08-04T20:22:31.677Z > 200 GET /api/v1/ 10.13ms
INF 2026-08-04T20:22:31.679Z > 200 GET /api/v1/ 214.27ms
INF 2026-08-04T20:22:31.680Z > 200 GET /api/v1/ 10.74ms
INF 2026-08-04T20:22:31.684Z > 200 GET /api/v1/ 220.86ms
INF 2026-08-04T20:22:31.686Z > 200 GET /api/v1/ 11.12ms
INF 2026-08-04T20:22:31.688Z > 200 GET /api/v1/ 10.97ms
INF 2026-08-04T20:22:31.689Z > 200 GET /api/v1/ 10.45ms
INF 2026-08-04T20:22:31.691Z > 200 GET /api/v1/ 10.93ms
INF 2026-08-04T20:22:31.694Z > 200 GET /api/v1/ 225.67ms
INF 2026-08-04T20:22:31.696Z > 200 GET /api/v1/ 334.26ms
INF 2026-08-04T20:22:31.698Z > 200 GET /api/v1/ 525.39ms
INF 2026-08-04T20:22:31.703Z > 200 GET /api/v1/ 168.63ms
INF 2026-08-04T20:22:31.703Z > 200 GET /api/v1/ 298.42ms
INF 2026-08-04T20:22:31.703Z > 200 GET /api/v1/ 123.15ms
INF 2026-08-04T20:22:31.705Z > 200 GET /api/v1/ 369.56ms
INF 2026-08-04T20:22:31.707Z > 200 GET /api/v1/ 224.79ms
INF 2026-08-04T20:22:31.707Z > 200 GET /api/v1/ 372.59ms
INF 2026-08-04T20:22:31.710Z > 200 GET /api/v1/ 380.57ms
INF 2026-08-04T20:22:31.710Z > 200 GET /api/v1/ 126.08ms
INF 2026-08-04T20:22:31.721Z > 200 GET /api/v1/ 150.9ms
INF 2026-08-04T20:22:31.722Z > 200 GET /api/v1/ 38.29ms
INF 2026-08-04T20:22:31.723Z > 200 GET /api/v1/ 318.34ms
INF 2026-08-04T20:22:31.723Z > 200 GET /api/v1/ 111.92ms
INF 2026-08-04T20:22:31.723Z > 200 GET /api/v1/ 138.69ms
INF 2026-08-04T20:22:31.724Z > 200 GET /api/v1/ 241.98ms
INF 2026-08-04T20:22:31.724Z > 200 GET /api/v1/ 241.93ms
INF 2026-08-04T20:22:31.725Z > 200 GET /api/v1/ 138.67ms
INF 2026-08-04T20:22:31.725Z > 200 GET /api/v1/ 162.47ms
INF 2026-08-04T20:22:31.726Z > 200 GET /api/v1/ 246.66ms
INF 2026-08-04T20:22:31.727Z > 200 GET /api/v1/ 30.74ms
INF 2026-08-04T20:22:31.727Z > 200 GET /api/v1/ 286.12ms
INF 2026-08-04T20:22:31.727Z > 200 GET /api/v1/ 38.68ms
INF 2026-08-04T20:22:31.728Z > 200 GET /api/v1/ 245.97ms
INF 2026-08-04T20:22:31.728Z > 200 GET /api/v1/ 286.27ms
INF 2026-08-04T20:22:31.728Z > 200 GET /api/v1/ 246.37ms
INF 2026-08-04T20:22:31.729Z > 200 GET /api/v1/ 175.45ms
INF 2026-08-04T20:22:31.731Z > 200 GET /api/v1/ 248.63ms
INF 2026-08-04T20:22:31.732Z > 200 GET /api/v1/ 250.04ms
INF 2026-08-04T20:22:31.732Z > 200 GET /api/v1/ 29.2ms
INF 2026-08-04T20:22:31.733Z > 200 GET /api/v1/ 267.43ms
INF 2026-08-04T20:22:31.733Z > 200 GET /api/v1/ 250.45ms
INF 2026-08-04T20:22:31.733Z > 200 GET /api/v1/ 22.98ms
INF 2026-08-04T20:22:31.734Z > 200 GET /api/v1/ 321.41ms
INF 2026-08-04T20:22:31.735Z > 200 GET /api/v1/ 28.54ms
INF 2026-08-04T20:22:31.736Z > 200 GET /api/v1/ 12.01ms
INF 2026-08-04T20:22:31.738Z > 200 GET /api/v1/ 253.11ms
INF 2026-08-04T20:22:31.739Z > 200 GET /api/v1/ 15.69ms
INF 2026-08-04T20:22:31.741Z > 200 GET /api/v1/ 12.35ms
INF 2026-08-04T20:22:31.741Z > 200 GET /api/v1/ 256.33ms
INF 2026-08-04T20:22:31.742Z > 200 GET /api/v1/ 251.25ms
INF 2026-08-04T20:22:31.742Z > 200 GET /api/v1/ 259.28ms
INF 2026-08-04T20:22:31.742Z > 200 GET /api/v1/ 255.22ms
INF 2026-08-04T20:22:31.742Z > 200 GET /api/v1/ 8.7ms
INF 2026-08-04T20:22:31.745Z > 200 GET /api/v1/ 9.39ms
INF 2026-08-04T20:22:31.746Z > 200 GET /api/v1/ 6.9ms
INF 2026-08-04T20:22:31.749Z > 200 GET /api/v1/ 260.42ms
INF 2026-08-04T20:22:31.750Z > 200 GET /api/v1/ 4.36ms
INF 2026-08-04T20:22:31.754Z > 200 GET /api/v1/ 62.13ms
INF 2026-08-04T20:22:31.754Z > 200 GET /api/v1/ 253.15ms
INF 2026-08-04T20:22:31.756Z > 200 GET /api/v1/ 251.45ms
INF 2026-08-04T20:22:31.759Z > 200 GET /api/v1/ 8.68ms
INF 2026-08-04T20:22:31.759Z > 200 GET /api/v1/ 259.25ms
INF 2026-08-04T20:22:31.760Z > 200 GET /api/v1/ 245.39ms
INF 2026-08-04T20:22:31.760Z > 200 GET /api/v1/ 258.8ms
INF 2026-08-04T20:22:31.764Z > 200 GET /api/v1/ 267.85ms
INF 2026-08-04T20:22:31.772Z > 200 GET /api/v1/ 271.63ms
INF 2026-08-04T20:22:31.773Z > 200 GET /api/v1/ 262.59ms
INF 2026-08-04T20:22:31.773Z > 200 GET /api/v1/ 275.74ms
INF 2026-08-04T20:22:31.784Z > 200 GET /api/v1/ 24.69ms
INF 2026-08-04T20:22:31.786Z > 200 GET /api/v1/ 272.18ms
INF 2026-08-04T20:22:31.809Z > 200 GET /api/v1/ 302.33ms
INF 2026-08-04T20:22:31.820Z > 200 GET /api/v1/ 309.07ms
INF 2026-08-04T20:22:31.820Z > 200 GET /api/v1/ 301.0ms
INF 2026-08-04T20:22:31.826Z > 200 GET /api/v1/ 305.44ms
INF 2026-08-04T20:22:31.826Z > 200 GET /api/v1/ 215.12ms
INF 2026-08-04T20:22:31.828Z > 200 GET /api/v1/ 327.96ms
INF 2026-08-04T20:22:31.831Z > 200 GET /api/v1/ 245.03ms
INF 2026-08-04T20:22:31.832Z > 200 GET /api/v1/ 226.14ms
INF 2026-08-04T20:22:31.835Z > 200 GET /api/v1/ 3.2ms
INF 2026-08-04T20:22:31.836Z > 200 GET /api/v1/ 230.61ms
INF 2026-08-04T20:22:31.837Z > 200 GET /api/v1/ 169.34ms
INF 2026-08-04T20:22:31.837Z > 200 GET /api/v1/ 302.58ms
INF 2026-08-04T20:22:31.840Z > 200 GET /api/v1/ 258.1ms
INF 2026-08-04T20:22:31.840Z > 200 GET /api/v1/ 187.01ms
INF 2026-08-04T20:22:31.840Z > 200 GET /api/v1/ 3.37ms
INF 2026-08-04T20:22:31.842Z > 200 GET /api/v1/ 324.17ms
INF 2026-08-04T20:22:31.843Z > 200 GET /api/v1/ 324.3ms
INF 2026-08-04T20:22:31.843Z > 200 GET /api/v1/ 274.28ms
INF 2026-08-04T20:22:31.843Z > 200 GET /api/v1/ 3.09ms
INF 2026-08-04T20:22:31.844Z > 200 GET /api/v1/ 323.95ms
INF 2026-08-04T20:22:31.844Z > 200 GET /api/v1/ 246.18ms
INF 2026-08-04T20:22:31.845Z > 200 GET /api/v1/ 310.53ms
INF 2026-08-04T20:22:31.845Z > 200 GET /api/v1/ 245.38ms
INF 2026-08-04T20:22:31.845Z > 200 GET /api/v1/ 247.03ms
INF 2026-08-04T20:22:31.847Z > 200 GET /api/v1/ 248.64ms
INF 2026-08-04T20:22:31.849Z > 200 GET /api/v1/ 314.17ms
INF 2026-08-04T20:22:31.851Z > 200 GET /api/v1/ 317.28ms
INF 2026-08-04T20:22:31.852Z > 200 GET /api/v1/ 346.92ms
INF 2026-08-04T20:22:31.852Z > 200 GET /api/v1/ 77.95ms
INF 2026-08-04T20:22:31.852Z > 200 GET /api/v1/ 230.37ms
INF 2026-08-04T20:22:31.862Z > 200 GET /api/v1/ 277.64ms
INF 2026-08-04T20:22:31.863Z > 200 GET /api/v1/ 201.94ms
INF 2026-08-04T20:22:31.864Z > 200 GET /api/v1/ 357.35ms
INF 2026-08-04T20:22:31.864Z > 200 GET /api/v1/ 255.25ms
INF 2026-08-04T20:22:31.864Z > 200 GET /api/v1/ 345.26ms
INF 2026-08-04T20:22:31.865Z > 200 GET /api/v1/ 350.28ms
INF 2026-08-04T20:22:31.865Z > 200 GET /api/v1/ 369.43ms
INF 2026-08-04T20:22:31.865Z > 200 GET /api/v1/ 368.9ms
INF 2026-08-04T20:22:31.865Z > 200 GET /api/v1/ 264.65ms
INF 2026-08-04T20:22:31.874Z > 200 GET /api/v1/ 87.23ms
INF 2026-08-04T20:22:31.883Z > 200 GET /api/v1/ 8.8ms
INF 2026-08-04T20:22:31.886Z > 200 GET /api/v1/ 196.74ms
INF 2026-08-04T20:22:31.888Z > 200 GET /api/v1/ 201.05ms
INF 2026-08-04T20:22:31.891Z > 200 GET /api/v1/ 196.23ms
INF 2026-08-04T20:22:31.892Z > 200 GET /api/v1/ 217.45ms
INF 2026-08-04T20:22:31.892Z > 200 GET /api/v1/ 9.4ms
INF 2026-08-04T20:22:31.896Z > 200 GET /api/v1/ 9.96ms
INF 2026-08-04T20:22:31.897Z > 200 GET /api/v1/ 193.58ms
INF 2026-08-04T20:22:31.902Z > 200 GET /api/v1/ 11.01ms
INF 2026-08-04T20:22:31.902Z > 200 GET /api/v1/ 10.0ms
INF 2026-08-04T20:22:31.903Z > 200 GET /api/v1/ 199.97ms
INF 2026-08-04T20:22:31.903Z > 200 GET /api/v1/ 196.54ms
INF 2026-08-04T20:22:31.907Z > 200 GET /api/v1/ 10.56ms
INF 2026-08-04T20:22:31.908Z > 200 GET /api/v1/ 202.67ms
INF 2026-08-04T20:22:31.912Z > 200 GET /api/v1/ 201.49ms
INF 2026-08-04T20:22:31.912Z > 200 GET /api/v1/ 10.17ms
INF 2026-08-04T20:22:31.912Z > 200 GET /api/v1/ 9.85ms
INF 2026-08-04T20:22:31.912Z > 200 GET /api/v1/ 8.95ms
INF 2026-08-04T20:22:31.918Z > 200 GET /api/v1/ 194.35ms
INF 2026-08-04T20:22:31.919Z > 200 GET /api/v1/ 10.94ms
INF 2026-08-04T20:22:31.921Z > 200 GET /api/v1/ 8.82ms
INF 2026-08-04T20:22:31.927Z > 200 GET /api/v1/ 203.13ms
INF 2026-08-04T20:22:31.927Z > 200 GET /api/v1/ 9.37ms
INF 2026-08-04T20:22:31.928Z > 200 GET /api/v1/ 9.75ms
INF 2026-08-04T20:22:31.929Z > 200 GET /api/v1/ 205.18ms
INF 2026-08-04T20:22:31.931Z > 200 GET /api/v1/ 9.97ms
INF 2026-08-04T20:22:31.937Z > 200 GET /api/v1/ 212.07ms
INF 2026-08-04T20:22:31.940Z > 200 GET /api/v1/ 11.8ms
INF 2026-08-04T20:22:31.941Z > 200 GET /api/v1/ 216.9ms
INF 2026-08-04T20:22:31.942Z > 200 GET /api/v1/ 15.02ms
INF 2026-08-04T20:22:31.959Z > 200 GET /api/v1/ 230.14ms
INF 2026-08-04T20:22:31.962Z > 200 GET /api/v1/ 232.78ms
INF 2026-08-04T20:22:31.965Z > 200 GET /api/v1/ 5.83ms
INF 2026-08-04T20:22:31.966Z > 200 GET /api/v1/ 232.03ms
INF 2026-08-04T20:22:31.978Z > 200 GET /api/v1/ 193.1ms
INF 2026-08-04T20:22:31.978Z > 200 GET /api/v1/ 354.32ms
INF 2026-08-04T20:22:31.978Z > 200 GET /api/v1/ 354.6ms
INF 2026-08-04T20:22:31.979Z > 200 GET /api/v1/ 375.31ms
INF 2026-08-04T20:22:31.979Z > 200 GET /api/v1/ 355.67ms
INF 2026-08-04T20:22:31.980Z > 200 GET /api/v1/ 251.27ms
INF 2026-08-04T20:22:31.980Z > 200 GET /api/v1/ 254.31ms
INF 2026-08-04T20:22:31.980Z > 200 GET /api/v1/ 356.54ms
INF 2026-08-04T20:22:31.980Z > 200 GET /api/v1/ 395.59ms
INF 2026-08-04T20:22:31.981Z > 200 GET /api/v1/ 308.43ms
INF 2026-08-04T20:22:31.982Z > 200 GET /api/v1/ 372.26ms
INF 2026-08-04T20:22:31.982Z > 200 GET /api/v1/ 254.12ms
INF 2026-08-04T20:22:31.985Z > 200 GET /api/v1/ 22.63ms
INF 2026-08-04T20:22:31.985Z > 200 GET /api/v1/ 407.52ms
INF 2026-08-04T20:22:31.986Z > 200 GET /api/v1/ 251.46ms
INF 2026-08-04T20:22:31.986Z > 200 GET /api/v1/ 159.54ms
INF 2026-08-04T20:22:31.986Z > 200 GET /api/v1/ 48.31ms
INF 2026-08-04T20:22:31.987Z > 200 GET /api/v1/ 324.26ms
INF 2026-08-04T20:22:31.989Z > 200 GET /api/v1/ 144.59ms
INF 2026-08-04T20:22:31.995Z > 200 GET /api/v1/ 261.43ms
INF 2026-08-04T20:22:31.996Z > 200 GET /api/v1/ 385.76ms
INF 2026-08-04T20:22:31.996Z > 200 GET /api/v1/ 267.7ms
INF 2026-08-04T20:22:31.996Z > 200 GET /api/v1/ 262.29ms
INF 2026-08-04T20:22:31.997Z > 200 GET /api/v1/ 168.08ms
INF 2026-08-04T20:22:31.999Z > 200 GET /api/v1/ 275.93ms
INF 2026-08-04T20:22:32.000Z > 200 GET /api/v1/ 270.92ms
INF 2026-08-04T20:22:32.000Z > 200 GET /api/v1/ 155.05ms
INF 2026-08-04T20:22:32.003Z > 200 GET /api/v1/ 261.1ms
INF 2026-08-04T20:22:32.004Z > 200 GET /api/v1/ 152.44ms
INF 2026-08-04T20:22:32.004Z > 200 GET /api/v1/ 270.4ms
INF 2026-08-04T20:22:32.005Z > 200 GET /api/v1/ 276.19ms
INF 2026-08-04T20:22:32.006Z > 200 GET /api/v1/ 268.99ms
INF 2026-08-04T20:22:32.006Z > 200 GET /api/v1/ 472.07ms
INF 2026-08-04T20:22:32.008Z > 200 GET /api/v1/ 176.3ms
INF 2026-08-04T20:22:32.013Z > 200 GET /api/v1/ 170.47ms
INF 2026-08-04T20:22:32.014Z > 200 GET /api/v1/ 161.8ms
INF 2026-08-04T20:22:32.014Z > 200 GET /api/v1/ 340.52ms
INF 2026-08-04T20:22:32.016Z > 200 GET /api/v1/ 258.9ms
INF 2026-08-04T20:22:32.023Z > 200 GET /api/v1/ 280.2ms
INF 2026-08-04T20:22:32.031Z > 200 GET /api/v1/ 289.13ms
INF 2026-08-04T20:22:32.036Z > 200 GET /api/v1/ 281.52ms
INF 2026-08-04T20:22:32.037Z > 200 GET /api/v1/ 216.7ms
INF 2026-08-04T20:22:32.070Z > 200 GET /api/v1/ 229.68ms
INF 2026-08-04T20:22:32.090Z > 200 GET /api/v1/ 243.15ms
INF 2026-08-04T20:22:32.092Z > 200 GET /api/v1/ 332.42ms
INF 2026-08-04T20:22:32.101Z > 200 GET /api/v1/ 235.09ms
INF 2026-08-04T20:22:32.102Z > 200 GET /api/v1/ 292.45ms
INF 2026-08-04T20:22:32.102Z > 200 GET /api/v1/ 341.75ms
INF 2026-08-04T20:22:32.102Z > 200 GET /api/v1/ 258.62ms
INF 2026-08-04T20:22:32.110Z > 200 GET /api/v1/ 244.76ms
INF 2026-08-04T20:22:32.115Z > 200 GET /api/v1/ 278.53ms
INF 2026-08-04T20:22:32.116Z > 200 GET /api/v1/ 376.61ms
INF 2026-08-04T20:22:32.116Z > 200 GET /api/v1/ 280.59ms
INF 2026-08-04T20:22:32.116Z > 200 GET /api/v1/ 24.26ms
INF 2026-08-04T20:22:32.116Z > 200 GET /api/v1/ 263.88ms
INF 2026-08-04T20:22:32.117Z > 200 GET /api/v1/ 25.94ms
INF 2026-08-04T20:22:32.117Z > 200 GET /api/v1/ 251.18ms
INF 2026-08-04T20:22:32.117Z > 200 GET /api/v1/ 383.47ms
INF 2026-08-04T20:22:32.117Z > 200 GET /api/v1/ 297.53ms
INF 2026-08-04T20:22:32.118Z > 200 GET /api/v1/ 280.7ms
INF 2026-08-04T20:22:32.118Z > 200 GET /api/v1/ 273.75ms
INF 2026-08-04T20:22:32.119Z > 200 GET /api/v1/ 364.36ms
INF 2026-08-04T20:22:32.119Z > 200 GET /api/v1/ 372.88ms
INF 2026-08-04T20:22:32.119Z > 200 GET /api/v1/ 359.89ms
INF 2026-08-04T20:22:32.119Z > 200 GET /api/v1/ 345.41ms
INF 2026-08-04T20:22:32.120Z > 200 GET /api/v1/ 178.39ms
INF 2026-08-04T20:22:32.121Z > 200 GET /api/v1/ 357.15ms
INF 2026-08-04T20:22:32.121Z > 200 GET /api/v1/ 98.65ms
INF 2026-08-04T20:22:32.122Z > 200 GET /api/v1/ 19.81ms
INF 2026-08-04T20:22:32.122Z > 200 GET /api/v1/ 276.38ms
INF 2026-08-04T20:22:32.122Z > 200 GET /api/v1/ 21.4ms
INF 2026-08-04T20:22:32.132Z > 200 GET /api/v1/ 288.5ms
INF 2026-08-04T20:22:32.132Z > 200 GET /api/v1/ 389.69ms
INF 2026-08-04T20:22:32.132Z > 200 GET /api/v1/ 391.33ms
INF 2026-08-04T20:22:32.133Z > 200 GET /api/v1/ 290.87ms
INF 2026-08-04T20:22:32.134Z > 200 GET /api/v1/ 391.34ms
INF 2026-08-04T20:22:32.134Z > 200 GET /api/v1/ 359.97ms
INF 2026-08-04T20:22:32.135Z > 200 GET /api/v1/ 282.48ms
INF 2026-08-04T20:22:32.135Z > 200 GET /api/v1/ 285.81ms
INF 2026-08-04T20:22:32.136Z > 200 GET /api/v1/ 291.08ms
INF 2026-08-04T20:22:32.136Z > 200 GET /api/v1/ 438.6ms
INF 2026-08-04T20:22:32.137Z > 200 GET /api/v1/ 34.61ms
INF 2026-08-04T20:22:32.138Z > 200 GET /api/v1/ 272.41ms
INF 2026-08-04T20:22:32.138Z > 200 GET /api/v1/ 272.69ms
INF 2026-08-04T20:22:32.149Z > 200 GET /api/v1/ 322.28ms
INF 2026-08-04T20:22:32.149Z > 200 GET /api/v1/ 112.21ms
INF 2026-08-04T20:22:32.149Z > 200 GET /api/v1/ 400.47ms
INF 2026-08-04T20:22:32.149Z > 200 GET /api/v1/ 283.83ms
INF 2026-08-04T20:22:32.150Z > 200 GET /api/v1/ 133.99ms
INF 2026-08-04T20:22:32.151Z > 200 GET /api/v1/ 310.24ms
INF 2026-08-04T20:22:32.153Z > 200 GET /api/v1/ 30.29ms
INF 2026-08-04T20:22:32.158Z > 200 GET /api/v1/ 122.05ms
INF 2026-08-04T20:22:32.159Z > 200 GET /api/v1/ 227.4ms
INF 2026-08-04T20:22:32.159Z > 200 GET /api/v1/ 255.58ms
INF 2026-08-04T20:22:32.159Z > 200 GET /api/v1/ 294.0ms
INF 2026-08-04T20:22:32.160Z > 200 GET /api/v1/ 267.98ms
INF 2026-08-04T20:22:32.163Z > 200 GET /api/v1/ 275.25ms
INF 2026-08-04T20:22:32.164Z > 200 GET /api/v1/ 266.66ms
INF 2026-08-04T20:22:32.165Z > 200 GET /api/v1/ 252.15ms
INF 2026-08-04T20:22:32.165Z > 200 GET /api/v1/ 252.55ms
INF 2026-08-04T20:22:32.166Z > 200 GET /api/v1/ 257.99ms
INF 2026-08-04T20:22:32.166Z > 200 GET /api/v1/ 238.54ms
INF 2026-08-04T20:22:32.166Z > 200 GET /api/v1/ 253.72ms
INF 2026-08-04T20:22:32.166Z > 200 GET /api/v1/ 237.7ms
INF 2026-08-04T20:22:32.174Z > 200 GET /api/v1/ 208.62ms
INF 2026-08-04T20:22:32.184Z > 200 GET /api/v1/ 206.85ms
INF 2026-08-04T20:22:32.184Z > 200 GET /api/v1/ 201.86ms
INF 2026-08-04T20:22:32.185Z > 200 GET /api/v1/ 202.34ms
INF 2026-08-04T20:22:32.185Z > 200 GET /api/v1/ 203.14ms
INF 2026-08-04T20:22:32.185Z > 200 GET /api/v1/ 203.77ms
INF 2026-08-04T20:22:32.186Z > 200 GET /api/v1/ 203.74ms
INF 2026-08-04T20:22:32.186Z > 200 GET /api/v1/ 203.79ms
INF 2026-08-04T20:22:32.186Z > 200 GET /api/v1/ 204.12ms
INF 2026-08-04T20:22:32.186Z > 200 GET /api/v1/ 245.77ms
INF 2026-08-04T20:22:32.187Z > 200 GET /api/v1/ 204.42ms
INF 2026-08-04T20:22:32.187Z > 200 GET /api/v1/ 205.06ms
INF 2026-08-04T20:22:32.194Z > 200 GET /api/v1/ 211.23ms
INF 2026-08-04T20:22:32.194Z > 200 GET /api/v1/ 41.36ms
INF 2026-08-04T20:22:32.194Z > 200 GET /api/v1/ 208.03ms
INF 2026-08-04T20:22:32.199Z > 200 GET /api/v1/ 333.35ms
INF 2026-08-04T20:22:32.202Z > 200 GET /api/v1/ 205.32ms
INF 2026-08-04T20:22:32.203Z > 200 GET /api/v1/ 214.0ms
INF 2026-08-04T20:22:32.206Z > 200 GET /api/v1/ 219.55ms
INF 2026-08-04T20:22:32.217Z > 200 GET /api/v1/ 10.55ms
INF 2026-08-04T20:22:32.230Z > 200 GET /api/v1/ 244.02ms
INF 2026-08-04T20:22:32.230Z > 200 GET /api/v1/ 248.42ms
INF 2026-08-04T20:22:32.231Z > 200 GET /api/v1/ 365.15ms
INF 2026-08-04T20:22:32.231Z > 200 GET /api/v1/ 160.94ms
INF 2026-08-04T20:22:32.231Z > 200 GET /api/v1/ 226.61ms
INF 2026-08-04T20:22:32.233Z > 200 GET /api/v1/ 228.01ms
INF 2026-08-04T20:22:32.234Z > 200 GET /api/v1/ 246.55ms
INF 2026-08-04T20:22:32.234Z > 200 GET /api/v1/ 237.23ms
INF 2026-08-04T20:22:32.237Z > 200 GET /api/v1/ 240.02ms
INF 2026-08-04T20:22:32.237Z > 200 GET /api/v1/ 237.08ms
INF 2026-08-04T20:22:32.239Z > 200 GET /api/v1/ 21.84ms
INF 2026-08-04T20:22:32.247Z > 200 GET /api/v1/ 250.06ms
INF 2026-08-04T20:22:32.249Z > 200 GET /api/v1/ 15.88ms
INF 2026-08-04T20:22:32.250Z > 200 GET /api/v1/ 12.5ms
INF 2026-08-04T20:22:32.251Z > 200 GET /api/v1/ 16.5ms
INF 2026-08-04T20:22:32.253Z > 200 GET /api/v1/ 15.23ms
INF 2026-08-04T20:22:32.254Z > 200 GET /api/v1/ 249.07ms
INF 2026-08-04T20:22:32.256Z > 200 GET /api/v1/ 251.44ms
INF 2026-08-04T20:22:32.258Z > 200 GET /api/v1/ 11.34ms
INF 2026-08-04T20:22:32.263Z > 200 GET /api/v1/ 257.08ms
INF 2026-08-04T20:22:32.266Z > 200 GET /api/v1/ 14.8ms
INF 2026-08-04T20:22:32.272Z > 200 GET /api/v1/ 17.39ms
INF 2026-08-04T20:22:32.272Z > 200 GET /api/v1/ 15.41ms
INF 2026-08-04T20:22:32.272Z > 200 GET /api/v1/ 264.52ms
INF 2026-08-04T20:22:32.277Z > 200 GET /api/v1/ 18.54ms
INF 2026-08-04T20:22:32.280Z > 200 GET /api/v1/ 273.33ms
INF 2026-08-04T20:22:32.281Z > 200 GET /api/v1/ 18.34ms
INF 2026-08-04T20:22:32.288Z > 200 GET /api/v1/ 22.52ms
INF 2026-08-04T20:22:32.292Z > 200 GET /api/v1/ 277.43ms
INF 2026-08-04T20:22:32.292Z > 200 GET /api/v1/ 14.92ms
INF 2026-08-04T20:22:32.292Z > 200 GET /api/v1/ 12.2ms
INF 2026-08-04T20:22:32.294Z > 200 GET /api/v1/ 279.45ms
INF 2026-08-04T20:22:32.297Z > 200 GET /api/v1/ 282.47ms
INF 2026-08-04T20:22:32.304Z > 200 GET /api/v1/ 362.52ms
INF 2026-08-04T20:22:32.305Z > 200 GET /api/v1/ 13.05ms
INF 2026-08-04T20:22:32.309Z > 200 GET /api/v1/ 15.41ms
INF 2026-08-04T20:22:32.310Z > 200 GET /api/v1/ 309.36ms
INF 2026-08-04T20:22:32.310Z > 200 GET /api/v1/ 136.0ms
INF 2026-08-04T20:22:32.311Z > 200 GET /api/v1/ 189.64ms
INF 2026-08-04T20:22:32.311Z > 200 GET /api/v1/ 329.14ms
INF 2026-08-04T20:22:32.312Z > 200 GET /api/v1/ 145.99ms
INF 2026-08-04T20:22:32.313Z > 200 GET /api/v1/ 15.9ms
INF 2026-08-04T20:22:32.313Z > 200 GET /api/v1/ 210.82ms
INF 2026-08-04T20:22:32.315Z > 200 GET /api/v1/ 204.74ms
INF 2026-08-04T20:22:32.316Z > 200 GET /api/v1/ 130.92ms
INF 2026-08-04T20:22:32.316Z > 200 GET /api/v1/ 329.92ms
INF 2026-08-04T20:22:32.317Z > 200 GET /api/v1/ 316.26ms
INF 2026-08-04T20:22:32.327Z > 200 GET /api/v1/ 143.23ms
INF 2026-08-04T20:22:32.327Z > 200 GET /api/v1/ 35.55ms
INF 2026-08-04T20:22:32.328Z > 200 GET /api/v1/ 142.04ms
INF 2026-08-04T20:22:32.329Z > 200 GET /api/v1/ 162.65ms
INF 2026-08-04T20:22:32.330Z > 200 GET /api/v1/ 144.73ms
INF 2026-08-04T20:22:32.330Z > 200 GET /api/v1/ 144.45ms
INF 2026-08-04T20:22:32.331Z > 200 GET /api/v1/ 165.54ms
INF 2026-08-04T20:22:32.331Z > 200 GET /api/v1/ 136.67ms
INF 2026-08-04T20:22:32.331Z > 200 GET /api/v1/ 210.45ms
INF 2026-08-04T20:22:32.331Z > 200 GET /api/v1/ 334.25ms
INF 2026-08-04T20:22:32.336Z > 200 GET /api/v1/ 149.95ms
INF 2026-08-04T20:22:32.336Z > 200 GET /api/v1/ 215.84ms
INF 2026-08-04T20:22:32.337Z > 200 GET /api/v1/ 216.38ms
INF 2026-08-04T20:22:32.338Z > 200 GET /api/v1/ 351.44ms
INF 2026-08-04T20:22:32.339Z > 200 GET /api/v1/ 307.43ms
INF 2026-08-04T20:22:32.341Z > 200 GET /api/v1/ 146.28ms
INF 2026-08-04T20:22:32.341Z > 200 GET /api/v1/ 220.18ms
INF 2026-08-04T20:22:32.341Z > 200 GET /api/v1/ 220.94ms
INF 2026-08-04T20:22:32.342Z > 200 GET /api/v1/ 220.02ms
INF 2026-08-04T20:22:32.342Z > 200 GET /api/v1/ 155.64ms
INF 2026-08-04T20:22:32.343Z > 200 GET /api/v1/ 222.83ms
INF 2026-08-04T20:22:32.344Z > 200 GET /api/v1/ 222.86ms
INF 2026-08-04T20:22:32.344Z > 200 GET /api/v1/ 17.02ms
INF 2026-08-04T20:22:32.345Z > 200 GET /api/v1/ 224.55ms
INF 2026-08-04T20:22:32.346Z > 200 GET /api/v1/ 225.06ms
INF 2026-08-04T20:22:32.346Z > 200 GET /api/v1/ 225.67ms
INF 2026-08-04T20:22:32.348Z > 200 GET /api/v1/ 227.02ms
INF 2026-08-04T20:22:32.348Z > 200 GET /api/v1/ 227.09ms
INF 2026-08-04T20:22:32.349Z > 200 GET /api/v1/ 17.48ms
INF 2026-08-04T20:22:32.349Z > 200 GET /api/v1/ 228.74ms
INF 2026-08-04T20:22:32.350Z > 200 GET /api/v1/ 19.31ms
INF 2026-08-04T20:22:32.350Z > 200 GET /api/v1/ 19.21ms
INF 2026-08-04T20:22:32.350Z > 200 GET /api/v1/ 229.32ms
INF 2026-08-04T20:22:32.351Z > 200 GET /api/v1/ 215.85ms
INF 2026-08-04T20:22:32.358Z > 200 GET /api/v1/ 220.73ms
INF 2026-08-04T20:22:32.360Z > 200 GET /api/v1/ 237.77ms
INF 2026-08-04T20:22:32.360Z > 200 GET /api/v1/ 15.65ms
INF 2026-08-04T20:22:32.364Z > 200 GET /api/v1/ 227.35ms
INF 2026-08-04T20:22:32.372Z > 200 GET /api/v1/ 219.81ms
INF 2026-08-04T20:22:32.376Z > 200 GET /api/v1/ 27.66ms
INF 2026-08-04T20:22:32.377Z > 200 GET /api/v1/ 26.34ms
INF 2026-08-04T20:22:32.378Z > 200 GET /api/v1/ 239.97ms
INF 2026-08-04T20:22:32.388Z > 200 GET /api/v1/ 228.2ms
INF 2026-08-04T20:22:32.389Z > 200 GET /api/v1/ 252.67ms
INF 2026-08-04T20:22:32.389Z > 200 GET /api/v1/ 237.85ms
INF 2026-08-04T20:22:32.394Z > 200 GET /api/v1/ 36.52ms
INF 2026-08-04T20:22:32.396Z > 200 GET /api/v1/ 260.32ms
INF 2026-08-04T20:22:32.397Z > 200 GET /api/v1/ 275.88ms
INF 2026-08-04T20:22:32.400Z > 200 GET /api/v1/ 39.81ms
INF 2026-08-04T20:22:32.401Z > 200 GET /api/v1/ 278.66ms
INF 2026-08-04T20:22:32.403Z > 200 GET /api/v1/ 267.42ms
INF 2026-08-04T20:22:32.403Z > 200 GET /api/v1/ 243.09ms
INF 2026-08-04T20:22:32.403Z > 200 GET /api/v1/ 38.93ms
INF 2026-08-04T20:22:32.403Z > 200 GET /api/v1/ 243.36ms
INF 2026-08-04T20:22:32.407Z > 200 GET /api/v1/ 270.15ms
INF 2026-08-04T20:22:32.427Z > 200 GET /api/v1/ 275.68ms
INF 2026-08-04T20:22:32.428Z > 200 GET /api/v1/ 261.97ms
INF 2026-08-04T20:22:32.429Z > 200 GET /api/v1/ 263.63ms
INF 2026-08-04T20:22:32.429Z > 200 GET /api/v1/ 278.31ms
INF 2026-08-04T20:22:32.430Z > 200 GET /api/v1/ 294.57ms
INF 2026-08-04T20:22:32.433Z > 200 GET /api/v1/ 43.86ms
INF 2026-08-04T20:22:32.438Z > 200 GET /api/v1/ 61.46ms
INF 2026-08-04T20:22:32.442Z > 200 GET /api/v1/ 46.23ms
INF 2026-08-04T20:22:32.443Z > 200 GET /api/v1/ 307.63ms
INF 2026-08-04T20:22:32.444Z > 200 GET /api/v1/ 322.59ms
INF 2026-08-04T20:22:32.445Z > 200 GET /api/v1/ 43.48ms
INF 2026-08-04T20:22:32.446Z > 200 GET /api/v1/ 294.13ms
INF 2026-08-04T20:22:32.451Z > 200 GET /api/v1/ 137.6ms
INF 2026-08-04T20:22:32.451Z > 200 GET /api/v1/ 267.38ms
INF 2026-08-04T20:22:32.452Z > 200 GET /api/v1/ 57.17ms
INF 2026-08-04T20:22:32.452Z > 200 GET /api/v1/ 304.55ms
INF 2026-08-04T20:22:32.453Z > 200 GET /api/v1/ 45.69ms
INF 2026-08-04T20:22:32.453Z > 200 GET /api/v1/ 301.49ms
INF 2026-08-04T20:22:32.454Z > 200 GET /api/v1/ 53.64ms
INF 2026-08-04T20:22:32.455Z > 200 GET /api/v1/ 295.15ms
INF 2026-08-04T20:22:32.456Z > 200 GET /api/v1/ 291.88ms
INF 2026-08-04T20:22:32.456Z > 200 GET /api/v1/ 52.88ms
INF 2026-08-04T20:22:32.459Z > 200 GET /api/v1/ 272.78ms
INF 2026-08-04T20:22:32.460Z > 200 GET /api/v1/ 272.76ms
INF 2026-08-04T20:22:32.460Z > 200 GET /api/v1/ 273.66ms
INF 2026-08-04T20:22:32.461Z > 200 GET /api/v1/ 325.12ms
INF 2026-08-04T20:22:32.461Z > 200 GET /api/v1/ 298.08ms
INF 2026-08-04T20:22:32.462Z > 200 GET /api/v1/ 301.78ms
INF 2026-08-04T20:22:32.463Z > 200 GET /api/v1/ 296.76ms
INF 2026-08-04T20:22:32.463Z > 200 GET /api/v1/ 12.07ms
INF 2026-08-04T20:22:32.474Z > 200 GET /api/v1/ 275.03ms
INF 2026-08-04T20:22:32.474Z > 200 GET /api/v1/ 339.06ms
INF 2026-08-04T20:22:32.475Z > 200 GET /api/v1/ 31.97ms
INF 2026-08-04T20:22:32.475Z > 200 GET /api/v1/ 42.28ms
INF 2026-08-04T20:22:32.476Z > 200 GET /api/v1/ 281.89ms
INF 2026-08-04T20:22:32.482Z > 200 GET /api/v1/ 279.06ms
INF 2026-08-04T20:22:32.482Z > 200 GET /api/v1/ 43.74ms
INF 2026-08-04T20:22:32.482Z > 200 GET /api/v1/ 40.08ms
INF 2026-08-04T20:22:32.484Z > 200 GET /api/v1/ 280.94ms
INF 2026-08-04T20:22:32.489Z > 200 GET /api/v1/ 256.15ms
INF 2026-08-04T20:22:32.489Z > 200 GET /api/v1/ 256.33ms
INF 2026-08-04T20:22:32.489Z > 200 GET /api/v1/ 26.34ms
INF 2026-08-04T20:22:32.490Z > 200 GET /api/v1/ 43.68ms
INF 2026-08-04T20:22:32.490Z > 200 GET /api/v1/ 45.37ms
INF 2026-08-04T20:22:32.490Z > 200 GET /api/v1/ 257.84ms
INF 2026-08-04T20:22:32.492Z > 200 GET /api/v1/ 259.77ms
INF 2026-08-04T20:22:32.492Z > 200 GET /api/v1/ 15.96ms
INF 2026-08-04T20:22:32.495Z > 200 GET /api/v1/ 260.73ms
INF 2026-08-04T20:22:32.496Z > 200 GET /api/v1/ 203.68ms
INF 2026-08-04T20:22:32.507Z > 200 GET /api/v1/ 177.75ms
INF 2026-08-04T20:22:32.532Z > 200 GET /api/v1/ 219.31ms
INF 2026-08-04T20:22:32.533Z > 200 GET /api/v1/ 227.91ms
INF 2026-08-04T20:22:32.548Z > 200 GET /api/v1/ 232.48ms
INF 2026-08-04T20:22:32.549Z > 200 GET /api/v1/ 239.55ms
INF 2026-08-04T20:22:32.553Z > 200 GET /api/v1/ 281.33ms
INF 2026-08-04T20:22:32.555Z > 200 GET /api/v1/ 241.42ms
INF 2026-08-04T20:22:32.556Z > 200 GET /api/v1/ 267.53ms
INF 2026-08-04T20:22:32.557Z > 200 GET /api/v1/ 224.89ms
INF 2026-08-04T20:22:32.557Z > 200 GET /api/v1/ 285.1ms
INF 2026-08-04T20:22:32.557Z > 200 GET /api/v1/ 225.43ms
INF 2026-08-04T20:22:32.559Z > 200 GET /api/v1/ 232.37ms
INF 2026-08-04T20:22:32.559Z > 200 GET /api/v1/ 246.07ms
INF 2026-08-04T20:22:32.561Z > 200 GET /api/v1/ 223.77ms
INF 2026-08-04T20:22:32.561Z > 200 GET /api/v1/ 229.33ms
INF 2026-08-04T20:22:32.563Z > 200 GET /api/v1/ 66.14ms
INF 2026-08-04T20:22:32.564Z > 200 GET /api/v1/ 331.2ms
INF 2026-08-04T20:22:32.564Z > 200 GET /api/v1/ 282.59ms
INF 2026-08-04T20:22:32.569Z > 200 GET /api/v1/ 242.15ms
INF 2026-08-04T20:22:32.570Z > 200 GET /api/v1/ 256.96ms
INF 2026-08-04T20:22:32.592Z > 200 GET /api/v1/ 253.89ms
INF 2026-08-04T20:22:32.592Z > 200 GET /api/v1/ 250.07ms
INF 2026-08-04T20:22:32.593Z > 200 GET /api/v1/ 279.62ms
INF 2026-08-04T20:22:32.593Z > 200 GET /api/v1/ 343.75ms
INF 2026-08-04T20:22:32.594Z > 200 GET /api/v1/ 264.15ms
INF 2026-08-04T20:22:32.594Z > 200 GET /api/v1/ 355.18ms
INF 2026-08-04T20:22:32.594Z > 200 GET /api/v1/ 251.69ms
INF 2026-08-04T20:22:32.594Z > 200 GET /api/v1/ 256.84ms
INF 2026-08-04T20:22:32.595Z > 200 GET /api/v1/ 281.59ms
INF 2026-08-04T20:22:32.595Z > 200 GET /api/v1/ 252.41ms
INF 2026-08-04T20:22:32.596Z > 200 GET /api/v1/ 258.83ms
INF 2026-08-04T20:22:32.596Z > 200 GET /api/v1/ 246.75ms
INF 2026-08-04T20:22:32.596Z > 200 GET /api/v1/ 266.29ms
INF 2026-08-04T20:22:32.597Z > 200 GET /api/v1/ 348.17ms
INF 2026-08-04T20:22:32.600Z > 200 GET /api/v1/ 4.94ms
INF 2026-08-04T20:22:32.602Z > 200 GET /api/v1/ 5.68ms
INF 2026-08-04T20:22:32.602Z > 200 GET /api/v1/ 260.46ms
INF 2026-08-04T20:22:32.604Z > 200 GET /api/v1/ 43.41ms
INF 2026-08-04T20:22:32.605Z > 200 GET /api/v1/ 261.18ms
INF 2026-08-04T20:22:32.610Z > 200 GET /api/v1/ 270.2ms
INF 2026-08-04T20:22:32.610Z > 200 GET /api/v1/ 268.58ms
INF 2026-08-04T20:22:32.610Z > 200 GET /api/v1/ 5.04ms
INF 2026-08-04T20:22:32.611Z > 200 GET /api/v1/ 298.87ms
INF 2026-08-04T20:22:32.612Z > 200 GET /api/v1/ 265.39ms
INF 2026-08-04T20:22:32.612Z > 200 GET /api/v1/ 339.64ms
INF 2026-08-04T20:22:32.615Z > 200 GET /api/v1/ 3.06ms
INF 2026-08-04T20:22:32.617Z > 200 GET /api/v1/ 271.39ms
INF 2026-08-04T20:22:32.618Z > 200 GET /api/v1/ 55.23ms
INF 2026-08-04T20:22:32.619Z > 200 GET /api/v1/ 3.38ms
INF 2026-08-04T20:22:32.621Z > 200 GET /api/v1/ 289.58ms
INF 2026-08-04T20:22:32.621Z > 200 GET /api/v1/ 3.21ms
INF 2026-08-04T20:22:32.622Z > 200 GET /api/v1/ 64.88ms
INF 2026-08-04T20:22:32.623Z > 200 GET /api/v1/ 64.02ms
INF 2026-08-04T20:22:32.627Z > 200 GET /api/v1/ 7.68ms
INF 2026-08-04T20:22:32.627Z > 200 GET /api/v1/ 31.84ms
INF 2026-08-04T20:22:32.628Z > 200 GET /api/v1/ 283.49ms
INF 2026-08-04T20:22:32.628Z > 200 GET /api/v1/ 59.09ms
INF 2026-08-04T20:22:32.629Z > 200 GET /api/v1/ 17.15ms
INF 2026-08-04T20:22:32.629Z > 200 GET /api/v1/ 282.67ms
INF 2026-08-04T20:22:32.630Z > 200 GET /api/v1/ 8.28ms
INF 2026-08-04T20:22:32.633Z > 200 GET /api/v1/ 5.87ms
INF 2026-08-04T20:22:32.634Z > 200 GET /api/v1/ 4.13ms
INF 2026-08-04T20:22:32.634Z > 200 GET /api/v1/ 4.94ms
INF 2026-08-04T20:22:32.635Z > 200 GET /api/v1/ 71.3ms
INF 2026-08-04T20:22:32.637Z > 200 GET /api/v1/ 80.76ms
INF 2026-08-04T20:22:32.641Z > 200 GET /api/v1/ 108.04ms
INF 2026-08-04T20:22:32.642Z > 200 GET /api/v1/ 4.29ms
INF 2026-08-04T20:22:32.644Z > 200 GET /api/v1/ 89.98ms
INF 2026-08-04T20:22:32.644Z > 200 GET /api/v1/ 161.68ms
INF 2026-08-04T20:22:32.652Z > 200 GET /api/v1/ 103.68ms
INF 2026-08-04T20:22:32.653Z > 200 GET /api/v1/ 98.61ms
INF 2026-08-04T20:22:32.658Z > 200 GET /api/v1/ 308.48ms
INF 2026-08-04T20:22:32.659Z > 200 GET /api/v1/ 17.46ms
INF 2026-08-04T20:22:32.664Z > 200 GET /api/v1/ 4.36ms
INF 2026-08-04T20:22:32.670Z > 200 GET /api/v1/ 319.71ms
INF 2026-08-04T20:22:32.672Z > 200 GET /api/v1/ 6.76ms
INF 2026-08-04T20:22:32.673Z > 200 GET /api/v1/ 269.86ms
INF 2026-08-04T20:22:32.674Z > 200 GET /api/v1/ 244.62ms
INF 2026-08-04T20:22:32.679Z > 200 GET /api/v1/ 108.94ms
INF 2026-08-04T20:22:32.679Z > 200 GET /api/v1/ 122.05ms
INF 2026-08-04T20:22:32.681Z > 200 GET /api/v1/ 291.57ms
INF 2026-08-04T20:22:32.681Z > 200 GET /api/v1/ 330.03ms
INF 2026-08-04T20:22:32.681Z > 200 GET /api/v1/ 330.63ms
INF 2026-08-04T20:22:32.682Z > 200 GET /api/v1/ 227.56ms
INF 2026-08-04T20:22:32.682Z > 200 GET /api/v1/ 278.24ms
INF 2026-08-04T20:22:32.687Z > 200 GET /api/v1/ 231.39ms
INF 2026-08-04T20:22:32.688Z > 200 GET /api/v1/ 311.13ms
INF 2026-08-04T20:22:32.689Z > 200 GET /api/v1/ 259.82ms
INF 2026-08-04T20:22:32.691Z > 200 GET /api/v1/ 229.02ms
INF 2026-08-04T20:22:32.709Z > 200 GET /api/v1/ 246.67ms
INF 2026-08-04T20:22:32.709Z > 200 GET /api/v1/ 227.07ms
INF 2026-08-04T20:22:32.718Z > 200 GET /api/v1/ 232.96ms
INF 2026-08-04T20:22:32.723Z > 200 GET /api/v1/ 13.41ms
INF 2026-08-04T20:22:32.723Z > 200 GET /api/v1/ 233.35ms
INF 2026-08-04T20:22:32.728Z > 200 GET /api/v1/ 238.51ms
INF 2026-08-04T20:22:32.728Z > 200 GET /api/v1/ 238.99ms
INF 2026-08-04T20:22:32.734Z > 200 GET /api/v1/ 337.24ms
INF 2026-08-04T20:22:32.735Z > 200 GET /api/v1/ 258.66ms
INF 2026-08-04T20:22:32.735Z > 200 GET /api/v1/ 274.32ms
INF 2026-08-04T20:22:32.736Z > 200 GET /api/v1/ 272.51ms
INF 2026-08-04T20:22:32.736Z > 200 GET /api/v1/ 259.9ms
INF 2026-08-04T20:22:32.736Z > 200 GET /api/v1/ 240.79ms
INF 2026-08-04T20:22:32.737Z > 200 GET /api/v1/ 13.56ms
INF 2026-08-04T20:22:32.738Z > 200 GET /api/v1/ 247.43ms
INF 2026-08-04T20:22:32.738Z > 200 GET /api/v1/ 10.14ms
INF 2026-08-04T20:22:32.742Z > 200 GET /api/v1/ 7.27ms
INF 2026-08-04T20:22:32.742Z > 200 GET /api/v1/ 5.66ms
INF 2026-08-04T20:22:32.753Z > 200 GET /api/v1/ 393.19ms
INF 2026-08-04T20:22:32.754Z > 200 GET /api/v1/ 15.51ms
INF 2026-08-04T20:22:32.754Z > 200 GET /api/v1/ 309.15ms
INF 2026-08-04T20:22:32.755Z > 200 GET /api/v1/ 17.51ms
INF 2026-08-04T20:22:32.755Z > 200 GET /api/v1/ 376.74ms
INF 2026-08-04T20:22:32.758Z > 200 GET /api/v1/ 76.01ms
INF 2026-08-04T20:22:32.759Z > 200 GET /api/v1/ 269.72ms
INF 2026-08-04T20:22:32.759Z > 200 GET /api/v1/ 269.31ms
INF 2026-08-04T20:22:32.760Z > 200 GET /api/v1/ 277.27ms
INF 2026-08-04T20:22:32.760Z > 200 GET /api/v1/ 252.01ms
INF 2026-08-04T20:22:32.760Z > 200 GET /api/v1/ 267.55ms
INF 2026-08-04T20:22:32.763Z > 200 GET /api/v1/ 3.26ms
INF 2026-08-04T20:22:32.763Z > 200 GET /api/v1/ 3.31ms
INF 2026-08-04T20:22:32.764Z > 200 GET /api/v1/ 90.31ms
INF 2026-08-04T20:22:32.765Z > 200 GET /api/v1/ 413.76ms
INF 2026-08-04T20:22:32.767Z > 200 GET /api/v1/ 84.48ms
INF 2026-08-04T20:22:32.768Z > 200 GET /api/v1/ 379.09ms
INF 2026-08-04T20:22:32.768Z > 200 GET /api/v1/ 364.66ms
INF 2026-08-04T20:22:32.769Z > 200 GET /api/v1/ 341.03ms
INF 2026-08-04T20:22:32.769Z > 200 GET /api/v1/ 80.78ms
INF 2026-08-04T20:22:32.771Z > 200 GET /api/v1/ 307.65ms
INF 2026-08-04T20:22:32.771Z > 200 GET /api/v1/ 294.92ms
INF 2026-08-04T20:22:32.771Z > 200 GET /api/v1/ 319.26ms
INF 2026-08-04T20:22:32.771Z > 200 GET /api/v1/ 340.96ms
INF 2026-08-04T20:22:32.772Z > 200 GET /api/v1/ 317.9ms
INF 2026-08-04T20:22:32.772Z > 200 GET /api/v1/ 315.38ms
INF 2026-08-04T20:22:32.772Z > 200 GET /api/v1/ 400.36ms
INF 2026-08-04T20:22:32.776Z > 200 GET /api/v1/ 314.92ms
INF 2026-08-04T20:22:32.777Z > 200 GET /api/v1/ 321.05ms
INF 2026-08-04T20:22:32.777Z > 200 GET /api/v1/ 325.47ms
INF 2026-08-04T20:22:32.778Z > 200 GET /api/v1/ 348.77ms
INF 2026-08-04T20:22:32.778Z > 200 GET /api/v1/ 323.92ms
INF 2026-08-04T20:22:32.778Z > 200 GET /api/v1/ 316.44ms
INF 2026-08-04T20:22:32.780Z > 200 GET /api/v1/ 303.65ms
INF 2026-08-04T20:22:32.780Z > 200 GET /api/v1/ 10.6ms
INF 2026-08-04T20:22:32.781Z > 200 GET /api/v1/ 290.94ms
INF 2026-08-04T20:22:32.783Z > 200 GET /api/v1/ 14.13ms
INF 2026-08-04T20:22:32.783Z > 200 GET /api/v1/ 11.72ms
INF 2026-08-04T20:22:32.784Z > 200 GET /api/v1/ 11.47ms
INF 2026-08-04T20:22:32.784Z > 200 GET /api/v1/ 12.13ms
INF 2026-08-04T20:22:32.784Z > 200 GET /api/v1/ 7.72ms
INF 2026-08-04T20:22:32.784Z > 200 GET /api/v1/ 6.91ms
INF 2026-08-04T20:22:32.785Z > 200 GET /api/v1/ 6.66ms
INF 2026-08-04T20:22:32.786Z > 200 GET /api/v1/ 5.44ms
INF 2026-08-04T20:22:32.786Z > 200 GET /api/v1/ 145.34ms
INF 2026-08-04T20:22:32.787Z > 200 GET /api/v1/ 334.63ms
INF 2026-08-04T20:22:32.789Z > 200 GET /api/v1/ 4.05ms
INF 2026-08-04T20:22:32.797Z > 200 GET /api/v1/ 12.51ms
INF 2026-08-04T20:22:32.817Z > 200 GET /api/v1/ 256.5ms
INF 2026-08-04T20:22:32.823Z > 200 GET /api/v1/ 258.34ms
INF 2026-08-04T20:22:32.823Z > 200 GET /api/v1/ 274.21ms
INF 2026-08-04T20:22:32.824Z > 200 GET /api/v1/ 267.08ms
INF 2026-08-04T20:22:32.828Z > 200 GET /api/v1/ 146.07ms
INF 2026-08-04T20:22:32.830Z > 200 GET /api/v1/ 297.39ms
INF 2026-08-04T20:22:32.834Z > 200 GET /api/v1/ 239.62ms
INF 2026-08-04T20:22:32.835Z > 200 GET /api/v1/ 239.85ms
INF 2026-08-04T20:22:32.836Z > 200 GET /api/v1/ 343.65ms
INF 2026-08-04T20:22:32.837Z > 200 GET /api/v1/ 18.92ms
INF 2026-08-04T20:22:32.837Z > 200 GET /api/v1/ 241.61ms
INF 2026-08-04T20:22:32.838Z > 200 GET /api/v1/ 13.76ms
INF 2026-08-04T20:22:32.839Z > 200 GET /api/v1/ 11.13ms
INF 2026-08-04T20:22:32.839Z > 200 GET /api/v1/ 243.67ms
INF 2026-08-04T20:22:32.840Z > 200 GET /api/v1/ 17.29ms
INF 2026-08-04T20:22:32.840Z > 200 GET /api/v1/ 281.58ms
INF 2026-08-04T20:22:32.841Z > 200 GET /api/v1/ 245.54ms
INF 2026-08-04T20:22:32.841Z > 200 GET /api/v1/ 11.07ms
INF 2026-08-04T20:22:32.842Z > 200 GET /api/v1/ 241.61ms
INF 2026-08-04T20:22:32.843Z > 200 GET /api/v1/ 8.05ms
INF 2026-08-04T20:22:32.843Z > 200 GET /api/v1/ 247.03ms
INF 2026-08-04T20:22:32.843Z > 200 GET /api/v1/ 248.57ms
INF 2026-08-04T20:22:32.846Z > 200 GET /api/v1/ 249.69ms
INF 2026-08-04T20:22:32.847Z > 200 GET /api/v1/ 251.18ms
INF 2026-08-04T20:22:32.847Z > 200 GET /api/v1/ 249.34ms
INF 2026-08-04T20:22:32.847Z > 200 GET /api/v1/ 10.89ms
INF 2026-08-04T20:22:32.848Z > 200 GET /api/v1/ 7.28ms
INF 2026-08-04T20:22:32.848Z > 200 GET /api/v1/ 252.68ms
INF 2026-08-04T20:22:32.850Z > 200 GET /api/v1/ 247.51ms
INF 2026-08-04T20:22:32.852Z > 200 GET /api/v1/ 241.49ms
INF 2026-08-04T20:22:32.853Z > 200 GET /api/v1/ 248.47ms
INF 2026-08-04T20:22:32.853Z > 200 GET /api/v1/ 5.35ms
INF 2026-08-04T20:22:32.855Z > 200 GET /api/v1/ 7.39ms
INF 2026-08-04T20:22:32.856Z > 200 GET /api/v1/ 244.03ms
INF 2026-08-04T20:22:32.857Z > 200 GET /api/v1/ 255.1ms
INF 2026-08-04T20:22:32.859Z > 200 GET /api/v1/ 241.73ms
INF 2026-08-04T20:22:32.862Z > 200 GET /api/v1/ 252.08ms
INF 2026-08-04T20:22:32.863Z > 200 GET /api/v1/ 252.36ms
INF 2026-08-04T20:22:32.863Z > 200 GET /api/v1/ 241.16ms
INF 2026-08-04T20:22:32.864Z > 200 GET /api/v1/ 240.63ms
INF 2026-08-04T20:22:32.873Z > 200 GET /api/v1/ 245.55ms
INF 2026-08-04T20:22:32.874Z > 200 GET /api/v1/ 243.8ms
INF 2026-08-04T20:22:32.879Z > 200 GET /api/v1/ 258.3ms
INF 2026-08-04T20:22:32.883Z > 200 GET /api/v1/ 249.8ms
INF 2026-08-04T20:22:32.883Z > 200 GET /api/v1/ 249.44ms
INF 2026-08-04T20:22:32.884Z > 200 GET /api/v1/ 255.47ms
INF 2026-08-04T20:22:32.884Z > 200 GET /api/v1/ 21.23ms
INF 2026-08-04T20:22:32.885Z > 200 GET /api/v1/ 211.04ms
INF 2026-08-04T20:22:32.886Z > 200 GET /api/v1/ 251.74ms
INF 2026-08-04T20:22:32.886Z > 200 GET /api/v1/ 232.15ms
INF 2026-08-04T20:22:32.886Z > 200 GET /api/v1/ 258.07ms
INF 2026-08-04T20:22:32.890Z > 200 GET /api/v1/ 217.81ms
INF 2026-08-04T20:22:32.891Z > 200 GET /api/v1/ 237.65ms
INF 2026-08-04T20:22:32.891Z > 200 GET /api/v1/ 238.35ms
INF 2026-08-04T20:22:32.892Z > 200 GET /api/v1/ 239.03ms
INF 2026-08-04T20:22:32.892Z > 200 GET /api/v1/ 256.73ms
INF 2026-08-04T20:22:32.895Z > 200 GET /api/v1/ 236.19ms
INF 2026-08-04T20:22:32.895Z > 200 GET /api/v1/ 224.91ms
INF 2026-08-04T20:22:32.898Z > 200 GET /api/v1/ 218.61ms
INF 2026-08-04T20:22:32.909Z > 200 GET /api/v1/ 23.88ms
INF 2026-08-04T20:22:32.912Z > 200 GET /api/v1/ 157.62ms
INF 2026-08-04T20:22:32.912Z > 200 GET /api/v1/ 221.02ms
INF 2026-08-04T20:22:32.913Z > 200 GET /api/v1/ 29.43ms
INF 2026-08-04T20:22:32.914Z > 200 GET /api/v1/ 28.2ms
INF 2026-08-04T20:22:32.914Z > 200 GET /api/v1/ 23.93ms
INF 2026-08-04T20:22:32.914Z > 200 GET /api/v1/ 158.62ms
INF 2026-08-04T20:22:32.914Z > 200 GET /api/v1/ 22.86ms
INF 2026-08-04T20:22:32.918Z > 200 GET /api/v1/ 27.73ms
INF 2026-08-04T20:22:32.919Z > 200 GET /api/v1/ 27.03ms
INF 2026-08-04T20:22:32.920Z > 200 GET /api/v1/ 27.89ms
INF 2026-08-04T20:22:32.921Z > 200 GET /api/v1/ 232.12ms
INF 2026-08-04T20:22:32.922Z > 200 GET /api/v1/ 23.46ms
INF 2026-08-04T20:22:32.924Z > 200 GET /api/v1/ 169.63ms
INF 2026-08-04T20:22:32.926Z > 200 GET /api/v1/ 216.52ms
INF 2026-08-04T20:22:32.926Z > 200 GET /api/v1/ 190.73ms
INF 2026-08-04T20:22:32.932Z > 200 GET /api/v1/ 242.91ms
INF 2026-08-04T20:22:32.932Z > 200 GET /api/v1/ 195.58ms
INF 2026-08-04T20:22:32.933Z > 200 GET /api/v1/ 172.79ms
INF 2026-08-04T20:22:32.935Z > 200 GET /api/v1/ 171.59ms
INF 2026-08-04T20:22:32.944Z > 200 GET /api/v1/ 221.13ms
INF 2026-08-04T20:22:32.944Z > 200 GET /api/v1/ 31.7ms
INF 2026-08-04T20:22:32.945Z > 200 GET /api/v1/ 32.51ms
INF 2026-08-04T20:22:32.945Z > 200 GET /api/v1/ 31.84ms
INF 2026-08-04T20:22:32.946Z > 200 GET /api/v1/ 209.9ms
INF 2026-08-04T20:22:32.946Z > 200 GET /api/v1/ 31.52ms
INF 2026-08-04T20:22:32.949Z > 200 GET /api/v1/ 197.46ms
INF 2026-08-04T20:22:32.952Z > 200 GET /api/v1/ 270.29ms
INF 2026-08-04T20:22:32.954Z > 200 GET /api/v1/ 195.94ms
INF 2026-08-04T20:22:32.957Z > 200 GET /api/v1/ 190.1ms
INF 2026-08-04T20:22:32.959Z > 200 GET /api/v1/ 198.94ms
INF 2026-08-04T20:22:32.960Z > 200 GET /api/v1/ 11.1ms
INF 2026-08-04T20:22:32.961Z > 200 GET /api/v1/ 197.56ms
INF 2026-08-04T20:22:32.961Z > 200 GET /api/v1/ 196.79ms
INF 2026-08-04T20:22:32.962Z > 200 GET /api/v1/ 279.84ms
INF 2026-08-04T20:22:32.963Z > 200 GET /api/v1/ 226.32ms
INF 2026-08-04T20:22:32.963Z > 200 GET /api/v1/ 10.65ms
INF 2026-08-04T20:22:32.964Z > 200 GET /api/v1/ 203.83ms
INF 2026-08-04T20:22:32.964Z > 200 GET /api/v1/ 195.63ms
INF 2026-08-04T20:22:32.966Z > 200 GET /api/v1/ 211.76ms
INF 2026-08-04T20:22:32.966Z > 200 GET /api/v1/ 201.6ms
INF 2026-08-04T20:22:32.968Z > 200 GET /api/v1/ 197.01ms
INF 2026-08-04T20:22:32.968Z > 200 GET /api/v1/ 5.29ms
INF 2026-08-04T20:22:32.969Z > 200 GET /api/v1/ 49.52ms
INF 2026-08-04T20:22:32.969Z > 200 GET /api/v1/ 200.76ms
INF 2026-08-04T20:22:32.971Z > 200 GET /api/v1/ 232.38ms
INF 2026-08-04T20:22:32.971Z > 200 GET /api/v1/ 229.08ms
INF 2026-08-04T20:22:32.972Z > 200 GET /api/v1/ 291.96ms
INF 2026-08-04T20:22:32.972Z > 200 GET /api/v1/ 45.13ms
INF 2026-08-04T20:22:32.972Z > 200 GET /api/v1/ 57.73ms
INF 2026-08-04T20:22:32.974Z > 200 GET /api/v1/ 51.73ms
INF 2026-08-04T20:22:32.974Z > 200 GET /api/v1/ 256.14ms
INF 2026-08-04T20:22:32.976Z > 200 GET /api/v1/ 220.87ms
INF 2026-08-04T20:22:32.977Z > 200 GET /api/v1/ 7.96ms
INF 2026-08-04T20:22:32.977Z > 200 GET /api/v1/ 31.73ms
INF 2026-08-04T20:22:32.978Z > 200 GET /api/v1/ 31.75ms
INF 2026-08-04T20:22:32.978Z > 200 GET /api/v1/ 6.06ms
INF 2026-08-04T20:22:32.978Z > 200 GET /api/v1/ 5.71ms
INF 2026-08-04T20:22:32.992Z > 200 GET /api/v1/ 220.0ms
INF 2026-08-04T20:22:32.994Z > 200 GET /api/v1/ 222.45ms
INF 2026-08-04T20:22:33.006Z > 200 GET /api/v1/ 14.41ms
INF 2026-08-04T20:22:33.007Z > 200 GET /api/v1/ 12.7ms
INF 2026-08-04T20:22:33.010Z > 200 GET /api/v1/ 231.44ms
INF 2026-08-04T20:22:33.021Z > 200 GET /api/v1/ 14.12ms
INF 2026-08-04T20:22:33.029Z > 200 GET /api/v1/ 245.78ms
INF 2026-08-04T20:22:33.036Z > 200 GET /api/v1/ 252.99ms
INF 2026-08-04T20:22:33.049Z > 200 GET /api/v1/ 25.61ms
INF 2026-08-04T20:22:33.057Z > 200 GET /api/v1/ 271.98ms
INF 2026-08-04T20:22:33.061Z > 200 GET /api/v1/ 272.98ms
INF 2026-08-04T20:22:33.061Z > 200 GET /api/v1/ 11.97ms
INF 2026-08-04T20:22:33.061Z > 200 GET /api/v1/ 264.23ms
INF 2026-08-04T20:22:33.062Z > 200 GET /api/v1/ 275.29ms
INF 2026-08-04T20:22:33.062Z > 200 GET /api/v1/ 276.41ms
INF 2026-08-04T20:22:33.068Z > 200 GET /api/v1/ 245.0ms
INF 2026-08-04T20:22:33.068Z > 200 GET /api/v1/ 233.35ms
INF 2026-08-04T20:22:33.068Z > 200 GET /api/v1/ 270.95ms
INF 2026-08-04T20:22:33.069Z > 200 GET /api/v1/ 11.77ms
INF 2026-08-04T20:22:33.080Z > 200 GET /api/v1/ 19.07ms
INF 2026-08-04T20:22:33.081Z > 200 GET /api/v1/ 302.44ms
INF 2026-08-04T20:22:33.081Z > 200 GET /api/v1/ 308.21ms
INF 2026-08-04T20:22:33.081Z > 200 GET /api/v1/ 300.78ms
INF 2026-08-04T20:22:33.082Z > 200 GET /api/v1/ 19.84ms
INF 2026-08-04T20:22:33.082Z > 200 GET /api/v1/ 244.77ms
INF 2026-08-04T20:22:33.082Z > 200 GET /api/v1/ 104.67ms
INF 2026-08-04T20:22:33.083Z > 200 GET /api/v1/ 304.54ms
INF 2026-08-04T20:22:33.083Z > 200 GET /api/v1/ 301.75ms
INF 2026-08-04T20:22:33.083Z > 200 GET /api/v1/ 254.34ms
INF 2026-08-04T20:22:33.083Z > 200 GET /api/v1/ 298.66ms
INF 2026-08-04T20:22:33.083Z > 200 GET /api/v1/ 15.31ms
INF 2026-08-04T20:22:33.084Z > 200 GET /api/v1/ 246.68ms
INF 2026-08-04T20:22:33.084Z > 200 GET /api/v1/ 300.22ms
INF 2026-08-04T20:22:33.085Z > 200 GET /api/v1/ 106.98ms
INF 2026-08-04T20:22:33.087Z > 200 GET /api/v1/ 249.23ms
INF 2026-08-04T20:22:33.088Z > 200 GET /api/v1/ 25.33ms
INF 2026-08-04T20:22:33.088Z > 200 GET /api/v1/ 19.51ms
INF 2026-08-04T20:22:33.090Z > 200 GET /api/v1/ 249.28ms
INF 2026-08-04T20:22:33.091Z > 200 GET /api/v1/ 250.58ms
INF 2026-08-04T20:22:33.091Z > 200 GET /api/v1/ 6.83ms
INF 2026-08-04T20:22:33.091Z > 200 GET /api/v1/ 9.37ms
INF 2026-08-04T20:22:33.093Z > 200 GET /api/v1/ 9.35ms
INF 2026-08-04T20:22:33.093Z > 200 GET /api/v1/ 10.32ms
INF 2026-08-04T20:22:33.096Z > 200 GET /api/v1/ 254.64ms
INF 2026-08-04T20:22:33.097Z > 200 GET /api/v1/ 255.37ms
INF 2026-08-04T20:22:33.097Z > 200 GET /api/v1/ 255.8ms
INF 2026-08-04T20:22:33.097Z > 200 GET /api/v1/ 28.9ms
INF 2026-08-04T20:22:33.101Z > 200 GET /api/v1/ 18.78ms
INF 2026-08-04T20:22:33.101Z > 200 GET /api/v1/ 259.68ms
INF 2026-08-04T20:22:33.111Z > 200 GET /api/v1/ 19.85ms
INF 2026-08-04T20:22:33.111Z > 200 GET /api/v1/ 267.87ms
INF 2026-08-04T20:22:33.112Z > 200 GET /api/v1/ 264.72ms
INF 2026-08-04T20:22:33.112Z > 200 GET /api/v1/ 268.8ms
INF 2026-08-04T20:22:33.115Z > 200 GET /api/v1/ 267.19ms
INF 2026-08-04T20:22:33.117Z > 200 GET /api/v1/ 271.08ms
INF 2026-08-04T20:22:33.118Z > 200 GET /api/v1/ 274.56ms
INF 2026-08-04T20:22:33.119Z > 200 GET /api/v1/ 266.05ms
INF 2026-08-04T20:22:33.120Z > 200 GET /api/v1/ 269.61ms
INF 2026-08-04T20:22:33.121Z > 200 GET /api/v1/ 269.15ms
INF 2026-08-04T20:22:33.123Z > 200 GET /api/v1/ 264.97ms
INF 2026-08-04T20:22:33.123Z > 200 GET /api/v1/ 274.96ms
INF 2026-08-04T20:22:33.124Z > 200 GET /api/v1/ 268.81ms
INF 2026-08-04T20:22:33.124Z > 200 GET /api/v1/ 266.83ms
INF 2026-08-04T20:22:33.125Z > 200 GET /api/v1/ 262.01ms
INF 2026-08-04T20:22:33.125Z > 200 GET /api/v1/ 271.63ms
INF 2026-08-04T20:22:33.125Z > 200 GET /api/v1/ 266.31ms
INF 2026-08-04T20:22:33.129Z > 200 GET /api/v1/ 11.67ms
INF 2026-08-04T20:22:33.130Z > 200 GET /api/v1/ 257.33ms
INF 2026-08-04T20:22:33.138Z > 200 GET /api/v1/ 13.6ms
INF 2026-08-04T20:22:33.139Z > 200 GET /api/v1/ 13.8ms
INF 2026-08-04T20:22:33.139Z > 200 GET /api/v1/ 19.35ms
INF 2026-08-04T20:22:33.139Z > 200 GET /api/v1/ 276.27ms
INF 2026-08-04T20:22:33.141Z > 200 GET /api/v1/ 15.19ms
INF 2026-08-04T20:22:33.143Z > 200 GET /api/v1/ 210.97ms
INF 2026-08-04T20:22:33.143Z > 200 GET /api/v1/ 198.11ms
INF 2026-08-04T20:22:33.144Z > 200 GET /api/v1/ 229.35ms
INF 2026-08-04T20:22:33.144Z > 200 GET /api/v1/ 15.0ms
INF 2026-08-04T20:22:33.145Z > 200 GET /api/v1/ 14.45ms
INF 2026-08-04T20:22:33.150Z > 200 GET /api/v1/ 231.59ms
INF 2026-08-04T20:22:33.154Z > 200 GET /api/v1/ 222.15ms
INF 2026-08-04T20:22:33.154Z > 200 GET /api/v1/ 233.11ms
INF 2026-08-04T20:22:33.155Z > 200 GET /api/v1/ 280.87ms
INF 2026-08-04T20:22:33.157Z > 200 GET /api/v1/ 18.07ms
INF 2026-08-04T20:22:33.158Z > 200 GET /api/v1/ 19.1ms
INF 2026-08-04T20:22:33.158Z > 200 GET /api/v1/ 278.57ms
INF 2026-08-04T20:22:33.160Z > 200 GET /api/v1/ 16.43ms
INF 2026-08-04T20:22:33.160Z > 200 GET /api/v1/ 264.71ms
INF 2026-08-04T20:22:33.160Z > 200 GET /api/v1/ 214.04ms
INF 2026-08-04T20:22:33.162Z > 200 GET /api/v1/ 17.16ms
INF 2026-08-04T20:22:33.165Z > 200 GET /api/v1/ 238.56ms
INF 2026-08-04T20:22:33.168Z > 200 GET /api/v1/ 234.94ms
INF 2026-08-04T20:22:33.169Z > 200 GET /api/v1/ 282.7ms
INF 2026-08-04T20:22:33.178Z > 200 GET /api/v1/ 294.57ms
INF 2026-08-04T20:22:33.179Z > 200 GET /api/v1/ 23.64ms
INF 2026-08-04T20:22:33.179Z > 200 GET /api/v1/ 21.87ms
INF 2026-08-04T20:22:33.180Z > 200 GET /api/v1/ 25.61ms
INF 2026-08-04T20:22:33.180Z > 200 GET /api/v1/ 293.87ms
INF 2026-08-04T20:22:33.181Z > 200 GET /api/v1/ 266.88ms
INF 2026-08-04T20:22:33.184Z > 200 GET /api/v1/ 24.98ms
INF 2026-08-04T20:22:33.184Z > 200 GET /api/v1/ 22.08ms
INF 2026-08-04T20:22:33.184Z > 200 GET /api/v1/ 26.24ms
INF 2026-08-04T20:22:33.186Z > 200 GET /api/v1/ 25.87ms
INF 2026-08-04T20:22:33.189Z > 200 GET /api/v1/ 303.43ms
INF 2026-08-04T20:22:33.194Z > 200 GET /api/v1/ 268.92ms
INF 2026-08-04T20:22:33.197Z > 200 GET /api/v1/ 287.5ms
INF 2026-08-04T20:22:33.197Z > 200 GET /api/v1/ 302.08ms
INF 2026-08-04T20:22:33.198Z > 200 GET /api/v1/ 324.16ms
INF 2026-08-04T20:22:33.199Z > 200 GET /api/v1/ 314.98ms
INF 2026-08-04T20:22:33.200Z > 200 GET /api/v1/ 254.27ms
INF 2026-08-04T20:22:33.200Z > 200 GET /api/v1/ 256.76ms
INF 2026-08-04T20:22:33.202Z > 200 GET /api/v1/ 281.72ms
INF 2026-08-04T20:22:33.203Z > 200 GET /api/v1/ 18.58ms
INF 2026-08-04T20:22:33.203Z > 200 GET /api/v1/ 22.16ms
INF 2026-08-04T20:22:33.203Z > 200 GET /api/v1/ 256.95ms
INF 2026-08-04T20:22:33.203Z > 200 GET /api/v1/ 17.24ms
INF 2026-08-04T20:22:33.209Z > 200 GET /api/v1/ 254.69ms
INF 2026-08-04T20:22:33.209Z > 200 GET /api/v1/ 249.91ms
INF 2026-08-04T20:22:33.211Z > 200 GET /api/v1/ 11.0ms
INF 2026-08-04T20:22:33.212Z > 200 GET /api/v1/ 12.45ms
INF 2026-08-04T20:22:33.212Z > 200 GET /api/v1/ 13.72ms
INF 2026-08-04T20:22:33.214Z > 200 GET /api/v1/ 256.64ms
INF 2026-08-04T20:22:33.214Z > 200 GET /api/v1/ 11.16ms
INF 2026-08-04T20:22:33.214Z > 200 GET /api/v1/ 11.28ms
INF 2026-08-04T20:22:33.215Z > 200 GET /api/v1/ 12.15ms
INF 2026-08-04T20:22:33.217Z > 200 GET /api/v1/ 8.31ms
INF 2026-08-04T20:22:33.218Z > 200 GET /api/v1/ 6.03ms
INF 2026-08-04T20:22:33.219Z > 200 GET /api/v1/ 4.81ms
INF 2026-08-04T20:22:33.219Z > 200 GET /api/v1/ 258.96ms
INF 2026-08-04T20:22:33.220Z > 200 GET /api/v1/ 5.56ms
INF 2026-08-04T20:22:33.223Z > 200 GET /api/v1/ 4.03ms
INF 2026-08-04T20:22:33.224Z > 200 GET /api/v1/ 3.54ms
INF 2026-08-04T20:22:33.232Z > 200 GET /api/v1/ 8.06ms
INF 2026-08-04T20:22:33.232Z > 200 GET /api/v1/ 8.64ms
INF 2026-08-04T20:22:33.234Z > 200 GET /api/v1/ 273.31ms
INF 2026-08-04T20:22:33.237Z > 200 GET /api/v1/ 275.11ms
INF 2026-08-04T20:22:33.242Z > 200 GET /api/v1/ 279.73ms
INF 2026-08-04T20:22:33.252Z > 200 GET /api/v1/ 288.61ms
INF 2026-08-04T20:22:33.252Z > 200 GET /api/v1/ 18.03ms
INF 2026-08-04T20:22:33.255Z > 200 GET /api/v1/ 18.56ms
INF 2026-08-04T20:22:33.256Z > 200 GET /api/v1/ 291.72ms
INF 2026-08-04T20:22:33.270Z > 200 GET /api/v1/ 303.34ms
INF 2026-08-04T20:22:33.271Z > 200 GET /api/v1/ 306.6ms
INF 2026-08-04T20:22:33.273Z > 200 GET /api/v1/ 17.05ms
INF 2026-08-04T20:22:33.273Z > 200 GET /api/v1/ 306.42ms
INF 2026-08-04T20:22:33.273Z > 200 GET /api/v1/ 17.23ms
INF 2026-08-04T20:22:33.274Z > 200 GET /api/v1/ 302.96ms
INF 2026-08-04T20:22:33.276Z > 200 GET /api/v1/ 306.29ms
INF 2026-08-04T20:22:33.276Z > 200 GET /api/v1/ 307.92ms
INF 2026-08-04T20:22:33.277Z > 200 GET /api/v1/ 308.4ms
INF 2026-08-04T20:22:33.278Z > 200 GET /api/v1/ 7.66ms
INF 2026-08-04T20:22:33.281Z > 200 GET /api/v1/ 309.66ms
INF 2026-08-04T20:22:33.282Z > 200 GET /api/v1/ 307.64ms
INF 2026-08-04T20:22:33.282Z > 200 GET /api/v1/ 311.57ms
INF 2026-08-04T20:22:33.284Z > 200 GET /api/v1/ 12.46ms
INF 2026-08-04T20:22:33.286Z > 200 GET /api/v1/ 311.97ms
INF 2026-08-04T20:22:33.286Z > 200 GET /api/v1/ 8.62ms
INF 2026-08-04T20:22:33.290Z > 200 GET /api/v1/ 12.88ms
INF 2026-08-04T20:22:33.291Z > 200 GET /api/v1/ 283.54ms
INF 2026-08-04T20:22:33.291Z > 200 GET /api/v1/ 314.18ms
INF 2026-08-04T20:22:33.292Z > 200 GET /api/v1/ 314.17ms
INF 2026-08-04T20:22:33.292Z > 200 GET /api/v1/ 10.39ms
INF 2026-08-04T20:22:33.296Z > 200 GET /api/v1/ 320.31ms
INF 2026-08-04T20:22:33.298Z > 200 GET /api/v1/ 319.49ms
INF 2026-08-04T20:22:33.298Z > 200 GET /api/v1/ 15.48ms
INF 2026-08-04T20:22:33.298Z > 200 GET /api/v1/ 288.3ms
INF 2026-08-04T20:22:33.299Z > 200 GET /api/v1/ 262.26ms
INF 2026-08-04T20:22:33.303Z > 200 GET /api/v1/ 219.27ms
INF 2026-08-04T20:22:33.305Z > 200 GET /api/v1/ 243.86ms
INF 2026-08-04T20:22:33.306Z > 200 GET /api/v1/ 244.61ms
INF 2026-08-04T20:22:33.307Z > 200 GET /api/v1/ 223.27ms
INF 2026-08-04T20:22:33.307Z > 200 GET /api/v1/ 275.36ms
INF 2026-08-04T20:22:33.308Z > 200 GET /api/v1/ 9.67ms
INF 2026-08-04T20:22:33.308Z > 200 GET /api/v1/ 224.03ms
INF 2026-08-04T20:22:33.309Z > 200 GET /api/v1/ 240.0ms
INF 2026-08-04T20:22:33.309Z > 200 GET /api/v1/ 224.86ms
INF 2026-08-04T20:22:33.309Z > 200 GET /api/v1/ 227.13ms
INF 2026-08-04T20:22:33.312Z > 200 GET /api/v1/ 224.33ms
INF 2026-08-04T20:22:33.321Z > 200 GET /api/v1/ 237.06ms
INF 2026-08-04T20:22:33.324Z > 200 GET /api/v1/ 240.27ms
INF 2026-08-04T20:22:33.328Z > 200 GET /api/v1/ 243.51ms
INF 2026-08-04T20:22:33.339Z > 200 GET /api/v1/ 254.96ms
INF 2026-08-04T20:22:33.340Z > 200 GET /api/v1/ 251.91ms
INF 2026-08-04T20:22:33.347Z > 200 GET /api/v1/ 258.07ms
INF 2026-08-04T20:22:33.351Z > 200 GET /api/v1/ 265.18ms
INF 2026-08-04T20:22:33.351Z > 200 GET /api/v1/ 46.07ms
INF 2026-08-04T20:22:33.352Z > 200 GET /api/v1/ 44.59ms
INF 2026-08-04T20:22:33.354Z > 200 GET /api/v1/ 261.61ms
INF 2026-08-04T20:22:33.359Z > 200 GET /api/v1/ 264.8ms
INF 2026-08-04T20:22:33.359Z > 200 GET /api/v1/ 49.56ms
INF 2026-08-04T20:22:33.360Z > 200 GET /api/v1/ 262.56ms
INF 2026-08-04T20:22:33.360Z > 200 GET /api/v1/ 269.37ms
INF 2026-08-04T20:22:33.361Z > 200 GET /api/v1/ 267.01ms
INF 2026-08-04T20:22:33.361Z > 200 GET /api/v1/ 269.7ms
INF 2026-08-04T20:22:33.361Z > 200 GET /api/v1/ 263.73ms
INF 2026-08-04T20:22:33.362Z > 200 GET /api/v1/ 264.08ms
INF 2026-08-04T20:22:33.362Z > 200 GET /api/v1/ 260.68ms
INF 2026-08-04T20:22:33.363Z > 200 GET /api/v1/ 249.62ms
INF 2026-08-04T20:22:33.363Z > 200 GET /api/v1/ 265.63ms
INF 2026-08-04T20:22:33.368Z > 200 GET /api/v1/ 266.02ms
INF 2026-08-04T20:22:33.370Z > 200 GET /api/v1/ 225.83ms
INF 2026-08-04T20:22:33.370Z > 200 GET /api/v1/ 30.47ms
INF 2026-08-04T20:22:33.370Z > 200 GET /api/v1/ 29.71ms
INF 2026-08-04T20:22:33.371Z > 200 GET /api/v1/ 250.88ms
INF 2026-08-04T20:22:33.375Z > 200 GET /api/v1/ 224.91ms
INF 2026-08-04T20:22:33.376Z > 200 GET /api/v1/ 236.42ms
INF 2026-08-04T20:22:33.376Z > 200 GET /api/v1/ 51.85ms
INF 2026-08-04T20:22:33.381Z > 200 GET /api/v1/ 20.94ms
INF 2026-08-04T20:22:33.382Z > 200 GET /api/v1/ 20.81ms
INF 2026-08-04T20:22:33.384Z > 200 GET /api/v1/ 264.65ms
INF 2026-08-04T20:22:33.384Z > 200 GET /api/v1/ 22.48ms
INF 2026-08-04T20:22:33.384Z > 200 GET /api/v1/ 21.86ms
INF 2026-08-04T20:22:33.385Z > 200 GET /api/v1/ 56.43ms
INF 2026-08-04T20:22:33.385Z > 200 GET /api/v1/ 22.03ms
INF 2026-08-04T20:22:33.388Z > 200 GET /api/v1/ 243.53ms
INF 2026-08-04T20:22:33.388Z > 200 GET /api/v1/ 37.73ms
INF 2026-08-04T20:22:33.389Z > 200 GET /api/v1/ 21.23ms
INF 2026-08-04T20:22:33.391Z > 200 GET /api/v1/ 20.58ms
INF 2026-08-04T20:22:33.396Z > 200 GET /api/v1/ 25.9ms
INF 2026-08-04T20:22:33.397Z > 200 GET /api/v1/ 275.04ms
INF 2026-08-04T20:22:33.406Z > 200 GET /api/v1/ 287.01ms
INF 2026-08-04T20:22:33.406Z > 200 GET /api/v1/ 293.47ms
INF 2026-08-04T20:22:33.409Z > 200 GET /api/v1/ 284.22ms
INF 2026-08-04T20:22:33.411Z > 200 GET /api/v1/ 25.9ms
INF 2026-08-04T20:22:33.413Z > 200 GET /api/v1/ 269.0ms
INF 2026-08-04T20:22:33.414Z > 200 GET /api/v1/ 254.17ms
INF 2026-08-04T20:22:33.415Z > 200 GET /api/v1/ 32.88ms
INF 2026-08-04T20:22:33.415Z > 200 GET /api/v1/ 30.85ms
INF 2026-08-04T20:22:33.416Z > 200 GET /api/v1/ 261.09ms
INF 2026-08-04T20:22:33.417Z > 200 GET /api/v1/ 276.27ms
INF 2026-08-04T20:22:33.418Z > 200 GET /api/v1/ 292.79ms
INF 2026-08-04T20:22:33.419Z > 200 GET /api/v1/ 35.16ms
INF 2026-08-04T20:22:33.420Z > 200 GET /api/v1/ 35.19ms
INF 2026-08-04T20:22:33.421Z > 200 GET /api/v1/ 282.53ms
INF 2026-08-04T20:22:33.422Z > 200 GET /api/v1/ 253.51ms
INF 2026-08-04T20:22:33.425Z > 200 GET /api/v1/ 311.54ms
INF 2026-08-04T20:22:33.426Z > 200 GET /api/v1/ 36.32ms
INF 2026-08-04T20:22:33.426Z > 200 GET /api/v1/ 35.08ms
INF 2026-08-04T20:22:33.428Z > 200 GET /api/v1/ 302.89ms
INF 2026-08-04T20:22:33.429Z > 200 GET /api/v1/ 263.82ms
INF 2026-08-04T20:22:33.429Z > 200 GET /api/v1/ 250.58ms
INF 2026-08-04T20:22:33.432Z > 200 GET /api/v1/ 252.9ms
INF 2026-08-04T20:22:33.435Z > 200 GET /api/v1/ 38.26ms
INF 2026-08-04T20:22:33.436Z > 200 GET /api/v1/ 310.63ms
INF 2026-08-04T20:22:33.436Z > 200 GET /api/v1/ 267.9ms
INF 2026-08-04T20:22:33.437Z > 200 GET /api/v1/ 324.58ms
INF 2026-08-04T20:22:33.437Z > 200 GET /api/v1/ 277.26ms
INF 2026-08-04T20:22:33.438Z > 200 GET /api/v1/ 23.35ms
INF 2026-08-04T20:22:33.439Z > 200 GET /api/v1/ 23.28ms
INF 2026-08-04T20:22:33.441Z > 200 GET /api/v1/ 259.12ms
INF 2026-08-04T20:22:33.441Z > 200 GET /api/v1/ 23.84ms
INF 2026-08-04T20:22:33.446Z > 200 GET /api/v1/ 25.95ms
INF 2026-08-04T20:22:33.446Z > 200 GET /api/v1/ 27.11ms
INF 2026-08-04T20:22:33.447Z > 200 GET /api/v1/ 267.08ms
INF 2026-08-04T20:22:33.448Z > 200 GET /api/v1/ 35.36ms
INF 2026-08-04T20:22:33.451Z > 200 GET /api/v1/ 270.43ms
INF 2026-08-04T20:22:33.451Z > 200 GET /api/v1/ 28.55ms
INF 2026-08-04T20:22:33.452Z > 200 GET /api/v1/ 23.41ms
INF 2026-08-04T20:22:33.454Z > 200 GET /api/v1/ 28.34ms
INF 2026-08-04T20:22:33.457Z > 200 GET /api/v1/ 24.05ms
INF 2026-08-04T20:22:33.457Z > 200 GET /api/v1/ 28.28ms
INF 2026-08-04T20:22:33.459Z > 200 GET /api/v1/ 23.32ms
INF 2026-08-04T20:22:33.461Z > 200 GET /api/v1/ 23.68ms
INF 2026-08-04T20:22:33.464Z > 200 GET /api/v1/ 22.99ms
INF 2026-08-04T20:22:33.473Z > 200 GET /api/v1/ 27.28ms
INF 2026-08-04T20:22:33.475Z > 200 GET /api/v1/ 26.16ms
INF 2026-08-04T20:22:33.475Z > 200 GET /api/v1/ 281.37ms
INF 2026-08-04T20:22:33.475Z > 200 GET /api/v1/ 24.38ms
INF 2026-08-04T20:22:33.476Z > 200 GET /api/v1/ 291.69ms
INF 2026-08-04T20:22:33.476Z > 200 GET /api/v1/ 19.27ms
INF 2026-08-04T20:22:33.479Z > 200 GET /api/v1/ 289.52ms
INF 2026-08-04T20:22:33.479Z > 200 GET /api/v1/ 282.53ms
INF 2026-08-04T20:22:33.480Z > 200 GET /api/v1/ 21.92ms
INF 2026-08-04T20:22:33.480Z > 200 GET /api/v1/ 295.47ms
INF 2026-08-04T20:22:33.482Z > 200 GET /api/v1/ 20.96ms
INF 2026-08-04T20:22:33.482Z > 200 GET /api/v1/ 22.8ms
INF 2026-08-04T20:22:33.483Z > 200 GET /api/v1/ 30.17ms
INF 2026-08-04T20:22:33.483Z > 200 GET /api/v1/ 28.69ms
INF 2026-08-04T20:22:33.486Z > 200 GET /api/v1/ 288.4ms
INF 2026-08-04T20:22:33.487Z > 200 GET /api/v1/ 274.43ms
INF 2026-08-04T20:22:33.487Z > 200 GET /api/v1/ 4.89ms
INF 2026-08-04T20:22:33.488Z > 200 GET /api/v1/ 10.23ms
INF 2026-08-04T20:22:33.489Z > 200 GET /api/v1/ 9.77ms
INF 2026-08-04T20:22:33.496Z > 200 GET /api/v1/ 6.06ms
INF 2026-08-04T20:22:33.496Z > 200 GET /api/v1/ 281.65ms
INF 2026-08-04T20:22:33.497Z > 200 GET /api/v1/ 264.78ms
INF 2026-08-04T20:22:33.499Z > 200 GET /api/v1/ 246.35ms
INF 2026-08-04T20:22:33.499Z > 200 GET /api/v1/ 289.94ms
INF 2026-08-04T20:22:33.500Z > 200 GET /api/v1/ 300.82ms
INF 2026-08-04T20:22:33.500Z > 200 GET /api/v1/ 223.68ms
INF 2026-08-04T20:22:33.504Z > 200 GET /api/v1/ 218.89ms
INF 2026-08-04T20:22:33.505Z > 200 GET /api/v1/ 302.34ms
INF 2026-08-04T20:22:33.506Z > 200 GET /api/v1/ 232.22ms
INF 2026-08-04T20:22:33.506Z > 200 GET /api/v1/ 232.71ms
INF 2026-08-04T20:22:33.506Z > 200 GET /api/v1/ 293.7ms
INF 2026-08-04T20:22:33.507Z > 200 GET /api/v1/ 10.25ms
INF 2026-08-04T20:22:33.507Z > 200 GET /api/v1/ 288.25ms
INF 2026-08-04T20:22:33.508Z > 200 GET /api/v1/ 276.09ms
INF 2026-08-04T20:22:33.511Z > 200 GET /api/v1/ 234.63ms
INF 2026-08-04T20:22:33.511Z > 200 GET /api/v1/ 259.52ms
INF 2026-08-04T20:22:33.513Z > 200 GET /api/v1/ 239.15ms
INF 2026-08-04T20:22:33.513Z > 200 GET /api/v1/ 309.71ms
INF 2026-08-04T20:22:33.514Z > 200 GET /api/v1/ 13.69ms
INF 2026-08-04T20:22:33.516Z > 200 GET /api/v1/ 211.0ms
INF 2026-08-04T20:22:33.527Z > 200 GET /api/v1/ 308.95ms
INF 2026-08-04T20:22:33.527Z > 200 GET /api/v1/ 244.85ms
INF 2026-08-04T20:22:33.528Z > 200 GET /api/v1/ 252.89ms
INF 2026-08-04T20:22:33.528Z > 200 GET /api/v1/ 220.13ms
INF 2026-08-04T20:22:33.531Z > 200 GET /api/v1/ 313.32ms
INF 2026-08-04T20:22:33.532Z > 200 GET /api/v1/ 240.66ms
INF 2026-08-04T20:22:33.538Z > 200 GET /api/v1/ 246.57ms
INF 2026-08-04T20:22:33.538Z > 200 GET /api/v1/ 239.51ms
INF 2026-08-04T20:22:33.541Z > 200 GET /api/v1/ 248.33ms
INF 2026-08-04T20:22:33.541Z > 200 GET /api/v1/ 250.77ms
INF 2026-08-04T20:22:33.543Z > 200 GET /api/v1/ 256.13ms
INF 2026-08-04T20:22:33.544Z > 200 GET /api/v1/ 245.32ms
INF 2026-08-04T20:22:33.546Z > 200 GET /api/v1/ 237.15ms
INF 2026-08-04T20:22:33.547Z > 200 GET /api/v1/ 305.03ms
INF 2026-08-04T20:22:33.548Z > 200 GET /api/v1/ 240.17ms
INF 2026-08-04T20:22:33.549Z > 200 GET /api/v1/ 261.26ms
INF 2026-08-04T20:22:33.549Z > 200 GET /api/v1/ 237.58ms
INF 2026-08-04T20:22:33.550Z > 200 GET /api/v1/ 37.76ms
INF 2026-08-04T20:22:33.551Z > 200 GET /api/v1/ 242.34ms
INF 2026-08-04T20:22:33.551Z > 200 GET /api/v1/ 251.96ms
INF 2026-08-04T20:22:33.551Z > 200 GET /api/v1/ 259.06ms
INF 2026-08-04T20:22:33.551Z > 200 GET /api/v1/ 335.93ms
INF 2026-08-04T20:22:33.552Z > 200 GET /api/v1/ 229.02ms
INF 2026-08-04T20:22:33.552Z > 200 GET /api/v1/ 243.16ms
INF 2026-08-04T20:22:33.553Z > 200 GET /api/v1/ 231.92ms
INF 2026-08-04T20:22:33.554Z > 200 GET /api/v1/ 199.15ms
INF 2026-08-04T20:22:33.554Z > 200 GET /api/v1/ 207.3ms
INF 2026-08-04T20:22:33.557Z > 200 GET /api/v1/ 42.34ms
INF 2026-08-04T20:22:33.557Z > 200 GET /api/v1/ 257.77ms
INF 2026-08-04T20:22:33.559Z > 200 GET /api/v1/ 27.44ms
INF 2026-08-04T20:22:33.559Z > 200 GET /api/v1/ 208.04ms
INF 2026-08-04T20:22:33.567Z > 200 GET /api/v1/ 23.13ms
INF 2026-08-04T20:22:33.570Z > 200 GET /api/v1/ 23.6ms
INF 2026-08-04T20:22:33.571Z > 200 GET /api/v1/ 20.21ms
INF 2026-08-04T20:22:33.571Z > 200 GET /api/v1/ 19.9ms
INF 2026-08-04T20:22:33.572Z > 200 GET /api/v1/ 23.22ms
INF 2026-08-04T20:22:33.572Z > 200 GET /api/v1/ 19.92ms
INF 2026-08-04T20:22:33.573Z > 200 GET /api/v1/ 18.68ms
INF 2026-08-04T20:22:33.573Z > 200 GET /api/v1/ 21.54ms
INF 2026-08-04T20:22:33.574Z > 200 GET /api/v1/ 17.27ms
INF 2026-08-04T20:22:33.574Z > 200 GET /api/v1/ 215.23ms
INF 2026-08-04T20:22:33.576Z > 200 GET /api/v1/ 17.03ms
INF 2026-08-04T20:22:33.584Z > 200 GET /api/v1/ 231.49ms
INF 2026-08-04T20:22:33.584Z > 200 GET /api/v1/ 225.19ms
INF 2026-08-04T20:22:33.585Z > 200 GET /api/v1/ 13.38ms
INF 2026-08-04T20:22:33.593Z > 200 GET /api/v1/ 230.97ms
INF 2026-08-04T20:22:33.593Z > 200 GET /api/v1/ 231.2ms
INF 2026-08-04T20:22:33.593Z > 200 GET /api/v1/ 19.93ms
INF 2026-08-04T20:22:33.593Z > 200 GET /api/v1/ 18.88ms
INF 2026-08-04T20:22:33.594Z > 200 GET /api/v1/ 22.38ms
INF 2026-08-04T20:22:33.610Z > 200 GET /api/v1/ 246.8ms
INF 2026-08-04T20:22:33.610Z > 200 GET /api/v1/ 16.61ms
INF 2026-08-04T20:22:33.610Z > 200 GET /api/v1/ 25.75ms
INF 2026-08-04T20:22:33.611Z > 200 GET /api/v1/ 249.66ms
INF 2026-08-04T20:22:33.613Z > 200 GET /api/v1/ 242.28ms
INF 2026-08-04T20:22:33.621Z > 200 GET /api/v1/ 245.21ms
INF 2026-08-04T20:22:33.622Z > 200 GET /api/v1/ 245.65ms
INF 2026-08-04T20:22:33.622Z > 200 GET /api/v1/ 245.95ms
INF 2026-08-04T20:22:33.623Z > 200 GET /api/v1/ 237.87ms
INF 2026-08-04T20:22:33.625Z > 200 GET /api/v1/ 254.01ms
INF 2026-08-04T20:22:33.626Z > 200 GET /api/v1/ 244.68ms
INF 2026-08-04T20:22:33.628Z > 200 GET /api/v1/ 17.59ms
INF 2026-08-04T20:22:33.629Z > 200 GET /api/v1/ 15.99ms
INF 2026-08-04T20:22:33.632Z > 200 GET /api/v1/ 243.7ms
INF 2026-08-04T20:22:33.634Z > 200 GET /api/v1/ 237.42ms
INF 2026-08-04T20:22:33.637Z > 200 GET /api/v1/ 15.77ms
INF 2026-08-04T20:22:33.638Z > 200 GET /api/v1/ 249.35ms
INF 2026-08-04T20:22:33.638Z > 200 GET /api/v1/ 15.69ms
INF 2026-08-04T20:22:33.638Z > 200 GET /api/v1/ 231.44ms
INF 2026-08-04T20:22:33.641Z > 200 GET /api/v1/ 14.58ms
INF 2026-08-04T20:22:33.642Z > 200 GET /api/v1/ 234.83ms
INF 2026-08-04T20:22:33.644Z > 200 GET /api/v1/ 15.98ms
INF 2026-08-04T20:22:33.646Z > 200 GET /api/v1/ 16.97ms
INF 2026-08-04T20:22:33.651Z > 200 GET /api/v1/ 19.04ms
INF 2026-08-04T20:22:33.653Z > 200 GET /api/v1/ 14.41ms
INF 2026-08-04T20:22:33.654Z > 200 GET /api/v1/ 239.06ms
INF 2026-08-04T20:22:33.654Z > 200 GET /api/v1/ 245.12ms
INF 2026-08-04T20:22:33.655Z > 200 GET /api/v1/ 14.11ms
INF 2026-08-04T20:22:33.656Z > 200 GET /api/v1/ 244.46ms
INF 2026-08-04T20:22:33.656Z > 200 GET /api/v1/ 14.1ms
INF 2026-08-04T20:22:33.657Z > 200 GET /api/v1/ 13.12ms
INF 2026-08-04T20:22:33.662Z > 200 GET /api/v1/ 16.15ms
INF 2026-08-04T20:22:33.663Z > 200 GET /api/v1/ 244.15ms
INF 2026-08-04T20:22:33.664Z > 200 GET /api/v1/ 243.32ms
INF 2026-08-04T20:22:33.666Z > 200 GET /api/v1/ 11.78ms
INF 2026-08-04T20:22:33.669Z > 200 GET /api/v1/ 13.65ms
INF 2026-08-04T20:22:33.670Z > 200 GET /api/v1/ 12.12ms
INF 2026-08-04T20:22:33.670Z > 200 GET /api/v1/ 13.73ms
INF 2026-08-04T20:22:33.670Z > 200 GET /api/v1/ 254.45ms
INF 2026-08-04T20:22:33.671Z > 200 GET /api/v1/ 245.47ms
INF 2026-08-04T20:22:33.680Z > 200 GET /api/v1/ 253.79ms
INF 2026-08-04T20:22:33.684Z > 200 GET /api/v1/ 20.96ms
INF 2026-08-04T20:22:33.684Z > 200 GET /api/v1/ 19.95ms
INF 2026-08-04T20:22:33.696Z > 200 GET /api/v1/ 26.17ms
INF 2026-08-04T20:22:33.699Z > 200 GET /api/v1/ 270.1ms
INF 2026-08-04T20:22:33.701Z > 200 GET /api/v1/ 265.08ms
INF 2026-08-04T20:22:33.705Z > 200 GET /api/v1/ 21.33ms
INF 2026-08-04T20:22:33.706Z > 200 GET /api/v1/ 20.95ms
INF 2026-08-04T20:22:33.707Z > 200 GET /api/v1/ 265.7ms
INF 2026-08-04T20:22:33.707Z > 200 GET /api/v1/ 261.49ms
INF 2026-08-04T20:22:33.708Z > 200 GET /api/v1/ 8.04ms
INF 2026-08-04T20:22:33.708Z > 200 GET /api/v1/ 261.18ms
INF 2026-08-04T20:22:33.708Z > 200 GET /api/v1/ 257.38ms
INF 2026-08-04T20:22:33.709Z > 200 GET /api/v1/ 269.59ms
INF 2026-08-04T20:22:33.709Z > 200 GET /api/v1/ 29.12ms
INF 2026-08-04T20:22:33.709Z > 200 GET /api/v1/ 272.05ms
INF 2026-08-04T20:22:33.711Z > 200 GET /api/v1/ 246.29ms
INF 2026-08-04T20:22:33.711Z > 200 GET /api/v1/ 41.36ms
INF 2026-08-04T20:22:33.711Z > 200 GET /api/v1/ 3.32ms
INF 2026-08-04T20:22:33.712Z > 200 GET /api/v1/ 275.57ms
INF 2026-08-04T20:22:33.713Z > 200 GET /api/v1/ 274.58ms
INF 2026-08-04T20:22:33.713Z > 200 GET /api/v1/ 4.43ms
INF 2026-08-04T20:22:33.714Z > 200 GET /api/v1/ 4.88ms
INF 2026-08-04T20:22:33.714Z > 200 GET /api/v1/ 4.42ms
INF 2026-08-04T20:22:33.718Z > 200 GET /api/v1/ 3.86ms
INF 2026-08-04T20:22:33.720Z > 200 GET /api/v1/ 245.41ms
INF 2026-08-04T20:22:33.721Z > 200 GET /api/v1/ 245.44ms
INF 2026-08-04T20:22:33.721Z > 200 GET /api/v1/ 245.7ms
INF 2026-08-04T20:22:33.726Z > 200 GET /api/v1/ 249.96ms
INF 2026-08-04T20:22:33.726Z > 200 GET /api/v1/ 246.68ms
INF 2026-08-04T20:22:33.727Z > 200 GET /api/v1/ 5.93ms
INF 2026-08-04T20:22:33.728Z > 200 GET /api/v1/ 248.07ms
INF 2026-08-04T20:22:33.730Z > 200 GET /api/v1/ 247.74ms
INF 2026-08-04T20:22:33.731Z > 200 GET /api/v1/ 255.61ms
INF 2026-08-04T20:22:33.732Z > 200 GET /api/v1/ 251.77ms
INF 2026-08-04T20:22:33.734Z > 200 GET /api/v1/ 246.12ms
INF 2026-08-04T20:22:33.734Z > 200 GET /api/v1/ 7.09ms
INF 2026-08-04T20:22:33.736Z > 200 GET /api/v1/ 253.39ms
INF 2026-08-04T20:22:33.738Z > 200 GET /api/v1/ 250.29ms
INF 2026-08-04T20:22:33.748Z > 200 GET /api/v1/ 248.5ms
INF 2026-08-04T20:22:33.748Z > 200 GET /api/v1/ 262.47ms
INF 2026-08-04T20:22:33.749Z > 200 GET /api/v1/ 252.57ms
INF 2026-08-04T20:22:33.749Z > 200 GET /api/v1/ 259.04ms
INF 2026-08-04T20:22:33.750Z > 200 GET /api/v1/ 248.78ms
INF 2026-08-04T20:22:33.751Z > 200 GET /api/v1/ 267.82ms
INF 2026-08-04T20:22:33.754Z > 200 GET /api/v1/ 254.85ms
INF 2026-08-04T20:22:33.770Z > 200 GET /api/v1/ 265.79ms
INF 2026-08-04T20:22:33.777Z > 200 GET /api/v1/ 264.26ms
INF 2026-08-04T20:22:33.778Z > 200 GET /api/v1/ 265.38ms
INF 2026-08-04T20:22:33.780Z > 200 GET /api/v1/ 267.55ms
INF 2026-08-04T20:22:33.781Z > 200 GET /api/v1/ 264.46ms
INF 2026-08-04T20:22:33.782Z > 200 GET /api/v1/ 275.22ms
INF 2026-08-04T20:22:33.782Z > 200 GET /api/v1/ 275.64ms
INF 2026-08-04T20:22:33.783Z > 200 GET /api/v1/ 274.92ms
INF 2026-08-04T20:22:33.783Z > 200 GET /api/v1/ 286.75ms
INF 2026-08-04T20:22:33.783Z > 200 GET /api/v1/ 275.36ms
INF 2026-08-04T20:22:33.784Z > 200 GET /api/v1/ 276.07ms
INF 2026-08-04T20:22:33.785Z > 200 GET /api/v1/ 256.9ms
INF 2026-08-04T20:22:33.786Z > 200 GET /api/v1/ 257.03ms
INF 2026-08-04T20:22:33.786Z > 200 GET /api/v1/ 280.44ms
INF 2026-08-04T20:22:33.787Z > 200 GET /api/v1/ 280.08ms
INF 2026-08-04T20:22:33.794Z > 200 GET /api/v1/ 265.23ms
INF 2026-08-04T20:22:33.796Z > 200 GET /api/v1/ 267.81ms
INF 2026-08-04T20:22:33.798Z > 200 GET /api/v1/ 249.64ms
INF 2026-08-04T20:22:33.799Z > 200 GET /api/v1/ 231.97ms
INF 2026-08-04T20:22:33.800Z > 200 GET /api/v1/ 230.02ms
INF 2026-08-04T20:22:33.800Z > 200 GET /api/v1/ 248.71ms
INF 2026-08-04T20:22:33.801Z > 200 GET /api/v1/ 49.59ms
INF 2026-08-04T20:22:33.802Z > 200 GET /api/v1/ 260.89ms
INF 2026-08-04T20:22:33.808Z > 200 GET /api/v1/ 251.45ms
INF 2026-08-04T20:22:33.816Z > 200 GET /api/v1/ 33.68ms
INF 2026-08-04T20:22:33.816Z > 200 GET /api/v1/ 33.29ms
INF 2026-08-04T20:22:33.816Z > 200 GET /api/v1/ 243.14ms
INF 2026-08-04T20:22:33.817Z > 200 GET /api/v1/ 31.94ms
INF 2026-08-04T20:22:33.817Z > 200 GET /api/v1/ 33.62ms
INF 2026-08-04T20:22:33.817Z > 200 GET /api/v1/ 31.48ms
INF 2026-08-04T20:22:33.824Z > 200 GET /api/v1/ 265.13ms
INF 2026-08-04T20:22:33.826Z > 200 GET /api/v1/ 293.38ms
INF 2026-08-04T20:22:33.828Z > 200 GET /api/v1/ 283.76ms
INF 2026-08-04T20:22:33.829Z > 200 GET /api/v1/ 235.88ms
INF 2026-08-04T20:22:33.830Z > 200 GET /api/v1/ 276.32ms
INF 2026-08-04T20:22:33.839Z > 200 GET /api/v1/ 291.16ms
INF 2026-08-04T20:22:33.840Z > 200 GET /api/v1/ 286.22ms
INF 2026-08-04T20:22:33.841Z > 200 GET /api/v1/ 302.56ms
INF 2026-08-04T20:22:33.844Z > 200 GET /api/v1/ 18.7ms
INF 2026-08-04T20:22:33.845Z > 200 GET /api/v1/ 250.29ms
INF 2026-08-04T20:22:33.845Z > 200 GET /api/v1/ 296.2ms
INF 2026-08-04T20:22:33.852Z > 200 GET /api/v1/ 241.32ms
INF 2026-08-04T20:22:33.852Z > 200 GET /api/v1/ 22.75ms
INF 2026-08-04T20:22:33.853Z > 200 GET /api/v1/ 24.32ms
INF 2026-08-04T20:22:33.853Z > 200 GET /api/v1/ 259.19ms
INF 2026-08-04T20:22:33.853Z > 200 GET /api/v1/ 302.24ms
INF 2026-08-04T20:22:33.853Z > 200 GET /api/v1/ 281.12ms
INF 2026-08-04T20:22:33.853Z > 200 GET /api/v1/ 242.97ms
INF 2026-08-04T20:22:33.854Z > 200 GET /api/v1/ 260.15ms
INF 2026-08-04T20:22:33.854Z > 200 GET /api/v1/ 270.2ms
INF 2026-08-04T20:22:33.854Z > 200 GET /api/v1/ 278.14ms
INF 2026-08-04T20:22:33.854Z > 200 GET /api/v1/ 313.3ms
INF 2026-08-04T20:22:33.855Z > 200 GET /api/v1/ 302.74ms
INF 2026-08-04T20:22:33.856Z > 200 GET /api/v1/ 271.3ms
INF 2026-08-04T20:22:33.859Z > 200 GET /api/v1/ 320.77ms
INF 2026-08-04T20:22:33.860Z > 200 GET /api/v1/ 14.95ms
INF 2026-08-04T20:22:33.861Z > 200 GET /api/v1/ 15.6ms
INF 2026-08-04T20:22:33.862Z > 200 GET /api/v1/ 8.59ms
INF 2026-08-04T20:22:33.862Z > 200 GET /api/v1/ 9.5ms
INF 2026-08-04T20:22:33.863Z > 200 GET /api/v1/ 8.64ms
INF 2026-08-04T20:22:33.863Z > 200 GET /api/v1/ 8.02ms
INF 2026-08-04T20:22:33.863Z > 200 GET /api/v1/ 7.37ms
INF 2026-08-04T20:22:33.864Z > 200 GET /api/v1/ 4.97ms
INF 2026-08-04T20:22:33.866Z > 200 GET /api/v1/ 3.79ms
INF 2026-08-04T20:22:33.867Z > 200 GET /api/v1/ 3.39ms
INF 2026-08-04T20:22:33.867Z > 200 GET /api/v1/ 295.91ms
INF 2026-08-04T20:22:33.867Z > 200 GET /api/v1/ 81.89ms
INF 2026-08-04T20:22:33.868Z > 200 GET /api/v1/ 293.13ms
INF 2026-08-04T20:22:33.868Z > 200 GET /api/v1/ 97.47ms
INF 2026-08-04T20:22:33.869Z > 200 GET /api/v1/ 70.37ms
INF 2026-08-04T20:22:33.871Z > 200 GET /api/v1/ 70.76ms
INF 2026-08-04T20:22:33.872Z > 200 GET /api/v1/ 55.41ms
INF 2026-08-04T20:22:33.872Z > 200 GET /api/v1/ 55.71ms
INF 2026-08-04T20:22:33.873Z > 200 GET /api/v1/ 55.31ms
INF 2026-08-04T20:22:33.873Z > 200 GET /api/v1/ 5.39ms
INF 2026-08-04T20:22:33.890Z > 200 GET /api/v1/ 267.99ms
INF 2026-08-04T20:22:33.895Z > 200 GET /api/v1/ 260.74ms
INF 2026-08-04T20:22:33.897Z > 200 GET /api/v1/ 274.19ms
INF 2026-08-04T20:22:33.897Z > 200 GET /api/v1/ 260.67ms
INF 2026-08-04T20:22:33.898Z > 200 GET /api/v1/ 7.83ms
INF 2026-08-04T20:22:33.910Z > 200 GET /api/v1/ 271.85ms
INF 2026-08-04T20:22:33.915Z > 200 GET /api/v1/ 16.86ms
INF 2026-08-04T20:22:33.915Z > 200 GET /api/v1/ 17.79ms
INF 2026-08-04T20:22:33.915Z > 200 GET /api/v1/ 263.99ms
INF 2026-08-04T20:22:33.919Z > 200 GET /api/v1/ 266.29ms
INF 2026-08-04T20:22:33.928Z > 200 GET /api/v1/ 273.61ms
INF 2026-08-04T20:22:33.929Z > 200 GET /api/v1/ 9.28ms
INF 2026-08-04T20:22:33.932Z > 200 GET /api/v1/ 275.78ms
INF 2026-08-04T20:22:33.934Z > 200 GET /api/v1/ 237.25ms
INF 2026-08-04T20:22:33.934Z > 200 GET /api/v1/ 272.15ms
INF 2026-08-04T20:22:33.937Z > 200 GET /api/v1/ 22.62ms
INF 2026-08-04T20:22:33.939Z > 200 GET /api/v1/ 259.5ms
INF 2026-08-04T20:22:33.944Z > 200 GET /api/v1/ 243.16ms
INF 2026-08-04T20:22:33.945Z > 200 GET /api/v1/ 15.89ms
INF 2026-08-04T20:22:33.946Z > 200 GET /api/v1/ 275.32ms
INF 2026-08-04T20:22:33.951Z > 200 GET /api/v1/ 285.44ms
INF 2026-08-04T20:22:33.952Z > 200 GET /api/v1/ 246.06ms
INF 2026-08-04T20:22:33.952Z > 200 GET /api/v1/ 282.28ms
INF 2026-08-04T20:22:33.954Z > 200 GET /api/v1/ 80.5ms
INF 2026-08-04T20:22:33.954Z > 200 GET /api/v1/ 15.02ms
INF 2026-08-04T20:22:33.954Z > 200 GET /api/v1/ 246.96ms
INF 2026-08-04T20:22:33.955Z > 200 GET /api/v1/ 329.89ms
INF 2026-08-04T20:22:33.955Z > 200 GET /api/v1/ 20.51ms
INF 2026-08-04T20:22:33.956Z > 200 GET /api/v1/ 317.22ms
INF 2026-08-04T20:22:33.956Z > 200 GET /api/v1/ 247.9ms
INF 2026-08-04T20:22:33.956Z > 200 GET /api/v1/ 344.57ms
INF 2026-08-04T20:22:33.956Z > 200 GET /api/v1/ 250.81ms
INF 2026-08-04T20:22:33.957Z > 200 GET /api/v1/ 247.23ms
INF 2026-08-04T20:22:33.957Z > 200 GET /api/v1/ 13.35ms
INF 2026-08-04T20:22:33.958Z > 200 GET /api/v1/ 12.5ms
INF 2026-08-04T20:22:33.960Z > 200 GET /api/v1/ 249.32ms
INF 2026-08-04T20:22:33.961Z > 200 GET /api/v1/ 88.03ms
INF 2026-08-04T20:22:33.961Z > 200 GET /api/v1/ 29.43ms
INF 2026-08-04T20:22:33.961Z > 200 GET /api/v1/ 250.3ms
INF 2026-08-04T20:22:33.962Z > 200 GET /api/v1/ 24.07ms
INF 2026-08-04T20:22:33.962Z > 200 GET /api/v1/ 252.52ms
INF 2026-08-04T20:22:33.963Z > 200 GET /api/v1/ 7.31ms
INF 2026-08-04T20:22:33.965Z > 200 GET /api/v1/ 8.69ms
INF 2026-08-04T20:22:33.965Z > 200 GET /api/v1/ 9.21ms
INF 2026-08-04T20:22:33.966Z > 200 GET /api/v1/ 9.31ms
INF 2026-08-04T20:22:33.967Z > 200 GET /api/v1/ 255.58ms
INF 2026-08-04T20:22:33.977Z > 200 GET /api/v1/ 264.25ms
INF 2026-08-04T20:22:33.978Z > 200 GET /api/v1/ 15.44ms
INF 2026-08-04T20:22:33.978Z > 200 GET /api/v1/ 23.14ms
INF 2026-08-04T20:22:33.979Z > 200 GET /api/v1/ 264.9ms
INF 2026-08-04T20:22:33.980Z > 200 GET /api/v1/ 268.05ms
INF 2026-08-04T20:22:33.984Z > 200 GET /api/v1/ 271.42ms
INF 2026-08-04T20:22:33.985Z > 200 GET /api/v1/ 263.66ms
INF 2026-08-04T20:22:33.985Z > 200 GET /api/v1/ 257.81ms
INF 2026-08-04T20:22:33.986Z > 200 GET /api/v1/ 264.29ms
INF 2026-08-04T20:22:33.986Z > 200 GET /api/v1/ 267.98ms
INF 2026-08-04T20:22:33.992Z > 200 GET /api/v1/ 261.63ms
INF 2026-08-04T20:22:33.993Z > 200 GET /api/v1/ 265.38ms
INF 2026-08-04T20:22:33.993Z > 200 GET /api/v1/ 259.31ms
INF 2026-08-04T20:22:33.995Z > 200 GET /api/v1/ 262.71ms
INF 2026-08-04T20:22:33.995Z > 200 GET /api/v1/ 266.73ms
INF 2026-08-04T20:22:33.995Z > 200 GET /api/v1/ 257.3ms
INF 2026-08-04T20:22:33.996Z > 200 GET /api/v1/ 263.76ms
INF 2026-08-04T20:22:33.996Z > 200 GET /api/v1/ 259.08ms
INF 2026-08-04T20:22:34.018Z > 200 GET /api/v1/ 237.25ms
INF 2026-08-04T20:22:34.019Z > 200 GET /api/v1/ 263.94ms
INF 2026-08-04T20:22:34.020Z > 200 GET /api/v1/ 241.8ms
INF 2026-08-04T20:22:34.022Z > 200 GET /api/v1/ 287.5ms
INF 2026-08-04T20:22:34.022Z > 200 GET /api/v1/ 223.65ms
INF 2026-08-04T20:22:34.023Z > 200 GET /api/v1/ 272.61ms
INF 2026-08-04T20:22:34.024Z > 200 GET /api/v1/ 241.31ms
INF 2026-08-04T20:22:34.024Z > 200 GET /api/v1/ 243.41ms
INF 2026-08-04T20:22:34.025Z > 200 GET /api/v1/ 238.6ms
INF 2026-08-04T20:22:34.026Z > 200 GET /api/v1/ 30.49ms
INF 2026-08-04T20:22:34.026Z > 200 GET /api/v1/ 223.84ms
INF 2026-08-04T20:22:34.026Z > 200 GET /api/v1/ 30.86ms
INF 2026-08-04T20:22:34.027Z > 200 GET /api/v1/ 248.83ms
INF 2026-08-04T20:22:34.029Z > 200 GET /api/v1/ 278.05ms
INF 2026-08-04T20:22:34.033Z > 200 GET /api/v1/ 282.01ms
INF 2026-08-04T20:22:34.034Z > 200 GET /api/v1/ 216.86ms
INF 2026-08-04T20:22:34.035Z > 200 GET /api/v1/ 240.67ms
INF 2026-08-04T20:22:34.036Z > 200 GET /api/v1/ 195.43ms
INF 2026-08-04T20:22:34.036Z > 200 GET /api/v1/ 239.28ms
INF 2026-08-04T20:22:34.038Z > 200 GET /api/v1/ 252.25ms
INF 2026-08-04T20:22:34.040Z > 200 GET /api/v1/ 200.48ms
INF 2026-08-04T20:22:34.053Z > 200 GET /api/v1/ 35.38ms
INF 2026-08-04T20:22:34.054Z > 200 GET /api/v1/ 253.12ms
INF 2026-08-04T20:22:34.054Z > 200 GET /api/v1/ 208.85ms
INF 2026-08-04T20:22:34.054Z > 200 GET /api/v1/ 213.57ms
INF 2026-08-04T20:22:34.055Z > 200 GET /api/v1/ 31.74ms
INF 2026-08-04T20:22:34.056Z > 200 GET /api/v1/ 231.44ms
INF 2026-08-04T20:22:34.057Z > 200 GET /api/v1/ 30.37ms
INF 2026-08-04T20:22:34.057Z > 200 GET /api/v1/ 37.19ms
INF 2026-08-04T20:22:34.058Z > 200 GET /api/v1/ 35.86ms
INF 2026-08-04T20:22:34.059Z > 200 GET /api/v1/ 242.3ms
INF 2026-08-04T20:22:34.062Z > 200 GET /api/v1/ 32.59ms
INF 2026-08-04T20:22:34.067Z > 200 GET /api/v1/ 316.36ms
INF 2026-08-04T20:22:34.068Z > 200 GET /api/v1/ 34.83ms
INF 2026-08-04T20:22:34.069Z > 200 GET /api/v1/ 33.8ms
INF 2026-08-04T20:22:34.069Z > 200 GET /api/v1/ 32.8ms
INF 2026-08-04T20:22:34.069Z > 200 GET /api/v1/ 43.39ms
INF 2026-08-04T20:22:34.070Z > 200 GET /api/v1/ 261.67ms
INF 2026-08-04T20:22:34.070Z > 200 GET /api/v1/ 287.16ms
INF 2026-08-04T20:22:34.071Z > 200 GET /api/v1/ 240.44ms
INF 2026-08-04T20:22:34.071Z > 200 GET /api/v1/ 37.04ms
INF 2026-08-04T20:22:34.078Z > 200 GET /api/v1/ 277.87ms
INF 2026-08-04T20:22:34.078Z > 200 GET /api/v1/ 225.27ms
INF 2026-08-04T20:22:34.079Z > 200 GET /api/v1/ 261.58ms
INF 2026-08-04T20:22:34.088Z > 200 GET /api/v1/ 232.95ms
INF 2026-08-04T20:22:34.088Z > 200 GET /api/v1/ 225.2ms
INF 2026-08-04T20:22:34.088Z > 200 GET /api/v1/ 227.95ms
INF 2026-08-04T20:22:34.088Z > 200 GET /api/v1/ 234.68ms
INF 2026-08-04T20:22:34.094Z > 200 GET /api/v1/ 242.17ms
INF 2026-08-04T20:22:34.095Z > 200 GET /api/v1/ 231.98ms
INF 2026-08-04T20:22:34.101Z > 200 GET /api/v1/ 239.7ms
INF 2026-08-04T20:22:34.101Z > 200 GET /api/v1/ 246.54ms
INF 2026-08-04T20:22:34.101Z > 200 GET /api/v1/ 350.84ms
INF 2026-08-04T20:22:34.103Z > 200 GET /api/v1/ 247.86ms
INF 2026-08-04T20:22:34.106Z > 200 GET /api/v1/ 18.07ms
INF 2026-08-04T20:22:34.108Z > 200 GET /api/v1/ 20.08ms
INF 2026-08-04T20:22:34.110Z > 200 GET /api/v1/ 15.56ms
INF 2026-08-04T20:22:34.111Z > 200 GET /api/v1/ 246.46ms
INF 2026-08-04T20:22:34.111Z > 200 GET /api/v1/ 245.4ms
INF 2026-08-04T20:22:34.112Z > 200 GET /api/v1/ 256.94ms
INF 2026-08-04T20:22:34.114Z > 200 GET /api/v1/ 250.81ms
INF 2026-08-04T20:22:34.115Z > 200 GET /api/v1/ 13.94ms
INF 2026-08-04T20:22:34.116Z > 200 GET /api/v1/ 14.43ms
INF 2026-08-04T20:22:34.116Z > 200 GET /api/v1/ 248.13ms
INF 2026-08-04T20:22:34.120Z > 200 GET /api/v1/ 13.1ms
INF 2026-08-04T20:22:34.120Z > 200 GET /api/v1/ 11.53ms
INF 2026-08-04T20:22:34.120Z > 200 GET /api/v1/ 252.15ms
INF 2026-08-04T20:22:34.120Z > 200 GET /api/v1/ 10.23ms
INF 2026-08-04T20:22:34.123Z > 200 GET /api/v1/ 11.14ms
INF 2026-08-04T20:22:34.135Z > 200 GET /api/v1/ 20.86ms
INF 2026-08-04T20:22:34.136Z > 200 GET /api/v1/ 20.33ms
INF 2026-08-04T20:22:34.139Z > 200 GET /api/v1/ 18.92ms
INF 2026-08-04T20:22:34.143Z > 200 GET /api/v1/ 22.39ms
INF 2026-08-04T20:22:34.143Z > 200 GET /api/v1/ 104.85ms
INF 2026-08-04T20:22:34.144Z > 200 GET /api/v1/ 28.98ms
INF 2026-08-04T20:22:34.144Z > 200 GET /api/v1/ 272.48ms
INF 2026-08-04T20:22:34.146Z > 200 GET /api/v1/ 9.4ms
INF 2026-08-04T20:22:34.147Z > 200 GET /api/v1/ 91.05ms
INF 2026-08-04T20:22:34.147Z > 200 GET /api/v1/ 90.41ms
INF 2026-08-04T20:22:34.148Z > 200 GET /api/v1/ 236.86ms
INF 2026-08-04T20:22:34.148Z > 200 GET /api/v1/ 9.08ms
INF 2026-08-04T20:22:34.149Z > 200 GET /api/v1/ 294.06ms
INF 2026-08-04T20:22:34.149Z > 200 GET /api/v1/ 254.06ms
INF 2026-08-04T20:22:34.150Z > 200 GET /api/v1/ 93.66ms
INF 2026-08-04T20:22:34.151Z > 200 GET /api/v1/ 81.97ms
INF 2026-08-04T20:22:34.151Z > 200 GET /api/v1/ 80.0ms
INF 2026-08-04T20:22:34.151Z > 200 GET /api/v1/ 253.36ms
INF 2026-08-04T20:22:34.153Z > 200 GET /api/v1/ 93.82ms
INF 2026-08-04T20:22:34.154Z > 200 GET /api/v1/ 91.89ms
INF 2026-08-04T20:22:34.154Z > 200 GET /api/v1/ 10.98ms
INF 2026-08-04T20:22:34.157Z > 200 GET /api/v1/ 241.67ms
INF 2026-08-04T20:22:34.158Z > 200 GET /api/v1/ 284.87ms
INF 2026-08-04T20:22:34.158Z > 200 GET /api/v1/ 229.52ms
INF 2026-08-04T20:22:34.159Z > 200 GET /api/v1/ 290.64ms
INF 2026-08-04T20:22:34.159Z > 200 GET /api/v1/ 206.6ms
INF 2026-08-04T20:22:34.159Z > 200 GET /api/v1/ 88.94ms
INF 2026-08-04T20:22:34.160Z > 200 GET /api/v1/ 225.61ms
INF 2026-08-04T20:22:34.162Z > 200 GET /api/v1/ 208.78ms
INF 2026-08-04T20:22:34.162Z > 200 GET /api/v1/ 11.26ms
INF 2026-08-04T20:22:34.164Z > 200 GET /api/v1/ 294.44ms
INF 2026-08-04T20:22:34.164Z > 200 GET /api/v1/ 211.14ms
INF 2026-08-04T20:22:34.164Z > 200 GET /api/v1/ 249.3ms
INF 2026-08-04T20:22:34.165Z > 200 GET /api/v1/ 292.47ms
INF 2026-08-04T20:22:34.167Z > 200 GET /api/v1/ 9.5ms
INF 2026-08-04T20:22:34.168Z > 200 GET /api/v1/ 211.55ms
INF 2026-08-04T20:22:34.168Z > 200 GET /api/v1/ 299.92ms
INF 2026-08-04T20:22:34.168Z > 200 GET /api/v1/ 222.44ms
INF 2026-08-04T20:22:34.170Z > 200 GET /api/v1/ 212.55ms
INF 2026-08-04T20:22:34.182Z > 200 GET /api/v1/ 226.03ms
INF 2026-08-04T20:22:34.182Z > 200 GET /api/v1/ 17.82ms
INF 2026-08-04T20:22:34.183Z > 200 GET /api/v1/ 24.94ms
INF 2026-08-04T20:22:34.184Z > 200 GET /api/v1/ 228.5ms
INF 2026-08-04T20:22:34.184Z > 200 GET /api/v1/ 229.86ms
INF 2026-08-04T20:22:34.185Z > 200 GET /api/v1/ 226.81ms
INF 2026-08-04T20:22:34.189Z > 200 GET /api/v1/ 231.21ms
INF 2026-08-04T20:22:34.190Z > 200 GET /api/v1/ 227.29ms
INF 2026-08-04T20:22:34.190Z > 200 GET /api/v1/ 227.84ms
INF 2026-08-04T20:22:34.194Z > 200 GET /api/v1/ 231.82ms
INF 2026-08-04T20:22:34.198Z > 200 GET /api/v1/ 231.83ms
INF 2026-08-04T20:22:34.201Z > 200 GET /api/v1/ 238.16ms
INF 2026-08-04T20:22:34.201Z > 200 GET /api/v1/ 235.7ms
INF 2026-08-04T20:22:34.202Z > 200 GET /api/v1/ 239.39ms
INF 2026-08-04T20:22:34.206Z > 200 GET /api/v1/ 238.19ms
INF 2026-08-04T20:22:34.208Z > 200 GET /api/v1/ 242.91ms
INF 2026-08-04T20:22:34.209Z > 200 GET /api/v1/ 230.05ms
INF 2026-08-04T20:22:34.213Z > 200 GET /api/v1/ 28.49ms
INF 2026-08-04T20:22:34.213Z > 200 GET /api/v1/ 233.33ms
INF 2026-08-04T20:22:34.214Z > 200 GET /api/v1/ 251.13ms
INF 2026-08-04T20:22:34.216Z > 200 GET /api/v1/ 32.62ms
INF 2026-08-04T20:22:34.217Z > 200 GET /api/v1/ 231.59ms
INF 2026-08-04T20:22:34.220Z > 200 GET /api/v1/ 226.13ms
INF 2026-08-04T20:22:34.220Z > 200 GET /api/v1/ 26.31ms
INF 2026-08-04T20:22:34.220Z > 200 GET /api/v1/ 240.39ms
INF 2026-08-04T20:22:34.221Z > 200 GET /api/v1/ 242.5ms
INF 2026-08-04T20:22:34.222Z > 200 GET /api/v1/ 195.13ms
INF 2026-08-04T20:22:34.226Z > 200 GET /api/v1/ 229.31ms
INF 2026-08-04T20:22:34.227Z > 200 GET /api/v1/ 25.46ms
INF 2026-08-04T20:22:34.227Z > 200 GET /api/v1/ 233.68ms
INF 2026-08-04T20:22:34.229Z > 200 GET /api/v1/ 22.84ms
INF 2026-08-04T20:22:34.234Z > 200 GET /api/v1/ 207.09ms
INF 2026-08-04T20:22:34.235Z > 200 GET /api/v1/ 213.06ms
INF 2026-08-04T20:22:34.236Z > 200 GET /api/v1/ 18.31ms
INF 2026-08-04T20:22:34.236Z > 200 GET /api/v1/ 22.63ms
INF 2026-08-04T20:22:34.238Z > 200 GET /api/v1/ 24.14ms
INF 2026-08-04T20:22:34.238Z > 200 GET /api/v1/ 18.19ms
INF 2026-08-04T20:22:34.239Z > 200 GET /api/v1/ 18.68ms
INF 2026-08-04T20:22:34.240Z > 200 GET /api/v1/ 17.84ms
INF 2026-08-04T20:22:34.242Z > 200 GET /api/v1/ 206.28ms
INF 2026-08-04T20:22:34.243Z > 200 GET /api/v1/ 218.1ms
INF 2026-08-04T20:22:34.243Z > 200 GET /api/v1/ 258.65ms
INF 2026-08-04T20:22:34.246Z > 200 GET /api/v1/ 18.89ms
INF 2026-08-04T20:22:34.255Z > 200 GET /api/v1/ 199.74ms
INF 2026-08-04T20:22:34.255Z > 200 GET /api/v1/ 25.29ms
INF 2026-08-04T20:22:34.255Z > 200 GET /api/v1/ 27.66ms
INF 2026-08-04T20:22:34.256Z > 200 GET /api/v1/ 270.06ms
INF 2026-08-04T20:22:34.257Z > 200 GET /api/v1/ 270.95ms
INF 2026-08-04T20:22:34.263Z > 200 GET /api/v1/ 277.04ms
INF 2026-08-04T20:22:34.264Z > 200 GET /api/v1/ 267.58ms
INF 2026-08-04T20:22:34.264Z > 200 GET /api/v1/ 244.19ms
INF 2026-08-04T20:22:34.266Z > 200 GET /api/v1/ 240.02ms
INF 2026-08-04T20:22:34.267Z > 200 GET /api/v1/ 28.73ms
INF 2026-08-04T20:22:34.268Z > 200 GET /api/v1/ 212.94ms
INF 2026-08-04T20:22:34.275Z > 200 GET /api/v1/ 220.55ms
INF 2026-08-04T20:22:34.276Z > 200 GET /api/v1/ 252.26ms
INF 2026-08-04T20:22:34.276Z > 200 GET /api/v1/ 217.29ms
INF 2026-08-04T20:22:34.276Z > 200 GET /api/v1/ 282.43ms
INF 2026-08-04T20:22:34.276Z > 200 GET /api/v1/ 33.84ms
INF 2026-08-04T20:22:34.277Z > 200 GET /api/v1/ 220.78ms
INF 2026-08-04T20:22:34.277Z > 200 GET /api/v1/ 236.95ms
INF 2026-08-04T20:22:34.277Z > 200 GET /api/v1/ 280.83ms
INF 2026-08-04T20:22:34.280Z > 200 GET /api/v1/ 224.7ms
INF 2026-08-04T20:22:34.284Z > 200 GET /api/v1/ 215.14ms
INF 2026-08-04T20:22:34.286Z > 200 GET /api/v1/ 18.09ms
INF 2026-08-04T20:22:34.286Z > 200 GET /api/v1/ 22.38ms
INF 2026-08-04T20:22:34.287Z > 200 GET /api/v1/ 20.73ms
INF 2026-08-04T20:22:34.287Z > 200 GET /api/v1/ 19.71ms
INF 2026-08-04T20:22:34.287Z > 200 GET /api/v1/ 220.12ms
INF 2026-08-04T20:22:34.290Z > 200 GET /api/v1/ 13.68ms
INF 2026-08-04T20:22:34.290Z > 200 GET /api/v1/ 13.66ms
INF 2026-08-04T20:22:34.290Z > 200 GET /api/v1/ 13.6ms
INF 2026-08-04T20:22:34.292Z > 200 GET /api/v1/ 223.0ms
INF 2026-08-04T20:22:34.297Z > 200 GET /api/v1/ 10.12ms
INF 2026-08-04T20:22:34.297Z > 200 GET /api/v1/ 10.6ms
INF 2026-08-04T20:22:34.298Z > 200 GET /api/v1/ 227.3ms
INF 2026-08-04T20:22:34.299Z > 200 GET /api/v1/ 8.28ms
INF 2026-08-04T20:22:34.305Z > 200 GET /api/v1/ 226.5ms
INF 2026-08-04T20:22:34.306Z > 200 GET /api/v1/ 8.91ms
INF 2026-08-04T20:22:34.309Z > 200 GET /api/v1/ 10.45ms
INF 2026-08-04T20:22:34.312Z > 200 GET /api/v1/ 223.59ms
INF 2026-08-04T20:22:34.313Z > 200 GET /api/v1/ 234.87ms
INF 2026-08-04T20:22:34.320Z > 200 GET /api/v1/ 241.35ms
INF 2026-08-04T20:22:34.325Z > 200 GET /api/v1/ 345.32ms
INF 2026-08-04T20:22:34.325Z > 200 GET /api/v1/ 12.73ms
INF 2026-08-04T20:22:34.328Z > 200 GET /api/v1/ 14.56ms
INF 2026-08-04T20:22:34.330Z > 200 GET /api/v1/ 241.43ms
INF 2026-08-04T20:22:34.331Z > 200 GET /api/v1/ 228.96ms
INF 2026-08-04T20:22:34.339Z > 200 GET /api/v1/ 236.6ms
INF 2026-08-04T20:22:34.346Z > 200 GET /api/v1/ 277.06ms
INF 2026-08-04T20:22:34.348Z > 200 GET /api/v1/ 252.67ms
INF 2026-08-04T20:22:34.351Z > 200 GET /api/v1/ 280.72ms
INF 2026-08-04T20:22:34.352Z > 200 GET /api/v1/ 26.7ms
INF 2026-08-04T20:22:34.352Z > 200 GET /api/v1/ 240.92ms
INF 2026-08-04T20:22:34.358Z > 200 GET /api/v1/ 28.02ms
INF 2026-08-04T20:22:34.359Z > 200 GET /api/v1/ 28.63ms
INF 2026-08-04T20:22:34.361Z > 200 GET /api/v1/ 32.64ms
INF 2026-08-04T20:22:34.362Z > 200 GET /api/v1/ 249.86ms
INF 2026-08-04T20:22:34.362Z > 200 GET /api/v1/ 245.64ms
INF 2026-08-04T20:22:34.367Z > 200 GET /api/v1/ 21.19ms
INF 2026-08-04T20:22:34.368Z > 200 GET /api/v1/ 221.31ms
INF 2026-08-04T20:22:34.369Z > 200 GET /api/v1/ 221.59ms
INF 2026-08-04T20:22:34.369Z > 200 GET /api/v1/ 21.09ms
INF 2026-08-04T20:22:34.370Z > 200 GET /api/v1/ 225.1ms
INF 2026-08-04T20:22:34.370Z > 200 GET /api/v1/ 249.67ms
INF 2026-08-04T20:22:34.371Z > 200 GET /api/v1/ 235.86ms
INF 2026-08-04T20:22:34.374Z > 200 GET /api/v1/ 230.67ms
INF 2026-08-04T20:22:34.375Z > 200 GET /api/v1/ 255.07ms
INF 2026-08-04T20:22:34.377Z > 200 GET /api/v1/ 246.11ms
INF 2026-08-04T20:22:34.377Z > 200 GET /api/v1/ 19.18ms
INF 2026-08-04T20:22:34.383Z > 200 GET /api/v1/ 235.4ms
INF 2026-08-04T20:22:34.384Z > 200 GET /api/v1/ 12.55ms
INF 2026-08-04T20:22:34.384Z > 200 GET /api/v1/ 14.54ms
INF 2026-08-04T20:22:34.384Z > 200 GET /api/v1/ 16.58ms
INF 2026-08-04T20:22:34.385Z > 200 GET /api/v1/ 15.2ms
INF 2026-08-04T20:22:34.387Z > 200 GET /api/v1/ 9.3ms
INF 2026-08-04T20:22:34.387Z > 200 GET /api/v1/ 238.59ms
INF 2026-08-04T20:22:34.387Z > 200 GET /api/v1/ 238.28ms
INF 2026-08-04T20:22:34.388Z > 200 GET /api/v1/ 243.41ms
INF 2026-08-04T20:22:34.388Z > 200 GET /api/v1/ 12.65ms
INF 2026-08-04T20:22:34.388Z > 200 GET /api/v1/ 238.94ms
INF 2026-08-04T20:22:34.390Z > 200 GET /api/v1/ 6.25ms
INF 2026-08-04T20:22:34.393Z > 200 GET /api/v1/ 243.91ms
INF 2026-08-04T20:22:34.393Z > 200 GET /api/v1/ 6.1ms
INF 2026-08-04T20:22:34.395Z > 200 GET /api/v1/ 7.03ms
INF 2026-08-04T20:22:34.397Z > 200 GET /api/v1/ 245.72ms
INF 2026-08-04T20:22:34.398Z > 200 GET /api/v1/ 246.31ms
INF 2026-08-04T20:22:34.398Z > 200 GET /api/v1/ 246.9ms
INF 2026-08-04T20:22:34.401Z > 200 GET /api/v1/ 246.81ms
INF 2026-08-04T20:22:34.410Z > 200 GET /api/v1/ 252.25ms
INF 2026-08-04T20:22:34.412Z > 200 GET /api/v1/ 251.72ms
INF 2026-08-04T20:22:34.412Z > 200 GET /api/v1/ 257.15ms
INF 2026-08-04T20:22:34.416Z > 200 GET /api/v1/ 262.01ms
INF 2026-08-04T20:22:34.416Z > 200 GET /api/v1/ 256.54ms
INF 2026-08-04T20:22:34.417Z > 200 GET /api/v1/ 256.84ms
INF 2026-08-04T20:22:34.417Z > 200 GET /api/v1/ 254.67ms
INF 2026-08-04T20:22:34.419Z > 200 GET /api/v1/ 259.26ms
INF 2026-08-04T20:22:34.421Z > 200 GET /api/v1/ 252.25ms
INF 2026-08-04T20:22:34.421Z > 200 GET /api/v1/ 252.49ms
INF 2026-08-04T20:22:34.421Z > 200 GET /api/v1/ 258.61ms
INF 2026-08-04T20:22:34.422Z > 200 GET /api/v1/ 254.42ms
INF 2026-08-04T20:22:34.422Z > 200 GET /api/v1/ 257.49ms
INF 2026-08-04T20:22:34.422Z > 200 GET /api/v1/ 257.83ms
INF 2026-08-04T20:22:34.424Z > 200 GET /api/v1/ 7.27ms
INF 2026-08-04T20:22:34.425Z > 200 GET /api/v1/ 7.4ms
INF 2026-08-04T20:22:34.428Z > 200 GET /api/v1/ 6.01ms
INF 2026-08-04T20:22:34.429Z > 200 GET /api/v1/ 192.34ms
INF 2026-08-04T20:22:34.441Z > 200 GET /api/v1/ 270.73ms
INF 2026-08-04T20:22:34.447Z > 200 GET /api/v1/ 244.81ms
INF 2026-08-04T20:22:34.449Z > 200 GET /api/v1/ 239.98ms
INF 2026-08-04T20:22:34.450Z > 200 GET /api/v1/ 213.54ms
INF 2026-08-04T20:22:34.451Z > 200 GET /api/v1/ 261.18ms
INF 2026-08-04T20:22:34.452Z > 200 GET /api/v1/ 225.72ms
INF 2026-08-04T20:22:34.454Z > 200 GET /api/v1/ 232.99ms
INF 2026-08-04T20:22:34.455Z > 200 GET /api/v1/ 220.79ms
INF 2026-08-04T20:22:34.461Z > 200 GET /api/v1/ 262.79ms
INF 2026-08-04T20:22:34.463Z > 200 GET /api/v1/ 199.78ms
INF 2026-08-04T20:22:34.464Z > 200 GET /api/v1/ 206.96ms
INF 2026-08-04T20:22:34.469Z > 200 GET /api/v1/ 284.99ms
INF 2026-08-04T20:22:34.471Z > 200 GET /api/v1/ 194.17ms
INF 2026-08-04T20:22:34.471Z > 200 GET /api/v1/ 21.27ms
INF 2026-08-04T20:22:34.473Z > 200 GET /api/v1/ 282.08ms
INF 2026-08-04T20:22:34.473Z > 200 GET /api/v1/ 234.54ms
INF 2026-08-04T20:22:34.473Z > 200 GET /api/v1/ 229.63ms
INF 2026-08-04T20:22:34.474Z > 200 GET /api/v1/ 22.47ms
INF 2026-08-04T20:22:34.474Z > 200 GET /api/v1/ 272.96ms
INF 2026-08-04T20:22:34.479Z > 200 GET /api/v1/ 202.27ms
INF 2026-08-04T20:22:34.481Z > 200 GET /api/v1/ 261.05ms
INF 2026-08-04T20:22:34.482Z > 200 GET /api/v1/ 225.77ms
INF 2026-08-04T20:22:34.482Z > 200 GET /api/v1/ 17.44ms
INF 2026-08-04T20:22:34.491Z > 200 GET /api/v1/ 245.54ms
INF 2026-08-04T20:22:34.492Z > 200 GET /api/v1/ 322.99ms
INF 2026-08-04T20:22:34.492Z > 200 GET /api/v1/ 22.98ms
INF 2026-08-04T20:22:34.494Z > 200 GET /api/v1/ 20.66ms
INF 2026-08-04T20:22:34.494Z > 200 GET /api/v1/ 20.06ms
INF 2026-08-04T20:22:34.495Z > 200 GET /api/v1/ 259.99ms
INF 2026-08-04T20:22:34.497Z > 200 GET /api/v1/ 257.08ms
INF 2026-08-04T20:22:34.498Z > 200 GET /api/v1/ 289.31ms
INF 2026-08-04T20:22:34.509Z > 200 GET /api/v1/ 319.03ms
INF 2026-08-04T20:22:34.510Z > 200 GET /api/v1/ 253.64ms
INF 2026-08-04T20:22:34.510Z > 200 GET /api/v1/ 27.97ms
INF 2026-08-04T20:22:34.510Z > 200 GET /api/v1/ 325.97ms
INF 2026-08-04T20:22:34.511Z > 200 GET /api/v1/ 271.49ms
INF 2026-08-04T20:22:34.511Z > 200 GET /api/v1/ 294.22ms
INF 2026-08-04T20:22:34.511Z > 200 GET /api/v1/ 267.95ms
INF 2026-08-04T20:22:34.511Z > 200 GET /api/v1/ 247.42ms
INF 2026-08-04T20:22:34.511Z > 200 GET /api/v1/ 326.28ms
INF 2026-08-04T20:22:34.511Z > 200 GET /api/v1/ 297.99ms
INF 2026-08-04T20:22:34.512Z > 200 GET /api/v1/ 255.32ms
INF 2026-08-04T20:22:34.512Z > 200 GET /api/v1/ 235.13ms
INF 2026-08-04T20:22:34.512Z > 200 GET /api/v1/ 256.32ms
INF 2026-08-04T20:22:34.514Z > 200 GET /api/v1/ 21.64ms
INF 2026-08-04T20:22:34.514Z > 200 GET /api/v1/ 345.8ms
INF 2026-08-04T20:22:34.516Z > 200 GET /api/v1/ 19.16ms
INF 2026-08-04T20:22:34.518Z > 200 GET /api/v1/ 22.23ms
INF 2026-08-04T20:22:34.521Z > 200 GET /api/v1/ 10.58ms
INF 2026-08-04T20:22:34.521Z > 200 GET /api/v1/ 9.43ms
INF 2026-08-04T20:22:34.521Z > 200 GET /api/v1/ 11.81ms
INF 2026-08-04T20:22:34.521Z > 200 GET /api/v1/ 9.35ms
INF 2026-08-04T20:22:34.521Z > 200 GET /api/v1/ 9.22ms
INF 2026-08-04T20:22:34.522Z > 200 GET /api/v1/ 10.11ms
INF 2026-08-04T20:22:34.522Z > 200 GET /api/v1/ 11.28ms
INF 2026-08-04T20:22:34.523Z > 200 GET /api/v1/ 10.64ms
INF 2026-08-04T20:22:34.524Z > 200 GET /api/v1/ 9.33ms
INF 2026-08-04T20:22:34.524Z > 200 GET /api/v1/ 5.95ms
INF 2026-08-04T20:22:34.526Z > 200 GET /api/v1/ 4.6ms
INF 2026-08-04T20:22:34.526Z > 200 GET /api/v1/ 341.26ms
INF 2026-08-04T20:22:34.526Z > 200 GET /api/v1/ 4.72ms
INF 2026-08-04T20:22:34.527Z > 200 GET /api/v1/ 4.95ms
INF 2026-08-04T20:22:34.527Z > 200 GET /api/v1/ 4.2ms
INF 2026-08-04T20:22:34.528Z > 200 GET /api/v1/ 4.13ms
INF 2026-08-04T20:22:34.529Z > 200 GET /api/v1/ 87.94ms
INF 2026-08-04T20:22:34.531Z > 200 GET /api/v1/ 3.95ms
INF 2026-08-04T20:22:34.531Z > 200 GET /api/v1/ 2.95ms
INF 2026-08-04T20:22:34.532Z > 200 GET /api/v1/ 4.09ms
INF 2026-08-04T20:22:34.533Z > 200 GET /api/v1/ 255.88ms
INF 2026-08-04T20:22:34.545Z > 200 GET /api/v1/ 11.95ms
INF 2026-08-04T20:22:34.561Z > 200 GET /api/v1/ 16.01ms
INF 2026-08-04T20:22:34.562Z > 200 GET /api/v1/ 282.52ms
INF 2026-08-04T20:22:34.563Z > 200 GET /api/v1/ 285.36ms
INF 2026-08-04T20:22:34.567Z > 200 GET /api/v1/ 280.6ms
INF 2026-08-04T20:22:34.573Z > 200 GET /api/v1/ 282.08ms
INF 2026-08-04T20:22:34.575Z > 200 GET /api/v1/ 284.49ms
INF 2026-08-04T20:22:34.575Z > 200 GET /api/v1/ 283.2ms
INF 2026-08-04T20:22:34.576Z > 200 GET /api/v1/ 288.26ms
INF 2026-08-04T20:22:34.576Z > 200 GET /api/v1/ 288.89ms
INF 2026-08-04T20:22:34.576Z > 200 GET /api/v1/ 13.55ms
INF 2026-08-04T20:22:34.576Z > 200 GET /api/v1/ 45.3ms
INF 2026-08-04T20:22:34.578Z > 200 GET /api/v1/ 46.5ms
INF 2026-08-04T20:22:34.580Z > 200 GET /api/v1/ 18.6ms
INF 2026-08-04T20:22:34.580Z > 200 GET /api/v1/ 5.11ms
INF 2026-08-04T20:22:34.581Z > 200 GET /api/v1/ 283.41ms
INF 2026-08-04T20:22:34.581Z > 200 GET /api/v1/ 296.58ms
INF 2026-08-04T20:22:34.581Z > 200 GET /api/v1/ 282.71ms
INF 2026-08-04T20:22:34.583Z > 200 GET /api/v1/ 7.44ms
INF 2026-08-04T20:22:34.583Z > 200 GET /api/v1/ 278.45ms
INF 2026-08-04T20:22:34.584Z > 200 GET /api/v1/ 7.84ms
INF 2026-08-04T20:22:34.586Z > 200 GET /api/v1/ 279.79ms
INF 2026-08-04T20:22:34.588Z > 200 GET /api/v1/ 278.55ms
INF 2026-08-04T20:22:34.588Z > 200 GET /api/v1/ 4.98ms
INF 2026-08-04T20:22:34.589Z > 200 GET /api/v1/ 268.76ms
INF 2026-08-04T20:22:34.589Z > 200 GET /api/v1/ 264.31ms
INF 2026-08-04T20:22:34.590Z > 200 GET /api/v1/ 239.11ms
INF 2026-08-04T20:22:34.591Z > 200 GET /api/v1/ 239.2ms
INF 2026-08-04T20:22:34.592Z > 200 GET /api/v1/ 240.4ms
INF 2026-08-04T20:22:34.593Z > 200 GET /api/v1/ 253.1ms
INF 2026-08-04T20:22:34.595Z > 200 GET /api/v1/ 235.0ms
INF 2026-08-04T20:22:34.596Z > 200 GET /api/v1/ 233.83ms
INF 2026-08-04T20:22:34.596Z > 200 GET /api/v1/ 234.14ms
INF 2026-08-04T20:22:34.597Z > 200 GET /api/v1/ 236.19ms
INF 2026-08-04T20:22:34.599Z > 200 GET /api/v1/ 5.77ms
INF 2026-08-04T20:22:34.601Z > 200 GET /api/v1/ 231.24ms
INF 2026-08-04T20:22:34.603Z > 200 GET /api/v1/ 235.03ms
INF 2026-08-04T20:22:34.603Z > 200 GET /api/v1/ 228.97ms
INF 2026-08-04T20:22:34.606Z > 200 GET /api/v1/ 235.61ms
INF 2026-08-04T20:22:34.606Z > 200 GET /api/v1/ 228.72ms
INF 2026-08-04T20:22:34.618Z > 200 GET /api/v1/ 230.53ms
INF 2026-08-04T20:22:34.618Z > 200 GET /api/v1/ 234.88ms
INF 2026-08-04T20:22:34.619Z > 200 GET /api/v1/ 234.03ms
INF 2026-08-04T20:22:34.625Z > 200 GET /api/v1/ 236.4ms
INF 2026-08-04T20:22:34.625Z > 200 GET /api/v1/ 240.62ms
INF 2026-08-04T20:22:34.627Z > 200 GET /api/v1/ 241.31ms
INF 2026-08-04T20:22:34.634Z > 200 GET /api/v1/ 240.66ms
INF 2026-08-04T20:22:34.635Z > 200 GET /api/v1/ 243.8ms
INF 2026-08-04T20:22:34.635Z > 200 GET /api/v1/ 246.61ms
INF 2026-08-04T20:22:34.639Z > 200 GET /api/v1/ 245.5ms
INF 2026-08-04T20:22:34.648Z > 200 GET /api/v1/ 259.21ms
INF 2026-08-04T20:22:34.650Z > 200 GET /api/v1/ 252.1ms
INF 2026-08-04T20:22:34.650Z > 200 GET /api/v1/ 254.92ms
INF 2026-08-04T20:22:34.650Z > 200 GET /api/v1/ 252.44ms
INF 2026-08-04T20:22:34.653Z > 200 GET /api/v1/ 254.32ms
INF 2026-08-04T20:22:34.653Z > 200 GET /api/v1/ 243.02ms
INF 2026-08-04T20:22:34.653Z > 200 GET /api/v1/ 242.35ms
INF 2026-08-04T20:22:34.654Z > 200 GET /api/v1/ 232.52ms
INF 2026-08-04T20:22:34.654Z > 200 GET /api/v1/ 236.98ms
INF 2026-08-04T20:22:34.656Z > 200 GET /api/v1/ 230.23ms
INF 2026-08-04T20:22:34.656Z > 200 GET /api/v1/ 206.32ms
INF 2026-08-04T20:22:34.657Z > 200 GET /api/v1/ 244.58ms
INF 2026-08-04T20:22:34.659Z > 200 GET /api/v1/ 33.47ms
INF 2026-08-04T20:22:34.661Z > 200 GET /api/v1/ 26.43ms
INF 2026-08-04T20:22:34.664Z > 200 GET /api/v1/ 190.73ms
INF 2026-08-04T20:22:34.664Z > 200 GET /api/v1/ 29.43ms
INF 2026-08-04T20:22:34.666Z > 200 GET /api/v1/ 244.2ms
INF 2026-08-04T20:22:34.667Z > 200 GET /api/v1/ 27.77ms
INF 2026-08-04T20:22:34.667Z > 200 GET /api/v1/ 193.23ms
INF 2026-08-04T20:22:34.668Z > 200 GET /api/v1/ 251.63ms
INF 2026-08-04T20:22:34.673Z > 200 GET /api/v1/ 201.74ms
INF 2026-08-04T20:22:34.675Z > 200 GET /api/v1/ 25.15ms
INF 2026-08-04T20:22:34.679Z > 200 GET /api/v1/ 24.94ms
INF 2026-08-04T20:22:34.679Z > 200 GET /api/v1/ 24.94ms
INF 2026-08-04T20:22:34.681Z > 200 GET /api/v1/ 19.14ms
INF 2026-08-04T20:22:34.684Z > 200 GET /api/v1/ 27.52ms
INF 2026-08-04T20:22:34.685Z > 200 GET /api/v1/ 28.46ms
INF 2026-08-04T20:22:34.685Z > 200 GET /api/v1/ 202.86ms
INF 2026-08-04T20:22:34.685Z > 200 GET /api/v1/ 272.86ms
INF 2026-08-04T20:22:34.685Z > 200 GET /api/v1/ 223.74ms
INF 2026-08-04T20:22:34.686Z > 200 GET /api/v1/ 257.42ms
INF 2026-08-04T20:22:34.686Z > 200 GET /api/v1/ 19.74ms
INF 2026-08-04T20:22:34.687Z > 200 GET /api/v1/ 19.69ms
INF 2026-08-04T20:22:34.687Z > 200 GET /api/v1/ 34.3ms
INF 2026-08-04T20:22:34.696Z > 200 GET /api/v1/ 276.66ms
INF 2026-08-04T20:22:34.701Z > 200 GET /api/v1/ 219.7ms
INF 2026-08-04T20:22:34.705Z > 200 GET /api/v1/ 282.74ms
INF 2026-08-04T20:22:34.707Z > 200 GET /api/v1/ 252.28ms
INF 2026-08-04T20:22:34.713Z > 200 GET /api/v1/ 241.36ms
INF 2026-08-04T20:22:34.713Z > 200 GET /api/v1/ 265.11ms
INF 2026-08-04T20:22:34.713Z > 200 GET /api/v1/ 291.59ms
INF 2026-08-04T20:22:34.714Z > 200 GET /api/v1/ 259.3ms
INF 2026-08-04T20:22:34.714Z > 200 GET /api/v1/ 220.45ms
INF 2026-08-04T20:22:34.715Z > 200 GET /api/v1/ 251.66ms
INF 2026-08-04T20:22:34.716Z > 200 GET /api/v1/ 293.74ms
INF 2026-08-04T20:22:34.716Z > 200 GET /api/v1/ 243.04ms
INF 2026-08-04T20:22:34.721Z > 200 GET /api/v1/ 292.46ms
INF 2026-08-04T20:22:34.724Z > 200 GET /api/v1/ 16.89ms
INF 2026-08-04T20:22:34.725Z > 200 GET /api/v1/ 273.7ms
INF 2026-08-04T20:22:34.728Z > 200 GET /api/v1/ 14.62ms
INF 2026-08-04T20:22:34.728Z > 200 GET /api/v1/ 13.96ms
INF 2026-08-04T20:22:34.729Z > 200 GET /api/v1/ 235.93ms
INF 2026-08-04T20:22:34.729Z > 200 GET /api/v1/ 13.79ms
INF 2026-08-04T20:22:34.729Z > 200 GET /api/v1/ 236.56ms
INF 2026-08-04T20:22:34.729Z > 200 GET /api/v1/ 305.09ms
INF 2026-08-04T20:22:34.730Z > 200 GET /api/v1/ 33.7ms
INF 2026-08-04T20:22:34.730Z > 200 GET /api/v1/ 14.12ms
INF 2026-08-04T20:22:34.732Z > 200 GET /api/v1/ 252.56ms
INF 2026-08-04T20:22:34.733Z > 200 GET /api/v1/ 16.52ms
INF 2026-08-04T20:22:34.735Z > 200 GET /api/v1/ 236.77ms
INF 2026-08-04T20:22:34.735Z > 200 GET /api/v1/ 240.74ms
INF 2026-08-04T20:22:34.736Z > 200 GET /api/v1/ 7.16ms
INF 2026-08-04T20:22:34.736Z > 200 GET /api/v1/ 6.59ms
INF 2026-08-04T20:22:34.737Z > 200 GET /api/v1/ 4.41ms
INF 2026-08-04T20:22:34.738Z > 200 GET /api/v1/ 53.04ms
INF 2026-08-04T20:22:34.739Z > 200 GET /api/v1/ 52.31ms
INF 2026-08-04T20:22:34.739Z > 200 GET /api/v1/ 3.83ms
INF 2026-08-04T20:22:34.739Z > 200 GET /api/v1/ 54.62ms
INF 2026-08-04T20:22:34.740Z > 200 GET /api/v1/ 54.95ms
INF 2026-08-04T20:22:34.741Z > 200 GET /api/v1/ 53.49ms
INF 2026-08-04T20:22:34.742Z > 200 GET /api/v1/ 56.18ms
INF 2026-08-04T20:22:34.742Z > 200 GET /api/v1/ 61.0ms
INF 2026-08-04T20:22:34.743Z > 200 GET /api/v1/ 3.59ms
INF 2026-08-04T20:22:34.747Z > 200 GET /api/v1/ 4.01ms
INF 2026-08-04T20:22:34.747Z > 200 GET /api/v1/ 68.36ms
INF 2026-08-04T20:22:34.754Z > 200 GET /api/v1/ 6.68ms
INF 2026-08-04T20:22:34.768Z > 200 GET /api/v1/ 257.83ms
INF 2026-08-04T20:22:34.769Z > 200 GET /api/v1/ 257.41ms
INF 2026-08-04T20:22:34.771Z > 200 GET /api/v1/ 17.34ms
INF 2026-08-04T20:22:34.773Z > 200 GET /api/v1/ 261.23ms
INF 2026-08-04T20:22:34.776Z > 200 GET /api/v1/ 264.2ms
INF 2026-08-04T20:22:34.788Z > 200 GET /api/v1/ 16.14ms
INF 2026-08-04T20:22:34.788Z > 200 GET /api/v1/ 18.87ms
INF 2026-08-04T20:22:34.789Z > 200 GET /api/v1/ 275.0ms
INF 2026-08-04T20:22:34.793Z > 200 GET /api/v1/ 17.28ms
INF 2026-08-04T20:22:34.795Z > 200 GET /api/v1/ 20.99ms
INF 2026-08-04T20:22:34.796Z > 200 GET /api/v1/ 269.74ms
INF 2026-08-04T20:22:34.797Z > 200 GET /api/v1/ 275.15ms
INF 2026-08-04T20:22:34.799Z > 200 GET /api/v1/ 275.33ms
INF 2026-08-04T20:22:34.801Z > 200 GET /api/v1/ 275.04ms
INF 2026-08-04T20:22:34.802Z > 200 GET /api/v1/ 275.9ms
INF 2026-08-04T20:22:34.806Z > 200 GET /api/v1/ 283.5ms
INF 2026-08-04T20:22:34.807Z > 200 GET /api/v1/ 285.1ms
INF 2026-08-04T20:22:34.809Z > 200 GET /api/v1/ 20.83ms
INF 2026-08-04T20:22:34.810Z > 200 GET /api/v1/ 19.97ms
INF 2026-08-04T20:22:34.812Z > 200 GET /api/v1/ 18.12ms
INF 2026-08-04T20:22:34.812Z > 200 GET /api/v1/ 15.3ms
INF 2026-08-04T20:22:34.813Z > 200 GET /api/v1/ 18.68ms
INF 2026-08-04T20:22:34.814Z > 200 GET /api/v1/ 14.41ms
INF 2026-08-04T20:22:34.814Z > 200 GET /api/v1/ 292.73ms
INF 2026-08-04T20:22:34.815Z > 200 GET /api/v1/ 12.95ms
INF 2026-08-04T20:22:34.817Z > 200 GET /api/v1/ 11.71ms
INF 2026-08-04T20:22:34.819Z > 200 GET /api/v1/ 8.87ms
INF 2026-08-04T20:22:34.820Z > 200 GET /api/v1/ 307.74ms
INF 2026-08-04T20:22:34.821Z > 200 GET /api/v1/ 248.27ms
INF 2026-08-04T20:22:34.821Z > 200 GET /api/v1/ 6.85ms
INF 2026-08-04T20:22:34.822Z > 200 GET /api/v1/ 7.9ms
INF 2026-08-04T20:22:34.825Z > 200 GET /api/v1/ 10.28ms
INF 2026-08-04T20:22:34.827Z > 200 GET /api/v1/ 251.33ms
INF 2026-08-04T20:22:34.828Z > 200 GET /api/v1/ 311.03ms
INF 2026-08-04T20:22:34.829Z > 200 GET /api/v1/ 297.96ms
INF 2026-08-04T20:22:34.830Z > 200 GET /api/v1/ 300.56ms
INF 2026-08-04T20:22:34.830Z > 200 GET /api/v1/ 267.54ms
INF 2026-08-04T20:22:34.830Z > 200 GET /api/v1/ 253.89ms
INF 2026-08-04T20:22:34.831Z > 200 GET /api/v1/ 263.15ms
INF 2026-08-04T20:22:34.831Z > 200 GET /api/v1/ 249.88ms
INF 2026-08-04T20:22:34.834Z > 200 GET /api/v1/ 258.36ms
INF 2026-08-04T20:22:34.843Z > 200 GET /api/v1/ 261.31ms
INF 2026-08-04T20:22:34.843Z > 200 GET /api/v1/ 261.65ms
INF 2026-08-04T20:22:34.843Z > 200 GET /api/v1/ 261.86ms
INF 2026-08-04T20:22:34.844Z > 200 GET /api/v1/ 264.75ms
INF 2026-08-04T20:22:34.848Z > 200 GET /api/v1/ 266.88ms
INF 2026-08-04T20:22:34.849Z > 200 GET /api/v1/ 17.88ms
INF 2026-08-04T20:22:34.850Z > 200 GET /api/v1/ 18.83ms
INF 2026-08-04T20:22:34.853Z > 200 GET /api/v1/ 264.61ms
INF 2026-08-04T20:22:34.853Z > 200 GET /api/v1/ 264.27ms
INF 2026-08-04T20:22:34.853Z > 200 GET /api/v1/ 267.1ms
INF 2026-08-04T20:22:34.854Z > 200 GET /api/v1/ 258.79ms
INF 2026-08-04T20:22:34.854Z > 200 GET /api/v1/ 269.23ms
INF 2026-08-04T20:22:34.854Z > 200 GET /api/v1/ 265.16ms
INF 2026-08-04T20:22:34.855Z > 200 GET /api/v1/ 262.67ms
INF 2026-08-04T20:22:34.855Z > 200 GET /api/v1/ 264.06ms
INF 2026-08-04T20:22:34.857Z > 200 GET /api/v1/ 264.93ms
INF 2026-08-04T20:22:34.858Z > 200 GET /api/v1/ 273.57ms
INF 2026-08-04T20:22:34.858Z > 200 GET /api/v1/ 261.49ms
INF 2026-08-04T20:22:34.859Z > 200 GET /api/v1/ 269.51ms
INF 2026-08-04T20:22:34.860Z > 200 GET /api/v1/ 6.86ms
INF 2026-08-04T20:22:34.862Z > 200 GET /api/v1/ 258.41ms
INF 2026-08-04T20:22:34.862Z > 200 GET /api/v1/ 7.7ms
INF 2026-08-04T20:22:34.864Z > 200 GET /api/v1/ 213.76ms
INF 2026-08-04T20:22:34.867Z > 200 GET /api/v1/ 270.54ms
INF 2026-08-04T20:22:34.868Z > 200 GET /api/v1/ 213.56ms
INF 2026-08-04T20:22:34.870Z > 200 GET /api/v1/ 205.26ms
INF 2026-08-04T20:22:34.870Z > 200 GET /api/v1/ 5.7ms
INF 2026-08-04T20:22:34.873Z > 200 GET /api/v1/ 253.68ms
INF 2026-08-04T20:22:34.873Z > 200 GET /api/v1/ 219.89ms
INF 2026-08-04T20:22:34.883Z > 200 GET /api/v1/ 275.58ms
INF 2026-08-04T20:22:34.884Z > 200 GET /api/v1/ 233.53ms
INF 2026-08-04T20:22:34.889Z > 200 GET /api/v1/ 288.08ms
INF 2026-08-04T20:22:34.890Z > 200 GET /api/v1/ 204.35ms
INF 2026-08-04T20:22:34.891Z > 200 GET /api/v1/ 271.53ms
INF 2026-08-04T20:22:34.893Z > 200 GET /api/v1/ 294.74ms
INF 2026-08-04T20:22:34.893Z > 200 GET /api/v1/ 234.16ms
INF 2026-08-04T20:22:34.896Z > 200 GET /api/v1/ 296.9ms
INF 2026-08-04T20:22:34.897Z > 200 GET /api/v1/ 24.39ms
INF 2026-08-04T20:22:34.908Z > 200 GET /api/v1/ 228.72ms
INF 2026-08-04T20:22:34.908Z > 200 GET /api/v1/ 301.19ms
INF 2026-08-04T20:22:34.908Z > 200 GET /api/v1/ 235.07ms
INF 2026-08-04T20:22:34.908Z > 200 GET /api/v1/ 252.16ms
INF 2026-08-04T20:22:34.909Z > 200 GET /api/v1/ 244.36ms
INF 2026-08-04T20:22:34.909Z > 200 GET /api/v1/ 233.61ms
INF 2026-08-04T20:22:34.910Z > 200 GET /api/v1/ 275.01ms
INF 2026-08-04T20:22:34.910Z > 200 GET /api/v1/ 306.8ms
INF 2026-08-04T20:22:34.911Z > 200 GET /api/v1/ 242.6ms
INF 2026-08-04T20:22:34.912Z > 200 GET /api/v1/ 284.48ms
INF 2026-08-04T20:22:34.912Z > 200 GET /api/v1/ 224.45ms
INF 2026-08-04T20:22:34.914Z > 200 GET /api/v1/ 30.06ms
INF 2026-08-04T20:22:34.919Z > 200 GET /api/v1/ 271.16ms
INF 2026-08-04T20:22:34.919Z > 200 GET /api/v1/ 252.29ms
INF 2026-08-04T20:22:34.922Z > 200 GET /api/v1/ 236.01ms
INF 2026-08-04T20:22:34.922Z > 200 GET /api/v1/ 207.53ms
INF 2026-08-04T20:22:34.924Z > 200 GET /api/v1/ 53.72ms
INF 2026-08-04T20:22:34.924Z > 200 GET /api/v1/ 211.17ms
INF 2026-08-04T20:22:34.926Z > 200 GET /api/v1/ 36.3ms
INF 2026-08-04T20:22:34.933Z > 200 GET /api/v1/ 307.7ms
INF 2026-08-04T20:22:34.933Z > 200 GET /api/v1/ 227.94ms
INF 2026-08-04T20:22:34.933Z > 200 GET /api/v1/ 231.9ms
INF 2026-08-04T20:22:34.934Z > 200 GET /api/v1/ 23.36ms
INF 2026-08-04T20:22:34.934Z > 200 GET /api/v1/ 37.94ms
INF 2026-08-04T20:22:34.934Z > 200 GET /api/v1/ 23.07ms
INF 2026-08-04T20:22:34.934Z > 200 GET /api/v1/ 22.72ms
INF 2026-08-04T20:22:34.935Z > 200 GET /api/v1/ 315.76ms
INF 2026-08-04T20:22:34.943Z > 200 GET /api/v1/ 218.69ms
INF 2026-08-04T20:22:34.943Z > 200 GET /api/v1/ 18.72ms
INF 2026-08-04T20:22:34.943Z > 200 GET /api/v1/ 217.69ms
INF 2026-08-04T20:22:34.944Z > 200 GET /api/v1/ 17.4ms
INF 2026-08-04T20:22:34.944Z > 200 GET /api/v1/ 20.24ms
INF 2026-08-04T20:22:34.948Z > 200 GET /api/v1/ 218.79ms
INF 2026-08-04T20:22:34.950Z > 200 GET /api/v1/ 16.35ms
INF 2026-08-04T20:22:34.950Z > 200 GET /api/v1/ 16.25ms
INF 2026-08-04T20:22:34.951Z > 200 GET /api/v1/ 230.05ms
INF 2026-08-04T20:22:34.952Z > 200 GET /api/v1/ 17.3ms
INF 2026-08-04T20:22:34.952Z > 200 GET /api/v1/ 17.16ms
INF 2026-08-04T20:22:34.952Z > 200 GET /api/v1/ 18.68ms
INF 2026-08-04T20:22:34.952Z > 200 GET /api/v1/ 239.57ms
INF 2026-08-04T20:22:34.953Z > 200 GET /api/v1/ 223.8ms
INF 2026-08-04T20:22:34.958Z > 200 GET /api/v1/ 14.89ms
INF 2026-08-04T20:22:34.958Z > 200 GET /api/v1/ 14.37ms
INF 2026-08-04T20:22:34.959Z > 200 GET /api/v1/ 15.36ms
INF 2026-08-04T20:22:34.962Z > 200 GET /api/v1/ 11.63ms
INF 2026-08-04T20:22:34.963Z > 200 GET /api/v1/ 10.15ms
INF 2026-08-04T20:22:34.963Z > 200 GET /api/v1/ 233.1ms
INF 2026-08-04T20:22:34.963Z > 200 GET /api/v1/ 11.44ms
INF 2026-08-04T20:22:34.963Z > 200 GET /api/v1/ 10.74ms
INF 2026-08-04T20:22:34.973Z > 200 GET /api/v1/ 243.19ms
INF 2026-08-04T20:22:34.976Z > 200 GET /api/v1/ 17.59ms
INF 2026-08-04T20:22:34.976Z > 200 GET /api/v1/ 245.75ms
INF 2026-08-04T20:22:34.976Z > 200 GET /api/v1/ 247.08ms
INF 2026-08-04T20:22:34.982Z > 200 GET /api/v1/ 19.12ms
INF 2026-08-04T20:22:34.988Z > 200 GET /api/v1/ 11.69ms
INF 2026-08-04T20:22:34.990Z > 200 GET /api/v1/ 16.8ms
INF 2026-08-04T20:22:34.990Z > 200 GET /api/v1/ 257.38ms
INF 2026-08-04T20:22:34.992Z > 200 GET /api/v1/ 254.93ms
INF 2026-08-04T20:22:34.998Z > 200 GET /api/v1/ 260.91ms
INF 2026-08-04T20:22:35.010Z > 200 GET /api/v1/ 274.9ms
INF 2026-08-04T20:22:35.011Z > 200 GET /api/v1/ 22.79ms
INF 2026-08-04T20:22:35.011Z > 200 GET /api/v1/ 273.16ms
INF 2026-08-04T20:22:35.012Z > 200 GET /api/v1/ 22.01ms
INF 2026-08-04T20:22:35.014Z > 200 GET /api/v1/ 21.59ms
INF 2026-08-04T20:22:35.017Z > 200 GET /api/v1/ 281.18ms
INF 2026-08-04T20:22:35.018Z > 200 GET /api/v1/ 277.5ms
INF 2026-08-04T20:22:35.019Z > 200 GET /api/v1/ 279.16ms
INF 2026-08-04T20:22:35.019Z > 200 GET /api/v1/ 277.03ms
INF 2026-08-04T20:22:35.022Z > 200 GET /api/v1/ 282.72ms
INF 2026-08-04T20:22:35.023Z > 200 GET /api/v1/ 282.66ms
INF 2026-08-04T20:22:35.027Z > 200 GET /api/v1/ 15.68ms
INF 2026-08-04T20:22:35.027Z > 200 GET /api/v1/ 16.87ms
INF 2026-08-04T20:22:35.033Z > 200 GET /api/v1/ 15.44ms
INF 2026-08-04T20:22:35.036Z > 200 GET /api/v1/ 17.66ms
INF 2026-08-04T20:22:35.037Z > 200 GET /api/v1/ 19.1ms
INF 2026-08-04T20:22:35.038Z > 200 GET /api/v1/ 295.91ms
INF 2026-08-04T20:22:35.038Z > 200 GET /api/v1/ 18.94ms
INF 2026-08-04T20:22:35.039Z > 200 GET /api/v1/ 16.12ms
INF 2026-08-04T20:22:35.040Z > 200 GET /api/v1/ 292.29ms
INF 2026-08-04T20:22:35.043Z > 200 GET /api/v1/ 15.85ms
INF 2026-08-04T20:22:35.045Z > 200 GET /api/v1/ 257.4ms
INF 2026-08-04T20:22:35.047Z > 200 GET /api/v1/ 249.65ms
INF 2026-08-04T20:22:35.048Z > 200 GET /api/v1/ 279.71ms
INF 2026-08-04T20:22:35.049Z > 200 GET /api/v1/ 11.78ms
INF 2026-08-04T20:22:35.050Z > 200 GET /api/v1/ 11.87ms
INF 2026-08-04T20:22:35.052Z > 200 GET /api/v1/ 249.81ms
INF 2026-08-04T20:22:35.053Z > 200 GET /api/v1/ 13.07ms
INF 2026-08-04T20:22:35.054Z > 200 GET /api/v1/ 244.83ms
INF 2026-08-04T20:22:35.057Z > 200 GET /api/v1/ 11.57ms
INF 2026-08-04T20:22:35.060Z > 200 GET /api/v1/ 253.43ms
INF 2026-08-04T20:22:35.062Z > 200 GET /api/v1/ 9.15ms
INF 2026-08-04T20:22:35.062Z > 200 GET /api/v1/ 8.18ms
INF 2026-08-04T20:22:35.072Z > 200 GET /api/v1/ 260.74ms
INF 2026-08-04T20:22:35.079Z > 200 GET /api/v1/ 264.62ms
INF 2026-08-04T20:22:35.080Z > 200 GET /api/v1/ 268.09ms
INF 2026-08-04T20:22:35.080Z > 200 GET /api/v1/ 17.86ms
INF 2026-08-04T20:22:35.082Z > 200 GET /api/v1/ 261.17ms
INF 2026-08-04T20:22:35.082Z > 200 GET /api/v1/ 264.33ms
INF 2026-08-04T20:22:35.083Z > 200 GET /api/v1/ 261.72ms
INF 2026-08-04T20:22:35.085Z > 200 GET /api/v1/ 231.32ms
INF 2026-08-04T20:22:35.086Z > 200 GET /api/v1/ 266.8ms
INF 2026-08-04T20:22:35.088Z > 200 GET /api/v1/ 6.05ms
INF 2026-08-04T20:22:35.090Z > 200 GET /api/v1/ 245.08ms
INF 2026-08-04T20:22:35.092Z > 200 GET /api/v1/ 238.1ms
INF 2026-08-04T20:22:35.094Z > 200 GET /api/v1/ 270.44ms
INF 2026-08-04T20:22:35.094Z > 200 GET /api/v1/ 268.45ms
INF 2026-08-04T20:22:35.094Z > 200 GET /api/v1/ 266.61ms
INF 2026-08-04T20:22:35.096Z > 200 GET /api/v1/ 241.33ms
INF 2026-08-04T20:22:35.099Z > 200 GET /api/v1/ 269.29ms
INF 2026-08-04T20:22:35.102Z > 200 GET /api/v1/ 271.02ms
INF 2026-08-04T20:22:35.102Z > 200 GET /api/v1/ 252.74ms
INF 2026-08-04T20:22:35.102Z > 200 GET /api/v1/ 268.13ms
INF 2026-08-04T20:22:35.106Z > 200 GET /api/v1/ 238.52ms
INF 2026-08-04T20:22:35.106Z > 200 GET /api/v1/ 283.05ms
INF 2026-08-04T20:22:35.107Z > 200 GET /api/v1/ 262.81ms
INF 2026-08-04T20:22:35.108Z > 200 GET /api/v1/ 10.96ms
INF 2026-08-04T20:22:35.108Z > 200 GET /api/v1/ 258.38ms
INF 2026-08-04T20:22:35.108Z > 200 GET /api/v1/ 263.86ms
INF 2026-08-04T20:22:35.109Z > 200 GET /api/v1/ 251.05ms
INF 2026-08-04T20:22:35.110Z > 200 GET /api/v1/ 15.43ms
INF 2026-08-04T20:22:35.112Z > 200 GET /api/v1/ 257.98ms
INF 2026-08-04T20:22:35.115Z > 200 GET /api/v1/ 282.9ms
INF 2026-08-04T20:22:35.116Z > 200 GET /api/v1/ 254.91ms
INF 2026-08-04T20:22:35.116Z > 200 GET /api/v1/ 262.4ms
INF 2026-08-04T20:22:35.121Z > 200 GET /api/v1/ 292.84ms
INF 2026-08-04T20:22:35.121Z > 200 GET /api/v1/ 266.53ms
INF 2026-08-04T20:22:35.121Z > 200 GET /api/v1/ 261.96ms
INF 2026-08-04T20:22:35.123Z > 200 GET /api/v1/ 293.63ms
INF 2026-08-04T20:22:35.130Z > 200 GET /api/v1/ 279.76ms
INF 2026-08-04T20:22:35.131Z > 200 GET /api/v1/ 268.65ms
INF 2026-08-04T20:22:35.141Z > 200 GET /api/v1/ 296.81ms
INF 2026-08-04T20:22:35.142Z > 200 GET /api/v1/ 283.7ms
INF 2026-08-04T20:22:35.142Z > 200 GET /api/v1/ 279.58ms
INF 2026-08-04T20:22:35.143Z > 200 GET /api/v1/ 34.16ms
INF 2026-08-04T20:22:35.143Z > 200 GET /api/v1/ 270.26ms
INF 2026-08-04T20:22:35.144Z > 200 GET /api/v1/ 276.4ms
INF 2026-08-04T20:22:35.144Z > 200 GET /api/v1/ 254.71ms
INF 2026-08-04T20:22:35.146Z > 200 GET /api/v1/ 36.57ms
INF 2026-08-04T20:22:35.148Z > 200 GET /api/v1/ 238.5ms
INF 2026-08-04T20:22:35.149Z > 200 GET /api/v1/ 36.29ms
INF 2026-08-04T20:22:35.150Z > 200 GET /api/v1/ 239.84ms
INF 2026-08-04T20:22:35.152Z > 200 GET /api/v1/ 37.7ms
INF 2026-08-04T20:22:35.153Z > 200 GET /api/v1/ 37.26ms
INF 2026-08-04T20:22:35.153Z > 200 GET /api/v1/ 241.37ms
INF 2026-08-04T20:22:35.156Z > 200 GET /api/v1/ 35.13ms
INF 2026-08-04T20:22:35.158Z > 200 GET /api/v1/ 299.61ms
INF 2026-08-04T20:22:35.159Z > 200 GET /api/v1/ 43.14ms
INF 2026-08-04T20:22:35.172Z > 200 GET /api/v1/ 48.29ms
INF 2026-08-04T20:22:35.177Z > 200 GET /api/v1/ 257.75ms
INF 2026-08-04T20:22:35.177Z > 200 GET /api/v1/ 47.2ms
INF 2026-08-04T20:22:35.178Z > 200 GET /api/v1/ 46.56ms
INF 2026-08-04T20:22:35.178Z > 200 GET /api/v1/ 307.89ms
INF 2026-08-04T20:22:35.178Z > 200 GET /api/v1/ 280.61ms
INF 2026-08-04T20:22:35.178Z > 200 GET /api/v1/ 259.24ms
INF 2026-08-04T20:22:35.179Z > 200 GET /api/v1/ 35.83ms
INF 2026-08-04T20:22:35.179Z > 200 GET /api/v1/ 268.34ms
INF 2026-08-04T20:22:35.180Z > 200 GET /api/v1/ 270.19ms
INF 2026-08-04T20:22:35.181Z > 200 GET /api/v1/ 36.87ms
INF 2026-08-04T20:22:35.184Z > 200 GET /api/v1/ 274.09ms
INF 2026-08-04T20:22:35.186Z > 200 GET /api/v1/ 293.56ms
INF 2026-08-04T20:22:35.187Z > 200 GET /api/v1/ 38.39ms
INF 2026-08-04T20:22:35.188Z > 200 GET /api/v1/ 37.86ms
INF 2026-08-04T20:22:35.188Z > 200 GET /api/v1/ 265.98ms
INF 2026-08-04T20:22:35.188Z > 200 GET /api/v1/ 254.21ms
INF 2026-08-04T20:22:35.189Z > 200 GET /api/v1/ 44.06ms
INF 2026-08-04T20:22:35.192Z > 200 GET /api/v1/ 38.79ms
INF 2026-08-04T20:22:35.193Z > 200 GET /api/v1/ 283.02ms
INF 2026-08-04T20:22:35.193Z > 200 GET /api/v1/ 299.93ms
INF 2026-08-04T20:22:35.193Z > 200 GET /api/v1/ 37.32ms
INF 2026-08-04T20:22:35.196Z > 200 GET /api/v1/ 36.05ms
INF 2026-08-04T20:22:35.197Z > 200 GET /api/v1/ 282.5ms
INF 2026-08-04T20:22:35.203Z > 200 GET /api/v1/ 312.74ms
INF 2026-08-04T20:22:35.212Z > 200 GET /api/v1/ 329.46ms
INF 2026-08-04T20:22:35.213Z > 200 GET /api/v1/ 40.86ms
INF 2026-08-04T20:22:35.214Z > 200 GET /api/v1/ 35.13ms
INF 2026-08-04T20:22:35.217Z > 200 GET /api/v1/ 38.37ms
INF 2026-08-04T20:22:35.218Z > 200 GET /api/v1/ 36.39ms
INF 2026-08-04T20:22:35.218Z > 200 GET /api/v1/ 41.04ms
INF 2026-08-04T20:22:35.219Z > 200 GET /api/v1/ 308.75ms
INF 2026-08-04T20:22:35.219Z > 200 GET /api/v1/ 34.97ms
INF 2026-08-04T20:22:35.219Z > 200 GET /api/v1/ 284.61ms
INF 2026-08-04T20:22:35.219Z > 200 GET /api/v1/ 284.5ms
INF 2026-08-04T20:22:35.222Z > 200 GET /api/v1/ 33.69ms
INF 2026-08-04T20:22:35.223Z > 200 GET /api/v1/ 300.54ms
INF 2026-08-04T20:22:35.226Z > 200 GET /api/v1/ 33.38ms
INF 2026-08-04T20:22:35.226Z > 200 GET /api/v1/ 33.01ms
INF 2026-08-04T20:22:35.226Z > 200 GET /api/v1/ 39.48ms
INF 2026-08-04T20:22:35.226Z > 200 GET /api/v1/ 32.84ms
INF 2026-08-04T20:22:35.227Z > 200 GET /api/v1/ 31.48ms
INF 2026-08-04T20:22:35.229Z > 200 GET /api/v1/ 285.47ms
INF 2026-08-04T20:22:35.231Z > 200 GET /api/v1/ 287.36ms
INF 2026-08-04T20:22:35.235Z > 200 GET /api/v1/ 282.73ms
INF 2026-08-04T20:22:35.237Z > 200 GET /api/v1/ 18.88ms
INF 2026-08-04T20:22:35.237Z > 200 GET /api/v1/ 287.1ms
INF 2026-08-04T20:22:35.237Z > 200 GET /api/v1/ 18.42ms
INF 2026-08-04T20:22:35.238Z > 200 GET /api/v1/ 18.41ms
INF 2026-08-04T20:22:35.238Z > 200 GET /api/v1/ 18.62ms
INF 2026-08-04T20:22:35.242Z > 200 GET /api/v1/ 19.32ms
INF 2026-08-04T20:22:35.244Z > 200 GET /api/v1/ 18.19ms
INF 2026-08-04T20:22:35.244Z > 200 GET /api/v1/ 17.92ms
INF 2026-08-04T20:22:35.246Z > 200 GET /api/v1/ 17.71ms
INF 2026-08-04T20:22:35.249Z > 200 GET /api/v1/ 300.85ms
INF 2026-08-04T20:22:35.249Z > 200 GET /api/v1/ 296.16ms
INF 2026-08-04T20:22:35.253Z > 200 GET /api/v1/ 15.8ms
INF 2026-08-04T20:22:35.254Z > 200 GET /api/v1/ 15.96ms
INF 2026-08-04T20:22:35.254Z > 200 GET /api/v1/ 16.03ms
INF 2026-08-04T20:22:35.256Z > 200 GET /api/v1/ 13.85ms
INF 2026-08-04T20:22:35.257Z > 200 GET /api/v1/ 12.66ms
INF 2026-08-04T20:22:35.259Z > 200 GET /api/v1/ 12.03ms
INF 2026-08-04T20:22:35.260Z > 200 GET /api/v1/ 301.66ms
INF 2026-08-04T20:22:35.261Z > 200 GET /api/v1/ 11.7ms
INF 2026-08-04T20:22:35.266Z > 200 GET /api/v1/ 303.78ms
INF 2026-08-04T20:22:35.266Z > 200 GET /api/v1/ 13.07ms
INF 2026-08-04T20:22:35.271Z > 200 GET /api/v1/ 17.23ms
INF 2026-08-04T20:22:35.271Z > 200 GET /api/v1/ 15.04ms
INF 2026-08-04T20:22:35.273Z > 200 GET /api/v1/ 16.15ms
INF 2026-08-04T20:22:35.273Z > 200 GET /api/v1/ 13.51ms
INF 2026-08-04T20:22:35.274Z > 200 GET /api/v1/ 14.84ms
INF 2026-08-04T20:22:35.274Z > 200 GET /api/v1/ 311.25ms
INF 2026-08-04T20:22:35.277Z > 200 GET /api/v1/ 314.35ms
INF 2026-08-04T20:22:35.280Z > 200 GET /api/v1/ 14.12ms
INF 2026-08-04T20:22:35.290Z > 200 GET /api/v1/ 19.19ms
INF 2026-08-04T20:22:35.292Z > 200 GET /api/v1/ 18.6ms
INF 2026-08-04T20:22:35.296Z > 200 GET /api/v1/ 21.49ms
INF 2026-08-04T20:22:35.300Z > 200 GET /api/v1/ 318.03ms
INF 2026-08-04T20:22:35.302Z > 200 GET /api/v1/ 325.45ms
INF 2026-08-04T20:22:35.303Z > 200 GET /api/v1/ 22.92ms
INF 2026-08-04T20:22:35.306Z > 200 GET /api/v1/ 315.18ms
INF 2026-08-04T20:22:35.306Z > 200 GET /api/v1/ 13.85ms
INF 2026-08-04T20:22:35.307Z > 200 GET /api/v1/ 308.83ms
INF 2026-08-04T20:22:35.307Z > 200 GET /api/v1/ 343.64ms
INF 2026-08-04T20:22:35.308Z > 200 GET /api/v1/ 11.7ms
INF 2026-08-04T20:22:35.308Z > 200 GET /api/v1/ 7.63ms
INF 2026-08-04T20:22:35.308Z > 200 GET /api/v1/ 355.55ms
INF 2026-08-04T20:22:35.309Z > 200 GET /api/v1/ 297.02ms
INF 2026-08-04T20:22:35.310Z > 200 GET /api/v1/ 282.48ms
INF 2026-08-04T20:22:35.310Z > 200 GET /api/v1/ 277.21ms
INF 2026-08-04T20:22:35.311Z > 200 GET /api/v1/ 297.01ms
INF 2026-08-04T20:22:35.311Z > 200 GET /api/v1/ 287.54ms
INF 2026-08-04T20:22:35.312Z > 200 GET /api/v1/ 300.85ms
INF 2026-08-04T20:22:35.313Z > 200 GET /api/v1/ 276.49ms
INF 2026-08-04T20:22:35.313Z > 200 GET /api/v1/ 274.61ms
INF 2026-08-04T20:22:35.313Z > 200 GET /api/v1/ 274.83ms
INF 2026-08-04T20:22:35.314Z > 200 GET /api/v1/ 337.9ms
INF 2026-08-04T20:22:35.315Z > 200 GET /api/v1/ 268.02ms
INF 2026-08-04T20:22:35.316Z > 200 GET /api/v1/ 356.46ms
INF 2026-08-04T20:22:35.316Z > 200 GET /api/v1/ 267.23ms
INF 2026-08-04T20:22:35.317Z > 200 GET /api/v1/ 268.14ms
INF 2026-08-04T20:22:35.317Z > 200 GET /api/v1/ 273.26ms
INF 2026-08-04T20:22:35.319Z > 200 GET /api/v1/ 3.53ms
INF 2026-08-04T20:22:35.319Z > 200 GET /api/v1/ 2.42ms
INF 2026-08-04T20:22:35.320Z > 200 GET /api/v1/ 269.83ms
INF 2026-08-04T20:22:35.321Z > 200 GET /api/v1/ 4.27ms
INF 2026-08-04T20:22:35.321Z > 200 GET /api/v1/ 268.46ms
INF 2026-08-04T20:22:35.322Z > 200 GET /api/v1/ 264.29ms
INF 2026-08-04T20:22:35.324Z > 200 GET /api/v1/ 262.97ms
INF 2026-08-04T20:22:35.324Z > 200 GET /api/v1/ 262.45ms
INF 2026-08-04T20:22:35.327Z > 200 GET /api/v1/ 5.91ms
INF 2026-08-04T20:22:35.329Z > 200 GET /api/v1/ 249.34ms
INF 2026-08-04T20:22:35.330Z > 200 GET /api/v1/ 256.22ms
INF 2026-08-04T20:22:35.330Z > 200 GET /api/v1/ 249.9ms
INF 2026-08-04T20:22:35.333Z > 200 GET /api/v1/ 252.36ms
INF 2026-08-04T20:22:35.334Z > 200 GET /api/v1/ 251.94ms
INF 2026-08-04T20:22:35.345Z > 200 GET /api/v1/ 15.31ms
INF 2026-08-04T20:22:35.350Z > 200 GET /api/v1/ 19.1ms
INF 2026-08-04T20:22:35.356Z > 200 GET /api/v1/ 270.41ms
INF 2026-08-04T20:22:35.364Z > 200 GET /api/v1/ 270.26ms
INF 2026-08-04T20:22:35.364Z > 200 GET /api/v1/ 264.87ms
INF 2026-08-04T20:22:35.365Z > 200 GET /api/v1/ 281.6ms
INF 2026-08-04T20:22:35.365Z > 200 GET /api/v1/ 255.67ms
INF 2026-08-04T20:22:35.365Z > 200 GET /api/v1/ 257.2ms
INF 2026-08-04T20:22:35.372Z > 200 GET /api/v1/ 268.62ms
INF 2026-08-04T20:22:35.372Z > 200 GET /api/v1/ 283.61ms
INF 2026-08-04T20:22:35.372Z > 200 GET /api/v1/ 277.91ms
INF 2026-08-04T20:22:35.373Z > 200 GET /api/v1/ 278.41ms
INF 2026-08-04T20:22:35.373Z > 200 GET /api/v1/ 269.82ms
INF 2026-08-04T20:22:35.373Z > 200 GET /api/v1/ 264.19ms
INF 2026-08-04T20:22:35.374Z > 200 GET /api/v1/ 283.91ms
INF 2026-08-04T20:22:35.374Z > 200 GET /api/v1/ 265.42ms
INF 2026-08-04T20:22:35.374Z > 200 GET /api/v1/ 265.59ms
INF 2026-08-04T20:22:35.374Z > 200 GET /api/v1/ 266.14ms
INF 2026-08-04T20:22:35.380Z > 200 GET /api/v1/ 276.87ms
INF 2026-08-04T20:22:35.384Z > 200 GET /api/v1/ 297.75ms
INF 2026-08-04T20:22:35.388Z > 200 GET /api/v1/ 31.54ms
INF 2026-08-04T20:22:35.396Z > 200 GET /api/v1/ 31.72ms
INF 2026-08-04T20:22:35.398Z > 200 GET /api/v1/ 244.3ms
INF 2026-08-04T20:22:35.399Z > 200 GET /api/v1/ 35.54ms
INF 2026-08-04T20:22:35.400Z > 200 GET /api/v1/ 256.73ms
INF 2026-08-04T20:22:35.401Z > 200 GET /api/v1/ 29.4ms
INF 2026-08-04T20:22:35.402Z > 200 GET /api/v1/ 37.02ms
INF 2026-08-04T20:22:35.403Z > 200 GET /api/v1/ 30.43ms
INF 2026-08-04T20:22:35.404Z > 200 GET /api/v1/ 30.47ms
INF 2026-08-04T20:22:35.405Z > 200 GET /api/v1/ 261.25ms
INF 2026-08-04T20:22:35.405Z > 200 GET /api/v1/ 262.04ms
INF 2026-08-04T20:22:35.406Z > 200 GET /api/v1/ 31.36ms
INF 2026-08-04T20:22:35.407Z > 200 GET /api/v1/ 260.72ms
INF 2026-08-04T20:22:35.414Z > 200 GET /api/v1/ 33.43ms
INF 2026-08-04T20:22:35.415Z > 200 GET /api/v1/ 31.2ms
INF 2026-08-04T20:22:35.415Z > 200 GET /api/v1/ 237.95ms
INF 2026-08-04T20:22:35.416Z > 200 GET /api/v1/ 218.67ms
INF 2026-08-04T20:22:35.417Z > 200 GET /api/v1/ 228.9ms
INF 2026-08-04T20:22:35.417Z > 200 GET /api/v1/ 43.14ms
INF 2026-08-04T20:22:35.417Z > 200 GET /api/v1/ 213.92ms
INF 2026-08-04T20:22:35.427Z > 200 GET /api/v1/ 38.45ms
INF 2026-08-04T20:22:35.427Z > 200 GET /api/v1/ 274.51ms
INF 2026-08-04T20:22:35.429Z > 200 GET /api/v1/ 307.59ms
INF 2026-08-04T20:22:35.430Z > 200 GET /api/v1/ 33.68ms
INF 2026-08-04T20:22:35.432Z > 200 GET /api/v1/ 311.13ms
INF 2026-08-04T20:22:35.437Z > 200 GET /api/v1/ 223.05ms
INF 2026-08-04T20:22:35.437Z > 200 GET /api/v1/ 33.41ms
INF 2026-08-04T20:22:35.437Z > 200 GET /api/v1/ 33.42ms
INF 2026-08-04T20:22:35.438Z > 200 GET /api/v1/ 250.08ms
INF 2026-08-04T20:22:35.438Z > 200 GET /api/v1/ 33.04ms
INF 2026-08-04T20:22:35.438Z > 200 GET /api/v1/ 65.89ms
INF 2026-08-04T20:22:35.439Z > 200 GET /api/v1/ 33.9ms
INF 2026-08-04T20:22:35.439Z > 200 GET /api/v1/ 33.18ms
INF 2026-08-04T20:22:35.441Z > 200 GET /api/v1/ 34.08ms
INF 2026-08-04T20:22:35.442Z > 200 GET /api/v1/ 298.78ms
INF 2026-08-04T20:22:35.444Z > 200 GET /api/v1/ 286.35ms
INF 2026-08-04T20:22:35.446Z > 200 GET /api/v1/ 256.88ms
INF 2026-08-04T20:22:35.451Z > 200 GET /api/v1/ 302.52ms
INF 2026-08-04T20:22:35.454Z > 200 GET /api/v1/ 38.31ms
INF 2026-08-04T20:22:35.455Z > 200 GET /api/v1/ 37.69ms
INF 2026-08-04T20:22:35.456Z > 200 GET /api/v1/ 262.18ms
INF 2026-08-04T20:22:35.456Z > 200 GET /api/v1/ 38.8ms
INF 2026-08-04T20:22:35.459Z > 200 GET /api/v1/ 45.16ms
INF 2026-08-04T20:22:35.462Z > 200 GET /api/v1/ 282.62ms
INF 2026-08-04T20:22:35.463Z > 200 GET /api/v1/ 33.08ms
INF 2026-08-04T20:22:35.464Z > 200 GET /api/v1/ 285.53ms
INF 2026-08-04T20:22:35.465Z > 200 GET /api/v1/ 251.02ms
INF 2026-08-04T20:22:35.465Z > 200 GET /api/v1/ 277.09ms
INF 2026-08-04T20:22:35.465Z > 200 GET /api/v1/ 287.74ms
INF 2026-08-04T20:22:35.466Z > 200 GET /api/v1/ 285.73ms
INF 2026-08-04T20:22:35.466Z > 200 GET /api/v1/ 252.24ms
INF 2026-08-04T20:22:35.467Z > 200 GET /api/v1/ 29.67ms
INF 2026-08-04T20:22:35.467Z > 200 GET /api/v1/ 30.28ms
INF 2026-08-04T20:22:35.468Z > 200 GET /api/v1/ 29.47ms
INF 2026-08-04T20:22:35.469Z > 200 GET /api/v1/ 30.42ms
INF 2026-08-04T20:22:35.472Z > 200 GET /api/v1/ 29.97ms
INF 2026-08-04T20:22:35.474Z > 200 GET /api/v1/ 29.9ms
INF 2026-08-04T20:22:35.474Z > 200 GET /api/v1/ 295.47ms
INF 2026-08-04T20:22:35.476Z > 200 GET /api/v1/ 256.92ms
INF 2026-08-04T20:22:35.479Z > 200 GET /api/v1/ 256.56ms
INF 2026-08-04T20:22:35.480Z > 200 GET /api/v1/ 261.99ms
INF 2026-08-04T20:22:35.484Z > 200 GET /api/v1/ 22.41ms
INF 2026-08-04T20:22:35.486Z > 200 GET /api/v1/ 20.8ms
INF 2026-08-04T20:22:35.486Z > 200 GET /api/v1/ 20.55ms
INF 2026-08-04T20:22:35.494Z > 200 GET /api/v1/ 27.21ms
INF 2026-08-04T20:22:35.495Z > 200 GET /api/v1/ 31.42ms
INF 2026-08-04T20:22:35.495Z > 200 GET /api/v1/ 27.17ms
INF 2026-08-04T20:22:35.496Z > 200 GET /api/v1/ 276.16ms
INF 2026-08-04T20:22:35.496Z > 200 GET /api/v1/ 21.71ms
INF 2026-08-04T20:22:35.497Z > 200 GET /api/v1/ 271.16ms
INF 2026-08-04T20:22:35.498Z > 200 GET /api/v1/ 21.42ms
INF 2026-08-04T20:22:35.501Z > 200 GET /api/v1/ 14.71ms
INF 2026-08-04T20:22:35.502Z > 200 GET /api/v1/ 275.17ms
INF 2026-08-04T20:22:35.503Z > 200 GET /api/v1/ 16.67ms
INF 2026-08-04T20:22:35.503Z > 200 GET /api/v1/ 271.66ms
INF 2026-08-04T20:22:35.504Z > 200 GET /api/v1/ 8.66ms
INF 2026-08-04T20:22:35.506Z > 200 GET /api/v1/ 8.51ms
INF 2026-08-04T20:22:35.507Z > 200 GET /api/v1/ 270.39ms
INF 2026-08-04T20:22:35.510Z > 200 GET /api/v1/ 13.58ms
INF 2026-08-04T20:22:35.511Z > 200 GET /api/v1/ 283.66ms
INF 2026-08-04T20:22:35.512Z > 200 GET /api/v1/ 8.66ms
INF 2026-08-04T20:22:35.513Z > 200 GET /api/v1/ 277.94ms
INF 2026-08-04T20:22:35.515Z > 200 GET /api/v1/ 261.02ms
INF 2026-08-04T20:22:35.518Z > 200 GET /api/v1/ 273.52ms
INF 2026-08-04T20:22:35.518Z > 200 GET /api/v1/ 251.85ms
INF 2026-08-04T20:22:35.518Z > 200 GET /api/v1/ 269.4ms
INF 2026-08-04T20:22:35.519Z > 200 GET /api/v1/ 227.8ms
INF 2026-08-04T20:22:35.520Z > 200 GET /api/v1/ 249.04ms
INF 2026-08-04T20:22:35.521Z > 200 GET /api/v1/ 284.2ms
INF 2026-08-04T20:22:35.522Z > 200 GET /api/v1/ 247.95ms
INF 2026-08-04T20:22:35.522Z > 200 GET /api/v1/ 261.4ms
INF 2026-08-04T20:22:35.523Z > 200 GET /api/v1/ 220.86ms
INF 2026-08-04T20:22:35.523Z > 200 GET /api/v1/ 215.3ms
INF 2026-08-04T20:22:35.524Z > 200 GET /api/v1/ 250.61ms
INF 2026-08-04T20:22:35.528Z > 200 GET /api/v1/ 222.01ms
INF 2026-08-04T20:22:35.529Z > 200 GET /api/v1/ 251.44ms
INF 2026-08-04T20:22:35.529Z > 200 GET /api/v1/ 221.51ms
INF 2026-08-04T20:22:35.530Z > 200 GET /api/v1/ 221.92ms
INF 2026-08-04T20:22:35.531Z > 200 GET /api/v1/ 227.25ms
INF 2026-08-04T20:22:35.532Z > 200 GET /api/v1/ 220.87ms
INF 2026-08-04T20:22:35.534Z > 200 GET /api/v1/ 223.75ms
INF 2026-08-04T20:22:35.536Z > 200 GET /api/v1/ 227.21ms
INF 2026-08-04T20:22:35.538Z > 200 GET /api/v1/ 227.62ms
INF 2026-08-04T20:22:35.538Z > 200 GET /api/v1/ 224.96ms
INF 2026-08-04T20:22:35.539Z > 200 GET /api/v1/ 16.86ms
INF 2026-08-04T20:22:35.549Z > 200 GET /api/v1/ 25.54ms
INF 2026-08-04T20:22:35.549Z > 200 GET /api/v1/ 240.12ms
INF 2026-08-04T20:22:35.549Z > 200 GET /api/v1/ 236.74ms
INF 2026-08-04T20:22:35.550Z > 200 GET /api/v1/ 236.94ms
INF 2026-08-04T20:22:35.553Z > 200 GET /api/v1/ 246.57ms
INF 2026-08-04T20:22:35.554Z > 200 GET /api/v1/ 240.9ms
INF 2026-08-04T20:22:35.561Z > 200 GET /api/v1/ 247.39ms
INF 2026-08-04T20:22:35.564Z > 200 GET /api/v1/ 242.82ms
INF 2026-08-04T20:22:35.569Z > 200 GET /api/v1/ 252.27ms
INF 2026-08-04T20:22:35.581Z > 200 GET /api/v1/ 247.8ms
INF 2026-08-04T20:22:35.582Z > 200 GET /api/v1/ 267.41ms
INF 2026-08-04T20:22:35.583Z > 200 GET /api/v1/ 260.89ms
INF 2026-08-04T20:22:35.583Z > 200 GET /api/v1/ 44.79ms
INF 2026-08-04T20:22:35.584Z > 200 GET /api/v1/ 270.04ms
INF 2026-08-04T20:22:35.584Z > 200 GET /api/v1/ 256.79ms
INF 2026-08-04T20:22:35.584Z > 200 GET /api/v1/ 264.92ms
INF 2026-08-04T20:22:35.585Z > 200 GET /api/v1/ 267.26ms
INF 2026-08-04T20:22:35.585Z > 200 GET /api/v1/ 219.68ms
INF 2026-08-04T20:22:35.585Z > 200 GET /api/v1/ 266.21ms
INF 2026-08-04T20:22:35.585Z > 200 GET /api/v1/ 260.91ms
INF 2026-08-04T20:22:35.586Z > 200 GET /api/v1/ 261.81ms
INF 2026-08-04T20:22:35.586Z > 200 GET /api/v1/ 256.3ms
INF 2026-08-04T20:22:35.588Z > 200 GET /api/v1/ 242.58ms
INF 2026-08-04T20:22:35.590Z > 200 GET /api/v1/ 268.41ms
INF 2026-08-04T20:22:35.592Z > 200 GET /api/v1/ 189.85ms
INF 2026-08-04T20:22:35.593Z > 200 GET /api/v1/ 194.91ms
INF 2026-08-04T20:22:35.594Z > 200 GET /api/v1/ 24.51ms
INF 2026-08-04T20:22:35.594Z > 200 GET /api/v1/ 229.44ms
INF 2026-08-04T20:22:35.595Z > 200 GET /api/v1/ 176.88ms
INF 2026-08-04T20:22:35.598Z > 200 GET /api/v1/ 15.28ms
INF 2026-08-04T20:22:35.598Z > 200 GET /api/v1/ 263.76ms
INF 2026-08-04T20:22:35.599Z > 200 GET /api/v1/ 14.59ms
INF 2026-08-04T20:22:35.599Z > 200 GET /api/v1/ 13.95ms
INF 2026-08-04T20:22:35.599Z > 200 GET /api/v1/ 13.05ms
INF 2026-08-04T20:22:35.600Z > 200 GET /api/v1/ 249.23ms
INF 2026-08-04T20:22:35.600Z > 200 GET /api/v1/ 11.82ms
INF 2026-08-04T20:22:35.600Z > 200 GET /api/v1/ 14.62ms
INF 2026-08-04T20:22:35.601Z > 200 GET /api/v1/ 10.51ms
INF 2026-08-04T20:22:35.602Z > 200 GET /api/v1/ 16.06ms
INF 2026-08-04T20:22:35.602Z > 200 GET /api/v1/ 9.2ms
INF 2026-08-04T20:22:35.604Z > 200 GET /api/v1/ 5.26ms
INF 2026-08-04T20:22:35.605Z > 200 GET /api/v1/ 4.99ms
INF 2026-08-04T20:22:35.607Z > 200 GET /api/v1/ 4.88ms
INF 2026-08-04T20:22:35.607Z > 200 GET /api/v1/ 5.96ms
INF 2026-08-04T20:22:35.614Z > 200 GET /api/v1/ 6.76ms
INF 2026-08-04T20:22:35.623Z > 200 GET /api/v1/ 251.12ms
INF 2026-08-04T20:22:35.628Z > 200 GET /api/v1/ 228.51ms
INF 2026-08-04T20:22:35.628Z > 200 GET /api/v1/ 212.72ms
INF 2026-08-04T20:22:35.636Z > 200 GET /api/v1/ 236.48ms
INF 2026-08-04T20:22:35.639Z > 200 GET /api/v1/ 210.67ms
INF 2026-08-04T20:22:35.640Z > 200 GET /api/v1/ 25.62ms
INF 2026-08-04T20:22:35.643Z > 200 GET /api/v1/ 269.13ms
INF 2026-08-04T20:22:35.644Z > 200 GET /api/v1/ 269.28ms
INF 2026-08-04T20:22:35.644Z > 200 GET /api/v1/ 228.93ms
INF 2026-08-04T20:22:35.645Z > 200 GET /api/v1/ 215.41ms
INF 2026-08-04T20:22:35.645Z > 200 GET /api/v1/ 244.01ms
INF 2026-08-04T20:22:35.651Z > 200 GET /api/v1/ 22.6ms
INF 2026-08-04T20:22:35.652Z > 200 GET /api/v1/ 213.96ms
INF 2026-08-04T20:22:35.661Z > 200 GET /api/v1/ 21.11ms
INF 2026-08-04T20:22:35.662Z > 200 GET /api/v1/ 219.99ms
INF 2026-08-04T20:22:35.662Z > 200 GET /api/v1/ 17.55ms
INF 2026-08-04T20:22:35.662Z > 200 GET /api/v1/ 16.77ms
INF 2026-08-04T20:22:35.663Z > 200 GET /api/v1/ 18.88ms
INF 2026-08-04T20:22:35.664Z > 200 GET /api/v1/ 232.05ms
INF 2026-08-04T20:22:35.664Z > 200 GET /api/v1/ 13.58ms
INF 2026-08-04T20:22:35.668Z > 200 GET /api/v1/ 213.26ms
INF 2026-08-04T20:22:35.669Z > 200 GET /api/v1/ 16.57ms
INF 2026-08-04T20:22:35.669Z > 200 GET /api/v1/ 223.62ms
INF 2026-08-04T20:22:35.674Z > 200 GET /api/v1/ 12.77ms
INF 2026-08-04T20:22:35.674Z > 200 GET /api/v1/ 210.13ms
INF 2026-08-04T20:22:35.675Z > 200 GET /api/v1/ 218.14ms
INF 2026-08-04T20:22:35.675Z > 200 GET /api/v1/ 12.47ms
INF 2026-08-04T20:22:35.675Z > 200 GET /api/v1/ 12.52ms
INF 2026-08-04T20:22:35.675Z > 200 GET /api/v1/ 219.4ms
INF 2026-08-04T20:22:35.677Z > 200 GET /api/v1/ 223.22ms
INF 2026-08-04T20:22:35.678Z > 200 GET /api/v1/ 218.66ms
INF 2026-08-04T20:22:35.678Z > 200 GET /api/v1/ 13.67ms
INF 2026-08-04T20:22:35.679Z > 200 GET /api/v1/ 9.41ms
INF 2026-08-04T20:22:35.681Z > 200 GET /api/v1/ 11.37ms
INF 2026-08-04T20:22:35.681Z > 200 GET /api/v1/ 229.75ms
INF 2026-08-04T20:22:35.681Z > 200 GET /api/v1/ 6.76ms
INF 2026-08-04T20:22:35.682Z > 200 GET /api/v1/ 6.42ms
INF 2026-08-04T20:22:35.682Z > 200 GET /api/v1/ 308.37ms
INF 2026-08-04T20:22:35.682Z > 200 GET /api/v1/ 6.59ms
INF 2026-08-04T20:22:35.684Z > 200 GET /api/v1/ 129.96ms
INF 2026-08-04T20:22:35.685Z > 200 GET /api/v1/ 248.01ms
INF 2026-08-04T20:22:35.686Z > 200 GET /api/v1/ 121.8ms
INF 2026-08-04T20:22:35.688Z > 200 GET /api/v1/ 259.92ms
INF 2026-08-04T20:22:35.697Z > 200 GET /api/v1/ 258.18ms
INF 2026-08-04T20:22:35.698Z > 200 GET /api/v1/ 258.95ms
INF 2026-08-04T20:22:35.715Z > 200 GET /api/v1/ 26.03ms
INF 2026-08-04T20:22:35.717Z > 200 GET /api/v1/ 252.22ms
INF 2026-08-04T20:22:35.721Z > 200 GET /api/v1/ 251.95ms
INF 2026-08-04T20:22:35.722Z > 200 GET /api/v1/ 247.9ms
INF 2026-08-04T20:22:35.723Z > 200 GET /api/v1/ 256.61ms
INF 2026-08-04T20:22:35.727Z > 200 GET /api/v1/ 259.68ms
INF 2026-08-04T20:22:35.729Z > 200 GET /api/v1/ 257.55ms
INF 2026-08-04T20:22:35.730Z > 200 GET /api/v1/ 249.97ms
INF 2026-08-04T20:22:35.731Z > 200 GET /api/v1/ 251.18ms
INF 2026-08-04T20:22:35.735Z > 200 GET /api/v1/ 269.05ms
INF 2026-08-04T20:22:35.736Z > 200 GET /api/v1/ 240.69ms
INF 2026-08-04T20:22:35.737Z > 200 GET /api/v1/ 252.89ms
INF 2026-08-04T20:22:35.737Z > 200 GET /api/v1/ 14.79ms
INF 2026-08-04T20:22:35.738Z > 200 GET /api/v1/ 8.62ms
INF 2026-08-04T20:22:35.738Z > 200 GET /api/v1/ 11.31ms
INF 2026-08-04T20:22:35.742Z > 200 GET /api/v1/ 243.48ms
INF 2026-08-04T20:22:35.742Z > 200 GET /api/v1/ 11.57ms
INF 2026-08-04T20:22:35.743Z > 200 GET /api/v1/ 240.94ms
INF 2026-08-04T20:22:35.743Z > 200 GET /api/v1/ 12.86ms
INF 2026-08-04T20:22:35.743Z > 200 GET /api/v1/ 7.87ms
INF 2026-08-04T20:22:35.743Z > 200 GET /api/v1/ 6.85ms
INF 2026-08-04T20:22:35.744Z > 200 GET /api/v1/ 248.31ms
INF 2026-08-04T20:22:35.746Z > 200 GET /api/v1/ 249.33ms
INF 2026-08-04T20:22:35.746Z > 200 GET /api/v1/ 7.47ms
INF 2026-08-04T20:22:35.747Z > 200 GET /api/v1/ 245.55ms
INF 2026-08-04T20:22:35.749Z > 200 GET /api/v1/ 5.99ms
INF 2026-08-04T20:22:35.751Z > 200 GET /api/v1/ 7.88ms
INF 2026-08-04T20:22:35.751Z > 200 GET /api/v1/ 8.72ms
INF 2026-08-04T20:22:35.752Z > 200 GET /api/v1/ 248.04ms
INF 2026-08-04T20:22:35.752Z > 200 GET /api/v1/ 8.45ms
INF 2026-08-04T20:22:35.753Z > 200 GET /api/v1/ 247.88ms
INF 2026-08-04T20:22:35.755Z > 200 GET /api/v1/ 8.62ms
INF 2026-08-04T20:22:35.757Z > 200 GET /api/v1/ 249.43ms
INF 2026-08-04T20:22:35.759Z > 200 GET /api/v1/ 248.37ms
INF 2026-08-04T20:22:35.759Z > 200 GET /api/v1/ 251.96ms
INF 2026-08-04T20:22:35.761Z > 200 GET /api/v1/ 243.56ms
INF 2026-08-04T20:22:35.761Z > 200 GET /api/v1/ 241.97ms
INF 2026-08-04T20:22:35.761Z > 200 GET /api/v1/ 246.57ms
INF 2026-08-04T20:22:35.762Z > 200 GET /api/v1/ 9.28ms
INF 2026-08-04T20:22:35.762Z > 200 GET /api/v1/ 9.17ms
INF 2026-08-04T20:22:35.763Z > 200 GET /api/v1/ 250.42ms
INF 2026-08-04T20:22:35.771Z > 200 GET /api/v1/ 259.29ms
INF 2026-08-04T20:22:35.773Z > 200 GET /api/v1/ 250.13ms
INF 2026-08-04T20:22:35.779Z > 200 GET /api/v1/ 253.66ms
INF 2026-08-04T20:22:35.792Z > 200 GET /api/v1/ 242.32ms
INF 2026-08-04T20:22:35.795Z > 200 GET /api/v1/ 23.75ms
INF 2026-08-04T20:22:35.795Z > 200 GET /api/v1/ 256.45ms
INF 2026-08-04T20:22:35.796Z > 200 GET /api/v1/ 277.03ms
INF 2026-08-04T20:22:35.796Z > 200 GET /api/v1/ 266.05ms
INF 2026-08-04T20:22:35.797Z > 200 GET /api/v1/ 277.62ms
INF 2026-08-04T20:22:35.797Z > 200 GET /api/v1/ 35.05ms
INF 2026-08-04T20:22:35.798Z > 200 GET /api/v1/ 276.04ms
INF 2026-08-04T20:22:35.799Z > 200 GET /api/v1/ 267.19ms
INF 2026-08-04T20:22:35.799Z > 200 GET /api/v1/ 267.62ms
INF 2026-08-04T20:22:35.799Z > 200 GET /api/v1/ 261.98ms
INF 2026-08-04T20:22:35.800Z > 200 GET /api/v1/ 269.6ms
INF 2026-08-04T20:22:35.800Z > 200 GET /api/v1/ 281.19ms
INF 2026-08-04T20:22:35.800Z > 200 GET /api/v1/ 38.78ms
INF 2026-08-04T20:22:35.807Z > 200 GET /api/v1/ 285.21ms
INF 2026-08-04T20:22:35.807Z > 200 GET /api/v1/ 275.53ms
INF 2026-08-04T20:22:35.807Z > 200 GET /api/v1/ 257.26ms
INF 2026-08-04T20:22:35.810Z > 200 GET /api/v1/ 288.92ms
INF 2026-08-04T20:22:35.810Z > 200 GET /api/v1/ 275.28ms
INF 2026-08-04T20:22:35.810Z > 200 GET /api/v1/ 279.2ms
INF 2026-08-04T20:22:35.818Z > 200 GET /api/v1/ 44.56ms
INF 2026-08-04T20:22:35.819Z > 200 GET /api/v1/ 257.59ms
INF 2026-08-04T20:22:35.829Z > 200 GET /api/v1/ 245.39ms
INF 2026-08-04T20:22:35.830Z > 200 GET /api/v1/ 235.04ms
INF 2026-08-04T20:22:35.833Z > 200 GET /api/v1/ 229.25ms
INF 2026-08-04T20:22:35.834Z > 200 GET /api/v1/ 233.99ms
INF 2026-08-04T20:22:35.834Z > 200 GET /api/v1/ 23.69ms
INF 2026-08-04T20:22:35.834Z > 200 GET /api/v1/ 26.51ms
INF 2026-08-04T20:22:35.836Z > 200 GET /api/v1/ 35.68ms
INF 2026-08-04T20:22:35.838Z > 200 GET /api/v1/ 42.88ms
INF 2026-08-04T20:22:35.841Z > 200 GET /api/v1/ 44.68ms
INF 2026-08-04T20:22:35.842Z > 200 GET /api/v1/ 260.33ms
INF 2026-08-04T20:22:35.844Z > 200 GET /api/v1/ 257.9ms
INF 2026-08-04T20:22:35.844Z > 200 GET /api/v1/ 243.72ms
INF 2026-08-04T20:22:35.846Z > 200 GET /api/v1/ 246.0ms
INF 2026-08-04T20:22:35.846Z > 200 GET /api/v1/ 49.26ms
INF 2026-08-04T20:22:35.856Z > 200 GET /api/v1/ 257.3ms
INF 2026-08-04T20:22:35.857Z > 200 GET /api/v1/ 273.71ms
INF 2026-08-04T20:22:35.857Z > 200 GET /api/v1/ 271.73ms
INF 2026-08-04T20:22:35.858Z > 200 GET /api/v1/ 229.47ms
INF 2026-08-04T20:22:35.858Z > 200 GET /api/v1/ 264.05ms
INF 2026-08-04T20:22:35.859Z > 200 GET /api/v1/ 62.08ms
INF 2026-08-04T20:22:35.859Z > 200 GET /api/v1/ 29.41ms
INF 2026-08-04T20:22:35.861Z > 200 GET /api/v1/ 26.86ms
INF 2026-08-04T20:22:35.861Z > 200 GET /api/v1/ 26.85ms
INF 2026-08-04T20:22:35.862Z > 200 GET /api/v1/ 257.51ms
INF 2026-08-04T20:22:35.862Z > 200 GET /api/v1/ 26.1ms
INF 2026-08-04T20:22:35.863Z > 200 GET /api/v1/ 262.49ms
INF 2026-08-04T20:22:35.864Z > 200 GET /api/v1/ 23.53ms
INF 2026-08-04T20:22:35.868Z > 200 GET /api/v1/ 268.96ms
INF 2026-08-04T20:22:35.868Z > 200 GET /api/v1/ 30.46ms
INF 2026-08-04T20:22:35.869Z > 200 GET /api/v1/ 318.41ms
INF 2026-08-04T20:22:35.874Z > 200 GET /api/v1/ 282.07ms
INF 2026-08-04T20:22:35.875Z > 200 GET /api/v1/ 250.72ms
INF 2026-08-04T20:22:35.875Z > 200 GET /api/v1/ 31.01ms
INF 2026-08-04T20:22:35.875Z > 200 GET /api/v1/ 293.74ms
INF 2026-08-04T20:22:35.875Z > 200 GET /api/v1/ 29.45ms
INF 2026-08-04T20:22:35.876Z > 200 GET /api/v1/ 76.6ms
INF 2026-08-04T20:22:35.876Z > 200 GET /api/v1/ 325.39ms
INF 2026-08-04T20:22:35.876Z > 200 GET /api/v1/ 325.98ms
INF 2026-08-04T20:22:35.877Z > 200 GET /api/v1/ 322.91ms
INF 2026-08-04T20:22:35.877Z > 200 GET /api/v1/ 292.24ms
INF 2026-08-04T20:22:35.877Z > 200 GET /api/v1/ 240.32ms
INF 2026-08-04T20:22:35.878Z > 200 GET /api/v1/ 19.31ms
INF 2026-08-04T20:22:35.879Z > 200 GET /api/v1/ 271.67ms
INF 2026-08-04T20:22:35.881Z > 200 GET /api/v1/ 287.06ms
INF 2026-08-04T20:22:35.882Z > 200 GET /api/v1/ 279.53ms
INF 2026-08-04T20:22:35.884Z > 200 GET /api/v1/ 245.06ms
INF 2026-08-04T20:22:35.885Z > 200 GET /api/v1/ 16.26ms
INF 2026-08-04T20:22:35.885Z > 200 GET /api/v1/ 10.28ms
INF 2026-08-04T20:22:35.886Z > 200 GET /api/v1/ 11.09ms
INF 2026-08-04T20:22:35.886Z > 200 GET /api/v1/ 10.62ms
INF 2026-08-04T20:22:35.887Z > 200 GET /api/v1/ 9.76ms
INF 2026-08-04T20:22:35.887Z > 200 GET /api/v1/ 11.56ms
INF 2026-08-04T20:22:35.887Z > 200 GET /api/v1/ 11.51ms
INF 2026-08-04T20:22:35.888Z > 200 GET /api/v1/ 9.52ms
INF 2026-08-04T20:22:35.890Z > 200 GET /api/v1/ 4.42ms
INF 2026-08-04T20:22:35.891Z > 200 GET /api/v1/ 3.94ms
INF 2026-08-04T20:22:35.892Z > 200 GET /api/v1/ 5.24ms
INF 2026-08-04T20:22:35.894Z > 200 GET /api/v1/ 5.06ms
INF 2026-08-04T20:22:35.900Z > 200 GET /api/v1/ 7.7ms
INF 2026-08-04T20:22:35.902Z > 200 GET /api/v1/ 8.85ms
INF 2026-08-04T20:22:35.918Z > 200 GET /api/v1/ 14.99ms
INF 2026-08-04T20:22:35.918Z > 200 GET /api/v1/ 255.36ms
INF 2026-08-04T20:22:35.918Z > 200 GET /api/v1/ 274.42ms
INF 2026-08-04T20:22:35.925Z > 200 GET /api/v1/ 260.74ms
INF 2026-08-04T20:22:35.934Z > 200 GET /api/v1/ 259.72ms
INF 2026-08-04T20:22:35.936Z > 200 GET /api/v1/ 17.28ms
INF 2026-08-04T20:22:35.940Z > 200 GET /api/v1/ 271.58ms
INF 2026-08-04T20:22:35.946Z > 200 GET /api/v1/ 270.71ms
INF 2026-08-04T20:22:35.946Z > 200 GET /api/v1/ 20.96ms
INF 2026-08-04T20:22:35.947Z > 200 GET /api/v1/ 268.49ms
INF 2026-08-04T20:22:35.947Z > 200 GET /api/v1/ 268.8ms
INF 2026-08-04T20:22:35.951Z > 200 GET /api/v1/ 275.13ms
INF 2026-08-04T20:22:35.952Z > 200 GET /api/v1/ 270.32ms
INF 2026-08-04T20:22:35.954Z > 200 GET /api/v1/ 272.86ms
INF 2026-08-04T20:22:35.955Z > 200 GET /api/v1/ 291.87ms
INF 2026-08-04T20:22:35.955Z > 200 GET /api/v1/ 273.07ms
INF 2026-08-04T20:22:35.958Z > 200 GET /api/v1/ 275.58ms
INF 2026-08-04T20:22:35.958Z > 200 GET /api/v1/ 276.39ms
INF 2026-08-04T20:22:35.960Z > 200 GET /api/v1/ 282.09ms
INF 2026-08-04T20:22:35.960Z > 200 GET /api/v1/ 315.21ms
INF 2026-08-04T20:22:35.960Z > 200 GET /api/v1/ 276.42ms
INF 2026-08-04T20:22:35.961Z > 200 GET /api/v1/ 7.33ms
INF 2026-08-04T20:22:35.962Z > 200 GET /api/v1/ 6.52ms
INF 2026-08-04T20:22:35.962Z > 200 GET /api/v1/ 280.92ms
INF 2026-08-04T20:22:35.964Z > 200 GET /api/v1/ 30.21ms
INF 2026-08-04T20:22:35.965Z > 200 GET /api/v1/ 285.48ms
INF 2026-08-04T20:22:35.965Z > 200 GET /api/v1/ 6.81ms
INF 2026-08-04T20:22:35.966Z > 200 GET /api/v1/ 25.67ms
INF 2026-08-04T20:22:35.971Z > 200 GET /api/v1/ 24.28ms
INF 2026-08-04T20:22:35.978Z > 200 GET /api/v1/ 42.74ms
INF 2026-08-04T20:22:35.979Z > 200 GET /api/v1/ 14.84ms
INF 2026-08-04T20:22:35.980Z > 200 GET /api/v1/ 294.43ms
INF 2026-08-04T20:22:35.980Z > 200 GET /api/v1/ 14.49ms
INF 2026-08-04T20:22:35.981Z > 200 GET /api/v1/ 295.48ms
INF 2026-08-04T20:22:35.981Z > 200 GET /api/v1/ 284.32ms
INF 2026-08-04T20:22:35.984Z > 200 GET /api/v1/ 285.47ms
INF 2026-08-04T20:22:35.984Z > 200 GET /api/v1/ 269.18ms
INF 2026-08-04T20:22:35.985Z > 200 GET /api/v1/ 267.73ms
INF 2026-08-04T20:22:35.985Z > 200 GET /api/v1/ 13.9ms
INF 2026-08-04T20:22:35.988Z > 200 GET /api/v1/ 266.16ms
INF 2026-08-04T20:22:35.990Z > 200 GET /api/v1/ 251.87ms
INF 2026-08-04T20:22:35.991Z > 200 GET /api/v1/ 6.91ms
INF 2026-08-04T20:22:36.000Z > 200 GET /api/v1/ 277.14ms
INF 2026-08-04T20:22:36.001Z > 200 GET /api/v1/ 262.99ms
INF 2026-08-04T20:22:36.001Z > 200 GET /api/v1/ 257.54ms
INF 2026-08-04T20:22:36.001Z > 200 GET /api/v1/ 262.81ms
INF 2026-08-04T20:22:36.003Z > 200 GET /api/v1/ 253.99ms
INF 2026-08-04T20:22:36.005Z > 200 GET /api/v1/ 261.43ms
INF 2026-08-04T20:22:36.012Z > 200 GET /api/v1/ 26.1ms
INF 2026-08-04T20:22:36.013Z > 200 GET /api/v1/ 265.11ms
INF 2026-08-04T20:22:36.013Z > 200 GET /api/v1/ 269.69ms
INF 2026-08-04T20:22:36.014Z > 200 GET /api/v1/ 261.97ms
INF 2026-08-04T20:22:36.014Z > 200 GET /api/v1/ 262.15ms
INF 2026-08-04T20:22:36.014Z > 200 GET /api/v1/ 13.03ms
INF 2026-08-04T20:22:36.014Z > 200 GET /api/v1/ 268.34ms
INF 2026-08-04T20:22:36.015Z > 200 GET /api/v1/ 261.69ms
INF 2026-08-04T20:22:36.015Z > 200 GET /api/v1/ 9.34ms
INF 2026-08-04T20:22:36.018Z > 200 GET /api/v1/ 262.57ms
INF 2026-08-04T20:22:36.018Z > 200 GET /api/v1/ 14.81ms
INF 2026-08-04T20:22:36.020Z > 200 GET /api/v1/ 5.38ms
INF 2026-08-04T20:22:36.021Z > 200 GET /api/v1/ 225.71ms
INF 2026-08-04T20:22:36.021Z > 200 GET /api/v1/ 7.33ms
INF 2026-08-04T20:22:36.022Z > 200 GET /api/v1/ 8.05ms
INF 2026-08-04T20:22:36.025Z > 200 GET /api/v1/ 263.37ms
INF 2026-08-04T20:22:36.026Z > 200 GET /api/v1/ 226.72ms
INF 2026-08-04T20:22:36.028Z > 200 GET /api/v1/ 266.09ms
INF 2026-08-04T20:22:36.030Z > 200 GET /api/v1/ 195.63ms
INF 2026-08-04T20:22:36.043Z > 200 GET /api/v1/ 21.4ms
INF 2026-08-04T20:22:36.049Z > 200 GET /api/v1/ 276.4ms
INF 2026-08-04T20:22:36.054Z > 200 GET /api/v1/ 246.53ms
INF 2026-08-04T20:22:36.056Z > 200 GET /api/v1/ 256.03ms
INF 2026-08-04T20:22:36.060Z > 200 GET /api/v1/ 200.86ms
INF 2026-08-04T20:22:36.061Z > 200 GET /api/v1/ 34.7ms
INF 2026-08-04T20:22:36.062Z > 200 GET /api/v1/ 251.49ms
INF 2026-08-04T20:22:36.063Z > 200 GET /api/v1/ 303.07ms
INF 2026-08-04T20:22:36.063Z > 200 GET /api/v1/ 303.73ms
INF 2026-08-04T20:22:36.063Z > 200 GET /api/v1/ 264.2ms
INF 2026-08-04T20:22:36.073Z > 200 GET /api/v1/ 213.98ms
INF 2026-08-04T20:22:36.074Z > 200 GET /api/v1/ 214.65ms
INF 2026-08-04T20:22:36.074Z > 200 GET /api/v1/ 215.47ms
INF 2026-08-04T20:22:36.074Z > 200 GET /api/v1/ 266.42ms
INF 2026-08-04T20:22:36.075Z > 200 GET /api/v1/ 244.81ms
INF 2026-08-04T20:22:36.075Z > 200 GET /api/v1/ 274.56ms
INF 2026-08-04T20:22:36.075Z > 200 GET /api/v1/ 278.31ms
INF 2026-08-04T20:22:36.075Z > 200 GET /api/v1/ 296.14ms
INF 2026-08-04T20:22:36.076Z > 200 GET /api/v1/ 229.63ms
INF 2026-08-04T20:22:36.076Z > 200 GET /api/v1/ 213.07ms
INF 2026-08-04T20:22:36.077Z > 200 GET /api/v1/ 314.87ms
INF 2026-08-04T20:22:36.077Z > 200 GET /api/v1/ 320.04ms
INF 2026-08-04T20:22:36.079Z > 200 GET /api/v1/ 236.35ms
INF 2026-08-04T20:22:36.079Z > 200 GET /api/v1/ 210.26ms
INF 2026-08-04T20:22:36.082Z > 200 GET /api/v1/ 290.19ms
INF 2026-08-04T20:22:36.082Z > 200 GET /api/v1/ 283.29ms
INF 2026-08-04T20:22:36.083Z > 200 GET /api/v1/ 214.57ms
INF 2026-08-04T20:22:36.084Z > 200 GET /api/v1/ 274.1ms
INF 2026-08-04T20:22:36.085Z > 200 GET /api/v1/ 226.47ms
INF 2026-08-04T20:22:36.086Z > 200 GET /api/v1/ 267.7ms
INF 2026-08-04T20:22:36.089Z > 200 GET /api/v1/ 227.81ms
INF 2026-08-04T20:22:36.090Z > 200 GET /api/v1/ 227.35ms
INF 2026-08-04T20:22:36.092Z > 200 GET /api/v1/ 232.51ms
INF 2026-08-04T20:22:36.092Z > 200 GET /api/v1/ 273.22ms
INF 2026-08-04T20:22:36.094Z > 200 GET /api/v1/ 259.56ms
INF 2026-08-04T20:22:36.097Z > 200 GET /api/v1/ 220.68ms
INF 2026-08-04T20:22:36.102Z > 200 GET /api/v1/ 39.23ms
INF 2026-08-04T20:22:36.103Z > 200 GET /api/v1/ 48.45ms
INF 2026-08-04T20:22:36.103Z > 200 GET /api/v1/ 46.85ms
INF 2026-08-04T20:22:36.103Z > 200 GET /api/v1/ 228.42ms
INF 2026-08-04T20:22:36.104Z > 200 GET /api/v1/ 242.67ms
INF 2026-08-04T20:22:36.105Z > 200 GET /api/v1/ 28.4ms
INF 2026-08-04T20:22:36.105Z > 200 GET /api/v1/ 44.82ms
INF 2026-08-04T20:22:36.106Z > 200 GET /api/v1/ 42.47ms
INF 2026-08-04T20:22:36.106Z > 200 GET /api/v1/ 229.03ms
INF 2026-08-04T20:22:36.107Z > 200 GET /api/v1/ 263.18ms
INF 2026-08-04T20:22:36.113Z > 200 GET /api/v1/ 248.25ms
INF 2026-08-04T20:22:36.114Z > 200 GET /api/v1/ 250.8ms
INF 2026-08-04T20:22:36.114Z > 200 GET /api/v1/ 29.14ms
INF 2026-08-04T20:22:36.115Z > 200 GET /api/v1/ 32.43ms
INF 2026-08-04T20:22:36.115Z > 200 GET /api/v1/ 26.47ms
INF 2026-08-04T20:22:36.117Z > 200 GET /api/v1/ 240.41ms
INF 2026-08-04T20:22:36.118Z > 200 GET /api/v1/ 33.55ms
INF 2026-08-04T20:22:36.118Z > 200 GET /api/v1/ 241.21ms
INF 2026-08-04T20:22:36.118Z > 200 GET /api/v1/ 26.28ms
INF 2026-08-04T20:22:36.119Z > 200 GET /api/v1/ 32.51ms
INF 2026-08-04T20:22:36.135Z > 200 GET /api/v1/ 31.92ms
INF 2026-08-04T20:22:36.135Z > 200 GET /api/v1/ 31.33ms
INF 2026-08-04T20:22:36.135Z > 200 GET /api/v1/ 29.68ms
INF 2026-08-04T20:22:36.136Z > 200 GET /api/v1/ 29.67ms
INF 2026-08-04T20:22:36.136Z > 200 GET /api/v1/ 28.72ms
INF 2026-08-04T20:22:36.136Z > 200 GET /api/v1/ 254.5ms
INF 2026-08-04T20:22:36.136Z > 200 GET /api/v1/ 257.45ms
INF 2026-08-04T20:22:36.137Z > 200 GET /api/v1/ 31.87ms
INF 2026-08-04T20:22:36.138Z > 200 GET /api/v1/ 25.2ms
INF 2026-08-04T20:22:36.138Z > 200 GET /api/v1/ 256.68ms
INF 2026-08-04T20:22:36.148Z > 200 GET /api/v1/ 29.53ms
INF 2026-08-04T20:22:36.149Z > 200 GET /api/v1/ 30.33ms
INF 2026-08-04T20:22:36.156Z > 200 GET /api/v1/ 19.72ms
INF 2026-08-04T20:22:36.157Z > 200 GET /api/v1/ 270.52ms
INF 2026-08-04T20:22:36.157Z > 200 GET /api/v1/ 272.53ms
INF 2026-08-04T20:22:36.157Z > 200 GET /api/v1/ 19.95ms
INF 2026-08-04T20:22:36.163Z > 200 GET /api/v1/ 24.91ms
INF 2026-08-04T20:22:36.164Z > 200 GET /api/v1/ 245.31ms
INF 2026-08-04T20:22:36.164Z > 200 GET /api/v1/ 279.46ms
INF 2026-08-04T20:22:36.166Z > 200 GET /api/v1/ 18.56ms
INF 2026-08-04T20:22:36.167Z > 200 GET /api/v1/ 266.54ms
INF 2026-08-04T20:22:36.171Z > 200 GET /api/v1/ 14.49ms
INF 2026-08-04T20:22:36.171Z > 200 GET /api/v1/ 281.3ms
INF 2026-08-04T20:22:36.172Z > 200 GET /api/v1/ 14.88ms
INF 2026-08-04T20:22:36.172Z > 200 GET /api/v1/ 14.47ms
INF 2026-08-04T20:22:36.176Z > 200 GET /api/v1/ 257.69ms
INF 2026-08-04T20:22:36.177Z > 200 GET /api/v1/ 290.35ms
INF 2026-08-04T20:22:36.178Z > 200 GET /api/v1/ 14.03ms
INF 2026-08-04T20:22:36.186Z > 200 GET /api/v1/ 239.56ms
INF 2026-08-04T20:22:36.186Z > 200 GET /api/v1/ 15.24ms
INF 2026-08-04T20:22:36.187Z > 200 GET /api/v1/ 296.22ms
INF 2026-08-04T20:22:36.189Z > 200 GET /api/v1/ 242.79ms
INF 2026-08-04T20:22:36.190Z > 200 GET /api/v1/ 235.0ms
INF 2026-08-04T20:22:36.190Z > 200 GET /api/v1/ 14.22ms
INF 2026-08-04T20:22:36.191Z > 200 GET /api/v1/ 303.54ms
INF 2026-08-04T20:22:36.191Z > 200 GET /api/v1/ 13.34ms
INF 2026-08-04T20:22:36.194Z > 200 GET /api/v1/ 241.09ms
INF 2026-08-04T20:22:36.194Z > 200 GET /api/v1/ 242.98ms
INF 2026-08-04T20:22:36.196Z > 200 GET /api/v1/ 248.5ms
INF 2026-08-04T20:22:36.204Z > 200 GET /api/v1/ 13.4ms
INF 2026-08-04T20:22:36.204Z > 200 GET /api/v1/ 10.35ms
INF 2026-08-04T20:22:36.205Z > 200 GET /api/v1/ 13.63ms
INF 2026-08-04T20:22:36.206Z > 200 GET /api/v1/ 247.82ms
INF 2026-08-04T20:22:36.206Z > 200 GET /api/v1/ 10.04ms
INF 2026-08-04T20:22:36.215Z > 200 GET /api/v1/ 254.94ms
INF 2026-08-04T20:22:36.216Z > 200 GET /api/v1/ 11.08ms
INF 2026-08-04T20:22:36.217Z > 200 GET /api/v1/ 11.26ms
INF 2026-08-04T20:22:36.225Z > 200 GET /api/v1/ 18.62ms
INF 2026-08-04T20:22:36.225Z > 200 GET /api/v1/ 264.91ms
INF 2026-08-04T20:22:36.225Z > 200 GET /api/v1/ 265.23ms
INF 2026-08-04T20:22:36.230Z > 200 GET /api/v1/ 5.72ms
INF 2026-08-04T20:22:36.231Z > 200 GET /api/v1/ 268.92ms
INF 2026-08-04T20:22:36.232Z > 200 GET /api/v1/ 15.63ms
INF 2026-08-04T20:22:36.233Z > 200 GET /api/v1/ 7.13ms
INF 2026-08-04T20:22:36.234Z > 200 GET /api/v1/ 8.63ms
INF 2026-08-04T20:22:36.234Z > 200 GET /api/v1/ 271.94ms
INF 2026-08-04T20:22:36.236Z > 200 GET /api/v1/ 274.11ms
INF 2026-08-04T20:22:36.239Z > 200 GET /api/v1/ 259.92ms
INF 2026-08-04T20:22:36.239Z > 200 GET /api/v1/ 258.92ms
INF 2026-08-04T20:22:36.240Z > 200 GET /api/v1/ 275.97ms
INF 2026-08-04T20:22:36.243Z > 200 GET /api/v1/ 277.38ms
INF 2026-08-04T20:22:36.247Z > 200 GET /api/v1/ 266.09ms
INF 2026-08-04T20:22:36.250Z > 200 GET /api/v1/ 268.46ms
INF 2026-08-04T20:22:36.253Z > 200 GET /api/v1/ 252.37ms
INF 2026-08-04T20:22:36.254Z > 200 GET /api/v1/ 262.48ms
INF 2026-08-04T20:22:36.255Z > 200 GET /api/v1/ 268.87ms
INF 2026-08-04T20:22:36.256Z > 200 GET /api/v1/ 241.89ms
INF 2026-08-04T20:22:36.256Z > 200 GET /api/v1/ 241.29ms
INF 2026-08-04T20:22:36.261Z > 200 GET /api/v1/ 245.64ms
INF 2026-08-04T20:22:36.261Z > 200 GET /api/v1/ 239.84ms
INF 2026-08-04T20:22:36.262Z > 200 GET /api/v1/ 232.76ms
INF 2026-08-04T20:22:36.262Z > 200 GET /api/v1/ 260.69ms
INF 2026-08-04T20:22:36.265Z > 200 GET /api/v1/ 246.72ms
INF 2026-08-04T20:22:36.266Z > 200 GET /api/v1/ 253.01ms
INF 2026-08-04T20:22:36.268Z > 200 GET /api/v1/ 266.58ms
INF 2026-08-04T20:22:36.269Z > 200 GET /api/v1/ 250.44ms
INF 2026-08-04T20:22:36.270Z > 200 GET /api/v1/ 289.76ms
INF 2026-08-04T20:22:36.270Z > 200 GET /api/v1/ 249.86ms
INF 2026-08-04T20:22:36.271Z > 200 GET /api/v1/ 289.82ms
INF 2026-08-04T20:22:36.272Z > 200 GET /api/v1/ 281.32ms
INF 2026-08-04T20:22:36.272Z > 200 GET /api/v1/ 288.01ms
INF 2026-08-04T20:22:36.275Z > 200 GET /api/v1/ 261.13ms
INF 2026-08-04T20:22:36.276Z > 200 GET /api/v1/ 252.92ms
INF 2026-08-04T20:22:36.278Z > 200 GET /api/v1/ 229.0ms
INF 2026-08-04T20:22:36.288Z > 200 GET /api/v1/ 211.28ms
INF 2026-08-04T20:22:36.289Z > 200 GET /api/v1/ 274.54ms
INF 2026-08-04T20:22:36.289Z > 200 GET /api/v1/ 300.87ms
INF 2026-08-04T20:22:36.289Z > 200 GET /api/v1/ 212.77ms
INF 2026-08-04T20:22:36.290Z > 200 GET /api/v1/ 213.26ms
INF 2026-08-04T20:22:36.291Z > 200 GET /api/v1/ 34.38ms
INF 2026-08-04T20:22:36.294Z > 200 GET /api/v1/ 31.43ms
INF 2026-08-04T20:22:36.294Z > 200 GET /api/v1/ 217.37ms
INF 2026-08-04T20:22:36.299Z > 200 GET /api/v1/ 238.63ms
INF 2026-08-04T20:22:36.300Z > 200 GET /api/v1/ 236.24ms
INF 2026-08-04T20:22:36.301Z > 200 GET /api/v1/ 271.64ms
INF 2026-08-04T20:22:36.302Z > 200 GET /api/v1/ 276.34ms
INF 2026-08-04T20:22:36.302Z > 200 GET /api/v1/ 225.6ms
INF 2026-08-04T20:22:36.302Z > 200 GET /api/v1/ 224.77ms
INF 2026-08-04T20:22:36.305Z > 200 GET /api/v1/ 221.43ms
INF 2026-08-04T20:22:36.308Z > 200 GET /api/v1/ 231.04ms
INF 2026-08-04T20:22:36.308Z > 200 GET /api/v1/ 245.84ms
INF 2026-08-04T20:22:36.308Z > 200 GET /api/v1/ 42.55ms
INF 2026-08-04T20:22:36.308Z > 200 GET /api/v1/ 231.43ms
INF 2026-08-04T20:22:36.311Z > 200 GET /api/v1/ 233.37ms
INF 2026-08-04T20:22:36.312Z > 200 GET /api/v1/ 234.71ms
INF 2026-08-04T20:22:36.313Z > 200 GET /api/v1/ 270.26ms
INF 2026-08-04T20:22:36.318Z > 200 GET /api/v1/ 241.53ms
INF 2026-08-04T20:22:36.319Z > 200 GET /api/v1/ 240.03ms
INF 2026-08-04T20:22:36.321Z > 200 GET /api/v1/ 45.3ms
INF 2026-08-04T20:22:36.322Z > 200 GET /api/v1/ 239.03ms
INF 2026-08-04T20:22:36.322Z > 200 GET /api/v1/ 43.88ms
INF 2026-08-04T20:22:36.323Z > 200 GET /api/v1/ 243.75ms
INF 2026-08-04T20:22:36.324Z > 200 GET /api/v1/ 229.71ms
INF 2026-08-04T20:22:36.324Z > 200 GET /api/v1/ 233.99ms
INF 2026-08-04T20:22:36.326Z > 200 GET /api/v1/ 32.03ms
INF 2026-08-04T20:22:36.327Z > 200 GET /api/v1/ 234.21ms
INF 2026-08-04T20:22:36.327Z > 200 GET /api/v1/ 54.61ms
INF 2026-08-04T20:22:36.328Z > 200 GET /api/v1/ 29.1ms
INF 2026-08-04T20:22:36.329Z > 200 GET /api/v1/ 232.26ms
INF 2026-08-04T20:22:36.329Z > 200 GET /api/v1/ 27.21ms
INF 2026-08-04T20:22:36.330Z > 200 GET /api/v1/ 27.64ms
INF 2026-08-04T20:22:36.331Z > 200 GET /api/v1/ 227.24ms
INF 2026-08-04T20:22:36.331Z > 200 GET /api/v1/ 31.79ms
INF 2026-08-04T20:22:36.333Z > 200 GET /api/v1/ 24.95ms
INF 2026-08-04T20:22:36.333Z > 200 GET /api/v1/ 24.72ms
INF 2026-08-04T20:22:36.333Z > 200 GET /api/v1/ 22.2ms
INF 2026-08-04T20:22:36.334Z > 200 GET /api/v1/ 28.98ms
INF 2026-08-04T20:22:36.334Z > 200 GET /api/v1/ 21.99ms
INF 2026-08-04T20:22:36.334Z > 200 GET /api/v1/ 231.37ms
INF 2026-08-04T20:22:36.335Z > 200 GET /api/v1/ 228.79ms
INF 2026-08-04T20:22:36.336Z > 200 GET /api/v1/ 233.88ms
INF 2026-08-04T20:22:36.344Z > 200 GET /api/v1/ 230.64ms
INF 2026-08-04T20:22:36.345Z > 200 GET /api/v1/ 26.02ms
INF 2026-08-04T20:22:36.346Z > 200 GET /api/v1/ 22.16ms
INF 2026-08-04T20:22:36.350Z > 200 GET /api/v1/ 23.37ms
INF 2026-08-04T20:22:36.352Z > 200 GET /api/v1/ 237.98ms
INF 2026-08-04T20:22:36.354Z > 200 GET /api/v1/ 23.97ms
INF 2026-08-04T20:22:36.354Z > 200 GET /api/v1/ 22.78ms
INF 2026-08-04T20:22:36.356Z > 200 GET /api/v1/ 22.8ms
INF 2026-08-04T20:22:36.359Z > 200 GET /api/v1/ 24.83ms
INF 2026-08-04T20:22:36.360Z > 200 GET /api/v1/ 23.82ms
INF 2026-08-04T20:22:36.365Z > 200 GET /api/v1/ 14.93ms
INF 2026-08-04T20:22:36.368Z > 200 GET /api/v1/ 14.9ms
INF 2026-08-04T20:22:36.368Z > 200 GET /api/v1/ 249.46ms
INF 2026-08-04T20:22:36.369Z > 200 GET /api/v1/ 250.91ms
INF 2026-08-04T20:22:36.370Z > 200 GET /api/v1/ 14.22ms
INF 2026-08-04T20:22:36.376Z > 200 GET /api/v1/ 16.98ms
INF 2026-08-04T20:22:36.377Z > 200 GET /api/v1/ 262.32ms
INF 2026-08-04T20:22:36.380Z > 200 GET /api/v1/ 260.82ms
INF 2026-08-04T20:22:36.380Z > 200 GET /api/v1/ 243.74ms
INF 2026-08-04T20:22:36.384Z > 200 GET /api/v1/ 16.14ms
INF 2026-08-04T20:22:36.384Z > 200 GET /api/v1/ 268.7ms
INF 2026-08-04T20:22:36.385Z > 200 GET /api/v1/ 16.29ms
INF 2026-08-04T20:22:36.385Z > 200 GET /api/v1/ 14.61ms
INF 2026-08-04T20:22:36.385Z > 200 GET /api/v1/ 248.74ms
INF 2026-08-04T20:22:36.386Z > 200 GET /api/v1/ 249.46ms
INF 2026-08-04T20:22:36.389Z > 200 GET /api/v1/ 12.73ms
INF 2026-08-04T20:22:36.390Z > 200 GET /api/v1/ 252.96ms
INF 2026-08-04T20:22:36.392Z > 200 GET /api/v1/ 255.14ms
INF 2026-08-04T20:22:36.397Z > 200 GET /api/v1/ 12.63ms
INF 2026-08-04T20:22:36.399Z > 200 GET /api/v1/ 10.21ms
INF 2026-08-04T20:22:36.400Z > 200 GET /api/v1/ 14.38ms
INF 2026-08-04T20:22:36.400Z > 200 GET /api/v1/ 14.41ms
INF 2026-08-04T20:22:36.400Z > 200 GET /api/v1/ 10.04ms
INF 2026-08-04T20:22:36.400Z > 200 GET /api/v1/ 13.96ms
INF 2026-08-04T20:22:36.400Z > 200 GET /api/v1/ 261.93ms
INF 2026-08-04T20:22:36.404Z > 200 GET /api/v1/ 246.8ms
INF 2026-08-04T20:22:36.407Z > 200 GET /api/v1/ 6.6ms
INF 2026-08-04T20:22:36.408Z > 200 GET /api/v1/ 7.83ms
INF 2026-08-04T20:22:36.410Z > 200 GET /api/v1/ 9.57ms
INF 2026-08-04T20:22:36.415Z > 200 GET /api/v1/ 6.7ms
INF 2026-08-04T20:22:36.415Z > 200 GET /api/v1/ 251.4ms
INF 2026-08-04T20:22:36.417Z > 200 GET /api/v1/ 7.19ms
INF 2026-08-04T20:22:36.422Z > 200 GET /api/v1/ 7.28ms
INF 2026-08-04T20:22:36.423Z > 200 GET /api/v1/ 5.0ms
INF 2026-08-04T20:22:36.428Z > 200 GET /api/v1/ 5.74ms
INF 2026-08-04T20:22:36.442Z > 200 GET /api/v1/ 13.7ms
INF 2026-08-04T20:22:36.466Z > 200 GET /api/v1/ 279.41ms
INF 2026-08-04T20:22:36.466Z > 200 GET /api/v1/ 279.18ms
INF 2026-08-04T20:22:36.468Z > 200 GET /api/v1/ 277.48ms
INF 2026-08-04T20:22:36.468Z > 200 GET /api/v1/ 301.8ms
INF 2026-08-04T20:22:36.469Z > 200 GET /api/v1/ 296.56ms
INF 2026-08-04T20:22:36.469Z > 200 GET /api/v1/ 265.28ms
INF 2026-08-04T20:22:36.469Z > 200 GET /api/v1/ 291.01ms
INF 2026-08-04T20:22:36.470Z > 200 GET /api/v1/ 302.63ms
INF 2026-08-04T20:22:36.470Z > 200 GET /api/v1/ 321.06ms
INF 2026-08-04T20:22:36.470Z > 200 GET /api/v1/ 298.51ms
INF 2026-08-04T20:22:36.471Z > 200 GET /api/v1/ 281.48ms
INF 2026-08-04T20:22:36.471Z > 200 GET /api/v1/ 244.94ms
INF 2026-08-04T20:22:36.471Z > 200 GET /api/v1/ 333.97ms
INF 2026-08-04T20:22:36.471Z > 200 GET /api/v1/ 307.54ms
INF 2026-08-04T20:22:36.471Z > 200 GET /api/v1/ 299.7ms
INF 2026-08-04T20:22:36.473Z > 200 GET /api/v1/ 257.97ms
INF 2026-08-04T20:22:36.474Z > 200 GET /api/v1/ 242.7ms
INF 2026-08-04T20:22:36.474Z > 200 GET /api/v1/ 283.06ms
INF 2026-08-04T20:22:36.475Z > 200 GET /api/v1/ 281.1ms
INF 2026-08-04T20:22:36.476Z > 200 GET /api/v1/ 271.77ms
INF 2026-08-04T20:22:36.477Z > 200 GET /api/v1/ 8.6ms
INF 2026-08-04T20:22:36.478Z > 200 GET /api/v1/ 246.73ms
INF 2026-08-04T20:22:36.479Z > 200 GET /api/v1/ 246.33ms
INF 2026-08-04T20:22:36.480Z > 200 GET /api/v1/ 8.34ms
INF 2026-08-04T20:22:36.480Z > 200 GET /api/v1/ 10.81ms
INF 2026-08-04T20:22:36.480Z > 200 GET /api/v1/ 8.76ms
INF 2026-08-04T20:22:36.482Z > 200 GET /api/v1/ 249.57ms
INF 2026-08-04T20:22:36.482Z > 200 GET /api/v1/ 295.42ms
INF 2026-08-04T20:22:36.484Z > 200 GET /api/v1/ 9.58ms
INF 2026-08-04T20:22:36.484Z > 200 GET /api/v1/ 244.65ms
INF 2026-08-04T20:22:36.485Z > 200 GET /api/v1/ 250.24ms
INF 2026-08-04T20:22:36.486Z > 200 GET /api/v1/ 242.48ms
INF 2026-08-04T20:22:36.487Z > 200 GET /api/v1/ 247.51ms
INF 2026-08-04T20:22:36.487Z > 200 GET /api/v1/ 251.41ms
INF 2026-08-04T20:22:36.488Z > 200 GET /api/v1/ 241.28ms
INF 2026-08-04T20:22:36.489Z > 200 GET /api/v1/ 248.35ms
INF 2026-08-04T20:22:36.490Z > 200 GET /api/v1/ 256.14ms
INF 2026-08-04T20:22:36.493Z > 200 GET /api/v1/ 238.77ms
INF 2026-08-04T20:22:36.497Z > 200 GET /api/v1/ 242.05ms
INF 2026-08-04T20:22:36.506Z > 200 GET /api/v1/ 16.33ms
INF 2026-08-04T20:22:36.507Z > 200 GET /api/v1/ 252.03ms
INF 2026-08-04T20:22:36.508Z > 200 GET /api/v1/ 244.07ms
INF 2026-08-04T20:22:36.513Z > 200 GET /api/v1/ 244.4ms
INF 2026-08-04T20:22:36.513Z > 200 GET /api/v1/ 250.01ms
INF 2026-08-04T20:22:36.516Z > 200 GET /api/v1/ 249.19ms
INF 2026-08-04T20:22:36.518Z > 200 GET /api/v1/ 261.32ms
INF 2026-08-04T20:22:36.519Z > 200 GET /api/v1/ 268.8ms
INF 2026-08-04T20:22:36.530Z > 200 GET /api/v1/ 259.25ms
INF 2026-08-04T20:22:36.531Z > 200 GET /api/v1/ 259.45ms
INF 2026-08-04T20:22:36.537Z > 200 GET /api/v1/ 269.41ms
INF 2026-08-04T20:22:36.538Z > 200 GET /api/v1/ 31.08ms
INF 2026-08-04T20:22:36.539Z > 200 GET /api/v1/ 267.41ms
INF 2026-08-04T20:22:36.539Z > 200 GET /api/v1/ 263.18ms
INF 2026-08-04T20:22:36.540Z > 200 GET /api/v1/ 249.47ms
INF 2026-08-04T20:22:36.540Z > 200 GET /api/v1/ 268.22ms
INF 2026-08-04T20:22:36.543Z > 200 GET /api/v1/ 30.4ms
INF 2026-08-04T20:22:36.544Z > 200 GET /api/v1/ 272.58ms
INF 2026-08-04T20:22:36.545Z > 200 GET /api/v1/ 236.53ms
INF 2026-08-04T20:22:36.546Z > 200 GET /api/v1/ 29.87ms
INF 2026-08-04T20:22:36.548Z > 200 GET /api/v1/ 30.38ms
INF 2026-08-04T20:22:36.549Z > 200 GET /api/v1/ 30.15ms
INF 2026-08-04T20:22:36.550Z > 200 GET /api/v1/ 247.74ms
INF 2026-08-04T20:22:36.555Z > 200 GET /api/v1/ 224.37ms
INF 2026-08-04T20:22:36.557Z > 200 GET /api/v1/ 266.3ms
INF 2026-08-04T20:22:36.560Z > 200 GET /api/v1/ 29.47ms
INF 2026-08-04T20:22:36.561Z > 200 GET /api/v1/ 269.68ms
INF 2026-08-04T20:22:36.563Z > 200 GET /api/v1/ 249.55ms
INF 2026-08-04T20:22:36.564Z > 200 GET /api/v1/ 273.93ms
INF 2026-08-04T20:22:36.565Z > 200 GET /api/v1/ 34.23ms
INF 2026-08-04T20:22:36.568Z > 200 GET /api/v1/ 28.98ms
INF 2026-08-04T20:22:36.569Z > 200 GET /api/v1/ 28.61ms
INF 2026-08-04T20:22:36.569Z > 200 GET /api/v1/ 235.66ms
INF 2026-08-04T20:22:36.569Z > 200 GET /api/v1/ 261.34ms
INF 2026-08-04T20:22:36.572Z > 200 GET /api/v1/ 245.27ms
INF 2026-08-04T20:22:36.582Z > 200 GET /api/v1/ 259.71ms
INF 2026-08-04T20:22:36.582Z > 200 GET /api/v1/ 259.01ms
INF 2026-08-04T20:22:36.583Z > 200 GET /api/v1/ 263.83ms
INF 2026-08-04T20:22:36.599Z > 200 GET /api/v1/ 277.41ms
INF 2026-08-04T20:22:36.600Z > 200 GET /api/v1/ 273.36ms
INF 2026-08-04T20:22:36.600Z > 200 GET /api/v1/ 30.66ms
INF 2026-08-04T20:22:36.600Z > 200 GET /api/v1/ 61.68ms
INF 2026-08-04T20:22:36.601Z > 200 GET /api/v1/ 56.36ms
INF 2026-08-04T20:22:36.601Z > 200 GET /api/v1/ 54.51ms
INF 2026-08-04T20:22:36.601Z > 200 GET /api/v1/ 52.76ms
INF 2026-08-04T20:22:36.601Z > 200 GET /api/v1/ 51.99ms
INF 2026-08-04T20:22:36.602Z > 200 GET /api/v1/ 272.81ms
INF 2026-08-04T20:22:36.605Z > 200 GET /api/v1/ 310.77ms
INF 2026-08-04T20:22:36.605Z > 200 GET /api/v1/ 283.94ms
INF 2026-08-04T20:22:36.607Z > 200 GET /api/v1/ 283.38ms
INF 2026-08-04T20:22:36.609Z > 200 GET /api/v1/ 319.13ms
INF 2026-08-04T20:22:36.610Z > 200 GET /api/v1/ 319.37ms
INF 2026-08-04T20:22:36.613Z > 200 GET /api/v1/ 30.82ms
INF 2026-08-04T20:22:36.615Z > 200 GET /api/v1/ 285.06ms
INF 2026-08-04T20:22:36.615Z > 200 GET /api/v1/ 59.36ms
INF 2026-08-04T20:22:36.617Z > 200 GET /api/v1/ 315.47ms
INF 2026-08-04T20:22:36.624Z > 200 GET /api/v1/ 290.27ms
INF 2026-08-04T20:22:36.626Z > 200 GET /api/v1/ 291.91ms
INF 2026-08-04T20:22:36.627Z > 200 GET /api/v1/ 292.56ms
INF 2026-08-04T20:22:36.629Z > 200 GET /api/v1/ 23.79ms
INF 2026-08-04T20:22:36.632Z > 200 GET /api/v1/ 22.72ms
INF 2026-08-04T20:22:36.633Z > 200 GET /api/v1/ 18.2ms
INF 2026-08-04T20:22:36.635Z > 200 GET /api/v1/ 21.52ms
INF 2026-08-04T20:22:36.638Z > 200 GET /api/v1/ 292.81ms
INF 2026-08-04T20:22:36.641Z > 200 GET /api/v1/ 16.19ms
INF 2026-08-04T20:22:36.642Z > 200 GET /api/v1/ 15.05ms
INF 2026-08-04T20:22:36.645Z > 200 GET /api/v1/ 299.46ms
INF 2026-08-04T20:22:36.648Z > 200 GET /api/v1/ 15.01ms
INF 2026-08-04T20:22:36.656Z > 200 GET /api/v1/ 15.31ms
INF 2026-08-04T20:22:36.656Z > 200 GET /api/v1/ 23.14ms
INF 2026-08-04T20:22:36.657Z > 200 GET /api/v1/ 18.15ms
INF 2026-08-04T20:22:36.657Z > 200 GET /api/v1/ 302.55ms
INF 2026-08-04T20:22:36.657Z > 200 GET /api/v1/ 22.33ms
INF 2026-08-04T20:22:36.658Z > 200 GET /api/v1/ 15.15ms
INF 2026-08-04T20:22:36.658Z > 200 GET /api/v1/ 297.66ms
INF 2026-08-04T20:22:36.659Z > 200 GET /api/v1/ 11.66ms
INF 2026-08-04T20:22:36.660Z > 200 GET /api/v1/ 331.29ms
INF 2026-08-04T20:22:36.661Z > 200 GET /api/v1/ 111.02ms
INF 2026-08-04T20:22:36.662Z > 200 GET /api/v1/ 295.97ms
INF 2026-08-04T20:22:36.662Z > 200 GET /api/v1/ 117.01ms
INF 2026-08-04T20:22:36.664Z > 200 GET /api/v1/ 309.14ms
INF 2026-08-04T20:22:36.664Z > 200 GET /api/v1/ 295.26ms
INF 2026-08-04T20:22:36.664Z > 200 GET /api/v1/ 173.45ms
INF 2026-08-04T20:22:36.667Z > 200 GET /api/v1/ 8.89ms
INF 2026-08-04T20:22:36.677Z > 200 GET /api/v1/ 104.09ms
INF 2026-08-04T20:22:36.677Z > 200 GET /api/v1/ 330.11ms
INF 2026-08-04T20:22:36.677Z > 200 GET /api/v1/ 300.03ms
INF 2026-08-04T20:22:36.678Z > 200 GET /api/v1/ 117.68ms
INF 2026-08-04T20:22:36.678Z > 200 GET /api/v1/ 117.28ms
INF 2026-08-04T20:22:36.679Z > 200 GET /api/v1/ 299.11ms
INF 2026-08-04T20:22:36.682Z > 200 GET /api/v1/ 297.48ms
INF 2026-08-04T20:22:36.685Z > 200 GET /api/v1/ 119.43ms
INF 2026-08-04T20:22:36.686Z > 200 GET /api/v1/ 286.13ms
INF 2026-08-04T20:22:36.688Z > 200 GET /api/v1/ 302.29ms
INF 2026-08-04T20:22:36.689Z > 200 GET /api/v1/ 353.59ms
INF 2026-08-04T20:22:36.689Z > 200 GET /api/v1/ 281.97ms
INF 2026-08-04T20:22:36.689Z > 200 GET /api/v1/ 308.48ms
INF 2026-08-04T20:22:36.690Z > 200 GET /api/v1/ 285.93ms
INF 2026-08-04T20:22:36.691Z > 200 GET /api/v1/ 290.42ms
INF 2026-08-04T20:22:36.693Z > 200 GET /api/v1/ 300.41ms
INF 2026-08-04T20:22:36.693Z > 200 GET /api/v1/ 14.03ms
INF 2026-08-04T20:22:36.693Z > 200 GET /api/v1/ 214.63ms
INF 2026-08-04T20:22:36.694Z > 200 GET /api/v1/ 296.99ms
INF 2026-08-04T20:22:36.694Z > 200 GET /api/v1/ 271.27ms
INF 2026-08-04T20:22:36.695Z > 200 GET /api/v1/ 294.93ms
INF 2026-08-04T20:22:36.697Z > 200 GET /api/v1/ 228.13ms
INF 2026-08-04T20:22:36.697Z > 200 GET /api/v1/ 5.68ms
INF 2026-08-04T20:22:36.699Z > 200 GET /api/v1/ 4.7ms
INF 2026-08-04T20:22:36.699Z > 200 GET /api/v1/ 5.16ms
INF 2026-08-04T20:22:36.699Z > 200 GET /api/v1/ 227.58ms
INF 2026-08-04T20:22:36.700Z > 200 GET /api/v1/ 228.53ms
INF 2026-08-04T20:22:36.701Z > 200 GET /api/v1/ 99.33ms
INF 2026-08-04T20:22:36.701Z > 200 GET /api/v1/ 229.67ms
INF 2026-08-04T20:22:36.703Z > 200 GET /api/v1/ 236.3ms
INF 2026-08-04T20:22:36.706Z > 200 GET /api/v1/ 225.51ms
INF 2026-08-04T20:22:36.711Z > 200 GET /api/v1/ 22.54ms
INF 2026-08-04T20:22:36.717Z > 200 GET /api/v1/ 245.28ms
INF 2026-08-04T20:22:36.718Z > 200 GET /api/v1/ 275.58ms
INF 2026-08-04T20:22:36.722Z > 200 GET /api/v1/ 22.27ms
INF 2026-08-04T20:22:36.728Z > 200 GET /api/v1/ 249.16ms
INF 2026-08-04T20:22:36.732Z > 200 GET /api/v1/ 249.53ms
INF 2026-08-04T20:22:36.742Z > 200 GET /api/v1/ 269.95ms
INF 2026-08-04T20:22:36.752Z > 200 GET /api/v1/ 280.25ms
INF 2026-08-04T20:22:36.752Z > 200 GET /api/v1/ 277.67ms
INF 2026-08-04T20:22:36.753Z > 200 GET /api/v1/ 47.47ms
INF 2026-08-04T20:22:36.753Z > 200 GET /api/v1/ 286.95ms
INF 2026-08-04T20:22:36.754Z > 200 GET /api/v1/ 269.13ms
INF 2026-08-04T20:22:36.754Z > 200 GET /api/v1/ 274.07ms
INF 2026-08-04T20:22:36.754Z > 200 GET /api/v1/ 338.85ms
INF 2026-08-04T20:22:36.755Z > 200 GET /api/v1/ 279.39ms
INF 2026-08-04T20:22:36.755Z > 200 GET /api/v1/ 43.47ms
INF 2026-08-04T20:22:36.757Z > 200 GET /api/v1/ 272.43ms
INF 2026-08-04T20:22:36.758Z > 200 GET /api/v1/ 270.82ms
INF 2026-08-04T20:22:36.759Z > 200 GET /api/v1/ 278.49ms
INF 2026-08-04T20:22:36.759Z > 200 GET /api/v1/ 41.94ms
INF 2026-08-04T20:22:36.760Z > 200 GET /api/v1/ 288.22ms
INF 2026-08-04T20:22:36.766Z > 200 GET /api/v1/ 278.21ms
INF 2026-08-04T20:22:36.770Z > 200 GET /api/v1/ 295.3ms
INF 2026-08-04T20:22:36.770Z > 200 GET /api/v1/ 41.5ms
INF 2026-08-04T20:22:36.771Z > 200 GET /api/v1/ 284.34ms
INF 2026-08-04T20:22:36.773Z > 200 GET /api/v1/ 290.21ms
INF 2026-08-04T20:22:36.775Z > 200 GET /api/v1/ 299.1ms
INF 2026-08-04T20:22:36.776Z > 200 GET /api/v1/ 288.01ms
INF 2026-08-04T20:22:36.783Z > 200 GET /api/v1/ 28.2ms
INF 2026-08-04T20:22:36.787Z > 200 GET /api/v1/ 28.46ms
INF 2026-08-04T20:22:36.788Z > 200 GET /api/v1/ 33.87ms
INF 2026-08-04T20:22:36.793Z > 200 GET /api/v1/ 33.71ms
INF 2026-08-04T20:22:36.793Z > 200 GET /api/v1/ 33.21ms
INF 2026-08-04T20:22:36.794Z > 200 GET /api/v1/ 321.87ms
INF 2026-08-04T20:22:36.794Z > 200 GET /api/v1/ 312.85ms
INF 2026-08-04T20:22:36.795Z > 200 GET /api/v1/ 286.72ms
INF 2026-08-04T20:22:36.795Z > 200 GET /api/v1/ 308.12ms
INF 2026-08-04T20:22:36.795Z > 200 GET /api/v1/ 29.06ms
INF 2026-08-04T20:22:36.796Z > 200 GET /api/v1/ 22.9ms
INF 2026-08-04T20:22:36.796Z > 200 GET /api/v1/ 302.29ms
INF 2026-08-04T20:22:36.803Z > 200 GET /api/v1/ 26.13ms
INF 2026-08-04T20:22:36.805Z > 200 GET /api/v1/ 297.28ms
INF 2026-08-04T20:22:36.807Z > 200 GET /api/v1/ 23.76ms
INF 2026-08-04T20:22:36.808Z > 200 GET /api/v1/ 301.77ms
INF 2026-08-04T20:22:36.813Z > 200 GET /api/v1/ 299.84ms
INF 2026-08-04T20:22:36.813Z > 200 GET /api/v1/ 19.78ms
INF 2026-08-04T20:22:36.814Z > 200 GET /api/v1/ 26.3ms
INF 2026-08-04T20:22:36.814Z > 200 GET /api/v1/ 25.2ms
INF 2026-08-04T20:22:36.814Z > 200 GET /api/v1/ 276.84ms
INF 2026-08-04T20:22:36.814Z > 200 GET /api/v1/ 19.14ms
INF 2026-08-04T20:22:36.815Z > 200 GET /api/v1/ 19.66ms
INF 2026-08-04T20:22:36.815Z > 200 GET /api/v1/ 22.29ms
INF 2026-08-04T20:22:36.816Z > 200 GET /api/v1/ 20.34ms
INF 2026-08-04T20:22:36.821Z > 200 GET /api/v1/ 24.7ms
INF 2026-08-04T20:22:36.827Z > 200 GET /api/v1/ 21.54ms
INF 2026-08-04T20:22:36.828Z > 200 GET /api/v1/ 20.23ms
INF 2026-08-04T20:22:36.840Z > 200 GET /api/v1/ 26.08ms
INF 2026-08-04T20:22:36.840Z > 200 GET /api/v1/ 26.24ms
INF 2026-08-04T20:22:36.840Z > 200 GET /api/v1/ 301.39ms
INF 2026-08-04T20:22:36.841Z > 200 GET /api/v1/ 26.3ms
INF 2026-08-04T20:22:36.841Z > 200 GET /api/v1/ 26.22ms
INF 2026-08-04T20:22:36.841Z > 200 GET /api/v1/ 25.69ms
INF 2026-08-04T20:22:36.844Z > 200 GET /api/v1/ 27.92ms
INF 2026-08-04T20:22:36.850Z > 200 GET /api/v1/ 29.47ms
INF 2026-08-04T20:22:36.852Z > 200 GET /api/v1/ 11.54ms
INF 2026-08-04T20:22:36.852Z > 200 GET /api/v1/ 311.73ms
INF 2026-08-04T20:22:36.852Z > 200 GET /api/v1/ 11.35ms
INF 2026-08-04T20:22:36.852Z > 200 GET /api/v1/ 11.21ms
INF 2026-08-04T20:22:36.853Z > 200 GET /api/v1/ 309.6ms
INF 2026-08-04T20:22:36.853Z > 200 GET /api/v1/ 296.47ms
INF 2026-08-04T20:22:36.853Z > 200 GET /api/v1/ 12.56ms
INF 2026-08-04T20:22:36.854Z > 200 GET /api/v1/ 290.6ms
INF 2026-08-04T20:22:36.854Z > 200 GET /api/v1/ 13.47ms
INF 2026-08-04T20:22:36.854Z > 200 GET /api/v1/ 10.0ms
INF 2026-08-04T20:22:36.857Z > 200 GET /api/v1/ 288.83ms
INF 2026-08-04T20:22:36.859Z > 200 GET /api/v1/ 294.46ms
INF 2026-08-04T20:22:36.860Z > 200 GET /api/v1/ 291.28ms
INF 2026-08-04T20:22:36.860Z > 200 GET /api/v1/ 7.87ms
INF 2026-08-04T20:22:36.863Z > 200 GET /api/v1/ 8.93ms
INF 2026-08-04T20:22:36.863Z > 200 GET /api/v1/ 8.98ms
INF 2026-08-04T20:22:36.865Z > 200 GET /api/v1/ 295.33ms
INF 2026-08-04T20:22:36.866Z > 200 GET /api/v1/ 283.47ms
INF 2026-08-04T20:22:36.866Z > 200 GET /api/v1/ 11.85ms
INF 2026-08-04T20:22:36.869Z > 200 GET /api/v1/ 286.59ms
INF 2026-08-04T20:22:36.872Z > 200 GET /api/v1/ 11.37ms
INF 2026-08-04T20:22:36.874Z > 200 GET /api/v1/ 272.44ms
INF 2026-08-04T20:22:36.874Z > 200 GET /api/v1/ 272.47ms
INF 2026-08-04T20:22:36.875Z > 200 GET /api/v1/ 272.99ms
INF 2026-08-04T20:22:36.877Z > 200 GET /api/v1/ 10.54ms
INF 2026-08-04T20:22:36.878Z > 200 GET /api/v1/ 276.2ms
INF 2026-08-04T20:22:36.882Z > 200 GET /api/v1/ 271.87ms
INF 2026-08-04T20:22:36.882Z > 200 GET /api/v1/ 280.4ms
INF 2026-08-04T20:22:36.882Z > 200 GET /api/v1/ 280.63ms
INF 2026-08-04T20:22:36.884Z > 200 GET /api/v1/ 281.8ms
INF 2026-08-04T20:22:36.884Z > 200 GET /api/v1/ 282.73ms
INF 2026-08-04T20:22:36.885Z > 200 GET /api/v1/ 259.08ms
INF 2026-08-04T20:22:36.887Z > 200 GET /api/v1/ 279.58ms
INF 2026-08-04T20:22:36.888Z > 200 GET /api/v1/ 282.87ms
INF 2026-08-04T20:22:36.889Z > 200 GET /api/v1/ 14.23ms
INF 2026-08-04T20:22:36.899Z > 200 GET /api/v1/ 281.47ms
INF 2026-08-04T20:22:36.900Z > 200 GET /api/v1/ 235.54ms
INF 2026-08-04T20:22:36.901Z > 200 GET /api/v1/ 240.77ms
INF 2026-08-04T20:22:36.901Z > 200 GET /api/v1/ 285.92ms
INF 2026-08-04T20:22:36.909Z > 200 GET /api/v1/ 26.14ms
INF 2026-08-04T20:22:36.923Z > 200 GET /api/v1/ 266.58ms
INF 2026-08-04T20:22:36.932Z > 200 GET /api/v1/ 303.2ms
INF 2026-08-04T20:22:36.933Z > 200 GET /api/v1/ 276.03ms
INF 2026-08-04T20:22:36.935Z > 200 GET /api/v1/ 278.29ms
INF 2026-08-04T20:22:36.935Z > 200 GET /api/v1/ 277.17ms
INF 2026-08-04T20:22:36.935Z > 200 GET /api/v1/ 249.64ms
INF 2026-08-04T20:22:36.936Z > 200 GET /api/v1/ 271.27ms
INF 2026-08-04T20:22:36.936Z > 200 GET /api/v1/ 268.82ms
INF 2026-08-04T20:22:36.936Z > 200 GET /api/v1/ 257.6ms
INF 2026-08-04T20:22:36.936Z > 200 GET /api/v1/ 273.71ms
INF 2026-08-04T20:22:36.937Z > 200 GET /api/v1/ 278.67ms
INF 2026-08-04T20:22:36.937Z > 200 GET /api/v1/ 257.58ms
INF 2026-08-04T20:22:36.937Z > 200 GET /api/v1/ 258.64ms
INF 2026-08-04T20:22:36.938Z > 200 GET /api/v1/ 249.18ms
INF 2026-08-04T20:22:36.938Z > 200 GET /api/v1/ 248.71ms
INF 2026-08-04T20:22:36.938Z > 200 GET /api/v1/ 259.22ms
INF 2026-08-04T20:22:36.938Z > 200 GET /api/v1/ 275.56ms
INF 2026-08-04T20:22:36.938Z > 200 GET /api/v1/ 249.25ms
INF 2026-08-04T20:22:36.939Z > 200 GET /api/v1/ 256.67ms
INF 2026-08-04T20:22:36.939Z > 200 GET /api/v1/ 276.52ms
INF 2026-08-04T20:22:36.939Z > 200 GET /api/v1/ 281.46ms
INF 2026-08-04T20:22:36.940Z > 200 GET /api/v1/ 294.58ms
INF 2026-08-04T20:22:36.940Z > 200 GET /api/v1/ 275.38ms
INF 2026-08-04T20:22:36.944Z > 200 GET /api/v1/ 265.79ms
INF 2026-08-04T20:22:36.947Z > 200 GET /api/v1/ 256.07ms
INF 2026-08-04T20:22:36.947Z > 200 GET /api/v1/ 262.23ms
INF 2026-08-04T20:22:36.954Z > 200 GET /api/v1/ 254.87ms
INF 2026-08-04T20:22:36.956Z > 200 GET /api/v1/ 261.61ms
INF 2026-08-04T20:22:36.960Z > 200 GET /api/v1/ 259.37ms
INF 2026-08-04T20:22:36.962Z > 200 GET /api/v1/ 259.92ms
INF 2026-08-04T20:22:36.963Z > 200 GET /api/v1/ 27.96ms
INF 2026-08-04T20:22:36.963Z > 200 GET /api/v1/ 260.48ms
INF 2026-08-04T20:22:36.964Z > 200 GET /api/v1/ 231.82ms
INF 2026-08-04T20:22:36.965Z > 200 GET /api/v1/ 27.3ms
INF 2026-08-04T20:22:36.966Z > 200 GET /api/v1/ 26.53ms
INF 2026-08-04T20:22:36.974Z > 200 GET /api/v1/ 34.56ms
INF 2026-08-04T20:22:36.975Z > 200 GET /api/v1/ 277.94ms
INF 2026-08-04T20:22:36.975Z > 200 GET /api/v1/ 281.69ms
INF 2026-08-04T20:22:36.975Z > 200 GET /api/v1/ 30.98ms
INF 2026-08-04T20:22:36.976Z > 200 GET /api/v1/ 316.05ms
INF 2026-08-04T20:22:36.977Z > 200 GET /api/v1/ 38.16ms
INF 2026-08-04T20:22:36.978Z > 200 GET /api/v1/ 30.87ms
INF 2026-08-04T20:22:36.978Z > 200 GET /api/v1/ 282.75ms
INF 2026-08-04T20:22:36.979Z > 200 GET /api/v1/ 24.44ms
INF 2026-08-04T20:22:36.984Z > 200 GET /api/v1/ 23.36ms
INF 2026-08-04T20:22:36.984Z > 200 GET /api/v1/ 262.28ms
INF 2026-08-04T20:22:36.986Z > 200 GET /api/v1/ 267.59ms
INF 2026-08-04T20:22:36.989Z > 200 GET /api/v1/ 27.51ms
INF 2026-08-04T20:22:36.990Z > 200 GET /api/v1/ 247.78ms
INF 2026-08-04T20:22:36.993Z > 200 GET /api/v1/ 29.78ms
INF 2026-08-04T20:22:36.994Z > 200 GET /api/v1/ 29.87ms
INF 2026-08-04T20:22:36.994Z > 200 GET /api/v1/ 28.92ms
INF 2026-08-04T20:22:36.994Z > 200 GET /api/v1/ 16.61ms
INF 2026-08-04T20:22:36.995Z > 200 GET /api/v1/ 292.96ms
INF 2026-08-04T20:22:36.995Z > 200 GET /api/v1/ 295.59ms
INF 2026-08-04T20:22:36.995Z > 200 GET /api/v1/ 16.81ms
INF 2026-08-04T20:22:36.996Z > 200 GET /api/v1/ 301.36ms
INF 2026-08-04T20:22:36.997Z > 200 GET /api/v1/ 299.54ms
INF 2026-08-04T20:22:36.997Z > 200 GET /api/v1/ 17.97ms
INF 2026-08-04T20:22:37.003Z > 200 GET /api/v1/ 248.46ms
INF 2026-08-04T20:22:37.003Z > 200 GET /api/v1/ 19.48ms
INF 2026-08-04T20:22:37.007Z > 200 GET /api/v1/ 16.92ms
INF 2026-08-04T20:22:37.009Z > 200 GET /api/v1/ 15.37ms
INF 2026-08-04T20:22:37.010Z > 200 GET /api/v1/ 16.15ms
INF 2026-08-04T20:22:37.011Z > 200 GET /api/v1/ 15.81ms
INF 2026-08-04T20:22:37.011Z > 200 GET /api/v1/ 15.82ms
INF 2026-08-04T20:22:37.011Z > 200 GET /api/v1/ 15.54ms
INF 2026-08-04T20:22:37.011Z > 200 GET /api/v1/ 14.47ms
INF 2026-08-04T20:22:37.012Z > 200 GET /api/v1/ 257.07ms
INF 2026-08-04T20:22:37.012Z > 200 GET /api/v1/ 15.46ms
INF 2026-08-04T20:22:37.021Z > 200 GET /api/v1/ 17.94ms
INF 2026-08-04T20:22:37.025Z > 200 GET /api/v1/ 14.06ms
INF 2026-08-04T20:22:37.026Z > 200 GET /api/v1/ 270.99ms
INF 2026-08-04T20:22:37.026Z > 200 GET /api/v1/ 271.51ms
INF 2026-08-04T20:22:37.026Z > 200 GET /api/v1/ 14.82ms
INF 2026-08-04T20:22:37.027Z > 200 GET /api/v1/ 14.94ms
INF 2026-08-04T20:22:37.036Z > 200 GET /api/v1/ 9.82ms
INF 2026-08-04T20:22:37.036Z > 200 GET /api/v1/ 10.7ms
INF 2026-08-04T20:22:37.037Z > 200 GET /api/v1/ 9.37ms
INF 2026-08-04T20:22:37.037Z > 200 GET /api/v1/ 279.88ms
INF 2026-08-04T20:22:37.041Z > 200 GET /api/v1/ 281.5ms
INF 2026-08-04T20:22:37.054Z > 200 GET /api/v1/ 17.53ms
INF 2026-08-04T20:22:37.054Z > 200 GET /api/v1/ 17.55ms
INF 2026-08-04T20:22:37.061Z > 200 GET /api/v1/ 291.58ms
INF 2026-08-04T20:22:37.062Z > 200 GET /api/v1/ 286.34ms
INF 2026-08-04T20:22:37.062Z > 200 GET /api/v1/ 292.3ms
INF 2026-08-04T20:22:37.065Z > 200 GET /api/v1/ 23.83ms
INF 2026-08-04T20:22:37.073Z > 200 GET /api/v1/ 276.67ms
INF 2026-08-04T20:22:37.076Z > 200 GET /api/v1/ 282.13ms
INF 2026-08-04T20:22:37.076Z > 200 GET /api/v1/ 13.61ms
INF 2026-08-04T20:22:37.076Z > 200 GET /api/v1/ 175.38ms
INF 2026-08-04T20:22:37.076Z > 200 GET /api/v1/ 141.37ms
INF 2026-08-04T20:22:37.077Z > 200 GET /api/v1/ 140.99ms
INF 2026-08-04T20:22:37.077Z > 200 GET /api/v1/ 139.91ms
INF 2026-08-04T20:22:37.083Z > 200 GET /api/v1/ 146.67ms
INF 2026-08-04T20:22:37.083Z > 200 GET /api/v1/ 145.53ms
INF 2026-08-04T20:22:37.086Z > 200 GET /api/v1/ 272.41ms
INF 2026-08-04T20:22:37.087Z > 200 GET /api/v1/ 279.03ms
INF 2026-08-04T20:22:37.090Z > 200 GET /api/v1/ 275.82ms
INF 2026-08-04T20:22:37.091Z > 200 GET /api/v1/ 336.37ms
INF 2026-08-04T20:22:37.093Z > 200 GET /api/v1/ 30.85ms
INF 2026-08-04T20:22:37.093Z > 200 GET /api/v1/ 251.94ms
INF 2026-08-04T20:22:37.093Z > 200 GET /api/v1/ 338.69ms
INF 2026-08-04T20:22:37.094Z > 200 GET /api/v1/ 322.75ms
INF 2026-08-04T20:22:37.094Z > 200 GET /api/v1/ 17.99ms
INF 2026-08-04T20:22:37.094Z > 200 GET /api/v1/ 16.76ms
INF 2026-08-04T20:22:37.095Z > 200 GET /api/v1/ 339.93ms
INF 2026-08-04T20:22:37.095Z > 200 GET /api/v1/ 18.62ms
INF 2026-08-04T20:22:37.095Z > 200 GET /api/v1/ 282.52ms
INF 2026-08-04T20:22:37.096Z > 200 GET /api/v1/ 19.49ms
INF 2026-08-04T20:22:37.097Z > 200 GET /api/v1/ 244.76ms
INF 2026-08-04T20:22:37.097Z > 200 GET /api/v1/ 294.73ms
INF 2026-08-04T20:22:37.098Z > 200 GET /api/v1/ 14.35ms
INF 2026-08-04T20:22:37.098Z > 200 GET /api/v1/ 247.69ms
INF 2026-08-04T20:22:37.100Z > 200 GET /api/v1/ 34.73ms
INF 2026-08-04T20:22:37.100Z > 200 GET /api/v1/ 273.25ms
INF 2026-08-04T20:22:37.101Z > 200 GET /api/v1/ 14.0ms
INF 2026-08-04T20:22:37.101Z > 200 GET /api/v1/ 248.67ms
INF 2026-08-04T20:22:37.102Z > 200 GET /api/v1/ 307.91ms
INF 2026-08-04T20:22:37.103Z > 200 GET /api/v1/ 8.59ms
INF 2026-08-04T20:22:37.103Z > 200 GET /api/v1/ 266.07ms
INF 2026-08-04T20:22:37.103Z > 200 GET /api/v1/ 7.57ms
INF 2026-08-04T20:22:37.104Z > 200 GET /api/v1/ 8.32ms
INF 2026-08-04T20:22:37.104Z > 200 GET /api/v1/ 252.05ms
INF 2026-08-04T20:22:37.114Z > 200 GET /api/v1/ 256.53ms
INF 2026-08-04T20:22:37.114Z > 200 GET /api/v1/ 260.11ms
INF 2026-08-04T20:22:37.115Z > 200 GET /api/v1/ 260.76ms
INF 2026-08-04T20:22:37.120Z > 200 GET /api/v1/ 257.06ms
INF 2026-08-04T20:22:37.120Z > 200 GET /api/v1/ 260.79ms
INF 2026-08-04T20:22:37.121Z > 200 GET /api/v1/ 260.18ms
INF 2026-08-04T20:22:37.122Z > 200 GET /api/v1/ 267.22ms
INF 2026-08-04T20:22:37.123Z > 200 GET /api/v1/ 19.52ms
INF 2026-08-04T20:22:37.124Z > 200 GET /api/v1/ 258.34ms
INF 2026-08-04T20:22:37.124Z > 200 GET /api/v1/ 261.1ms
INF 2026-08-04T20:22:37.127Z > 200 GET /api/v1/ 3.9ms
INF 2026-08-04T20:22:37.130Z > 200 GET /api/v1/ 5.69ms
INF 2026-08-04T20:22:37.131Z > 200 GET /api/v1/ 7.4ms
INF 2026-08-04T20:22:37.132Z > 200 GET /api/v1/ 249.54ms
INF 2026-08-04T20:22:37.134Z > 200 GET /api/v1/ 256.42ms
INF 2026-08-04T20:22:37.151Z > 200 GET /api/v1/ 281.93ms
INF 2026-08-04T20:22:37.167Z > 200 GET /api/v1/ 282.06ms
INF 2026-08-04T20:22:37.167Z > 200 GET /api/v1/ 243.7ms
INF 2026-08-04T20:22:37.179Z > 200 GET /api/v1/ 300.66ms
INF 2026-08-04T20:22:37.181Z > 200 GET /api/v1/ 280.46ms
INF 2026-08-04T20:22:37.184Z > 200 GET /api/v1/ 309.48ms
INF 2026-08-04T20:22:37.185Z > 200 GET /api/v1/ 286.39ms
INF 2026-08-04T20:22:37.185Z > 200 GET /api/v1/ 295.55ms
INF 2026-08-04T20:22:37.185Z > 200 GET /api/v1/ 246.69ms
INF 2026-08-04T20:22:37.185Z > 200 GET /api/v1/ 284.52ms
INF 2026-08-04T20:22:37.186Z > 200 GET /api/v1/ 313.81ms
INF 2026-08-04T20:22:37.186Z > 200 GET /api/v1/ 277.65ms
INF 2026-08-04T20:22:37.187Z > 200 GET /api/v1/ 248.58ms
INF 2026-08-04T20:22:37.187Z > 200 GET /api/v1/ 250.49ms
INF 2026-08-04T20:22:37.188Z > 200 GET /api/v1/ 255.73ms
INF 2026-08-04T20:22:37.190Z > 200 GET /api/v1/ 251.42ms
INF 2026-08-04T20:22:37.191Z > 200 GET /api/v1/ 234.64ms
INF 2026-08-04T20:22:37.193Z > 200 GET /api/v1/ 216.94ms
INF 2026-08-04T20:22:37.194Z > 200 GET /api/v1/ 216.92ms
INF 2026-08-04T20:22:37.195Z > 200 GET /api/v1/ 295.31ms
INF 2026-08-04T20:22:37.196Z > 200 GET /api/v1/ 310.77ms
INF 2026-08-04T20:22:37.198Z > 200 GET /api/v1/ 314.89ms
INF 2026-08-04T20:22:37.198Z > 200 GET /api/v1/ 258.83ms
INF 2026-08-04T20:22:37.199Z > 200 GET /api/v1/ 263.34ms
INF 2026-08-04T20:22:37.209Z > 200 GET /api/v1/ 324.07ms
INF 2026-08-04T20:22:37.210Z > 200 GET /api/v1/ 321.2ms
INF 2026-08-04T20:22:37.217Z > 200 GET /api/v1/ 230.38ms
INF 2026-08-04T20:22:37.219Z > 200 GET /api/v1/ 280.33ms
INF 2026-08-04T20:22:37.219Z > 200 GET /api/v1/ 271.99ms
INF 2026-08-04T20:22:37.220Z > 200 GET /api/v1/ 235.47ms
INF 2026-08-04T20:22:37.221Z > 200 GET /api/v1/ 35.91ms
INF 2026-08-04T20:22:37.221Z > 200 GET /api/v1/ 246.64ms
INF 2026-08-04T20:22:37.222Z > 200 GET /api/v1/ 243.76ms
INF 2026-08-04T20:22:37.223Z > 200 GET /api/v1/ 246.3ms
INF 2026-08-04T20:22:37.223Z > 200 GET /api/v1/ 284.73ms
INF 2026-08-04T20:22:37.225Z > 200 GET /api/v1/ 34.97ms
INF 2026-08-04T20:22:37.230Z > 200 GET /api/v1/ 31.42ms
INF 2026-08-04T20:22:37.230Z > 200 GET /api/v1/ 266.27ms
INF 2026-08-04T20:22:37.235Z > 200 GET /api/v1/ 258.8ms
INF 2026-08-04T20:22:37.236Z > 200 GET /api/v1/ 245.89ms
INF 2026-08-04T20:22:37.244Z > 200 GET /api/v1/ 27.12ms
INF 2026-08-04T20:22:37.245Z > 200 GET /api/v1/ 23.28ms
INF 2026-08-04T20:22:37.246Z > 200 GET /api/v1/ 21.01ms
INF 2026-08-04T20:22:37.247Z > 200 GET /api/v1/ 23.57ms
INF 2026-08-04T20:22:37.249Z > 200 GET /api/v1/ 19.54ms
INF 2026-08-04T20:22:37.251Z > 200 GET /api/v1/ 15.24ms
INF 2026-08-04T20:22:37.252Z > 200 GET /api/v1/ 256.43ms
INF 2026-08-04T20:22:37.253Z > 200 GET /api/v1/ 9.29ms
INF 2026-08-04T20:22:37.254Z > 200 GET /api/v1/ 7.35ms
INF 2026-08-04T20:22:37.255Z > 200 GET /api/v1/ 318.43ms
INF 2026-08-04T20:22:37.255Z > 200 GET /api/v1/ 5.58ms
INF 2026-08-04T20:22:37.255Z > 200 GET /api/v1/ 278.95ms
INF 2026-08-04T20:22:37.256Z > 200 GET /api/v1/ 4.74ms
INF 2026-08-04T20:22:37.256Z > 200 GET /api/v1/ 323.25ms
INF 2026-08-04T20:22:37.256Z > 200 GET /api/v1/ 381.63ms
INF 2026-08-04T20:22:37.259Z > 200 GET /api/v1/ 3.4ms
INF 2026-08-04T20:22:37.263Z > 200 GET /api/v1/ 2.99ms
INF 2026-08-04T20:22:37.267Z > 200 GET /api/v1/ 273.25ms
INF 2026-08-04T20:22:37.267Z > 200 GET /api/v1/ 327.32ms
INF 2026-08-04T20:22:37.268Z > 200 GET /api/v1/ 4.98ms
INF 2026-08-04T20:22:37.271Z > 200 GET /api/v1/ 276.05ms
INF 2026-08-04T20:22:37.271Z > 200 GET /api/v1/ 4.34ms
INF 2026-08-04T20:22:37.272Z > 200 GET /api/v1/ 4.1ms
INF 2026-08-04T20:22:37.273Z > 200 GET /api/v1/ 75.58ms
INF 2026-08-04T20:22:37.274Z > 200 GET /api/v1/ 3.11ms
INF 2026-08-04T20:22:37.279Z > 200 GET /api/v1/ 4.42ms
INF 2026-08-04T20:22:37.279Z > 200 GET /api/v1/ 272.55ms
INF 2026-08-04T20:22:37.281Z > 200 GET /api/v1/ 96.01ms
INF 2026-08-04T20:22:37.282Z > 200 GET /api/v1/ 96.23ms
INF 2026-08-04T20:22:37.292Z > 200 GET /api/v1/ 96.46ms
INF 2026-08-04T20:22:37.292Z > 200 GET /api/v1/ 422.8ms
INF 2026-08-04T20:22:37.293Z > 200 GET /api/v1/ 107.52ms
INF 2026-08-04T20:22:37.293Z > 200 GET /api/v1/ 114.11ms
INF 2026-08-04T20:22:37.296Z > 200 GET /api/v1/ 108.85ms
INF 2026-08-04T20:22:37.296Z > 200 GET /api/v1/ 115.0ms
INF 2026-08-04T20:22:37.299Z > 200 GET /api/v1/ 111.05ms
INF 2026-08-04T20:22:37.299Z > 200 GET /api/v1/ 103.3ms
INF 2026-08-04T20:22:37.299Z > 200 GET /api/v1/ 131.93ms
INF 2026-08-04T20:22:37.310Z > 200 GET /api/v1/ 283.83ms
INF 2026-08-04T20:22:37.312Z > 200 GET /api/v1/ 301.98ms
INF 2026-08-04T20:22:37.312Z > 200 GET /api/v1/ 287.04ms
INF 2026-08-04T20:22:37.313Z > 200 GET /api/v1/ 302.18ms
INF 2026-08-04T20:22:37.314Z > 200 GET /api/v1/ 252.23ms
INF 2026-08-04T20:22:37.316Z > 200 GET /api/v1/ 243.28ms
INF 2026-08-04T20:22:37.318Z > 200 GET /api/v1/ 231.65ms
INF 2026-08-04T20:22:37.320Z > 200 GET /api/v1/ 307.96ms
INF 2026-08-04T20:22:37.320Z > 200 GET /api/v1/ 298.25ms
INF 2026-08-04T20:22:37.321Z > 200 GET /api/v1/ 244.08ms
INF 2026-08-04T20:22:37.321Z > 200 GET /api/v1/ 243.77ms
INF 2026-08-04T20:22:37.322Z > 200 GET /api/v1/ 225.95ms
INF 2026-08-04T20:22:37.324Z > 200 GET /api/v1/ 233.92ms
INF 2026-08-04T20:22:37.324Z > 200 GET /api/v1/ 68.89ms
INF 2026-08-04T20:22:37.324Z > 200 GET /api/v1/ 228.54ms
INF 2026-08-04T20:22:37.325Z > 200 GET /api/v1/ 287.97ms
INF 2026-08-04T20:22:37.325Z > 200 GET /api/v1/ 12.67ms
INF 2026-08-04T20:22:37.325Z > 200 GET /api/v1/ 313.38ms
INF 2026-08-04T20:22:37.325Z > 200 GET /api/v1/ 234.55ms
INF 2026-08-04T20:22:37.326Z > 200 GET /api/v1/ 270.9ms
INF 2026-08-04T20:22:37.326Z > 200 GET /api/v1/ 229.71ms
INF 2026-08-04T20:22:37.326Z > 200 GET /api/v1/ 137.95ms
INF 2026-08-04T20:22:37.327Z > 200 GET /api/v1/ 315.6ms
INF 2026-08-04T20:22:37.327Z > 200 GET /api/v1/ 228.23ms
INF 2026-08-04T20:22:37.327Z > 200 GET /api/v1/ 231.51ms
INF 2026-08-04T20:22:37.328Z > 200 GET /api/v1/ 231.42ms
INF 2026-08-04T20:22:37.328Z > 200 GET /api/v1/ 71.16ms
INF 2026-08-04T20:22:37.328Z > 200 GET /api/v1/ 244.41ms
INF 2026-08-04T20:22:37.328Z > 200 GET /api/v1/ 231.43ms
INF 2026-08-04T20:22:37.328Z > 200 GET /api/v1/ 232.23ms
INF 2026-08-04T20:22:37.329Z > 200 GET /api/v1/ 291.82ms
INF 2026-08-04T20:22:37.330Z > 200 GET /api/v1/ 326.86ms
INF 2026-08-04T20:22:37.330Z > 200 GET /api/v1/ 275.39ms
INF 2026-08-04T20:22:37.330Z > 200 GET /api/v1/ 232.21ms
INF 2026-08-04T20:22:37.331Z > 200 GET /api/v1/ 235.06ms
INF 2026-08-04T20:22:37.348Z > 200 GET /api/v1/ 21.9ms
INF 2026-08-04T20:22:37.350Z > 200 GET /api/v1/ 24.73ms
INF 2026-08-04T20:22:37.352Z > 200 GET /api/v1/ 25.03ms
INF 2026-08-04T20:22:37.353Z > 200 GET /api/v1/ 27.3ms
INF 2026-08-04T20:22:37.353Z > 200 GET /api/v1/ 25.54ms
INF 2026-08-04T20:22:37.354Z > 200 GET /api/v1/ 25.1ms
INF 2026-08-04T20:22:37.354Z > 200 GET /api/v1/ 255.28ms
INF 2026-08-04T20:22:37.360Z > 200 GET /api/v1/ 29.21ms
INF 2026-08-04T20:22:37.371Z > 200 GET /api/v1/ 270.91ms
INF 2026-08-04T20:22:37.376Z > 200 GET /api/v1/ 22.45ms
INF 2026-08-04T20:22:37.377Z > 200 GET /api/v1/ 23.56ms
INF 2026-08-04T20:22:37.377Z > 200 GET /api/v1/ 275.89ms
INF 2026-08-04T20:22:37.377Z > 200 GET /api/v1/ 28.75ms
INF 2026-08-04T20:22:37.378Z > 200 GET /api/v1/ 25.04ms
INF 2026-08-04T20:22:37.382Z > 200 GET /api/v1/ 278.15ms
INF 2026-08-04T20:22:37.383Z > 200 GET /api/v1/ 281.16ms
INF 2026-08-04T20:22:37.383Z > 200 GET /api/v1/ 282.35ms
INF 2026-08-04T20:22:37.384Z > 200 GET /api/v1/ 280.44ms
INF 2026-08-04T20:22:37.385Z > 200 GET /api/v1/ 280.13ms
INF 2026-08-04T20:22:37.387Z > 200 GET /api/v1/ 284.57ms
INF 2026-08-04T20:22:37.390Z > 200 GET /api/v1/ 14.05ms
INF 2026-08-04T20:22:37.391Z > 200 GET /api/v1/ 13.51ms
INF 2026-08-04T20:22:37.391Z > 200 GET /api/v1/ 276.04ms
INF 2026-08-04T20:22:37.392Z > 200 GET /api/v1/ 14.29ms
INF 2026-08-04T20:22:37.394Z > 200 GET /api/v1/ 16.88ms
INF 2026-08-04T20:22:37.395Z > 200 GET /api/v1/ 12.62ms
INF 2026-08-04T20:22:37.395Z > 200 GET /api/v1/ 279.97ms
INF 2026-08-04T20:22:37.396Z > 200 GET /api/v1/ 280.34ms
INF 2026-08-04T20:22:37.396Z > 200 GET /api/v1/ 13.18ms
INF 2026-08-04T20:22:37.396Z > 200 GET /api/v1/ 12.81ms
INF 2026-08-04T20:22:37.398Z > 200 GET /api/v1/ 10.64ms
INF 2026-08-04T20:22:37.399Z > 200 GET /api/v1/ 14.67ms
INF 2026-08-04T20:22:37.402Z > 200 GET /api/v1/ 11.73ms
INF 2026-08-04T20:22:37.402Z > 200 GET /api/v1/ 11.72ms
INF 2026-08-04T20:22:37.404Z > 200 GET /api/v1/ 12.59ms
INF 2026-08-04T20:22:37.404Z > 200 GET /api/v1/ 9.29ms
INF 2026-08-04T20:22:37.404Z > 200 GET /api/v1/ 8.45ms
INF 2026-08-04T20:22:37.408Z > 200 GET /api/v1/ 5.03ms
INF 2026-08-04T20:22:37.409Z > 200 GET /api/v1/ 4.49ms
INF 2026-08-04T20:22:37.411Z > 200 GET /api/v1/ 3.52ms
INF 2026-08-04T20:22:37.412Z > 200 GET /api/v1/ 3.54ms
INF 2026-08-04T20:22:37.419Z > 200 GET /api/v1/ 298.9ms
INF 2026-08-04T20:22:37.421Z > 200 GET /api/v1/ 8.15ms
INF 2026-08-04T20:22:37.424Z > 200 GET /api/v1/ 303.93ms
INF 2026-08-04T20:22:37.433Z > 200 GET /api/v1/ 13.49ms
INF 2026-08-04T20:22:37.438Z > 200 GET /api/v1/ 16.8ms
INF 2026-08-04T20:22:37.445Z > 200 GET /api/v1/ 340.97ms
INF 2026-08-04T20:22:37.445Z > 200 GET /api/v1/ 321.32ms
INF 2026-08-04T20:22:37.455Z > 200 GET /api/v1/ 327.49ms
INF 2026-08-04T20:22:37.469Z > 200 GET /api/v1/ 23.59ms
INF 2026-08-04T20:22:37.473Z > 200 GET /api/v1/ 351.53ms
INF 2026-08-04T20:22:37.477Z > 200 GET /api/v1/ 309.48ms
INF 2026-08-04T20:22:37.477Z > 200 GET /api/v1/ 344.8ms
INF 2026-08-04T20:22:37.478Z > 200 GET /api/v1/ 22.52ms
INF 2026-08-04T20:22:37.478Z > 200 GET /api/v1/ 327.44ms
INF 2026-08-04T20:22:37.478Z > 200 GET /api/v1/ 343.3ms
INF 2026-08-04T20:22:37.479Z > 200 GET /api/v1/ 347.5ms
INF 2026-08-04T20:22:37.479Z > 200 GET /api/v1/ 293.63ms
INF 2026-08-04T20:22:37.480Z > 200 GET /api/v1/ 295.38ms
INF 2026-08-04T20:22:37.480Z > 200 GET /api/v1/ 349.41ms
INF 2026-08-04T20:22:37.480Z > 200 GET /api/v1/ 293.6ms
INF 2026-08-04T20:22:37.481Z > 200 GET /api/v1/ 43.32ms
INF 2026-08-04T20:22:37.482Z > 200 GET /api/v1/ 290.89ms
INF 2026-08-04T20:22:37.482Z > 200 GET /api/v1/ 9.05ms
INF 2026-08-04T20:22:37.484Z > 200 GET /api/v1/ 290.16ms
INF 2026-08-04T20:22:37.485Z > 200 GET /api/v1/ 4.13ms
INF 2026-08-04T20:22:37.486Z > 200 GET /api/v1/ 4.86ms
INF 2026-08-04T20:22:37.488Z > 200 GET /api/v1/ 277.46ms
INF 2026-08-04T20:22:37.491Z > 200 GET /api/v1/ 296.62ms
INF 2026-08-04T20:22:37.491Z > 200 GET /api/v1/ 292.46ms
INF 2026-08-04T20:22:37.492Z > 200 GET /api/v1/ 272.92ms
INF 2026-08-04T20:22:37.492Z > 200 GET /api/v1/ 282.02ms
INF 2026-08-04T20:22:37.494Z > 200 GET /api/v1/ 6.15ms
INF 2026-08-04T20:22:37.495Z > 200 GET /api/v1/ 274.89ms
INF 2026-08-04T20:22:37.495Z > 200 GET /api/v1/ 275.73ms
INF 2026-08-04T20:22:37.496Z > 200 GET /api/v1/ 274.83ms
INF 2026-08-04T20:22:37.497Z > 200 GET /api/v1/ 275.45ms
INF 2026-08-04T20:22:37.497Z > 200 GET /api/v1/ 274.49ms
INF 2026-08-04T20:22:37.499Z > 200 GET /api/v1/ 263.48ms
INF 2026-08-04T20:22:37.501Z > 200 GET /api/v1/ 271.16ms
INF 2026-08-04T20:22:37.501Z > 200 GET /api/v1/ 254.93ms
INF 2026-08-04T20:22:37.503Z > 200 GET /api/v1/ 5.72ms
INF 2026-08-04T20:22:37.504Z > 200 GET /api/v1/ 251.82ms
INF 2026-08-04T20:22:37.506Z > 200 GET /api/v1/ 260.92ms
INF 2026-08-04T20:22:37.506Z > 200 GET /api/v1/ 251.63ms
INF 2026-08-04T20:22:37.516Z > 200 GET /api/v1/ 260.28ms
INF 2026-08-04T20:22:37.516Z > 200 GET /api/v1/ 262.5ms
INF 2026-08-04T20:22:37.524Z > 200 GET /api/v1/ 252.07ms
INF 2026-08-04T20:22:37.531Z > 200 GET /api/v1/ 275.55ms
INF 2026-08-04T20:22:37.534Z > 200 GET /api/v1/ 277.57ms
INF 2026-08-04T20:22:37.536Z > 200 GET /api/v1/ 267.82ms
INF 2026-08-04T20:22:37.537Z > 200 GET /api/v1/ 263.85ms
INF 2026-08-04T20:22:37.541Z > 200 GET /api/v1/ 269.53ms
INF 2026-08-04T20:22:37.544Z > 200 GET /api/v1/ 264.98ms
INF 2026-08-04T20:22:37.558Z > 200 GET /api/v1/ 245.84ms
INF 2026-08-04T20:22:37.560Z > 200 GET /api/v1/ 239.66ms
INF 2026-08-04T20:22:37.564Z > 200 GET /api/v1/ 32.7ms
INF 2026-08-04T20:22:37.566Z > 200 GET /api/v1/ 246.67ms
INF 2026-08-04T20:22:37.568Z > 200 GET /api/v1/ 33.88ms
INF 2026-08-04T20:22:37.568Z > 200 GET /api/v1/ 26.64ms
INF 2026-08-04T20:22:37.568Z > 200 GET /api/v1/ 32.29ms
INF 2026-08-04T20:22:37.570Z > 200 GET /api/v1/ 256.44ms
INF 2026-08-04T20:22:37.570Z > 200 GET /api/v1/ 32.82ms
INF 2026-08-04T20:22:37.574Z > 200 GET /api/v1/ 257.65ms
INF 2026-08-04T20:22:37.576Z > 200 GET /api/v1/ 280.37ms
INF 2026-08-04T20:22:37.578Z > 200 GET /api/v1/ 251.83ms
INF 2026-08-04T20:22:37.579Z > 200 GET /api/v1/ 258.64ms
INF 2026-08-04T20:22:37.584Z > 200 GET /api/v1/ 256.92ms
INF 2026-08-04T20:22:37.587Z > 200 GET /api/v1/ 305.79ms
INF 2026-08-04T20:22:37.588Z > 200 GET /api/v1/ 13.15ms
INF 2026-08-04T20:22:37.588Z > 200 GET /api/v1/ 288.6ms
INF 2026-08-04T20:22:37.592Z > 200 GET /api/v1/ 15.6ms
INF 2026-08-04T20:22:37.593Z > 200 GET /api/v1/ 15.27ms
INF 2026-08-04T20:22:37.594Z > 200 GET /api/v1/ 267.05ms
INF 2026-08-04T20:22:37.595Z > 200 GET /api/v1/ 274.0ms
INF 2026-08-04T20:22:37.595Z > 200 GET /api/v1/ 269.56ms
INF 2026-08-04T20:22:37.596Z > 200 GET /api/v1/ 301.7ms
INF 2026-08-04T20:22:37.597Z > 200 GET /api/v1/ 302.6ms
INF 2026-08-04T20:22:37.597Z > 200 GET /api/v1/ 274.23ms
INF 2026-08-04T20:22:37.599Z > 200 GET /api/v1/ 317.25ms
INF 2026-08-04T20:22:37.600Z > 200 GET /api/v1/ 306.38ms
INF 2026-08-04T20:22:37.602Z > 200 GET /api/v1/ 13.82ms
INF 2026-08-04T20:22:37.602Z > 200 GET /api/v1/ 303.06ms
INF 2026-08-04T20:22:37.603Z > 200 GET /api/v1/ 7.24ms
INF 2026-08-04T20:22:37.604Z > 200 GET /api/v1/ 8.13ms
INF 2026-08-04T20:22:37.604Z > 200 GET /api/v1/ 7.19ms
INF 2026-08-04T20:22:37.604Z > 200 GET /api/v1/ 282.37ms
INF 2026-08-04T20:22:37.614Z > 200 GET /api/v1/ 14.02ms
INF 2026-08-04T20:22:37.614Z > 200 GET /api/v1/ 321.3ms
INF 2026-08-04T20:22:37.614Z > 200 GET /api/v1/ 70.53ms
INF 2026-08-04T20:22:37.617Z > 200 GET /api/v1/ 306.14ms
INF 2026-08-04T20:22:37.626Z > 200 GET /api/v1/ 329.99ms
INF 2026-08-04T20:22:37.627Z > 200 GET /api/v1/ 23.22ms
INF 2026-08-04T20:22:37.628Z > 200 GET /api/v1/ 312.5ms
INF 2026-08-04T20:22:37.628Z > 200 GET /api/v1/ 348.69ms
INF 2026-08-04T20:22:37.628Z > 200 GET /api/v1/ 328.9ms
INF 2026-08-04T20:22:37.629Z > 200 GET /api/v1/ 301.79ms
INF 2026-08-04T20:22:37.629Z > 200 GET /api/v1/ 301.95ms
INF 2026-08-04T20:22:37.634Z > 200 GET /api/v1/ 17.14ms
INF 2026-08-04T20:22:37.635Z > 200 GET /api/v1/ 308.12ms
INF 2026-08-04T20:22:37.638Z > 200 GET /api/v1/ 307.55ms
INF 2026-08-04T20:22:37.642Z > 200 GET /api/v1/ 16.08ms
INF 2026-08-04T20:22:37.643Z > 200 GET /api/v1/ 14.43ms
INF 2026-08-04T20:22:37.643Z > 200 GET /api/v1/ 14.44ms
INF 2026-08-04T20:22:37.645Z > 200 GET /api/v1/ 16.26ms
INF 2026-08-04T20:22:37.650Z > 200 GET /api/v1/ 14.86ms
INF 2026-08-04T20:22:37.651Z > 200 GET /api/v1/ 319.82ms
INF 2026-08-04T20:22:37.651Z > 200 GET /api/v1/ 12.98ms
INF 2026-08-04T20:22:37.654Z > 200 GET /api/v1/ 322.66ms
INF 2026-08-04T20:22:37.660Z > 200 GET /api/v1/ 9.11ms
INF 2026-08-04T20:22:37.662Z > 200 GET /api/v1/ 8.05ms
INF 2026-08-04T20:22:37.668Z > 200 GET /api/v1/ 7.52ms
INF 2026-08-04T20:22:37.670Z > 200 GET /api/v1/ 316.36ms
INF 2026-08-04T20:22:37.670Z > 200 GET /api/v1/ 8.28ms
INF 2026-08-04T20:22:37.671Z > 200 GET /api/v1/ 320.74ms
INF 2026-08-04T20:22:37.672Z > 200 GET /api/v1/ 318.25ms
INF 2026-08-04T20:22:37.673Z > 200 GET /api/v1/ 341.41ms
INF 2026-08-04T20:22:37.673Z > 200 GET /api/v1/ 313.38ms
INF 2026-08-04T20:22:37.674Z > 200 GET /api/v1/ 115.47ms
INF 2026-08-04T20:22:37.676Z > 200 GET /api/v1/ 115.88ms
INF 2026-08-04T20:22:37.677Z > 200 GET /api/v1/ 111.16ms
INF 2026-08-04T20:22:37.678Z > 200 GET /api/v1/ 7.43ms
INF 2026-08-04T20:22:37.679Z > 200 GET /api/v1/ 307.8ms
INF 2026-08-04T20:22:37.681Z > 200 GET /api/v1/ 7.1ms
INF 2026-08-04T20:22:37.681Z > 200 GET /api/v1/ 303.45ms
INF 2026-08-04T20:22:37.684Z > 200 GET /api/v1/ 352.77ms
INF 2026-08-04T20:22:37.684Z > 200 GET /api/v1/ 352.87ms
INF 2026-08-04T20:22:37.684Z > 200 GET /api/v1/ 6.4ms
INF 2026-08-04T20:22:37.685Z > 200 GET /api/v1/ 354.46ms
INF 2026-08-04T20:22:37.686Z > 200 GET /api/v1/ 289.97ms
INF 2026-08-04T20:22:37.695Z > 200 GET /api/v1/ 126.81ms
INF 2026-08-04T20:22:37.701Z > 200 GET /api/v1/ 316.34ms
INF 2026-08-04T20:22:37.702Z > 200 GET /api/v1/ 370.75ms
INF 2026-08-04T20:22:37.702Z > 200 GET /api/v1/ 28.26ms
INF 2026-08-04T20:22:37.702Z > 200 GET /api/v1/ 310.63ms
INF 2026-08-04T20:22:37.703Z > 200 GET /api/v1/ 300.3ms
INF 2026-08-04T20:22:37.704Z > 200 GET /api/v1/ 271.18ms
INF 2026-08-04T20:22:37.705Z > 200 GET /api/v1/ 21.38ms
INF 2026-08-04T20:22:37.707Z > 200 GET /api/v1/ 376.26ms
INF 2026-08-04T20:22:37.708Z > 200 GET /api/v1/ 311.05ms
INF 2026-08-04T20:22:37.708Z > 200 GET /api/v1/ 312.1ms
INF 2026-08-04T20:22:37.708Z > 200 GET /api/v1/ 230.51ms
INF 2026-08-04T20:22:37.709Z > 200 GET /api/v1/ 283.97ms
INF 2026-08-04T20:22:37.709Z > 200 GET /api/v1/ 297.36ms
INF 2026-08-04T20:22:37.709Z > 200 GET /api/v1/ 263.9ms
INF 2026-08-04T20:22:37.710Z > 200 GET /api/v1/ 240.61ms
INF 2026-08-04T20:22:37.710Z > 200 GET /api/v1/ 310.4ms
INF 2026-08-04T20:22:37.711Z > 200 GET /api/v1/ 314.84ms
INF 2026-08-04T20:22:37.712Z > 200 GET /api/v1/ 307.79ms
INF 2026-08-04T20:22:37.712Z > 200 GET /api/v1/ 308.14ms
INF 2026-08-04T20:22:37.713Z > 200 GET /api/v1/ 315.17ms
INF 2026-08-04T20:22:37.713Z > 200 GET /api/v1/ 235.78ms
INF 2026-08-04T20:22:37.714Z > 200 GET /api/v1/ 30.19ms
INF 2026-08-04T20:22:37.716Z > 200 GET /api/v1/ 225.03ms
INF 2026-08-04T20:22:37.720Z > 200 GET /api/v1/ 239.49ms
INF 2026-08-04T20:22:37.725Z > 200 GET /api/v1/ 22.92ms
INF 2026-08-04T20:22:37.726Z > 200 GET /api/v1/ 245.08ms
INF 2026-08-04T20:22:37.726Z > 200 GET /api/v1/ 241.33ms
INF 2026-08-04T20:22:37.730Z > 200 GET /api/v1/ 245.7ms
INF 2026-08-04T20:22:37.736Z > 200 GET /api/v1/ 27.4ms
INF 2026-08-04T20:22:37.737Z > 200 GET /api/v1/ 26.97ms
INF 2026-08-04T20:22:37.737Z > 200 GET /api/v1/ 26.99ms
INF 2026-08-04T20:22:37.737Z > 200 GET /api/v1/ 245.6ms
INF 2026-08-04T20:22:37.738Z > 200 GET /api/v1/ 30.08ms
INF 2026-08-04T20:22:37.739Z > 200 GET /api/v1/ 259.59ms
INF 2026-08-04T20:22:37.739Z > 200 GET /api/v1/ 258.46ms
INF 2026-08-04T20:22:37.739Z > 200 GET /api/v1/ 252.91ms
INF 2026-08-04T20:22:37.741Z > 200 GET /api/v1/ 259.4ms
INF 2026-08-04T20:22:37.758Z > 200 GET /api/v1/ 265.46ms
INF 2026-08-04T20:22:37.758Z > 200 GET /api/v1/ 279.87ms
INF 2026-08-04T20:22:37.758Z > 200 GET /api/v1/ 279.19ms
INF 2026-08-04T20:22:37.759Z > 200 GET /api/v1/ 276.66ms
INF 2026-08-04T20:22:37.759Z > 200 GET /api/v1/ 259.9ms
INF 2026-08-04T20:22:37.760Z > 200 GET /api/v1/ 266.77ms
INF 2026-08-04T20:22:37.760Z > 200 GET /api/v1/ 34.66ms
INF 2026-08-04T20:22:37.761Z > 200 GET /api/v1/ 34.41ms
INF 2026-08-04T20:22:37.761Z > 200 GET /api/v1/ 259.34ms
INF 2026-08-04T20:22:37.762Z > 200 GET /api/v1/ 267.47ms
INF 2026-08-04T20:22:37.770Z > 200 GET /api/v1/ 274.9ms
INF 2026-08-04T20:22:37.771Z > 200 GET /api/v1/ 33.24ms
INF 2026-08-04T20:22:37.771Z > 200 GET /api/v1/ 246.67ms
INF 2026-08-04T20:22:37.772Z > 200 GET /api/v1/ 270.01ms
INF 2026-08-04T20:22:37.772Z > 200 GET /api/v1/ 33.03ms
INF 2026-08-04T20:22:37.773Z > 200 GET /api/v1/ 33.22ms
INF 2026-08-04T20:22:37.774Z > 200 GET /api/v1/ 293.34ms
INF 2026-08-04T20:22:37.774Z > 200 GET /api/v1/ 278.76ms
INF 2026-08-04T20:22:37.775Z > 200 GET /api/v1/ 258.35ms
INF 2026-08-04T20:22:37.775Z > 200 GET /api/v1/ 38.44ms
INF 2026-08-04T20:22:37.790Z > 200 GET /api/v1/ 273.27ms
INF 2026-08-04T20:22:37.790Z > 200 GET /api/v1/ 286.12ms
INF 2026-08-04T20:22:37.796Z > 200 GET /api/v1/ 36.62ms
INF 2026-08-04T20:22:37.796Z > 200 GET /api/v1/ 35.88ms
INF 2026-08-04T20:22:37.796Z > 200 GET /api/v1/ 55.1ms
INF 2026-08-04T20:22:37.797Z > 200 GET /api/v1/ 292.49ms
INF 2026-08-04T20:22:37.797Z > 200 GET /api/v1/ 35.87ms
INF 2026-08-04T20:22:37.797Z > 200 GET /api/v1/ 300.45ms
INF 2026-08-04T20:22:37.797Z > 200 GET /api/v1/ 290.82ms
INF 2026-08-04T20:22:37.797Z > 200 GET /api/v1/ 299.96ms
INF 2026-08-04T20:22:37.798Z > 200 GET /api/v1/ 291.36ms
INF 2026-08-04T20:22:37.804Z > 200 GET /api/v1/ 33.52ms
INF 2026-08-04T20:22:37.805Z > 200 GET /api/v1/ 33.75ms
INF 2026-08-04T20:22:37.805Z > 200 GET /api/v1/ 32.78ms
INF 2026-08-04T20:22:37.805Z > 200 GET /api/v1/ 240.93ms
INF 2026-08-04T20:22:37.806Z > 200 GET /api/v1/ 236.41ms
INF 2026-08-04T20:22:37.807Z > 200 GET /api/v1/ 32.31ms
INF 2026-08-04T20:22:37.808Z > 200 GET /api/v1/ 32.86ms
INF 2026-08-04T20:22:37.815Z > 200 GET /api/v1/ 25.19ms
INF 2026-08-04T20:22:37.816Z > 200 GET /api/v1/ 18.95ms
INF 2026-08-04T20:22:37.816Z > 200 GET /api/v1/ 18.71ms
INF 2026-08-04T20:22:37.817Z > 200 GET /api/v1/ 232.86ms
INF 2026-08-04T20:22:37.817Z > 200 GET /api/v1/ 248.83ms
INF 2026-08-04T20:22:37.820Z > 200 GET /api/v1/ 240.57ms
INF 2026-08-04T20:22:37.821Z > 200 GET /api/v1/ 16.0ms
INF 2026-08-04T20:22:37.822Z > 200 GET /api/v1/ 251.44ms
INF 2026-08-04T20:22:37.822Z > 200 GET /api/v1/ 15.17ms
INF 2026-08-04T20:22:37.834Z > 200 GET /api/v1/ 27.0ms
INF 2026-08-04T20:22:37.836Z > 200 GET /api/v1/ 267.26ms
INF 2026-08-04T20:22:37.841Z > 200 GET /api/v1/ 252.45ms
INF 2026-08-04T20:22:37.841Z > 200 GET /api/v1/ 25.08ms
INF 2026-08-04T20:22:37.841Z > 200 GET /api/v1/ 24.27ms
INF 2026-08-04T20:22:37.842Z > 200 GET /api/v1/ 255.29ms
INF 2026-08-04T20:22:37.843Z > 200 GET /api/v1/ 26.95ms
INF 2026-08-04T20:22:37.845Z > 200 GET /api/v1/ 25.15ms
INF 2026-08-04T20:22:37.854Z > 200 GET /api/v1/ 32.88ms
INF 2026-08-04T20:22:37.856Z > 200 GET /api/v1/ 263.42ms
INF 2026-08-04T20:22:37.861Z > 200 GET /api/v1/ 20.07ms
INF 2026-08-04T20:22:37.861Z > 200 GET /api/v1/ 266.79ms
INF 2026-08-04T20:22:37.862Z > 200 GET /api/v1/ 268.13ms
INF 2026-08-04T20:22:37.862Z > 200 GET /api/v1/ 20.8ms
INF 2026-08-04T20:22:37.863Z > 200 GET /api/v1/ 20.38ms
INF 2026-08-04T20:22:37.864Z > 200 GET /api/v1/ 260.83ms
INF 2026-08-04T20:22:37.864Z > 200 GET /api/v1/ 268.07ms
INF 2026-08-04T20:22:37.865Z > 200 GET /api/v1/ 265.86ms
INF 2026-08-04T20:22:37.866Z > 200 GET /api/v1/ 261.1ms
INF 2026-08-04T20:22:37.866Z > 200 GET /api/v1/ 261.82ms
INF 2026-08-04T20:22:37.867Z > 200 GET /api/v1/ 263.87ms
INF 2026-08-04T20:22:37.867Z > 200 GET /api/v1/ 12.77ms
INF 2026-08-04T20:22:37.867Z > 200 GET /api/v1/ 270.06ms
INF 2026-08-04T20:22:37.867Z > 200 GET /api/v1/ 11.53ms
INF 2026-08-04T20:22:37.868Z > 200 GET /api/v1/ 265.5ms
INF 2026-08-04T20:22:37.870Z > 200 GET /api/v1/ 8.18ms
INF 2026-08-04T20:22:37.871Z > 200 GET /api/v1/ 5.05ms
INF 2026-08-04T20:22:37.872Z > 200 GET /api/v1/ 257.14ms
INF 2026-08-04T20:22:37.872Z > 200 GET /api/v1/ 5.15ms
INF 2026-08-04T20:22:37.872Z > 200 GET /api/v1/ 6.4ms
INF 2026-08-04T20:22:37.873Z > 200 GET /api/v1/ 5.38ms
INF 2026-08-04T20:22:37.873Z > 200 GET /api/v1/ 5.93ms
INF 2026-08-04T20:22:37.877Z > 200 GET /api/v1/ 261.91ms
INF 2026-08-04T20:22:37.879Z > 200 GET /api/v1/ 263.74ms
INF 2026-08-04T20:22:37.881Z > 200 GET /api/v1/ 8.13ms
INF 2026-08-04T20:22:37.883Z > 200 GET /api/v1/ 254.11ms
INF 2026-08-04T20:22:37.883Z > 200 GET /api/v1/ 255.6ms
INF 2026-08-04T20:22:37.885Z > 200 GET /api/v1/ 241.82ms
INF 2026-08-04T20:22:37.885Z > 200 GET /api/v1/ 250.92ms
INF 2026-08-04T20:22:37.886Z > 200 GET /api/v1/ 243.38ms
INF 2026-08-04T20:22:37.887Z > 200 GET /api/v1/ 257.57ms
INF 2026-08-04T20:22:37.887Z > 200 GET /api/v1/ 244.96ms
INF 2026-08-04T20:22:37.900Z > 200 GET /api/v1/ 248.69ms
INF 2026-08-04T20:22:37.901Z > 200 GET /api/v1/ 255.61ms
INF 2026-08-04T20:22:37.901Z > 200 GET /api/v1/ 233.61ms
INF 2026-08-04T20:22:37.902Z > 200 GET /api/v1/ 251.13ms
INF 2026-08-04T20:22:37.904Z > 200 GET /api/v1/ 232.74ms
INF 2026-08-04T20:22:37.908Z > 200 GET /api/v1/ 228.95ms
INF 2026-08-04T20:22:37.910Z > 200 GET /api/v1/ 206.52ms
INF 2026-08-04T20:22:37.910Z > 200 GET /api/v1/ 227.45ms
INF 2026-08-04T20:22:37.911Z > 200 GET /api/v1/ 224.26ms
INF 2026-08-04T20:22:37.911Z > 200 GET /api/v1/ 237.13ms
INF 2026-08-04T20:22:37.911Z > 200 GET /api/v1/ 209.9ms
INF 2026-08-04T20:22:37.914Z > 200 GET /api/v1/ 237.56ms
INF 2026-08-04T20:22:37.915Z > 200 GET /api/v1/ 211.97ms
INF 2026-08-04T20:22:37.916Z > 200 GET /api/v1/ 245.38ms
INF 2026-08-04T20:22:37.917Z > 200 GET /api/v1/ 242.53ms
INF 2026-08-04T20:22:37.917Z > 200 GET /api/v1/ 232.2ms
INF 2026-08-04T20:22:37.917Z > 200 GET /api/v1/ 239.17ms
INF 2026-08-04T20:22:37.917Z > 200 GET /api/v1/ 221.67ms
INF 2026-08-04T20:22:37.919Z > 200 GET /api/v1/ 222.22ms
INF 2026-08-04T20:22:37.928Z > 200 GET /api/v1/ 246.83ms
INF 2026-08-04T20:22:37.930Z > 200 GET /api/v1/ 226.6ms
INF 2026-08-04T20:22:37.942Z > 200 GET /api/v1/ 183.14ms
INF 2026-08-04T20:22:37.943Z > 200 GET /api/v1/ 32.63ms
INF 2026-08-04T20:22:37.944Z > 200 GET /api/v1/ 27.85ms
INF 2026-08-04T20:22:37.944Z > 200 GET /api/v1/ 234.02ms
INF 2026-08-04T20:22:37.944Z > 200 GET /api/v1/ 27.17ms
INF 2026-08-04T20:22:37.944Z > 200 GET /api/v1/ 27.2ms
INF 2026-08-04T20:22:37.946Z > 200 GET /api/v1/ 26.86ms
INF 2026-08-04T20:22:37.946Z > 200 GET /api/v1/ 237.44ms
INF 2026-08-04T20:22:37.947Z > 200 GET /api/v1/ 32.74ms
INF 2026-08-04T20:22:37.948Z > 200 GET /api/v1/ 234.53ms
INF 2026-08-04T20:22:37.950Z > 200 GET /api/v1/ 219.49ms
INF 2026-08-04T20:22:37.954Z > 200 GET /api/v1/ 194.8ms
INF 2026-08-04T20:22:37.958Z > 200 GET /api/v1/ 195.12ms
INF 2026-08-04T20:22:37.959Z > 200 GET /api/v1/ 244.59ms
INF 2026-08-04T20:22:37.959Z > 200 GET /api/v1/ 245.34ms
INF 2026-08-04T20:22:37.959Z > 200 GET /api/v1/ 219.94ms
INF 2026-08-04T20:22:37.960Z > 200 GET /api/v1/ 245.62ms
INF 2026-08-04T20:22:37.975Z > 200 GET /api/v1/ 266.56ms
INF 2026-08-04T20:22:37.975Z > 200 GET /api/v1/ 266.98ms
INF 2026-08-04T20:22:37.976Z > 200 GET /api/v1/ 268.7ms
INF 2026-08-04T20:22:37.976Z > 200 GET /api/v1/ 25.87ms
INF 2026-08-04T20:22:37.976Z > 200 GET /api/v1/ 29.51ms
INF 2026-08-04T20:22:37.977Z > 200 GET /api/v1/ 262.58ms
INF 2026-08-04T20:22:37.977Z > 200 GET /api/v1/ 22.74ms
INF 2026-08-04T20:22:37.978Z > 200 GET /api/v1/ 263.74ms
INF 2026-08-04T20:22:37.978Z > 200 GET /api/v1/ 206.84ms
INF 2026-08-04T20:22:37.978Z > 200 GET /api/v1/ 218.81ms
INF 2026-08-04T20:22:37.978Z > 200 GET /api/v1/ 20.77ms
INF 2026-08-04T20:22:37.981Z > 200 GET /api/v1/ 21.42ms
INF 2026-08-04T20:22:37.984Z > 200 GET /api/v1/ 246.72ms
INF 2026-08-04T20:22:37.989Z > 200 GET /api/v1/ 229.66ms
INF 2026-08-04T20:22:37.990Z > 200 GET /api/v1/ 279.56ms
INF 2026-08-04T20:22:37.990Z > 200 GET /api/v1/ 285.46ms
INF 2026-08-04T20:22:37.991Z > 200 GET /api/v1/ 12.65ms
INF 2026-08-04T20:22:37.991Z > 200 GET /api/v1/ 230.17ms
INF 2026-08-04T20:22:37.991Z > 200 GET /api/v1/ 274.98ms
INF 2026-08-04T20:22:37.992Z > 200 GET /api/v1/ 255.51ms
INF 2026-08-04T20:22:37.992Z > 200 GET /api/v1/ 230.98ms
INF 2026-08-04T20:22:37.993Z > 200 GET /api/v1/ 254.64ms
INF 2026-08-04T20:22:37.993Z > 200 GET /api/v1/ 14.77ms
INF 2026-08-04T20:22:37.993Z > 200 GET /api/v1/ 272.84ms
INF 2026-08-04T20:22:37.994Z > 200 GET /api/v1/ 12.78ms
INF 2026-08-04T20:22:37.996Z > 200 GET /api/v1/ 12.41ms
INF 2026-08-04T20:22:37.999Z > 200 GET /api/v1/ 9.42ms
INF 2026-08-04T20:22:37.999Z > 200 GET /api/v1/ 8.22ms
INF 2026-08-04T20:22:38.000Z > 200 GET /api/v1/ 7.63ms
INF 2026-08-04T20:22:38.000Z > 200 GET /api/v1/ 6.87ms
INF 2026-08-04T20:22:38.001Z > 200 GET /api/v1/ 7.52ms
INF 2026-08-04T20:22:38.001Z > 200 GET /api/v1/ 5.05ms
INF 2026-08-04T20:22:38.002Z > 200 GET /api/v1/ 73.8ms
INF 2026-08-04T20:22:38.003Z > 200 GET /api/v1/ 3.29ms
INF 2026-08-04T20:22:38.005Z > 200 GET /api/v1/ 3.77ms
INF 2026-08-04T20:22:38.007Z > 200 GET /api/v1/ 63.22ms
INF 2026-08-04T20:22:38.010Z > 200 GET /api/v1/ 7.94ms
INF 2026-08-04T20:22:38.010Z > 200 GET /api/v1/ 284.08ms
INF 2026-08-04T20:22:38.010Z > 200 GET /api/v1/ 33.44ms
INF 2026-08-04T20:22:38.011Z > 200 GET /api/v1/ 3.25ms
INF 2026-08-04T20:22:38.015Z > 200 GET /api/v1/ 4.01ms
INF 2026-08-04T20:22:38.015Z > 200 GET /api/v1/ 4.78ms
INF 2026-08-04T20:22:38.016Z > 200 GET /api/v1/ 71.3ms
INF 2026-08-04T20:22:38.016Z > 200 GET /api/v1/ 68.62ms
INF 2026-08-04T20:22:38.018Z > 200 GET /api/v1/ 73.59ms
INF 2026-08-04T20:22:38.020Z > 200 GET /api/v1/ 248.3ms
INF 2026-08-04T20:22:38.032Z > 200 GET /api/v1/ 259.05ms
INF 2026-08-04T20:22:38.036Z > 200 GET /api/v1/ 261.6ms
INF 2026-08-04T20:22:38.038Z > 200 GET /api/v1/ 263.82ms
INF 2026-08-04T20:22:38.051Z > 200 GET /api/v1/ 19.16ms
INF 2026-08-04T20:22:38.052Z > 200 GET /api/v1/ 261.79ms
INF 2026-08-04T20:22:38.052Z > 200 GET /api/v1/ 255.98ms
INF 2026-08-04T20:22:38.063Z > 200 GET /api/v1/ 24.37ms
INF 2026-08-04T20:22:38.065Z > 200 GET /api/v1/ 267.33ms
INF 2026-08-04T20:22:38.067Z > 200 GET /api/v1/ 270.64ms
INF 2026-08-04T20:22:38.070Z > 200 GET /api/v1/ 18.17ms
INF 2026-08-04T20:22:38.071Z > 200 GET /api/v1/ 19.0ms
INF 2026-08-04T20:22:38.077Z > 200 GET /api/v1/ 61.01ms
INF 2026-08-04T20:22:38.080Z > 200 GET /api/v1/ 275.4ms
INF 2026-08-04T20:22:38.081Z > 200 GET /api/v1/ 282.9ms
INF 2026-08-04T20:22:38.081Z > 200 GET /api/v1/ 18.41ms
INF 2026-08-04T20:22:38.081Z > 200 GET /api/v1/ 16.64ms
INF 2026-08-04T20:22:38.088Z > 200 GET /api/v1/ 17.27ms
INF 2026-08-04T20:22:38.088Z > 200 GET /api/v1/ 283.04ms
INF 2026-08-04T20:22:38.090Z > 200 GET /api/v1/ 69.42ms
INF 2026-08-04T20:22:38.090Z > 200 GET /api/v1/ 292.71ms
INF 2026-08-04T20:22:38.091Z > 200 GET /api/v1/ 293.85ms
INF 2026-08-04T20:22:38.096Z > 200 GET /api/v1/ 297.69ms
INF 2026-08-04T20:22:38.096Z > 200 GET /api/v1/ 280.29ms
INF 2026-08-04T20:22:38.096Z > 200 GET /api/v1/ 287.91ms
INF 2026-08-04T20:22:38.097Z > 200 GET /api/v1/ 16.74ms
INF 2026-08-04T20:22:38.097Z > 200 GET /api/v1/ 15.48ms
INF 2026-08-04T20:22:38.098Z > 200 GET /api/v1/ 16.88ms
INF 2026-08-04T20:22:38.100Z > 200 GET /api/v1/ 282.75ms
INF 2026-08-04T20:22:38.100Z > 200 GET /api/v1/ 9.93ms
INF 2026-08-04T20:22:38.101Z > 200 GET /api/v1/ 295.99ms
INF 2026-08-04T20:22:38.101Z > 200 GET /api/v1/ 13.23ms
INF 2026-08-04T20:22:38.104Z > 200 GET /api/v1/ 11.98ms
INF 2026-08-04T20:22:38.104Z > 200 GET /api/v1/ 7.25ms
INF 2026-08-04T20:22:38.104Z > 200 GET /api/v1/ 7.79ms
INF 2026-08-04T20:22:38.105Z > 200 GET /api/v1/ 282.26ms
INF 2026-08-04T20:22:38.106Z > 200 GET /api/v1/ 7.41ms
INF 2026-08-04T20:22:38.106Z > 200 GET /api/v1/ 4.51ms
INF 2026-08-04T20:22:38.110Z > 200 GET /api/v1/ 3.63ms
INF 2026-08-04T20:22:38.113Z > 200 GET /api/v1/ 291.11ms
INF 2026-08-04T20:22:38.116Z > 200 GET /api/v1/ 279.94ms
INF 2026-08-04T20:22:38.116Z > 200 GET /api/v1/ 281.75ms
INF 2026-08-04T20:22:38.116Z > 200 GET /api/v1/ 6.03ms
INF 2026-08-04T20:22:38.119Z > 200 GET /api/v1/ 276.63ms
INF 2026-08-04T20:22:38.122Z > 200 GET /api/v1/ 276.29ms
INF 2026-08-04T20:22:38.122Z > 200 GET /api/v1/ 280.46ms
INF 2026-08-04T20:22:38.131Z > 200 GET /api/v1/ 14.83ms
INF 2026-08-04T20:22:38.132Z > 200 GET /api/v1/ 268.39ms
INF 2026-08-04T20:22:38.133Z > 200 GET /api/v1/ 271.47ms
INF 2026-08-04T20:22:38.133Z > 200 GET /api/v1/ 268.88ms
INF 2026-08-04T20:22:38.133Z > 200 GET /api/v1/ 270.9ms
INF 2026-08-04T20:22:38.141Z > 200 GET /api/v1/ 274.9ms
INF 2026-08-04T20:22:38.142Z > 200 GET /api/v1/ 264.97ms
INF 2026-08-04T20:22:38.143Z > 200 GET /api/v1/ 267.7ms
INF 2026-08-04T20:22:38.143Z > 200 GET /api/v1/ 281.77ms
INF 2026-08-04T20:22:38.143Z > 200 GET /api/v1/ 275.46ms
INF 2026-08-04T20:22:38.143Z > 200 GET /api/v1/ 257.45ms
INF 2026-08-04T20:22:38.144Z > 200 GET /api/v1/ 262.0ms
INF 2026-08-04T20:22:38.144Z > 200 GET /api/v1/ 271.41ms
INF 2026-08-04T20:22:38.144Z > 200 GET /api/v1/ 273.19ms
INF 2026-08-04T20:22:38.144Z > 200 GET /api/v1/ 281.29ms
INF 2026-08-04T20:22:38.145Z > 200 GET /api/v1/ 22.75ms
INF 2026-08-04T20:22:38.145Z > 200 GET /api/v1/ 265.28ms
INF 2026-08-04T20:22:38.145Z > 200 GET /api/v1/ 262.19ms
INF 2026-08-04T20:22:38.146Z > 200 GET /api/v1/ 273.01ms
INF 2026-08-04T20:22:38.146Z > 200 GET /api/v1/ 259.07ms
INF 2026-08-04T20:22:38.146Z > 200 GET /api/v1/ 278.93ms
INF 2026-08-04T20:22:38.147Z > 200 GET /api/v1/ 276.23ms
INF 2026-08-04T20:22:38.147Z > 200 GET /api/v1/ 274.11ms
INF 2026-08-04T20:22:38.149Z > 200 GET /api/v1/ 16.48ms
INF 2026-08-04T20:22:38.149Z > 200 GET /api/v1/ 265.4ms
INF 2026-08-04T20:22:38.149Z > 200 GET /api/v1/ 16.3ms
INF 2026-08-04T20:22:38.151Z > 200 GET /api/v1/ 243.11ms
INF 2026-08-04T20:22:38.152Z > 200 GET /api/v1/ 6.6ms
INF 2026-08-04T20:22:38.152Z > 200 GET /api/v1/ 8.5ms
INF 2026-08-04T20:22:38.155Z > 200 GET /api/v1/ 10.35ms
INF 2026-08-04T20:22:38.155Z > 200 GET /api/v1/ 10.86ms
INF 2026-08-04T20:22:38.156Z > 200 GET /api/v1/ 245.21ms
INF 2026-08-04T20:22:38.159Z > 200 GET /api/v1/ 12.4ms
INF 2026-08-04T20:22:38.160Z > 200 GET /api/v1/ 14.04ms
INF 2026-08-04T20:22:38.164Z > 200 GET /api/v1/ 261.33ms
INF 2026-08-04T20:22:38.165Z > 200 GET /api/v1/ 247.45ms
INF 2026-08-04T20:22:38.177Z > 200 GET /api/v1/ 291.53ms
INF 2026-08-04T20:22:38.178Z > 200 GET /api/v1/ 235.2ms
INF 2026-08-04T20:22:38.188Z > 200 GET /api/v1/ 286.4ms
INF 2026-08-04T20:22:38.188Z > 200 GET /api/v1/ 300.67ms
INF 2026-08-04T20:22:38.192Z > 200 GET /api/v1/ 305.04ms
INF 2026-08-04T20:22:38.192Z > 200 GET /api/v1/ 280.98ms
INF 2026-08-04T20:22:38.194Z > 200 GET /api/v1/ 282.08ms
INF 2026-08-04T20:22:38.194Z > 200 GET /api/v1/ 291.95ms
INF 2026-08-04T20:22:38.194Z > 200 GET /api/v1/ 264.22ms
INF 2026-08-04T20:22:38.194Z > 200 GET /api/v1/ 277.04ms
INF 2026-08-04T20:22:38.195Z > 200 GET /api/v1/ 290.49ms
INF 2026-08-04T20:22:38.195Z > 200 GET /api/v1/ 293.32ms
INF 2026-08-04T20:22:38.197Z > 200 GET /api/v1/ 285.29ms
INF 2026-08-04T20:22:38.197Z > 200 GET /api/v1/ 40.76ms
INF 2026-08-04T20:22:38.198Z > 200 GET /api/v1/ 38.51ms
INF 2026-08-04T20:22:38.198Z > 200 GET /api/v1/ 282.1ms
INF 2026-08-04T20:22:38.202Z > 200 GET /api/v1/ 41.44ms
INF 2026-08-04T20:22:38.202Z > 200 GET /api/v1/ 37.28ms
INF 2026-08-04T20:22:38.202Z > 200 GET /api/v1/ 257.83ms
INF 2026-08-04T20:22:38.204Z > 200 GET /api/v1/ 255.11ms
INF 2026-08-04T20:22:38.213Z > 200 GET /gc-collect 7.41ms
INF 2026-08-04T20:22:38.214Z > 200 GET /api/v1/ 49.77ms
INF 2026-08-04T20:22:38.214Z > 200 GET /api/v1/ 254.5ms
INF 2026-08-04T20:22:38.214Z > 200 GET /api/v1/ 268.7ms
INF 2026-08-04T20:22:38.216Z > 200 GET /api/v1/ 255.74ms
INF 2026-08-04T20:22:38.217Z > 200 GET /api/v1/ 239.91ms
INF 2026-08-04T20:22:38.217Z > 200 GET /api/v1/ 240.28ms
INF 2026-08-04T20:22:38.218Z > 200 GET /api/v1/ 240.57ms
INF 2026-08-04T20:22:38.218Z > 200 GET /api/v1/ 241.04ms
INF 2026-08-04T20:22:38.220Z > 200 GET /api/v1/ 260.61ms
INF 2026-08-04T20:22:38.222Z > 200 GET /api/v1/ 278.19ms
INF 2026-08-04T20:22:38.222Z > 200 GET /api/v1/ 244.14ms
INF 2026-08-04T20:22:38.225Z > 200 GET /api/v1/ 246.37ms
INF 2026-08-04T20:22:38.225Z > 200 GET /api/v1/ 47.6ms
INF 2026-08-04T20:22:38.240Z > 200 GET /api/v1/ 261.06ms
INF 2026-08-04T20:22:38.245Z > 200 GET /api/v1/ 266.03ms
INF 2026-08-04T20:22:38.249Z > 200 GET /api/v1/ 257.98ms
INF 2026-08-04T20:22:38.249Z > 200 GET /api/v1/ 259.54ms
INF 2026-08-04T20:22:38.253Z > 200 GET /api/v1/ 261.73ms
INF 2026-08-04T20:22:38.253Z > 200 GET /api/v1/ 261.95ms
INF 2026-08-04T20:22:38.256Z > 200 GET /api/v1/ 264.36ms
INF 2026-08-04T20:22:38.268Z > 200 GET /api/v1/ 268.45ms
INF 2026-08-04T20:22:38.270Z > 200 GET /api/v1/ 275.92ms
INF 2026-08-04T20:22:38.271Z > 200 GET /api/v1/ 271.74ms
INF 2026-08-04T20:22:38.274Z > 200 GET /api/v1/ 280.73ms
INF 2026-08-04T20:22:38.275Z > 200 GET /api/v1/ 274.83ms
INF 2026-08-04T20:22:38.281Z > 200 GET /api/v1/ 276.12ms
INF 2026-08-04T20:22:38.284Z > 200 GET /api/v1/ 280.23ms
INF 2026-08-04T20:22:38.288Z > 200 GET /api/v1/ 278.1ms
INF 2026-08-04T20:22:38.289Z > 200 GET /api/v1/ 273.68ms
INF 2026-08-04T20:22:38.291Z > 200 GET /api/v1/ 275.57ms
INF 2026-08-04T20:22:38.298Z > 200 GET /api/v1/ 279.59ms
INF 2026-08-04T20:22:38.304Z > 200 GET /api/v1/ 267.64ms
INF 2026-08-04T20:22:38.311Z > 200 GET /api/v1/ 259.26ms
INF 2026-08-04T20:22:38.312Z > 200 GET /api/v1/ 245.55ms
INF 2026-08-04T20:22:38.317Z > 200 GET /api/v1/ 239.58ms
INF 2026-08-04T20:22:38.320Z > 200 GET /api/v1/ 238.81ms
INF 2026-08-04T20:22:38.321Z > 200 GET /api/v1/ 233.07ms
INF 2026-08-04T20:22:38.325Z > 200 GET /api/v1/ 229.08ms
INF 2026-08-04T20:22:38.326Z > 200 GET /api/v1/ 229.48ms
INF 2026-08-04T20:22:38.332Z > 200 GET /api/v1/ 241.43ms
INF 2026-08-04T20:22:38.334Z > 200 GET /api/v1/ 332.25ms
INF 2026-08-04T20:22:38.334Z > 200 GET /api/v1/ 324.18ms
INF 2026-08-04T20:22:38.335Z > 200 GET /api/v1/ 264.18ms
INF 2026-08-04T20:22:38.335Z > 200 GET /api/v1/ 319.28ms
INF 2026-08-04T20:22:38.337Z > 200 GET /api/v1/ 237.16ms
INF 2026-08-04T20:22:38.338Z > 200 GET /api/v1/ 240.68ms
INF 2026-08-04T20:22:38.338Z > 200 GET /api/v1/ 237.48ms
INF 2026-08-04T20:22:38.340Z > 200 GET /api/v1/ 238.48ms
INF 2026-08-04T20:22:38.348Z > 200 GET /api/v1/ 244.45ms
INF 2026-08-04T20:22:38.350Z > 200 GET /api/v1/ 245.38ms
INF 2026-08-04T20:22:38.360Z > 200 GET /api/v1/ 254.9ms
INF 2026-08-04T20:22:38.360Z > 200 GET /api/v1/ 255.19ms
INF 2026-08-04T20:22:38.370Z > 200 GET /api/v1/ 255.95ms
INF 2026-08-04T20:22:38.372Z > 200 GET /api/v1/ 249.76ms
INF 2026-08-04T20:22:38.373Z > 200 GET /api/v1/ 239.6ms
INF 2026-08-04T20:22:38.373Z > 200 GET /api/v1/ 267.62ms
INF 2026-08-04T20:22:38.374Z > 200 GET /api/v1/ 257.14ms
ERR 2026-08-04T20:22:38.374Z > Error while writing data to the client
| Error while writing data to the client (HTTP::Server::ClientError)
|   from /Users/bedo/playground/crystal/src/http/server/response.cr:266:9 in 'unbuffered_write'
|   from /Users/bedo/playground/crystal/src/io/buffered.cr:163:14 in 'write'
|   from /Users/bedo/playground/crystal/src/http/server/response.cr:107:7 in 'write'
|   from /Users/bedo/playground/crystal/src/io.cr:488:7 in 'write_string'
|   from lib/kemal/src/kemal/route_handler.cr:174:7 in 'call'
|   from /Users/bedo/playground/crystal/src/http/server/handler.cr:30:7 in 'call'
|   from /Users/bedo/playground/crystal/src/http/server/handler.cr:32:7 in 'call_next'
|   from lib/kemal/src/kemal/filter_handler.cr:46:7 in 'call'
|   from /Users/bedo/playground/crystal/src/http/server/handler.cr:32:7 in 'call_next'
|   from src/middlewares/web_api_auth_middleware.cr:8:12 in 'call'
|   from /Users/bedo/playground/crystal/src/http/server/handler.cr:32:7 in 'call_next'
|   from src/middlewares/admin_api_auth_middleware.cr:7:12 in 'call'
|   from /Users/bedo/playground/crystal/src/http/server/handler.cr:32:7 in 'call_next'
|   from /Users/bedo/playground/crystal/src/http/server/handlers/static_file_handler.cr:60:12 in 'call'
|   from lib/kemal/src/kemal/exception_handler.cr:8:7 in 'call'
|   from /Users/bedo/playground/crystal/src/http/server/handler.cr:30:7 in 'call'
|   from /Users/bedo/playground/crystal/src/http/server/handler.cr:30:7 in 'call'
|   from /Users/bedo/playground/crystal/src/http/server/handler.cr:30:7 in 'call'
|   from /Users/bedo/playground/crystal/src/http/server/request_processor.cr:58:11 in 'process'
|   from /Users/bedo/playground/crystal/src/http/server.cr:506:5 in '->'
|   from /Users/bedo/playground/crystal/src/fiber.cr:168:11 in 'run'
|   from /Users/bedo/playground/crystal/src/fiber.cr:103:3 in '->'
| Caused by: write (#<TCPSocket:0x10b9c33c8>): Broken pipe (IO::Error)
|   from /Users/bedo/playground/crystal/src/crystal/event_loop/polling.cr:571:5 in 'unbuffered_write'
|   from /Users/bedo/playground/crystal/src/io/buffered.cr:163:14 in 'write'
|   from /Users/bedo/playground/crystal/src/http/server/response.cr:282:11 in 'unbuffered_write'
|   from /Users/bedo/playground/crystal/src/io/buffered.cr:163:14 in 'write'
|   from /Users/bedo/playground/crystal/src/http/server/response.cr:107:7 in 'write'
|   from /Users/bedo/playground/crystal/src/io.cr:488:7 in 'write_string'
|   from lib/kemal/src/kemal/route_handler.cr:174:7 in 'call'
|   from /Users/bedo/playground/crystal/src/http/server/handler.cr:30:7 in 'call'
|   from /Users/bedo/playground/crystal/src/http/server/handler.cr:32:7 in 'call_next'
|   from lib/kemal/src/kemal/filter_handler.cr:46:7 in 'call'
|   from /Users/bedo/playground/crystal/src/http/server/handler.cr:32:7 in 'call_next'
|   from src/middlewares/web_api_auth_middleware.cr:8:12 in 'call'
|   from /Users/bedo/playground/crystal/src/http/server/handler.cr:32:7 in 'call_next'
|   from src/middlewares/admin_api_auth_middleware.cr:7:12 in 'call'
|   from /Users/bedo/playground/crystal/src/http/server/handler.cr:32:7 in 'call_next'
|   from /Users/bedo/playground/crystal/src/http/server/handlers/static_file_handler.cr:60:12 in 'call'
|   from lib/kemal/src/kemal/exception_handler.cr:8:7 in 'call'
|   from /Users/bedo/playground/crystal/src/http/server/handler.cr:30:7 in 'call'
|   from /Users/bedo/playground/crystal/src/http/server/handler.cr:30:7 in 'call'
|   from /Users/bedo/playground/crystal/src/http/server/handler.cr:30:7 in 'call'
|   from /Users/bedo/playground/crystal/src/http/server/request_processor.cr:58:11 in 'process'
|   from /Users/bedo/playground/crystal/src/http/server.cr:506:5 in '->'
|   from /Users/bedo/playground/crystal/src/fiber.cr:168:11 in 'run'
|   from /Users/bedo/playground/crystal/src/fiber.cr:103:3 in '->'
ERR 2026-08-04T20:22:38.374Z > Unhandled exception on HTTP::Handler
| Closed stream (IO::Error)
|   from /Users/bedo/playground/crystal/src/http/server/response.cr:215:15 in 'content_type='
|   from lib/kemal/src/kemal/helpers/templates.cr:25:3 in 'render_500'
|   from lib/kemal/src/kemal/exception_handler.cr:34:7 in 'call'
|   from /Users/bedo/playground/crystal/src/http/server/handler.cr:30:7 in 'call'
|   from /Users/bedo/playground/crystal/src/http/server/handler.cr:30:7 in 'call'
|   from /Users/bedo/playground/crystal/src/http/server/handler.cr:30:7 in 'call'
|   from /Users/bedo/playground/crystal/src/http/server/request_processor.cr:58:11 in 'process'
|   from /Users/bedo/playground/crystal/src/http/server.cr:506:5 in '->'
|   from /Users/bedo/playground/crystal/src/fiber.cr:168:11 in 'run'
|   from /Users/bedo/playground/crystal/src/fiber.cr:103:3 in '->'
INF 2026-08-04T20:22:38.375Z > 200 GET /api/v1/ 258.17ms
INF 2026-08-04T20:22:38.375Z > 200 GET /api/v1/ 241.38ms
INF 2026-08-04T20:22:38.429Z > 200 GET /api/v1/ 286.51ms
INF 2026-08-04T20:22:38.431Z > 200 GET /api/v1/ 280.78ms
INF 2026-08-04T20:22:38.433Z > 200 GET /api/v1/ 282.93ms
INF 2026-08-04T20:22:38.438Z > 200 GET /api/v1/ 288.03ms
INF 2026-08-04T20:22:38.438Z > 200 GET /api/v1/ 294.35ms
INF 2026-08-04T20:22:38.439Z > 200 GET /api/v1/ 293.34ms
INF 2026-08-04T20:22:38.440Z > 200 GET /api/v1/ 292.52ms
INF 2026-08-04T20:22:38.441Z > 200 GET /api/v1/ 296.38ms
INF 2026-08-04T20:22:38.442Z > 200 GET /api/v1/ 297.05ms
INF 2026-08-04T20:22:38.442Z > 200 GET /api/v1/ 297.33ms
INF 2026-08-04T20:22:38.442Z > 200 GET /api/v1/ 295.23ms
INF 2026-08-04T20:22:38.443Z > 200 GET /api/v1/ 295.65ms
INF 2026-08-04T20:22:38.443Z > 200 GET /api/v1/ 291.18ms
INF 2026-08-04T20:22:38.443Z > 200 GET /api/v1/ 300.25ms
INF 2026-08-04T20:22:38.443Z > 200 GET /api/v1/ 290.28ms
INF 2026-08-04T20:22:38.444Z > 200 GET /api/v1/ 287.99ms
INF 2026-08-04T20:22:38.444Z > 200 GET /api/v1/ 265.94ms
INF 2026-08-04T20:22:38.444Z > 200 GET /api/v1/ 310.48ms
INF 2026-08-04T20:22:38.444Z > 200 GET /api/v1/ 291.61ms
INF 2026-08-04T20:22:38.444Z > 200 GET /api/v1/ 297.4ms
INF 2026-08-04T20:22:38.445Z > 200 GET /api/v1/ 301.33ms
INF 2026-08-04T20:22:38.445Z > 200 GET /api/v1/ 289.67ms
INF 2026-08-04T20:22:38.758Z > 200 GET /gc-collect 22.46ms
INF 2026-08-04T20:22:39.087Z > 200 GET /gc-stats 593.42µs
