INF 2026-08-23T12:50:56.744Z > Connecting to postgres://REDACTED:REDACTED@localhost/acikturkiye_demo?sslmode=disable
| event = db_connect
INF 2026-08-23T12:50:56.748Z > [demo] Açık Türkiye is ready to lead at http://127.0.0.1:3000
INF 2026-08-23T12:50:57.751Z > 200 GET /gc-collect 761.89µs
INF 2026-08-23T12:50:57.853Z > 200 GET /api/v1/ 55.69ms
INF 2026-08-23T12:50:57.884Z > 200 GET /api/v1/ 85.21ms
INF 2026-08-23T12:50:57.885Z > 200 GET /api/v1/ 76.14ms
INF 2026-08-23T12:50:57.886Z > 200 GET /api/v1/ 73.71ms
INF 2026-08-23T12:50:57.886Z > 200 GET /api/v1/ 87.64ms
INF 2026-08-23T12:50:57.889Z > 200 GET /api/v1/ 78.12ms
INF 2026-08-23T12:50:57.894Z > 200 GET /api/v1/ 83.26ms
INF 2026-08-23T12:50:57.894Z > 200 GET /api/v1/ 89.08ms
INF 2026-08-23T12:50:57.895Z > 200 GET /api/v1/ 93.38ms
INF 2026-08-23T12:50:57.895Z > 200 GET /api/v1/ 83.45ms
INF 2026-08-23T12:50:57.896Z > 200 GET /api/v1/ 95.17ms
INF 2026-08-23T12:50:57.897Z > 200 GET /api/v1/ 89.16ms
INF 2026-08-23T12:50:57.897Z > 200 GET /api/v1/ 86.59ms
INF 2026-08-23T12:50:57.897Z > 200 GET /api/v1/ 86.0ms
INF 2026-08-23T12:50:57.901Z > 200 GET /api/v1/ 100.39ms
INF 2026-08-23T12:50:57.901Z > 200 GET /api/v1/ 94.18ms
INF 2026-08-23T12:50:57.902Z > 200 GET /api/v1/ 91.44ms
INF 2026-08-23T12:50:57.903Z > 200 GET /api/v1/ 98.51ms
INF 2026-08-23T12:50:57.904Z > 200 GET /api/v1/ 96.46ms
INF 2026-08-23T12:50:57.907Z > 200 GET /api/v1/ 106.43ms
INF 2026-08-23T12:50:57.908Z > 200 GET /api/v1/ 98.33ms
INF 2026-08-23T12:50:57.910Z > 200 GET /api/v1/ 109.77ms
INF 2026-08-23T12:50:57.910Z > 200 GET /api/v1/ 106.72ms
INF 2026-08-23T12:50:57.912Z > 200 GET /api/v1/ 111.5ms
INF 2026-08-23T12:50:57.912Z > 200 GET /api/v1/ 103.57ms
INF 2026-08-23T12:50:57.914Z > 200 GET /api/v1/ 100.87ms
INF 2026-08-23T12:50:57.914Z > 200 GET /api/v1/ 109.59ms
INF 2026-08-23T12:50:57.915Z > 200 GET /api/v1/ 112.83ms
INF 2026-08-23T12:50:57.935Z > 200 GET /api/v1/ 114.63ms
INF 2026-08-23T12:50:57.935Z > 200 GET /api/v1/ 129.01ms
INF 2026-08-23T12:50:57.936Z > 200 GET /api/v1/ 131.55ms
INF 2026-08-23T12:50:57.937Z > 200 GET /api/v1/ 133.99ms
INF 2026-08-23T12:50:57.938Z > 200 GET /api/v1/ 132.89ms
INF 2026-08-23T12:50:57.939Z > 200 GET /api/v1/ 134.89ms
INF 2026-08-23T12:50:57.939Z > 200 GET /api/v1/ 131.17ms
INF 2026-08-23T12:50:57.940Z > 200 GET /api/v1/ 137.24ms
INF 2026-08-23T12:50:57.940Z > 200 GET /api/v1/ 139.89ms
INF 2026-08-23T12:50:57.941Z > 200 GET /api/v1/ 138.04ms
INF 2026-08-23T12:50:57.941Z > 200 GET /api/v1/ 136.66ms
INF 2026-08-23T12:50:57.942Z > 200 GET /api/v1/ 138.96ms
INF 2026-08-23T12:50:57.942Z > 200 GET /api/v1/ 144.98ms
INF 2026-08-23T12:50:57.943Z > 200 GET /api/v1/ 139.88ms
INF 2026-08-23T12:50:57.943Z > 200 GET /api/v1/ 143.0ms
INF 2026-08-23T12:50:57.943Z > 200 GET /api/v1/ 124.44ms
INF 2026-08-23T12:50:57.944Z > 200 GET /api/v1/ 140.63ms
INF 2026-08-23T12:50:57.944Z > 200 GET /api/v1/ 144.96ms
INF 2026-08-23T12:50:57.944Z > 200 GET /api/v1/ 140.55ms
INF 2026-08-23T12:50:57.945Z > 200 GET /api/v1/ 146.65ms
INF 2026-08-23T12:50:57.945Z > 200 GET /api/v1/ 145.83ms
INF 2026-08-23T12:50:57.949Z > 200 GET /api/v1/ 146.67ms
INF 2026-08-23T12:50:57.949Z > 200 GET /api/v1/ 147.22ms
INF 2026-08-23T12:50:57.950Z > 200 GET /api/v1/ 149.73ms
INF 2026-08-23T12:50:57.950Z > 200 GET /api/v1/ 147.54ms
INF 2026-08-23T12:50:57.950Z > 200 GET /api/v1/ 148.62ms
INF 2026-08-23T12:50:57.950Z > 200 GET /api/v1/ 130.63ms
INF 2026-08-23T12:50:57.951Z > 200 GET /api/v1/ 143.23ms
INF 2026-08-23T12:50:57.951Z > 200 GET /api/v1/ 141.54ms
INF 2026-08-23T12:50:57.952Z > 200 GET /api/v1/ 140.7ms
INF 2026-08-23T12:50:57.953Z > 200 GET /api/v1/ 140.6ms
INF 2026-08-23T12:50:57.955Z > 200 GET /api/v1/ 132.98ms
INF 2026-08-23T12:50:57.963Z > 200 GET /api/v1/ 142.41ms
INF 2026-08-23T12:50:57.965Z > 200 GET /api/v1/ 152.46ms
INF 2026-08-23T12:50:57.965Z > 200 GET /api/v1/ 144.25ms
INF 2026-08-23T12:50:57.966Z > 200 GET /api/v1/ 144.84ms
INF 2026-08-23T12:50:57.967Z > 200 GET /api/v1/ 154.16ms
INF 2026-08-23T12:50:57.967Z > 200 GET /api/v1/ 147.48ms
INF 2026-08-23T12:50:57.968Z > 200 GET /api/v1/ 169.21ms
INF 2026-08-23T12:50:57.968Z > 200 GET /api/v1/ 162.22ms
INF 2026-08-23T12:50:57.968Z > 200 GET /api/v1/ 168.87ms
INF 2026-08-23T12:50:57.969Z > 200 GET /api/v1/ 166.88ms
INF 2026-08-23T12:50:57.969Z > 200 GET /api/v1/ 164.82ms
INF 2026-08-23T12:50:57.971Z > 200 GET /api/v1/ 163.89ms
INF 2026-08-23T12:50:57.971Z > 200 GET /api/v1/ 166.98ms
INF 2026-08-23T12:50:57.972Z > 200 GET /api/v1/ 159.38ms
INF 2026-08-23T12:50:57.974Z > 200 GET /api/v1/ 171.17ms
INF 2026-08-23T12:50:57.974Z > 200 GET /api/v1/ 170.56ms
INF 2026-08-23T12:50:57.976Z > 200 GET /api/v1/ 153.4ms
INF 2026-08-23T12:50:57.978Z > 200 GET /api/v1/ 155.46ms
INF 2026-08-23T12:50:57.979Z > 200 GET /api/v1/ 156.44ms
INF 2026-08-23T12:50:57.980Z > 200 GET /api/v1/ 156.38ms
INF 2026-08-23T12:50:57.981Z > 200 GET /api/v1/ 157.07ms
INF 2026-08-23T12:50:57.981Z > 200 GET /api/v1/ 158.32ms
INF 2026-08-23T12:50:57.982Z > 200 GET /api/v1/ 158.27ms
INF 2026-08-23T12:50:57.982Z > 200 GET /api/v1/ 158.35ms
INF 2026-08-23T12:50:57.983Z > 200 GET /api/v1/ 158.77ms
INF 2026-08-23T12:50:57.984Z > 200 GET /api/v1/ 159.57ms
INF 2026-08-23T12:50:57.985Z > 200 GET /api/v1/ 160.09ms
INF 2026-08-23T12:50:57.986Z > 200 GET /api/v1/ 161.62ms
INF 2026-08-23T12:50:57.989Z > 200 GET /api/v1/ 167.19ms
INF 2026-08-23T12:50:57.992Z > 200 GET /api/v1/ 183.94ms
INF 2026-08-23T12:50:57.993Z > 200 GET /api/v1/ 183.61ms
INF 2026-08-23T12:50:58.011Z > 200 GET /api/v1/ 205.23ms
INF 2026-08-23T12:50:58.012Z > 200 GET /api/v1/ 137.11ms
INF 2026-08-23T12:50:58.021Z > 200 GET /api/v1/ 195.29ms
INF 2026-08-23T12:50:58.021Z > 200 GET /api/v1/ 196.04ms
INF 2026-08-23T12:50:58.022Z > 200 GET /api/v1/ 201.63ms
INF 2026-08-23T12:50:58.022Z > 200 GET /api/v1/ 196.73ms
INF 2026-08-23T12:50:58.022Z > 200 GET /api/v1/ 197.46ms
INF 2026-08-23T12:50:58.027Z > 200 GET /api/v1/ 81.83ms
INF 2026-08-23T12:50:58.029Z > 200 GET /api/v1/ 90.29ms
INF 2026-08-23T12:50:58.032Z > 200 GET /api/v1/ 131.69ms
INF 2026-08-23T12:50:58.037Z > 200 GET /api/v1/ 215.16ms
INF 2026-08-23T12:50:58.038Z > 200 GET /api/v1/ 231.91ms
INF 2026-08-23T12:50:58.038Z > 200 GET /api/v1/ 234.71ms
INF 2026-08-23T12:50:58.042Z > 200 GET /api/v1/ 140.24ms
INF 2026-08-23T12:50:58.043Z > 200 GET /api/v1/ 77.47ms
INF 2026-08-23T12:50:58.043Z > 200 GET /api/v1/ 62.02ms
INF 2026-08-23T12:50:58.044Z > 200 GET /api/v1/ 143.83ms
INF 2026-08-23T12:50:58.045Z > 200 GET /api/v1/ 145.38ms
INF 2026-08-23T12:50:58.045Z > 200 GET /api/v1/ 147.8ms
INF 2026-08-23T12:50:58.064Z > 200 GET /api/v1/ 111.32ms
INF 2026-08-23T12:50:58.064Z > 200 GET /api/v1/ 112.81ms
INF 2026-08-23T12:50:58.065Z > 200 GET /api/v1/ 118.14ms
INF 2026-08-23T12:50:58.066Z > 200 GET /api/v1/ 117.34ms
INF 2026-08-23T12:50:58.068Z > 200 GET /api/v1/ 130.04ms
INF 2026-08-23T12:50:58.068Z > 200 GET /api/v1/ 129.98ms
INF 2026-08-23T12:50:58.069Z > 200 GET /api/v1/ 132.86ms
INF 2026-08-23T12:50:58.070Z > 200 GET /api/v1/ 109.38ms
INF 2026-08-23T12:50:58.070Z > 200 GET /api/v1/ 159.49ms
INF 2026-08-23T12:50:58.071Z > 200 GET /api/v1/ 160.75ms
INF 2026-08-23T12:50:58.071Z > 200 GET /api/v1/ 156.26ms
INF 2026-08-23T12:50:58.072Z > 200 GET /api/v1/ 97.45ms
INF 2026-08-23T12:50:58.072Z > 200 GET /api/v1/ 96.02ms
INF 2026-08-23T12:50:58.075Z > 200 GET /api/v1/ 109.17ms
INF 2026-08-23T12:50:58.075Z > 200 GET /api/v1/ 109.08ms
INF 2026-08-23T12:50:58.075Z > 200 GET /api/v1/ 111.27ms
INF 2026-08-23T12:50:58.076Z > 200 GET /api/v1/ 112.05ms
INF 2026-08-23T12:50:58.076Z > 200 GET /api/v1/ 114.83ms
INF 2026-08-23T12:50:58.076Z > 200 GET /api/v1/ 113.07ms
INF 2026-08-23T12:50:58.076Z > 200 GET /api/v1/ 114.71ms
INF 2026-08-23T12:50:58.077Z > 200 GET /api/v1/ 116.58ms
INF 2026-08-23T12:50:58.077Z > 200 GET /api/v1/ 117.52ms
INF 2026-08-23T12:50:58.078Z > 200 GET /api/v1/ 116.64ms
INF 2026-08-23T12:50:58.078Z > 200 GET /api/v1/ 118.73ms
INF 2026-08-23T12:50:58.078Z > 200 GET /api/v1/ 116.62ms
INF 2026-08-23T12:50:58.080Z > 200 GET /api/v1/ 121.94ms
INF 2026-08-23T12:50:58.080Z > 200 GET /api/v1/ 121.95ms
INF 2026-08-23T12:50:58.081Z > 200 GET /api/v1/ 124.52ms
INF 2026-08-23T12:50:58.081Z > 200 GET /api/v1/ 125.54ms
INF 2026-08-23T12:50:58.081Z > 200 GET /api/v1/ 123.9ms
INF 2026-08-23T12:50:58.082Z > 200 GET /api/v1/ 124.68ms
INF 2026-08-23T12:50:58.082Z > 200 GET /api/v1/ 128.18ms
INF 2026-08-23T12:50:58.082Z > 200 GET /api/v1/ 123.83ms
INF 2026-08-23T12:50:58.083Z > 200 GET /api/v1/ 124.42ms
INF 2026-08-23T12:50:58.083Z > 200 GET /api/v1/ 129.66ms
INF 2026-08-23T12:50:58.083Z > 200 GET /api/v1/ 130.72ms
INF 2026-08-23T12:50:58.084Z > 200 GET /api/v1/ 125.35ms
INF 2026-08-23T12:50:58.084Z > 200 GET /api/v1/ 130.99ms
INF 2026-08-23T12:50:58.084Z > 200 GET /api/v1/ 127.83ms
INF 2026-08-23T12:50:58.085Z > 200 GET /api/v1/ 92.86ms
INF 2026-08-23T12:50:58.089Z > 200 GET /api/v1/ 110.69ms
INF 2026-08-23T12:50:58.090Z > 200 GET /api/v1/ 112.38ms
INF 2026-08-23T12:50:58.090Z > 200 GET /api/v1/ 111.81ms
INF 2026-08-23T12:50:58.091Z > 200 GET /api/v1/ 112.98ms
INF 2026-08-23T12:50:58.091Z > 200 GET /api/v1/ 114.36ms
INF 2026-08-23T12:50:58.091Z > 200 GET /api/v1/ 116.51ms
INF 2026-08-23T12:50:58.092Z > 200 GET /api/v1/ 114.98ms
INF 2026-08-23T12:50:58.092Z > 200 GET /api/v1/ 115.2ms
INF 2026-08-23T12:50:58.092Z > 200 GET /api/v1/ 118.12ms
INF 2026-08-23T12:50:58.093Z > 200 GET /api/v1/ 116.82ms
INF 2026-08-23T12:50:58.093Z > 200 GET /api/v1/ 116.58ms
INF 2026-08-23T12:50:58.093Z > 200 GET /api/v1/ 122.14ms
INF 2026-08-23T12:50:58.094Z > 200 GET /api/v1/ 122.77ms
INF 2026-08-23T12:50:58.094Z > 200 GET /api/v1/ 124.39ms
INF 2026-08-23T12:50:58.094Z > 200 GET /api/v1/ 125.16ms
INF 2026-08-23T12:50:58.097Z > 200 GET /api/v1/ 90.49ms
INF 2026-08-23T12:50:58.097Z > 200 GET /api/v1/ 92.79ms
INF 2026-08-23T12:50:58.097Z > 200 GET /api/v1/ 87.89ms
INF 2026-08-23T12:50:58.098Z > 200 GET /api/v1/ 92.76ms
INF 2026-08-23T12:50:58.098Z > 200 GET /api/v1/ 96.82ms
INF 2026-08-23T12:50:58.098Z > 200 GET /api/v1/ 95.11ms
INF 2026-08-23T12:50:58.099Z > 200 GET /api/v1/ 93.24ms
INF 2026-08-23T12:50:58.099Z > 200 GET /api/v1/ 93.78ms
INF 2026-08-23T12:50:58.099Z > 200 GET /api/v1/ 99.64ms
INF 2026-08-23T12:50:58.100Z > 200 GET /api/v1/ 103.03ms
INF 2026-08-23T12:50:58.101Z > 200 GET /api/v1/ 149.2ms
INF 2026-08-23T12:50:58.102Z > 200 GET /api/v1/ 153.85ms
INF 2026-08-23T12:50:58.103Z > 200 GET /api/v1/ 157.09ms
INF 2026-08-23T12:50:58.104Z > 200 GET /api/v1/ 158.4ms
INF 2026-08-23T12:50:58.104Z > 200 GET /api/v1/ 156.41ms
INF 2026-08-23T12:50:58.105Z > 200 GET /api/v1/ 115.29ms
INF 2026-08-23T12:50:58.105Z > 200 GET /api/v1/ 158.27ms
INF 2026-08-23T12:50:58.107Z > 200 GET /api/v1/ 101.83ms
INF 2026-08-23T12:50:58.107Z > 200 GET /api/v1/ 68.54ms
INF 2026-08-23T12:50:58.110Z > 200 GET /api/v1/ 100.5ms
INF 2026-08-23T12:50:58.110Z > 200 GET /api/v1/ 104.28ms
INF 2026-08-23T12:50:58.111Z > 200 GET /api/v1/ 84.33ms
INF 2026-08-23T12:50:58.112Z > 200 GET /api/v1/ 125.42ms
INF 2026-08-23T12:50:58.114Z > 200 GET /api/v1/ 33.41ms
INF 2026-08-23T12:50:58.116Z > 200 GET /api/v1/ 123.06ms
INF 2026-08-23T12:50:58.117Z > 200 GET /api/v1/ 94.09ms
INF 2026-08-23T12:50:58.117Z > 200 GET /api/v1/ 81.17ms
INF 2026-08-23T12:50:58.118Z > 200 GET /api/v1/ 110.97ms
INF 2026-08-23T12:50:58.121Z > 200 GET /api/v1/ 94.4ms
INF 2026-08-23T12:50:58.121Z > 200 GET /api/v1/ 54.5ms
INF 2026-08-23T12:50:58.121Z > 200 GET /api/v1/ 96.46ms
INF 2026-08-23T12:50:58.123Z > 200 GET /api/v1/ 132.14ms
INF 2026-08-23T12:50:58.123Z > 200 GET /api/v1/ 132.98ms
INF 2026-08-23T12:50:58.124Z > 200 GET /api/v1/ 98.19ms
INF 2026-08-23T12:50:58.129Z > 200 GET /api/v1/ 89.89ms
INF 2026-08-23T12:50:58.136Z > 200 GET /api/v1/ 97.71ms
INF 2026-08-23T12:50:58.141Z > 200 GET /api/v1/ 62.71ms
INF 2026-08-23T12:50:58.147Z > 200 GET /api/v1/ 61.15ms
INF 2026-08-23T12:50:58.148Z > 200 GET /api/v1/ 53.05ms
INF 2026-08-23T12:50:58.149Z > 200 GET /api/v1/ 61.2ms
INF 2026-08-23T12:50:58.149Z > 200 GET /api/v1/ 61.24ms
INF 2026-08-23T12:50:58.150Z > 200 GET /api/v1/ 61.77ms
INF 2026-08-23T12:50:58.152Z > 200 GET /api/v1/ 64.23ms
INF 2026-08-23T12:50:58.154Z > 200 GET /api/v1/ 128.37ms
INF 2026-08-23T12:50:58.178Z > 200 GET /api/v1/ 75.82ms
INF 2026-08-23T12:50:58.179Z > 200 GET /api/v1/ 66.77ms
INF 2026-08-23T12:50:58.189Z > 200 GET /api/v1/ 81.89ms
INF 2026-08-23T12:50:58.192Z > 200 GET /api/v1/ 75.21ms
INF 2026-08-23T12:50:58.200Z > 200 GET /api/v1/ 85.02ms
INF 2026-08-23T12:50:58.201Z > 200 GET /api/v1/ 85.41ms
INF 2026-08-23T12:50:58.201Z > 200 GET /api/v1/ 86.86ms
INF 2026-08-23T12:50:58.207Z > 200 GET /api/v1/ 94.31ms
INF 2026-08-23T12:50:58.210Z > 200 GET /api/v1/ 90.84ms
INF 2026-08-23T12:50:58.211Z > 200 GET /api/v1/ 99.42ms
INF 2026-08-23T12:50:58.212Z > 200 GET /api/v1/ 102.92ms
INF 2026-08-23T12:50:58.213Z > 200 GET /api/v1/ 94.15ms
INF 2026-08-23T12:50:58.214Z > 200 GET /api/v1/ 95.82ms
INF 2026-08-23T12:50:58.215Z > 200 GET /api/v1/ 95.38ms
INF 2026-08-23T12:50:58.216Z > 200 GET /api/v1/ 90.02ms
INF 2026-08-23T12:50:58.220Z > 200 GET /api/v1/ 83.81ms
INF 2026-08-23T12:50:58.221Z > 200 GET /api/v1/ 103.15ms
INF 2026-08-23T12:50:58.224Z > 200 GET /api/v1/ 94.67ms
INF 2026-08-23T12:50:58.225Z > 200 GET /api/v1/ 101.37ms
INF 2026-08-23T12:50:58.226Z > 200 GET /api/v1/ 94.83ms
INF 2026-08-23T12:50:58.230Z > 200 GET /api/v1/ 75.65ms
INF 2026-08-23T12:50:58.231Z > 200 GET /api/v1/ 99.68ms
INF 2026-08-23T12:50:58.231Z > 200 GET /api/v1/ 99.28ms
INF 2026-08-23T12:50:58.233Z > 200 GET /api/v1/ 83.58ms
INF 2026-08-23T12:50:58.234Z > 200 GET /api/v1/ 85.97ms
INF 2026-08-23T12:50:58.235Z > 200 GET /api/v1/ 107.99ms
INF 2026-08-23T12:50:58.236Z > 200 GET /api/v1/ 110.14ms
INF 2026-08-23T12:50:58.237Z > 200 GET /api/v1/ 109.03ms
INF 2026-08-23T12:50:58.237Z > 200 GET /api/v1/ 110.43ms
INF 2026-08-23T12:50:58.240Z > 200 GET /api/v1/ 114.97ms
INF 2026-08-23T12:50:58.241Z > 200 GET /api/v1/ 116.72ms
INF 2026-08-23T12:50:58.242Z > 200 GET /api/v1/ 128.44ms
INF 2026-08-23T12:50:58.242Z > 200 GET /api/v1/ 128.48ms
INF 2026-08-23T12:50:58.243Z > 200 GET /api/v1/ 129.73ms
INF 2026-08-23T12:50:58.243Z > 200 GET /api/v1/ 121.68ms
INF 2026-08-23T12:50:58.244Z > 200 GET /api/v1/ 132.92ms
INF 2026-08-23T12:50:58.245Z > 200 GET /api/v1/ 106.36ms
INF 2026-08-23T12:50:58.246Z > 200 GET /api/v1/ 67.88ms
INF 2026-08-23T12:50:58.246Z > 200 GET /api/v1/ 106.28ms
INF 2026-08-23T12:50:58.248Z > 200 GET /api/v1/ 104.53ms
INF 2026-08-23T12:50:58.249Z > 200 GET /api/v1/ 105.19ms
INF 2026-08-23T12:50:58.249Z > 200 GET /api/v1/ 110.83ms
INF 2026-08-23T12:50:58.249Z > 200 GET /api/v1/ 112.24ms
INF 2026-08-23T12:50:58.250Z > 200 GET /api/v1/ 112.91ms
INF 2026-08-23T12:50:58.250Z > 200 GET /api/v1/ 114.65ms
INF 2026-08-23T12:50:58.250Z > 200 GET /api/v1/ 113.89ms
INF 2026-08-23T12:50:58.251Z > 200 GET /api/v1/ 115.4ms
INF 2026-08-23T12:50:58.252Z > 200 GET /api/v1/ 117.06ms
INF 2026-08-23T12:50:58.253Z > 200 GET /api/v1/ 119.07ms
INF 2026-08-23T12:50:58.255Z > 200 GET /api/v1/ 121.07ms
INF 2026-08-23T12:50:58.257Z > 200 GET /api/v1/ 139.91ms
INF 2026-08-23T12:50:58.258Z > 200 GET /api/v1/ 125.19ms
INF 2026-08-23T12:50:58.258Z > 200 GET /api/v1/ 125.98ms
INF 2026-08-23T12:50:58.260Z > 200 GET /api/v1/ 108.33ms
INF 2026-08-23T12:50:58.261Z > 200 GET /api/v1/ 112.99ms
INF 2026-08-23T12:50:58.262Z > 200 GET /api/v1/ 103.65ms
INF 2026-08-23T12:50:58.265Z > 200 GET /api/v1/ 120.71ms
INF 2026-08-23T12:50:58.266Z > 200 GET /api/v1/ 120.2ms
INF 2026-08-23T12:50:58.266Z > 200 GET /api/v1/ 123.71ms
INF 2026-08-23T12:50:58.269Z > 200 GET /api/v1/ 92.3ms
INF 2026-08-23T12:50:58.269Z > 200 GET /api/v1/ 91.22ms
INF 2026-08-23T12:50:58.270Z > 200 GET /api/v1/ 90.68ms
INF 2026-08-23T12:50:58.270Z > 200 GET /api/v1/ 90.01ms
INF 2026-08-23T12:50:58.270Z > 200 GET /api/v1/ 91.96ms
INF 2026-08-23T12:50:58.271Z > 200 GET /api/v1/ 95.42ms
INF 2026-08-23T12:50:58.273Z > 200 GET /api/v1/ 111.58ms
INF 2026-08-23T12:50:58.274Z > 200 GET /api/v1/ 86.35ms
INF 2026-08-23T12:50:58.275Z > 200 GET /api/v1/ 89.35ms
INF 2026-08-23T12:50:58.275Z > 200 GET /api/v1/ 115.39ms
INF 2026-08-23T12:50:58.276Z > 200 GET /api/v1/ 75.04ms
INF 2026-08-23T12:50:58.278Z > 200 GET /api/v1/ 119.41ms
INF 2026-08-23T12:50:58.279Z > 200 GET /api/v1/ 121.06ms
INF 2026-08-23T12:50:58.280Z > 200 GET /api/v1/ 124.89ms
INF 2026-08-23T12:50:58.281Z > 200 GET /api/v1/ 126.52ms
INF 2026-08-23T12:50:58.282Z > 200 GET /api/v1/ 129.15ms
INF 2026-08-23T12:50:58.283Z > 200 GET /api/v1/ 89.41ms
INF 2026-08-23T12:50:58.283Z > 200 GET /api/v1/ 91.98ms
INF 2026-08-23T12:50:58.284Z > 200 GET /api/v1/ 91.14ms
INF 2026-08-23T12:50:58.284Z > 200 GET /api/v1/ 94.83ms
INF 2026-08-23T12:50:58.285Z > 200 GET /api/v1/ 96.45ms
INF 2026-08-23T12:50:58.287Z > 200 GET /api/v1/ 102.56ms
INF 2026-08-23T12:50:58.287Z > 200 GET /api/v1/ 101.37ms
INF 2026-08-23T12:50:58.304Z > 200 GET /api/v1/ 120.16ms
INF 2026-08-23T12:50:58.304Z > 200 GET /api/v1/ 121.32ms
INF 2026-08-23T12:50:58.305Z > 200 GET /api/v1/ 162.51ms
INF 2026-08-23T12:50:58.308Z > 200 GET /api/v1/ 103.98ms
INF 2026-08-23T12:50:58.308Z > 200 GET /api/v1/ 106.66ms
INF 2026-08-23T12:50:58.308Z > 200 GET /api/v1/ 105.6ms
INF 2026-08-23T12:50:58.314Z > 200 GET /api/v1/ 115.73ms
INF 2026-08-23T12:50:58.315Z > 200 GET /api/v1/ 116.4ms
INF 2026-08-23T12:50:58.318Z > 200 GET /api/v1/ 162.13ms
INF 2026-08-23T12:50:58.321Z > 200 GET /api/v1/ 167.1ms
INF 2026-08-23T12:50:58.322Z > 200 GET /api/v1/ 127.44ms
INF 2026-08-23T12:50:58.324Z > 200 GET /api/v1/ 63.68ms
INF 2026-08-23T12:50:58.332Z > 200 GET /api/v1/ 190.07ms
INF 2026-08-23T12:50:58.332Z > 200 GET /api/v1/ 191.9ms
INF 2026-08-23T12:50:58.332Z > 200 GET /api/v1/ 192.77ms
INF 2026-08-23T12:50:58.333Z > 200 GET /api/v1/ 124.79ms
INF 2026-08-23T12:50:58.333Z > 200 GET /api/v1/ 193.8ms
INF 2026-08-23T12:50:58.335Z > 200 GET /api/v1/ 96.94ms
INF 2026-08-23T12:50:58.335Z > 200 GET /api/v1/ 96.84ms
INF 2026-08-23T12:50:58.342Z > 200 GET /api/v1/ 69.35ms
INF 2026-08-23T12:50:58.348Z > 200 GET /api/v1/ 152.49ms
INF 2026-08-23T12:50:58.351Z > 200 GET /api/v1/ 206.62ms
INF 2026-08-23T12:50:58.358Z > 200 GET /api/v1/ 111.95ms
INF 2026-08-23T12:50:58.359Z > 200 GET /api/v1/ 110.76ms
INF 2026-08-23T12:50:58.359Z > 200 GET /api/v1/ 111.97ms
INF 2026-08-23T12:50:58.361Z > 200 GET /api/v1/ 89.89ms
INF 2026-08-23T12:50:58.363Z > 200 GET /api/v1/ 92.07ms
INF 2026-08-23T12:50:58.365Z > 200 GET /api/v1/ 100.57ms
INF 2026-08-23T12:50:58.365Z > 200 GET /api/v1/ 101.41ms
INF 2026-08-23T12:50:58.367Z > 200 GET /api/v1/ 103.46ms
INF 2026-08-23T12:50:58.367Z > 200 GET /api/v1/ 104.86ms
INF 2026-08-23T12:50:58.368Z > 200 GET /api/v1/ 109.73ms
INF 2026-08-23T12:50:58.371Z > 200 GET /api/v1/ 112.15ms
INF 2026-08-23T12:50:58.372Z > 200 GET /api/v1/ 111.04ms
INF 2026-08-23T12:50:58.374Z > 200 GET /api/v1/ 89.37ms
INF 2026-08-23T12:50:58.375Z > 200 GET /api/v1/ 119.37ms
INF 2026-08-23T12:50:58.377Z > 200 GET /api/v1/ 122.93ms
INF 2026-08-23T12:50:58.380Z > 200 GET /api/v1/ 103.44ms
INF 2026-08-23T12:50:58.380Z > 200 GET /api/v1/ 103.25ms
INF 2026-08-23T12:50:58.390Z > 200 GET /api/v1/ 81.14ms
INF 2026-08-23T12:50:58.393Z > 200 GET /api/v1/ 105.32ms
INF 2026-08-23T12:50:58.393Z > 200 GET /api/v1/ 105.23ms
INF 2026-08-23T12:50:58.395Z > 200 GET /api/v1/ 108.45ms
INF 2026-08-23T12:50:58.395Z > 200 GET /api/v1/ 71.32ms
INF 2026-08-23T12:50:58.396Z > 200 GET /api/v1/ 84.22ms
INF 2026-08-23T12:50:58.396Z > 200 GET /api/v1/ 110.8ms
INF 2026-08-23T12:50:58.400Z > 200 GET /api/v1/ 84.29ms
INF 2026-08-23T12:50:58.404Z > 200 GET /api/v1/ 86.56ms
INF 2026-08-23T12:50:58.405Z > 200 GET /api/v1/ 90.49ms
INF 2026-08-23T12:50:58.408Z > 200 GET /api/v1/ 93.95ms
INF 2026-08-23T12:50:58.408Z > 200 GET /api/v1/ 94.04ms
INF 2026-08-23T12:50:58.409Z > 200 GET /api/v1/ 86.27ms
INF 2026-08-23T12:50:58.409Z > 200 GET /api/v1/ 96.44ms
INF 2026-08-23T12:50:58.409Z > 200 GET /api/v1/ 97.47ms
INF 2026-08-23T12:50:58.410Z > 200 GET /api/v1/ 97.1ms
INF 2026-08-23T12:50:58.410Z > 200 GET /api/v1/ 97.87ms
INF 2026-08-23T12:50:58.411Z > 200 GET /api/v1/ 98.49ms
INF 2026-08-23T12:50:58.412Z > 200 GET /api/v1/ 100.05ms
INF 2026-08-23T12:50:58.412Z > 200 GET /api/v1/ 101.19ms
INF 2026-08-23T12:50:58.413Z > 200 GET /api/v1/ 101.36ms
INF 2026-08-23T12:50:58.413Z > 200 GET /api/v1/ 102.8ms
INF 2026-08-23T12:50:58.413Z > 200 GET /api/v1/ 102.45ms
INF 2026-08-23T12:50:58.415Z > 200 GET /api/v1/ 105.1ms
INF 2026-08-23T12:50:58.416Z > 200 GET /api/v1/ 105.75ms
INF 2026-08-23T12:50:58.417Z > 200 GET /api/v1/ 106.36ms
INF 2026-08-23T12:50:58.417Z > 200 GET /api/v1/ 108.37ms
INF 2026-08-23T12:50:58.417Z > 200 GET /api/v1/ 108.08ms
INF 2026-08-23T12:50:58.418Z > 200 GET /api/v1/ 84.54ms
INF 2026-08-23T12:50:58.418Z > 200 GET /api/v1/ 112.2ms
INF 2026-08-23T12:50:58.424Z > 200 GET /api/v1/ 80.05ms
INF 2026-08-23T12:50:58.424Z > 200 GET /api/v1/ 101.03ms
INF 2026-08-23T12:50:58.425Z > 200 GET /api/v1/ 100.41ms
INF 2026-08-23T12:50:58.443Z > 200 GET /api/v1/ 122.6ms
INF 2026-08-23T12:50:58.445Z > 200 GET /api/v1/ 97.69ms
INF 2026-08-23T12:50:58.448Z > 200 GET /api/v1/ 103.69ms
INF 2026-08-23T12:50:58.449Z > 200 GET /api/v1/ 105.75ms
INF 2026-08-23T12:50:58.450Z > 200 GET /api/v1/ 105.38ms
INF 2026-08-23T12:50:58.450Z > 200 GET /api/v1/ 107.26ms
INF 2026-08-23T12:50:58.451Z > 200 GET /api/v1/ 112.19ms
INF 2026-08-23T12:50:58.451Z > 200 GET /api/v1/ 117.46ms
INF 2026-08-23T12:50:58.453Z > 200 GET /api/v1/ 97.16ms
INF 2026-08-23T12:50:58.453Z > 200 GET /api/v1/ 120.18ms
INF 2026-08-23T12:50:58.453Z > 200 GET /api/v1/ 123.37ms
INF 2026-08-23T12:50:58.454Z > 200 GET /api/v1/ 124.64ms
INF 2026-08-23T12:50:58.454Z > 200 GET /api/v1/ 124.38ms
INF 2026-08-23T12:50:58.454Z > 200 GET /api/v1/ 129.53ms
INF 2026-08-23T12:50:58.455Z > 200 GET /api/v1/ 126.38ms
INF 2026-08-23T12:50:58.455Z > 200 GET /api/v1/ 169.44ms
INF 2026-08-23T12:50:58.456Z > 200 GET /api/v1/ 150.28ms
INF 2026-08-23T12:50:58.461Z > 200 GET /api/v1/ 106.14ms
INF 2026-08-23T12:50:58.462Z > 200 GET /api/v1/ 105.59ms
INF 2026-08-23T12:50:58.464Z > 200 GET /api/v1/ 112.48ms
INF 2026-08-23T12:50:58.465Z > 200 GET /api/v1/ 113.17ms
INF 2026-08-23T12:50:58.466Z > 200 GET /api/v1/ 116.29ms
INF 2026-08-23T12:50:58.467Z > 200 GET /api/v1/ 115.26ms
INF 2026-08-23T12:50:58.468Z > 200 GET /api/v1/ 148.94ms
INF 2026-08-23T12:50:58.468Z > 200 GET /api/v1/ 148.74ms
INF 2026-08-23T12:50:58.469Z > 200 GET /api/v1/ 149.97ms
INF 2026-08-23T12:50:58.469Z > 200 GET /api/v1/ 120.26ms
INF 2026-08-23T12:50:58.469Z > 200 GET /api/v1/ 151.28ms
INF 2026-08-23T12:50:58.470Z > 200 GET /api/v1/ 152.9ms
INF 2026-08-23T12:50:58.474Z > 200 GET /api/v1/ 104.24ms
INF 2026-08-23T12:50:58.474Z > 200 GET /api/v1/ 136.38ms
INF 2026-08-23T12:50:58.475Z > 200 GET /api/v1/ 111.87ms
INF 2026-08-23T12:50:58.480Z > 200 GET /api/v1/ 175.3ms
INF 2026-08-23T12:50:58.480Z > 200 GET /api/v1/ 153.8ms
INF 2026-08-23T12:50:58.480Z > 200 GET /api/v1/ 152.8ms
INF 2026-08-23T12:50:58.482Z > 200 GET /api/v1/ 94.78ms
INF 2026-08-23T12:50:58.484Z > 200 GET /api/v1/ 101.83ms
INF 2026-08-23T12:50:58.486Z > 200 GET /api/v1/ 105.32ms
INF 2026-08-23T12:50:58.486Z > 200 GET /api/v1/ 104.35ms
INF 2026-08-23T12:50:58.487Z > 200 GET /api/v1/ 107.94ms
INF 2026-08-23T12:50:58.487Z > 200 GET /api/v1/ 108.79ms
INF 2026-08-23T12:50:58.487Z > 200 GET /api/v1/ 110.18ms
INF 2026-08-23T12:50:58.488Z > 200 GET /api/v1/ 106.27ms
INF 2026-08-23T12:50:58.488Z > 200 GET /api/v1/ 115.7ms
INF 2026-08-23T12:50:58.488Z > 200 GET /api/v1/ 122.72ms
INF 2026-08-23T12:50:58.491Z > 200 GET /api/v1/ 92.6ms
INF 2026-08-23T12:50:58.494Z > 200 GET /api/v1/ 101.84ms
INF 2026-08-23T12:50:58.496Z > 200 GET /api/v1/ 89.18ms
INF 2026-08-23T12:50:58.497Z > 200 GET /api/v1/ 91.26ms
INF 2026-08-23T12:50:58.499Z > 200 GET /api/v1/ 93.65ms
INF 2026-08-23T12:50:58.503Z > 200 GET /api/v1/ 156.52ms
INF 2026-08-23T12:50:58.504Z > 200 GET /api/v1/ 39.74ms
INF 2026-08-23T12:50:58.505Z > 200 GET /api/v1/ 79.81ms
INF 2026-08-23T12:50:58.505Z > 200 GET /api/v1/ 82.32ms
INF 2026-08-23T12:50:58.505Z > 200 GET /api/v1/ 82.87ms
INF 2026-08-23T12:50:58.506Z > 200 GET /api/v1/ 81.13ms
INF 2026-08-23T12:50:58.507Z > 200 GET /api/v1/ 84.3ms
INF 2026-08-23T12:50:58.508Z > 200 GET /api/v1/ 46.18ms
INF 2026-08-23T12:50:58.510Z > 200 GET /api/v1/ 89.28ms
INF 2026-08-23T12:50:58.511Z > 200 GET /api/v1/ 63.97ms
INF 2026-08-23T12:50:58.511Z > 200 GET /api/v1/ 89.8ms
INF 2026-08-23T12:50:58.511Z > 200 GET /api/v1/ 91.4ms
INF 2026-08-23T12:50:58.512Z > 200 GET /api/v1/ 149.94ms
INF 2026-08-23T12:50:58.513Z > 200 GET /api/v1/ 98.37ms
INF 2026-08-23T12:50:58.514Z > 200 GET /api/v1/ 38.23ms
INF 2026-08-23T12:50:58.514Z > 200 GET /api/v1/ 58.04ms
INF 2026-08-23T12:50:58.516Z > 200 GET /api/v1/ 69.79ms
INF 2026-08-23T12:50:58.516Z > 200 GET /api/v1/ 69.96ms
INF 2026-08-23T12:50:58.517Z > 200 GET /api/v1/ 71.03ms
INF 2026-08-23T12:50:58.517Z > 200 GET /api/v1/ 71.9ms
INF 2026-08-23T12:50:58.518Z > 200 GET /api/v1/ 72.06ms
INF 2026-08-23T12:50:58.519Z > 200 GET /api/v1/ 72.96ms
INF 2026-08-23T12:50:58.520Z > 200 GET /api/v1/ 73.75ms
INF 2026-08-23T12:50:58.522Z > 200 GET /api/v1/ 60.56ms
INF 2026-08-23T12:50:58.523Z > 200 GET /api/v1/ 63.03ms
INF 2026-08-23T12:50:58.524Z > 200 GET /api/v1/ 64.18ms
INF 2026-08-23T12:50:58.524Z > 200 GET /api/v1/ 65.89ms
INF 2026-08-23T12:50:58.524Z > 200 GET /api/v1/ 65.71ms
INF 2026-08-23T12:50:58.525Z > 200 GET /api/v1/ 68.14ms
INF 2026-08-23T12:50:58.525Z > 200 GET /api/v1/ 65.95ms
INF 2026-08-23T12:50:58.526Z > 200 GET /api/v1/ 68.37ms
INF 2026-08-23T12:50:58.526Z > 200 GET /api/v1/ 69.91ms
INF 2026-08-23T12:50:58.526Z > 200 GET /api/v1/ 67.39ms
INF 2026-08-23T12:50:58.528Z > 200 GET /api/v1/ 70.25ms
INF 2026-08-23T12:50:58.528Z > 200 GET /api/v1/ 109.43ms
INF 2026-08-23T12:50:58.531Z > 200 GET /api/v1/ 79.5ms
INF 2026-08-23T12:50:58.531Z > 200 GET /api/v1/ 110.71ms
INF 2026-08-23T12:50:58.531Z > 200 GET /api/v1/ 79.38ms
INF 2026-08-23T12:50:58.537Z > 200 GET /api/v1/ 69.7ms
INF 2026-08-23T12:50:58.554Z > 200 GET /api/v1/ 151.48ms
INF 2026-08-23T12:50:58.554Z > 200 GET /api/v1/ 111.91ms
INF 2026-08-23T12:50:58.569Z > 200 GET /api/v1/ 97.51ms
INF 2026-08-23T12:50:58.572Z > 200 GET /api/v1/ 73.52ms
INF 2026-08-23T12:50:58.579Z > 200 GET /api/v1/ 100.63ms
INF 2026-08-23T12:50:58.581Z > 200 GET /api/v1/ 104.41ms
INF 2026-08-23T12:50:58.582Z > 200 GET /api/v1/ 103.23ms
INF 2026-08-23T12:50:58.582Z > 200 GET /api/v1/ 102.76ms
INF 2026-08-23T12:50:58.583Z > 200 GET /api/v1/ 87.25ms
INF 2026-08-23T12:50:58.584Z > 200 GET /api/v1/ 93.26ms
INF 2026-08-23T12:50:58.586Z > 200 GET /api/v1/ 94.03ms
INF 2026-08-23T12:50:58.591Z > 200 GET /api/v1/ 120.33ms
INF 2026-08-23T12:50:58.595Z > 200 GET /api/v1/ 124.87ms
INF 2026-08-23T12:50:58.599Z > 200 GET /api/v1/ 101.83ms
INF 2026-08-23T12:50:58.602Z > 200 GET /api/v1/ 103.95ms
INF 2026-08-23T12:50:58.603Z > 200 GET /api/v1/ 105.96ms
INF 2026-08-23T12:50:58.604Z > 200 GET /api/v1/ 104.83ms
INF 2026-08-23T12:50:58.604Z > 200 GET /api/v1/ 108.69ms
INF 2026-08-23T12:50:58.605Z > 200 GET /api/v1/ 87.6ms
INF 2026-08-23T12:50:58.606Z > 200 GET /api/v1/ 129.7ms
INF 2026-08-23T12:50:58.606Z > 200 GET /api/v1/ 110.4ms
INF 2026-08-23T12:50:58.608Z > 200 GET /api/v1/ 130.59ms
INF 2026-08-23T12:50:58.609Z > 200 GET /api/v1/ 95.0ms
INF 2026-08-23T12:50:58.612Z > 200 GET /api/v1/ 89.51ms
INF 2026-08-23T12:50:58.616Z > 200 GET /api/v1/ 113.76ms
INF 2026-08-23T12:50:58.617Z > 200 GET /api/v1/ 98.1ms
INF 2026-08-23T12:50:58.617Z > 200 GET /api/v1/ 96.35ms
INF 2026-08-23T12:50:58.620Z > 200 GET /api/v1/ 100.53ms
INF 2026-08-23T12:50:58.622Z > 200 GET /api/v1/ 118.07ms
INF 2026-08-23T12:50:58.622Z > 200 GET /api/v1/ 85.43ms
INF 2026-08-23T12:50:58.623Z > 200 GET /api/v1/ 119.4ms
INF 2026-08-23T12:50:58.623Z > 200 GET /api/v1/ 105.78ms
INF 2026-08-23T12:50:58.624Z > 200 GET /api/v1/ 103.07ms
INF 2026-08-23T12:50:58.627Z > 200 GET /api/v1/ 109.75ms
INF 2026-08-23T12:50:58.629Z > 200 GET /api/v1/ 119.23ms
INF 2026-08-23T12:50:58.629Z > 200 GET /api/v1/ 114.42ms
INF 2026-08-23T12:50:58.630Z > 200 GET /api/v1/ 133.28ms
INF 2026-08-23T12:50:58.630Z > 200 GET /api/v1/ 118.1ms
INF 2026-08-23T12:50:58.631Z > 200 GET /api/v1/ 107.69ms
INF 2026-08-23T12:50:58.639Z > 200 GET /api/v1/ 138.54ms
INF 2026-08-23T12:50:58.640Z > 200 GET /api/v1/ 139.18ms
INF 2026-08-23T12:50:58.641Z > 200 GET /api/v1/ 137.64ms
INF 2026-08-23T12:50:58.641Z > 200 GET /api/v1/ 107.33ms
INF 2026-08-23T12:50:58.644Z > 200 GET /api/v1/ 108.43ms
INF 2026-08-23T12:50:58.644Z > 200 GET /api/v1/ 109.54ms
INF 2026-08-23T12:50:58.645Z > 200 GET /api/v1/ 110.34ms
INF 2026-08-23T12:50:58.645Z > 200 GET /api/v1/ 109.71ms
INF 2026-08-23T12:50:58.646Z > 200 GET /api/v1/ 110.53ms
INF 2026-08-23T12:50:58.647Z > 200 GET /api/v1/ 114.07ms
INF 2026-08-23T12:50:58.647Z > 200 GET /api/v1/ 117.85ms
INF 2026-08-23T12:50:58.647Z > 200 GET /api/v1/ 118.79ms
INF 2026-08-23T12:50:58.648Z > 200 GET /api/v1/ 118.82ms
INF 2026-08-23T12:50:58.650Z > 200 GET /api/v1/ 93.88ms
INF 2026-08-23T12:50:58.650Z > 200 GET /api/v1/ 90.29ms
INF 2026-08-23T12:50:58.650Z > 200 GET /api/v1/ 127.68ms
INF 2026-08-23T12:50:58.651Z > 200 GET /api/v1/ 136.19ms
INF 2026-08-23T12:50:58.653Z > 200 GET /api/v1/ 89.46ms
INF 2026-08-23T12:50:58.653Z > 200 GET /api/v1/ 83.83ms
INF 2026-08-23T12:50:58.653Z > 200 GET /api/v1/ 97.9ms
INF 2026-08-23T12:50:58.654Z > 200 GET /api/v1/ 87.35ms
INF 2026-08-23T12:50:58.655Z > 200 GET /api/v1/ 81.92ms
INF 2026-08-23T12:50:58.655Z > 200 GET /api/v1/ 97.18ms
INF 2026-08-23T12:50:58.658Z > 200 GET /api/v1/ 92.53ms
INF 2026-08-23T12:50:58.658Z > 200 GET /api/v1/ 92.31ms
INF 2026-08-23T12:50:58.660Z > 200 GET /api/v1/ 94.46ms
INF 2026-08-23T12:50:58.660Z > 200 GET /api/v1/ 105.36ms
INF 2026-08-23T12:50:58.661Z > 200 GET /api/v1/ 98.3ms
INF 2026-08-23T12:50:58.662Z > 200 GET /api/v1/ 109.52ms
INF 2026-08-23T12:50:58.666Z > 200 GET /api/v1/ 73.09ms
INF 2026-08-23T12:50:58.666Z > 200 GET /api/v1/ 74.47ms
INF 2026-08-23T12:50:58.668Z > 200 GET /api/v1/ 79.94ms
INF 2026-08-23T12:50:58.668Z > 200 GET /api/v1/ 74.77ms
INF 2026-08-23T12:50:58.669Z > 200 GET /api/v1/ 76.3ms
INF 2026-08-23T12:50:58.670Z > 200 GET /api/v1/ 77.94ms
INF 2026-08-23T12:50:58.670Z > 200 GET /api/v1/ 137.27ms
INF 2026-08-23T12:50:58.671Z > 200 GET /api/v1/ 77.59ms
INF 2026-08-23T12:50:58.672Z > 200 GET /api/v1/ 79.04ms
INF 2026-08-23T12:50:58.673Z > 200 GET /api/v1/ 86.49ms
INF 2026-08-23T12:50:58.673Z > 200 GET /api/v1/ 88.74ms
INF 2026-08-23T12:50:58.674Z > 200 GET /api/v1/ 81.11ms
INF 2026-08-23T12:50:58.674Z > 200 GET /api/v1/ 142.66ms
INF 2026-08-23T12:50:58.675Z > 200 GET /api/v1/ 81.21ms
INF 2026-08-23T12:50:58.695Z > 200 GET /api/v1/ 140.09ms
INF 2026-08-23T12:50:58.696Z > 200 GET /api/v1/ 141.26ms
INF 2026-08-23T12:50:58.696Z > 200 GET /api/v1/ 139.03ms
INF 2026-08-23T12:50:58.698Z > 200 GET /api/v1/ 106.17ms
INF 2026-08-23T12:50:58.698Z > 200 GET /api/v1/ 106.36ms
INF 2026-08-23T12:50:58.701Z > 200 GET /api/v1/ 109.84ms
INF 2026-08-23T12:50:58.702Z > 200 GET /api/v1/ 113.17ms
INF 2026-08-23T12:50:58.703Z > 200 GET /api/v1/ 112.66ms
INF 2026-08-23T12:50:58.709Z > 200 GET /api/v1/ 115.55ms
INF 2026-08-23T12:50:58.710Z > 200 GET /api/v1/ 116.01ms
INF 2026-08-23T12:50:58.716Z > 200 GET /api/v1/ 121.99ms
INF 2026-08-23T12:50:58.717Z > 200 GET /api/v1/ 141.7ms
INF 2026-08-23T12:50:58.728Z > 200 GET /api/v1/ 90.42ms
INF 2026-08-23T12:50:58.728Z > 200 GET /api/v1/ 132.63ms
INF 2026-08-23T12:50:58.730Z > 200 GET /api/v1/ 133.42ms
INF 2026-08-23T12:50:58.730Z > 200 GET /api/v1/ 138.8ms
INF 2026-08-23T12:50:58.730Z > 200 GET /api/v1/ 137.62ms
INF 2026-08-23T12:50:58.731Z > 200 GET /api/v1/ 140.9ms
INF 2026-08-23T12:50:58.731Z > 200 GET /api/v1/ 92.26ms
INF 2026-08-23T12:50:58.733Z > 200 GET /api/v1/ 95.12ms
INF 2026-08-23T12:50:58.733Z > 200 GET /api/v1/ 97.88ms
INF 2026-08-23T12:50:58.733Z > 200 GET /api/v1/ 97.45ms
INF 2026-08-23T12:50:58.736Z > 200 GET /api/v1/ 104.19ms
INF 2026-08-23T12:50:58.737Z > 200 GET /api/v1/ 103.51ms
INF 2026-08-23T12:50:58.738Z > 200 GET /api/v1/ 85.0ms
INF 2026-08-23T12:50:58.741Z > 200 GET /api/v1/ 145.62ms
INF 2026-08-23T12:50:58.741Z > 200 GET /api/v1/ 146.1ms
INF 2026-08-23T12:50:58.742Z > 200 GET /api/v1/ 116.79ms
INF 2026-08-23T12:50:58.743Z > 200 GET /api/v1/ 115.2ms
INF 2026-08-23T12:50:58.743Z > 200 GET /api/v1/ 93.37ms
INF 2026-08-23T12:50:58.748Z > 200 GET /api/v1/ 74.81ms
INF 2026-08-23T12:50:58.748Z > 200 GET /api/v1/ 73.66ms
INF 2026-08-23T12:50:58.750Z > 200 GET /api/v1/ 107.82ms
INF 2026-08-23T12:50:58.750Z > 200 GET /api/v1/ 105.11ms
INF 2026-08-23T12:50:58.751Z > 200 GET /api/v1/ 85.65ms
INF 2026-08-23T12:50:58.754Z > 200 GET /api/v1/ 161.45ms
INF 2026-08-23T12:50:58.755Z > 200 GET /api/v1/ 96.22ms
INF 2026-08-23T12:50:58.756Z > 200 GET /api/v1/ 97.27ms
INF 2026-08-23T12:50:58.757Z > 200 GET /api/v1/ 101.43ms
INF 2026-08-23T12:50:58.759Z > 200 GET /api/v1/ 101.98ms
INF 2026-08-23T12:50:58.759Z > 200 GET /api/v1/ 62.54ms
INF 2026-08-23T12:50:58.767Z > 200 GET /api/v1/ 73.58ms
INF 2026-08-23T12:50:58.769Z > 200 GET /api/v1/ 75.75ms
INF 2026-08-23T12:50:58.771Z > 200 GET /api/v1/ 99.93ms
INF 2026-08-23T12:50:58.772Z > 200 GET /api/v1/ 103.1ms
INF 2026-08-23T12:50:58.773Z > 200 GET /api/v1/ 78.61ms
INF 2026-08-23T12:50:58.774Z > 200 GET /api/v1/ 106.9ms
INF 2026-08-23T12:50:58.775Z > 200 GET /api/v1/ 108.18ms
INF 2026-08-23T12:50:58.775Z > 200 GET /api/v1/ 109.12ms
INF 2026-08-23T12:50:58.776Z > 200 GET /api/v1/ 79.44ms
INF 2026-08-23T12:50:58.777Z > 200 GET /api/v1/ 115.74ms
INF 2026-08-23T12:50:58.778Z > 200 GET /api/v1/ 114.71ms
INF 2026-08-23T12:50:58.779Z > 200 GET /api/v1/ 118.28ms
INF 2026-08-23T12:50:58.780Z > 200 GET /api/v1/ 80.94ms
INF 2026-08-23T12:50:58.781Z > 200 GET /api/v1/ 83.58ms
INF 2026-08-23T12:50:58.781Z > 200 GET /api/v1/ 84.77ms
INF 2026-08-23T12:50:58.785Z > 200 GET /api/v1/ 91.65ms
INF 2026-08-23T12:50:58.786Z > 200 GET /api/v1/ 92.33ms
INF 2026-08-23T12:50:58.788Z > 200 GET /api/v1/ 95.05ms
INF 2026-08-23T12:50:58.789Z > 200 GET /api/v1/ 95.54ms
INF 2026-08-23T12:50:58.789Z > 200 GET /api/v1/ 96.82ms
INF 2026-08-23T12:50:58.790Z > 200 GET /api/v1/ 98.17ms
INF 2026-08-23T12:50:58.790Z > 200 GET /api/v1/ 98.07ms
INF 2026-08-23T12:50:58.791Z > 200 GET /api/v1/ 98.04ms
INF 2026-08-23T12:50:58.791Z > 200 GET /api/v1/ 99.34ms
INF 2026-08-23T12:50:58.792Z > 200 GET /api/v1/ 98.93ms
INF 2026-08-23T12:50:58.793Z > 200 GET /api/v1/ 75.04ms
INF 2026-08-23T12:50:58.793Z > 200 GET /api/v1/ 122.03ms
INF 2026-08-23T12:50:58.793Z > 200 GET /api/v1/ 102.02ms
INF 2026-08-23T12:50:58.797Z > 200 GET /api/v1/ 86.36ms
INF 2026-08-23T12:50:58.797Z > 200 GET /api/v1/ 88.8ms
INF 2026-08-23T12:50:58.798Z > 200 GET /api/v1/ 86.59ms
INF 2026-08-23T12:50:58.798Z > 200 GET /api/v1/ 90.16ms
INF 2026-08-23T12:50:58.799Z > 200 GET /api/v1/ 93.56ms
INF 2026-08-23T12:50:58.800Z > 200 GET /api/v1/ 92.38ms
INF 2026-08-23T12:50:58.800Z > 200 GET /api/v1/ 95.87ms
INF 2026-08-23T12:50:58.801Z > 200 GET /api/v1/ 94.3ms
INF 2026-08-23T12:50:58.802Z > 200 GET /api/v1/ 98.61ms
INF 2026-08-23T12:50:58.820Z > 200 GET /api/v1/ 128.89ms
INF 2026-08-23T12:50:58.820Z > 200 GET /api/v1/ 119.43ms
INF 2026-08-23T12:50:58.820Z > 200 GET /api/v1/ 91.73ms
INF 2026-08-23T12:50:58.820Z > 200 GET /api/v1/ 90.85ms
INF 2026-08-23T12:50:58.823Z > 200 GET /api/v1/ 100.76ms
INF 2026-08-23T12:50:58.823Z > 200 GET /api/v1/ 100.32ms
INF 2026-08-23T12:50:58.823Z > 200 GET /api/v1/ 98.26ms
INF 2026-08-23T12:50:58.824Z > 200 GET /api/v1/ 101.11ms
INF 2026-08-23T12:50:58.830Z > 200 GET /api/v1/ 109.29ms
INF 2026-08-23T12:50:58.831Z > 200 GET /api/v1/ 111.33ms
INF 2026-08-23T12:50:58.832Z > 200 GET /api/v1/ 111.23ms
INF 2026-08-23T12:50:58.833Z > 200 GET /api/v1/ 118.31ms
INF 2026-08-23T12:50:58.833Z > 200 GET /api/v1/ 118.89ms
INF 2026-08-23T12:50:58.833Z > 200 GET /api/v1/ 119.59ms
INF 2026-08-23T12:50:58.834Z > 200 GET /api/v1/ 92.9ms
INF 2026-08-23T12:50:58.835Z > 200 GET /api/v1/ 123.21ms
INF 2026-08-23T12:50:58.835Z > 200 GET /api/v1/ 184.13ms
INF 2026-08-23T12:50:58.842Z > 200 GET /api/v1/ 96.9ms
INF 2026-08-23T12:50:58.847Z > 200 GET /api/v1/ 121.2ms
INF 2026-08-23T12:50:58.848Z > 200 GET /api/v1/ 98.86ms
INF 2026-08-23T12:50:58.850Z > 200 GET /api/v1/ 76.94ms
INF 2026-08-23T12:50:58.851Z > 200 GET /api/v1/ 104.05ms
INF 2026-08-23T12:50:58.853Z > 200 GET /api/v1/ 108.39ms
INF 2026-08-23T12:50:58.853Z > 200 GET /api/v1/ 108.46ms
INF 2026-08-23T12:50:58.857Z > 200 GET /api/v1/ 141.61ms
INF 2026-08-23T12:50:58.857Z > 200 GET /api/v1/ 142.32ms
INF 2026-08-23T12:50:58.857Z > 200 GET /api/v1/ 142.77ms
INF 2026-08-23T12:50:58.861Z > 200 GET /api/v1/ 97.08ms
INF 2026-08-23T12:50:58.861Z > 200 GET /api/v1/ 99.95ms
INF 2026-08-23T12:50:58.862Z > 200 GET /api/v1/ 73.61ms
INF 2026-08-23T12:50:58.865Z > 200 GET /api/v1/ 78.93ms
INF 2026-08-23T12:50:58.866Z > 200 GET /api/v1/ 108.77ms
INF 2026-08-23T12:50:58.866Z > 200 GET /api/v1/ 108.68ms
INF 2026-08-23T12:50:58.870Z > 200 GET /api/v1/ 96.56ms
INF 2026-08-23T12:50:58.887Z > 200 GET /api/v1/ 100.85ms
INF 2026-08-23T12:50:58.887Z > 200 GET /api/v1/ 100.7ms
INF 2026-08-23T12:50:58.888Z > 200 GET /api/v1/ 103.87ms
INF 2026-08-23T12:50:58.888Z > 200 GET /api/v1/ 105.43ms
INF 2026-08-23T12:50:58.888Z > 200 GET /api/v1/ 103.85ms
INF 2026-08-23T12:50:58.889Z > 200 GET /api/v1/ 106.81ms
INF 2026-08-23T12:50:58.890Z > 200 GET /api/v1/ 63.62ms
INF 2026-08-23T12:50:58.895Z > 200 GET /api/v1/ 113.36ms
INF 2026-08-23T12:50:58.897Z > 200 GET /api/v1/ 72.88ms
INF 2026-08-23T12:50:58.897Z > 200 GET /api/v1/ 155.32ms
INF 2026-08-23T12:50:58.897Z > 200 GET /api/v1/ 74.49ms
INF 2026-08-23T12:50:58.898Z > 200 GET /api/v1/ 96.1ms
INF 2026-08-23T12:50:58.899Z > 200 GET /api/v1/ 73.68ms
INF 2026-08-23T12:50:58.905Z > 200 GET /api/v1/ 108.96ms
INF 2026-08-23T12:50:58.905Z > 200 GET /api/v1/ 109.85ms
INF 2026-08-23T12:50:58.906Z > 200 GET /api/v1/ 111.11ms
INF 2026-08-23T12:50:58.906Z > 200 GET /api/v1/ 110.58ms
INF 2026-08-23T12:50:58.907Z > 200 GET /api/v1/ 141.88ms
INF 2026-08-23T12:50:58.908Z > 200 GET /api/v1/ 119.04ms
INF 2026-08-23T12:50:58.910Z > 200 GET /api/v1/ 79.67ms
INF 2026-08-23T12:50:58.910Z > 200 GET /api/v1/ 80.48ms
INF 2026-08-23T12:50:58.911Z > 200 GET /api/v1/ 57.41ms
INF 2026-08-23T12:50:58.911Z > 200 GET /api/v1/ 86.01ms
INF 2026-08-23T12:50:58.912Z > 200 GET /api/v1/ 83.18ms
INF 2026-08-23T12:50:58.912Z > 200 GET /api/v1/ 133.11ms
INF 2026-08-23T12:50:58.912Z > 200 GET /api/v1/ 61.78ms
INF 2026-08-23T12:50:58.913Z > 200 GET /api/v1/ 85.09ms
INF 2026-08-23T12:50:58.914Z > 200 GET /api/v1/ 135.29ms
INF 2026-08-23T12:50:58.914Z > 200 GET /api/v1/ 89.45ms
INF 2026-08-23T12:50:58.915Z > 200 GET /api/v1/ 88.04ms
INF 2026-08-23T12:50:58.915Z > 200 GET /api/v1/ 90.59ms
INF 2026-08-23T12:50:58.915Z > 200 GET /api/v1/ 89.27ms
INF 2026-08-23T12:50:58.916Z > 200 GET /api/v1/ 90.73ms
INF 2026-08-23T12:50:58.917Z > 200 GET /api/v1/ 138.59ms
INF 2026-08-23T12:50:58.917Z > 200 GET /api/v1/ 94.8ms
INF 2026-08-23T12:50:58.917Z > 200 GET /api/v1/ 93.56ms
INF 2026-08-23T12:50:58.918Z > 200 GET /api/v1/ 91.9ms
INF 2026-08-23T12:50:58.918Z > 200 GET /api/v1/ 116.49ms
INF 2026-08-23T12:50:58.919Z > 200 GET /api/v1/ 100.22ms
INF 2026-08-23T12:50:58.919Z > 200 GET /api/v1/ 101.11ms
INF 2026-08-23T12:50:58.922Z > 200 GET /api/v1/ 81.16ms
INF 2026-08-23T12:50:58.923Z > 200 GET /api/v1/ 81.62ms
INF 2026-08-23T12:50:58.923Z > 200 GET /api/v1/ 81.3ms
INF 2026-08-23T12:50:58.924Z > 200 GET /api/v1/ 82.84ms
INF 2026-08-23T12:50:58.924Z > 200 GET /api/v1/ 83.79ms
INF 2026-08-23T12:50:58.925Z > 200 GET /api/v1/ 86.03ms
INF 2026-08-23T12:50:58.925Z > 200 GET /api/v1/ 86.2ms
INF 2026-08-23T12:50:58.925Z > 200 GET /api/v1/ 87.9ms
INF 2026-08-23T12:50:58.926Z > 200 GET /api/v1/ 88.05ms
INF 2026-08-23T12:50:58.943Z > 200 GET /api/v1/ 81.89ms
INF 2026-08-23T12:50:58.943Z > 200 GET /api/v1/ 149.68ms
INF 2026-08-23T12:50:58.944Z > 200 GET /api/v1/ 111.12ms
INF 2026-08-23T12:50:58.953Z > 200 GET /api/v1/ 98.47ms
INF 2026-08-23T12:50:58.953Z > 200 GET /api/v1/ 100.07ms
INF 2026-08-23T12:50:58.954Z > 200 GET /api/v1/ 132.84ms
INF 2026-08-23T12:50:58.955Z > 200 GET /api/v1/ 110.72ms
INF 2026-08-23T12:50:58.955Z > 200 GET /api/v1/ 112.06ms
INF 2026-08-23T12:50:58.956Z > 200 GET /api/v1/ 112.99ms
INF 2026-08-23T12:50:58.957Z > 200 GET /api/v1/ 156.58ms
INF 2026-08-23T12:50:58.959Z > 200 GET /api/v1/ 64.14ms
INF 2026-08-23T12:50:58.962Z > 200 GET /api/v1/ 103.66ms
INF 2026-08-23T12:50:58.963Z > 200 GET /api/v1/ 103.72ms
INF 2026-08-23T12:50:58.966Z > 200 GET /api/v1/ 107.0ms
INF 2026-08-23T12:50:58.967Z > 200 GET /api/v1/ 129.6ms
INF 2026-08-23T12:50:58.970Z > 200 GET /api/v1/ 134.85ms
INF 2026-08-23T12:50:58.971Z > 200 GET /api/v1/ 134.28ms
INF 2026-08-23T12:50:58.971Z > 200 GET /api/v1/ 115.06ms
INF 2026-08-23T12:50:58.972Z > 200 GET /api/v1/ 93.35ms
INF 2026-08-23T12:50:58.981Z > 200 GET /api/v1/ 107.89ms
INF 2026-08-23T12:50:58.987Z > 200 GET /api/v1/ 90.82ms
INF 2026-08-23T12:50:58.988Z > 200 GET /api/v1/ 92.77ms
INF 2026-08-23T12:50:58.990Z > 200 GET /api/v1/ 94.28ms
INF 2026-08-23T12:50:58.992Z > 200 GET /api/v1/ 100.01ms
INF 2026-08-23T12:50:58.993Z > 200 GET /api/v1/ 100.25ms
INF 2026-08-23T12:50:58.993Z > 200 GET /api/v1/ 80.35ms
INF 2026-08-23T12:50:58.995Z > 200 GET /api/v1/ 91.69ms
INF 2026-08-23T12:50:58.998Z > 200 GET /api/v1/ 114.53ms
INF 2026-08-23T12:50:58.998Z > 200 GET /api/v1/ 118.82ms
INF 2026-08-23T12:50:58.999Z > 200 GET /api/v1/ 116.24ms
INF 2026-08-23T12:50:58.999Z > 200 GET /api/v1/ 141.2ms
INF 2026-08-23T12:50:58.999Z > 200 GET /api/v1/ 119.32ms
INF 2026-08-23T12:50:58.999Z > 200 GET /api/v1/ 119.86ms
INF 2026-08-23T12:50:59.001Z > 200 GET /api/v1/ 117.01ms
INF 2026-08-23T12:50:59.001Z > 200 GET /api/v1/ 56.43ms
INF 2026-08-23T12:50:59.007Z > 200 GET /api/v1/ 104.28ms
INF 2026-08-23T12:50:59.009Z > 200 GET /api/v1/ 109.05ms
INF 2026-08-23T12:50:59.009Z > 200 GET /api/v1/ 85.58ms
INF 2026-08-23T12:50:59.010Z > 200 GET /api/v1/ 109.52ms
INF 2026-08-23T12:50:59.010Z > 200 GET /api/v1/ 108.82ms
INF 2026-08-23T12:50:59.010Z > 200 GET /api/v1/ 111.73ms
INF 2026-08-23T12:50:59.012Z > 200 GET /api/v1/ 116.44ms
INF 2026-08-23T12:50:59.013Z > 200 GET /api/v1/ 100.02ms
INF 2026-08-23T12:50:59.014Z > 200 GET /api/v1/ 120.31ms
INF 2026-08-23T12:50:59.014Z > 200 GET /api/v1/ 94.36ms
INF 2026-08-23T12:50:59.019Z > 200 GET /api/v1/ 65.58ms
INF 2026-08-23T12:50:59.022Z > 200 GET /api/v1/ 114.68ms
INF 2026-08-23T12:50:59.025Z > 200 GET /api/v1/ 140.72ms
INF 2026-08-23T12:50:59.034Z > 200 GET /api/v1/ 76.3ms
INF 2026-08-23T12:50:59.037Z > 200 GET /api/v1/ 117.05ms
INF 2026-08-23T12:50:59.040Z > 200 GET /api/v1/ 81.49ms
INF 2026-08-23T12:50:59.040Z > 200 GET /api/v1/ 89.4ms
INF 2026-08-23T12:50:59.041Z > 200 GET /api/v1/ 90.12ms
INF 2026-08-23T12:50:59.043Z > 200 GET /api/v1/ 90.51ms
INF 2026-08-23T12:50:59.044Z > 200 GET /api/v1/ 93.21ms
INF 2026-08-23T12:50:59.044Z > 200 GET /api/v1/ 92.7ms
INF 2026-08-23T12:50:59.045Z > 200 GET /api/v1/ 93.37ms
INF 2026-08-23T12:50:59.046Z > 200 GET /api/v1/ 97.56ms
INF 2026-08-23T12:50:59.046Z > 200 GET /api/v1/ 96.31ms
INF 2026-08-23T12:50:59.047Z > 200 GET /api/v1/ 97.29ms
INF 2026-08-23T12:50:59.047Z > 200 GET /api/v1/ 100.33ms
INF 2026-08-23T12:50:59.048Z > 200 GET /api/v1/ 100.15ms
INF 2026-08-23T12:50:59.048Z > 200 GET /api/v1/ 98.68ms
INF 2026-08-23T12:50:59.048Z > 200 GET /api/v1/ 98.43ms
INF 2026-08-23T12:50:59.049Z > 200 GET /api/v1/ 99.65ms
INF 2026-08-23T12:50:59.049Z > 200 GET /api/v1/ 77.14ms
INF 2026-08-23T12:50:59.054Z > 200 GET /api/v1/ 105.69ms
INF 2026-08-23T12:50:59.055Z > 200 GET /api/v1/ 93.45ms
INF 2026-08-23T12:50:59.055Z > 200 GET /api/v1/ 94.43ms
INF 2026-08-23T12:50:59.056Z > 200 GET /api/v1/ 96.25ms
INF 2026-08-23T12:50:59.056Z > 200 GET /api/v1/ 95.89ms
INF 2026-08-23T12:50:59.060Z > 200 GET /api/v1/ 101.03ms
INF 2026-08-23T12:50:59.061Z > 200 GET /api/v1/ 103.15ms
INF 2026-08-23T12:50:59.062Z > 200 GET /api/v1/ 74.56ms
INF 2026-08-23T12:50:59.081Z > 200 GET /api/v1/ 161.03ms
INF 2026-08-23T12:50:59.082Z > 200 GET /api/v1/ 173.1ms
INF 2026-08-23T12:50:59.084Z > 200 GET /api/v1/ 102.39ms
INF 2026-08-23T12:50:59.085Z > 200 GET /api/v1/ 98.5ms
INF 2026-08-23T12:50:59.086Z > 200 GET /api/v1/ 101.07ms
INF 2026-08-23T12:50:59.087Z > 200 GET /api/v1/ 107.81ms
INF 2026-08-23T12:50:59.087Z > 200 GET /api/v1/ 106.16ms
INF 2026-08-23T12:50:59.087Z > 200 GET /api/v1/ 109.31ms
INF 2026-08-23T12:50:59.088Z > 200 GET /api/v1/ 112.01ms
INF 2026-08-23T12:50:59.088Z > 200 GET /api/v1/ 109.2ms
INF 2026-08-23T12:50:59.089Z > 200 GET /api/v1/ 113.82ms
INF 2026-08-23T12:50:59.089Z > 200 GET /api/v1/ 114.79ms
INF 2026-08-23T12:50:59.090Z > 200 GET /api/v1/ 116.01ms
INF 2026-08-23T12:50:59.090Z > 200 GET /api/v1/ 114.66ms
INF 2026-08-23T12:50:59.090Z > 200 GET /api/v1/ 121.75ms
INF 2026-08-23T12:50:59.091Z > 200 GET /api/v1/ 123.69ms
INF 2026-08-23T12:50:59.092Z > 200 GET /api/v1/ 127.94ms
INF 2026-08-23T12:50:59.093Z > 200 GET /api/v1/ 129.62ms
INF 2026-08-23T12:50:59.093Z > 200 GET /api/v1/ 124.48ms
INF 2026-08-23T12:50:59.095Z > 200 GET /api/v1/ 131.07ms
INF 2026-08-23T12:50:59.101Z > 200 GET /api/v1/ 109.98ms
INF 2026-08-23T12:50:59.102Z > 200 GET /api/v1/ 115.99ms
INF 2026-08-23T12:50:59.102Z > 200 GET /api/v1/ 118.21ms
INF 2026-08-23T12:50:59.106Z > 200 GET /api/v1/ 123.64ms
INF 2026-08-23T12:50:59.108Z > 200 GET /api/v1/ 100.06ms
INF 2026-08-23T12:50:59.111Z > 200 GET /api/v1/ 108.66ms
INF 2026-08-23T12:50:59.111Z > 200 GET /api/v1/ 106.78ms
INF 2026-08-23T12:50:59.112Z > 200 GET /api/v1/ 110.86ms
INF 2026-08-23T12:50:59.117Z > 200 GET /api/v1/ 172.92ms
INF 2026-08-23T12:50:59.118Z > 200 GET /api/v1/ 153.77ms
INF 2026-08-23T12:50:59.118Z > 200 GET /api/v1/ 155.15ms
INF 2026-08-23T12:50:59.118Z > 200 GET /api/v1/ 94.23ms
INF 2026-08-23T12:50:59.119Z > 200 GET /api/v1/ 95.33ms
INF 2026-08-23T12:50:59.120Z > 200 GET /api/v1/ 71.87ms
INF 2026-08-23T12:50:59.120Z > 200 GET /api/v1/ 94.38ms
INF 2026-08-23T12:50:59.121Z > 200 GET /api/v1/ 100.99ms
INF 2026-08-23T12:50:59.122Z > 200 GET /api/v1/ 81.22ms
INF 2026-08-23T12:50:59.123Z > 200 GET /api/v1/ 103.76ms
INF 2026-08-23T12:50:59.124Z > 200 GET /api/v1/ 109.05ms
INF 2026-08-23T12:50:59.126Z > 200 GET /api/v1/ 109.31ms
INF 2026-08-23T12:50:59.126Z > 200 GET /api/v1/ 112.01ms
INF 2026-08-23T12:50:59.127Z > 200 GET /api/v1/ 137.05ms
INF 2026-08-23T12:50:59.128Z > 200 GET /api/v1/ 124.33ms
INF 2026-08-23T12:50:59.130Z > 200 GET /api/v1/ 147.91ms
INF 2026-08-23T12:50:59.131Z > 200 GET /api/v1/ 126.09ms
INF 2026-08-23T12:50:59.134Z > 200 GET /api/v1/ 100.12ms
INF 2026-08-23T12:50:59.135Z > 200 GET /api/v1/ 74.11ms
INF 2026-08-23T12:50:59.140Z > 200 GET /api/v1/ 111.73ms
INF 2026-08-23T12:50:59.141Z > 200 GET /api/v1/ 50.74ms
INF 2026-08-23T12:50:59.142Z > 200 GET /api/v1/ 100.92ms
INF 2026-08-23T12:50:59.142Z > 200 GET /api/v1/ 53.05ms
INF 2026-08-23T12:50:59.143Z > 200 GET /api/v1/ 106.01ms
INF 2026-08-23T12:50:59.148Z > 200 GET /api/v1/ 66.25ms
INF 2026-08-23T12:50:59.149Z > 200 GET /api/v1/ 142.01ms
INF 2026-08-23T12:50:59.149Z > 200 GET /api/v1/ 88.37ms
INF 2026-08-23T12:50:59.150Z > 200 GET /api/v1/ 91.37ms
INF 2026-08-23T12:50:59.150Z > 200 GET /api/v1/ 91.14ms
INF 2026-08-23T12:50:59.151Z > 200 GET /api/v1/ 49.26ms
INF 2026-08-23T12:50:59.151Z > 200 GET /api/v1/ 90.58ms
INF 2026-08-23T12:50:59.152Z > 200 GET /api/v1/ 95.24ms
INF 2026-08-23T12:50:59.152Z > 200 GET /api/v1/ 92.67ms
INF 2026-08-23T12:50:59.153Z > 200 GET /api/v1/ 51.7ms
INF 2026-08-23T12:50:59.154Z > 200 GET /api/v1/ 95.69ms
INF 2026-08-23T12:50:59.157Z > 200 GET /api/v1/ 71.64ms
INF 2026-08-23T12:50:59.157Z > 200 GET /api/v1/ 103.26ms
INF 2026-08-23T12:50:59.160Z > 200 GET /api/v1/ 110.89ms
INF 2026-08-23T12:50:59.164Z > 200 GET /api/v1/ 81.16ms
INF 2026-08-23T12:50:59.165Z > 200 GET /api/v1/ 82.47ms
INF 2026-08-23T12:50:59.165Z > 200 GET /api/v1/ 81.89ms
INF 2026-08-23T12:50:59.167Z > 200 GET /api/v1/ 131.11ms
INF 2026-08-23T12:50:59.167Z > 200 GET /api/v1/ 61.33ms
INF 2026-08-23T12:50:59.167Z > 200 GET /api/v1/ 132.14ms
INF 2026-08-23T12:50:59.168Z > 200 GET /api/v1/ 72.83ms
INF 2026-08-23T12:50:59.170Z > 200 GET /api/v1/ 72.34ms
INF 2026-08-23T12:50:59.170Z > 200 GET /api/v1/ 71.98ms
INF 2026-08-23T12:50:59.170Z > 200 GET /api/v1/ 118.05ms
INF 2026-08-23T12:50:59.171Z > 200 GET /api/v1/ 71.51ms
INF 2026-08-23T12:50:59.171Z > 200 GET /api/v1/ 73.91ms
INF 2026-08-23T12:50:59.171Z > 200 GET /api/v1/ 72.43ms
INF 2026-08-23T12:50:59.171Z > 200 GET /api/v1/ 72.29ms
INF 2026-08-23T12:50:59.172Z > 200 GET /api/v1/ 119.91ms
INF 2026-08-23T12:50:59.172Z > 200 GET /api/v1/ 121.19ms
INF 2026-08-23T12:50:59.173Z > 200 GET /api/v1/ 74.47ms
INF 2026-08-23T12:50:59.173Z > 200 GET /api/v1/ 121.83ms
INF 2026-08-23T12:50:59.174Z > 200 GET /api/v1/ 77.24ms
INF 2026-08-23T12:50:59.174Z > 200 GET /api/v1/ 120.82ms
INF 2026-08-23T12:50:59.180Z > 200 GET /api/v1/ 65.42ms
INF 2026-08-23T12:50:59.180Z > 200 GET /api/v1/ 67.39ms
INF 2026-08-23T12:50:59.195Z > 200 GET /api/v1/ 85.93ms
INF 2026-08-23T12:50:59.197Z > 200 GET /api/v1/ 84.54ms
INF 2026-08-23T12:50:59.198Z > 200 GET /api/v1/ 115.08ms
INF 2026-08-23T12:50:59.198Z > 200 GET /api/v1/ 66.76ms
INF 2026-08-23T12:50:59.199Z > 200 GET /api/v1/ 92.68ms
INF 2026-08-23T12:50:59.199Z > 200 GET /api/v1/ 94.76ms
INF 2026-08-23T12:50:59.199Z > 200 GET /api/v1/ 96.28ms
INF 2026-08-23T12:50:59.209Z > 200 GET /api/v1/ 93.05ms
INF 2026-08-23T12:50:59.209Z > 200 GET /api/v1/ 95.22ms
INF 2026-08-23T12:50:59.212Z > 200 GET /api/v1/ 76.01ms
INF 2026-08-23T12:50:59.212Z > 200 GET /api/v1/ 74.87ms
INF 2026-08-23T12:50:59.213Z > 200 GET /api/v1/ 77.1ms
INF 2026-08-23T12:50:59.217Z > 200 GET /api/v1/ 82.31ms
INF 2026-08-23T12:50:59.218Z > 200 GET /api/v1/ 86.22ms
INF 2026-08-23T12:50:59.218Z > 200 GET /api/v1/ 84.69ms
INF 2026-08-23T12:50:59.218Z > 200 GET /api/v1/ 85.52ms
INF 2026-08-23T12:50:59.219Z > 200 GET /api/v1/ 86.1ms
INF 2026-08-23T12:50:59.219Z > 200 GET /api/v1/ 83.76ms
INF 2026-08-23T12:50:59.219Z > 200 GET /api/v1/ 85.55ms
INF 2026-08-23T12:50:59.221Z > 200 GET /api/v1/ 71.31ms
INF 2026-08-23T12:50:59.222Z > 200 GET /api/v1/ 72.73ms
INF 2026-08-23T12:50:59.223Z > 200 GET /api/v1/ 58.01ms
INF 2026-08-23T12:50:59.224Z > 200 GET /api/v1/ 58.98ms
INF 2026-08-23T12:50:59.233Z > 200 GET /api/v1/ 72.8ms
INF 2026-08-23T12:50:59.236Z > 200 GET /api/v1/ 145.35ms
INF 2026-08-23T12:50:59.237Z > 200 GET /api/v1/ 145.11ms
INF 2026-08-23T12:50:59.237Z > 200 GET /api/v1/ 121.82ms
INF 2026-08-23T12:50:59.238Z > 200 GET /api/v1/ 99.14ms
INF 2026-08-23T12:50:59.238Z > 200 GET /api/v1/ 121.98ms
INF 2026-08-23T12:50:59.240Z > 200 GET /api/v1/ 82.12ms
INF 2026-08-23T12:50:59.240Z > 200 GET /api/v1/ 80.96ms
INF 2026-08-23T12:50:59.242Z > 200 GET /api/v1/ 69.36ms
INF 2026-08-23T12:50:59.246Z > 200 GET /api/v1/ 97.15ms
INF 2026-08-23T12:50:59.246Z > 200 GET /api/v1/ 97.59ms
INF 2026-08-23T12:50:59.247Z > 200 GET /api/v1/ 97.88ms
INF 2026-08-23T12:50:59.247Z > 200 GET /api/v1/ 100.85ms
INF 2026-08-23T12:50:59.249Z > 200 GET /api/v1/ 100.67ms
INF 2026-08-23T12:50:59.250Z > 200 GET /api/v1/ 105.64ms
INF 2026-08-23T12:50:59.251Z > 200 GET /api/v1/ 105.26ms
INF 2026-08-23T12:50:59.256Z > 200 GET /api/v1/ 75.79ms
INF 2026-08-23T12:50:59.258Z > 200 GET /api/v1/ 95.63ms
INF 2026-08-23T12:50:59.262Z > 200 GET /api/v1/ 103.5ms
INF 2026-08-23T12:50:59.267Z > 200 GET /api/v1/ 60.47ms
INF 2026-08-23T12:50:59.272Z > 200 GET /api/v1/ 103.51ms
INF 2026-08-23T12:50:59.273Z > 200 GET /api/v1/ 104.22ms
INF 2026-08-23T12:50:59.275Z > 200 GET /api/v1/ 128.3ms
INF 2026-08-23T12:50:59.276Z > 200 GET /api/v1/ 79.21ms
INF 2026-08-23T12:50:59.277Z > 200 GET /api/v1/ 112.18ms
INF 2026-08-23T12:50:59.278Z > 200 GET /api/v1/ 82.28ms
INF 2026-08-23T12:50:59.278Z > 200 GET /api/v1/ 78.45ms
INF 2026-08-23T12:50:59.280Z > 200 GET /api/v1/ 119.43ms
INF 2026-08-23T12:50:59.280Z > 200 GET /api/v1/ 76.01ms
INF 2026-08-23T12:50:59.280Z > 200 GET /api/v1/ 101.51ms
INF 2026-08-23T12:50:59.281Z > 200 GET /api/v1/ 119.79ms
INF 2026-08-23T12:50:59.281Z > 200 GET /api/v1/ 120.48ms
INF 2026-08-23T12:50:59.282Z > 200 GET /api/v1/ 108.14ms
INF 2026-08-23T12:50:59.288Z > 200 GET /api/v1/ 112.61ms
INF 2026-08-23T12:50:59.290Z > 200 GET /api/v1/ 115.11ms
INF 2026-08-23T12:50:59.295Z > 200 GET /api/v1/ 87.56ms
INF 2026-08-23T12:50:59.296Z > 200 GET /api/v1/ 90.56ms
INF 2026-08-23T12:50:59.296Z > 200 GET /api/v1/ 89.98ms
INF 2026-08-23T12:50:59.297Z > 200 GET /api/v1/ 90.82ms
INF 2026-08-23T12:50:59.298Z > 200 GET /api/v1/ 92.8ms
INF 2026-08-23T12:50:59.298Z > 200 GET /api/v1/ 93.62ms
INF 2026-08-23T12:50:59.299Z > 200 GET /api/v1/ 94.4ms
INF 2026-08-23T12:50:59.299Z > 200 GET /api/v1/ 95.79ms
INF 2026-08-23T12:50:59.300Z > 200 GET /api/v1/ 96.02ms
INF 2026-08-23T12:50:59.300Z > 200 GET /api/v1/ 96.6ms
INF 2026-08-23T12:50:59.301Z > 200 GET /api/v1/ 98.08ms
INF 2026-08-23T12:50:59.301Z > 200 GET /api/v1/ 98.0ms
INF 2026-08-23T12:50:59.302Z > 200 GET /api/v1/ 98.64ms
INF 2026-08-23T12:50:59.302Z > 200 GET /api/v1/ 100.02ms
INF 2026-08-23T12:50:59.303Z > 200 GET /api/v1/ 103.77ms
INF 2026-08-23T12:50:59.304Z > 200 GET /api/v1/ 88.26ms
INF 2026-08-23T12:50:59.305Z > 200 GET /api/v1/ 91.16ms
INF 2026-08-23T12:50:59.305Z > 200 GET /api/v1/ 91.09ms
INF 2026-08-23T12:50:59.308Z > 200 GET /api/v1/ 94.95ms
INF 2026-08-23T12:50:59.328Z > 200 GET /api/v1/ 90.32ms
INF 2026-08-23T12:50:59.330Z > 200 GET /api/v1/ 152.82ms
INF 2026-08-23T12:50:59.333Z > 200 GET /api/v1/ 98.74ms
INF 2026-08-23T12:50:59.333Z > 200 GET /api/v1/ 99.73ms
INF 2026-08-23T12:50:59.339Z > 200 GET /api/v1/ 107.12ms
INF 2026-08-23T12:50:59.340Z > 200 GET /api/v1/ 109.5ms
INF 2026-08-23T12:50:59.340Z > 200 GET /api/v1/ 107.5ms
INF 2026-08-23T12:50:59.340Z > 200 GET /api/v1/ 111.4ms
INF 2026-08-23T12:50:59.341Z > 200 GET /api/v1/ 109.66ms
INF 2026-08-23T12:50:59.341Z > 200 GET /api/v1/ 116.43ms
INF 2026-08-23T12:50:59.341Z > 200 GET /api/v1/ 117.33ms
INF 2026-08-23T12:50:59.343Z > 200 GET /api/v1/ 142.35ms
INF 2026-08-23T12:50:59.343Z > 200 GET /api/v1/ 142.41ms
INF 2026-08-23T12:50:59.344Z > 200 GET /api/v1/ 144.23ms
INF 2026-08-23T12:50:59.344Z > 200 GET /api/v1/ 128.1ms
INF 2026-08-23T12:50:59.344Z > 200 GET /api/v1/ 129.66ms
INF 2026-08-23T12:50:59.345Z > 200 GET /api/v1/ 124.89ms
INF 2026-08-23T12:50:59.350Z > 200 GET /api/v1/ 139.29ms
INF 2026-08-23T12:50:59.350Z > 200 GET /api/v1/ 138.88ms
INF 2026-08-23T12:50:59.353Z > 200 GET /api/v1/ 126.19ms
INF 2026-08-23T12:50:59.353Z > 200 GET /api/v1/ 118.38ms
INF 2026-08-23T12:50:59.354Z > 200 GET /api/v1/ 119.21ms
INF 2026-08-23T12:50:59.355Z > 200 GET /api/v1/ 120.22ms
INF 2026-08-23T12:50:59.356Z > 200 GET /api/v1/ 120.97ms
INF 2026-08-23T12:50:59.356Z > 200 GET /api/v1/ 96.55ms
INF 2026-08-23T12:50:59.357Z > 200 GET /api/v1/ 97.41ms
INF 2026-08-23T12:50:59.358Z > 200 GET /api/v1/ 99.99ms
INF 2026-08-23T12:50:59.358Z > 200 GET /api/v1/ 99.7ms
INF 2026-08-23T12:50:59.360Z > 200 GET /api/v1/ 95.14ms
INF 2026-08-23T12:50:59.367Z > 200 GET /api/v1/ 65.26ms
INF 2026-08-23T12:50:59.369Z > 200 GET /api/v1/ 97.05ms
INF 2026-08-23T12:50:59.369Z > 200 GET /api/v1/ 101.3ms
INF 2026-08-23T12:50:59.370Z > 200 GET /api/v1/ 99.21ms
INF 2026-08-23T12:50:59.371Z > 200 GET /api/v1/ 104.78ms
INF 2026-08-23T12:50:59.371Z > 200 GET /api/v1/ 74.6ms
INF 2026-08-23T12:50:59.372Z > 200 GET /api/v1/ 105.42ms
INF 2026-08-23T12:50:59.372Z > 200 GET /api/v1/ 106.64ms
INF 2026-08-23T12:50:59.373Z > 200 GET /api/v1/ 107.87ms
INF 2026-08-23T12:50:59.374Z > 200 GET /api/v1/ 79.24ms
INF 2026-08-23T12:50:59.375Z > 200 GET /api/v1/ 112.09ms
INF 2026-08-23T12:50:59.375Z > 200 GET /api/v1/ 111.46ms
INF 2026-08-23T12:50:59.377Z > 200 GET /api/v1/ 113.24ms
INF 2026-08-23T12:50:59.379Z > 200 GET /api/v1/ 88.11ms
INF 2026-08-23T12:50:59.382Z > 200 GET /api/v1/ 96.96ms
INF 2026-08-23T12:50:59.382Z > 200 GET /api/v1/ 107.7ms
INF 2026-08-23T12:50:59.386Z > 200 GET /api/v1/ 111.62ms
INF 2026-08-23T12:50:59.386Z > 200 GET /api/v1/ 81.16ms
INF 2026-08-23T12:50:59.390Z > 200 GET /api/v1/ 49.09ms
INF 2026-08-23T12:50:59.397Z > 200 GET /api/v1/ 103.28ms
INF 2026-08-23T12:50:59.397Z > 200 GET /api/v1/ 106.28ms
INF 2026-08-23T12:50:59.397Z > 200 GET /api/v1/ 105.54ms
INF 2026-08-23T12:50:59.399Z > 200 GET /api/v1/ 113.78ms
INF 2026-08-23T12:50:59.400Z > 200 GET /api/v1/ 138.44ms
INF 2026-08-23T12:50:59.400Z > 200 GET /api/v1/ 139.83ms
INF 2026-08-23T12:50:59.403Z > 200 GET /api/v1/ 53.51ms
INF 2026-08-23T12:50:59.405Z > 200 GET /api/v1/ 69.3ms
INF 2026-08-23T12:50:59.405Z > 200 GET /api/v1/ 97.99ms
INF 2026-08-23T12:50:59.408Z > 200 GET /api/v1/ 102.13ms
INF 2026-08-23T12:50:59.410Z > 200 GET /api/v1/ 133.38ms
INF 2026-08-23T12:50:59.411Z > 200 GET /api/v1/ 108.88ms
INF 2026-08-23T12:50:59.412Z > 200 GET /api/v1/ 108.62ms
INF 2026-08-23T12:50:59.412Z > 200 GET /api/v1/ 74.5ms
INF 2026-08-23T12:50:59.414Z > 200 GET /api/v1/ 76.0ms
INF 2026-08-23T12:50:59.417Z > 200 GET /api/v1/ 80.2ms
INF 2026-08-23T12:50:59.417Z > 200 GET /api/v1/ 80.08ms
INF 2026-08-23T12:50:59.418Z > 200 GET /api/v1/ 82.22ms
INF 2026-08-23T12:50:59.419Z > 200 GET /api/v1/ 81.43ms
INF 2026-08-23T12:50:59.419Z > 200 GET /api/v1/ 81.03ms
INF 2026-08-23T12:50:59.421Z > 200 GET /api/v1/ 85.17ms
INF 2026-08-23T12:50:59.422Z > 200 GET /api/v1/ 88.15ms
INF 2026-08-23T12:50:59.422Z > 200 GET /api/v1/ 85.52ms
INF 2026-08-23T12:50:59.423Z > 200 GET /api/v1/ 88.53ms
INF 2026-08-23T12:50:59.423Z > 200 GET /api/v1/ 88.48ms
INF 2026-08-23T12:50:59.424Z > 200 GET /api/v1/ 92.91ms
INF 2026-08-23T12:50:59.425Z > 200 GET /api/v1/ 137.5ms
INF 2026-08-23T12:50:59.425Z > 200 GET /api/v1/ 74.21ms
INF 2026-08-23T12:50:59.427Z > 200 GET /api/v1/ 78.29ms
INF 2026-08-23T12:50:59.427Z > 200 GET /api/v1/ 78.86ms
INF 2026-08-23T12:50:59.429Z > 200 GET /api/v1/ 80.45ms
INF 2026-08-23T12:50:59.429Z > 200 GET /api/v1/ 81.7ms
INF 2026-08-23T12:50:59.429Z > 200 GET /api/v1/ 83.58ms
INF 2026-08-23T12:50:59.430Z > 200 GET /api/v1/ 81.9ms
INF 2026-08-23T12:50:59.431Z > 200 GET /api/v1/ 83.28ms
INF 2026-08-23T12:50:59.432Z > 200 GET /api/v1/ 84.72ms
INF 2026-08-23T12:50:59.434Z > 200 GET /api/v1/ 131.42ms
INF 2026-08-23T12:50:59.435Z > 200 GET /api/v1/ 137.75ms
INF 2026-08-23T12:50:59.435Z > 200 GET /api/v1/ 98.7ms
INF 2026-08-23T12:50:59.451Z > 200 GET /api/v1/ 147.04ms
INF 2026-08-23T12:50:59.454Z > 200 GET /api/v1/ 91.58ms
INF 2026-08-23T12:50:59.454Z > 200 GET /api/v1/ 109.68ms
INF 2026-08-23T12:50:59.455Z > 200 GET /api/v1/ 122.67ms
INF 2026-08-23T12:50:59.455Z > 200 GET /api/v1/ 104.22ms
INF 2026-08-23T12:50:59.456Z > 200 GET /api/v1/ 105.18ms
INF 2026-08-23T12:50:59.457Z > 200 GET /api/v1/ 127.07ms
INF 2026-08-23T12:50:59.458Z > 200 GET /api/v1/ 129.97ms
INF 2026-08-23T12:50:59.461Z > 200 GET /api/v1/ 94.82ms
INF 2026-08-23T12:50:59.461Z > 200 GET /api/v1/ 96.4ms
INF 2026-08-23T12:50:59.464Z > 200 GET /api/v1/ 97.71ms
INF 2026-08-23T12:50:59.470Z > 200 GET /api/v1/ 87.03ms
INF 2026-08-23T12:50:59.471Z > 200 GET /api/v1/ 86.55ms
INF 2026-08-23T12:50:59.473Z > 200 GET /api/v1/ 64.8ms
INF 2026-08-23T12:50:59.474Z > 200 GET /api/v1/ 91.28ms
INF 2026-08-23T12:50:59.475Z > 200 GET /api/v1/ 71.97ms
INF 2026-08-23T12:50:59.477Z > 200 GET /api/v1/ 127.09ms
INF 2026-08-23T12:50:59.480Z > 200 GET /api/v1/ 58.26ms
INF 2026-08-23T12:50:59.480Z > 200 GET /api/v1/ 87.81ms
INF 2026-08-23T12:50:59.481Z > 200 GET /api/v1/ 86.56ms
INF 2026-08-23T12:50:59.482Z > 200 GET /api/v1/ 88.81ms
INF 2026-08-23T12:50:59.483Z > 200 GET /api/v1/ 91.87ms
INF 2026-08-23T12:50:59.484Z > 200 GET /api/v1/ 93.2ms
INF 2026-08-23T12:50:59.485Z > 200 GET /api/v1/ 95.54ms
INF 2026-08-23T12:50:59.485Z > 200 GET /api/v1/ 96.53ms
INF 2026-08-23T12:50:59.486Z > 200 GET /api/v1/ 97.98ms
INF 2026-08-23T12:50:59.486Z > 200 GET /api/v1/ 98.09ms
INF 2026-08-23T12:50:59.492Z > 200 GET /api/v1/ 79.26ms
INF 2026-08-23T12:50:59.492Z > 200 GET /api/v1/ 105.95ms
INF 2026-08-23T12:50:59.498Z > 200 GET /api/v1/ 96.59ms
INF 2026-08-23T12:50:59.498Z > 200 GET /api/v1/ 94.4ms
INF 2026-08-23T12:50:59.499Z > 200 GET /api/v1/ 98.02ms
INF 2026-08-23T12:50:59.500Z > 200 GET /api/v1/ 99.76ms
INF 2026-08-23T12:50:59.501Z > 200 GET /api/v1/ 77.24ms
INF 2026-08-23T12:50:59.502Z > 200 GET /api/v1/ 152.05ms
INF 2026-08-23T12:50:59.503Z > 200 GET /api/v1/ 108.28ms
INF 2026-08-23T12:50:59.504Z > 200 GET /api/v1/ 79.66ms
INF 2026-08-23T12:50:59.504Z > 200 GET /api/v1/ 88.63ms
INF 2026-08-23T12:50:59.505Z > 200 GET /api/v1/ 89.94ms
INF 2026-08-23T12:50:59.505Z > 200 GET /api/v1/ 92.7ms
INF 2026-08-23T12:50:59.516Z > 200 GET /api/v1/ 85.88ms
INF 2026-08-23T12:50:59.518Z > 200 GET /api/v1/ 87.53ms
INF 2026-08-23T12:50:59.518Z > 200 GET /api/v1/ 88.2ms
INF 2026-08-23T12:50:59.519Z > 200 GET /api/v1/ 93.01ms
INF 2026-08-23T12:50:59.519Z > 200 GET /api/v1/ 120.68ms
INF 2026-08-23T12:50:59.520Z > 200 GET /api/v1/ 92.04ms
INF 2026-08-23T12:50:59.520Z > 200 GET /api/v1/ 91.91ms
INF 2026-08-23T12:50:59.522Z > 200 GET /api/v1/ 123.8ms
INF 2026-08-23T12:50:59.523Z > 200 GET /api/v1/ 127.62ms
INF 2026-08-23T12:50:59.526Z > 200 GET /api/v1/ 73.36ms
INF 2026-08-23T12:50:59.527Z > 200 GET /api/v1/ 93.63ms
INF 2026-08-23T12:50:59.527Z > 200 GET /api/v1/ 93.74ms
INF 2026-08-23T12:50:59.534Z > 200 GET /api/v1/ 101.93ms
INF 2026-08-23T12:50:59.535Z > 200 GET /api/v1/ 101.84ms
INF 2026-08-23T12:50:59.535Z > 200 GET /api/v1/ 103.03ms
INF 2026-08-23T12:50:59.535Z > 200 GET /api/v1/ 126.48ms
INF 2026-08-23T12:50:59.538Z > 200 GET /api/v1/ 75.13ms
INF 2026-08-23T12:50:59.538Z > 200 GET /api/v1/ 73.61ms
INF 2026-08-23T12:50:59.539Z > 200 GET /api/v1/ 73.52ms
INF 2026-08-23T12:50:59.539Z > 200 GET /api/v1/ 72.54ms
INF 2026-08-23T12:50:59.540Z > 200 GET /api/v1/ 73.46ms
INF 2026-08-23T12:50:59.541Z > 200 GET /api/v1/ 75.65ms
INF 2026-08-23T12:50:59.541Z > 200 GET /api/v1/ 76.93ms
INF 2026-08-23T12:50:59.542Z > 200 GET /api/v1/ 79.98ms
INF 2026-08-23T12:50:59.542Z > 200 GET /api/v1/ 75.45ms
INF 2026-08-23T12:50:59.542Z > 200 GET /api/v1/ 75.33ms
INF 2026-08-23T12:50:59.543Z > 200 GET /api/v1/ 75.93ms
INF 2026-08-23T12:50:59.544Z > 200 GET /api/v1/ 81.55ms
INF 2026-08-23T12:50:59.546Z > 200 GET /api/v1/ 86.71ms
INF 2026-08-23T12:50:59.547Z > 200 GET /api/v1/ 77.61ms
INF 2026-08-23T12:50:59.550Z > 200 GET /api/v1/ 68.97ms
INF 2026-08-23T12:50:59.550Z > 200 GET /api/v1/ 93.88ms
INF 2026-08-23T12:50:59.551Z > 200 GET /api/v1/ 155.81ms
INF 2026-08-23T12:50:59.551Z > 200 GET /api/v1/ 155.86ms
INF 2026-08-23T12:50:59.552Z > 200 GET /api/v1/ 80.15ms
INF 2026-08-23T12:50:59.552Z > 200 GET /api/v1/ 81.26ms
INF 2026-08-23T12:50:59.554Z > 200 GET /api/v1/ 84.07ms
INF 2026-08-23T12:50:59.573Z > 200 GET /api/v1/ 108.06ms
INF 2026-08-23T12:50:59.575Z > 200 GET /api/v1/ 82.69ms
INF 2026-08-23T12:50:59.576Z > 200 GET /api/v1/ 88.93ms
INF 2026-08-23T12:50:59.576Z > 200 GET /api/v1/ 86.11ms
INF 2026-08-23T12:50:59.576Z > 200 GET /api/v1/ 88.1ms
INF 2026-08-23T12:50:59.577Z > 200 GET /api/v1/ 92.92ms
INF 2026-08-23T12:50:59.577Z > 200 GET /api/v1/ 87.51ms
INF 2026-08-23T12:50:59.577Z > 200 GET /api/v1/ 72.09ms
INF 2026-08-23T12:50:59.578Z > 200 GET /api/v1/ 96.91ms
INF 2026-08-23T12:50:59.581Z > 200 GET /api/v1/ 76.9ms
INF 2026-08-23T12:50:59.581Z > 200 GET /api/v1/ 107.1ms
INF 2026-08-23T12:50:59.582Z > 200 GET /api/v1/ 106.19ms
INF 2026-08-23T12:50:59.582Z > 200 GET /api/v1/ 104.69ms
INF 2026-08-23T12:50:59.583Z > 200 GET /api/v1/ 106.47ms
INF 2026-08-23T12:50:59.583Z > 200 GET /api/v1/ 111.48ms
INF 2026-08-23T12:50:59.584Z > 200 GET /api/v1/ 158.21ms
INF 2026-08-23T12:50:59.584Z > 200 GET /api/v1/ 128.48ms
INF 2026-08-23T12:50:59.585Z > 200 GET /api/v1/ 107.28ms
INF 2026-08-23T12:50:59.592Z > 200 GET /api/v1/ 96.21ms
INF 2026-08-23T12:50:59.593Z > 200 GET /api/v1/ 124.84ms
INF 2026-08-23T12:50:59.594Z > 200 GET /api/v1/ 126.34ms
INF 2026-08-23T12:50:59.595Z > 200 GET /api/v1/ 126.48ms
INF 2026-08-23T12:50:59.595Z > 200 GET /api/v1/ 129.56ms
INF 2026-08-23T12:50:59.596Z > 200 GET /api/v1/ 104.23ms
INF 2026-08-23T12:50:59.598Z > 200 GET /api/v1/ 104.96ms
INF 2026-08-23T12:50:59.599Z > 200 GET /api/v1/ 89.98ms
INF 2026-08-23T12:50:59.599Z > 200 GET /api/v1/ 97.09ms
INF 2026-08-23T12:50:59.600Z > 200 GET /api/v1/ 92.8ms
INF 2026-08-23T12:50:59.601Z > 200 GET /api/v1/ 118.66ms
INF 2026-08-23T12:50:59.601Z > 200 GET /api/v1/ 94.89ms
INF 2026-08-23T12:50:59.606Z > 200 GET /api/v1/ 93.58ms
INF 2026-08-23T12:50:59.608Z > 200 GET /api/v1/ 87.65ms
INF 2026-08-23T12:50:59.609Z > 200 GET /api/v1/ 84.98ms
INF 2026-08-23T12:50:59.614Z > 200 GET /api/v1/ 103.88ms
INF 2026-08-23T12:50:59.614Z > 200 GET /api/v1/ 104.93ms
INF 2026-08-23T12:50:59.615Z > 200 GET /api/v1/ 87.26ms
INF 2026-08-23T12:50:59.618Z > 200 GET /api/v1/ 93.32ms
INF 2026-08-23T12:50:59.618Z > 200 GET /api/v1/ 94.95ms
INF 2026-08-23T12:50:59.619Z > 200 GET /api/v1/ 67.67ms
INF 2026-08-23T12:50:59.623Z > 200 GET /api/v1/ 45.61ms
INF 2026-08-23T12:50:59.627Z > 200 GET /api/v1/ 115.18ms
INF 2026-08-23T12:50:59.628Z > 200 GET /api/v1/ 95.67ms
INF 2026-08-23T12:50:59.629Z > 200 GET /api/v1/ 119.62ms
INF 2026-08-23T12:50:59.630Z > 200 GET /api/v1/ 99.93ms
INF 2026-08-23T12:50:59.630Z > 200 GET /api/v1/ 59.86ms
INF 2026-08-23T12:50:59.630Z > 200 GET /api/v1/ 58.27ms
INF 2026-08-23T12:50:59.631Z > 200 GET /api/v1/ 59.38ms
INF 2026-08-23T12:50:59.631Z > 200 GET /api/v1/ 58.3ms
INF 2026-08-23T12:50:59.632Z > 200 GET /api/v1/ 57.93ms
INF 2026-08-23T12:50:59.632Z > 200 GET /api/v1/ 60.86ms
INF 2026-08-23T12:50:59.632Z > 200 GET /api/v1/ 40.15ms
INF 2026-08-23T12:50:59.632Z > 200 GET /api/v1/ 62.58ms
INF 2026-08-23T12:50:59.633Z > 200 GET /api/v1/ 78.44ms
INF 2026-08-23T12:50:59.635Z > 200 GET /api/v1/ 79.75ms
INF 2026-08-23T12:50:59.636Z > 200 GET /api/v1/ 81.6ms
INF 2026-08-23T12:50:59.638Z > 200 GET /api/v1/ 89.34ms
INF 2026-08-23T12:50:59.642Z > 200 GET /api/v1/ 97.06ms
INF 2026-08-23T12:50:59.643Z > 200 GET /api/v1/ 64.26ms
INF 2026-08-23T12:50:59.644Z > 200 GET /api/v1/ 95.47ms
INF 2026-08-23T12:50:59.645Z > 200 GET /api/v1/ 65.58ms
INF 2026-08-23T12:50:59.645Z > 200 GET /api/v1/ 66.21ms
INF 2026-08-23T12:50:59.646Z > 200 GET /api/v1/ 68.07ms
INF 2026-08-23T12:50:59.647Z > 200 GET /api/v1/ 68.49ms
INF 2026-08-23T12:50:59.648Z > 200 GET /api/v1/ 46.8ms
INF 2026-08-23T12:50:59.649Z > 200 GET /api/v1/ 69.06ms
INF 2026-08-23T12:50:59.649Z > 200 GET /api/v1/ 69.74ms
INF 2026-08-23T12:50:59.649Z > 200 GET /api/v1/ 49.7ms
INF 2026-08-23T12:50:59.650Z > 200 GET /api/v1/ 113.2ms
INF 2026-08-23T12:50:59.650Z > 200 GET /api/v1/ 114.44ms
INF 2026-08-23T12:50:59.651Z > 200 GET /api/v1/ 122.18ms
INF 2026-08-23T12:50:59.652Z > 200 GET /api/v1/ 79.8ms
INF 2026-08-23T12:50:59.655Z > 200 GET /api/v1/ 75.34ms
INF 2026-08-23T12:50:59.656Z > 200 GET /api/v1/ 75.46ms
INF 2026-08-23T12:50:59.656Z > 200 GET /api/v1/ 76.5ms
INF 2026-08-23T12:50:59.657Z > 200 GET /api/v1/ 76.75ms
INF 2026-08-23T12:50:59.660Z > 200 GET /api/v1/ 112.17ms
INF 2026-08-23T12:50:59.660Z > 200 GET /api/v1/ 115.95ms
INF 2026-08-23T12:50:59.661Z > 200 GET /api/v1/ 59.73ms
INF 2026-08-23T12:50:59.662Z > 200 GET /api/v1/ 114.53ms
INF 2026-08-23T12:50:59.666Z > 200 GET /api/v1/ 70.13ms
INF 2026-08-23T12:50:59.682Z > 200 GET /api/v1/ 91.15ms
INF 2026-08-23T12:50:59.682Z > 200 GET /api/v1/ 89.12ms
INF 2026-08-23T12:50:59.683Z > 200 GET /api/v1/ 89.8ms
INF 2026-08-23T12:50:59.683Z > 200 GET /api/v1/ 95.06ms
INF 2026-08-23T12:50:59.683Z > 200 GET /api/v1/ 94.18ms
INF 2026-08-23T12:50:59.684Z > 200 GET /api/v1/ 93.69ms
INF 2026-08-23T12:50:59.691Z > 200 GET /api/v1/ 104.97ms
INF 2026-08-23T12:50:59.692Z > 200 GET /api/v1/ 105.61ms
INF 2026-08-23T12:50:59.692Z > 200 GET /api/v1/ 106.69ms
INF 2026-08-23T12:50:59.693Z > 200 GET /api/v1/ 108.2ms
INF 2026-08-23T12:50:59.693Z > 200 GET /api/v1/ 86.43ms
INF 2026-08-23T12:50:59.693Z > 200 GET /api/v1/ 90.99ms
INF 2026-08-23T12:50:59.693Z > 200 GET /api/v1/ 92.05ms
INF 2026-08-23T12:50:59.694Z > 200 GET /api/v1/ 89.81ms
INF 2026-08-23T12:50:59.694Z > 200 GET /api/v1/ 107.88ms
INF 2026-08-23T12:50:59.695Z > 200 GET /api/v1/ 89.91ms
INF 2026-08-23T12:50:59.696Z > 200 GET /api/v1/ 92.6ms
INF 2026-08-23T12:50:59.697Z > 200 GET /api/v1/ 60.96ms
INF 2026-08-23T12:50:59.703Z > 200 GET /api/v1/ 107.99ms
INF 2026-08-23T12:50:59.704Z > 200 GET /api/v1/ 114.1ms
INF 2026-08-23T12:50:59.710Z > 200 GET /api/v1/ 84.76ms
INF 2026-08-23T12:50:59.710Z > 200 GET /api/v1/ 64.13ms
INF 2026-08-23T12:50:59.711Z > 200 GET /api/v1/ 84.94ms
INF 2026-08-23T12:50:59.711Z > 200 GET /api/v1/ 85.8ms
INF 2026-08-23T12:50:59.712Z > 200 GET /api/v1/ 89.35ms
INF 2026-08-23T12:50:59.712Z > 200 GET /api/v1/ 87.28ms
INF 2026-08-23T12:50:59.712Z > 200 GET /api/v1/ 90.57ms
INF 2026-08-23T12:50:59.712Z > 200 GET /api/v1/ 69.6ms
INF 2026-08-23T12:50:59.713Z > 200 GET /api/v1/ 92.2ms
INF 2026-08-23T12:50:59.713Z > 200 GET /api/v1/ 93.93ms
INF 2026-08-23T12:50:59.717Z > 200 GET /api/v1/ 117.96ms
INF 2026-08-23T12:50:59.718Z > 200 GET /api/v1/ 82.1ms
INF 2026-08-23T12:50:59.718Z > 200 GET /api/v1/ 61.28ms
INF 2026-08-23T12:50:59.719Z > 200 GET /api/v1/ 81.77ms
INF 2026-08-23T12:50:59.719Z > 200 GET /api/v1/ 84.91ms
INF 2026-08-23T12:50:59.719Z > 200 GET /api/v1/ 82.88ms
INF 2026-08-23T12:50:59.720Z > 200 GET /api/v1/ 84.96ms
INF 2026-08-23T12:50:59.721Z > 200 GET /api/v1/ 86.9ms
INF 2026-08-23T12:50:59.721Z > 200 GET /api/v1/ 88.5ms
INF 2026-08-23T12:50:59.724Z > 200 GET /api/v1/ 71.89ms
INF 2026-08-23T12:50:59.724Z > 200 GET /api/v1/ 96.21ms
INF 2026-08-23T12:50:59.731Z > 200 GET /api/v1/ 89.55ms
INF 2026-08-23T12:50:59.731Z > 200 GET /api/v1/ 85.32ms
INF 2026-08-23T12:50:59.732Z > 200 GET /api/v1/ 90.02ms
INF 2026-08-23T12:50:59.732Z > 200 GET /api/v1/ 91.26ms
INF 2026-08-23T12:50:59.733Z > 200 GET /api/v1/ 93.31ms
INF 2026-08-23T12:50:59.734Z > 200 GET /api/v1/ 73.13ms
INF 2026-08-23T12:50:59.734Z > 200 GET /api/v1/ 76.09ms
INF 2026-08-23T12:50:59.735Z > 200 GET /api/v1/ 81.77ms
INF 2026-08-23T12:50:59.740Z > 200 GET /api/v1/ 56.08ms
INF 2026-08-23T12:50:59.742Z > 200 GET /api/v1/ 75.19ms
INF 2026-08-23T12:50:59.742Z > 200 GET /api/v1/ 76.12ms
INF 2026-08-23T12:50:59.745Z > 200 GET /api/v1/ 80.55ms
INF 2026-08-23T12:50:59.746Z > 200 GET /api/v1/ 105.56ms
INF 2026-08-23T12:50:59.748Z > 200 GET /api/v1/ 111.45ms
INF 2026-08-23T12:50:59.748Z > 200 GET /api/v1/ 57.29ms
INF 2026-08-23T12:50:59.749Z > 200 GET /api/v1/ 35.32ms
INF 2026-08-23T12:50:59.749Z > 200 GET /api/v1/ 63.06ms
INF 2026-08-23T12:50:59.750Z > 200 GET /api/v1/ 64.55ms
INF 2026-08-23T12:50:59.750Z > 200 GET /api/v1/ 61.82ms
INF 2026-08-23T12:50:59.750Z > 200 GET /api/v1/ 62.66ms
INF 2026-08-23T12:50:59.751Z > 200 GET /api/v1/ 64.7ms
INF 2026-08-23T12:50:59.751Z > 200 GET /api/v1/ 63.86ms
INF 2026-08-23T12:50:59.751Z > 200 GET /api/v1/ 63.02ms
INF 2026-08-23T12:50:59.753Z > 200 GET /api/v1/ 68.45ms
INF 2026-08-23T12:50:59.754Z > 200 GET /api/v1/ 67.71ms
INF 2026-08-23T12:50:59.754Z > 200 GET /api/v1/ 68.69ms
INF 2026-08-23T12:50:59.755Z > 200 GET /api/v1/ 68.79ms
INF 2026-08-23T12:50:59.755Z > 200 GET /api/v1/ 68.02ms
INF 2026-08-23T12:50:59.755Z > 200 GET /api/v1/ 69.03ms
INF 2026-08-23T12:50:59.756Z > 200 GET /api/v1/ 69.34ms
INF 2026-08-23T12:50:59.757Z > 200 GET /api/v1/ 72.53ms
INF 2026-08-23T12:50:59.757Z > 200 GET /api/v1/ 71.92ms
INF 2026-08-23T12:50:59.759Z > 200 GET /api/v1/ 54.86ms
INF 2026-08-23T12:50:59.759Z > 200 GET /api/v1/ 61.99ms
INF 2026-08-23T12:50:59.760Z > 200 GET /api/v1/ 61.4ms
INF 2026-08-23T12:50:59.760Z > 200 GET /api/v1/ 61.99ms
INF 2026-08-23T12:50:59.760Z > 200 GET /api/v1/ 61.76ms
INF 2026-08-23T12:50:59.761Z > 200 GET /api/v1/ 61.97ms
INF 2026-08-23T12:50:59.762Z > 200 GET /api/v1/ 64.77ms
INF 2026-08-23T12:50:59.769Z > 200 GET /api/v1/ 55.5ms
INF 2026-08-23T12:50:59.770Z > 200 GET /api/v1/ 61.6ms
INF 2026-08-23T12:50:59.773Z > 200 GET /api/v1/ 71.68ms
INF 2026-08-23T12:50:59.773Z > 200 GET /api/v1/ 71.42ms
INF 2026-08-23T12:50:59.774Z > 200 GET /api/v1/ 73.41ms
INF 2026-08-23T12:50:59.790Z > 200 GET /api/v1/ 90.76ms
INF 2026-08-23T12:50:59.792Z > 200 GET /api/v1/ 139.8ms
INF 2026-08-23T12:50:59.799Z > 200 GET /api/v1/ 83.5ms
INF 2026-08-23T12:50:59.799Z > 200 GET /api/v1/ 83.49ms
INF 2026-08-23T12:50:59.800Z > 200 GET /api/v1/ 64.62ms
INF 2026-08-23T12:50:59.800Z > 200 GET /api/v1/ 137.52ms
INF 2026-08-23T12:50:59.800Z > 200 GET /api/v1/ 137.44ms
INF 2026-08-23T12:50:59.800Z > 200 GET /api/v1/ 138.36ms
INF 2026-08-23T12:50:59.801Z > 200 GET /api/v1/ 143.91ms
INF 2026-08-23T12:50:59.803Z > 200 GET /api/v1/ 74.27ms
INF 2026-08-23T12:50:59.803Z > 200 GET /api/v1/ 73.53ms
INF 2026-08-23T12:50:59.804Z > 200 GET /api/v1/ 75.42ms
INF 2026-08-23T12:50:59.805Z > 200 GET /api/v1/ 76.77ms
INF 2026-08-23T12:50:59.805Z > 200 GET /api/v1/ 98.37ms
INF 2026-08-23T12:50:59.808Z > 200 GET /api/v1/ 83.05ms
INF 2026-08-23T12:50:59.808Z > 200 GET /api/v1/ 104.37ms
INF 2026-08-23T12:50:59.812Z > 200 GET /api/v1/ 109.96ms
INF 2026-08-23T12:50:59.812Z > 200 GET /api/v1/ 111.68ms
INF 2026-08-23T12:50:59.813Z > 200 GET /api/v1/ 113.52ms
INF 2026-08-23T12:50:59.813Z > 200 GET /api/v1/ 112.92ms
INF 2026-08-23T12:50:59.818Z > 200 GET /api/v1/ 57.74ms
INF 2026-08-23T12:50:59.819Z > 200 GET /api/v1/ 57.46ms
INF 2026-08-23T12:50:59.820Z > 200 GET /api/v1/ 83.83ms
INF 2026-08-23T12:50:59.824Z > 200 GET /api/v1/ 89.34ms
INF 2026-08-23T12:50:59.826Z > 200 GET /api/v1/ 83.42ms
INF 2026-08-23T12:50:59.829Z > 200 GET /api/v1/ 84.96ms
INF 2026-08-23T12:50:59.829Z > 200 GET /api/v1/ 99.95ms
INF 2026-08-23T12:50:59.832Z > 200 GET /api/v1/ 104.39ms
INF 2026-08-23T12:50:59.839Z > 200 GET /api/v1/ 64.76ms
INF 2026-08-23T12:50:59.841Z > 200 GET /api/v1/ 88.47ms
INF 2026-08-23T12:50:59.842Z > 200 GET /api/v1/ 95.69ms
INF 2026-08-23T12:50:59.842Z > 200 GET /api/v1/ 90.5ms
INF 2026-08-23T12:50:59.842Z > 200 GET /api/v1/ 96.0ms
INF 2026-08-23T12:50:59.843Z > 200 GET /api/v1/ 97.43ms
INF 2026-08-23T12:50:59.843Z > 200 GET /api/v1/ 96.24ms
INF 2026-08-23T12:50:59.844Z > 200 GET /api/v1/ 81.05ms
INF 2026-08-23T12:50:59.845Z > 200 GET /api/v1/ 98.28ms
INF 2026-08-23T12:50:59.845Z > 200 GET /api/v1/ 98.49ms
INF 2026-08-23T12:50:59.846Z > 200 GET /api/v1/ 99.41ms
INF 2026-08-23T12:50:59.847Z > 200 GET /api/v1/ 85.14ms
INF 2026-08-23T12:50:59.852Z > 200 GET /api/v1/ 80.7ms
INF 2026-08-23T12:50:59.853Z > 200 GET /api/v1/ 79.55ms
INF 2026-08-23T12:50:59.853Z > 200 GET /api/v1/ 44.94ms
INF 2026-08-23T12:50:59.855Z > 200 GET /api/v1/ 41.93ms
INF 2026-08-23T12:50:59.860Z > 200 GET /api/v1/ 86.01ms
INF 2026-08-23T12:50:59.860Z > 200 GET /api/v1/ 88.25ms
INF 2026-08-23T12:50:59.861Z > 200 GET /api/v1/ 90.68ms
INF 2026-08-23T12:50:59.861Z > 200 GET /api/v1/ 94.2ms
INF 2026-08-23T12:50:59.862Z > 200 GET /api/v1/ 96.64ms
INF 2026-08-23T12:50:59.863Z > 200 GET /api/v1/ 99.11ms
INF 2026-08-23T12:50:59.864Z > 200 GET /api/v1/ 100.14ms
INF 2026-08-23T12:50:59.866Z > 200 GET /api/v1/ 103.08ms
INF 2026-08-23T12:50:59.866Z > 200 GET /api/v1/ 102.14ms
INF 2026-08-23T12:50:59.867Z > 200 GET /api/v1/ 72.12ms
INF 2026-08-23T12:50:59.867Z > 200 GET /api/v1/ 70.4ms
INF 2026-08-23T12:50:59.867Z > 200 GET /api/v1/ 71.47ms
INF 2026-08-23T12:50:59.867Z > 200 GET /api/v1/ 70.76ms
INF 2026-08-23T12:50:59.868Z > 200 GET /api/v1/ 72.23ms
INF 2026-08-23T12:50:59.869Z > 200 GET /api/v1/ 73.44ms
INF 2026-08-23T12:50:59.869Z > 200 GET /api/v1/ 73.57ms
INF 2026-08-23T12:50:59.869Z > 200 GET /api/v1/ 74.97ms
INF 2026-08-23T12:50:59.870Z > 200 GET /api/v1/ 74.9ms
INF 2026-08-23T12:50:59.871Z > 200 GET /api/v1/ 75.82ms
INF 2026-08-23T12:50:59.871Z > 200 GET /api/v1/ 74.75ms
INF 2026-08-23T12:50:59.871Z > 200 GET /api/v1/ 75.96ms
INF 2026-08-23T12:50:59.872Z > 200 GET /api/v1/ 78.18ms
INF 2026-08-23T12:50:59.872Z > 200 GET /api/v1/ 78.09ms
INF 2026-08-23T12:50:59.874Z > 200 GET /api/v1/ 115.91ms
INF 2026-08-23T12:50:59.875Z > 200 GET /api/v1/ 84.72ms
INF 2026-08-23T12:50:59.877Z > 200 GET /api/v1/ 67.6ms
INF 2026-08-23T12:50:59.878Z > 200 GET /api/v1/ 45.93ms
INF 2026-08-23T12:50:59.879Z > 200 GET /api/v1/ 73.79ms
INF 2026-08-23T12:50:59.880Z > 200 GET /api/v1/ 73.04ms
INF 2026-08-23T12:50:59.881Z > 200 GET /api/v1/ 78.57ms
INF 2026-08-23T12:50:59.881Z > 200 GET /api/v1/ 80.23ms
INF 2026-08-23T12:50:59.882Z > 200 GET /api/v1/ 78.44ms
INF 2026-08-23T12:50:59.882Z > 200 GET /api/v1/ 79.62ms
INF 2026-08-23T12:50:59.884Z > 200 GET /api/v1/ 122.45ms
INF 2026-08-23T12:50:59.884Z > 200 GET /api/v1/ 62.11ms
INF 2026-08-23T12:50:59.903Z > 200 GET /api/v1/ 90.0ms
INF 2026-08-23T12:50:59.903Z > 200 GET /api/v1/ 110.77ms
INF 2026-08-23T12:50:59.904Z > 200 GET /api/v1/ 111.28ms
INF 2026-08-23T12:50:59.904Z > 200 GET /api/v1/ 110.92ms
INF 2026-08-23T12:50:59.904Z > 200 GET /api/v1/ 93.04ms
INF 2026-08-23T12:50:59.904Z > 200 GET /api/v1/ 110.28ms
INF 2026-08-23T12:50:59.904Z > 200 GET /api/v1/ 112.49ms
INF 2026-08-23T12:50:59.905Z > 200 GET /api/v1/ 111.25ms
INF 2026-08-23T12:50:59.905Z > 200 GET /api/v1/ 114.52ms
INF 2026-08-23T12:50:59.905Z > 200 GET /api/v1/ 112.39ms
INF 2026-08-23T12:50:59.906Z > 200 GET /api/v1/ 97.43ms
INF 2026-08-23T12:50:59.906Z > 200 GET /api/v1/ 113.08ms
INF 2026-08-23T12:50:59.906Z > 200 GET /api/v1/ 96.33ms
INF 2026-08-23T12:50:59.907Z > 200 GET /api/v1/ 55.0ms
INF 2026-08-23T12:50:59.913Z > 200 GET /api/v1/ 65.8ms
INF 2026-08-23T12:50:59.914Z > 200 GET /api/v1/ 153.26ms
INF 2026-08-23T12:50:59.915Z > 200 GET /api/v1/ 93.43ms
INF 2026-08-23T12:50:59.916Z > 200 GET /api/v1/ 53.65ms
INF 2026-08-23T12:50:59.920Z > 200 GET /api/v1/ 80.83ms
INF 2026-08-23T12:50:59.921Z > 200 GET /api/v1/ 83.77ms
INF 2026-08-23T12:50:59.922Z > 200 GET /api/v1/ 88.92ms
INF 2026-08-23T12:50:59.922Z > 200 GET /api/v1/ 88.45ms
INF 2026-08-23T12:50:59.922Z > 200 GET /api/v1/ 127.92ms
INF 2026-08-23T12:50:59.923Z > 200 GET /api/v1/ 50.43ms
INF 2026-08-23T12:50:59.923Z > 200 GET /api/v1/ 70.81ms
INF 2026-08-23T12:50:59.923Z > 200 GET /api/v1/ 71.92ms
INF 2026-08-23T12:50:59.923Z > 200 GET /api/v1/ 72.14ms
INF 2026-08-23T12:50:59.924Z > 200 GET /api/v1/ 71.61ms
INF 2026-08-23T12:50:59.929Z > 200 GET /api/v1/ 77.93ms
INF 2026-08-23T12:50:59.929Z > 200 GET /api/v1/ 59.36ms
INF 2026-08-23T12:50:59.930Z > 200 GET /api/v1/ 80.77ms
INF 2026-08-23T12:50:59.930Z > 200 GET /api/v1/ 81.78ms
INF 2026-08-23T12:50:59.934Z > 200 GET /api/v1/ 85.77ms
INF 2026-08-23T12:50:59.934Z > 200 GET /api/v1/ 111.44ms
INF 2026-08-23T12:50:59.935Z > 200 GET /api/v1/ 111.43ms
INF 2026-08-23T12:50:59.935Z > 200 GET /api/v1/ 53.01ms
INF 2026-08-23T12:50:59.937Z > 200 GET /api/v1/ 79.66ms
INF 2026-08-23T12:50:59.937Z > 200 GET /api/v1/ 77.98ms
INF 2026-08-23T12:50:59.937Z > 200 GET /api/v1/ 57.37ms
INF 2026-08-23T12:50:59.939Z > 200 GET /api/v1/ 82.76ms
INF 2026-08-23T12:50:59.940Z > 200 GET /api/v1/ 81.44ms
INF 2026-08-23T12:50:59.946Z > 200 GET /api/v1/ 136.01ms
INF 2026-08-23T12:50:59.951Z > 200 GET /api/v1/ 103.69ms
INF 2026-08-23T12:50:59.951Z > 200 GET /api/v1/ 103.47ms
INF 2026-08-23T12:50:59.952Z > 200 GET /api/v1/ 79.31ms
INF 2026-08-23T12:50:59.952Z > 200 GET /api/v1/ 89.58ms
INF 2026-08-23T12:50:59.958Z > 200 GET /api/v1/ 51.61ms
INF 2026-08-23T12:50:59.958Z > 200 GET /api/v1/ 51.17ms
INF 2026-08-23T12:50:59.960Z > 200 GET /api/v1/ 54.95ms
INF 2026-08-23T12:50:59.967Z > 200 GET /api/v1/ 46.96ms
INF 2026-08-23T12:50:59.968Z > 200 GET /api/v1/ 81.52ms
INF 2026-08-23T12:50:59.968Z > 200 GET /api/v1/ 82.73ms
INF 2026-08-23T12:50:59.969Z > 200 GET /api/v1/ 61.12ms
INF 2026-08-23T12:50:59.971Z > 200 GET /api/v1/ 105.84ms
INF 2026-08-23T12:50:59.972Z > 200 GET /api/v1/ 58.46ms
INF 2026-08-23T12:50:59.973Z > 200 GET /api/v1/ 90.34ms
INF 2026-08-23T12:50:59.973Z > 200 GET /api/v1/ 59.11ms
INF 2026-08-23T12:50:59.974Z > 200 GET /api/v1/ 61.9ms
INF 2026-08-23T12:50:59.974Z > 200 GET /api/v1/ 65.13ms
INF 2026-08-23T12:50:59.974Z > 200 GET /api/v1/ 64.59ms
INF 2026-08-23T12:50:59.974Z > 200 GET /api/v1/ 64.5ms
INF 2026-08-23T12:50:59.975Z > 200 GET /api/v1/ 66.17ms
INF 2026-08-23T12:50:59.975Z > 200 GET /api/v1/ 46.33ms
INF 2026-08-23T12:50:59.976Z > 200 GET /api/v1/ 63.63ms
INF 2026-08-23T12:50:59.976Z > 200 GET /api/v1/ 67.87ms
INF 2026-08-23T12:50:59.977Z > 200 GET /api/v1/ 67.42ms
INF 2026-08-23T12:50:59.978Z > 200 GET /api/v1/ 68.72ms
INF 2026-08-23T12:50:59.978Z > 200 GET /api/v1/ 66.87ms
INF 2026-08-23T12:50:59.979Z > 200 GET /api/v1/ 71.25ms
INF 2026-08-23T12:50:59.979Z > 200 GET /api/v1/ 55.39ms
INF 2026-08-23T12:50:59.979Z > 200 GET /api/v1/ 72.47ms
INF 2026-08-23T12:50:59.981Z > 200 GET /api/v1/ 58.6ms
INF 2026-08-23T12:50:59.984Z > 200 GET /api/v1/ 68.96ms
INF 2026-08-23T12:50:59.984Z > 200 GET /api/v1/ 64.09ms
INF 2026-08-23T12:50:59.985Z > 200 GET /api/v1/ 63.98ms
INF 2026-08-23T12:50:59.985Z > 200 GET /api/v1/ 64.65ms
INF 2026-08-23T12:50:59.986Z > 200 GET /api/v1/ 65.12ms
INF 2026-08-23T12:50:59.987Z > 200 GET /api/v1/ 65.83ms
INF 2026-08-23T12:50:59.987Z > 200 GET /api/v1/ 68.6ms
INF 2026-08-23T12:50:59.987Z > 200 GET /api/v1/ 68.24ms
INF 2026-08-23T12:50:59.988Z > 200 GET /api/v1/ 68.68ms
INF 2026-08-23T12:50:59.988Z > 200 GET /api/v1/ 68.58ms
INF 2026-08-23T12:50:59.988Z > 200 GET /api/v1/ 70.38ms
INF 2026-08-23T12:50:59.990Z > 200 GET /api/v1/ 72.89ms
INF 2026-08-23T12:50:59.990Z > 200 GET /api/v1/ 73.56ms
INF 2026-08-23T12:50:59.990Z > 200 GET /api/v1/ 71.47ms
INF 2026-08-23T12:50:59.992Z > 200 GET /api/v1/ 79.05ms
INF 2026-08-23T12:50:59.993Z > 200 GET /api/v1/ 110.72ms
INF 2026-08-23T12:50:59.993Z > 200 GET /api/v1/ 79.11ms
INF 2026-08-23T12:51:00.009Z > 200 GET /api/v1/ 81.14ms
INF 2026-08-23T12:51:00.010Z > 200 GET /api/v1/ 86.39ms
INF 2026-08-23T12:51:00.011Z > 200 GET /api/v1/ 85.91ms
INF 2026-08-23T12:51:00.014Z > 200 GET /api/v1/ 67.62ms
INF 2026-08-23T12:51:00.019Z > 200 GET /api/v1/ 103.51ms
INF 2026-08-23T12:51:00.025Z > 200 GET /api/v1/ 93.79ms
INF 2026-08-23T12:51:00.029Z > 200 GET /api/v1/ 79.85ms
INF 2026-08-23T12:51:00.030Z > 200 GET /api/v1/ 81.78ms
INF 2026-08-23T12:51:00.031Z > 200 GET /api/v1/ 83.43ms
INF 2026-08-23T12:51:00.031Z > 200 GET /api/v1/ 81.97ms
INF 2026-08-23T12:51:00.031Z > 200 GET /api/v1/ 84.27ms
INF 2026-08-23T12:51:00.034Z > 200 GET /api/v1/ 87.7ms
INF 2026-08-23T12:51:00.035Z > 200 GET /api/v1/ 87.6ms
INF 2026-08-23T12:51:00.035Z > 200 GET /api/v1/ 87.56ms
INF 2026-08-23T12:51:00.035Z > 200 GET /api/v1/ 89.69ms
INF 2026-08-23T12:51:00.037Z > 200 GET /api/v1/ 91.44ms
INF 2026-08-23T12:51:00.037Z > 200 GET /api/v1/ 94.67ms
INF 2026-08-23T12:51:00.042Z > 200 GET /api/v1/ 95.02ms
INF 2026-08-23T12:51:00.044Z > 200 GET /api/v1/ 69.7ms
INF 2026-08-23T12:51:00.048Z > 200 GET /api/v1/ 115.43ms
INF 2026-08-23T12:51:00.049Z > 200 GET /api/v1/ 135.36ms
INF 2026-08-23T12:51:00.050Z > 200 GET /api/v1/ 77.38ms
INF 2026-08-23T12:51:00.053Z > 200 GET /api/v1/ 89.37ms
INF 2026-08-23T12:51:00.054Z > 200 GET /api/v1/ 68.12ms
INF 2026-08-23T12:51:00.054Z > 200 GET /api/v1/ 90.5ms
INF 2026-08-23T12:51:00.056Z > 200 GET /api/v1/ 93.9ms
INF 2026-08-23T12:51:00.056Z > 200 GET /api/v1/ 95.51ms
INF 2026-08-23T12:51:00.057Z > 200 GET /api/v1/ 95.26ms
INF 2026-08-23T12:51:00.060Z > 200 GET /api/v1/ 50.32ms
INF 2026-08-23T12:51:00.060Z > 200 GET /api/v1/ 72.31ms
INF 2026-08-23T12:51:00.064Z > 200 GET /api/v1/ 92.71ms
INF 2026-08-23T12:51:00.066Z > 200 GET /api/v1/ 72.47ms
INF 2026-08-23T12:51:00.070Z > 200 GET /api/v1/ 80.93ms
INF 2026-08-23T12:51:00.070Z > 200 GET /api/v1/ 81.81ms
INF 2026-08-23T12:51:00.071Z > 200 GET /api/v1/ 80.47ms
INF 2026-08-23T12:51:00.072Z > 200 GET /api/v1/ 80.05ms
INF 2026-08-23T12:51:00.073Z > 200 GET /api/v1/ 81.62ms
INF 2026-08-23T12:51:00.073Z > 200 GET /api/v1/ 82.36ms
INF 2026-08-23T12:51:00.074Z > 200 GET /api/v1/ 91.06ms
INF 2026-08-23T12:51:00.074Z > 200 GET /api/v1/ 88.32ms
INF 2026-08-23T12:51:00.074Z > 200 GET /api/v1/ 130.69ms
INF 2026-08-23T12:51:00.074Z > 200 GET /api/v1/ 94.29ms
INF 2026-08-23T12:51:00.076Z > 200 GET /api/v1/ 56.72ms
INF 2026-08-23T12:51:00.077Z > 200 GET /api/v1/ 94.63ms
INF 2026-08-23T12:51:00.078Z > 200 GET /api/v1/ 114.52ms
INF 2026-08-23T12:51:00.078Z > 200 GET /api/v1/ 96.78ms
INF 2026-08-23T12:51:00.078Z > 200 GET /api/v1/ 101.07ms
INF 2026-08-23T12:51:00.080Z > 200 GET /api/v1/ 98.65ms
INF 2026-08-23T12:51:00.081Z > 200 GET /api/v1/ 49.87ms
INF 2026-08-23T12:51:00.081Z > 200 GET /api/v1/ 104.33ms
INF 2026-08-23T12:51:00.083Z > 200 GET /api/v1/ 124.1ms
INF 2026-08-23T12:51:00.084Z > 200 GET /api/v1/ 74.37ms
INF 2026-08-23T12:51:00.084Z > 200 GET /api/v1/ 73.05ms
INF 2026-08-23T12:51:00.085Z > 200 GET /api/v1/ 110.72ms
INF 2026-08-23T12:51:00.088Z > 200 GET /api/v1/ 104.76ms
INF 2026-08-23T12:51:00.091Z > 200 GET /api/v1/ 121.02ms
INF 2026-08-23T12:51:00.091Z > 200 GET /api/v1/ 69.76ms
INF 2026-08-23T12:51:00.093Z > 200 GET /api/v1/ 121.11ms
INF 2026-08-23T12:51:00.096Z > 200 GET /api/v1/ 76.12ms
INF 2026-08-23T12:51:00.097Z > 200 GET /api/v1/ 74.97ms
INF 2026-08-23T12:51:00.097Z > 200 GET /api/v1/ 76.38ms
INF 2026-08-23T12:51:00.098Z > 200 GET /api/v1/ 78.49ms
INF 2026-08-23T12:51:00.100Z > 200 GET /api/v1/ 83.77ms
INF 2026-08-23T12:51:00.101Z > 200 GET /api/v1/ 84.81ms
INF 2026-08-23T12:51:00.102Z > 200 GET /api/v1/ 84.22ms
INF 2026-08-23T12:51:00.102Z > 200 GET /api/v1/ 57.74ms
INF 2026-08-23T12:51:00.102Z > 200 GET /api/v1/ 59.97ms
INF 2026-08-23T12:51:00.103Z > 200 GET /api/v1/ 88.14ms
INF 2026-08-23T12:51:00.104Z > 200 GET /api/v1/ 121.79ms
INF 2026-08-23T12:51:00.115Z > 200 GET /api/v1/ 93.12ms
INF 2026-08-23T12:51:00.116Z > 200 GET /api/v1/ 75.32ms
INF 2026-08-23T12:51:00.116Z > 200 GET /api/v1/ 73.0ms
INF 2026-08-23T12:51:00.134Z > 200 GET /api/v1/ 111.08ms
INF 2026-08-23T12:51:00.134Z > 200 GET /api/v1/ 99.15ms
INF 2026-08-23T12:51:00.136Z > 200 GET /api/v1/ 100.32ms
INF 2026-08-23T12:51:00.136Z > 200 GET /api/v1/ 90.76ms
INF 2026-08-23T12:51:00.140Z > 200 GET /api/v1/ 93.88ms
INF 2026-08-23T12:51:00.140Z > 200 GET /api/v1/ 108.56ms
INF 2026-08-23T12:51:00.141Z > 200 GET /api/v1/ 99.62ms
INF 2026-08-23T12:51:00.141Z > 200 GET /api/v1/ 98.56ms
INF 2026-08-23T12:51:00.142Z > 200 GET /api/v1/ 103.68ms
INF 2026-08-23T12:51:00.142Z > 200 GET /api/v1/ 106.05ms
INF 2026-08-23T12:51:00.142Z > 200 GET /api/v1/ 109.86ms
INF 2026-08-23T12:51:00.142Z > 200 GET /api/v1/ 109.43ms
INF 2026-08-23T12:51:00.143Z > 200 GET /api/v1/ 99.7ms
INF 2026-08-23T12:51:00.143Z > 200 GET /api/v1/ 113.35ms
INF 2026-08-23T12:51:00.143Z > 200 GET /api/v1/ 116.07ms
INF 2026-08-23T12:51:00.144Z > 200 GET /api/v1/ 110.86ms
INF 2026-08-23T12:51:00.145Z > 200 GET /api/v1/ 115.35ms
INF 2026-08-23T12:51:00.145Z > 200 GET /api/v1/ 118.94ms
INF 2026-08-23T12:51:00.146Z > 200 GET /api/v1/ 117.85ms
INF 2026-08-23T12:51:00.149Z > 200 GET /api/v1/ 109.9ms
INF 2026-08-23T12:51:00.153Z > 200 GET /api/v1/ 105.8ms
INF 2026-08-23T12:51:00.153Z > 200 GET /api/v1/ 87.69ms
INF 2026-08-23T12:51:00.154Z > 200 GET /api/v1/ 106.13ms
INF 2026-08-23T12:51:00.154Z > 200 GET /api/v1/ 107.38ms
INF 2026-08-23T12:51:00.167Z > 200 GET /api/v1/ 82.88ms
INF 2026-08-23T12:51:00.168Z > 200 GET /api/v1/ 110.66ms
INF 2026-08-23T12:51:00.168Z > 200 GET /api/v1/ 130.19ms
INF 2026-08-23T12:51:00.169Z > 200 GET /api/v1/ 131.49ms
INF 2026-08-23T12:51:00.170Z > 200 GET /api/v1/ 141.37ms
INF 2026-08-23T12:51:00.171Z > 200 GET /api/v1/ 70.41ms
INF 2026-08-23T12:51:00.176Z > 200 GET /api/v1/ 109.25ms
INF 2026-08-23T12:51:00.178Z > 200 GET /api/v1/ 114.03ms
INF 2026-08-23T12:51:00.179Z > 200 GET /api/v1/ 88.1ms
INF 2026-08-23T12:51:00.180Z > 200 GET /api/v1/ 187.28ms
INF 2026-08-23T12:51:00.187Z > 200 GET /api/v1/ 100.99ms
INF 2026-08-23T12:51:00.187Z > 200 GET /api/v1/ 99.08ms
INF 2026-08-23T12:51:00.187Z > 200 GET /api/v1/ 105.93ms
INF 2026-08-23T12:51:00.188Z > 200 GET /api/v1/ 100.52ms
INF 2026-08-23T12:51:00.188Z > 200 GET /api/v1/ 103.66ms
INF 2026-08-23T12:51:00.188Z > 200 GET /api/v1/ 101.61ms
INF 2026-08-23T12:51:00.189Z > 200 GET /api/v1/ 103.1ms
INF 2026-08-23T12:51:00.190Z > 200 GET /api/v1/ 108.0ms
INF 2026-08-23T12:51:00.191Z > 200 GET /api/v1/ 119.12ms
INF 2026-08-23T12:51:00.192Z > 200 GET /api/v1/ 48.61ms
INF 2026-08-23T12:51:00.194Z > 200 GET /api/v1/ 100.79ms
INF 2026-08-23T12:51:00.201Z > 200 GET /api/v1/ 158.73ms
INF 2026-08-23T12:51:00.202Z > 200 GET /api/v1/ 65.38ms
INF 2026-08-23T12:51:00.203Z > 200 GET /api/v1/ 110.59ms
INF 2026-08-23T12:51:00.204Z > 200 GET /api/v1/ 49.31ms
INF 2026-08-23T12:51:00.204Z > 200 GET /api/v1/ 91.83ms
INF 2026-08-23T12:51:00.205Z > 200 GET /api/v1/ 143.74ms
INF 2026-08-23T12:51:00.207Z > 200 GET /api/v1/ 99.16ms
INF 2026-08-23T12:51:00.207Z > 200 GET /api/v1/ 98.47ms
INF 2026-08-23T12:51:00.210Z > 200 GET /api/v1/ 103.53ms
INF 2026-08-23T12:51:00.213Z > 200 GET /api/v1/ 108.41ms
INF 2026-08-23T12:51:00.214Z > 200 GET /api/v1/ 134.21ms
INF 2026-08-23T12:51:00.214Z > 200 GET /api/v1/ 135.33ms
INF 2026-08-23T12:51:00.214Z > 200 GET /api/v1/ 77.3ms
INF 2026-08-23T12:51:00.215Z > 200 GET /api/v1/ 80.22ms
INF 2026-08-23T12:51:00.215Z > 200 GET /api/v1/ 78.66ms
INF 2026-08-23T12:51:00.217Z > 200 GET /api/v1/ 78.74ms
INF 2026-08-23T12:51:00.217Z > 200 GET /api/v1/ 81.99ms
INF 2026-08-23T12:51:00.224Z > 200 GET /api/v1/ 117.38ms
INF 2026-08-23T12:51:00.225Z > 200 GET /api/v1/ 74.12ms
INF 2026-08-23T12:51:00.226Z > 200 GET /api/v1/ 75.26ms
INF 2026-08-23T12:51:00.226Z > 200 GET /api/v1/ 78.41ms
INF 2026-08-23T12:51:00.227Z > 200 GET /api/v1/ 67.17ms
INF 2026-08-23T12:51:00.228Z > 200 GET /api/v1/ 68.44ms
INF 2026-08-23T12:51:00.229Z > 200 GET /api/v1/ 81.59ms
INF 2026-08-23T12:51:00.229Z > 200 GET /api/v1/ 80.58ms
INF 2026-08-23T12:51:00.230Z > 200 GET /api/v1/ 69.99ms
INF 2026-08-23T12:51:00.230Z > 200 GET /api/v1/ 81.46ms
INF 2026-08-23T12:51:00.232Z > 200 GET /api/v1/ 71.74ms
INF 2026-08-23T12:51:00.232Z > 200 GET /api/v1/ 88.65ms
INF 2026-08-23T12:51:00.233Z > 200 GET /api/v1/ 84.06ms
INF 2026-08-23T12:51:00.233Z > 200 GET /api/v1/ 72.53ms
INF 2026-08-23T12:51:00.233Z > 200 GET /api/v1/ 130.98ms
INF 2026-08-23T12:51:00.235Z > 200 GET /api/v1/ 75.77ms
INF 2026-08-23T12:51:00.235Z > 200 GET /api/v1/ 84.42ms
INF 2026-08-23T12:51:00.237Z > 200 GET /api/v1/ 79.24ms
INF 2026-08-23T12:51:00.238Z > 200 GET /api/v1/ 79.35ms
INF 2026-08-23T12:51:00.241Z > 200 GET /api/v1/ 81.95ms
INF 2026-08-23T12:51:00.241Z > 200 GET /api/v1/ 128.34ms
INF 2026-08-23T12:51:00.242Z > 200 GET /api/v1/ 86.92ms
INF 2026-08-23T12:51:00.242Z > 200 GET /api/v1/ 84.59ms
INF 2026-08-23T12:51:00.243Z > 200 GET /api/v1/ 87.33ms
INF 2026-08-23T12:51:00.260Z > 200 GET /api/v1/ 108.32ms
INF 2026-08-23T12:51:00.260Z > 200 GET /api/v1/ 103.01ms
INF 2026-08-23T12:51:00.261Z > 200 GET /api/v1/ 103.7ms
INF 2026-08-23T12:51:00.261Z > 200 GET /api/v1/ 149.34ms
INF 2026-08-23T12:51:00.262Z > 200 GET /api/v1/ 112.1ms
INF 2026-08-23T12:51:00.262Z > 200 GET /api/v1/ 108.03ms
INF 2026-08-23T12:51:00.263Z > 200 GET /api/v1/ 103.47ms
INF 2026-08-23T12:51:00.270Z > 200 GET /api/v1/ 109.64ms
INF 2026-08-23T12:51:00.271Z > 200 GET /api/v1/ 124.8ms
INF 2026-08-23T12:51:00.272Z > 200 GET /api/v1/ 88.32ms
INF 2026-08-23T12:51:00.275Z > 200 GET /api/v1/ 91.33ms
INF 2026-08-23T12:51:00.276Z > 200 GET /api/v1/ 81.47ms
INF 2026-08-23T12:51:00.280Z > 200 GET /api/v1/ 117.28ms
INF 2026-08-23T12:51:00.281Z > 200 GET /api/v1/ 119.36ms
INF 2026-08-23T12:51:00.282Z > 200 GET /api/v1/ 123.15ms
INF 2026-08-23T12:51:00.282Z > 200 GET /api/v1/ 122.78ms
INF 2026-08-23T12:51:00.283Z > 200 GET /api/v1/ 120.66ms
INF 2026-08-23T12:51:00.287Z > 200 GET /api/v1/ 91.05ms
INF 2026-08-23T12:51:00.288Z > 200 GET /api/v1/ 92.43ms
INF 2026-08-23T12:51:00.296Z > 200 GET /api/v1/ 110.91ms
INF 2026-08-23T12:51:00.297Z > 200 GET /api/v1/ 111.27ms
INF 2026-08-23T12:51:00.299Z > 200 GET /api/v1/ 96.22ms
INF 2026-08-23T12:51:00.299Z > 200 GET /api/v1/ 99.77ms
INF 2026-08-23T12:51:00.300Z > 200 GET /api/v1/ 99.72ms
INF 2026-08-23T12:51:00.300Z > 200 GET /api/v1/ 100.34ms
INF 2026-08-23T12:51:00.302Z > 200 GET /api/v1/ 99.14ms
INF 2026-08-23T12:51:00.302Z > 200 GET /api/v1/ 104.07ms
INF 2026-08-23T12:51:00.303Z > 200 GET /api/v1/ 102.63ms
INF 2026-08-23T12:51:00.303Z > 200 GET /api/v1/ 104.76ms
INF 2026-08-23T12:51:00.304Z > 200 GET /api/v1/ 103.42ms
INF 2026-08-23T12:51:00.305Z > 200 GET /api/v1/ 104.31ms
INF 2026-08-23T12:51:00.305Z > 200 GET /api/v1/ 107.46ms
INF 2026-08-23T12:51:00.308Z > 200 GET /api/v1/ 109.64ms
INF 2026-08-23T12:51:00.313Z > 200 GET /api/v1/ 91.18ms
INF 2026-08-23T12:51:00.313Z > 200 GET /api/v1/ 92.93ms
INF 2026-08-23T12:51:00.316Z > 200 GET /api/v1/ 97.27ms
INF 2026-08-23T12:51:00.316Z > 200 GET /api/v1/ 96.85ms
INF 2026-08-23T12:51:00.317Z > 200 GET /api/v1/ 97.63ms
INF 2026-08-23T12:51:00.317Z > 200 GET /api/v1/ 124.67ms
INF 2026-08-23T12:51:00.318Z > 200 GET /api/v1/ 82.07ms
INF 2026-08-23T12:51:00.318Z > 200 GET /api/v1/ 106.72ms
INF 2026-08-23T12:51:00.319Z > 200 GET /api/v1/ 106.84ms
INF 2026-08-23T12:51:00.319Z > 200 GET /api/v1/ 107.93ms
INF 2026-08-23T12:51:00.329Z > 200 GET /api/v1/ 90.02ms
INF 2026-08-23T12:51:00.330Z > 200 GET /api/v1/ 90.0ms
INF 2026-08-23T12:51:00.330Z > 200 GET /api/v1/ 89.9ms
INF 2026-08-23T12:51:00.330Z > 200 GET /api/v1/ 91.42ms
INF 2026-08-23T12:51:00.333Z > 200 GET /api/v1/ 95.72ms
INF 2026-08-23T12:51:00.336Z > 200 GET /api/v1/ 100.39ms
INF 2026-08-23T12:51:00.337Z > 200 GET /api/v1/ 100.44ms
INF 2026-08-23T12:51:00.338Z > 200 GET /api/v1/ 107.4ms
INF 2026-08-23T12:51:00.338Z > 200 GET /api/v1/ 122.78ms
INF 2026-08-23T12:51:00.339Z > 200 GET /api/v1/ 128.63ms
INF 2026-08-23T12:51:00.339Z > 200 GET /api/v1/ 109.11ms
INF 2026-08-23T12:51:00.341Z > 200 GET /api/v1/ 109.22ms
INF 2026-08-23T12:51:00.342Z > 200 GET /api/v1/ 108.21ms
INF 2026-08-23T12:51:00.343Z > 200 GET /api/v1/ 55.13ms
INF 2026-08-23T12:51:00.345Z > 200 GET /api/v1/ 77.48ms
INF 2026-08-23T12:51:00.345Z > 200 GET /api/v1/ 78.98ms
INF 2026-08-23T12:51:00.345Z > 200 GET /api/v1/ 80.05ms
INF 2026-08-23T12:51:00.346Z > 200 GET /api/v1/ 81.14ms
INF 2026-08-23T12:51:00.346Z > 200 GET /api/v1/ 81.51ms
INF 2026-08-23T12:51:00.347Z > 200 GET /api/v1/ 82.99ms
INF 2026-08-23T12:51:00.347Z > 200 GET /api/v1/ 80.52ms
INF 2026-08-23T12:51:00.348Z > 200 GET /api/v1/ 83.77ms
INF 2026-08-23T12:51:00.348Z > 200 GET /api/v1/ 83.31ms
INF 2026-08-23T12:51:00.349Z > 200 GET /api/v1/ 84.11ms
INF 2026-08-23T12:51:00.350Z > 200 GET /api/v1/ 84.04ms
INF 2026-08-23T12:51:00.352Z > 200 GET /api/v1/ 71.87ms
INF 2026-08-23T12:51:00.353Z > 200 GET /api/v1/ 86.67ms
INF 2026-08-23T12:51:00.353Z > 200 GET /api/v1/ 87.77ms
INF 2026-08-23T12:51:00.353Z > 200 GET /api/v1/ 74.08ms
INF 2026-08-23T12:51:00.354Z > 200 GET /api/v1/ 75.92ms
INF 2026-08-23T12:51:00.354Z > 200 GET /api/v1/ 77.34ms
INF 2026-08-23T12:51:00.356Z > 200 GET /api/v1/ 84.05ms
INF 2026-08-23T12:51:00.356Z > 200 GET /api/v1/ 82.51ms
INF 2026-08-23T12:51:00.357Z > 200 GET /api/v1/ 83.57ms
INF 2026-08-23T12:51:00.357Z > 200 GET /api/v1/ 82.88ms
INF 2026-08-23T12:51:00.364Z > 200 GET /api/v1/ 92.7ms
INF 2026-08-23T12:51:00.364Z > 200 GET /api/v1/ 135.94ms
INF 2026-08-23T12:51:00.378Z > 200 GET /api/v1/ 88.63ms
INF 2026-08-23T12:51:00.378Z > 200 GET /api/v1/ 87.72ms
INF 2026-08-23T12:51:00.380Z > 200 GET /api/v1/ 91.7ms
INF 2026-08-23T12:51:00.383Z > 200 GET /api/v1/ 118.85ms
INF 2026-08-23T12:51:00.383Z > 200 GET /api/v1/ 99.58ms
INF 2026-08-23T12:51:00.384Z > 200 GET /api/v1/ 119.21ms
INF 2026-08-23T12:51:00.385Z > 200 GET /api/v1/ 121.82ms
INF 2026-08-23T12:51:00.385Z > 200 GET /api/v1/ 101.66ms
INF 2026-08-23T12:51:00.385Z > 200 GET /api/v1/ 121.69ms
INF 2026-08-23T12:51:00.385Z > 200 GET /api/v1/ 106.94ms
INF 2026-08-23T12:51:00.386Z > 200 GET /api/v1/ 105.53ms
INF 2026-08-23T12:51:00.393Z > 200 GET /api/v1/ 97.89ms
INF 2026-08-23T12:51:00.393Z > 200 GET /api/v1/ 98.78ms
INF 2026-08-23T12:51:00.396Z > 200 GET /api/v1/ 103.1ms
INF 2026-08-23T12:51:00.400Z > 200 GET /api/v1/ 85.58ms
INF 2026-08-23T12:51:00.400Z > 200 GET /api/v1/ 85.77ms
INF 2026-08-23T12:51:00.402Z > 200 GET /api/v1/ 88.32ms
INF 2026-08-23T12:51:00.403Z > 200 GET /api/v1/ 92.36ms
INF 2026-08-23T12:51:00.403Z > 200 GET /api/v1/ 92.26ms
INF 2026-08-23T12:51:00.404Z > 200 GET /api/v1/ 92.4ms
INF 2026-08-23T12:51:00.406Z > 200 GET /api/v1/ 100.7ms
INF 2026-08-23T12:51:00.407Z > 200 GET /api/v1/ 97.31ms
INF 2026-08-23T12:51:00.407Z > 200 GET /api/v1/ 100.57ms
INF 2026-08-23T12:51:00.408Z > 200 GET /api/v1/ 101.46ms
INF 2026-08-23T12:51:00.410Z > 200 GET /api/v1/ 83.99ms
INF 2026-08-23T12:51:00.410Z > 200 GET /api/v1/ 87.8ms
INF 2026-08-23T12:51:00.411Z > 200 GET /api/v1/ 86.77ms
INF 2026-08-23T12:51:00.411Z > 200 GET /api/v1/ 68.41ms
INF 2026-08-23T12:51:00.412Z > 200 GET /api/v1/ 91.5ms
INF 2026-08-23T12:51:00.413Z > 200 GET /api/v1/ 70.99ms
INF 2026-08-23T12:51:00.416Z > 200 GET /api/v1/ 78.84ms
INF 2026-08-23T12:51:00.417Z > 200 GET /api/v1/ 125.79ms
INF 2026-08-23T12:51:00.417Z > 200 GET /api/v1/ 125.58ms
INF 2026-08-23T12:51:00.418Z > 200 GET /api/v1/ 183.53ms
INF 2026-08-23T12:51:00.419Z > 200 GET /api/v1/ 54.97ms
INF 2026-08-23T12:51:00.420Z > 200 GET /api/v1/ 84.62ms
INF 2026-08-23T12:51:00.421Z > 200 GET /api/v1/ 87.42ms
INF 2026-08-23T12:51:00.421Z > 200 GET /api/v1/ 86.87ms
INF 2026-08-23T12:51:00.421Z > 200 GET /api/v1/ 85.86ms
INF 2026-08-23T12:51:00.423Z > 200 GET /api/v1/ 65.83ms
INF 2026-08-23T12:51:00.424Z > 200 GET /api/v1/ 93.95ms
INF 2026-08-23T12:51:00.429Z > 200 GET /api/v1/ 49.64ms
INF 2026-08-23T12:51:00.434Z > 200 GET /api/v1/ 74.51ms
INF 2026-08-23T12:51:00.434Z > 200 GET /api/v1/ 73.09ms
INF 2026-08-23T12:51:00.435Z > 200 GET /api/v1/ 74.97ms
INF 2026-08-23T12:51:00.435Z > 200 GET /api/v1/ 74.5ms
INF 2026-08-23T12:51:00.436Z > 200 GET /api/v1/ 78.74ms
INF 2026-08-23T12:51:00.437Z > 200 GET /api/v1/ 78.79ms
INF 2026-08-23T12:51:00.437Z > 200 GET /api/v1/ 82.96ms
INF 2026-08-23T12:51:00.438Z > 200 GET /api/v1/ 86.94ms
INF 2026-08-23T12:51:00.438Z > 200 GET /api/v1/ 52.65ms
INF 2026-08-23T12:51:00.442Z > 200 GET /api/v1/ 114.93ms
INF 2026-08-23T12:51:00.444Z > 200 GET /api/v1/ 64.14ms
INF 2026-08-23T12:51:00.445Z > 200 GET /api/v1/ 63.31ms
INF 2026-08-23T12:51:00.445Z > 200 GET /api/v1/ 41.3ms
INF 2026-08-23T12:51:00.445Z > 200 GET /api/v1/ 64.55ms
INF 2026-08-23T12:51:00.447Z > 200 GET /api/v1/ 64.93ms
INF 2026-08-23T12:51:00.447Z > 200 GET /api/v1/ 45.05ms
INF 2026-08-23T12:51:00.448Z > 200 GET /api/v1/ 107.94ms
INF 2026-08-23T12:51:00.449Z > 200 GET /api/v1/ 86.22ms
INF 2026-08-23T12:51:00.450Z > 200 GET /api/v1/ 87.26ms
INF 2026-08-23T12:51:00.453Z > 200 GET /api/v1/ 61.66ms
INF 2026-08-23T12:51:00.454Z > 200 GET /api/v1/ 63.89ms
INF 2026-08-23T12:51:00.454Z > 200 GET /api/v1/ 64.94ms
INF 2026-08-23T12:51:00.454Z > 200 GET /api/v1/ 62.72ms
INF 2026-08-23T12:51:00.455Z > 200 GET /api/v1/ 68.1ms
INF 2026-08-23T12:51:00.455Z > 200 GET /api/v1/ 43.48ms
INF 2026-08-23T12:51:00.456Z > 200 GET /api/v1/ 68.56ms
INF 2026-08-23T12:51:00.459Z > 200 GET /api/v1/ 51.59ms
INF 2026-08-23T12:51:00.460Z > 200 GET /api/v1/ 76.0ms
INF 2026-08-23T12:51:00.461Z > 200 GET /api/v1/ 54.68ms
INF 2026-08-23T12:51:00.462Z > 200 GET /api/v1/ 79.93ms
INF 2026-08-23T12:51:00.463Z > 200 GET /api/v1/ 81.11ms
INF 2026-08-23T12:51:00.464Z > 200 GET /api/v1/ 81.59ms
INF 2026-08-23T12:51:00.464Z > 200 GET /api/v1/ 79.86ms
INF 2026-08-23T12:51:00.466Z > 200 GET /api/v1/ 64.48ms
INF 2026-08-23T12:51:00.466Z > 200 GET /api/v1/ 63.93ms
INF 2026-08-23T12:51:00.467Z > 200 GET /api/v1/ 67.31ms
INF 2026-08-23T12:51:00.467Z > 200 GET /api/v1/ 69.59ms
INF 2026-08-23T12:51:00.468Z > 200 GET /api/v1/ 68.68ms
INF 2026-08-23T12:51:00.468Z > 200 GET /api/v1/ 71.1ms
INF 2026-08-23T12:51:00.468Z > 200 GET /api/v1/ 70.16ms
INF 2026-08-23T12:51:00.468Z > 200 GET /api/v1/ 71.21ms
INF 2026-08-23T12:51:00.470Z > 200 GET /api/v1/ 77.01ms
INF 2026-08-23T12:51:00.471Z > 200 GET /api/v1/ 75.5ms
INF 2026-08-23T12:51:00.490Z > 200 GET /api/v1/ 96.91ms
INF 2026-08-23T12:51:00.491Z > 200 GET /api/v1/ 95.22ms
INF 2026-08-23T12:51:00.491Z > 200 GET /api/v1/ 97.09ms
INF 2026-08-23T12:51:00.492Z > 200 GET /api/v1/ 106.46ms
INF 2026-08-23T12:51:00.493Z > 200 GET /api/v1/ 85.28ms
INF 2026-08-23T12:51:00.494Z > 200 GET /api/v1/ 87.67ms
INF 2026-08-23T12:51:00.495Z > 200 GET /api/v1/ 90.93ms
INF 2026-08-23T12:51:00.495Z > 200 GET /api/v1/ 94.33ms
INF 2026-08-23T12:51:00.501Z > 200 GET /api/v1/ 103.4ms
INF 2026-08-23T12:51:00.501Z > 200 GET /api/v1/ 84.68ms
INF 2026-08-23T12:51:00.501Z > 200 GET /api/v1/ 86.71ms
INF 2026-08-23T12:51:00.502Z > 200 GET /api/v1/ 88.05ms
INF 2026-08-23T12:51:00.505Z > 200 GET /api/v1/ 110.22ms
INF 2026-08-23T12:51:00.505Z > 200 GET /api/v1/ 111.03ms
INF 2026-08-23T12:51:00.514Z > 200 GET /api/v1/ 87.42ms
INF 2026-08-23T12:51:00.514Z > 200 GET /api/v1/ 88.11ms
INF 2026-08-23T12:51:00.515Z > 200 GET /api/v1/ 89.76ms
INF 2026-08-23T12:51:00.515Z > 200 GET /api/v1/ 104.7ms
INF 2026-08-23T12:51:00.517Z > 200 GET /api/v1/ 75.06ms
INF 2026-08-23T12:51:00.519Z > 200 GET /api/v1/ 80.48ms
INF 2026-08-23T12:51:00.524Z > 200 GET /api/v1/ 92.72ms
INF 2026-08-23T12:51:00.530Z > 200 GET /api/v1/ 98.93ms
INF 2026-08-23T12:51:00.531Z > 200 GET /api/v1/ 100.97ms
INF 2026-08-23T12:51:00.537Z > 200 GET /api/v1/ 88.65ms
INF 2026-08-23T12:51:00.538Z > 200 GET /api/v1/ 87.71ms
INF 2026-08-23T12:51:00.539Z > 200 GET /api/v1/ 73.01ms
INF 2026-08-23T12:51:00.541Z > 200 GET /api/v1/ 95.46ms
INF 2026-08-23T12:51:00.542Z > 200 GET /api/v1/ 98.97ms
INF 2026-08-23T12:51:00.542Z > 200 GET /api/v1/ 78.68ms
INF 2026-08-23T12:51:00.543Z > 200 GET /api/v1/ 100.93ms
INF 2026-08-23T12:51:00.546Z > 200 GET /api/v1/ 105.49ms
INF 2026-08-23T12:51:00.547Z > 200 GET /api/v1/ 90.65ms
INF 2026-08-23T12:51:00.547Z > 200 GET /api/v1/ 94.13ms
INF 2026-08-23T12:51:00.555Z > 200 GET /api/v1/ 101.08ms
INF 2026-08-23T12:51:00.555Z > 200 GET /api/v1/ 103.76ms
INF 2026-08-23T12:51:00.558Z > 200 GET /api/v1/ 105.57ms
INF 2026-08-23T12:51:00.561Z > 200 GET /api/v1/ 109.62ms
INF 2026-08-23T12:51:00.582Z > 200 GET /api/v1/ 81.01ms
INF 2026-08-23T12:51:00.583Z > 200 GET /api/v1/ 112.3ms
INF 2026-08-23T12:51:00.584Z > 200 GET /api/v1/ 117.26ms
INF 2026-08-23T12:51:00.584Z > 200 GET /api/v1/ 115.37ms
INF 2026-08-23T12:51:00.585Z > 200 GET /api/v1/ 116.35ms
INF 2026-08-23T12:51:00.585Z > 200 GET /api/v1/ 119.87ms
INF 2026-08-23T12:51:00.585Z > 200 GET /api/v1/ 120.8ms
INF 2026-08-23T12:51:00.587Z > 200 GET /api/v1/ 121.45ms
INF 2026-08-23T12:51:00.589Z > 200 GET /api/v1/ 125.1ms
INF 2026-08-23T12:51:00.590Z > 200 GET /api/v1/ 148.81ms
INF 2026-08-23T12:51:00.590Z > 200 GET /api/v1/ 137.02ms
INF 2026-08-23T12:51:00.592Z > 200 GET /api/v1/ 151.73ms
INF 2026-08-23T12:51:00.592Z > 200 GET /api/v1/ 134.36ms
INF 2026-08-23T12:51:00.593Z > 200 GET /api/v1/ 132.74ms
INF 2026-08-23T12:51:00.593Z > 200 GET /api/v1/ 97.82ms
INF 2026-08-23T12:51:00.596Z > 200 GET /api/v1/ 104.62ms
INF 2026-08-23T12:51:00.597Z > 200 GET /api/v1/ 108.14ms
INF 2026-08-23T12:51:00.597Z > 200 GET /api/v1/ 107.9ms
INF 2026-08-23T12:51:00.598Z > 200 GET /api/v1/ 109.46ms
INF 2026-08-23T12:51:00.598Z > 200 GET /api/v1/ 109.01ms
INF 2026-08-23T12:51:00.598Z > 200 GET /api/v1/ 110.44ms
INF 2026-08-23T12:51:00.599Z > 200 GET /api/v1/ 100.18ms
INF 2026-08-23T12:51:00.600Z > 200 GET /api/v1/ 111.44ms
INF 2026-08-23T12:51:00.600Z > 200 GET /api/v1/ 111.64ms
INF 2026-08-23T12:51:00.602Z > 200 GET /api/v1/ 113.52ms
INF 2026-08-23T12:51:00.603Z > 200 GET /api/v1/ 113.48ms
INF 2026-08-23T12:51:00.604Z > 200 GET /api/v1/ 115.41ms
INF 2026-08-23T12:51:00.604Z > 200 GET /api/v1/ 116.3ms
INF 2026-08-23T12:51:00.604Z > 200 GET /api/v1/ 117.29ms
INF 2026-08-23T12:51:00.605Z > 200 GET /api/v1/ 117.09ms
INF 2026-08-23T12:51:00.605Z > 200 GET /api/v1/ 116.55ms
INF 2026-08-23T12:51:00.608Z > 200 GET /api/v1/ 104.66ms
INF 2026-08-23T12:51:00.611Z > 200 GET /api/v1/ 108.9ms
INF 2026-08-23T12:51:00.611Z > 200 GET /api/v1/ 111.52ms
INF 2026-08-23T12:51:00.612Z > 200 GET /api/v1/ 109.74ms
INF 2026-08-23T12:51:00.613Z > 200 GET /api/v1/ 114.82ms
INF 2026-08-23T12:51:00.615Z > 200 GET /api/v1/ 116.81ms
INF 2026-08-23T12:51:00.616Z > 200 GET /api/v1/ 118.47ms
INF 2026-08-23T12:51:00.634Z > 200 GET /api/v1/ 174.64ms
INF 2026-08-23T12:51:00.634Z > 200 GET /api/v1/ 138.29ms
INF 2026-08-23T12:51:00.634Z > 200 GET /api/v1/ 175.69ms
INF 2026-08-23T12:51:00.634Z > 200 GET /api/v1/ 172.3ms
INF 2026-08-23T12:51:00.635Z > 200 GET /api/v1/ 172.22ms
INF 2026-08-23T12:51:00.640Z > 200 GET /api/v1/ 129.89ms
INF 2026-08-23T12:51:00.641Z > 200 GET /api/v1/ 129.2ms
INF 2026-08-23T12:51:00.642Z > 200 GET /api/v1/ 134.82ms
INF 2026-08-23T12:51:00.644Z > 200 GET /api/v1/ 83.65ms
INF 2026-08-23T12:51:00.645Z > 200 GET /api/v1/ 120.89ms
INF 2026-08-23T12:51:00.646Z > 200 GET /api/v1/ 117.39ms
INF 2026-08-23T12:51:00.646Z > 200 GET /api/v1/ 118.03ms
INF 2026-08-23T12:51:00.646Z > 200 GET /api/v1/ 118.96ms
INF 2026-08-23T12:51:00.647Z > 200 GET /api/v1/ 118.39ms
INF 2026-08-23T12:51:00.648Z > 200 GET /api/v1/ 130.71ms
INF 2026-08-23T12:51:00.648Z > 200 GET /api/v1/ 151.31ms
INF 2026-08-23T12:51:00.649Z > 200 GET /api/v1/ 136.13ms
INF 2026-08-23T12:51:00.652Z > 200 GET /api/v1/ 104.56ms
INF 2026-08-23T12:51:00.653Z > 200 GET /api/v1/ 143.38ms
INF 2026-08-23T12:51:00.657Z > 200 GET /api/v1/ 71.73ms
INF 2026-08-23T12:51:00.661Z > 200 GET /api/v1/ 154.32ms
INF 2026-08-23T12:51:00.663Z > 200 GET /api/v1/ 136.1ms
INF 2026-08-23T12:51:00.664Z > 200 GET /api/v1/ 141.4ms
INF 2026-08-23T12:51:00.664Z > 200 GET /api/v1/ 160.29ms
INF 2026-08-23T12:51:00.665Z > 200 GET /api/v1/ 137.93ms
INF 2026-08-23T12:51:00.665Z > 200 GET /api/v1/ 89.15ms
INF 2026-08-23T12:51:00.665Z > 200 GET /api/v1/ 100.4ms
INF 2026-08-23T12:51:00.666Z > 200 GET /api/v1/ 104.2ms
INF 2026-08-23T12:51:00.666Z > 200 GET /api/v1/ 114.72ms
INF 2026-08-23T12:51:00.667Z > 200 GET /api/v1/ 119.66ms
INF 2026-08-23T12:51:00.667Z > 200 GET /api/v1/ 116.4ms
INF 2026-08-23T12:51:00.670Z > 200 GET /api/v1/ 82.28ms
INF 2026-08-23T12:51:00.671Z > 200 GET /api/v1/ 158.6ms
INF 2026-08-23T12:51:00.673Z > 200 GET /api/v1/ 84.92ms
INF 2026-08-23T12:51:00.674Z > 200 GET /api/v1/ 86.87ms
INF 2026-08-23T12:51:00.674Z > 200 GET /api/v1/ 86.25ms
INF 2026-08-23T12:51:00.675Z > 200 GET /api/v1/ 62.59ms
INF 2026-08-23T12:51:00.676Z > 200 GET /api/v1/ 88.42ms
INF 2026-08-23T12:51:00.677Z > 200 GET /api/v1/ 95.56ms
INF 2026-08-23T12:51:00.678Z > 200 GET /api/v1/ 97.96ms
INF 2026-08-23T12:51:00.678Z > 200 GET /api/v1/ 97.8ms
INF 2026-08-23T12:51:00.680Z > 200 GET /api/v1/ 151.09ms
INF 2026-08-23T12:51:00.681Z > 200 GET /api/v1/ 108.47ms
INF 2026-08-23T12:51:00.681Z > 200 GET /api/v1/ 152.8ms
INF 2026-08-23T12:51:00.682Z > 200 GET /api/v1/ 118.48ms
INF 2026-08-23T12:51:00.682Z > 200 GET /api/v1/ 105.81ms
INF 2026-08-23T12:51:00.682Z > 200 GET /api/v1/ 118.31ms
INF 2026-08-23T12:51:00.688Z > 200 GET /api/v1/ 97.83ms
INF 2026-08-23T12:51:00.689Z > 200 GET /api/v1/ 98.12ms
INF 2026-08-23T12:51:00.693Z > 200 GET /api/v1/ 78.93ms
INF 2026-08-23T12:51:00.694Z > 200 GET /api/v1/ 87.14ms
INF 2026-08-23T12:51:00.694Z > 200 GET /api/v1/ 46.79ms
INF 2026-08-23T12:51:00.695Z > 200 GET /api/v1/ 89.65ms
INF 2026-08-23T12:51:00.696Z > 200 GET /api/v1/ 99.9ms
INF 2026-08-23T12:51:00.696Z > 200 GET /api/v1/ 86.48ms
INF 2026-08-23T12:51:00.696Z > 200 GET /api/v1/ 97.36ms
INF 2026-08-23T12:51:00.697Z > 200 GET /api/v1/ 95.32ms
INF 2026-08-23T12:51:00.698Z > 200 GET /api/v1/ 96.06ms
INF 2026-08-23T12:51:00.698Z > 200 GET /api/v1/ 103.84ms
INF 2026-08-23T12:51:00.698Z > 200 GET /api/v1/ 98.19ms
INF 2026-08-23T12:51:00.699Z > 200 GET /api/v1/ 102.54ms
INF 2026-08-23T12:51:00.700Z > 200 GET /api/v1/ 94.68ms
INF 2026-08-23T12:51:00.701Z > 200 GET /api/v1/ 63.36ms
INF 2026-08-23T12:51:00.701Z > 200 GET /api/v1/ 62.02ms
INF 2026-08-23T12:51:00.701Z > 200 GET /api/v1/ 63.5ms
INF 2026-08-23T12:51:00.702Z > 200 GET /api/v1/ 64.69ms
INF 2026-08-23T12:51:00.702Z > 200 GET /api/v1/ 63.13ms
INF 2026-08-23T12:51:00.702Z > 200 GET /api/v1/ 65.43ms
INF 2026-08-23T12:51:00.703Z > 200 GET /api/v1/ 64.63ms
INF 2026-08-23T12:51:00.705Z > 200 GET /api/v1/ 68.67ms
INF 2026-08-23T12:51:00.705Z > 200 GET /api/v1/ 67.75ms
INF 2026-08-23T12:51:00.706Z > 200 GET /api/v1/ 69.64ms
INF 2026-08-23T12:51:00.706Z > 200 GET /api/v1/ 69.16ms
INF 2026-08-23T12:51:00.708Z > 200 GET /api/v1/ 92.15ms
INF 2026-08-23T12:51:00.716Z > 200 GET /api/v1/ 56.49ms
INF 2026-08-23T12:51:00.716Z > 200 GET /api/v1/ 81.15ms
INF 2026-08-23T12:51:00.717Z > 200 GET /api/v1/ 81.06ms
INF 2026-08-23T12:51:00.717Z > 200 GET /api/v1/ 67.04ms
INF 2026-08-23T12:51:00.718Z > 200 GET /api/v1/ 61.53ms
INF 2026-08-23T12:51:00.718Z > 200 GET /api/v1/ 81.13ms
INF 2026-08-23T12:51:00.718Z > 200 GET /api/v1/ 80.0ms
INF 2026-08-23T12:51:00.719Z > 200 GET /api/v1/ 67.7ms
INF 2026-08-23T12:51:00.721Z > 200 GET /api/v1/ 70.11ms
INF 2026-08-23T12:51:00.721Z > 200 GET /api/v1/ 72.49ms
INF 2026-08-23T12:51:00.723Z > 200 GET /api/v1/ 73.51ms
INF 2026-08-23T12:51:00.741Z > 200 GET /api/v1/ 90.98ms
INF 2026-08-23T12:51:00.741Z > 200 GET /api/v1/ 89.17ms
INF 2026-08-23T12:51:00.748Z > 200 GET /api/v1/ 86.24ms
INF 2026-08-23T12:51:00.750Z > 200 GET /api/v1/ 55.67ms
INF 2026-08-23T12:51:00.752Z > 200 GET /api/v1/ 59.29ms
INF 2026-08-23T12:51:00.752Z > 200 GET /api/v1/ 98.58ms
INF 2026-08-23T12:51:00.753Z > 200 GET /api/v1/ 99.31ms
INF 2026-08-23T12:51:00.753Z > 200 GET /api/v1/ 85.52ms
INF 2026-08-23T12:51:00.755Z > 200 GET /api/v1/ 100.65ms
INF 2026-08-23T12:51:00.756Z > 200 GET /api/v1/ 103.19ms
INF 2026-08-23T12:51:00.757Z > 200 GET /api/v1/ 106.93ms
INF 2026-08-23T12:51:00.757Z > 200 GET /api/v1/ 86.58ms
INF 2026-08-23T12:51:00.759Z > 200 GET /api/v1/ 108.27ms
INF 2026-08-23T12:51:00.763Z > 200 GET /api/v1/ 76.66ms
INF 2026-08-23T12:51:00.764Z > 200 GET /api/v1/ 77.77ms
INF 2026-08-23T12:51:00.764Z > 200 GET /api/v1/ 77.63ms
INF 2026-08-23T12:51:00.765Z > 200 GET /api/v1/ 80.43ms
INF 2026-08-23T12:51:00.768Z > 200 GET /api/v1/ 86.37ms
INF 2026-08-23T12:51:00.769Z > 200 GET /api/v1/ 105.97ms
INF 2026-08-23T12:51:00.769Z > 200 GET /api/v1/ 107.2ms
INF 2026-08-23T12:51:00.769Z > 200 GET /api/v1/ 106.32ms
INF 2026-08-23T12:51:00.770Z > 200 GET /api/v1/ 110.13ms
INF 2026-08-23T12:51:00.771Z > 200 GET /api/v1/ 78.71ms
INF 2026-08-23T12:51:00.772Z > 200 GET /api/v1/ 81.44ms
INF 2026-08-23T12:51:00.772Z > 200 GET /api/v1/ 80.94ms
INF 2026-08-23T12:51:00.773Z > 200 GET /api/v1/ 82.99ms
INF 2026-08-23T12:51:00.775Z > 200 GET /api/v1/ 88.0ms
INF 2026-08-23T12:51:00.783Z > 200 GET /api/v1/ 92.07ms
INF 2026-08-23T12:51:00.784Z > 200 GET /api/v1/ 63.36ms
INF 2026-08-23T12:51:00.785Z > 200 GET /api/v1/ 79.62ms
INF 2026-08-23T12:51:00.786Z > 200 GET /api/v1/ 82.19ms
INF 2026-08-23T12:51:00.787Z > 200 GET /api/v1/ 69.74ms
INF 2026-08-23T12:51:00.788Z > 200 GET /api/v1/ 91.18ms
INF 2026-08-23T12:51:00.788Z > 200 GET /api/v1/ 89.42ms
INF 2026-08-23T12:51:00.789Z > 200 GET /api/v1/ 95.04ms
INF 2026-08-23T12:51:00.790Z > 200 GET /api/v1/ 96.53ms
INF 2026-08-23T12:51:00.793Z > 200 GET /api/v1/ 80.52ms
INF 2026-08-23T12:51:00.793Z > 200 GET /api/v1/ 82.13ms
INF 2026-08-23T12:51:00.793Z > 200 GET /api/v1/ 82.97ms
INF 2026-08-23T12:51:00.794Z > 200 GET /api/v1/ 84.76ms
INF 2026-08-23T12:51:00.794Z > 200 GET /api/v1/ 84.31ms
INF 2026-08-23T12:51:00.806Z > 200 GET /api/v1/ 48.92ms
INF 2026-08-23T12:51:00.806Z > 200 GET /api/v1/ 51.46ms
INF 2026-08-23T12:51:00.807Z > 200 GET /api/v1/ 53.36ms
INF 2026-08-23T12:51:00.807Z > 200 GET /api/v1/ 87.18ms
INF 2026-08-23T12:51:00.808Z > 200 GET /api/v1/ 65.87ms
INF 2026-08-23T12:51:00.810Z > 200 GET /api/v1/ 93.27ms
INF 2026-08-23T12:51:00.810Z > 200 GET /api/v1/ 110.23ms
INF 2026-08-23T12:51:00.811Z > 200 GET /api/v1/ 96.34ms
INF 2026-08-23T12:51:00.811Z > 200 GET /api/v1/ 97.33ms
INF 2026-08-23T12:51:00.812Z > 200 GET /api/v1/ 100.27ms
INF 2026-08-23T12:51:00.812Z > 200 GET /api/v1/ 98.86ms
INF 2026-08-23T12:51:00.813Z > 200 GET /api/v1/ 100.08ms
INF 2026-08-23T12:51:00.815Z > 200 GET /api/v1/ 68.79ms
INF 2026-08-23T12:51:00.815Z > 200 GET /api/v1/ 69.69ms
INF 2026-08-23T12:51:00.815Z > 200 GET /api/v1/ 70.3ms
INF 2026-08-23T12:51:00.816Z > 200 GET /api/v1/ 70.01ms
INF 2026-08-23T12:51:00.817Z > 200 GET /api/v1/ 73.91ms
INF 2026-08-23T12:51:00.818Z > 200 GET /api/v1/ 45.77ms
INF 2026-08-23T12:51:00.818Z > 200 GET /api/v1/ 75.01ms
INF 2026-08-23T12:51:00.819Z > 200 GET /api/v1/ 75.92ms
INF 2026-08-23T12:51:00.819Z > 200 GET /api/v1/ 77.31ms
INF 2026-08-23T12:51:00.820Z > 200 GET /api/v1/ 78.13ms
INF 2026-08-23T12:51:00.821Z > 200 GET /api/v1/ 65.48ms
INF 2026-08-23T12:51:00.826Z > 200 GET /api/v1/ 70.83ms
INF 2026-08-23T12:51:00.826Z > 200 GET /api/v1/ 69.49ms
INF 2026-08-23T12:51:00.827Z > 200 GET /api/v1/ 86.45ms
INF 2026-08-23T12:51:00.828Z > 200 GET /api/v1/ 88.55ms
INF 2026-08-23T12:51:00.829Z > 200 GET /api/v1/ 73.0ms
INF 2026-08-23T12:51:00.829Z > 200 GET /api/v1/ 89.35ms
INF 2026-08-23T12:51:00.829Z > 200 GET /api/v1/ 75.5ms
INF 2026-08-23T12:51:00.830Z > 200 GET /api/v1/ 69.99ms
INF 2026-08-23T12:51:00.831Z > 200 GET /api/v1/ 80.44ms
INF 2026-08-23T12:51:00.832Z > 200 GET /api/v1/ 81.21ms
INF 2026-08-23T12:51:00.832Z > 200 GET /api/v1/ 83.17ms
INF 2026-08-23T12:51:00.833Z > 200 GET /api/v1/ 84.67ms
INF 2026-08-23T12:51:00.834Z > 200 GET /api/v1/ 118.71ms
INF 2026-08-23T12:51:00.835Z > 200 GET /api/v1/ 122.67ms
INF 2026-08-23T12:51:00.837Z > 200 GET /api/v1/ 90.38ms
INF 2026-08-23T12:51:00.857Z > 200 GET /api/v1/ 98.14ms
INF 2026-08-23T12:51:00.858Z > 200 GET /api/v1/ 98.36ms
INF 2026-08-23T12:51:00.858Z > 200 GET /api/v1/ 98.17ms
INF 2026-08-23T12:51:00.860Z > 200 GET /api/v1/ 119.56ms
INF 2026-08-23T12:51:00.861Z > 200 GET /api/v1/ 102.63ms
INF 2026-08-23T12:51:00.861Z > 200 GET /api/v1/ 121.84ms
INF 2026-08-23T12:51:00.861Z > 200 GET /api/v1/ 122.78ms
INF 2026-08-23T12:51:00.862Z > 200 GET /api/v1/ 103.28ms
INF 2026-08-23T12:51:00.862Z > 200 GET /api/v1/ 121.78ms
INF 2026-08-23T12:51:00.863Z > 200 GET /api/v1/ 122.45ms
INF 2026-08-23T12:51:00.863Z > 200 GET /api/v1/ 123.34ms
INF 2026-08-23T12:51:00.864Z > 200 GET /api/v1/ 108.64ms
INF 2026-08-23T12:51:00.864Z > 200 GET /api/v1/ 88.68ms
INF 2026-08-23T12:51:00.865Z > 200 GET /api/v1/ 90.64ms
INF 2026-08-23T12:51:00.871Z > 200 GET /api/v1/ 78.11ms
INF 2026-08-23T12:51:00.873Z > 200 GET /api/v1/ 62.0ms
INF 2026-08-23T12:51:00.874Z > 200 GET /api/v1/ 59.28ms
INF 2026-08-23T12:51:00.880Z > 200 GET /api/v1/ 82.79ms
INF 2026-08-23T12:51:00.880Z > 200 GET /api/v1/ 101.21ms
INF 2026-08-23T12:51:00.882Z > 200 GET /api/v1/ 142.3ms
INF 2026-08-23T12:51:00.883Z > 200 GET /api/v1/ 104.65ms
INF 2026-08-23T12:51:00.883Z > 200 GET /api/v1/ 106.68ms
INF 2026-08-23T12:51:00.884Z > 200 GET /api/v1/ 86.41ms
INF 2026-08-23T12:51:00.885Z > 200 GET /api/v1/ 65.25ms
INF 2026-08-23T12:51:00.886Z > 200 GET /api/v1/ 67.45ms
INF 2026-08-23T12:51:00.887Z > 200 GET /api/v1/ 71.21ms
INF 2026-08-23T12:51:00.887Z > 200 GET /api/v1/ 95.75ms
INF 2026-08-23T12:51:00.892Z > 200 GET /api/v1/ 77.88ms
INF 2026-08-23T12:51:00.896Z > 200 GET /api/v1/ 129.44ms
INF 2026-08-23T12:51:00.897Z > 200 GET /api/v1/ 64.84ms
INF 2026-08-23T12:51:00.897Z > 200 GET /api/v1/ 89.16ms
INF 2026-08-23T12:51:00.898Z > 200 GET /api/v1/ 92.66ms
INF 2026-08-23T12:51:00.899Z > 200 GET /api/v1/ 93.88ms
INF 2026-08-23T12:51:00.902Z > 200 GET /api/v1/ 98.29ms
INF 2026-08-23T12:51:00.902Z > 200 GET /api/v1/ 101.24ms
INF 2026-08-23T12:51:00.903Z > 200 GET /api/v1/ 82.87ms
INF 2026-08-23T12:51:00.905Z > 200 GET /api/v1/ 147.12ms
INF 2026-08-23T12:51:00.905Z > 200 GET /api/v1/ 125.55ms
INF 2026-08-23T12:51:00.906Z > 200 GET /api/v1/ 85.06ms
INF 2026-08-23T12:51:00.912Z > 200 GET /api/v1/ 95.82ms
INF 2026-08-23T12:51:00.912Z > 200 GET /api/v1/ 96.92ms
INF 2026-08-23T12:51:00.913Z > 200 GET /api/v1/ 96.08ms
INF 2026-08-23T12:51:00.915Z > 200 GET /api/v1/ 101.92ms
INF 2026-08-23T12:51:00.916Z > 200 GET /api/v1/ 105.2ms
INF 2026-08-23T12:51:00.916Z > 200 GET /api/v1/ 79.15ms
INF 2026-08-23T12:51:00.923Z > 200 GET /api/v1/ 97.63ms
INF 2026-08-23T12:51:00.923Z > 200 GET /api/v1/ 58.85ms
INF 2026-08-23T12:51:00.928Z > 200 GET /api/v1/ 69.07ms
INF 2026-08-23T12:51:00.928Z > 200 GET /api/v1/ 71.04ms
INF 2026-08-23T12:51:00.929Z > 200 GET /api/v1/ 72.48ms
INF 2026-08-23T12:51:00.932Z > 200 GET /api/v1/ 57.37ms
INF 2026-08-23T12:51:00.932Z > 200 GET /api/v1/ 98.13ms
INF 2026-08-23T12:51:00.935Z > 200 GET /api/v1/ 120.76ms
INF 2026-08-23T12:51:00.935Z > 200 GET /api/v1/ 125.65ms
INF 2026-08-23T12:51:00.936Z > 200 GET /api/v1/ 126.47ms
INF 2026-08-23T12:51:00.937Z > 200 GET /api/v1/ 67.06ms
INF 2026-08-23T12:51:00.937Z > 200 GET /api/v1/ 69.38ms
INF 2026-08-23T12:51:00.938Z > 200 GET /api/v1/ 68.58ms
INF 2026-08-23T12:51:00.938Z > 200 GET /api/v1/ 69.18ms
INF 2026-08-23T12:51:00.939Z > 200 GET /api/v1/ 70.17ms
INF 2026-08-23T12:51:00.939Z > 200 GET /api/v1/ 70.08ms
INF 2026-08-23T12:51:00.940Z > 200 GET /api/v1/ 70.25ms
INF 2026-08-23T12:51:00.940Z > 200 GET /api/v1/ 72.09ms
INF 2026-08-23T12:51:00.940Z > 200 GET /api/v1/ 71.8ms
INF 2026-08-23T12:51:00.941Z > 200 GET /api/v1/ 74.02ms
INF 2026-08-23T12:51:00.942Z > 200 GET /api/v1/ 74.2ms
INF 2026-08-23T12:51:00.942Z > 200 GET /api/v1/ 74.86ms
INF 2026-08-23T12:51:00.942Z > 200 GET /api/v1/ 75.93ms
INF 2026-08-23T12:51:00.943Z > 200 GET /api/v1/ 75.61ms
INF 2026-08-23T12:51:00.943Z > 200 GET /api/v1/ 76.3ms
INF 2026-08-23T12:51:00.943Z > 200 GET /api/v1/ 76.54ms
INF 2026-08-23T12:51:00.943Z > 200 GET /api/v1/ 77.49ms
INF 2026-08-23T12:51:00.944Z > 200 GET /api/v1/ 78.31ms
INF 2026-08-23T12:51:00.944Z > 200 GET /api/v1/ 78.3ms
INF 2026-08-23T12:51:00.945Z > 200 GET /api/v1/ 79.68ms
INF 2026-08-23T12:51:00.945Z > 200 GET /api/v1/ 79.35ms
INF 2026-08-23T12:51:00.945Z > 200 GET /api/v1/ 80.04ms
INF 2026-08-23T12:51:00.948Z > 200 GET /api/v1/ 88.75ms
INF 2026-08-23T12:51:00.949Z > 200 GET /api/v1/ 88.52ms
INF 2026-08-23T12:51:00.949Z > 200 GET /api/v1/ 87.49ms
INF 2026-08-23T12:51:00.950Z > 200 GET /api/v1/ 91.59ms
INF 2026-08-23T12:51:00.950Z > 200 GET /api/v1/ 76.01ms
INF 2026-08-23T12:51:00.952Z > 200 GET /api/v1/ 75.81ms
INF 2026-08-23T12:51:00.952Z > 200 GET /api/v1/ 76.64ms
INF 2026-08-23T12:51:00.952Z > 200 GET /api/v1/ 78.85ms
INF 2026-08-23T12:51:00.954Z > 200 GET /api/v1/ 80.75ms
INF 2026-08-23T12:51:00.973Z > 200 GET /api/v1/ 135.81ms
INF 2026-08-23T12:51:00.974Z > 200 GET /api/v1/ 135.71ms
INF 2026-08-23T12:51:00.974Z > 200 GET /api/v1/ 138.31ms
INF 2026-08-23T12:51:00.974Z > 200 GET /api/v1/ 137.11ms
INF 2026-08-23T12:51:00.975Z > 200 GET /api/v1/ 82.17ms
INF 2026-08-23T12:51:00.978Z > 200 GET /api/v1/ 88.43ms
INF 2026-08-23T12:51:00.978Z > 200 GET /api/v1/ 91.01ms
INF 2026-08-23T12:51:00.981Z > 200 GET /api/v1/ 102.45ms
INF 2026-08-23T12:51:00.981Z > 200 GET /api/v1/ 119.64ms
INF 2026-08-23T12:51:00.983Z > 200 GET /api/v1/ 107.85ms
INF 2026-08-23T12:51:00.983Z > 200 GET /api/v1/ 106.02ms
INF 2026-08-23T12:51:00.988Z > 200 GET /api/v1/ 98.71ms
INF 2026-08-23T12:51:00.988Z > 200 GET /api/v1/ 94.45ms
INF 2026-08-23T12:51:00.989Z > 200 GET /api/v1/ 94.29ms
INF 2026-08-23T12:51:00.991Z > 200 GET /api/v1/ 81.12ms
INF 2026-08-23T12:51:00.992Z > 200 GET /api/v1/ 80.77ms
INF 2026-08-23T12:51:00.995Z > 200 GET /api/v1/ 85.74ms
INF 2026-08-23T12:51:00.997Z > 200 GET /api/v1/ 89.37ms
INF 2026-08-23T12:51:00.998Z > 200 GET /api/v1/ 91.89ms
INF 2026-08-23T12:51:00.998Z > 200 GET /api/v1/ 90.94ms
INF 2026-08-23T12:51:00.999Z > 200 GET /api/v1/ 90.17ms
INF 2026-08-23T12:51:01.005Z > 200 GET /api/v1/ 65.21ms
INF 2026-08-23T12:51:01.009Z > 200 GET /api/v1/ 89.01ms
INF 2026-08-23T12:51:01.009Z > 200 GET /api/v1/ 91.36ms
INF 2026-08-23T12:51:01.013Z > 200 GET /api/v1/ 99.95ms
INF 2026-08-23T12:51:01.013Z > 200 GET /api/v1/ 98.74ms
INF 2026-08-23T12:51:01.014Z > 200 GET /api/v1/ 100.14ms
INF 2026-08-23T12:51:01.015Z > 200 GET /api/v1/ 85.34ms
INF 2026-08-23T12:51:01.016Z > 200 GET /api/v1/ 85.23ms
INF 2026-08-23T12:51:01.017Z > 200 GET /api/v1/ 86.62ms
INF 2026-08-23T12:51:01.018Z > 200 GET /api/v1/ 90.5ms
INF 2026-08-23T12:51:01.019Z > 200 GET /api/v1/ 66.11ms
INF 2026-08-23T12:51:01.019Z > 200 GET /api/v1/ 92.07ms
INF 2026-08-23T12:51:01.020Z > 200 GET /api/v1/ 93.63ms
INF 2026-08-23T12:51:01.020Z > 200 GET /api/v1/ 70.21ms
INF 2026-08-23T12:51:01.022Z > 200 GET /api/v1/ 95.38ms
INF 2026-08-23T12:51:01.022Z > 200 GET /api/v1/ 97.79ms
INF 2026-08-23T12:51:01.023Z > 200 GET /api/v1/ 103.98ms
INF 2026-08-23T12:51:01.033Z > 200 GET /api/v1/ 78.25ms
INF 2026-08-23T12:51:01.034Z > 200 GET /api/v1/ 81.44ms
INF 2026-08-23T12:51:01.036Z > 200 GET /api/v1/ 84.81ms
INF 2026-08-23T12:51:01.037Z > 200 GET /api/v1/ 86.32ms
INF 2026-08-23T12:51:01.038Z > 200 GET /api/v1/ 85.41ms
INF 2026-08-23T12:51:01.038Z > 200 GET /api/v1/ 91.95ms
INF 2026-08-23T12:51:01.039Z > 200 GET /api/v1/ 115.35ms
INF 2026-08-23T12:51:01.041Z > 200 GET /api/v1/ 95.02ms
INF 2026-08-23T12:51:01.042Z > 200 GET /api/v1/ 94.12ms
INF 2026-08-23T12:51:01.044Z > 200 GET /api/v1/ 64.58ms
INF 2026-08-23T12:51:01.045Z > 200 GET /api/v1/ 64.86ms
INF 2026-08-23T12:51:01.046Z > 200 GET /api/v1/ 66.44ms
INF 2026-08-23T12:51:01.046Z > 200 GET /api/v1/ 70.28ms
INF 2026-08-23T12:51:01.046Z > 200 GET /api/v1/ 69.44ms
INF 2026-08-23T12:51:01.046Z > 200 GET /api/v1/ 69.08ms
INF 2026-08-23T12:51:01.047Z > 200 GET /api/v1/ 70.72ms
INF 2026-08-23T12:51:01.048Z > 200 GET /api/v1/ 70.59ms
INF 2026-08-23T12:51:01.048Z > 200 GET /api/v1/ 71.44ms
INF 2026-08-23T12:51:01.048Z > 200 GET /api/v1/ 72.24ms
INF 2026-08-23T12:51:01.049Z > 200 GET /api/v1/ 72.51ms
INF 2026-08-23T12:51:01.051Z > 200 GET /api/v1/ 77.79ms
INF 2026-08-23T12:51:01.051Z > 200 GET /api/v1/ 59.51ms
INF 2026-08-23T12:51:01.052Z > 200 GET /api/v1/ 142.57ms
INF 2026-08-23T12:51:01.055Z > 200 GET /api/v1/ 83.04ms
INF 2026-08-23T12:51:01.055Z > 200 GET /api/v1/ 82.8ms
INF 2026-08-23T12:51:01.055Z > 200 GET /api/v1/ 100.15ms
INF 2026-08-23T12:51:01.056Z > 200 GET /api/v1/ 69.68ms
INF 2026-08-23T12:51:01.057Z > 200 GET /api/v1/ 71.01ms
INF 2026-08-23T12:51:01.057Z > 200 GET /api/v1/ 70.51ms
INF 2026-08-23T12:51:01.058Z > 200 GET /api/v1/ 72.46ms
INF 2026-08-23T12:51:01.058Z > 200 GET /api/v1/ 74.87ms
INF 2026-08-23T12:51:01.058Z > 200 GET /api/v1/ 74.09ms
INF 2026-08-23T12:51:01.059Z > 200 GET /api/v1/ 74.23ms
INF 2026-08-23T12:51:01.060Z > 200 GET /api/v1/ 75.79ms
INF 2026-08-23T12:51:01.060Z > 200 GET /api/v1/ 76.39ms
INF 2026-08-23T12:51:01.062Z > 200 GET /api/v1/ 137.11ms
INF 2026-08-23T12:51:01.065Z > 200 GET /api/v1/ 64.08ms
INF 2026-08-23T12:51:01.065Z > 200 GET /api/v1/ 69.88ms
INF 2026-08-23T12:51:01.065Z > 200 GET /api/v1/ 62.78ms
INF 2026-08-23T12:51:01.065Z > 200 GET /api/v1/ 66.55ms
INF 2026-08-23T12:51:01.066Z > 200 GET /api/v1/ 66.02ms
INF 2026-08-23T12:51:01.082Z > 200 GET /api/v1/ 82.08ms
INF 2026-08-23T12:51:01.082Z > 200 GET /api/v1/ 89.51ms
INF 2026-08-23T12:51:01.086Z > 200 GET /api/v1/ 111.21ms
INF 2026-08-23T12:51:01.086Z > 200 GET /api/v1/ 111.12ms
INF 2026-08-23T12:51:01.087Z > 200 GET /api/v1/ 96.8ms
INF 2026-08-23T12:51:01.087Z > 200 GET /api/v1/ 98.22ms
INF 2026-08-23T12:51:01.092Z > 200 GET /api/v1/ 84.89ms
INF 2026-08-23T12:51:01.097Z > 200 GET /api/v1/ 74.36ms
INF 2026-08-23T12:51:01.098Z > 200 GET /api/v1/ 95.65ms
INF 2026-08-23T12:51:01.098Z > 200 GET /api/v1/ 95.33ms
INF 2026-08-23T12:51:01.098Z > 200 GET /api/v1/ 97.4ms
INF 2026-08-23T12:51:01.098Z > 200 GET /api/v1/ 116.31ms
INF 2026-08-23T12:51:01.100Z > 200 GET /api/v1/ 99.4ms
INF 2026-08-23T12:51:01.103Z > 200 GET /api/v1/ 91.63ms
INF 2026-08-23T12:51:01.104Z > 200 GET /api/v1/ 94.0ms
INF 2026-08-23T12:51:01.104Z > 200 GET /api/v1/ 92.32ms
INF 2026-08-23T12:51:01.106Z > 200 GET /api/v1/ 95.67ms
INF 2026-08-23T12:51:01.108Z > 200 GET /api/v1/ 98.8ms
INF 2026-08-23T12:51:01.108Z > 200 GET /api/v1/ 97.39ms
INF 2026-08-23T12:51:01.109Z > 200 GET /api/v1/ 120.14ms
INF 2026-08-23T12:51:01.113Z > 200 GET /api/v1/ 83.05ms
INF 2026-08-23T12:51:01.114Z > 200 GET /api/v1/ 83.74ms
INF 2026-08-23T12:51:01.114Z > 200 GET /api/v1/ 84.87ms
INF 2026-08-23T12:51:01.115Z > 200 GET /api/v1/ 86.78ms
INF 2026-08-23T12:51:01.117Z > 200 GET /api/v1/ 91.76ms
INF 2026-08-23T12:51:01.118Z > 200 GET /api/v1/ 92.7ms
INF 2026-08-23T12:51:01.121Z > 200 GET /api/v1/ 125.18ms
INF 2026-08-23T12:51:01.124Z > 200 GET /api/v1/ 122.2ms
INF 2026-08-23T12:51:01.126Z > 200 GET /api/v1/ 68.81ms
INF 2026-08-23T12:51:01.127Z > 200 GET /api/v1/ 93.84ms
INF 2026-08-23T12:51:01.127Z > 200 GET /api/v1/ 92.63ms
INF 2026-08-23T12:51:01.135Z > 200 GET /api/v1/ 90.3ms
INF 2026-08-23T12:51:01.135Z > 200 GET /api/v1/ 88.62ms
INF 2026-08-23T12:51:01.137Z > 200 GET /api/v1/ 93.65ms
INF 2026-08-23T12:51:01.137Z > 200 GET /api/v1/ 114.29ms
INF 2026-08-23T12:51:01.138Z > 200 GET /api/v1/ 95.21ms
INF 2026-08-23T12:51:01.138Z > 200 GET /api/v1/ 98.57ms
INF 2026-08-23T12:51:01.139Z > 200 GET /api/v1/ 96.7ms
INF 2026-08-23T12:51:01.139Z > 200 GET /api/v1/ 99.74ms
INF 2026-08-23T12:51:01.140Z > 200 GET /api/v1/ 104.07ms
INF 2026-08-23T12:51:01.146Z > 200 GET /api/v1/ 87.88ms
INF 2026-08-23T12:51:01.147Z > 200 GET /api/v1/ 90.93ms
INF 2026-08-23T12:51:01.150Z > 200 GET /api/v1/ 57.75ms
INF 2026-08-23T12:51:01.151Z > 200 GET /api/v1/ 98.32ms
INF 2026-08-23T12:51:01.151Z > 200 GET /api/v1/ 121.83ms
INF 2026-08-23T12:51:01.152Z > 200 GET /api/v1/ 98.85ms
INF 2026-08-23T12:51:01.152Z > 200 GET /api/v1/ 69.2ms
INF 2026-08-23T12:51:01.152Z > 200 GET /api/v1/ 70.21ms
INF 2026-08-23T12:51:01.153Z > 200 GET /api/v1/ 48.34ms
INF 2026-08-23T12:51:01.153Z > 200 GET /api/v1/ 69.13ms
INF 2026-08-23T12:51:01.154Z > 200 GET /api/v1/ 68.5ms
INF 2026-08-23T12:51:01.154Z > 200 GET /api/v1/ 69.4ms
INF 2026-08-23T12:51:01.154Z > 200 GET /api/v1/ 50.97ms
INF 2026-08-23T12:51:01.155Z > 200 GET /api/v1/ 91.98ms
INF 2026-08-23T12:51:01.158Z > 200 GET /api/v1/ 94.3ms
INF 2026-08-23T12:51:01.159Z > 200 GET /api/v1/ 94.89ms
INF 2026-08-23T12:51:01.159Z > 200 GET /api/v1/ 66.18ms
INF 2026-08-23T12:51:01.162Z > 200 GET /api/v1/ 66.91ms
INF 2026-08-23T12:51:01.163Z > 200 GET /api/v1/ 67.12ms
INF 2026-08-23T12:51:01.164Z > 200 GET /api/v1/ 68.7ms
INF 2026-08-23T12:51:01.164Z > 200 GET /api/v1/ 67.25ms
INF 2026-08-23T12:51:01.164Z > 200 GET /api/v1/ 70.42ms
INF 2026-08-23T12:51:01.165Z > 200 GET /api/v1/ 70.25ms
INF 2026-08-23T12:51:01.165Z > 200 GET /api/v1/ 70.17ms
INF 2026-08-23T12:51:01.167Z > 200 GET /api/v1/ 72.73ms
INF 2026-08-23T12:51:01.168Z > 200 GET /api/v1/ 74.91ms
INF 2026-08-23T12:51:01.168Z > 200 GET /api/v1/ 72.43ms
INF 2026-08-23T12:51:01.168Z > 200 GET /api/v1/ 77.25ms
INF 2026-08-23T12:51:01.171Z > 200 GET /api/v1/ 80.29ms
INF 2026-08-23T12:51:01.172Z > 200 GET /api/v1/ 81.31ms
INF 2026-08-23T12:51:01.173Z > 200 GET /api/v1/ 80.96ms
INF 2026-08-23T12:51:01.173Z > 200 GET /api/v1/ 83.2ms
INF 2026-08-23T12:51:01.173Z > 200 GET /api/v1/ 83.95ms
INF 2026-08-23T12:51:01.174Z > 200 GET /api/v1/ 86.38ms
INF 2026-08-23T12:51:01.174Z > 200 GET /api/v1/ 73.72ms
INF 2026-08-23T12:51:01.175Z > 200 GET /api/v1/ 73.39ms
INF 2026-08-23T12:51:01.175Z > 200 GET /api/v1/ 74.34ms
INF 2026-08-23T12:51:01.178Z > 200 GET /api/v1/ 78.5ms
INF 2026-08-23T12:51:01.179Z > 200 GET /api/v1/ 79.51ms
INF 2026-08-23T12:51:01.180Z > 200 GET /api/v1/ 81.23ms
INF 2026-08-23T12:51:01.196Z > 200 GET /api/v1/ 74.47ms
INF 2026-08-23T12:51:01.196Z > 200 GET /api/v1/ 101.12ms
INF 2026-08-23T12:51:01.196Z > 200 GET /api/v1/ 77.85ms
INF 2026-08-23T12:51:01.203Z > 200 GET /api/v1/ 87.12ms
INF 2026-08-23T12:51:01.203Z > 200 GET /api/v1/ 91.73ms
INF 2026-08-23T12:51:01.203Z > 200 GET /api/v1/ 91.59ms
INF 2026-08-23T12:51:01.204Z > 200 GET /api/v1/ 96.65ms
INF 2026-08-23T12:51:01.204Z > 200 GET /api/v1/ 92.07ms
INF 2026-08-23T12:51:01.205Z > 200 GET /api/v1/ 97.77ms
INF 2026-08-23T12:51:01.205Z > 200 GET /api/v1/ 100.43ms
INF 2026-08-23T12:51:01.206Z > 200 GET /api/v1/ 99.63ms
INF 2026-08-23T12:51:01.206Z > 200 GET /api/v1/ 117.62ms
INF 2026-08-23T12:51:01.206Z > 200 GET /api/v1/ 118.33ms
INF 2026-08-23T12:51:01.210Z > 200 GET /api/v1/ 87.15ms
INF 2026-08-23T12:51:01.213Z > 200 GET /api/v1/ 92.89ms
INF 2026-08-23T12:51:01.214Z > 200 GET /api/v1/ 55.59ms
INF 2026-08-23T12:51:01.216Z > 200 GET /api/v1/ 83.31ms
INF 2026-08-23T12:51:01.217Z > 200 GET /api/v1/ 83.4ms
INF 2026-08-23T12:51:01.217Z > 200 GET /api/v1/ 83.64ms
INF 2026-08-23T12:51:01.221Z > 200 GET /api/v1/ 88.9ms
INF 2026-08-23T12:51:01.222Z > 200 GET /api/v1/ 109.33ms
INF 2026-08-23T12:51:01.222Z > 200 GET /api/v1/ 67.84ms
INF 2026-08-23T12:51:01.222Z > 200 GET /api/v1/ 111.92ms
INF 2026-08-23T12:51:01.228Z > 200 GET /api/v1/ 82.63ms
INF 2026-08-23T12:51:01.229Z > 200 GET /api/v1/ 84.31ms
INF 2026-08-23T12:51:01.229Z > 200 GET /api/v1/ 84.08ms
INF 2026-08-23T12:51:01.231Z > 200 GET /api/v1/ 86.56ms
INF 2026-08-23T12:51:01.231Z > 200 GET /api/v1/ 90.22ms
INF 2026-08-23T12:51:01.231Z > 200 GET /api/v1/ 87.58ms
INF 2026-08-23T12:51:01.234Z > 200 GET /api/v1/ 114.24ms
INF 2026-08-23T12:51:01.234Z > 200 GET /api/v1/ 137.48ms
INF 2026-08-23T12:51:01.236Z > 200 GET /api/v1/ 114.45ms
INF 2026-08-23T12:51:01.237Z > 200 GET /api/v1/ 115.08ms
INF 2026-08-23T12:51:01.238Z > 200 GET /api/v1/ 77.84ms
INF 2026-08-23T12:51:01.238Z > 200 GET /api/v1/ 81.64ms
INF 2026-08-23T12:51:01.238Z > 200 GET /api/v1/ 77.88ms
INF 2026-08-23T12:51:01.238Z > 200 GET /api/v1/ 59.89ms
INF 2026-08-23T12:51:01.239Z > 200 GET /api/v1/ 77.78ms
INF 2026-08-23T12:51:01.239Z > 200 GET /api/v1/ 84.03ms
INF 2026-08-23T12:51:01.243Z > 200 GET /api/v1/ 94.31ms
INF 2026-08-23T12:51:01.243Z > 200 GET /api/v1/ 38.41ms
INF 2026-08-23T12:51:01.243Z > 200 GET /api/v1/ 77.76ms
INF 2026-08-23T12:51:01.247Z > 200 GET /api/v1/ 84.17ms
INF 2026-08-23T12:51:01.250Z > 200 GET /api/v1/ 106.82ms
INF 2026-08-23T12:51:01.250Z > 200 GET /api/v1/ 53.64ms
INF 2026-08-23T12:51:01.260Z > 200 GET /api/v1/ 88.2ms
INF 2026-08-23T12:51:01.260Z > 200 GET /api/v1/ 88.8ms
INF 2026-08-23T12:51:01.260Z > 200 GET /api/v1/ 58.49ms
INF 2026-08-23T12:51:01.261Z > 200 GET /api/v1/ 59.17ms
INF 2026-08-23T12:51:01.261Z > 200 GET /api/v1/ 62.16ms
INF 2026-08-23T12:51:01.263Z > 200 GET /api/v1/ 65.27ms
INF 2026-08-23T12:51:01.264Z > 200 GET /api/v1/ 63.56ms
INF 2026-08-23T12:51:01.265Z > 200 GET /api/v1/ 47.64ms
INF 2026-08-23T12:51:01.265Z > 200 GET /api/v1/ 65.45ms
INF 2026-08-23T12:51:01.266Z > 200 GET /api/v1/ 67.36ms
INF 2026-08-23T12:51:01.266Z > 200 GET /api/v1/ 68.7ms
INF 2026-08-23T12:51:01.268Z > 200 GET /api/v1/ 90.11ms
INF 2026-08-23T12:51:01.268Z > 200 GET /api/v1/ 69.79ms
INF 2026-08-23T12:51:01.269Z > 200 GET /api/v1/ 66.35ms
INF 2026-08-23T12:51:01.269Z > 200 GET /api/v1/ 91.67ms
INF 2026-08-23T12:51:01.269Z > 200 GET /api/v1/ 67.42ms
INF 2026-08-23T12:51:01.273Z > 200 GET /api/v1/ 94.5ms
INF 2026-08-23T12:51:01.277Z > 200 GET /api/v1/ 64.6ms
INF 2026-08-23T12:51:01.277Z > 200 GET /api/v1/ 67.11ms
INF 2026-08-23T12:51:01.278Z > 200 GET /api/v1/ 67.14ms
INF 2026-08-23T12:51:01.279Z > 200 GET /api/v1/ 49.51ms
INF 2026-08-23T12:51:01.280Z > 200 GET /api/v1/ 71.43ms
INF 2026-08-23T12:51:01.280Z > 200 GET /api/v1/ 72.02ms
INF 2026-08-23T12:51:01.282Z > 200 GET /api/v1/ 74.93ms
INF 2026-08-23T12:51:01.283Z > 200 GET /api/v1/ 74.25ms
INF 2026-08-23T12:51:01.283Z > 200 GET /api/v1/ 113.77ms
INF 2026-08-23T12:51:01.283Z > 200 GET /api/v1/ 113.4ms
INF 2026-08-23T12:51:01.284Z > 200 GET /api/v1/ 112.91ms
INF 2026-08-23T12:51:01.284Z > 200 GET /api/v1/ 82.49ms
INF 2026-08-23T12:51:01.285Z > 200 GET /api/v1/ 80.67ms
INF 2026-08-23T12:51:01.287Z > 200 GET /api/v1/ 89.31ms
INF 2026-08-23T12:51:01.289Z > 200 GET /api/v1/ 75.89ms
INF 2026-08-23T12:51:01.290Z > 200 GET /api/v1/ 90.54ms
INF 2026-08-23T12:51:01.290Z > 200 GET /api/v1/ 92.15ms
INF 2026-08-23T12:51:01.292Z > 200 GET /api/v1/ 94.58ms
INF 2026-08-23T12:51:01.307Z > 200 GET /api/v1/ 75.57ms
INF 2026-08-23T12:51:01.308Z > 200 GET /api/v1/ 78.33ms
INF 2026-08-23T12:51:01.309Z > 200 GET /api/v1/ 112.68ms
INF 2026-08-23T12:51:01.309Z > 200 GET /api/v1/ 89.63ms
INF 2026-08-23T12:51:01.310Z > 200 GET /api/v1/ 79.85ms
INF 2026-08-23T12:51:01.310Z > 200 GET /api/v1/ 102.22ms
INF 2026-08-23T12:51:01.311Z > 200 GET /api/v1/ 97.99ms
INF 2026-08-23T12:51:01.311Z > 200 GET /api/v1/ 103.99ms
INF 2026-08-23T12:51:01.312Z > 200 GET /api/v1/ 104.22ms
INF 2026-08-23T12:51:01.312Z > 200 GET /api/v1/ 93.11ms
INF 2026-08-23T12:51:01.312Z > 200 GET /api/v1/ 95.2ms
INF 2026-08-23T12:51:01.322Z > 200 GET /api/v1/ 110.02ms
INF 2026-08-23T12:51:01.323Z > 200 GET /api/v1/ 89.83ms
INF 2026-08-23T12:51:01.323Z > 200 GET /api/v1/ 112.01ms
INF 2026-08-23T12:51:01.324Z > 200 GET /api/v1/ 89.49ms
INF 2026-08-23T12:51:01.325Z > 200 GET /api/v1/ 90.32ms
INF 2026-08-23T12:51:01.329Z > 200 GET /api/v1/ 59.99ms
INF 2026-08-23T12:51:01.333Z > 200 GET /api/v1/ 106.57ms
INF 2026-08-23T12:51:01.333Z > 200 GET /api/v1/ 109.58ms
INF 2026-08-23T12:51:01.334Z > 200 GET /api/v1/ 106.8ms
INF 2026-08-23T12:51:01.335Z > 200 GET /api/v1/ 73.57ms
INF 2026-08-23T12:51:01.336Z > 200 GET /api/v1/ 83.71ms
INF 2026-08-23T12:51:01.336Z > 200 GET /api/v1/ 83.01ms
INF 2026-08-23T12:51:01.338Z > 200 GET /api/v1/ 85.96ms
INF 2026-08-23T12:51:01.339Z > 200 GET /api/v1/ 87.28ms
INF 2026-08-23T12:51:01.342Z > 200 GET /api/v1/ 93.3ms
INF 2026-08-23T12:51:01.346Z > 200 GET /api/v1/ 116.45ms
INF 2026-08-23T12:51:01.347Z > 200 GET /api/v1/ 99.14ms
INF 2026-08-23T12:51:01.353Z > 200 GET /api/v1/ 92.19ms
INF 2026-08-23T12:51:01.354Z > 200 GET /api/v1/ 91.33ms
INF 2026-08-23T12:51:01.355Z > 200 GET /api/v1/ 68.05ms
INF 2026-08-23T12:51:01.356Z > 200 GET /api/v1/ 99.4ms
INF 2026-08-23T12:51:01.357Z > 200 GET /api/v1/ 71.23ms
INF 2026-08-23T12:51:01.357Z > 200 GET /api/v1/ 101.6ms
INF 2026-08-23T12:51:01.360Z > 200 GET /api/v1/ 83.43ms
INF 2026-08-23T12:51:01.360Z > 200 GET /api/v1/ 85.48ms
INF 2026-08-23T12:51:01.369Z > 200 GET /api/v1/ 98.34ms
INF 2026-08-23T12:51:01.371Z > 200 GET /api/v1/ 124.14ms
INF 2026-08-23T12:51:01.373Z > 200 GET /api/v1/ 106.18ms
INF 2026-08-23T12:51:01.376Z > 200 GET /api/v1/ 84.75ms
INF 2026-08-23T12:51:01.376Z > 200 GET /api/v1/ 85.51ms
INF 2026-08-23T12:51:01.378Z > 200 GET /api/v1/ 89.34ms
INF 2026-08-23T12:51:01.378Z > 200 GET /api/v1/ 90.77ms
INF 2026-08-23T12:51:01.379Z > 200 GET /api/v1/ 97.05ms
INF 2026-08-23T12:51:01.379Z > 200 GET /api/v1/ 90.64ms
INF 2026-08-23T12:51:01.379Z > 200 GET /api/v1/ 92.4ms
INF 2026-08-23T12:51:01.380Z > 200 GET /api/v1/ 98.91ms
INF 2026-08-23T12:51:01.380Z > 200 GET /api/v1/ 91.14ms
INF 2026-08-23T12:51:01.380Z > 200 GET /api/v1/ 93.01ms
INF 2026-08-23T12:51:01.381Z > 200 GET /api/v1/ 99.42ms
INF 2026-08-23T12:51:01.382Z > 200 GET /api/v1/ 101.73ms
INF 2026-08-23T12:51:01.382Z > 200 GET /api/v1/ 125.48ms
INF 2026-08-23T12:51:01.383Z > 200 GET /api/v1/ 124.75ms
INF 2026-08-23T12:51:01.383Z > 200 GET /api/v1/ 125.48ms
INF 2026-08-23T12:51:01.383Z > 200 GET /api/v1/ 72.31ms
INF 2026-08-23T12:51:01.384Z > 200 GET /api/v1/ 76.23ms
INF 2026-08-23T12:51:01.387Z > 200 GET /api/v1/ 78.42ms
INF 2026-08-23T12:51:01.391Z > 200 GET /api/v1/ 114.64ms
INF 2026-08-23T12:51:01.392Z > 200 GET /api/v1/ 118.77ms
INF 2026-08-23T12:51:01.395Z > 200 GET /api/v1/ 122.33ms
INF 2026-08-23T12:51:01.395Z > 200 GET /api/v1/ 119.45ms
INF 2026-08-23T12:51:01.395Z > 200 GET /api/v1/ 70.56ms
INF 2026-08-23T12:51:01.399Z > 200 GET /api/v1/ 77.59ms
INF 2026-08-23T12:51:01.399Z > 200 GET /api/v1/ 80.1ms
INF 2026-08-23T12:51:01.400Z > 200 GET /api/v1/ 80.78ms
INF 2026-08-23T12:51:01.400Z > 200 GET /api/v1/ 80.26ms
INF 2026-08-23T12:51:01.401Z > 200 GET /api/v1/ 86.82ms
INF 2026-08-23T12:51:01.402Z > 200 GET /api/v1/ 81.38ms
INF 2026-08-23T12:51:01.402Z > 200 GET /api/v1/ 85.13ms
INF 2026-08-23T12:51:01.403Z > 200 GET /api/v1/ 84.12ms
INF 2026-08-23T12:51:01.403Z > 200 GET /api/v1/ 85.06ms
INF 2026-08-23T12:51:01.403Z > 200 GET /api/v1/ 83.47ms
INF 2026-08-23T12:51:01.404Z > 200 GET /api/v1/ 87.74ms
INF 2026-08-23T12:51:01.407Z > 200 GET /api/v1/ 92.04ms
INF 2026-08-23T12:51:01.408Z > 200 GET /api/v1/ 121.98ms
INF 2026-08-23T12:51:01.409Z > 200 GET /api/v1/ 124.17ms
INF 2026-08-23T12:51:01.409Z > 200 GET /api/v1/ 150.93ms
INF 2026-08-23T12:51:01.410Z > 200 GET /api/v1/ 84.95ms
INF 2026-08-23T12:51:01.410Z > 200 GET /api/v1/ 78.29ms
INF 2026-08-23T12:51:01.410Z > 200 GET /api/v1/ 82.27ms
INF 2026-08-23T12:51:01.411Z > 200 GET /api/v1/ 83.68ms
INF 2026-08-23T12:51:01.411Z > 200 GET /api/v1/ 83.53ms
INF 2026-08-23T12:51:01.412Z > 200 GET /api/v1/ 87.86ms
INF 2026-08-23T12:51:01.427Z > 200 GET /api/v1/ 101.43ms
INF 2026-08-23T12:51:01.431Z > 200 GET /api/v1/ 110.36ms
INF 2026-08-23T12:51:01.432Z > 200 GET /api/v1/ 111.84ms
INF 2026-08-23T12:51:01.433Z > 200 GET /api/v1/ 111.56ms
INF 2026-08-23T12:51:01.433Z > 200 GET /api/v1/ 88.06ms
INF 2026-08-23T12:51:01.434Z > 200 GET /api/v1/ 89.47ms
INF 2026-08-23T12:51:01.434Z > 200 GET /api/v1/ 92.28ms
INF 2026-08-23T12:51:01.435Z > 200 GET /api/v1/ 95.52ms
INF 2026-08-23T12:51:01.436Z > 200 GET /api/v1/ 98.78ms
INF 2026-08-23T12:51:01.441Z > 200 GET /api/v1/ 103.91ms
INF 2026-08-23T12:51:01.442Z > 200 GET /api/v1/ 105.27ms
INF 2026-08-23T12:51:01.442Z > 200 GET /api/v1/ 107.25ms
INF 2026-08-23T12:51:01.444Z > 200 GET /api/v1/ 65.37ms
INF 2026-08-23T12:51:01.449Z > 200 GET /api/v1/ 125.56ms
INF 2026-08-23T12:51:01.451Z > 200 GET /api/v1/ 130.07ms
INF 2026-08-23T12:51:01.453Z > 200 GET /api/v1/ 109.05ms
INF 2026-08-23T12:51:01.453Z > 200 GET /api/v1/ 107.91ms
INF 2026-08-23T12:51:01.454Z > 200 GET /api/v1/ 86.11ms
INF 2026-08-23T12:51:01.454Z > 200 GET /api/v1/ 87.6ms
INF 2026-08-23T12:51:01.455Z > 200 GET /api/v1/ 87.52ms
INF 2026-08-23T12:51:01.455Z > 200 GET /api/v1/ 90.57ms
INF 2026-08-23T12:51:01.457Z > 200 GET /api/v1/ 95.59ms
INF 2026-08-23T12:51:01.458Z > 200 GET /api/v1/ 94.27ms
INF 2026-08-23T12:51:01.458Z > 200 GET /api/v1/ 94.11ms
INF 2026-08-23T12:51:01.459Z > 200 GET /api/v1/ 96.02ms
INF 2026-08-23T12:51:01.462Z > 200 GET /api/v1/ 101.65ms
INF 2026-08-23T12:51:01.464Z > 200 GET /api/v1/ 179.35ms
INF 2026-08-23T12:51:01.465Z > 200 GET /api/v1/ 87.49ms
INF 2026-08-23T12:51:01.470Z > 200 GET /api/v1/ 93.54ms
INF 2026-08-23T12:51:01.470Z > 200 GET /api/v1/ 96.61ms
INF 2026-08-23T12:51:01.471Z > 200 GET /api/v1/ 71.18ms
INF 2026-08-23T12:51:01.472Z > 200 GET /api/v1/ 101.74ms
INF 2026-08-23T12:51:01.472Z > 200 GET /api/v1/ 102.81ms
INF 2026-08-23T12:51:01.475Z > 200 GET /api/v1/ 85.44ms
INF 2026-08-23T12:51:01.479Z > 200 GET /api/v1/ 86.54ms
INF 2026-08-23T12:51:01.483Z > 200 GET /api/v1/ 97.8ms
INF 2026-08-23T12:51:01.483Z > 200 GET /api/v1/ 41.03ms
INF 2026-08-23T12:51:01.484Z > 200 GET /api/v1/ 97.98ms
INF 2026-08-23T12:51:01.488Z > 200 GET /api/v1/ 84.01ms
INF 2026-08-23T12:51:01.489Z > 200 GET /api/v1/ 55.21ms
INF 2026-08-23T12:51:01.489Z > 200 GET /api/v1/ 91.37ms
INF 2026-08-23T12:51:01.490Z > 200 GET /api/v1/ 92.32ms
INF 2026-08-23T12:51:01.490Z > 200 GET /api/v1/ 118.63ms
INF 2026-08-23T12:51:01.491Z > 200 GET /api/v1/ 60.16ms
INF 2026-08-23T12:51:01.493Z > 200 GET /api/v1/ 106.3ms
INF 2026-08-23T12:51:01.494Z > 200 GET /api/v1/ 101.94ms
INF 2026-08-23T12:51:01.497Z > 200 GET /api/v1/ 103.25ms
INF 2026-08-23T12:51:01.499Z > 200 GET /api/v1/ 91.15ms
INF 2026-08-23T12:51:01.500Z > 200 GET /api/v1/ 94.58ms
INF 2026-08-23T12:51:01.502Z > 200 GET /api/v1/ 125.12ms
INF 2026-08-23T12:51:01.504Z > 200 GET /api/v1/ 62.78ms
INF 2026-08-23T12:51:01.504Z > 200 GET /api/v1/ 65.17ms
INF 2026-08-23T12:51:01.505Z > 200 GET /api/v1/ 68.1ms
INF 2026-08-23T12:51:01.505Z > 200 GET /api/v1/ 66.73ms
INF 2026-08-23T12:51:01.506Z > 200 GET /api/v1/ 69.71ms
INF 2026-08-23T12:51:01.506Z > 200 GET /api/v1/ 66.49ms
INF 2026-08-23T12:51:01.506Z > 200 GET /api/v1/ 68.7ms
INF 2026-08-23T12:51:01.508Z > 200 GET /api/v1/ 52.46ms
INF 2026-08-23T12:51:01.508Z > 200 GET /api/v1/ 70.65ms
INF 2026-08-23T12:51:01.508Z > 200 GET /api/v1/ 68.92ms
INF 2026-08-23T12:51:01.508Z > 200 GET /api/v1/ 71.72ms
INF 2026-08-23T12:51:01.509Z > 200 GET /api/v1/ 70.27ms
INF 2026-08-23T12:51:01.509Z > 200 GET /api/v1/ 112.55ms
INF 2026-08-23T12:51:01.510Z > 200 GET /api/v1/ 80.41ms
INF 2026-08-23T12:51:01.511Z > 200 GET /api/v1/ 82.94ms
INF 2026-08-23T12:51:01.511Z > 200 GET /api/v1/ 82.68ms
INF 2026-08-23T12:51:01.512Z > 200 GET /api/v1/ 121.85ms
INF 2026-08-23T12:51:01.516Z > 200 GET /api/v1/ 66.19ms
INF 2026-08-23T12:51:01.516Z > 200 GET /api/v1/ 67.95ms
INF 2026-08-23T12:51:01.517Z > 200 GET /api/v1/ 45.21ms
INF 2026-08-23T12:51:01.518Z > 200 GET /api/v1/ 71.86ms
INF 2026-08-23T12:51:01.518Z > 200 GET /api/v1/ 71.69ms
INF 2026-08-23T12:51:01.519Z > 200 GET /api/v1/ 73.08ms
INF 2026-08-23T12:51:01.521Z > 200 GET /api/v1/ 75.85ms
INF 2026-08-23T12:51:01.521Z > 200 GET /api/v1/ 75.97ms
INF 2026-08-23T12:51:01.521Z > 200 GET /api/v1/ 77.12ms
INF 2026-08-23T12:51:01.523Z > 200 GET /api/v1/ 82.31ms
INF 2026-08-23T12:51:01.523Z > 200 GET /api/v1/ 83.02ms
INF 2026-08-23T12:51:01.524Z > 200 GET /api/v1/ 85.65ms
INF 2026-08-23T12:51:01.524Z > 200 GET /api/v1/ 78.86ms
INF 2026-08-23T12:51:01.524Z > 200 GET /api/v1/ 84.66ms
INF 2026-08-23T12:51:01.525Z > 200 GET /api/v1/ 83.29ms
INF 2026-08-23T12:51:01.543Z > 200 GET /api/v1/ 103.75ms
INF 2026-08-23T12:51:01.544Z > 200 GET /api/v1/ 103.74ms
INF 2026-08-23T12:51:01.544Z > 200 GET /api/v1/ 88.63ms
INF 2026-08-23T12:51:01.544Z > 200 GET /api/v1/ 92.77ms
INF 2026-08-23T12:51:01.546Z > 200 GET /api/v1/ 93.7ms
INF 2026-08-23T12:51:01.552Z > 200 GET /api/v1/ 109.12ms
INF 2026-08-23T12:51:01.553Z > 200 GET /api/v1/ 109.62ms
INF 2026-08-23T12:51:01.553Z > 200 GET /api/v1/ 109.21ms
INF 2026-08-23T12:51:01.553Z > 200 GET /api/v1/ 89.99ms
INF 2026-08-23T12:51:01.554Z > 200 GET /api/v1/ 110.2ms
INF 2026-08-23T12:51:01.554Z > 200 GET /api/v1/ 91.84ms
INF 2026-08-23T12:51:01.554Z > 200 GET /api/v1/ 93.6ms
INF 2026-08-23T12:51:01.558Z > 200 GET /api/v1/ 78.23ms
INF 2026-08-23T12:51:01.558Z > 200 GET /api/v1/ 79.18ms
INF 2026-08-23T12:51:01.558Z > 200 GET /api/v1/ 80.18ms
INF 2026-08-23T12:51:01.560Z > 200 GET /api/v1/ 81.51ms
INF 2026-08-23T12:51:01.561Z > 200 GET /api/v1/ 66.64ms
INF 2026-08-23T12:51:01.561Z > 200 GET /api/v1/ 82.24ms
INF 2026-08-23T12:51:01.561Z > 200 GET /api/v1/ 85.23ms
INF 2026-08-23T12:51:01.564Z > 200 GET /api/v1/ 88.82ms
INF 2026-08-23T12:51:01.569Z > 200 GET /api/v1/ 60.21ms
INF 2026-08-23T12:51:01.569Z > 200 GET /api/v1/ 84.1ms
INF 2026-08-23T12:51:01.570Z > 200 GET /api/v1/ 82.68ms
INF 2026-08-23T12:51:01.570Z > 200 GET /api/v1/ 84.3ms
INF 2026-08-23T12:51:01.572Z > 200 GET /api/v1/ 90.3ms
INF 2026-08-23T12:51:01.573Z > 200 GET /api/v1/ 132.74ms
INF 2026-08-23T12:51:01.574Z > 200 GET /api/v1/ 51.03ms
INF 2026-08-23T12:51:01.575Z > 200 GET /api/v1/ 79.41ms
INF 2026-08-23T12:51:01.576Z > 200 GET /api/v1/ 79.14ms
INF 2026-08-23T12:51:01.576Z > 200 GET /api/v1/ 81.6ms
INF 2026-08-23T12:51:01.577Z > 200 GET /api/v1/ 60.73ms
INF 2026-08-23T12:51:01.578Z > 200 GET /api/v1/ 100.76ms
INF 2026-08-23T12:51:01.578Z > 200 GET /api/v1/ 101.03ms
INF 2026-08-23T12:51:01.581Z > 200 GET /api/v1/ 89.51ms
INF 2026-08-23T12:51:01.582Z > 200 GET /api/v1/ 105.98ms
INF 2026-08-23T12:51:01.583Z > 200 GET /api/v1/ 107.83ms
INF 2026-08-23T12:51:01.584Z > 200 GET /api/v1/ 72.47ms
INF 2026-08-23T12:51:01.584Z > 200 GET /api/v1/ 72.22ms
INF 2026-08-23T12:51:01.586Z > 200 GET /api/v1/ 76.14ms
INF 2026-08-23T12:51:01.589Z > 200 GET /api/v1/ 88.0ms
INF 2026-08-23T12:51:01.590Z > 200 GET /api/v1/ 70.24ms
INF 2026-08-23T12:51:01.591Z > 200 GET /api/v1/ 97.34ms
INF 2026-08-23T12:51:01.593Z > 200 GET /api/v1/ 76.23ms
INF 2026-08-23T12:51:01.593Z > 200 GET /api/v1/ 80.79ms
INF 2026-08-23T12:51:01.594Z > 200 GET /api/v1/ 86.88ms
INF 2026-08-23T12:51:01.594Z > 200 GET /api/v1/ 87.83ms
INF 2026-08-23T12:51:01.595Z > 200 GET /api/v1/ 47.46ms
INF 2026-08-23T12:51:01.598Z > 200 GET /api/v1/ 125.73ms
INF 2026-08-23T12:51:01.603Z > 200 GET /api/v1/ 60.27ms
INF 2026-08-23T12:51:01.603Z > 200 GET /api/v1/ 58.58ms
INF 2026-08-23T12:51:01.604Z > 200 GET /api/v1/ 61.2ms
INF 2026-08-23T12:51:01.604Z > 200 GET /api/v1/ 46.06ms
INF 2026-08-23T12:51:01.606Z > 200 GET /api/v1/ 87.06ms
INF 2026-08-23T12:51:01.607Z > 200 GET /api/v1/ 52.2ms
INF 2026-08-23T12:51:01.607Z > 200 GET /api/v1/ 92.66ms
INF 2026-08-23T12:51:01.607Z > 200 GET /api/v1/ 37.4ms
INF 2026-08-23T12:51:01.608Z > 200 GET /api/v1/ 56.54ms
INF 2026-08-23T12:51:01.608Z > 200 GET /api/v1/ 56.65ms
INF 2026-08-23T12:51:01.609Z > 200 GET /api/v1/ 57.79ms
INF 2026-08-23T12:51:01.610Z > 200 GET /api/v1/ 71.02ms
INF 2026-08-23T12:51:01.612Z > 200 GET /api/v1/ 98.61ms
INF 2026-08-23T12:51:01.613Z > 200 GET /api/v1/ 97.91ms
INF 2026-08-23T12:51:01.615Z > 200 GET /api/v1/ 56.69ms
INF 2026-08-23T12:51:01.616Z > 200 GET /api/v1/ 59.21ms
INF 2026-08-23T12:51:01.616Z > 200 GET /api/v1/ 54.33ms
INF 2026-08-23T12:51:01.616Z > 200 GET /api/v1/ 54.14ms
INF 2026-08-23T12:51:01.616Z > 200 GET /api/v1/ 75.37ms
INF 2026-08-23T12:51:01.617Z > 200 GET /api/v1/ 76.41ms
INF 2026-08-23T12:51:01.618Z > 200 GET /api/v1/ 77.09ms
INF 2026-08-23T12:51:01.618Z > 200 GET /api/v1/ 61.16ms
INF 2026-08-23T12:51:01.618Z > 200 GET /api/v1/ 76.92ms
INF 2026-08-23T12:51:01.620Z > 200 GET /api/v1/ 67.22ms
INF 2026-08-23T12:51:01.621Z > 200 GET /api/v1/ 80.58ms
INF 2026-08-23T12:51:01.622Z > 200 GET /api/v1/ 81.11ms
INF 2026-08-23T12:51:01.623Z > 200 GET /api/v1/ 68.11ms
INF 2026-08-23T12:51:01.623Z > 200 GET /api/v1/ 83.02ms
INF 2026-08-23T12:51:01.623Z > 200 GET /api/v1/ 81.37ms
INF 2026-08-23T12:51:01.624Z > 200 GET /api/v1/ 71.42ms
INF 2026-08-23T12:51:01.626Z > 200 GET /api/v1/ 77.15ms
INF 2026-08-23T12:51:01.627Z > 200 GET /api/v1/ 78.59ms
INF 2026-08-23T12:51:01.645Z > 200 GET /api/v1/ 81.7ms
INF 2026-08-23T12:51:01.645Z > 200 GET /api/v1/ 81.64ms
INF 2026-08-23T12:51:01.645Z > 200 GET /api/v1/ 82.63ms
INF 2026-08-23T12:51:01.652Z > 200 GET /api/v1/ 81.44ms
INF 2026-08-23T12:51:01.653Z > 200 GET /api/v1/ 82.57ms
INF 2026-08-23T12:51:01.653Z > 200 GET /api/v1/ 84.58ms
INF 2026-08-23T12:51:01.654Z > 200 GET /api/v1/ 83.51ms
INF 2026-08-23T12:51:01.656Z > 200 GET /api/v1/ 107.3ms
INF 2026-08-23T12:51:01.656Z > 200 GET /api/v1/ 85.21ms
INF 2026-08-23T12:51:01.656Z > 200 GET /api/v1/ 89.5ms
INF 2026-08-23T12:51:01.658Z > 200 GET /api/v1/ 93.04ms
INF 2026-08-23T12:51:01.658Z > 200 GET /api/v1/ 91.81ms
INF 2026-08-23T12:51:01.659Z > 200 GET /api/v1/ 92.57ms
INF 2026-08-23T12:51:01.659Z > 200 GET /api/v1/ 93.58ms
INF 2026-08-23T12:51:01.664Z > 200 GET /api/v1/ 98.33ms
INF 2026-08-23T12:51:01.665Z > 200 GET /api/v1/ 102.8ms
INF 2026-08-23T12:51:01.667Z > 200 GET /api/v1/ 125.03ms
INF 2026-08-23T12:51:01.672Z > 200 GET /api/v1/ 80.33ms
INF 2026-08-23T12:51:01.672Z > 200 GET /api/v1/ 62.01ms
INF 2026-08-23T12:51:01.674Z > 200 GET /api/v1/ 66.35ms
INF 2026-08-23T12:51:01.675Z > 200 GET /api/v1/ 108.5ms
INF 2026-08-23T12:51:01.676Z > 200 GET /api/v1/ 74.01ms
INF 2026-08-23T12:51:01.677Z > 200 GET /api/v1/ 74.34ms
INF 2026-08-23T12:51:01.677Z > 200 GET /api/v1/ 75.17ms
INF 2026-08-23T12:51:01.677Z > 200 GET /api/v1/ 75.79ms
INF 2026-08-23T12:51:01.679Z > 200 GET /api/v1/ 83.77ms
INF 2026-08-23T12:51:01.680Z > 200 GET /api/v1/ 79.21ms
INF 2026-08-23T12:51:01.684Z > 200 GET /api/v1/ 88.21ms
INF 2026-08-23T12:51:01.685Z > 200 GET /api/v1/ 104.14ms
INF 2026-08-23T12:51:01.686Z > 200 GET /api/v1/ 90.86ms
INF 2026-08-23T12:51:01.688Z > 200 GET /api/v1/ 77.77ms
INF 2026-08-23T12:51:01.689Z > 200 GET /api/v1/ 78.34ms
INF 2026-08-23T12:51:01.691Z > 200 GET /api/v1/ 79.19ms
INF 2026-08-23T12:51:01.693Z > 200 GET /api/v1/ 125.06ms
INF 2026-08-23T12:51:01.696Z > 200 GET /api/v1/ 82.96ms
INF 2026-08-23T12:51:01.697Z > 200 GET /api/v1/ 80.35ms
INF 2026-08-23T12:51:01.697Z > 200 GET /api/v1/ 83.05ms
INF 2026-08-23T12:51:01.698Z > 200 GET /api/v1/ 69.08ms
INF 2026-08-23T12:51:01.698Z > 200 GET /api/v1/ 99.21ms
INF 2026-08-23T12:51:01.699Z > 200 GET /api/v1/ 100.15ms
INF 2026-08-23T12:51:01.699Z > 200 GET /api/v1/ 99.41ms
INF 2026-08-23T12:51:01.701Z > 200 GET /api/v1/ 56.28ms
INF 2026-08-23T12:51:01.702Z > 200 GET /api/v1/ 86.59ms
INF 2026-08-23T12:51:01.704Z > 200 GET /api/v1/ 107.19ms
INF 2026-08-23T12:51:01.704Z > 200 GET /api/v1/ 75.18ms
INF 2026-08-23T12:51:01.705Z > 200 GET /api/v1/ 76.37ms
INF 2026-08-23T12:51:01.708Z > 200 GET /api/v1/ 81.11ms
INF 2026-08-23T12:51:01.708Z > 200 GET /api/v1/ 57.94ms
INF 2026-08-23T12:51:01.709Z > 200 GET /api/v1/ 59.58ms
INF 2026-08-23T12:51:01.711Z > 200 GET /api/v1/ 54.22ms
INF 2026-08-23T12:51:01.711Z > 200 GET /api/v1/ 85.12ms
INF 2026-08-23T12:51:01.712Z > 200 GET /api/v1/ 93.36ms
INF 2026-08-23T12:51:01.712Z > 200 GET /api/v1/ 61.61ms
INF 2026-08-23T12:51:01.713Z > 200 GET /api/v1/ 93.67ms
INF 2026-08-23T12:51:01.713Z > 200 GET /api/v1/ 63.38ms
INF 2026-08-23T12:51:01.714Z > 200 GET /api/v1/ 65.12ms
INF 2026-08-23T12:51:01.714Z > 200 GET /api/v1/ 65.12ms
INF 2026-08-23T12:51:01.714Z > 200 GET /api/v1/ 66.11ms
INF 2026-08-23T12:51:01.715Z > 200 GET /api/v1/ 65.53ms
INF 2026-08-23T12:51:01.715Z > 200 GET /api/v1/ 68.5ms
INF 2026-08-23T12:51:01.715Z > 200 GET /api/v1/ 66.46ms
INF 2026-08-23T12:51:01.717Z > 200 GET /api/v1/ 68.87ms
INF 2026-08-23T12:51:01.718Z > 200 GET /api/v1/ 74.49ms
INF 2026-08-23T12:51:01.718Z > 200 GET /api/v1/ 103.32ms
INF 2026-08-23T12:51:01.719Z > 200 GET /api/v1/ 74.52ms
INF 2026-08-23T12:51:01.724Z > 200 GET /api/v1/ 99.24ms
INF 2026-08-23T12:51:01.725Z > 200 GET /api/v1/ 65.05ms
INF 2026-08-23T12:51:01.726Z > 200 GET /api/v1/ 71.76ms
INF 2026-08-23T12:51:01.727Z > 200 GET /api/v1/ 69.65ms
INF 2026-08-23T12:51:01.727Z > 200 GET /api/v1/ 107.71ms
INF 2026-08-23T12:51:01.727Z > 200 GET /api/v1/ 73.27ms
INF 2026-08-23T12:51:01.728Z > 200 GET /api/v1/ 109.31ms
INF 2026-08-23T12:51:01.730Z > 200 GET /api/v1/ 84.36ms
INF 2026-08-23T12:51:01.731Z > 200 GET /api/v1/ 62.6ms
INF 2026-08-23T12:51:01.731Z > 200 GET /api/v1/ 63.37ms
INF 2026-08-23T12:51:01.731Z > 200 GET /api/v1/ 64.6ms
INF 2026-08-23T12:51:01.732Z > 200 GET /api/v1/ 67.94ms
INF 2026-08-23T12:51:01.733Z > 200 GET /api/v1/ 68.6ms
INF 2026-08-23T12:51:01.733Z > 200 GET /api/v1/ 70.08ms
INF 2026-08-23T12:51:01.733Z > 200 GET /api/v1/ 72.63ms
INF 2026-08-23T12:51:01.734Z > 200 GET /api/v1/ 71.31ms
INF 2026-08-23T12:51:01.734Z > 200 GET /api/v1/ 71.33ms
INF 2026-08-23T12:51:01.749Z > 200 GET /api/v1/ 87.01ms
INF 2026-08-23T12:51:01.753Z > 200 GET /api/v1/ 70.96ms
INF 2026-08-23T12:51:01.756Z > 200 GET /api/v1/ 81.29ms
INF 2026-08-23T12:51:01.756Z > 200 GET /api/v1/ 81.85ms
INF 2026-08-23T12:51:01.757Z > 200 GET /api/v1/ 84.09ms
INF 2026-08-23T12:51:01.757Z > 200 GET /api/v1/ 83.12ms
INF 2026-08-23T12:51:01.757Z > 200 GET /api/v1/ 83.2ms
INF 2026-08-23T12:51:01.758Z > 200 GET /api/v1/ 84.87ms
INF 2026-08-23T12:51:01.758Z > 200 GET /api/v1/ 83.23ms
INF 2026-08-23T12:51:01.760Z > 200 GET /api/v1/ 112.3ms
INF 2026-08-23T12:51:01.761Z > 200 GET /api/v1/ 107.36ms
INF 2026-08-23T12:51:01.761Z > 200 GET /api/v1/ 90.29ms
INF 2026-08-23T12:51:01.765Z > 200 GET /api/v1/ 49.41ms
INF 2026-08-23T12:51:01.765Z > 200 GET /api/v1/ 100.01ms
INF 2026-08-23T12:51:01.770Z > 200 GET /api/v1/ 104.57ms
INF 2026-08-23T12:51:01.773Z > 200 GET /api/v1/ 89.82ms
INF 2026-08-23T12:51:01.780Z > 200 GET /api/v1/ 55.72ms
INF 2026-08-23T12:51:01.781Z > 200 GET /api/v1/ 74.39ms
INF 2026-08-23T12:51:01.782Z > 200 GET /api/v1/ 75.58ms
INF 2026-08-23T12:51:01.783Z > 200 GET /api/v1/ 76.87ms
INF 2026-08-23T12:51:01.784Z > 200 GET /api/v1/ 78.41ms
INF 2026-08-23T12:51:01.785Z > 200 GET /api/v1/ 84.89ms
INF 2026-08-23T12:51:01.786Z > 200 GET /api/v1/ 85.72ms
INF 2026-08-23T12:51:01.787Z > 200 GET /api/v1/ 87.52ms
INF 2026-08-23T12:51:01.792Z > 200 GET /api/v1/ 126.09ms
INF 2026-08-23T12:51:01.794Z > 200 GET /api/v1/ 92.17ms
INF 2026-08-23T12:51:01.795Z > 200 GET /api/v1/ 91.98ms
INF 2026-08-23T12:51:01.795Z > 200 GET /api/v1/ 93.49ms
INF 2026-08-23T12:51:01.796Z > 200 GET /api/v1/ 93.17ms
INF 2026-08-23T12:51:01.796Z > 200 GET /api/v1/ 80.46ms
INF 2026-08-23T12:51:01.797Z > 200 GET /api/v1/ 79.34ms
INF 2026-08-23T12:51:01.797Z > 200 GET /api/v1/ 63.14ms
INF 2026-08-23T12:51:01.799Z > 200 GET /api/v1/ 68.63ms
INF 2026-08-23T12:51:01.800Z > 200 GET /api/v1/ 128.68ms
INF 2026-08-23T12:51:01.801Z > 200 GET /api/v1/ 89.97ms
INF 2026-08-23T12:51:01.802Z > 200 GET /api/v1/ 91.57ms
INF 2026-08-23T12:51:01.804Z > 200 GET /api/v1/ 95.08ms
INF 2026-08-23T12:51:01.805Z > 200 GET /api/v1/ 83.3ms
INF 2026-08-23T12:51:01.806Z > 200 GET /api/v1/ 85.15ms
INF 2026-08-23T12:51:01.806Z > 200 GET /api/v1/ 83.43ms
INF 2026-08-23T12:51:01.807Z > 200 GET /api/v1/ 84.34ms
INF 2026-08-23T12:51:01.807Z > 200 GET /api/v1/ 86.99ms
INF 2026-08-23T12:51:01.813Z > 200 GET /api/v1/ 146.14ms
INF 2026-08-23T12:51:01.815Z > 200 GET /api/v1/ 80.33ms
INF 2026-08-23T12:51:01.817Z > 200 GET /api/v1/ 51.76ms
INF 2026-08-23T12:51:01.820Z > 200 GET /api/v1/ 58.35ms
INF 2026-08-23T12:51:01.820Z > 200 GET /api/v1/ 65.16ms
INF 2026-08-23T12:51:01.822Z > 200 GET /api/v1/ 68.2ms
INF 2026-08-23T12:51:01.822Z > 200 GET /api/v1/ 69.47ms
INF 2026-08-23T12:51:01.823Z > 200 GET /api/v1/ 49.51ms
INF 2026-08-23T12:51:01.823Z > 200 GET /api/v1/ 71.41ms
INF 2026-08-23T12:51:01.824Z > 200 GET /api/v1/ 71.91ms
INF 2026-08-23T12:51:01.824Z > 200 GET /api/v1/ 71.61ms
INF 2026-08-23T12:51:01.824Z > 200 GET /api/v1/ 71.78ms
INF 2026-08-23T12:51:01.827Z > 200 GET /api/v1/ 76.56ms
INF 2026-08-23T12:51:01.827Z > 200 GET /api/v1/ 76.13ms
INF 2026-08-23T12:51:01.829Z > 200 GET /api/v1/ 58.59ms
INF 2026-08-23T12:51:01.829Z > 200 GET /api/v1/ 62.32ms
INF 2026-08-23T12:51:01.832Z > 200 GET /api/v1/ 65.67ms
INF 2026-08-23T12:51:01.833Z > 200 GET /api/v1/ 66.4ms
INF 2026-08-23T12:51:01.833Z > 200 GET /api/v1/ 67.54ms
INF 2026-08-23T12:51:01.834Z > 200 GET /api/v1/ 68.08ms
INF 2026-08-23T12:51:01.834Z > 200 GET /api/v1/ 68.06ms
INF 2026-08-23T12:51:01.834Z > 200 GET /api/v1/ 105.69ms
INF 2026-08-23T12:51:01.835Z > 200 GET /api/v1/ 75.58ms
INF 2026-08-23T12:51:01.835Z > 200 GET /api/v1/ 71.72ms
INF 2026-08-23T12:51:01.835Z > 200 GET /api/v1/ 71.15ms
INF 2026-08-23T12:51:01.835Z > 200 GET /api/v1/ 72.99ms
INF 2026-08-23T12:51:01.836Z > 200 GET /api/v1/ 106.45ms
INF 2026-08-23T12:51:01.836Z > 200 GET /api/v1/ 77.45ms
INF 2026-08-23T12:51:01.836Z > 200 GET /api/v1/ 110.6ms
INF 2026-08-23T12:51:01.837Z > 200 GET /api/v1/ 111.63ms
INF 2026-08-23T12:51:01.839Z > 200 GET /api/v1/ 64.98ms
INF 2026-08-23T12:51:01.840Z > 200 GET /api/v1/ 64.62ms
INF 2026-08-23T12:51:01.840Z > 200 GET /api/v1/ 66.87ms
INF 2026-08-23T12:51:01.841Z > 200 GET /api/v1/ 91.24ms
INF 2026-08-23T12:51:01.842Z > 200 GET /api/v1/ 91.29ms
INF 2026-08-23T12:51:01.842Z > 200 GET /api/v1/ 92.72ms
INF 2026-08-23T12:51:01.843Z > 200 GET /api/v1/ 91.09ms
INF 2026-08-23T12:51:01.857Z > 200 GET /api/v1/ 106.56ms
INF 2026-08-23T12:51:01.857Z > 200 GET /api/v1/ 106.14ms
INF 2026-08-23T12:51:01.858Z > 200 GET /api/v1/ 89.03ms
INF 2026-08-23T12:51:01.858Z > 200 GET /api/v1/ 107.65ms
INF 2026-08-23T12:51:01.860Z > 200 GET /api/v1/ 72.46ms
INF 2026-08-23T12:51:01.864Z > 200 GET /api/v1/ 78.31ms
INF 2026-08-23T12:51:01.864Z > 200 GET /api/v1/ 79.08ms
INF 2026-08-23T12:51:01.865Z > 200 GET /api/v1/ 103.1ms
INF 2026-08-23T12:51:01.865Z > 200 GET /api/v1/ 103.83ms
INF 2026-08-23T12:51:01.868Z > 200 GET /api/v1/ 104.18ms
INF 2026-08-23T12:51:01.870Z > 200 GET /api/v1/ 76.95ms
INF 2026-08-23T12:51:01.872Z > 200 GET /api/v1/ 101.62ms
INF 2026-08-23T12:51:01.872Z > 200 GET /api/v1/ 101.49ms
INF 2026-08-23T12:51:01.873Z > 200 GET /api/v1/ 84.14ms
INF 2026-08-23T12:51:01.873Z > 200 GET /api/v1/ 83.35ms
INF 2026-08-23T12:51:01.873Z > 200 GET /api/v1/ 82.42ms
INF 2026-08-23T12:51:01.874Z > 200 GET /api/v1/ 83.68ms
INF 2026-08-23T12:51:01.876Z > 200 GET /api/v1/ 85.56ms
INF 2026-08-23T12:51:01.876Z > 200 GET /api/v1/ 108.85ms
INF 2026-08-23T12:51:01.878Z > 200 GET /api/v1/ 90.55ms
INF 2026-08-23T12:51:01.878Z > 200 GET /api/v1/ 69.29ms
INF 2026-08-23T12:51:01.879Z > 200 GET /api/v1/ 70.08ms
INF 2026-08-23T12:51:01.879Z > 200 GET /api/v1/ 89.66ms
INF 2026-08-23T12:51:01.881Z > 200 GET /api/v1/ 74.21ms
INF 2026-08-23T12:51:01.882Z > 200 GET /api/v1/ 73.74ms
INF 2026-08-23T12:51:01.882Z > 200 GET /api/v1/ 77.48ms
INF 2026-08-23T12:51:01.887Z > 200 GET /api/v1/ 54.1ms
INF 2026-08-23T12:51:01.887Z > 200 GET /api/v1/ 72.15ms
INF 2026-08-23T12:51:01.887Z > 200 GET /api/v1/ 54.92ms
INF 2026-08-23T12:51:01.891Z > 200 GET /api/v1/ 62.45ms
INF 2026-08-23T12:51:01.896Z > 200 GET /api/v1/ 127.76ms
INF 2026-08-23T12:51:01.897Z > 200 GET /api/v1/ 87.09ms
INF 2026-08-23T12:51:01.897Z > 200 GET /api/v1/ 87.79ms
INF 2026-08-23T12:51:01.898Z > 200 GET /api/v1/ 86.35ms
INF 2026-08-23T12:51:01.901Z > 200 GET /api/v1/ 98.37ms
INF 2026-08-23T12:51:01.902Z > 200 GET /api/v1/ 67.39ms
INF 2026-08-23T12:51:01.903Z > 200 GET /api/v1/ 66.81ms
INF 2026-08-23T12:51:01.906Z > 200 GET /api/v1/ 103.74ms
INF 2026-08-23T12:51:01.906Z > 200 GET /api/v1/ 102.62ms
INF 2026-08-23T12:51:01.907Z > 200 GET /api/v1/ 75.94ms
INF 2026-08-23T12:51:01.907Z > 200 GET /api/v1/ 75.96ms
INF 2026-08-23T12:51:01.914Z > 200 GET /api/v1/ 73.85ms
INF 2026-08-23T12:51:01.916Z > 200 GET /api/v1/ 77.59ms
INF 2026-08-23T12:51:01.916Z > 200 GET /api/v1/ 78.96ms
INF 2026-08-23T12:51:01.920Z > 200 GET /api/v1/ 101.57ms
INF 2026-08-23T12:51:01.920Z > 200 GET /api/v1/ 102.3ms
INF 2026-08-23T12:51:01.921Z > 200 GET /api/v1/ 87.72ms
INF 2026-08-23T12:51:01.923Z > 200 GET /api/v1/ 62.01ms
INF 2026-08-23T12:51:01.924Z > 200 GET /api/v1/ 61.17ms
INF 2026-08-23T12:51:01.924Z > 200 GET /api/v1/ 60.56ms
INF 2026-08-23T12:51:01.924Z > 200 GET /api/v1/ 62.78ms
INF 2026-08-23T12:51:01.924Z > 200 GET /api/v1/ 60.79ms
INF 2026-08-23T12:51:01.925Z > 200 GET /api/v1/ 61.9ms
INF 2026-08-23T12:51:01.925Z > 200 GET /api/v1/ 42.85ms
INF 2026-08-23T12:51:01.925Z > 200 GET /api/v1/ 63.53ms
INF 2026-08-23T12:51:01.927Z > 200 GET /api/v1/ 65.41ms
INF 2026-08-23T12:51:01.928Z > 200 GET /api/v1/ 66.29ms
INF 2026-08-23T12:51:01.928Z > 200 GET /api/v1/ 67.91ms
INF 2026-08-23T12:51:01.929Z > 200 GET /api/v1/ 99.12ms
INF 2026-08-23T12:51:01.929Z > 200 GET /api/v1/ 50.48ms
INF 2026-08-23T12:51:01.930Z > 200 GET /api/v1/ 69.07ms
INF 2026-08-23T12:51:01.930Z > 200 GET /api/v1/ 68.79ms
INF 2026-08-23T12:51:01.932Z > 200 GET /api/v1/ 72.48ms
INF 2026-08-23T12:51:01.932Z > 200 GET /api/v1/ 54.63ms
INF 2026-08-23T12:51:01.933Z > 200 GET /api/v1/ 56.14ms
INF 2026-08-23T12:51:01.933Z > 200 GET /api/v1/ 94.04ms
INF 2026-08-23T12:51:01.936Z > 200 GET /api/v1/ 65.35ms
INF 2026-08-23T12:51:01.937Z > 200 GET /api/v1/ 66.08ms
INF 2026-08-23T12:51:01.938Z > 200 GET /api/v1/ 68.8ms
INF 2026-08-23T12:51:01.939Z > 200 GET /api/v1/ 72.12ms
INF 2026-08-23T12:51:01.939Z > 200 GET /api/v1/ 72.86ms
INF 2026-08-23T12:51:01.940Z > 200 GET /api/v1/ 71.28ms
INF 2026-08-23T12:51:01.941Z > 200 GET /api/v1/ 74.34ms
INF 2026-08-23T12:51:01.941Z > 200 GET /api/v1/ 75.75ms
INF 2026-08-23T12:51:01.943Z > 200 GET /api/v1/ 63.68ms
INF 2026-08-23T12:51:01.943Z > 200 GET /api/v1/ 66.18ms
INF 2026-08-23T12:51:01.944Z > 200 GET /api/v1/ 66.3ms
INF 2026-08-23T12:51:01.944Z > 200 GET /api/v1/ 67.87ms
INF 2026-08-23T12:51:01.945Z > 200 GET /api/v1/ 64.61ms
INF 2026-08-23T12:51:01.946Z > 200 GET /api/v1/ 69.22ms
INF 2026-08-23T12:51:01.963Z > 200 GET /api/v1/ 88.55ms
INF 2026-08-23T12:51:01.963Z > 200 GET /api/v1/ 87.93ms
INF 2026-08-23T12:51:01.963Z > 200 GET /api/v1/ 93.88ms
INF 2026-08-23T12:51:01.964Z > 200 GET /api/v1/ 74.84ms
INF 2026-08-23T12:51:01.964Z > 200 GET /api/v1/ 75.71ms
INF 2026-08-23T12:51:01.966Z > 200 GET /api/v1/ 75.76ms
INF 2026-08-23T12:51:01.966Z > 200 GET /api/v1/ 75.73ms
INF 2026-08-23T12:51:01.968Z > 200 GET /api/v1/ 78.96ms
INF 2026-08-23T12:51:01.969Z > 200 GET /api/v1/ 99.78ms
INF 2026-08-23T12:51:01.969Z > 200 GET /api/v1/ 63.42ms
INF 2026-08-23T12:51:01.970Z > 200 GET /api/v1/ 85.54ms
INF 2026-08-23T12:51:01.971Z > 200 GET /api/v1/ 91.67ms
INF 2026-08-23T12:51:01.971Z > 200 GET /api/v1/ 90.76ms
INF 2026-08-23T12:51:01.972Z > 200 GET /api/v1/ 87.44ms
INF 2026-08-23T12:51:01.974Z > 200 GET /api/v1/ 80.45ms
INF 2026-08-23T12:51:01.975Z > 200 GET /api/v1/ 79.91ms
INF 2026-08-23T12:51:01.975Z > 200 GET /api/v1/ 82.88ms
INF 2026-08-23T12:51:01.978Z > 200 GET /api/v1/ 86.4ms
INF 2026-08-23T12:51:01.979Z > 200 GET /api/v1/ 107.18ms
INF 2026-08-23T12:51:01.979Z > 200 GET /api/v1/ 67.9ms
INF 2026-08-23T12:51:01.980Z > 200 GET /api/v1/ 69.85ms
INF 2026-08-23T12:51:01.980Z > 200 GET /api/v1/ 67.8ms
INF 2026-08-23T12:51:01.982Z > 200 GET /api/v1/ 73.57ms
INF 2026-08-23T12:51:01.983Z > 200 GET /api/v1/ 57.04ms
INF 2026-08-23T12:51:01.983Z > 200 GET /api/v1/ 58.28ms
INF 2026-08-23T12:51:01.987Z > 200 GET /api/v1/ 103.82ms
INF 2026-08-23T12:51:01.988Z > 200 GET /api/v1/ 68.16ms
INF 2026-08-23T12:51:01.989Z > 200 GET /api/v1/ 72.21ms
INF 2026-08-23T12:51:01.992Z > 200 GET /api/v1/ 77.22ms
INF 2026-08-23T12:51:01.996Z > 200 GET /api/v1/ 104.48ms
INF 2026-08-23T12:51:01.997Z > 200 GET /api/v1/ 66.72ms
INF 2026-08-23T12:51:01.997Z > 200 GET /api/v1/ 65.88ms
INF 2026-08-23T12:51:01.998Z > 200 GET /api/v1/ 66.61ms
INF 2026-08-23T12:51:01.998Z > 200 GET /api/v1/ 51.76ms
INF 2026-08-23T12:51:01.998Z > 200 GET /api/v1/ 72.71ms
INF 2026-08-23T12:51:01.999Z > 200 GET /api/v1/ 79.47ms
INF 2026-08-23T12:51:01.999Z > 200 GET /api/v1/ 77.42ms
INF 2026-08-23T12:51:02.001Z > 200 GET /api/v1/ 57.4ms
INF 2026-08-23T12:51:02.001Z > 200 GET /api/v1/ 83.32ms
INF 2026-08-23T12:51:02.002Z > 200 GET /api/v1/ 83.25ms
INF 2026-08-23T12:51:02.005Z > 200 GET /api/v1/ 67.72ms
INF 2026-08-23T12:51:02.005Z > 200 GET /api/v1/ 67.96ms
INF 2026-08-23T12:51:02.006Z > 200 GET /api/v1/ 68.14ms
INF 2026-08-23T12:51:02.008Z > 200 GET /api/v1/ 43.34ms
INF 2026-08-23T12:51:02.008Z > 200 GET /api/v1/ 74.14ms
INF 2026-08-23T12:51:02.008Z > 200 GET /api/v1/ 74.2ms
INF 2026-08-23T12:51:02.009Z > 200 GET /api/v1/ 75.35ms
INF 2026-08-23T12:51:02.011Z > 200 GET /api/v1/ 64.45ms
INF 2026-08-23T12:51:02.015Z > 200 GET /api/v1/ 93.07ms
INF 2026-08-23T12:51:02.016Z > 200 GET /api/v1/ 94.89ms
INF 2026-08-23T12:51:02.018Z > 200 GET /api/v1/ 77.59ms
INF 2026-08-23T12:51:02.018Z > 200 GET /api/v1/ 48.77ms
INF 2026-08-23T12:51:02.019Z > 200 GET /api/v1/ 52.11ms
INF 2026-08-23T12:51:02.019Z > 200 GET /api/v1/ 51.72ms
INF 2026-08-23T12:51:02.019Z > 200 GET /api/v1/ 52.27ms
INF 2026-08-23T12:51:02.019Z > 200 GET /api/v1/ 52.05ms
INF 2026-08-23T12:51:02.020Z > 200 GET /api/v1/ 54.55ms
INF 2026-08-23T12:51:02.020Z > 200 GET /api/v1/ 55.3ms
INF 2026-08-23T12:51:02.021Z > 200 GET /api/v1/ 57.19ms
INF 2026-08-23T12:51:02.022Z > 200 GET /api/v1/ 56.31ms
INF 2026-08-23T12:51:02.022Z > 200 GET /api/v1/ 57.18ms
INF 2026-08-23T12:51:02.025Z > 200 GET /api/v1/ 89.97ms
INF 2026-08-23T12:51:02.027Z > 200 GET /api/v1/ 80.03ms
INF 2026-08-23T12:51:02.027Z > 200 GET /api/v1/ 81.16ms
INF 2026-08-23T12:51:02.028Z > 200 GET /api/v1/ 52.08ms
INF 2026-08-23T12:51:02.030Z > 200 GET /api/v1/ 56.87ms
INF 2026-08-23T12:51:02.031Z > 200 GET /api/v1/ 57.0ms
INF 2026-08-23T12:51:02.032Z > 200 GET /api/v1/ 58.77ms
INF 2026-08-23T12:51:02.032Z > 200 GET /api/v1/ 60.1ms
INF 2026-08-23T12:51:02.033Z > 200 GET /api/v1/ 61.42ms
INF 2026-08-23T12:51:02.034Z > 200 GET /api/v1/ 45.3ms
INF 2026-08-23T12:51:02.035Z > 200 GET /api/v1/ 64.1ms
INF 2026-08-23T12:51:02.035Z > 200 GET /api/v1/ 95.21ms
INF 2026-08-23T12:51:02.036Z > 200 GET /api/v1/ 95.85ms
INF 2026-08-23T12:51:02.037Z > 200 GET /api/v1/ 53.4ms
INF 2026-08-23T12:51:02.037Z > 200 GET /api/v1/ 57.11ms
INF 2026-08-23T12:51:02.038Z > 200 GET /api/v1/ 61.19ms
INF 2026-08-23T12:51:02.038Z > 200 GET /api/v1/ 60.07ms
INF 2026-08-23T12:51:02.038Z > 200 GET /api/v1/ 61.09ms
INF 2026-08-23T12:51:02.039Z > 200 GET /api/v1/ 42.96ms
INF 2026-08-23T12:51:02.039Z > 200 GET /api/v1/ 62.13ms
INF 2026-08-23T12:51:02.040Z > 200 GET /api/v1/ 62.99ms
INF 2026-08-23T12:51:02.043Z > 200 GET /api/v1/ 50.15ms
INF 2026-08-23T12:51:02.043Z > 200 GET /api/v1/ 51.26ms
INF 2026-08-23T12:51:02.046Z > 200 GET /api/v1/ 56.73ms
INF 2026-08-23T12:51:02.060Z > 200 GET /api/v1/ 69.69ms
INF 2026-08-23T12:51:02.060Z > 200 GET /api/v1/ 88.13ms
INF 2026-08-23T12:51:02.060Z > 200 GET /api/v1/ 89.02ms
INF 2026-08-23T12:51:02.060Z > 200 GET /api/v1/ 69.93ms
INF 2026-08-23T12:51:02.062Z > 200 GET /api/v1/ 77.18ms
INF 2026-08-23T12:51:02.062Z > 200 GET /api/v1/ 76.49ms
INF 2026-08-23T12:51:02.071Z > 200 GET /api/v1/ 91.71ms
INF 2026-08-23T12:51:02.071Z > 200 GET /api/v1/ 75.81ms
INF 2026-08-23T12:51:02.072Z > 200 GET /api/v1/ 93.37ms
INF 2026-08-23T12:51:02.072Z > 200 GET /api/v1/ 76.99ms
INF 2026-08-23T12:51:02.072Z > 200 GET /api/v1/ 78.15ms
INF 2026-08-23T12:51:02.073Z > 200 GET /api/v1/ 96.55ms
INF 2026-08-23T12:51:02.073Z > 200 GET /api/v1/ 83.18ms
INF 2026-08-23T12:51:02.074Z > 200 GET /api/v1/ 51.82ms
INF 2026-08-23T12:51:02.079Z > 200 GET /api/v1/ 58.7ms
INF 2026-08-23T12:51:02.079Z > 200 GET /api/v1/ 60.0ms
INF 2026-08-23T12:51:02.080Z > 200 GET /api/v1/ 92.44ms
INF 2026-08-23T12:51:02.081Z > 200 GET /api/v1/ 96.8ms
INF 2026-08-23T12:51:02.083Z > 200 GET /api/v1/ 49.53ms
INF 2026-08-23T12:51:02.083Z > 200 GET /api/v1/ 68.07ms
INF 2026-08-23T12:51:02.083Z > 200 GET /api/v1/ 68.85ms
INF 2026-08-23T12:51:02.084Z > 200 GET /api/v1/ 71.94ms
INF 2026-08-23T12:51:02.086Z > 200 GET /api/v1/ 73.15ms
INF 2026-08-23T12:51:02.096Z > 200 GET /api/v1/ 72.45ms
INF 2026-08-23T12:51:02.097Z > 200 GET /api/v1/ 76.7ms
INF 2026-08-23T12:51:02.097Z > 200 GET /api/v1/ 73.85ms
INF 2026-08-23T12:51:02.103Z > 200 GET /api/v1/ 87.08ms
INF 2026-08-23T12:51:02.104Z > 200 GET /api/v1/ 87.53ms
INF 2026-08-23T12:51:02.105Z > 200 GET /api/v1/ 71.26ms
INF 2026-08-23T12:51:02.107Z > 200 GET /api/v1/ 46.9ms
INF 2026-08-23T12:51:02.111Z > 200 GET /api/v1/ 79.78ms
INF 2026-08-23T12:51:02.111Z > 200 GET /api/v1/ 101.86ms
INF 2026-08-23T12:51:02.112Z > 200 GET /api/v1/ 101.45ms
INF 2026-08-23T12:51:02.112Z > 200 GET /api/v1/ 65.72ms
INF 2026-08-23T12:51:02.112Z > 200 GET /api/v1/ 82.85ms
INF 2026-08-23T12:51:02.113Z > 200 GET /api/v1/ 86.78ms
INF 2026-08-23T12:51:02.114Z > 200 GET /api/v1/ 89.98ms
INF 2026-08-23T12:51:02.121Z > 200 GET /api/v1/ 104.7ms
INF 2026-08-23T12:51:02.125Z > 200 GET /api/v1/ 79.74ms
INF 2026-08-23T12:51:02.127Z > 200 GET /api/v1/ 83.71ms
INF 2026-08-23T12:51:02.128Z > 200 GET /api/v1/ 83.39ms
INF 2026-08-23T12:51:02.128Z > 200 GET /api/v1/ 82.62ms
INF 2026-08-23T12:51:02.130Z > 200 GET /api/v1/ 57.26ms
INF 2026-08-23T12:51:02.132Z > 200 GET /api/v1/ 63.58ms
INF 2026-08-23T12:51:02.133Z > 200 GET /api/v1/ 104.41ms
INF 2026-08-23T12:51:02.133Z > 200 GET /api/v1/ 63.32ms
INF 2026-08-23T12:51:02.134Z > 200 GET /api/v1/ 66.57ms
INF 2026-08-23T12:51:02.134Z > 200 GET /api/v1/ 65.53ms
INF 2026-08-23T12:51:02.135Z > 200 GET /api/v1/ 68.1ms
INF 2026-08-23T12:51:02.135Z > 200 GET /api/v1/ 67.3ms
INF 2026-08-23T12:51:02.136Z > 200 GET /api/v1/ 70.19ms
INF 2026-08-23T12:51:02.136Z > 200 GET /api/v1/ 69.56ms
INF 2026-08-23T12:51:02.136Z > 200 GET /api/v1/ 68.18ms
INF 2026-08-23T12:51:02.137Z > 200 GET /api/v1/ 70.36ms
INF 2026-08-23T12:51:02.138Z > 200 GET /api/v1/ 72.01ms
INF 2026-08-23T12:51:02.138Z > 200 GET /api/v1/ 71.95ms
INF 2026-08-23T12:51:02.139Z > 200 GET /api/v1/ 71.94ms
INF 2026-08-23T12:51:02.139Z > 200 GET /api/v1/ 54.57ms
INF 2026-08-23T12:51:02.140Z > 200 GET /api/v1/ 74.04ms
INF 2026-08-23T12:51:02.140Z > 200 GET /api/v1/ 72.9ms
INF 2026-08-23T12:51:02.140Z > 200 GET /api/v1/ 72.85ms
INF 2026-08-23T12:51:02.141Z > 200 GET /api/v1/ 76.72ms
INF 2026-08-23T12:51:02.141Z > 200 GET /api/v1/ 76.0ms
INF 2026-08-23T12:51:02.142Z > 200 GET /api/v1/ 77.76ms
INF 2026-08-23T12:51:02.143Z > 200 GET /api/v1/ 110.93ms
INF 2026-08-23T12:51:02.144Z > 200 GET /api/v1/ 83.52ms
INF 2026-08-23T12:51:02.145Z > 200 GET /api/v1/ 83.42ms
INF 2026-08-23T12:51:02.145Z > 200 GET /api/v1/ 108.25ms
INF 2026-08-23T12:51:02.145Z > 200 GET /api/v1/ 111.52ms
INF 2026-08-23T12:51:02.146Z > 200 GET /api/v1/ 112.63ms
INF 2026-08-23T12:51:02.147Z > 200 GET /api/v1/ 71.3ms
INF 2026-08-23T12:51:02.147Z > 200 GET /api/v1/ 69.63ms
INF 2026-08-23T12:51:02.147Z > 200 GET /api/v1/ 70.41ms
INF 2026-08-23T12:51:02.147Z > 200 GET /api/v1/ 72.71ms
INF 2026-08-23T12:51:02.151Z > 200 GET /api/v1/ 82.29ms
INF 2026-08-23T12:51:02.152Z > 200 GET /api/v1/ 111.99ms
INF 2026-08-23T12:51:02.152Z > 200 GET /api/v1/ 111.75ms
INF 2026-08-23T12:51:02.153Z > 200 GET /api/v1/ 112.51ms
INF 2026-08-23T12:51:02.167Z > 200 GET /api/v1/ 97.02ms
INF 2026-08-23T12:51:02.167Z > 200 GET /api/v1/ 97.8ms
INF 2026-08-23T12:51:02.168Z > 200 GET /api/v1/ 99.93ms
INF 2026-08-23T12:51:02.168Z > 200 GET /api/v1/ 80.57ms
INF 2026-08-23T12:51:02.168Z > 200 GET /api/v1/ 81.98ms
INF 2026-08-23T12:51:02.169Z > 200 GET /api/v1/ 84.35ms
INF 2026-08-23T12:51:02.170Z > 200 GET /api/v1/ 85.87ms
INF 2026-08-23T12:51:02.170Z > 200 GET /api/v1/ 88.28ms
INF 2026-08-23T12:51:02.171Z > 200 GET /api/v1/ 88.81ms
INF 2026-08-23T12:51:02.171Z > 200 GET /api/v1/ 89.78ms
INF 2026-08-23T12:51:02.177Z > 200 GET /api/v1/ 83.5ms
INF 2026-08-23T12:51:02.177Z > 200 GET /api/v1/ 104.41ms
INF 2026-08-23T12:51:02.178Z > 200 GET /api/v1/ 86.15ms
INF 2026-08-23T12:51:02.178Z > 200 GET /api/v1/ 89.07ms
INF 2026-08-23T12:51:02.181Z > 200 GET /api/v1/ 87.12ms
INF 2026-08-23T12:51:02.181Z > 200 GET /api/v1/ 88.3ms
INF 2026-08-23T12:51:02.182Z > 200 GET /api/v1/ 92.96ms
INF 2026-08-23T12:51:02.183Z > 200 GET /api/v1/ 115.18ms
INF 2026-08-23T12:51:02.187Z > 200 GET /api/v1/ 78.07ms
INF 2026-08-23T12:51:02.189Z > 200 GET /api/v1/ 82.9ms
INF 2026-08-23T12:51:02.189Z > 200 GET /api/v1/ 79.91ms
INF 2026-08-23T12:51:02.189Z > 200 GET /api/v1/ 81.08ms
INF 2026-08-23T12:51:02.190Z > 200 GET /api/v1/ 51.62ms
INF 2026-08-23T12:51:02.190Z > 200 GET /api/v1/ 84.0ms
INF 2026-08-23T12:51:02.191Z > 200 GET /api/v1/ 90.31ms
INF 2026-08-23T12:51:02.191Z > 200 GET /api/v1/ 89.81ms
INF 2026-08-23T12:51:02.193Z > 200 GET /api/v1/ 21.67ms
INF 2026-08-23T12:51:02.195Z > 200 GET /api/v1/ 53.69ms
INF 2026-08-23T12:51:02.196Z > 200 GET /api/v1/ 96.66ms
INF 2026-08-23T12:51:02.196Z > 200 GET /api/v1/ 56.34ms
INF 2026-08-23T12:51:02.199Z > 200 GET /api/v1/ 81.64ms
INF 2026-08-23T12:51:02.199Z > 200 GET /api/v1/ 80.8ms
INF 2026-08-23T12:51:02.199Z > 200 GET /api/v1/ 82.41ms
INF 2026-08-23T12:51:02.200Z > 200 GET /api/v1/ 83.19ms
INF 2026-08-23T12:51:02.200Z > 200 GET /api/v1/ 84.03ms
INF 2026-08-23T12:51:02.201Z > 200 GET /api/v1/ 86.27ms
INF 2026-08-23T12:51:02.206Z > 200 GET /api/v1/ 117.8ms
INF 2026-08-23T12:51:02.207Z > 200 GET /api/v1/ 81.76ms
INF 2026-08-23T12:51:02.210Z > 200 GET /api/v1/ 87.11ms
INF 2026-08-23T12:51:02.210Z > 200 GET /api/v1/ 84.62ms
INF 2026-08-23T12:51:02.211Z > 200 GET /api/v1/ 86.23ms
INF 2026-08-23T12:51:02.213Z > 200 GET /api/v1/ 105.51ms
INF 2026-08-23T12:51:02.214Z > 200 GET /api/v1/ 68.95ms
INF 2026-08-23T12:51:02.216Z > 200 GET /api/v1/ 47.42ms
INF 2026-08-23T12:51:02.227Z > 200 GET /api/v1/ 96.25ms
INF 2026-08-23T12:51:02.227Z > 200 GET /api/v1/ 49.34ms
INF 2026-08-23T12:51:02.230Z > 200 GET /api/v1/ 80.98ms
INF 2026-08-23T12:51:02.230Z > 200 GET /api/v1/ 81.88ms
INF 2026-08-23T12:51:02.231Z > 200 GET /api/v1/ 82.85ms
INF 2026-08-23T12:51:02.231Z > 200 GET /api/v1/ 88.52ms
INF 2026-08-23T12:51:02.231Z > 200 GET /api/v1/ 54.52ms
INF 2026-08-23T12:51:02.238Z > 200 GET /api/v1/ 96.44ms
INF 2026-08-23T12:51:02.242Z > 200 GET /api/v1/ 69.7ms
INF 2026-08-23T12:51:02.250Z > 200 GET /api/v1/ 119.63ms
INF 2026-08-23T12:51:02.254Z > 200 GET /api/v1/ 53.82ms
INF 2026-08-23T12:51:02.256Z > 200 GET /api/v1/ 81.57ms
INF 2026-08-23T12:51:02.257Z > 200 GET /api/v1/ 83.62ms
INF 2026-08-23T12:51:02.264Z > 200 GET /api/v1/ 91.68ms
INF 2026-08-23T12:51:02.264Z > 200 GET /api/v1/ 78.37ms
INF 2026-08-23T12:51:02.265Z > 200 GET /api/v1/ 80.38ms
INF 2026-08-23T12:51:02.265Z > 200 GET /api/v1/ 84.12ms
INF 2026-08-23T12:51:02.266Z > 200 GET /api/v1/ 80.88ms
INF 2026-08-23T12:51:02.267Z > 200 GET /api/v1/ 83.42ms
INF 2026-08-23T12:51:02.268Z > 200 GET /api/v1/ 83.64ms
INF 2026-08-23T12:51:02.268Z > 200 GET /api/v1/ 83.09ms
INF 2026-08-23T12:51:02.269Z > 200 GET /api/v1/ 71.73ms
INF 2026-08-23T12:51:02.270Z > 200 GET /api/v1/ 85.58ms
INF 2026-08-23T12:51:02.271Z > 200 GET /api/v1/ 84.3ms
INF 2026-08-23T12:51:02.271Z > 200 GET /api/v1/ 86.49ms
INF 2026-08-23T12:51:02.271Z > 200 GET /api/v1/ 89.44ms
INF 2026-08-23T12:51:02.276Z > 200 GET /api/v1/ 96.8ms
INF 2026-08-23T12:51:02.276Z > 200 GET /api/v1/ 94.91ms
INF 2026-08-23T12:51:02.277Z > 200 GET /api/v1/ 96.42ms
INF 2026-08-23T12:51:02.277Z > 200 GET /api/v1/ 98.5ms
INF 2026-08-23T12:51:02.279Z > 200 GET /api/v1/ 98.25ms
INF 2026-08-23T12:51:02.280Z > 200 GET /api/v1/ 101.89ms
INF 2026-08-23T12:51:02.299Z > 200 GET /api/v1/ 98.83ms
INF 2026-08-23T12:51:02.299Z > 200 GET /api/v1/ 101.36ms
INF 2026-08-23T12:51:02.300Z > 200 GET /api/v1/ 99.34ms
INF 2026-08-23T12:51:02.300Z > 200 GET /api/v1/ 103.52ms
INF 2026-08-23T12:51:02.301Z > 200 GET /api/v1/ 96.54ms
INF 2026-08-23T12:51:02.304Z > 200 GET /api/v1/ 107.17ms
INF 2026-08-23T12:51:02.305Z > 200 GET /api/v1/ 109.76ms
INF 2026-08-23T12:51:02.305Z > 200 GET /api/v1/ 131.94ms
INF 2026-08-23T12:51:02.307Z > 200 GET /api/v1/ 119.06ms
INF 2026-08-23T12:51:02.308Z > 200 GET /api/v1/ 119.74ms
INF 2026-08-23T12:51:02.308Z > 200 GET /api/v1/ 120.31ms
INF 2026-08-23T12:51:02.309Z > 200 GET /api/v1/ 121.13ms
INF 2026-08-23T12:51:02.311Z > 200 GET /api/v1/ 122.61ms
INF 2026-08-23T12:51:02.314Z > 200 GET /api/v1/ 82.66ms
INF 2026-08-23T12:51:02.315Z > 200 GET /api/v1/ 132.69ms
INF 2026-08-23T12:51:02.316Z > 200 GET /api/v1/ 132.51ms
INF 2026-08-23T12:51:02.316Z > 200 GET /api/v1/ 132.94ms
INF 2026-08-23T12:51:02.317Z > 200 GET /api/v1/ 114.45ms
INF 2026-08-23T12:51:02.320Z > 200 GET /api/v1/ 139.92ms
INF 2026-08-23T12:51:02.320Z > 200 GET /api/v1/ 118.62ms
INF 2026-08-23T12:51:02.321Z > 200 GET /api/v1/ 117.7ms
INF 2026-08-23T12:51:02.327Z > 200 GET /api/v1/ 105.29ms
INF 2026-08-23T12:51:02.327Z > 200 GET /api/v1/ 105.14ms
INF 2026-08-23T12:51:02.327Z > 200 GET /api/v1/ 107.08ms
INF 2026-08-23T12:51:02.328Z > 200 GET /api/v1/ 109.47ms
INF 2026-08-23T12:51:02.329Z > 200 GET /api/v1/ 109.44ms
INF 2026-08-23T12:51:02.329Z > 200 GET /api/v1/ 112.41ms
INF 2026-08-23T12:51:02.330Z > 200 GET /api/v1/ 111.76ms
INF 2026-08-23T12:51:02.330Z > 200 GET /api/v1/ 88.14ms
INF 2026-08-23T12:51:02.331Z > 200 GET /api/v1/ 137.13ms
INF 2026-08-23T12:51:02.334Z > 200 GET /api/v1/ 140.11ms
INF 2026-08-23T12:51:02.336Z > 200 GET /api/v1/ 142.76ms
INF 2026-08-23T12:51:02.337Z > 200 GET /api/v1/ 105.59ms
INF 2026-08-23T12:51:02.338Z > 200 GET /api/v1/ 103.55ms
INF 2026-08-23T12:51:02.339Z > 200 GET /api/v1/ 103.1ms
INF 2026-08-23T12:51:02.339Z > 200 GET /api/v1/ 106.59ms
INF 2026-08-23T12:51:02.340Z > 200 GET /api/v1/ 104.92ms
INF 2026-08-23T12:51:02.341Z > 200 GET /api/v1/ 106.46ms
INF 2026-08-23T12:51:02.342Z > 200 GET /api/v1/ 101.56ms
INF 2026-08-23T12:51:02.343Z > 200 GET /api/v1/ 114.84ms
INF 2026-08-23T12:51:02.344Z > 200 GET /api/v1/ 119.15ms
INF 2026-08-23T12:51:02.346Z > 200 GET /api/v1/ 123.24ms
INF 2026-08-23T12:51:02.346Z > 200 GET /api/v1/ 122.38ms
INF 2026-08-23T12:51:02.347Z > 200 GET /api/v1/ 100.51ms
INF 2026-08-23T12:51:02.348Z > 200 GET /api/v1/ 101.18ms
INF 2026-08-23T12:51:02.349Z > 200 GET /api/v1/ 101.93ms
INF 2026-08-23T12:51:02.349Z > 200 GET /api/v1/ 103.24ms
INF 2026-08-23T12:51:02.349Z > 200 GET /api/v1/ 101.52ms
INF 2026-08-23T12:51:02.349Z > 200 GET /api/v1/ 105.88ms
INF 2026-08-23T12:51:02.350Z > 200 GET /api/v1/ 104.58ms
INF 2026-08-23T12:51:02.350Z > 200 GET /api/v1/ 105.54ms
INF 2026-08-23T12:51:02.351Z > 200 GET /api/v1/ 109.95ms
INF 2026-08-23T12:51:02.353Z > 200 GET /api/v1/ 83.73ms
INF 2026-08-23T12:51:02.354Z > 200 GET /api/v1/ 115.21ms
INF 2026-08-23T12:51:02.356Z > 200 GET /api/v1/ 168.44ms
INF 2026-08-23T12:51:02.358Z > 200 GET /api/v1/ 98.92ms
INF 2026-08-23T12:51:02.358Z > 200 GET /api/v1/ 100.51ms
INF 2026-08-23T12:51:02.363Z > 200 GET /api/v1/ 108.63ms
INF 2026-08-23T12:51:02.364Z > 200 GET /api/v1/ 111.84ms
INF 2026-08-23T12:51:02.368Z > 200 GET /api/v1/ 93.36ms
INF 2026-08-23T12:51:02.369Z > 200 GET /api/v1/ 97.93ms
INF 2026-08-23T12:51:02.370Z > 200 GET /api/v1/ 96.86ms
INF 2026-08-23T12:51:02.377Z > 200 GET /api/v1/ 117.35ms
INF 2026-08-23T12:51:02.378Z > 200 GET /api/v1/ 72.5ms
INF 2026-08-23T12:51:02.379Z > 200 GET /api/v1/ 72.72ms
INF 2026-08-23T12:51:02.381Z > 200 GET /api/v1/ 77.47ms
INF 2026-08-23T12:51:02.382Z > 200 GET /api/v1/ 78.88ms
INF 2026-08-23T12:51:02.383Z > 200 GET /api/v1/ 81.49ms
INF 2026-08-23T12:51:02.383Z > 200 GET /api/v1/ 80.42ms
INF 2026-08-23T12:51:02.384Z > 200 GET /api/v1/ 81.77ms
INF 2026-08-23T12:51:02.386Z > 200 GET /api/v1/ 107.83ms
INF 2026-08-23T12:51:02.388Z > 200 GET /api/v1/ 110.04ms
INF 2026-08-23T12:51:02.395Z > 200 GET /api/v1/ 83.44ms
INF 2026-08-23T12:51:02.396Z > 200 GET /api/v1/ 82.64ms
INF 2026-08-23T12:51:02.396Z > 200 GET /api/v1/ 83.24ms
INF 2026-08-23T12:51:02.397Z > 200 GET /api/v1/ 84.41ms
INF 2026-08-23T12:51:02.399Z > 200 GET /api/v1/ 86.28ms
INF 2026-08-23T12:51:02.399Z > 200 GET /api/v1/ 89.79ms
INF 2026-08-23T12:51:02.400Z > 200 GET /api/v1/ 89.39ms
INF 2026-08-23T12:51:02.400Z > 200 GET /api/v1/ 90.16ms
INF 2026-08-23T12:51:02.403Z > 200 GET /api/v1/ 141.42ms
INF 2026-08-23T12:51:02.403Z > 200 GET /api/v1/ 140.36ms
INF 2026-08-23T12:51:02.404Z > 200 GET /api/v1/ 51.26ms
INF 2026-08-23T12:51:02.407Z > 200 GET /api/v1/ 56.02ms
INF 2026-08-23T12:51:02.408Z > 200 GET /api/v1/ 82.77ms
INF 2026-08-23T12:51:02.426Z > 200 GET /api/v1/ 146.2ms
INF 2026-08-23T12:51:02.427Z > 200 GET /api/v1/ 107.87ms
INF 2026-08-23T12:51:02.427Z > 200 GET /api/v1/ 105.11ms
INF 2026-08-23T12:51:02.428Z > 200 GET /api/v1/ 110.86ms
INF 2026-08-23T12:51:02.428Z > 200 GET /api/v1/ 109.69ms
INF 2026-08-23T12:51:02.429Z > 200 GET /api/v1/ 109.62ms
INF 2026-08-23T12:51:02.430Z > 200 GET /api/v1/ 111.99ms
INF 2026-08-23T12:51:02.440Z > 200 GET /api/v1/ 88.43ms
INF 2026-08-23T12:51:02.442Z > 200 GET /api/v1/ 110.61ms
INF 2026-08-23T12:51:02.443Z > 200 GET /api/v1/ 117.72ms
INF 2026-08-23T12:51:02.443Z > 200 GET /api/v1/ 107.92ms
INF 2026-08-23T12:51:02.443Z > 200 GET /api/v1/ 109.21ms
INF 2026-08-23T12:51:02.444Z > 200 GET /api/v1/ 110.25ms
INF 2026-08-23T12:51:02.444Z > 200 GET /api/v1/ 111.88ms
INF 2026-08-23T12:51:02.445Z > 200 GET /api/v1/ 182.96ms
INF 2026-08-23T12:51:02.448Z > 200 GET /api/v1/ 96.35ms
INF 2026-08-23T12:51:02.448Z > 200 GET /api/v1/ 95.41ms
INF 2026-08-23T12:51:02.449Z > 200 GET /api/v1/ 102.22ms
INF 2026-08-23T12:51:02.450Z > 200 GET /api/v1/ 128.99ms
INF 2026-08-23T12:51:02.454Z > 200 GET /api/v1/ 132.27ms
INF 2026-08-23T12:51:02.455Z > 200 GET /api/v1/ 110.38ms
INF 2026-08-23T12:51:02.458Z > 200 GET /api/v1/ 92.68ms
INF 2026-08-23T12:51:02.459Z > 200 GET /api/v1/ 91.65ms
INF 2026-08-23T12:51:02.460Z > 200 GET /api/v1/ 94.82ms
INF 2026-08-23T12:51:02.460Z > 200 GET /api/v1/ 97.04ms
INF 2026-08-23T12:51:02.460Z > 200 GET /api/v1/ 99.78ms
INF 2026-08-23T12:51:02.461Z > 200 GET /api/v1/ 96.6ms
INF 2026-08-23T12:51:02.466Z > 200 GET /api/v1/ 107.18ms
INF 2026-08-23T12:51:02.473Z > 200 GET /api/v1/ 100.8ms
INF 2026-08-23T12:51:02.474Z > 200 GET /api/v1/ 102.94ms
INF 2026-08-23T12:51:02.475Z > 200 GET /api/v1/ 102.86ms
INF 2026-08-23T12:51:02.476Z > 200 GET /api/v1/ 79.57ms
INF 2026-08-23T12:51:02.479Z > 200 GET /api/v1/ 111.53ms
INF 2026-08-23T12:51:02.480Z > 200 GET /api/v1/ 92.02ms
INF 2026-08-23T12:51:02.481Z > 200 GET /api/v1/ 95.76ms
INF 2026-08-23T12:51:02.481Z > 200 GET /api/v1/ 114.62ms
INF 2026-08-23T12:51:02.481Z > 200 GET /api/v1/ 97.01ms
INF 2026-08-23T12:51:02.482Z > 200 GET /api/v1/ 54.92ms
INF 2026-08-23T12:51:02.482Z > 200 GET /api/v1/ 95.32ms
INF 2026-08-23T12:51:02.484Z > 200 GET /api/v1/ 76.91ms
INF 2026-08-23T12:51:02.484Z > 200 GET /api/v1/ 102.3ms
INF 2026-08-23T12:51:02.485Z > 200 GET /api/v1/ 104.66ms
INF 2026-08-23T12:51:02.485Z > 200 GET /api/v1/ 105.9ms
INF 2026-08-23T12:51:02.486Z > 200 GET /api/v1/ 109.56ms
INF 2026-08-23T12:51:02.486Z > 200 GET /api/v1/ 130.15ms
INF 2026-08-23T12:51:02.487Z > 200 GET /api/v1/ 111.4ms
INF 2026-08-23T12:51:02.488Z > 200 GET /api/v1/ 113.36ms
INF 2026-08-23T12:51:02.492Z > 200 GET /api/v1/ 91.02ms
INF 2026-08-23T12:51:02.493Z > 200 GET /api/v1/ 50.86ms
INF 2026-08-23T12:51:02.493Z > 200 GET /api/v1/ 93.14ms
INF 2026-08-23T12:51:02.494Z > 200 GET /api/v1/ 92.13ms
INF 2026-08-23T12:51:02.494Z > 200 GET /api/v1/ 99.22ms
INF 2026-08-23T12:51:02.495Z > 200 GET /api/v1/ 98.59ms
INF 2026-08-23T12:51:02.495Z > 200 GET /api/v1/ 98.06ms
INF 2026-08-23T12:51:02.496Z > 200 GET /api/v1/ 98.04ms
INF 2026-08-23T12:51:02.499Z > 200 GET /api/v1/ 105.67ms
INF 2026-08-23T12:51:02.502Z > 200 GET /api/v1/ 108.78ms
INF 2026-08-23T12:51:02.502Z > 200 GET /api/v1/ 110.2ms
INF 2026-08-23T12:51:02.503Z > 200 GET /api/v1/ 97.03ms
INF 2026-08-23T12:51:02.503Z > 200 GET /api/v1/ 111.3ms
INF 2026-08-23T12:51:02.504Z > 200 GET /api/v1/ 113.05ms
INF 2026-08-23T12:51:02.505Z > 200 GET /api/v1/ 116.65ms
INF 2026-08-23T12:51:02.510Z > 200 GET /api/v1/ 104.6ms
INF 2026-08-23T12:51:02.511Z > 200 GET /api/v1/ 62.06ms
INF 2026-08-23T12:51:02.515Z > 200 GET /api/v1/ 74.46ms
INF 2026-08-23T12:51:02.515Z > 200 GET /api/v1/ 77.98ms
INF 2026-08-23T12:51:02.516Z > 200 GET /api/v1/ 79.27ms
INF 2026-08-23T12:51:02.518Z > 200 GET /api/v1/ 80.57ms
INF 2026-08-23T12:51:02.518Z > 200 GET /api/v1/ 81.21ms
INF 2026-08-23T12:51:02.519Z > 200 GET /api/v1/ 80.7ms
INF 2026-08-23T12:51:02.519Z > 200 GET /api/v1/ 82.22ms
INF 2026-08-23T12:51:02.519Z > 200 GET /api/v1/ 86.09ms
INF 2026-08-23T12:51:02.519Z > 200 GET /api/v1/ 83.02ms
INF 2026-08-23T12:51:02.520Z > 200 GET /api/v1/ 85.98ms
INF 2026-08-23T12:51:02.520Z > 200 GET /api/v1/ 85.2ms
INF 2026-08-23T12:51:02.521Z > 200 GET /api/v1/ 84.88ms
INF 2026-08-23T12:51:02.522Z > 200 GET /api/v1/ 131.16ms
INF 2026-08-23T12:51:02.522Z > 200 GET /api/v1/ 132.65ms
INF 2026-08-23T12:51:02.523Z > 200 GET /api/v1/ 87.02ms
INF 2026-08-23T12:51:02.523Z > 200 GET /api/v1/ 91.96ms
INF 2026-08-23T12:51:02.524Z > 200 GET /api/v1/ 93.2ms
INF 2026-08-23T12:51:02.524Z > 200 GET /api/v1/ 92.99ms
INF 2026-08-23T12:51:02.524Z > 200 GET /api/v1/ 93.66ms
INF 2026-08-23T12:51:02.526Z > 200 GET /api/v1/ 96.96ms
INF 2026-08-23T12:51:02.526Z > 200 GET /api/v1/ 139.84ms
INF 2026-08-23T12:51:02.527Z > 200 GET /api/v1/ 96.3ms
INF 2026-08-23T12:51:02.527Z > 200 GET /api/v1/ 102.28ms
INF 2026-08-23T12:51:02.531Z > 200 GET /api/v1/ 81.05ms
INF 2026-08-23T12:51:02.531Z > 200 GET /api/v1/ 82.92ms
INF 2026-08-23T12:51:02.551Z > 200 GET /api/v1/ 103.75ms
INF 2026-08-23T12:51:02.552Z > 200 GET /api/v1/ 113.24ms
INF 2026-08-23T12:51:02.554Z > 200 GET /api/v1/ 89.59ms
INF 2026-08-23T12:51:02.555Z > 200 GET /api/v1/ 81.85ms
INF 2026-08-23T12:51:02.562Z > 200 GET /api/v1/ 109.06ms
INF 2026-08-23T12:51:02.562Z > 200 GET /api/v1/ 110.17ms
INF 2026-08-23T12:51:02.563Z > 200 GET /api/v1/ 110.08ms
INF 2026-08-23T12:51:02.564Z > 200 GET /api/v1/ 60.89ms
INF 2026-08-23T12:51:02.573Z > 200 GET /api/v1/ 102.08ms
INF 2026-08-23T12:51:02.573Z > 200 GET /api/v1/ 101.99ms
INF 2026-08-23T12:51:02.574Z > 200 GET /api/v1/ 127.89ms
INF 2026-08-23T12:51:02.575Z > 200 GET /api/v1/ 108.69ms
INF 2026-08-23T12:51:02.590Z > 200 GET /api/v1/ 89.78ms
INF 2026-08-23T12:51:02.590Z > 200 GET /api/v1/ 85.18ms
INF 2026-08-23T12:51:02.591Z > 200 GET /api/v1/ 90.01ms
INF 2026-08-23T12:51:02.593Z > 200 GET /api/v1/ 90.28ms
INF 2026-08-23T12:51:02.594Z > 200 GET /api/v1/ 97.88ms
INF 2026-08-23T12:51:02.594Z > 200 GET /api/v1/ 96.55ms
INF 2026-08-23T12:51:02.597Z > 200 GET /api/v1/ 99.5ms
INF 2026-08-23T12:51:02.598Z > 200 GET /api/v1/ 106.65ms
INF 2026-08-23T12:51:02.598Z > 200 GET /api/v1/ 107.61ms
INF 2026-08-23T12:51:02.599Z > 200 GET /api/v1/ 129.84ms
INF 2026-08-23T12:51:02.599Z > 200 GET /api/v1/ 110.93ms
INF 2026-08-23T12:51:02.600Z > 200 GET /api/v1/ 112.62ms
INF 2026-08-23T12:51:02.600Z > 200 GET /api/v1/ 110.91ms
INF 2026-08-23T12:51:02.601Z > 200 GET /api/v1/ 156.21ms
INF 2026-08-23T12:51:02.602Z > 200 GET /api/v1/ 151.26ms
INF 2026-08-23T12:51:02.603Z > 200 GET /api/v1/ 91.13ms
INF 2026-08-23T12:51:02.603Z > 200 GET /api/v1/ 134.91ms
INF 2026-08-23T12:51:02.603Z > 200 GET /api/v1/ 94.44ms
INF 2026-08-23T12:51:02.605Z > 200 GET /api/v1/ 95.0ms
INF 2026-08-23T12:51:02.606Z > 200 GET /api/v1/ 95.85ms
INF 2026-08-23T12:51:02.606Z > 200 GET /api/v1/ 94.25ms
INF 2026-08-23T12:51:02.607Z > 200 GET /api/v1/ 99.91ms
INF 2026-08-23T12:51:02.607Z > 200 GET /api/v1/ 99.58ms
INF 2026-08-23T12:51:02.608Z > 200 GET /api/v1/ 76.63ms
INF 2026-08-23T12:51:02.609Z > 200 GET /api/v1/ 100.34ms
INF 2026-08-23T12:51:02.615Z > 200 GET /api/v1/ 87.35ms
INF 2026-08-23T12:51:02.615Z > 200 GET /api/v1/ 88.6ms
INF 2026-08-23T12:51:02.622Z > 200 GET /api/v1/ 131.98ms
INF 2026-08-23T12:51:02.626Z > 200 GET /api/v1/ 96.94ms
INF 2026-08-23T12:51:02.627Z > 200 GET /api/v1/ 97.69ms
INF 2026-08-23T12:51:02.627Z > 200 GET /api/v1/ 97.6ms
INF 2026-08-23T12:51:02.627Z > 200 GET /api/v1/ 97.06ms
INF 2026-08-23T12:51:02.628Z > 200 GET /api/v1/ 97.68ms
INF 2026-08-23T12:51:02.629Z > 200 GET /api/v1/ 100.79ms
INF 2026-08-23T12:51:02.629Z > 200 GET /api/v1/ 99.18ms
INF 2026-08-23T12:51:02.630Z > 200 GET /api/v1/ 102.49ms
INF 2026-08-23T12:51:02.630Z > 200 GET /api/v1/ 101.86ms
INF 2026-08-23T12:51:02.631Z > 200 GET /api/v1/ 66.68ms
INF 2026-08-23T12:51:02.632Z > 200 GET /api/v1/ 103.05ms
INF 2026-08-23T12:51:02.634Z > 200 GET /api/v1/ 73.44ms
INF 2026-08-23T12:51:02.635Z > 200 GET /api/v1/ 76.15ms
INF 2026-08-23T12:51:02.635Z > 200 GET /api/v1/ 78.39ms
INF 2026-08-23T12:51:02.636Z > 200 GET /api/v1/ 78.91ms
INF 2026-08-23T12:51:02.636Z > 200 GET /api/v1/ 76.48ms
INF 2026-08-23T12:51:02.636Z > 200 GET /api/v1/ 77.3ms
INF 2026-08-23T12:51:02.636Z > 200 GET /api/v1/ 79.89ms
INF 2026-08-23T12:51:02.637Z > 200 GET /api/v1/ 83.04ms
INF 2026-08-23T12:51:02.637Z > 200 GET /api/v1/ 78.82ms
INF 2026-08-23T12:51:02.637Z > 200 GET /api/v1/ 81.65ms
INF 2026-08-23T12:51:02.638Z > 200 GET /api/v1/ 81.37ms
INF 2026-08-23T12:51:02.638Z > 200 GET /api/v1/ 82.0ms
INF 2026-08-23T12:51:02.638Z > 200 GET /api/v1/ 80.4ms
INF 2026-08-23T12:51:02.639Z > 200 GET /api/v1/ 81.57ms
INF 2026-08-23T12:51:02.639Z > 200 GET /api/v1/ 81.45ms
INF 2026-08-23T12:51:02.640Z > 200 GET /api/v1/ 84.76ms
INF 2026-08-23T12:51:02.641Z > 200 GET /api/v1/ 126.87ms
INF 2026-08-23T12:51:02.641Z > 200 GET /api/v1/ 85.92ms
INF 2026-08-23T12:51:02.642Z > 200 GET /api/v1/ 92.3ms
INF 2026-08-23T12:51:02.642Z > 200 GET /api/v1/ 94.01ms
INF 2026-08-23T12:51:02.643Z > 200 GET /api/v1/ 129.88ms
INF 2026-08-23T12:51:02.643Z > 200 GET /api/v1/ 74.38ms
INF 2026-08-23T12:51:02.644Z > 200 GET /api/v1/ 75.81ms
INF 2026-08-23T12:51:02.644Z > 200 GET /api/v1/ 76.6ms
INF 2026-08-23T12:51:02.658Z > 200 GET /api/v1/ 89.68ms
INF 2026-08-23T12:51:02.659Z > 200 GET /api/v1/ 89.06ms
INF 2026-08-23T12:51:02.659Z > 200 GET /api/v1/ 89.0ms
INF 2026-08-23T12:51:02.660Z > 200 GET /api/v1/ 90.08ms
INF 2026-08-23T12:51:02.660Z > 200 GET /api/v1/ 90.7ms
INF 2026-08-23T12:51:02.660Z > 200 GET /api/v1/ 93.82ms
INF 2026-08-23T12:51:02.663Z > 200 GET /api/v1/ 98.83ms
INF 2026-08-23T12:51:02.663Z > 200 GET /api/v1/ 102.42ms
INF 2026-08-23T12:51:02.666Z > 200 GET /api/v1/ 141.09ms
INF 2026-08-23T12:51:02.666Z > 200 GET /api/v1/ 103.52ms
INF 2026-08-23T12:51:02.667Z > 200 GET /api/v1/ 84.04ms
INF 2026-08-23T12:51:02.668Z > 200 GET /api/v1/ 81.0ms
INF 2026-08-23T12:51:02.668Z > 200 GET /api/v1/ 83.03ms
INF 2026-08-23T12:51:02.668Z > 200 GET /api/v1/ 83.78ms
INF 2026-08-23T12:51:02.669Z > 200 GET /api/v1/ 81.39ms
INF 2026-08-23T12:51:02.669Z > 200 GET /api/v1/ 82.17ms
INF 2026-08-23T12:51:02.669Z > 200 GET /api/v1/ 81.63ms
INF 2026-08-23T12:51:02.670Z > 200 GET /api/v1/ 93.63ms
INF 2026-08-23T12:51:02.670Z > 200 GET /api/v1/ 91.66ms
INF 2026-08-23T12:51:02.671Z > 200 GET /api/v1/ 64.78ms
INF 2026-08-23T12:51:02.676Z > 200 GET /api/v1/ 124.0ms
INF 2026-08-23T12:51:02.677Z > 200 GET /api/v1/ 126.79ms
INF 2026-08-23T12:51:02.683Z > 200 GET /api/v1/ 120.28ms
INF 2026-08-23T12:51:02.685Z > 200 GET /api/v1/ 107.48ms
INF 2026-08-23T12:51:02.685Z > 200 GET /api/v1/ 99.07ms
INF 2026-08-23T12:51:02.686Z > 200 GET /api/v1/ 73.84ms
INF 2026-08-23T12:51:02.687Z > 200 GET /api/v1/ 78.15ms
INF 2026-08-23T12:51:02.688Z > 200 GET /api/v1/ 101.4ms
INF 2026-08-23T12:51:02.703Z > 200 GET /api/v1/ 84.63ms
INF 2026-08-23T12:51:02.703Z > 200 GET /api/v1/ 86.82ms
INF 2026-08-23T12:51:02.710Z > 200 GET /api/v1/ 98.93ms
INF 2026-08-23T12:51:02.716Z > 200 GET /api/v1/ 58.11ms
INF 2026-08-23T12:51:02.720Z > 200 GET /api/v1/ 97.84ms
INF 2026-08-23T12:51:02.721Z > 200 GET /api/v1/ 103.38ms
INF 2026-08-23T12:51:02.721Z > 200 GET /api/v1/ 96.92ms
INF 2026-08-23T12:51:02.721Z > 200 GET /api/v1/ 97.98ms
INF 2026-08-23T12:51:02.722Z > 200 GET /api/v1/ 97.78ms
INF 2026-08-23T12:51:02.728Z > 200 GET /api/v1/ 93.92ms
INF 2026-08-23T12:51:02.729Z > 200 GET /api/v1/ 58.86ms
INF 2026-08-23T12:51:02.729Z > 200 GET /api/v1/ 94.48ms
INF 2026-08-23T12:51:02.732Z > 200 GET /api/v1/ 97.99ms
INF 2026-08-23T12:51:02.733Z > 200 GET /api/v1/ 101.01ms
INF 2026-08-23T12:51:02.738Z > 200 GET /api/v1/ 76.62ms
INF 2026-08-23T12:51:02.738Z > 200 GET /api/v1/ 76.71ms
INF 2026-08-23T12:51:02.739Z > 200 GET /api/v1/ 76.68ms
INF 2026-08-23T12:51:02.739Z > 200 GET /api/v1/ 75.12ms
INF 2026-08-23T12:51:02.740Z > 200 GET /api/v1/ 78.72ms
INF 2026-08-23T12:51:02.740Z > 200 GET /api/v1/ 79.6ms
INF 2026-08-23T12:51:02.740Z > 200 GET /api/v1/ 82.12ms
INF 2026-08-23T12:51:02.741Z > 200 GET /api/v1/ 57.91ms
INF 2026-08-23T12:51:02.747Z > 200 GET /api/v1/ 70.66ms
INF 2026-08-23T12:51:02.747Z > 200 GET /api/v1/ 72.68ms
INF 2026-08-23T12:51:02.748Z > 200 GET /api/v1/ 75.72ms
INF 2026-08-23T12:51:02.749Z > 200 GET /api/v1/ 77.87ms
INF 2026-08-23T12:51:02.749Z > 200 GET /api/v1/ 73.14ms
INF 2026-08-23T12:51:02.750Z > 200 GET /api/v1/ 74.55ms
INF 2026-08-23T12:51:02.750Z > 200 GET /api/v1/ 78.03ms
INF 2026-08-23T12:51:02.751Z > 200 GET /api/v1/ 77.12ms
INF 2026-08-23T12:51:02.751Z > 200 GET /api/v1/ 78.18ms
INF 2026-08-23T12:51:02.752Z > 200 GET /api/v1/ 76.34ms
INF 2026-08-23T12:51:02.752Z > 200 GET /api/v1/ 79.33ms
INF 2026-08-23T12:51:02.754Z > 200 GET /api/v1/ 79.99ms
INF 2026-08-23T12:51:02.754Z > 200 GET /api/v1/ 81.15ms
INF 2026-08-23T12:51:02.756Z > 200 GET /api/v1/ 91.99ms
INF 2026-08-23T12:51:02.756Z > 200 GET /api/v1/ 91.21ms
INF 2026-08-23T12:51:02.759Z > 200 GET /api/v1/ 77.1ms
INF 2026-08-23T12:51:02.760Z > 200 GET /api/v1/ 79.19ms
INF 2026-08-23T12:51:02.761Z > 200 GET /api/v1/ 81.94ms
INF 2026-08-23T12:51:02.767Z > 200 GET /api/v1/ 73.05ms
INF 2026-08-23T12:51:02.767Z > 200 GET /api/v1/ 71.26ms
INF 2026-08-23T12:51:02.768Z > 200 GET /api/v1/ 75.17ms
INF 2026-08-23T12:51:02.768Z > 200 GET /api/v1/ 70.17ms
INF 2026-08-23T12:51:02.769Z > 200 GET /api/v1/ 79.69ms
INF 2026-08-23T12:51:02.786Z > 200 GET /api/v1/ 93.29ms
INF 2026-08-23T12:51:02.787Z > 200 GET /api/v1/ 96.96ms
INF 2026-08-23T12:51:02.787Z > 200 GET /api/v1/ 98.49ms
INF 2026-08-23T12:51:02.788Z > 200 GET /api/v1/ 100.37ms
INF 2026-08-23T12:51:02.788Z > 200 GET /api/v1/ 99.51ms
INF 2026-08-23T12:51:02.789Z > 200 GET /api/v1/ 100.62ms
INF 2026-08-23T12:51:02.789Z > 200 GET /api/v1/ 100.07ms
INF 2026-08-23T12:51:02.790Z > 200 GET /api/v1/ 108.67ms
INF 2026-08-23T12:51:02.790Z > 200 GET /api/v1/ 109.56ms
INF 2026-08-23T12:51:02.790Z > 200 GET /api/v1/ 105.11ms
INF 2026-08-23T12:51:02.790Z > 200 GET /api/v1/ 106.79ms
INF 2026-08-23T12:51:02.791Z > 200 GET /api/v1/ 107.29ms
INF 2026-08-23T12:51:02.791Z > 200 GET /api/v1/ 58.35ms
INF 2026-08-23T12:51:02.792Z > 200 GET /api/v1/ 109.79ms
INF 2026-08-23T12:51:02.792Z > 200 GET /api/v1/ 60.16ms
INF 2026-08-23T12:51:02.796Z > 200 GET /api/v1/ 118.52ms
INF 2026-08-23T12:51:02.797Z > 200 GET /api/v1/ 119.48ms
INF 2026-08-23T12:51:02.797Z > 200 GET /api/v1/ 119.58ms
INF 2026-08-23T12:51:02.798Z > 200 GET /api/v1/ 119.65ms
INF 2026-08-23T12:51:02.799Z > 200 GET /api/v1/ 77.07ms
INF 2026-08-23T12:51:02.799Z > 200 GET /api/v1/ 122.21ms
INF 2026-08-23T12:51:02.800Z > 200 GET /api/v1/ 102.85ms
INF 2026-08-23T12:51:02.800Z > 200 GET /api/v1/ 122.98ms
INF 2026-08-23T12:51:02.800Z > 200 GET /api/v1/ 124.18ms
INF 2026-08-23T12:51:02.801Z > 200 GET /api/v1/ 123.67ms
INF 2026-08-23T12:51:02.802Z > 200 GET /api/v1/ 104.2ms
INF 2026-08-23T12:51:02.803Z > 200 GET /api/v1/ 88.97ms
INF 2026-08-23T12:51:02.804Z > 200 GET /api/v1/ 92.83ms
INF 2026-08-23T12:51:02.807Z > 200 GET /api/v1/ 98.37ms
INF 2026-08-23T12:51:02.810Z > 200 GET /api/v1/ 131.27ms
INF 2026-08-23T12:51:02.813Z > 200 GET /api/v1/ 129.66ms
INF 2026-08-23T12:51:02.813Z > 200 GET /api/v1/ 107.85ms
INF 2026-08-23T12:51:02.817Z > 200 GET /api/v1/ 65.33ms
INF 2026-08-23T12:51:02.818Z > 200 GET /api/v1/ 90.75ms
INF 2026-08-23T12:51:02.819Z > 200 GET /api/v1/ 75.94ms
INF 2026-08-23T12:51:02.820Z > 200 GET /api/v1/ 121.23ms
INF 2026-08-23T12:51:02.821Z > 200 GET /api/v1/ 103.2ms
INF 2026-08-23T12:51:02.821Z > 200 GET /api/v1/ 95.1ms
INF 2026-08-23T12:51:02.821Z > 200 GET /api/v1/ 103.0ms
INF 2026-08-23T12:51:02.822Z > 200 GET /api/v1/ 99.47ms
INF 2026-08-23T12:51:02.822Z > 200 GET /api/v1/ 105.68ms
INF 2026-08-23T12:51:02.823Z > 200 GET /api/v1/ 125.18ms
INF 2026-08-23T12:51:02.824Z > 200 GET /api/v1/ 88.36ms
INF 2026-08-23T12:51:02.825Z > 200 GET /api/v1/ 115.32ms
INF 2026-08-23T12:51:02.826Z > 200 GET /api/v1/ 117.93ms
INF 2026-08-23T12:51:02.827Z > 200 GET /api/v1/ 91.96ms
INF 2026-08-23T12:51:02.827Z > 200 GET /api/v1/ 92.8ms
INF 2026-08-23T12:51:02.828Z > 200 GET /api/v1/ 96.97ms
INF 2026-08-23T12:51:02.828Z > 200 GET /api/v1/ 94.0ms
INF 2026-08-23T12:51:02.829Z > 200 GET /api/v1/ 69.25ms
INF 2026-08-23T12:51:02.829Z > 200 GET /api/v1/ 95.95ms
INF 2026-08-23T12:51:02.829Z > 200 GET /api/v1/ 97.32ms
INF 2026-08-23T12:51:02.835Z > 200 GET /api/v1/ 91.42ms
INF 2026-08-23T12:51:02.836Z > 200 GET /api/v1/ 83.8ms
INF 2026-08-23T12:51:02.837Z > 200 GET /api/v1/ 91.8ms
INF 2026-08-23T12:51:02.837Z > 200 GET /api/v1/ 91.75ms
INF 2026-08-23T12:51:02.842Z > 200 GET /api/v1/ 79.5ms
INF 2026-08-23T12:51:02.850Z > 200 GET /api/v1/ 63.21ms
INF 2026-08-23T12:51:02.851Z > 200 GET /api/v1/ 80.71ms
INF 2026-08-23T12:51:02.851Z > 200 GET /api/v1/ 43.85ms
INF 2026-08-23T12:51:02.851Z > 200 GET /api/v1/ 81.96ms
INF 2026-08-23T12:51:02.856Z > 200 GET /api/v1/ 60.9ms
INF 2026-08-23T12:51:02.857Z > 200 GET /api/v1/ 60.97ms
INF 2026-08-23T12:51:02.857Z > 200 GET /api/v1/ 62.46ms
INF 2026-08-23T12:51:02.858Z > 200 GET /api/v1/ 64.87ms
INF 2026-08-23T12:51:02.858Z > 200 GET /api/v1/ 62.94ms
INF 2026-08-23T12:51:02.858Z > 200 GET /api/v1/ 64.63ms
INF 2026-08-23T12:51:02.859Z > 200 GET /api/v1/ 64.27ms
INF 2026-08-23T12:51:02.859Z > 200 GET /api/v1/ 64.9ms
INF 2026-08-23T12:51:02.859Z > 200 GET /api/v1/ 67.2ms
INF 2026-08-23T12:51:02.860Z > 200 GET /api/v1/ 66.24ms
INF 2026-08-23T12:51:02.860Z > 200 GET /api/v1/ 66.25ms
INF 2026-08-23T12:51:02.861Z > 200 GET /api/v1/ 67.45ms
INF 2026-08-23T12:51:02.868Z > 200 GET /api/v1/ 80.55ms
INF 2026-08-23T12:51:02.868Z > 200 GET /api/v1/ 99.86ms
INF 2026-08-23T12:51:02.872Z > 200 GET /api/v1/ 66.45ms
INF 2026-08-23T12:51:02.872Z > 200 GET /api/v1/ 67.57ms
INF 2026-08-23T12:51:02.873Z > 200 GET /api/v1/ 68.0ms
INF 2026-08-23T12:51:02.877Z > 200 GET /api/v1/ 82.55ms
INF 2026-08-23T12:51:02.878Z > 200 GET /api/v1/ 82.29ms
INF 2026-08-23T12:51:02.879Z > 200 GET /api/v1/ 136.75ms
INF 2026-08-23T12:51:02.879Z > 200 GET /api/v1/ 136.59ms
INF 2026-08-23T12:51:02.883Z > 200 GET /api/v1/ 69.84ms
INF 2026-08-23T12:51:02.884Z > 200 GET /api/v1/ 67.44ms
INF 2026-08-23T12:51:02.885Z > 200 GET /api/v1/ 74.74ms
INF 2026-08-23T12:51:02.886Z > 200 GET /api/v1/ 77.79ms
INF 2026-08-23T12:51:02.906Z > 200 GET /api/v1/ 96.23ms
INF 2026-08-23T12:51:02.907Z > 200 GET /api/v1/ 96.76ms
INF 2026-08-23T12:51:02.908Z > 200 GET /api/v1/ 99.59ms
INF 2026-08-23T12:51:02.908Z > 200 GET /api/v1/ 100.62ms
INF 2026-08-23T12:51:02.908Z > 200 GET /api/v1/ 97.18ms
INF 2026-08-23T12:51:02.908Z > 200 GET /api/v1/ 105.19ms
INF 2026-08-23T12:51:02.916Z > 200 GET /api/v1/ 114.77ms
INF 2026-08-23T12:51:02.918Z > 200 GET /api/v1/ 97.82ms
INF 2026-08-23T12:51:02.918Z > 200 GET /api/v1/ 103.63ms
INF 2026-08-23T12:51:02.919Z > 200 GET /api/v1/ 104.74ms
INF 2026-08-23T12:51:02.919Z > 200 GET /api/v1/ 123.4ms
INF 2026-08-23T12:51:02.919Z > 200 GET /api/v1/ 100.1ms
INF 2026-08-23T12:51:02.923Z > 200 GET /api/v1/ 91.57ms
INF 2026-08-23T12:51:02.924Z > 200 GET /api/v1/ 91.48ms
INF 2026-08-23T12:51:02.924Z > 200 GET /api/v1/ 90.9ms
INF 2026-08-23T12:51:02.925Z > 200 GET /api/v1/ 90.57ms
INF 2026-08-23T12:51:02.925Z > 200 GET /api/v1/ 92.68ms
INF 2026-08-23T12:51:02.927Z > 200 GET /api/v1/ 93.1ms
INF 2026-08-23T12:51:02.927Z > 200 GET /api/v1/ 115.36ms
INF 2026-08-23T12:51:02.932Z > 200 GET /api/v1/ 87.47ms
INF 2026-08-23T12:51:02.939Z > 200 GET /api/v1/ 96.14ms
INF 2026-08-23T12:51:02.939Z > 200 GET /api/v1/ 79.05ms
INF 2026-08-23T12:51:02.940Z > 200 GET /api/v1/ 98.75ms
INF 2026-08-23T12:51:02.943Z > 200 GET /api/v1/ 147.94ms
INF 2026-08-23T12:51:02.944Z > 200 GET /api/v1/ 90.32ms
INF 2026-08-23T12:51:02.945Z > 200 GET /api/v1/ 92.27ms
INF 2026-08-23T12:51:02.945Z > 200 GET /api/v1/ 93.84ms
INF 2026-08-23T12:51:02.948Z > 200 GET /api/v1/ 99.53ms
INF 2026-08-23T12:51:02.950Z > 200 GET /api/v1/ 118.71ms
INF 2026-08-23T12:51:02.950Z > 200 GET /api/v1/ 95.29ms
INF 2026-08-23T12:51:02.953Z > 200 GET /api/v1/ 109.36ms
INF 2026-08-23T12:51:02.955Z > 200 GET /api/v1/ 92.17ms
INF 2026-08-23T12:51:02.955Z > 200 GET /api/v1/ 69.02ms
INF 2026-08-23T12:51:02.959Z > 200 GET /api/v1/ 73.87ms
INF 2026-08-23T12:51:02.961Z > 200 GET /api/v1/ 105.94ms
INF 2026-08-23T12:51:02.962Z > 200 GET /api/v1/ 108.64ms
INF 2026-08-23T12:51:02.962Z > 200 GET /api/v1/ 109.21ms
INF 2026-08-23T12:51:02.962Z > 200 GET /api/v1/ 123.43ms
INF 2026-08-23T12:51:02.962Z > 200 GET /api/v1/ 108.41ms
INF 2026-08-23T12:51:02.963Z > 200 GET /api/v1/ 93.94ms
INF 2026-08-23T12:51:02.963Z > 200 GET /api/v1/ 90.41ms
INF 2026-08-23T12:51:02.963Z > 200 GET /api/v1/ 91.71ms
INF 2026-08-23T12:51:02.963Z > 200 GET /api/v1/ 92.8ms
INF 2026-08-23T12:51:02.964Z > 200 GET /api/v1/ 92.88ms
INF 2026-08-23T12:51:02.964Z > 200 GET /api/v1/ 90.74ms
INF 2026-08-23T12:51:02.965Z > 200 GET /api/v1/ 94.74ms
INF 2026-08-23T12:51:02.966Z > 200 GET /api/v1/ 92.26ms
INF 2026-08-23T12:51:02.966Z > 200 GET /api/v1/ 96.92ms
INF 2026-08-23T12:51:02.967Z > 200 GET /api/v1/ 97.83ms
INF 2026-08-23T12:51:02.969Z > 200 GET /api/v1/ 86.32ms
INF 2026-08-23T12:51:02.972Z > 200 GET /api/v1/ 125.07ms
INF 2026-08-23T12:51:02.972Z > 200 GET /api/v1/ 127.81ms
INF 2026-08-23T12:51:02.973Z > 200 GET /api/v1/ 63.99ms
INF 2026-08-23T12:51:02.973Z > 200 GET /api/v1/ 105.95ms
INF 2026-08-23T12:51:02.973Z > 200 GET /api/v1/ 128.32ms
INF 2026-08-23T12:51:02.973Z > 200 GET /api/v1/ 143.26ms
INF 2026-08-23T12:51:02.974Z > 200 GET /api/v1/ 129.22ms
INF 2026-08-23T12:51:02.975Z > 200 GET /api/v1/ 131.11ms
INF 2026-08-23T12:51:02.976Z > 200 GET /api/v1/ 90.13ms
INF 2026-08-23T12:51:02.976Z > 200 GET /api/v1/ 89.07ms
INF 2026-08-23T12:51:02.977Z > 200 GET /api/v1/ 90.69ms
INF 2026-08-23T12:51:02.980Z > 200 GET /api/v1/ 98.19ms
INF 2026-08-23T12:51:02.982Z > 200 GET /api/v1/ 99.86ms
INF 2026-08-23T12:51:02.982Z > 200 GET /api/v1/ 128.27ms
INF 2026-08-23T12:51:02.983Z > 200 GET /api/v1/ 143.61ms
INF 2026-08-23T12:51:02.983Z > 200 GET /api/v1/ 143.75ms
INF 2026-08-23T12:51:02.985Z > 200 GET /api/v1/ 73.23ms
INF 2026-08-23T12:51:02.987Z > 200 GET /api/v1/ 75.52ms
INF 2026-08-23T12:51:02.987Z > 200 GET /api/v1/ 76.16ms
INF 2026-08-23T12:51:02.987Z > 200 GET /api/v1/ 76.56ms
INF 2026-08-23T12:51:02.988Z > 200 GET /api/v1/ 75.67ms
INF 2026-08-23T12:51:02.989Z > 200 GET /api/v1/ 80.04ms
INF 2026-08-23T12:51:02.989Z > 200 GET /api/v1/ 77.85ms
INF 2026-08-23T12:51:02.989Z > 200 GET /api/v1/ 79.08ms
INF 2026-08-23T12:51:02.990Z > 200 GET /api/v1/ 80.8ms
INF 2026-08-23T12:51:02.990Z > 200 GET /api/v1/ 84.49ms
INF 2026-08-23T12:51:02.990Z > 200 GET /api/v1/ 80.22ms
INF 2026-08-23T12:51:02.991Z > 200 GET /api/v1/ 80.91ms
INF 2026-08-23T12:51:02.991Z > 200 GET /api/v1/ 80.18ms
INF 2026-08-23T12:51:02.991Z > 200 GET /api/v1/ 78.79ms
INF 2026-08-23T12:51:02.992Z > 200 GET /api/v1/ 87.56ms
INF 2026-08-23T12:51:02.993Z > 200 GET /api/v1/ 83.04ms
INF 2026-08-23T12:51:02.993Z > 200 GET /api/v1/ 88.74ms
INF 2026-08-23T12:51:02.994Z > 200 GET /api/v1/ 72.54ms
INF 2026-08-23T12:51:02.994Z > 200 GET /api/v1/ 68.67ms
INF 2026-08-23T12:51:02.999Z > 200 GET /api/v1/ 118.66ms
INF 2026-08-23T12:51:03.016Z > 200 GET /api/v1/ 99.62ms
INF 2026-08-23T12:51:03.022Z > 200 GET /api/v1/ 83.81ms
INF 2026-08-23T12:51:03.023Z > 200 GET /api/v1/ 88.73ms
INF 2026-08-23T12:51:03.024Z > 200 GET /api/v1/ 115.04ms
INF 2026-08-23T12:51:03.025Z > 200 GET /api/v1/ 96.61ms
INF 2026-08-23T12:51:03.025Z > 200 GET /api/v1/ 95.65ms
INF 2026-08-23T12:51:03.025Z > 200 GET /api/v1/ 95.37ms
INF 2026-08-23T12:51:03.026Z > 200 GET /api/v1/ 98.11ms
INF 2026-08-23T12:51:03.026Z > 200 GET /api/v1/ 158.32ms
INF 2026-08-23T12:51:03.027Z > 200 GET /api/v1/ 58.75ms
INF 2026-08-23T12:51:03.030Z > 200 GET /api/v1/ 109.91ms
INF 2026-08-23T12:51:03.031Z > 200 GET /api/v1/ 108.34ms
INF 2026-08-23T12:51:03.031Z > 200 GET /api/v1/ 90.53ms
INF 2026-08-23T12:51:03.031Z > 200 GET /api/v1/ 110.55ms
INF 2026-08-23T12:51:03.032Z > 200 GET /api/v1/ 91.67ms
INF 2026-08-23T12:51:03.044Z > 200 GET /api/v1/ 87.87ms
INF 2026-08-23T12:51:03.044Z > 200 GET /api/v1/ 84.82ms
INF 2026-08-23T12:51:03.045Z > 200 GET /api/v1/ 86.57ms
INF 2026-08-23T12:51:03.045Z > 200 GET /api/v1/ 87.32ms
INF 2026-08-23T12:51:03.046Z > 200 GET /api/v1/ 88.71ms
INF 2026-08-23T12:51:03.046Z > 200 GET /api/v1/ 89.33ms
INF 2026-08-23T12:51:03.049Z > 200 GET /api/v1/ 81.68ms
INF 2026-08-23T12:51:03.050Z > 200 GET /api/v1/ 82.49ms
INF 2026-08-23T12:51:03.050Z > 200 GET /api/v1/ 84.98ms
INF 2026-08-23T12:51:03.050Z > 200 GET /api/v1/ 84.76ms
INF 2026-08-23T12:51:03.057Z > 200 GET /api/v1/ 76.19ms
INF 2026-08-23T12:51:03.059Z > 200 GET /api/v1/ 78.58ms
INF 2026-08-23T12:51:03.059Z > 200 GET /api/v1/ 78.44ms
INF 2026-08-23T12:51:03.060Z > 200 GET /api/v1/ 79.12ms
INF 2026-08-23T12:51:03.060Z > 200 GET /api/v1/ 82.22ms
INF 2026-08-23T12:51:03.061Z > 200 GET /api/v1/ 82.28ms
INF 2026-08-23T12:51:03.061Z > 200 GET /api/v1/ 84.04ms
INF 2026-08-23T12:51:03.064Z > 200 GET /api/v1/ 94.19ms
INF 2026-08-23T12:51:03.067Z > 200 GET /api/v1/ 45.25ms
INF 2026-08-23T12:51:03.072Z > 200 GET /api/v1/ 56.05ms
INF 2026-08-23T12:51:03.074Z > 200 GET /api/v1/ 77.88ms
INF 2026-08-23T12:51:03.075Z > 200 GET /api/v1/ 77.18ms
INF 2026-08-23T12:51:03.075Z > 200 GET /api/v1/ 76.68ms
INF 2026-08-23T12:51:03.075Z > 200 GET /api/v1/ 79.76ms
INF 2026-08-23T12:51:03.078Z > 200 GET /api/v1/ 83.24ms
INF 2026-08-23T12:51:03.080Z > 200 GET /api/v1/ 52.6ms
INF 2026-08-23T12:51:03.080Z > 200 GET /api/v1/ 85.39ms
INF 2026-08-23T12:51:03.081Z > 200 GET /api/v1/ 95.11ms
INF 2026-08-23T12:51:03.082Z > 200 GET /api/v1/ 56.84ms
INF 2026-08-23T12:51:03.082Z > 200 GET /api/v1/ 59.13ms
INF 2026-08-23T12:51:03.085Z > 200 GET /api/v1/ 66.69ms
INF 2026-08-23T12:51:03.086Z > 200 GET /api/v1/ 65.89ms
INF 2026-08-23T12:51:03.087Z > 200 GET /api/v1/ 68.29ms
INF 2026-08-23T12:51:03.087Z > 200 GET /api/v1/ 67.96ms
INF 2026-08-23T12:51:03.087Z > 200 GET /api/v1/ 68.71ms
INF 2026-08-23T12:51:03.087Z > 200 GET /api/v1/ 69.06ms
INF 2026-08-23T12:51:03.088Z > 200 GET /api/v1/ 68.29ms
INF 2026-08-23T12:51:03.088Z > 200 GET /api/v1/ 70.7ms
INF 2026-08-23T12:51:03.089Z > 200 GET /api/v1/ 71.37ms
INF 2026-08-23T12:51:03.090Z > 200 GET /api/v1/ 69.84ms
INF 2026-08-23T12:51:03.090Z > 200 GET /api/v1/ 71.06ms
INF 2026-08-23T12:51:03.090Z > 200 GET /api/v1/ 71.19ms
INF 2026-08-23T12:51:03.092Z > 200 GET /api/v1/ 74.22ms
INF 2026-08-23T12:51:03.093Z > 200 GET /api/v1/ 92.8ms
INF 2026-08-23T12:51:03.094Z > 200 GET /api/v1/ 65.14ms
INF 2026-08-23T12:51:03.094Z > 200 GET /api/v1/ 66.39ms
INF 2026-08-23T12:51:03.097Z > 200 GET /api/v1/ 73.68ms
INF 2026-08-23T12:51:03.100Z > 200 GET /api/v1/ 113.15ms
INF 2026-08-23T12:51:03.100Z > 200 GET /api/v1/ 114.45ms
INF 2026-08-23T12:51:03.100Z > 200 GET /api/v1/ 126.42ms
INF 2026-08-23T12:51:03.102Z > 200 GET /api/v1/ 84.69ms
INF 2026-08-23T12:51:03.102Z > 200 GET /api/v1/ 69.2ms
INF 2026-08-23T12:51:03.102Z > 200 GET /api/v1/ 59.96ms
INF 2026-08-23T12:51:03.103Z > 200 GET /api/v1/ 61.79ms
INF 2026-08-23T12:51:03.104Z > 200 GET /api/v1/ 60.64ms
INF 2026-08-23T12:51:03.104Z > 200 GET /api/v1/ 86.85ms
INF 2026-08-23T12:51:03.104Z > 200 GET /api/v1/ 88.37ms
INF 2026-08-23T12:51:03.105Z > 200 GET /api/v1/ 62.06ms
INF 2026-08-23T12:51:03.105Z > 200 GET /api/v1/ 88.78ms
INF 2026-08-23T12:51:03.106Z > 200 GET /api/v1/ 88.34ms
INF 2026-08-23T12:51:03.106Z > 200 GET /api/v1/ 71.37ms
INF 2026-08-23T12:51:03.106Z > 200 GET /api/v1/ 65.11ms
INF 2026-08-23T12:51:03.106Z > 200 GET /api/v1/ 89.76ms
INF 2026-08-23T12:51:03.107Z > 200 GET /api/v1/ 64.18ms
INF 2026-08-23T12:51:03.122Z > 200 GET /api/v1/ 82.07ms
INF 2026-08-23T12:51:03.122Z > 200 GET /api/v1/ 105.31ms
INF 2026-08-23T12:51:03.122Z > 200 GET /api/v1/ 83.41ms
INF 2026-08-23T12:51:03.123Z > 200 GET /api/v1/ 88.99ms
INF 2026-08-23T12:51:03.124Z > 200 GET /api/v1/ 91.88ms
INF 2026-08-23T12:51:03.124Z > 200 GET /api/v1/ 103.98ms
INF 2026-08-23T12:51:03.125Z > 200 GET /api/v1/ 105.96ms
INF 2026-08-23T12:51:03.125Z > 200 GET /api/v1/ 105.62ms
INF 2026-08-23T12:51:03.130Z > 200 GET /api/v1/ 102.33ms
INF 2026-08-23T12:51:03.130Z > 200 GET /api/v1/ 103.78ms
INF 2026-08-23T12:51:03.131Z > 200 GET /api/v1/ 84.14ms
INF 2026-08-23T12:51:03.131Z > 200 GET /api/v1/ 84.49ms
INF 2026-08-23T12:51:03.131Z > 200 GET /api/v1/ 83.73ms
INF 2026-08-23T12:51:03.132Z > 200 GET /api/v1/ 84.58ms
INF 2026-08-23T12:51:03.134Z > 200 GET /api/v1/ 86.39ms
INF 2026-08-23T12:51:03.134Z > 200 GET /api/v1/ 89.02ms
INF 2026-08-23T12:51:03.142Z > 200 GET /api/v1/ 104.28ms
INF 2026-08-23T12:51:03.142Z > 200 GET /api/v1/ 106.13ms
INF 2026-08-23T12:51:03.143Z > 200 GET /api/v1/ 106.22ms
INF 2026-08-23T12:51:03.143Z > 200 GET /api/v1/ 89.71ms
INF 2026-08-23T12:51:03.144Z > 200 GET /api/v1/ 74.46ms
INF 2026-08-23T12:51:03.149Z > 200 GET /api/v1/ 76.48ms
INF 2026-08-23T12:51:03.149Z > 200 GET /api/v1/ 83.96ms
INF 2026-08-23T12:51:03.152Z > 200 GET /api/v1/ 106.9ms
INF 2026-08-23T12:51:03.155Z > 200 GET /api/v1/ 75.68ms
INF 2026-08-23T12:51:03.155Z > 200 GET /api/v1/ 79.36ms
INF 2026-08-23T12:51:03.156Z > 200 GET /api/v1/ 61.47ms
INF 2026-08-23T12:51:03.162Z > 200 GET /api/v1/ 70.28ms
INF 2026-08-23T12:51:03.167Z > 200 GET /api/v1/ 103.08ms
INF 2026-08-23T12:51:03.168Z > 200 GET /api/v1/ 90.95ms
INF 2026-08-23T12:51:03.168Z > 200 GET /api/v1/ 89.72ms
INF 2026-08-23T12:51:03.168Z > 200 GET /api/v1/ 89.72ms
INF 2026-08-23T12:51:03.169Z > 200 GET /api/v1/ 90.72ms
INF 2026-08-23T12:51:03.170Z > 200 GET /api/v1/ 74.69ms
INF 2026-08-23T12:51:03.170Z > 200 GET /api/v1/ 75.36ms
INF 2026-08-23T12:51:03.171Z > 200 GET /api/v1/ 74.61ms
INF 2026-08-23T12:51:03.171Z > 200 GET /api/v1/ 75.06ms
INF 2026-08-23T12:51:03.171Z > 200 GET /api/v1/ 40.7ms
INF 2026-08-23T12:51:03.178Z > 200 GET /api/v1/ 85.71ms
INF 2026-08-23T12:51:03.178Z > 200 GET /api/v1/ 85.13ms
INF 2026-08-23T12:51:03.178Z > 200 GET /api/v1/ 83.82ms
INF 2026-08-23T12:51:03.179Z > 200 GET /api/v1/ 85.95ms
INF 2026-08-23T12:51:03.180Z > 200 GET /api/v1/ 88.93ms
INF 2026-08-23T12:51:03.180Z > 200 GET /api/v1/ 92.0ms
INF 2026-08-23T12:51:03.181Z > 200 GET /api/v1/ 90.06ms
INF 2026-08-23T12:51:03.181Z > 200 GET /api/v1/ 89.54ms
INF 2026-08-23T12:51:03.184Z > 200 GET /api/v1/ 81.03ms
INF 2026-08-23T12:51:03.185Z > 200 GET /api/v1/ 82.57ms
INF 2026-08-23T12:51:03.186Z > 200 GET /api/v1/ 84.84ms
INF 2026-08-23T12:51:03.187Z > 200 GET /api/v1/ 61.15ms
INF 2026-08-23T12:51:03.189Z > 200 GET /api/v1/ 88.84ms
INF 2026-08-23T12:51:03.190Z > 200 GET /api/v1/ 110.54ms
INF 2026-08-23T12:51:03.190Z > 200 GET /api/v1/ 60.92ms
INF 2026-08-23T12:51:03.190Z > 200 GET /api/v1/ 40.99ms
INF 2026-08-23T12:51:03.190Z > 200 GET /api/v1/ 62.03ms
INF 2026-08-23T12:51:03.191Z > 200 GET /api/v1/ 61.9ms
INF 2026-08-23T12:51:03.191Z > 200 GET /api/v1/ 62.24ms
INF 2026-08-23T12:51:03.191Z > 200 GET /api/v1/ 64.92ms
INF 2026-08-23T12:51:03.192Z > 200 GET /api/v1/ 63.75ms
INF 2026-08-23T12:51:03.192Z > 200 GET /api/v1/ 64.08ms
INF 2026-08-23T12:51:03.193Z > 200 GET /api/v1/ 64.28ms
INF 2026-08-23T12:51:03.193Z > 200 GET /api/v1/ 65.85ms
INF 2026-08-23T12:51:03.194Z > 200 GET /api/v1/ 67.13ms
INF 2026-08-23T12:51:03.194Z > 200 GET /api/v1/ 66.94ms
INF 2026-08-23T12:51:03.199Z > 200 GET /api/v1/ 70.98ms
INF 2026-08-23T12:51:03.200Z > 200 GET /api/v1/ 60.73ms
INF 2026-08-23T12:51:03.201Z > 200 GET /api/v1/ 62.75ms
INF 2026-08-23T12:51:03.202Z > 200 GET /api/v1/ 63.49ms
INF 2026-08-23T12:51:03.202Z > 200 GET /api/v1/ 65.09ms
INF 2026-08-23T12:51:03.204Z > 200 GET /api/v1/ 64.52ms
INF 2026-08-23T12:51:03.204Z > 200 GET /api/v1/ 67.64ms
INF 2026-08-23T12:51:03.204Z > 200 GET /api/v1/ 67.53ms
INF 2026-08-23T12:51:03.204Z > 200 GET /api/v1/ 69.38ms
INF 2026-08-23T12:51:03.205Z > 200 GET /api/v1/ 66.97ms
INF 2026-08-23T12:51:03.205Z > 200 GET /api/v1/ 67.69ms
INF 2026-08-23T12:51:03.205Z > 200 GET /api/v1/ 70.53ms
INF 2026-08-23T12:51:03.206Z > 200 GET /api/v1/ 72.75ms
INF 2026-08-23T12:51:03.206Z > 200 GET /api/v1/ 75.38ms
INF 2026-08-23T12:51:03.208Z > 200 GET /api/v1/ 61.13ms
INF 2026-08-23T12:51:03.209Z > 200 GET /api/v1/ 63.17ms
INF 2026-08-23T12:51:03.224Z > 200 GET /api/v1/ 82.92ms
INF 2026-08-23T12:51:03.224Z > 200 GET /api/v1/ 82.05ms
INF 2026-08-23T12:51:03.225Z > 200 GET /api/v1/ 84.24ms
INF 2026-08-23T12:51:03.226Z > 200 GET /api/v1/ 65.42ms
INF 2026-08-23T12:51:03.226Z > 200 GET /api/v1/ 66.76ms
INF 2026-08-23T12:51:03.227Z > 200 GET /api/v1/ 65.06ms
INF 2026-08-23T12:51:03.227Z > 200 GET /api/v1/ 66.56ms
INF 2026-08-23T12:51:03.228Z > 200 GET /api/v1/ 68.81ms
INF 2026-08-23T12:51:03.231Z > 200 GET /api/v1/ 71.05ms
INF 2026-08-23T12:51:03.232Z > 200 GET /api/v1/ 74.48ms
INF 2026-08-23T12:51:03.232Z > 200 GET /api/v1/ 72.88ms
INF 2026-08-23T12:51:03.232Z > 200 GET /api/v1/ 70.57ms
INF 2026-08-23T12:51:03.233Z > 200 GET /api/v1/ 74.58ms
INF 2026-08-23T12:51:03.233Z > 200 GET /api/v1/ 71.55ms
INF 2026-08-23T12:51:03.234Z > 200 GET /api/v1/ 99.56ms
INF 2026-08-23T12:51:03.235Z > 200 GET /api/v1/ 83.42ms
INF 2026-08-23T12:51:03.235Z > 200 GET /api/v1/ 90.68ms
INF 2026-08-23T12:51:03.238Z > 200 GET /api/v1/ 53.04ms
INF 2026-08-23T12:51:03.243Z > 200 GET /api/v1/ 82.56ms
INF 2026-08-23T12:51:03.243Z > 200 GET /api/v1/ 82.17ms
INF 2026-08-23T12:51:03.246Z > 200 GET /api/v1/ 71.09ms
INF 2026-08-23T12:51:03.246Z > 200 GET /api/v1/ 70.22ms
INF 2026-08-23T12:51:03.247Z > 200 GET /api/v1/ 74.02ms
INF 2026-08-23T12:51:03.247Z > 200 GET /api/v1/ 72.12ms
INF 2026-08-23T12:51:03.253Z > 200 GET /api/v1/ 48.78ms
INF 2026-08-23T12:51:03.255Z > 200 GET /api/v1/ 70.02ms
INF 2026-08-23T12:51:03.259Z > 200 GET /api/v1/ 79.83ms
INF 2026-08-23T12:51:03.261Z > 200 GET /api/v1/ 82.05ms
INF 2026-08-23T12:51:03.261Z > 200 GET /api/v1/ 81.85ms
INF 2026-08-23T12:51:03.262Z > 200 GET /api/v1/ 101.13ms
INF 2026-08-23T12:51:03.262Z > 200 GET /api/v1/ 83.7ms
INF 2026-08-23T12:51:03.265Z > 200 GET /api/v1/ 78.44ms
INF 2026-08-23T12:51:03.266Z > 200 GET /api/v1/ 78.63ms
INF 2026-08-23T12:51:03.267Z > 200 GET /api/v1/ 79.34ms
INF 2026-08-23T12:51:03.267Z > 200 GET /api/v1/ 79.12ms
INF 2026-08-23T12:51:03.270Z > 200 GET /api/v1/ 82.5ms
INF 2026-08-23T12:51:03.271Z > 200 GET /api/v1/ 40.05ms
INF 2026-08-23T12:51:03.274Z > 200 GET /api/v1/ 74.28ms
INF 2026-08-23T12:51:03.275Z > 200 GET /api/v1/ 75.03ms
INF 2026-08-23T12:51:03.276Z > 200 GET /api/v1/ 80.35ms
INF 2026-08-23T12:51:03.276Z > 200 GET /api/v1/ 80.83ms
INF 2026-08-23T12:51:03.276Z > 200 GET /api/v1/ 81.52ms
INF 2026-08-23T12:51:03.277Z > 200 GET /api/v1/ 78.89ms
INF 2026-08-23T12:51:03.281Z > 200 GET /api/v1/ 43.34ms
INF 2026-08-23T12:51:03.281Z > 200 GET /api/v1/ 72.6ms
INF 2026-08-23T12:51:03.286Z > 200 GET /api/v1/ 83.81ms
INF 2026-08-23T12:51:03.286Z > 200 GET /api/v1/ 80.22ms
INF 2026-08-23T12:51:03.287Z > 200 GET /api/v1/ 53.24ms
INF 2026-08-23T12:51:03.288Z > 200 GET /api/v1/ 57.4ms
INF 2026-08-23T12:51:03.288Z > 200 GET /api/v1/ 57.82ms
INF 2026-08-23T12:51:03.289Z > 200 GET /api/v1/ 58.06ms
INF 2026-08-23T12:51:03.289Z > 200 GET /api/v1/ 58.66ms
INF 2026-08-23T12:51:03.289Z > 200 GET /api/v1/ 58.34ms
INF 2026-08-23T12:51:03.290Z > 200 GET /api/v1/ 60.6ms
INF 2026-08-23T12:51:03.291Z > 200 GET /api/v1/ 61.32ms
INF 2026-08-23T12:51:03.291Z > 200 GET /api/v1/ 62.98ms
INF 2026-08-23T12:51:03.292Z > 200 GET /api/v1/ 62.71ms
INF 2026-08-23T12:51:03.292Z > 200 GET /api/v1/ 63.92ms
INF 2026-08-23T12:51:03.294Z > 200 GET /api/v1/ 64.37ms
INF 2026-08-23T12:51:03.295Z > 200 GET /api/v1/ 66.77ms
INF 2026-08-23T12:51:03.296Z > 200 GET /api/v1/ 97.6ms
INF 2026-08-23T12:51:03.297Z > 200 GET /api/v1/ 38.06ms
INF 2026-08-23T12:51:03.297Z > 200 GET /api/v1/ 58.15ms
INF 2026-08-23T12:51:03.298Z > 200 GET /api/v1/ 58.52ms
INF 2026-08-23T12:51:03.299Z > 200 GET /api/v1/ 60.62ms
INF 2026-08-23T12:51:03.299Z > 200 GET /api/v1/ 59.47ms
INF 2026-08-23T12:51:03.299Z > 200 GET /api/v1/ 61.94ms
INF 2026-08-23T12:51:03.301Z > 200 GET /api/v1/ 64.9ms
INF 2026-08-23T12:51:03.302Z > 200 GET /api/v1/ 62.9ms
INF 2026-08-23T12:51:03.302Z > 200 GET /api/v1/ 62.94ms
INF 2026-08-23T12:51:03.304Z > 200 GET /api/v1/ 75.38ms
INF 2026-08-23T12:51:03.305Z > 200 GET /api/v1/ 119.03ms
INF 2026-08-23T12:51:03.306Z > 200 GET /api/v1/ 99.07ms
INF 2026-08-23T12:51:03.306Z > 200 GET /api/v1/ 75.93ms
INF 2026-08-23T12:51:03.306Z > 200 GET /api/v1/ 74.81ms
INF 2026-08-23T12:51:03.306Z > 200 GET /api/v1/ 62.52ms
INF 2026-08-23T12:51:03.307Z > 200 GET /api/v1/ 59.53ms
INF 2026-08-23T12:51:03.308Z > 200 GET /api/v1/ 69.33ms
INF 2026-08-23T12:51:03.309Z > 200 GET /api/v1/ 64.4ms
INF 2026-08-23T12:51:03.310Z > 200 GET /api/v1/ 85.1ms
INF 2026-08-23T12:51:03.312Z > 200 GET /api/v1/ 69.72ms
INF 2026-08-23T12:51:03.312Z > 200 GET /api/v1/ 70.61ms
INF 2026-08-23T12:51:03.326Z > 200 GET /api/v1/ 84.82ms
INF 2026-08-23T12:51:03.328Z > 200 GET /api/v1/ 71.23ms
INF 2026-08-23T12:51:03.329Z > 200 GET /api/v1/ 73.31ms
INF 2026-08-23T12:51:03.330Z > 200 GET /api/v1/ 74.49ms
INF 2026-08-23T12:51:03.330Z > 200 GET /api/v1/ 92.47ms
INF 2026-08-23T12:51:03.332Z > 200 GET /api/v1/ 96.98ms
INF 2026-08-23T12:51:03.333Z > 200 GET /api/v1/ 97.28ms
INF 2026-08-23T12:51:03.333Z > 200 GET /api/v1/ 96.04ms
INF 2026-08-23T12:51:03.338Z > 200 GET /api/v1/ 95.24ms
INF 2026-08-23T12:51:03.339Z > 200 GET /api/v1/ 78.94ms
INF 2026-08-23T12:51:03.339Z > 200 GET /api/v1/ 79.76ms
INF 2026-08-23T12:51:03.339Z > 200 GET /api/v1/ 77.62ms
INF 2026-08-23T12:51:03.345Z > 200 GET /api/v1/ 73.14ms
INF 2026-08-23T12:51:03.346Z > 200 GET /api/v1/ 74.3ms
INF 2026-08-23T12:51:03.346Z > 200 GET /api/v1/ 73.99ms
INF 2026-08-23T12:51:03.347Z > 200 GET /api/v1/ 59.5ms
INF 2026-08-23T12:51:03.349Z > 200 GET /api/v1/ 67.15ms
INF 2026-08-23T12:51:03.349Z > 200 GET /api/v1/ 99.11ms
INF 2026-08-23T12:51:03.349Z > 200 GET /api/v1/ 119.76ms
INF 2026-08-23T12:51:03.351Z > 200 GET /api/v1/ 68.67ms
INF 2026-08-23T12:51:03.351Z > 200 GET /api/v1/ 68.69ms
INF 2026-08-23T12:51:03.354Z > 200 GET /api/v1/ 73.49ms
INF 2026-08-23T12:51:03.354Z > 200 GET /api/v1/ 74.19ms
INF 2026-08-23T12:51:03.355Z > 200 GET /api/v1/ 75.18ms
INF 2026-08-23T12:51:03.355Z > 200 GET /api/v1/ 76.15ms
INF 2026-08-23T12:51:03.356Z > 200 GET /api/v1/ 78.56ms
INF 2026-08-23T12:51:03.359Z > 200 GET /api/v1/ 101.45ms
INF 2026-08-23T12:51:03.359Z > 200 GET /api/v1/ 98.9ms
INF 2026-08-23T12:51:03.360Z > 200 GET /api/v1/ 99.64ms
INF 2026-08-23T12:51:03.360Z > 200 GET /api/v1/ 99.91ms
INF 2026-08-23T12:51:03.361Z > 200 GET /api/v1/ 67.59ms
INF 2026-08-23T12:51:03.364Z > 200 GET /api/v1/ 76.51ms
INF 2026-08-23T12:51:03.365Z > 200 GET /api/v1/ 95.43ms
INF 2026-08-23T12:51:03.365Z > 200 GET /api/v1/ 97.25ms
INF 2026-08-23T12:51:03.366Z > 200 GET /api/v1/ 97.33ms
INF 2026-08-23T12:51:03.366Z > 200 GET /api/v1/ 97.21ms
INF 2026-08-23T12:51:03.370Z > 200 GET /api/v1/ 72.07ms
INF 2026-08-23T12:51:03.376Z > 200 GET /api/v1/ 65.64ms
INF 2026-08-23T12:51:03.377Z > 200 GET /api/v1/ 38.72ms
INF 2026-08-23T12:51:03.377Z > 200 GET /api/v1/ 67.44ms
INF 2026-08-23T12:51:03.379Z > 200 GET /api/v1/ 69.65ms
INF 2026-08-23T12:51:03.379Z > 200 GET /api/v1/ 71.29ms
INF 2026-08-23T12:51:03.380Z > 200 GET /api/v1/ 71.34ms
INF 2026-08-23T12:51:03.381Z > 200 GET /api/v1/ 76.79ms
INF 2026-08-23T12:51:03.382Z > 200 GET /api/v1/ 78.3ms
INF 2026-08-23T12:51:03.383Z > 200 GET /api/v1/ 100.46ms
INF 2026-08-23T12:51:03.384Z > 200 GET /api/v1/ 79.6ms
INF 2026-08-23T12:51:03.384Z > 200 GET /api/v1/ 99.91ms
INF 2026-08-23T12:51:03.385Z > 200 GET /api/v1/ 82.43ms
INF 2026-08-23T12:51:03.386Z > 200 GET /api/v1/ 57.21ms
INF 2026-08-23T12:51:03.388Z > 200 GET /api/v1/ 60.34ms
INF 2026-08-23T12:51:03.389Z > 200 GET /api/v1/ 60.07ms
INF 2026-08-23T12:51:03.389Z > 200 GET /api/v1/ 61.38ms
INF 2026-08-23T12:51:03.389Z > 200 GET /api/v1/ 61.72ms
INF 2026-08-23T12:51:03.390Z > 200 GET /api/v1/ 62.99ms
INF 2026-08-23T12:51:03.391Z > 200 GET /api/v1/ 52.06ms
INF 2026-08-23T12:51:03.392Z > 200 GET /api/v1/ 55.73ms
INF 2026-08-23T12:51:03.394Z > 200 GET /api/v1/ 38.52ms
INF 2026-08-23T12:51:03.394Z > 200 GET /api/v1/ 40.32ms
INF 2026-08-23T12:51:03.394Z > 200 GET /api/v1/ 56.93ms
INF 2026-08-23T12:51:03.395Z > 200 GET /api/v1/ 59.31ms
INF 2026-08-23T12:51:03.395Z > 200 GET /api/v1/ 60.77ms
INF 2026-08-23T12:51:03.396Z > 200 GET /api/v1/ 61.2ms
INF 2026-08-23T12:51:03.396Z > 200 GET /api/v1/ 61.3ms
INF 2026-08-23T12:51:03.398Z > 200 GET /api/v1/ 65.35ms
INF 2026-08-23T12:51:03.398Z > 200 GET /api/v1/ 48.49ms
INF 2026-08-23T12:51:03.398Z > 200 GET /api/v1/ 65.98ms
INF 2026-08-23T12:51:03.399Z > 200 GET /api/v1/ 55.49ms
INF 2026-08-23T12:51:03.399Z > 200 GET /api/v1/ 54.98ms
INF 2026-08-23T12:51:03.400Z > 200 GET /api/v1/ 53.5ms
INF 2026-08-23T12:51:03.401Z > 200 GET /api/v1/ 56.88ms
INF 2026-08-23T12:51:03.401Z > 200 GET /api/v1/ 59.22ms
INF 2026-08-23T12:51:03.401Z > 200 GET /api/v1/ 58.44ms
INF 2026-08-23T12:51:03.402Z > 200 GET /api/v1/ 60.31ms
INF 2026-08-23T12:51:03.404Z > 200 GET /api/v1/ 62.22ms
INF 2026-08-23T12:51:03.404Z > 200 GET /api/v1/ 76.87ms
INF 2026-08-23T12:51:03.404Z > 200 GET /api/v1/ 77.86ms
INF 2026-08-23T12:51:03.405Z > 200 GET /api/v1/ 77.89ms
INF 2026-08-23T12:51:03.405Z > 200 GET /api/v1/ 79.3ms
INF 2026-08-23T12:51:03.407Z > 200 GET /api/v1/ 111.2ms
INF 2026-08-23T12:51:03.410Z > 200 GET /api/v1/ 72.31ms
INF 2026-08-23T12:51:03.410Z > 200 GET /api/v1/ 58.03ms
INF 2026-08-23T12:51:03.425Z > 200 GET /api/v1/ 90.89ms
INF 2026-08-23T12:51:03.425Z > 200 GET /api/v1/ 73.61ms
INF 2026-08-23T12:51:03.429Z > 200 GET /api/v1/ 97.6ms
INF 2026-08-23T12:51:03.430Z > 200 GET /api/v1/ 96.98ms
INF 2026-08-23T12:51:03.430Z > 200 GET /api/v1/ 67.29ms
INF 2026-08-23T12:51:03.431Z > 200 GET /api/v1/ 67.82ms
INF 2026-08-23T12:51:03.435Z > 200 GET /api/v1/ 77.98ms
INF 2026-08-23T12:51:03.436Z > 200 GET /api/v1/ 83.55ms
INF 2026-08-23T12:51:03.436Z > 200 GET /api/v1/ 78.1ms
INF 2026-08-23T12:51:03.436Z > 200 GET /api/v1/ 80.0ms
INF 2026-08-23T12:51:03.437Z > 200 GET /api/v1/ 97.85ms
INF 2026-08-23T12:51:03.438Z > 200 GET /api/v1/ 83.87ms
INF 2026-08-23T12:51:03.438Z > 200 GET /api/v1/ 98.12ms
INF 2026-08-23T12:51:03.444Z > 200 GET /api/v1/ 75.04ms
INF 2026-08-23T12:51:03.448Z > 200 GET /api/v1/ 51.7ms
INF 2026-08-23T12:51:03.448Z > 200 GET /api/v1/ 70.19ms
INF 2026-08-23T12:51:03.449Z > 200 GET /api/v1/ 55.28ms
INF 2026-08-23T12:51:03.458Z > 200 GET /api/v1/ 118.09ms
INF 2026-08-23T12:51:03.459Z > 200 GET /api/v1/ 107.02ms
INF 2026-08-23T12:51:03.460Z > 200 GET /api/v1/ 106.59ms
INF 2026-08-23T12:51:03.460Z > 200 GET /api/v1/ 72.71ms
INF 2026-08-23T12:51:03.461Z > 200 GET /api/v1/ 55.74ms
INF 2026-08-23T12:51:03.461Z > 200 GET /api/v1/ 73.6ms
INF 2026-08-23T12:51:03.463Z > 200 GET /api/v1/ 75.91ms
INF 2026-08-23T12:51:03.463Z > 200 GET /api/v1/ 59.06ms
INF 2026-08-23T12:51:03.463Z > 200 GET /api/v1/ 76.35ms
INF 2026-08-23T12:51:03.467Z > 200 GET /api/v1/ 65.6ms
INF 2026-08-23T12:51:03.468Z > 200 GET /api/v1/ 68.0ms
INF 2026-08-23T12:51:03.468Z > 200 GET /api/v1/ 92.96ms
INF 2026-08-23T12:51:03.471Z > 200 GET /api/v1/ 89.77ms
INF 2026-08-23T12:51:03.471Z > 200 GET /api/v1/ 88.82ms
INF 2026-08-23T12:51:03.472Z > 200 GET /api/v1/ 90.4ms
INF 2026-08-23T12:51:03.472Z > 200 GET /api/v1/ 104.78ms
INF 2026-08-23T12:51:03.472Z > 200 GET /api/v1/ 105.61ms
INF 2026-08-23T12:51:03.475Z > 200 GET /api/v1/ 79.09ms
INF 2026-08-23T12:51:03.476Z > 200 GET /api/v1/ 81.08ms
INF 2026-08-23T12:51:03.481Z > 200 GET /api/v1/ 88.37ms
INF 2026-08-23T12:51:03.481Z > 200 GET /api/v1/ 88.23ms
INF 2026-08-23T12:51:03.482Z > 200 GET /api/v1/ 88.9ms
INF 2026-08-23T12:51:03.482Z > 200 GET /api/v1/ 106.56ms
INF 2026-08-23T12:51:03.482Z > 200 GET /api/v1/ 107.79ms
INF 2026-08-23T12:51:03.487Z > 200 GET /api/v1/ 84.46ms
INF 2026-08-23T12:51:03.487Z > 200 GET /api/v1/ 85.82ms
INF 2026-08-23T12:51:03.491Z > 200 GET /api/v1/ 59.11ms
INF 2026-08-23T12:51:03.491Z > 200 GET /api/v1/ 62.59ms
INF 2026-08-23T12:51:03.498Z > 200 GET /api/v1/ 89.36ms
INF 2026-08-23T12:51:03.498Z > 200 GET /api/v1/ 106.8ms
INF 2026-08-23T12:51:03.499Z > 200 GET /api/v1/ 88.08ms
INF 2026-08-23T12:51:03.501Z > 200 GET /api/v1/ 62.94ms
INF 2026-08-23T12:51:03.502Z > 200 GET /api/v1/ 67.51ms
INF 2026-08-23T12:51:03.502Z > 200 GET /api/v1/ 67.9ms
INF 2026-08-23T12:51:03.504Z > 200 GET /api/v1/ 71.26ms
INF 2026-08-23T12:51:03.504Z > 200 GET /api/v1/ 70.55ms
INF 2026-08-23T12:51:03.505Z > 200 GET /api/v1/ 72.26ms
INF 2026-08-23T12:51:03.505Z > 200 GET /api/v1/ 71.38ms
INF 2026-08-23T12:51:03.505Z > 200 GET /api/v1/ 71.92ms
INF 2026-08-23T12:51:03.506Z > 200 GET /api/v1/ 72.23ms
INF 2026-08-23T12:51:03.507Z > 200 GET /api/v1/ 73.53ms
INF 2026-08-23T12:51:03.508Z > 200 GET /api/v1/ 76.97ms
INF 2026-08-23T12:51:03.508Z > 200 GET /api/v1/ 75.05ms
INF 2026-08-23T12:51:03.509Z > 200 GET /api/v1/ 60.33ms
INF 2026-08-23T12:51:03.509Z > 200 GET /api/v1/ 59.71ms
INF 2026-08-23T12:51:03.510Z > 200 GET /api/v1/ 78.11ms
INF 2026-08-23T12:51:03.510Z > 200 GET /api/v1/ 83.29ms
INF 2026-08-23T12:51:03.511Z > 200 GET /api/v1/ 85.88ms
INF 2026-08-23T12:51:03.512Z > 200 GET /api/v1/ 85.06ms
INF 2026-08-23T12:51:03.513Z > 200 GET /api/v1/ 87.23ms
INF 2026-08-23T12:51:03.514Z > 200 GET /api/v1/ 67.8ms
INF 2026-08-23T12:51:03.514Z > 200 GET /api/v1/ 69.94ms
INF 2026-08-23T12:51:03.514Z > 200 GET /api/v1/ 71.12ms
INF 2026-08-23T12:51:03.514Z > 200 GET /api/v1/ 69.02ms
INF 2026-08-23T12:51:03.515Z > 200 GET /api/v1/ 72.8ms
INF 2026-08-23T12:51:03.517Z > 200 GET /api/v1/ 76.43ms
INF 2026-08-23T12:51:03.518Z > 200 GET /api/v1/ 78.33ms
INF 2026-08-23T12:51:03.518Z > 200 GET /api/v1/ 78.06ms
INF 2026-08-23T12:51:03.519Z > 200 GET /api/v1/ 80.43ms
INF 2026-08-23T12:51:03.520Z > 200 GET /api/v1/ 112.05ms
INF 2026-08-23T12:51:03.521Z > 200 GET /api/v1/ 112.0ms
INF 2026-08-23T12:51:03.539Z > 200 GET /api/v1/ 89.71ms
INF 2026-08-23T12:51:03.540Z > 200 GET /api/v1/ 88.45ms
INF 2026-08-23T12:51:03.540Z > 200 GET /api/v1/ 89.38ms
INF 2026-08-23T12:51:03.541Z > 200 GET /api/v1/ 91.63ms
INF 2026-08-23T12:51:03.541Z > 200 GET /api/v1/ 92.64ms
INF 2026-08-23T12:51:03.542Z > 200 GET /api/v1/ 95.08ms
INF 2026-08-23T12:51:03.544Z > 200 GET /api/v1/ 97.07ms
INF 2026-08-23T12:51:03.548Z > 200 GET /api/v1/ 118.76ms
INF 2026-08-23T12:51:03.548Z > 200 GET /api/v1/ 121.61ms
INF 2026-08-23T12:51:03.550Z > 200 GET /api/v1/ 84.19ms
INF 2026-08-23T12:51:03.550Z > 200 GET /api/v1/ 84.99ms
INF 2026-08-23T12:51:03.551Z > 200 GET /api/v1/ 63.98ms
INF 2026-08-23T12:51:03.553Z > 200 GET /api/v1/ 96.76ms
INF 2026-08-23T12:51:03.554Z > 200 GET /api/v1/ 99.85ms
INF 2026-08-23T12:51:03.554Z > 200 GET /api/v1/ 96.69ms
INF 2026-08-23T12:51:03.555Z > 200 GET /api/v1/ 97.59ms
INF 2026-08-23T12:51:03.556Z > 200 GET /api/v1/ 100.69ms
INF 2026-08-23T12:51:03.556Z > 200 GET /api/v1/ 98.5ms
INF 2026-08-23T12:51:03.557Z > 200 GET /api/v1/ 100.49ms
INF 2026-08-23T12:51:03.559Z > 200 GET /api/v1/ 151.33ms
INF 2026-08-23T12:51:03.559Z > 200 GET /api/v1/ 124.01ms
INF 2026-08-23T12:51:03.561Z > 200 GET /api/v1/ 106.73ms
INF 2026-08-23T12:51:03.566Z > 200 GET /api/v1/ 88.83ms
INF 2026-08-23T12:51:03.566Z > 200 GET /api/v1/ 90.26ms
INF 2026-08-23T12:51:03.566Z > 200 GET /api/v1/ 88.88ms
INF 2026-08-23T12:51:03.570Z > 200 GET /api/v1/ 100.77ms
INF 2026-08-23T12:51:03.572Z > 200 GET /api/v1/ 82.76ms
INF 2026-08-23T12:51:03.572Z > 200 GET /api/v1/ 84.05ms
INF 2026-08-23T12:51:03.573Z > 200 GET /api/v1/ 85.41ms
INF 2026-08-23T12:51:03.575Z > 200 GET /api/v1/ 73.08ms
INF 2026-08-23T12:51:03.581Z > 200 GET /api/v1/ 86.8ms
INF 2026-08-23T12:51:03.581Z > 200 GET /api/v1/ 86.53ms
INF 2026-08-23T12:51:03.582Z > 200 GET /api/v1/ 86.54ms
INF 2026-08-23T12:51:03.582Z > 200 GET /api/v1/ 107.56ms
INF 2026-08-23T12:51:03.583Z > 200 GET /api/v1/ 108.71ms
INF 2026-08-23T12:51:03.585Z > 200 GET /api/v1/ 111.75ms
INF 2026-08-23T12:51:03.585Z > 200 GET /api/v1/ 95.08ms
INF 2026-08-23T12:51:03.586Z > 200 GET /api/v1/ 95.73ms
INF 2026-08-23T12:51:03.591Z > 200 GET /api/v1/ 87.22ms
INF 2026-08-23T12:51:03.591Z > 200 GET /api/v1/ 88.52ms
INF 2026-08-23T12:51:03.591Z > 200 GET /api/v1/ 88.48ms
INF 2026-08-23T12:51:03.594Z > 200 GET /api/v1/ 37.2ms
INF 2026-08-23T12:51:03.596Z > 200 GET /api/v1/ 75.22ms
INF 2026-08-23T12:51:03.598Z > 200 GET /api/v1/ 78.53ms
INF 2026-08-23T12:51:03.598Z > 200 GET /api/v1/ 78.7ms
INF 2026-08-23T12:51:03.599Z > 200 GET /api/v1/ 47.37ms
INF 2026-08-23T12:51:03.599Z > 200 GET /api/v1/ 44.54ms
INF 2026-08-23T12:51:03.600Z > 200 GET /api/v1/ 81.74ms
INF 2026-08-23T12:51:03.601Z > 200 GET /api/v1/ 85.77ms
INF 2026-08-23T12:51:03.601Z > 200 GET /api/v1/ 84.85ms
INF 2026-08-23T12:51:03.604Z > 200 GET /api/v1/ 113.64ms
INF 2026-08-23T12:51:03.607Z > 200 GET /api/v1/ 61.28ms
INF 2026-08-23T12:51:03.607Z > 200 GET /api/v1/ 63.68ms
INF 2026-08-23T12:51:03.609Z > 200 GET /api/v1/ 42.99ms
INF 2026-08-23T12:51:03.610Z > 200 GET /api/v1/ 87.95ms
INF 2026-08-23T12:51:03.613Z > 200 GET /api/v1/ 114.52ms
INF 2026-08-23T12:51:03.617Z > 200 GET /api/v1/ 64.13ms
INF 2026-08-23T12:51:03.617Z > 200 GET /api/v1/ 67.9ms
INF 2026-08-23T12:51:03.617Z > 200 GET /api/v1/ 68.62ms
INF 2026-08-23T12:51:03.619Z > 200 GET /api/v1/ 70.77ms
INF 2026-08-23T12:51:03.621Z > 200 GET /api/v1/ 76.06ms
INF 2026-08-23T12:51:03.621Z > 200 GET /api/v1/ 75.85ms
INF 2026-08-23T12:51:03.623Z > 200 GET /api/v1/ 77.15ms
INF 2026-08-23T12:51:03.624Z > 200 GET /api/v1/ 59.71ms
INF 2026-08-23T12:51:03.624Z > 200 GET /api/v1/ 78.37ms
INF 2026-08-23T12:51:03.625Z > 200 GET /api/v1/ 60.1ms
INF 2026-08-23T12:51:03.626Z > 200 GET /api/v1/ 59.24ms
INF 2026-08-23T12:51:03.626Z > 200 GET /api/v1/ 64.59ms
INF 2026-08-23T12:51:03.626Z > 200 GET /api/v1/ 64.18ms
INF 2026-08-23T12:51:03.627Z > 200 GET /api/v1/ 62.83ms
INF 2026-08-23T12:51:03.627Z > 200 GET /api/v1/ 105.35ms
INF 2026-08-23T12:51:03.628Z > 200 GET /api/v1/ 64.7ms
INF 2026-08-23T12:51:03.628Z > 200 GET /api/v1/ 73.24ms
INF 2026-08-23T12:51:03.629Z > 200 GET /api/v1/ 65.91ms
INF 2026-08-23T12:51:03.629Z > 200 GET /api/v1/ 66.01ms
INF 2026-08-23T12:51:03.630Z > 200 GET /api/v1/ 72.24ms
INF 2026-08-23T12:51:03.630Z > 200 GET /api/v1/ 72.09ms
INF 2026-08-23T12:51:03.631Z > 200 GET /api/v1/ 73.18ms
INF 2026-08-23T12:51:03.632Z > 200 GET /api/v1/ 75.14ms
INF 2026-08-23T12:51:03.650Z > 200 GET /api/v1/ 128.77ms
INF 2026-08-23T12:51:03.650Z > 200 GET /api/v1/ 93.5ms
INF 2026-08-23T12:51:03.650Z > 200 GET /api/v1/ 93.39ms
INF 2026-08-23T12:51:03.653Z > 200 GET /api/v1/ 76.08ms
INF 2026-08-23T12:51:03.654Z > 200 GET /api/v1/ 106.71ms
INF 2026-08-23T12:51:03.654Z > 200 GET /api/v1/ 107.25ms
INF 2026-08-23T12:51:03.654Z > 200 GET /api/v1/ 85.53ms
INF 2026-08-23T12:51:03.656Z > 200 GET /api/v1/ 88.64ms
INF 2026-08-23T12:51:03.656Z > 200 GET /api/v1/ 89.35ms
INF 2026-08-23T12:51:03.657Z > 200 GET /api/v1/ 89.35ms
INF 2026-08-23T12:51:03.657Z > 200 GET /api/v1/ 87.15ms
INF 2026-08-23T12:51:03.658Z > 200 GET /api/v1/ 89.8ms
INF 2026-08-23T12:51:03.659Z > 200 GET /api/v1/ 116.15ms
INF 2026-08-23T12:51:03.660Z > 200 GET /api/v1/ 93.89ms
INF 2026-08-23T12:51:03.663Z > 200 GET /api/v1/ 64.08ms
INF 2026-08-23T12:51:03.663Z > 200 GET /api/v1/ 102.52ms
INF 2026-08-23T12:51:03.663Z > 200 GET /api/v1/ 103.24ms
INF 2026-08-23T12:51:03.664Z > 200 GET /api/v1/ 104.12ms
INF 2026-08-23T12:51:03.664Z > 200 GET /api/v1/ 88.53ms
INF 2026-08-23T12:51:03.668Z > 200 GET /api/v1/ 152.21ms
INF 2026-08-23T12:51:03.669Z > 200 GET /api/v1/ 116.83ms
INF 2026-08-23T12:51:03.669Z > 200 GET /api/v1/ 114.21ms
INF 2026-08-23T12:51:03.673Z > 200 GET /api/v1/ 80.96ms
INF 2026-08-23T12:51:03.673Z > 200 GET /api/v1/ 80.53ms
INF 2026-08-23T12:51:03.674Z > 200 GET /api/v1/ 81.25ms
INF 2026-08-23T12:51:03.674Z > 200 GET /api/v1/ 82.33ms
INF 2026-08-23T12:51:03.675Z > 200 GET /api/v1/ 87.15ms
INF 2026-08-23T12:51:03.676Z > 200 GET /api/v1/ 86.14ms
INF 2026-08-23T12:51:03.680Z > 200 GET /api/v1/ 78.51ms
INF 2026-08-23T12:51:03.681Z > 200 GET /api/v1/ 83.72ms
INF 2026-08-23T12:51:03.681Z > 200 GET /api/v1/ 81.97ms
INF 2026-08-23T12:51:03.681Z > 200 GET /api/v1/ 81.73ms
INF 2026-08-23T12:51:03.689Z > 200 GET /api/v1/ 102.89ms
INF 2026-08-23T12:51:03.693Z > 200 GET /api/v1/ 83.56ms
INF 2026-08-23T12:51:03.693Z > 200 GET /api/v1/ 84.5ms
INF 2026-08-23T12:51:03.694Z > 200 GET /api/v1/ 86.61ms
INF 2026-08-23T12:51:03.695Z > 200 GET /api/v1/ 70.36ms
INF 2026-08-23T12:51:03.696Z > 200 GET /api/v1/ 93.03ms
INF 2026-08-23T12:51:03.697Z > 200 GET /api/v1/ 77.8ms
INF 2026-08-23T12:51:03.698Z > 200 GET /api/v1/ 77.82ms
INF 2026-08-23T12:51:03.698Z > 200 GET /api/v1/ 80.5ms
INF 2026-08-23T12:51:03.698Z > 200 GET /api/v1/ 82.76ms
INF 2026-08-23T12:51:03.700Z > 200 GET /api/v1/ 47.08ms
INF 2026-08-23T12:51:03.701Z > 200 GET /api/v1/ 85.65ms
INF 2026-08-23T12:51:03.704Z > 200 GET /api/v1/ 108.58ms
INF 2026-08-23T12:51:03.704Z > 200 GET /api/v1/ 109.29ms
INF 2026-08-23T12:51:03.705Z > 200 GET /api/v1/ 92.28ms
INF 2026-08-23T12:51:03.706Z > 200 GET /api/v1/ 94.3ms
INF 2026-08-23T12:51:03.710Z > 200 GET /api/v1/ 45.93ms
INF 2026-08-23T12:51:03.711Z > 200 GET /api/v1/ 47.02ms
INF 2026-08-23T12:51:03.711Z > 200 GET /api/v1/ 80.0ms
INF 2026-08-23T12:51:03.715Z > 200 GET /api/v1/ 90.41ms
INF 2026-08-23T12:51:03.716Z > 200 GET /api/v1/ 91.8ms
INF 2026-08-23T12:51:03.717Z > 200 GET /api/v1/ 120.15ms
INF 2026-08-23T12:51:03.717Z > 200 GET /api/v1/ 61.88ms
INF 2026-08-23T12:51:03.718Z > 200 GET /api/v1/ 62.75ms
INF 2026-08-23T12:51:03.721Z > 200 GET /api/v1/ 69.13ms
INF 2026-08-23T12:51:03.721Z > 200 GET /api/v1/ 47.37ms
INF 2026-08-23T12:51:03.722Z > 200 GET /api/v1/ 71.38ms
INF 2026-08-23T12:51:03.723Z > 200 GET /api/v1/ 108.42ms
INF 2026-08-23T12:51:03.727Z > 200 GET /api/v1/ 60.06ms
INF 2026-08-23T12:51:03.727Z > 200 GET /api/v1/ 61.28ms
INF 2026-08-23T12:51:03.728Z > 200 GET /api/v1/ 62.27ms
INF 2026-08-23T12:51:03.728Z > 200 GET /api/v1/ 62.18ms
INF 2026-08-23T12:51:03.728Z > 200 GET /api/v1/ 62.0ms
INF 2026-08-23T12:51:03.729Z > 200 GET /api/v1/ 63.88ms
INF 2026-08-23T12:51:03.730Z > 200 GET /api/v1/ 63.46ms
INF 2026-08-23T12:51:03.730Z > 200 GET /api/v1/ 64.38ms
INF 2026-08-23T12:51:03.730Z > 200 GET /api/v1/ 65.97ms
INF 2026-08-23T12:51:03.731Z > 200 GET /api/v1/ 68.86ms
INF 2026-08-23T12:51:03.732Z > 200 GET /api/v1/ 71.43ms
INF 2026-08-23T12:51:03.732Z > 200 GET /api/v1/ 109.17ms
INF 2026-08-23T12:51:03.733Z > 200 GET /api/v1/ 73.11ms
INF 2026-08-23T12:51:03.736Z > 200 GET /api/v1/ 114.15ms
INF 2026-08-23T12:51:03.737Z > 200 GET /api/v1/ 64.04ms
INF 2026-08-23T12:51:03.737Z > 200 GET /api/v1/ 64.94ms
INF 2026-08-23T12:51:03.739Z > 200 GET /api/v1/ 68.54ms
INF 2026-08-23T12:51:03.739Z > 200 GET /api/v1/ 68.3ms
INF 2026-08-23T12:51:03.740Z > 200 GET /api/v1/ 71.41ms
INF 2026-08-23T12:51:03.741Z > 200 GET /api/v1/ 70.37ms
INF 2026-08-23T12:51:03.741Z > 200 GET /api/v1/ 71.1ms
INF 2026-08-23T12:51:03.744Z > 200 GET /api/v1/ 131.56ms
INF 2026-08-23T12:51:03.744Z > 200 GET /api/v1/ 77.33ms
INF 2026-08-23T12:51:03.760Z > 200 GET /api/v1/ 92.64ms
INF 2026-08-23T12:51:03.760Z > 200 GET /api/v1/ 76.33ms
INF 2026-08-23T12:51:03.761Z > 200 GET /api/v1/ 75.2ms
INF 2026-08-23T12:51:03.761Z > 200 GET /api/v1/ 76.23ms
INF 2026-08-23T12:51:03.761Z > 200 GET /api/v1/ 79.31ms
INF 2026-08-23T12:51:03.763Z > 200 GET /api/v1/ 64.44ms
INF 2026-08-23T12:51:03.766Z > 200 GET /api/v1/ 89.86ms
INF 2026-08-23T12:51:03.766Z > 200 GET /api/v1/ 108.86ms
INF 2026-08-23T12:51:03.767Z > 200 GET /api/v1/ 107.76ms
INF 2026-08-23T12:51:03.767Z > 200 GET /api/v1/ 89.56ms
INF 2026-08-23T12:51:03.767Z > 200 GET /api/v1/ 90.82ms
INF 2026-08-23T12:51:03.768Z > 200 GET /api/v1/ 113.44ms
INF 2026-08-23T12:51:03.772Z > 200 GET /api/v1/ 103.1ms
INF 2026-08-23T12:51:03.775Z > 200 GET /api/v1/ 87.86ms
INF 2026-08-23T12:51:03.776Z > 200 GET /api/v1/ 88.86ms
INF 2026-08-23T12:51:03.776Z > 200 GET /api/v1/ 70.44ms
INF 2026-08-23T12:51:03.776Z > 200 GET /api/v1/ 88.48ms
INF 2026-08-23T12:51:03.777Z > 200 GET /api/v1/ 110.36ms
INF 2026-08-23T12:51:03.777Z > 200 GET /api/v1/ 90.61ms
INF 2026-08-23T12:51:03.779Z > 200 GET /api/v1/ 56.42ms
INF 2026-08-23T12:51:03.780Z > 200 GET /api/v1/ 80.8ms
INF 2026-08-23T12:51:03.781Z > 200 GET /api/v1/ 82.67ms
INF 2026-08-23T12:51:03.784Z > 200 GET /api/v1/ 87.98ms
INF 2026-08-23T12:51:03.785Z > 200 GET /api/v1/ 67.06ms
INF 2026-08-23T12:51:03.790Z > 200 GET /api/v1/ 78.35ms
INF 2026-08-23T12:51:03.790Z > 200 GET /api/v1/ 59.66ms
INF 2026-08-23T12:51:03.791Z > 200 GET /api/v1/ 78.52ms
INF 2026-08-23T12:51:03.792Z > 200 GET /api/v1/ 83.39ms
INF 2026-08-23T12:51:03.792Z > 200 GET /api/v1/ 83.28ms
INF 2026-08-23T12:51:03.793Z > 200 GET /api/v1/ 84.88ms
INF 2026-08-23T12:51:03.796Z > 200 GET /api/v1/ 94.11ms
INF 2026-08-23T12:51:03.802Z > 200 GET /api/v1/ 87.16ms
INF 2026-08-23T12:51:03.802Z > 200 GET /api/v1/ 88.97ms
INF 2026-08-23T12:51:03.803Z > 200 GET /api/v1/ 88.59ms
INF 2026-08-23T12:51:03.804Z > 200 GET /api/v1/ 87.54ms
INF 2026-08-23T12:51:03.805Z > 200 GET /api/v1/ 89.02ms
INF 2026-08-23T12:51:03.806Z > 200 GET /api/v1/ 72.39ms
INF 2026-08-23T12:51:03.808Z > 200 GET /api/v1/ 73.86ms
INF 2026-08-23T12:51:03.809Z > 200 GET /api/v1/ 45.77ms
INF 2026-08-23T12:51:03.810Z > 200 GET /api/v1/ 79.05ms
INF 2026-08-23T12:51:03.813Z > 200 GET /api/v1/ 106.61ms
INF 2026-08-23T12:51:03.813Z > 200 GET /api/v1/ 68.99ms
INF 2026-08-23T12:51:03.814Z > 200 GET /api/v1/ 91.05ms
INF 2026-08-23T12:51:03.815Z > 200 GET /api/v1/ 91.04ms
INF 2026-08-23T12:51:03.815Z > 200 GET /api/v1/ 111.99ms
INF 2026-08-23T12:51:03.816Z > 200 GET /api/v1/ 113.97ms
INF 2026-08-23T12:51:03.819Z > 200 GET /api/v1/ 46.33ms
INF 2026-08-23T12:51:03.819Z > 200 GET /api/v1/ 78.05ms
INF 2026-08-23T12:51:03.820Z > 200 GET /api/v1/ 81.98ms
INF 2026-08-23T12:51:03.821Z > 200 GET /api/v1/ 83.58ms
INF 2026-08-23T12:51:03.821Z > 200 GET /api/v1/ 101.97ms
INF 2026-08-23T12:51:03.822Z > 200 GET /api/v1/ 102.33ms
INF 2026-08-23T12:51:03.823Z > 200 GET /api/v1/ 85.24ms
INF 2026-08-23T12:51:03.823Z > 200 GET /api/v1/ 103.97ms
INF 2026-08-23T12:51:03.827Z > 200 GET /api/v1/ 108.89ms
INF 2026-08-23T12:51:03.829Z > 200 GET /api/v1/ 66.15ms
INF 2026-08-23T12:51:03.829Z > 200 GET /api/v1/ 112.48ms
INF 2026-08-23T12:51:03.831Z > 200 GET /api/v1/ 68.0ms
INF 2026-08-23T12:51:03.833Z > 200 GET /api/v1/ 51.94ms
INF 2026-08-23T12:51:03.834Z > 200 GET /api/v1/ 72.55ms
INF 2026-08-23T12:51:03.838Z > 200 GET /api/v1/ 63.3ms
INF 2026-08-23T12:51:03.838Z > 200 GET /api/v1/ 64.53ms
INF 2026-08-23T12:51:03.839Z > 200 GET /api/v1/ 63.57ms
INF 2026-08-23T12:51:03.839Z > 200 GET /api/v1/ 64.24ms
INF 2026-08-23T12:51:03.839Z > 200 GET /api/v1/ 66.66ms
INF 2026-08-23T12:51:03.840Z > 200 GET /api/v1/ 65.98ms
INF 2026-08-23T12:51:03.841Z > 200 GET /api/v1/ 68.18ms
INF 2026-08-23T12:51:03.841Z > 200 GET /api/v1/ 67.87ms
INF 2026-08-23T12:51:03.841Z > 200 GET /api/v1/ 67.78ms
INF 2026-08-23T12:51:03.842Z > 200 GET /api/v1/ 50.58ms
INF 2026-08-23T12:51:03.842Z > 200 GET /api/v1/ 70.22ms
INF 2026-08-23T12:51:03.842Z > 200 GET /api/v1/ 68.22ms
INF 2026-08-23T12:51:03.842Z > 200 GET /api/v1/ 72.79ms
INF 2026-08-23T12:51:03.843Z > 200 GET /api/v1/ 72.72ms
INF 2026-08-23T12:51:03.843Z > 200 GET /api/v1/ 74.25ms
INF 2026-08-23T12:51:03.848Z > 200 GET /api/v1/ 81.69ms
INF 2026-08-23T12:51:03.850Z > 200 GET /api/v1/ 85.46ms
INF 2026-08-23T12:51:03.851Z > 200 GET /api/v1/ 85.99ms
INF 2026-08-23T12:51:03.851Z > 200 GET /api/v1/ 69.84ms
INF 2026-08-23T12:51:03.852Z > 200 GET /api/v1/ 70.72ms
INF 2026-08-23T12:51:03.853Z > 200 GET /api/v1/ 74.6ms
INF 2026-08-23T12:51:03.854Z > 200 GET /api/v1/ 76.21ms
INF 2026-08-23T12:51:03.858Z > 200 GET /api/v1/ 84.31ms
INF 2026-08-23T12:51:03.859Z > 200 GET /api/v1/ 69.59ms
INF 2026-08-23T12:51:03.875Z > 200 GET /api/v1/ 86.61ms
INF 2026-08-23T12:51:03.875Z > 200 GET /api/v1/ 84.23ms
INF 2026-08-23T12:51:03.877Z > 200 GET /api/v1/ 87.48ms
INF 2026-08-23T12:51:03.878Z > 200 GET /api/v1/ 68.93ms
INF 2026-08-23T12:51:03.879Z > 200 GET /api/v1/ 92.03ms
INF 2026-08-23T12:51:03.880Z > 200 GET /api/v1/ 95.15ms
INF 2026-08-23T12:51:03.880Z > 200 GET /api/v1/ 95.21ms
INF 2026-08-23T12:51:03.881Z > 200 GET /api/v1/ 98.2ms
INF 2026-08-23T12:51:03.882Z > 200 GET /api/v1/ 102.53ms
INF 2026-08-23T12:51:03.884Z > 200 GET /api/v1/ 103.74ms
INF 2026-08-23T12:51:03.896Z > 200 GET /api/v1/ 98.5ms
INF 2026-08-23T12:51:03.896Z > 200 GET /api/v1/ 85.21ms
INF 2026-08-23T12:51:03.897Z > 200 GET /api/v1/ 87.27ms
INF 2026-08-23T12:51:03.901Z > 200 GET /api/v1/ 92.32ms
INF 2026-08-23T12:51:03.902Z > 200 GET /api/v1/ 70.46ms
INF 2026-08-23T12:51:03.903Z > 200 GET /api/v1/ 97.23ms
INF 2026-08-23T12:51:03.905Z > 200 GET /api/v1/ 118.19ms
INF 2026-08-23T12:51:03.909Z > 200 GET /api/v1/ 123.37ms
INF 2026-08-23T12:51:03.910Z > 200 GET /api/v1/ 126.12ms
INF 2026-08-23T12:51:03.911Z > 200 GET /api/v1/ 86.39ms
INF 2026-08-23T12:51:03.912Z > 200 GET /api/v1/ 93.91ms
INF 2026-08-23T12:51:03.912Z > 200 GET /api/v1/ 91.21ms
INF 2026-08-23T12:51:03.914Z > 200 GET /api/v1/ 70.8ms
INF 2026-08-23T12:51:03.925Z > 200 GET /api/v1/ 92.35ms
INF 2026-08-23T12:51:03.925Z > 200 GET /api/v1/ 92.27ms
INF 2026-08-23T12:51:03.927Z > 200 GET /api/v1/ 97.55ms
INF 2026-08-23T12:51:03.928Z > 200 GET /api/v1/ 97.36ms
INF 2026-08-23T12:51:03.928Z > 200 GET /api/v1/ 101.23ms
INF 2026-08-23T12:51:03.929Z > 200 GET /api/v1/ 103.14ms
INF 2026-08-23T12:51:03.930Z > 200 GET /api/v1/ 105.97ms
INF 2026-08-23T12:51:03.930Z > 200 GET /api/v1/ 105.65ms
INF 2026-08-23T12:51:03.930Z > 200 GET /api/v1/ 152.65ms
INF 2026-08-23T12:51:03.931Z > 200 GET /api/v1/ 50.97ms
INF 2026-08-23T12:51:03.932Z > 200 GET /api/v1/ 85.76ms
INF 2026-08-23T12:51:03.933Z > 200 GET /api/v1/ 87.71ms
INF 2026-08-23T12:51:03.933Z > 200 GET /api/v1/ 89.84ms
INF 2026-08-23T12:51:03.934Z > 200 GET /api/v1/ 89.64ms
INF 2026-08-23T12:51:03.934Z > 200 GET /api/v1/ 57.29ms
INF 2026-08-23T12:51:03.934Z > 200 GET /api/v1/ 58.94ms
INF 2026-08-23T12:51:03.941Z > 200 GET /api/v1/ 130.62ms
INF 2026-08-23T12:51:03.942Z > 200 GET /api/v1/ 145.07ms
INF 2026-08-23T12:51:03.942Z > 200 GET /api/v1/ 104.77ms
INF 2026-08-23T12:51:03.943Z > 200 GET /api/v1/ 149.27ms
INF 2026-08-23T12:51:03.945Z > 200 GET /api/v1/ 110.08ms
INF 2026-08-23T12:51:03.946Z > 200 GET /api/v1/ 109.68ms
INF 2026-08-23T12:51:03.947Z > 200 GET /api/v1/ 111.6ms
INF 2026-08-23T12:51:03.947Z > 200 GET /api/v1/ 110.55ms
INF 2026-08-23T12:51:03.951Z > 200 GET /api/v1/ 97.94ms
INF 2026-08-23T12:51:03.952Z > 200 GET /api/v1/ 96.23ms
INF 2026-08-23T12:51:03.952Z > 200 GET /api/v1/ 101.44ms
INF 2026-08-23T12:51:03.952Z > 200 GET /api/v1/ 95.92ms
INF 2026-08-23T12:51:03.954Z > 200 GET /api/v1/ 99.44ms
INF 2026-08-23T12:51:03.955Z > 200 GET /api/v1/ 98.77ms
INF 2026-08-23T12:51:03.955Z > 200 GET /api/v1/ 103.25ms
INF 2026-08-23T12:51:03.958Z > 200 GET /api/v1/ 108.4ms
INF 2026-08-23T12:51:03.960Z > 200 GET /api/v1/ 113.66ms
INF 2026-08-23T12:51:03.961Z > 200 GET /api/v1/ 83.26ms
INF 2026-08-23T12:51:03.962Z > 200 GET /api/v1/ 85.26ms
INF 2026-08-23T12:51:03.962Z > 200 GET /api/v1/ 83.87ms
INF 2026-08-23T12:51:03.965Z > 200 GET /api/v1/ 56.96ms
INF 2026-08-23T12:51:03.965Z > 200 GET /api/v1/ 90.02ms
INF 2026-08-23T12:51:03.970Z > 200 GET /api/v1/ 67.63ms
INF 2026-08-23T12:51:03.990Z > 200 GET /api/v1/ 101.22ms
INF 2026-08-23T12:51:03.992Z > 200 GET /api/v1/ 100.64ms
INF 2026-08-23T12:51:03.993Z > 200 GET /api/v1/ 103.18ms
INF 2026-08-23T12:51:03.998Z > 200 GET /api/v1/ 101.85ms
INF 2026-08-23T12:51:04.002Z > 200 GET /api/v1/ 165.86ms
INF 2026-08-23T12:51:04.003Z > 200 GET /api/v1/ 167.25ms
INF 2026-08-23T12:51:04.025Z > 200 GET /api/v1/ 137.84ms
INF 2026-08-23T12:51:04.025Z > 200 GET /api/v1/ 134.39ms
INF 2026-08-23T12:51:04.025Z > 200 GET /api/v1/ 140.05ms
INF 2026-08-23T12:51:04.026Z > 200 GET /api/v1/ 140.97ms
INF 2026-08-23T12:51:04.026Z > 200 GET /api/v1/ 140.25ms
INF 2026-08-23T12:51:04.027Z > 200 GET /api/v1/ 139.75ms
INF 2026-08-23T12:51:04.027Z > 200 GET /api/v1/ 143.59ms
INF 2026-08-23T12:51:04.028Z > 200 GET /api/v1/ 144.67ms
INF 2026-08-23T12:51:04.028Z > 200 GET /api/v1/ 141.55ms
INF 2026-08-23T12:51:04.029Z > 200 GET /api/v1/ 129.25ms
INF 2026-08-23T12:51:04.033Z > 200 GET /api/v1/ 149.16ms
INF 2026-08-23T12:51:04.063Z > 200 GET /api/v1/ 164.84ms
INF 2026-08-23T12:51:04.064Z > 200 GET /api/v1/ 164.76ms
INF 2026-08-23T12:51:04.065Z > 200 GET /api/v1/ 172.17ms
INF 2026-08-23T12:51:04.065Z > 200 GET /api/v1/ 170.62ms
INF 2026-08-23T12:51:04.066Z > 200 GET /api/v1/ 173.86ms
INF 2026-08-23T12:51:04.066Z > 200 GET /api/v1/ 176.74ms
INF 2026-08-23T12:51:04.068Z > 200 GET /api/v1/ 174.57ms
INF 2026-08-23T12:51:04.069Z > 200 GET /api/v1/ 175.13ms
INF 2026-08-23T12:51:04.069Z > 200 GET /api/v1/ 177.24ms
INF 2026-08-23T12:51:04.070Z > 200 GET /api/v1/ 175.95ms
INF 2026-08-23T12:51:04.071Z > 200 GET /api/v1/ 177.99ms
INF 2026-08-23T12:51:04.071Z > 200 GET /api/v1/ 180.4ms
INF 2026-08-23T12:51:04.075Z > 200 GET /api/v1/ 187.37ms
INF 2026-08-23T12:51:04.079Z > 200 GET /api/v1/ 162.79ms
INF 2026-08-23T12:51:04.081Z > 200 GET /api/v1/ 182.74ms
INF 2026-08-23T12:51:04.087Z > 200 GET /api/v1/ 173.11ms
INF 2026-08-23T12:51:04.099Z > 200 GET /api/v1/ 176.23ms
INF 2026-08-23T12:51:04.100Z > 200 GET /api/v1/ 176.53ms
INF 2026-08-23T12:51:04.101Z > 200 GET /api/v1/ 179.93ms
INF 2026-08-23T12:51:04.105Z > 200 GET /api/v1/ 186.0ms
INF 2026-08-23T12:51:04.108Z > 200 GET /api/v1/ 211.46ms
INF 2026-08-23T12:51:04.110Z > 200 GET /api/v1/ 169.93ms
INF 2026-08-23T12:51:04.118Z > 200 GET /api/v1/ 183.04ms
INF 2026-08-23T12:51:04.121Z > 200 GET /api/v1/ 155.33ms
INF 2026-08-23T12:51:04.121Z > 200 GET /api/v1/ 212.87ms
INF 2026-08-23T12:51:04.122Z > 200 GET /api/v1/ 213.74ms
INF 2026-08-23T12:51:04.123Z > 200 GET /api/v1/ 217.01ms
INF 2026-08-23T12:51:04.124Z > 200 GET /api/v1/ 173.75ms
INF 2026-08-23T12:51:04.126Z > 200 GET /api/v1/ 93.25ms
INF 2026-08-23T12:51:04.127Z > 200 GET /api/v1/ 220.89ms
INF 2026-08-23T12:51:04.128Z > 200 GET /api/v1/ 178.24ms
INF 2026-08-23T12:51:04.129Z > 200 GET /api/v1/ 100.24ms
INF 2026-08-23T12:51:04.132Z > 200 GET /api/v1/ 191.21ms
INF 2026-08-23T12:51:04.132Z > 200 GET /api/v1/ 188.96ms
INF 2026-08-23T12:51:04.138Z > 200 GET /api/v1/ 198.46ms
INF 2026-08-23T12:51:04.141Z > 200 GET /api/v1/ 141.02ms
INF 2026-08-23T12:51:04.142Z > 200 GET /api/v1/ 205.62ms
INF 2026-08-23T12:51:04.144Z > 200 GET /api/v1/ 173.54ms
INF 2026-08-23T12:51:04.147Z > 200 GET /api/v1/ 151.05ms
INF 2026-08-23T12:51:04.148Z > 200 GET /api/v1/ 181.93ms
INF 2026-08-23T12:51:04.149Z > 200 GET /api/v1/ 175.27ms
INF 2026-08-23T12:51:04.151Z > 200 GET /api/v1/ 179.23ms
INF 2026-08-23T12:51:04.153Z > 200 GET /api/v1/ 117.54ms
INF 2026-08-23T12:51:04.154Z > 200 GET /api/v1/ 205.79ms
INF 2026-08-23T12:51:04.155Z > 200 GET /api/v1/ 124.91ms
INF 2026-08-23T12:51:04.158Z > 200 GET /api/v1/ 135.12ms
INF 2026-08-23T12:51:04.158Z > 200 GET /api/v1/ 137.55ms
INF 2026-08-23T12:51:04.159Z > 200 GET /api/v1/ 136.83ms
INF 2026-08-23T12:51:04.160Z > 200 GET /api/v1/ 136.32ms
INF 2026-08-23T12:51:04.161Z > 200 GET /api/v1/ 215.99ms
INF 2026-08-23T12:51:04.161Z > 200 GET /api/v1/ 151.01ms
INF 2026-08-23T12:51:04.162Z > 200 GET /api/v1/ 138.31ms
INF 2026-08-23T12:51:04.162Z > 200 GET /api/v1/ 149.39ms
INF 2026-08-23T12:51:04.163Z > 200 GET /api/v1/ 148.26ms
INF 2026-08-23T12:51:04.163Z > 200 GET /api/v1/ 144.56ms
INF 2026-08-23T12:51:04.164Z > 200 GET /api/v1/ 148.4ms
INF 2026-08-23T12:51:04.164Z > 200 GET /api/v1/ 154.46ms
INF 2026-08-23T12:51:04.165Z > 200 GET /api/v1/ 153.93ms
INF 2026-08-23T12:51:04.165Z > 200 GET /api/v1/ 156.04ms
INF 2026-08-23T12:51:04.166Z > 200 GET /api/v1/ 159.22ms
INF 2026-08-23T12:51:04.166Z > 200 GET /api/v1/ 149.28ms
INF 2026-08-23T12:51:04.166Z > 200 GET /api/v1/ 190.59ms
INF 2026-08-23T12:51:04.168Z > 200 GET /api/v1/ 230.31ms
INF 2026-08-23T12:51:04.171Z > 200 GET /api/v1/ 95.59ms
INF 2026-08-23T12:51:04.171Z > 200 GET /api/v1/ 138.25ms
INF 2026-08-23T12:51:04.173Z > 200 GET /api/v1/ 112.84ms
INF 2026-08-23T12:51:04.174Z > 200 GET /api/v1/ 114.08ms
INF 2026-08-23T12:51:04.174Z > 200 GET /api/v1/ 139.69ms
INF 2026-08-23T12:51:04.176Z > 200 GET /api/v1/ 142.07ms
INF 2026-08-23T12:51:04.176Z > 200 GET /api/v1/ 156.52ms
INF 2026-08-23T12:51:04.176Z > 200 GET /api/v1/ 144.81ms
INF 2026-08-23T12:51:04.177Z > 200 GET /api/v1/ 147.51ms
INF 2026-08-23T12:51:04.177Z > 200 GET /api/v1/ 141.87ms
INF 2026-08-23T12:51:04.178Z > 200 GET /api/v1/ 142.73ms
INF 2026-08-23T12:51:04.178Z > 200 GET /api/v1/ 147.84ms
INF 2026-08-23T12:51:04.179Z > 200 GET /api/v1/ 144.72ms
INF 2026-08-23T12:51:04.179Z > 200 GET /api/v1/ 144.78ms
INF 2026-08-23T12:51:04.181Z > 200 GET /api/v1/ 90.41ms
INF 2026-08-23T12:51:04.181Z > 200 GET /api/v1/ 88.48ms
INF 2026-08-23T12:51:04.199Z > 200 GET /api/v1/ 106.86ms
INF 2026-08-23T12:51:04.199Z > 200 GET /api/v1/ 110.65ms
INF 2026-08-23T12:51:04.200Z > 200 GET /api/v1/ 116.09ms
INF 2026-08-23T12:51:04.200Z > 200 GET /api/v1/ 105.66ms
INF 2026-08-23T12:51:04.200Z > 200 GET /api/v1/ 112.17ms
INF 2026-08-23T12:51:04.200Z > 200 GET /api/v1/ 108.64ms
INF 2026-08-23T12:51:04.200Z > 200 GET /api/v1/ 109.18ms
INF 2026-08-23T12:51:04.201Z > 200 GET /api/v1/ 111.12ms
INF 2026-08-23T12:51:04.201Z > 200 GET /api/v1/ 120.02ms
INF 2026-08-23T12:51:04.203Z > 200 GET /api/v1/ 106.66ms
INF 2026-08-23T12:51:04.204Z > 200 GET /api/v1/ 200.04ms
INF 2026-08-23T12:51:04.204Z > 200 GET /api/v1/ 196.3ms
INF 2026-08-23T12:51:04.204Z > 200 GET /api/v1/ 132.23ms
INF 2026-08-23T12:51:04.205Z > 200 GET /api/v1/ 199.77ms
INF 2026-08-23T12:51:04.206Z > 200 GET /api/v1/ 201.34ms
INF 2026-08-23T12:51:04.208Z > 200 GET /api/v1/ 131.67ms
INF 2026-08-23T12:51:04.220Z > 200 GET /api/v1/ 95.44ms
INF 2026-08-23T12:51:04.220Z > 200 GET /api/v1/ 187.82ms
INF 2026-08-23T12:51:04.220Z > 200 GET /api/v1/ 189.42ms
INF 2026-08-23T12:51:04.221Z > 200 GET /api/v1/ 104.7ms
INF 2026-08-23T12:51:04.223Z > 200 GET /api/v1/ 109.34ms
INF 2026-08-23T12:51:04.224Z > 200 GET /api/v1/ 109.74ms
INF 2026-08-23T12:51:04.226Z > 200 GET /api/v1/ 114.47ms
INF 2026-08-23T12:51:04.227Z > 200 GET /api/v1/ 116.39ms
INF 2026-08-23T12:51:04.227Z > 200 GET /api/v1/ 115.1ms
INF 2026-08-23T12:51:04.228Z > 200 GET /api/v1/ 118.79ms
INF 2026-08-23T12:51:04.232Z > 200 GET /api/v1/ 154.19ms
INF 2026-08-23T12:51:04.233Z > 200 GET /api/v1/ 175.57ms
INF 2026-08-23T12:51:04.234Z > 200 GET /api/v1/ 96.12ms
INF 2026-08-23T12:51:04.235Z > 200 GET /api/v1/ 97.76ms
INF 2026-08-23T12:51:04.235Z > 200 GET /api/v1/ 98.89ms
INF 2026-08-23T12:51:04.236Z > 200 GET /api/v1/ 100.89ms
INF 2026-08-23T12:51:04.236Z > 200 GET /api/v1/ 103.34ms
INF 2026-08-23T12:51:04.238Z > 200 GET /api/v1/ 76.14ms
INF 2026-08-23T12:51:04.241Z > 200 GET /api/v1/ 82.4ms
INF 2026-08-23T12:51:04.248Z > 200 GET /api/v1/ 152.47ms
INF 2026-08-23T12:51:04.261Z > 200 GET /api/v1/ 121.56ms
INF 2026-08-23T12:51:04.268Z > 200 GET /api/v1/ 96.72ms
INF 2026-08-23T12:51:04.272Z > 200 GET /api/v1/ 116.7ms
INF 2026-08-23T12:51:04.274Z > 200 GET /api/v1/ 124.6ms
INF 2026-08-23T12:51:04.280Z > 200 GET /api/v1/ 107.92ms
INF 2026-08-23T12:51:04.281Z > 200 GET /api/v1/ 109.62ms
INF 2026-08-23T12:51:04.285Z > 200 GET /api/v1/ 113.24ms
INF 2026-08-23T12:51:04.288Z > 200 GET /api/v1/ 118.34ms
INF 2026-08-23T12:51:04.289Z > 200 GET /api/v1/ 121.99ms
INF 2026-08-23T12:51:04.292Z > 200 GET /api/v1/ 64.4ms
INF 2026-08-23T12:51:04.293Z > 200 GET /api/v1/ 91.17ms
INF 2026-08-23T12:51:04.293Z > 200 GET /api/v1/ 91.01ms
INF 2026-08-23T12:51:04.297Z > 200 GET /api/v1/ 72.8ms
INF 2026-08-23T12:51:04.297Z > 200 GET /api/v1/ 123.1ms
INF 2026-08-23T12:51:04.299Z > 200 GET /api/v1/ 83.31ms
INF 2026-08-23T12:51:04.301Z > 200 GET /api/v1/ 80.43ms
INF 2026-08-23T12:51:04.305Z > 200 GET /api/v1/ 180.36ms
INF 2026-08-23T12:51:04.305Z > 200 GET /api/v1/ 90.95ms
INF 2026-08-23T12:51:04.307Z > 200 GET /api/v1/ 89.61ms
INF 2026-08-23T12:51:04.308Z > 200 GET /api/v1/ 89.07ms
INF 2026-08-23T12:51:04.308Z > 200 GET /api/v1/ 89.98ms
INF 2026-08-23T12:51:04.308Z > 200 GET /api/v1/ 90.95ms
INF 2026-08-23T12:51:04.309Z > 200 GET /api/v1/ 90.79ms
INF 2026-08-23T12:51:04.309Z > 200 GET /api/v1/ 91.59ms
INF 2026-08-23T12:51:04.310Z > 200 GET /api/v1/ 91.02ms
INF 2026-08-23T12:51:04.310Z > 200 GET /api/v1/ 92.18ms
INF 2026-08-23T12:51:04.311Z > 200 GET /api/v1/ 94.18ms
INF 2026-08-23T12:51:04.311Z > 200 GET /api/v1/ 96.36ms
INF 2026-08-23T12:51:04.312Z > 200 GET /api/v1/ 95.23ms
INF 2026-08-23T12:51:04.313Z > 200 GET /api/v1/ 99.28ms
INF 2026-08-23T12:51:04.314Z > 200 GET /api/v1/ 100.1ms
INF 2026-08-23T12:51:04.315Z > 200 GET /api/v1/ 99.99ms
INF 2026-08-23T12:51:04.315Z > 200 GET /api/v1/ 103.22ms
INF 2026-08-23T12:51:04.316Z > 200 GET /api/v1/ 104.25ms
INF 2026-08-23T12:51:04.317Z > 200 GET /api/v1/ 103.32ms
INF 2026-08-23T12:51:04.317Z > 200 GET /api/v1/ 104.59ms
INF 2026-08-23T12:51:04.318Z > 200 GET /api/v1/ 105.04ms
INF 2026-08-23T12:51:04.319Z > 200 GET /api/v1/ 150.01ms
INF 2026-08-23T12:51:04.319Z > 200 GET /api/v1/ 108.27ms
INF 2026-08-23T12:51:04.320Z > 200 GET /api/v1/ 150.12ms
INF 2026-08-23T12:51:04.320Z > 200 GET /api/v1/ 178.93ms
INF 2026-08-23T12:51:04.320Z > 200 GET /api/v1/ 112.37ms
INF 2026-08-23T12:51:04.321Z > 200 GET /api/v1/ 92.43ms
INF 2026-08-23T12:51:04.340Z > 200 GET /api/v1/ 118.37ms
INF 2026-08-23T12:51:04.340Z > 200 GET /api/v1/ 115.6ms
INF 2026-08-23T12:51:04.341Z > 200 GET /api/v1/ 116.98ms
INF 2026-08-23T12:51:04.344Z > 200 GET /api/v1/ 164.54ms
INF 2026-08-23T12:51:04.345Z > 200 GET /api/v1/ 127.59ms
INF 2026-08-23T12:51:04.346Z > 200 GET /api/v1/ 128.3ms
INF 2026-08-23T12:51:04.346Z > 200 GET /api/v1/ 129.09ms
INF 2026-08-23T12:51:04.347Z > 200 GET /api/v1/ 129.7ms
INF 2026-08-23T12:51:04.349Z > 200 GET /api/v1/ 107.11ms
INF 2026-08-23T12:51:04.352Z > 200 GET /api/v1/ 123.93ms
INF 2026-08-23T12:51:04.352Z > 200 GET /api/v1/ 142.04ms
INF 2026-08-23T12:51:04.355Z > 200 GET /api/v1/ 124.62ms
INF 2026-08-23T12:51:04.355Z > 200 GET /api/v1/ 145.99ms
INF 2026-08-23T12:51:04.355Z > 200 GET /api/v1/ 124.51ms
INF 2026-08-23T12:51:04.356Z > 200 GET /api/v1/ 129.34ms
INF 2026-08-23T12:51:04.356Z > 200 GET /api/v1/ 189.24ms
INF 2026-08-23T12:51:04.358Z > 200 GET /api/v1/ 98.44ms
INF 2026-08-23T12:51:04.359Z > 200 GET /api/v1/ 101.55ms
INF 2026-08-23T12:51:04.361Z > 200 GET /api/v1/ 102.78ms
INF 2026-08-23T12:51:04.361Z > 200 GET /api/v1/ 104.77ms
INF 2026-08-23T12:51:04.362Z > 200 GET /api/v1/ 104.78ms
INF 2026-08-23T12:51:04.363Z > 200 GET /api/v1/ 104.41ms
INF 2026-08-23T12:51:04.363Z > 200 GET /api/v1/ 104.24ms
INF 2026-08-23T12:51:04.364Z > 200 GET /api/v1/ 109.17ms
INF 2026-08-23T12:51:04.364Z > 200 GET /api/v1/ 112.65ms
INF 2026-08-23T12:51:04.364Z > 200 GET /api/v1/ 110.23ms
INF 2026-08-23T12:51:04.365Z > 200 GET /api/v1/ 112.23ms
INF 2026-08-23T12:51:04.366Z > 200 GET /api/v1/ 113.43ms
INF 2026-08-23T12:51:04.366Z > 200 GET /api/v1/ 113.39ms
INF 2026-08-23T12:51:04.367Z > 200 GET /api/v1/ 117.35ms
INF 2026-08-23T12:51:04.367Z > 200 GET /api/v1/ 114.93ms
INF 2026-08-23T12:51:04.367Z > 200 GET /api/v1/ 145.78ms
INF 2026-08-23T12:51:04.368Z > 200 GET /api/v1/ 146.37ms
INF 2026-08-23T12:51:04.369Z > 200 GET /api/v1/ 148.14ms
INF 2026-08-23T12:51:04.372Z > 200 GET /api/v1/ 106.29ms
INF 2026-08-23T12:51:04.373Z > 200 GET /api/v1/ 109.85ms
INF 2026-08-23T12:51:04.373Z > 200 GET /api/v1/ 109.71ms
INF 2026-08-23T12:51:04.378Z > 200 GET /api/v1/ 113.18ms
INF 2026-08-23T12:51:04.379Z > 200 GET /api/v1/ 89.25ms
INF 2026-08-23T12:51:04.380Z > 200 GET /api/v1/ 173.83ms
INF 2026-08-23T12:51:04.382Z > 200 GET /api/v1/ 100.49ms
INF 2026-08-23T12:51:04.383Z > 200 GET /api/v1/ 98.77ms
INF 2026-08-23T12:51:04.384Z > 200 GET /api/v1/ 102.46ms
INF 2026-08-23T12:51:04.385Z > 200 GET /api/v1/ 105.92ms
INF 2026-08-23T12:51:04.385Z > 200 GET /api/v1/ 110.2ms
INF 2026-08-23T12:51:04.390Z > 200 GET /api/v1/ 92.14ms
INF 2026-08-23T12:51:04.392Z > 200 GET /api/v1/ 91.66ms
INF 2026-08-23T12:51:04.392Z > 200 GET /api/v1/ 92.28ms
INF 2026-08-23T12:51:04.393Z > 200 GET /api/v1/ 96.3ms
INF 2026-08-23T12:51:04.396Z > 200 GET /api/v1/ 109.51ms
INF 2026-08-23T12:51:04.397Z > 200 GET /api/v1/ 110.54ms
INF 2026-08-23T12:51:04.404Z > 200 GET /api/v1/ 51.4ms
INF 2026-08-23T12:51:04.405Z > 200 GET /api/v1/ 99.04ms
INF 2026-08-23T12:51:04.405Z > 200 GET /api/v1/ 56.14ms
INF 2026-08-23T12:51:04.408Z > 200 GET /api/v1/ 104.28ms
INF 2026-08-23T12:51:04.409Z > 200 GET /api/v1/ 163.29ms
INF 2026-08-23T12:51:04.410Z > 200 GET /api/v1/ 107.54ms
INF 2026-08-23T12:51:04.411Z > 200 GET /api/v1/ 111.06ms
INF 2026-08-23T12:51:04.411Z > 200 GET /api/v1/ 138.35ms
INF 2026-08-23T12:51:04.414Z > 200 GET /api/v1/ 46.23ms
INF 2026-08-23T12:51:04.415Z > 200 GET /api/v1/ 73.87ms
INF 2026-08-23T12:51:04.416Z > 200 GET /api/v1/ 72.53ms
INF 2026-08-23T12:51:04.416Z > 200 GET /api/v1/ 51.45ms
INF 2026-08-23T12:51:04.418Z > 200 GET /api/v1/ 79.26ms
INF 2026-08-23T12:51:04.418Z > 200 GET /api/v1/ 60.51ms
INF 2026-08-23T12:51:04.419Z > 200 GET /api/v1/ 60.38ms
INF 2026-08-23T12:51:04.422Z > 200 GET /api/v1/ 66.62ms
INF 2026-08-23T12:51:04.429Z > 200 GET /api/v1/ 76.03ms
INF 2026-08-23T12:51:04.431Z > 200 GET /api/v1/ 78.25ms
INF 2026-08-23T12:51:04.432Z > 200 GET /api/v1/ 78.99ms
INF 2026-08-23T12:51:04.433Z > 200 GET /api/v1/ 83.11ms
INF 2026-08-23T12:51:04.433Z > 200 GET /api/v1/ 82.67ms
INF 2026-08-23T12:51:04.434Z > 200 GET /api/v1/ 86.03ms
INF 2026-08-23T12:51:04.439Z > 200 GET /api/v1/ 71.66ms
INF 2026-08-23T12:51:04.440Z > 200 GET /api/v1/ 77.61ms
INF 2026-08-23T12:51:04.442Z > 200 GET /api/v1/ 81.88ms
INF 2026-08-23T12:51:04.442Z > 200 GET /api/v1/ 83.0ms
INF 2026-08-23T12:51:04.443Z > 200 GET /api/v1/ 80.77ms
INF 2026-08-23T12:51:04.447Z > 200 GET /api/v1/ 90.22ms
INF 2026-08-23T12:51:04.447Z > 200 GET /api/v1/ 94.38ms
INF 2026-08-23T12:51:04.448Z > 200 GET /api/v1/ 94.19ms
INF 2026-08-23T12:51:04.449Z > 200 GET /api/v1/ 95.38ms
INF 2026-08-23T12:51:04.471Z > 200 GET /api/v1/ 98.34ms
INF 2026-08-23T12:51:04.472Z > 200 GET /api/v1/ 97.63ms
INF 2026-08-23T12:51:04.472Z > 200 GET /api/v1/ 118.78ms
INF 2026-08-23T12:51:04.473Z > 200 GET /api/v1/ 93.3ms
INF 2026-08-23T12:51:04.477Z > 200 GET /api/v1/ 80.86ms
INF 2026-08-23T12:51:04.477Z > 200 GET /api/v1/ 103.81ms
INF 2026-08-23T12:51:04.483Z > 200 GET /api/v1/ 113.49ms
INF 2026-08-23T12:51:04.483Z > 200 GET /api/v1/ 125.97ms
INF 2026-08-23T12:51:04.483Z > 200 GET /api/v1/ 113.69ms
INF 2026-08-23T12:51:04.484Z > 200 GET /api/v1/ 183.43ms
INF 2026-08-23T12:51:04.485Z > 200 GET /api/v1/ 120.58ms
INF 2026-08-23T12:51:04.493Z > 200 GET /api/v1/ 114.96ms
INF 2026-08-23T12:51:04.494Z > 200 GET /api/v1/ 117.67ms
INF 2026-08-23T12:51:04.494Z > 200 GET /api/v1/ 138.33ms
INF 2026-08-23T12:51:04.498Z > 200 GET /api/v1/ 123.21ms
INF 2026-08-23T12:51:04.499Z > 200 GET /api/v1/ 121.63ms
INF 2026-08-23T12:51:04.499Z > 200 GET /api/v1/ 146.79ms
INF 2026-08-23T12:51:04.501Z > 200 GET /api/v1/ 103.83ms
INF 2026-08-23T12:51:04.502Z > 200 GET /api/v1/ 82.96ms
INF 2026-08-23T12:51:04.503Z > 200 GET /api/v1/ 84.79ms
INF 2026-08-23T12:51:04.504Z > 200 GET /api/v1/ 88.49ms
INF 2026-08-23T12:51:04.505Z > 200 GET /api/v1/ 111.09ms
INF 2026-08-23T12:51:04.506Z > 200 GET /api/v1/ 105.0ms
INF 2026-08-23T12:51:04.506Z > 200 GET /api/v1/ 113.47ms
INF 2026-08-23T12:51:04.509Z > 200 GET /api/v1/ 118.66ms
INF 2026-08-23T12:51:04.509Z > 200 GET /api/v1/ 118.33ms
INF 2026-08-23T12:51:04.512Z > 200 GET /api/v1/ 106.56ms
INF 2026-08-23T12:51:04.512Z > 200 GET /api/v1/ 106.59ms
INF 2026-08-23T12:51:04.513Z > 200 GET /api/v1/ 111.06ms
INF 2026-08-23T12:51:04.514Z > 200 GET /api/v1/ 111.05ms
INF 2026-08-23T12:51:04.514Z > 200 GET /api/v1/ 82.38ms
INF 2026-08-23T12:51:04.517Z > 200 GET /api/v1/ 112.9ms
INF 2026-08-23T12:51:04.517Z > 200 GET /api/v1/ 115.17ms
INF 2026-08-23T12:51:04.519Z > 200 GET /api/v1/ 118.65ms
INF 2026-08-23T12:51:04.523Z > 200 GET /api/v1/ 102.34ms
INF 2026-08-23T12:51:04.525Z > 200 GET /api/v1/ 106.28ms
INF 2026-08-23T12:51:04.525Z > 200 GET /api/v1/ 105.71ms
INF 2026-08-23T12:51:04.527Z > 200 GET /api/v1/ 109.35ms
INF 2026-08-23T12:51:04.527Z > 200 GET /api/v1/ 110.3ms
INF 2026-08-23T12:51:04.528Z > 200 GET /api/v1/ 112.25ms
INF 2026-08-23T12:51:04.529Z > 200 GET /api/v1/ 114.03ms
INF 2026-08-23T12:51:04.530Z > 200 GET /api/v1/ 117.27ms
INF 2026-08-23T12:51:04.531Z > 200 GET /api/v1/ 116.57ms
INF 2026-08-23T12:51:04.535Z > 200 GET /api/v1/ 128.22ms
INF 2026-08-23T12:51:04.537Z > 200 GET /api/v1/ 107.06ms
INF 2026-08-23T12:51:04.540Z > 200 GET /api/v1/ 112.34ms
INF 2026-08-23T12:51:04.541Z > 200 GET /api/v1/ 113.99ms
INF 2026-08-23T12:51:04.542Z > 200 GET /api/v1/ 166.08ms
INF 2026-08-23T12:51:04.545Z > 200 GET /api/v1/ 146.19ms
INF 2026-08-23T12:51:04.545Z > 200 GET /api/v1/ 166.38ms
INF 2026-08-23T12:51:04.546Z > 200 GET /api/v1/ 119.68ms
INF 2026-08-23T12:51:04.546Z > 200 GET /api/v1/ 123.36ms
INF 2026-08-23T12:51:04.547Z > 200 GET /api/v1/ 97.56ms
INF 2026-08-23T12:51:04.548Z > 200 GET /api/v1/ 53.56ms
INF 2026-08-23T12:51:04.550Z > 200 GET /api/v1/ 106.48ms
INF 2026-08-23T12:51:04.551Z > 200 GET /api/v1/ 104.6ms
INF 2026-08-23T12:51:04.551Z > 200 GET /api/v1/ 105.76ms
INF 2026-08-23T12:51:04.552Z > 200 GET /api/v1/ 107.75ms
INF 2026-08-23T12:51:04.553Z > 200 GET /api/v1/ 80.93ms
INF 2026-08-23T12:51:04.553Z > 200 GET /api/v1/ 141.49ms
INF 2026-08-23T12:51:04.554Z > 200 GET /api/v1/ 142.09ms
INF 2026-08-23T12:51:04.555Z > 200 GET /api/v1/ 143.73ms
INF 2026-08-23T12:51:04.558Z > 200 GET /api/v1/ 118.22ms
INF 2026-08-23T12:51:04.558Z > 200 GET /api/v1/ 170.23ms
INF 2026-08-23T12:51:04.562Z > 200 GET /api/v1/ 125.96ms
INF 2026-08-23T12:51:04.563Z > 200 GET /api/v1/ 128.22ms
INF 2026-08-23T12:51:04.563Z > 200 GET /api/v1/ 127.61ms
INF 2026-08-23T12:51:04.565Z > 200 GET /api/v1/ 83.78ms
INF 2026-08-23T12:51:04.565Z > 200 GET /api/v1/ 86.96ms
INF 2026-08-23T12:51:04.566Z > 200 GET /api/v1/ 92.69ms
INF 2026-08-23T12:51:04.566Z > 200 GET /api/v1/ 62.46ms
INF 2026-08-23T12:51:04.567Z > 200 GET /api/v1/ 96.72ms
INF 2026-08-23T12:51:04.568Z > 200 GET /api/v1/ 143.08ms
INF 2026-08-23T12:51:04.568Z > 200 GET /api/v1/ 98.31ms
INF 2026-08-23T12:51:04.570Z > 200 GET /api/v1/ 119.16ms
INF 2026-08-23T12:51:04.578Z > 200 GET /api/v1/ 89.02ms
INF 2026-08-23T12:51:04.581Z > 200 GET /api/v1/ 94.93ms
INF 2026-08-23T12:51:04.582Z > 200 GET /api/v1/ 144.07ms
INF 2026-08-23T12:51:04.582Z > 200 GET /api/v1/ 95.24ms
INF 2026-08-23T12:51:04.584Z > 200 GET /api/v1/ 106.24ms
INF 2026-08-23T12:51:04.584Z > 200 GET /api/v1/ 147.51ms
gcry: SIGSEGV at 0x7f902ade6861 — in a chunk gcry RELEASED — base 0x7f902adde000, 69632 bytes, large-object release, at collection 58; the write is 34913 bytes into it. Collections since: 0
Invalid memory access (signal 11) at address 0x7f902ade6861
[0x556eaac91c26] ?? +93933800070182 in ./bin/acikturkiye-gcry
[0x556eaac917ff] ?? +93933800069119 in ./bin/acikturkiye-gcry
[0x7f9082a44cb0] ?? +140258643823792 in /usr/lib/libc.so.6
[0x556eaac16880] ?? +93933799565440 in ./bin/acikturkiye-gcry
[0x556eaac9e14c] ?? +93933800120652 in ./bin/acikturkiye-gcry
[0x556eaad6ebb7] ?? +93933800975287 in ./bin/acikturkiye-gcry
[0x556eaad68441] ?? +93933800948801 in ./bin/acikturkiye-gcry
[0x556eaae01b9e] ?? +93933801577374 in ./bin/acikturkiye-gcry
[0x556eaadfd988] ?? +93933801560456 in ./bin/acikturkiye-gcry
[0x556eaadfc5ed] ?? +93933801555437 in ./bin/acikturkiye-gcry
[0x556eaae01a88] ?? +93933801577096 in ./bin/acikturkiye-gcry
[0x556eaadf6ace] ?? +93933801532110 in ./bin/acikturkiye-gcry
[0x556eaac1c8fd] ?? +93933799590141 in ./bin/acikturkiye-gcry
[0x0] ???
