INF 2026-08-23T08:27:16.026Z > Connecting to postgres://REDACTED:REDACTED@localhost/acikturkiye_demo?sslmode=disable
| event = db_connect
INF 2026-08-23T08:27:16.029Z > [demo] Açık Türkiye is ready to lead at http://127.0.0.1:3000
gcry: thread census — the OS reports 3 thread(s) and Crystal's list yielded 2, so 1 thread(s) are outside Crystal's list; gcry has staged 0, fewer than the gap — at least one is unrecorded. collection 0
INF 2026-08-23T08:27:17.033Z > 200 GET /gc-collect 652.1µs
INF 2026-08-23T08:27:17.105Z > 200 GET /api/v1/ 53.86ms
INF 2026-08-23T08:27:17.106Z > 200 GET /api/v1/ 70.35ms
INF 2026-08-23T08:27:17.109Z > 200 GET /api/v1/ 51.6ms
INF 2026-08-23T08:27:17.111Z > 200 GET /api/v1/ 51.86ms
INF 2026-08-23T08:27:17.112Z > 200 GET /api/v1/ 66.26ms
INF 2026-08-23T08:27:17.112Z > 200 GET /api/v1/ 60.67ms
INF 2026-08-23T08:27:17.116Z > 200 GET /api/v1/ 62.79ms
INF 2026-08-23T08:27:17.117Z > 200 GET /api/v1/ 59.13ms
INF 2026-08-23T08:27:17.119Z > 200 GET /api/v1/ 73.29ms
INF 2026-08-23T08:27:17.120Z > 200 GET /api/v1/ 70.25ms
INF 2026-08-23T08:27:17.123Z > 200 GET /api/v1/ 70.89ms
INF 2026-08-23T08:27:17.125Z > 200 GET /api/v1/ 88.84ms
INF 2026-08-23T08:27:17.126Z > 200 GET /api/v1/ 75.96ms
INF 2026-08-23T08:27:17.133Z > 200 GET /api/v1/ 80.09ms
gcry: thread census — the OS reports 4 thread(s) and Crystal's list yielded 3, so 1 thread(s) are outside Crystal's list; gcry has staged 0, fewer than the gap — at least one is unrecorded. collection 1
INF 2026-08-23T08:27:17.134Z > 200 GET /api/v1/ 78.5ms
INF 2026-08-23T08:27:17.135Z > 200 GET /api/v1/ 80.68ms
INF 2026-08-23T08:27:17.135Z > 200 GET /api/v1/ 86.28ms
INF 2026-08-23T08:27:17.135Z > 200 GET /api/v1/ 81.61ms
INF 2026-08-23T08:27:17.158Z > 200 GET /api/v1/ 98.84ms
INF 2026-08-23T08:27:17.158Z > 200 GET /api/v1/ 95.08ms
INF 2026-08-23T08:27:17.159Z > 200 GET /api/v1/ 103.36ms
INF 2026-08-23T08:27:17.159Z > 200 GET /api/v1/ 104.11ms
INF 2026-08-23T08:27:17.161Z > 200 GET /api/v1/ 109.23ms
INF 2026-08-23T08:27:17.161Z > 200 GET /api/v1/ 109.82ms
INF 2026-08-23T08:27:17.161Z > 200 GET /api/v1/ 112.67ms
INF 2026-08-23T08:27:17.162Z > 200 GET /api/v1/ 115.78ms
INF 2026-08-23T08:27:17.163Z > 200 GET /api/v1/ 108.48ms
INF 2026-08-23T08:27:17.164Z > 200 GET /api/v1/ 116.97ms
INF 2026-08-23T08:27:17.164Z > 200 GET /api/v1/ 100.3ms
INF 2026-08-23T08:27:17.165Z > 200 GET /api/v1/ 115.88ms
INF 2026-08-23T08:27:17.167Z > 200 GET /api/v1/ 117.85ms
INF 2026-08-23T08:27:17.168Z > 200 GET /api/v1/ 111.2ms
INF 2026-08-23T08:27:17.170Z > 200 GET /api/v1/ 121.8ms
INF 2026-08-23T08:27:17.172Z > 200 GET /api/v1/ 122.22ms
INF 2026-08-23T08:27:17.172Z > 200 GET /api/v1/ 124.77ms
INF 2026-08-23T08:27:17.172Z > 200 GET /api/v1/ 115.57ms
INF 2026-08-23T08:27:17.173Z > 200 GET /api/v1/ 124.56ms
INF 2026-08-23T08:27:17.173Z > 200 GET /api/v1/ 112.0ms
INF 2026-08-23T08:27:17.174Z > 200 GET /api/v1/ 109.18ms
INF 2026-08-23T08:27:17.174Z > 200 GET /api/v1/ 108.82ms
INF 2026-08-23T08:27:17.175Z > 200 GET /api/v1/ 107.76ms
INF 2026-08-23T08:27:17.175Z > 200 GET /api/v1/ 112.79ms
INF 2026-08-23T08:27:17.175Z > 200 GET /api/v1/ 115.97ms
INF 2026-08-23T08:27:17.175Z > 200 GET /api/v1/ 107.51ms
INF 2026-08-23T08:27:17.176Z > 200 GET /api/v1/ 108.68ms
INF 2026-08-23T08:27:17.176Z > 200 GET /api/v1/ 123.66ms
INF 2026-08-23T08:27:17.177Z > 200 GET /api/v1/ 128.51ms
INF 2026-08-23T08:27:17.177Z > 200 GET /api/v1/ 130.53ms
INF 2026-08-23T08:27:17.178Z > 200 GET /api/v1/ 122.85ms
INF 2026-08-23T08:27:17.178Z > 200 GET /api/v1/ 122.02ms
INF 2026-08-23T08:27:17.179Z > 200 GET /api/v1/ 133.29ms
INF 2026-08-23T08:27:17.179Z > 200 GET /api/v1/ 138.19ms
INF 2026-08-23T08:27:17.179Z > 200 GET /api/v1/ 128.43ms
INF 2026-08-23T08:27:17.179Z > 200 GET /api/v1/ 130.27ms
INF 2026-08-23T08:27:17.180Z > 200 GET /api/v1/ 131.97ms
INF 2026-08-23T08:27:17.180Z > 200 GET /api/v1/ 136.46ms
INF 2026-08-23T08:27:17.181Z > 200 GET /api/v1/ 130.86ms
INF 2026-08-23T08:27:17.181Z > 200 GET /api/v1/ 124.59ms
INF 2026-08-23T08:27:17.181Z > 200 GET /api/v1/ 136.37ms
INF 2026-08-23T08:27:17.182Z > 200 GET /api/v1/ 113.65ms
INF 2026-08-23T08:27:17.182Z > 200 GET /api/v1/ 114.6ms
INF 2026-08-23T08:27:17.182Z > 200 GET /api/v1/ 124.23ms
INF 2026-08-23T08:27:17.183Z > 200 GET /api/v1/ 115.41ms
INF 2026-08-23T08:27:17.183Z > 200 GET /api/v1/ 136.25ms
INF 2026-08-23T08:27:17.184Z > 200 GET /api/v1/ 115.68ms
INF 2026-08-23T08:27:17.184Z > 200 GET /api/v1/ 139.11ms
INF 2026-08-23T08:27:17.185Z > 200 GET /api/v1/ 138.73ms
INF 2026-08-23T08:27:17.185Z > 200 GET /api/v1/ 118.68ms
INF 2026-08-23T08:27:17.185Z > 200 GET /api/v1/ 122.88ms
INF 2026-08-23T08:27:17.186Z > 200 GET /api/v1/ 117.86ms
INF 2026-08-23T08:27:17.187Z > 200 GET /api/v1/ 138.96ms
INF 2026-08-23T08:27:17.187Z > 200 GET /api/v1/ 131.55ms
INF 2026-08-23T08:27:17.188Z > 200 GET /api/v1/ 138.58ms
INF 2026-08-23T08:27:17.188Z > 200 GET /api/v1/ 139.71ms
INF 2026-08-23T08:27:17.189Z > 200 GET /api/v1/ 120.71ms
INF 2026-08-23T08:27:17.189Z > 200 GET /api/v1/ 133.57ms
INF 2026-08-23T08:27:17.190Z > 200 GET /api/v1/ 144.39ms
INF 2026-08-23T08:27:17.190Z > 200 GET /api/v1/ 133.3ms
INF 2026-08-23T08:27:17.191Z > 200 GET /api/v1/ 131.95ms
INF 2026-08-23T08:27:17.191Z > 200 GET /api/v1/ 145.41ms
INF 2026-08-23T08:27:17.192Z > 200 GET /api/v1/ 141.2ms
INF 2026-08-23T08:27:17.192Z > 200 GET /api/v1/ 145.93ms
INF 2026-08-23T08:27:17.193Z > 200 GET /api/v1/ 142.5ms
INF 2026-08-23T08:27:17.193Z > 200 GET /api/v1/ 136.01ms
INF 2026-08-23T08:27:17.193Z > 200 GET /api/v1/ 143.55ms
INF 2026-08-23T08:27:17.194Z > 200 GET /api/v1/ 135.95ms
INF 2026-08-23T08:27:17.195Z > 200 GET /api/v1/ 143.69ms
INF 2026-08-23T08:27:17.195Z > 200 GET /api/v1/ 139.84ms
INF 2026-08-23T08:27:17.196Z > 200 GET /api/v1/ 138.34ms
INF 2026-08-23T08:27:17.196Z > 200 GET /api/v1/ 138.05ms
INF 2026-08-23T08:27:17.198Z > 200 GET /api/v1/ 146.11ms
INF 2026-08-23T08:27:17.199Z > 200 GET /api/v1/ 150.27ms
INF 2026-08-23T08:27:17.200Z > 200 GET /api/v1/ 131.27ms
INF 2026-08-23T08:27:17.205Z > 200 GET /api/v1/ 136.27ms
INF 2026-08-23T08:27:17.215Z > 200 GET /api/v1/ 160.75ms
INF 2026-08-23T08:27:17.226Z > 200 GET /api/v1/ 182.97ms
INF 2026-08-23T08:27:17.227Z > 200 GET /api/v1/ 172.99ms
INF 2026-08-23T08:27:17.228Z > 200 GET /api/v1/ 168.89ms
INF 2026-08-23T08:27:17.245Z > 200 GET /api/v1/ 197.83ms
INF 2026-08-23T08:27:17.246Z > 200 GET /api/v1/ 194.48ms
INF 2026-08-23T08:27:17.254Z > 200 GET /api/v1/ 92.76ms
INF 2026-08-23T08:27:17.254Z > 200 GET /api/v1/ 144.41ms
INF 2026-08-23T08:27:17.256Z > 200 GET /api/v1/ 125.89ms
INF 2026-08-23T08:27:17.258Z > 200 GET /api/v1/ 122.65ms
INF 2026-08-23T08:27:17.258Z > 200 GET /api/v1/ 149.77ms
gcry: thread census — the OS reports 4 thread(s) and Crystal's list yielded 3, so 1 thread(s) are outside Crystal's list; gcry has staged 0, fewer than the gap — at least one is unrecorded. collection 2
INF 2026-08-23T08:27:17.261Z > 200 GET /api/v1/ 64.84ms
INF 2026-08-23T08:27:17.262Z > 200 GET /api/v1/ 66.9ms
INF 2026-08-23T08:27:17.262Z > 200 GET /api/v1/ 130.01ms
INF 2026-08-23T08:27:17.262Z > 200 GET /api/v1/ 68.77ms
INF 2026-08-23T08:27:17.264Z > 200 GET /api/v1/ 75.77ms
INF 2026-08-23T08:27:17.264Z > 200 GET /api/v1/ 134.39ms
INF 2026-08-23T08:27:17.264Z > 200 GET /api/v1/ 135.53ms
INF 2026-08-23T08:27:17.265Z > 200 GET /api/v1/ 80.21ms
INF 2026-08-23T08:27:17.266Z > 200 GET /api/v1/ 83.51ms
INF 2026-08-23T08:27:17.267Z > 200 GET /api/v1/ 86.79ms
INF 2026-08-23T08:27:17.267Z > 200 GET /api/v1/ 84.83ms
INF 2026-08-23T08:27:17.269Z > 200 GET /api/v1/ 147.87ms
INF 2026-08-23T08:27:17.269Z > 200 GET /api/v1/ 147.58ms
INF 2026-08-23T08:27:17.291Z > 200 GET /api/v1/ 115.41ms
INF 2026-08-23T08:27:17.292Z > 200 GET /api/v1/ 116.64ms
INF 2026-08-23T08:27:17.295Z > 200 GET /api/v1/ 128.73ms
INF 2026-08-23T08:27:17.295Z > 200 GET /api/v1/ 132.21ms
INF 2026-08-23T08:27:17.296Z > 200 GET /api/v1/ 126.61ms
INF 2026-08-23T08:27:17.300Z > 200 GET /api/v1/ 94.95ms
INF 2026-08-23T08:27:17.303Z > 200 GET /api/v1/ 103.48ms
INF 2026-08-23T08:27:17.304Z > 200 GET /api/v1/ 106.01ms
INF 2026-08-23T08:27:17.305Z > 200 GET /api/v1/ 116.75ms
INF 2026-08-23T08:27:17.305Z > 200 GET /api/v1/ 119.39ms
INF 2026-08-23T08:27:17.311Z > 200 GET /api/v1/ 146.29ms
INF 2026-08-23T08:27:17.312Z > 200 GET /api/v1/ 144.01ms
INF 2026-08-23T08:27:17.312Z > 200 GET /api/v1/ 100.61ms
INF 2026-08-23T08:27:17.313Z > 200 GET /api/v1/ 101.06ms
INF 2026-08-23T08:27:17.313Z > 200 GET /api/v1/ 102.93ms
INF 2026-08-23T08:27:17.313Z > 200 GET /api/v1/ 102.45ms
INF 2026-08-23T08:27:17.313Z > 200 GET /api/v1/ 102.89ms
INF 2026-08-23T08:27:17.314Z > 200 GET /api/v1/ 101.42ms
INF 2026-08-23T08:27:17.314Z > 200 GET /api/v1/ 103.71ms
INF 2026-08-23T08:27:17.314Z > 200 GET /api/v1/ 102.39ms
INF 2026-08-23T08:27:17.315Z > 200 GET /api/v1/ 105.28ms
INF 2026-08-23T08:27:17.315Z > 200 GET /api/v1/ 105.84ms
INF 2026-08-23T08:27:17.316Z > 200 GET /api/v1/ 103.47ms
INF 2026-08-23T08:27:17.316Z > 200 GET /api/v1/ 110.35ms
INF 2026-08-23T08:27:17.316Z > 200 GET /api/v1/ 110.83ms
INF 2026-08-23T08:27:17.317Z > 200 GET /api/v1/ 104.24ms
INF 2026-08-23T08:27:17.317Z > 200 GET /api/v1/ 110.19ms
INF 2026-08-23T08:27:17.317Z > 200 GET /api/v1/ 110.33ms
INF 2026-08-23T08:27:17.318Z > 200 GET /api/v1/ 112.76ms
INF 2026-08-23T08:27:17.318Z > 200 GET /api/v1/ 108.95ms
INF 2026-08-23T08:27:17.318Z > 200 GET /api/v1/ 105.82ms
INF 2026-08-23T08:27:17.319Z > 200 GET /api/v1/ 110.89ms
INF 2026-08-23T08:27:17.319Z > 200 GET /api/v1/ 110.11ms
INF 2026-08-23T08:27:17.319Z > 200 GET /api/v1/ 109.95ms
INF 2026-08-23T08:27:17.319Z > 200 GET /api/v1/ 113.44ms
INF 2026-08-23T08:27:17.320Z > 200 GET /api/v1/ 111.7ms
INF 2026-08-23T08:27:17.320Z > 200 GET /api/v1/ 111.77ms
INF 2026-08-23T08:27:17.321Z > 200 GET /api/v1/ 111.34ms
INF 2026-08-23T08:27:17.321Z > 200 GET /api/v1/ 107.15ms
INF 2026-08-23T08:27:17.322Z > 200 GET /api/v1/ 113.58ms
INF 2026-08-23T08:27:17.323Z > 200 GET /api/v1/ 114.52ms
INF 2026-08-23T08:27:17.323Z > 200 GET /api/v1/ 109.96ms
INF 2026-08-23T08:27:17.323Z > 200 GET /api/v1/ 114.77ms
INF 2026-08-23T08:27:17.323Z > 200 GET /api/v1/ 116.08ms
INF 2026-08-23T08:27:17.324Z > 200 GET /api/v1/ 116.97ms
INF 2026-08-23T08:27:17.324Z > 200 GET /api/v1/ 110.59ms
INF 2026-08-23T08:27:17.324Z > 200 GET /api/v1/ 118.77ms
INF 2026-08-23T08:27:17.324Z > 200 GET /api/v1/ 116.91ms
INF 2026-08-23T08:27:17.325Z > 200 GET /api/v1/ 121.04ms
INF 2026-08-23T08:27:17.325Z > 200 GET /api/v1/ 121.96ms
INF 2026-08-23T08:27:17.326Z > 200 GET /api/v1/ 121.9ms
INF 2026-08-23T08:27:17.326Z > 200 GET /api/v1/ 121.97ms
INF 2026-08-23T08:27:17.326Z > 200 GET /api/v1/ 111.8ms
INF 2026-08-23T08:27:17.327Z > 200 GET /api/v1/ 125.41ms
INF 2026-08-23T08:27:17.327Z > 200 GET /api/v1/ 124.59ms
INF 2026-08-23T08:27:17.327Z > 200 GET /api/v1/ 126.52ms
INF 2026-08-23T08:27:17.328Z > 200 GET /api/v1/ 126.17ms
INF 2026-08-23T08:27:17.328Z > 200 GET /api/v1/ 127.92ms
INF 2026-08-23T08:27:17.331Z > 200 GET /api/v1/ 128.54ms
INF 2026-08-23T08:27:17.331Z > 200 GET /api/v1/ 116.95ms
INF 2026-08-23T08:27:17.332Z > 200 GET /api/v1/ 117.77ms
INF 2026-08-23T08:27:17.332Z > 200 GET /api/v1/ 130.29ms
INF 2026-08-23T08:27:17.332Z > 200 GET /api/v1/ 129.2ms
INF 2026-08-23T08:27:17.332Z > 200 GET /api/v1/ 131.43ms
INF 2026-08-23T08:27:17.333Z > 200 GET /api/v1/ 130.96ms
INF 2026-08-23T08:27:17.334Z > 200 GET /api/v1/ 135.81ms
INF 2026-08-23T08:27:17.336Z > 200 GET /api/v1/ 142.06ms
INF 2026-08-23T08:27:17.336Z > 200 GET /api/v1/ 114.89ms
INF 2026-08-23T08:27:17.336Z > 200 GET /api/v1/ 138.98ms
INF 2026-08-23T08:27:17.340Z > 200 GET /api/v1/ 127.91ms
INF 2026-08-23T08:27:17.342Z > 200 GET /api/v1/ 118.19ms
INF 2026-08-23T08:27:17.343Z > 200 GET /api/v1/ 117.71ms
INF 2026-08-23T08:27:17.346Z > 200 GET /api/v1/ 118.77ms
INF 2026-08-23T08:27:17.347Z > 200 GET /api/v1/ 150.83ms
INF 2026-08-23T08:27:17.349Z > 200 GET /api/v1/ 102.49ms
INF 2026-08-23T08:27:17.350Z > 200 GET /api/v1/ 134.71ms
INF 2026-08-23T08:27:17.351Z > 200 GET /api/v1/ 105.0ms
INF 2026-08-23T08:27:17.351Z > 200 GET /api/v1/ 180.39ms
INF 2026-08-23T08:27:17.352Z > 200 GET /api/v1/ 140.42ms
INF 2026-08-23T08:27:17.352Z > 200 GET /api/v1/ 141.17ms
INF 2026-08-23T08:27:17.353Z > 200 GET /api/v1/ 94.79ms
INF 2026-08-23T08:27:17.354Z > 200 GET /api/v1/ 126.87ms
INF 2026-08-23T08:27:17.362Z > 200 GET /api/v1/ 40.37ms
INF 2026-08-23T08:27:17.362Z > 200 GET /api/v1/ 45.5ms
INF 2026-08-23T08:27:17.364Z > 200 GET /api/v1/ 28.29ms
INF 2026-08-23T08:27:17.371Z > 200 GET /api/v1/ 54.41ms
INF 2026-08-23T08:27:17.371Z > 200 GET /api/v1/ 43.01ms
INF 2026-08-23T08:27:17.373Z > 200 GET /api/v1/ 44.01ms
INF 2026-08-23T08:27:17.374Z > 200 GET /api/v1/ 44.16ms
INF 2026-08-23T08:27:17.374Z > 200 GET /api/v1/ 40.14ms
INF 2026-08-23T08:27:17.376Z > 200 GET /api/v1/ 45.92ms
INF 2026-08-23T08:27:17.377Z > 200 GET /api/v1/ 46.85ms
INF 2026-08-23T08:27:17.377Z > 200 GET /api/v1/ 42.64ms
INF 2026-08-23T08:27:17.377Z > 200 GET /api/v1/ 56.0ms
INF 2026-08-23T08:27:17.379Z > 200 GET /api/v1/ 71.89ms
INF 2026-08-23T08:27:17.380Z > 200 GET /api/v1/ 71.96ms
INF 2026-08-23T08:27:17.380Z > 200 GET /api/v1/ 70.09ms
INF 2026-08-23T08:27:17.381Z > 200 GET /api/v1/ 71.87ms
INF 2026-08-23T08:27:17.381Z > 200 GET /api/v1/ 71.23ms
INF 2026-08-23T08:27:17.384Z > 200 GET /api/v1/ 77.85ms
gcry: thread census — the OS reports 4 thread(s) and Crystal's list yielded 3, so 1 thread(s) are outside Crystal's list; gcry has staged 0, fewer than the gap — at least one is unrecorded. collection 3
INF 2026-08-23T08:27:17.407Z > 200 GET /api/v1/ 59.86ms
INF 2026-08-23T08:27:17.425Z > 200 GET /api/v1/ 77.73ms
INF 2026-08-23T08:27:17.431Z > 200 GET /api/v1/ 125.5ms
INF 2026-08-23T08:27:17.432Z > 200 GET /api/v1/ 95.33ms
INF 2026-08-23T08:27:17.450Z > 200 GET /api/v1/ 78.18ms
INF 2026-08-23T08:27:17.453Z > 200 GET /api/v1/ 92.8ms
INF 2026-08-23T08:27:17.455Z > 200 GET /api/v1/ 93.77ms
INF 2026-08-23T08:27:17.461Z > 200 GET /api/v1/ 80.32ms
INF 2026-08-23T08:27:17.463Z > 200 GET /api/v1/ 102.32ms
INF 2026-08-23T08:27:17.464Z > 200 GET /api/v1/ 82.49ms
INF 2026-08-23T08:27:17.464Z > 200 GET /api/v1/ 103.57ms
INF 2026-08-23T08:27:17.464Z > 200 GET /api/v1/ 86.82ms
INF 2026-08-23T08:27:17.464Z > 200 GET /api/v1/ 104.98ms
INF 2026-08-23T08:27:17.465Z > 200 GET /api/v1/ 105.51ms
INF 2026-08-23T08:27:17.465Z > 200 GET /api/v1/ 106.18ms
INF 2026-08-23T08:27:17.465Z > 200 GET /api/v1/ 107.05ms
INF 2026-08-23T08:27:17.466Z > 200 GET /api/v1/ 91.86ms
INF 2026-08-23T08:27:17.467Z > 200 GET /api/v1/ 112.72ms
INF 2026-08-23T08:27:17.469Z > 200 GET /api/v1/ 113.6ms
INF 2026-08-23T08:27:17.473Z > 200 GET /api/v1/ 127.86ms
INF 2026-08-23T08:27:17.473Z > 200 GET /api/v1/ 130.08ms
INF 2026-08-23T08:27:17.476Z > 200 GET /api/v1/ 120.23ms
INF 2026-08-23T08:27:17.476Z > 200 GET /api/v1/ 107.28ms
INF 2026-08-23T08:27:17.477Z > 200 GET /api/v1/ 109.29ms
INF 2026-08-23T08:27:17.478Z > 200 GET /api/v1/ 111.45ms
INF 2026-08-23T08:27:17.479Z > 200 GET /api/v1/ 111.57ms
INF 2026-08-23T08:27:17.480Z > 200 GET /api/v1/ 113.58ms
INF 2026-08-23T08:27:17.481Z > 200 GET /api/v1/ 114.14ms
INF 2026-08-23T08:27:17.482Z > 200 GET /api/v1/ 116.53ms
INF 2026-08-23T08:27:17.482Z > 200 GET /api/v1/ 117.56ms
INF 2026-08-23T08:27:17.483Z > 200 GET /api/v1/ 117.52ms
INF 2026-08-23T08:27:17.484Z > 200 GET /api/v1/ 120.74ms
INF 2026-08-23T08:27:17.485Z > 200 GET /api/v1/ 121.55ms
INF 2026-08-23T08:27:17.485Z > 200 GET /api/v1/ 122.21ms
INF 2026-08-23T08:27:17.486Z > 200 GET /api/v1/ 129.16ms
INF 2026-08-23T08:27:17.488Z > 200 GET /api/v1/ 110.01ms
INF 2026-08-23T08:27:17.489Z > 200 GET /api/v1/ 110.75ms
INF 2026-08-23T08:27:17.489Z > 200 GET /api/v1/ 107.26ms
INF 2026-08-23T08:27:17.489Z > 200 GET /api/v1/ 107.08ms
INF 2026-08-23T08:27:17.489Z > 200 GET /api/v1/ 111.0ms
INF 2026-08-23T08:27:17.490Z > 200 GET /api/v1/ 112.45ms
INF 2026-08-23T08:27:17.490Z > 200 GET /api/v1/ 114.9ms
INF 2026-08-23T08:27:17.490Z > 200 GET /api/v1/ 116.26ms
INF 2026-08-23T08:27:17.491Z > 200 GET /api/v1/ 115.99ms
INF 2026-08-23T08:27:17.492Z > 200 GET /api/v1/ 119.71ms
INF 2026-08-23T08:27:17.492Z > 200 GET /api/v1/ 121.01ms
INF 2026-08-23T08:27:17.493Z > 200 GET /api/v1/ 137.13ms
INF 2026-08-23T08:27:17.494Z > 200 GET /api/v1/ 137.55ms
INF 2026-08-23T08:27:17.494Z > 200 GET /api/v1/ 137.01ms
INF 2026-08-23T08:27:17.495Z > 200 GET /api/v1/ 126.54ms
INF 2026-08-23T08:27:17.495Z > 200 GET /api/v1/ 127.84ms
INF 2026-08-23T08:27:17.496Z > 200 GET /api/v1/ 127.76ms
INF 2026-08-23T08:27:17.497Z > 200 GET /api/v1/ 128.71ms
INF 2026-08-23T08:27:17.497Z > 200 GET /api/v1/ 152.82ms
INF 2026-08-23T08:27:17.500Z > 200 GET /api/v1/ 86.37ms
INF 2026-08-23T08:27:17.501Z > 200 GET /api/v1/ 88.37ms
INF 2026-08-23T08:27:17.501Z > 200 GET /api/v1/ 88.19ms
INF 2026-08-23T08:27:17.501Z > 200 GET /api/v1/ 88.66ms
INF 2026-08-23T08:27:17.502Z > 200 GET /api/v1/ 90.24ms
INF 2026-08-23T08:27:17.502Z > 200 GET /api/v1/ 92.65ms
INF 2026-08-23T08:27:17.502Z > 200 GET /api/v1/ 91.24ms
INF 2026-08-23T08:27:17.503Z > 200 GET /api/v1/ 92.15ms
INF 2026-08-23T08:27:17.503Z > 200 GET /api/v1/ 96.46ms
INF 2026-08-23T08:27:17.503Z > 200 GET /api/v1/ 97.62ms
INF 2026-08-23T08:27:17.503Z > 200 GET /api/v1/ 94.62ms
INF 2026-08-23T08:27:17.505Z > 200 GET /api/v1/ 121.44ms
INF 2026-08-23T08:27:17.505Z > 200 GET /api/v1/ 142.75ms
INF 2026-08-23T08:27:17.506Z > 200 GET /api/v1/ 122.73ms
INF 2026-08-23T08:27:17.507Z > 200 GET /api/v1/ 78.37ms
INF 2026-08-23T08:27:17.529Z > 200 GET /api/v1/ 99.89ms
INF 2026-08-23T08:27:17.529Z > 200 GET /api/v1/ 100.47ms
INF 2026-08-23T08:27:17.529Z > 200 GET /api/v1/ 100.07ms
INF 2026-08-23T08:27:17.530Z > 200 GET /api/v1/ 101.9ms
INF 2026-08-23T08:27:17.530Z > 200 GET /api/v1/ 102.19ms
INF 2026-08-23T08:27:17.531Z > 200 GET /api/v1/ 102.71ms
INF 2026-08-23T08:27:17.531Z > 200 GET /api/v1/ 101.63ms
INF 2026-08-23T08:27:17.531Z > 200 GET /api/v1/ 105.1ms
INF 2026-08-23T08:27:17.533Z > 200 GET /api/v1/ 102.55ms
INF 2026-08-23T08:27:17.533Z > 200 GET /api/v1/ 111.5ms
INF 2026-08-23T08:27:17.533Z > 200 GET /api/v1/ 111.04ms
INF 2026-08-23T08:27:17.534Z > 200 GET /api/v1/ 115.23ms
INF 2026-08-23T08:27:17.535Z > 200 GET /api/v1/ 116.95ms
INF 2026-08-23T08:27:17.535Z > 200 GET /api/v1/ 116.65ms
INF 2026-08-23T08:27:17.535Z > 200 GET /api/v1/ 165.52ms
INF 2026-08-23T08:27:17.536Z > 200 GET /api/v1/ 121.55ms
INF 2026-08-23T08:27:17.536Z > 200 GET /api/v1/ 120.82ms
INF 2026-08-23T08:27:17.538Z > 200 GET /api/v1/ 95.57ms
INF 2026-08-23T08:27:17.539Z > 200 GET /api/v1/ 95.25ms
INF 2026-08-23T08:27:17.539Z > 200 GET /api/v1/ 95.06ms
INF 2026-08-23T08:27:17.539Z > 200 GET /api/v1/ 99.34ms
INF 2026-08-23T08:27:17.539Z > 200 GET /api/v1/ 98.23ms
INF 2026-08-23T08:27:17.540Z > 200 GET /api/v1/ 99.29ms
INF 2026-08-23T08:27:17.540Z > 200 GET /api/v1/ 100.73ms
INF 2026-08-23T08:27:17.542Z > 200 GET /api/v1/ 106.36ms
INF 2026-08-23T08:27:17.548Z > 200 GET /api/v1/ 163.47ms
INF 2026-08-23T08:27:17.548Z > 200 GET /api/v1/ 118.74ms
INF 2026-08-23T08:27:17.549Z > 200 GET /api/v1/ 121.45ms
INF 2026-08-23T08:27:17.558Z > 200 GET /api/v1/ 113.64ms
INF 2026-08-23T08:27:17.559Z > 200 GET /api/v1/ 77.6ms
INF 2026-08-23T08:27:17.571Z > 200 GET /api/v1/ 41.31ms
INF 2026-08-23T08:27:17.573Z > 200 GET /api/v1/ 42.06ms
INF 2026-08-23T08:27:17.575Z > 200 GET /api/v1/ 100.11ms
INF 2026-08-23T08:27:17.575Z > 200 GET /api/v1/ 101.2ms
INF 2026-08-23T08:27:17.576Z > 200 GET /api/v1/ 130.86ms
INF 2026-08-23T08:27:17.577Z > 200 GET /api/v1/ 106.56ms
INF 2026-08-23T08:27:17.583Z > 200 GET /api/v1/ 52.21ms
INF 2026-08-23T08:27:17.587Z > 200 GET /api/v1/ 158.2ms
INF 2026-08-23T08:27:17.590Z > 200 GET /api/v1/ 86.38ms
INF 2026-08-23T08:27:17.601Z > 200 GET /api/v1/ 69.47ms
INF 2026-08-23T08:27:17.603Z > 200 GET /api/v1/ 71.96ms
INF 2026-08-23T08:27:17.604Z > 200 GET /api/v1/ 71.8ms
INF 2026-08-23T08:27:17.604Z > 200 GET /api/v1/ 74.67ms
INF 2026-08-23T08:27:17.609Z > 200 GET /api/v1/ 60.52ms
INF 2026-08-23T08:27:17.611Z > 200 GET /api/v1/ 68.6ms
INF 2026-08-23T08:27:17.612Z > 200 GET /api/v1/ 70.65ms
INF 2026-08-23T08:27:17.612Z > 200 GET /api/v1/ 68.94ms
INF 2026-08-23T08:27:17.613Z > 200 GET /api/v1/ 71.59ms
INF 2026-08-23T08:27:17.614Z > 200 GET /api/v1/ 72.33ms
INF 2026-08-23T08:27:17.614Z > 200 GET /api/v1/ 73.55ms
INF 2026-08-23T08:27:17.615Z > 200 GET /api/v1/ 74.58ms
INF 2026-08-23T08:27:17.616Z > 200 GET /api/v1/ 118.63ms
INF 2026-08-23T08:27:17.616Z > 200 GET /api/v1/ 117.79ms
INF 2026-08-23T08:27:17.617Z > 200 GET /api/v1/ 85.39ms
INF 2026-08-23T08:27:17.618Z > 200 GET /api/v1/ 63.77ms
INF 2026-08-23T08:27:17.620Z > 200 GET /api/v1/ 65.05ms
INF 2026-08-23T08:27:17.620Z > 200 GET /api/v1/ 65.1ms
INF 2026-08-23T08:27:17.620Z > 200 GET /api/v1/ 66.88ms
INF 2026-08-23T08:27:17.621Z > 200 GET /api/v1/ 67.72ms
INF 2026-08-23T08:27:17.621Z > 200 GET /api/v1/ 66.97ms
INF 2026-08-23T08:27:17.622Z > 200 GET /api/v1/ 75.99ms
INF 2026-08-23T08:27:17.622Z > 200 GET /api/v1/ 68.29ms
INF 2026-08-23T08:27:17.622Z > 200 GET /api/v1/ 70.09ms
INF 2026-08-23T08:27:17.623Z > 200 GET /api/v1/ 77.81ms
INF 2026-08-23T08:27:17.623Z > 200 GET /api/v1/ 70.16ms
INF 2026-08-23T08:27:17.624Z > 200 GET /api/v1/ 77.92ms
INF 2026-08-23T08:27:17.624Z > 200 GET /api/v1/ 80.43ms
INF 2026-08-23T08:27:17.624Z > 200 GET /api/v1/ 79.92ms
INF 2026-08-23T08:27:17.625Z > 200 GET /api/v1/ 78.69ms
INF 2026-08-23T08:27:17.625Z > 200 GET /api/v1/ 77.53ms
INF 2026-08-23T08:27:17.625Z > 200 GET /api/v1/ 78.07ms
INF 2026-08-23T08:27:17.625Z > 200 GET /api/v1/ 79.91ms
INF 2026-08-23T08:27:17.626Z > 200 GET /api/v1/ 79.37ms
INF 2026-08-23T08:27:17.626Z > 200 GET /api/v1/ 74.62ms
INF 2026-08-23T08:27:17.627Z > 200 GET /api/v1/ 81.23ms
INF 2026-08-23T08:27:17.627Z > 200 GET /api/v1/ 82.23ms
INF 2026-08-23T08:27:17.627Z > 200 GET /api/v1/ 82.16ms
INF 2026-08-23T08:27:17.627Z > 200 GET /api/v1/ 82.97ms
INF 2026-08-23T08:27:17.627Z > 200 GET /api/v1/ 81.2ms
INF 2026-08-23T08:27:17.628Z > 200 GET /api/v1/ 80.98ms
INF 2026-08-23T08:27:17.628Z > 200 GET /api/v1/ 83.9ms
INF 2026-08-23T08:27:17.628Z > 200 GET /api/v1/ 83.03ms
INF 2026-08-23T08:27:17.629Z > 200 GET /api/v1/ 81.35ms
INF 2026-08-23T08:27:17.629Z > 200 GET /api/v1/ 84.08ms
INF 2026-08-23T08:27:17.646Z > 200 GET /api/v1/ 101.56ms
INF 2026-08-23T08:27:17.649Z > 200 GET /api/v1/ 99.63ms
INF 2026-08-23T08:27:17.650Z > 200 GET /api/v1/ 111.78ms
INF 2026-08-23T08:27:17.650Z > 200 GET /api/v1/ 112.78ms
INF 2026-08-23T08:27:17.650Z > 200 GET /api/v1/ 112.21ms
INF 2026-08-23T08:27:17.650Z > 200 GET /api/v1/ 94.6ms
INF 2026-08-23T08:27:17.651Z > 200 GET /api/v1/ 113.11ms
INF 2026-08-23T08:27:17.651Z > 200 GET /api/v1/ 100.1ms
INF 2026-08-23T08:27:17.652Z > 200 GET /api/v1/ 118.38ms
INF 2026-08-23T08:27:17.654Z > 200 GET /api/v1/ 104.31ms
INF 2026-08-23T08:27:17.654Z > 200 GET /api/v1/ 104.37ms
INF 2026-08-23T08:27:17.655Z > 200 GET /api/v1/ 108.37ms
INF 2026-08-23T08:27:17.656Z > 200 GET /api/v1/ 112.7ms
INF 2026-08-23T08:27:17.656Z > 200 GET /api/v1/ 109.8ms
INF 2026-08-23T08:27:17.658Z > 200 GET /api/v1/ 110.41ms
INF 2026-08-23T08:27:17.658Z > 200 GET /api/v1/ 112.07ms
INF 2026-08-23T08:27:17.658Z > 200 GET /api/v1/ 75.65ms
INF 2026-08-23T08:27:17.659Z > 200 GET /api/v1/ 74.54ms
INF 2026-08-23T08:27:17.659Z > 200 GET /api/v1/ 77.81ms
INF 2026-08-23T08:27:17.659Z > 200 GET /api/v1/ 77.28ms
INF 2026-08-23T08:27:17.660Z > 200 GET /api/v1/ 79.82ms
INF 2026-08-23T08:27:17.661Z > 200 GET /api/v1/ 78.24ms
INF 2026-08-23T08:27:17.661Z > 200 GET /api/v1/ 80.38ms
INF 2026-08-23T08:27:17.661Z > 200 GET /api/v1/ 83.27ms
INF 2026-08-23T08:27:17.666Z > 200 GET /api/v1/ 66.88ms
INF 2026-08-23T08:27:17.666Z > 200 GET /api/v1/ 67.62ms
INF 2026-08-23T08:27:17.667Z > 200 GET /api/v1/ 74.14ms
INF 2026-08-23T08:27:17.667Z > 200 GET /api/v1/ 73.94ms
INF 2026-08-23T08:27:17.668Z > 200 GET /api/v1/ 77.71ms
INF 2026-08-23T08:27:17.669Z > 200 GET /api/v1/ 82.71ms
INF 2026-08-23T08:27:17.669Z > 200 GET /api/v1/ 83.09ms
INF 2026-08-23T08:27:17.669Z > 200 GET /api/v1/ 84.07ms
INF 2026-08-23T08:27:17.670Z > 200 GET /api/v1/ 83.84ms
INF 2026-08-23T08:27:17.674Z > 200 GET /api/v1/ 66.31ms
INF 2026-08-23T08:27:17.674Z > 200 GET /api/v1/ 65.97ms
INF 2026-08-23T08:27:17.675Z > 200 GET /api/v1/ 65.9ms
INF 2026-08-23T08:27:17.677Z > 200 GET /api/v1/ 79.27ms
INF 2026-08-23T08:27:17.677Z > 200 GET /api/v1/ 78.7ms
INF 2026-08-23T08:27:17.678Z > 200 GET /api/v1/ 55.6ms
INF 2026-08-23T08:27:17.678Z > 200 GET /api/v1/ 79.51ms
INF 2026-08-23T08:27:17.679Z > 200 GET /api/v1/ 85.17ms
INF 2026-08-23T08:27:17.680Z > 200 GET /api/v1/ 84.9ms
INF 2026-08-23T08:27:17.683Z > 200 GET /api/v1/ 83.47ms
INF 2026-08-23T08:27:17.684Z > 200 GET /api/v1/ 83.76ms
INF 2026-08-23T08:27:17.684Z > 200 GET /api/v1/ 33.14ms
INF 2026-08-23T08:27:17.685Z > 200 GET /api/v1/ 89.64ms
INF 2026-08-23T08:27:17.685Z > 200 GET /api/v1/ 89.07ms
INF 2026-08-23T08:27:17.686Z > 200 GET /api/v1/ 90.31ms
INF 2026-08-23T08:27:17.687Z > 200 GET /api/v1/ 37.94ms
INF 2026-08-23T08:27:17.690Z > 200 GET /api/v1/ 70.79ms
INF 2026-08-23T08:27:17.690Z > 200 GET /api/v1/ 67.19ms
INF 2026-08-23T08:27:17.691Z > 200 GET /api/v1/ 43.8ms
INF 2026-08-23T08:27:17.692Z > 200 GET /api/v1/ 38.92ms
INF 2026-08-23T08:27:17.692Z > 200 GET /api/v1/ 75.12ms
INF 2026-08-23T08:27:17.693Z > 200 GET /api/v1/ 41.22ms
INF 2026-08-23T08:27:17.694Z > 200 GET /api/v1/ 47.15ms
INF 2026-08-23T08:27:17.698Z > 200 GET /api/v1/ 50.23ms
INF 2026-08-23T08:27:17.699Z > 200 GET /api/v1/ 51.98ms
INF 2026-08-23T08:27:17.699Z > 200 GET /api/v1/ 43.1ms
INF 2026-08-23T08:27:17.700Z > 200 GET /api/v1/ 53.53ms
INF 2026-08-23T08:27:17.700Z > 200 GET /api/v1/ 52.74ms
INF 2026-08-23T08:27:17.700Z > 200 GET /api/v1/ 81.65ms
INF 2026-08-23T08:27:17.700Z > 200 GET /api/v1/ 44.17ms
INF 2026-08-23T08:27:17.705Z > 200 GET /api/v1/ 35.08ms
INF 2026-08-23T08:27:17.705Z > 200 GET /api/v1/ 27.43ms
INF 2026-08-23T08:27:17.706Z > 200 GET /api/v1/ 44.2ms
INF 2026-08-23T08:27:17.706Z > 200 GET /api/v1/ 43.58ms
INF 2026-08-23T08:27:17.709Z > 200 GET /api/v1/ 46.63ms
INF 2026-08-23T08:27:17.717Z > 200 GET /api/v1/ 51.83ms
INF 2026-08-23T08:27:17.718Z > 200 GET /api/v1/ 41.15ms
INF 2026-08-23T08:27:17.718Z > 200 GET /api/v1/ 50.3ms
INF 2026-08-23T08:27:17.719Z > 200 GET /api/v1/ 43.75ms
INF 2026-08-23T08:27:17.719Z > 200 GET /api/v1/ 43.33ms
INF 2026-08-23T08:27:17.720Z > 200 GET /api/v1/ 46.46ms
INF 2026-08-23T08:27:17.720Z > 200 GET /api/v1/ 43.71ms
INF 2026-08-23T08:27:17.721Z > 200 GET /api/v1/ 48.16ms
INF 2026-08-23T08:27:17.721Z > 200 GET /api/v1/ 43.05ms
INF 2026-08-23T08:27:17.738Z > 200 GET /api/v1/ 62.62ms
INF 2026-08-23T08:27:17.738Z > 200 GET /api/v1/ 66.04ms
INF 2026-08-23T08:27:17.738Z > 200 GET /api/v1/ 62.44ms
INF 2026-08-23T08:27:17.739Z > 200 GET /api/v1/ 74.2ms
INF 2026-08-23T08:27:17.739Z > 200 GET /api/v1/ 74.85ms
INF 2026-08-23T08:27:17.739Z > 200 GET /api/v1/ 67.09ms
INF 2026-08-23T08:27:17.739Z > 200 GET /api/v1/ 68.92ms
INF 2026-08-23T08:27:17.739Z > 200 GET /api/v1/ 70.89ms
INF 2026-08-23T08:27:17.740Z > 200 GET /api/v1/ 75.35ms
INF 2026-08-23T08:27:17.740Z > 200 GET /api/v1/ 70.04ms
INF 2026-08-23T08:27:17.740Z > 200 GET /api/v1/ 72.47ms
INF 2026-08-23T08:27:17.741Z > 200 GET /api/v1/ 64.93ms
INF 2026-08-23T08:27:17.741Z > 200 GET /api/v1/ 64.42ms
INF 2026-08-23T08:27:17.742Z > 200 GET /api/v1/ 67.41ms
INF 2026-08-23T08:27:17.750Z > 200 GET /api/v1/ 71.33ms
INF 2026-08-23T08:27:17.750Z > 200 GET /api/v1/ 71.27ms
INF 2026-08-23T08:27:17.750Z > 200 GET /api/v1/ 76.99ms
INF 2026-08-23T08:27:17.751Z > 200 GET /api/v1/ 83.96ms
INF 2026-08-23T08:27:17.752Z > 200 GET /api/v1/ 74.09ms
INF 2026-08-23T08:27:17.753Z > 200 GET /api/v1/ 77.69ms
INF 2026-08-23T08:27:17.761Z > 200 GET /api/v1/ 96.51ms
INF 2026-08-23T08:27:17.762Z > 200 GET /api/v1/ 64.44ms
INF 2026-08-23T08:27:17.762Z > 200 GET /api/v1/ 97.51ms
INF 2026-08-23T08:27:17.763Z > 200 GET /api/v1/ 65.51ms
INF 2026-08-23T08:27:17.763Z > 200 GET /api/v1/ 107.31ms
INF 2026-08-23T08:27:17.764Z > 200 GET /api/v1/ 66.66ms
INF 2026-08-23T08:27:17.764Z > 200 GET /api/v1/ 66.74ms
INF 2026-08-23T08:27:17.766Z > 200 GET /api/v1/ 70.54ms
INF 2026-08-23T08:27:17.766Z > 200 GET /api/v1/ 71.52ms
INF 2026-08-23T08:27:17.766Z > 200 GET /api/v1/ 57.68ms
INF 2026-08-23T08:27:17.767Z > 200 GET /api/v1/ 71.48ms
INF 2026-08-23T08:27:17.771Z > 200 GET /api/v1/ 83.0ms
INF 2026-08-23T08:27:17.776Z > 200 GET /api/v1/ 75.54ms
INF 2026-08-23T08:27:17.782Z > 200 GET /api/v1/ 84.91ms
INF 2026-08-23T08:27:17.789Z > 200 GET /api/v1/ 80.22ms
INF 2026-08-23T08:27:17.789Z > 200 GET /api/v1/ 79.64ms
INF 2026-08-23T08:27:17.790Z > 200 GET /api/v1/ 85.77ms
INF 2026-08-23T08:27:17.790Z > 200 GET /api/v1/ 86.31ms
INF 2026-08-23T08:27:17.790Z > 200 GET /api/v1/ 73.57ms
INF 2026-08-23T08:27:17.791Z > 200 GET /api/v1/ 87.55ms
INF 2026-08-23T08:27:17.792Z > 200 GET /api/v1/ 90.03ms
INF 2026-08-23T08:27:17.793Z > 200 GET /api/v1/ 76.31ms
INF 2026-08-23T08:27:17.794Z > 200 GET /api/v1/ 77.74ms
INF 2026-08-23T08:27:17.794Z > 200 GET /api/v1/ 78.41ms
INF 2026-08-23T08:27:17.794Z > 200 GET /api/v1/ 79.5ms
INF 2026-08-23T08:27:17.796Z > 200 GET /api/v1/ 82.44ms
INF 2026-08-23T08:27:17.797Z > 200 GET /api/v1/ 83.01ms
INF 2026-08-23T08:27:17.797Z > 200 GET /api/v1/ 86.09ms
INF 2026-08-23T08:27:17.797Z > 200 GET /api/v1/ 86.08ms
INF 2026-08-23T08:27:17.797Z > 200 GET /api/v1/ 55.25ms
INF 2026-08-23T08:27:17.798Z > 200 GET /api/v1/ 86.38ms
INF 2026-08-23T08:27:17.798Z > 200 GET /api/v1/ 86.85ms
INF 2026-08-23T08:27:17.799Z > 200 GET /api/v1/ 87.47ms
INF 2026-08-23T08:27:17.800Z > 200 GET /api/v1/ 90.2ms
INF 2026-08-23T08:27:17.801Z > 200 GET /api/v1/ 80.9ms
INF 2026-08-23T08:27:17.802Z > 200 GET /api/v1/ 81.63ms
INF 2026-08-23T08:27:17.803Z > 200 GET /api/v1/ 83.1ms
INF 2026-08-23T08:27:17.804Z > 200 GET /api/v1/ 85.49ms
INF 2026-08-23T08:27:17.805Z > 200 GET /api/v1/ 86.93ms
INF 2026-08-23T08:27:17.806Z > 200 GET /api/v1/ 87.61ms
INF 2026-08-23T08:27:17.808Z > 200 GET /api/v1/ 65.86ms
INF 2026-08-23T08:27:17.808Z > 200 GET /api/v1/ 106.17ms
INF 2026-08-23T08:27:17.808Z > 200 GET /api/v1/ 62.03ms
INF 2026-08-23T08:27:17.809Z > 200 GET /api/v1/ 63.15ms
INF 2026-08-23T08:27:17.811Z > 200 GET /api/v1/ 66.2ms
INF 2026-08-23T08:27:17.811Z > 200 GET /api/v1/ 65.68ms
INF 2026-08-23T08:27:17.811Z > 200 GET /api/v1/ 66.08ms
INF 2026-08-23T08:27:17.812Z > 200 GET /api/v1/ 66.78ms
INF 2026-08-23T08:27:17.813Z > 200 GET /api/v1/ 67.94ms
INF 2026-08-23T08:27:17.813Z > 200 GET /api/v1/ 67.21ms
INF 2026-08-23T08:27:17.813Z > 200 GET /api/v1/ 67.62ms
INF 2026-08-23T08:27:17.814Z > 200 GET /api/v1/ 68.23ms
INF 2026-08-23T08:27:17.815Z > 200 GET /api/v1/ 69.35ms
INF 2026-08-23T08:27:17.815Z > 200 GET /api/v1/ 51.33ms
INF 2026-08-23T08:27:17.816Z > 200 GET /api/v1/ 71.64ms
INF 2026-08-23T08:27:17.816Z > 200 GET /api/v1/ 73.1ms
INF 2026-08-23T08:27:17.816Z > 200 GET /api/v1/ 103.31ms
INF 2026-08-23T08:27:17.816Z > 200 GET /api/v1/ 102.97ms
INF 2026-08-23T08:27:17.817Z > 200 GET /api/v1/ 60.84ms
INF 2026-08-23T08:27:17.817Z > 200 GET /api/v1/ 60.6ms
INF 2026-08-23T08:27:17.818Z > 200 GET /api/v1/ 60.53ms
INF 2026-08-23T08:27:17.818Z > 200 GET /api/v1/ 60.59ms
INF 2026-08-23T08:27:17.819Z > 200 GET /api/v1/ 65.15ms
INF 2026-08-23T08:27:17.820Z > 200 GET /api/v1/ 69.44ms
INF 2026-08-23T08:27:17.821Z > 200 GET /api/v1/ 74.71ms
INF 2026-08-23T08:27:17.838Z > 200 GET /api/v1/ 68.9ms
INF 2026-08-23T08:27:17.839Z > 200 GET /api/v1/ 70.01ms
INF 2026-08-23T08:27:17.840Z > 200 GET /api/v1/ 75.32ms
INF 2026-08-23T08:27:17.840Z > 200 GET /api/v1/ 74.96ms
INF 2026-08-23T08:27:17.840Z > 200 GET /api/v1/ 79.32ms
INF 2026-08-23T08:27:17.840Z > 200 GET /api/v1/ 79.89ms
INF 2026-08-23T08:27:17.840Z > 200 GET /api/v1/ 80.42ms
INF 2026-08-23T08:27:17.841Z > 200 GET /api/v1/ 79.39ms
INF 2026-08-23T08:27:17.843Z > 200 GET /api/v1/ 49.39ms
INF 2026-08-23T08:27:17.846Z > 200 GET /api/v1/ 100.25ms
INF 2026-08-23T08:27:17.847Z > 200 GET /api/v1/ 99.88ms
INF 2026-08-23T08:27:17.847Z > 200 GET /api/v1/ 98.34ms
INF 2026-08-23T08:27:17.848Z > 200 GET /api/v1/ 59.69ms
INF 2026-08-23T08:27:17.850Z > 200 GET /api/v1/ 62.19ms
INF 2026-08-23T08:27:17.850Z > 200 GET /api/v1/ 62.03ms
INF 2026-08-23T08:27:17.851Z > 200 GET /api/v1/ 65.68ms
INF 2026-08-23T08:27:17.851Z > 200 GET /api/v1/ 89.72ms
INF 2026-08-23T08:27:17.851Z > 200 GET /api/v1/ 63.96ms
INF 2026-08-23T08:27:17.851Z > 200 GET /api/v1/ 65.52ms
INF 2026-08-23T08:27:17.852Z > 200 GET /api/v1/ 65.41ms
INF 2026-08-23T08:27:17.852Z > 200 GET /api/v1/ 66.3ms
INF 2026-08-23T08:27:17.852Z > 200 GET /api/v1/ 47.92ms
INF 2026-08-23T08:27:17.852Z > 200 GET /api/v1/ 68.22ms
INF 2026-08-23T08:27:17.853Z > 200 GET /api/v1/ 66.28ms
INF 2026-08-23T08:27:17.853Z > 200 GET /api/v1/ 70.23ms
INF 2026-08-23T08:27:17.854Z > 200 GET /api/v1/ 71.9ms
INF 2026-08-23T08:27:17.854Z > 200 GET /api/v1/ 72.94ms
INF 2026-08-23T08:27:17.855Z > 200 GET /api/v1/ 93.97ms
INF 2026-08-23T08:27:17.856Z > 200 GET /api/v1/ 42.31ms
INF 2026-08-23T08:27:17.866Z > 200 GET /api/v1/ 66.42ms
INF 2026-08-23T08:27:17.879Z > 200 GET /api/v1/ 87.36ms
INF 2026-08-23T08:27:17.880Z > 200 GET /api/v1/ 87.26ms
INF 2026-08-23T08:27:17.881Z > 200 GET /api/v1/ 76.99ms
INF 2026-08-23T08:27:17.881Z > 200 GET /api/v1/ 97.97ms
INF 2026-08-23T08:27:17.882Z > 200 GET /api/v1/ 68.79ms
INF 2026-08-23T08:27:17.884Z > 200 GET /api/v1/ 69.77ms
INF 2026-08-23T08:27:17.885Z > 200 GET /api/v1/ 73.79ms
INF 2026-08-23T08:27:17.886Z > 200 GET /api/v1/ 74.28ms
INF 2026-08-23T08:27:17.889Z > 200 GET /api/v1/ 81.66ms
INF 2026-08-23T08:27:17.889Z > 200 GET /api/v1/ 79.33ms
INF 2026-08-23T08:27:17.894Z > 200 GET /api/v1/ 86.27ms
INF 2026-08-23T08:27:17.894Z > 200 GET /api/v1/ 74.63ms
INF 2026-08-23T08:27:17.895Z > 200 GET /api/v1/ 87.47ms
INF 2026-08-23T08:27:17.897Z > 200 GET /api/v1/ 90.92ms
INF 2026-08-23T08:27:17.897Z > 200 GET /api/v1/ 114.43ms
INF 2026-08-23T08:27:17.898Z > 200 GET /api/v1/ 50.22ms
INF 2026-08-23T08:27:17.899Z > 200 GET /api/v1/ 81.02ms
INF 2026-08-23T08:27:17.902Z > 200 GET /api/v1/ 60.17ms
INF 2026-08-23T08:27:17.907Z > 200 GET /api/v1/ 51.11ms
INF 2026-08-23T08:27:17.910Z > 200 GET /api/v1/ 71.43ms
INF 2026-08-23T08:27:17.911Z > 200 GET /api/v1/ 67.07ms
INF 2026-08-23T08:27:17.912Z > 200 GET /api/v1/ 67.91ms
INF 2026-08-23T08:27:17.912Z > 200 GET /api/v1/ 68.45ms
INF 2026-08-23T08:27:17.913Z > 200 GET /api/v1/ 69.0ms
INF 2026-08-23T08:27:17.914Z > 200 GET /api/v1/ 69.59ms
INF 2026-08-23T08:27:17.914Z > 200 GET /api/v1/ 70.5ms
INF 2026-08-23T08:27:17.915Z > 200 GET /api/v1/ 73.06ms
INF 2026-08-23T08:27:17.916Z > 200 GET /api/v1/ 59.06ms
INF 2026-08-23T08:27:17.917Z > 200 GET /api/v1/ 59.37ms
INF 2026-08-23T08:27:17.918Z > 200 GET /api/v1/ 74.38ms
INF 2026-08-23T08:27:17.919Z > 200 GET /api/v1/ 75.24ms
INF 2026-08-23T08:27:17.919Z > 200 GET /api/v1/ 61.43ms
INF 2026-08-23T08:27:17.920Z > 200 GET /api/v1/ 74.81ms
INF 2026-08-23T08:27:17.920Z > 200 GET /api/v1/ 75.3ms
INF 2026-08-23T08:27:17.920Z > 200 GET /api/v1/ 76.17ms
INF 2026-08-23T08:27:17.921Z > 200 GET /api/v1/ 75.45ms
INF 2026-08-23T08:27:17.922Z > 200 GET /api/v1/ 76.91ms
INF 2026-08-23T08:27:17.922Z > 200 GET /api/v1/ 78.54ms
INF 2026-08-23T08:27:17.923Z > 200 GET /api/v1/ 79.67ms
INF 2026-08-23T08:27:17.923Z > 200 GET /api/v1/ 79.15ms
INF 2026-08-23T08:27:17.924Z > 200 GET /api/v1/ 80.53ms
INF 2026-08-23T08:27:17.927Z > 200 GET /api/v1/ 79.43ms
INF 2026-08-23T08:27:17.928Z > 200 GET /api/v1/ 68.46ms
INF 2026-08-23T08:27:17.929Z > 200 GET /api/v1/ 72.1ms
INF 2026-08-23T08:27:17.929Z > 200 GET /api/v1/ 71.48ms
INF 2026-08-23T08:27:17.930Z > 200 GET /api/v1/ 73.87ms
INF 2026-08-23T08:27:17.930Z > 200 GET /api/v1/ 74.94ms
INF 2026-08-23T08:27:17.931Z > 200 GET /api/v1/ 74.89ms
INF 2026-08-23T08:27:17.951Z > 200 GET /api/v1/ 95.64ms
INF 2026-08-23T08:27:17.952Z > 200 GET /api/v1/ 110.39ms
INF 2026-08-23T08:27:17.952Z > 200 GET /api/v1/ 111.41ms
INF 2026-08-23T08:27:17.952Z > 200 GET /api/v1/ 96.96ms
INF 2026-08-23T08:27:17.953Z > 200 GET /api/v1/ 141.17ms
INF 2026-08-23T08:27:17.957Z > 200 GET /api/v1/ 95.15ms
INF 2026-08-23T08:27:17.959Z > 200 GET /api/v1/ 97.55ms
INF 2026-08-23T08:27:17.959Z > 200 GET /api/v1/ 98.46ms
INF 2026-08-23T08:27:17.961Z > 200 GET /api/v1/ 111.48ms
INF 2026-08-23T08:27:17.963Z > 200 GET /api/v1/ 88.93ms
INF 2026-08-23T08:27:17.964Z > 200 GET /api/v1/ 90.54ms
INF 2026-08-23T08:27:17.968Z > 200 GET /api/v1/ 113.14ms
INF 2026-08-23T08:27:17.968Z > 200 GET /api/v1/ 103.84ms
INF 2026-08-23T08:27:17.969Z > 200 GET /api/v1/ 103.73ms
INF 2026-08-23T08:27:17.970Z > 200 GET /api/v1/ 106.58ms
INF 2026-08-23T08:27:17.972Z > 200 GET /api/v1/ 108.8ms
INF 2026-08-23T08:27:17.972Z > 200 GET /api/v1/ 107.06ms
INF 2026-08-23T08:27:17.973Z > 200 GET /api/v1/ 108.87ms
INF 2026-08-23T08:27:17.973Z > 200 GET /api/v1/ 119.37ms
INF 2026-08-23T08:27:17.983Z > 200 GET /api/v1/ 122.95ms
INF 2026-08-23T08:27:17.983Z > 200 GET /api/v1/ 122.68ms
INF 2026-08-23T08:27:17.984Z > 200 GET /api/v1/ 135.22ms
INF 2026-08-23T08:27:17.984Z > 200 GET /api/v1/ 91.19ms
INF 2026-08-23T08:27:17.985Z > 200 GET /api/v1/ 92.16ms
INF 2026-08-23T08:27:17.986Z > 200 GET /api/v1/ 92.28ms
INF 2026-08-23T08:27:17.986Z > 200 GET /api/v1/ 95.05ms
INF 2026-08-23T08:27:17.987Z > 200 GET /api/v1/ 95.89ms
INF 2026-08-23T08:27:17.987Z > 200 GET /api/v1/ 97.23ms
INF 2026-08-23T08:27:17.988Z > 200 GET /api/v1/ 98.49ms
INF 2026-08-23T08:27:17.988Z > 200 GET /api/v1/ 96.97ms
INF 2026-08-23T08:27:17.989Z > 200 GET /api/v1/ 101.75ms
INF 2026-08-23T08:27:17.992Z > 200 GET /api/v1/ 84.66ms
INF 2026-08-23T08:27:17.992Z > 200 GET /api/v1/ 83.94ms
INF 2026-08-23T08:27:17.993Z > 200 GET /api/v1/ 89.31ms
INF 2026-08-23T08:27:17.993Z > 200 GET /api/v1/ 84.98ms
INF 2026-08-23T08:27:17.993Z > 200 GET /api/v1/ 88.38ms
INF 2026-08-23T08:27:17.994Z > 200 GET /api/v1/ 86.0ms
INF 2026-08-23T08:27:17.994Z > 200 GET /api/v1/ 92.97ms
INF 2026-08-23T08:27:17.995Z > 200 GET /api/v1/ 90.0ms
INF 2026-08-23T08:27:17.995Z > 200 GET /api/v1/ 93.95ms
INF 2026-08-23T08:27:17.996Z > 200 GET /api/v1/ 91.29ms
INF 2026-08-23T08:27:17.996Z > 200 GET /api/v1/ 94.18ms
INF 2026-08-23T08:27:17.996Z > 200 GET /api/v1/ 91.01ms
INF 2026-08-23T08:27:17.997Z > 200 GET /api/v1/ 95.89ms
INF 2026-08-23T08:27:17.997Z > 200 GET /api/v1/ 95.32ms
INF 2026-08-23T08:27:17.997Z > 200 GET /api/v1/ 93.35ms
INF 2026-08-23T08:27:17.997Z > 200 GET /api/v1/ 93.1ms
INF 2026-08-23T08:27:17.997Z > 200 GET /api/v1/ 96.22ms
INF 2026-08-23T08:27:17.998Z > 200 GET /api/v1/ 98.23ms
INF 2026-08-23T08:27:17.998Z > 200 GET /api/v1/ 99.93ms
INF 2026-08-23T08:27:17.999Z > 200 GET /api/v1/ 98.83ms
INF 2026-08-23T08:27:18.000Z > 200 GET /api/v1/ 75.95ms
INF 2026-08-23T08:27:18.012Z > 200 GET /api/v1/ 86.73ms
INF 2026-08-23T08:27:18.013Z > 200 GET /api/v1/ 99.22ms
INF 2026-08-23T08:27:18.015Z > 200 GET /api/v1/ 55.66ms
INF 2026-08-23T08:27:18.016Z > 200 GET /api/v1/ 57.01ms
INF 2026-08-23T08:27:18.017Z > 200 GET /api/v1/ 58.82ms
INF 2026-08-23T08:27:18.019Z > 200 GET /api/v1/ 63.16ms
INF 2026-08-23T08:27:18.019Z > 200 GET /api/v1/ 64.04ms
INF 2026-08-23T08:27:18.020Z > 200 GET /api/v1/ 65.88ms
INF 2026-08-23T08:27:18.021Z > 200 GET /api/v1/ 65.45ms
INF 2026-08-23T08:27:18.021Z > 200 GET /api/v1/ 66.27ms
INF 2026-08-23T08:27:18.021Z > 200 GET /api/v1/ 66.11ms
INF 2026-08-23T08:27:18.022Z > 200 GET /api/v1/ 66.92ms
INF 2026-08-23T08:27:18.022Z > 200 GET /api/v1/ 66.86ms
INF 2026-08-23T08:27:18.024Z > 200 GET /api/v1/ 69.84ms
INF 2026-08-23T08:27:18.025Z > 200 GET /api/v1/ 56.31ms
INF 2026-08-23T08:27:18.027Z > 200 GET /api/v1/ 54.83ms
INF 2026-08-23T08:27:18.028Z > 200 GET /api/v1/ 54.45ms
INF 2026-08-23T08:27:18.029Z > 200 GET /api/v1/ 51.57ms
INF 2026-08-23T08:27:18.030Z > 200 GET /api/v1/ 64.09ms
INF 2026-08-23T08:27:18.030Z > 200 GET /api/v1/ 64.63ms
INF 2026-08-23T08:27:18.030Z > 200 GET /api/v1/ 65.33ms
INF 2026-08-23T08:27:18.031Z > 200 GET /api/v1/ 105.6ms
INF 2026-08-23T08:27:18.031Z > 200 GET /api/v1/ 66.59ms
INF 2026-08-23T08:27:18.032Z > 200 GET /api/v1/ 78.82ms
INF 2026-08-23T08:27:18.034Z > 200 GET /api/v1/ 56.3ms
INF 2026-08-23T08:27:18.035Z > 200 GET /api/v1/ 64.38ms
INF 2026-08-23T08:27:18.036Z > 200 GET /api/v1/ 83.33ms
INF 2026-08-23T08:27:18.037Z > 200 GET /api/v1/ 64.2ms
INF 2026-08-23T08:27:18.037Z > 200 GET /api/v1/ 66.1ms
INF 2026-08-23T08:27:18.038Z > 200 GET /api/v1/ 68.64ms
INF 2026-08-23T08:27:18.057Z > 200 GET /api/v1/ 85.33ms
INF 2026-08-23T08:27:18.059Z > 200 GET /api/v1/ 92.5ms
INF 2026-08-23T08:27:18.059Z > 200 GET /api/v1/ 135.78ms
INF 2026-08-23T08:27:18.059Z > 200 GET /api/v1/ 92.59ms
INF 2026-08-23T08:27:18.066Z > 200 GET /api/v1/ 83.05ms
INF 2026-08-23T08:27:18.066Z > 200 GET /api/v1/ 84.36ms
INF 2026-08-23T08:27:18.066Z > 200 GET /api/v1/ 84.27ms
INF 2026-08-23T08:27:18.066Z > 200 GET /api/v1/ 85.46ms
INF 2026-08-23T08:27:18.067Z > 200 GET /api/v1/ 84.51ms
INF 2026-08-23T08:27:18.067Z > 200 GET /api/v1/ 142.93ms
INF 2026-08-23T08:27:18.068Z > 200 GET /api/v1/ 105.61ms
INF 2026-08-23T08:27:18.068Z > 200 GET /api/v1/ 87.93ms
INF 2026-08-23T08:27:18.070Z > 200 GET /api/v1/ 96.66ms
INF 2026-08-23T08:27:18.071Z > 200 GET /api/v1/ 69.23ms
INF 2026-08-23T08:27:18.071Z > 200 GET /api/v1/ 94.9ms
INF 2026-08-23T08:27:18.072Z > 200 GET /api/v1/ 96.16ms
INF 2026-08-23T08:27:18.072Z > 200 GET /api/v1/ 98.38ms
INF 2026-08-23T08:27:18.077Z > 200 GET /api/v1/ 109.44ms
INF 2026-08-23T08:27:18.079Z > 200 GET /api/v1/ 72.8ms
INF 2026-08-23T08:27:18.080Z > 200 GET /api/v1/ 74.36ms
INF 2026-08-23T08:27:18.081Z > 200 GET /api/v1/ 58.62ms
INF 2026-08-23T08:27:18.081Z > 200 GET /api/v1/ 74.51ms
INF 2026-08-23T08:27:18.082Z > 200 GET /api/v1/ 77.63ms
INF 2026-08-23T08:27:18.087Z > 200 GET /api/v1/ 85.62ms
INF 2026-08-23T08:27:18.087Z > 200 GET /api/v1/ 84.21ms
INF 2026-08-23T08:27:18.088Z > 200 GET /api/v1/ 127.53ms
INF 2026-08-23T08:27:18.089Z > 200 GET /api/v1/ 79.0ms
INF 2026-08-23T08:27:18.090Z > 200 GET /api/v1/ 80.3ms
INF 2026-08-23T08:27:18.096Z > 200 GET /api/v1/ 90.08ms
INF 2026-08-23T08:27:18.098Z > 200 GET /api/v1/ 75.52ms
INF 2026-08-23T08:27:18.098Z > 200 GET /api/v1/ 75.28ms
INF 2026-08-23T08:27:18.099Z > 200 GET /api/v1/ 61.59ms
INF 2026-08-23T08:27:18.099Z > 200 GET /api/v1/ 81.81ms
INF 2026-08-23T08:27:18.102Z > 200 GET /api/v1/ 88.83ms
INF 2026-08-23T08:27:18.106Z > 200 GET /api/v1/ 79.65ms
INF 2026-08-23T08:27:18.107Z > 200 GET /api/v1/ 80.3ms
INF 2026-08-23T08:27:18.107Z > 200 GET /api/v1/ 81.22ms
INF 2026-08-23T08:27:18.114Z > 200 GET /api/v1/ 76.3ms
INF 2026-08-23T08:27:18.114Z > 200 GET /api/v1/ 75.81ms
INF 2026-08-23T08:27:18.117Z > 200 GET /api/v1/ 82.79ms
INF 2026-08-23T08:27:18.118Z > 200 GET /api/v1/ 82.3ms
INF 2026-08-23T08:27:18.118Z > 200 GET /api/v1/ 84.4ms
INF 2026-08-23T08:27:18.118Z > 200 GET /api/v1/ 85.39ms
INF 2026-08-23T08:27:18.119Z > 200 GET /api/v1/ 104.36ms
INF 2026-08-23T08:27:18.119Z > 200 GET /api/v1/ 104.32ms
INF 2026-08-23T08:27:18.119Z > 200 GET /api/v1/ 103.48ms
INF 2026-08-23T08:27:18.122Z > 200 GET /api/v1/ 106.6ms
INF 2026-08-23T08:27:18.123Z > 200 GET /api/v1/ 54.27ms
INF 2026-08-23T08:27:18.123Z > 200 GET /api/v1/ 59.71ms
INF 2026-08-23T08:27:18.123Z > 200 GET /api/v1/ 59.32ms
INF 2026-08-23T08:27:18.123Z > 200 GET /api/v1/ 59.06ms
INF 2026-08-23T08:27:18.124Z > 200 GET /api/v1/ 60.32ms
INF 2026-08-23T08:27:18.125Z > 200 GET /api/v1/ 61.96ms
INF 2026-08-23T08:27:18.125Z > 200 GET /api/v1/ 62.77ms
INF 2026-08-23T08:27:18.125Z > 200 GET /api/v1/ 62.71ms
INF 2026-08-23T08:27:18.126Z > 200 GET /api/v1/ 63.72ms
INF 2026-08-23T08:27:18.126Z > 200 GET /api/v1/ 65.07ms
INF 2026-08-23T08:27:18.126Z > 200 GET /api/v1/ 65.74ms
INF 2026-08-23T08:27:18.127Z > 200 GET /api/v1/ 66.45ms
INF 2026-08-23T08:27:18.127Z > 200 GET /api/v1/ 66.31ms
INF 2026-08-23T08:27:18.127Z > 200 GET /api/v1/ 66.86ms
INF 2026-08-23T08:27:18.128Z > 200 GET /api/v1/ 69.87ms
INF 2026-08-23T08:27:18.129Z > 200 GET /api/v1/ 49.58ms
INF 2026-08-23T08:27:18.129Z > 200 GET /api/v1/ 69.62ms
INF 2026-08-23T08:27:18.130Z > 200 GET /api/v1/ 49.02ms
INF 2026-08-23T08:27:18.131Z > 200 GET /api/v1/ 73.49ms
INF 2026-08-23T08:27:18.132Z > 200 GET /api/v1/ 93.72ms
INF 2026-08-23T08:27:18.133Z > 200 GET /api/v1/ 93.39ms
INF 2026-08-23T08:27:18.133Z > 200 GET /api/v1/ 59.42ms
INF 2026-08-23T08:27:18.134Z > 200 GET /api/v1/ 58.45ms
INF 2026-08-23T08:27:18.134Z > 200 GET /api/v1/ 59.19ms
INF 2026-08-23T08:27:18.134Z > 200 GET /api/v1/ 61.9ms
INF 2026-08-23T08:27:18.135Z > 200 GET /api/v1/ 60.31ms
INF 2026-08-23T08:27:18.136Z > 200 GET /api/v1/ 62.4ms
INF 2026-08-23T08:27:18.136Z > 200 GET /api/v1/ 67.95ms
INF 2026-08-23T08:27:18.138Z > 200 GET /api/v1/ 73.56ms
INF 2026-08-23T08:27:18.139Z > 200 GET /api/v1/ 73.66ms
INF 2026-08-23T08:27:18.141Z > 200 GET /api/v1/ 76.56ms
INF 2026-08-23T08:27:18.142Z > 200 GET /api/v1/ 77.25ms
INF 2026-08-23T08:27:18.144Z > 200 GET /api/v1/ 60.46ms
INF 2026-08-23T08:27:18.144Z > 200 GET /api/v1/ 61.33ms
INF 2026-08-23T08:27:18.145Z > 200 GET /api/v1/ 65.88ms
INF 2026-08-23T08:27:18.160Z > 200 GET /api/v1/ 101.77ms
INF 2026-08-23T08:27:18.160Z > 200 GET /api/v1/ 102.44ms
INF 2026-08-23T08:27:18.160Z > 200 GET /api/v1/ 101.84ms
INF 2026-08-23T08:27:18.160Z > 200 GET /api/v1/ 101.8ms
INF 2026-08-23T08:27:18.161Z > 200 GET /api/v1/ 85.4ms
INF 2026-08-23T08:27:18.162Z > 200 GET /api/v1/ 87.3ms
INF 2026-08-23T08:27:18.162Z > 200 GET /api/v1/ 84.64ms
INF 2026-08-23T08:27:18.166Z > 200 GET /api/v1/ 78.3ms
INF 2026-08-23T08:27:18.166Z > 200 GET /api/v1/ 79.07ms
INF 2026-08-23T08:27:18.168Z > 200 GET /api/v1/ 84.46ms
INF 2026-08-23T08:27:18.168Z > 200 GET /api/v1/ 83.54ms
INF 2026-08-23T08:27:18.169Z > 200 GET /api/v1/ 83.06ms
INF 2026-08-23T08:27:18.169Z > 200 GET /api/v1/ 104.36ms
INF 2026-08-23T08:27:18.172Z > 200 GET /api/v1/ 93.44ms
INF 2026-08-23T08:27:18.175Z > 200 GET /api/v1/ 81.18ms
INF 2026-08-23T08:27:18.176Z > 200 GET /api/v1/ 67.94ms
INF 2026-08-23T08:27:18.177Z > 200 GET /api/v1/ 68.65ms
INF 2026-08-23T08:27:18.178Z > 200 GET /api/v1/ 71.07ms
INF 2026-08-23T08:27:18.181Z > 200 GET /api/v1/ 58.21ms
INF 2026-08-23T08:27:18.184Z > 200 GET /api/v1/ 98.52ms
INF 2026-08-23T08:27:18.184Z > 200 GET /api/v1/ 98.7ms
INF 2026-08-23T08:27:18.187Z > 200 GET /api/v1/ 70.33ms
INF 2026-08-23T08:27:18.188Z > 200 GET /api/v1/ 71.53ms
INF 2026-08-23T08:27:18.188Z > 200 GET /api/v1/ 72.04ms
INF 2026-08-23T08:27:18.189Z > 200 GET /api/v1/ 73.72ms
INF 2026-08-23T08:27:18.190Z > 200 GET /api/v1/ 73.46ms
INF 2026-08-23T08:27:18.190Z > 200 GET /api/v1/ 73.97ms
INF 2026-08-23T08:27:18.190Z > 200 GET /api/v1/ 74.47ms
INF 2026-08-23T08:27:18.190Z > 200 GET /api/v1/ 54.02ms
INF 2026-08-23T08:27:18.193Z > 200 GET /api/v1/ 100.5ms
INF 2026-08-23T08:27:18.195Z > 200 GET /api/v1/ 62.54ms
INF 2026-08-23T08:27:18.196Z > 200 GET /api/v1/ 85.29ms
INF 2026-08-23T08:27:18.199Z > 200 GET /api/v1/ 74.6ms
INF 2026-08-23T08:27:18.200Z > 200 GET /api/v1/ 55.16ms
INF 2026-08-23T08:27:18.202Z > 200 GET /api/v1/ 60.15ms
INF 2026-08-23T08:27:18.207Z > 200 GET /api/v1/ 70.83ms
INF 2026-08-23T08:27:18.210Z > 200 GET /api/v1/ 80.63ms
INF 2026-08-23T08:27:18.211Z > 200 GET /api/v1/ 79.7ms
INF 2026-08-23T08:27:18.212Z > 200 GET /api/v1/ 80.37ms
INF 2026-08-23T08:27:18.212Z > 200 GET /api/v1/ 100.01ms
INF 2026-08-23T08:27:18.213Z > 200 GET /api/v1/ 81.71ms
INF 2026-08-23T08:27:18.215Z > 200 GET /api/v1/ 72.37ms
INF 2026-08-23T08:27:18.216Z > 200 GET /api/v1/ 72.47ms
INF 2026-08-23T08:27:18.217Z > 200 GET /api/v1/ 96.21ms
INF 2026-08-23T08:27:18.219Z > 200 GET /api/v1/ 50.11ms
INF 2026-08-23T08:27:18.220Z > 200 GET /api/v1/ 79.07ms
INF 2026-08-23T08:27:18.220Z > 200 GET /api/v1/ 80.35ms
INF 2026-08-23T08:27:18.221Z > 200 GET /api/v1/ 106.16ms
INF 2026-08-23T08:27:18.221Z > 200 GET /api/v1/ 86.31ms
INF 2026-08-23T08:27:18.222Z > 200 GET /api/v1/ 56.32ms
INF 2026-08-23T08:27:18.223Z > 200 GET /api/v1/ 58.12ms
INF 2026-08-23T08:27:18.223Z > 200 GET /api/v1/ 58.48ms
INF 2026-08-23T08:27:18.223Z > 200 GET /api/v1/ 59.68ms
INF 2026-08-23T08:27:18.224Z > 200 GET /api/v1/ 59.12ms
INF 2026-08-23T08:27:18.224Z > 200 GET /api/v1/ 59.75ms
INF 2026-08-23T08:27:18.224Z > 200 GET /api/v1/ 60.18ms
INF 2026-08-23T08:27:18.224Z > 200 GET /api/v1/ 59.63ms
INF 2026-08-23T08:27:18.225Z > 200 GET /api/v1/ 61.95ms
INF 2026-08-23T08:27:18.226Z > 200 GET /api/v1/ 63.54ms
INF 2026-08-23T08:27:18.227Z > 200 GET /api/v1/ 63.62ms
INF 2026-08-23T08:27:18.227Z > 200 GET /api/v1/ 50.13ms
INF 2026-08-23T08:27:18.227Z > 200 GET /api/v1/ 94.32ms
INF 2026-08-23T08:27:18.229Z > 200 GET /api/v1/ 56.23ms
INF 2026-08-23T08:27:18.229Z > 200 GET /api/v1/ 57.37ms
INF 2026-08-23T08:27:18.230Z > 200 GET /api/v1/ 58.06ms
INF 2026-08-23T08:27:18.231Z > 200 GET /api/v1/ 58.39ms
INF 2026-08-23T08:27:18.231Z > 200 GET /api/v1/ 61.43ms
INF 2026-08-23T08:27:18.232Z > 200 GET /api/v1/ 62.03ms
INF 2026-08-23T08:27:18.232Z > 200 GET /api/v1/ 62.08ms
INF 2026-08-23T08:27:18.233Z > 200 GET /api/v1/ 63.1ms
INF 2026-08-23T08:27:18.233Z > 200 GET /api/v1/ 91.2ms
INF 2026-08-23T08:27:18.233Z > 200 GET /api/v1/ 93.15ms
INF 2026-08-23T08:27:18.235Z > 200 GET /api/v1/ 69.79ms
INF 2026-08-23T08:27:18.235Z > 200 GET /api/v1/ 56.18ms
INF 2026-08-23T08:27:18.236Z > 200 GET /api/v1/ 56.09ms
INF 2026-08-23T08:27:18.237Z > 200 GET /api/v1/ 58.34ms
INF 2026-08-23T08:27:18.238Z > 200 GET /api/v1/ 60.68ms
INF 2026-08-23T08:27:18.239Z > 200 GET /api/v1/ 62.89ms
INF 2026-08-23T08:27:18.239Z > 200 GET /api/v1/ 62.21ms
INF 2026-08-23T08:27:18.239Z > 200 GET /api/v1/ 61.95ms
INF 2026-08-23T08:27:18.240Z > 200 GET /api/v1/ 65.25ms
INF 2026-08-23T08:27:18.240Z > 200 GET /api/v1/ 66.09ms
INF 2026-08-23T08:27:18.241Z > 200 GET /api/v1/ 66.7ms
INF 2026-08-23T08:27:18.241Z > 200 GET /api/v1/ 49.67ms
INF 2026-08-23T08:27:18.259Z > 200 GET /api/v1/ 76.69ms
INF 2026-08-23T08:27:18.263Z > 200 GET /api/v1/ 85.62ms
INF 2026-08-23T08:27:18.263Z > 200 GET /api/v1/ 88.42ms
INF 2026-08-23T08:27:18.263Z > 200 GET /api/v1/ 72.88ms
INF 2026-08-23T08:27:18.264Z > 200 GET /api/v1/ 90.9ms
INF 2026-08-23T08:27:18.265Z > 200 GET /api/v1/ 41.41ms
INF 2026-08-23T08:27:18.266Z > 200 GET /api/v1/ 59.57ms
INF 2026-08-23T08:27:18.266Z > 200 GET /api/v1/ 41.66ms
INF 2026-08-23T08:27:18.266Z > 200 GET /api/v1/ 60.27ms
INF 2026-08-23T08:27:18.267Z > 200 GET /api/v1/ 60.84ms
INF 2026-08-23T08:27:18.267Z > 200 GET /api/v1/ 60.47ms
INF 2026-08-23T08:27:18.267Z > 200 GET /api/v1/ 61.9ms
INF 2026-08-23T08:27:18.268Z > 200 GET /api/v1/ 83.06ms
INF 2026-08-23T08:27:18.268Z > 200 GET /api/v1/ 65.32ms
INF 2026-08-23T08:27:18.269Z > 200 GET /api/v1/ 66.33ms
INF 2026-08-23T08:27:18.269Z > 200 GET /api/v1/ 66.02ms
INF 2026-08-23T08:27:18.269Z > 200 GET /api/v1/ 102.27ms
INF 2026-08-23T08:27:18.270Z > 200 GET /api/v1/ 87.79ms
INF 2026-08-23T08:27:18.270Z > 200 GET /api/v1/ 87.72ms
INF 2026-08-23T08:27:18.270Z > 200 GET /api/v1/ 37.69ms
INF 2026-08-23T08:27:18.270Z > 200 GET /api/v1/ 53.8ms
INF 2026-08-23T08:27:18.272Z > 200 GET /api/v1/ 55.75ms
INF 2026-08-23T08:27:18.272Z > 200 GET /api/v1/ 56.5ms
INF 2026-08-23T08:27:18.273Z > 200 GET /api/v1/ 58.62ms
INF 2026-08-23T08:27:18.278Z > 200 GET /api/v1/ 104.04ms
INF 2026-08-23T08:27:18.278Z > 200 GET /api/v1/ 92.85ms
INF 2026-08-23T08:27:18.278Z > 200 GET /api/v1/ 85.51ms
INF 2026-08-23T08:27:18.281Z > 200 GET /api/v1/ 56.57ms
INF 2026-08-23T08:27:18.281Z > 200 GET /api/v1/ 59.65ms
INF 2026-08-23T08:27:18.284Z > 200 GET /api/v1/ 79.38ms
INF 2026-08-23T08:27:18.284Z > 200 GET /api/v1/ 79.66ms
INF 2026-08-23T08:27:18.285Z > 200 GET /api/v1/ 102.8ms
INF 2026-08-23T08:27:18.289Z > 200 GET /api/v1/ 59.12ms
INF 2026-08-23T08:27:18.289Z > 200 GET /api/v1/ 75.89ms
INF 2026-08-23T08:27:18.297Z > 200 GET /api/v1/ 78.73ms
INF 2026-08-23T08:27:18.298Z > 200 GET /api/v1/ 79.78ms
INF 2026-08-23T08:27:18.298Z > 200 GET /api/v1/ 30.86ms
INF 2026-08-23T08:27:18.299Z > 200 GET /api/v1/ 42.14ms
INF 2026-08-23T08:27:18.300Z > 200 GET /api/v1/ 71.77ms
INF 2026-08-23T08:27:18.300Z > 200 GET /api/v1/ 42.2ms
INF 2026-08-23T08:27:18.300Z > 200 GET /api/v1/ 62.19ms
INF 2026-08-23T08:27:18.301Z > 200 GET /api/v1/ 64.44ms
INF 2026-08-23T08:27:18.301Z > 200 GET /api/v1/ 62.7ms
INF 2026-08-23T08:27:18.301Z > 200 GET /api/v1/ 64.77ms
INF 2026-08-23T08:27:18.302Z > 200 GET /api/v1/ 64.52ms
INF 2026-08-23T08:27:18.304Z > 200 GET /api/v1/ 67.18ms
INF 2026-08-23T08:27:18.305Z > 200 GET /api/v1/ 69.47ms
INF 2026-08-23T08:27:18.306Z > 200 GET /api/v1/ 43.68ms
INF 2026-08-23T08:27:18.306Z > 200 GET /api/v1/ 44.02ms
INF 2026-08-23T08:27:18.306Z > 200 GET /api/v1/ 44.19ms
INF 2026-08-23T08:27:18.307Z > 200 GET /api/v1/ 44.25ms
INF 2026-08-23T08:27:18.307Z > 200 GET /api/v1/ 45.44ms
INF 2026-08-23T08:27:18.308Z > 200 GET /api/v1/ 46.13ms
INF 2026-08-23T08:27:18.309Z > 200 GET /api/v1/ 48.16ms
INF 2026-08-23T08:27:18.310Z > 200 GET /api/v1/ 48.23ms
INF 2026-08-23T08:27:18.310Z > 200 GET /api/v1/ 76.03ms
INF 2026-08-23T08:27:18.310Z > 200 GET /api/v1/ 49.68ms
INF 2026-08-23T08:27:18.311Z > 200 GET /api/v1/ 38.59ms
INF 2026-08-23T08:27:18.312Z > 200 GET /api/v1/ 28.75ms
INF 2026-08-23T08:27:18.313Z > 200 GET /api/v1/ 48.58ms
INF 2026-08-23T08:27:18.313Z > 200 GET /api/v1/ 48.22ms
INF 2026-08-23T08:27:18.314Z > 200 GET /api/v1/ 49.91ms
INF 2026-08-23T08:27:18.320Z > 200 GET /api/v1/ 57.78ms
INF 2026-08-23T08:27:18.320Z > 200 GET /api/v1/ 58.27ms
INF 2026-08-23T08:27:18.321Z > 200 GET /api/v1/ 47.87ms
INF 2026-08-23T08:27:18.321Z > 200 GET /api/v1/ 45.02ms
INF 2026-08-23T08:27:18.321Z > 200 GET /api/v1/ 48.74ms
INF 2026-08-23T08:27:18.322Z > 200 GET /api/v1/ 47.09ms
INF 2026-08-23T08:27:18.322Z > 200 GET /api/v1/ 48.01ms
INF 2026-08-23T08:27:18.323Z > 200 GET /api/v1/ 51.6ms
INF 2026-08-23T08:27:18.323Z > 200 GET /api/v1/ 49.04ms
INF 2026-08-23T08:27:18.323Z > 200 GET /api/v1/ 52.56ms
INF 2026-08-23T08:27:18.323Z > 200 GET /api/v1/ 63.69ms
INF 2026-08-23T08:27:18.324Z > 200 GET /api/v1/ 56.27ms
INF 2026-08-23T08:27:18.326Z > 200 GET /api/v1/ 95.43ms
INF 2026-08-23T08:27:18.327Z > 200 GET /api/v1/ 42.19ms
INF 2026-08-23T08:27:18.328Z > 200 GET /api/v1/ 47.8ms
INF 2026-08-23T08:27:18.328Z > 200 GET /api/v1/ 52.51ms
INF 2026-08-23T08:27:18.329Z > 200 GET /api/v1/ 51.83ms
INF 2026-08-23T08:27:18.347Z > 200 GET /api/v1/ 69.89ms
INF 2026-08-23T08:27:18.352Z > 200 GET /api/v1/ 60.23ms
INF 2026-08-23T08:27:18.352Z > 200 GET /api/v1/ 62.81ms
INF 2026-08-23T08:27:18.352Z > 200 GET /api/v1/ 65.66ms
INF 2026-08-23T08:27:18.353Z > 200 GET /api/v1/ 69.68ms
INF 2026-08-23T08:27:18.353Z > 200 GET /api/v1/ 69.46ms
INF 2026-08-23T08:27:18.353Z > 200 GET /api/v1/ 69.61ms
INF 2026-08-23T08:27:18.354Z > 200 GET /api/v1/ 71.45ms
INF 2026-08-23T08:27:18.354Z > 200 GET /api/v1/ 72.5ms
INF 2026-08-23T08:27:18.356Z > 200 GET /api/v1/ 48.93ms
INF 2026-08-23T08:27:18.357Z > 200 GET /api/v1/ 77.53ms
INF 2026-08-23T08:27:18.360Z > 200 GET /api/v1/ 69.9ms
INF 2026-08-23T08:27:18.362Z > 200 GET /api/v1/ 120.92ms
INF 2026-08-23T08:27:18.362Z > 200 GET /api/v1/ 57.41ms
INF 2026-08-23T08:27:18.363Z > 200 GET /api/v1/ 72.45ms
INF 2026-08-23T08:27:18.369Z > 200 GET /api/v1/ 84.44ms
INF 2026-08-23T08:27:18.369Z > 200 GET /api/v1/ 60.73ms
INF 2026-08-23T08:27:18.375Z > 200 GET /api/v1/ 96.0ms
INF 2026-08-23T08:27:18.377Z > 200 GET /api/v1/ 60.03ms
INF 2026-08-23T08:27:18.377Z > 200 GET /api/v1/ 60.41ms
INF 2026-08-23T08:27:18.377Z > 200 GET /api/v1/ 62.92ms
INF 2026-08-23T08:27:18.378Z > 200 GET /api/v1/ 60.48ms
INF 2026-08-23T08:27:18.378Z > 200 GET /api/v1/ 60.81ms
INF 2026-08-23T08:27:18.378Z > 200 GET /api/v1/ 61.96ms
INF 2026-08-23T08:27:18.379Z > 200 GET /api/v1/ 61.06ms
INF 2026-08-23T08:27:18.379Z > 200 GET /api/v1/ 63.96ms
INF 2026-08-23T08:27:18.380Z > 200 GET /api/v1/ 64.07ms
INF 2026-08-23T08:27:18.380Z > 200 GET /api/v1/ 67.29ms
INF 2026-08-23T08:27:18.381Z > 200 GET /api/v1/ 66.1ms
INF 2026-08-23T08:27:18.381Z > 200 GET /api/v1/ 67.82ms
INF 2026-08-23T08:27:18.382Z > 200 GET /api/v1/ 68.02ms
INF 2026-08-23T08:27:18.382Z > 200 GET /api/v1/ 67.45ms
INF 2026-08-23T08:27:18.383Z > 200 GET /api/v1/ 99.87ms
INF 2026-08-23T08:27:18.384Z > 200 GET /api/v1/ 67.8ms
INF 2026-08-23T08:27:18.385Z > 200 GET /api/v1/ 102.8ms
INF 2026-08-23T08:27:18.385Z > 200 GET /api/v1/ 105.38ms
INF 2026-08-23T08:27:18.386Z > 200 GET /api/v1/ 72.5ms
INF 2026-08-23T08:27:18.389Z > 200 GET /api/v1/ 84.18ms
INF 2026-08-23T08:27:18.389Z > 200 GET /api/v1/ 70.94ms
INF 2026-08-23T08:27:18.390Z > 200 GET /api/v1/ 99.82ms
INF 2026-08-23T08:27:18.390Z > 200 GET /api/v1/ 100.5ms
INF 2026-08-23T08:27:18.391Z > 200 GET /api/v1/ 99.83ms
INF 2026-08-23T08:27:18.393Z > 200 GET /api/v1/ 64.16ms
INF 2026-08-23T08:27:18.394Z > 200 GET /api/v1/ 66.17ms
INF 2026-08-23T08:27:18.394Z > 200 GET /api/v1/ 66.91ms
INF 2026-08-23T08:27:18.396Z > 200 GET /api/v1/ 72.28ms
INF 2026-08-23T08:27:18.397Z > 200 GET /api/v1/ 67.68ms
INF 2026-08-23T08:27:18.397Z > 200 GET /api/v1/ 47.73ms
INF 2026-08-23T08:27:18.399Z > 200 GET /api/v1/ 49.75ms
INF 2026-08-23T08:27:18.399Z > 200 GET /api/v1/ 73.58ms
INF 2026-08-23T08:27:18.400Z > 200 GET /api/v1/ 51.83ms
INF 2026-08-23T08:27:18.401Z > 200 GET /api/v1/ 38.0ms
INF 2026-08-23T08:27:18.402Z > 200 GET /api/v1/ 82.31ms
INF 2026-08-23T08:27:18.403Z > 200 GET /api/v1/ 83.47ms
INF 2026-08-23T08:27:18.404Z > 200 GET /api/v1/ 84.86ms
INF 2026-08-23T08:27:18.405Z > 200 GET /api/v1/ 44.67ms
INF 2026-08-23T08:27:18.406Z > 200 GET /api/v1/ 47.79ms
INF 2026-08-23T08:27:18.407Z > 200 GET /api/v1/ 48.69ms
INF 2026-08-23T08:27:18.407Z > 200 GET /api/v1/ 49.56ms
INF 2026-08-23T08:27:18.407Z > 200 GET /api/v1/ 81.15ms
INF 2026-08-23T08:27:18.408Z > 200 GET /api/v1/ 56.19ms
INF 2026-08-23T08:27:18.408Z > 200 GET /api/v1/ 58.35ms
INF 2026-08-23T08:27:18.408Z > 200 GET /api/v1/ 60.1ms
INF 2026-08-23T08:27:18.409Z > 200 GET /api/v1/ 58.76ms
INF 2026-08-23T08:27:18.409Z > 200 GET /api/v1/ 58.04ms
INF 2026-08-23T08:27:18.410Z > 200 GET /api/v1/ 61.06ms
INF 2026-08-23T08:27:18.411Z > 200 GET /api/v1/ 61.31ms
INF 2026-08-23T08:27:18.411Z > 200 GET /api/v1/ 62.52ms
INF 2026-08-23T08:27:18.411Z > 200 GET /api/v1/ 61.72ms
INF 2026-08-23T08:27:18.412Z > 200 GET /api/v1/ 64.66ms
INF 2026-08-23T08:27:18.412Z > 200 GET /api/v1/ 63.28ms
INF 2026-08-23T08:27:18.412Z > 200 GET /api/v1/ 63.82ms
INF 2026-08-23T08:27:18.413Z > 200 GET /api/v1/ 63.98ms
INF 2026-08-23T08:27:18.413Z > 200 GET /api/v1/ 65.21ms
INF 2026-08-23T08:27:18.413Z > 200 GET /api/v1/ 58.84ms
INF 2026-08-23T08:27:18.414Z > 200 GET /api/v1/ 33.65ms
INF 2026-08-23T08:27:18.415Z > 200 GET /api/v1/ 47.28ms
INF 2026-08-23T08:27:18.415Z > 200 GET /api/v1/ 51.46ms
INF 2026-08-23T08:27:18.415Z > 200 GET /api/v1/ 52.5ms
INF 2026-08-23T08:27:18.416Z > 200 GET /api/v1/ 55.79ms
INF 2026-08-23T08:27:18.417Z > 200 GET /api/v1/ 57.63ms
INF 2026-08-23T08:27:18.417Z > 200 GET /api/v1/ 58.48ms
INF 2026-08-23T08:27:18.418Z > 200 GET /api/v1/ 48.44ms
INF 2026-08-23T08:27:18.419Z > 200 GET /api/v1/ 62.83ms
INF 2026-08-23T08:27:18.434Z > 200 GET /api/v1/ 78.1ms
INF 2026-08-23T08:27:18.434Z > 200 GET /api/v1/ 109.77ms
INF 2026-08-23T08:27:18.438Z > 200 GET /api/v1/ 75.31ms
INF 2026-08-23T08:27:18.439Z > 200 GET /api/v1/ 65.33ms
INF 2026-08-23T08:27:18.439Z > 200 GET /api/v1/ 77.42ms
INF 2026-08-23T08:27:18.440Z > 200 GET /api/v1/ 66.06ms
INF 2026-08-23T08:27:18.440Z > 200 GET /api/v1/ 67.4ms
INF 2026-08-23T08:27:18.442Z > 200 GET /api/v1/ 59.12ms
INF 2026-08-23T08:27:18.443Z > 200 GET /api/v1/ 95.07ms
INF 2026-08-23T08:27:18.443Z > 200 GET /api/v1/ 87.94ms
INF 2026-08-23T08:27:18.444Z > 200 GET /api/v1/ 60.36ms
INF 2026-08-23T08:27:18.444Z > 200 GET /api/v1/ 34.93ms
INF 2026-08-23T08:27:18.449Z > 200 GET /api/v1/ 77.85ms
INF 2026-08-23T08:27:18.450Z > 200 GET /api/v1/ 45.66ms
INF 2026-08-23T08:27:18.450Z > 200 GET /api/v1/ 77.94ms
INF 2026-08-23T08:27:18.450Z > 200 GET /api/v1/ 79.19ms
INF 2026-08-23T08:27:18.451Z > 200 GET /api/v1/ 79.17ms
INF 2026-08-23T08:27:18.460Z > 200 GET /api/v1/ 77.54ms
INF 2026-08-23T08:27:18.461Z > 200 GET /api/v1/ 65.87ms
INF 2026-08-23T08:27:18.462Z > 200 GET /api/v1/ 61.49ms
INF 2026-08-23T08:27:18.462Z > 200 GET /api/v1/ 56.6ms
INF 2026-08-23T08:27:18.463Z > 200 GET /api/v1/ 57.43ms
INF 2026-08-23T08:27:18.464Z > 200 GET /api/v1/ 65.22ms
INF 2026-08-23T08:27:18.465Z > 200 GET /api/v1/ 64.59ms
INF 2026-08-23T08:27:18.465Z > 200 GET /api/v1/ 65.79ms
INF 2026-08-23T08:27:18.465Z > 200 GET /api/v1/ 64.65ms
INF 2026-08-23T08:27:18.467Z > 200 GET /api/v1/ 65.83ms
INF 2026-08-23T08:27:18.467Z > 200 GET /api/v1/ 69.13ms
INF 2026-08-23T08:27:18.469Z > 200 GET /api/v1/ 71.76ms
INF 2026-08-23T08:27:18.472Z > 200 GET /api/v1/ 62.83ms
INF 2026-08-23T08:27:18.473Z > 200 GET /api/v1/ 30.37ms
INF 2026-08-23T08:27:18.479Z > 200 GET /api/v1/ 59.88ms
INF 2026-08-23T08:27:18.480Z > 200 GET /api/v1/ 75.41ms
INF 2026-08-23T08:27:18.482Z > 200 GET /api/v1/ 44.44ms
INF 2026-08-23T08:27:18.482Z > 200 GET /api/v1/ 45.24ms
INF 2026-08-23T08:27:18.482Z > 200 GET /api/v1/ 45.75ms
INF 2026-08-23T08:27:18.483Z > 200 GET /api/v1/ 44.77ms
INF 2026-08-23T08:27:18.483Z > 200 GET /api/v1/ 69.12ms
INF 2026-08-23T08:27:18.484Z > 200 GET /api/v1/ 46.27ms
INF 2026-08-23T08:27:18.484Z > 200 GET /api/v1/ 47.44ms
INF 2026-08-23T08:27:18.485Z > 200 GET /api/v1/ 48.37ms
INF 2026-08-23T08:27:18.485Z > 200 GET /api/v1/ 48.4ms
INF 2026-08-23T08:27:18.486Z > 200 GET /api/v1/ 48.89ms
INF 2026-08-23T08:27:18.487Z > 200 GET /api/v1/ 73.16ms
INF 2026-08-23T08:27:18.487Z > 200 GET /api/v1/ 49.74ms
INF 2026-08-23T08:27:18.487Z > 200 GET /api/v1/ 42.99ms
INF 2026-08-23T08:27:18.488Z > 200 GET /api/v1/ 51.46ms
INF 2026-08-23T08:27:18.493Z > 200 GET /api/v1/ 51.94ms
INF 2026-08-23T08:27:18.493Z > 200 GET /api/v1/ 51.74ms
INF 2026-08-23T08:27:18.493Z > 200 GET /api/v1/ 51.85ms
INF 2026-08-23T08:27:18.496Z > 200 GET /api/v1/ 55.14ms
INF 2026-08-23T08:27:18.497Z > 200 GET /api/v1/ 54.86ms
INF 2026-08-23T08:27:18.498Z > 200 GET /api/v1/ 53.0ms
INF 2026-08-23T08:27:18.499Z > 200 GET /api/v1/ 54.19ms
INF 2026-08-23T08:27:18.499Z > 200 GET /api/v1/ 64.45ms
INF 2026-08-23T08:27:18.499Z > 200 GET /api/v1/ 64.04ms
INF 2026-08-23T08:27:18.500Z > 200 GET /api/v1/ 63.8ms
INF 2026-08-23T08:27:18.501Z > 200 GET /api/v1/ 65.02ms
INF 2026-08-23T08:27:18.501Z > 200 GET /api/v1/ 65.28ms
INF 2026-08-23T08:27:18.501Z > 200 GET /api/v1/ 63.08ms
INF 2026-08-23T08:27:18.502Z > 200 GET /api/v1/ 65.32ms
INF 2026-08-23T08:27:18.502Z > 200 GET /api/v1/ 65.46ms
INF 2026-08-23T08:27:18.503Z > 200 GET /api/v1/ 67.92ms
INF 2026-08-23T08:27:18.503Z > 200 GET /api/v1/ 64.51ms
INF 2026-08-23T08:27:18.504Z > 200 GET /api/v1/ 67.23ms
INF 2026-08-23T08:27:18.504Z > 200 GET /api/v1/ 65.32ms
INF 2026-08-23T08:27:18.504Z > 200 GET /api/v1/ 65.84ms
INF 2026-08-23T08:27:18.505Z > 200 GET /api/v1/ 66.77ms
INF 2026-08-23T08:27:18.505Z > 200 GET /api/v1/ 66.92ms
INF 2026-08-23T08:27:18.506Z > 200 GET /api/v1/ 51.06ms
INF 2026-08-23T08:27:18.506Z > 200 GET /api/v1/ 54.51ms
INF 2026-08-23T08:27:18.506Z > 200 GET /api/v1/ 52.26ms
INF 2026-08-23T08:27:18.506Z > 200 GET /api/v1/ 51.9ms
INF 2026-08-23T08:27:18.507Z > 200 GET /api/v1/ 53.19ms
INF 2026-08-23T08:27:18.507Z > 200 GET /api/v1/ 53.17ms
INF 2026-08-23T08:27:18.507Z > 200 GET /api/v1/ 54.98ms
INF 2026-08-23T08:27:18.507Z > 200 GET /api/v1/ 55.62ms
INF 2026-08-23T08:27:18.508Z > 200 GET /api/v1/ 55.64ms
INF 2026-08-23T08:27:18.526Z > 200 GET /api/v1/ 78.53ms
INF 2026-08-23T08:27:18.530Z > 200 GET /api/v1/ 70.49ms
INF 2026-08-23T08:27:18.531Z > 200 GET /api/v1/ 71.97ms
INF 2026-08-23T08:27:18.532Z > 200 GET /api/v1/ 75.39ms
INF 2026-08-23T08:27:18.534Z > 200 GET /api/v1/ 48.08ms
INF 2026-08-23T08:27:18.535Z > 200 GET /api/v1/ 84.67ms
INF 2026-08-23T08:27:18.535Z > 200 GET /api/v1/ 68.26ms
INF 2026-08-23T08:27:18.536Z > 200 GET /api/v1/ 69.36ms
INF 2026-08-23T08:27:18.536Z > 200 GET /api/v1/ 71.96ms
INF 2026-08-23T08:27:18.536Z > 200 GET /api/v1/ 72.31ms
INF 2026-08-23T08:27:18.536Z > 200 GET /api/v1/ 70.63ms
INF 2026-08-23T08:27:18.536Z > 200 GET /api/v1/ 73.29ms
INF 2026-08-23T08:27:18.537Z > 200 GET /api/v1/ 70.78ms
INF 2026-08-23T08:27:18.541Z > 200 GET /api/v1/ 82.64ms
INF 2026-08-23T08:27:18.541Z > 200 GET /api/v1/ 65.41ms
INF 2026-08-23T08:27:18.542Z > 200 GET /api/v1/ 84.33ms
INF 2026-08-23T08:27:18.542Z > 200 GET /api/v1/ 68.47ms
INF 2026-08-23T08:27:18.542Z > 200 GET /api/v1/ 67.21ms
INF 2026-08-23T08:27:18.544Z > 200 GET /api/v1/ 70.83ms
INF 2026-08-23T08:27:18.545Z > 200 GET /api/v1/ 45.4ms
INF 2026-08-23T08:27:18.546Z > 200 GET /api/v1/ 59.51ms
INF 2026-08-23T08:27:18.548Z > 200 GET /api/v1/ 49.57ms
INF 2026-08-23T08:27:18.548Z > 200 GET /api/v1/ 62.49ms
INF 2026-08-23T08:27:18.549Z > 200 GET /api/v1/ 57.02ms
INF 2026-08-23T08:27:18.552Z > 200 GET /api/v1/ 87.7ms
INF 2026-08-23T08:27:18.552Z > 200 GET /api/v1/ 85.13ms
INF 2026-08-23T08:27:18.552Z > 200 GET /api/v1/ 89.03ms
INF 2026-08-23T08:27:18.553Z > 200 GET /api/v1/ 91.27ms
INF 2026-08-23T08:27:18.554Z > 200 GET /api/v1/ 58.23ms
INF 2026-08-23T08:27:18.554Z > 200 GET /api/v1/ 59.86ms
INF 2026-08-23T08:27:18.555Z > 200 GET /api/v1/ 60.02ms
INF 2026-08-23T08:27:18.555Z > 200 GET /api/v1/ 59.28ms
INF 2026-08-23T08:27:18.556Z > 200 GET /api/v1/ 61.56ms
INF 2026-08-23T08:27:18.556Z > 200 GET /api/v1/ 63.91ms
INF 2026-08-23T08:27:18.562Z > 200 GET /api/v1/ 58.14ms
INF 2026-08-23T08:27:18.564Z > 200 GET /api/v1/ 87.33ms
INF 2026-08-23T08:27:18.568Z > 200 GET /api/v1/ 66.09ms
INF 2026-08-23T08:27:18.569Z > 200 GET /api/v1/ 66.33ms
INF 2026-08-23T08:27:18.571Z > 200 GET /api/v1/ 94.56ms
INF 2026-08-23T08:27:18.572Z > 200 GET /api/v1/ 41.97ms
INF 2026-08-23T08:27:18.573Z > 200 GET /api/v1/ 72.69ms
INF 2026-08-23T08:27:18.573Z > 200 GET /api/v1/ 45.26ms
INF 2026-08-23T08:27:18.574Z > 200 GET /api/v1/ 45.86ms
INF 2026-08-23T08:27:18.574Z > 200 GET /api/v1/ 42.95ms
INF 2026-08-23T08:27:18.574Z > 200 GET /api/v1/ 45.63ms
INF 2026-08-23T08:27:18.576Z > 200 GET /api/v1/ 47.79ms
INF 2026-08-23T08:27:18.576Z > 200 GET /api/v1/ 47.99ms
INF 2026-08-23T08:27:18.577Z > 200 GET /api/v1/ 48.54ms
INF 2026-08-23T08:27:18.583Z > 200 GET /api/v1/ 78.21ms
INF 2026-08-23T08:27:18.583Z > 200 GET /api/v1/ 50.53ms
INF 2026-08-23T08:27:18.584Z > 200 GET /api/v1/ 56.51ms
INF 2026-08-23T08:27:18.586Z > 200 GET /api/v1/ 43.31ms
INF 2026-08-23T08:27:18.586Z > 200 GET /api/v1/ 55.08ms
INF 2026-08-23T08:27:18.587Z > 200 GET /api/v1/ 56.37ms
INF 2026-08-23T08:27:18.587Z > 200 GET /api/v1/ 44.1ms
INF 2026-08-23T08:27:18.588Z > 200 GET /api/v1/ 32.07ms
INF 2026-08-23T08:27:18.590Z > 200 GET /api/v1/ 50.84ms
INF 2026-08-23T08:27:18.590Z > 200 GET /api/v1/ 50.3ms
INF 2026-08-23T08:27:18.590Z > 200 GET /api/v1/ 62.93ms
INF 2026-08-23T08:27:18.591Z > 200 GET /api/v1/ 63.28ms
INF 2026-08-23T08:27:18.591Z > 200 GET /api/v1/ 64.63ms
INF 2026-08-23T08:27:18.592Z > 200 GET /api/v1/ 54.45ms
INF 2026-08-23T08:27:18.592Z > 200 GET /api/v1/ 55.1ms
INF 2026-08-23T08:27:18.592Z > 200 GET /api/v1/ 54.76ms
INF 2026-08-23T08:27:18.593Z > 200 GET /api/v1/ 66.08ms
INF 2026-08-23T08:27:18.593Z > 200 GET /api/v1/ 54.91ms
INF 2026-08-23T08:27:18.594Z > 200 GET /api/v1/ 55.43ms
INF 2026-08-23T08:27:18.597Z > 200 GET /api/v1/ 65.67ms
INF 2026-08-23T08:27:18.598Z > 200 GET /api/v1/ 65.13ms
INF 2026-08-23T08:27:18.598Z > 200 GET /api/v1/ 67.35ms
INF 2026-08-23T08:27:18.598Z > 200 GET /api/v1/ 66.64ms
INF 2026-08-23T08:27:18.599Z > 200 GET /api/v1/ 49.13ms
INF 2026-08-23T08:27:18.600Z > 200 GET /api/v1/ 57.7ms
INF 2026-08-23T08:27:18.601Z > 200 GET /api/v1/ 51.97ms
INF 2026-08-23T08:27:18.618Z > 200 GET /api/v1/ 68.82ms
INF 2026-08-23T08:27:18.618Z > 200 GET /api/v1/ 71.58ms
INF 2026-08-23T08:27:18.618Z > 200 GET /api/v1/ 72.43ms
INF 2026-08-23T08:27:18.619Z > 200 GET /api/v1/ 71.11ms
INF 2026-08-23T08:27:18.619Z > 200 GET /api/v1/ 72.56ms
INF 2026-08-23T08:27:18.620Z > 200 GET /api/v1/ 81.94ms
INF 2026-08-23T08:27:18.620Z > 200 GET /api/v1/ 82.62ms
INF 2026-08-23T08:27:18.620Z > 200 GET /api/v1/ 94.21ms
INF 2026-08-23T08:27:18.624Z > 200 GET /api/v1/ 63.33ms
INF 2026-08-23T08:27:18.625Z > 200 GET /api/v1/ 62.95ms
INF 2026-08-23T08:27:18.625Z > 200 GET /api/v1/ 66.47ms
INF 2026-08-23T08:27:18.625Z > 200 GET /api/v1/ 65.13ms
INF 2026-08-23T08:27:18.626Z > 200 GET /api/v1/ 67.39ms
INF 2026-08-23T08:27:18.626Z > 200 GET /api/v1/ 64.78ms
INF 2026-08-23T08:27:18.626Z > 200 GET /api/v1/ 68.68ms
INF 2026-08-23T08:27:18.626Z > 200 GET /api/v1/ 68.22ms
INF 2026-08-23T08:27:18.627Z > 200 GET /api/v1/ 70.41ms
INF 2026-08-23T08:27:18.627Z > 200 GET /api/v1/ 65.96ms
INF 2026-08-23T08:27:18.628Z > 200 GET /api/v1/ 70.49ms
INF 2026-08-23T08:27:18.628Z > 200 GET /api/v1/ 69.23ms
INF 2026-08-23T08:27:18.628Z > 200 GET /api/v1/ 77.71ms
INF 2026-08-23T08:27:18.628Z > 200 GET /api/v1/ 70.39ms
INF 2026-08-23T08:27:18.629Z > 200 GET /api/v1/ 77.74ms
INF 2026-08-23T08:27:18.629Z > 200 GET /api/v1/ 71.02ms
INF 2026-08-23T08:27:18.629Z > 200 GET /api/v1/ 61.8ms
INF 2026-08-23T08:27:18.634Z > 200 GET /api/v1/ 75.97ms
INF 2026-08-23T08:27:18.639Z > 200 GET /api/v1/ 51.29ms
INF 2026-08-23T08:27:18.640Z > 200 GET /api/v1/ 89.39ms
INF 2026-08-23T08:27:18.641Z > 200 GET /api/v1/ 59.79ms
INF 2026-08-23T08:27:18.644Z > 200 GET /api/v1/ 63.83ms
INF 2026-08-23T08:27:18.647Z > 200 GET /api/v1/ 59.08ms
INF 2026-08-23T08:27:18.648Z > 200 GET /api/v1/ 68.79ms
INF 2026-08-23T08:27:18.649Z > 200 GET /api/v1/ 54.61ms
INF 2026-08-23T08:27:18.650Z > 200 GET /api/v1/ 61.26ms
INF 2026-08-23T08:27:18.651Z > 200 GET /api/v1/ 63.31ms
INF 2026-08-23T08:27:18.652Z > 200 GET /api/v1/ 64.41ms
INF 2026-08-23T08:27:18.653Z > 200 GET /api/v1/ 68.57ms
INF 2026-08-23T08:27:18.654Z > 200 GET /api/v1/ 56.11ms
INF 2026-08-23T08:27:18.654Z > 200 GET /api/v1/ 69.75ms
INF 2026-08-23T08:27:18.657Z > 200 GET /api/v1/ 62.57ms
INF 2026-08-23T08:27:18.657Z > 200 GET /api/v1/ 78.33ms
INF 2026-08-23T08:27:18.659Z > 200 GET /api/v1/ 79.14ms
INF 2026-08-23T08:27:18.659Z > 200 GET /api/v1/ 80.24ms
INF 2026-08-23T08:27:18.659Z > 200 GET /api/v1/ 80.24ms
INF 2026-08-23T08:27:18.660Z > 200 GET /api/v1/ 65.86ms
INF 2026-08-23T08:27:18.660Z > 200 GET /api/v1/ 81.56ms
INF 2026-08-23T08:27:18.661Z > 200 GET /api/v1/ 82.82ms
INF 2026-08-23T08:27:18.664Z > 200 GET /api/v1/ 45.34ms
INF 2026-08-23T08:27:18.665Z > 200 GET /api/v1/ 63.62ms
INF 2026-08-23T08:27:18.666Z > 200 GET /api/v1/ 80.92ms
INF 2026-08-23T08:27:18.666Z > 200 GET /api/v1/ 67.13ms
INF 2026-08-23T08:27:18.668Z > 200 GET /api/v1/ 38.12ms
INF 2026-08-23T08:27:18.668Z > 200 GET /api/v1/ 38.74ms
INF 2026-08-23T08:27:18.670Z > 200 GET /api/v1/ 87.87ms
INF 2026-08-23T08:27:18.670Z > 200 GET /api/v1/ 47.06ms
INF 2026-08-23T08:27:18.670Z > 200 GET /api/v1/ 47.6ms
INF 2026-08-23T08:27:18.671Z > 200 GET /api/v1/ 47.27ms
INF 2026-08-23T08:27:18.671Z > 200 GET /api/v1/ 48.4ms
INF 2026-08-23T08:27:18.673Z > 200 GET /api/v1/ 53.61ms
INF 2026-08-23T08:27:18.674Z > 200 GET /api/v1/ 54.2ms
INF 2026-08-23T08:27:18.674Z > 200 GET /api/v1/ 55.03ms
INF 2026-08-23T08:27:18.675Z > 200 GET /api/v1/ 72.84ms
INF 2026-08-23T08:27:18.676Z > 200 GET /api/v1/ 74.94ms
INF 2026-08-23T08:27:18.677Z > 200 GET /api/v1/ 74.94ms
INF 2026-08-23T08:27:18.677Z > 200 GET /api/v1/ 75.66ms
INF 2026-08-23T08:27:18.678Z > 200 GET /api/v1/ 45.55ms
INF 2026-08-23T08:27:18.678Z > 200 GET /api/v1/ 46.7ms
INF 2026-08-23T08:27:18.682Z > 200 GET /api/v1/ 51.33ms
INF 2026-08-23T08:27:18.682Z > 200 GET /api/v1/ 52.1ms
INF 2026-08-23T08:27:18.683Z > 200 GET /api/v1/ 31.47ms
INF 2026-08-23T08:27:18.685Z > 200 GET /api/v1/ 48.98ms
INF 2026-08-23T08:27:18.685Z > 200 GET /api/v1/ 48.51ms
INF 2026-08-23T08:27:18.686Z > 200 GET /api/v1/ 51.54ms
INF 2026-08-23T08:27:18.686Z > 200 GET /api/v1/ 52.34ms
INF 2026-08-23T08:27:18.687Z > 200 GET /api/v1/ 40.18ms
INF 2026-08-23T08:27:18.688Z > 200 GET /api/v1/ 66.13ms
INF 2026-08-23T08:27:18.688Z > 200 GET /api/v1/ 65.78ms
INF 2026-08-23T08:27:18.688Z > 200 GET /api/v1/ 66.44ms
INF 2026-08-23T08:27:18.688Z > 200 GET /api/v1/ 66.43ms
INF 2026-08-23T08:27:18.689Z > 200 GET /api/v1/ 67.6ms
INF 2026-08-23T08:27:18.689Z > 200 GET /api/v1/ 66.63ms
INF 2026-08-23T08:27:18.690Z > 200 GET /api/v1/ 69.24ms
INF 2026-08-23T08:27:18.691Z > 200 GET /api/v1/ 48.78ms
INF 2026-08-23T08:27:18.692Z > 200 GET /api/v1/ 62.23ms
INF 2026-08-23T08:27:18.692Z > 200 GET /api/v1/ 50.46ms
INF 2026-08-23T08:27:18.692Z > 200 GET /api/v1/ 62.41ms
INF 2026-08-23T08:27:18.693Z > 200 GET /api/v1/ 51.62ms
INF 2026-08-23T08:27:18.693Z > 200 GET /api/v1/ 51.5ms
INF 2026-08-23T08:27:18.709Z > 200 GET /api/v1/ 71.44ms
INF 2026-08-23T08:27:18.710Z > 200 GET /api/v1/ 70.59ms
INF 2026-08-23T08:27:18.710Z > 200 GET /api/v1/ 113.65ms
INF 2026-08-23T08:27:18.711Z > 200 GET /api/v1/ 73.06ms
INF 2026-08-23T08:27:18.716Z > 200 GET /api/v1/ 70.26ms
INF 2026-08-23T08:27:18.716Z > 200 GET /api/v1/ 69.63ms
INF 2026-08-23T08:27:18.716Z > 200 GET /api/v1/ 94.57ms
INF 2026-08-23T08:27:18.717Z > 200 GET /api/v1/ 70.18ms
INF 2026-08-23T08:27:18.717Z > 200 GET /api/v1/ 95.76ms
INF 2026-08-23T08:27:18.718Z > 200 GET /api/v1/ 96.79ms
INF 2026-08-23T08:27:18.719Z > 200 GET /api/v1/ 45.07ms
INF 2026-08-23T08:27:18.719Z > 200 GET /api/v1/ 47.95ms
INF 2026-08-23T08:27:18.720Z > 200 GET /api/v1/ 79.48ms
INF 2026-08-23T08:27:18.723Z > 200 GET /api/v1/ 70.86ms
INF 2026-08-23T08:27:18.723Z > 200 GET /api/v1/ 58.32ms
INF 2026-08-23T08:27:18.723Z > 200 GET /api/v1/ 59.86ms
INF 2026-08-23T08:27:18.724Z > 200 GET /api/v1/ 60.38ms
INF 2026-08-23T08:27:18.724Z > 200 GET /api/v1/ 58.72ms
INF 2026-08-23T08:27:18.727Z > 200 GET /api/v1/ 64.16ms
INF 2026-08-23T08:27:18.728Z > 200 GET /api/v1/ 49.58ms
INF 2026-08-23T08:27:18.728Z > 200 GET /api/v1/ 65.78ms
INF 2026-08-23T08:27:18.734Z > 200 GET /api/v1/ 60.93ms
INF 2026-08-23T08:27:18.734Z > 200 GET /api/v1/ 61.12ms
INF 2026-08-23T08:27:18.736Z > 200 GET /api/v1/ 64.47ms
INF 2026-08-23T08:27:18.736Z > 200 GET /api/v1/ 64.16ms
INF 2026-08-23T08:27:18.736Z > 200 GET /api/v1/ 68.32ms
INF 2026-08-23T08:27:18.737Z > 200 GET /api/v1/ 63.36ms
INF 2026-08-23T08:27:18.737Z > 200 GET /api/v1/ 64.6ms
INF 2026-08-23T08:27:18.741Z > 200 GET /api/v1/ 72.47ms
INF 2026-08-23T08:27:18.742Z > 200 GET /api/v1/ 60.88ms
INF 2026-08-23T08:27:18.742Z > 200 GET /api/v1/ 62.06ms
INF 2026-08-23T08:27:18.742Z > 200 GET /api/v1/ 50.84ms
INF 2026-08-23T08:27:18.743Z > 200 GET /api/v1/ 62.31ms
INF 2026-08-23T08:27:18.743Z > 200 GET /api/v1/ 62.41ms
INF 2026-08-23T08:27:18.744Z > 200 GET /api/v1/ 63.24ms
INF 2026-08-23T08:27:18.745Z > 200 GET /api/v1/ 65.29ms
INF 2026-08-23T08:27:18.753Z > 200 GET /api/v1/ 84.32ms
INF 2026-08-23T08:27:18.753Z > 200 GET /api/v1/ 69.77ms
INF 2026-08-23T08:27:18.754Z > 200 GET /api/v1/ 88.88ms
INF 2026-08-23T08:27:18.755Z > 200 GET /api/v1/ 64.71ms
INF 2026-08-23T08:27:18.759Z > 200 GET /api/v1/ 41.63ms
INF 2026-08-23T08:27:18.761Z > 200 GET /api/v1/ 75.15ms
INF 2026-08-23T08:27:18.762Z > 200 GET /api/v1/ 33.89ms
INF 2026-08-23T08:27:18.762Z > 200 GET /api/v1/ 49.56ms
INF 2026-08-23T08:27:18.762Z > 200 GET /api/v1/ 49.1ms
INF 2026-08-23T08:27:18.763Z > 200 GET /api/v1/ 48.97ms
INF 2026-08-23T08:27:18.764Z > 200 GET /api/v1/ 52.56ms
INF 2026-08-23T08:27:18.764Z > 200 GET /api/v1/ 52.52ms
INF 2026-08-23T08:27:18.765Z > 200 GET /api/v1/ 51.79ms
INF 2026-08-23T08:27:18.765Z > 200 GET /api/v1/ 51.77ms
INF 2026-08-23T08:27:18.765Z > 200 GET /api/v1/ 52.86ms
INF 2026-08-23T08:27:18.766Z > 200 GET /api/v1/ 53.37ms
INF 2026-08-23T08:27:18.766Z > 200 GET /api/v1/ 54.14ms
INF 2026-08-23T08:27:18.767Z > 200 GET /api/v1/ 84.5ms
INF 2026-08-23T08:27:18.769Z > 200 GET /api/v1/ 57.82ms
INF 2026-08-23T08:27:18.769Z > 200 GET /api/v1/ 56.49ms
INF 2026-08-23T08:27:18.769Z > 200 GET /api/v1/ 104.38ms
INF 2026-08-23T08:27:18.770Z > 200 GET /api/v1/ 49.99ms
INF 2026-08-23T08:27:18.771Z > 200 GET /api/v1/ 34.56ms
INF 2026-08-23T08:27:18.771Z > 200 GET /api/v1/ 52.28ms
INF 2026-08-23T08:27:18.772Z > 200 GET /api/v1/ 38.04ms
INF 2026-08-23T08:27:18.773Z > 200 GET /api/v1/ 54.76ms
INF 2026-08-23T08:27:18.773Z > 200 GET /api/v1/ 83.34ms
INF 2026-08-23T08:27:18.775Z > 200 GET /api/v1/ 63.02ms
INF 2026-08-23T08:27:18.775Z > 200 GET /api/v1/ 62.26ms
INF 2026-08-23T08:27:18.776Z > 200 GET /api/v1/ 61.56ms
INF 2026-08-23T08:27:18.776Z > 200 GET /api/v1/ 47.41ms
INF 2026-08-23T08:27:18.777Z > 200 GET /api/v1/ 52.55ms
INF 2026-08-23T08:27:18.778Z > 200 GET /api/v1/ 55.56ms
INF 2026-08-23T08:27:18.778Z > 200 GET /api/v1/ 55.79ms
INF 2026-08-23T08:27:18.778Z > 200 GET /api/v1/ 56.36ms
INF 2026-08-23T08:27:18.779Z > 200 GET /api/v1/ 56.99ms
INF 2026-08-23T08:27:18.779Z > 200 GET /api/v1/ 57.93ms
INF 2026-08-23T08:27:18.779Z > 200 GET /api/v1/ 59.08ms
INF 2026-08-23T08:27:18.780Z > 200 GET /api/v1/ 48.02ms
INF 2026-08-23T08:27:18.781Z > 200 GET /api/v1/ 49.3ms
INF 2026-08-23T08:27:18.800Z > 200 GET /api/v1/ 70.27ms
INF 2026-08-23T08:27:18.801Z > 200 GET /api/v1/ 86.3ms
INF 2026-08-23T08:27:18.801Z > 200 GET /api/v1/ 87.09ms
INF 2026-08-23T08:27:18.801Z > 200 GET /api/v1/ 84.71ms
INF 2026-08-23T08:27:18.801Z > 200 GET /api/v1/ 86.71ms
INF 2026-08-23T08:27:18.802Z > 200 GET /api/v1/ 86.78ms
INF 2026-08-23T08:27:18.802Z > 200 GET /api/v1/ 73.83ms
INF 2026-08-23T08:27:18.805Z > 200 GET /api/v1/ 59.6ms
INF 2026-08-23T08:27:18.806Z > 200 GET /api/v1/ 61.62ms
INF 2026-08-23T08:27:18.807Z > 200 GET /api/v1/ 83.68ms
INF 2026-08-23T08:27:18.807Z > 200 GET /api/v1/ 68.14ms
INF 2026-08-23T08:27:18.807Z > 200 GET /api/v1/ 67.69ms
INF 2026-08-23T08:27:18.807Z > 200 GET /api/v1/ 69.38ms
INF 2026-08-23T08:27:18.807Z > 200 GET /api/v1/ 69.21ms
INF 2026-08-23T08:27:18.808Z > 200 GET /api/v1/ 71.19ms
INF 2026-08-23T08:27:18.808Z > 200 GET /api/v1/ 72.88ms
INF 2026-08-23T08:27:18.808Z > 200 GET /api/v1/ 73.81ms
INF 2026-08-23T08:27:18.810Z > 200 GET /api/v1/ 45.31ms
INF 2026-08-23T08:27:18.811Z > 200 GET /api/v1/ 79.78ms
INF 2026-08-23T08:27:18.811Z > 200 GET /api/v1/ 64.22ms
INF 2026-08-23T08:27:18.814Z > 200 GET /api/v1/ 67.46ms
INF 2026-08-23T08:27:18.814Z > 200 GET /api/v1/ 67.41ms
INF 2026-08-23T08:27:18.814Z > 200 GET /api/v1/ 68.28ms
INF 2026-08-23T08:27:18.815Z > 200 GET /api/v1/ 101.38ms
INF 2026-08-23T08:27:18.816Z > 200 GET /api/v1/ 60.7ms
INF 2026-08-23T08:27:18.820Z > 200 GET /api/v1/ 48.8ms
INF 2026-08-23T08:27:18.821Z > 200 GET /api/v1/ 86.42ms
INF 2026-08-23T08:27:18.823Z > 200 GET /api/v1/ 59.45ms
INF 2026-08-23T08:27:18.823Z > 200 GET /api/v1/ 60.35ms
INF 2026-08-23T08:27:18.824Z > 200 GET /api/v1/ 67.02ms
INF 2026-08-23T08:27:18.826Z > 200 GET /api/v1/ 68.24ms
INF 2026-08-23T08:27:18.826Z > 200 GET /api/v1/ 68.16ms
INF 2026-08-23T08:27:18.829Z > 200 GET /api/v1/ 57.25ms
INF 2026-08-23T08:27:18.829Z > 200 GET /api/v1/ 57.81ms
INF 2026-08-23T08:27:18.830Z > 200 GET /api/v1/ 59.74ms
INF 2026-08-23T08:27:18.831Z > 200 GET /api/v1/ 59.13ms
INF 2026-08-23T08:27:18.831Z > 200 GET /api/v1/ 58.96ms
INF 2026-08-23T08:27:18.831Z > 200 GET /api/v1/ 60.79ms
INF 2026-08-23T08:27:18.832Z > 200 GET /api/v1/ 51.8ms
INF 2026-08-23T08:27:18.833Z > 200 GET /api/v1/ 68.32ms
INF 2026-08-23T08:27:18.834Z > 200 GET /api/v1/ 55.96ms
INF 2026-08-23T08:27:18.834Z > 200 GET /api/v1/ 71.02ms
INF 2026-08-23T08:27:18.836Z > 200 GET /api/v1/ 75.58ms
INF 2026-08-23T08:27:18.839Z > 200 GET /api/v1/ 39.16ms
INF 2026-08-23T08:27:18.839Z > 200 GET /api/v1/ 58.01ms
INF 2026-08-23T08:27:18.840Z > 200 GET /api/v1/ 39.16ms
INF 2026-08-23T08:27:18.840Z > 200 GET /api/v1/ 79.76ms
INF 2026-08-23T08:27:18.841Z > 200 GET /api/v1/ 80.96ms
INF 2026-08-23T08:27:18.841Z > 200 GET /api/v1/ 61.11ms
INF 2026-08-23T08:27:18.842Z > 200 GET /api/v1/ 60.37ms
INF 2026-08-23T08:27:18.845Z > 200 GET /api/v1/ 39.78ms
INF 2026-08-23T08:27:18.845Z > 200 GET /api/v1/ 40.6ms
INF 2026-08-23T08:27:18.845Z > 200 GET /api/v1/ 41.14ms
INF 2026-08-23T08:27:18.846Z > 200 GET /api/v1/ 42.23ms
INF 2026-08-23T08:27:18.846Z > 200 GET /api/v1/ 42.62ms
INF 2026-08-23T08:27:18.846Z > 200 GET /api/v1/ 43.39ms
INF 2026-08-23T08:27:18.847Z > 200 GET /api/v1/ 43.08ms
INF 2026-08-23T08:27:18.847Z > 200 GET /api/v1/ 44.63ms
INF 2026-08-23T08:27:18.847Z > 200 GET /api/v1/ 44.35ms
INF 2026-08-23T08:27:18.848Z > 200 GET /api/v1/ 44.33ms
INF 2026-08-23T08:27:18.850Z > 200 GET /api/v1/ 49.1ms
INF 2026-08-23T08:27:18.853Z > 200 GET /api/v1/ 41.29ms
INF 2026-08-23T08:27:18.853Z > 200 GET /api/v1/ 41.99ms
INF 2026-08-23T08:27:18.853Z > 200 GET /api/v1/ 27.69ms
INF 2026-08-23T08:27:18.856Z > 200 GET /api/v1/ 45.03ms
INF 2026-08-23T08:27:18.857Z > 200 GET /api/v1/ 46.73ms
INF 2026-08-23T08:27:18.857Z > 200 GET /api/v1/ 90.3ms
INF 2026-08-23T08:27:18.857Z > 200 GET /api/v1/ 52.23ms
INF 2026-08-23T08:27:18.857Z > 200 GET /api/v1/ 51.71ms
INF 2026-08-23T08:27:18.858Z > 200 GET /api/v1/ 44.52ms
INF 2026-08-23T08:27:18.858Z > 200 GET /api/v1/ 45.64ms
INF 2026-08-23T08:27:18.860Z > 200 GET /api/v1/ 48.69ms
INF 2026-08-23T08:27:18.861Z > 200 GET /api/v1/ 48.25ms
INF 2026-08-23T08:27:18.865Z > 200 GET /api/v1/ 50.06ms
INF 2026-08-23T08:27:18.865Z > 200 GET /api/v1/ 42.77ms
INF 2026-08-23T08:27:18.865Z > 200 GET /api/v1/ 43.33ms
INF 2026-08-23T08:27:18.866Z > 200 GET /api/v1/ 56.84ms
INF 2026-08-23T08:27:18.866Z > 200 GET /api/v1/ 56.88ms
INF 2026-08-23T08:27:18.868Z > 200 GET /api/v1/ 47.28ms
INF 2026-08-23T08:27:18.869Z > 200 GET /api/v1/ 59.88ms
INF 2026-08-23T08:27:18.869Z > 200 GET /api/v1/ 50.71ms
INF 2026-08-23T08:27:18.870Z > 200 GET /api/v1/ 60.72ms
INF 2026-08-23T08:27:18.870Z > 200 GET /api/v1/ 64.98ms
INF 2026-08-23T08:27:18.872Z > 200 GET /api/v1/ 52.2ms
INF 2026-08-23T08:27:18.873Z > 200 GET /api/v1/ 47.51ms
INF 2026-08-23T08:27:18.873Z > 200 GET /api/v1/ 56.86ms
INF 2026-08-23T08:27:18.874Z > 200 GET /api/v1/ 58.27ms
INF 2026-08-23T08:27:18.891Z > 200 GET /api/v1/ 74.49ms
INF 2026-08-23T08:27:18.891Z > 200 GET /api/v1/ 75.83ms
INF 2026-08-23T08:27:18.891Z > 200 GET /api/v1/ 66.61ms
INF 2026-08-23T08:27:18.891Z > 200 GET /api/v1/ 76.52ms
INF 2026-08-23T08:27:18.892Z > 200 GET /api/v1/ 65.13ms
INF 2026-08-23T08:27:18.892Z > 200 GET /api/v1/ 64.7ms
INF 2026-08-23T08:27:18.892Z > 200 GET /api/v1/ 65.38ms
INF 2026-08-23T08:27:18.894Z > 200 GET /api/v1/ 72.25ms
INF 2026-08-23T08:27:18.899Z > 200 GET /api/v1/ 51.07ms
INF 2026-08-23T08:27:18.899Z > 200 GET /api/v1/ 66.98ms
INF 2026-08-23T08:27:18.906Z > 200 GET /api/v1/ 84.57ms
INF 2026-08-23T08:27:18.907Z > 200 GET /api/v1/ 80.47ms
INF 2026-08-23T08:27:18.907Z > 200 GET /api/v1/ 79.81ms
INF 2026-08-23T08:27:18.910Z > 200 GET /api/v1/ 61.32ms
INF 2026-08-23T08:27:18.911Z > 200 GET /api/v1/ 62.12ms
INF 2026-08-23T08:27:18.915Z > 200 GET /api/v1/ 67.41ms
INF 2026-08-23T08:27:18.916Z > 200 GET /api/v1/ 61.75ms
INF 2026-08-23T08:27:18.918Z > 200 GET /api/v1/ 98.43ms
INF 2026-08-23T08:27:18.919Z > 200 GET /api/v1/ 65.04ms
INF 2026-08-23T08:27:18.919Z > 200 GET /api/v1/ 66.01ms
INF 2026-08-23T08:27:18.920Z > 200 GET /api/v1/ 65.91ms
INF 2026-08-23T08:27:18.921Z > 200 GET /api/v1/ 66.85ms
INF 2026-08-23T08:27:18.921Z > 200 GET /api/v1/ 67.0ms
INF 2026-08-23T08:27:18.922Z > 200 GET /api/v1/ 68.05ms
INF 2026-08-23T08:27:18.926Z > 200 GET /api/v1/ 75.66ms
INF 2026-08-23T08:27:18.926Z > 200 GET /api/v1/ 76.89ms
INF 2026-08-23T08:27:18.927Z > 200 GET /api/v1/ 76.84ms
INF 2026-08-23T08:27:18.929Z > 200 GET /api/v1/ 37.4ms
INF 2026-08-23T08:27:18.930Z > 200 GET /api/v1/ 66.23ms
INF 2026-08-23T08:27:18.930Z > 200 GET /api/v1/ 66.71ms
INF 2026-08-23T08:27:18.930Z > 200 GET /api/v1/ 70.98ms
INF 2026-08-23T08:27:18.930Z > 200 GET /api/v1/ 70.8ms
INF 2026-08-23T08:27:18.931Z > 200 GET /api/v1/ 68.31ms
INF 2026-08-23T08:27:18.932Z > 200 GET /api/v1/ 59.09ms
INF 2026-08-23T08:27:18.932Z > 200 GET /api/v1/ 73.65ms
INF 2026-08-23T08:27:18.933Z > 200 GET /api/v1/ 73.51ms
INF 2026-08-23T08:27:18.933Z > 200 GET /api/v1/ 78.27ms
INF 2026-08-23T08:27:18.934Z > 200 GET /api/v1/ 77.8ms
INF 2026-08-23T08:27:18.934Z > 200 GET /api/v1/ 78.94ms
INF 2026-08-23T08:27:18.942Z > 200 GET /api/v1/ 47.52ms
INF 2026-08-23T08:27:18.943Z > 200 GET /api/v1/ 48.18ms
INF 2026-08-23T08:27:18.945Z > 200 GET /api/v1/ 72.55ms
INF 2026-08-23T08:27:18.947Z > 200 GET /api/v1/ 80.13ms
INF 2026-08-23T08:27:18.948Z > 200 GET /api/v1/ 50.52ms
INF 2026-08-23T08:27:18.949Z > 200 GET /api/v1/ 51.66ms
INF 2026-08-23T08:27:18.949Z > 200 GET /api/v1/ 54.34ms
INF 2026-08-23T08:27:18.949Z > 200 GET /api/v1/ 51.44ms
INF 2026-08-23T08:27:18.950Z > 200 GET /api/v1/ 52.57ms
INF 2026-08-23T08:27:18.950Z > 200 GET /api/v1/ 54.52ms
INF 2026-08-23T08:27:18.950Z > 200 GET /api/v1/ 55.42ms
INF 2026-08-23T08:27:18.951Z > 200 GET /api/v1/ 54.92ms
INF 2026-08-23T08:27:18.951Z > 200 GET /api/v1/ 55.36ms
INF 2026-08-23T08:27:18.952Z > 200 GET /api/v1/ 41.48ms
INF 2026-08-23T08:27:18.952Z > 200 GET /api/v1/ 52.51ms
INF 2026-08-23T08:27:18.953Z > 200 GET /api/v1/ 53.01ms
INF 2026-08-23T08:27:18.953Z > 200 GET /api/v1/ 58.3ms
INF 2026-08-23T08:27:18.953Z > 200 GET /api/v1/ 57.99ms
INF 2026-08-23T08:27:18.954Z > 200 GET /api/v1/ 57.32ms
INF 2026-08-23T08:27:18.954Z > 200 GET /api/v1/ 58.77ms
INF 2026-08-23T08:27:18.954Z > 200 GET /api/v1/ 58.87ms
INF 2026-08-23T08:27:18.954Z > 200 GET /api/v1/ 58.39ms
INF 2026-08-23T08:27:18.955Z > 200 GET /api/v1/ 58.7ms
INF 2026-08-23T08:27:18.955Z > 200 GET /api/v1/ 60.99ms
INF 2026-08-23T08:27:18.956Z > 200 GET /api/v1/ 59.37ms
INF 2026-08-23T08:27:18.956Z > 200 GET /api/v1/ 61.68ms
INF 2026-08-23T08:27:18.958Z > 200 GET /api/v1/ 50.71ms
INF 2026-08-23T08:27:18.959Z > 200 GET /api/v1/ 54.77ms
INF 2026-08-23T08:27:18.959Z > 200 GET /api/v1/ 54.17ms
INF 2026-08-23T08:27:18.959Z > 200 GET /api/v1/ 54.05ms
INF 2026-08-23T08:27:18.960Z > 200 GET /api/v1/ 58.22ms
INF 2026-08-23T08:27:18.960Z > 200 GET /api/v1/ 38.16ms
INF 2026-08-23T08:27:18.961Z > 200 GET /api/v1/ 58.9ms
INF 2026-08-23T08:27:18.961Z > 200 GET /api/v1/ 58.43ms
INF 2026-08-23T08:27:18.963Z > 200 GET /api/v1/ 97.52ms
INF 2026-08-23T08:27:18.963Z > 200 GET /api/v1/ 64.09ms
INF 2026-08-23T08:27:18.965Z > 200 GET /api/v1/ 67.2ms
INF 2026-08-23T08:27:18.966Z > 200 GET /api/v1/ 66.2ms
INF 2026-08-23T08:27:18.967Z > 200 GET /api/v1/ 53.12ms
INF 2026-08-23T08:27:18.987Z > 200 GET /api/v1/ 93.1ms
INF 2026-08-23T08:27:18.987Z > 200 GET /api/v1/ 94.57ms
INF 2026-08-23T08:27:18.988Z > 200 GET /api/v1/ 94.61ms
INF 2026-08-23T08:27:18.988Z > 200 GET /api/v1/ 92.12ms
INF 2026-08-23T08:27:18.989Z > 200 GET /api/v1/ 85.58ms
INF 2026-08-23T08:27:18.989Z > 200 GET /api/v1/ 63.13ms
INF 2026-08-23T08:27:18.994Z > 200 GET /api/v1/ 93.48ms
INF 2026-08-23T08:27:18.994Z > 200 GET /api/v1/ 94.06ms
INF 2026-08-23T08:27:18.994Z > 200 GET /api/v1/ 95.85ms
INF 2026-08-23T08:27:18.995Z > 200 GET /api/v1/ 78.66ms
INF 2026-08-23T08:27:18.995Z > 200 GET /api/v1/ 85.76ms
INF 2026-08-23T08:27:18.996Z > 200 GET /api/v1/ 100.76ms
INF 2026-08-23T08:27:18.996Z > 200 GET /api/v1/ 126.59ms
INF 2026-08-23T08:27:18.999Z > 200 GET /api/v1/ 91.42ms
INF 2026-08-23T08:27:18.999Z > 200 GET /api/v1/ 92.3ms
INF 2026-08-23T08:27:19.000Z > 200 GET /api/v1/ 73.33ms
INF 2026-08-23T08:27:19.000Z > 200 GET /api/v1/ 75.95ms
INF 2026-08-23T08:27:19.000Z > 200 GET /api/v1/ 73.54ms
INF 2026-08-23T08:27:19.002Z > 200 GET /api/v1/ 76.67ms
INF 2026-08-23T08:27:19.002Z > 200 GET /api/v1/ 77.23ms
INF 2026-08-23T08:27:19.002Z > 200 GET /api/v1/ 78.9ms
INF 2026-08-23T08:27:19.003Z > 200 GET /api/v1/ 63.48ms
INF 2026-08-23T08:27:19.004Z > 200 GET /api/v1/ 64.21ms
INF 2026-08-23T08:27:19.004Z > 200 GET /api/v1/ 65.08ms
INF 2026-08-23T08:27:19.004Z > 200 GET /api/v1/ 64.9ms
INF 2026-08-23T08:27:19.009Z > 200 GET /api/v1/ 71.78ms
INF 2026-08-23T08:27:19.010Z > 200 GET /api/v1/ 71.53ms
INF 2026-08-23T08:27:19.010Z > 200 GET /api/v1/ 72.38ms
INF 2026-08-23T08:27:19.020Z > 200 GET /api/v1/ 98.08ms
INF 2026-08-23T08:27:19.025Z > 200 GET /api/v1/ 76.86ms
INF 2026-08-23T08:27:19.025Z > 200 GET /api/v1/ 89.18ms
INF 2026-08-23T08:27:19.026Z > 200 GET /api/v1/ 77.42ms
INF 2026-08-23T08:27:19.026Z > 200 GET /api/v1/ 81.17ms
INF 2026-08-23T08:27:19.027Z > 200 GET /api/v1/ 82.9ms
INF 2026-08-23T08:27:19.029Z > 200 GET /api/v1/ 67.44ms
INF 2026-08-23T08:27:19.030Z > 200 GET /api/v1/ 62.74ms
INF 2026-08-23T08:27:19.034Z > 200 GET /api/v1/ 75.79ms
INF 2026-08-23T08:27:19.034Z > 200 GET /api/v1/ 34.14ms
INF 2026-08-23T08:27:19.037Z > 200 GET /api/v1/ 68.99ms
INF 2026-08-23T08:27:19.037Z > 200 GET /api/v1/ 69.92ms
INF 2026-08-23T08:27:19.039Z > 200 GET /api/v1/ 49.11ms
INF 2026-08-23T08:27:19.040Z > 200 GET /api/v1/ 73.64ms
INF 2026-08-23T08:27:19.041Z > 200 GET /api/v1/ 76.91ms
INF 2026-08-23T08:27:19.042Z > 200 GET /api/v1/ 82.07ms
INF 2026-08-23T08:27:19.044Z > 200 GET /api/v1/ 50.59ms
INF 2026-08-23T08:27:19.044Z > 200 GET /api/v1/ 51.08ms
INF 2026-08-23T08:27:19.044Z > 200 GET /api/v1/ 51.71ms
INF 2026-08-23T08:27:19.046Z > 200 GET /api/v1/ 54.01ms
INF 2026-08-23T08:27:19.046Z > 200 GET /api/v1/ 53.97ms
INF 2026-08-23T08:27:19.046Z > 200 GET /api/v1/ 54.56ms
INF 2026-08-23T08:27:19.047Z > 200 GET /api/v1/ 55.12ms
INF 2026-08-23T08:27:19.048Z > 200 GET /api/v1/ 57.08ms
INF 2026-08-23T08:27:19.049Z > 200 GET /api/v1/ 57.58ms
INF 2026-08-23T08:27:19.049Z > 200 GET /api/v1/ 58.04ms
INF 2026-08-23T08:27:19.050Z > 200 GET /api/v1/ 58.37ms
INF 2026-08-23T08:27:19.050Z > 200 GET /api/v1/ 59.82ms
INF 2026-08-23T08:27:19.051Z > 200 GET /api/v1/ 60.18ms
INF 2026-08-23T08:27:19.051Z > 200 GET /api/v1/ 60.77ms
INF 2026-08-23T08:27:19.052Z > 200 GET /api/v1/ 61.44ms
INF 2026-08-23T08:27:19.052Z > 200 GET /api/v1/ 61.35ms
INF 2026-08-23T08:27:19.053Z > 200 GET /api/v1/ 96.33ms
INF 2026-08-23T08:27:19.054Z > 200 GET /api/v1/ 49.41ms
INF 2026-08-23T08:27:19.054Z > 200 GET /api/v1/ 68.54ms
INF 2026-08-23T08:27:19.055Z > 200 GET /api/v1/ 68.41ms
INF 2026-08-23T08:27:19.055Z > 200 GET /api/v1/ 54.87ms
INF 2026-08-23T08:27:19.067Z > 200 GET /api/v1/ 66.4ms
INF 2026-08-23T08:27:19.067Z > 200 GET /api/v1/ 68.37ms
INF 2026-08-23T08:27:19.067Z > 200 GET /api/v1/ 68.67ms
INF 2026-08-23T08:27:19.067Z > 200 GET /api/v1/ 69.7ms
INF 2026-08-23T08:27:19.068Z > 200 GET /api/v1/ 69.16ms
INF 2026-08-23T08:27:19.068Z > 200 GET /api/v1/ 70.21ms
INF 2026-08-23T08:27:19.068Z > 200 GET /api/v1/ 71.5ms
INF 2026-08-23T08:27:19.068Z > 200 GET /api/v1/ 70.89ms
INF 2026-08-23T08:27:19.069Z > 200 GET /api/v1/ 70.37ms
INF 2026-08-23T08:27:19.069Z > 200 GET /api/v1/ 71.99ms
INF 2026-08-23T08:27:19.069Z > 200 GET /api/v1/ 71.33ms
INF 2026-08-23T08:27:19.070Z > 200 GET /api/v1/ 80.1ms
INF 2026-08-23T08:27:19.074Z > 200 GET /api/v1/ 62.69ms
INF 2026-08-23T08:27:19.074Z > 200 GET /api/v1/ 66.3ms
INF 2026-08-23T08:27:19.075Z > 200 GET /api/v1/ 67.57ms
INF 2026-08-23T08:27:19.076Z > 200 GET /api/v1/ 71.85ms
INF 2026-08-23T08:27:19.077Z > 200 GET /api/v1/ 69.21ms
INF 2026-08-23T08:27:19.077Z > 200 GET /api/v1/ 70.35ms
INF 2026-08-23T08:27:19.077Z > 200 GET /api/v1/ 88.86ms
INF 2026-08-23T08:27:19.078Z > 200 GET /api/v1/ 72.45ms
INF 2026-08-23T08:27:19.094Z > 200 GET /api/v1/ 105.5ms
INF 2026-08-23T08:27:19.095Z > 200 GET /api/v1/ 92.75ms
INF 2026-08-23T08:27:19.097Z > 200 GET /api/v1/ 96.04ms
INF 2026-08-23T08:27:19.098Z > 200 GET /api/v1/ 110.5ms
INF 2026-08-23T08:27:19.105Z > 200 GET /api/v1/ 93.82ms
INF 2026-08-23T08:27:19.105Z > 200 GET /api/v1/ 94.38ms
INF 2026-08-23T08:27:19.105Z > 200 GET /api/v1/ 109.1ms
INF 2026-08-23T08:27:19.107Z > 200 GET /api/v1/ 62.56ms
INF 2026-08-23T08:27:19.109Z > 200 GET /api/v1/ 59.5ms
INF 2026-08-23T08:27:19.111Z > 200 GET /api/v1/ 91.65ms
INF 2026-08-23T08:27:19.111Z > 200 GET /api/v1/ 91.46ms
INF 2026-08-23T08:27:19.112Z > 200 GET /api/v1/ 93.82ms
INF 2026-08-23T08:27:19.112Z > 200 GET /api/v1/ 94.59ms
INF 2026-08-23T08:27:19.112Z > 200 GET /api/v1/ 95.87ms
INF 2026-08-23T08:27:19.113Z > 200 GET /api/v1/ 111.47ms
INF 2026-08-23T08:27:19.113Z > 200 GET /api/v1/ 62.45ms
INF 2026-08-23T08:27:19.124Z > 200 GET /api/v1/ 96.43ms
INF 2026-08-23T08:27:19.127Z > 200 GET /api/v1/ 59.82ms
INF 2026-08-23T08:27:19.127Z > 200 GET /api/v1/ 89.53ms
INF 2026-08-23T08:27:19.133Z > 200 GET /api/v1/ 38.08ms
INF 2026-08-23T08:27:19.136Z > 200 GET /api/v1/ 91.45ms
INF 2026-08-23T08:27:19.137Z > 200 GET /api/v1/ 89.07ms
INF 2026-08-23T08:27:19.137Z > 200 GET /api/v1/ 92.6ms
INF 2026-08-23T08:27:19.138Z > 200 GET /api/v1/ 43.46ms
INF 2026-08-23T08:27:19.139Z > 200 GET /api/v1/ 95.77ms
INF 2026-08-23T08:27:19.139Z > 200 GET /api/v1/ 96.38ms
INF 2026-08-23T08:27:19.140Z > 200 GET /api/v1/ 100.31ms
INF 2026-08-23T08:27:19.141Z > 200 GET /api/v1/ 129.57ms
INF 2026-08-23T08:27:19.141Z > 200 GET /api/v1/ 132.55ms
INF 2026-08-23T08:27:19.141Z > 200 GET /api/v1/ 103.26ms
INF 2026-08-23T08:27:19.142Z > 200 GET /api/v1/ 100.41ms
INF 2026-08-23T08:27:19.145Z > 200 GET /api/v1/ 84.9ms
INF 2026-08-23T08:27:19.147Z > 200 GET /api/v1/ 91.36ms
INF 2026-08-23T08:27:19.149Z > 200 GET /api/v1/ 95.61ms
INF 2026-08-23T08:27:19.150Z > 200 GET /api/v1/ 99.79ms
INF 2026-08-23T08:27:19.150Z > 200 GET /api/v1/ 97.97ms
INF 2026-08-23T08:27:19.151Z > 200 GET /api/v1/ 98.41ms
INF 2026-08-23T08:27:19.152Z > 200 GET /api/v1/ 49.79ms
INF 2026-08-23T08:27:19.153Z > 200 GET /api/v1/ 77.56ms
INF 2026-08-23T08:27:19.154Z > 200 GET /api/v1/ 78.62ms
INF 2026-08-23T08:27:19.155Z > 200 GET /api/v1/ 112.57ms
INF 2026-08-23T08:27:19.155Z > 200 GET /api/v1/ 84.87ms
INF 2026-08-23T08:27:19.155Z > 200 GET /api/v1/ 82.67ms
INF 2026-08-23T08:27:19.155Z > 200 GET /api/v1/ 84.91ms
INF 2026-08-23T08:27:19.156Z > 200 GET /api/v1/ 82.84ms
INF 2026-08-23T08:27:19.156Z > 200 GET /api/v1/ 50.7ms
INF 2026-08-23T08:27:19.156Z > 200 GET /api/v1/ 84.5ms
INF 2026-08-23T08:27:19.156Z > 200 GET /api/v1/ 115.41ms
INF 2026-08-23T08:27:19.157Z > 200 GET /api/v1/ 85.35ms
INF 2026-08-23T08:27:19.157Z > 200 GET /api/v1/ 54.09ms
INF 2026-08-23T08:27:19.157Z > 200 GET /api/v1/ 56.32ms
INF 2026-08-23T08:27:19.158Z > 200 GET /api/v1/ 55.94ms
INF 2026-08-23T08:27:19.158Z > 200 GET /api/v1/ 57.31ms
INF 2026-08-23T08:27:19.158Z > 200 GET /api/v1/ 56.11ms
INF 2026-08-23T08:27:19.158Z > 200 GET /api/v1/ 56.11ms
INF 2026-08-23T08:27:19.158Z > 200 GET /api/v1/ 55.43ms
INF 2026-08-23T08:27:19.159Z > 200 GET /api/v1/ 57.93ms
INF 2026-08-23T08:27:19.160Z > 200 GET /api/v1/ 57.42ms
INF 2026-08-23T08:27:19.160Z > 200 GET /api/v1/ 58.22ms
INF 2026-08-23T08:27:19.160Z > 200 GET /api/v1/ 60.11ms
INF 2026-08-23T08:27:19.161Z > 200 GET /api/v1/ 60.38ms
INF 2026-08-23T08:27:19.161Z > 200 GET /api/v1/ 61.34ms
INF 2026-08-23T08:27:19.162Z > 200 GET /api/v1/ 60.07ms
INF 2026-08-23T08:27:19.162Z > 200 GET /api/v1/ 61.21ms
INF 2026-08-23T08:27:19.162Z > 200 GET /api/v1/ 59.38ms
INF 2026-08-23T08:27:19.163Z > 200 GET /api/v1/ 60.04ms
INF 2026-08-23T08:27:19.163Z > 200 GET /api/v1/ 63.4ms
INF 2026-08-23T08:27:19.164Z > 200 GET /api/v1/ 63.25ms
INF 2026-08-23T08:27:19.164Z > 200 GET /api/v1/ 61.35ms
INF 2026-08-23T08:27:19.164Z > 200 GET /api/v1/ 62.18ms
INF 2026-08-23T08:27:19.165Z > 200 GET /api/v1/ 65.47ms
INF 2026-08-23T08:27:19.165Z > 200 GET /api/v1/ 66.49ms
INF 2026-08-23T08:27:19.166Z > 200 GET /api/v1/ 67.74ms
INF 2026-08-23T08:27:19.166Z > 200 GET /api/v1/ 67.36ms
INF 2026-08-23T08:27:19.167Z > 200 GET /api/v1/ 71.0ms
INF 2026-08-23T08:27:19.167Z > 200 GET /api/v1/ 71.23ms
INF 2026-08-23T08:27:19.167Z > 200 GET /api/v1/ 73.07ms
INF 2026-08-23T08:27:19.169Z > 200 GET /api/v1/ 73.27ms
INF 2026-08-23T08:27:19.190Z > 200 GET /api/v1/ 86.26ms
INF 2026-08-23T08:27:19.191Z > 200 GET /api/v1/ 90.09ms
INF 2026-08-23T08:27:19.191Z > 200 GET /api/v1/ 74.27ms
INF 2026-08-23T08:27:19.191Z > 200 GET /api/v1/ 73.27ms
INF 2026-08-23T08:27:19.191Z > 200 GET /api/v1/ 75.52ms
INF 2026-08-23T08:27:19.192Z > 200 GET /api/v1/ 72.1ms
INF 2026-08-23T08:27:19.192Z > 200 GET /api/v1/ 75.46ms
INF 2026-08-23T08:27:19.192Z > 200 GET /api/v1/ 76.67ms
INF 2026-08-23T08:27:19.192Z > 200 GET /api/v1/ 75.08ms
INF 2026-08-23T08:27:19.193Z > 200 GET /api/v1/ 74.21ms
INF 2026-08-23T08:27:19.193Z > 200 GET /api/v1/ 75.21ms
INF 2026-08-23T08:27:19.193Z > 200 GET /api/v1/ 73.9ms
INF 2026-08-23T08:27:19.196Z > 200 GET /api/v1/ 81.5ms
INF 2026-08-23T08:27:19.198Z > 200 GET /api/v1/ 69.8ms
INF 2026-08-23T08:27:19.199Z > 200 GET /api/v1/ 68.22ms
INF 2026-08-23T08:27:19.199Z > 200 GET /api/v1/ 71.42ms
INF 2026-08-23T08:27:19.201Z > 200 GET /api/v1/ 69.66ms
INF 2026-08-23T08:27:19.211Z > 200 GET /api/v1/ 97.21ms
INF 2026-08-23T08:27:19.212Z > 200 GET /api/v1/ 83.37ms
INF 2026-08-23T08:27:19.212Z > 200 GET /api/v1/ 80.38ms
INF 2026-08-23T08:27:19.213Z > 200 GET /api/v1/ 82.88ms
INF 2026-08-23T08:27:19.213Z > 200 GET /api/v1/ 81.21ms
INF 2026-08-23T08:27:19.213Z > 200 GET /api/v1/ 66.41ms
INF 2026-08-23T08:27:19.214Z > 200 GET /api/v1/ 51.62ms
INF 2026-08-23T08:27:19.214Z > 200 GET /api/v1/ 68.79ms
INF 2026-08-23T08:27:19.215Z > 200 GET /api/v1/ 71.71ms
INF 2026-08-23T08:27:19.216Z > 200 GET /api/v1/ 55.92ms
INF 2026-08-23T08:27:19.218Z > 200 GET /api/v1/ 57.91ms
INF 2026-08-23T08:27:19.223Z > 200 GET /api/v1/ 78.79ms
INF 2026-08-23T08:27:19.225Z > 200 GET /api/v1/ 72.43ms
INF 2026-08-23T08:27:19.226Z > 200 GET /api/v1/ 73.25ms
INF 2026-08-23T08:27:19.227Z > 200 GET /api/v1/ 75.38ms
INF 2026-08-23T08:27:19.227Z > 200 GET /api/v1/ 74.48ms
INF 2026-08-23T08:27:19.233Z > 200 GET /api/v1/ 40.37ms
INF 2026-08-23T08:27:19.243Z > 200 GET /api/v1/ 75.29ms
INF 2026-08-23T08:27:19.243Z > 200 GET /api/v1/ 82.8ms
INF 2026-08-23T08:27:19.244Z > 200 GET /api/v1/ 81.63ms
INF 2026-08-23T08:27:19.244Z > 200 GET /api/v1/ 83.74ms
INF 2026-08-23T08:27:19.245Z > 200 GET /api/v1/ 50.7ms
INF 2026-08-23T08:27:19.246Z > 200 GET /api/v1/ 52.17ms
INF 2026-08-23T08:27:19.247Z > 200 GET /api/v1/ 52.76ms
INF 2026-08-23T08:27:19.247Z > 200 GET /api/v1/ 52.73ms
INF 2026-08-23T08:27:19.247Z > 200 GET /api/v1/ 53.31ms
INF 2026-08-23T08:27:19.248Z > 200 GET /api/v1/ 54.13ms
INF 2026-08-23T08:27:19.249Z > 200 GET /api/v1/ 54.15ms
INF 2026-08-23T08:27:19.250Z > 200 GET /api/v1/ 55.2ms
INF 2026-08-23T08:27:19.251Z > 200 GET /api/v1/ 55.86ms
INF 2026-08-23T08:27:19.251Z > 200 GET /api/v1/ 56.55ms
INF 2026-08-23T08:27:19.251Z > 200 GET /api/v1/ 55.96ms
INF 2026-08-23T08:27:19.252Z > 200 GET /api/v1/ 56.56ms
INF 2026-08-23T08:27:19.254Z > 200 GET /api/v1/ 58.96ms
INF 2026-08-23T08:27:19.255Z > 200 GET /api/v1/ 64.08ms
INF 2026-08-23T08:27:19.258Z > 200 GET /api/v1/ 56.9ms
INF 2026-08-23T08:27:19.259Z > 200 GET /api/v1/ 57.4ms
INF 2026-08-23T08:27:19.260Z > 200 GET /api/v1/ 60.56ms
INF 2026-08-23T08:27:19.261Z > 200 GET /api/v1/ 61.45ms
INF 2026-08-23T08:27:19.262Z > 200 GET /api/v1/ 61.61ms
INF 2026-08-23T08:27:19.263Z > 200 GET /api/v1/ 93.54ms
INF 2026-08-23T08:27:19.263Z > 200 GET /api/v1/ 63.94ms
INF 2026-08-23T08:27:19.263Z > 200 GET /api/v1/ 48.94ms
INF 2026-08-23T08:27:19.264Z > 200 GET /api/v1/ 96.1ms
INF 2026-08-23T08:27:19.264Z > 200 GET /api/v1/ 98.88ms
INF 2026-08-23T08:27:19.265Z > 200 GET /api/v1/ 56.97ms
INF 2026-08-23T08:27:19.265Z > 200 GET /api/v1/ 96.91ms
INF 2026-08-23T08:27:19.266Z > 200 GET /api/v1/ 59.6ms
INF 2026-08-23T08:27:19.266Z > 200 GET /api/v1/ 61.13ms
INF 2026-08-23T08:27:19.266Z > 200 GET /api/v1/ 60.73ms
INF 2026-08-23T08:27:19.268Z > 200 GET /api/v1/ 63.36ms
INF 2026-08-23T08:27:19.268Z > 200 GET /api/v1/ 65.41ms
INF 2026-08-23T08:27:19.269Z > 200 GET /api/v1/ 76.0ms
INF 2026-08-23T08:27:19.272Z > 200 GET /api/v1/ 70.56ms
INF 2026-08-23T08:27:19.293Z > 200 GET /api/v1/ 91.36ms
INF 2026-08-23T08:27:19.293Z > 200 GET /api/v1/ 75.64ms
INF 2026-08-23T08:27:19.295Z > 200 GET /api/v1/ 83.15ms
INF 2026-08-23T08:27:19.295Z > 200 GET /api/v1/ 84.14ms
INF 2026-08-23T08:27:19.297Z > 200 GET /api/v1/ 85.66ms
INF 2026-08-23T08:27:19.297Z > 200 GET /api/v1/ 87.4ms
INF 2026-08-23T08:27:19.297Z > 200 GET /api/v1/ 85.91ms
INF 2026-08-23T08:27:19.298Z > 200 GET /api/v1/ 88.14ms
INF 2026-08-23T08:27:19.298Z > 200 GET /api/v1/ 88.0ms
INF 2026-08-23T08:27:19.299Z > 200 GET /api/v1/ 89.16ms
INF 2026-08-23T08:27:19.299Z > 200 GET /api/v1/ 89.97ms
INF 2026-08-23T08:27:19.299Z > 200 GET /api/v1/ 89.92ms
INF 2026-08-23T08:27:19.299Z > 200 GET /api/v1/ 105.75ms
INF 2026-08-23T08:27:19.303Z > 200 GET /api/v1/ 98.28ms
INF 2026-08-23T08:27:19.303Z > 200 GET /api/v1/ 81.33ms
INF 2026-08-23T08:27:19.303Z > 200 GET /api/v1/ 82.0ms
INF 2026-08-23T08:27:19.303Z > 200 GET /api/v1/ 83.73ms
INF 2026-08-23T08:27:19.304Z > 200 GET /api/v1/ 81.65ms
INF 2026-08-23T08:27:19.304Z > 200 GET /api/v1/ 84.48ms
INF 2026-08-23T08:27:19.308Z > 200 GET /api/v1/ 87.39ms
INF 2026-08-23T08:27:19.308Z > 200 GET /api/v1/ 87.36ms
INF 2026-08-23T08:27:19.308Z > 200 GET /api/v1/ 88.14ms
INF 2026-08-23T08:27:19.309Z > 200 GET /api/v1/ 89.6ms
INF 2026-08-23T08:27:19.309Z > 200 GET /api/v1/ 91.64ms
INF 2026-08-23T08:27:19.309Z > 200 GET /api/v1/ 90.56ms
INF 2026-08-23T08:27:19.309Z > 200 GET /api/v1/ 106.39ms
INF 2026-08-23T08:27:19.309Z > 200 GET /api/v1/ 106.08ms
INF 2026-08-23T08:27:19.310Z > 200 GET /api/v1/ 107.6ms
INF 2026-08-23T08:27:19.314Z > 200 GET /api/v1/ 65.07ms
INF 2026-08-23T08:27:19.316Z > 200 GET /api/v1/ 108.31ms
INF 2026-08-23T08:27:19.317Z > 200 GET /api/v1/ 78.32ms
INF 2026-08-23T08:27:19.317Z > 200 GET /api/v1/ 77.08ms
INF 2026-08-23T08:27:19.317Z > 200 GET /api/v1/ 76.36ms
INF 2026-08-23T08:27:19.317Z > 200 GET /api/v1/ 78.2ms
INF 2026-08-23T08:27:19.318Z > 200 GET /api/v1/ 80.15ms
INF 2026-08-23T08:27:19.318Z > 200 GET /api/v1/ 78.17ms
INF 2026-08-23T08:27:19.318Z > 200 GET /api/v1/ 79.2ms
INF 2026-08-23T08:27:19.318Z > 200 GET /api/v1/ 81.44ms
INF 2026-08-23T08:27:19.319Z > 200 GET /api/v1/ 81.12ms
INF 2026-08-23T08:27:19.319Z > 200 GET /api/v1/ 81.61ms
INF 2026-08-23T08:27:19.320Z > 200 GET /api/v1/ 84.21ms
INF 2026-08-23T08:27:19.320Z > 200 GET /api/v1/ 85.34ms
INF 2026-08-23T08:27:19.326Z > 200 GET /api/v1/ 74.39ms
INF 2026-08-23T08:27:19.327Z > 200 GET /api/v1/ 77.47ms
INF 2026-08-23T08:27:19.327Z > 200 GET /api/v1/ 79.09ms
INF 2026-08-23T08:27:19.328Z > 200 GET /api/v1/ 81.98ms
INF 2026-08-23T08:27:19.329Z > 200 GET /api/v1/ 31.06ms
INF 2026-08-23T08:27:19.329Z > 200 GET /api/v1/ 73.29ms
INF 2026-08-23T08:27:19.329Z > 200 GET /api/v1/ 73.24ms
INF 2026-08-23T08:27:19.330Z > 200 GET /api/v1/ 72.27ms
INF 2026-08-23T08:27:19.330Z > 200 GET /api/v1/ 74.79ms
INF 2026-08-23T08:27:19.330Z > 200 GET /api/v1/ 73.35ms
INF 2026-08-23T08:27:19.331Z > 200 GET /api/v1/ 74.13ms
INF 2026-08-23T08:27:19.334Z > 200 GET /api/v1/ 64.36ms
INF 2026-08-23T08:27:19.335Z > 200 GET /api/v1/ 64.16ms
INF 2026-08-23T08:27:19.336Z > 200 GET /api/v1/ 67.75ms
INF 2026-08-23T08:27:19.337Z > 200 GET /api/v1/ 78.24ms
INF 2026-08-23T08:27:19.338Z > 200 GET /api/v1/ 73.07ms
INF 2026-08-23T08:27:19.338Z > 200 GET /api/v1/ 39.4ms
INF 2026-08-23T08:27:19.343Z > 200 GET /api/v1/ 70.59ms
INF 2026-08-23T08:27:19.344Z > 200 GET /api/v1/ 42.19ms
INF 2026-08-23T08:27:19.346Z > 200 GET /api/v1/ 44.19ms
INF 2026-08-23T08:27:19.349Z > 200 GET /api/v1/ 52.92ms
INF 2026-08-23T08:27:19.349Z > 200 GET /api/v1/ 53.95ms
INF 2026-08-23T08:27:19.350Z > 200 GET /api/v1/ 43.05ms
INF 2026-08-23T08:27:19.350Z > 200 GET /api/v1/ 42.99ms
INF 2026-08-23T08:27:19.351Z > 200 GET /api/v1/ 44.73ms
INF 2026-08-23T08:27:19.352Z > 200 GET /api/v1/ 45.11ms
INF 2026-08-23T08:27:19.352Z > 200 GET /api/v1/ 48.11ms
INF 2026-08-23T08:27:19.352Z > 200 GET /api/v1/ 45.24ms
INF 2026-08-23T08:27:19.354Z > 200 GET /api/v1/ 46.91ms
INF 2026-08-23T08:27:19.354Z > 200 GET /api/v1/ 48.48ms
INF 2026-08-23T08:27:19.354Z > 200 GET /api/v1/ 48.04ms
INF 2026-08-23T08:27:19.355Z > 200 GET /api/v1/ 49.91ms
INF 2026-08-23T08:27:19.355Z > 200 GET /api/v1/ 49.01ms
INF 2026-08-23T08:27:19.356Z > 200 GET /api/v1/ 49.67ms
INF 2026-08-23T08:27:19.356Z > 200 GET /api/v1/ 50.36ms
INF 2026-08-23T08:27:19.356Z > 200 GET /api/v1/ 46.18ms
INF 2026-08-23T08:27:19.357Z > 200 GET /api/v1/ 49.81ms
INF 2026-08-23T08:27:19.358Z > 200 GET /api/v1/ 53.04ms
INF 2026-08-23T08:27:19.358Z > 200 GET /api/v1/ 57.91ms
INF 2026-08-23T08:27:19.358Z > 200 GET /api/v1/ 34.43ms
INF 2026-08-23T08:27:19.359Z > 200 GET /api/v1/ 43.12ms
INF 2026-08-23T08:27:19.359Z > 200 GET /api/v1/ 59.43ms
INF 2026-08-23T08:27:19.360Z > 200 GET /api/v1/ 49.15ms
INF 2026-08-23T08:27:19.361Z > 200 GET /api/v1/ 48.21ms
INF 2026-08-23T08:27:19.362Z > 200 GET /api/v1/ 48.79ms
INF 2026-08-23T08:27:19.362Z > 200 GET /api/v1/ 49.64ms
INF 2026-08-23T08:27:19.362Z > 200 GET /api/v1/ 51.84ms
INF 2026-08-23T08:27:19.362Z > 200 GET /api/v1/ 49.13ms
INF 2026-08-23T08:27:19.363Z > 200 GET /api/v1/ 50.23ms
INF 2026-08-23T08:27:19.364Z > 200 GET /api/v1/ 49.63ms
INF 2026-08-23T08:27:19.365Z > 200 GET /api/v1/ 51.47ms
INF 2026-08-23T08:27:19.365Z > 200 GET /api/v1/ 55.21ms
INF 2026-08-23T08:27:19.365Z > 200 GET /api/v1/ 51.75ms
INF 2026-08-23T08:27:19.366Z > 200 GET /api/v1/ 59.96ms
INF 2026-08-23T08:27:19.369Z > 200 GET /api/v1/ 57.73ms
INF 2026-08-23T08:27:19.370Z > 200 GET /api/v1/ 47.24ms
INF 2026-08-23T08:27:19.371Z > 200 GET /api/v1/ 49.85ms
INF 2026-08-23T08:27:19.403Z > 200 GET /api/v1/ 95.18ms
INF 2026-08-23T08:27:19.403Z > 200 GET /api/v1/ 60.96ms
INF 2026-08-23T08:27:19.404Z > 200 GET /api/v1/ 61.79ms
INF 2026-08-23T08:27:19.408Z > 200 GET /api/v1/ 66.85ms
INF 2026-08-23T08:27:19.408Z > 200 GET /api/v1/ 68.9ms
INF 2026-08-23T08:27:19.409Z > 200 GET /api/v1/ 58.95ms
INF 2026-08-23T08:27:19.413Z > 200 GET /api/v1/ 68.32ms
INF 2026-08-23T08:27:19.414Z > 200 GET /api/v1/ 69.08ms
INF 2026-08-23T08:27:19.414Z > 200 GET /api/v1/ 66.97ms
INF 2026-08-23T08:27:19.414Z > 200 GET /api/v1/ 69.33ms
INF 2026-08-23T08:27:19.414Z > 200 GET /api/v1/ 70.31ms
INF 2026-08-23T08:27:19.417Z > 200 GET /api/v1/ 56.88ms
INF 2026-08-23T08:27:19.417Z > 200 GET /api/v1/ 57.8ms
INF 2026-08-23T08:27:19.426Z > 200 GET /api/v1/ 55.85ms
INF 2026-08-23T08:27:19.427Z > 200 GET /api/v1/ 73.75ms
INF 2026-08-23T08:27:19.427Z > 200 GET /api/v1/ 74.86ms
INF 2026-08-23T08:27:19.428Z > 200 GET /api/v1/ 74.73ms
INF 2026-08-23T08:27:19.428Z > 200 GET /api/v1/ 74.46ms
INF 2026-08-23T08:27:19.428Z > 200 GET /api/v1/ 77.81ms
INF 2026-08-23T08:27:19.432Z > 200 GET /api/v1/ 68.78ms
INF 2026-08-23T08:27:19.432Z > 200 GET /api/v1/ 84.09ms
INF 2026-08-23T08:27:19.432Z > 200 GET /api/v1/ 87.12ms
INF 2026-08-23T08:27:19.438Z > 200 GET /api/v1/ 81.08ms
INF 2026-08-23T08:27:19.439Z > 200 GET /api/v1/ 69.34ms
INF 2026-08-23T08:27:19.440Z > 200 GET /api/v1/ 70.71ms
INF 2026-08-23T08:27:19.440Z > 200 GET /api/v1/ 71.81ms
INF 2026-08-23T08:27:19.440Z > 200 GET /api/v1/ 72.16ms
INF 2026-08-23T08:27:19.441Z > 200 GET /api/v1/ 71.33ms
INF 2026-08-23T08:27:19.441Z > 200 GET /api/v1/ 72.08ms
INF 2026-08-23T08:27:19.442Z > 200 GET /api/v1/ 74.78ms
INF 2026-08-23T08:27:19.442Z > 200 GET /api/v1/ 75.57ms
INF 2026-08-23T08:27:19.443Z > 200 GET /api/v1/ 80.39ms
INF 2026-08-23T08:27:19.444Z > 200 GET /api/v1/ 79.82ms
INF 2026-08-23T08:27:19.444Z > 200 GET /api/v1/ 80.68ms
INF 2026-08-23T08:27:19.444Z > 200 GET /api/v1/ 96.54ms
INF 2026-08-23T08:27:19.445Z > 200 GET /api/v1/ 97.27ms
INF 2026-08-23T08:27:19.445Z > 200 GET /api/v1/ 85.12ms
INF 2026-08-23T08:27:19.445Z > 200 GET /api/v1/ 84.33ms
INF 2026-08-23T08:27:19.445Z > 200 GET /api/v1/ 84.9ms
INF 2026-08-23T08:27:19.447Z > 200 GET /api/v1/ 52.68ms
INF 2026-08-23T08:27:19.447Z > 200 GET /api/v1/ 52.87ms
INF 2026-08-23T08:27:19.447Z > 200 GET /api/v1/ 53.59ms
INF 2026-08-23T08:27:19.448Z > 200 GET /api/v1/ 54.68ms
INF 2026-08-23T08:27:19.448Z > 200 GET /api/v1/ 56.9ms
INF 2026-08-23T08:27:19.449Z > 200 GET /api/v1/ 56.41ms
INF 2026-08-23T08:27:19.449Z > 200 GET /api/v1/ 56.05ms
INF 2026-08-23T08:27:19.449Z > 200 GET /api/v1/ 56.64ms
INF 2026-08-23T08:27:19.449Z > 200 GET /api/v1/ 56.06ms
INF 2026-08-23T08:27:19.450Z > 200 GET /api/v1/ 57.88ms
INF 2026-08-23T08:27:19.450Z > 200 GET /api/v1/ 59.43ms
INF 2026-08-23T08:27:19.450Z > 200 GET /api/v1/ 59.38ms
INF 2026-08-23T08:27:19.451Z > 200 GET /api/v1/ 47.82ms
INF 2026-08-23T08:27:19.452Z > 200 GET /api/v1/ 80.98ms
INF 2026-08-23T08:27:19.452Z > 200 GET /api/v1/ 63.32ms
INF 2026-08-23T08:27:19.453Z > 200 GET /api/v1/ 55.26ms
INF 2026-08-23T08:27:19.453Z > 200 GET /api/v1/ 82.1ms
INF 2026-08-23T08:27:19.454Z > 200 GET /api/v1/ 52.09ms
INF 2026-08-23T08:27:19.454Z > 200 GET /api/v1/ 54.79ms
INF 2026-08-23T08:27:19.454Z > 200 GET /api/v1/ 53.86ms
INF 2026-08-23T08:27:19.455Z > 200 GET /api/v1/ 57.1ms
INF 2026-08-23T08:27:19.456Z > 200 GET /api/v1/ 57.68ms
INF 2026-08-23T08:27:19.456Z > 200 GET /api/v1/ 39.8ms
INF 2026-08-23T08:27:19.457Z > 200 GET /api/v1/ 60.15ms
INF 2026-08-23T08:27:19.457Z > 200 GET /api/v1/ 60.88ms
INF 2026-08-23T08:27:19.458Z > 200 GET /api/v1/ 63.03ms
INF 2026-08-23T08:27:19.459Z > 200 GET /api/v1/ 53.5ms
INF 2026-08-23T08:27:19.459Z > 200 GET /api/v1/ 53.25ms
INF 2026-08-23T08:27:19.461Z > 200 GET /api/v1/ 57.51ms
INF 2026-08-23T08:27:19.461Z > 200 GET /api/v1/ 70.85ms
INF 2026-08-23T08:27:19.462Z > 200 GET /api/v1/ 71.37ms
INF 2026-08-23T08:27:19.462Z > 200 GET /api/v1/ 71.45ms
INF 2026-08-23T08:27:19.477Z > 200 GET /api/v1/ 87.65ms
INF 2026-08-23T08:27:19.478Z > 200 GET /api/v1/ 87.74ms
INF 2026-08-23T08:27:19.478Z > 200 GET /api/v1/ 88.65ms
INF 2026-08-23T08:27:19.479Z > 200 GET /api/v1/ 88.74ms
INF 2026-08-23T08:27:19.479Z > 200 GET /api/v1/ 108.44ms
INF 2026-08-23T08:27:19.479Z > 200 GET /api/v1/ 78.28ms
INF 2026-08-23T08:27:19.480Z > 200 GET /api/v1/ 78.79ms
INF 2026-08-23T08:27:19.482Z > 200 GET /api/v1/ 85.53ms
INF 2026-08-23T08:27:19.482Z > 200 GET /api/v1/ 72.36ms
INF 2026-08-23T08:27:19.482Z > 200 GET /api/v1/ 72.05ms
INF 2026-08-23T08:27:19.482Z > 200 GET /api/v1/ 71.07ms
INF 2026-08-23T08:27:19.483Z > 200 GET /api/v1/ 72.07ms
INF 2026-08-23T08:27:19.483Z > 200 GET /api/v1/ 74.53ms
INF 2026-08-23T08:27:19.483Z > 200 GET /api/v1/ 71.92ms
INF 2026-08-23T08:27:19.484Z > 200 GET /api/v1/ 72.78ms
INF 2026-08-23T08:27:19.486Z > 200 GET /api/v1/ 61.84ms
INF 2026-08-23T08:27:19.486Z > 200 GET /api/v1/ 62.4ms
INF 2026-08-23T08:27:19.487Z > 200 GET /api/v1/ 65.23ms
INF 2026-08-23T08:27:19.487Z > 200 GET /api/v1/ 68.0ms
INF 2026-08-23T08:27:19.487Z > 200 GET /api/v1/ 63.09ms
INF 2026-08-23T08:27:19.488Z > 200 GET /api/v1/ 69.35ms
INF 2026-08-23T08:27:19.491Z > 200 GET /api/v1/ 43.66ms
INF 2026-08-23T08:27:19.491Z > 200 GET /api/v1/ 76.36ms
INF 2026-08-23T08:27:19.491Z > 200 GET /api/v1/ 75.46ms
INF 2026-08-23T08:27:19.494Z > 200 GET /api/v1/ 82.64ms
INF 2026-08-23T08:27:19.494Z > 200 GET /api/v1/ 87.33ms
INF 2026-08-23T08:27:19.494Z > 200 GET /api/v1/ 85.98ms
INF 2026-08-23T08:27:19.500Z > 200 GET /api/v1/ 80.61ms
INF 2026-08-23T08:27:19.501Z > 200 GET /api/v1/ 79.99ms
INF 2026-08-23T08:27:19.501Z > 200 GET /api/v1/ 80.99ms
INF 2026-08-23T08:27:19.517Z > 200 GET /api/v1/ 31.4ms
INF 2026-08-23T08:27:19.518Z > 200 GET /api/v1/ 72.69ms
INF 2026-08-23T08:27:19.519Z > 200 GET /api/v1/ 72.75ms
INF 2026-08-23T08:27:19.520Z > 200 GET /api/v1/ 65.51ms
INF 2026-08-23T08:27:19.522Z > 200 GET /api/v1/ 65.41ms
INF 2026-08-23T08:27:19.523Z > 200 GET /api/v1/ 41.79ms
INF 2026-08-23T08:27:19.524Z > 200 GET /api/v1/ 43.17ms
INF 2026-08-23T08:27:19.525Z > 200 GET /api/v1/ 43.77ms
INF 2026-08-23T08:27:19.525Z > 200 GET /api/v1/ 43.83ms
INF 2026-08-23T08:27:19.525Z > 200 GET /api/v1/ 44.92ms
INF 2026-08-23T08:27:19.527Z > 200 GET /api/v1/ 46.3ms
INF 2026-08-23T08:27:19.527Z > 200 GET /api/v1/ 45.99ms
INF 2026-08-23T08:27:19.528Z > 200 GET /api/v1/ 47.93ms
INF 2026-08-23T08:27:19.529Z > 200 GET /api/v1/ 70.56ms
INF 2026-08-23T08:27:19.529Z > 200 GET /api/v1/ 68.33ms
INF 2026-08-23T08:27:19.529Z > 200 GET /api/v1/ 69.33ms
INF 2026-08-23T08:27:19.530Z > 200 GET /api/v1/ 69.56ms
INF 2026-08-23T08:27:19.530Z > 200 GET /api/v1/ 69.41ms
INF 2026-08-23T08:27:19.531Z > 200 GET /api/v1/ 53.18ms
INF 2026-08-23T08:27:19.532Z > 200 GET /api/v1/ 46.16ms
INF 2026-08-23T08:27:19.533Z > 200 GET /api/v1/ 48.98ms
INF 2026-08-23T08:27:19.534Z > 200 GET /api/v1/ 48.97ms
INF 2026-08-23T08:27:19.540Z > 200 GET /api/v1/ 85.36ms
INF 2026-08-23T08:27:19.541Z > 200 GET /api/v1/ 47.68ms
INF 2026-08-23T08:27:19.541Z > 200 GET /api/v1/ 49.49ms
INF 2026-08-23T08:27:19.541Z > 200 GET /api/v1/ 52.94ms
INF 2026-08-23T08:27:19.541Z > 200 GET /api/v1/ 51.18ms
INF 2026-08-23T08:27:19.542Z > 200 GET /api/v1/ 52.21ms
INF 2026-08-23T08:27:19.542Z > 200 GET /api/v1/ 52.05ms
INF 2026-08-23T08:27:19.543Z > 200 GET /api/v1/ 63.23ms
INF 2026-08-23T08:27:19.544Z > 200 GET /api/v1/ 63.46ms
INF 2026-08-23T08:27:19.549Z > 200 GET /api/v1/ 90.08ms
INF 2026-08-23T08:27:19.549Z > 200 GET /api/v1/ 62.25ms
INF 2026-08-23T08:27:19.550Z > 200 GET /api/v1/ 63.68ms
INF 2026-08-23T08:27:19.550Z > 200 GET /api/v1/ 51.73ms
INF 2026-08-23T08:27:19.550Z > 200 GET /api/v1/ 54.0ms
INF 2026-08-23T08:27:19.551Z > 200 GET /api/v1/ 54.9ms
INF 2026-08-23T08:27:19.551Z > 200 GET /api/v1/ 52.87ms
INF 2026-08-23T08:27:19.551Z > 200 GET /api/v1/ 53.92ms
INF 2026-08-23T08:27:19.551Z > 200 GET /api/v1/ 53.81ms
INF 2026-08-23T08:27:19.552Z > 200 GET /api/v1/ 54.88ms
INF 2026-08-23T08:27:19.552Z > 200 GET /api/v1/ 56.81ms
INF 2026-08-23T08:27:19.553Z > 200 GET /api/v1/ 58.26ms
INF 2026-08-23T08:27:19.553Z > 200 GET /api/v1/ 58.79ms
INF 2026-08-23T08:27:19.554Z > 200 GET /api/v1/ 69.68ms
INF 2026-08-23T08:27:19.560Z > 200 GET /api/v1/ 67.57ms
INF 2026-08-23T08:27:19.580Z > 200 GET /api/v1/ 78.14ms
INF 2026-08-23T08:27:19.580Z > 200 GET /api/v1/ 77.31ms
INF 2026-08-23T08:27:19.580Z > 200 GET /api/v1/ 78.84ms
INF 2026-08-23T08:27:19.581Z > 200 GET /api/v1/ 78.31ms
INF 2026-08-23T08:27:19.581Z > 200 GET /api/v1/ 77.68ms
INF 2026-08-23T08:27:19.581Z > 200 GET /api/v1/ 92.69ms
INF 2026-08-23T08:27:19.581Z > 200 GET /api/v1/ 93.41ms
INF 2026-08-23T08:27:19.582Z > 200 GET /api/v1/ 82.53ms
INF 2026-08-23T08:27:19.583Z > 200 GET /api/v1/ 82.7ms
INF 2026-08-23T08:27:19.583Z > 200 GET /api/v1/ 96.43ms
INF 2026-08-23T08:27:19.584Z > 200 GET /api/v1/ 70.52ms
INF 2026-08-23T08:27:19.584Z > 200 GET /api/v1/ 70.23ms
INF 2026-08-23T08:27:19.585Z > 200 GET /api/v1/ 74.17ms
INF 2026-08-23T08:27:19.587Z > 200 GET /api/v1/ 64.69ms
INF 2026-08-23T08:27:19.588Z > 200 GET /api/v1/ 81.05ms
INF 2026-08-23T08:27:19.588Z > 200 GET /api/v1/ 93.59ms
INF 2026-08-23T08:27:19.591Z > 200 GET /api/v1/ 86.71ms
INF 2026-08-23T08:27:19.592Z > 200 GET /api/v1/ 84.56ms
INF 2026-08-23T08:27:19.592Z > 200 GET /api/v1/ 99.46ms
INF 2026-08-23T08:27:19.592Z > 200 GET /api/v1/ 88.05ms
INF 2026-08-23T08:27:19.593Z > 200 GET /api/v1/ 88.96ms
INF 2026-08-23T08:27:19.594Z > 200 GET /api/v1/ 101.46ms
INF 2026-08-23T08:27:19.598Z > 200 GET /api/v1/ 63.92ms
INF 2026-08-23T08:27:19.599Z > 200 GET /api/v1/ 100.94ms
INF 2026-08-23T08:27:19.600Z > 200 GET /api/v1/ 100.94ms
INF 2026-08-23T08:27:19.601Z > 200 GET /api/v1/ 87.83ms
INF 2026-08-23T08:27:19.601Z > 200 GET /api/v1/ 74.14ms
INF 2026-08-23T08:27:19.602Z > 200 GET /api/v1/ 76.15ms
INF 2026-08-23T08:27:19.602Z > 200 GET /api/v1/ 78.82ms
INF 2026-08-23T08:27:19.603Z > 200 GET /api/v1/ 79.59ms
INF 2026-08-23T08:27:19.603Z > 200 GET /api/v1/ 77.14ms
INF 2026-08-23T08:27:19.604Z > 200 GET /api/v1/ 81.22ms
INF 2026-08-23T08:27:19.612Z > 200 GET /api/v1/ 72.32ms
INF 2026-08-23T08:27:19.612Z > 200 GET /api/v1/ 74.35ms
INF 2026-08-23T08:27:19.614Z > 200 GET /api/v1/ 77.14ms
INF 2026-08-23T08:27:19.615Z > 200 GET /api/v1/ 76.83ms
INF 2026-08-23T08:27:19.615Z > 200 GET /api/v1/ 79.41ms
INF 2026-08-23T08:27:19.615Z > 200 GET /api/v1/ 81.02ms
INF 2026-08-23T08:27:19.616Z > 200 GET /api/v1/ 81.72ms
INF 2026-08-23T08:27:19.616Z > 200 GET /api/v1/ 83.7ms
INF 2026-08-23T08:27:19.620Z > 200 GET /api/v1/ 81.77ms
INF 2026-08-23T08:27:19.620Z > 200 GET /api/v1/ 80.86ms
INF 2026-08-23T08:27:19.624Z > 200 GET /api/v1/ 86.51ms
INF 2026-08-23T08:27:19.624Z > 200 GET /api/v1/ 88.86ms
INF 2026-08-23T08:27:19.625Z > 200 GET /api/v1/ 85.76ms
INF 2026-08-23T08:27:19.625Z > 200 GET /api/v1/ 68.91ms
INF 2026-08-23T08:27:19.628Z > 200 GET /api/v1/ 73.59ms
INF 2026-08-23T08:27:19.629Z > 200 GET /api/v1/ 74.03ms
INF 2026-08-23T08:27:19.630Z > 200 GET /api/v1/ 82.53ms
INF 2026-08-23T08:27:19.630Z > 200 GET /api/v1/ 82.42ms
INF 2026-08-23T08:27:19.630Z > 200 GET /api/v1/ 83.42ms
INF 2026-08-23T08:27:19.631Z > 200 GET /api/v1/ 85.06ms
INF 2026-08-23T08:27:19.631Z > 200 GET /api/v1/ 87.12ms
INF 2026-08-23T08:27:19.634Z > 200 GET /api/v1/ 75.43ms
INF 2026-08-23T08:27:19.640Z > 200 GET /api/v1/ 49.39ms
INF 2026-08-23T08:27:19.640Z > 200 GET /api/v1/ 50.35ms
INF 2026-08-23T08:27:19.640Z > 200 GET /api/v1/ 50.37ms
INF 2026-08-23T08:27:19.641Z > 200 GET /api/v1/ 50.93ms
INF 2026-08-23T08:27:19.641Z > 200 GET /api/v1/ 50.56ms
INF 2026-08-23T08:27:19.642Z > 200 GET /api/v1/ 53.21ms
INF 2026-08-23T08:27:19.642Z > 200 GET /api/v1/ 53.1ms
INF 2026-08-23T08:27:19.642Z > 200 GET /api/v1/ 53.88ms
INF 2026-08-23T08:27:19.643Z > 200 GET /api/v1/ 53.28ms
INF 2026-08-23T08:27:19.643Z > 200 GET /api/v1/ 54.34ms
INF 2026-08-23T08:27:19.643Z > 200 GET /api/v1/ 54.84ms
INF 2026-08-23T08:27:19.644Z > 200 GET /api/v1/ 55.6ms
INF 2026-08-23T08:27:19.644Z > 200 GET /api/v1/ 55.56ms
INF 2026-08-23T08:27:19.644Z > 200 GET /api/v1/ 54.8ms
INF 2026-08-23T08:27:19.645Z > 200 GET /api/v1/ 55.76ms
INF 2026-08-23T08:27:19.645Z > 200 GET /api/v1/ 59.96ms
INF 2026-08-23T08:27:19.646Z > 200 GET /api/v1/ 59.31ms
INF 2026-08-23T08:27:19.646Z > 200 GET /api/v1/ 59.37ms
INF 2026-08-23T08:27:19.647Z > 200 GET /api/v1/ 60.61ms
INF 2026-08-23T08:27:19.647Z > 200 GET /api/v1/ 61.14ms
INF 2026-08-23T08:27:19.648Z > 200 GET /api/v1/ 51.88ms
INF 2026-08-23T08:27:19.648Z > 200 GET /api/v1/ 53.0ms
INF 2026-08-23T08:27:19.649Z > 200 GET /api/v1/ 52.87ms
INF 2026-08-23T08:27:19.649Z > 200 GET /api/v1/ 52.87ms
INF 2026-08-23T08:27:19.649Z > 200 GET /api/v1/ 54.33ms
INF 2026-08-23T08:27:19.649Z > 200 GET /api/v1/ 54.37ms
INF 2026-08-23T08:27:19.653Z > 200 GET /api/v1/ 64.41ms
INF 2026-08-23T08:27:19.654Z > 200 GET /api/v1/ 62.16ms
INF 2026-08-23T08:27:19.660Z > 200 GET /api/v1/ 60.04ms
INF 2026-08-23T08:27:19.660Z > 200 GET /api/v1/ 61.5ms
INF 2026-08-23T08:27:19.661Z > 200 GET /api/v1/ 60.94ms
INF 2026-08-23T08:27:19.661Z > 200 GET /api/v1/ 61.79ms
INF 2026-08-23T08:27:19.662Z > 200 GET /api/v1/ 116.76ms
INF 2026-08-23T08:27:19.681Z > 200 GET /api/v1/ 87.82ms
INF 2026-08-23T08:27:19.682Z > 200 GET /api/v1/ 87.38ms
INF 2026-08-23T08:27:19.682Z > 200 GET /api/v1/ 87.97ms
INF 2026-08-23T08:27:19.682Z > 200 GET /api/v1/ 87.98ms
INF 2026-08-23T08:27:19.683Z > 200 GET /api/v1/ 89.79ms
INF 2026-08-23T08:27:19.683Z > 200 GET /api/v1/ 74.13ms
INF 2026-08-23T08:27:19.684Z > 200 GET /api/v1/ 75.3ms
INF 2026-08-23T08:27:19.686Z > 200 GET /api/v1/ 78.04ms
INF 2026-08-23T08:27:19.687Z > 200 GET /api/v1/ 95.94ms
INF 2026-08-23T08:27:19.689Z > 200 GET /api/v1/ 98.22ms
INF 2026-08-23T08:27:19.689Z > 200 GET /api/v1/ 99.06ms
INF 2026-08-23T08:27:19.689Z > 200 GET /api/v1/ 98.74ms
INF 2026-08-23T08:27:19.696Z > 200 GET /api/v1/ 79.26ms
INF 2026-08-23T08:27:19.696Z > 200 GET /api/v1/ 54.67ms
INF 2026-08-23T08:27:19.697Z > 200 GET /api/v1/ 52.64ms
INF 2026-08-23T08:27:19.697Z > 200 GET /api/v1/ 70.63ms
INF 2026-08-23T08:27:19.698Z > 200 GET /api/v1/ 71.54ms
INF 2026-08-23T08:27:19.698Z > 200 GET /api/v1/ 72.59ms
INF 2026-08-23T08:27:19.699Z > 200 GET /api/v1/ 71.93ms
INF 2026-08-23T08:27:19.706Z > 200 GET /api/v1/ 68.55ms
INF 2026-08-23T08:27:19.707Z > 200 GET /api/v1/ 73.15ms
INF 2026-08-23T08:27:19.707Z > 200 GET /api/v1/ 53.98ms
INF 2026-08-23T08:27:19.709Z > 200 GET /api/v1/ 76.24ms
INF 2026-08-23T08:27:19.711Z > 200 GET /api/v1/ 61.4ms
INF 2026-08-23T08:27:19.711Z > 200 GET /api/v1/ 79.04ms
INF 2026-08-23T08:27:19.712Z > 200 GET /api/v1/ 64.45ms
INF 2026-08-23T08:27:19.716Z > 200 GET /api/v1/ 77.21ms
INF 2026-08-23T08:27:19.716Z > 200 GET /api/v1/ 93.74ms
INF 2026-08-23T08:27:19.717Z > 200 GET /api/v1/ 93.67ms
INF 2026-08-23T08:27:19.718Z > 200 GET /api/v1/ 82.38ms
INF 2026-08-23T08:27:19.719Z > 200 GET /api/v1/ 96.76ms
INF 2026-08-23T08:27:19.720Z > 200 GET /api/v1/ 82.86ms
INF 2026-08-23T08:27:19.720Z > 200 GET /api/v1/ 83.63ms
INF 2026-08-23T08:27:19.721Z > 200 GET /api/v1/ 69.34ms
INF 2026-08-23T08:27:19.723Z > 200 GET /api/v1/ 71.27ms
INF 2026-08-23T08:27:19.723Z > 200 GET /api/v1/ 73.9ms
INF 2026-08-23T08:27:19.724Z > 200 GET /api/v1/ 73.62ms
INF 2026-08-23T08:27:19.724Z > 200 GET /api/v1/ 71.67ms
INF 2026-08-23T08:27:19.724Z > 200 GET /api/v1/ 72.72ms
INF 2026-08-23T08:27:19.724Z > 200 GET /api/v1/ 73.71ms
INF 2026-08-23T08:27:19.725Z > 200 GET /api/v1/ 73.83ms
INF 2026-08-23T08:27:19.728Z > 200 GET /api/v1/ 70.73ms
INF 2026-08-23T08:27:19.729Z > 200 GET /api/v1/ 71.35ms
INF 2026-08-23T08:27:19.730Z > 200 GET /api/v1/ 83.23ms
INF 2026-08-23T08:27:19.730Z > 200 GET /api/v1/ 73.36ms
INF 2026-08-23T08:27:19.732Z > 200 GET /api/v1/ 45.48ms
INF 2026-08-23T08:27:19.734Z > 200 GET /api/v1/ 78.15ms
INF 2026-08-23T08:27:19.736Z > 200 GET /api/v1/ 100.42ms
INF 2026-08-23T08:27:19.736Z > 200 GET /api/v1/ 101.56ms
INF 2026-08-23T08:27:19.736Z > 200 GET /api/v1/ 52.88ms
INF 2026-08-23T08:27:19.738Z > 200 GET /api/v1/ 59.14ms
INF 2026-08-23T08:27:19.739Z > 200 GET /api/v1/ 59.15ms
INF 2026-08-23T08:27:19.742Z > 200 GET /api/v1/ 97.48ms
INF 2026-08-23T08:27:19.742Z > 200 GET /api/v1/ 48.93ms
INF 2026-08-23T08:27:19.742Z > 200 GET /api/v1/ 49.01ms
INF 2026-08-23T08:27:19.743Z > 200 GET /api/v1/ 48.69ms
INF 2026-08-23T08:27:19.743Z > 200 GET /api/v1/ 49.83ms
INF 2026-08-23T08:27:19.743Z > 200 GET /api/v1/ 49.66ms
INF 2026-08-23T08:27:19.744Z > 200 GET /api/v1/ 52.08ms
INF 2026-08-23T08:27:19.744Z > 200 GET /api/v1/ 53.65ms
INF 2026-08-23T08:27:19.745Z > 200 GET /api/v1/ 53.6ms
INF 2026-08-23T08:27:19.745Z > 200 GET /api/v1/ 54.12ms
INF 2026-08-23T08:27:19.745Z > 200 GET /api/v1/ 55.52ms
INF 2026-08-23T08:27:19.748Z > 200 GET /api/v1/ 60.88ms
INF 2026-08-23T08:27:19.748Z > 200 GET /api/v1/ 60.95ms
INF 2026-08-23T08:27:19.749Z > 200 GET /api/v1/ 64.11ms
INF 2026-08-23T08:27:19.749Z > 200 GET /api/v1/ 41.68ms
INF 2026-08-23T08:27:19.750Z > 200 GET /api/v1/ 61.5ms
INF 2026-08-23T08:27:19.750Z > 200 GET /api/v1/ 62.01ms
INF 2026-08-23T08:27:19.750Z > 200 GET /api/v1/ 63.31ms
INF 2026-08-23T08:27:19.750Z > 200 GET /api/v1/ 65.15ms
INF 2026-08-23T08:27:19.752Z > 200 GET /api/v1/ 52.41ms
INF 2026-08-23T08:27:19.754Z > 200 GET /api/v1/ 59.39ms
INF 2026-08-23T08:27:19.755Z > 200 GET /api/v1/ 63.61ms
INF 2026-08-23T08:27:19.756Z > 200 GET /api/v1/ 62.83ms
INF 2026-08-23T08:27:19.756Z > 200 GET /api/v1/ 64.26ms
INF 2026-08-23T08:27:19.756Z > 200 GET /api/v1/ 63.69ms
INF 2026-08-23T08:27:19.777Z > 200 GET /api/v1/ 83.95ms
INF 2026-08-23T08:27:19.777Z > 200 GET /api/v1/ 69.46ms
INF 2026-08-23T08:27:19.778Z > 200 GET /api/v1/ 91.6ms
INF 2026-08-23T08:27:19.778Z > 200 GET /api/v1/ 92.11ms
INF 2026-08-23T08:27:19.778Z > 200 GET /api/v1/ 73.05ms
INF 2026-08-23T08:27:19.779Z > 200 GET /api/v1/ 74.1ms
INF 2026-08-23T08:27:19.779Z > 200 GET /api/v1/ 75.98ms
INF 2026-08-23T08:27:19.780Z > 200 GET /api/v1/ 77.02ms
INF 2026-08-23T08:27:19.780Z > 200 GET /api/v1/ 79.32ms
INF 2026-08-23T08:27:19.782Z > 200 GET /api/v1/ 78.0ms
INF 2026-08-23T08:27:19.782Z > 200 GET /api/v1/ 96.97ms
INF 2026-08-23T08:27:19.782Z > 200 GET /api/v1/ 83.68ms
INF 2026-08-23T08:27:19.783Z > 200 GET /api/v1/ 83.27ms
INF 2026-08-23T08:27:19.786Z > 200 GET /api/v1/ 73.24ms
INF 2026-08-23T08:27:19.789Z > 200 GET /api/v1/ 95.47ms
INF 2026-08-23T08:27:19.790Z > 200 GET /api/v1/ 98.43ms
INF 2026-08-23T08:27:19.790Z > 200 GET /api/v1/ 97.56ms
INF 2026-08-23T08:27:19.790Z > 200 GET /api/v1/ 96.63ms
INF 2026-08-23T08:27:19.790Z > 200 GET /api/v1/ 83.02ms
INF 2026-08-23T08:27:19.791Z > 200 GET /api/v1/ 97.81ms
INF 2026-08-23T08:27:19.793Z > 200 GET /api/v1/ 54.66ms
INF 2026-08-23T08:27:19.797Z > 200 GET /api/v1/ 94.95ms
INF 2026-08-23T08:27:19.797Z > 200 GET /api/v1/ 94.77ms
INF 2026-08-23T08:27:19.797Z > 200 GET /api/v1/ 95.99ms
INF 2026-08-23T08:27:19.799Z > 200 GET /api/v1/ 65.36ms
INF 2026-08-23T08:27:19.800Z > 200 GET /api/v1/ 66.63ms
INF 2026-08-23T08:27:19.800Z > 200 GET /api/v1/ 67.2ms
INF 2026-08-23T08:27:19.800Z > 200 GET /api/v1/ 68.83ms
INF 2026-08-23T08:27:19.801Z > 200 GET /api/v1/ 69.66ms
INF 2026-08-23T08:27:19.801Z > 200 GET /api/v1/ 72.83ms
INF 2026-08-23T08:27:19.802Z > 200 GET /api/v1/ 71.33ms
INF 2026-08-23T08:27:19.802Z > 200 GET /api/v1/ 58.06ms
INF 2026-08-23T08:27:19.812Z > 200 GET /api/v1/ 77.05ms
INF 2026-08-23T08:27:19.814Z > 200 GET /api/v1/ 33.75ms
INF 2026-08-23T08:27:19.815Z > 200 GET /api/v1/ 69.12ms
INF 2026-08-23T08:27:19.815Z > 200 GET /api/v1/ 34.73ms
INF 2026-08-23T08:27:19.815Z > 200 GET /api/v1/ 68.8ms
INF 2026-08-23T08:27:19.816Z > 200 GET /api/v1/ 71.67ms
INF 2026-08-23T08:27:19.816Z > 200 GET /api/v1/ 69.69ms
INF 2026-08-23T08:27:19.816Z > 200 GET /api/v1/ 69.5ms
INF 2026-08-23T08:27:19.817Z > 200 GET /api/v1/ 70.09ms
INF 2026-08-23T08:27:19.819Z > 200 GET /api/v1/ 80.62ms
INF 2026-08-23T08:27:19.824Z > 200 GET /api/v1/ 71.17ms
INF 2026-08-23T08:27:19.825Z > 200 GET /api/v1/ 71.31ms
INF 2026-08-23T08:27:19.826Z > 200 GET /api/v1/ 40.07ms
INF 2026-08-23T08:27:19.826Z > 200 GET /api/v1/ 74.83ms
INF 2026-08-23T08:27:19.826Z > 200 GET /api/v1/ 73.33ms
INF 2026-08-23T08:27:19.833Z > 200 GET /api/v1/ 92.95ms
INF 2026-08-23T08:27:19.835Z > 200 GET /api/v1/ 95.92ms
INF 2026-08-23T08:27:19.835Z > 200 GET /api/v1/ 49.44ms
INF 2026-08-23T08:27:19.836Z > 200 GET /api/v1/ 47.42ms
INF 2026-08-23T08:27:19.836Z > 200 GET /api/v1/ 49.66ms
INF 2026-08-23T08:27:19.836Z > 200 GET /api/v1/ 48.35ms
INF 2026-08-23T08:27:19.837Z > 200 GET /api/v1/ 50.89ms
INF 2026-08-23T08:27:19.837Z > 200 GET /api/v1/ 50.91ms
INF 2026-08-23T08:27:19.839Z > 200 GET /api/v1/ 51.33ms
INF 2026-08-23T08:27:19.839Z > 200 GET /api/v1/ 51.87ms
INF 2026-08-23T08:27:19.839Z > 200 GET /api/v1/ 50.71ms
INF 2026-08-23T08:27:19.840Z > 200 GET /api/v1/ 53.04ms
INF 2026-08-23T08:27:19.840Z > 200 GET /api/v1/ 53.96ms
INF 2026-08-23T08:27:19.840Z > 200 GET /api/v1/ 38.4ms
INF 2026-08-23T08:27:19.841Z > 200 GET /api/v1/ 56.12ms
INF 2026-08-23T08:27:19.843Z > 200 GET /api/v1/ 58.4ms
INF 2026-08-23T08:27:19.846Z > 200 GET /api/v1/ 88.71ms
INF 2026-08-23T08:27:19.847Z > 200 GET /api/v1/ 90.19ms
INF 2026-08-23T08:27:19.849Z > 200 GET /api/v1/ 90.88ms
INF 2026-08-23T08:27:19.849Z > 200 GET /api/v1/ 61.33ms
INF 2026-08-23T08:27:19.851Z > 200 GET /api/v1/ 64.05ms
INF 2026-08-23T08:27:19.851Z > 200 GET /api/v1/ 63.16ms
INF 2026-08-23T08:27:19.852Z > 200 GET /api/v1/ 63.95ms
INF 2026-08-23T08:27:19.852Z > 200 GET /api/v1/ 64.48ms
INF 2026-08-23T08:27:19.852Z > 200 GET /api/v1/ 65.53ms
INF 2026-08-23T08:27:19.853Z > 200 GET /api/v1/ 65.72ms
INF 2026-08-23T08:27:19.854Z > 200 GET /api/v1/ 67.0ms
INF 2026-08-23T08:27:19.854Z > 200 GET /api/v1/ 66.81ms
INF 2026-08-23T08:27:19.854Z > 200 GET /api/v1/ 50.79ms
INF 2026-08-23T08:27:19.855Z > 200 GET /api/v1/ 52.26ms
INF 2026-08-23T08:27:19.856Z > 200 GET /api/v1/ 53.08ms
INF 2026-08-23T08:27:19.856Z > 200 GET /api/v1/ 57.29ms
INF 2026-08-23T08:27:19.876Z > 200 GET /api/v1/ 80.45ms
INF 2026-08-23T08:27:19.877Z > 200 GET /api/v1/ 82.76ms
INF 2026-08-23T08:27:19.877Z > 200 GET /api/v1/ 78.74ms
INF 2026-08-23T08:27:19.877Z > 200 GET /api/v1/ 79.21ms
INF 2026-08-23T08:27:19.877Z > 200 GET /api/v1/ 85.11ms
INF 2026-08-23T08:27:19.877Z > 200 GET /api/v1/ 81.85ms
INF 2026-08-23T08:27:19.878Z > 200 GET /api/v1/ 82.79ms
INF 2026-08-23T08:27:19.878Z > 200 GET /api/v1/ 83.29ms
INF 2026-08-23T08:27:19.878Z > 200 GET /api/v1/ 97.12ms
INF 2026-08-23T08:27:19.879Z > 200 GET /api/v1/ 81.69ms
INF 2026-08-23T08:27:19.879Z > 200 GET /api/v1/ 86.31ms
INF 2026-08-23T08:27:19.879Z > 200 GET /api/v1/ 84.79ms
INF 2026-08-23T08:27:19.879Z > 200 GET /api/v1/ 85.74ms
INF 2026-08-23T08:27:19.880Z > 200 GET /api/v1/ 84.42ms
INF 2026-08-23T08:27:19.886Z > 200 GET /api/v1/ 89.27ms
INF 2026-08-23T08:27:19.887Z > 200 GET /api/v1/ 81.77ms
INF 2026-08-23T08:27:19.887Z > 200 GET /api/v1/ 80.09ms
INF 2026-08-23T08:27:19.887Z > 200 GET /api/v1/ 82.94ms
INF 2026-08-23T08:27:19.888Z > 200 GET /api/v1/ 81.65ms
INF 2026-08-23T08:27:19.889Z > 200 GET /api/v1/ 81.78ms
INF 2026-08-23T08:27:19.895Z > 200 GET /api/v1/ 98.7ms
INF 2026-08-23T08:27:19.902Z > 200 GET /api/v1/ 76.55ms
INF 2026-08-23T08:27:19.902Z > 200 GET /api/v1/ 77.35ms
INF 2026-08-23T08:27:19.903Z > 200 GET /api/v1/ 80.42ms
INF 2026-08-23T08:27:19.903Z > 200 GET /api/v1/ 81.41ms
INF 2026-08-23T08:27:19.903Z > 200 GET /api/v1/ 81.29ms
INF 2026-08-23T08:27:19.904Z > 200 GET /api/v1/ 81.76ms
INF 2026-08-23T08:27:19.906Z > 200 GET /api/v1/ 56.92ms
INF 2026-08-23T08:27:19.908Z > 200 GET /api/v1/ 61.91ms
INF 2026-08-23T08:27:19.910Z > 200 GET /api/v1/ 80.98ms
INF 2026-08-23T08:27:19.914Z > 200 GET /api/v1/ 92.61ms
INF 2026-08-23T08:27:19.914Z > 200 GET /api/v1/ 76.39ms
INF 2026-08-23T08:27:19.915Z > 200 GET /api/v1/ 77.52ms
INF 2026-08-23T08:27:19.916Z > 200 GET /api/v1/ 74.48ms
INF 2026-08-23T08:27:19.916Z > 200 GET /api/v1/ 78.14ms
INF 2026-08-23T08:27:19.917Z > 200 GET /api/v1/ 75.82ms
INF 2026-08-23T08:27:19.917Z > 200 GET /api/v1/ 79.93ms
INF 2026-08-23T08:27:19.920Z > 200 GET /api/v1/ 86.31ms
INF 2026-08-23T08:27:19.920Z > 200 GET /api/v1/ 74.04ms
INF 2026-08-23T08:27:19.921Z > 200 GET /api/v1/ 88.74ms
INF 2026-08-23T08:27:19.921Z > 200 GET /api/v1/ 89.3ms
INF 2026-08-23T08:27:19.921Z > 200 GET /api/v1/ 73.88ms
INF 2026-08-23T08:27:19.923Z > 200 GET /api/v1/ 74.51ms
INF 2026-08-23T08:27:19.924Z > 200 GET /api/v1/ 79.12ms
INF 2026-08-23T08:27:19.924Z > 200 GET /api/v1/ 75.88ms
INF 2026-08-23T08:27:19.924Z > 200 GET /api/v1/ 78.59ms
INF 2026-08-23T08:27:19.925Z > 200 GET /api/v1/ 79.43ms
INF 2026-08-23T08:27:19.925Z > 200 GET /api/v1/ 38.68ms
INF 2026-08-23T08:27:19.925Z > 200 GET /api/v1/ 79.66ms
INF 2026-08-23T08:27:19.925Z > 200 GET /api/v1/ 78.66ms
INF 2026-08-23T08:27:19.930Z > 200 GET /api/v1/ 50.69ms
INF 2026-08-23T08:27:19.935Z > 200 GET /api/v1/ 101.1ms
INF 2026-08-23T08:27:19.937Z > 200 GET /api/v1/ 105.96ms
INF 2026-08-23T08:27:19.938Z > 200 GET /api/v1/ 104.11ms
INF 2026-08-23T08:27:19.938Z > 200 GET /api/v1/ 107.61ms
INF 2026-08-23T08:27:19.939Z > 200 GET /api/v1/ 54.62ms
INF 2026-08-23T08:27:19.939Z > 200 GET /api/v1/ 51.93ms
INF 2026-08-23T08:27:19.941Z > 200 GET /api/v1/ 56.11ms
INF 2026-08-23T08:27:19.941Z > 200 GET /api/v1/ 57.63ms
INF 2026-08-23T08:27:19.942Z > 200 GET /api/v1/ 57.53ms
INF 2026-08-23T08:27:19.943Z > 200 GET /api/v1/ 62.15ms
INF 2026-08-23T08:27:19.943Z > 200 GET /api/v1/ 60.2ms
INF 2026-08-23T08:27:19.944Z > 200 GET /api/v1/ 60.36ms
INF 2026-08-23T08:27:19.944Z > 200 GET /api/v1/ 62.19ms
INF 2026-08-23T08:27:19.946Z > 200 GET /api/v1/ 66.02ms
INF 2026-08-23T08:27:19.946Z > 200 GET /api/v1/ 64.49ms
INF 2026-08-23T08:27:19.946Z > 200 GET /api/v1/ 64.48ms
INF 2026-08-23T08:27:19.947Z > 200 GET /api/v1/ 65.57ms
INF 2026-08-23T08:27:19.947Z > 200 GET /api/v1/ 64.78ms
INF 2026-08-23T08:27:19.947Z > 200 GET /api/v1/ 67.2ms
INF 2026-08-23T08:27:19.948Z > 200 GET /api/v1/ 66.81ms
INF 2026-08-23T08:27:19.948Z > 200 GET /api/v1/ 66.56ms
INF 2026-08-23T08:27:19.948Z > 200 GET /api/v1/ 67.15ms
INF 2026-08-23T08:27:19.948Z > 200 GET /api/v1/ 66.9ms
INF 2026-08-23T08:27:19.949Z > 200 GET /api/v1/ 69.45ms
INF 2026-08-23T08:27:19.949Z > 200 GET /api/v1/ 67.0ms
INF 2026-08-23T08:27:19.949Z > 200 GET /api/v1/ 54.55ms
INF 2026-08-23T08:27:19.950Z > 200 GET /api/v1/ 59.47ms
INF 2026-08-23T08:27:19.956Z > 200 GET /api/v1/ 56.3ms
INF 2026-08-23T08:27:19.957Z > 200 GET /api/v1/ 56.21ms
INF 2026-08-23T08:27:19.958Z > 200 GET /api/v1/ 62.11ms
INF 2026-08-23T08:27:19.960Z > 200 GET /api/v1/ 66.18ms
INF 2026-08-23T08:27:19.960Z > 200 GET /api/v1/ 68.2ms
INF 2026-08-23T08:27:19.960Z > 200 GET /api/v1/ 67.11ms
INF 2026-08-23T08:27:19.961Z > 200 GET /api/v1/ 66.81ms
INF 2026-08-23T08:27:19.979Z > 200 GET /api/v1/ 86.28ms
INF 2026-08-23T08:27:19.979Z > 200 GET /api/v1/ 85.35ms
INF 2026-08-23T08:27:19.986Z > 200 GET /api/v1/ 64.37ms
INF 2026-08-23T08:27:19.986Z > 200 GET /api/v1/ 60.68ms
INF 2026-08-23T08:27:19.986Z > 200 GET /api/v1/ 63.37ms
INF 2026-08-23T08:27:19.987Z > 200 GET /api/v1/ 90.21ms
INF 2026-08-23T08:27:19.988Z > 200 GET /api/v1/ 98.24ms
INF 2026-08-23T08:27:19.988Z > 200 GET /api/v1/ 87.74ms
INF 2026-08-23T08:27:19.991Z > 200 GET /api/v1/ 65.77ms
INF 2026-08-23T08:27:19.993Z > 200 GET /api/v1/ 97.91ms
INF 2026-08-23T08:27:19.993Z > 200 GET /api/v1/ 97.59ms
INF 2026-08-23T08:27:19.993Z > 200 GET /api/v1/ 81.25ms
INF 2026-08-23T08:27:19.993Z > 200 GET /api/v1/ 98.4ms
INF 2026-08-23T08:27:19.994Z > 200 GET /api/v1/ 81.09ms
INF 2026-08-23T08:27:19.994Z > 200 GET /api/v1/ 82.34ms
INF 2026-08-23T08:27:19.997Z > 200 GET /api/v1/ 103.16ms
INF 2026-08-23T08:27:19.998Z > 200 GET /api/v1/ 70.67ms
INF 2026-08-23T08:27:19.999Z > 200 GET /api/v1/ 71.29ms
INF 2026-08-23T08:27:19.999Z > 200 GET /api/v1/ 72.57ms
INF 2026-08-23T08:27:20.000Z > 200 GET /api/v1/ 78.79ms
INF 2026-08-23T08:27:20.001Z > 200 GET /api/v1/ 74.59ms
INF 2026-08-23T08:27:20.002Z > 200 GET /api/v1/ 79.44ms
INF 2026-08-23T08:27:20.006Z > 200 GET /api/v1/ 102.14ms
INF 2026-08-23T08:27:20.007Z > 200 GET /api/v1/ 118.4ms
INF 2026-08-23T08:27:20.007Z > 200 GET /api/v1/ 103.17ms
INF 2026-08-23T08:27:20.010Z > 200 GET /api/v1/ 77.21ms
INF 2026-08-23T08:27:20.011Z > 200 GET /api/v1/ 78.49ms
INF 2026-08-23T08:27:20.012Z > 200 GET /api/v1/ 80.42ms
INF 2026-08-23T08:27:20.012Z > 200 GET /api/v1/ 78.43ms
INF 2026-08-23T08:27:20.015Z > 200 GET /api/v1/ 65.66ms
INF 2026-08-23T08:27:20.016Z > 200 GET /api/v1/ 55.36ms
INF 2026-08-23T08:27:20.016Z > 200 GET /api/v1/ 79.29ms
INF 2026-08-23T08:27:20.016Z > 200 GET /api/v1/ 80.1ms
INF 2026-08-23T08:27:20.018Z > 200 GET /api/v1/ 81.01ms
INF 2026-08-23T08:27:20.019Z > 200 GET /api/v1/ 81.93ms
INF 2026-08-23T08:27:20.021Z > 200 GET /api/v1/ 86.27ms
INF 2026-08-23T08:27:20.021Z > 200 GET /api/v1/ 87.12ms
INF 2026-08-23T08:27:20.023Z > 200 GET /api/v1/ 69.19ms
INF 2026-08-23T08:27:20.025Z > 200 GET /api/v1/ 71.75ms
INF 2026-08-23T08:27:20.025Z > 200 GET /api/v1/ 71.61ms
INF 2026-08-23T08:27:20.025Z > 200 GET /api/v1/ 72.74ms
INF 2026-08-23T08:27:20.026Z > 200 GET /api/v1/ 73.42ms
INF 2026-08-23T08:27:20.026Z > 200 GET /api/v1/ 74.29ms
INF 2026-08-23T08:27:20.030Z > 200 GET /api/v1/ 72.85ms
INF 2026-08-23T08:27:20.033Z > 200 GET /api/v1/ 76.88ms
INF 2026-08-23T08:27:20.035Z > 200 GET /api/v1/ 94.77ms
INF 2026-08-23T08:27:20.035Z > 200 GET /api/v1/ 51.38ms
INF 2026-08-23T08:27:20.036Z > 200 GET /api/v1/ 54.82ms
INF 2026-08-23T08:27:20.036Z > 200 GET /api/v1/ 49.34ms
INF 2026-08-23T08:27:20.036Z > 200 GET /api/v1/ 35.56ms
INF 2026-08-23T08:27:20.037Z > 200 GET /api/v1/ 55.41ms
INF 2026-08-23T08:27:20.037Z > 200 GET /api/v1/ 55.26ms
INF 2026-08-23T08:27:20.038Z > 200 GET /api/v1/ 35.95ms
INF 2026-08-23T08:27:20.038Z > 200 GET /api/v1/ 53.65ms
INF 2026-08-23T08:27:20.039Z > 200 GET /api/v1/ 55.96ms
INF 2026-08-23T08:27:20.040Z > 200 GET /api/v1/ 57.89ms
INF 2026-08-23T08:27:20.040Z > 200 GET /api/v1/ 58.6ms
INF 2026-08-23T08:27:20.041Z > 200 GET /api/v1/ 59.6ms
INF 2026-08-23T08:27:20.041Z > 200 GET /api/v1/ 60.53ms
INF 2026-08-23T08:27:20.041Z > 200 GET /api/v1/ 60.39ms
INF 2026-08-23T08:27:20.042Z > 200 GET /api/v1/ 60.29ms
INF 2026-08-23T08:27:20.042Z > 200 GET /api/v1/ 61.06ms
INF 2026-08-23T08:27:20.043Z > 200 GET /api/v1/ 60.55ms
INF 2026-08-23T08:27:20.043Z > 200 GET /api/v1/ 61.24ms
INF 2026-08-23T08:27:20.044Z > 200 GET /api/v1/ 63.5ms
INF 2026-08-23T08:27:20.044Z > 200 GET /api/v1/ 64.54ms
INF 2026-08-23T08:27:20.045Z > 200 GET /api/v1/ 62.38ms
INF 2026-08-23T08:27:20.045Z > 200 GET /api/v1/ 51.21ms
INF 2026-08-23T08:27:20.046Z > 200 GET /api/v1/ 96.09ms
INF 2026-08-23T08:27:20.046Z > 200 GET /api/v1/ 65.78ms
INF 2026-08-23T08:27:20.046Z > 200 GET /api/v1/ 65.5ms
INF 2026-08-23T08:27:20.046Z > 200 GET /api/v1/ 56.48ms
INF 2026-08-23T08:27:20.047Z > 200 GET /api/v1/ 54.71ms
INF 2026-08-23T08:27:20.047Z > 200 GET /api/v1/ 55.34ms
INF 2026-08-23T08:27:20.048Z > 200 GET /api/v1/ 56.02ms
INF 2026-08-23T08:27:20.049Z > 200 GET /api/v1/ 37.63ms
INF 2026-08-23T08:27:20.049Z > 200 GET /api/v1/ 56.92ms
INF 2026-08-23T08:27:20.049Z > 200 GET /api/v1/ 60.28ms
INF 2026-08-23T08:27:20.050Z > 200 GET /api/v1/ 61.89ms
INF 2026-08-23T08:27:20.052Z > 200 GET /api/v1/ 63.79ms
INF 2026-08-23T08:27:20.053Z > 200 GET /api/v1/ 68.54ms
INF 2026-08-23T08:27:20.057Z > 200 GET /api/v1/ 60.93ms
INF 2026-08-23T08:27:20.057Z > 200 GET /api/v1/ 61.04ms
INF 2026-08-23T08:27:20.076Z > 200 GET /api/v1/ 81.89ms
INF 2026-08-23T08:27:20.088Z > 200 GET /api/v1/ 84.49ms
INF 2026-08-23T08:27:20.089Z > 200 GET /api/v1/ 83.67ms
INF 2026-08-23T08:27:20.089Z > 200 GET /api/v1/ 83.12ms
INF 2026-08-23T08:27:20.089Z > 200 GET /api/v1/ 86.27ms
INF 2026-08-23T08:27:20.090Z > 200 GET /api/v1/ 84.0ms
INF 2026-08-23T08:27:20.091Z > 200 GET /api/v1/ 85.39ms
INF 2026-08-23T08:27:20.092Z > 200 GET /api/v1/ 107.14ms
INF 2026-08-23T08:27:20.096Z > 200 GET /api/v1/ 82.38ms
INF 2026-08-23T08:27:20.097Z > 200 GET /api/v1/ 82.36ms
INF 2026-08-23T08:27:20.097Z > 200 GET /api/v1/ 82.9ms
INF 2026-08-23T08:27:20.097Z > 200 GET /api/v1/ 84.56ms
INF 2026-08-23T08:27:20.098Z > 200 GET /api/v1/ 85.45ms
INF 2026-08-23T08:27:20.101Z > 200 GET /api/v1/ 85.9ms
INF 2026-08-23T08:27:20.106Z > 200 GET /api/v1/ 63.12ms
INF 2026-08-23T08:27:20.109Z > 200 GET /api/v1/ 85.39ms
INF 2026-08-23T08:27:20.109Z > 200 GET /api/v1/ 85.13ms
INF 2026-08-23T08:27:20.110Z > 200 GET /api/v1/ 73.44ms
INF 2026-08-23T08:27:20.111Z > 200 GET /api/v1/ 106.77ms
INF 2026-08-23T08:27:20.112Z > 200 GET /api/v1/ 110.16ms
INF 2026-08-23T08:27:20.112Z > 200 GET /api/v1/ 109.77ms
INF 2026-08-23T08:27:20.114Z > 200 GET /api/v1/ 81.38ms
INF 2026-08-23T08:27:20.114Z > 200 GET /api/v1/ 82.11ms
INF 2026-08-23T08:27:20.117Z > 200 GET /api/v1/ 67.31ms
INF 2026-08-23T08:27:20.117Z > 200 GET /api/v1/ 86.77ms
INF 2026-08-23T08:27:20.118Z > 200 GET /api/v1/ 85.2ms
INF 2026-08-23T08:27:20.119Z > 200 GET /api/v1/ 87.74ms
INF 2026-08-23T08:27:20.122Z > 200 GET /api/v1/ 83.59ms
INF 2026-08-23T08:27:20.123Z > 200 GET /api/v1/ 83.78ms
INF 2026-08-23T08:27:20.124Z > 200 GET /api/v1/ 84.23ms
INF 2026-08-23T08:27:20.127Z > 200 GET /api/v1/ 87.45ms
INF 2026-08-23T08:27:20.129Z > 200 GET /api/v1/ 77.56ms
INF 2026-08-23T08:27:20.129Z > 200 GET /api/v1/ 79.4ms
INF 2026-08-23T08:27:20.129Z > 200 GET /api/v1/ 77.84ms
INF 2026-08-23T08:27:20.129Z > 200 GET /api/v1/ 81.74ms
INF 2026-08-23T08:27:20.131Z > 200 GET /api/v1/ 76.32ms
INF 2026-08-23T08:27:20.134Z > 200 GET /api/v1/ 76.95ms
INF 2026-08-23T08:27:20.135Z > 200 GET /api/v1/ 106.01ms
INF 2026-08-23T08:27:20.136Z > 200 GET /api/v1/ 79.58ms
INF 2026-08-23T08:27:20.139Z > 200 GET /api/v1/ 84.31ms
INF 2026-08-23T08:27:20.140Z > 200 GET /api/v1/ 85.56ms
INF 2026-08-23T08:27:20.141Z > 200 GET /api/v1/ 87.74ms
INF 2026-08-23T08:27:20.142Z > 200 GET /api/v1/ 49.4ms
INF 2026-08-23T08:27:20.142Z > 200 GET /api/v1/ 55.08ms
INF 2026-08-23T08:27:20.143Z > 200 GET /api/v1/ 56.81ms
INF 2026-08-23T08:27:20.144Z > 200 GET /api/v1/ 57.56ms
INF 2026-08-23T08:27:20.145Z > 200 GET /api/v1/ 58.47ms
INF 2026-08-23T08:27:20.145Z > 200 GET /api/v1/ 60.37ms
INF 2026-08-23T08:27:20.146Z > 200 GET /api/v1/ 61.41ms
INF 2026-08-23T08:27:20.146Z > 200 GET /api/v1/ 61.17ms
INF 2026-08-23T08:27:20.147Z > 200 GET /api/v1/ 62.04ms
INF 2026-08-23T08:27:20.147Z > 200 GET /api/v1/ 62.57ms
INF 2026-08-23T08:27:20.148Z > 200 GET /api/v1/ 71.88ms
INF 2026-08-23T08:27:20.149Z > 200 GET /api/v1/ 64.74ms
INF 2026-08-23T08:27:20.150Z > 200 GET /api/v1/ 65.53ms
INF 2026-08-23T08:27:20.150Z > 200 GET /api/v1/ 67.43ms
INF 2026-08-23T08:27:20.151Z > 200 GET /api/v1/ 66.23ms
INF 2026-08-23T08:27:20.151Z > 200 GET /api/v1/ 67.13ms
INF 2026-08-23T08:27:20.151Z > 200 GET /api/v1/ 68.32ms
INF 2026-08-23T08:27:20.151Z > 200 GET /api/v1/ 66.63ms
INF 2026-08-23T08:27:20.152Z > 200 GET /api/v1/ 54.01ms
INF 2026-08-23T08:27:20.153Z > 200 GET /api/v1/ 95.51ms
INF 2026-08-23T08:27:20.155Z > 200 GET /api/v1/ 54.51ms
INF 2026-08-23T08:27:20.155Z > 200 GET /api/v1/ 54.86ms
INF 2026-08-23T08:27:20.156Z > 200 GET /api/v1/ 61.88ms
INF 2026-08-23T08:27:20.156Z > 200 GET /api/v1/ 55.18ms
INF 2026-08-23T08:27:20.156Z > 200 GET /api/v1/ 63.25ms
INF 2026-08-23T08:27:20.156Z > 200 GET /api/v1/ 62.24ms
INF 2026-08-23T08:27:20.157Z > 200 GET /api/v1/ 63.44ms
INF 2026-08-23T08:27:20.157Z > 200 GET /api/v1/ 63.0ms
INF 2026-08-23T08:27:20.157Z > 200 GET /api/v1/ 56.79ms
INF 2026-08-23T08:27:20.158Z > 200 GET /api/v1/ 66.91ms
INF 2026-08-23T08:27:20.159Z > 200 GET /api/v1/ 67.2ms
INF 2026-08-23T08:27:20.160Z > 200 GET /api/v1/ 123.34ms
INF 2026-08-23T08:27:20.160Z > 200 GET /api/v1/ 109.74ms
INF 2026-08-23T08:27:20.161Z > 200 GET /api/v1/ 108.69ms
INF 2026-08-23T08:27:20.163Z > 200 GET /api/v1/ 64.45ms
INF 2026-08-23T08:27:20.163Z > 200 GET /api/v1/ 69.82ms
INF 2026-08-23T08:27:20.164Z > 200 GET /api/v1/ 64.39ms
INF 2026-08-23T08:27:20.182Z > 200 GET /api/v1/ 82.19ms
INF 2026-08-23T08:27:20.182Z > 200 GET /api/v1/ 82.87ms
INF 2026-08-23T08:27:20.183Z > 200 GET /api/v1/ 82.55ms
INF 2026-08-23T08:27:20.183Z > 200 GET /api/v1/ 83.73ms
INF 2026-08-23T08:27:20.183Z > 200 GET /api/v1/ 84.17ms
INF 2026-08-23T08:27:20.184Z > 200 GET /api/v1/ 87.85ms
INF 2026-08-23T08:27:20.184Z > 200 GET /api/v1/ 88.36ms
INF 2026-08-23T08:27:20.184Z > 200 GET /api/v1/ 88.12ms
INF 2026-08-23T08:27:20.185Z > 200 GET /api/v1/ 85.91ms
INF 2026-08-23T08:27:20.185Z > 200 GET /api/v1/ 86.58ms
INF 2026-08-23T08:27:20.185Z > 200 GET /api/v1/ 88.58ms
INF 2026-08-23T08:27:20.185Z > 200 GET /api/v1/ 85.58ms
INF 2026-08-23T08:27:20.186Z > 200 GET /api/v1/ 87.83ms
INF 2026-08-23T08:27:20.186Z > 200 GET /api/v1/ 85.92ms
INF 2026-08-23T08:27:20.192Z > 200 GET /api/v1/ 81.82ms
INF 2026-08-23T08:27:20.193Z > 200 GET /api/v1/ 84.54ms
INF 2026-08-23T08:27:20.194Z > 200 GET /api/v1/ 86.49ms
INF 2026-08-23T08:27:20.195Z > 200 GET /api/v1/ 70.2ms
INF 2026-08-23T08:27:20.197Z > 200 GET /api/v1/ 94.64ms
INF 2026-08-23T08:27:20.197Z > 200 GET /api/v1/ 93.66ms
INF 2026-08-23T08:27:20.201Z > 200 GET /api/v1/ 100.53ms
INF 2026-08-23T08:27:20.202Z > 200 GET /api/v1/ 105.61ms
INF 2026-08-23T08:27:20.202Z > 200 GET /api/v1/ 52.42ms
INF 2026-08-23T08:27:20.211Z > 200 GET /api/v1/ 73.49ms
INF 2026-08-23T08:27:20.211Z > 200 GET /api/v1/ 55.04ms
INF 2026-08-23T08:27:20.212Z > 200 GET /api/v1/ 75.94ms
INF 2026-08-23T08:27:20.218Z > 200 GET /api/v1/ 35.23ms
INF 2026-08-23T08:27:20.218Z > 200 GET /api/v1/ 34.83ms
INF 2026-08-23T08:27:20.218Z > 200 GET /api/v1/ 74.28ms
INF 2026-08-23T08:27:20.222Z > 200 GET /api/v1/ 77.71ms
INF 2026-08-23T08:27:20.223Z > 200 GET /api/v1/ 78.47ms
INF 2026-08-23T08:27:20.223Z > 200 GET /api/v1/ 78.38ms
INF 2026-08-23T08:27:20.225Z > 200 GET /api/v1/ 85.03ms
INF 2026-08-23T08:27:20.225Z > 200 GET /api/v1/ 84.99ms
INF 2026-08-23T08:27:20.226Z > 200 GET /api/v1/ 85.25ms
INF 2026-08-23T08:27:20.226Z > 200 GET /api/v1/ 67.98ms
INF 2026-08-23T08:27:20.227Z > 200 GET /api/v1/ 86.72ms
INF 2026-08-23T08:27:20.230Z > 200 GET /api/v1/ 76.68ms
INF 2026-08-23T08:27:20.232Z > 200 GET /api/v1/ 77.65ms
INF 2026-08-23T08:27:20.232Z > 200 GET /api/v1/ 70.36ms
INF 2026-08-23T08:27:20.237Z > 200 GET /api/v1/ 76.03ms
INF 2026-08-23T08:27:20.241Z > 200 GET /api/v1/ 102.62ms
INF 2026-08-23T08:27:20.243Z > 200 GET /api/v1/ 51.83ms
INF 2026-08-23T08:27:20.244Z > 200 GET /api/v1/ 53.88ms
INF 2026-08-23T08:27:20.244Z > 200 GET /api/v1/ 54.68ms
INF 2026-08-23T08:27:20.245Z > 200 GET /api/v1/ 54.04ms
INF 2026-08-23T08:27:20.245Z > 200 GET /api/v1/ 53.95ms
INF 2026-08-23T08:27:20.245Z > 200 GET /api/v1/ 56.05ms
INF 2026-08-23T08:27:20.245Z > 200 GET /api/v1/ 55.12ms
INF 2026-08-23T08:27:20.246Z > 200 GET /api/v1/ 57.12ms
INF 2026-08-23T08:27:20.246Z > 200 GET /api/v1/ 56.75ms
INF 2026-08-23T08:27:20.246Z > 200 GET /api/v1/ 56.7ms
INF 2026-08-23T08:27:20.247Z > 200 GET /api/v1/ 55.86ms
INF 2026-08-23T08:27:20.247Z > 200 GET /api/v1/ 58.54ms
INF 2026-08-23T08:27:20.248Z > 200 GET /api/v1/ 60.31ms
INF 2026-08-23T08:27:20.249Z > 200 GET /api/v1/ 59.54ms
INF 2026-08-23T08:27:20.249Z > 200 GET /api/v1/ 61.12ms
INF 2026-08-23T08:27:20.249Z > 200 GET /api/v1/ 59.31ms
INF 2026-08-23T08:27:20.250Z > 200 GET /api/v1/ 61.43ms
INF 2026-08-23T08:27:20.250Z > 200 GET /api/v1/ 61.14ms
INF 2026-08-23T08:27:20.251Z > 200 GET /api/v1/ 99.04ms
INF 2026-08-23T08:27:20.252Z > 200 GET /api/v1/ 54.25ms
INF 2026-08-23T08:27:20.253Z > 200 GET /api/v1/ 55.17ms
INF 2026-08-23T08:27:20.253Z > 200 GET /api/v1/ 55.69ms
INF 2026-08-23T08:27:20.253Z > 200 GET /api/v1/ 56.28ms
INF 2026-08-23T08:27:20.254Z > 200 GET /api/v1/ 56.5ms
INF 2026-08-23T08:27:20.255Z > 200 GET /api/v1/ 59.1ms
INF 2026-08-23T08:27:20.256Z > 200 GET /api/v1/ 62.54ms
INF 2026-08-23T08:27:20.256Z > 200 GET /api/v1/ 94.13ms
INF 2026-08-23T08:27:20.259Z > 200 GET /api/v1/ 105.14ms
INF 2026-08-23T08:27:20.261Z > 200 GET /api/v1/ 54.94ms
INF 2026-08-23T08:27:20.262Z > 200 GET /api/v1/ 54.54ms
INF 2026-08-23T08:27:20.262Z > 200 GET /api/v1/ 58.34ms
INF 2026-08-23T08:27:20.262Z > 200 GET /api/v1/ 58.27ms
INF 2026-08-23T08:27:20.263Z > 200 GET /api/v1/ 58.61ms
INF 2026-08-23T08:27:20.263Z > 200 GET /api/v1/ 63.19ms
INF 2026-08-23T08:27:20.264Z > 200 GET /api/v1/ 76.33ms
INF 2026-08-23T08:27:20.264Z > 200 GET /api/v1/ 77.89ms
INF 2026-08-23T08:27:20.265Z > 200 GET /api/v1/ 77.05ms
INF 2026-08-23T08:27:20.265Z > 200 GET /api/v1/ 77.97ms
INF 2026-08-23T08:27:20.265Z > 200 GET /api/v1/ 65.75ms
INF 2026-08-23T08:27:20.285Z > 200 GET /api/v1/ 84.26ms
INF 2026-08-23T08:27:20.287Z > 200 GET /api/v1/ 103.62ms
INF 2026-08-23T08:27:20.289Z > 200 GET /api/v1/ 61.91ms
INF 2026-08-23T08:27:20.289Z > 200 GET /api/v1/ 94.0ms
INF 2026-08-23T08:27:20.290Z > 200 GET /api/v1/ 94.54ms
INF 2026-08-23T08:27:20.290Z > 200 GET /api/v1/ 96.11ms
INF 2026-08-23T08:27:20.290Z > 200 GET /api/v1/ 82.15ms
INF 2026-08-23T08:27:20.290Z > 200 GET /api/v1/ 64.3ms
INF 2026-08-23T08:27:20.291Z > 200 GET /api/v1/ 85.04ms
INF 2026-08-23T08:27:20.292Z > 200 GET /api/v1/ 97.43ms
INF 2026-08-23T08:27:20.292Z > 200 GET /api/v1/ 83.32ms
INF 2026-08-23T08:27:20.296Z > 200 GET /api/v1/ 92.67ms
INF 2026-08-23T08:27:20.296Z > 200 GET /api/v1/ 80.56ms
INF 2026-08-23T08:27:20.296Z > 200 GET /api/v1/ 80.44ms
INF 2026-08-23T08:27:20.296Z > 200 GET /api/v1/ 95.39ms
INF 2026-08-23T08:27:20.297Z > 200 GET /api/v1/ 95.18ms
INF 2026-08-23T08:27:20.297Z > 200 GET /api/v1/ 80.45ms
INF 2026-08-23T08:27:20.297Z > 200 GET /api/v1/ 82.8ms
INF 2026-08-23T08:27:20.300Z > 200 GET /api/v1/ 117.16ms
INF 2026-08-23T08:27:20.304Z > 200 GET /api/v1/ 76.7ms
INF 2026-08-23T08:27:20.304Z > 200 GET /api/v1/ 58.87ms
INF 2026-08-23T08:27:20.305Z > 200 GET /api/v1/ 78.37ms
INF 2026-08-23T08:27:20.305Z > 200 GET /api/v1/ 62.05ms
INF 2026-08-23T08:27:20.308Z > 200 GET /api/v1/ 99.93ms
INF 2026-08-23T08:27:20.311Z > 200 GET /api/v1/ 77.07ms
INF 2026-08-23T08:27:20.313Z > 200 GET /api/v1/ 79.81ms
INF 2026-08-23T08:27:20.315Z > 200 GET /api/v1/ 88.46ms
INF 2026-08-23T08:27:20.316Z > 200 GET /api/v1/ 116.91ms
INF 2026-08-23T08:27:20.317Z > 200 GET /api/v1/ 69.18ms
INF 2026-08-23T08:27:20.318Z > 200 GET /api/v1/ 67.71ms
INF 2026-08-23T08:27:20.321Z > 200 GET /api/v1/ 79.96ms
INF 2026-08-23T08:27:20.321Z > 200 GET /api/v1/ 80.95ms
INF 2026-08-23T08:27:20.321Z > 200 GET /api/v1/ 82.08ms
INF 2026-08-23T08:27:20.322Z > 200 GET /api/v1/ 83.19ms
INF 2026-08-23T08:27:20.322Z > 200 GET /api/v1/ 82.82ms
INF 2026-08-23T08:27:20.324Z > 200 GET /api/v1/ 83.22ms
INF 2026-08-23T08:27:20.324Z > 200 GET /api/v1/ 85.99ms
INF 2026-08-23T08:27:20.324Z > 200 GET /api/v1/ 67.83ms
INF 2026-08-23T08:27:20.324Z > 200 GET /api/v1/ 66.32ms
INF 2026-08-23T08:27:20.325Z > 200 GET /api/v1/ 68.41ms
INF 2026-08-23T08:27:20.328Z > 200 GET /api/v1/ 40.76ms
INF 2026-08-23T08:27:20.330Z > 200 GET /api/v1/ 78.29ms
INF 2026-08-23T08:27:20.331Z > 200 GET /api/v1/ 65.15ms
INF 2026-08-23T08:27:20.331Z > 200 GET /api/v1/ 71.38ms
INF 2026-08-23T08:27:20.331Z > 200 GET /api/v1/ 70.63ms
INF 2026-08-23T08:27:20.334Z > 200 GET /api/v1/ 73.68ms
INF 2026-08-23T08:27:20.337Z > 200 GET /api/v1/ 97.37ms
INF 2026-08-23T08:27:20.337Z > 200 GET /api/v1/ 96.69ms
INF 2026-08-23T08:27:20.338Z > 200 GET /api/v1/ 49.18ms
INF 2026-08-23T08:27:20.338Z > 200 GET /api/v1/ 50.25ms
INF 2026-08-23T08:27:20.339Z > 200 GET /api/v1/ 53.04ms
INF 2026-08-23T08:27:20.340Z > 200 GET /api/v1/ 52.88ms
INF 2026-08-23T08:27:20.340Z > 200 GET /api/v1/ 35.57ms
INF 2026-08-23T08:27:20.340Z > 200 GET /api/v1/ 52.85ms
INF 2026-08-23T08:27:20.340Z > 200 GET /api/v1/ 54.59ms
INF 2026-08-23T08:27:20.341Z > 200 GET /api/v1/ 53.71ms
INF 2026-08-23T08:27:20.341Z > 200 GET /api/v1/ 54.73ms
INF 2026-08-23T08:27:20.342Z > 200 GET /api/v1/ 41.92ms
INF 2026-08-23T08:27:20.343Z > 200 GET /api/v1/ 56.48ms
INF 2026-08-23T08:27:20.343Z > 200 GET /api/v1/ 56.64ms
INF 2026-08-23T08:27:20.343Z > 200 GET /api/v1/ 57.49ms
INF 2026-08-23T08:27:20.346Z > 200 GET /api/v1/ 60.95ms
INF 2026-08-23T08:27:20.350Z > 200 GET /api/v1/ 55.14ms
INF 2026-08-23T08:27:20.351Z > 200 GET /api/v1/ 55.87ms
INF 2026-08-23T08:27:20.351Z > 200 GET /api/v1/ 57.25ms
INF 2026-08-23T08:27:20.351Z > 200 GET /api/v1/ 57.5ms
INF 2026-08-23T08:27:20.352Z > 200 GET /api/v1/ 57.71ms
INF 2026-08-23T08:27:20.355Z > 200 GET /api/v1/ 51.86ms
INF 2026-08-23T08:27:20.356Z > 200 GET /api/v1/ 49.48ms
INF 2026-08-23T08:27:20.356Z > 200 GET /api/v1/ 53.07ms
INF 2026-08-23T08:27:20.356Z > 200 GET /api/v1/ 53.95ms
INF 2026-08-23T08:27:20.357Z > 200 GET /api/v1/ 56.97ms
INF 2026-08-23T08:27:20.357Z > 200 GET /api/v1/ 57.53ms
INF 2026-08-23T08:27:20.358Z > 200 GET /api/v1/ 57.81ms
INF 2026-08-23T08:27:20.358Z > 200 GET /api/v1/ 58.48ms
INF 2026-08-23T08:27:20.358Z > 200 GET /api/v1/ 72.78ms
INF 2026-08-23T08:27:20.359Z > 200 GET /api/v1/ 60.93ms
INF 2026-08-23T08:27:20.359Z > 200 GET /api/v1/ 60.05ms
INF 2026-08-23T08:27:20.359Z > 200 GET /api/v1/ 60.89ms
INF 2026-08-23T08:27:20.360Z > 200 GET /api/v1/ 62.04ms
INF 2026-08-23T08:27:20.360Z > 200 GET /api/v1/ 62.04ms
INF 2026-08-23T08:27:20.361Z > 200 GET /api/v1/ 61.83ms
INF 2026-08-23T08:27:20.381Z > 200 GET /api/v1/ 72.05ms
INF 2026-08-23T08:27:20.382Z > 200 GET /api/v1/ 72.03ms
INF 2026-08-23T08:27:20.382Z > 200 GET /api/v1/ 69.53ms
INF 2026-08-23T08:27:20.382Z > 200 GET /api/v1/ 70.28ms
INF 2026-08-23T08:27:20.383Z > 200 GET /api/v1/ 70.17ms
INF 2026-08-23T08:27:20.383Z > 200 GET /api/v1/ 72.3ms
INF 2026-08-23T08:27:20.383Z > 200 GET /api/v1/ 72.22ms
INF 2026-08-23T08:27:20.383Z > 200 GET /api/v1/ 90.37ms
INF 2026-08-23T08:27:20.384Z > 200 GET /api/v1/ 90.84ms
INF 2026-08-23T08:27:20.384Z > 200 GET /api/v1/ 91.74ms
INF 2026-08-23T08:27:20.386Z > 200 GET /api/v1/ 97.12ms
INF 2026-08-23T08:27:20.386Z > 200 GET /api/v1/ 79.49ms
INF 2026-08-23T08:27:20.386Z > 200 GET /api/v1/ 78.99ms
INF 2026-08-23T08:27:20.388Z > 200 GET /api/v1/ 80.91ms
INF 2026-08-23T08:27:20.394Z > 200 GET /api/v1/ 79.8ms
INF 2026-08-23T08:27:20.394Z > 200 GET /api/v1/ 79.16ms
INF 2026-08-23T08:27:20.394Z > 200 GET /api/v1/ 80.7ms
INF 2026-08-23T08:27:20.394Z > 200 GET /api/v1/ 79.83ms
INF 2026-08-23T08:27:20.402Z > 200 GET /api/v1/ 67.42ms
INF 2026-08-23T08:27:20.404Z > 200 GET /api/v1/ 72.38ms
INF 2026-08-23T08:27:20.404Z > 200 GET /api/v1/ 71.94ms
INF 2026-08-23T08:27:20.412Z > 200 GET /api/v1/ 53.65ms
INF 2026-08-23T08:27:20.417Z > 200 GET /api/v1/ 78.75ms
INF 2026-08-23T08:27:20.419Z > 200 GET /api/v1/ 35.24ms
INF 2026-08-23T08:27:20.420Z > 200 GET /api/v1/ 38.93ms
INF 2026-08-23T08:27:20.422Z > 200 GET /api/v1/ 74.31ms
INF 2026-08-23T08:27:20.423Z > 200 GET /api/v1/ 75.46ms
INF 2026-08-23T08:27:20.423Z > 200 GET /api/v1/ 77.81ms
INF 2026-08-23T08:27:20.429Z > 200 GET /api/v1/ 75.74ms
INF 2026-08-23T08:27:20.429Z > 200 GET /api/v1/ 42.94ms
INF 2026-08-23T08:27:20.430Z > 200 GET /api/v1/ 77.48ms
INF 2026-08-23T08:27:20.430Z > 200 GET /api/v1/ 76.54ms
INF 2026-08-23T08:27:20.431Z > 200 GET /api/v1/ 94.84ms
INF 2026-08-23T08:27:20.431Z > 200 GET /api/v1/ 78.36ms
INF 2026-08-23T08:27:20.432Z > 200 GET /api/v1/ 69.93ms
INF 2026-08-23T08:27:20.435Z > 200 GET /api/v1/ 88.63ms
INF 2026-08-23T08:27:20.435Z > 200 GET /api/v1/ 88.65ms
INF 2026-08-23T08:27:20.436Z > 200 GET /api/v1/ 90.8ms
INF 2026-08-23T08:27:20.437Z > 200 GET /api/v1/ 91.15ms
INF 2026-08-23T08:27:20.437Z > 200 GET /api/v1/ 92.44ms
INF 2026-08-23T08:27:20.437Z > 200 GET /api/v1/ 93.97ms
INF 2026-08-23T08:27:20.438Z > 200 GET /api/v1/ 93.84ms
INF 2026-08-23T08:27:20.438Z > 200 GET /api/v1/ 92.9ms
INF 2026-08-23T08:27:20.439Z > 200 GET /api/v1/ 46.73ms
INF 2026-08-23T08:27:20.441Z > 200 GET /api/v1/ 49.08ms
INF 2026-08-23T08:27:20.441Z > 200 GET /api/v1/ 50.17ms
INF 2026-08-23T08:27:20.441Z > 200 GET /api/v1/ 50.01ms
INF 2026-08-23T08:27:20.442Z > 200 GET /api/v1/ 48.95ms
INF 2026-08-23T08:27:20.442Z > 200 GET /api/v1/ 52.34ms
INF 2026-08-23T08:27:20.442Z > 200 GET /api/v1/ 49.54ms
INF 2026-08-23T08:27:20.442Z > 200 GET /api/v1/ 51.66ms
INF 2026-08-23T08:27:20.443Z > 200 GET /api/v1/ 51.78ms
INF 2026-08-23T08:27:20.443Z > 200 GET /api/v1/ 52.94ms
INF 2026-08-23T08:27:20.443Z > 200 GET /api/v1/ 52.97ms
INF 2026-08-23T08:27:20.443Z > 200 GET /api/v1/ 52.8ms
INF 2026-08-23T08:27:20.444Z > 200 GET /api/v1/ 53.16ms
INF 2026-08-23T08:27:20.444Z > 200 GET /api/v1/ 53.88ms
INF 2026-08-23T08:27:20.444Z > 200 GET /api/v1/ 54.61ms
INF 2026-08-23T08:27:20.445Z > 200 GET /api/v1/ 51.83ms
INF 2026-08-23T08:27:20.445Z > 200 GET /api/v1/ 54.78ms
INF 2026-08-23T08:27:20.445Z > 200 GET /api/v1/ 54.22ms
INF 2026-08-23T08:27:20.446Z > 200 GET /api/v1/ 55.12ms
INF 2026-08-23T08:27:20.446Z > 200 GET /api/v1/ 56.23ms
INF 2026-08-23T08:27:20.446Z > 200 GET /api/v1/ 57.09ms
INF 2026-08-23T08:27:20.446Z > 200 GET /api/v1/ 57.56ms
INF 2026-08-23T08:27:20.447Z > 200 GET /api/v1/ 57.94ms
INF 2026-08-23T08:27:20.447Z > 200 GET /api/v1/ 58.86ms
INF 2026-08-23T08:27:20.447Z > 200 GET /api/v1/ 57.96ms
INF 2026-08-23T08:27:20.447Z > 200 GET /api/v1/ 59.01ms
INF 2026-08-23T08:27:20.448Z > 200 GET /api/v1/ 46.07ms
INF 2026-08-23T08:27:20.448Z > 200 GET /api/v1/ 58.5ms
INF 2026-08-23T08:27:20.448Z > 200 GET /api/v1/ 59.23ms
INF 2026-08-23T08:27:20.449Z > 200 GET /api/v1/ 55.68ms
INF 2026-08-23T08:27:20.449Z > 200 GET /api/v1/ 95.22ms
INF 2026-08-23T08:27:20.450Z > 200 GET /api/v1/ 95.2ms
INF 2026-08-23T08:27:20.450Z > 200 GET /api/v1/ 65.39ms
INF 2026-08-23T08:27:20.450Z > 200 GET /api/v1/ 98.18ms
INF 2026-08-23T08:27:20.451Z > 200 GET /api/v1/ 100.87ms
INF 2026-08-23T08:27:20.451Z > 200 GET /api/v1/ 52.73ms
INF 2026-08-23T08:27:20.451Z > 200 GET /api/v1/ 54.24ms
INF 2026-08-23T08:27:20.451Z > 200 GET /api/v1/ 55.86ms
INF 2026-08-23T08:27:20.452Z > 200 GET /api/v1/ 55.39ms
INF 2026-08-23T08:27:20.452Z > 200 GET /api/v1/ 56.37ms
INF 2026-08-23T08:27:20.455Z > 200 GET /api/v1/ 52.98ms
INF 2026-08-23T08:27:20.455Z > 200 GET /api/v1/ 68.49ms
INF 2026-08-23T08:27:20.472Z > 200 GET /api/v1/ 119.17ms
INF 2026-08-23T08:27:20.476Z > 200 GET /api/v1/ 80.91ms
INF 2026-08-23T08:27:20.477Z > 200 GET /api/v1/ 74.0ms
INF 2026-08-23T08:27:20.477Z > 200 GET /api/v1/ 69.04ms
INF 2026-08-23T08:27:20.478Z > 200 GET /api/v1/ 71.78ms
INF 2026-08-23T08:27:20.478Z > 200 GET /api/v1/ 69.15ms
INF 2026-08-23T08:27:20.480Z > 200 GET /api/v1/ 79.89ms
INF 2026-08-23T08:27:20.481Z > 200 GET /api/v1/ 63.5ms
INF 2026-08-23T08:27:20.483Z > 200 GET /api/v1/ 58.53ms
INF 2026-08-23T08:27:20.484Z > 200 GET /api/v1/ 59.65ms
INF 2026-08-23T08:27:20.484Z > 200 GET /api/v1/ 60.41ms
INF 2026-08-23T08:27:20.484Z > 200 GET /api/v1/ 58.47ms
INF 2026-08-23T08:27:20.484Z > 200 GET /api/v1/ 59.67ms
INF 2026-08-23T08:27:20.485Z > 200 GET /api/v1/ 75.25ms
INF 2026-08-23T08:27:20.485Z > 200 GET /api/v1/ 77.92ms
INF 2026-08-23T08:27:20.485Z > 200 GET /api/v1/ 80.37ms
INF 2026-08-23T08:27:20.486Z > 200 GET /api/v1/ 75.8ms
INF 2026-08-23T08:27:20.487Z > 200 GET /api/v1/ 50.5ms
INF 2026-08-23T08:27:20.488Z > 200 GET /api/v1/ 36.86ms
INF 2026-08-23T08:27:20.491Z > 200 GET /api/v1/ 74.6ms
INF 2026-08-23T08:27:20.491Z > 200 GET /api/v1/ 90.67ms
INF 2026-08-23T08:27:20.491Z > 200 GET /api/v1/ 73.85ms
INF 2026-08-23T08:27:20.493Z > 200 GET /api/v1/ 56.49ms
INF 2026-08-23T08:27:20.493Z > 200 GET /api/v1/ 56.77ms
INF 2026-08-23T08:27:20.494Z > 200 GET /api/v1/ 57.63ms
INF 2026-08-23T08:27:20.497Z > 200 GET /api/v1/ 60.93ms
INF 2026-08-23T08:27:20.497Z > 200 GET /api/v1/ 62.28ms
INF 2026-08-23T08:27:20.497Z > 200 GET /api/v1/ 63.4ms
INF 2026-08-23T08:27:20.497Z > 200 GET /api/v1/ 63.49ms
INF 2026-08-23T08:27:20.501Z > 200 GET /api/v1/ 69.16ms
INF 2026-08-23T08:27:20.509Z > 200 GET /api/v1/ 31.25ms
INF 2026-08-23T08:27:20.510Z > 200 GET /api/v1/ 36.61ms
INF 2026-08-23T08:27:20.511Z > 200 GET /api/v1/ 59.38ms
INF 2026-08-23T08:27:20.512Z > 200 GET /api/v1/ 71.59ms
INF 2026-08-23T08:27:20.512Z > 200 GET /api/v1/ 71.6ms
INF 2026-08-23T08:27:20.512Z > 200 GET /api/v1/ 59.38ms
INF 2026-08-23T08:27:20.514Z > 200 GET /api/v1/ 39.71ms
INF 2026-08-23T08:27:20.514Z > 200 GET /api/v1/ 40.9ms
INF 2026-08-23T08:27:20.516Z > 200 GET /api/v1/ 42.73ms
INF 2026-08-23T08:27:20.518Z > 200 GET /api/v1/ 37.15ms
INF 2026-08-23T08:27:20.519Z > 200 GET /api/v1/ 79.5ms
INF 2026-08-23T08:27:20.520Z > 200 GET /api/v1/ 64.1ms
INF 2026-08-23T08:27:20.525Z > 200 GET /api/v1/ 47.41ms
INF 2026-08-23T08:27:20.526Z > 200 GET /api/v1/ 53.88ms
INF 2026-08-23T08:27:20.527Z > 200 GET /api/v1/ 53.08ms
INF 2026-08-23T08:27:20.529Z > 200 GET /api/v1/ 47.4ms
INF 2026-08-23T08:27:20.529Z > 200 GET /api/v1/ 55.53ms
INF 2026-08-23T08:27:20.530Z > 200 GET /api/v1/ 47.79ms
INF 2026-08-23T08:27:20.533Z > 200 GET /api/v1/ 59.41ms
INF 2026-08-23T08:27:20.533Z > 200 GET /api/v1/ 59.51ms
INF 2026-08-23T08:27:20.533Z > 200 GET /api/v1/ 59.02ms
INF 2026-08-23T08:27:20.534Z > 200 GET /api/v1/ 60.03ms
INF 2026-08-23T08:27:20.535Z > 200 GET /api/v1/ 55.78ms
INF 2026-08-23T08:27:20.537Z > 200 GET /api/v1/ 58.27ms
INF 2026-08-23T08:27:20.537Z > 200 GET /api/v1/ 96.92ms
INF 2026-08-23T08:27:20.538Z > 200 GET /api/v1/ 49.13ms
INF 2026-08-23T08:27:20.538Z > 200 GET /api/v1/ 48.41ms
INF 2026-08-23T08:27:20.538Z > 200 GET /api/v1/ 49.18ms
INF 2026-08-23T08:27:20.540Z > 200 GET /api/v1/ 50.64ms
INF 2026-08-23T08:27:20.540Z > 200 GET /api/v1/ 52.96ms
INF 2026-08-23T08:27:20.540Z > 200 GET /api/v1/ 53.64ms
INF 2026-08-23T08:27:20.541Z > 200 GET /api/v1/ 53.59ms
INF 2026-08-23T08:27:20.541Z > 200 GET /api/v1/ 53.78ms
INF 2026-08-23T08:27:20.542Z > 200 GET /api/v1/ 51.69ms
INF 2026-08-23T08:27:20.543Z > 200 GET /api/v1/ 55.1ms
INF 2026-08-23T08:27:20.545Z > 200 GET /api/v1/ 60.65ms
INF 2026-08-23T08:27:20.546Z > 200 GET /api/v1/ 65.99ms
INF 2026-08-23T08:27:20.549Z > 200 GET /api/v1/ 58.43ms
INF 2026-08-23T08:27:20.568Z > 200 GET /api/v1/ 79.35ms
INF 2026-08-23T08:27:20.572Z > 200 GET /api/v1/ 85.86ms
INF 2026-08-23T08:27:20.573Z > 200 GET /api/v1/ 73.04ms
INF 2026-08-23T08:27:20.573Z > 200 GET /api/v1/ 67.48ms
INF 2026-08-23T08:27:20.573Z > 200 GET /api/v1/ 75.36ms
INF 2026-08-23T08:27:20.574Z > 200 GET /api/v1/ 73.58ms
INF 2026-08-23T08:27:20.574Z > 200 GET /api/v1/ 88.28ms
INF 2026-08-23T08:27:20.575Z > 200 GET /api/v1/ 76.41ms
INF 2026-08-23T08:27:20.575Z > 200 GET /api/v1/ 75.97ms
INF 2026-08-23T08:27:20.576Z > 200 GET /api/v1/ 72.75ms
INF 2026-08-23T08:27:20.576Z > 200 GET /api/v1/ 81.5ms
INF 2026-08-23T08:27:20.576Z > 200 GET /api/v1/ 79.86ms
INF 2026-08-23T08:27:20.576Z > 200 GET /api/v1/ 75.57ms
INF 2026-08-23T08:27:20.576Z > 200 GET /api/v1/ 75.96ms
INF 2026-08-23T08:27:20.577Z > 200 GET /api/v1/ 77.3ms
INF 2026-08-23T08:27:20.577Z > 200 GET /api/v1/ 77.0ms
INF 2026-08-23T08:27:20.577Z > 200 GET /api/v1/ 81.53ms
INF 2026-08-23T08:27:20.577Z > 200 GET /api/v1/ 78.83ms
INF 2026-08-23T08:27:20.578Z > 200 GET /api/v1/ 81.98ms
INF 2026-08-23T08:27:20.578Z > 200 GET /api/v1/ 80.36ms
INF 2026-08-23T08:27:20.579Z > 200 GET /api/v1/ 97.96ms
INF 2026-08-23T08:27:20.581Z > 200 GET /api/v1/ 88.88ms
INF 2026-08-23T08:27:20.581Z > 200 GET /api/v1/ 75.23ms
INF 2026-08-23T08:27:20.582Z > 200 GET /api/v1/ 74.8ms
INF 2026-08-23T08:27:20.582Z > 200 GET /api/v1/ 75.89ms
INF 2026-08-23T08:27:20.582Z > 200 GET /api/v1/ 75.42ms
INF 2026-08-23T08:27:20.582Z > 200 GET /api/v1/ 75.34ms
INF 2026-08-23T08:27:20.583Z > 200 GET /api/v1/ 90.69ms
INF 2026-08-23T08:27:20.583Z > 200 GET /api/v1/ 91.3ms
INF 2026-08-23T08:27:20.588Z > 200 GET /api/v1/ 54.29ms
INF 2026-08-23T08:27:20.589Z > 200 GET /api/v1/ 86.93ms
INF 2026-08-23T08:27:20.589Z > 200 GET /api/v1/ 60.18ms
INF 2026-08-23T08:27:20.591Z > 200 GET /api/v1/ 97.34ms
INF 2026-08-23T08:27:20.592Z > 200 GET /api/v1/ 49.31ms
INF 2026-08-23T08:27:20.592Z > 200 GET /api/v1/ 68.77ms
INF 2026-08-23T08:27:20.593Z > 200 GET /api/v1/ 69.39ms
INF 2026-08-23T08:27:20.593Z > 200 GET /api/v1/ 51.5ms
INF 2026-08-23T08:27:20.594Z > 200 GET /api/v1/ 55.97ms
INF 2026-08-23T08:27:20.595Z > 200 GET /api/v1/ 71.92ms
INF 2026-08-23T08:27:20.595Z > 200 GET /api/v1/ 74.44ms
INF 2026-08-23T08:27:20.599Z > 200 GET /api/v1/ 68.11ms
INF 2026-08-23T08:27:20.600Z > 200 GET /api/v1/ 67.54ms
INF 2026-08-23T08:27:20.600Z > 200 GET /api/v1/ 68.65ms
INF 2026-08-23T08:27:20.601Z > 200 GET /api/v1/ 70.24ms
INF 2026-08-23T08:27:20.601Z > 200 GET /api/v1/ 65.88ms
INF 2026-08-23T08:27:20.601Z > 200 GET /api/v1/ 71.28ms
INF 2026-08-23T08:27:20.602Z > 200 GET /api/v1/ 70.52ms
INF 2026-08-23T08:27:20.602Z > 200 GET /api/v1/ 70.29ms
INF 2026-08-23T08:27:20.604Z > 200 GET /api/v1/ 76.32ms
INF 2026-08-23T08:27:20.605Z > 200 GET /api/v1/ 59.45ms
INF 2026-08-23T08:27:20.605Z > 200 GET /api/v1/ 81.05ms
INF 2026-08-23T08:27:20.606Z > 200 GET /api/v1/ 124.43ms
INF 2026-08-23T08:27:20.607Z > 200 GET /api/v1/ 63.86ms
INF 2026-08-23T08:27:20.608Z > 200 GET /api/v1/ 69.06ms
INF 2026-08-23T08:27:20.608Z > 200 GET /api/v1/ 66.28ms
INF 2026-08-23T08:27:20.608Z > 200 GET /api/v1/ 65.37ms
INF 2026-08-23T08:27:20.611Z > 200 GET /api/v1/ 74.59ms
INF 2026-08-23T08:27:20.612Z > 200 GET /api/v1/ 65.09ms
INF 2026-08-23T08:27:20.615Z > 200 GET /api/v1/ 86.32ms
INF 2026-08-23T08:27:20.615Z > 200 GET /api/v1/ 44.97ms
INF 2026-08-23T08:27:20.616Z > 200 GET /api/v1/ 44.15ms
INF 2026-08-23T08:27:20.616Z > 200 GET /api/v1/ 45.5ms
INF 2026-08-23T08:27:20.617Z > 200 GET /api/v1/ 67.05ms
INF 2026-08-23T08:27:20.619Z > 200 GET /api/v1/ 50.86ms
INF 2026-08-23T08:27:20.620Z > 200 GET /api/v1/ 51.13ms
INF 2026-08-23T08:27:20.622Z > 200 GET /api/v1/ 42.75ms
INF 2026-08-23T08:27:20.622Z > 200 GET /api/v1/ 43.92ms
INF 2026-08-23T08:27:20.623Z > 200 GET /api/v1/ 42.29ms
INF 2026-08-23T08:27:20.623Z > 200 GET /api/v1/ 42.92ms
INF 2026-08-23T08:27:20.624Z > 200 GET /api/v1/ 31.56ms
INF 2026-08-23T08:27:20.624Z > 200 GET /api/v1/ 43.88ms
INF 2026-08-23T08:27:20.626Z > 200 GET /api/v1/ 39.74ms
INF 2026-08-23T08:27:20.626Z > 200 GET /api/v1/ 39.26ms
INF 2026-08-23T08:27:20.628Z > 200 GET /api/v1/ 40.69ms
INF 2026-08-23T08:27:20.629Z > 200 GET /api/v1/ 59.2ms
INF 2026-08-23T08:27:20.629Z > 200 GET /api/v1/ 43.59ms
INF 2026-08-23T08:27:20.629Z > 200 GET /api/v1/ 59.49ms
INF 2026-08-23T08:27:20.630Z > 200 GET /api/v1/ 59.76ms
INF 2026-08-23T08:27:20.631Z > 200 GET /api/v1/ 61.94ms
INF 2026-08-23T08:27:20.631Z > 200 GET /api/v1/ 62.52ms
INF 2026-08-23T08:27:20.632Z > 200 GET /api/v1/ 62.3ms
INF 2026-08-23T08:27:20.632Z > 200 GET /api/v1/ 81.39ms
INF 2026-08-23T08:27:20.633Z > 200 GET /api/v1/ 62.69ms
INF 2026-08-23T08:27:20.633Z > 200 GET /api/v1/ 49.55ms
INF 2026-08-23T08:27:20.633Z > 200 GET /api/v1/ 63.57ms
INF 2026-08-23T08:27:20.634Z > 200 GET /api/v1/ 49.83ms
INF 2026-08-23T08:27:20.634Z > 200 GET /api/v1/ 84.05ms
INF 2026-08-23T08:27:20.637Z > 200 GET /api/v1/ 46.47ms
INF 2026-08-23T08:27:20.637Z > 200 GET /api/v1/ 46.69ms
INF 2026-08-23T08:27:20.638Z > 200 GET /api/v1/ 47.61ms
INF 2026-08-23T08:27:20.638Z > 200 GET /api/v1/ 49.99ms
INF 2026-08-23T08:27:20.638Z > 200 GET /api/v1/ 47.73ms
INF 2026-08-23T08:27:20.638Z > 200 GET /api/v1/ 50.24ms
INF 2026-08-23T08:27:20.639Z > 200 GET /api/v1/ 50.44ms
INF 2026-08-23T08:27:20.639Z > 200 GET /api/v1/ 49.21ms
INF 2026-08-23T08:27:20.641Z > 200 GET /api/v1/ 44.16ms
INF 2026-08-23T08:27:20.642Z > 200 GET /api/v1/ 46.55ms
INF 2026-08-23T08:27:20.644Z > 200 GET /api/v1/ 73.89ms
INF 2026-08-23T08:27:20.659Z > 200 GET /api/v1/ 89.16ms
INF 2026-08-23T08:27:20.660Z > 200 GET /api/v1/ 75.87ms
INF 2026-08-23T08:27:20.666Z > 200 GET /api/v1/ 54.92ms
INF 2026-08-23T08:27:20.676Z > 200 GET /api/v1/ 58.22ms
INF 2026-08-23T08:27:20.676Z > 200 GET /api/v1/ 46.31ms
INF 2026-08-23T08:27:20.676Z > 200 GET /api/v1/ 59.44ms
INF 2026-08-23T08:27:20.679Z > 200 GET /api/v1/ 52.98ms
INF 2026-08-23T08:27:20.680Z > 200 GET /api/v1/ 60.69ms
INF 2026-08-23T08:27:20.681Z > 200 GET /api/v1/ 60.97ms
INF 2026-08-23T08:27:20.694Z > 200 GET /api/v1/ 66.17ms
INF 2026-08-23T08:27:20.695Z > 200 GET /api/v1/ 66.8ms
INF 2026-08-23T08:27:20.695Z > 200 GET /api/v1/ 67.91ms
INF 2026-08-23T08:27:20.695Z > 200 GET /api/v1/ 75.01ms
INF 2026-08-23T08:27:20.696Z > 200 GET /api/v1/ 68.9ms
INF 2026-08-23T08:27:20.696Z > 200 GET /api/v1/ 54.9ms
INF 2026-08-23T08:27:20.696Z > 200 GET /api/v1/ 68.6ms
INF 2026-08-23T08:27:20.697Z > 200 GET /api/v1/ 72.58ms
INF 2026-08-23T08:27:20.698Z > 200 GET /api/v1/ 72.61ms
INF 2026-08-23T08:27:20.698Z > 200 GET /api/v1/ 76.69ms
INF 2026-08-23T08:27:20.699Z > 200 GET /api/v1/ 73.71ms
INF 2026-08-23T08:27:20.700Z > 200 GET /api/v1/ 79.44ms
INF 2026-08-23T08:27:20.701Z > 200 GET /api/v1/ 79.28ms
INF 2026-08-23T08:27:20.701Z > 200 GET /api/v1/ 75.77ms
INF 2026-08-23T08:27:20.702Z > 200 GET /api/v1/ 77.0ms
INF 2026-08-23T08:27:20.703Z > 200 GET /api/v1/ 81.67ms
INF 2026-08-23T08:27:20.705Z > 200 GET /api/v1/ 70.89ms
INF 2026-08-23T08:27:20.706Z > 200 GET /api/v1/ 72.34ms
INF 2026-08-23T08:27:20.711Z > 200 GET /api/v1/ 68.97ms
INF 2026-08-23T08:27:20.712Z > 200 GET /api/v1/ 68.04ms
INF 2026-08-23T08:27:20.712Z > 200 GET /api/v1/ 68.82ms
INF 2026-08-23T08:27:20.716Z > 200 GET /api/v1/ 75.85ms
INF 2026-08-23T08:27:20.716Z > 200 GET /api/v1/ 49.44ms
INF 2026-08-23T08:27:20.716Z > 200 GET /api/v1/ 89.85ms
INF 2026-08-23T08:27:20.717Z > 200 GET /api/v1/ 89.5ms
INF 2026-08-23T08:27:20.717Z > 200 GET /api/v1/ 96.56ms
INF 2026-08-23T08:27:20.717Z > 200 GET /api/v1/ 97.36ms
INF 2026-08-23T08:27:20.718Z > 200 GET /api/v1/ 96.39ms
INF 2026-08-23T08:27:20.718Z > 200 GET /api/v1/ 83.02ms
INF 2026-08-23T08:27:20.720Z > 200 GET /api/v1/ 56.74ms
INF 2026-08-23T08:27:20.720Z > 200 GET /api/v1/ 57.67ms
INF 2026-08-23T08:27:20.720Z > 200 GET /api/v1/ 57.4ms
INF 2026-08-23T08:27:20.721Z > 200 GET /api/v1/ 59.15ms
INF 2026-08-23T08:27:20.721Z > 200 GET /api/v1/ 57.96ms
INF 2026-08-23T08:27:20.721Z > 200 GET /api/v1/ 61.12ms
INF 2026-08-23T08:27:20.721Z > 200 GET /api/v1/ 59.14ms
INF 2026-08-23T08:27:20.722Z > 200 GET /api/v1/ 61.25ms
INF 2026-08-23T08:27:20.723Z > 200 GET /api/v1/ 60.68ms
INF 2026-08-23T08:27:20.723Z > 200 GET /api/v1/ 82.42ms
INF 2026-08-23T08:27:20.725Z > 200 GET /api/v1/ 94.69ms
INF 2026-08-23T08:27:20.726Z > 200 GET /api/v1/ 83.27ms
INF 2026-08-23T08:27:20.726Z > 200 GET /api/v1/ 96.12ms
INF 2026-08-23T08:27:20.726Z > 200 GET /api/v1/ 56.17ms
INF 2026-08-23T08:27:20.727Z > 200 GET /api/v1/ 56.2ms
INF 2026-08-23T08:27:20.727Z > 200 GET /api/v1/ 57.04ms
INF 2026-08-23T08:27:20.727Z > 200 GET /api/v1/ 57.24ms
INF 2026-08-23T08:27:20.728Z > 200 GET /api/v1/ 57.23ms
INF 2026-08-23T08:27:20.728Z > 200 GET /api/v1/ 56.95ms
INF 2026-08-23T08:27:20.728Z > 200 GET /api/v1/ 56.95ms
INF 2026-08-23T08:27:20.728Z > 200 GET /api/v1/ 59.2ms
INF 2026-08-23T08:27:20.728Z > 200 GET /api/v1/ 59.78ms
INF 2026-08-23T08:27:20.729Z > 200 GET /api/v1/ 59.22ms
INF 2026-08-23T08:27:20.729Z > 200 GET /api/v1/ 60.65ms
INF 2026-08-23T08:27:20.729Z > 200 GET /api/v1/ 62.62ms
INF 2026-08-23T08:27:20.729Z > 200 GET /api/v1/ 58.66ms
INF 2026-08-23T08:27:20.730Z > 200 GET /api/v1/ 63.0ms
INF 2026-08-23T08:27:20.730Z > 200 GET /api/v1/ 63.03ms
INF 2026-08-23T08:27:20.730Z > 200 GET /api/v1/ 63.04ms
INF 2026-08-23T08:27:20.733Z > 200 GET /api/v1/ 52.19ms
INF 2026-08-23T08:27:20.733Z > 200 GET /api/v1/ 97.53ms
INF 2026-08-23T08:27:20.733Z > 200 GET /api/v1/ 55.38ms
INF 2026-08-23T08:27:20.733Z > 200 GET /api/v1/ 55.0ms
INF 2026-08-23T08:27:20.734Z > 200 GET /api/v1/ 34.75ms
INF 2026-08-23T08:27:20.734Z > 200 GET /api/v1/ 60.21ms
INF 2026-08-23T08:27:20.734Z > 200 GET /api/v1/ 61.45ms
INF 2026-08-23T08:27:20.735Z > 200 GET /api/v1/ 40.06ms
INF 2026-08-23T08:27:20.749Z > 200 GET /api/v1/ 76.94ms
INF 2026-08-23T08:27:20.749Z > 200 GET /api/v1/ 77.58ms
INF 2026-08-23T08:27:20.749Z > 200 GET /api/v1/ 77.08ms
INF 2026-08-23T08:27:20.750Z > 200 GET /api/v1/ 79.68ms
INF 2026-08-23T08:27:20.751Z > 200 GET /api/v1/ 80.87ms
INF 2026-08-23T08:27:20.751Z > 200 GET /api/v1/ 68.96ms
INF 2026-08-23T08:27:20.751Z > 200 GET /api/v1/ 68.86ms
INF 2026-08-23T08:27:20.755Z > 200 GET /api/v1/ 73.07ms
INF 2026-08-23T08:27:20.755Z > 200 GET /api/v1/ 73.11ms
INF 2026-08-23T08:27:20.755Z > 200 GET /api/v1/ 73.64ms
INF 2026-08-23T08:27:20.755Z > 200 GET /api/v1/ 74.79ms
INF 2026-08-23T08:27:20.758Z > 200 GET /api/v1/ 68.5ms
INF 2026-08-23T08:27:20.758Z > 200 GET /api/v1/ 73.08ms
INF 2026-08-23T08:27:20.758Z > 200 GET /api/v1/ 70.39ms
INF 2026-08-23T08:27:20.759Z > 200 GET /api/v1/ 68.17ms
INF 2026-08-23T08:27:20.759Z > 200 GET /api/v1/ 73.06ms
INF 2026-08-23T08:27:20.759Z > 200 GET /api/v1/ 75.3ms
INF 2026-08-23T08:27:20.760Z > 200 GET /api/v1/ 75.22ms
INF 2026-08-23T08:27:20.760Z > 200 GET /api/v1/ 90.17ms
INF 2026-08-23T08:27:20.760Z > 200 GET /api/v1/ 70.53ms
INF 2026-08-23T08:27:20.760Z > 200 GET /api/v1/ 90.45ms
INF 2026-08-23T08:27:20.761Z > 200 GET /api/v1/ 77.72ms
INF 2026-08-23T08:27:20.765Z > 200 GET /api/v1/ 100.57ms
INF 2026-08-23T08:27:20.766Z > 200 GET /api/v1/ 67.5ms
INF 2026-08-23T08:27:20.767Z > 200 GET /api/v1/ 36.51ms
INF 2026-08-23T08:27:20.767Z > 200 GET /api/v1/ 53.02ms
INF 2026-08-23T08:27:20.772Z > 200 GET /api/v1/ 86.68ms
INF 2026-08-23T08:27:20.779Z > 200 GET /api/v1/ 74.77ms
INF 2026-08-23T08:27:20.782Z > 200 GET /api/v1/ 30.24ms
INF 2026-08-23T08:27:20.785Z > 200 GET /api/v1/ 65.95ms
INF 2026-08-23T08:27:20.786Z > 200 GET /api/v1/ 55.1ms
INF 2026-08-23T08:27:20.786Z > 200 GET /api/v1/ 67.64ms
INF 2026-08-23T08:27:20.789Z > 200 GET /api/v1/ 57.59ms
INF 2026-08-23T08:27:20.791Z > 200 GET /api/v1/ 86.14ms
INF 2026-08-23T08:27:20.793Z > 200 GET /api/v1/ 41.29ms
INF 2026-08-23T08:27:20.794Z > 200 GET /api/v1/ 40.39ms
INF 2026-08-23T08:27:20.794Z > 200 GET /api/v1/ 40.96ms
INF 2026-08-23T08:27:20.794Z > 200 GET /api/v1/ 40.22ms
INF 2026-08-23T08:27:20.795Z > 200 GET /api/v1/ 41.86ms
INF 2026-08-23T08:27:20.795Z > 200 GET /api/v1/ 41.21ms
INF 2026-08-23T08:27:20.795Z > 200 GET /api/v1/ 42.82ms
INF 2026-08-23T08:27:20.796Z > 200 GET /api/v1/ 42.36ms
INF 2026-08-23T08:27:20.796Z > 200 GET /api/v1/ 44.11ms
INF 2026-08-23T08:27:20.796Z > 200 GET /api/v1/ 44.21ms
INF 2026-08-23T08:27:20.797Z > 200 GET /api/v1/ 42.79ms
INF 2026-08-23T08:27:20.797Z > 200 GET /api/v1/ 44.96ms
INF 2026-08-23T08:27:20.798Z > 200 GET /api/v1/ 46.35ms
INF 2026-08-23T08:27:20.799Z > 200 GET /api/v1/ 80.53ms
INF 2026-08-23T08:27:20.802Z > 200 GET /api/v1/ 38.59ms
INF 2026-08-23T08:27:20.804Z > 200 GET /api/v1/ 47.55ms
INF 2026-08-23T08:27:20.804Z > 200 GET /api/v1/ 46.6ms
INF 2026-08-23T08:27:20.804Z > 200 GET /api/v1/ 51.26ms
INF 2026-08-23T08:27:20.805Z > 200 GET /api/v1/ 51.1ms
INF 2026-08-23T08:27:20.808Z > 200 GET /api/v1/ 55.04ms
INF 2026-08-23T08:27:20.810Z > 200 GET /api/v1/ 46.1ms
INF 2026-08-23T08:27:20.810Z > 200 GET /api/v1/ 47.31ms
INF 2026-08-23T08:27:20.810Z > 200 GET /api/v1/ 47.16ms
INF 2026-08-23T08:27:20.810Z > 200 GET /api/v1/ 47.18ms
INF 2026-08-23T08:27:20.813Z > 200 GET /api/v1/ 51.31ms
INF 2026-08-23T08:27:20.816Z > 200 GET /api/v1/ 59.32ms
INF 2026-08-23T08:27:20.817Z > 200 GET /api/v1/ 48.19ms
INF 2026-08-23T08:27:20.817Z > 200 GET /api/v1/ 51.9ms
INF 2026-08-23T08:27:20.821Z > 200 GET /api/v1/ 54.48ms
INF 2026-08-23T08:27:20.821Z > 200 GET /api/v1/ 68.58ms
INF 2026-08-23T08:27:20.824Z > 200 GET /api/v1/ 53.53ms
INF 2026-08-23T08:27:20.824Z > 200 GET /api/v1/ 53.3ms
INF 2026-08-23T08:27:20.825Z > 200 GET /api/v1/ 55.16ms
INF 2026-08-23T08:27:20.826Z > 200 GET /api/v1/ 56.54ms
INF 2026-08-23T08:27:20.827Z > 200 GET /api/v1/ 54.89ms
INF 2026-08-23T08:27:20.827Z > 200 GET /api/v1/ 55.47ms
INF 2026-08-23T08:27:20.845Z > 200 GET /api/v1/ 61.52ms
INF 2026-08-23T08:27:20.847Z > 200 GET /api/v1/ 73.0ms
INF 2026-08-23T08:27:20.847Z > 200 GET /api/v1/ 71.9ms
INF 2026-08-23T08:27:20.847Z > 200 GET /api/v1/ 69.03ms
INF 2026-08-23T08:27:20.848Z > 200 GET /api/v1/ 74.22ms
INF 2026-08-23T08:27:20.848Z > 200 GET /api/v1/ 72.25ms
INF 2026-08-23T08:27:20.848Z > 200 GET /api/v1/ 70.81ms
INF 2026-08-23T08:27:20.848Z > 200 GET /api/v1/ 73.49ms
INF 2026-08-23T08:27:20.848Z > 200 GET /api/v1/ 69.82ms
INF 2026-08-23T08:27:20.848Z > 200 GET /api/v1/ 57.49ms
INF 2026-08-23T08:27:20.849Z > 200 GET /api/v1/ 71.32ms
INF 2026-08-23T08:27:20.849Z > 200 GET /api/v1/ 73.99ms
INF 2026-08-23T08:27:20.849Z > 200 GET /api/v1/ 78.24ms
INF 2026-08-23T08:27:20.850Z > 200 GET /api/v1/ 72.17ms
INF 2026-08-23T08:27:20.850Z > 200 GET /api/v1/ 88.81ms
INF 2026-08-23T08:27:20.851Z > 200 GET /api/v1/ 76.31ms
INF 2026-08-23T08:27:20.851Z > 200 GET /api/v1/ 80.01ms
INF 2026-08-23T08:27:20.852Z > 200 GET /api/v1/ 74.05ms
INF 2026-08-23T08:27:20.853Z > 200 GET /api/v1/ 49.11ms
INF 2026-08-23T08:27:20.853Z > 200 GET /api/v1/ 79.77ms
INF 2026-08-23T08:27:20.853Z > 200 GET /api/v1/ 69.78ms
INF 2026-08-23T08:27:20.853Z > 200 GET /api/v1/ 80.45ms
INF 2026-08-23T08:27:20.854Z > 200 GET /api/v1/ 71.55ms
INF 2026-08-23T08:27:20.857Z > 200 GET /api/v1/ 84.59ms
INF 2026-08-23T08:27:20.857Z > 200 GET /api/v1/ 74.38ms
INF 2026-08-23T08:27:20.857Z > 200 GET /api/v1/ 74.9ms
INF 2026-08-23T08:27:20.860Z > 200 GET /api/v1/ 69.07ms
INF 2026-08-23T08:27:20.861Z > 200 GET /api/v1/ 60.08ms
INF 2026-08-23T08:27:20.861Z > 200 GET /api/v1/ 58.51ms
INF 2026-08-23T08:27:20.861Z > 200 GET /api/v1/ 69.01ms
INF 2026-08-23T08:27:20.862Z > 200 GET /api/v1/ 77.95ms
INF 2026-08-23T08:27:20.862Z > 200 GET /api/v1/ 69.78ms
INF 2026-08-23T08:27:20.862Z > 200 GET /api/v1/ 70.55ms
INF 2026-08-23T08:27:20.863Z > 200 GET /api/v1/ 78.24ms
INF 2026-08-23T08:27:20.863Z > 200 GET /api/v1/ 79.04ms
INF 2026-08-23T08:27:20.865Z > 200 GET /api/v1/ 93.92ms
INF 2026-08-23T08:27:20.865Z > 200 GET /api/v1/ 89.27ms
INF 2026-08-23T08:27:20.865Z > 200 GET /api/v1/ 87.35ms
INF 2026-08-23T08:27:20.866Z > 200 GET /api/v1/ 63.7ms
INF 2026-08-23T08:27:20.868Z > 200 GET /api/v1/ 67.67ms
INF 2026-08-23T08:27:20.868Z > 200 GET /api/v1/ 67.11ms
INF 2026-08-23T08:27:20.869Z > 200 GET /api/v1/ 65.69ms
INF 2026-08-23T08:27:20.873Z > 200 GET /api/v1/ 59.09ms
INF 2026-08-23T08:27:20.874Z > 200 GET /api/v1/ 65.88ms
INF 2026-08-23T08:27:20.876Z > 200 GET /api/v1/ 70.39ms
INF 2026-08-23T08:27:20.877Z > 200 GET /api/v1/ 75.14ms
INF 2026-08-23T08:27:20.877Z > 200 GET /api/v1/ 28.97ms
INF 2026-08-23T08:27:20.881Z > 200 GET /api/v1/ 69.02ms
INF 2026-08-23T08:27:20.881Z > 200 GET /api/v1/ 69.0ms
INF 2026-08-23T08:27:20.882Z > 200 GET /api/v1/ 69.09ms
INF 2026-08-23T08:27:20.883Z > 200 GET /api/v1/ 29.45ms
INF 2026-08-23T08:27:20.884Z > 200 GET /api/v1/ 31.75ms
INF 2026-08-23T08:27:20.884Z > 200 GET /api/v1/ 76.73ms
INF 2026-08-23T08:27:20.885Z > 200 GET /api/v1/ 65.29ms
INF 2026-08-23T08:27:20.885Z > 200 GET /api/v1/ 64.85ms
INF 2026-08-23T08:27:20.886Z > 200 GET /api/v1/ 71.06ms
INF 2026-08-23T08:27:20.886Z > 200 GET /api/v1/ 40.62ms
INF 2026-08-23T08:27:20.886Z > 200 GET /api/v1/ 40.36ms
INF 2026-08-23T08:27:20.888Z > 200 GET /api/v1/ 61.17ms
INF 2026-08-23T08:27:20.888Z > 200 GET /api/v1/ 77.15ms
INF 2026-08-23T08:27:20.889Z > 200 GET /api/v1/ 77.79ms
INF 2026-08-23T08:27:20.889Z > 200 GET /api/v1/ 75.58ms
INF 2026-08-23T08:27:20.891Z > 200 GET /api/v1/ 34.98ms
INF 2026-08-23T08:27:20.891Z > 200 GET /api/v1/ 35.05ms
INF 2026-08-23T08:27:20.891Z > 200 GET /api/v1/ 37.41ms
INF 2026-08-23T08:27:20.892Z > 200 GET /api/v1/ 36.33ms
INF 2026-08-23T08:27:20.892Z > 200 GET /api/v1/ 37.67ms
INF 2026-08-23T08:27:20.893Z > 200 GET /api/v1/ 37.96ms
INF 2026-08-23T08:27:20.893Z > 200 GET /api/v1/ 37.67ms
INF 2026-08-23T08:27:20.894Z > 200 GET /api/v1/ 37.1ms
INF 2026-08-23T08:27:20.894Z > 200 GET /api/v1/ 72.22ms
INF 2026-08-23T08:27:20.894Z > 200 GET /api/v1/ 37.61ms
INF 2026-08-23T08:27:20.895Z > 200 GET /api/v1/ 89.55ms
INF 2026-08-23T08:27:20.895Z > 200 GET /api/v1/ 44.54ms
INF 2026-08-23T08:27:20.896Z > 200 GET /api/v1/ 21.63ms
INF 2026-08-23T08:27:20.896Z > 200 GET /api/v1/ 36.47ms
INF 2026-08-23T08:27:20.897Z > 200 GET /api/v1/ 41.6ms
INF 2026-08-23T08:27:20.898Z > 200 GET /api/v1/ 42.9ms
INF 2026-08-23T08:27:20.899Z > 200 GET /api/v1/ 44.06ms
INF 2026-08-23T08:27:20.901Z > 200 GET /api/v1/ 44.65ms
INF 2026-08-23T08:27:20.901Z > 200 GET /api/v1/ 46.55ms
INF 2026-08-23T08:27:20.901Z > 200 GET /api/v1/ 47.67ms
INF 2026-08-23T08:27:20.902Z > 200 GET /api/v1/ 45.55ms
INF 2026-08-23T08:27:20.903Z > 200 GET /api/v1/ 46.55ms
INF 2026-08-23T08:27:20.906Z > 200 GET /api/v1/ 42.61ms
INF 2026-08-23T08:27:20.907Z > 200 GET /api/v1/ 49.22ms
INF 2026-08-23T08:27:20.909Z > 200 GET /api/v1/ 50.49ms
INF 2026-08-23T08:27:20.909Z > 200 GET /api/v1/ 50.61ms
INF 2026-08-23T08:27:20.910Z > 200 GET /api/v1/ 44.2ms
INF 2026-08-23T08:27:20.911Z > 200 GET /api/v1/ 44.11ms
INF 2026-08-23T08:27:20.912Z > 200 GET /api/v1/ 57.39ms
INF 2026-08-23T08:27:20.913Z > 200 GET /api/v1/ 57.39ms
INF 2026-08-23T08:27:20.914Z > 200 GET /api/v1/ 59.71ms
INF 2026-08-23T08:27:20.915Z > 200 GET /api/v1/ 39.08ms
INF 2026-08-23T08:27:20.916Z > 200 GET /api/v1/ 39.41ms
INF 2026-08-23T08:27:20.933Z > 200 GET /api/v1/ 70.0ms
INF 2026-08-23T08:27:20.933Z > 200 GET /api/v1/ 58.6ms
INF 2026-08-23T08:27:20.934Z > 200 GET /api/v1/ 59.53ms
INF 2026-08-23T08:27:20.935Z > 200 GET /api/v1/ 57.61ms
INF 2026-08-23T08:27:20.940Z > 200 GET /api/v1/ 76.05ms
INF 2026-08-23T08:27:20.945Z > 200 GET /api/v1/ 46.7ms
INF 2026-08-23T08:27:20.951Z > 200 GET /api/v1/ 54.9ms
INF 2026-08-23T08:27:20.961Z > 200 GET /api/v1/ 62.1ms
INF 2026-08-23T08:27:20.962Z > 200 GET /api/v1/ 62.78ms
INF 2026-08-23T08:27:20.962Z > 200 GET /api/v1/ 61.87ms
INF 2026-08-23T08:27:20.963Z > 200 GET /api/v1/ 63.16ms
INF 2026-08-23T08:27:20.964Z > 200 GET /api/v1/ 64.43ms
INF 2026-08-23T08:27:20.964Z > 200 GET /api/v1/ 64.27ms
INF 2026-08-23T08:27:20.964Z > 200 GET /api/v1/ 70.06ms
INF 2026-08-23T08:27:20.965Z > 200 GET /api/v1/ 57.54ms
INF 2026-08-23T08:27:20.969Z > 200 GET /api/v1/ 78.7ms
INF 2026-08-23T08:27:20.969Z > 200 GET /api/v1/ 79.59ms
INF 2026-08-23T08:27:20.970Z > 200 GET /api/v1/ 80.46ms
INF 2026-08-23T08:27:20.970Z > 200 GET /api/v1/ 79.97ms
INF 2026-08-23T08:27:20.973Z > 200 GET /api/v1/ 68.7ms
INF 2026-08-23T08:27:20.973Z > 200 GET /api/v1/ 71.08ms
INF 2026-08-23T08:27:20.974Z > 200 GET /api/v1/ 70.26ms
INF 2026-08-23T08:27:20.975Z > 200 GET /api/v1/ 59.69ms
INF 2026-08-23T08:27:20.975Z > 200 GET /api/v1/ 72.09ms
INF 2026-08-23T08:27:20.976Z > 200 GET /api/v1/ 70.76ms
INF 2026-08-23T08:27:20.977Z > 200 GET /api/v1/ 78.0ms
INF 2026-08-23T08:27:20.983Z > 200 GET /api/v1/ 86.2ms
INF 2026-08-23T08:27:20.984Z > 200 GET /api/v1/ 88.06ms
INF 2026-08-23T08:27:20.984Z > 200 GET /api/v1/ 86.98ms
INF 2026-08-23T08:27:20.984Z > 200 GET /api/v1/ 88.24ms
INF 2026-08-23T08:27:20.985Z > 200 GET /api/v1/ 87.31ms
INF 2026-08-23T08:27:20.985Z > 200 GET /api/v1/ 88.59ms
INF 2026-08-23T08:27:20.985Z > 200 GET /api/v1/ 50.67ms
INF 2026-08-23T08:27:20.986Z > 200 GET /api/v1/ 51.59ms
INF 2026-08-23T08:27:20.987Z > 200 GET /api/v1/ 71.34ms
INF 2026-08-23T08:27:20.987Z > 200 GET /api/v1/ 72.14ms
INF 2026-08-23T08:27:20.989Z > 200 GET /api/v1/ 87.04ms
INF 2026-08-23T08:27:20.990Z > 200 GET /api/v1/ 87.63ms
INF 2026-08-23T08:27:20.990Z > 200 GET /api/v1/ 79.04ms
INF 2026-08-23T08:27:20.991Z > 200 GET /api/v1/ 79.04ms
INF 2026-08-23T08:27:20.991Z > 200 GET /api/v1/ 81.27ms
INF 2026-08-23T08:27:20.991Z > 200 GET /api/v1/ 91.31ms
INF 2026-08-23T08:27:20.992Z > 200 GET /api/v1/ 92.32ms
INF 2026-08-23T08:27:20.992Z > 200 GET /api/v1/ 85.16ms
INF 2026-08-23T08:27:20.993Z > 200 GET /api/v1/ 53.15ms
INF 2026-08-23T08:27:20.993Z > 200 GET /api/v1/ 85.37ms
INF 2026-08-23T08:27:20.993Z > 200 GET /api/v1/ 54.85ms
INF 2026-08-23T08:27:20.993Z > 200 GET /api/v1/ 54.96ms
INF 2026-08-23T08:27:20.994Z > 200 GET /api/v1/ 55.98ms
INF 2026-08-23T08:27:20.994Z > 200 GET /api/v1/ 56.13ms
INF 2026-08-23T08:27:20.994Z > 200 GET /api/v1/ 54.81ms
INF 2026-08-23T08:27:20.995Z > 200 GET /api/v1/ 56.57ms
INF 2026-08-23T08:27:20.995Z > 200 GET /api/v1/ 56.34ms
INF 2026-08-23T08:27:20.995Z > 200 GET /api/v1/ 57.27ms
INF 2026-08-23T08:27:20.995Z > 200 GET /api/v1/ 57.98ms
INF 2026-08-23T08:27:20.996Z > 200 GET /api/v1/ 58.82ms
INF 2026-08-23T08:27:20.996Z > 200 GET /api/v1/ 59.42ms
INF 2026-08-23T08:27:20.996Z > 200 GET /api/v1/ 58.94ms
INF 2026-08-23T08:27:20.997Z > 200 GET /api/v1/ 60.13ms
INF 2026-08-23T08:27:20.997Z > 200 GET /api/v1/ 60.65ms
INF 2026-08-23T08:27:20.997Z > 200 GET /api/v1/ 59.15ms
INF 2026-08-23T08:27:20.997Z > 200 GET /api/v1/ 61.68ms
INF 2026-08-23T08:27:20.998Z > 200 GET /api/v1/ 61.58ms
INF 2026-08-23T08:27:20.998Z > 200 GET /api/v1/ 60.74ms
INF 2026-08-23T08:27:20.999Z > 200 GET /api/v1/ 64.99ms
INF 2026-08-23T08:27:21.001Z > 200 GET /api/v1/ 54.76ms
INF 2026-08-23T08:27:21.002Z > 200 GET /api/v1/ 55.56ms
INF 2026-08-23T08:27:21.002Z > 200 GET /api/v1/ 56.51ms
INF 2026-08-23T08:27:21.003Z > 200 GET /api/v1/ 61.53ms
INF 2026-08-23T08:27:21.003Z > 200 GET /api/v1/ 65.03ms
INF 2026-08-23T08:27:21.004Z > 200 GET /api/v1/ 63.34ms
INF 2026-08-23T08:27:21.004Z > 200 GET /api/v1/ 103.82ms
INF 2026-08-23T08:27:21.004Z > 200 GET /api/v1/ 93.37ms
INF 2026-08-23T08:27:21.005Z > 200 GET /api/v1/ 65.93ms
INF 2026-08-23T08:27:21.022Z > 200 GET /api/v1/ 66.25ms
INF 2026-08-23T08:27:21.022Z > 200 GET /api/v1/ 68.86ms
INF 2026-08-23T08:27:21.022Z > 200 GET /api/v1/ 69.51ms
INF 2026-08-23T08:27:21.023Z > 200 GET /api/v1/ 70.36ms
INF 2026-08-23T08:27:21.023Z > 200 GET /api/v1/ 69.13ms
INF 2026-08-23T08:27:21.023Z > 200 GET /api/v1/ 88.1ms
INF 2026-08-23T08:27:21.024Z > 200 GET /api/v1/ 72.82ms
INF 2026-08-23T08:27:21.024Z > 200 GET /api/v1/ 72.68ms
INF 2026-08-23T08:27:21.024Z > 200 GET /api/v1/ 75.2ms
INF 2026-08-23T08:27:21.025Z > 200 GET /api/v1/ 73.41ms
INF 2026-08-23T08:27:21.025Z > 200 GET /api/v1/ 76.5ms
INF 2026-08-23T08:27:21.025Z > 200 GET /api/v1/ 74.14ms
INF 2026-08-23T08:27:21.025Z > 200 GET /api/v1/ 76.27ms
INF 2026-08-23T08:27:21.026Z > 200 GET /api/v1/ 76.76ms
INF 2026-08-23T08:27:21.026Z > 200 GET /api/v1/ 56.67ms
INF 2026-08-23T08:27:21.027Z > 200 GET /api/v1/ 61.53ms
INF 2026-08-23T08:27:21.027Z > 200 GET /api/v1/ 82.68ms
INF 2026-08-23T08:27:21.027Z > 200 GET /api/v1/ 83.12ms
INF 2026-08-23T08:27:21.029Z > 200 GET /api/v1/ 86.33ms
INF 2026-08-23T08:27:21.030Z > 200 GET /api/v1/ 86.02ms
INF 2026-08-23T08:27:21.030Z > 200 GET /api/v1/ 71.26ms
INF 2026-08-23T08:27:21.030Z > 200 GET /api/v1/ 120.61ms
INF 2026-08-23T08:27:21.032Z > 200 GET /api/v1/ 80.32ms
INF 2026-08-23T08:27:21.034Z > 200 GET /api/v1/ 66.63ms
INF 2026-08-23T08:27:21.036Z > 200 GET /api/v1/ 69.37ms
INF 2026-08-23T08:27:21.036Z > 200 GET /api/v1/ 54.98ms
INF 2026-08-23T08:27:21.036Z > 200 GET /api/v1/ 55.45ms
INF 2026-08-23T08:27:21.037Z > 200 GET /api/v1/ 56.66ms
INF 2026-08-23T08:27:21.037Z > 200 GET /api/v1/ 56.9ms
INF 2026-08-23T08:27:21.048Z > 200 GET /api/v1/ 81.24ms
INF 2026-08-23T08:27:21.057Z > 200 GET /api/v1/ 69.33ms
INF 2026-08-23T08:27:21.057Z > 200 GET /api/v1/ 30.24ms
INF 2026-08-23T08:27:21.061Z > 200 GET /api/v1/ 55.75ms
INF 2026-08-23T08:27:21.063Z > 200 GET /api/v1/ 57.01ms
INF 2026-08-23T08:27:21.063Z > 200 GET /api/v1/ 58.4ms
INF 2026-08-23T08:27:21.065Z > 200 GET /api/v1/ 61.92ms
INF 2026-08-23T08:27:21.067Z > 200 GET /api/v1/ 39.5ms
INF 2026-08-23T08:27:21.068Z > 200 GET /api/v1/ 39.81ms
INF 2026-08-23T08:27:21.068Z > 200 GET /api/v1/ 40.68ms
INF 2026-08-23T08:27:21.069Z > 200 GET /api/v1/ 40.01ms
INF 2026-08-23T08:27:21.069Z > 200 GET /api/v1/ 40.37ms
INF 2026-08-23T08:27:21.070Z > 200 GET /api/v1/ 42.59ms
INF 2026-08-23T08:27:21.072Z > 200 GET /api/v1/ 35.37ms
INF 2026-08-23T08:27:21.072Z > 200 GET /api/v1/ 72.83ms
INF 2026-08-23T08:27:21.079Z > 200 GET /api/v1/ 47.81ms
INF 2026-08-23T08:27:21.082Z > 200 GET /api/v1/ 53.17ms
INF 2026-08-23T08:27:21.082Z > 200 GET /api/v1/ 53.81ms
INF 2026-08-23T08:27:21.084Z > 200 GET /api/v1/ 55.68ms
INF 2026-08-23T08:27:21.085Z > 200 GET /api/v1/ 55.68ms
INF 2026-08-23T08:27:21.085Z > 200 GET /api/v1/ 78.98ms
INF 2026-08-23T08:27:21.086Z > 200 GET /api/v1/ 51.11ms
INF 2026-08-23T08:27:21.087Z > 200 GET /api/v1/ 50.19ms
INF 2026-08-23T08:27:21.087Z > 200 GET /api/v1/ 50.2ms
INF 2026-08-23T08:27:21.088Z > 200 GET /api/v1/ 53.03ms
INF 2026-08-23T08:27:21.088Z > 200 GET /api/v1/ 55.37ms
INF 2026-08-23T08:27:21.090Z > 200 GET /api/v1/ 56.74ms
INF 2026-08-23T08:27:21.090Z > 200 GET /api/v1/ 56.41ms
INF 2026-08-23T08:27:21.091Z > 200 GET /api/v1/ 64.96ms
INF 2026-08-23T08:27:21.092Z > 200 GET /api/v1/ 58.18ms
INF 2026-08-23T08:27:21.092Z > 200 GET /api/v1/ 59.95ms
INF 2026-08-23T08:27:21.093Z > 200 GET /api/v1/ 58.98ms
INF 2026-08-23T08:27:21.093Z > 200 GET /api/v1/ 60.57ms
INF 2026-08-23T08:27:21.094Z > 200 GET /api/v1/ 58.33ms
INF 2026-08-23T08:27:21.094Z > 200 GET /api/v1/ 51.75ms
INF 2026-08-23T08:27:21.097Z > 200 GET /api/v1/ 66.23ms
INF 2026-08-23T08:27:21.097Z > 200 GET /api/v1/ 57.01ms
INF 2026-08-23T08:27:21.098Z > 200 GET /api/v1/ 69.27ms
INF 2026-08-23T08:27:21.098Z > 200 GET /api/v1/ 68.95ms
INF 2026-08-23T08:27:21.098Z > 200 GET /api/v1/ 57.7ms
INF 2026-08-23T08:27:21.099Z > 200 GET /api/v1/ 68.12ms
INF 2026-08-23T08:27:21.099Z > 200 GET /api/v1/ 64.34ms
INF 2026-08-23T08:27:21.100Z > 200 GET /api/v1/ 70.91ms
INF 2026-08-23T08:27:21.100Z > 200 GET /api/v1/ 71.99ms
INF 2026-08-23T08:27:21.101Z > 200 GET /api/v1/ 62.49ms
INF 2026-08-23T08:27:21.120Z > 200 GET /api/v1/ 68.91ms
INF 2026-08-23T08:27:21.120Z > 200 GET /api/v1/ 80.47ms
INF 2026-08-23T08:27:21.120Z > 200 GET /api/v1/ 72.81ms
INF 2026-08-23T08:27:21.121Z > 200 GET /api/v1/ 74.66ms
INF 2026-08-23T08:27:21.121Z > 200 GET /api/v1/ 76.26ms
INF 2026-08-23T08:27:21.121Z > 200 GET /api/v1/ 75.89ms
INF 2026-08-23T08:27:21.121Z > 200 GET /api/v1/ 78.36ms
INF 2026-08-23T08:27:21.122Z > 200 GET /api/v1/ 76.06ms
INF 2026-08-23T08:27:21.122Z > 200 GET /api/v1/ 75.42ms
INF 2026-08-23T08:27:21.122Z > 200 GET /api/v1/ 74.66ms
INF 2026-08-23T08:27:21.123Z > 200 GET /api/v1/ 77.28ms
INF 2026-08-23T08:27:21.123Z > 200 GET /api/v1/ 78.89ms
INF 2026-08-23T08:27:21.123Z > 200 GET /api/v1/ 78.31ms
INF 2026-08-23T08:27:21.124Z > 200 GET /api/v1/ 79.6ms
INF 2026-08-23T08:27:21.124Z > 200 GET /api/v1/ 80.34ms
INF 2026-08-23T08:27:21.125Z > 200 GET /api/v1/ 80.81ms
INF 2026-08-23T08:27:21.127Z > 200 GET /api/v1/ 71.27ms
INF 2026-08-23T08:27:21.127Z > 200 GET /api/v1/ 72.2ms
INF 2026-08-23T08:27:21.127Z > 200 GET /api/v1/ 74.06ms
INF 2026-08-23T08:27:21.128Z > 200 GET /api/v1/ 75.31ms
INF 2026-08-23T08:27:21.130Z > 200 GET /api/v1/ 77.14ms
INF 2026-08-23T08:27:21.130Z > 200 GET /api/v1/ 78.92ms
INF 2026-08-23T08:27:21.131Z > 200 GET /api/v1/ 81.08ms
INF 2026-08-23T08:27:21.131Z > 200 GET /api/v1/ 76.47ms
INF 2026-08-23T08:27:21.133Z > 200 GET /api/v1/ 87.63ms
INF 2026-08-23T08:27:21.137Z > 200 GET /api/v1/ 103.15ms
INF 2026-08-23T08:27:21.138Z > 200 GET /api/v1/ 64.54ms
INF 2026-08-23T08:27:21.138Z > 200 GET /api/v1/ 67.0ms
INF 2026-08-23T08:27:21.138Z > 200 GET /api/v1/ 67.14ms
INF 2026-08-23T08:27:21.138Z > 200 GET /api/v1/ 65.98ms
INF 2026-08-23T08:27:21.139Z > 200 GET /api/v1/ 65.48ms
INF 2026-08-23T08:27:21.139Z > 200 GET /api/v1/ 51.8ms
INF 2026-08-23T08:27:21.139Z > 200 GET /api/v1/ 65.44ms
INF 2026-08-23T08:27:21.140Z > 200 GET /api/v1/ 69.63ms
INF 2026-08-23T08:27:21.146Z > 200 GET /api/v1/ 65.8ms
INF 2026-08-23T08:27:21.146Z > 200 GET /api/v1/ 65.95ms
INF 2026-08-23T08:27:21.146Z > 200 GET /api/v1/ 68.08ms
INF 2026-08-23T08:27:21.147Z > 200 GET /api/v1/ 69.41ms
INF 2026-08-23T08:27:21.147Z > 200 GET /api/v1/ 69.65ms
INF 2026-08-23T08:27:21.147Z > 200 GET /api/v1/ 70.83ms
INF 2026-08-23T08:27:21.150Z > 200 GET /api/v1/ 73.76ms
INF 2026-08-23T08:27:21.151Z > 200 GET /api/v1/ 62.61ms
INF 2026-08-23T08:27:21.155Z > 200 GET /api/v1/ 71.97ms
INF 2026-08-23T08:27:21.155Z > 200 GET /api/v1/ 73.2ms
INF 2026-08-23T08:27:21.156Z > 200 GET /api/v1/ 73.73ms
INF 2026-08-23T08:27:21.157Z > 200 GET /api/v1/ 26.11ms
INF 2026-08-23T08:27:21.157Z > 200 GET /api/v1/ 78.96ms
INF 2026-08-23T08:27:21.159Z > 200 GET /api/v1/ 31.35ms
INF 2026-08-23T08:27:21.159Z > 200 GET /api/v1/ 64.78ms
INF 2026-08-23T08:27:21.160Z > 200 GET /api/v1/ 68.69ms
INF 2026-08-23T08:27:21.160Z > 200 GET /api/v1/ 87.64ms
INF 2026-08-23T08:27:21.161Z > 200 GET /api/v1/ 71.43ms
INF 2026-08-23T08:27:21.161Z > 200 GET /api/v1/ 87.76ms
INF 2026-08-23T08:27:21.161Z > 200 GET /api/v1/ 72.17ms
INF 2026-08-23T08:27:21.162Z > 200 GET /api/v1/ 60.39ms
INF 2026-08-23T08:27:21.162Z > 200 GET /api/v1/ 61.14ms
INF 2026-08-23T08:27:21.164Z > 200 GET /api/v1/ 84.46ms
INF 2026-08-23T08:27:21.164Z > 200 GET /api/v1/ 81.31ms
INF 2026-08-23T08:27:21.164Z > 200 GET /api/v1/ 81.38ms
INF 2026-08-23T08:27:21.165Z > 200 GET /api/v1/ 35.67ms
INF 2026-08-23T08:27:21.165Z > 200 GET /api/v1/ 83.37ms
INF 2026-08-23T08:27:21.166Z > 200 GET /api/v1/ 36.36ms
INF 2026-08-23T08:27:21.166Z > 200 GET /api/v1/ 37.97ms
INF 2026-08-23T08:27:21.166Z > 200 GET /api/v1/ 37.23ms
INF 2026-08-23T08:27:21.167Z > 200 GET /api/v1/ 37.75ms
INF 2026-08-23T08:27:21.167Z > 200 GET /api/v1/ 37.4ms
INF 2026-08-23T08:27:21.167Z > 200 GET /api/v1/ 38.87ms
INF 2026-08-23T08:27:21.167Z > 200 GET /api/v1/ 38.54ms
INF 2026-08-23T08:27:21.169Z > 200 GET /api/v1/ 41.25ms
INF 2026-08-23T08:27:21.169Z > 200 GET /api/v1/ 40.62ms
INF 2026-08-23T08:27:21.169Z > 200 GET /api/v1/ 43.79ms
INF 2026-08-23T08:27:21.170Z > 200 GET /api/v1/ 43.42ms
INF 2026-08-23T08:27:21.170Z > 200 GET /api/v1/ 22.63ms
INF 2026-08-23T08:27:21.172Z > 200 GET /api/v1/ 34.07ms
INF 2026-08-23T08:27:21.174Z > 200 GET /api/v1/ 41.49ms
INF 2026-08-23T08:27:21.176Z > 200 GET /api/v1/ 29.22ms
INF 2026-08-23T08:27:21.176Z > 200 GET /api/v1/ 42.69ms
INF 2026-08-23T08:27:21.179Z > 200 GET /api/v1/ 42.93ms
INF 2026-08-23T08:27:21.180Z > 200 GET /api/v1/ 43.09ms
INF 2026-08-23T08:27:21.180Z > 200 GET /api/v1/ 45.84ms
INF 2026-08-23T08:27:21.181Z > 200 GET /api/v1/ 44.86ms
INF 2026-08-23T08:27:21.182Z > 200 GET /api/v1/ 48.1ms
INF 2026-08-23T08:27:21.182Z > 200 GET /api/v1/ 46.81ms
INF 2026-08-23T08:27:21.182Z > 200 GET /api/v1/ 47.25ms
INF 2026-08-23T08:27:21.187Z > 200 GET /api/v1/ 39.07ms
INF 2026-08-23T08:27:21.187Z > 200 GET /api/v1/ 44.26ms
INF 2026-08-23T08:27:21.187Z > 200 GET /api/v1/ 55.3ms
INF 2026-08-23T08:27:21.188Z > 200 GET /api/v1/ 47.26ms
INF 2026-08-23T08:27:21.188Z > 200 GET /api/v1/ 44.0ms
INF 2026-08-23T08:27:21.188Z > 200 GET /api/v1/ 45.96ms
INF 2026-08-23T08:27:21.188Z > 200 GET /api/v1/ 44.26ms
INF 2026-08-23T08:27:21.188Z > 200 GET /api/v1/ 59.07ms
INF 2026-08-23T08:27:21.192Z > 200 GET /api/v1/ 50.39ms
INF 2026-08-23T08:27:21.192Z > 200 GET /api/v1/ 41.63ms
INF 2026-08-23T08:27:21.208Z > 200 GET /api/v1/ 59.22ms
INF 2026-08-23T08:27:21.209Z > 200 GET /api/v1/ 60.04ms
INF 2026-08-23T08:27:21.209Z > 200 GET /api/v1/ 59.29ms
INF 2026-08-23T08:27:21.210Z > 200 GET /api/v1/ 39.62ms
INF 2026-08-23T08:27:21.210Z > 200 GET /api/v1/ 74.67ms
INF 2026-08-23T08:27:21.214Z > 200 GET /api/v1/ 46.85ms
INF 2026-08-23T08:27:21.221Z > 200 GET /api/v1/ 73.0ms
INF 2026-08-23T08:27:21.221Z > 200 GET /api/v1/ 73.09ms
INF 2026-08-23T08:27:21.222Z > 200 GET /api/v1/ 50.69ms
INF 2026-08-23T08:27:21.222Z > 200 GET /api/v1/ 53.9ms
INF 2026-08-23T08:27:21.222Z > 200 GET /api/v1/ 42.53ms
INF 2026-08-23T08:27:21.231Z > 200 GET /api/v1/ 55.86ms
INF 2026-08-23T08:27:21.231Z > 200 GET /api/v1/ 57.41ms
INF 2026-08-23T08:27:21.232Z > 200 GET /api/v1/ 58.68ms
INF 2026-08-23T08:27:21.234Z > 200 GET /api/v1/ 56.08ms
INF 2026-08-23T08:27:21.234Z > 200 GET /api/v1/ 58.96ms
INF 2026-08-23T08:27:21.234Z > 200 GET /api/v1/ 61.07ms
INF 2026-08-23T08:27:21.235Z > 200 GET /api/v1/ 59.26ms
INF 2026-08-23T08:27:21.235Z > 200 GET /api/v1/ 62.68ms
INF 2026-08-23T08:27:21.235Z > 200 GET /api/v1/ 60.35ms
INF 2026-08-23T08:27:21.239Z > 200 GET /api/v1/ 56.66ms
INF 2026-08-23T08:27:21.239Z > 200 GET /api/v1/ 68.84ms
INF 2026-08-23T08:27:21.246Z > 200 GET /api/v1/ 68.74ms
INF 2026-08-23T08:27:21.251Z > 200 GET /api/v1/ 41.05ms
INF 2026-08-23T08:27:21.252Z > 200 GET /api/v1/ 68.53ms
INF 2026-08-23T08:27:21.252Z > 200 GET /api/v1/ 68.29ms
INF 2026-08-23T08:27:21.252Z > 200 GET /api/v1/ 79.93ms
INF 2026-08-23T08:27:21.253Z > 200 GET /api/v1/ 80.28ms
INF 2026-08-23T08:27:21.253Z > 200 GET /api/v1/ 85.29ms
INF 2026-08-23T08:27:21.253Z > 200 GET /api/v1/ 82.89ms
INF 2026-08-23T08:27:21.257Z > 200 GET /api/v1/ 78.93ms
INF 2026-08-23T08:27:21.257Z > 200 GET /api/v1/ 79.03ms
INF 2026-08-23T08:27:21.259Z > 200 GET /api/v1/ 74.17ms
INF 2026-08-23T08:27:21.259Z > 200 GET /api/v1/ 74.76ms
INF 2026-08-23T08:27:21.259Z > 200 GET /api/v1/ 73.52ms
INF 2026-08-23T08:27:21.260Z > 200 GET /api/v1/ 82.46ms
INF 2026-08-23T08:27:21.260Z > 200 GET /api/v1/ 75.61ms
INF 2026-08-23T08:27:21.261Z > 200 GET /api/v1/ 85.12ms
INF 2026-08-23T08:27:21.261Z > 200 GET /api/v1/ 84.13ms
INF 2026-08-23T08:27:21.261Z > 200 GET /api/v1/ 83.49ms
INF 2026-08-23T08:27:21.261Z > 200 GET /api/v1/ 50.18ms
INF 2026-08-23T08:27:21.262Z > 200 GET /api/v1/ 50.14ms
INF 2026-08-23T08:27:21.262Z > 200 GET /api/v1/ 49.3ms
INF 2026-08-23T08:27:21.263Z > 200 GET /api/v1/ 50.21ms
INF 2026-08-23T08:27:21.263Z > 200 GET /api/v1/ 50.9ms
INF 2026-08-23T08:27:21.263Z > 200 GET /api/v1/ 52.91ms
INF 2026-08-23T08:27:21.263Z > 200 GET /api/v1/ 51.97ms
INF 2026-08-23T08:27:21.264Z > 200 GET /api/v1/ 51.48ms
INF 2026-08-23T08:27:21.264Z > 200 GET /api/v1/ 52.27ms
INF 2026-08-23T08:27:21.264Z > 200 GET /api/v1/ 51.81ms
INF 2026-08-23T08:27:21.264Z > 200 GET /api/v1/ 52.31ms
INF 2026-08-23T08:27:21.264Z > 200 GET /api/v1/ 53.68ms
INF 2026-08-23T08:27:21.265Z > 200 GET /api/v1/ 53.01ms
INF 2026-08-23T08:27:21.265Z > 200 GET /api/v1/ 54.66ms
INF 2026-08-23T08:27:21.266Z > 200 GET /api/v1/ 53.21ms
INF 2026-08-23T08:27:21.266Z > 200 GET /api/v1/ 54.84ms
INF 2026-08-23T08:27:21.266Z > 200 GET /api/v1/ 53.27ms
INF 2026-08-23T08:27:21.266Z > 200 GET /api/v1/ 55.15ms
INF 2026-08-23T08:27:21.267Z > 200 GET /api/v1/ 54.91ms
INF 2026-08-23T08:27:21.267Z > 200 GET /api/v1/ 56.66ms
INF 2026-08-23T08:27:21.268Z > 200 GET /api/v1/ 56.28ms
INF 2026-08-23T08:27:21.268Z > 200 GET /api/v1/ 54.45ms
INF 2026-08-23T08:27:21.268Z > 200 GET /api/v1/ 45.79ms
INF 2026-08-23T08:27:21.268Z > 200 GET /api/v1/ 46.73ms
INF 2026-08-23T08:27:21.271Z > 200 GET /api/v1/ 37.22ms
INF 2026-08-23T08:27:21.271Z > 200 GET /api/v1/ 80.5ms
INF 2026-08-23T08:27:21.272Z > 200 GET /api/v1/ 81.11ms
INF 2026-08-23T08:27:21.272Z > 200 GET /api/v1/ 82.01ms
INF 2026-08-23T08:27:21.272Z > 200 GET /api/v1/ 82.82ms
INF 2026-08-23T08:27:21.273Z > 200 GET /api/v1/ 82.01ms
INF 2026-08-23T08:27:21.273Z > 200 GET /api/v1/ 61.64ms
INF 2026-08-23T08:27:21.273Z > 200 GET /api/v1/ 60.57ms
INF 2026-08-23T08:27:21.273Z > 200 GET /api/v1/ 84.56ms
INF 2026-08-23T08:27:21.274Z > 200 GET /api/v1/ 61.97ms
INF 2026-08-23T08:27:21.274Z > 200 GET /api/v1/ 63.68ms
INF 2026-08-23T08:27:21.276Z > 200 GET /api/v1/ 53.53ms
INF 2026-08-23T08:27:21.292Z > 200 GET /api/v1/ 73.23ms
INF 2026-08-23T08:27:21.292Z > 200 GET /api/v1/ 72.89ms
INF 2026-08-23T08:27:21.292Z > 200 GET /api/v1/ 72.6ms
INF 2026-08-23T08:27:21.293Z > 200 GET /api/v1/ 74.99ms
INF 2026-08-23T08:27:21.293Z > 200 GET /api/v1/ 74.38ms
INF 2026-08-23T08:27:21.294Z > 200 GET /api/v1/ 58.08ms
INF 2026-08-23T08:27:21.294Z > 200 GET /api/v1/ 60.49ms
INF 2026-08-23T08:27:21.294Z > 200 GET /api/v1/ 61.46ms
INF 2026-08-23T08:27:21.294Z > 200 GET /api/v1/ 57.77ms
INF 2026-08-23T08:27:21.294Z > 200 GET /api/v1/ 57.69ms
INF 2026-08-23T08:27:21.294Z > 200 GET /api/v1/ 61.55ms
INF 2026-08-23T08:27:21.295Z > 200 GET /api/v1/ 56.75ms
INF 2026-08-23T08:27:21.295Z > 200 GET /api/v1/ 78.21ms
INF 2026-08-23T08:27:21.295Z > 200 GET /api/v1/ 79.86ms
INF 2026-08-23T08:27:21.298Z > 200 GET /api/v1/ 84.94ms
INF 2026-08-23T08:27:21.298Z > 200 GET /api/v1/ 112.46ms
INF 2026-08-23T08:27:21.298Z > 200 GET /api/v1/ 74.41ms
INF 2026-08-23T08:27:21.299Z > 200 GET /api/v1/ 41.9ms
INF 2026-08-23T08:27:21.301Z > 200 GET /api/v1/ 62.86ms
INF 2026-08-23T08:27:21.301Z > 200 GET /api/v1/ 65.96ms
INF 2026-08-23T08:27:21.301Z > 200 GET /api/v1/ 35.2ms
INF 2026-08-23T08:27:21.305Z > 200 GET /api/v1/ 79.75ms
INF 2026-08-23T08:27:21.305Z > 200 GET /api/v1/ 50.99ms
INF 2026-08-23T08:27:21.306Z > 200 GET /api/v1/ 50.42ms
INF 2026-08-23T08:27:21.307Z > 200 GET /api/v1/ 51.08ms
INF 2026-08-23T08:27:21.307Z > 200 GET /api/v1/ 35.41ms
INF 2026-08-23T08:27:21.310Z > 200 GET /api/v1/ 71.1ms
INF 2026-08-23T08:27:21.316Z > 200 GET /api/v1/ 73.41ms
INF 2026-08-23T08:27:21.317Z > 200 GET /api/v1/ 73.79ms
INF 2026-08-23T08:27:21.317Z > 200 GET /api/v1/ 21.92ms
INF 2026-08-23T08:27:21.322Z > 200 GET /api/v1/ 83.74ms
INF 2026-08-23T08:27:21.323Z > 200 GET /api/v1/ 50.71ms
INF 2026-08-23T08:27:21.323Z > 200 GET /api/v1/ 24.05ms
INF 2026-08-23T08:27:21.323Z > 200 GET /api/v1/ 51.76ms
INF 2026-08-23T08:27:21.324Z > 200 GET /api/v1/ 53.63ms
INF 2026-08-23T08:27:21.325Z > 200 GET /api/v1/ 26.87ms
INF 2026-08-23T08:27:21.326Z > 200 GET /api/v1/ 55.93ms
INF 2026-08-23T08:27:21.329Z > 200 GET /api/v1/ 73.93ms
INF 2026-08-23T08:27:21.333Z > 200 GET /api/v1/ 31.68ms
INF 2026-08-23T08:27:21.334Z > 200 GET /api/v1/ 35.04ms
INF 2026-08-23T08:27:21.337Z > 200 GET /api/v1/ 36.15ms
INF 2026-08-23T08:27:21.337Z > 200 GET /api/v1/ 34.77ms
INF 2026-08-23T08:27:21.338Z > 200 GET /api/v1/ 62.91ms
INF 2026-08-23T08:27:21.338Z > 200 GET /api/v1/ 63.66ms
INF 2026-08-23T08:27:21.338Z > 200 GET /api/v1/ 62.94ms
INF 2026-08-23T08:27:21.338Z > 200 GET /api/v1/ 33.34ms
INF 2026-08-23T08:27:21.339Z > 200 GET /api/v1/ 42.54ms
INF 2026-08-23T08:27:21.339Z > 200 GET /api/v1/ 43.53ms
INF 2026-08-23T08:27:21.340Z > 200 GET /api/v1/ 42.95ms
INF 2026-08-23T08:27:21.340Z > 200 GET /api/v1/ 43.64ms
INF 2026-08-23T08:27:21.340Z > 200 GET /api/v1/ 43.43ms
INF 2026-08-23T08:27:21.341Z > 200 GET /api/v1/ 44.5ms
INF 2026-08-23T08:27:21.342Z > 200 GET /api/v1/ 38.96ms
INF 2026-08-23T08:27:21.344Z > 200 GET /api/v1/ 47.27ms
INF 2026-08-23T08:27:21.344Z > 200 GET /api/v1/ 49.25ms
INF 2026-08-23T08:27:21.345Z > 200 GET /api/v1/ 42.74ms
INF 2026-08-23T08:27:21.345Z > 200 GET /api/v1/ 42.63ms
INF 2026-08-23T08:27:21.348Z > 200 GET /api/v1/ 47.68ms
INF 2026-08-23T08:27:21.352Z > 200 GET /api/v1/ 46.11ms
INF 2026-08-23T08:27:21.353Z > 200 GET /api/v1/ 47.39ms
INF 2026-08-23T08:27:21.355Z > 200 GET /api/v1/ 50.67ms
INF 2026-08-23T08:27:21.355Z > 200 GET /api/v1/ 39.42ms
INF 2026-08-23T08:27:21.355Z > 200 GET /api/v1/ 59.95ms
INF 2026-08-23T08:27:21.356Z > 200 GET /api/v1/ 39.88ms
INF 2026-08-23T08:27:21.356Z > 200 GET /api/v1/ 44.37ms
INF 2026-08-23T08:27:21.356Z > 200 GET /api/v1/ 43.74ms
INF 2026-08-23T08:27:21.357Z > 200 GET /api/v1/ 55.14ms
INF 2026-08-23T08:27:21.357Z > 200 GET /api/v1/ 48.82ms
INF 2026-08-23T08:27:21.358Z > 200 GET /api/v1/ 52.57ms
INF 2026-08-23T08:27:21.358Z > 200 GET /api/v1/ 50.07ms
INF 2026-08-23T08:27:21.358Z > 200 GET /api/v1/ 49.51ms
INF 2026-08-23T08:27:21.359Z > 200 GET /api/v1/ 49.49ms
INF 2026-08-23T08:27:21.361Z > 200 GET /api/v1/ 53.84ms
INF 2026-08-23T08:27:21.362Z > 200 GET /api/v1/ 54.57ms
INF 2026-08-23T08:27:21.362Z > 200 GET /api/v1/ 62.95ms
INF 2026-08-23T08:27:21.363Z > 200 GET /api/v1/ 62.53ms
INF 2026-08-23T08:27:21.364Z > 200 GET /api/v1/ 46.43ms
INF 2026-08-23T08:27:21.384Z > 200 GET /api/v1/ 68.74ms
INF 2026-08-23T08:27:21.384Z > 200 GET /api/v1/ 68.4ms
INF 2026-08-23T08:27:21.384Z > 200 GET /api/v1/ 69.47ms
INF 2026-08-23T08:27:21.384Z > 200 GET /api/v1/ 68.57ms
INF 2026-08-23T08:27:21.386Z > 200 GET /api/v1/ 69.53ms
INF 2026-08-23T08:27:21.386Z > 200 GET /api/v1/ 72.27ms
INF 2026-08-23T08:27:21.390Z > 200 GET /api/v1/ 79.05ms
INF 2026-08-23T08:27:21.391Z > 200 GET /api/v1/ 80.67ms
INF 2026-08-23T08:27:21.391Z > 200 GET /api/v1/ 80.56ms
INF 2026-08-23T08:27:21.391Z > 200 GET /api/v1/ 80.55ms
INF 2026-08-23T08:27:21.391Z > 200 GET /api/v1/ 71.06ms
INF 2026-08-23T08:27:21.392Z > 200 GET /api/v1/ 70.91ms
INF 2026-08-23T08:27:21.392Z > 200 GET /api/v1/ 72.41ms
INF 2026-08-23T08:27:21.392Z > 200 GET /api/v1/ 74.23ms
INF 2026-08-23T08:27:21.393Z > 200 GET /api/v1/ 73.24ms
INF 2026-08-23T08:27:21.393Z > 200 GET /api/v1/ 73.83ms
INF 2026-08-23T08:27:21.394Z > 200 GET /api/v1/ 73.05ms
INF 2026-08-23T08:27:21.394Z > 200 GET /api/v1/ 75.41ms
INF 2026-08-23T08:27:21.394Z > 200 GET /api/v1/ 76.72ms
INF 2026-08-23T08:27:21.397Z > 200 GET /api/v1/ 78.14ms
INF 2026-08-23T08:27:21.397Z > 200 GET /api/v1/ 55.04ms
INF 2026-08-23T08:27:21.400Z > 200 GET /api/v1/ 85.82ms
INF 2026-08-23T08:27:21.400Z > 200 GET /api/v1/ 65.16ms
INF 2026-08-23T08:27:21.402Z > 200 GET /api/v1/ 88.15ms
INF 2026-08-23T08:27:21.402Z > 200 GET /api/v1/ 68.18ms
INF 2026-08-23T08:27:21.408Z > 200 GET /api/v1/ 62.58ms
INF 2026-08-23T08:27:21.408Z > 200 GET /api/v1/ 65.59ms
INF 2026-08-23T08:27:21.409Z > 200 GET /api/v1/ 66.28ms
INF 2026-08-23T08:27:21.412Z > 200 GET /api/v1/ 84.56ms
INF 2026-08-23T08:27:21.414Z > 200 GET /api/v1/ 63.48ms
INF 2026-08-23T08:27:21.415Z > 200 GET /api/v1/ 61.03ms
INF 2026-08-23T08:27:21.415Z > 200 GET /api/v1/ 61.93ms
INF 2026-08-23T08:27:21.416Z > 200 GET /api/v1/ 62.34ms
INF 2026-08-23T08:27:21.418Z > 200 GET /api/v1/ 66.25ms
INF 2026-08-23T08:27:21.418Z > 200 GET /api/v1/ 67.71ms
INF 2026-08-23T08:27:21.419Z > 200 GET /api/v1/ 71.19ms
INF 2026-08-23T08:27:21.419Z > 200 GET /api/v1/ 71.09ms
INF 2026-08-23T08:27:21.420Z > 200 GET /api/v1/ 72.96ms
INF 2026-08-23T08:27:21.420Z > 200 GET /api/v1/ 70.52ms
INF 2026-08-23T08:27:21.420Z > 200 GET /api/v1/ 75.29ms
INF 2026-08-23T08:27:21.421Z > 200 GET /api/v1/ 74.02ms
INF 2026-08-23T08:27:21.421Z > 200 GET /api/v1/ 73.97ms
INF 2026-08-23T08:27:21.421Z > 200 GET /api/v1/ 75.12ms
INF 2026-08-23T08:27:21.422Z > 200 GET /api/v1/ 75.67ms
INF 2026-08-23T08:27:21.422Z > 200 GET /api/v1/ 75.62ms
INF 2026-08-23T08:27:21.423Z > 200 GET /api/v1/ 62.97ms
INF 2026-08-23T08:27:21.424Z > 200 GET /api/v1/ 33.63ms
INF 2026-08-23T08:27:21.428Z > 200 GET /api/v1/ 92.33ms
INF 2026-08-23T08:27:21.428Z > 200 GET /api/v1/ 41.0ms
INF 2026-08-23T08:27:21.430Z > 200 GET /api/v1/ 80.45ms
INF 2026-08-23T08:27:21.433Z > 200 GET /api/v1/ 84.51ms
INF 2026-08-23T08:27:21.434Z > 200 GET /api/v1/ 40.09ms
INF 2026-08-23T08:27:21.435Z > 200 GET /api/v1/ 44.86ms
INF 2026-08-23T08:27:21.435Z > 200 GET /api/v1/ 46.2ms
INF 2026-08-23T08:27:21.436Z > 200 GET /api/v1/ 47.0ms
INF 2026-08-23T08:27:21.436Z > 200 GET /api/v1/ 46.77ms
INF 2026-08-23T08:27:21.437Z > 200 GET /api/v1/ 48.39ms
INF 2026-08-23T08:27:21.437Z > 200 GET /api/v1/ 48.95ms
INF 2026-08-23T08:27:21.439Z > 200 GET /api/v1/ 36.91ms
INF 2026-08-23T08:27:21.440Z > 200 GET /api/v1/ 98.57ms
INF 2026-08-23T08:27:21.440Z > 200 GET /api/v1/ 75.48ms
INF 2026-08-23T08:27:21.440Z > 200 GET /api/v1/ 55.92ms
INF 2026-08-23T08:27:21.441Z > 200 GET /api/v1/ 52.04ms
INF 2026-08-23T08:27:21.443Z > 200 GET /api/v1/ 46.42ms
INF 2026-08-23T08:27:21.444Z > 200 GET /api/v1/ 49.05ms
INF 2026-08-23T08:27:21.444Z > 200 GET /api/v1/ 48.99ms
INF 2026-08-23T08:27:21.445Z > 200 GET /api/v1/ 41.87ms
INF 2026-08-23T08:27:21.446Z > 200 GET /api/v1/ 38.98ms
INF 2026-08-23T08:27:21.446Z > 200 GET /api/v1/ 39.49ms
INF 2026-08-23T08:27:21.446Z > 200 GET /api/v1/ 42.46ms
INF 2026-08-23T08:27:21.447Z > 200 GET /api/v1/ 42.45ms
INF 2026-08-23T08:27:21.447Z > 200 GET /api/v1/ 42.97ms
INF 2026-08-23T08:27:21.447Z > 200 GET /api/v1/ 59.65ms
INF 2026-08-23T08:27:21.448Z > 200 GET /api/v1/ 60.06ms
INF 2026-08-23T08:27:21.449Z > 200 GET /api/v1/ 63.02ms
INF 2026-08-23T08:27:21.449Z > 200 GET /api/v1/ 60.61ms
INF 2026-08-23T08:27:21.450Z > 200 GET /api/v1/ 62.3ms
INF 2026-08-23T08:27:21.450Z > 200 GET /api/v1/ 61.58ms
INF 2026-08-23T08:27:21.450Z > 200 GET /api/v1/ 48.31ms
INF 2026-08-23T08:27:21.450Z > 200 GET /api/v1/ 47.01ms
INF 2026-08-23T08:27:21.451Z > 200 GET /api/v1/ 52.59ms
INF 2026-08-23T08:27:21.451Z > 200 GET /api/v1/ 63.79ms
INF 2026-08-23T08:27:21.452Z > 200 GET /api/v1/ 63.92ms
INF 2026-08-23T08:27:21.452Z > 200 GET /api/v1/ 65.08ms
INF 2026-08-23T08:27:21.452Z > 200 GET /api/v1/ 65.1ms
INF 2026-08-23T08:27:21.452Z > 200 GET /api/v1/ 64.96ms
INF 2026-08-23T08:27:21.452Z > 200 GET /api/v1/ 66.09ms
INF 2026-08-23T08:27:21.453Z > 200 GET /api/v1/ 64.05ms
INF 2026-08-23T08:27:21.453Z > 200 GET /api/v1/ 67.97ms
INF 2026-08-23T08:27:21.453Z > 200 GET /api/v1/ 64.98ms
INF 2026-08-23T08:27:21.454Z > 200 GET /api/v1/ 44.3ms
INF 2026-08-23T08:27:21.455Z > 200 GET /api/v1/ 44.54ms
INF 2026-08-23T08:27:21.455Z > 200 GET /api/v1/ 45.75ms
INF 2026-08-23T08:27:21.471Z > 200 GET /api/v1/ 78.25ms
INF 2026-08-23T08:27:21.472Z > 200 GET /api/v1/ 71.35ms
INF 2026-08-23T08:27:21.473Z > 200 GET /api/v1/ 72.26ms
INF 2026-08-23T08:27:21.476Z > 200 GET /api/v1/ 65.07ms
INF 2026-08-23T08:27:21.479Z > 200 GET /api/v1/ 45.64ms
INF 2026-08-23T08:27:21.481Z > 200 GET /api/v1/ 74.68ms
INF 2026-08-23T08:27:21.486Z > 200 GET /api/v1/ 75.62ms
INF 2026-08-23T08:27:21.488Z > 200 GET /api/v1/ 50.94ms
INF 2026-08-23T08:27:21.489Z > 200 GET /api/v1/ 53.75ms
INF 2026-08-23T08:27:21.489Z > 200 GET /api/v1/ 51.71ms
INF 2026-08-23T08:27:21.490Z > 200 GET /api/v1/ 53.96ms
INF 2026-08-23T08:27:21.493Z > 200 GET /api/v1/ 57.49ms
INF 2026-08-23T08:27:21.494Z > 200 GET /api/v1/ 62.23ms
INF 2026-08-23T08:27:21.494Z > 200 GET /api/v1/ 62.87ms
INF 2026-08-23T08:27:21.495Z > 200 GET /api/v1/ 63.66ms
INF 2026-08-23T08:27:21.495Z > 200 GET /api/v1/ 99.48ms
INF 2026-08-23T08:27:21.496Z > 200 GET /api/v1/ 51.9ms
INF 2026-08-23T08:27:21.496Z > 200 GET /api/v1/ 66.66ms
INF 2026-08-23T08:27:21.501Z > 200 GET /api/v1/ 46.61ms
INF 2026-08-23T08:27:21.501Z > 200 GET /api/v1/ 59.73ms
INF 2026-08-23T08:27:21.501Z > 200 GET /api/v1/ 59.2ms
INF 2026-08-23T08:27:21.503Z > 200 GET /api/v1/ 60.96ms
INF 2026-08-23T08:27:21.507Z > 200 GET /api/v1/ 62.6ms
INF 2026-08-23T08:27:21.508Z > 200 GET /api/v1/ 73.71ms
INF 2026-08-23T08:27:21.508Z > 200 GET /api/v1/ 73.82ms
INF 2026-08-23T08:27:21.509Z > 200 GET /api/v1/ 74.28ms
INF 2026-08-23T08:27:21.509Z > 200 GET /api/v1/ 64.87ms
INF 2026-08-23T08:27:21.510Z > 200 GET /api/v1/ 65.71ms
INF 2026-08-23T08:27:21.510Z > 200 GET /api/v1/ 78.45ms
INF 2026-08-23T08:27:21.511Z > 200 GET /api/v1/ 81.82ms
INF 2026-08-23T08:27:21.514Z > 200 GET /api/v1/ 65.44ms
INF 2026-08-23T08:27:21.515Z > 200 GET /api/v1/ 41.3ms
INF 2026-08-23T08:27:21.515Z > 200 GET /api/v1/ 41.33ms
INF 2026-08-23T08:27:21.516Z > 200 GET /api/v1/ 62.98ms
INF 2026-08-23T08:27:21.516Z > 200 GET /api/v1/ 64.78ms
INF 2026-08-23T08:27:21.518Z > 200 GET /api/v1/ 43.7ms
INF 2026-08-23T08:27:21.519Z > 200 GET /api/v1/ 44.47ms
INF 2026-08-23T08:27:21.519Z > 200 GET /api/v1/ 44.53ms
INF 2026-08-23T08:27:21.519Z > 200 GET /api/v1/ 45.62ms
INF 2026-08-23T08:27:21.520Z > 200 GET /api/v1/ 45.79ms
INF 2026-08-23T08:27:21.520Z > 200 GET /api/v1/ 44.95ms
INF 2026-08-23T08:27:21.520Z > 200 GET /api/v1/ 45.74ms
INF 2026-08-23T08:27:21.521Z > 200 GET /api/v1/ 45.91ms
INF 2026-08-23T08:27:21.521Z > 200 GET /api/v1/ 46.76ms
INF 2026-08-23T08:27:21.522Z > 200 GET /api/v1/ 48.53ms
INF 2026-08-23T08:27:21.523Z > 200 GET /api/v1/ 49.93ms
INF 2026-08-23T08:27:21.523Z > 200 GET /api/v1/ 52.88ms
INF 2026-08-23T08:27:21.523Z > 200 GET /api/v1/ 48.56ms
INF 2026-08-23T08:27:21.525Z > 200 GET /api/v1/ 54.77ms
INF 2026-08-23T08:27:21.526Z > 200 GET /api/v1/ 50.36ms
INF 2026-08-23T08:27:21.527Z > 200 GET /api/v1/ 51.75ms
INF 2026-08-23T08:27:21.528Z > 200 GET /api/v1/ 51.64ms
INF 2026-08-23T08:27:21.529Z > 200 GET /api/v1/ 52.54ms
INF 2026-08-23T08:27:21.532Z > 200 GET /api/v1/ 78.6ms
INF 2026-08-23T08:27:21.534Z > 200 GET /api/v1/ 51.68ms
INF 2026-08-23T08:27:21.536Z > 200 GET /api/v1/ 54.58ms
INF 2026-08-23T08:27:21.536Z > 200 GET /api/v1/ 62.7ms
INF 2026-08-23T08:27:21.536Z > 200 GET /api/v1/ 39.74ms
INF 2026-08-23T08:27:21.536Z > 200 GET /api/v1/ 61.36ms
INF 2026-08-23T08:27:21.537Z > 200 GET /api/v1/ 64.91ms
INF 2026-08-23T08:27:21.537Z > 200 GET /api/v1/ 61.98ms
INF 2026-08-23T08:27:21.539Z > 200 GET /api/v1/ 47.24ms
INF 2026-08-23T08:27:21.539Z > 200 GET /api/v1/ 47.17ms
INF 2026-08-23T08:27:21.540Z > 200 GET /api/v1/ 49.06ms
INF 2026-08-23T08:27:21.541Z > 200 GET /api/v1/ 63.21ms
INF 2026-08-23T08:27:21.541Z > 200 GET /api/v1/ 64.03ms
INF 2026-08-23T08:27:21.542Z > 200 GET /api/v1/ 65.16ms
INF 2026-08-23T08:27:21.545Z > 200 GET /api/v1/ 60.12ms
INF 2026-08-23T08:27:21.563Z > 200 GET /api/v1/ 79.64ms
INF 2026-08-23T08:27:21.564Z > 200 GET /api/v1/ 63.95ms
INF 2026-08-23T08:27:21.564Z > 200 GET /api/v1/ 66.32ms
INF 2026-08-23T08:27:21.564Z > 200 GET /api/v1/ 66.34ms
INF 2026-08-23T08:27:21.564Z > 200 GET /api/v1/ 65.41ms
INF 2026-08-23T08:27:21.564Z > 200 GET /api/v1/ 66.25ms
INF 2026-08-23T08:27:21.565Z > 200 GET /api/v1/ 66.66ms
INF 2026-08-23T08:27:21.566Z > 200 GET /api/v1/ 67.16ms
INF 2026-08-23T08:27:21.566Z > 200 GET /api/v1/ 63.19ms
INF 2026-08-23T08:27:21.568Z > 200 GET /api/v1/ 58.16ms
INF 2026-08-23T08:27:21.568Z > 200 GET /api/v1/ 76.33ms
INF 2026-08-23T08:27:21.569Z > 200 GET /api/v1/ 77.49ms
INF 2026-08-23T08:27:21.569Z > 200 GET /api/v1/ 47.7ms
INF 2026-08-23T08:27:21.570Z > 200 GET /api/v1/ 82.63ms
INF 2026-08-23T08:27:21.570Z > 200 GET /api/v1/ 83.27ms
INF 2026-08-23T08:27:21.570Z > 200 GET /api/v1/ 82.73ms
INF 2026-08-23T08:27:21.570Z > 200 GET /api/v1/ 69.05ms
INF 2026-08-23T08:27:21.571Z > 200 GET /api/v1/ 71.4ms
INF 2026-08-23T08:27:21.571Z > 200 GET /api/v1/ 71.19ms
INF 2026-08-23T08:27:21.571Z > 200 GET /api/v1/ 69.7ms
INF 2026-08-23T08:27:21.572Z > 200 GET /api/v1/ 70.53ms
INF 2026-08-23T08:27:21.573Z > 200 GET /api/v1/ 70.51ms
INF 2026-08-23T08:27:21.573Z > 200 GET /api/v1/ 74.22ms
INF 2026-08-23T08:27:21.577Z > 200 GET /api/v1/ 91.36ms
INF 2026-08-23T08:27:21.578Z > 200 GET /api/v1/ 80.64ms
INF 2026-08-23T08:27:21.579Z > 200 GET /api/v1/ 79.13ms
INF 2026-08-23T08:27:21.580Z > 200 GET /api/v1/ 83.65ms
INF 2026-08-23T08:27:21.581Z > 200 GET /api/v1/ 85.23ms
INF 2026-08-23T08:27:21.581Z > 200 GET /api/v1/ 85.85ms
INF 2026-08-23T08:27:21.581Z > 200 GET /api/v1/ 84.81ms
INF 2026-08-23T08:27:21.582Z > 200 GET /api/v1/ 92.34ms
INF 2026-08-23T08:27:21.588Z > 200 GET /api/v1/ 89.48ms
INF 2026-08-23T08:27:21.590Z > 200 GET /api/v1/ 92.31ms
INF 2026-08-23T08:27:21.594Z > 200 GET /api/v1/ 65.85ms
INF 2026-08-23T08:27:21.594Z > 200 GET /api/v1/ 52.39ms
INF 2026-08-23T08:27:21.597Z > 200 GET /api/v1/ 75.49ms
INF 2026-08-23T08:27:21.599Z > 200 GET /api/v1/ 57.06ms
INF 2026-08-23T08:27:21.604Z > 200 GET /api/v1/ 30.78ms
INF 2026-08-23T08:27:21.604Z > 200 GET /api/v1/ 62.33ms
INF 2026-08-23T08:27:21.605Z > 200 GET /api/v1/ 32.98ms
INF 2026-08-23T08:27:21.605Z > 200 GET /api/v1/ 33.81ms
INF 2026-08-23T08:27:21.606Z > 200 GET /api/v1/ 62.78ms
INF 2026-08-23T08:27:21.606Z > 200 GET /api/v1/ 37.92ms
INF 2026-08-23T08:27:21.607Z > 200 GET /api/v1/ 72.34ms
INF 2026-08-23T08:27:21.608Z > 200 GET /api/v1/ 86.19ms
INF 2026-08-23T08:27:21.609Z > 200 GET /api/v1/ 76.47ms
INF 2026-08-23T08:27:21.615Z > 200 GET /api/v1/ 83.62ms
INF 2026-08-23T08:27:21.615Z > 200 GET /api/v1/ 86.66ms
INF 2026-08-23T08:27:21.616Z > 200 GET /api/v1/ 40.84ms
INF 2026-08-23T08:27:21.616Z > 200 GET /api/v1/ 40.23ms
INF 2026-08-23T08:27:21.616Z > 200 GET /api/v1/ 40.56ms
INF 2026-08-23T08:27:21.617Z > 200 GET /api/v1/ 42.8ms
INF 2026-08-23T08:27:21.617Z > 200 GET /api/v1/ 41.86ms
INF 2026-08-23T08:27:21.617Z > 200 GET /api/v1/ 42.46ms
INF 2026-08-23T08:27:21.618Z > 200 GET /api/v1/ 44.16ms
INF 2026-08-23T08:27:21.618Z > 200 GET /api/v1/ 42.13ms
INF 2026-08-23T08:27:21.618Z > 200 GET /api/v1/ 42.95ms
INF 2026-08-23T08:27:21.621Z > 200 GET /api/v1/ 81.58ms
INF 2026-08-23T08:27:21.622Z > 200 GET /api/v1/ 84.77ms
INF 2026-08-23T08:27:21.623Z > 200 GET /api/v1/ 84.55ms
INF 2026-08-23T08:27:21.623Z > 200 GET /api/v1/ 57.22ms
INF 2026-08-23T08:27:21.623Z > 200 GET /api/v1/ 58.93ms
INF 2026-08-23T08:27:21.624Z > 200 GET /api/v1/ 57.22ms
INF 2026-08-23T08:27:21.624Z > 200 GET /api/v1/ 87.99ms
INF 2026-08-23T08:27:21.624Z > 200 GET /api/v1/ 57.36ms
INF 2026-08-23T08:27:21.625Z > 200 GET /api/v1/ 90.29ms
INF 2026-08-23T08:27:21.625Z > 200 GET /api/v1/ 90.93ms
INF 2026-08-23T08:27:21.625Z > 200 GET /api/v1/ 45.24ms
INF 2026-08-23T08:27:21.625Z > 200 GET /api/v1/ 48.73ms
INF 2026-08-23T08:27:21.626Z > 200 GET /api/v1/ 47.84ms
INF 2026-08-23T08:27:21.627Z > 200 GET /api/v1/ 53.38ms
INF 2026-08-23T08:27:21.628Z > 200 GET /api/v1/ 53.29ms
INF 2026-08-23T08:27:21.628Z > 200 GET /api/v1/ 54.31ms
INF 2026-08-23T08:27:21.629Z > 200 GET /api/v1/ 54.67ms
INF 2026-08-23T08:27:21.630Z > 200 GET /api/v1/ 55.7ms
INF 2026-08-23T08:27:21.630Z > 200 GET /api/v1/ 54.9ms
INF 2026-08-23T08:27:21.631Z > 200 GET /api/v1/ 55.03ms
INF 2026-08-23T08:27:21.632Z > 200 GET /api/v1/ 57.11ms
INF 2026-08-23T08:27:21.632Z > 200 GET /api/v1/ 58.75ms
INF 2026-08-23T08:27:21.633Z > 200 GET /api/v1/ 59.34ms
INF 2026-08-23T08:27:21.633Z > 200 GET /api/v1/ 59.25ms
INF 2026-08-23T08:27:21.634Z > 200 GET /api/v1/ 49.96ms
INF 2026-08-23T08:27:21.634Z > 200 GET /api/v1/ 50.54ms
INF 2026-08-23T08:27:21.635Z > 200 GET /api/v1/ 51.31ms
INF 2026-08-23T08:27:21.636Z > 200 GET /api/v1/ 67.5ms
INF 2026-08-23T08:27:21.636Z > 200 GET /api/v1/ 53.66ms
INF 2026-08-23T08:27:21.637Z > 200 GET /api/v1/ 67.78ms
INF 2026-08-23T08:27:21.637Z > 200 GET /api/v1/ 53.24ms
INF 2026-08-23T08:27:21.656Z > 200 GET /api/v1/ 64.77ms
INF 2026-08-23T08:27:21.657Z > 200 GET /api/v1/ 79.75ms
INF 2026-08-23T08:27:21.657Z > 200 GET /api/v1/ 70.11ms
INF 2026-08-23T08:27:21.658Z > 200 GET /api/v1/ 69.23ms
INF 2026-08-23T08:27:21.658Z > 200 GET /api/v1/ 72.32ms
INF 2026-08-23T08:27:21.659Z > 200 GET /api/v1/ 69.57ms
INF 2026-08-23T08:27:21.659Z > 200 GET /api/v1/ 85.86ms
INF 2026-08-23T08:27:21.659Z > 200 GET /api/v1/ 86.88ms
INF 2026-08-23T08:27:21.659Z > 200 GET /api/v1/ 87.51ms
INF 2026-08-23T08:27:21.660Z > 200 GET /api/v1/ 71.07ms
INF 2026-08-23T08:27:21.661Z > 200 GET /api/v1/ 87.38ms
INF 2026-08-23T08:27:21.663Z > 200 GET /api/v1/ 54.28ms
INF 2026-08-23T08:27:21.667Z > 200 GET /api/v1/ 45.44ms
INF 2026-08-23T08:27:21.668Z > 200 GET /api/v1/ 49.53ms
INF 2026-08-23T08:27:21.669Z > 200 GET /api/v1/ 53.05ms
INF 2026-08-23T08:27:21.670Z > 200 GET /api/v1/ 57.79ms
INF 2026-08-23T08:27:21.670Z > 200 GET /api/v1/ 58.55ms
INF 2026-08-23T08:27:21.670Z > 200 GET /api/v1/ 59.7ms
INF 2026-08-23T08:27:21.670Z > 200 GET /api/v1/ 60.19ms
INF 2026-08-23T08:27:21.671Z > 200 GET /api/v1/ 60.22ms
INF 2026-08-23T08:27:21.671Z > 200 GET /api/v1/ 43.15ms
INF 2026-08-23T08:27:21.671Z > 200 GET /api/v1/ 62.18ms
INF 2026-08-23T08:27:21.672Z > 200 GET /api/v1/ 61.68ms
INF 2026-08-23T08:27:21.672Z > 200 GET /api/v1/ 46.79ms
INF 2026-08-23T08:27:21.672Z > 200 GET /api/v1/ 64.73ms
INF 2026-08-23T08:27:21.676Z > 200 GET /api/v1/ 81.42ms
INF 2026-08-23T08:27:21.679Z > 200 GET /api/v1/ 56.2ms
INF 2026-08-23T08:27:21.679Z > 200 GET /api/v1/ 59.29ms
INF 2026-08-23T08:27:21.679Z > 200 GET /api/v1/ 57.2ms
INF 2026-08-23T08:27:21.679Z > 200 GET /api/v1/ 58.61ms
INF 2026-08-23T08:27:21.679Z > 200 GET /api/v1/ 59.34ms
INF 2026-08-23T08:27:21.680Z > 200 GET /api/v1/ 59.33ms
INF 2026-08-23T08:27:21.681Z > 200 GET /api/v1/ 62.55ms
INF 2026-08-23T08:27:21.683Z > 200 GET /api/v1/ 68.22ms
INF 2026-08-23T08:27:21.684Z > 200 GET /api/v1/ 50.1ms
INF 2026-08-23T08:27:21.685Z > 200 GET /api/v1/ 58.84ms
INF 2026-08-23T08:27:21.686Z > 200 GET /api/v1/ 57.7ms
INF 2026-08-23T08:27:21.686Z > 200 GET /api/v1/ 29.29ms
INF 2026-08-23T08:27:21.686Z > 200 GET /api/v1/ 59.63ms
INF 2026-08-23T08:27:21.688Z > 200 GET /api/v1/ 66.31ms
INF 2026-08-23T08:27:21.692Z > 200 GET /api/v1/ 70.03ms
INF 2026-08-23T08:27:21.693Z > 200 GET /api/v1/ 73.4ms
INF 2026-08-23T08:27:21.697Z > 200 GET /api/v1/ 66.88ms
INF 2026-08-23T08:27:21.699Z > 200 GET /api/v1/ 68.03ms
INF 2026-08-23T08:27:21.702Z > 200 GET /api/v1/ 67.13ms
INF 2026-08-23T08:27:21.704Z > 200 GET /api/v1/ 48.36ms
INF 2026-08-23T08:27:21.704Z > 200 GET /api/v1/ 49.28ms
INF 2026-08-23T08:27:21.705Z > 200 GET /api/v1/ 51.18ms
INF 2026-08-23T08:27:21.705Z > 200 GET /api/v1/ 41.33ms
INF 2026-08-23T08:27:21.705Z > 200 GET /api/v1/ 51.23ms
INF 2026-08-23T08:27:21.706Z > 200 GET /api/v1/ 44.48ms
INF 2026-08-23T08:27:21.707Z > 200 GET /api/v1/ 36.88ms
INF 2026-08-23T08:27:21.707Z > 200 GET /api/v1/ 52.72ms
INF 2026-08-23T08:27:21.708Z > 200 GET /api/v1/ 44.96ms
INF 2026-08-23T08:27:21.709Z > 200 GET /api/v1/ 51.47ms
INF 2026-08-23T08:27:21.711Z > 200 GET /api/v1/ 48.31ms
INF 2026-08-23T08:27:21.711Z > 200 GET /api/v1/ 85.17ms
INF 2026-08-23T08:27:21.712Z > 200 GET /api/v1/ 52.46ms
INF 2026-08-23T08:27:21.715Z > 200 GET /api/v1/ 49.3ms
INF 2026-08-23T08:27:21.715Z > 200 GET /api/v1/ 48.9ms
INF 2026-08-23T08:27:21.715Z > 200 GET /api/v1/ 48.89ms
INF 2026-08-23T08:27:21.717Z > 200 GET /api/v1/ 62.7ms
INF 2026-08-23T08:27:21.717Z > 200 GET /api/v1/ 62.9ms
INF 2026-08-23T08:27:21.718Z > 200 GET /api/v1/ 52.64ms
INF 2026-08-23T08:27:21.718Z > 200 GET /api/v1/ 64.07ms
INF 2026-08-23T08:27:21.718Z > 200 GET /api/v1/ 63.73ms
INF 2026-08-23T08:27:21.718Z > 200 GET /api/v1/ 64.01ms
INF 2026-08-23T08:27:21.719Z > 200 GET /api/v1/ 46.7ms
INF 2026-08-23T08:27:21.719Z > 200 GET /api/v1/ 49.63ms
INF 2026-08-23T08:27:21.720Z > 200 GET /api/v1/ 46.79ms
INF 2026-08-23T08:27:21.720Z > 200 GET /api/v1/ 46.56ms
INF 2026-08-23T08:27:21.721Z > 200 GET /api/v1/ 59.39ms
INF 2026-08-23T08:27:21.721Z > 200 GET /api/v1/ 59.86ms
INF 2026-08-23T08:27:21.721Z > 200 GET /api/v1/ 60.44ms
INF 2026-08-23T08:27:21.722Z > 200 GET /api/v1/ 60.22ms
INF 2026-08-23T08:27:21.722Z > 200 GET /api/v1/ 62.14ms
INF 2026-08-23T08:27:21.722Z > 200 GET /api/v1/ 62.29ms
INF 2026-08-23T08:27:21.723Z > 200 GET /api/v1/ 54.86ms
INF 2026-08-23T08:27:21.724Z > 200 GET /api/v1/ 56.12ms
INF 2026-08-23T08:27:21.727Z > 200 GET /api/v1/ 46.43ms
INF 2026-08-23T08:27:21.742Z > 200 GET /api/v1/ 60.08ms
INF 2026-08-23T08:27:21.743Z > 200 GET /api/v1/ 66.31ms
INF 2026-08-23T08:27:21.744Z > 200 GET /api/v1/ 64.45ms
INF 2026-08-23T08:27:21.745Z > 200 GET /api/v1/ 67.06ms
INF 2026-08-23T08:27:21.747Z > 200 GET /api/v1/ 71.49ms
INF 2026-08-23T08:27:21.749Z > 200 GET /api/v1/ 65.46ms
INF 2026-08-23T08:27:21.749Z > 200 GET /api/v1/ 67.07ms
INF 2026-08-23T08:27:21.749Z > 200 GET /api/v1/ 68.49ms
INF 2026-08-23T08:27:21.749Z > 200 GET /api/v1/ 68.87ms
INF 2026-08-23T08:27:21.750Z > 200 GET /api/v1/ 68.04ms
INF 2026-08-23T08:27:21.753Z > 200 GET /api/v1/ 69.44ms
INF 2026-08-23T08:27:21.753Z > 200 GET /api/v1/ 70.14ms
INF 2026-08-23T08:27:21.754Z > 200 GET /api/v1/ 76.17ms
INF 2026-08-23T08:27:21.757Z > 200 GET /api/v1/ 49.67ms
INF 2026-08-23T08:27:21.758Z > 200 GET /api/v1/ 67.52ms
INF 2026-08-23T08:27:21.758Z > 200 GET /api/v1/ 66.75ms
INF 2026-08-23T08:27:21.758Z > 200 GET /api/v1/ 67.51ms
INF 2026-08-23T08:27:21.760Z > 200 GET /api/v1/ 85.58ms
INF 2026-08-23T08:27:21.761Z > 200 GET /api/v1/ 106.55ms
INF 2026-08-23T08:27:21.761Z > 200 GET /api/v1/ 85.36ms
INF 2026-08-23T08:27:21.765Z > 200 GET /api/v1/ 49.51ms
INF 2026-08-23T08:27:21.772Z > 200 GET /api/v1/ 64.8ms
INF 2026-08-23T08:27:21.776Z > 200 GET /api/v1/ 87.66ms
INF 2026-08-23T08:27:21.779Z > 200 GET /api/v1/ 63.24ms
INF 2026-08-23T08:27:21.779Z > 200 GET /api/v1/ 63.4ms
INF 2026-08-23T08:27:21.780Z > 200 GET /api/v1/ 35.62ms
INF 2026-08-23T08:27:21.781Z > 200 GET /api/v1/ 73.25ms
INF 2026-08-23T08:27:21.782Z > 200 GET /api/v1/ 67.61ms
INF 2026-08-23T08:27:21.783Z > 200 GET /api/v1/ 73.01ms
INF 2026-08-23T08:27:21.784Z > 200 GET /api/v1/ 73.6ms
INF 2026-08-23T08:27:21.784Z > 200 GET /api/v1/ 72.54ms
INF 2026-08-23T08:27:21.785Z > 200 GET /api/v1/ 75.46ms
INF 2026-08-23T08:27:21.785Z > 200 GET /api/v1/ 60.98ms
INF 2026-08-23T08:27:21.785Z > 200 GET /api/v1/ 73.85ms
INF 2026-08-23T08:27:21.785Z > 200 GET /api/v1/ 77.75ms
INF 2026-08-23T08:27:21.785Z > 200 GET /api/v1/ 74.34ms
INF 2026-08-23T08:27:21.790Z > 200 GET /api/v1/ 40.41ms
INF 2026-08-23T08:27:21.790Z > 200 GET /api/v1/ 87.85ms
INF 2026-08-23T08:27:21.791Z > 200 GET /api/v1/ 71.17ms
INF 2026-08-23T08:27:21.794Z > 200 GET /api/v1/ 77.23ms
INF 2026-08-23T08:27:21.794Z > 200 GET /api/v1/ 47.93ms
INF 2026-08-23T08:27:21.794Z > 200 GET /api/v1/ 48.79ms
INF 2026-08-23T08:27:21.795Z > 200 GET /api/v1/ 51.3ms
INF 2026-08-23T08:27:21.795Z > 200 GET /api/v1/ 36.85ms
INF 2026-08-23T08:27:21.797Z > 200 GET /api/v1/ 54.55ms
INF 2026-08-23T08:27:21.797Z > 200 GET /api/v1/ 83.96ms
INF 2026-08-23T08:27:21.798Z > 200 GET /api/v1/ 84.77ms
INF 2026-08-23T08:27:21.798Z > 200 GET /api/v1/ 85.3ms
INF 2026-08-23T08:27:21.798Z > 200 GET /api/v1/ 86.1ms
INF 2026-08-23T08:27:21.799Z > 200 GET /api/v1/ 86.13ms
INF 2026-08-23T08:27:21.800Z > 200 GET /api/v1/ 86.27ms
INF 2026-08-23T08:27:21.800Z > 200 GET /api/v1/ 76.54ms
INF 2026-08-23T08:27:21.801Z > 200 GET /api/v1/ 88.31ms
INF 2026-08-23T08:27:21.803Z > 200 GET /api/v1/ 50.07ms
INF 2026-08-23T08:27:21.803Z > 200 GET /api/v1/ 54.61ms
INF 2026-08-23T08:27:21.804Z > 200 GET /api/v1/ 53.8ms
INF 2026-08-23T08:27:21.805Z > 200 GET /api/v1/ 53.32ms
INF 2026-08-23T08:27:21.805Z > 200 GET /api/v1/ 53.1ms
INF 2026-08-23T08:27:21.805Z > 200 GET /api/v1/ 55.5ms
INF 2026-08-23T08:27:21.805Z > 200 GET /api/v1/ 55.39ms
INF 2026-08-23T08:27:21.806Z > 200 GET /api/v1/ 56.03ms
INF 2026-08-23T08:27:21.806Z > 200 GET /api/v1/ 58.47ms
INF 2026-08-23T08:27:21.807Z > 200 GET /api/v1/ 58.97ms
INF 2026-08-23T08:27:21.808Z > 200 GET /api/v1/ 61.48ms
INF 2026-08-23T08:27:21.809Z > 200 GET /api/v1/ 62.11ms
INF 2026-08-23T08:27:21.811Z > 200 GET /api/v1/ 34.99ms
INF 2026-08-23T08:27:21.811Z > 200 GET /api/v1/ 66.02ms
INF 2026-08-23T08:27:21.812Z > 200 GET /api/v1/ 65.65ms
INF 2026-08-23T08:27:21.812Z > 200 GET /api/v1/ 56.34ms
INF 2026-08-23T08:27:21.812Z > 200 GET /api/v1/ 55.35ms
INF 2026-08-23T08:27:21.812Z > 200 GET /api/v1/ 55.22ms
INF 2026-08-23T08:27:21.814Z > 200 GET /api/v1/ 59.57ms
INF 2026-08-23T08:27:21.815Z > 200 GET /api/v1/ 62.19ms
INF 2026-08-23T08:27:21.815Z > 200 GET /api/v1/ 63.14ms
INF 2026-08-23T08:27:21.815Z > 200 GET /api/v1/ 48.19ms
INF 2026-08-23T08:27:21.816Z > 200 GET /api/v1/ 49.33ms
INF 2026-08-23T08:27:21.816Z > 200 GET /api/v1/ 50.11ms
INF 2026-08-23T08:27:21.816Z > 200 GET /api/v1/ 52.0ms
INF 2026-08-23T08:27:21.817Z > 200 GET /api/v1/ 54.18ms
INF 2026-08-23T08:27:21.817Z > 200 GET /api/v1/ 54.09ms
INF 2026-08-23T08:27:21.818Z > 200 GET /api/v1/ 53.8ms
INF 2026-08-23T08:27:21.818Z > 200 GET /api/v1/ 54.42ms
INF 2026-08-23T08:27:21.818Z > 200 GET /api/v1/ 55.36ms
INF 2026-08-23T08:27:21.819Z > 200 GET /api/v1/ 56.1ms
INF 2026-08-23T08:27:21.819Z > 200 GET /api/v1/ 56.06ms
INF 2026-08-23T08:27:21.839Z > 200 GET /api/v1/ 66.18ms
INF 2026-08-23T08:27:21.840Z > 200 GET /api/v1/ 89.48ms
INF 2026-08-23T08:27:21.840Z > 200 GET /api/v1/ 70.55ms
INF 2026-08-23T08:27:21.841Z > 200 GET /api/v1/ 64.72ms
INF 2026-08-23T08:27:21.842Z > 200 GET /api/v1/ 80.46ms
INF 2026-08-23T08:27:21.842Z > 200 GET /api/v1/ 81.26ms
INF 2026-08-23T08:27:21.843Z > 200 GET /api/v1/ 67.26ms
INF 2026-08-23T08:27:21.843Z > 200 GET /api/v1/ 66.77ms
INF 2026-08-23T08:27:21.844Z > 200 GET /api/v1/ 67.43ms
INF 2026-08-23T08:27:21.846Z > 200 GET /api/v1/ 100.89ms
INF 2026-08-23T08:27:21.847Z > 200 GET /api/v1/ 71.48ms
INF 2026-08-23T08:27:21.847Z > 200 GET /api/v1/ 73.02ms
INF 2026-08-23T08:27:21.848Z > 200 GET /api/v1/ 89.12ms
INF 2026-08-23T08:27:21.848Z > 200 GET /api/v1/ 88.69ms
INF 2026-08-23T08:27:21.853Z > 200 GET /api/v1/ 65.06ms
INF 2026-08-23T08:27:21.853Z > 200 GET /api/v1/ 46.84ms
INF 2026-08-23T08:27:21.854Z > 200 GET /api/v1/ 66.09ms
INF 2026-08-23T08:27:21.863Z > 200 GET /api/v1/ 53.15ms
INF 2026-08-23T08:27:21.863Z > 200 GET /api/v1/ 53.68ms
INF 2026-08-23T08:27:21.864Z > 200 GET /api/v1/ 55.25ms
INF 2026-08-23T08:27:21.865Z > 200 GET /api/v1/ 56.61ms
INF 2026-08-23T08:27:21.865Z > 200 GET /api/v1/ 63.65ms
INF 2026-08-23T08:27:21.865Z > 200 GET /api/v1/ 59.08ms
INF 2026-08-23T08:27:21.866Z > 200 GET /api/v1/ 58.36ms
INF 2026-08-23T08:27:21.866Z > 200 GET /api/v1/ 80.29ms
INF 2026-08-23T08:27:21.866Z > 200 GET /api/v1/ 79.97ms
INF 2026-08-23T08:27:21.867Z > 200 GET /api/v1/ 71.21ms
INF 2026-08-23T08:27:21.867Z > 200 GET /api/v1/ 71.17ms
INF 2026-08-23T08:27:21.868Z > 200 GET /api/v1/ 71.15ms
INF 2026-08-23T08:27:21.868Z > 200 GET /api/v1/ 72.99ms
INF 2026-08-23T08:27:21.874Z > 200 GET /api/v1/ 99.57ms
INF 2026-08-23T08:27:21.876Z > 200 GET /api/v1/ 56.46ms
INF 2026-08-23T08:27:21.877Z > 200 GET /api/v1/ 34.2ms
INF 2026-08-23T08:27:21.878Z > 200 GET /api/v1/ 76.15ms
INF 2026-08-23T08:27:21.879Z > 200 GET /api/v1/ 65.43ms
INF 2026-08-23T08:27:21.879Z > 200 GET /api/v1/ 75.77ms
INF 2026-08-23T08:27:21.880Z > 200 GET /api/v1/ 75.97ms
INF 2026-08-23T08:27:21.881Z > 200 GET /api/v1/ 84.36ms
INF 2026-08-23T08:27:21.881Z > 200 GET /api/v1/ 44.55ms
INF 2026-08-23T08:27:21.882Z > 200 GET /api/v1/ 44.86ms
INF 2026-08-23T08:27:21.883Z > 200 GET /api/v1/ 46.65ms
INF 2026-08-23T08:27:21.883Z > 200 GET /api/v1/ 46.63ms
INF 2026-08-23T08:27:21.883Z > 200 GET /api/v1/ 45.83ms
INF 2026-08-23T08:27:21.884Z > 200 GET /api/v1/ 48.03ms
INF 2026-08-23T08:27:21.884Z > 200 GET /api/v1/ 47.9ms
INF 2026-08-23T08:27:21.884Z > 200 GET /api/v1/ 47.18ms
INF 2026-08-23T08:27:21.885Z > 200 GET /api/v1/ 48.68ms
INF 2026-08-23T08:27:21.885Z > 200 GET /api/v1/ 48.71ms
INF 2026-08-23T08:27:21.886Z > 200 GET /api/v1/ 49.03ms
INF 2026-08-23T08:27:21.886Z > 200 GET /api/v1/ 49.49ms
INF 2026-08-23T08:27:21.888Z > 200 GET /api/v1/ 50.65ms
INF 2026-08-23T08:27:21.888Z > 200 GET /api/v1/ 51.53ms
INF 2026-08-23T08:27:21.889Z > 200 GET /api/v1/ 43.06ms
INF 2026-08-23T08:27:21.891Z > 200 GET /api/v1/ 48.36ms
INF 2026-08-23T08:27:21.891Z > 200 GET /api/v1/ 50.55ms
INF 2026-08-23T08:27:21.897Z > 200 GET /api/v1/ 57.96ms
INF 2026-08-23T08:27:21.897Z > 200 GET /api/v1/ 30.95ms
INF 2026-08-23T08:27:21.897Z > 200 GET /api/v1/ 60.43ms
INF 2026-08-23T08:27:21.898Z > 200 GET /api/v1/ 59.93ms
INF 2026-08-23T08:27:21.899Z > 200 GET /api/v1/ 51.22ms
INF 2026-08-23T08:27:21.900Z > 200 GET /api/v1/ 50.75ms
INF 2026-08-23T08:27:21.900Z > 200 GET /api/v1/ 65.05ms
INF 2026-08-23T08:27:21.901Z > 200 GET /api/v1/ 56.72ms
INF 2026-08-23T08:27:21.901Z > 200 GET /api/v1/ 57.0ms
INF 2026-08-23T08:27:21.902Z > 200 GET /api/v1/ 56.93ms
INF 2026-08-23T08:27:21.904Z > 200 GET /api/v1/ 59.07ms
INF 2026-08-23T08:27:21.904Z > 200 GET /api/v1/ 64.42ms
INF 2026-08-23T08:27:21.905Z > 200 GET /api/v1/ 49.25ms
INF 2026-08-23T08:27:21.905Z > 200 GET /api/v1/ 49.38ms
INF 2026-08-23T08:27:21.905Z > 200 GET /api/v1/ 49.99ms
INF 2026-08-23T08:27:21.905Z > 200 GET /api/v1/ 65.22ms
INF 2026-08-23T08:27:21.906Z > 200 GET /api/v1/ 65.21ms
INF 2026-08-23T08:27:21.907Z > 200 GET /api/v1/ 44.73ms
INF 2026-08-23T08:27:21.908Z > 200 GET /api/v1/ 56.32ms
INF 2026-08-23T08:27:21.925Z > 200 GET /api/v1/ 72.9ms
INF 2026-08-23T08:27:21.929Z > 200 GET /api/v1/ 66.22ms
INF 2026-08-23T08:27:21.929Z > 200 GET /api/v1/ 66.68ms
INF 2026-08-23T08:27:21.930Z > 200 GET /api/v1/ 69.82ms
INF 2026-08-23T08:27:21.930Z > 200 GET /api/v1/ 68.72ms
INF 2026-08-23T08:27:21.930Z > 200 GET /api/v1/ 68.59ms
INF 2026-08-23T08:27:21.931Z > 200 GET /api/v1/ 70.9ms
INF 2026-08-23T08:27:21.931Z > 200 GET /api/v1/ 68.66ms
INF 2026-08-23T08:27:21.931Z > 200 GET /api/v1/ 71.49ms
INF 2026-08-23T08:27:21.932Z > 200 GET /api/v1/ 74.8ms
INF 2026-08-23T08:27:21.933Z > 200 GET /api/v1/ 86.23ms
INF 2026-08-23T08:27:21.933Z > 200 GET /api/v1/ 86.77ms
INF 2026-08-23T08:27:21.933Z > 200 GET /api/v1/ 87.31ms
INF 2026-08-23T08:27:21.933Z > 200 GET /api/v1/ 74.47ms
INF 2026-08-23T08:27:21.934Z > 200 GET /api/v1/ 93.98ms
INF 2026-08-23T08:27:21.935Z > 200 GET /api/v1/ 78.0ms
INF 2026-08-23T08:27:21.937Z > 200 GET /api/v1/ 70.41ms
INF 2026-08-23T08:27:21.937Z > 200 GET /api/v1/ 82.56ms
INF 2026-08-23T08:27:21.937Z > 200 GET /api/v1/ 82.99ms
INF 2026-08-23T08:27:21.938Z > 200 GET /api/v1/ 84.36ms
INF 2026-08-23T08:27:21.945Z > 200 GET /api/v1/ 85.21ms
INF 2026-08-23T08:27:21.945Z > 200 GET /api/v1/ 56.2ms
INF 2026-08-23T08:27:21.946Z > 200 GET /api/v1/ 74.29ms
INF 2026-08-23T08:27:21.947Z > 200 GET /api/v1/ 89.82ms
INF 2026-08-23T08:27:21.950Z > 200 GET /api/v1/ 91.76ms
INF 2026-08-23T08:27:21.951Z > 200 GET /api/v1/ 92.35ms
INF 2026-08-23T08:27:21.951Z > 200 GET /api/v1/ 69.52ms
INF 2026-08-23T08:27:21.956Z > 200 GET /api/v1/ 61.9ms
INF 2026-08-23T08:27:21.958Z > 200 GET /api/v1/ 64.58ms
INF 2026-08-23T08:27:21.958Z > 200 GET /api/v1/ 62.84ms
INF 2026-08-23T08:27:21.959Z > 200 GET /api/v1/ 64.77ms
INF 2026-08-23T08:27:21.959Z > 200 GET /api/v1/ 64.3ms
INF 2026-08-23T08:27:21.959Z > 200 GET /api/v1/ 67.7ms
INF 2026-08-23T08:27:21.960Z > 200 GET /api/v1/ 67.53ms
INF 2026-08-23T08:27:21.960Z > 200 GET /api/v1/ 67.77ms
INF 2026-08-23T08:27:21.960Z > 200 GET /api/v1/ 70.92ms
INF 2026-08-23T08:27:21.961Z > 200 GET /api/v1/ 71.38ms
INF 2026-08-23T08:27:21.962Z > 200 GET /api/v1/ 88.64ms
INF 2026-08-23T08:27:21.966Z > 200 GET /api/v1/ 35.62ms
INF 2026-08-23T08:27:21.966Z > 200 GET /api/v1/ 69.56ms
INF 2026-08-23T08:27:21.967Z > 200 GET /api/v1/ 35.25ms
INF 2026-08-23T08:27:21.967Z > 200 GET /api/v1/ 70.73ms
INF 2026-08-23T08:27:21.967Z > 200 GET /api/v1/ 37.97ms
INF 2026-08-23T08:27:21.968Z > 200 GET /api/v1/ 71.87ms
INF 2026-08-23T08:27:21.974Z > 200 GET /api/v1/ 84.86ms
INF 2026-08-23T08:27:21.975Z > 200 GET /api/v1/ 47.07ms
INF 2026-08-23T08:27:21.976Z > 200 GET /api/v1/ 47.82ms
INF 2026-08-23T08:27:21.976Z > 200 GET /api/v1/ 47.63ms
INF 2026-08-23T08:27:21.976Z > 200 GET /api/v1/ 48.95ms
INF 2026-08-23T08:27:21.978Z > 200 GET /api/v1/ 49.79ms
INF 2026-08-23T08:27:21.979Z > 200 GET /api/v1/ 51.72ms
INF 2026-08-23T08:27:21.979Z > 200 GET /api/v1/ 52.54ms
INF 2026-08-23T08:27:21.982Z > 200 GET /api/v1/ 57.39ms
INF 2026-08-23T08:27:21.982Z > 200 GET /api/v1/ 45.14ms
INF 2026-08-23T08:27:21.983Z > 200 GET /api/v1/ 46.49ms
INF 2026-08-23T08:27:21.984Z > 200 GET /api/v1/ 49.29ms
INF 2026-08-23T08:27:21.987Z > 200 GET /api/v1/ 51.97ms
INF 2026-08-23T08:27:21.988Z > 200 GET /api/v1/ 56.13ms
INF 2026-08-23T08:27:21.988Z > 200 GET /api/v1/ 47.12ms
INF 2026-08-23T08:27:21.988Z > 200 GET /api/v1/ 26.58ms
INF 2026-08-23T08:27:21.989Z > 200 GET /api/v1/ 86.59ms
INF 2026-08-23T08:27:21.989Z > 200 GET /api/v1/ 61.76ms
INF 2026-08-23T08:27:21.991Z > 200 GET /api/v1/ 49.36ms
INF 2026-08-23T08:27:21.992Z > 200 GET /api/v1/ 49.59ms
INF 2026-08-23T08:27:21.992Z > 200 GET /api/v1/ 66.07ms
INF 2026-08-23T08:27:21.993Z > 200 GET /api/v1/ 66.13ms
INF 2026-08-23T08:27:21.993Z > 200 GET /api/v1/ 66.98ms
INF 2026-08-23T08:27:21.993Z > 200 GET /api/v1/ 68.15ms
INF 2026-08-23T08:27:21.994Z > 200 GET /api/v1/ 68.5ms
INF 2026-08-23T08:27:21.994Z > 200 GET /api/v1/ 52.94ms
INF 2026-08-23T08:27:21.995Z > 200 GET /api/v1/ 69.09ms
INF 2026-08-23T08:27:21.995Z > 200 GET /api/v1/ 69.08ms
INF 2026-08-23T08:27:21.996Z > 200 GET /api/v1/ 69.94ms
INF 2026-08-23T08:27:21.997Z > 200 GET /api/v1/ 71.07ms
INF 2026-08-23T08:27:21.997Z > 200 GET /api/v1/ 58.68ms
INF 2026-08-23T08:27:22.000Z > 200 GET /api/v1/ 50.86ms
INF 2026-08-23T08:27:22.000Z > 200 GET /api/v1/ 51.45ms
INF 2026-08-23T08:27:22.001Z > 200 GET /api/v1/ 52.76ms
INF 2026-08-23T08:27:22.001Z > 200 GET /api/v1/ 52.72ms
INF 2026-08-23T08:27:22.001Z > 200 GET /api/v1/ 52.56ms
INF 2026-08-23T08:27:22.002Z > 200 GET /api/v1/ 54.6ms
INF 2026-08-23T08:27:22.003Z > 200 GET /api/v1/ 70.98ms
INF 2026-08-23T08:27:22.019Z > 200 GET /api/v1/ 88.93ms
INF 2026-08-23T08:27:22.022Z > 200 GET /api/v1/ 90.99ms
INF 2026-08-23T08:27:22.022Z > 200 GET /api/v1/ 91.49ms
INF 2026-08-23T08:27:22.022Z > 200 GET /api/v1/ 90.53ms
INF 2026-08-23T08:27:22.024Z > 200 GET /api/v1/ 69.89ms
INF 2026-08-23T08:27:22.024Z > 200 GET /api/v1/ 84.11ms
INF 2026-08-23T08:27:22.026Z > 200 GET /api/v1/ 72.67ms
INF 2026-08-23T08:27:22.026Z > 200 GET /api/v1/ 71.32ms
INF 2026-08-23T08:27:22.026Z > 200 GET /api/v1/ 73.01ms
INF 2026-08-23T08:27:22.027Z > 200 GET /api/v1/ 100.9ms
INF 2026-08-23T08:27:22.027Z > 200 GET /api/v1/ 88.16ms
INF 2026-08-23T08:27:22.027Z > 200 GET /api/v1/ 87.89ms
INF 2026-08-23T08:27:22.028Z > 200 GET /api/v1/ 88.41ms
INF 2026-08-23T08:27:22.028Z > 200 GET /api/v1/ 90.26ms
INF 2026-08-23T08:27:22.028Z > 200 GET /api/v1/ 76.43ms
INF 2026-08-23T08:27:22.031Z > 200 GET /api/v1/ 68.81ms
INF 2026-08-23T08:27:22.032Z > 200 GET /api/v1/ 69.64ms
INF 2026-08-23T08:27:22.033Z > 200 GET /api/v1/ 60.2ms
INF 2026-08-23T08:27:22.034Z > 200 GET /api/v1/ 61.98ms
INF 2026-08-23T08:27:22.035Z > 200 GET /api/v1/ 63.23ms
INF 2026-08-23T08:27:22.038Z > 200 GET /api/v1/ 113.26ms
INF 2026-08-23T08:27:22.039Z > 200 GET /api/v1/ 58.92ms
INF 2026-08-23T08:27:22.040Z > 200 GET /api/v1/ 59.21ms
INF 2026-08-23T08:27:22.040Z > 200 GET /api/v1/ 60.08ms
INF 2026-08-23T08:27:22.040Z > 200 GET /api/v1/ 59.85ms
INF 2026-08-23T08:27:22.041Z > 200 GET /api/v1/ 61.16ms
INF 2026-08-23T08:27:22.042Z > 200 GET /api/v1/ 66.32ms
INF 2026-08-23T08:27:22.043Z > 200 GET /api/v1/ 65.96ms
INF 2026-08-23T08:27:22.043Z > 200 GET /api/v1/ 66.02ms
INF 2026-08-23T08:27:22.044Z > 200 GET /api/v1/ 66.98ms
INF 2026-08-23T08:27:22.044Z > 200 GET /api/v1/ 67.66ms
INF 2026-08-23T08:27:22.045Z > 200 GET /api/v1/ 55.98ms
INF 2026-08-23T08:27:22.048Z > 200 GET /api/v1/ 44.88ms
INF 2026-08-23T08:27:22.048Z > 200 GET /api/v1/ 62.47ms
INF 2026-08-23T08:27:22.048Z > 200 GET /api/v1/ 62.27ms
INF 2026-08-23T08:27:22.049Z > 200 GET /api/v1/ 63.86ms
INF 2026-08-23T08:27:22.049Z > 200 GET /api/v1/ 62.88ms
INF 2026-08-23T08:27:22.050Z > 200 GET /api/v1/ 65.16ms
INF 2026-08-23T08:27:22.050Z > 200 GET /api/v1/ 79.69ms
INF 2026-08-23T08:27:22.051Z > 200 GET /api/v1/ 67.52ms
INF 2026-08-23T08:27:22.053Z > 200 GET /api/v1/ 55.83ms
INF 2026-08-23T08:27:22.054Z > 200 GET /api/v1/ 64.02ms
INF 2026-08-23T08:27:22.055Z > 200 GET /api/v1/ 65.47ms
INF 2026-08-23T08:27:22.055Z > 200 GET /api/v1/ 33.24ms
INF 2026-08-23T08:27:22.058Z > 200 GET /api/v1/ 38.75ms
INF 2026-08-23T08:27:22.061Z > 200 GET /api/v1/ 63.5ms
INF 2026-08-23T08:27:22.063Z > 200 GET /api/v1/ 40.12ms
INF 2026-08-23T08:27:22.063Z > 200 GET /api/v1/ 39.34ms
INF 2026-08-23T08:27:22.063Z > 200 GET /api/v1/ 40.26ms
INF 2026-08-23T08:27:22.066Z > 200 GET /api/v1/ 46.59ms
INF 2026-08-23T08:27:22.066Z > 200 GET /api/v1/ 66.48ms
INF 2026-08-23T08:27:22.067Z > 200 GET /api/v1/ 67.86ms
INF 2026-08-23T08:27:22.070Z > 200 GET /api/v1/ 37.36ms
INF 2026-08-23T08:27:22.070Z > 200 GET /api/v1/ 39.42ms
INF 2026-08-23T08:27:22.070Z > 200 GET /api/v1/ 39.4ms
INF 2026-08-23T08:27:22.071Z > 200 GET /api/v1/ 40.3ms
INF 2026-08-23T08:27:22.072Z > 200 GET /api/v1/ 51.75ms
INF 2026-08-23T08:27:22.072Z > 200 GET /api/v1/ 29.61ms
INF 2026-08-23T08:27:22.073Z > 200 GET /api/v1/ 29.37ms
INF 2026-08-23T08:27:22.073Z > 200 GET /api/v1/ 52.5ms
INF 2026-08-23T08:27:22.074Z > 200 GET /api/v1/ 45.48ms
INF 2026-08-23T08:27:22.075Z > 200 GET /api/v1/ 50.73ms
INF 2026-08-23T08:27:22.075Z > 200 GET /api/v1/ 52.08ms
INF 2026-08-23T08:27:22.076Z > 200 GET /api/v1/ 50.61ms
INF 2026-08-23T08:27:22.076Z > 200 GET /api/v1/ 53.16ms
INF 2026-08-23T08:27:22.077Z > 200 GET /api/v1/ 26.92ms
INF 2026-08-23T08:27:22.078Z > 200 GET /api/v1/ 56.66ms
INF 2026-08-23T08:27:22.078Z > 200 GET /api/v1/ 57.75ms
INF 2026-08-23T08:27:22.079Z > 200 GET /api/v1/ 58.38ms
INF 2026-08-23T08:27:22.080Z > 200 GET /api/v1/ 59.96ms
INF 2026-08-23T08:27:22.080Z > 200 GET /api/v1/ 60.67ms
INF 2026-08-23T08:27:22.080Z > 200 GET /api/v1/ 60.59ms
INF 2026-08-23T08:27:22.081Z > 200 GET /api/v1/ 60.72ms
INF 2026-08-23T08:27:22.082Z > 200 GET /api/v1/ 44.66ms
INF 2026-08-23T08:27:22.083Z > 200 GET /api/v1/ 45.7ms
INF 2026-08-23T08:27:22.083Z > 200 GET /api/v1/ 45.3ms
INF 2026-08-23T08:27:22.084Z > 200 GET /api/v1/ 46.42ms
INF 2026-08-23T08:27:22.085Z > 200 GET /api/v1/ 48.11ms
INF 2026-08-23T08:27:22.086Z > 200 GET /api/v1/ 60.9ms
INF 2026-08-23T08:27:22.086Z > 200 GET /api/v1/ 50.67ms
INF 2026-08-23T08:27:22.089Z > 200 GET /api/v1/ 42.34ms
INF 2026-08-23T08:27:22.089Z > 200 GET /api/v1/ 42.34ms
INF 2026-08-23T08:27:22.090Z > 200 GET /api/v1/ 44.43ms
INF 2026-08-23T08:27:22.093Z > 200 GET /api/v1/ 60.62ms
INF 2026-08-23T08:27:22.110Z > 200 GET /api/v1/ 66.91ms
INF 2026-08-23T08:27:22.111Z > 200 GET /api/v1/ 90.31ms
INF 2026-08-23T08:27:22.111Z > 200 GET /api/v1/ 91.35ms
INF 2026-08-23T08:27:22.112Z > 200 GET /api/v1/ 73.06ms
INF 2026-08-23T08:27:22.112Z > 200 GET /api/v1/ 71.13ms
INF 2026-08-23T08:27:22.113Z > 200 GET /api/v1/ 71.94ms
INF 2026-08-23T08:27:22.114Z > 200 GET /api/v1/ 75.53ms
INF 2026-08-23T08:27:22.114Z > 200 GET /api/v1/ 75.39ms
INF 2026-08-23T08:27:22.114Z > 200 GET /api/v1/ 62.44ms
INF 2026-08-23T08:27:22.115Z > 200 GET /api/v1/ 63.0ms
INF 2026-08-23T08:27:22.115Z > 200 GET /api/v1/ 63.11ms
INF 2026-08-23T08:27:22.115Z > 200 GET /api/v1/ 63.95ms
INF 2026-08-23T08:27:22.116Z > 200 GET /api/v1/ 65.75ms
INF 2026-08-23T08:27:22.121Z > 200 GET /api/v1/ 77.78ms
INF 2026-08-23T08:27:22.123Z > 200 GET /api/v1/ 44.73ms
INF 2026-08-23T08:27:22.124Z > 200 GET /api/v1/ 56.41ms
INF 2026-08-23T08:27:22.128Z > 200 GET /api/v1/ 76.83ms
INF 2026-08-23T08:27:22.128Z > 200 GET /api/v1/ 57.15ms
INF 2026-08-23T08:27:22.130Z > 200 GET /api/v1/ 62.11ms
INF 2026-08-23T08:27:22.130Z > 200 GET /api/v1/ 59.26ms
INF 2026-08-23T08:27:22.130Z > 200 GET /api/v1/ 49.19ms
INF 2026-08-23T08:27:22.134Z > 200 GET /api/v1/ 71.92ms
INF 2026-08-23T08:27:22.138Z > 200 GET /api/v1/ 94.44ms
INF 2026-08-23T08:27:22.139Z > 200 GET /api/v1/ 74.38ms
INF 2026-08-23T08:27:22.140Z > 200 GET /api/v1/ 61.08ms
INF 2026-08-23T08:27:22.143Z > 200 GET /api/v1/ 69.46ms
INF 2026-08-23T08:27:22.145Z > 200 GET /api/v1/ 68.49ms
INF 2026-08-23T08:27:22.145Z > 200 GET /api/v1/ 72.17ms
INF 2026-08-23T08:27:22.148Z > 200 GET /api/v1/ 35.54ms
INF 2026-08-23T08:27:22.149Z > 200 GET /api/v1/ 67.39ms
INF 2026-08-23T08:27:22.149Z > 200 GET /api/v1/ 38.7ms
INF 2026-08-23T08:27:22.152Z > 200 GET /api/v1/ 73.31ms
INF 2026-08-23T08:27:22.153Z > 200 GET /api/v1/ 74.23ms
INF 2026-08-23T08:27:22.154Z > 200 GET /api/v1/ 74.41ms
INF 2026-08-23T08:27:22.156Z > 200 GET /api/v1/ 68.18ms
INF 2026-08-23T08:27:22.157Z > 200 GET /api/v1/ 69.81ms
INF 2026-08-23T08:27:22.157Z > 200 GET /api/v1/ 69.56ms
INF 2026-08-23T08:27:22.158Z > 200 GET /api/v1/ 70.72ms
INF 2026-08-23T08:27:22.158Z > 200 GET /api/v1/ 81.98ms
INF 2026-08-23T08:27:22.158Z > 200 GET /api/v1/ 70.63ms
INF 2026-08-23T08:27:22.159Z > 200 GET /api/v1/ 83.99ms
INF 2026-08-23T08:27:22.159Z > 200 GET /api/v1/ 74.18ms
INF 2026-08-23T08:27:22.160Z > 200 GET /api/v1/ 85.25ms
INF 2026-08-23T08:27:22.161Z > 200 GET /api/v1/ 48.06ms
INF 2026-08-23T08:27:22.161Z > 200 GET /api/v1/ 92.25ms
INF 2026-08-23T08:27:22.161Z > 200 GET /api/v1/ 49.65ms
INF 2026-08-23T08:27:22.161Z > 200 GET /api/v1/ 50.17ms
INF 2026-08-23T08:27:22.162Z > 200 GET /api/v1/ 51.53ms
INF 2026-08-23T08:27:22.163Z > 200 GET /api/v1/ 72.14ms
INF 2026-08-23T08:27:22.164Z > 200 GET /api/v1/ 73.89ms
INF 2026-08-23T08:27:22.165Z > 200 GET /api/v1/ 74.27ms
INF 2026-08-23T08:27:22.166Z > 200 GET /api/v1/ 75.66ms
INF 2026-08-23T08:27:22.168Z > 200 GET /api/v1/ 89.42ms
INF 2026-08-23T08:27:22.168Z > 200 GET /api/v1/ 60.65ms
INF 2026-08-23T08:27:22.169Z > 200 GET /api/v1/ 59.88ms
INF 2026-08-23T08:27:22.169Z > 200 GET /api/v1/ 49.25ms
INF 2026-08-23T08:27:22.169Z > 200 GET /api/v1/ 60.0ms
INF 2026-08-23T08:27:22.169Z > 200 GET /api/v1/ 60.76ms
INF 2026-08-23T08:27:22.170Z > 200 GET /api/v1/ 59.91ms
INF 2026-08-23T08:27:22.171Z > 200 GET /api/v1/ 62.08ms
INF 2026-08-23T08:27:22.171Z > 200 GET /api/v1/ 61.94ms
INF 2026-08-23T08:27:22.171Z > 200 GET /api/v1/ 63.03ms
INF 2026-08-23T08:27:22.171Z > 200 GET /api/v1/ 51.95ms
INF 2026-08-23T08:27:22.171Z > 200 GET /api/v1/ 62.01ms
INF 2026-08-23T08:27:22.172Z > 200 GET /api/v1/ 62.38ms
INF 2026-08-23T08:27:22.172Z > 200 GET /api/v1/ 51.92ms
INF 2026-08-23T08:27:22.172Z > 200 GET /api/v1/ 64.2ms
INF 2026-08-23T08:27:22.173Z > 200 GET /api/v1/ 54.22ms
INF 2026-08-23T08:27:22.173Z > 200 GET /api/v1/ 55.03ms
INF 2026-08-23T08:27:22.174Z > 200 GET /api/v1/ 55.68ms
INF 2026-08-23T08:27:22.174Z > 200 GET /api/v1/ 56.3ms
INF 2026-08-23T08:27:22.174Z > 200 GET /api/v1/ 57.8ms
INF 2026-08-23T08:27:22.176Z > 200 GET /api/v1/ 63.46ms
INF 2026-08-23T08:27:22.176Z > 200 GET /api/v1/ 53.93ms
INF 2026-08-23T08:27:22.177Z > 200 GET /api/v1/ 54.73ms
INF 2026-08-23T08:27:22.178Z > 200 GET /api/v1/ 55.98ms
INF 2026-08-23T08:27:22.180Z > 200 GET /api/v1/ 90.38ms
INF 2026-08-23T08:27:22.181Z > 200 GET /api/v1/ 48.71ms
INF 2026-08-23T08:27:22.181Z > 200 GET /api/v1/ 49.76ms
INF 2026-08-23T08:27:22.182Z > 200 GET /api/v1/ 50.59ms
INF 2026-08-23T08:27:22.199Z > 200 GET /api/v1/ 82.22ms
INF 2026-08-23T08:27:22.199Z > 200 GET /api/v1/ 73.09ms
INF 2026-08-23T08:27:22.199Z > 200 GET /api/v1/ 73.16ms
INF 2026-08-23T08:27:22.200Z > 200 GET /api/v1/ 72.8ms
INF 2026-08-23T08:27:22.200Z > 200 GET /api/v1/ 71.68ms
INF 2026-08-23T08:27:22.200Z > 200 GET /api/v1/ 87.13ms
INF 2026-08-23T08:27:22.200Z > 200 GET /api/v1/ 87.88ms
INF 2026-08-23T08:27:22.201Z > 200 GET /api/v1/ 74.06ms
INF 2026-08-23T08:27:22.201Z > 200 GET /api/v1/ 75.86ms
INF 2026-08-23T08:27:22.202Z > 200 GET /api/v1/ 60.93ms
INF 2026-08-23T08:27:22.206Z > 200 GET /api/v1/ 71.95ms
INF 2026-08-23T08:27:22.206Z > 200 GET /api/v1/ 70.18ms
INF 2026-08-23T08:27:22.207Z > 200 GET /api/v1/ 42.21ms
INF 2026-08-23T08:27:22.207Z > 200 GET /api/v1/ 78.84ms
INF 2026-08-23T08:27:22.209Z > 200 GET /api/v1/ 80.57ms
INF 2026-08-23T08:27:22.209Z > 200 GET /api/v1/ 65.84ms
INF 2026-08-23T08:27:22.209Z > 200 GET /api/v1/ 65.53ms
INF 2026-08-23T08:27:22.211Z > 200 GET /api/v1/ 67.19ms
INF 2026-08-23T08:27:22.212Z > 200 GET /api/v1/ 56.11ms
INF 2026-08-23T08:27:22.214Z > 200 GET /api/v1/ 58.58ms
INF 2026-08-23T08:27:22.214Z > 200 GET /api/v1/ 41.97ms
INF 2026-08-23T08:27:22.219Z > 200 GET /api/v1/ 83.96ms
INF 2026-08-23T08:27:22.219Z > 200 GET /api/v1/ 81.94ms
INF 2026-08-23T08:27:22.220Z > 200 GET /api/v1/ 88.2ms
INF 2026-08-23T08:27:22.230Z > 200 GET /api/v1/ 60.62ms
INF 2026-08-23T08:27:22.231Z > 200 GET /api/v1/ 63.66ms
INF 2026-08-23T08:27:22.231Z > 200 GET /api/v1/ 65.07ms
INF 2026-08-23T08:27:22.231Z > 200 GET /api/v1/ 63.93ms
INF 2026-08-23T08:27:22.232Z > 200 GET /api/v1/ 65.03ms
INF 2026-08-23T08:27:22.234Z > 200 GET /api/v1/ 69.86ms
INF 2026-08-23T08:27:22.234Z > 200 GET /api/v1/ 70.24ms
INF 2026-08-23T08:27:22.234Z > 200 GET /api/v1/ 53.9ms
INF 2026-08-23T08:27:22.235Z > 200 GET /api/v1/ 72.07ms
INF 2026-08-23T08:27:22.236Z > 200 GET /api/v1/ 72.95ms
INF 2026-08-23T08:27:22.236Z > 200 GET /api/v1/ 71.03ms
INF 2026-08-23T08:27:22.237Z > 200 GET /api/v1/ 72.03ms
INF 2026-08-23T08:27:22.240Z > 200 GET /api/v1/ 62.72ms
INF 2026-08-23T08:27:22.243Z > 200 GET /api/v1/ 68.26ms
INF 2026-08-23T08:27:22.244Z > 200 GET /api/v1/ 34.88ms
INF 2026-08-23T08:27:22.250Z > 200 GET /api/v1/ 71.44ms
INF 2026-08-23T08:27:22.251Z > 200 GET /api/v1/ 71.73ms
INF 2026-08-23T08:27:22.251Z > 200 GET /api/v1/ 72.82ms
INF 2026-08-23T08:27:22.252Z > 200 GET /api/v1/ 72.62ms
INF 2026-08-23T08:27:22.252Z > 200 GET /api/v1/ 73.88ms
INF 2026-08-23T08:27:22.254Z > 200 GET /api/v1/ 51.1ms
INF 2026-08-23T08:27:22.255Z > 200 GET /api/v1/ 51.18ms
INF 2026-08-23T08:27:22.255Z > 200 GET /api/v1/ 51.64ms
INF 2026-08-23T08:27:22.255Z > 200 GET /api/v1/ 51.69ms
INF 2026-08-23T08:27:22.255Z > 200 GET /api/v1/ 52.97ms
INF 2026-08-23T08:27:22.256Z > 200 GET /api/v1/ 53.07ms
INF 2026-08-23T08:27:22.256Z > 200 GET /api/v1/ 55.12ms
INF 2026-08-23T08:27:22.256Z > 200 GET /api/v1/ 53.15ms
INF 2026-08-23T08:27:22.256Z > 200 GET /api/v1/ 53.25ms
INF 2026-08-23T08:27:22.257Z > 200 GET /api/v1/ 55.3ms
INF 2026-08-23T08:27:22.257Z > 200 GET /api/v1/ 42.89ms
INF 2026-08-23T08:27:22.258Z > 200 GET /api/v1/ 54.96ms
INF 2026-08-23T08:27:22.258Z > 200 GET /api/v1/ 55.47ms
INF 2026-08-23T08:27:22.259Z > 200 GET /api/v1/ 57.01ms
INF 2026-08-23T08:27:22.259Z > 200 GET /api/v1/ 56.1ms
INF 2026-08-23T08:27:22.260Z > 200 GET /api/v1/ 48.29ms
INF 2026-08-23T08:27:22.262Z > 200 GET /api/v1/ 54.61ms
INF 2026-08-23T08:27:22.263Z > 200 GET /api/v1/ 54.52ms
INF 2026-08-23T08:27:22.265Z > 200 GET /api/v1/ 85.28ms
INF 2026-08-23T08:27:22.266Z > 200 GET /api/v1/ 61.26ms
INF 2026-08-23T08:27:22.267Z > 200 GET /api/v1/ 51.53ms
INF 2026-08-23T08:27:22.267Z > 200 GET /api/v1/ 35.33ms
INF 2026-08-23T08:27:22.268Z > 200 GET /api/v1/ 48.67ms
INF 2026-08-23T08:27:22.268Z > 200 GET /api/v1/ 54.87ms
INF 2026-08-23T08:27:22.269Z > 200 GET /api/v1/ 52.52ms
INF 2026-08-23T08:27:22.270Z > 200 GET /api/v1/ 57.68ms
INF 2026-08-23T08:27:22.270Z > 200 GET /api/v1/ 57.53ms
INF 2026-08-23T08:27:22.270Z > 200 GET /api/v1/ 56.11ms
INF 2026-08-23T08:27:22.270Z > 200 GET /api/v1/ 59.84ms
INF 2026-08-23T08:27:22.272Z > 200 GET /api/v1/ 61.81ms
INF 2026-08-23T08:27:22.272Z > 200 GET /api/v1/ 62.47ms
INF 2026-08-23T08:27:22.273Z > 200 GET /api/v1/ 61.96ms
INF 2026-08-23T08:27:22.274Z > 200 GET /api/v1/ 50.55ms
INF 2026-08-23T08:27:22.274Z > 200 GET /api/v1/ 49.15ms
INF 2026-08-23T08:27:22.275Z > 200 GET /api/v1/ 63.64ms
INF 2026-08-23T08:27:22.276Z > 200 GET /api/v1/ 48.78ms
INF 2026-08-23T08:27:22.291Z > 200 GET /api/v1/ 67.62ms
INF 2026-08-23T08:27:22.291Z > 200 GET /api/v1/ 64.88ms
INF 2026-08-23T08:27:22.291Z > 200 GET /api/v1/ 67.29ms
INF 2026-08-23T08:27:22.291Z > 200 GET /api/v1/ 67.28ms
INF 2026-08-23T08:27:22.292Z > 200 GET /api/v1/ 71.58ms
INF 2026-08-23T08:27:22.293Z > 200 GET /api/v1/ 72.16ms
INF 2026-08-23T08:27:22.293Z > 200 GET /api/v1/ 71.58ms
INF 2026-08-23T08:27:22.295Z > 200 GET /api/v1/ 75.72ms
INF 2026-08-23T08:27:22.295Z > 200 GET /api/v1/ 91.21ms
INF 2026-08-23T08:27:22.299Z > 200 GET /api/v1/ 73.23ms
INF 2026-08-23T08:27:22.299Z > 200 GET /api/v1/ 74.38ms
INF 2026-08-23T08:27:22.299Z > 200 GET /api/v1/ 74.2ms
INF 2026-08-23T08:27:22.299Z > 200 GET /api/v1/ 76.44ms
INF 2026-08-23T08:27:22.300Z > 200 GET /api/v1/ 73.82ms
INF 2026-08-23T08:27:22.300Z > 200 GET /api/v1/ 91.0ms
INF 2026-08-23T08:27:22.305Z > 200 GET /api/v1/ 47.67ms
INF 2026-08-23T08:27:22.305Z > 200 GET /api/v1/ 85.45ms
INF 2026-08-23T08:27:22.306Z > 200 GET /api/v1/ 73.1ms
INF 2026-08-23T08:27:22.307Z > 200 GET /api/v1/ 74.79ms
INF 2026-08-23T08:27:22.307Z > 200 GET /api/v1/ 62.56ms
INF 2026-08-23T08:27:22.308Z > 200 GET /api/v1/ 60.68ms
INF 2026-08-23T08:27:22.310Z > 200 GET /api/v1/ 63.98ms
INF 2026-08-23T08:27:22.314Z > 200 GET /api/v1/ 87.04ms
INF 2026-08-23T08:27:22.314Z > 200 GET /api/v1/ 57.45ms
INF 2026-08-23T08:27:22.315Z > 200 GET /api/v1/ 57.43ms
INF 2026-08-23T08:27:22.315Z > 200 GET /api/v1/ 57.86ms
INF 2026-08-23T08:27:22.318Z > 200 GET /api/v1/ 65.61ms
INF 2026-08-23T08:27:22.318Z > 200 GET /api/v1/ 65.45ms
INF 2026-08-23T08:27:22.319Z > 200 GET /api/v1/ 65.42ms
INF 2026-08-23T08:27:22.320Z > 200 GET /api/v1/ 71.13ms
INF 2026-08-23T08:27:22.321Z > 200 GET /api/v1/ 72.35ms
INF 2026-08-23T08:27:22.321Z > 200 GET /api/v1/ 73.07ms
INF 2026-08-23T08:27:22.322Z > 200 GET /api/v1/ 89.72ms
INF 2026-08-23T08:27:22.325Z > 200 GET /api/v1/ 61.73ms
INF 2026-08-23T08:27:22.326Z > 200 GET /api/v1/ 63.95ms
INF 2026-08-23T08:27:22.333Z > 200 GET /api/v1/ 69.66ms
INF 2026-08-23T08:27:22.334Z > 200 GET /api/v1/ 69.08ms
INF 2026-08-23T08:27:22.334Z > 200 GET /api/v1/ 69.75ms
INF 2026-08-23T08:27:22.334Z > 200 GET /api/v1/ 85.3ms
INF 2026-08-23T08:27:22.335Z > 200 GET /api/v1/ 87.75ms
INF 2026-08-23T08:27:22.335Z > 200 GET /api/v1/ 87.46ms
INF 2026-08-23T08:27:22.335Z > 200 GET /api/v1/ 89.31ms
INF 2026-08-23T08:27:22.338Z > 200 GET /api/v1/ 46.02ms
INF 2026-08-23T08:27:22.339Z > 200 GET /api/v1/ 64.69ms
INF 2026-08-23T08:27:22.340Z > 200 GET /api/v1/ 64.42ms
INF 2026-08-23T08:27:22.341Z > 200 GET /api/v1/ 65.48ms
INF 2026-08-23T08:27:22.342Z > 200 GET /api/v1/ 69.33ms
INF 2026-08-23T08:27:22.343Z > 200 GET /api/v1/ 71.46ms
INF 2026-08-23T08:27:22.343Z > 200 GET /api/v1/ 43.16ms
INF 2026-08-23T08:27:22.344Z > 200 GET /api/v1/ 46.19ms
INF 2026-08-23T08:27:22.344Z > 200 GET /api/v1/ 46.82ms
INF 2026-08-23T08:27:22.344Z > 200 GET /api/v1/ 45.86ms
INF 2026-08-23T08:27:22.345Z > 200 GET /api/v1/ 48.29ms
INF 2026-08-23T08:27:22.345Z > 200 GET /api/v1/ 47.99ms
INF 2026-08-23T08:27:22.345Z > 200 GET /api/v1/ 47.56ms
INF 2026-08-23T08:27:22.346Z > 200 GET /api/v1/ 49.45ms
INF 2026-08-23T08:27:22.347Z > 200 GET /api/v1/ 46.77ms
INF 2026-08-23T08:27:22.347Z > 200 GET /api/v1/ 45.12ms
INF 2026-08-23T08:27:22.347Z > 200 GET /api/v1/ 49.32ms
INF 2026-08-23T08:27:22.347Z > 200 GET /api/v1/ 49.85ms
INF 2026-08-23T08:27:22.347Z > 200 GET /api/v1/ 49.08ms
INF 2026-08-23T08:27:22.348Z > 200 GET /api/v1/ 50.21ms
INF 2026-08-23T08:27:22.349Z > 200 GET /api/v1/ 51.64ms
INF 2026-08-23T08:27:22.349Z > 200 GET /api/v1/ 50.82ms
INF 2026-08-23T08:27:22.351Z > 200 GET /api/v1/ 47.3ms
INF 2026-08-23T08:27:22.351Z > 200 GET /api/v1/ 47.68ms
INF 2026-08-23T08:27:22.352Z > 200 GET /api/v1/ 48.45ms
INF 2026-08-23T08:27:22.352Z > 200 GET /api/v1/ 48.54ms
INF 2026-08-23T08:27:22.353Z > 200 GET /api/v1/ 50.53ms
INF 2026-08-23T08:27:22.353Z > 200 GET /api/v1/ 51.41ms
INF 2026-08-23T08:27:22.354Z > 200 GET /api/v1/ 51.54ms
INF 2026-08-23T08:27:22.354Z > 200 GET /api/v1/ 35.68ms
INF 2026-08-23T08:27:22.358Z > 200 GET /api/v1/ 56.22ms
INF 2026-08-23T08:27:22.358Z > 200 GET /api/v1/ 33.25ms
INF 2026-08-23T08:27:22.358Z > 200 GET /api/v1/ 49.03ms
INF 2026-08-23T08:27:22.359Z > 200 GET /api/v1/ 50.43ms
INF 2026-08-23T08:27:22.359Z > 200 GET /api/v1/ 52.51ms
INF 2026-08-23T08:27:22.360Z > 200 GET /api/v1/ 63.48ms
INF 2026-08-23T08:27:22.363Z > 200 GET /api/v1/ 67.43ms
INF 2026-08-23T08:27:22.364Z > 200 GET /api/v1/ 60.35ms
INF 2026-08-23T08:27:22.364Z > 200 GET /api/v1/ 44.43ms
INF 2026-08-23T08:27:22.365Z > 200 GET /api/v1/ 45.85ms
INF 2026-08-23T08:27:22.365Z > 200 GET /api/v1/ 46.61ms
INF 2026-08-23T08:27:22.366Z > 200 GET /api/v1/ 48.71ms
INF 2026-08-23T08:27:22.366Z > 200 GET /api/v1/ 48.64ms
INF 2026-08-23T08:27:22.381Z > 200 GET /api/v1/ 65.46ms
INF 2026-08-23T08:27:22.382Z > 200 GET /api/v1/ 64.84ms
INF 2026-08-23T08:27:22.382Z > 200 GET /api/v1/ 64.47ms
INF 2026-08-23T08:27:22.383Z > 200 GET /api/v1/ 66.72ms
INF 2026-08-23T08:27:22.384Z > 200 GET /api/v1/ 83.35ms
INF 2026-08-23T08:27:22.385Z > 200 GET /api/v1/ 84.23ms
INF 2026-08-23T08:27:22.385Z > 200 GET /api/v1/ 84.26ms
INF 2026-08-23T08:27:22.392Z > 200 GET /api/v1/ 97.3ms
INF 2026-08-23T08:27:22.395Z > 200 GET /api/v1/ 47.31ms
INF 2026-08-23T08:27:22.396Z > 200 GET /api/v1/ 50.46ms
INF 2026-08-23T08:27:22.396Z > 200 GET /api/v1/ 71.51ms
INF 2026-08-23T08:27:22.397Z > 200 GET /api/v1/ 69.53ms
INF 2026-08-23T08:27:22.398Z > 200 GET /api/v1/ 72.09ms
INF 2026-08-23T08:27:22.399Z > 200 GET /api/v1/ 86.3ms
INF 2026-08-23T08:27:22.399Z > 200 GET /api/v1/ 60.47ms
INF 2026-08-23T08:27:22.400Z > 200 GET /api/v1/ 73.97ms
INF 2026-08-23T08:27:22.402Z > 200 GET /api/v1/ 63.31ms
INF 2026-08-23T08:27:22.402Z > 200 GET /api/v1/ 63.65ms
INF 2026-08-23T08:27:22.403Z > 200 GET /api/v1/ 64.61ms
INF 2026-08-23T08:27:22.404Z > 200 GET /api/v1/ 56.53ms
INF 2026-08-23T08:27:22.409Z > 200 GET /api/v1/ 60.75ms
INF 2026-08-23T08:27:22.411Z > 200 GET /api/v1/ 63.6ms
INF 2026-08-23T08:27:22.413Z > 200 GET /api/v1/ 67.88ms
INF 2026-08-23T08:27:22.416Z > 200 GET /api/v1/ 88.65ms
INF 2026-08-23T08:27:22.418Z > 200 GET /api/v1/ 61.16ms
INF 2026-08-23T08:27:22.418Z > 200 GET /api/v1/ 62.98ms
INF 2026-08-23T08:27:22.419Z > 200 GET /api/v1/ 62.95ms
INF 2026-08-23T08:27:22.419Z > 200 GET /api/v1/ 62.99ms
INF 2026-08-23T08:27:22.420Z > 200 GET /api/v1/ 65.35ms
INF 2026-08-23T08:27:22.421Z > 200 GET /api/v1/ 84.9ms
INF 2026-08-23T08:27:22.421Z > 200 GET /api/v1/ 71.44ms
INF 2026-08-23T08:27:22.422Z > 200 GET /api/v1/ 71.69ms
INF 2026-08-23T08:27:22.423Z > 200 GET /api/v1/ 86.19ms
INF 2026-08-23T08:27:22.424Z > 200 GET /api/v1/ 62.02ms
INF 2026-08-23T08:27:22.425Z > 200 GET /api/v1/ 62.94ms
INF 2026-08-23T08:27:22.426Z > 200 GET /api/v1/ 65.2ms
INF 2026-08-23T08:27:22.427Z > 200 GET /api/v1/ 67.34ms
INF 2026-08-23T08:27:22.429Z > 200 GET /api/v1/ 101.58ms
INF 2026-08-23T08:27:22.430Z > 200 GET /api/v1/ 75.47ms
INF 2026-08-23T08:27:22.431Z > 200 GET /api/v1/ 48.12ms
INF 2026-08-23T08:27:22.431Z > 200 GET /api/v1/ 48.46ms
INF 2026-08-23T08:27:22.432Z > 200 GET /api/v1/ 37.06ms
INF 2026-08-23T08:27:22.432Z > 200 GET /api/v1/ 35.24ms
INF 2026-08-23T08:27:22.436Z > 200 GET /api/v1/ 72.52ms
INF 2026-08-23T08:27:22.437Z > 200 GET /api/v1/ 100.52ms
INF 2026-08-23T08:27:22.439Z > 200 GET /api/v1/ 47.68ms
INF 2026-08-23T08:27:22.439Z > 200 GET /api/v1/ 48.52ms
INF 2026-08-23T08:27:22.440Z > 200 GET /api/v1/ 49.06ms
INF 2026-08-23T08:27:22.440Z > 200 GET /api/v1/ 48.18ms
INF 2026-08-23T08:27:22.440Z > 200 GET /api/v1/ 50.07ms
INF 2026-08-23T08:27:22.440Z > 200 GET /api/v1/ 48.74ms
INF 2026-08-23T08:27:22.440Z > 200 GET /api/v1/ 49.48ms
INF 2026-08-23T08:27:22.441Z > 200 GET /api/v1/ 50.43ms
INF 2026-08-23T08:27:22.441Z > 200 GET /api/v1/ 38.71ms
INF 2026-08-23T08:27:22.442Z > 200 GET /api/v1/ 53.07ms
INF 2026-08-23T08:27:22.442Z > 200 GET /api/v1/ 38.07ms
INF 2026-08-23T08:27:22.443Z > 200 GET /api/v1/ 53.88ms
INF 2026-08-23T08:27:22.443Z > 200 GET /api/v1/ 57.48ms
INF 2026-08-23T08:27:22.443Z > 200 GET /api/v1/ 57.45ms
INF 2026-08-23T08:27:22.444Z > 200 GET /api/v1/ 60.28ms
INF 2026-08-23T08:27:22.445Z > 200 GET /api/v1/ 62.46ms
INF 2026-08-23T08:27:22.445Z > 200 GET /api/v1/ 47.13ms
INF 2026-08-23T08:27:22.446Z > 200 GET /api/v1/ 60.82ms
INF 2026-08-23T08:27:22.447Z > 200 GET /api/v1/ 53.14ms
INF 2026-08-23T08:27:22.447Z > 200 GET /api/v1/ 53.31ms
INF 2026-08-23T08:27:22.447Z > 200 GET /api/v1/ 52.56ms
INF 2026-08-23T08:27:22.449Z > 200 GET /api/v1/ 54.06ms
INF 2026-08-23T08:27:22.449Z > 200 GET /api/v1/ 56.19ms
INF 2026-08-23T08:27:22.450Z > 200 GET /api/v1/ 59.02ms
INF 2026-08-23T08:27:22.450Z > 200 GET /api/v1/ 60.45ms
INF 2026-08-23T08:27:22.450Z > 200 GET /api/v1/ 59.67ms
INF 2026-08-23T08:27:22.450Z > 200 GET /api/v1/ 62.4ms
INF 2026-08-23T08:27:22.451Z > 200 GET /api/v1/ 60.41ms
INF 2026-08-23T08:27:22.451Z > 200 GET /api/v1/ 61.57ms
INF 2026-08-23T08:27:22.452Z > 200 GET /api/v1/ 62.45ms
INF 2026-08-23T08:27:22.452Z > 200 GET /api/v1/ 51.53ms
INF 2026-08-23T08:27:22.452Z > 200 GET /api/v1/ 49.58ms
INF 2026-08-23T08:27:22.453Z > 200 GET /api/v1/ 65.58ms
INF 2026-08-23T08:27:22.469Z > 200 GET /api/v1/ 81.45ms
INF 2026-08-23T08:27:22.470Z > 200 GET /api/v1/ 72.99ms
INF 2026-08-23T08:27:22.470Z > 200 GET /api/v1/ 83.13ms
INF 2026-08-23T08:27:22.470Z > 200 GET /api/v1/ 72.53ms
INF 2026-08-23T08:27:22.471Z > 200 GET /api/v1/ 73.3ms
INF 2026-08-23T08:27:22.471Z > 200 GET /api/v1/ 73.85ms
INF 2026-08-23T08:27:22.472Z > 200 GET /api/v1/ 59.82ms
INF 2026-08-23T08:27:22.472Z > 200 GET /api/v1/ 59.69ms
INF 2026-08-23T08:27:22.475Z > 200 GET /api/v1/ 65.26ms
INF 2026-08-23T08:27:22.476Z > 200 GET /api/v1/ 66.54ms
INF 2026-08-23T08:27:22.476Z > 200 GET /api/v1/ 66.5ms
INF 2026-08-23T08:27:22.476Z > 200 GET /api/v1/ 66.4ms
INF 2026-08-23T08:27:22.477Z > 200 GET /api/v1/ 70.24ms
INF 2026-08-23T08:27:22.478Z > 200 GET /api/v1/ 88.56ms
INF 2026-08-23T08:27:22.478Z > 200 GET /api/v1/ 73.53ms
INF 2026-08-23T08:27:22.479Z > 200 GET /api/v1/ 90.88ms
INF 2026-08-23T08:27:22.480Z > 200 GET /api/v1/ 65.3ms
INF 2026-08-23T08:27:22.481Z > 200 GET /api/v1/ 66.13ms
INF 2026-08-23T08:27:22.481Z > 200 GET /api/v1/ 65.85ms
INF 2026-08-23T08:27:22.482Z > 200 GET /api/v1/ 65.99ms
INF 2026-08-23T08:27:22.482Z > 200 GET /api/v1/ 66.7ms
INF 2026-08-23T08:27:22.488Z > 200 GET /api/v1/ 63.83ms
INF 2026-08-23T08:27:22.488Z > 200 GET /api/v1/ 63.85ms
INF 2026-08-23T08:27:22.492Z > 200 GET /api/v1/ 58.98ms
INF 2026-08-23T08:27:22.496Z > 200 GET /api/v1/ 49.6ms
INF 2026-08-23T08:27:22.498Z > 200 GET /api/v1/ 85.57ms
INF 2026-08-23T08:27:22.502Z > 200 GET /api/v1/ 51.31ms
INF 2026-08-23T08:27:22.503Z > 200 GET /api/v1/ 50.58ms
INF 2026-08-23T08:27:22.503Z > 200 GET /api/v1/ 61.98ms
INF 2026-08-23T08:27:22.503Z > 200 GET /api/v1/ 68.44ms
INF 2026-08-23T08:27:22.503Z > 200 GET /api/v1/ 67.99ms
INF 2026-08-23T08:27:22.505Z > 200 GET /api/v1/ 72.23ms
INF 2026-08-23T08:27:22.505Z > 200 GET /api/v1/ 71.18ms
INF 2026-08-23T08:27:22.505Z > 200 GET /api/v1/ 56.84ms
INF 2026-08-23T08:27:22.506Z > 200 GET /api/v1/ 57.32ms
INF 2026-08-23T08:27:22.506Z > 200 GET /api/v1/ 57.79ms
INF 2026-08-23T08:27:22.509Z > 200 GET /api/v1/ 62.96ms
INF 2026-08-23T08:27:22.509Z > 200 GET /api/v1/ 63.08ms
INF 2026-08-23T08:27:22.511Z > 200 GET /api/v1/ 73.59ms
INF 2026-08-23T08:27:22.512Z > 200 GET /api/v1/ 38.67ms
INF 2026-08-23T08:27:22.513Z > 200 GET /api/v1/ 75.22ms
INF 2026-08-23T08:27:22.514Z > 200 GET /api/v1/ 76.74ms
INF 2026-08-23T08:27:22.515Z > 200 GET /api/v1/ 41.14ms
INF 2026-08-23T08:27:22.516Z > 200 GET /api/v1/ 41.74ms
INF 2026-08-23T08:27:22.517Z > 200 GET /api/v1/ 42.78ms
INF 2026-08-23T08:27:22.517Z > 200 GET /api/v1/ 45.76ms
INF 2026-08-23T08:27:22.518Z > 200 GET /api/v1/ 44.65ms
INF 2026-08-23T08:27:22.518Z > 200 GET /api/v1/ 44.23ms
INF 2026-08-23T08:27:22.519Z > 200 GET /api/v1/ 44.93ms
INF 2026-08-23T08:27:22.519Z > 200 GET /api/v1/ 46.66ms
INF 2026-08-23T08:27:22.519Z > 200 GET /api/v1/ 46.57ms
INF 2026-08-23T08:27:22.521Z > 200 GET /api/v1/ 47.62ms
INF 2026-08-23T08:27:22.521Z > 200 GET /api/v1/ 76.12ms
INF 2026-08-23T08:27:22.522Z > 200 GET /api/v1/ 47.71ms
INF 2026-08-23T08:27:22.523Z > 200 GET /api/v1/ 49.62ms
INF 2026-08-23T08:27:22.524Z > 200 GET /api/v1/ 44.29ms
INF 2026-08-23T08:27:22.529Z > 200 GET /api/v1/ 49.92ms
INF 2026-08-23T08:27:22.529Z > 200 GET /api/v1/ 81.53ms
INF 2026-08-23T08:27:22.530Z > 200 GET /api/v1/ 56.63ms
INF 2026-08-23T08:27:22.530Z > 200 GET /api/v1/ 53.55ms
INF 2026-08-23T08:27:22.531Z > 200 GET /api/v1/ 56.27ms
INF 2026-08-23T08:27:22.531Z > 200 GET /api/v1/ 29.2ms
INF 2026-08-23T08:27:22.533Z > 200 GET /api/v1/ 48.52ms
INF 2026-08-23T08:27:22.534Z > 200 GET /api/v1/ 51.55ms
INF 2026-08-23T08:27:22.535Z > 200 GET /api/v1/ 51.48ms
INF 2026-08-23T08:27:22.535Z > 200 GET /api/v1/ 53.8ms
INF 2026-08-23T08:27:22.537Z > 200 GET /api/v1/ 63.47ms
INF 2026-08-23T08:27:22.538Z > 200 GET /api/v1/ 56.18ms
INF 2026-08-23T08:27:22.539Z > 200 GET /api/v1/ 42.93ms
INF 2026-08-23T08:27:22.543Z > 200 GET /api/v1/ 54.27ms
INF 2026-08-23T08:27:22.544Z > 200 GET /api/v1/ 61.43ms
INF 2026-08-23T08:27:22.546Z > 200 GET /api/v1/ 49.54ms
INF 2026-08-23T08:27:22.546Z > 200 GET /api/v1/ 63.1ms
INF 2026-08-23T08:27:22.546Z > 200 GET /api/v1/ 63.02ms
INF 2026-08-23T08:27:22.566Z > 200 GET /api/v1/ 71.22ms
INF 2026-08-23T08:27:22.566Z > 200 GET /api/v1/ 69.68ms
INF 2026-08-23T08:27:22.567Z > 200 GET /api/v1/ 72.07ms
INF 2026-08-23T08:27:22.567Z > 200 GET /api/v1/ 71.32ms
INF 2026-08-23T08:27:22.567Z > 200 GET /api/v1/ 71.44ms
INF 2026-08-23T08:27:22.568Z > 200 GET /api/v1/ 74.33ms
INF 2026-08-23T08:27:22.568Z > 200 GET /api/v1/ 75.22ms
INF 2026-08-23T08:27:22.569Z > 200 GET /api/v1/ 72.01ms
INF 2026-08-23T08:27:22.569Z > 200 GET /api/v1/ 78.14ms
INF 2026-08-23T08:27:22.569Z > 200 GET /api/v1/ 74.92ms
INF 2026-08-23T08:27:22.569Z > 200 GET /api/v1/ 78.35ms
INF 2026-08-23T08:27:22.569Z > 200 GET /api/v1/ 89.69ms
INF 2026-08-23T08:27:22.571Z > 200 GET /api/v1/ 67.43ms
INF 2026-08-23T08:27:22.572Z > 200 GET /api/v1/ 68.05ms
INF 2026-08-23T08:27:22.574Z > 200 GET /api/v1/ 72.8ms
INF 2026-08-23T08:27:22.575Z > 200 GET /api/v1/ 74.63ms
INF 2026-08-23T08:27:22.576Z > 200 GET /api/v1/ 75.25ms
INF 2026-08-23T08:27:22.576Z > 200 GET /api/v1/ 75.19ms
INF 2026-08-23T08:27:22.577Z > 200 GET /api/v1/ 76.85ms
INF 2026-08-23T08:27:22.577Z > 200 GET /api/v1/ 78.79ms
INF 2026-08-23T08:27:22.577Z > 200 GET /api/v1/ 76.09ms
INF 2026-08-23T08:27:22.578Z > 200 GET /api/v1/ 76.24ms
INF 2026-08-23T08:27:22.578Z > 200 GET /api/v1/ 89.48ms
INF 2026-08-23T08:27:22.578Z > 200 GET /api/v1/ 94.88ms
INF 2026-08-23T08:27:22.579Z > 200 GET /api/v1/ 93.19ms
INF 2026-08-23T08:27:22.584Z > 200 GET /api/v1/ 60.74ms
INF 2026-08-23T08:27:22.586Z > 200 GET /api/v1/ 66.08ms
INF 2026-08-23T08:27:22.587Z > 200 GET /api/v1/ 66.25ms
INF 2026-08-23T08:27:22.589Z > 200 GET /api/v1/ 72.82ms
INF 2026-08-23T08:27:22.593Z > 200 GET /api/v1/ 91.81ms
INF 2026-08-23T08:27:22.596Z > 200 GET /api/v1/ 71.81ms
INF 2026-08-23T08:27:22.597Z > 200 GET /api/v1/ 73.24ms
INF 2026-08-23T08:27:22.597Z > 200 GET /api/v1/ 72.24ms
INF 2026-08-23T08:27:22.597Z > 200 GET /api/v1/ 74.22ms
INF 2026-08-23T08:27:22.599Z > 200 GET /api/v1/ 75.65ms
INF 2026-08-23T08:27:22.601Z > 200 GET /api/v1/ 91.21ms
INF 2026-08-23T08:27:22.601Z > 200 GET /api/v1/ 63.3ms
INF 2026-08-23T08:27:22.603Z > 200 GET /api/v1/ 81.75ms
INF 2026-08-23T08:27:22.603Z > 200 GET /api/v1/ 83.47ms
INF 2026-08-23T08:27:22.605Z > 200 GET /api/v1/ 77.11ms
INF 2026-08-23T08:27:22.606Z > 200 GET /api/v1/ 80.99ms
INF 2026-08-23T08:27:22.607Z > 200 GET /api/v1/ 79.03ms
INF 2026-08-23T08:27:22.607Z > 200 GET /api/v1/ 81.36ms
INF 2026-08-23T08:27:22.607Z > 200 GET /api/v1/ 81.49ms
INF 2026-08-23T08:27:22.608Z > 200 GET /api/v1/ 82.25ms
INF 2026-08-23T08:27:22.611Z > 200 GET /api/v1/ 32.63ms
INF 2026-08-23T08:27:22.611Z > 200 GET /api/v1/ 34.69ms
INF 2026-08-23T08:27:22.612Z > 200 GET /api/v1/ 71.34ms
INF 2026-08-23T08:27:22.613Z > 200 GET /api/v1/ 41.39ms
INF 2026-08-23T08:27:22.615Z > 200 GET /api/v1/ 75.8ms
INF 2026-08-23T08:27:22.616Z > 200 GET /api/v1/ 71.32ms
INF 2026-08-23T08:27:22.616Z > 200 GET /api/v1/ 71.39ms
INF 2026-08-23T08:27:22.618Z > 200 GET /api/v1/ 88.22ms
INF 2026-08-23T08:27:22.619Z > 200 GET /api/v1/ 88.22ms
INF 2026-08-23T08:27:22.622Z > 200 GET /api/v1/ 48.21ms
INF 2026-08-23T08:27:22.622Z > 200 GET /api/v1/ 48.88ms
INF 2026-08-23T08:27:22.624Z > 200 GET /api/v1/ 50.69ms
INF 2026-08-23T08:27:22.625Z > 200 GET /api/v1/ 51.79ms
INF 2026-08-23T08:27:22.625Z > 200 GET /api/v1/ 52.13ms
INF 2026-08-23T08:27:22.626Z > 200 GET /api/v1/ 53.37ms
INF 2026-08-23T08:27:22.626Z > 200 GET /api/v1/ 52.89ms
INF 2026-08-23T08:27:22.629Z > 200 GET /api/v1/ 57.82ms
INF 2026-08-23T08:27:22.629Z > 200 GET /api/v1/ 56.69ms
INF 2026-08-23T08:27:22.629Z > 200 GET /api/v1/ 57.23ms
INF 2026-08-23T08:27:22.630Z > 200 GET /api/v1/ 55.42ms
INF 2026-08-23T08:27:22.630Z > 200 GET /api/v1/ 57.19ms
INF 2026-08-23T08:27:22.630Z > 200 GET /api/v1/ 56.23ms
INF 2026-08-23T08:27:22.631Z > 200 GET /api/v1/ 57.0ms
INF 2026-08-23T08:27:22.631Z > 200 GET /api/v1/ 59.12ms
INF 2026-08-23T08:27:22.631Z > 200 GET /api/v1/ 58.45ms
INF 2026-08-23T08:27:22.631Z > 200 GET /api/v1/ 59.41ms
INF 2026-08-23T08:27:22.632Z > 200 GET /api/v1/ 59.56ms
INF 2026-08-23T08:27:22.632Z > 200 GET /api/v1/ 111.38ms
INF 2026-08-23T08:27:22.632Z > 200 GET /api/v1/ 111.81ms
INF 2026-08-23T08:27:22.632Z > 200 GET /api/v1/ 95.96ms
INF 2026-08-23T08:27:22.633Z > 200 GET /api/v1/ 49.68ms
INF 2026-08-23T08:27:22.634Z > 200 GET /api/v1/ 52.63ms
INF 2026-08-23T08:27:22.634Z > 200 GET /api/v1/ 51.53ms
INF 2026-08-23T08:27:22.634Z > 200 GET /api/v1/ 52.45ms
INF 2026-08-23T08:27:22.635Z > 200 GET /api/v1/ 53.48ms
INF 2026-08-23T08:27:22.635Z > 200 GET /api/v1/ 55.0ms
INF 2026-08-23T08:27:22.637Z > 200 GET /api/v1/ 58.47ms
INF 2026-08-23T08:27:22.638Z > 200 GET /api/v1/ 59.48ms
INF 2026-08-23T08:27:22.638Z > 200 GET /api/v1/ 62.83ms
INF 2026-08-23T08:27:22.638Z > 200 GET /api/v1/ 62.86ms
INF 2026-08-23T08:27:22.642Z > 200 GET /api/v1/ 54.3ms
INF 2026-08-23T08:27:22.645Z > 200 GET /api/v1/ 74.19ms
INF 2026-08-23T08:27:22.645Z > 200 GET /api/v1/ 75.11ms
INF 2026-08-23T08:27:22.646Z > 200 GET /api/v1/ 60.88ms
INF 2026-08-23T08:27:22.646Z > 200 GET /api/v1/ 62.87ms
INF 2026-08-23T08:27:22.669Z > 200 GET /api/v1/ 57.54ms
INF 2026-08-23T08:27:22.669Z > 200 GET /api/v1/ 89.97ms
INF 2026-08-23T08:27:22.670Z > 200 GET /api/v1/ 90.26ms
INF 2026-08-23T08:27:22.670Z > 200 GET /api/v1/ 95.44ms
INF 2026-08-23T08:27:22.671Z > 200 GET /api/v1/ 97.46ms
INF 2026-08-23T08:27:22.671Z > 200 GET /api/v1/ 97.06ms
INF 2026-08-23T08:27:22.671Z > 200 GET /api/v1/ 97.18ms
INF 2026-08-23T08:27:22.673Z > 200 GET /api/v1/ 86.52ms
INF 2026-08-23T08:27:22.677Z > 200 GET /api/v1/ 76.6ms
INF 2026-08-23T08:27:22.677Z > 200 GET /api/v1/ 76.5ms
INF 2026-08-23T08:27:22.677Z > 200 GET /api/v1/ 77.89ms
INF 2026-08-23T08:27:22.677Z > 200 GET /api/v1/ 61.68ms
INF 2026-08-23T08:27:22.684Z > 200 GET /api/v1/ 57.71ms
INF 2026-08-23T08:27:22.684Z > 200 GET /api/v1/ 74.57ms
INF 2026-08-23T08:27:22.684Z > 200 GET /api/v1/ 59.67ms
INF 2026-08-23T08:27:22.685Z > 200 GET /api/v1/ 74.55ms
INF 2026-08-23T08:27:22.685Z > 200 GET /api/v1/ 73.77ms
INF 2026-08-23T08:27:22.689Z > 200 GET /api/v1/ 54.39ms
INF 2026-08-23T08:27:22.691Z > 200 GET /api/v1/ 73.72ms
INF 2026-08-23T08:27:22.698Z > 200 GET /api/v1/ 71.27ms
INF 2026-08-23T08:27:22.698Z > 200 GET /api/v1/ 71.17ms
INF 2026-08-23T08:27:22.699Z > 200 GET /api/v1/ 65.81ms
INF 2026-08-23T08:27:22.699Z > 200 GET /api/v1/ 74.39ms
INF 2026-08-23T08:27:22.700Z > 200 GET /api/v1/ 90.88ms
INF 2026-08-23T08:27:22.701Z > 200 GET /api/v1/ 78.46ms
INF 2026-08-23T08:27:22.702Z > 200 GET /api/v1/ 93.32ms
INF 2026-08-23T08:27:22.702Z > 200 GET /api/v1/ 81.49ms
INF 2026-08-23T08:27:22.703Z > 200 GET /api/v1/ 83.65ms
INF 2026-08-23T08:27:22.705Z > 200 GET /api/v1/ 84.21ms
INF 2026-08-23T08:27:22.706Z > 200 GET /api/v1/ 84.99ms
INF 2026-08-23T08:27:22.706Z > 200 GET /api/v1/ 85.52ms
INF 2026-08-23T08:27:22.706Z > 200 GET /api/v1/ 84.85ms
INF 2026-08-23T08:27:22.708Z > 200 GET /api/v1/ 71.31ms
INF 2026-08-23T08:27:22.711Z > 200 GET /api/v1/ 75.42ms
INF 2026-08-23T08:27:22.713Z > 200 GET /api/v1/ 81.63ms
INF 2026-08-23T08:27:22.713Z > 200 GET /api/v1/ 86.81ms
INF 2026-08-23T08:27:22.714Z > 200 GET /api/v1/ 86.98ms
INF 2026-08-23T08:27:22.715Z > 200 GET /api/v1/ 87.6ms
INF 2026-08-23T08:27:22.717Z > 200 GET /api/v1/ 74.77ms
INF 2026-08-23T08:27:22.718Z > 200 GET /api/v1/ 77.19ms
INF 2026-08-23T08:27:22.721Z > 200 GET /api/v1/ 102.91ms
INF 2026-08-23T08:27:22.721Z > 200 GET /api/v1/ 52.66ms
INF 2026-08-23T08:27:22.721Z > 200 GET /api/v1/ 53.34ms
INF 2026-08-23T08:27:22.723Z > 200 GET /api/v1/ 75.02ms
INF 2026-08-23T08:27:22.723Z > 200 GET /api/v1/ 74.97ms
INF 2026-08-23T08:27:22.725Z > 200 GET /api/v1/ 84.52ms
INF 2026-08-23T08:27:22.726Z > 200 GET /api/v1/ 49.06ms
INF 2026-08-23T08:27:22.728Z > 200 GET /api/v1/ 53.26ms
INF 2026-08-23T08:27:22.728Z > 200 GET /api/v1/ 53.23ms
INF 2026-08-23T08:27:22.728Z > 200 GET /api/v1/ 53.71ms
INF 2026-08-23T08:27:22.729Z > 200 GET /api/v1/ 53.27ms
INF 2026-08-23T08:27:22.729Z > 200 GET /api/v1/ 54.94ms
INF 2026-08-23T08:27:22.729Z > 200 GET /api/v1/ 55.21ms
INF 2026-08-23T08:27:22.731Z > 200 GET /api/v1/ 57.62ms
INF 2026-08-23T08:27:22.732Z > 200 GET /api/v1/ 58.42ms
INF 2026-08-23T08:27:22.732Z > 200 GET /api/v1/ 59.09ms
INF 2026-08-23T08:27:22.732Z > 200 GET /api/v1/ 58.13ms
INF 2026-08-23T08:27:22.732Z > 200 GET /api/v1/ 58.98ms
INF 2026-08-23T08:27:22.733Z > 200 GET /api/v1/ 58.01ms
INF 2026-08-23T08:27:22.733Z > 200 GET /api/v1/ 61.74ms
INF 2026-08-23T08:27:22.734Z > 200 GET /api/v1/ 93.47ms
INF 2026-08-23T08:27:22.734Z > 200 GET /api/v1/ 94.86ms
INF 2026-08-23T08:27:22.734Z > 200 GET /api/v1/ 94.49ms
INF 2026-08-23T08:27:22.735Z > 200 GET /api/v1/ 49.57ms
INF 2026-08-23T08:27:22.736Z > 200 GET /api/v1/ 48.81ms
INF 2026-08-23T08:27:22.736Z > 200 GET /api/v1/ 52.6ms
INF 2026-08-23T08:27:22.736Z > 200 GET /api/v1/ 53.47ms
INF 2026-08-23T08:27:22.736Z > 200 GET /api/v1/ 52.96ms
INF 2026-08-23T08:27:22.737Z > 200 GET /api/v1/ 56.67ms
INF 2026-08-23T08:27:22.737Z > 200 GET /api/v1/ 54.17ms
INF 2026-08-23T08:27:22.738Z > 200 GET /api/v1/ 55.29ms
INF 2026-08-23T08:27:22.738Z > 200 GET /api/v1/ 54.74ms
INF 2026-08-23T08:27:22.738Z > 200 GET /api/v1/ 58.04ms
INF 2026-08-23T08:27:22.739Z > 200 GET /api/v1/ 58.23ms
INF 2026-08-23T08:27:22.739Z > 200 GET /api/v1/ 58.19ms
INF 2026-08-23T08:27:22.739Z > 200 GET /api/v1/ 57.58ms
INF 2026-08-23T08:27:22.739Z > 200 GET /api/v1/ 59.88ms
INF 2026-08-23T08:27:22.741Z > 200 GET /api/v1/ 62.0ms
INF 2026-08-23T08:27:22.742Z > 200 GET /api/v1/ 62.85ms
INF 2026-08-23T08:27:22.742Z > 200 GET /api/v1/ 95.08ms
INF 2026-08-23T08:27:22.742Z > 200 GET /api/v1/ 64.25ms
INF 2026-08-23T08:27:22.743Z > 200 GET /api/v1/ 66.99ms
INF 2026-08-23T08:27:22.743Z > 200 GET /api/v1/ 67.5ms
INF 2026-08-23T08:27:22.765Z > 200 GET /api/v1/ 89.08ms
INF 2026-08-23T08:27:22.765Z > 200 GET /api/v1/ 87.96ms
INF 2026-08-23T08:27:22.766Z > 200 GET /api/v1/ 76.95ms
INF 2026-08-23T08:27:22.766Z > 200 GET /api/v1/ 77.48ms
INF 2026-08-23T08:27:22.767Z > 200 GET /api/v1/ 79.01ms
INF 2026-08-23T08:27:22.769Z > 200 GET /api/v1/ 63.04ms
INF 2026-08-23T08:27:22.769Z > 200 GET /api/v1/ 82.36ms
INF 2026-08-23T08:27:22.771Z > 200 GET /api/v1/ 92.83ms
INF 2026-08-23T08:27:22.772Z > 200 GET /api/v1/ 96.63ms
INF 2026-08-23T08:27:22.776Z > 200 GET /api/v1/ 85.51ms
INF 2026-08-23T08:27:22.777Z > 200 GET /api/v1/ 82.2ms
INF 2026-08-23T08:27:22.777Z > 200 GET /api/v1/ 53.6ms
INF 2026-08-23T08:27:22.781Z > 200 GET /api/v1/ 94.34ms
INF 2026-08-23T08:27:22.785Z > 200 GET /api/v1/ 69.42ms
INF 2026-08-23T08:27:22.785Z > 200 GET /api/v1/ 69.08ms
INF 2026-08-23T08:27:22.785Z > 200 GET /api/v1/ 56.46ms
INF 2026-08-23T08:27:22.786Z > 200 GET /api/v1/ 69.74ms
INF 2026-08-23T08:27:22.787Z > 200 GET /api/v1/ 60.88ms
INF 2026-08-23T08:27:22.789Z > 200 GET /api/v1/ 114.16ms
INF 2026-08-23T08:27:22.790Z > 200 GET /api/v1/ 111.92ms
INF 2026-08-23T08:27:22.791Z > 200 GET /api/v1/ 97.27ms
INF 2026-08-23T08:27:22.792Z > 200 GET /api/v1/ 79.3ms
INF 2026-08-23T08:27:22.793Z > 200 GET /api/v1/ 68.32ms
INF 2026-08-23T08:27:22.796Z > 200 GET /api/v1/ 72.04ms
INF 2026-08-23T08:27:22.796Z > 200 GET /api/v1/ 72.0ms
INF 2026-08-23T08:27:22.799Z > 200 GET /api/v1/ 79.84ms
INF 2026-08-23T08:27:22.799Z > 200 GET /api/v1/ 81.63ms
INF 2026-08-23T08:27:22.800Z > 200 GET /api/v1/ 112.79ms
INF 2026-08-23T08:27:22.800Z > 200 GET /api/v1/ 113.55ms
INF 2026-08-23T08:27:22.801Z > 200 GET /api/v1/ 34.21ms
INF 2026-08-23T08:27:22.803Z > 200 GET /api/v1/ 89.6ms
INF 2026-08-23T08:27:22.804Z > 200 GET /api/v1/ 74.32ms
INF 2026-08-23T08:27:22.807Z > 200 GET /api/v1/ 66.59ms
INF 2026-08-23T08:27:22.807Z > 200 GET /api/v1/ 67.73ms
INF 2026-08-23T08:27:22.809Z > 200 GET /api/v1/ 45.48ms
INF 2026-08-23T08:27:22.812Z > 200 GET /api/v1/ 81.05ms
INF 2026-08-23T08:27:22.812Z > 200 GET /api/v1/ 81.67ms
INF 2026-08-23T08:27:22.812Z > 200 GET /api/v1/ 81.33ms
INF 2026-08-23T08:27:22.813Z > 200 GET /api/v1/ 44.79ms
INF 2026-08-23T08:27:22.813Z > 200 GET /api/v1/ 45.74ms
INF 2026-08-23T08:27:22.813Z > 200 GET /api/v1/ 51.8ms
INF 2026-08-23T08:27:22.814Z > 200 GET /api/v1/ 46.34ms
INF 2026-08-23T08:27:22.815Z > 200 GET /api/v1/ 49.98ms
INF 2026-08-23T08:27:22.815Z > 200 GET /api/v1/ 50.99ms
INF 2026-08-23T08:27:22.817Z > 200 GET /api/v1/ 52.51ms
INF 2026-08-23T08:27:22.820Z > 200 GET /api/v1/ 47.83ms
INF 2026-08-23T08:27:22.821Z > 200 GET /api/v1/ 33.67ms
INF 2026-08-23T08:27:22.822Z > 200 GET /api/v1/ 50.81ms
INF 2026-08-23T08:27:22.822Z > 200 GET /api/v1/ 36.22ms
INF 2026-08-23T08:27:22.822Z > 200 GET /api/v1/ 52.44ms
INF 2026-08-23T08:27:22.825Z > 200 GET /api/v1/ 58.68ms
INF 2026-08-23T08:27:22.825Z > 200 GET /api/v1/ 46.84ms
INF 2026-08-23T08:27:22.825Z > 200 GET /api/v1/ 50.87ms
INF 2026-08-23T08:27:22.826Z > 200 GET /api/v1/ 46.88ms
INF 2026-08-23T08:27:22.826Z > 200 GET /api/v1/ 51.41ms
INF 2026-08-23T08:27:22.826Z > 200 GET /api/v1/ 47.93ms
INF 2026-08-23T08:27:22.827Z > 200 GET /api/v1/ 52.91ms
INF 2026-08-23T08:27:22.827Z > 200 GET /api/v1/ 31.41ms
INF 2026-08-23T08:27:22.827Z > 200 GET /api/v1/ 51.81ms
INF 2026-08-23T08:27:22.827Z > 200 GET /api/v1/ 64.27ms
INF 2026-08-23T08:27:22.828Z > 200 GET /api/v1/ 64.39ms
INF 2026-08-23T08:27:22.828Z > 200 GET /api/v1/ 65.4ms
INF 2026-08-23T08:27:22.828Z > 200 GET /api/v1/ 53.4ms
INF 2026-08-23T08:27:22.829Z > 200 GET /api/v1/ 65.68ms
INF 2026-08-23T08:27:22.829Z > 200 GET /api/v1/ 54.57ms
INF 2026-08-23T08:27:22.829Z > 200 GET /api/v1/ 65.91ms
INF 2026-08-23T08:27:22.830Z > 200 GET /api/v1/ 66.85ms
INF 2026-08-23T08:27:22.830Z > 200 GET /api/v1/ 67.9ms
INF 2026-08-23T08:27:22.831Z > 200 GET /api/v1/ 68.54ms
INF 2026-08-23T08:27:22.832Z > 200 GET /api/v1/ 69.95ms
INF 2026-08-23T08:27:22.832Z > 200 GET /api/v1/ 59.66ms
INF 2026-08-23T08:27:22.833Z > 200 GET /api/v1/ 60.44ms
INF 2026-08-23T08:27:22.833Z > 200 GET /api/v1/ 60.38ms
INF 2026-08-23T08:27:22.833Z > 200 GET /api/v1/ 50.28ms
INF 2026-08-23T08:27:22.835Z > 200 GET /api/v1/ 52.81ms
INF 2026-08-23T08:27:22.836Z > 200 GET /api/v1/ 54.25ms
INF 2026-08-23T08:27:22.852Z > 200 GET /api/v1/ 70.27ms
INF 2026-08-23T08:27:22.852Z > 200 GET /api/v1/ 70.77ms
INF 2026-08-23T08:27:22.858Z > 200 GET /api/v1/ 70.5ms
INF 2026-08-23T08:27:22.858Z > 200 GET /api/v1/ 70.52ms
INF 2026-08-23T08:27:22.858Z > 200 GET /api/v1/ 72.5ms
INF 2026-08-23T08:27:22.859Z > 200 GET /api/v1/ 71.87ms
INF 2026-08-23T08:27:22.859Z > 200 GET /api/v1/ 73.17ms
INF 2026-08-23T08:27:22.859Z > 200 GET /api/v1/ 72.52ms
INF 2026-08-23T08:27:22.859Z > 200 GET /api/v1/ 97.24ms
INF 2026-08-23T08:27:22.860Z > 200 GET /api/v1/ 70.16ms
INF 2026-08-23T08:27:22.860Z > 200 GET /api/v1/ 96.63ms
INF 2026-08-23T08:27:22.860Z > 200 GET /api/v1/ 74.15ms
INF 2026-08-23T08:27:22.861Z > 200 GET /api/v1/ 76.19ms
INF 2026-08-23T08:27:22.861Z > 200 GET /api/v1/ 98.89ms
INF 2026-08-23T08:27:22.864Z > 200 GET /api/v1/ 86.58ms
INF 2026-08-23T08:27:22.865Z > 200 GET /api/v1/ 85.44ms
INF 2026-08-23T08:27:22.865Z > 200 GET /api/v1/ 85.55ms
INF 2026-08-23T08:27:22.865Z > 200 GET /api/v1/ 68.47ms
INF 2026-08-23T08:27:22.866Z > 200 GET /api/v1/ 69.63ms
INF 2026-08-23T08:27:22.866Z > 200 GET /api/v1/ 69.6ms
INF 2026-08-23T08:27:22.869Z > 200 GET /api/v1/ 60.69ms
INF 2026-08-23T08:27:22.869Z > 200 GET /api/v1/ 61.81ms
INF 2026-08-23T08:27:22.871Z > 200 GET /api/v1/ 62.12ms
INF 2026-08-23T08:27:22.871Z > 200 GET /api/v1/ 87.41ms
INF 2026-08-23T08:27:22.872Z > 200 GET /api/v1/ 89.19ms
INF 2026-08-23T08:27:22.872Z > 200 GET /api/v1/ 43.39ms
INF 2026-08-23T08:27:22.872Z > 200 GET /api/v1/ 56.82ms
INF 2026-08-23T08:27:22.874Z > 200 GET /api/v1/ 58.31ms
INF 2026-08-23T08:27:22.878Z > 200 GET /api/v1/ 81.02ms
INF 2026-08-23T08:27:22.879Z > 200 GET /api/v1/ 80.8ms
INF 2026-08-23T08:27:22.879Z > 200 GET /api/v1/ 26.66ms
INF 2026-08-23T08:27:22.881Z > 200 GET /api/v1/ 60.89ms
INF 2026-08-23T08:27:22.882Z > 200 GET /api/v1/ 57.71ms
INF 2026-08-23T08:27:22.882Z > 200 GET /api/v1/ 58.54ms
INF 2026-08-23T08:27:22.882Z > 200 GET /api/v1/ 62.12ms
INF 2026-08-23T08:27:22.884Z > 200 GET /api/v1/ 64.07ms
INF 2026-08-23T08:27:22.885Z > 200 GET /api/v1/ 52.99ms
INF 2026-08-23T08:27:22.886Z > 200 GET /api/v1/ 68.13ms
INF 2026-08-23T08:27:22.886Z > 200 GET /api/v1/ 68.06ms
INF 2026-08-23T08:27:22.894Z > 200 GET /api/v1/ 34.84ms
INF 2026-08-23T08:27:22.895Z > 200 GET /api/v1/ 37.66ms
INF 2026-08-23T08:27:22.895Z > 200 GET /api/v1/ 36.68ms
INF 2026-08-23T08:27:22.896Z > 200 GET /api/v1/ 27.11ms
INF 2026-08-23T08:27:22.896Z > 200 GET /api/v1/ 40.19ms
INF 2026-08-23T08:27:22.897Z > 200 GET /api/v1/ 40.67ms
INF 2026-08-23T08:27:22.897Z > 200 GET /api/v1/ 41.64ms
INF 2026-08-23T08:27:22.898Z > 200 GET /api/v1/ 41.27ms
INF 2026-08-23T08:27:22.898Z > 200 GET /api/v1/ 41.75ms
INF 2026-08-23T08:27:22.899Z > 200 GET /api/v1/ 42.6ms
INF 2026-08-23T08:27:22.899Z > 200 GET /api/v1/ 42.36ms
INF 2026-08-23T08:27:22.901Z > 200 GET /api/v1/ 66.65ms
INF 2026-08-23T08:27:22.901Z > 200 GET /api/v1/ 46.16ms
INF 2026-08-23T08:27:22.902Z > 200 GET /api/v1/ 67.39ms
INF 2026-08-23T08:27:22.902Z > 200 GET /api/v1/ 49.64ms
INF 2026-08-23T08:27:22.903Z > 200 GET /api/v1/ 48.27ms
INF 2026-08-23T08:27:22.903Z > 200 GET /api/v1/ 67.97ms
INF 2026-08-23T08:27:22.906Z > 200 GET /api/v1/ 52.56ms
INF 2026-08-23T08:27:22.906Z > 200 GET /api/v1/ 53.19ms
INF 2026-08-23T08:27:22.908Z > 200 GET /api/v1/ 54.27ms
INF 2026-08-23T08:27:22.909Z > 200 GET /api/v1/ 36.59ms
INF 2026-08-23T08:27:22.910Z > 200 GET /api/v1/ 54.21ms
INF 2026-08-23T08:27:22.910Z > 200 GET /api/v1/ 42.27ms
INF 2026-08-23T08:27:22.911Z > 200 GET /api/v1/ 56.38ms
INF 2026-08-23T08:27:22.913Z > 200 GET /api/v1/ 56.97ms
INF 2026-08-23T08:27:22.914Z > 200 GET /api/v1/ 59.08ms
INF 2026-08-23T08:27:22.914Z > 200 GET /api/v1/ 59.39ms
INF 2026-08-23T08:27:22.914Z > 200 GET /api/v1/ 59.68ms
INF 2026-08-23T08:27:22.915Z > 200 GET /api/v1/ 60.54ms
INF 2026-08-23T08:27:22.915Z > 200 GET /api/v1/ 51.92ms
INF 2026-08-23T08:27:22.916Z > 200 GET /api/v1/ 53.27ms
INF 2026-08-23T08:27:22.918Z > 200 GET /api/v1/ 56.29ms
INF 2026-08-23T08:27:22.918Z > 200 GET /api/v1/ 45.88ms
INF 2026-08-23T08:27:22.919Z > 200 GET /api/v1/ 55.64ms
INF 2026-08-23T08:27:22.922Z > 200 GET /api/v1/ 35.85ms
INF 2026-08-23T08:27:22.924Z > 200 GET /api/v1/ 54.37ms
INF 2026-08-23T08:27:22.924Z > 200 GET /api/v1/ 54.02ms
INF 2026-08-23T08:27:22.925Z > 200 GET /api/v1/ 55.56ms
INF 2026-08-23T08:27:22.926Z > 200 GET /api/v1/ 49.72ms
INF 2026-08-23T08:27:22.926Z > 200 GET /api/v1/ 51.01ms
INF 2026-08-23T08:27:22.927Z > 200 GET /api/v1/ 49.14ms
INF 2026-08-23T08:27:22.944Z > 200 GET /api/v1/ 68.74ms
INF 2026-08-23T08:27:22.945Z > 200 GET /api/v1/ 68.89ms
INF 2026-08-23T08:27:22.946Z > 200 GET /api/v1/ 71.06ms
INF 2026-08-23T08:27:22.946Z > 200 GET /api/v1/ 71.7ms
INF 2026-08-23T08:27:22.947Z > 200 GET /api/v1/ 71.9ms
INF 2026-08-23T08:27:22.948Z > 200 GET /api/v1/ 73.26ms
INF 2026-08-23T08:27:22.950Z > 200 GET /api/v1/ 69.41ms
INF 2026-08-23T08:27:22.951Z > 200 GET /api/v1/ 52.46ms
INF 2026-08-23T08:27:22.955Z > 200 GET /api/v1/ 70.38ms
INF 2026-08-23T08:27:22.955Z > 200 GET /api/v1/ 71.94ms
INF 2026-08-23T08:27:22.955Z > 200 GET /api/v1/ 72.05ms
INF 2026-08-23T08:27:22.957Z > 200 GET /api/v1/ 72.54ms
INF 2026-08-23T08:27:22.957Z > 200 GET /api/v1/ 74.15ms
INF 2026-08-23T08:27:22.957Z > 200 GET /api/v1/ 80.38ms
INF 2026-08-23T08:27:22.958Z > 200 GET /api/v1/ 80.22ms
INF 2026-08-23T08:27:22.958Z > 200 GET /api/v1/ 80.6ms
INF 2026-08-23T08:27:22.958Z > 200 GET /api/v1/ 81.12ms
INF 2026-08-23T08:27:22.962Z > 200 GET /api/v1/ 81.9ms
INF 2026-08-23T08:27:22.964Z > 200 GET /api/v1/ 90.77ms
INF 2026-08-23T08:27:22.965Z > 200 GET /api/v1/ 91.07ms
INF 2026-08-23T08:27:22.966Z > 200 GET /api/v1/ 67.25ms
INF 2026-08-23T08:27:22.974Z > 200 GET /api/v1/ 97.9ms
INF 2026-08-23T08:27:22.975Z > 200 GET /api/v1/ 67.5ms
INF 2026-08-23T08:27:22.975Z > 200 GET /api/v1/ 68.41ms
INF 2026-08-23T08:27:22.976Z > 200 GET /api/v1/ 68.24ms
INF 2026-08-23T08:27:22.977Z > 200 GET /api/v1/ 69.49ms
INF 2026-08-23T08:27:22.977Z > 200 GET /api/v1/ 71.72ms
INF 2026-08-23T08:27:22.978Z > 200 GET /api/v1/ 72.67ms
INF 2026-08-23T08:27:22.978Z > 200 GET /api/v1/ 73.72ms
INF 2026-08-23T08:27:22.979Z > 200 GET /api/v1/ 72.47ms
INF 2026-08-23T08:27:22.979Z > 200 GET /api/v1/ 71.99ms
INF 2026-08-23T08:27:22.980Z > 200 GET /api/v1/ 74.78ms
INF 2026-08-23T08:27:22.984Z > 200 GET /api/v1/ 69.81ms
INF 2026-08-23T08:27:22.984Z > 200 GET /api/v1/ 71.37ms
INF 2026-08-23T08:27:22.984Z > 200 GET /api/v1/ 39.85ms
INF 2026-08-23T08:27:22.985Z > 200 GET /api/v1/ 71.78ms
INF 2026-08-23T08:27:22.985Z > 200 GET /api/v1/ 71.97ms
INF 2026-08-23T08:27:22.986Z > 200 GET /api/v1/ 74.13ms
INF 2026-08-23T08:27:22.992Z > 200 GET /api/v1/ 72.96ms
INF 2026-08-23T08:27:22.992Z > 200 GET /api/v1/ 75.93ms
INF 2026-08-23T08:27:22.992Z > 200 GET /api/v1/ 75.47ms
INF 2026-08-23T08:27:22.993Z > 200 GET /api/v1/ 75.46ms
INF 2026-08-23T08:27:22.993Z > 200 GET /api/v1/ 89.08ms
INF 2026-08-23T08:27:22.994Z > 200 GET /api/v1/ 76.92ms
INF 2026-08-23T08:27:22.996Z > 200 GET /api/v1/ 73.07ms
INF 2026-08-23T08:27:22.998Z > 200 GET /api/v1/ 39.55ms
INF 2026-08-23T08:27:22.998Z > 200 GET /api/v1/ 75.77ms
INF 2026-08-23T08:27:22.999Z > 200 GET /api/v1/ 78.34ms
INF 2026-08-23T08:27:23.000Z > 200 GET /api/v1/ 46.85ms
INF 2026-08-23T08:27:23.001Z > 200 GET /api/v1/ 47.04ms
INF 2026-08-23T08:27:23.001Z > 200 GET /api/v1/ 46.63ms
INF 2026-08-23T08:27:23.002Z > 200 GET /api/v1/ 47.64ms
INF 2026-08-23T08:27:23.002Z > 200 GET /api/v1/ 52.68ms
INF 2026-08-23T08:27:23.002Z > 200 GET /api/v1/ 49.01ms
INF 2026-08-23T08:27:23.003Z > 200 GET /api/v1/ 48.38ms
INF 2026-08-23T08:27:23.003Z > 200 GET /api/v1/ 51.33ms
INF 2026-08-23T08:27:23.003Z > 200 GET /api/v1/ 51.4ms
INF 2026-08-23T08:27:23.005Z > 200 GET /api/v1/ 52.5ms
INF 2026-08-23T08:27:23.005Z > 200 GET /api/v1/ 50.72ms
INF 2026-08-23T08:27:23.005Z > 200 GET /api/v1/ 52.0ms
INF 2026-08-23T08:27:23.005Z > 200 GET /api/v1/ 51.61ms
INF 2026-08-23T08:27:23.006Z > 200 GET /api/v1/ 54.91ms
INF 2026-08-23T08:27:23.006Z > 200 GET /api/v1/ 52.55ms
INF 2026-08-23T08:27:23.006Z > 200 GET /api/v1/ 53.64ms
INF 2026-08-23T08:27:23.007Z > 200 GET /api/v1/ 56.48ms
INF 2026-08-23T08:27:23.007Z > 200 GET /api/v1/ 42.57ms
INF 2026-08-23T08:27:23.008Z > 200 GET /api/v1/ 93.88ms
INF 2026-08-23T08:27:23.009Z > 200 GET /api/v1/ 64.39ms
INF 2026-08-23T08:27:23.009Z > 200 GET /api/v1/ 49.37ms
INF 2026-08-23T08:27:23.010Z > 200 GET /api/v1/ 50.3ms
INF 2026-08-23T08:27:23.012Z > 200 GET /api/v1/ 52.23ms
INF 2026-08-23T08:27:23.012Z > 200 GET /api/v1/ 52.83ms
INF 2026-08-23T08:27:23.012Z > 200 GET /api/v1/ 52.49ms
INF 2026-08-23T08:27:23.012Z > 200 GET /api/v1/ 89.55ms
INF 2026-08-23T08:27:23.013Z > 200 GET /api/v1/ 88.19ms
INF 2026-08-23T08:27:23.013Z > 200 GET /api/v1/ 89.82ms
INF 2026-08-23T08:27:23.013Z > 200 GET /api/v1/ 89.89ms
INF 2026-08-23T08:27:23.013Z > 200 GET /api/v1/ 57.4ms
INF 2026-08-23T08:27:23.015Z > 200 GET /api/v1/ 60.65ms
INF 2026-08-23T08:27:23.015Z > 200 GET /api/v1/ 108.16ms
INF 2026-08-23T08:27:23.015Z > 200 GET /api/v1/ 64.07ms
INF 2026-08-23T08:27:23.016Z > 200 GET /api/v1/ 63.25ms
INF 2026-08-23T08:27:23.016Z > 200 GET /api/v1/ 63.01ms
INF 2026-08-23T08:27:23.018Z > 200 GET /api/v1/ 54.55ms
INF 2026-08-23T08:27:23.035Z > 200 GET /api/v1/ 71.08ms
INF 2026-08-23T08:27:23.035Z > 200 GET /api/v1/ 72.5ms
INF 2026-08-23T08:27:23.039Z > 200 GET /api/v1/ 77.24ms
INF 2026-08-23T08:27:23.039Z > 200 GET /api/v1/ 66.0ms
INF 2026-08-23T08:27:23.039Z > 200 GET /api/v1/ 66.82ms
INF 2026-08-23T08:27:23.040Z > 200 GET /api/v1/ 70.97ms
INF 2026-08-23T08:27:23.041Z > 200 GET /api/v1/ 87.67ms
INF 2026-08-23T08:27:23.042Z > 200 GET /api/v1/ 75.46ms
INF 2026-08-23T08:27:23.043Z > 200 GET /api/v1/ 78.08ms
INF 2026-08-23T08:27:23.043Z > 200 GET /api/v1/ 61.43ms
INF 2026-08-23T08:27:23.043Z > 200 GET /api/v1/ 62.0ms
INF 2026-08-23T08:27:23.044Z > 200 GET /api/v1/ 62.67ms
INF 2026-08-23T08:27:23.044Z > 200 GET /api/v1/ 61.3ms
INF 2026-08-23T08:27:23.045Z > 200 GET /api/v1/ 84.5ms
INF 2026-08-23T08:27:23.046Z > 200 GET /api/v1/ 101.23ms
INF 2026-08-23T08:27:23.049Z > 200 GET /api/v1/ 57.75ms
INF 2026-08-23T08:27:23.049Z > 200 GET /api/v1/ 59.13ms
INF 2026-08-23T08:27:23.050Z > 200 GET /api/v1/ 59.83ms
INF 2026-08-23T08:27:23.050Z > 200 GET /api/v1/ 61.76ms
INF 2026-08-23T08:27:23.051Z > 200 GET /api/v1/ 52.66ms
INF 2026-08-23T08:27:23.051Z > 200 GET /api/v1/ 98.63ms
INF 2026-08-23T08:27:23.055Z > 200 GET /api/v1/ 59.18ms
INF 2026-08-23T08:27:23.055Z > 200 GET /api/v1/ 60.45ms
INF 2026-08-23T08:27:23.062Z > 200 GET /api/v1/ 69.58ms
INF 2026-08-23T08:27:23.062Z > 200 GET /api/v1/ 58.18ms
INF 2026-08-23T08:27:23.063Z > 200 GET /api/v1/ 63.87ms
INF 2026-08-23T08:27:23.063Z > 200 GET /api/v1/ 59.27ms
INF 2026-08-23T08:27:23.063Z > 200 GET /api/v1/ 63.85ms
INF 2026-08-23T08:27:23.064Z > 200 GET /api/v1/ 59.47ms
INF 2026-08-23T08:27:23.065Z > 200 GET /api/v1/ 66.15ms
INF 2026-08-23T08:27:23.072Z > 200 GET /api/v1/ 32.96ms
INF 2026-08-23T08:27:23.078Z > 200 GET /api/v1/ 34.46ms
INF 2026-08-23T08:27:23.079Z > 200 GET /api/v1/ 65.61ms
INF 2026-08-23T08:27:23.080Z > 200 GET /api/v1/ 65.88ms
INF 2026-08-23T08:27:23.081Z > 200 GET /api/v1/ 66.92ms
INF 2026-08-23T08:27:23.082Z > 200 GET /api/v1/ 72.61ms
INF 2026-08-23T08:27:23.083Z > 200 GET /api/v1/ 74.37ms
INF 2026-08-23T08:27:23.083Z > 200 GET /api/v1/ 42.83ms
INF 2026-08-23T08:27:23.084Z > 200 GET /api/v1/ 44.49ms
INF 2026-08-23T08:27:23.084Z > 200 GET /api/v1/ 46.34ms
INF 2026-08-23T08:27:23.085Z > 200 GET /api/v1/ 43.81ms
INF 2026-08-23T08:27:23.085Z > 200 GET /api/v1/ 47.25ms
INF 2026-08-23T08:27:23.086Z > 200 GET /api/v1/ 45.05ms
INF 2026-08-23T08:27:23.086Z > 200 GET /api/v1/ 48.49ms
INF 2026-08-23T08:27:23.087Z > 200 GET /api/v1/ 49.34ms
INF 2026-08-23T08:27:23.093Z > 200 GET /api/v1/ 48.83ms
INF 2026-08-23T08:27:23.094Z > 200 GET /api/v1/ 51.64ms
INF 2026-08-23T08:27:23.094Z > 200 GET /api/v1/ 52.14ms
INF 2026-08-23T08:27:23.094Z > 200 GET /api/v1/ 52.65ms
INF 2026-08-23T08:27:23.099Z > 200 GET /api/v1/ 90.28ms
INF 2026-08-23T08:27:23.099Z > 200 GET /api/v1/ 88.57ms
INF 2026-08-23T08:27:23.101Z > 200 GET /api/v1/ 51.55ms
INF 2026-08-23T08:27:23.102Z > 200 GET /api/v1/ 55.19ms
INF 2026-08-23T08:27:23.103Z > 200 GET /api/v1/ 54.72ms
INF 2026-08-23T08:27:23.103Z > 200 GET /api/v1/ 55.27ms
INF 2026-08-23T08:27:23.103Z > 200 GET /api/v1/ 66.13ms
INF 2026-08-23T08:27:23.103Z > 200 GET /api/v1/ 67.12ms
INF 2026-08-23T08:27:23.104Z > 200 GET /api/v1/ 66.48ms
INF 2026-08-23T08:27:23.104Z > 200 GET /api/v1/ 68.49ms
INF 2026-08-23T08:27:23.105Z > 200 GET /api/v1/ 68.77ms
INF 2026-08-23T08:27:23.105Z > 200 GET /api/v1/ 70.17ms
INF 2026-08-23T08:27:23.106Z > 200 GET /api/v1/ 64.77ms
INF 2026-08-23T08:27:23.106Z > 200 GET /api/v1/ 69.67ms
INF 2026-08-23T08:27:23.109Z > 200 GET /api/v1/ 72.99ms
INF 2026-08-23T08:27:23.110Z > 200 GET /api/v1/ 56.48ms
INF 2026-08-23T08:27:23.112Z > 200 GET /api/v1/ 58.26ms
INF 2026-08-23T08:27:23.113Z > 200 GET /api/v1/ 61.27ms
INF 2026-08-23T08:27:23.116Z > 200 GET /api/v1/ 63.98ms
INF 2026-08-23T08:27:23.116Z > 200 GET /api/v1/ 66.45ms
INF 2026-08-23T08:27:23.117Z > 200 GET /api/v1/ 56.45ms
INF 2026-08-23T08:27:23.118Z > 200 GET /api/v1/ 57.7ms
INF 2026-08-23T08:27:23.138Z > 200 GET /api/v1/ 77.4ms
INF 2026-08-23T08:27:23.138Z > 200 GET /api/v1/ 79.1ms
INF 2026-08-23T08:27:23.139Z > 200 GET /api/v1/ 83.84ms
INF 2026-08-23T08:27:23.140Z > 200 GET /api/v1/ 83.93ms
INF 2026-08-23T08:27:23.140Z > 200 GET /api/v1/ 83.81ms
INF 2026-08-23T08:27:23.141Z > 200 GET /api/v1/ 82.12ms
INF 2026-08-23T08:27:23.141Z > 200 GET /api/v1/ 84.82ms
INF 2026-08-23T08:27:23.142Z > 200 GET /api/v1/ 86.99ms
INF 2026-08-23T08:27:23.142Z > 200 GET /api/v1/ 84.49ms
INF 2026-08-23T08:27:23.142Z > 200 GET /api/v1/ 84.11ms
INF 2026-08-23T08:27:23.142Z > 200 GET /api/v1/ 106.12ms
INF 2026-08-23T08:27:23.143Z > 200 GET /api/v1/ 88.79ms
INF 2026-08-23T08:27:23.144Z > 200 GET /api/v1/ 106.35ms
INF 2026-08-23T08:27:23.145Z > 200 GET /api/v1/ 60.53ms
INF 2026-08-23T08:27:23.149Z > 200 GET /api/v1/ 66.23ms
INF 2026-08-23T08:27:23.149Z > 200 GET /api/v1/ 96.97ms
INF 2026-08-23T08:27:23.149Z > 200 GET /api/v1/ 96.75ms
INF 2026-08-23T08:27:23.150Z > 200 GET /api/v1/ 82.41ms
INF 2026-08-23T08:27:23.150Z > 200 GET /api/v1/ 83.73ms
INF 2026-08-23T08:27:23.150Z > 200 GET /api/v1/ 82.59ms
INF 2026-08-23T08:27:23.150Z > 200 GET /api/v1/ 82.58ms
INF 2026-08-23T08:27:23.151Z > 200 GET /api/v1/ 82.63ms
INF 2026-08-23T08:27:23.151Z > 200 GET /api/v1/ 84.5ms
INF 2026-08-23T08:27:23.152Z > 200 GET /api/v1/ 85.22ms
INF 2026-08-23T08:27:23.153Z > 200 GET /api/v1/ 88.8ms
INF 2026-08-23T08:27:23.157Z > 200 GET /api/v1/ 62.44ms
INF 2026-08-23T08:27:23.158Z > 200 GET /api/v1/ 84.31ms
INF 2026-08-23T08:27:23.159Z > 200 GET /api/v1/ 122.03ms
INF 2026-08-23T08:27:23.159Z > 200 GET /api/v1/ 122.38ms
INF 2026-08-23T08:27:23.159Z > 200 GET /api/v1/ 123.43ms
INF 2026-08-23T08:27:23.159Z > 200 GET /api/v1/ 114.65ms
INF 2026-08-23T08:27:23.160Z > 200 GET /api/v1/ 105.41ms
INF 2026-08-23T08:27:23.161Z > 200 GET /api/v1/ 72.22ms
INF 2026-08-23T08:27:23.162Z > 200 GET /api/v1/ 75.32ms
INF 2026-08-23T08:27:23.162Z > 200 GET /api/v1/ 77.55ms
INF 2026-08-23T08:27:23.169Z > 200 GET /api/v1/ 78.88ms
INF 2026-08-23T08:27:23.170Z > 200 GET /api/v1/ 75.71ms
INF 2026-08-23T08:27:23.171Z > 200 GET /api/v1/ 58.66ms
INF 2026-08-23T08:27:23.172Z > 200 GET /api/v1/ 80.55ms
INF 2026-08-23T08:27:23.172Z > 200 GET /api/v1/ 96.25ms
INF 2026-08-23T08:27:23.176Z > 200 GET /api/v1/ 78.26ms
INF 2026-08-23T08:27:23.176Z > 200 GET /api/v1/ 74.41ms
INF 2026-08-23T08:27:23.176Z > 200 GET /api/v1/ 78.88ms
INF 2026-08-23T08:27:23.177Z > 200 GET /api/v1/ 78.09ms
INF 2026-08-23T08:27:23.177Z > 200 GET /api/v1/ 79.97ms
INF 2026-08-23T08:27:23.177Z > 200 GET /api/v1/ 75.95ms
INF 2026-08-23T08:27:23.178Z > 200 GET /api/v1/ 80.39ms
INF 2026-08-23T08:27:23.181Z > 200 GET /api/v1/ 71.26ms
INF 2026-08-23T08:27:23.183Z > 200 GET /api/v1/ 71.57ms
INF 2026-08-23T08:27:23.183Z > 200 GET /api/v1/ 70.74ms
INF 2026-08-23T08:27:23.183Z > 200 GET /api/v1/ 71.59ms
INF 2026-08-23T08:27:23.184Z > 200 GET /api/v1/ 38.18ms
INF 2026-08-23T08:27:23.184Z > 200 GET /api/v1/ 72.44ms
INF 2026-08-23T08:27:23.184Z > 200 GET /api/v1/ 72.46ms
INF 2026-08-23T08:27:23.185Z > 200 GET /api/v1/ 77.32ms
INF 2026-08-23T08:27:23.185Z > 200 GET /api/v1/ 78.29ms
INF 2026-08-23T08:27:23.186Z > 200 GET /api/v1/ 79.44ms
INF 2026-08-23T08:27:23.186Z > 200 GET /api/v1/ 47.32ms
INF 2026-08-23T08:27:23.191Z > 200 GET /api/v1/ 94.91ms
INF 2026-08-23T08:27:23.193Z > 200 GET /api/v1/ 97.2ms
INF 2026-08-23T08:27:23.193Z > 200 GET /api/v1/ 46.09ms
INF 2026-08-23T08:27:23.193Z > 200 GET /api/v1/ 48.08ms
INF 2026-08-23T08:27:23.194Z > 200 GET /api/v1/ 47.57ms
INF 2026-08-23T08:27:23.194Z > 200 GET /api/v1/ 45.57ms
INF 2026-08-23T08:27:23.194Z > 200 GET /api/v1/ 46.58ms
INF 2026-08-23T08:27:23.195Z > 200 GET /api/v1/ 48.54ms
INF 2026-08-23T08:27:23.195Z > 200 GET /api/v1/ 47.95ms
INF 2026-08-23T08:27:23.196Z > 200 GET /api/v1/ 48.77ms
INF 2026-08-23T08:27:23.196Z > 200 GET /api/v1/ 49.92ms
INF 2026-08-23T08:27:23.196Z > 200 GET /api/v1/ 52.75ms
INF 2026-08-23T08:27:23.197Z > 200 GET /api/v1/ 35.28ms
INF 2026-08-23T08:27:23.198Z > 200 GET /api/v1/ 53.73ms
INF 2026-08-23T08:27:23.198Z > 200 GET /api/v1/ 36.99ms
INF 2026-08-23T08:27:23.198Z > 200 GET /api/v1/ 38.74ms
INF 2026-08-23T08:27:23.199Z > 200 GET /api/v1/ 90.8ms
INF 2026-08-23T08:27:23.199Z > 200 GET /api/v1/ 44.36ms
INF 2026-08-23T08:27:23.199Z > 200 GET /api/v1/ 46.6ms
INF 2026-08-23T08:27:23.201Z > 200 GET /api/v1/ 46.57ms
INF 2026-08-23T08:27:23.202Z > 200 GET /api/v1/ 54.13ms
INF 2026-08-23T08:27:23.203Z > 200 GET /api/v1/ 55.57ms
INF 2026-08-23T08:27:23.204Z > 200 GET /api/v1/ 55.8ms
INF 2026-08-23T08:27:23.205Z > 200 GET /api/v1/ 58.36ms
INF 2026-08-23T08:27:23.206Z > 200 GET /api/v1/ 57.87ms
INF 2026-08-23T08:27:23.206Z > 200 GET /api/v1/ 59.45ms
INF 2026-08-23T08:27:23.209Z > 200 GET /api/v1/ 47.69ms
INF 2026-08-23T08:27:23.209Z > 200 GET /api/v1/ 51.89ms
INF 2026-08-23T08:27:23.209Z > 200 GET /api/v1/ 49.38ms
INF 2026-08-23T08:27:23.210Z > 200 GET /api/v1/ 52.64ms
INF 2026-08-23T08:27:23.210Z > 200 GET /api/v1/ 52.36ms
INF 2026-08-23T08:27:23.210Z > 200 GET /api/v1/ 50.55ms
INF 2026-08-23T08:27:23.211Z > 200 GET /api/v1/ 53.69ms
INF 2026-08-23T08:27:23.213Z > 200 GET /api/v1/ 54.9ms
INF 2026-08-23T08:27:23.213Z > 200 GET /api/v1/ 56.99ms
INF 2026-08-23T08:27:23.213Z > 200 GET /api/v1/ 58.03ms
INF 2026-08-23T08:27:23.234Z > 200 GET /api/v1/ 82.06ms
INF 2026-08-23T08:27:23.234Z > 200 GET /api/v1/ 67.95ms
INF 2026-08-23T08:27:23.235Z > 200 GET /api/v1/ 70.43ms
INF 2026-08-23T08:27:23.236Z > 200 GET /api/v1/ 87.71ms
INF 2026-08-23T08:27:23.237Z > 200 GET /api/v1/ 89.99ms
INF 2026-08-23T08:27:23.243Z > 200 GET /api/v1/ 82.92ms
INF 2026-08-23T08:27:23.245Z > 200 GET /api/v1/ 50.59ms
INF 2026-08-23T08:27:23.245Z > 200 GET /api/v1/ 50.67ms
INF 2026-08-23T08:27:23.250Z > 200 GET /api/v1/ 69.73ms
INF 2026-08-23T08:27:23.250Z > 200 GET /api/v1/ 70.73ms
INF 2026-08-23T08:27:23.253Z > 200 GET /api/v1/ 64.65ms
INF 2026-08-23T08:27:23.254Z > 200 GET /api/v1/ 63.81ms
INF 2026-08-23T08:27:23.254Z > 200 GET /api/v1/ 65.57ms
INF 2026-08-23T08:27:23.255Z > 200 GET /api/v1/ 51.73ms
INF 2026-08-23T08:27:23.255Z > 200 GET /api/v1/ 66.31ms
INF 2026-08-23T08:27:23.256Z > 200 GET /api/v1/ 67.81ms
INF 2026-08-23T08:27:23.257Z > 200 GET /api/v1/ 68.33ms
INF 2026-08-23T08:27:23.257Z > 200 GET /api/v1/ 70.18ms
INF 2026-08-23T08:27:23.257Z > 200 GET /api/v1/ 69.85ms
INF 2026-08-23T08:27:23.257Z > 200 GET /api/v1/ 70.37ms
INF 2026-08-23T08:27:23.258Z > 200 GET /api/v1/ 70.15ms
INF 2026-08-23T08:27:23.265Z > 200 GET /api/v1/ 66.73ms
INF 2026-08-23T08:27:23.266Z > 200 GET /api/v1/ 71.23ms
INF 2026-08-23T08:27:23.266Z > 200 GET /api/v1/ 71.75ms
INF 2026-08-23T08:27:23.270Z > 200 GET /api/v1/ 78.14ms
INF 2026-08-23T08:27:23.277Z > 200 GET /api/v1/ 77.95ms
INF 2026-08-23T08:27:23.283Z > 200 GET /api/v1/ 75.75ms
INF 2026-08-23T08:27:23.283Z > 200 GET /api/v1/ 76.96ms
INF 2026-08-23T08:27:23.284Z > 200 GET /api/v1/ 75.89ms
INF 2026-08-23T08:27:23.284Z > 200 GET /api/v1/ 92.01ms
INF 2026-08-23T08:27:23.285Z > 200 GET /api/v1/ 92.55ms
INF 2026-08-23T08:27:23.287Z > 200 GET /api/v1/ 83.43ms
INF 2026-08-23T08:27:23.287Z > 200 GET /api/v1/ 51.02ms
INF 2026-08-23T08:27:23.287Z > 200 GET /api/v1/ 95.68ms
INF 2026-08-23T08:27:23.288Z > 200 GET /api/v1/ 83.75ms
INF 2026-08-23T08:27:23.291Z > 200 GET /api/v1/ 79.86ms
INF 2026-08-23T08:27:23.291Z > 200 GET /api/v1/ 78.46ms
INF 2026-08-23T08:27:23.292Z > 200 GET /api/v1/ 80.52ms
INF 2026-08-23T08:27:23.292Z > 200 GET /api/v1/ 47.54ms
INF 2026-08-23T08:27:23.293Z > 200 GET /api/v1/ 80.94ms
INF 2026-08-23T08:27:23.293Z > 200 GET /api/v1/ 80.97ms
INF 2026-08-23T08:27:23.294Z > 200 GET /api/v1/ 108.23ms
INF 2026-08-23T08:27:23.295Z > 200 GET /api/v1/ 83.47ms
INF 2026-08-23T08:27:23.295Z > 200 GET /api/v1/ 81.77ms
INF 2026-08-23T08:27:23.296Z > 200 GET /api/v1/ 53.86ms
INF 2026-08-23T08:27:23.296Z > 200 GET /api/v1/ 55.25ms
INF 2026-08-23T08:27:23.297Z > 200 GET /api/v1/ 55.36ms
INF 2026-08-23T08:27:23.297Z > 200 GET /api/v1/ 55.69ms
INF 2026-08-23T08:27:23.297Z > 200 GET /api/v1/ 57.11ms
INF 2026-08-23T08:27:23.297Z > 200 GET /api/v1/ 55.89ms
INF 2026-08-23T08:27:23.298Z > 200 GET /api/v1/ 57.08ms
INF 2026-08-23T08:27:23.298Z > 200 GET /api/v1/ 57.26ms
INF 2026-08-23T08:27:23.298Z > 200 GET /api/v1/ 57.76ms
INF 2026-08-23T08:27:23.298Z > 200 GET /api/v1/ 58.75ms
INF 2026-08-23T08:27:23.299Z > 200 GET /api/v1/ 57.6ms
INF 2026-08-23T08:27:23.299Z > 200 GET /api/v1/ 58.0ms
INF 2026-08-23T08:27:23.299Z > 200 GET /api/v1/ 58.78ms
INF 2026-08-23T08:27:23.299Z > 200 GET /api/v1/ 60.03ms
INF 2026-08-23T08:27:23.300Z > 200 GET /api/v1/ 59.68ms
INF 2026-08-23T08:27:23.300Z > 200 GET /api/v1/ 60.26ms
INF 2026-08-23T08:27:23.300Z > 200 GET /api/v1/ 44.84ms
INF 2026-08-23T08:27:23.300Z > 200 GET /api/v1/ 61.49ms
INF 2026-08-23T08:27:23.301Z > 200 GET /api/v1/ 64.11ms
INF 2026-08-23T08:27:23.302Z > 200 GET /api/v1/ 48.22ms
INF 2026-08-23T08:27:23.303Z > 200 GET /api/v1/ 55.18ms
INF 2026-08-23T08:27:23.303Z > 200 GET /api/v1/ 55.96ms
INF 2026-08-23T08:27:23.303Z > 200 GET /api/v1/ 57.04ms
INF 2026-08-23T08:27:23.304Z > 200 GET /api/v1/ 59.18ms
INF 2026-08-23T08:27:23.306Z > 200 GET /api/v1/ 91.04ms
INF 2026-08-23T08:27:23.307Z > 200 GET /api/v1/ 92.62ms
INF 2026-08-23T08:27:23.307Z > 200 GET /api/v1/ 93.43ms
INF 2026-08-23T08:27:23.309Z > 200 GET /api/v1/ 67.36ms
INF 2026-08-23T08:27:23.309Z > 200 GET /api/v1/ 67.22ms
INF 2026-08-23T08:27:23.309Z > 200 GET /api/v1/ 95.86ms
INF 2026-08-23T08:27:23.310Z > 200 GET /api/v1/ 68.34ms
INF 2026-08-23T08:27:23.310Z > 200 GET /api/v1/ 68.2ms
INF 2026-08-23T08:27:23.327Z > 200 GET /api/v1/ 84.09ms
INF 2026-08-23T08:27:23.327Z > 200 GET /api/v1/ 73.52ms
INF 2026-08-23T08:27:23.329Z > 200 GET /api/v1/ 77.75ms
INF 2026-08-23T08:27:23.330Z > 200 GET /api/v1/ 78.7ms
INF 2026-08-23T08:27:23.330Z > 200 GET /api/v1/ 78.18ms
INF 2026-08-23T08:27:23.330Z > 200 GET /api/v1/ 82.31ms
INF 2026-08-23T08:27:23.331Z > 200 GET /api/v1/ 78.42ms
INF 2026-08-23T08:27:23.331Z > 200 GET /api/v1/ 60.15ms
INF 2026-08-23T08:27:23.331Z > 200 GET /api/v1/ 59.83ms
INF 2026-08-23T08:27:23.332Z > 200 GET /api/v1/ 58.9ms
INF 2026-08-23T08:27:23.333Z > 200 GET /api/v1/ 69.09ms
INF 2026-08-23T08:27:23.333Z > 200 GET /api/v1/ 69.42ms
INF 2026-08-23T08:27:23.334Z > 200 GET /api/v1/ 71.12ms
INF 2026-08-23T08:27:23.334Z > 200 GET /api/v1/ 78.94ms
INF 2026-08-23T08:27:23.334Z > 200 GET /api/v1/ 73.07ms
INF 2026-08-23T08:27:23.335Z > 200 GET /api/v1/ 74.74ms
INF 2026-08-23T08:27:23.337Z > 200 GET /api/v1/ 81.2ms
INF 2026-08-23T08:27:23.337Z > 200 GET /api/v1/ 81.3ms
INF 2026-08-23T08:27:23.341Z > 200 GET /api/v1/ 88.43ms
INF 2026-08-23T08:27:23.341Z > 200 GET /api/v1/ 89.35ms
INF 2026-08-23T08:27:23.342Z > 200 GET /api/v1/ 105.55ms
INF 2026-08-23T08:27:23.342Z > 200 GET /api/v1/ 91.6ms
INF 2026-08-23T08:27:23.342Z > 200 GET /api/v1/ 93.25ms
INF 2026-08-23T08:27:23.342Z > 200 GET /api/v1/ 93.76ms
INF 2026-08-23T08:27:23.344Z > 200 GET /api/v1/ 45.93ms
INF 2026-08-23T08:27:23.344Z > 200 GET /api/v1/ 62.61ms
INF 2026-08-23T08:27:23.344Z > 200 GET /api/v1/ 64.44ms
INF 2026-08-23T08:27:23.345Z > 200 GET /api/v1/ 66.14ms
INF 2026-08-23T08:27:23.353Z > 200 GET /api/v1/ 63.9ms
INF 2026-08-23T08:27:23.354Z > 200 GET /api/v1/ 67.89ms
INF 2026-08-23T08:27:23.354Z > 200 GET /api/v1/ 68.59ms
INF 2026-08-23T08:27:23.354Z > 200 GET /api/v1/ 65.02ms
INF 2026-08-23T08:27:23.359Z > 200 GET /api/v1/ 49.27ms
INF 2026-08-23T08:27:23.363Z > 200 GET /api/v1/ 55.2ms
INF 2026-08-23T08:27:23.363Z > 200 GET /api/v1/ 55.21ms
INF 2026-08-23T08:27:23.364Z > 200 GET /api/v1/ 58.61ms
INF 2026-08-23T08:27:23.364Z > 200 GET /api/v1/ 29.35ms
INF 2026-08-23T08:27:23.364Z > 200 GET /api/v1/ 57.45ms
INF 2026-08-23T08:27:23.365Z > 200 GET /api/v1/ 59.78ms
INF 2026-08-23T08:27:23.365Z > 200 GET /api/v1/ 32.73ms
INF 2026-08-23T08:27:23.366Z > 200 GET /api/v1/ 59.41ms
INF 2026-08-23T08:27:23.366Z > 200 GET /api/v1/ 77.68ms
INF 2026-08-23T08:27:23.367Z > 200 GET /api/v1/ 62.28ms
INF 2026-08-23T08:27:23.367Z > 200 GET /api/v1/ 36.32ms
INF 2026-08-23T08:27:23.371Z > 200 GET /api/v1/ 66.23ms
INF 2026-08-23T08:27:23.372Z > 200 GET /api/v1/ 62.16ms
INF 2026-08-23T08:27:23.372Z > 200 GET /api/v1/ 77.0ms
INF 2026-08-23T08:27:23.375Z > 200 GET /api/v1/ 37.49ms
INF 2026-08-23T08:27:23.379Z > 200 GET /api/v1/ 46.06ms
INF 2026-08-23T08:27:23.381Z > 200 GET /api/v1/ 79.85ms
INF 2026-08-23T08:27:23.381Z > 200 GET /api/v1/ 53.94ms
INF 2026-08-23T08:27:23.381Z > 200 GET /api/v1/ 41.05ms
INF 2026-08-23T08:27:23.382Z > 200 GET /api/v1/ 43.09ms
INF 2026-08-23T08:27:23.383Z > 200 GET /api/v1/ 44.25ms
INF 2026-08-23T08:27:23.384Z > 200 GET /api/v1/ 48.01ms
INF 2026-08-23T08:27:23.384Z > 200 GET /api/v1/ 44.88ms
INF 2026-08-23T08:27:23.384Z > 200 GET /api/v1/ 49.5ms
INF 2026-08-23T08:27:23.384Z > 200 GET /api/v1/ 48.15ms
INF 2026-08-23T08:27:23.385Z > 200 GET /api/v1/ 49.37ms
INF 2026-08-23T08:27:23.385Z > 200 GET /api/v1/ 50.17ms
INF 2026-08-23T08:27:23.386Z > 200 GET /api/v1/ 49.73ms
INF 2026-08-23T08:27:23.386Z > 200 GET /api/v1/ 50.72ms
INF 2026-08-23T08:27:23.390Z > 200 GET /api/v1/ 43.07ms
INF 2026-08-23T08:27:23.390Z > 200 GET /api/v1/ 44.94ms
INF 2026-08-23T08:27:23.390Z > 200 GET /api/v1/ 45.05ms
INF 2026-08-23T08:27:23.391Z > 200 GET /api/v1/ 46.02ms
INF 2026-08-23T08:27:23.391Z > 200 GET /api/v1/ 42.77ms
INF 2026-08-23T08:27:23.392Z > 200 GET /api/v1/ 46.62ms
INF 2026-08-23T08:27:23.392Z > 200 GET /api/v1/ 43.97ms
INF 2026-08-23T08:27:23.393Z > 200 GET /api/v1/ 46.33ms
INF 2026-08-23T08:27:23.396Z > 200 GET /api/v1/ 55.41ms
INF 2026-08-23T08:27:23.397Z > 200 GET /api/v1/ 41.95ms
INF 2026-08-23T08:27:23.397Z > 200 GET /api/v1/ 47.33ms
INF 2026-08-23T08:27:23.397Z > 200 GET /api/v1/ 46.32ms
INF 2026-08-23T08:27:23.398Z > 200 GET /api/v1/ 59.2ms
INF 2026-08-23T08:27:23.398Z > 200 GET /api/v1/ 59.91ms
INF 2026-08-23T08:27:23.398Z > 200 GET /api/v1/ 60.55ms
INF 2026-08-23T08:27:23.400Z > 200 GET /api/v1/ 51.89ms
INF 2026-08-23T08:27:23.401Z > 200 GET /api/v1/ 63.75ms
INF 2026-08-23T08:27:23.401Z > 200 GET /api/v1/ 52.95ms
INF 2026-08-23T08:27:23.402Z > 200 GET /api/v1/ 55.64ms
INF 2026-08-23T08:27:23.419Z > 200 GET /api/v1/ 76.23ms
INF 2026-08-23T08:27:23.419Z > 200 GET /api/v1/ 76.99ms
INF 2026-08-23T08:27:23.420Z > 200 GET /api/v1/ 76.51ms
INF 2026-08-23T08:27:23.420Z > 200 GET /api/v1/ 76.57ms
INF 2026-08-23T08:27:23.423Z > 200 GET /api/v1/ 94.81ms
INF 2026-08-23T08:27:23.423Z > 200 GET /api/v1/ 94.79ms
INF 2026-08-23T08:27:23.423Z > 200 GET /api/v1/ 70.32ms
INF 2026-08-23T08:27:23.425Z > 200 GET /api/v1/ 72.6ms
INF 2026-08-23T08:27:23.425Z > 200 GET /api/v1/ 72.5ms
INF 2026-08-23T08:27:23.428Z > 200 GET /api/v1/ 78.55ms
INF 2026-08-23T08:27:23.428Z > 200 GET /api/v1/ 68.29ms
INF 2026-08-23T08:27:23.432Z > 200 GET /api/v1/ 72.73ms
INF 2026-08-23T08:27:23.433Z > 200 GET /api/v1/ 86.03ms
INF 2026-08-23T08:27:23.434Z > 200 GET /api/v1/ 77.69ms
INF 2026-08-23T08:27:23.434Z > 200 GET /api/v1/ 77.65ms
INF 2026-08-23T08:27:23.435Z > 200 GET /api/v1/ 37.54ms
INF 2026-08-23T08:27:23.438Z > 200 GET /api/v1/ 86.5ms
INF 2026-08-23T08:27:23.440Z > 200 GET /api/v1/ 63.0ms
INF 2026-08-23T08:27:23.440Z > 200 GET /api/v1/ 64.11ms
INF 2026-08-23T08:27:23.440Z > 200 GET /api/v1/ 63.81ms
INF 2026-08-23T08:27:23.441Z > 200 GET /api/v1/ 48.07ms
INF 2026-08-23T08:27:23.442Z > 200 GET /api/v1/ 58.85ms
INF 2026-08-23T08:27:23.442Z > 200 GET /api/v1/ 68.43ms
INF 2026-08-23T08:27:23.442Z > 200 GET /api/v1/ 68.33ms
INF 2026-08-23T08:27:23.443Z > 200 GET /api/v1/ 52.44ms
INF 2026-08-23T08:27:23.444Z > 200 GET /api/v1/ 70.16ms
INF 2026-08-23T08:27:23.447Z > 200 GET /api/v1/ 109.27ms
INF 2026-08-23T08:27:23.447Z > 200 GET /api/v1/ 101.48ms
INF 2026-08-23T08:27:23.448Z > 200 GET /api/v1/ 88.74ms
INF 2026-08-23T08:27:23.452Z > 200 GET /api/v1/ 69.52ms
INF 2026-08-23T08:27:23.452Z > 200 GET /api/v1/ 83.9ms
INF 2026-08-23T08:27:23.452Z > 200 GET /api/v1/ 55.33ms
INF 2026-08-23T08:27:23.453Z > 200 GET /api/v1/ 73.75ms
INF 2026-08-23T08:27:23.453Z > 200 GET /api/v1/ 75.44ms
INF 2026-08-23T08:27:23.453Z > 200 GET /api/v1/ 75.24ms
INF 2026-08-23T08:27:23.455Z > 200 GET /api/v1/ 60.31ms
INF 2026-08-23T08:27:23.456Z > 200 GET /api/v1/ 61.08ms
INF 2026-08-23T08:27:23.456Z > 200 GET /api/v1/ 62.26ms
INF 2026-08-23T08:27:23.457Z > 200 GET /api/v1/ 62.39ms
INF 2026-08-23T08:27:23.457Z > 200 GET /api/v1/ 63.24ms
INF 2026-08-23T08:27:23.457Z > 200 GET /api/v1/ 64.23ms
INF 2026-08-23T08:27:23.458Z > 200 GET /api/v1/ 65.14ms
INF 2026-08-23T08:27:23.459Z > 200 GET /api/v1/ 60.1ms
INF 2026-08-23T08:27:23.459Z > 200 GET /api/v1/ 71.15ms
INF 2026-08-23T08:27:23.459Z > 200 GET /api/v1/ 72.42ms
INF 2026-08-23T08:27:23.460Z > 200 GET /api/v1/ 73.23ms
INF 2026-08-23T08:27:23.460Z > 200 GET /api/v1/ 74.35ms
INF 2026-08-23T08:27:23.461Z > 200 GET /api/v1/ 74.12ms
INF 2026-08-23T08:27:23.465Z > 200 GET /api/v1/ 68.38ms
INF 2026-08-23T08:27:23.468Z > 200 GET /api/v1/ 46.93ms
INF 2026-08-23T08:27:23.472Z > 200 GET /api/v1/ 98.97ms
INF 2026-08-23T08:27:23.472Z > 200 GET /api/v1/ 43.36ms
INF 2026-08-23T08:27:23.473Z > 200 GET /api/v1/ 44.36ms
INF 2026-08-23T08:27:23.473Z > 200 GET /api/v1/ 44.81ms
INF 2026-08-23T08:27:23.473Z > 200 GET /api/v1/ 43.55ms
INF 2026-08-23T08:27:23.473Z > 200 GET /api/v1/ 43.65ms
INF 2026-08-23T08:27:23.474Z > 200 GET /api/v1/ 43.76ms
INF 2026-08-23T08:27:23.474Z > 200 GET /api/v1/ 48.42ms
INF 2026-08-23T08:27:23.474Z > 200 GET /api/v1/ 47.64ms
INF 2026-08-23T08:27:23.475Z > 200 GET /api/v1/ 46.27ms
INF 2026-08-23T08:27:23.475Z > 200 GET /api/v1/ 46.45ms
INF 2026-08-23T08:27:23.476Z > 200 GET /api/v1/ 42.94ms
INF 2026-08-23T08:27:23.476Z > 200 GET /api/v1/ 46.76ms
INF 2026-08-23T08:27:23.477Z > 200 GET /api/v1/ 48.14ms
INF 2026-08-23T08:27:23.477Z > 200 GET /api/v1/ 48.34ms
INF 2026-08-23T08:27:23.478Z > 200 GET /api/v1/ 48.32ms
INF 2026-08-23T08:27:23.478Z > 200 GET /api/v1/ 47.86ms
INF 2026-08-23T08:27:23.478Z > 200 GET /api/v1/ 52.42ms
INF 2026-08-23T08:27:23.478Z > 200 GET /api/v1/ 37.6ms
INF 2026-08-23T08:27:23.479Z > 200 GET /api/v1/ 52.18ms
INF 2026-08-23T08:27:23.480Z > 200 GET /api/v1/ 85.39ms
INF 2026-08-23T08:27:23.481Z > 200 GET /api/v1/ 44.68ms
INF 2026-08-23T08:27:23.481Z > 200 GET /api/v1/ 44.46ms
INF 2026-08-23T08:27:23.481Z > 200 GET /api/v1/ 47.89ms
INF 2026-08-23T08:27:23.484Z > 200 GET /api/v1/ 53.52ms
INF 2026-08-23T08:27:23.487Z > 200 GET /api/v1/ 62.8ms
INF 2026-08-23T08:27:23.488Z > 200 GET /api/v1/ 48.22ms
INF 2026-08-23T08:27:23.507Z > 200 GET /api/v1/ 75.33ms
INF 2026-08-23T08:27:23.508Z > 200 GET /api/v1/ 74.48ms
INF 2026-08-23T08:27:23.508Z > 200 GET /api/v1/ 75.66ms
INF 2026-08-23T08:27:23.508Z > 200 GET /api/v1/ 61.94ms
INF 2026-08-23T08:27:23.509Z > 200 GET /api/v1/ 63.95ms
INF 2026-08-23T08:27:23.510Z > 200 GET /api/v1/ 79.06ms
INF 2026-08-23T08:27:23.510Z > 200 GET /api/v1/ 64.17ms
INF 2026-08-23T08:27:23.515Z > 200 GET /api/v1/ 75.74ms
INF 2026-08-23T08:27:23.515Z > 200 GET /api/v1/ 61.07ms
INF 2026-08-23T08:27:23.515Z > 200 GET /api/v1/ 61.75ms
INF 2026-08-23T08:27:23.516Z > 200 GET /api/v1/ 61.19ms
INF 2026-08-23T08:27:23.516Z > 200 GET /api/v1/ 64.61ms
INF 2026-08-23T08:27:23.516Z > 200 GET /api/v1/ 78.73ms
INF 2026-08-23T08:27:23.517Z > 200 GET /api/v1/ 78.67ms
INF 2026-08-23T08:27:23.517Z > 200 GET /api/v1/ 80.67ms
INF 2026-08-23T08:27:23.517Z > 200 GET /api/v1/ 81.11ms
INF 2026-08-23T08:27:23.518Z > 200 GET /api/v1/ 80.25ms
INF 2026-08-23T08:27:23.518Z > 200 GET /api/v1/ 67.39ms
INF 2026-08-23T08:27:23.518Z > 200 GET /api/v1/ 67.29ms
INF 2026-08-23T08:27:23.518Z > 200 GET /api/v1/ 68.42ms
INF 2026-08-23T08:27:23.519Z > 200 GET /api/v1/ 81.18ms
INF 2026-08-23T08:27:23.519Z > 200 GET /api/v1/ 81.84ms
INF 2026-08-23T08:27:23.521Z > 200 GET /api/v1/ 57.07ms
INF 2026-08-23T08:27:23.521Z > 200 GET /api/v1/ 44.69ms
INF 2026-08-23T08:27:23.523Z > 200 GET /api/v1/ 59.78ms
INF 2026-08-23T08:27:23.523Z > 200 GET /api/v1/ 60.44ms
INF 2026-08-23T08:27:23.524Z > 200 GET /api/v1/ 56.28ms
INF 2026-08-23T08:27:23.524Z > 200 GET /api/v1/ 55.97ms
INF 2026-08-23T08:27:23.532Z > 200 GET /api/v1/ 70.88ms
INF 2026-08-23T08:27:23.533Z > 200 GET /api/v1/ 56.54ms
INF 2026-08-23T08:27:23.533Z > 200 GET /api/v1/ 62.33ms
INF 2026-08-23T08:27:23.537Z > 200 GET /api/v1/ 55.87ms
INF 2026-08-23T08:27:23.537Z > 200 GET /api/v1/ 96.61ms
INF 2026-08-23T08:27:23.538Z > 200 GET /api/v1/ 68.21ms
INF 2026-08-23T08:27:23.540Z > 200 GET /api/v1/ 58.1ms
INF 2026-08-23T08:27:23.540Z > 200 GET /api/v1/ 56.66ms
INF 2026-08-23T08:27:23.543Z > 200 GET /api/v1/ 55.46ms
INF 2026-08-23T08:27:23.546Z > 200 GET /api/v1/ 60.91ms
INF 2026-08-23T08:27:23.546Z > 200 GET /api/v1/ 61.54ms
INF 2026-08-23T08:27:23.547Z > 200 GET /api/v1/ 77.65ms
INF 2026-08-23T08:27:23.548Z > 200 GET /api/v1/ 64.67ms
INF 2026-08-23T08:27:23.549Z > 200 GET /api/v1/ 66.22ms
INF 2026-08-23T08:27:23.549Z > 200 GET /api/v1/ 66.07ms
INF 2026-08-23T08:27:23.550Z > 200 GET /api/v1/ 29.3ms
INF 2026-08-23T08:27:23.551Z > 200 GET /api/v1/ 61.32ms
INF 2026-08-23T08:27:23.552Z > 200 GET /api/v1/ 33.45ms
INF 2026-08-23T08:27:23.553Z > 200 GET /api/v1/ 63.56ms
INF 2026-08-23T08:27:23.554Z > 200 GET /api/v1/ 66.01ms
INF 2026-08-23T08:27:23.554Z > 200 GET /api/v1/ 68.42ms
INF 2026-08-23T08:27:23.555Z > 200 GET /api/v1/ 40.68ms
INF 2026-08-23T08:27:23.555Z > 200 GET /api/v1/ 67.32ms
INF 2026-08-23T08:27:23.555Z > 200 GET /api/v1/ 41.78ms
INF 2026-08-23T08:27:23.556Z > 200 GET /api/v1/ 69.74ms
INF 2026-08-23T08:27:23.556Z > 200 GET /api/v1/ 42.07ms
INF 2026-08-23T08:27:23.557Z > 200 GET /api/v1/ 45.18ms
INF 2026-08-23T08:27:23.557Z > 200 GET /api/v1/ 38.14ms
INF 2026-08-23T08:27:23.558Z > 200 GET /api/v1/ 45.48ms
INF 2026-08-23T08:27:23.560Z > 200 GET /api/v1/ 50.65ms
INF 2026-08-23T08:27:23.562Z > 200 GET /api/v1/ 40.38ms
INF 2026-08-23T08:27:23.563Z > 200 GET /api/v1/ 41.88ms
INF 2026-08-23T08:27:23.563Z > 200 GET /api/v1/ 43.45ms
INF 2026-08-23T08:27:23.564Z > 200 GET /api/v1/ 42.01ms
INF 2026-08-23T08:27:23.564Z > 200 GET /api/v1/ 43.86ms
INF 2026-08-23T08:27:23.565Z > 200 GET /api/v1/ 45.4ms
INF 2026-08-23T08:27:23.568Z > 200 GET /api/v1/ 34.2ms
INF 2026-08-23T08:27:23.568Z > 200 GET /api/v1/ 78.76ms
INF 2026-08-23T08:27:23.568Z > 200 GET /api/v1/ 54.34ms
INF 2026-08-23T08:27:23.568Z > 200 GET /api/v1/ 54.99ms
INF 2026-08-23T08:27:23.569Z > 200 GET /api/v1/ 54.91ms
INF 2026-08-23T08:27:23.569Z > 200 GET /api/v1/ 55.49ms
INF 2026-08-23T08:27:23.569Z > 200 GET /api/v1/ 44.42ms
INF 2026-08-23T08:27:23.570Z > 200 GET /api/v1/ 57.92ms
INF 2026-08-23T08:27:23.570Z > 200 GET /api/v1/ 58.72ms
INF 2026-08-23T08:27:23.570Z > 200 GET /api/v1/ 58.82ms
INF 2026-08-23T08:27:23.570Z > 200 GET /api/v1/ 59.6ms
INF 2026-08-23T08:27:23.571Z > 200 GET /api/v1/ 60.51ms
INF 2026-08-23T08:27:23.571Z > 200 GET /api/v1/ 58.94ms
INF 2026-08-23T08:27:23.572Z > 200 GET /api/v1/ 59.81ms
INF 2026-08-23T08:27:23.574Z > 200 GET /api/v1/ 62.31ms
INF 2026-08-23T08:27:23.574Z > 200 GET /api/v1/ 52.85ms
INF 2026-08-23T08:27:23.575Z > 200 GET /api/v1/ 53.52ms
INF 2026-08-23T08:27:23.575Z > 200 GET /api/v1/ 66.17ms
INF 2026-08-23T08:27:23.576Z > 200 GET /api/v1/ 47.01ms
INF 2026-08-23T08:27:23.576Z > 200 GET /api/v1/ 46.08ms
INF 2026-08-23T08:27:23.576Z > 200 GET /api/v1/ 46.77ms
INF 2026-08-23T08:27:23.577Z > 200 GET /api/v1/ 46.4ms
INF 2026-08-23T08:27:23.578Z > 200 GET /api/v1/ 47.48ms
INF 2026-08-23T08:27:23.578Z > 200 GET /api/v1/ 49.71ms
INF 2026-08-23T08:27:23.579Z > 200 GET /api/v1/ 50.13ms
INF 2026-08-23T08:27:23.597Z > 200 GET /api/v1/ 68.99ms
INF 2026-08-23T08:27:23.597Z > 200 GET /api/v1/ 70.8ms
INF 2026-08-23T08:27:23.597Z > 200 GET /api/v1/ 66.97ms
INF 2026-08-23T08:27:23.597Z > 200 GET /api/v1/ 84.26ms
INF 2026-08-23T08:27:23.597Z > 200 GET /api/v1/ 72.84ms
INF 2026-08-23T08:27:23.598Z > 200 GET /api/v1/ 83.9ms
INF 2026-08-23T08:27:23.598Z > 200 GET /api/v1/ 84.92ms
INF 2026-08-23T08:27:23.598Z > 200 GET /api/v1/ 84.75ms
INF 2026-08-23T08:27:23.599Z > 200 GET /api/v1/ 72.46ms
INF 2026-08-23T08:27:23.605Z > 200 GET /api/v1/ 69.51ms
INF 2026-08-23T08:27:23.607Z > 200 GET /api/v1/ 73.4ms
INF 2026-08-23T08:27:23.611Z > 200 GET /api/v1/ 47.47ms
INF 2026-08-23T08:27:23.625Z > 200 GET /api/v1/ 57.73ms
INF 2026-08-23T08:27:23.625Z > 200 GET /api/v1/ 58.17ms
INF 2026-08-23T08:27:23.627Z > 200 GET /api/v1/ 61.01ms
INF 2026-08-23T08:27:23.627Z > 200 GET /api/v1/ 63.4ms
INF 2026-08-23T08:27:23.628Z > 200 GET /api/v1/ 62.66ms
INF 2026-08-23T08:27:23.628Z > 200 GET /api/v1/ 63.67ms
INF 2026-08-23T08:27:23.629Z > 200 GET /api/v1/ 61.81ms
INF 2026-08-23T08:27:23.629Z > 200 GET /api/v1/ 62.51ms
INF 2026-08-23T08:27:23.630Z > 200 GET /api/v1/ 63.63ms
INF 2026-08-23T08:27:23.630Z > 200 GET /api/v1/ 65.41ms
INF 2026-08-23T08:27:23.630Z > 200 GET /api/v1/ 65.16ms
INF 2026-08-23T08:27:23.630Z > 200 GET /api/v1/ 65.7ms
INF 2026-08-23T08:27:23.631Z > 200 GET /api/v1/ 66.31ms
INF 2026-08-23T08:27:23.631Z > 200 GET /api/v1/ 68.02ms
INF 2026-08-23T08:27:23.632Z > 200 GET /api/v1/ 69.6ms
INF 2026-08-23T08:27:23.632Z > 200 GET /api/v1/ 55.23ms
INF 2026-08-23T08:27:23.632Z > 200 GET /api/v1/ 72.33ms
INF 2026-08-23T08:27:23.633Z > 200 GET /api/v1/ 73.04ms
INF 2026-08-23T08:27:23.634Z > 200 GET /api/v1/ 75.38ms
INF 2026-08-23T08:27:23.634Z > 200 GET /api/v1/ 76.6ms
INF 2026-08-23T08:27:23.644Z > 200 GET /api/v1/ 45.54ms
INF 2026-08-23T08:27:23.646Z > 200 GET /api/v1/ 73.89ms
INF 2026-08-23T08:27:23.647Z > 200 GET /api/v1/ 73.84ms
INF 2026-08-23T08:27:23.647Z > 200 GET /api/v1/ 75.09ms
INF 2026-08-23T08:27:23.647Z > 200 GET /api/v1/ 75.91ms
INF 2026-08-23T08:27:23.648Z > 200 GET /api/v1/ 86.77ms
INF 2026-08-23T08:27:23.648Z > 200 GET /api/v1/ 72.82ms
INF 2026-08-23T08:27:23.648Z > 200 GET /api/v1/ 86.92ms
INF 2026-08-23T08:27:23.649Z > 200 GET /api/v1/ 90.53ms
INF 2026-08-23T08:27:23.651Z > 200 GET /api/v1/ 47.93ms
INF 2026-08-23T08:27:23.654Z > 200 GET /api/v1/ 53.72ms
INF 2026-08-23T08:27:23.657Z > 200 GET /api/v1/ 57.2ms
INF 2026-08-23T08:27:23.658Z > 200 GET /api/v1/ 57.28ms
INF 2026-08-23T08:27:23.658Z > 200 GET /api/v1/ 58.18ms
INF 2026-08-23T08:27:23.658Z > 200 GET /api/v1/ 59.02ms
INF 2026-08-23T08:27:23.659Z > 200 GET /api/v1/ 54.62ms
INF 2026-08-23T08:27:23.659Z > 200 GET /api/v1/ 55.1ms
INF 2026-08-23T08:27:23.660Z > 200 GET /api/v1/ 59.07ms
INF 2026-08-23T08:27:23.660Z > 200 GET /api/v1/ 54.55ms
INF 2026-08-23T08:27:23.660Z > 200 GET /api/v1/ 54.03ms
INF 2026-08-23T08:27:23.661Z > 200 GET /api/v1/ 54.99ms
INF 2026-08-23T08:27:23.662Z > 200 GET /api/v1/ 55.17ms
INF 2026-08-23T08:27:23.662Z > 200 GET /api/v1/ 85.36ms
INF 2026-08-23T08:27:23.662Z > 200 GET /api/v1/ 85.12ms
INF 2026-08-23T08:27:23.663Z > 200 GET /api/v1/ 32.45ms
INF 2026-08-23T08:27:23.664Z > 200 GET /api/v1/ 51.81ms
INF 2026-08-23T08:27:23.664Z > 200 GET /api/v1/ 36.5ms
INF 2026-08-23T08:27:23.664Z > 200 GET /api/v1/ 55.54ms
INF 2026-08-23T08:27:23.666Z > 200 GET /api/v1/ 62.86ms
INF 2026-08-23T08:27:23.666Z > 200 GET /api/v1/ 64.99ms
INF 2026-08-23T08:27:23.667Z > 200 GET /api/v1/ 63.72ms
INF 2026-08-23T08:27:23.667Z > 200 GET /api/v1/ 65.42ms
INF 2026-08-23T08:27:23.667Z > 200 GET /api/v1/ 66.28ms
INF 2026-08-23T08:27:23.668Z > 200 GET /api/v1/ 65.89ms
INF 2026-08-23T08:27:23.668Z > 200 GET /api/v1/ 66.46ms
INF 2026-08-23T08:27:23.668Z > 200 GET /api/v1/ 67.67ms
INF 2026-08-23T08:27:23.669Z > 200 GET /api/v1/ 67.8ms
INF 2026-08-23T08:27:23.669Z > 200 GET /api/v1/ 69.67ms
INF 2026-08-23T08:27:23.670Z > 200 GET /api/v1/ 69.22ms
INF 2026-08-23T08:27:23.672Z > 200 GET /api/v1/ 70.94ms
INF 2026-08-23T08:27:23.673Z > 200 GET /api/v1/ 56.64ms
INF 2026-08-23T08:27:23.674Z > 200 GET /api/v1/ 66.91ms
INF 2026-08-23T08:27:23.674Z > 200 GET /api/v1/ 60.17ms
INF 2026-08-23T08:27:23.675Z > 200 GET /api/v1/ 67.09ms
INF 2026-08-23T08:27:23.693Z > 200 GET /api/v1/ 85.24ms
INF 2026-08-23T08:27:23.695Z > 200 GET /api/v1/ 68.5ms
INF 2026-08-23T08:27:23.696Z > 200 GET /api/v1/ 70.56ms
INF 2026-08-23T08:27:23.698Z > 200 GET /api/v1/ 75.17ms
INF 2026-08-23T08:27:23.698Z > 200 GET /api/v1/ 72.49ms
INF 2026-08-23T08:27:23.698Z > 200 GET /api/v1/ 74.35ms
INF 2026-08-23T08:27:23.699Z > 200 GET /api/v1/ 81.4ms
INF 2026-08-23T08:27:23.699Z > 200 GET /api/v1/ 77.87ms
INF 2026-08-23T08:27:23.700Z > 200 GET /api/v1/ 79.9ms
INF 2026-08-23T08:27:23.700Z > 200 GET /api/v1/ 83.74ms
INF 2026-08-23T08:27:23.701Z > 200 GET /api/v1/ 85.29ms
INF 2026-08-23T08:27:23.701Z > 200 GET /api/v1/ 84.96ms
INF 2026-08-23T08:27:23.702Z > 200 GET /api/v1/ 81.03ms
INF 2026-08-23T08:27:23.702Z > 200 GET /api/v1/ 100.99ms
INF 2026-08-23T08:27:23.703Z > 200 GET /api/v1/ 103.77ms
INF 2026-08-23T08:27:23.703Z > 200 GET /api/v1/ 102.13ms
INF 2026-08-23T08:27:23.705Z > 200 GET /api/v1/ 88.91ms
INF 2026-08-23T08:27:23.708Z > 200 GET /api/v1/ 95.22ms
INF 2026-08-23T08:27:23.709Z > 200 GET /api/v1/ 81.42ms
INF 2026-08-23T08:27:23.709Z > 200 GET /api/v1/ 82.89ms
INF 2026-08-23T08:27:23.709Z > 200 GET /api/v1/ 78.85ms
INF 2026-08-23T08:27:23.710Z > 200 GET /api/v1/ 85.28ms
INF 2026-08-23T08:27:23.710Z > 200 GET /api/v1/ 68.65ms
INF 2026-08-23T08:27:23.710Z > 200 GET /api/v1/ 68.12ms
INF 2026-08-23T08:27:23.711Z > 200 GET /api/v1/ 51.66ms
INF 2026-08-23T08:27:23.711Z > 200 GET /api/v1/ 68.74ms
INF 2026-08-23T08:27:23.711Z > 200 GET /api/v1/ 70.52ms
INF 2026-08-23T08:27:23.711Z > 200 GET /api/v1/ 69.42ms
INF 2026-08-23T08:27:23.712Z > 200 GET /api/v1/ 68.09ms
INF 2026-08-23T08:27:23.713Z > 200 GET /api/v1/ 73.58ms
INF 2026-08-23T08:27:23.713Z > 200 GET /api/v1/ 72.99ms
INF 2026-08-23T08:27:23.717Z > 200 GET /api/v1/ 62.17ms
INF 2026-08-23T08:27:23.720Z > 200 GET /api/v1/ 69.66ms
INF 2026-08-23T08:27:23.726Z > 200 GET /api/v1/ 77.3ms
INF 2026-08-23T08:27:23.730Z > 200 GET /api/v1/ 114.02ms
INF 2026-08-23T08:27:23.730Z > 200 GET /api/v1/ 116.04ms
INF 2026-08-23T08:27:23.732Z > 200 GET /api/v1/ 31.21ms
INF 2026-08-23T08:27:23.733Z > 200 GET /api/v1/ 32.88ms
INF 2026-08-23T08:27:23.734Z > 200 GET /api/v1/ 35.38ms
INF 2026-08-23T08:27:23.735Z > 200 GET /api/v1/ 35.95ms
INF 2026-08-23T08:27:23.737Z > 200 GET /api/v1/ 41.87ms
INF 2026-08-23T08:27:23.739Z > 200 GET /api/v1/ 66.63ms
INF 2026-08-23T08:27:23.741Z > 200 GET /api/v1/ 68.79ms
INF 2026-08-23T08:27:23.741Z > 200 GET /api/v1/ 69.86ms
INF 2026-08-23T08:27:23.741Z > 200 GET /api/v1/ 69.05ms
INF 2026-08-23T08:27:23.741Z > 200 GET /api/v1/ 69.08ms
INF 2026-08-23T08:27:23.743Z > 200 GET /api/v1/ 40.08ms
INF 2026-08-23T08:27:23.744Z > 200 GET /api/v1/ 73.14ms
INF 2026-08-23T08:27:23.749Z > 200 GET /api/v1/ 52.18ms
INF 2026-08-23T08:27:23.750Z > 200 GET /api/v1/ 52.23ms
INF 2026-08-23T08:27:23.754Z > 200 GET /api/v1/ 48.0ms
INF 2026-08-23T08:27:23.756Z > 200 GET /api/v1/ 51.39ms
INF 2026-08-23T08:27:23.756Z > 200 GET /api/v1/ 50.9ms
INF 2026-08-23T08:27:23.757Z > 200 GET /api/v1/ 50.98ms
INF 2026-08-23T08:27:23.758Z > 200 GET /api/v1/ 53.4ms
INF 2026-08-23T08:27:23.758Z > 200 GET /api/v1/ 53.59ms
INF 2026-08-23T08:27:23.759Z > 200 GET /api/v1/ 54.82ms
INF 2026-08-23T08:27:23.759Z > 200 GET /api/v1/ 55.38ms
INF 2026-08-23T08:27:23.759Z > 200 GET /api/v1/ 56.09ms
INF 2026-08-23T08:27:23.759Z > 200 GET /api/v1/ 58.15ms
INF 2026-08-23T08:27:23.760Z > 200 GET /api/v1/ 58.89ms
INF 2026-08-23T08:27:23.760Z > 200 GET /api/v1/ 60.47ms
INF 2026-08-23T08:27:23.762Z > 200 GET /api/v1/ 49.54ms
INF 2026-08-23T08:27:23.762Z > 200 GET /api/v1/ 49.14ms
INF 2026-08-23T08:27:23.762Z > 200 GET /api/v1/ 66.53ms
INF 2026-08-23T08:27:23.763Z > 200 GET /api/v1/ 50.14ms
INF 2026-08-23T08:27:23.763Z > 200 GET /api/v1/ 67.34ms
INF 2026-08-23T08:27:23.763Z > 200 GET /api/v1/ 67.64ms
INF 2026-08-23T08:27:23.764Z > 200 GET /api/v1/ 69.0ms
INF 2026-08-23T08:27:23.765Z > 200 GET /api/v1/ 69.86ms
INF 2026-08-23T08:27:23.765Z > 200 GET /api/v1/ 69.28ms
INF 2026-08-23T08:27:23.765Z > 200 GET /api/v1/ 70.21ms
INF 2026-08-23T08:27:23.766Z > 200 GET /api/v1/ 70.64ms
INF 2026-08-23T08:27:23.767Z > 200 GET /api/v1/ 72.67ms
INF 2026-08-23T08:27:23.770Z > 200 GET /api/v1/ 97.07ms
INF 2026-08-23T08:27:23.770Z > 200 GET /api/v1/ 96.76ms
INF 2026-08-23T08:27:23.770Z > 200 GET /api/v1/ 63.26ms
INF 2026-08-23T08:27:23.770Z > 200 GET /api/v1/ 97.42ms
INF 2026-08-23T08:27:23.771Z > 200 GET /api/v1/ 75.78ms
INF 2026-08-23T08:27:23.790Z > 200 GET /api/v1/ 71.46ms
INF 2026-08-23T08:27:23.790Z > 200 GET /api/v1/ 72.47ms
INF 2026-08-23T08:27:23.791Z > 200 GET /api/v1/ 73.07ms
INF 2026-08-23T08:27:23.791Z > 200 GET /api/v1/ 74.61ms
INF 2026-08-23T08:27:23.791Z > 200 GET /api/v1/ 76.48ms
INF 2026-08-23T08:27:23.791Z > 200 GET /api/v1/ 76.2ms
INF 2026-08-23T08:27:23.792Z > 200 GET /api/v1/ 90.86ms
INF 2026-08-23T08:27:23.792Z > 200 GET /api/v1/ 93.58ms
INF 2026-08-23T08:27:23.797Z > 200 GET /api/v1/ 74.51ms
INF 2026-08-23T08:27:23.797Z > 200 GET /api/v1/ 75.68ms
INF 2026-08-23T08:27:23.798Z > 200 GET /api/v1/ 75.5ms
INF 2026-08-23T08:27:23.798Z > 200 GET /api/v1/ 75.61ms
INF 2026-08-23T08:27:23.798Z > 200 GET /api/v1/ 76.25ms
INF 2026-08-23T08:27:23.799Z > 200 GET /api/v1/ 75.39ms
INF 2026-08-23T08:27:23.799Z > 200 GET /api/v1/ 75.31ms
INF 2026-08-23T08:27:23.801Z > 200 GET /api/v1/ 80.06ms
INF 2026-08-23T08:27:23.801Z > 200 GET /api/v1/ 78.13ms
INF 2026-08-23T08:27:23.805Z > 200 GET /api/v1/ 90.69ms
INF 2026-08-23T08:27:23.806Z > 200 GET /api/v1/ 92.41ms
INF 2026-08-23T08:27:23.806Z > 200 GET /api/v1/ 92.26ms
INF 2026-08-23T08:27:23.807Z > 200 GET /api/v1/ 44.39ms
INF 2026-08-23T08:27:23.808Z > 200 GET /api/v1/ 68.99ms
INF 2026-08-23T08:27:23.815Z > 200 GET /api/v1/ 66.91ms
INF 2026-08-23T08:27:23.815Z > 200 GET /api/v1/ 67.34ms
INF 2026-08-23T08:27:23.816Z > 200 GET /api/v1/ 67.49ms
INF 2026-08-23T08:27:23.816Z > 200 GET /api/v1/ 69.95ms
INF 2026-08-23T08:27:23.817Z > 200 GET /api/v1/ 69.43ms
INF 2026-08-23T08:27:23.817Z > 200 GET /api/v1/ 71.03ms
INF 2026-08-23T08:27:23.819Z > 200 GET /api/v1/ 71.33ms
INF 2026-08-23T08:27:23.821Z > 200 GET /api/v1/ 74.18ms
INF 2026-08-23T08:27:23.821Z > 200 GET /api/v1/ 76.48ms
INF 2026-08-23T08:27:23.822Z > 200 GET /api/v1/ 80.31ms
INF 2026-08-23T08:27:23.822Z > 200 GET /api/v1/ 62.24ms
INF 2026-08-23T08:27:23.822Z > 200 GET /api/v1/ 106.81ms
INF 2026-08-23T08:27:23.823Z > 200 GET /api/v1/ 85.42ms
INF 2026-08-23T08:27:23.823Z > 200 GET /api/v1/ 68.64ms
INF 2026-08-23T08:27:23.824Z > 200 GET /api/v1/ 68.64ms
INF 2026-08-23T08:27:23.824Z > 200 GET /api/v1/ 69.09ms
INF 2026-08-23T08:27:23.825Z > 200 GET /api/v1/ 71.26ms
INF 2026-08-23T08:27:23.825Z > 200 GET /api/v1/ 73.2ms
INF 2026-08-23T08:27:23.826Z > 200 GET /api/v1/ 73.18ms
INF 2026-08-23T08:27:23.827Z > 200 GET /api/v1/ 73.41ms
INF 2026-08-23T08:27:23.827Z > 200 GET /api/v1/ 71.9ms
INF 2026-08-23T08:27:23.828Z > 200 GET /api/v1/ 74.64ms
INF 2026-08-23T08:27:23.828Z > 200 GET /api/v1/ 75.92ms
INF 2026-08-23T08:27:23.829Z > 200 GET /api/v1/ 76.33ms
INF 2026-08-23T08:27:23.830Z > 200 GET /api/v1/ 76.08ms
INF 2026-08-23T08:27:23.830Z > 200 GET /api/v1/ 79.08ms
INF 2026-08-23T08:27:23.833Z > 200 GET /api/v1/ 36.34ms
INF 2026-08-23T08:27:23.834Z > 200 GET /api/v1/ 83.4ms
INF 2026-08-23T08:27:23.839Z > 200 GET /api/v1/ 66.97ms
INF 2026-08-23T08:27:23.842Z > 200 GET /api/v1/ 74.31ms
INF 2026-08-23T08:27:23.843Z > 200 GET /api/v1/ 92.12ms
INF 2026-08-23T08:27:23.844Z > 200 GET /api/v1/ 45.37ms
INF 2026-08-23T08:27:23.846Z > 200 GET /api/v1/ 50.62ms
INF 2026-08-23T08:27:23.847Z > 200 GET /api/v1/ 52.04ms
INF 2026-08-23T08:27:23.848Z > 200 GET /api/v1/ 51.46ms
INF 2026-08-23T08:27:23.848Z > 200 GET /api/v1/ 54.83ms
INF 2026-08-23T08:27:23.849Z > 200 GET /api/v1/ 54.81ms
INF 2026-08-23T08:27:23.849Z > 200 GET /api/v1/ 54.38ms
INF 2026-08-23T08:27:23.849Z > 200 GET /api/v1/ 55.12ms
INF 2026-08-23T08:27:23.849Z > 200 GET /api/v1/ 55.19ms
INF 2026-08-23T08:27:23.850Z > 200 GET /api/v1/ 55.74ms
INF 2026-08-23T08:27:23.851Z > 200 GET /api/v1/ 57.45ms
INF 2026-08-23T08:27:23.851Z > 200 GET /api/v1/ 34.36ms
INF 2026-08-23T08:27:23.852Z > 200 GET /api/v1/ 50.87ms
INF 2026-08-23T08:27:23.853Z > 200 GET /api/v1/ 53.36ms
INF 2026-08-23T08:27:23.853Z > 200 GET /api/v1/ 51.57ms
INF 2026-08-23T08:27:23.854Z > 200 GET /api/v1/ 56.07ms
INF 2026-08-23T08:27:23.856Z > 200 GET /api/v1/ 89.11ms
INF 2026-08-23T08:27:23.856Z > 200 GET /api/v1/ 105.84ms
INF 2026-08-23T08:27:23.859Z > 200 GET /api/v1/ 48.12ms
INF 2026-08-23T08:27:23.859Z > 200 GET /api/v1/ 48.32ms
INF 2026-08-23T08:27:23.861Z > 200 GET /api/v1/ 53.53ms
INF 2026-08-23T08:27:23.861Z > 200 GET /api/v1/ 51.32ms
INF 2026-08-23T08:27:23.862Z > 200 GET /api/v1/ 53.95ms
INF 2026-08-23T08:27:23.862Z > 200 GET /api/v1/ 56.51ms
INF 2026-08-23T08:27:23.862Z > 200 GET /api/v1/ 69.55ms
INF 2026-08-23T08:27:23.863Z > 200 GET /api/v1/ 68.98ms
INF 2026-08-23T08:27:23.863Z > 200 GET /api/v1/ 102.0ms
INF 2026-08-23T08:27:23.863Z > 200 GET /api/v1/ 68.79ms
INF 2026-08-23T08:27:23.865Z > 200 GET /api/v1/ 61.78ms
INF 2026-08-23T08:27:23.865Z > 200 GET /api/v1/ 43.68ms
INF 2026-08-23T08:27:23.885Z > 200 GET /api/v1/ 85.16ms
INF 2026-08-23T08:27:23.886Z > 200 GET /api/v1/ 85.82ms
INF 2026-08-23T08:27:23.886Z > 200 GET /api/v1/ 73.41ms
INF 2026-08-23T08:27:23.887Z > 200 GET /api/v1/ 74.51ms
INF 2026-08-23T08:27:23.888Z > 200 GET /api/v1/ 75.19ms
INF 2026-08-23T08:27:23.888Z > 200 GET /api/v1/ 87.99ms
INF 2026-08-23T08:27:23.888Z > 200 GET /api/v1/ 75.1ms
INF 2026-08-23T08:27:23.889Z > 200 GET /api/v1/ 76.98ms
INF 2026-08-23T08:27:23.889Z > 200 GET /api/v1/ 75.36ms
INF 2026-08-23T08:27:23.892Z > 200 GET /api/v1/ 86.35ms
INF 2026-08-23T08:27:23.892Z > 200 GET /api/v1/ 71.48ms
INF 2026-08-23T08:27:23.892Z > 200 GET /api/v1/ 70.92ms
INF 2026-08-23T08:27:23.896Z > 200 GET /api/v1/ 75.62ms
INF 2026-08-23T08:27:23.896Z > 200 GET /api/v1/ 76.6ms
INF 2026-08-23T08:27:23.896Z > 200 GET /api/v1/ 78.06ms
INF 2026-08-23T08:27:23.897Z > 200 GET /api/v1/ 79.51ms
INF 2026-08-23T08:27:23.897Z > 200 GET /api/v1/ 79.32ms
INF 2026-08-23T08:27:23.900Z > 200 GET /api/v1/ 66.99ms
INF 2026-08-23T08:27:23.900Z > 200 GET /api/v1/ 68.39ms
INF 2026-08-23T08:27:23.904Z > 200 GET /api/v1/ 71.27ms
INF 2026-08-23T08:27:23.913Z > 200 GET /api/v1/ 69.31ms
INF 2026-08-23T08:27:23.914Z > 200 GET /api/v1/ 70.4ms
INF 2026-08-23T08:27:23.915Z > 200 GET /api/v1/ 69.5ms
INF 2026-08-23T08:27:23.916Z > 200 GET /api/v1/ 70.87ms
INF 2026-08-23T08:27:23.916Z > 200 GET /api/v1/ 73.91ms
INF 2026-08-23T08:27:23.918Z > 200 GET /api/v1/ 77.49ms
INF 2026-08-23T08:27:23.919Z > 200 GET /api/v1/ 79.58ms
INF 2026-08-23T08:27:23.920Z > 200 GET /api/v1/ 80.62ms
INF 2026-08-23T08:27:23.920Z > 200 GET /api/v1/ 78.91ms
INF 2026-08-23T08:27:23.921Z > 200 GET /api/v1/ 80.26ms
INF 2026-08-23T08:27:23.923Z > 200 GET /api/v1/ 37.35ms
INF 2026-08-23T08:27:23.925Z > 200 GET /api/v1/ 71.31ms
INF 2026-08-23T08:27:23.926Z > 200 GET /api/v1/ 74.64ms
INF 2026-08-23T08:27:23.926Z > 200 GET /api/v1/ 74.76ms
INF 2026-08-23T08:27:23.927Z > 200 GET /api/v1/ 75.52ms
INF 2026-08-23T08:27:23.930Z > 200 GET /api/v1/ 80.0ms
INF 2026-08-23T08:27:23.930Z > 200 GET /api/v1/ 84.13ms
INF 2026-08-23T08:27:23.935Z > 200 GET /api/v1/ 42.9ms
INF 2026-08-23T08:27:23.936Z > 200 GET /api/v1/ 94.02ms
INF 2026-08-23T08:27:23.936Z > 200 GET /api/v1/ 79.47ms
INF 2026-08-23T08:27:23.937Z > 200 GET /api/v1/ 79.65ms
INF 2026-08-23T08:27:23.938Z > 200 GET /api/v1/ 50.99ms
INF 2026-08-23T08:27:23.940Z > 200 GET /api/v1/ 75.1ms
INF 2026-08-23T08:27:23.941Z > 200 GET /api/v1/ 75.51ms
INF 2026-08-23T08:27:23.946Z > 200 GET /api/v1/ 99.11ms
INF 2026-08-23T08:27:23.946Z > 200 GET /api/v1/ 99.63ms
INF 2026-08-23T08:27:23.948Z > 200 GET /api/v1/ 55.06ms
INF 2026-08-23T08:27:23.950Z > 200 GET /api/v1/ 56.12ms
INF 2026-08-23T08:27:23.950Z > 200 GET /api/v1/ 57.0ms
INF 2026-08-23T08:27:23.950Z > 200 GET /api/v1/ 56.99ms
INF 2026-08-23T08:27:23.951Z > 200 GET /api/v1/ 87.48ms
INF 2026-08-23T08:27:23.953Z > 200 GET /api/v1/ 60.33ms
INF 2026-08-23T08:27:23.953Z > 200 GET /api/v1/ 60.53ms
INF 2026-08-23T08:27:23.953Z > 200 GET /api/v1/ 63.99ms
INF 2026-08-23T08:27:23.954Z > 200 GET /api/v1/ 67.39ms
INF 2026-08-23T08:27:23.954Z > 200 GET /api/v1/ 65.51ms
INF 2026-08-23T08:27:23.957Z > 200 GET /api/v1/ 68.23ms
INF 2026-08-23T08:27:23.957Z > 200 GET /api/v1/ 55.44ms
INF 2026-08-23T08:27:23.958Z > 200 GET /api/v1/ 55.42ms
INF 2026-08-23T08:27:23.958Z > 200 GET /api/v1/ 55.76ms
INF 2026-08-23T08:27:23.959Z > 200 GET /api/v1/ 58.64ms
INF 2026-08-23T08:27:23.959Z > 200 GET /api/v1/ 95.15ms
INF 2026-08-23T08:27:23.961Z > 200 GET /api/v1/ 97.54ms
INF 2026-08-23T08:27:23.961Z > 200 GET /api/v1/ 63.63ms
INF 2026-08-23T08:27:23.962Z > 200 GET /api/v1/ 65.2ms
INF 2026-08-23T08:27:23.963Z > 200 GET /api/v1/ 65.23ms
INF 2026-08-23T08:27:23.963Z > 200 GET /api/v1/ 67.11ms
INF 2026-08-23T08:27:23.964Z > 200 GET /api/v1/ 68.91ms
INF 2026-08-23T08:27:23.964Z > 200 GET /api/v1/ 70.43ms
INF 2026-08-23T08:27:23.964Z > 200 GET /api/v1/ 67.13ms
INF 2026-08-23T08:27:23.965Z > 200 GET /api/v1/ 70.1ms
INF 2026-08-23T08:27:23.965Z > 200 GET /api/v1/ 70.72ms
INF 2026-08-23T08:27:23.966Z > 200 GET /api/v1/ 71.72ms
INF 2026-08-23T08:27:23.967Z > 200 GET /api/v1/ 69.71ms
INF 2026-08-23T08:27:23.968Z > 200 GET /api/v1/ 60.47ms
INF 2026-08-23T08:27:23.969Z > 200 GET /api/v1/ 59.81ms
INF 2026-08-23T08:27:23.969Z > 200 GET /api/v1/ 60.37ms
INF 2026-08-23T08:27:23.969Z > 200 GET /api/v1/ 61.66ms
INF 2026-08-23T08:27:23.970Z > 200 GET /api/v1/ 63.12ms
INF 2026-08-23T08:27:23.971Z > 200 GET /api/v1/ 80.66ms
INF 2026-08-23T08:27:23.971Z > 200 GET /api/v1/ 63.07ms
INF 2026-08-23T08:27:23.990Z > 200 GET /api/v1/ 83.69ms
INF 2026-08-23T08:27:23.990Z > 200 GET /api/v1/ 84.74ms
INF 2026-08-23T08:27:23.991Z > 200 GET /api/v1/ 84.47ms
INF 2026-08-23T08:27:23.991Z > 200 GET /api/v1/ 86.92ms
INF 2026-08-23T08:27:23.992Z > 200 GET /api/v1/ 101.47ms
INF 2026-08-23T08:27:23.992Z > 200 GET /api/v1/ 91.1ms
INF 2026-08-23T08:27:23.992Z > 200 GET /api/v1/ 71.32ms
INF 2026-08-23T08:27:23.992Z > 200 GET /api/v1/ 102.84ms
INF 2026-08-23T08:27:23.993Z > 200 GET /api/v1/ 87.9ms
INF 2026-08-23T08:27:23.993Z > 200 GET /api/v1/ 102.35ms
INF 2026-08-23T08:27:23.995Z > 200 GET /api/v1/ 91.86ms
INF 2026-08-23T08:27:23.999Z > 200 GET /api/v1/ 100.52ms
INF 2026-08-23T08:27:23.999Z > 200 GET /api/v1/ 100.5ms
INF 2026-08-23T08:27:23.999Z > 200 GET /api/v1/ 88.85ms
INF 2026-08-23T08:27:24.000Z > 200 GET /api/v1/ 87.94ms
INF 2026-08-23T08:27:24.009Z > 200 GET /api/v1/ 57.59ms
INF 2026-08-23T08:27:24.009Z > 200 GET /api/v1/ 78.09ms
INF 2026-08-23T08:27:24.010Z > 200 GET /api/v1/ 76.55ms
INF 2026-08-23T08:27:24.010Z > 200 GET /api/v1/ 76.75ms
INF 2026-08-23T08:27:24.013Z > 200 GET /api/v1/ 80.9ms
INF 2026-08-23T08:27:24.014Z > 200 GET /api/v1/ 82.83ms
INF 2026-08-23T08:27:24.015Z > 200 GET /api/v1/ 119.81ms
INF 2026-08-23T08:27:24.015Z > 200 GET /api/v1/ 121.33ms
INF 2026-08-23T08:27:24.016Z > 200 GET /api/v1/ 72.05ms
INF 2026-08-23T08:27:24.017Z > 200 GET /api/v1/ 72.19ms
INF 2026-08-23T08:27:24.017Z > 200 GET /api/v1/ 72.2ms
INF 2026-08-23T08:27:24.018Z > 200 GET /api/v1/ 76.27ms
INF 2026-08-23T08:27:24.018Z > 200 GET /api/v1/ 76.14ms
INF 2026-08-23T08:27:24.020Z > 200 GET /api/v1/ 80.7ms
INF 2026-08-23T08:27:24.023Z > 200 GET /api/v1/ 65.54ms
INF 2026-08-23T08:27:24.024Z > 200 GET /api/v1/ 85.47ms
INF 2026-08-23T08:27:24.025Z > 200 GET /api/v1/ 86.59ms
INF 2026-08-23T08:27:24.025Z > 200 GET /api/v1/ 120.04ms
INF 2026-08-23T08:27:24.025Z > 200 GET /api/v1/ 120.18ms
INF 2026-08-23T08:27:24.026Z > 200 GET /api/v1/ 34.14ms
INF 2026-08-23T08:27:24.029Z > 200 GET /api/v1/ 77.6ms
INF 2026-08-23T08:27:24.030Z > 200 GET /api/v1/ 60.56ms
INF 2026-08-23T08:27:24.030Z > 200 GET /api/v1/ 83.19ms
INF 2026-08-23T08:27:24.031Z > 200 GET /api/v1/ 88.3ms
INF 2026-08-23T08:27:24.034Z > 200 GET /api/v1/ 76.72ms
INF 2026-08-23T08:27:24.036Z > 200 GET /api/v1/ 80.82ms
INF 2026-08-23T08:27:24.036Z > 200 GET /api/v1/ 80.61ms
INF 2026-08-23T08:27:24.038Z > 200 GET /api/v1/ 68.72ms
INF 2026-08-23T08:27:24.040Z > 200 GET /api/v1/ 70.02ms
INF 2026-08-23T08:27:24.040Z > 200 GET /api/v1/ 72.69ms
INF 2026-08-23T08:27:24.044Z > 200 GET /api/v1/ 99.47ms
INF 2026-08-23T08:27:24.046Z > 200 GET /api/v1/ 47.72ms
INF 2026-08-23T08:27:24.046Z > 200 GET /api/v1/ 48.02ms
INF 2026-08-23T08:27:24.047Z > 200 GET /api/v1/ 49.44ms
INF 2026-08-23T08:27:24.047Z > 200 GET /api/v1/ 50.91ms
INF 2026-08-23T08:27:24.047Z > 200 GET /api/v1/ 50.92ms
INF 2026-08-23T08:27:24.048Z > 200 GET /api/v1/ 50.63ms
INF 2026-08-23T08:27:24.048Z > 200 GET /api/v1/ 53.07ms
INF 2026-08-23T08:27:24.049Z > 200 GET /api/v1/ 51.9ms
INF 2026-08-23T08:27:24.049Z > 200 GET /api/v1/ 52.7ms
INF 2026-08-23T08:27:24.050Z > 200 GET /api/v1/ 39.16ms
INF 2026-08-23T08:27:24.050Z > 200 GET /api/v1/ 53.49ms
INF 2026-08-23T08:27:24.050Z > 200 GET /api/v1/ 53.05ms
INF 2026-08-23T08:27:24.051Z > 200 GET /api/v1/ 54.3ms
INF 2026-08-23T08:27:24.052Z > 200 GET /api/v1/ 56.03ms
INF 2026-08-23T08:27:24.053Z > 200 GET /api/v1/ 96.41ms
INF 2026-08-23T08:27:24.053Z > 200 GET /api/v1/ 62.68ms
INF 2026-08-23T08:27:24.053Z > 200 GET /api/v1/ 58.7ms
INF 2026-08-23T08:27:24.054Z > 200 GET /api/v1/ 60.52ms
INF 2026-08-23T08:27:24.054Z > 200 GET /api/v1/ 61.24ms
INF 2026-08-23T08:27:24.057Z > 200 GET /api/v1/ 54.33ms
INF 2026-08-23T08:27:24.057Z > 200 GET /api/v1/ 54.09ms
INF 2026-08-23T08:27:24.058Z > 200 GET /api/v1/ 55.14ms
INF 2026-08-23T08:27:24.059Z > 200 GET /api/v1/ 56.53ms
INF 2026-08-23T08:27:24.059Z > 200 GET /api/v1/ 57.65ms
INF 2026-08-23T08:27:24.060Z > 200 GET /api/v1/ 59.51ms
INF 2026-08-23T08:27:24.060Z > 200 GET /api/v1/ 58.78ms
INF 2026-08-23T08:27:24.061Z > 200 GET /api/v1/ 61.14ms
INF 2026-08-23T08:27:24.061Z > 200 GET /api/v1/ 60.78ms
INF 2026-08-23T08:27:24.063Z > 200 GET /api/v1/ 66.12ms
INF 2026-08-23T08:27:24.063Z > 200 GET /api/v1/ 52.68ms
INF 2026-08-23T08:27:24.064Z > 200 GET /api/v1/ 69.18ms
INF 2026-08-23T08:27:24.064Z > 200 GET /api/v1/ 70.25ms
INF 2026-08-23T08:27:24.065Z > 200 GET /api/v1/ 69.37ms
INF 2026-08-23T08:27:24.065Z > 200 GET /api/v1/ 71.44ms
INF 2026-08-23T08:27:24.068Z > 200 GET /api/v1/ 62.46ms
INF 2026-08-23T08:27:24.069Z > 200 GET /api/v1/ 48.81ms
INF 2026-08-23T08:27:24.070Z > 200 GET /api/v1/ 48.25ms
INF 2026-08-23T08:27:24.091Z > 200 GET /api/v1/ 79.19ms
INF 2026-08-23T08:27:24.092Z > 200 GET /api/v1/ 91.18ms
INF 2026-08-23T08:27:24.092Z > 200 GET /api/v1/ 80.17ms
INF 2026-08-23T08:27:24.101Z > 200 GET /api/v1/ 94.11ms
INF 2026-08-23T08:27:24.101Z > 200 GET /api/v1/ 94.92ms
INF 2026-08-23T08:27:24.101Z > 200 GET /api/v1/ 93.98ms
INF 2026-08-23T08:27:24.101Z > 200 GET /api/v1/ 77.43ms
INF 2026-08-23T08:27:24.102Z > 200 GET /api/v1/ 95.01ms
INF 2026-08-23T08:27:24.102Z > 200 GET /api/v1/ 82.25ms
INF 2026-08-23T08:27:24.102Z > 200 GET /api/v1/ 95.25ms
INF 2026-08-23T08:27:24.103Z > 200 GET /api/v1/ 78.41ms
INF 2026-08-23T08:27:24.104Z > 200 GET /api/v1/ 98.7ms
INF 2026-08-23T08:27:24.104Z > 200 GET /api/v1/ 82.3ms
INF 2026-08-23T08:27:24.105Z > 200 GET /api/v1/ 84.39ms
INF 2026-08-23T08:27:24.105Z > 200 GET /api/v1/ 83.16ms
INF 2026-08-23T08:27:24.112Z > 200 GET /api/v1/ 99.65ms
INF 2026-08-23T08:27:24.113Z > 200 GET /api/v1/ 69.78ms
INF 2026-08-23T08:27:24.114Z > 200 GET /api/v1/ 75.88ms
INF 2026-08-23T08:27:24.115Z > 200 GET /api/v1/ 50.2ms
INF 2026-08-23T08:27:24.115Z > 200 GET /api/v1/ 72.25ms
INF 2026-08-23T08:27:24.116Z > 200 GET /api/v1/ 76.94ms
INF 2026-08-23T08:27:24.124Z > 200 GET /api/v1/ 72.4ms
INF 2026-08-23T08:27:24.126Z > 200 GET /api/v1/ 74.13ms
INF 2026-08-23T08:27:24.129Z > 200 GET /api/v1/ 66.07ms
INF 2026-08-23T08:27:24.130Z > 200 GET /api/v1/ 86.52ms
INF 2026-08-23T08:27:24.131Z > 200 GET /api/v1/ 87.81ms
INF 2026-08-23T08:27:24.131Z > 200 GET /api/v1/ 89.21ms
INF 2026-08-23T08:27:24.132Z > 200 GET /api/v1/ 91.0ms
INF 2026-08-23T08:27:24.132Z > 200 GET /api/v1/ 90.96ms
INF 2026-08-23T08:27:24.135Z > 200 GET /api/v1/ 77.72ms
INF 2026-08-23T08:27:24.135Z > 200 GET /api/v1/ 77.81ms
INF 2026-08-23T08:27:24.136Z > 200 GET /api/v1/ 79.42ms
INF 2026-08-23T08:27:24.136Z > 200 GET /api/v1/ 66.69ms
INF 2026-08-23T08:27:24.138Z > 200 GET /api/v1/ 87.02ms
INF 2026-08-23T08:27:24.138Z > 200 GET /api/v1/ 86.4ms
INF 2026-08-23T08:27:24.138Z > 200 GET /api/v1/ 115.69ms
INF 2026-08-23T08:27:24.139Z > 200 GET /api/v1/ 38.65ms
INF 2026-08-23T08:27:24.141Z > 200 GET /api/v1/ 74.8ms
INF 2026-08-23T08:27:24.142Z > 200 GET /api/v1/ 77.3ms
INF 2026-08-23T08:27:24.142Z > 200 GET /api/v1/ 76.68ms
INF 2026-08-23T08:27:24.143Z > 200 GET /api/v1/ 80.94ms
INF 2026-08-23T08:27:24.144Z > 200 GET /api/v1/ 80.48ms
INF 2026-08-23T08:27:24.146Z > 200 GET /api/v1/ 101.92ms
INF 2026-08-23T08:27:24.146Z > 200 GET /api/v1/ 104.26ms
INF 2026-08-23T08:27:24.147Z > 200 GET /api/v1/ 58.04ms
INF 2026-08-23T08:27:24.148Z > 200 GET /api/v1/ 58.5ms
INF 2026-08-23T08:27:24.152Z > 200 GET /api/v1/ 81.66ms
INF 2026-08-23T08:27:24.152Z > 200 GET /api/v1/ 82.28ms
INF 2026-08-23T08:27:24.152Z > 200 GET /api/v1/ 97.41ms
INF 2026-08-23T08:27:24.153Z > 200 GET /api/v1/ 97.36ms
INF 2026-08-23T08:27:24.153Z > 200 GET /api/v1/ 96.82ms
INF 2026-08-23T08:27:24.154Z > 200 GET /api/v1/ 56.73ms
INF 2026-08-23T08:27:24.154Z > 200 GET /api/v1/ 59.12ms
INF 2026-08-23T08:27:24.154Z > 200 GET /api/v1/ 57.52ms
INF 2026-08-23T08:27:24.155Z > 200 GET /api/v1/ 58.06ms
INF 2026-08-23T08:27:24.155Z > 200 GET /api/v1/ 59.58ms
INF 2026-08-23T08:27:24.155Z > 200 GET /api/v1/ 59.58ms
INF 2026-08-23T08:27:24.156Z > 200 GET /api/v1/ 59.76ms
INF 2026-08-23T08:27:24.156Z > 200 GET /api/v1/ 60.39ms
INF 2026-08-23T08:27:24.156Z > 200 GET /api/v1/ 60.39ms
INF 2026-08-23T08:27:24.156Z > 200 GET /api/v1/ 60.19ms
INF 2026-08-23T08:27:24.157Z > 200 GET /api/v1/ 61.91ms
INF 2026-08-23T08:27:24.157Z > 200 GET /api/v1/ 61.71ms
INF 2026-08-23T08:27:24.157Z > 200 GET /api/v1/ 61.3ms
INF 2026-08-23T08:27:24.157Z > 200 GET /api/v1/ 63.44ms
INF 2026-08-23T08:27:24.158Z > 200 GET /api/v1/ 63.21ms
INF 2026-08-23T08:27:24.158Z > 200 GET /api/v1/ 61.93ms
INF 2026-08-23T08:27:24.158Z > 200 GET /api/v1/ 65.29ms
INF 2026-08-23T08:27:24.159Z > 200 GET /api/v1/ 65.43ms
INF 2026-08-23T08:27:24.159Z > 200 GET /api/v1/ 66.44ms
INF 2026-08-23T08:27:24.159Z > 200 GET /api/v1/ 66.17ms
INF 2026-08-23T08:27:24.160Z > 200 GET /api/v1/ 66.42ms
INF 2026-08-23T08:27:24.160Z > 200 GET /api/v1/ 65.99ms
INF 2026-08-23T08:27:24.161Z > 200 GET /api/v1/ 44.55ms
INF 2026-08-23T08:27:24.162Z > 200 GET /api/v1/ 52.35ms
INF 2026-08-23T08:27:24.162Z > 200 GET /api/v1/ 51.95ms
INF 2026-08-23T08:27:24.163Z > 200 GET /api/v1/ 53.41ms
INF 2026-08-23T08:27:24.163Z > 200 GET /api/v1/ 55.18ms
INF 2026-08-23T08:27:24.163Z > 200 GET /api/v1/ 56.37ms
INF 2026-08-23T08:27:24.163Z > 200 GET /api/v1/ 56.26ms
INF 2026-08-23T08:27:24.164Z > 200 GET /api/v1/ 55.79ms
INF 2026-08-23T08:27:24.164Z > 200 GET /api/v1/ 58.35ms
INF 2026-08-23T08:27:24.164Z > 200 GET /api/v1/ 56.47ms
INF 2026-08-23T08:27:24.165Z > 200 GET /api/v1/ 57.0ms
INF 2026-08-23T08:27:24.166Z > 200 GET /api/v1/ 61.86ms
INF 2026-08-23T08:27:24.190Z > 200 GET /api/v1/ 74.28ms
INF 2026-08-23T08:27:24.191Z > 200 GET /api/v1/ 73.92ms
INF 2026-08-23T08:27:24.193Z > 200 GET /api/v1/ 81.97ms
INF 2026-08-23T08:27:24.193Z > 200 GET /api/v1/ 103.98ms
INF 2026-08-23T08:27:24.193Z > 200 GET /api/v1/ 127.3ms
INF 2026-08-23T08:27:24.194Z > 200 GET /api/v1/ 83.33ms
INF 2026-08-23T08:27:24.195Z > 200 GET /api/v1/ 83.41ms
INF 2026-08-23T08:27:24.195Z > 200 GET /api/v1/ 91.12ms
INF 2026-08-23T08:27:24.196Z > 200 GET /api/v1/ 74.2ms
INF 2026-08-23T08:27:24.197Z > 200 GET /api/v1/ 74.87ms
INF 2026-08-23T08:27:24.198Z > 200 GET /api/v1/ 76.49ms
INF 2026-08-23T08:27:24.198Z > 200 GET /api/v1/ 75.42ms
INF 2026-08-23T08:27:24.199Z > 200 GET /api/v1/ 77.72ms
INF 2026-08-23T08:27:24.199Z > 200 GET /api/v1/ 106.79ms
INF 2026-08-23T08:27:24.208Z > 200 GET /api/v1/ 60.43ms
INF 2026-08-23T08:27:24.208Z > 200 GET /api/v1/ 62.09ms
INF 2026-08-23T08:27:24.208Z > 200 GET /api/v1/ 62.89ms
INF 2026-08-23T08:27:24.216Z > 200 GET /api/v1/ 96.29ms
INF 2026-08-23T08:27:24.220Z > 200 GET /api/v1/ 68.89ms
INF 2026-08-23T08:27:24.221Z > 200 GET /api/v1/ 70.36ms
INF 2026-08-23T08:27:24.223Z > 200 GET /api/v1/ 72.84ms
INF 2026-08-23T08:27:24.224Z > 200 GET /api/v1/ 73.59ms
INF 2026-08-23T08:27:24.224Z > 200 GET /api/v1/ 74.97ms
INF 2026-08-23T08:27:24.225Z > 200 GET /api/v1/ 76.07ms
INF 2026-08-23T08:27:24.225Z > 200 GET /api/v1/ 75.98ms
INF 2026-08-23T08:27:24.226Z > 200 GET /api/v1/ 78.4ms
INF 2026-08-23T08:27:24.226Z > 200 GET /api/v1/ 81.57ms
INF 2026-08-23T08:27:24.226Z > 200 GET /api/v1/ 61.89ms
INF 2026-08-23T08:27:24.227Z > 200 GET /api/v1/ 82.66ms
INF 2026-08-23T08:27:24.234Z > 200 GET /api/v1/ 67.75ms
INF 2026-08-23T08:27:24.237Z > 200 GET /api/v1/ 72.1ms
INF 2026-08-23T08:27:24.238Z > 200 GET /api/v1/ 73.16ms
INF 2026-08-23T08:27:24.240Z > 200 GET /api/v1/ 93.35ms
INF 2026-08-23T08:27:24.240Z > 200 GET /api/v1/ 94.24ms
INF 2026-08-23T08:27:24.241Z > 200 GET /api/v1/ 49.14ms
INF 2026-08-23T08:27:24.242Z > 200 GET /api/v1/ 52.3ms
INF 2026-08-23T08:27:24.242Z > 200 GET /api/v1/ 50.56ms
INF 2026-08-23T08:27:24.242Z > 200 GET /api/v1/ 52.95ms
INF 2026-08-23T08:27:24.243Z > 200 GET /api/v1/ 54.63ms
INF 2026-08-23T08:27:24.244Z > 200 GET /api/v1/ 54.2ms
INF 2026-08-23T08:27:24.244Z > 200 GET /api/v1/ 55.0ms
INF 2026-08-23T08:27:24.244Z > 200 GET /api/v1/ 55.37ms
INF 2026-08-23T08:27:24.245Z > 200 GET /api/v1/ 56.55ms
INF 2026-08-23T08:27:24.245Z > 200 GET /api/v1/ 56.74ms
INF 2026-08-23T08:27:24.245Z > 200 GET /api/v1/ 57.65ms
INF 2026-08-23T08:27:24.247Z > 200 GET /api/v1/ 58.02ms
INF 2026-08-23T08:27:24.247Z > 200 GET /api/v1/ 58.36ms
INF 2026-08-23T08:27:24.247Z > 200 GET /api/v1/ 60.57ms
INF 2026-08-23T08:27:24.248Z > 200 GET /api/v1/ 59.95ms
INF 2026-08-23T08:27:24.248Z > 200 GET /api/v1/ 60.37ms
INF 2026-08-23T08:27:24.248Z > 200 GET /api/v1/ 60.84ms
INF 2026-08-23T08:27:24.248Z > 200 GET /api/v1/ 61.27ms
INF 2026-08-23T08:27:24.250Z > 200 GET /api/v1/ 54.17ms
INF 2026-08-23T08:27:24.251Z > 200 GET /api/v1/ 63.4ms
INF 2026-08-23T08:27:24.251Z > 200 GET /api/v1/ 65.14ms
INF 2026-08-23T08:27:24.251Z > 200 GET /api/v1/ 63.25ms
INF 2026-08-23T08:27:24.252Z > 200 GET /api/v1/ 63.14ms
INF 2026-08-23T08:27:24.252Z > 200 GET /api/v1/ 53.14ms
INF 2026-08-23T08:27:24.254Z > 200 GET /api/v1/ 57.97ms
INF 2026-08-23T08:27:24.256Z > 200 GET /api/v1/ 52.86ms
INF 2026-08-23T08:27:24.256Z > 200 GET /api/v1/ 50.9ms
INF 2026-08-23T08:27:24.257Z > 200 GET /api/v1/ 50.58ms
INF 2026-08-23T08:27:24.257Z > 200 GET /api/v1/ 50.98ms
INF 2026-08-23T08:27:24.257Z > 200 GET /api/v1/ 52.59ms
INF 2026-08-23T08:27:24.257Z > 200 GET /api/v1/ 51.63ms
INF 2026-08-23T08:27:24.258Z > 200 GET /api/v1/ 56.1ms
INF 2026-08-23T08:27:24.258Z > 200 GET /api/v1/ 52.66ms
INF 2026-08-23T08:27:24.258Z > 200 GET /api/v1/ 52.21ms
INF 2026-08-23T08:27:24.259Z > 200 GET /api/v1/ 56.15ms
INF 2026-08-23T08:27:24.259Z > 200 GET /api/v1/ 59.16ms
INF 2026-08-23T08:27:24.259Z > 200 GET /api/v1/ 56.31ms
INF 2026-08-23T08:27:24.259Z > 200 GET /api/v1/ 58.92ms
INF 2026-08-23T08:27:24.259Z > 200 GET /api/v1/ 57.44ms
INF 2026-08-23T08:27:24.260Z > 200 GET /api/v1/ 58.81ms
INF 2026-08-23T08:27:24.276Z > 200 GET /api/v1/ 72.84ms
INF 2026-08-23T08:27:24.276Z > 200 GET /api/v1/ 75.98ms
INF 2026-08-23T08:27:24.277Z > 200 GET /api/v1/ 77.86ms
INF 2026-08-23T08:27:24.278Z > 200 GET /api/v1/ 91.87ms
INF 2026-08-23T08:27:24.279Z > 200 GET /api/v1/ 66.51ms
INF 2026-08-23T08:27:24.279Z > 200 GET /api/v1/ 62.87ms
INF 2026-08-23T08:27:24.279Z > 200 GET /api/v1/ 67.17ms
INF 2026-08-23T08:27:24.279Z > 200 GET /api/v1/ 64.56ms
INF 2026-08-23T08:27:24.280Z > 200 GET /api/v1/ 66.89ms
INF 2026-08-23T08:27:24.280Z > 200 GET /api/v1/ 68.69ms
INF 2026-08-23T08:27:24.280Z > 200 GET /api/v1/ 69.99ms
INF 2026-08-23T08:27:24.280Z > 200 GET /api/v1/ 65.23ms
INF 2026-08-23T08:27:24.280Z > 200 GET /api/v1/ 64.11ms
INF 2026-08-23T08:27:24.283Z > 200 GET /api/v1/ 89.7ms
INF 2026-08-23T08:27:24.283Z > 200 GET /api/v1/ 66.67ms
INF 2026-08-23T08:27:24.284Z > 200 GET /api/v1/ 89.97ms
INF 2026-08-23T08:27:24.284Z > 200 GET /api/v1/ 75.79ms
INF 2026-08-23T08:27:24.286Z > 200 GET /api/v1/ 47.9ms
INF 2026-08-23T08:27:24.288Z > 200 GET /api/v1/ 73.79ms
INF 2026-08-23T08:27:24.289Z > 200 GET /api/v1/ 54.12ms
INF 2026-08-23T08:27:24.289Z > 200 GET /api/v1/ 77.28ms
INF 2026-08-23T08:27:24.289Z > 200 GET /api/v1/ 75.26ms
INF 2026-08-23T08:27:24.289Z > 200 GET /api/v1/ 77.01ms
INF 2026-08-23T08:27:24.290Z > 200 GET /api/v1/ 77.13ms
INF 2026-08-23T08:27:24.291Z > 200 GET /api/v1/ 43.32ms
INF 2026-08-23T08:27:24.296Z > 200 GET /api/v1/ 53.98ms
INF 2026-08-23T08:27:24.296Z > 200 GET /api/v1/ 102.1ms
INF 2026-08-23T08:27:24.296Z > 200 GET /api/v1/ 102.44ms
INF 2026-08-23T08:27:24.298Z > 200 GET /api/v1/ 63.62ms
INF 2026-08-23T08:27:24.298Z > 200 GET /api/v1/ 63.31ms
INF 2026-08-23T08:27:24.301Z > 200 GET /api/v1/ 87.0ms
INF 2026-08-23T08:27:24.302Z > 200 GET /api/v1/ 87.23ms
INF 2026-08-23T08:27:24.305Z > 200 GET /api/v1/ 52.54ms
INF 2026-08-23T08:27:24.307Z > 200 GET /api/v1/ 70.45ms
INF 2026-08-23T08:27:24.308Z > 200 GET /api/v1/ 62.47ms
INF 2026-08-23T08:27:24.311Z > 200 GET /api/v1/ 30.21ms
INF 2026-08-23T08:27:24.312Z > 200 GET /api/v1/ 59.22ms
INF 2026-08-23T08:27:24.312Z > 200 GET /api/v1/ 62.65ms
INF 2026-08-23T08:27:24.313Z > 200 GET /api/v1/ 59.71ms
INF 2026-08-23T08:27:24.313Z > 200 GET /api/v1/ 64.44ms
INF 2026-08-23T08:27:24.315Z > 200 GET /api/v1/ 74.6ms
INF 2026-08-23T08:27:24.316Z > 200 GET /api/v1/ 75.07ms
INF 2026-08-23T08:27:24.318Z > 200 GET /api/v1/ 34.21ms
INF 2026-08-23T08:27:24.318Z > 200 GET /api/v1/ 77.46ms
INF 2026-08-23T08:27:24.319Z > 200 GET /api/v1/ 36.48ms
INF 2026-08-23T08:27:24.320Z > 200 GET /api/v1/ 37.96ms
INF 2026-08-23T08:27:24.321Z > 200 GET /api/v1/ 38.11ms
INF 2026-08-23T08:27:24.321Z > 200 GET /api/v1/ 39.53ms
INF 2026-08-23T08:27:24.322Z > 200 GET /api/v1/ 40.17ms
INF 2026-08-23T08:27:24.322Z > 200 GET /api/v1/ 39.99ms
INF 2026-08-23T08:27:24.322Z > 200 GET /api/v1/ 40.43ms
INF 2026-08-23T08:27:24.322Z > 200 GET /api/v1/ 40.13ms
INF 2026-08-23T08:27:24.323Z > 200 GET /api/v1/ 42.78ms
INF 2026-08-23T08:27:24.324Z > 200 GET /api/v1/ 42.54ms
INF 2026-08-23T08:27:24.325Z > 200 GET /api/v1/ 75.8ms
INF 2026-08-23T08:27:24.325Z > 200 GET /api/v1/ 39.09ms
INF 2026-08-23T08:27:24.326Z > 200 GET /api/v1/ 39.88ms
INF 2026-08-23T08:27:24.327Z > 200 GET /api/v1/ 28.83ms
INF 2026-08-23T08:27:24.327Z > 200 GET /api/v1/ 43.05ms
INF 2026-08-23T08:27:24.327Z > 200 GET /api/v1/ 42.5ms
INF 2026-08-23T08:27:24.328Z > 200 GET /api/v1/ 43.61ms
INF 2026-08-23T08:27:24.330Z > 200 GET /api/v1/ 34.01ms
INF 2026-08-23T08:27:24.332Z > 200 GET /api/v1/ 49.92ms
INF 2026-08-23T08:27:24.333Z > 200 GET /api/v1/ 40.29ms
INF 2026-08-23T08:27:24.333Z > 200 GET /api/v1/ 41.37ms
INF 2026-08-23T08:27:24.335Z > 200 GET /api/v1/ 43.0ms
INF 2026-08-23T08:27:24.336Z > 200 GET /api/v1/ 30.61ms
INF 2026-08-23T08:27:24.337Z > 200 GET /api/v1/ 48.96ms
INF 2026-08-23T08:27:24.337Z > 200 GET /api/v1/ 50.23ms
INF 2026-08-23T08:27:24.338Z > 200 GET /api/v1/ 49.95ms
INF 2026-08-23T08:27:24.338Z > 200 GET /api/v1/ 48.55ms
INF 2026-08-23T08:27:24.339Z > 200 GET /api/v1/ 54.81ms
INF 2026-08-23T08:27:24.340Z > 200 GET /api/v1/ 45.08ms
INF 2026-08-23T08:27:24.342Z > 200 GET /api/v1/ 47.07ms
INF 2026-08-23T08:27:24.344Z > 200 GET /api/v1/ 51.11ms
INF 2026-08-23T08:27:24.345Z > 200 GET /api/v1/ 41.97ms
INF 2026-08-23T08:27:24.346Z > 200 GET /api/v1/ 42.61ms
INF 2026-08-23T08:27:24.346Z > 200 GET /api/v1/ 56.16ms
INF 2026-08-23T08:27:24.348Z > 200 GET /api/v1/ 57.96ms
INF 2026-08-23T08:27:24.348Z > 200 GET /api/v1/ 48.22ms
INF 2026-08-23T08:27:24.349Z > 200 GET /api/v1/ 49.32ms
INF 2026-08-23T08:27:24.367Z > 200 GET /api/v1/ 80.0ms
INF 2026-08-23T08:27:24.368Z > 200 GET /api/v1/ 46.83ms
INF 2026-08-23T08:27:24.369Z > 200 GET /api/v1/ 60.84ms
INF 2026-08-23T08:27:24.369Z > 200 GET /api/v1/ 61.46ms
INF 2026-08-23T08:27:24.369Z > 200 GET /api/v1/ 63.62ms
INF 2026-08-23T08:27:24.370Z > 200 GET /api/v1/ 49.01ms
INF 2026-08-23T08:27:24.370Z > 200 GET /api/v1/ 61.9ms
INF 2026-08-23T08:27:24.371Z > 200 GET /api/v1/ 41.1ms
INF 2026-08-23T08:27:24.372Z > 200 GET /api/v1/ 67.49ms
INF 2026-08-23T08:27:24.372Z > 200 GET /api/v1/ 67.62ms
INF 2026-08-23T08:27:24.372Z > 200 GET /api/v1/ 67.12ms
INF 2026-08-23T08:27:24.373Z > 200 GET /api/v1/ 70.25ms
INF 2026-08-23T08:27:24.374Z > 200 GET /api/v1/ 69.78ms
INF 2026-08-23T08:27:24.374Z > 200 GET /api/v1/ 83.69ms
INF 2026-08-23T08:27:24.374Z > 200 GET /api/v1/ 83.54ms
INF 2026-08-23T08:27:24.374Z > 200 GET /api/v1/ 68.41ms
INF 2026-08-23T08:27:24.375Z > 200 GET /api/v1/ 72.11ms
INF 2026-08-23T08:27:24.377Z > 200 GET /api/v1/ 50.68ms
INF 2026-08-23T08:27:24.378Z > 200 GET /api/v1/ 77.14ms
INF 2026-08-23T08:27:24.378Z > 200 GET /api/v1/ 79.02ms
INF 2026-08-23T08:27:24.382Z > 200 GET /api/v1/ 82.69ms
INF 2026-08-23T08:27:24.385Z > 200 GET /api/v1/ 47.91ms
INF 2026-08-23T08:27:24.387Z > 200 GET /api/v1/ 61.26ms
INF 2026-08-23T08:27:24.390Z > 200 GET /api/v1/ 63.26ms
INF 2026-08-23T08:27:24.392Z > 200 GET /api/v1/ 71.38ms
INF 2026-08-23T08:27:24.394Z > 200 GET /api/v1/ 58.92ms
INF 2026-08-23T08:27:24.394Z > 200 GET /api/v1/ 59.99ms
INF 2026-08-23T08:27:24.395Z > 200 GET /api/v1/ 59.82ms
INF 2026-08-23T08:27:24.395Z > 200 GET /api/v1/ 60.42ms
INF 2026-08-23T08:27:24.395Z > 200 GET /api/v1/ 59.31ms
INF 2026-08-23T08:27:24.396Z > 200 GET /api/v1/ 59.43ms
INF 2026-08-23T08:27:24.396Z > 200 GET /api/v1/ 65.42ms
INF 2026-08-23T08:27:24.396Z > 200 GET /api/v1/ 65.65ms
INF 2026-08-23T08:27:24.397Z > 200 GET /api/v1/ 65.94ms
INF 2026-08-23T08:27:24.397Z > 200 GET /api/v1/ 68.12ms
INF 2026-08-23T08:27:24.398Z > 200 GET /api/v1/ 66.61ms
INF 2026-08-23T08:27:24.398Z > 200 GET /api/v1/ 68.99ms
INF 2026-08-23T08:27:24.399Z > 200 GET /api/v1/ 108.3ms
INF 2026-08-23T08:27:24.399Z > 200 GET /api/v1/ 70.33ms
INF 2026-08-23T08:27:24.399Z > 200 GET /api/v1/ 69.03ms
INF 2026-08-23T08:27:24.400Z > 200 GET /api/v1/ 96.65ms
INF 2026-08-23T08:27:24.401Z > 200 GET /api/v1/ 61.75ms
INF 2026-08-23T08:27:24.402Z > 200 GET /api/v1/ 72.67ms
INF 2026-08-23T08:27:24.403Z > 200 GET /api/v1/ 62.53ms
INF 2026-08-23T08:27:24.406Z > 200 GET /api/v1/ 61.84ms
INF 2026-08-23T08:27:24.407Z > 200 GET /api/v1/ 58.81ms
INF 2026-08-23T08:27:24.409Z > 200 GET /api/v1/ 64.45ms
INF 2026-08-23T08:27:24.409Z > 200 GET /api/v1/ 71.57ms
INF 2026-08-23T08:27:24.409Z > 200 GET /api/v1/ 76.44ms
INF 2026-08-23T08:27:24.411Z > 200 GET /api/v1/ 36.67ms
INF 2026-08-23T08:27:24.414Z > 200 GET /api/v1/ 46.34ms
INF 2026-08-23T08:27:24.414Z > 200 GET /api/v1/ 47.13ms
INF 2026-08-23T08:27:24.416Z > 200 GET /api/v1/ 66.78ms
INF 2026-08-23T08:27:24.417Z > 200 GET /api/v1/ 38.71ms
INF 2026-08-23T08:27:24.417Z > 200 GET /api/v1/ 78.0ms
INF 2026-08-23T08:27:24.424Z > 200 GET /api/v1/ 53.6ms
INF 2026-08-23T08:27:24.424Z > 200 GET /api/v1/ 45.96ms
INF 2026-08-23T08:27:24.425Z > 200 GET /api/v1/ 48.21ms
INF 2026-08-23T08:27:24.425Z > 200 GET /api/v1/ 44.02ms
INF 2026-08-23T08:27:24.426Z > 200 GET /api/v1/ 47.54ms
INF 2026-08-23T08:27:24.427Z > 200 GET /api/v1/ 46.45ms
INF 2026-08-23T08:27:24.427Z > 200 GET /api/v1/ 46.25ms
INF 2026-08-23T08:27:24.428Z > 200 GET /api/v1/ 46.92ms
INF 2026-08-23T08:27:24.428Z > 200 GET /api/v1/ 46.63ms
INF 2026-08-23T08:27:24.428Z > 200 GET /api/v1/ 47.98ms
INF 2026-08-23T08:27:24.429Z > 200 GET /api/v1/ 47.39ms
INF 2026-08-23T08:27:24.429Z > 200 GET /api/v1/ 48.12ms
INF 2026-08-23T08:27:24.430Z > 200 GET /api/v1/ 49.32ms
INF 2026-08-23T08:27:24.430Z > 200 GET /api/v1/ 48.51ms
INF 2026-08-23T08:27:24.430Z > 200 GET /api/v1/ 54.43ms
INF 2026-08-23T08:27:24.432Z > 200 GET /api/v1/ 56.74ms
INF 2026-08-23T08:27:24.432Z > 200 GET /api/v1/ 56.21ms
INF 2026-08-23T08:27:24.433Z > 200 GET /api/v1/ 45.24ms
INF 2026-08-23T08:27:24.433Z > 200 GET /api/v1/ 45.16ms
INF 2026-08-23T08:27:24.434Z > 200 GET /api/v1/ 48.48ms
INF 2026-08-23T08:27:24.434Z > 200 GET /api/v1/ 55.58ms
INF 2026-08-23T08:27:24.435Z > 200 GET /api/v1/ 35.12ms
INF 2026-08-23T08:27:24.435Z > 200 GET /api/v1/ 56.2ms
INF 2026-08-23T08:27:24.436Z > 200 GET /api/v1/ 58.56ms
INF 2026-08-23T08:27:24.436Z > 200 GET /api/v1/ 56.65ms
INF 2026-08-23T08:27:24.437Z > 200 GET /api/v1/ 55.61ms
INF 2026-08-23T08:27:24.438Z > 200 GET /api/v1/ 58.6ms
INF 2026-08-23T08:27:24.441Z > 200 GET /api/v1/ 58.8ms
INF 2026-08-23T08:27:24.442Z > 200 GET /api/v1/ 59.81ms
INF 2026-08-23T08:27:24.459Z > 200 GET /api/v1/ 68.04ms
INF 2026-08-23T08:27:24.459Z > 200 GET /api/v1/ 66.39ms
INF 2026-08-23T08:27:24.459Z > 200 GET /api/v1/ 73.68ms
INF 2026-08-23T08:27:24.459Z > 200 GET /api/v1/ 75.91ms
INF 2026-08-23T08:27:24.459Z > 200 GET /api/v1/ 75.82ms
INF 2026-08-23T08:27:24.460Z > 200 GET /api/v1/ 68.49ms
INF 2026-08-23T08:27:24.460Z > 200 GET /api/v1/ 75.73ms
INF 2026-08-23T08:27:24.460Z > 200 GET /api/v1/ 69.92ms
INF 2026-08-23T08:27:24.460Z > 200 GET /api/v1/ 78.5ms
INF 2026-08-23T08:27:24.464Z > 200 GET /api/v1/ 74.85ms
INF 2026-08-23T08:27:24.465Z > 200 GET /api/v1/ 86.16ms
INF 2026-08-23T08:27:24.466Z > 200 GET /api/v1/ 88.4ms
INF 2026-08-23T08:27:24.467Z > 200 GET /api/v1/ 89.2ms
INF 2026-08-23T08:27:24.468Z > 200 GET /api/v1/ 68.63ms
INF 2026-08-23T08:27:24.471Z > 200 GET /api/v1/ 81.02ms
INF 2026-08-23T08:27:24.472Z > 200 GET /api/v1/ 88.03ms
INF 2026-08-23T08:27:24.472Z > 200 GET /api/v1/ 57.97ms
INF 2026-08-23T08:27:24.473Z > 200 GET /api/v1/ 44.95ms
INF 2026-08-23T08:27:24.473Z > 200 GET /api/v1/ 60.33ms
INF 2026-08-23T08:27:24.473Z > 200 GET /api/v1/ 60.94ms
INF 2026-08-23T08:27:24.480Z > 200 GET /api/v1/ 60.0ms
INF 2026-08-23T08:27:24.481Z > 200 GET /api/v1/ 61.89ms
INF 2026-08-23T08:27:24.483Z > 200 GET /api/v1/ 49.41ms
INF 2026-08-23T08:27:24.484Z > 200 GET /api/v1/ 64.07ms
INF 2026-08-23T08:27:24.487Z > 200 GET /api/v1/ 67.38ms
INF 2026-08-23T08:27:24.488Z > 200 GET /api/v1/ 69.06ms
INF 2026-08-23T08:27:24.492Z > 200 GET /api/v1/ 80.96ms
INF 2026-08-23T08:27:24.493Z > 200 GET /api/v1/ 81.21ms
INF 2026-08-23T08:27:24.493Z > 200 GET /api/v1/ 82.38ms
INF 2026-08-23T08:27:24.494Z > 200 GET /api/v1/ 73.31ms
INF 2026-08-23T08:27:24.495Z > 200 GET /api/v1/ 73.98ms
INF 2026-08-23T08:27:24.495Z > 200 GET /api/v1/ 73.18ms
INF 2026-08-23T08:27:24.496Z > 200 GET /api/v1/ 73.98ms
INF 2026-08-23T08:27:24.496Z > 200 GET /api/v1/ 73.41ms
INF 2026-08-23T08:27:24.497Z > 200 GET /api/v1/ 77.11ms
INF 2026-08-23T08:27:24.498Z > 200 GET /api/v1/ 63.77ms
INF 2026-08-23T08:27:24.505Z > 200 GET /api/v1/ 65.89ms
INF 2026-08-23T08:27:24.506Z > 200 GET /api/v1/ 64.11ms
INF 2026-08-23T08:27:24.507Z > 200 GET /api/v1/ 76.0ms
INF 2026-08-23T08:27:24.507Z > 200 GET /api/v1/ 38.77ms
INF 2026-08-23T08:27:24.507Z > 200 GET /api/v1/ 39.94ms
INF 2026-08-23T08:27:24.509Z > 200 GET /api/v1/ 71.75ms
INF 2026-08-23T08:27:24.509Z > 200 GET /api/v1/ 42.44ms
INF 2026-08-23T08:27:24.509Z > 200 GET /api/v1/ 44.5ms
INF 2026-08-23T08:27:24.510Z > 200 GET /api/v1/ 43.32ms
INF 2026-08-23T08:27:24.510Z > 200 GET /api/v1/ 46.11ms
INF 2026-08-23T08:27:24.511Z > 200 GET /api/v1/ 37.31ms
INF 2026-08-23T08:27:24.511Z > 200 GET /api/v1/ 44.07ms
INF 2026-08-23T08:27:24.511Z > 200 GET /api/v1/ 70.64ms
INF 2026-08-23T08:27:24.511Z > 200 GET /api/v1/ 44.44ms
INF 2026-08-23T08:27:24.512Z > 200 GET /api/v1/ 70.5ms
INF 2026-08-23T08:27:24.512Z > 200 GET /api/v1/ 70.35ms
INF 2026-08-23T08:27:24.513Z > 200 GET /api/v1/ 72.57ms
INF 2026-08-23T08:27:24.514Z > 200 GET /api/v1/ 74.1ms
INF 2026-08-23T08:27:24.515Z > 200 GET /api/v1/ 75.81ms
INF 2026-08-23T08:27:24.516Z > 200 GET /api/v1/ 57.1ms
INF 2026-08-23T08:27:24.516Z > 200 GET /api/v1/ 84.35ms
INF 2026-08-23T08:27:24.517Z > 200 GET /api/v1/ 98.98ms
INF 2026-08-23T08:27:24.517Z > 200 GET /api/v1/ 54.94ms
INF 2026-08-23T08:27:24.517Z > 200 GET /api/v1/ 55.34ms
INF 2026-08-23T08:27:24.517Z > 200 GET /api/v1/ 50.24ms
INF 2026-08-23T08:27:24.518Z > 200 GET /api/v1/ 54.83ms
INF 2026-08-23T08:27:24.518Z > 200 GET /api/v1/ 55.45ms
INF 2026-08-23T08:27:24.518Z > 200 GET /api/v1/ 57.66ms
INF 2026-08-23T08:27:24.519Z > 200 GET /api/v1/ 57.39ms
INF 2026-08-23T08:27:24.520Z > 200 GET /api/v1/ 51.08ms
INF 2026-08-23T08:27:24.522Z > 200 GET /api/v1/ 53.07ms
INF 2026-08-23T08:27:24.523Z > 200 GET /api/v1/ 54.16ms
INF 2026-08-23T08:27:24.525Z > 200 GET /api/v1/ 51.43ms
INF 2026-08-23T08:27:24.525Z > 200 GET /api/v1/ 52.03ms
INF 2026-08-23T08:27:24.528Z > 200 GET /api/v1/ 66.13ms
INF 2026-08-23T08:27:24.529Z > 200 GET /api/v1/ 67.33ms
INF 2026-08-23T08:27:24.529Z > 200 GET /api/v1/ 66.48ms
INF 2026-08-23T08:27:24.529Z > 200 GET /api/v1/ 66.81ms
INF 2026-08-23T08:27:24.530Z > 200 GET /api/v1/ 51.27ms
INF 2026-08-23T08:27:24.530Z > 200 GET /api/v1/ 48.99ms
INF 2026-08-23T08:27:24.530Z > 200 GET /api/v1/ 51.35ms
INF 2026-08-23T08:27:24.531Z > 200 GET /api/v1/ 51.7ms
INF 2026-08-23T08:27:24.531Z > 200 GET /api/v1/ 51.72ms
INF 2026-08-23T08:27:24.548Z > 200 GET /api/v1/ 68.53ms
INF 2026-08-23T08:27:24.548Z > 200 GET /api/v1/ 80.89ms
INF 2026-08-23T08:27:24.549Z > 200 GET /api/v1/ 84.79ms
INF 2026-08-23T08:27:24.550Z > 200 GET /api/v1/ 72.57ms
INF 2026-08-23T08:27:24.550Z > 200 GET /api/v1/ 74.76ms
INF 2026-08-23T08:27:24.554Z > 200 GET /api/v1/ 68.52ms
INF 2026-08-23T08:27:24.554Z > 200 GET /api/v1/ 69.45ms
INF 2026-08-23T08:27:24.554Z > 200 GET /api/v1/ 68.9ms
INF 2026-08-23T08:27:24.555Z > 200 GET /api/v1/ 73.24ms
INF 2026-08-23T08:27:24.555Z > 200 GET /api/v1/ 73.05ms
INF 2026-08-23T08:27:24.555Z > 200 GET /api/v1/ 93.83ms
INF 2026-08-23T08:27:24.555Z > 200 GET /api/v1/ 91.75ms
INF 2026-08-23T08:27:24.555Z > 200 GET /api/v1/ 93.3ms
INF 2026-08-23T08:27:24.556Z > 200 GET /api/v1/ 93.31ms
INF 2026-08-23T08:27:24.556Z > 200 GET /api/v1/ 73.9ms
INF 2026-08-23T08:27:24.556Z > 200 GET /api/v1/ 43.82ms
INF 2026-08-23T08:27:24.556Z > 200 GET /api/v1/ 44.54ms
INF 2026-08-23T08:27:24.560Z > 200 GET /api/v1/ 48.88ms
INF 2026-08-23T08:27:24.560Z > 200 GET /api/v1/ 67.13ms
INF 2026-08-23T08:27:24.561Z > 200 GET /api/v1/ 84.9ms
INF 2026-08-23T08:27:24.562Z > 200 GET /api/v1/ 57.99ms
INF 2026-08-23T08:27:24.563Z > 200 GET /api/v1/ 56.2ms
INF 2026-08-23T08:27:24.563Z > 200 GET /api/v1/ 58.55ms
INF 2026-08-23T08:27:24.568Z > 200 GET /api/v1/ 63.95ms
INF 2026-08-23T08:27:24.569Z > 200 GET /api/v1/ 64.97ms
INF 2026-08-23T08:27:24.569Z > 200 GET /api/v1/ 64.21ms
INF 2026-08-23T08:27:24.569Z > 200 GET /api/v1/ 64.03ms
INF 2026-08-23T08:27:24.569Z > 200 GET /api/v1/ 51.03ms
INF 2026-08-23T08:27:24.570Z > 200 GET /api/v1/ 87.29ms
INF 2026-08-23T08:27:24.575Z > 200 GET /api/v1/ 69.29ms
INF 2026-08-23T08:27:24.576Z > 200 GET /api/v1/ 85.16ms
INF 2026-08-23T08:27:24.576Z > 200 GET /api/v1/ 100.74ms
INF 2026-08-23T08:27:24.576Z > 200 GET /api/v1/ 69.19ms
INF 2026-08-23T08:27:24.577Z > 200 GET /api/v1/ 85.71ms
INF 2026-08-23T08:27:24.578Z > 200 GET /api/v1/ 59.8ms
INF 2026-08-23T08:27:24.578Z > 200 GET /api/v1/ 56.95ms
INF 2026-08-23T08:27:24.579Z > 200 GET /api/v1/ 60.06ms
INF 2026-08-23T08:27:24.579Z > 200 GET /api/v1/ 58.48ms
INF 2026-08-23T08:27:24.579Z > 200 GET /api/v1/ 58.41ms
INF 2026-08-23T08:27:24.580Z > 200 GET /api/v1/ 70.17ms
INF 2026-08-23T08:27:24.582Z > 200 GET /api/v1/ 52.43ms
INF 2026-08-23T08:27:24.588Z > 200 GET /api/v1/ 64.71ms
INF 2026-08-23T08:27:24.589Z > 200 GET /api/v1/ 38.36ms
INF 2026-08-23T08:27:24.590Z > 200 GET /api/v1/ 34.04ms
INF 2026-08-23T08:27:24.590Z > 200 GET /api/v1/ 64.62ms
INF 2026-08-23T08:27:24.591Z > 200 GET /api/v1/ 36.0ms
INF 2026-08-23T08:27:24.592Z > 200 GET /api/v1/ 40.05ms
INF 2026-08-23T08:27:24.592Z > 200 GET /api/v1/ 40.28ms
INF 2026-08-23T08:27:24.593Z > 200 GET /api/v1/ 40.44ms
INF 2026-08-23T08:27:24.593Z > 200 GET /api/v1/ 40.9ms
INF 2026-08-23T08:27:24.594Z > 200 GET /api/v1/ 41.95ms
INF 2026-08-23T08:27:24.594Z > 200 GET /api/v1/ 43.92ms
INF 2026-08-23T08:27:24.595Z > 200 GET /api/v1/ 42.48ms
INF 2026-08-23T08:27:24.595Z > 200 GET /api/v1/ 43.18ms
INF 2026-08-23T08:27:24.595Z > 200 GET /api/v1/ 43.67ms
INF 2026-08-23T08:27:24.596Z > 200 GET /api/v1/ 44.2ms
INF 2026-08-23T08:27:24.596Z > 200 GET /api/v1/ 71.89ms
INF 2026-08-23T08:27:24.596Z > 200 GET /api/v1/ 71.78ms
INF 2026-08-23T08:27:24.597Z > 200 GET /api/v1/ 44.99ms
INF 2026-08-23T08:27:24.597Z > 200 GET /api/v1/ 43.83ms
INF 2026-08-23T08:27:24.598Z > 200 GET /api/v1/ 34.68ms
INF 2026-08-23T08:27:24.598Z > 200 GET /api/v1/ 47.01ms
INF 2026-08-23T08:27:24.599Z > 200 GET /api/v1/ 48.15ms
INF 2026-08-23T08:27:24.600Z > 200 GET /api/v1/ 43.08ms
INF 2026-08-23T08:27:24.601Z > 200 GET /api/v1/ 43.97ms
INF 2026-08-23T08:27:24.604Z > 200 GET /api/v1/ 77.55ms
INF 2026-08-23T08:27:24.605Z > 200 GET /api/v1/ 38.58ms
INF 2026-08-23T08:27:24.605Z > 200 GET /api/v1/ 39.33ms
INF 2026-08-23T08:27:24.606Z > 200 GET /api/v1/ 42.54ms
INF 2026-08-23T08:27:24.606Z > 200 GET /api/v1/ 44.92ms
INF 2026-08-23T08:27:24.607Z > 200 GET /api/v1/ 44.93ms
INF 2026-08-23T08:27:24.607Z > 200 GET /api/v1/ 46.28ms
INF 2026-08-23T08:27:24.607Z > 200 GET /api/v1/ 46.76ms
INF 2026-08-23T08:27:24.607Z > 200 GET /api/v1/ 48.6ms
INF 2026-08-23T08:27:24.608Z > 200 GET /api/v1/ 48.71ms
INF 2026-08-23T08:27:24.608Z > 200 GET /api/v1/ 50.56ms
INF 2026-08-23T08:27:24.609Z > 200 GET /api/v1/ 49.66ms
INF 2026-08-23T08:27:24.610Z > 200 GET /api/v1/ 52.79ms
INF 2026-08-23T08:27:24.611Z > 200 GET /api/v1/ 41.68ms
INF 2026-08-23T08:27:24.613Z > 200 GET /api/v1/ 44.92ms
INF 2026-08-23T08:27:24.613Z > 200 GET /api/v1/ 47.06ms
INF 2026-08-23T08:27:24.613Z > 200 GET /api/v1/ 45.55ms
INF 2026-08-23T08:27:24.614Z > 200 GET /api/v1/ 47.1ms
INF 2026-08-23T08:27:24.615Z > 200 GET /api/v1/ 41.33ms
INF 2026-08-23T08:27:24.633Z > 200 GET /api/v1/ 58.82ms
INF 2026-08-23T08:27:24.634Z > 200 GET /api/v1/ 61.2ms
INF 2026-08-23T08:27:24.634Z > 200 GET /api/v1/ 75.56ms
INF 2026-08-23T08:27:24.636Z > 200 GET /api/v1/ 77.49ms
INF 2026-08-23T08:27:24.636Z > 200 GET /api/v1/ 65.6ms
INF 2026-08-23T08:27:24.636Z > 200 GET /api/v1/ 64.43ms
INF 2026-08-23T08:27:24.637Z > 200 GET /api/v1/ 75.89ms
INF 2026-08-23T08:27:24.640Z > 200 GET /api/v1/ 46.62ms
INF 2026-08-23T08:27:24.641Z > 200 GET /api/v1/ 58.41ms
INF 2026-08-23T08:27:24.641Z > 200 GET /api/v1/ 60.09ms
INF 2026-08-23T08:27:24.642Z > 200 GET /api/v1/ 71.22ms
INF 2026-08-23T08:27:24.642Z > 200 GET /api/v1/ 59.69ms
INF 2026-08-23T08:27:24.642Z > 200 GET /api/v1/ 72.13ms
INF 2026-08-23T08:27:24.642Z > 200 GET /api/v1/ 72.14ms
INF 2026-08-23T08:27:24.643Z > 200 GET /api/v1/ 72.75ms
INF 2026-08-23T08:27:24.643Z > 200 GET /api/v1/ 60.94ms
INF 2026-08-23T08:27:24.644Z > 200 GET /api/v1/ 74.06ms
INF 2026-08-23T08:27:24.647Z > 200 GET /api/v1/ 46.48ms
INF 2026-08-23T08:27:24.650Z > 200 GET /api/v1/ 43.5ms
INF 2026-08-23T08:27:24.651Z > 200 GET /api/v1/ 42.99ms
INF 2026-08-23T08:27:24.657Z > 200 GET /api/v1/ 51.18ms
INF 2026-08-23T08:27:24.659Z > 200 GET /api/v1/ 62.26ms
INF 2026-08-23T08:27:24.663Z > 200 GET /api/v1/ 65.9ms
INF 2026-08-23T08:27:24.668Z > 200 GET /api/v1/ 64.6ms
INF 2026-08-23T08:27:24.669Z > 200 GET /api/v1/ 61.13ms
INF 2026-08-23T08:27:24.669Z > 200 GET /api/v1/ 67.54ms
INF 2026-08-23T08:27:24.669Z > 200 GET /api/v1/ 66.93ms
INF 2026-08-23T08:27:24.670Z > 200 GET /api/v1/ 64.24ms
INF 2026-08-23T08:27:24.670Z > 200 GET /api/v1/ 67.57ms
INF 2026-08-23T08:27:24.670Z > 200 GET /api/v1/ 70.41ms
INF 2026-08-23T08:27:24.670Z > 200 GET /api/v1/ 69.08ms
INF 2026-08-23T08:27:24.671Z > 200 GET /api/v1/ 70.73ms
INF 2026-08-23T08:27:24.671Z > 200 GET /api/v1/ 71.17ms
INF 2026-08-23T08:27:24.672Z > 200 GET /api/v1/ 70.8ms
INF 2026-08-23T08:27:24.672Z > 200 GET /api/v1/ 68.66ms
INF 2026-08-23T08:27:24.680Z > 200 GET /api/v1/ 45.74ms
INF 2026-08-23T08:27:24.683Z > 200 GET /api/v1/ 78.27ms
INF 2026-08-23T08:27:24.686Z > 200 GET /api/v1/ 83.71ms
INF 2026-08-23T08:27:24.686Z > 200 GET /api/v1/ 85.07ms
INF 2026-08-23T08:27:24.686Z > 200 GET /api/v1/ 84.08ms
INF 2026-08-23T08:27:24.687Z > 200 GET /api/v1/ 48.43ms
INF 2026-08-23T08:27:24.688Z > 200 GET /api/v1/ 48.33ms
INF 2026-08-23T08:27:24.688Z > 200 GET /api/v1/ 48.45ms
INF 2026-08-23T08:27:24.688Z > 200 GET /api/v1/ 49.37ms
INF 2026-08-23T08:27:24.688Z > 200 GET /api/v1/ 50.59ms
INF 2026-08-23T08:27:24.689Z > 200 GET /api/v1/ 49.4ms
INF 2026-08-23T08:27:24.689Z > 200 GET /api/v1/ 51.83ms
INF 2026-08-23T08:27:24.690Z > 200 GET /api/v1/ 50.71ms
INF 2026-08-23T08:27:24.691Z > 200 GET /api/v1/ 52.32ms
INF 2026-08-23T08:27:24.691Z > 200 GET /api/v1/ 52.41ms
INF 2026-08-23T08:27:24.692Z > 200 GET /api/v1/ 57.45ms
INF 2026-08-23T08:27:24.692Z > 200 GET /api/v1/ 54.73ms
INF 2026-08-23T08:27:24.693Z > 200 GET /api/v1/ 57.83ms
INF 2026-08-23T08:27:24.693Z > 200 GET /api/v1/ 55.36ms
INF 2026-08-23T08:27:24.693Z > 200 GET /api/v1/ 55.38ms
INF 2026-08-23T08:27:24.693Z > 200 GET /api/v1/ 56.08ms
INF 2026-08-23T08:27:24.694Z > 200 GET /api/v1/ 59.36ms
INF 2026-08-23T08:27:24.695Z > 200 GET /api/v1/ 60.22ms
INF 2026-08-23T08:27:24.696Z > 200 GET /api/v1/ 61.88ms
INF 2026-08-23T08:27:24.698Z > 200 GET /api/v1/ 51.85ms
INF 2026-08-23T08:27:24.698Z > 200 GET /api/v1/ 50.34ms
INF 2026-08-23T08:27:24.698Z > 200 GET /api/v1/ 51.98ms
INF 2026-08-23T08:27:24.699Z > 200 GET /api/v1/ 53.65ms
INF 2026-08-23T08:27:24.699Z > 200 GET /api/v1/ 54.5ms
INF 2026-08-23T08:27:24.701Z > 200 GET /api/v1/ 42.23ms
INF 2026-08-23T08:27:24.703Z > 200 GET /api/v1/ 65.02ms
INF 2026-08-23T08:27:24.703Z > 200 GET /api/v1/ 57.72ms
INF 2026-08-23T08:27:24.703Z > 200 GET /api/v1/ 62.7ms
INF 2026-08-23T08:27:24.704Z > 200 GET /api/v1/ 63.48ms
INF 2026-08-23T08:27:24.704Z > 200 GET /api/v1/ 63.05ms
INF 2026-08-23T08:27:24.704Z > 200 GET /api/v1/ 64.15ms
INF 2026-08-23T08:27:24.705Z > 200 GET /api/v1/ 49.2ms
INF 2026-08-23T08:27:24.705Z > 200 GET /api/v1/ 55.14ms
INF 2026-08-23T08:27:24.705Z > 200 GET /api/v1/ 54.2ms
INF 2026-08-23T08:27:24.705Z > 200 GET /api/v1/ 52.28ms
INF 2026-08-23T08:27:24.706Z > 200 GET /api/v1/ 70.08ms
INF 2026-08-23T08:27:24.706Z > 200 GET /api/v1/ 56.87ms
INF 2026-08-23T08:27:24.707Z > 200 GET /api/v1/ 57.5ms
INF 2026-08-23T08:27:24.708Z > 200 GET /api/v1/ 71.96ms
INF 2026-08-23T08:27:24.708Z > 200 GET /api/v1/ 72.58ms
INF 2026-08-23T08:27:24.708Z > 200 GET /api/v1/ 60.85ms
INF 2026-08-23T08:27:24.710Z > 200 GET /api/v1/ 74.36ms
INF 2026-08-23T08:27:24.710Z > 200 GET /api/v1/ 64.69ms
INF 2026-08-23T08:27:24.729Z > 200 GET /api/v1/ 81.5ms
INF 2026-08-23T08:27:24.731Z > 200 GET /api/v1/ 84.18ms
INF 2026-08-23T08:27:24.736Z > 200 GET /api/v1/ 74.79ms
INF 2026-08-23T08:27:24.736Z > 200 GET /api/v1/ 76.26ms
INF 2026-08-23T08:27:24.737Z > 200 GET /api/v1/ 77.42ms
INF 2026-08-23T08:27:24.737Z > 200 GET /api/v1/ 79.61ms
INF 2026-08-23T08:27:24.738Z > 200 GET /api/v1/ 93.39ms
INF 2026-08-23T08:27:24.739Z > 200 GET /api/v1/ 90.38ms
INF 2026-08-23T08:27:24.739Z > 200 GET /api/v1/ 90.82ms
INF 2026-08-23T08:27:24.740Z > 200 GET /api/v1/ 81.87ms
INF 2026-08-23T08:27:24.740Z > 200 GET /api/v1/ 91.49ms
INF 2026-08-23T08:27:24.743Z > 200 GET /api/v1/ 97.24ms
INF 2026-08-23T08:27:24.744Z > 200 GET /api/v1/ 82.42ms
INF 2026-08-23T08:27:24.744Z > 200 GET /api/v1/ 97.66ms
INF 2026-08-23T08:27:24.744Z > 200 GET /api/v1/ 80.99ms
INF 2026-08-23T08:27:24.746Z > 200 GET /api/v1/ 82.13ms
INF 2026-08-23T08:27:24.752Z > 200 GET /api/v1/ 57.2ms
INF 2026-08-23T08:27:24.752Z > 200 GET /api/v1/ 58.83ms
INF 2026-08-23T08:27:24.754Z > 200 GET /api/v1/ 63.13ms
INF 2026-08-23T08:27:24.755Z > 200 GET /api/v1/ 71.45ms
INF 2026-08-23T08:27:24.755Z > 200 GET /api/v1/ 74.01ms
INF 2026-08-23T08:27:24.755Z > 200 GET /api/v1/ 74.87ms
INF 2026-08-23T08:27:24.756Z > 200 GET /api/v1/ 74.23ms
INF 2026-08-23T08:27:24.766Z > 200 GET /api/v1/ 88.02ms
INF 2026-08-23T08:27:24.767Z > 200 GET /api/v1/ 73.47ms
INF 2026-08-23T08:27:24.768Z > 200 GET /api/v1/ 73.89ms
INF 2026-08-23T08:27:24.769Z > 200 GET /api/v1/ 77.41ms
INF 2026-08-23T08:27:24.769Z > 200 GET /api/v1/ 78.07ms
INF 2026-08-23T08:27:24.770Z > 200 GET /api/v1/ 80.53ms
INF 2026-08-23T08:27:24.770Z > 200 GET /api/v1/ 80.56ms
INF 2026-08-23T08:27:24.771Z > 200 GET /api/v1/ 63.24ms
INF 2026-08-23T08:27:24.776Z > 200 GET /api/v1/ 45.4ms
INF 2026-08-23T08:27:24.778Z > 200 GET /api/v1/ 115.68ms
INF 2026-08-23T08:27:24.782Z > 200 GET /api/v1/ 81.6ms
INF 2026-08-23T08:27:24.782Z > 200 GET /api/v1/ 80.73ms
INF 2026-08-23T08:27:24.783Z > 200 GET /api/v1/ 43.17ms
INF 2026-08-23T08:27:24.784Z > 200 GET /api/v1/ 84.84ms
INF 2026-08-23T08:27:24.785Z > 200 GET /api/v1/ 95.89ms
INF 2026-08-23T08:27:24.785Z > 200 GET /api/v1/ 102.28ms
INF 2026-08-23T08:27:24.786Z > 200 GET /api/v1/ 81.38ms
INF 2026-08-23T08:27:24.786Z > 200 GET /api/v1/ 102.17ms
INF 2026-08-23T08:27:24.786Z > 200 GET /api/v1/ 50.69ms
INF 2026-08-23T08:27:24.786Z > 200 GET /api/v1/ 51.65ms
INF 2026-08-23T08:27:24.787Z > 200 GET /api/v1/ 51.27ms
INF 2026-08-23T08:27:24.788Z > 200 GET /api/v1/ 53.57ms
INF 2026-08-23T08:27:24.788Z > 200 GET /api/v1/ 54.96ms
INF 2026-08-23T08:27:24.789Z > 200 GET /api/v1/ 56.57ms
INF 2026-08-23T08:27:24.789Z > 200 GET /api/v1/ 56.22ms
INF 2026-08-23T08:27:24.789Z > 200 GET /api/v1/ 55.95ms
INF 2026-08-23T08:27:24.790Z > 200 GET /api/v1/ 54.66ms
INF 2026-08-23T08:27:24.790Z > 200 GET /api/v1/ 58.16ms
INF 2026-08-23T08:27:24.790Z > 200 GET /api/v1/ 58.21ms
INF 2026-08-23T08:27:24.791Z > 200 GET /api/v1/ 56.47ms
INF 2026-08-23T08:27:24.791Z > 200 GET /api/v1/ 55.88ms
INF 2026-08-23T08:27:24.791Z > 200 GET /api/v1/ 58.5ms
INF 2026-08-23T08:27:24.791Z > 200 GET /api/v1/ 57.32ms
INF 2026-08-23T08:27:24.792Z > 200 GET /api/v1/ 59.11ms
INF 2026-08-23T08:27:24.792Z > 200 GET /api/v1/ 58.16ms
INF 2026-08-23T08:27:24.792Z > 200 GET /api/v1/ 61.5ms
INF 2026-08-23T08:27:24.793Z > 200 GET /api/v1/ 59.95ms
INF 2026-08-23T08:27:24.793Z > 200 GET /api/v1/ 61.53ms
INF 2026-08-23T08:27:24.793Z > 200 GET /api/v1/ 60.92ms
INF 2026-08-23T08:27:24.793Z > 200 GET /api/v1/ 61.77ms
INF 2026-08-23T08:27:24.794Z > 200 GET /api/v1/ 52.24ms
INF 2026-08-23T08:27:24.795Z > 200 GET /api/v1/ 50.81ms
INF 2026-08-23T08:27:24.800Z > 200 GET /api/v1/ 57.26ms
INF 2026-08-23T08:27:24.800Z > 200 GET /api/v1/ 57.24ms
INF 2026-08-23T08:27:24.801Z > 200 GET /api/v1/ 60.34ms
INF 2026-08-23T08:27:24.801Z > 200 GET /api/v1/ 59.58ms
INF 2026-08-23T08:27:24.802Z > 200 GET /api/v1/ 61.91ms
INF 2026-08-23T08:27:24.802Z > 200 GET /api/v1/ 61.14ms
INF 2026-08-23T08:27:24.802Z > 200 GET /api/v1/ 62.1ms
INF 2026-08-23T08:27:24.805Z > 200 GET /api/v1/ 56.65ms
INF 2026-08-23T08:27:24.806Z > 200 GET /api/v1/ 60.33ms
INF 2026-08-23T08:27:24.807Z > 200 GET /api/v1/ 64.97ms
INF 2026-08-23T08:27:24.808Z > 200 GET /api/v1/ 69.75ms
INF 2026-08-23T08:27:24.828Z > 200 GET /api/v1/ 98.67ms
INF 2026-08-23T08:27:24.829Z > 200 GET /api/v1/ 86.78ms
INF 2026-08-23T08:27:24.834Z > 200 GET /api/v1/ 76.34ms
INF 2026-08-23T08:27:24.834Z > 200 GET /api/v1/ 77.04ms
INF 2026-08-23T08:27:24.835Z > 200 GET /api/v1/ 86.94ms
INF 2026-08-23T08:27:24.835Z > 200 GET /api/v1/ 96.88ms
INF 2026-08-23T08:27:24.836Z > 200 GET /api/v1/ 82.84ms
INF 2026-08-23T08:27:24.836Z > 200 GET /api/v1/ 83.02ms
INF 2026-08-23T08:27:24.837Z > 200 GET /api/v1/ 84.23ms
INF 2026-08-23T08:27:24.840Z > 200 GET /api/v1/ 94.84ms
INF 2026-08-23T08:27:24.840Z > 200 GET /api/v1/ 95.3ms
INF 2026-08-23T08:27:24.840Z > 200 GET /api/v1/ 79.2ms
INF 2026-08-23T08:27:24.842Z > 200 GET /api/v1/ 97.13ms
INF 2026-08-23T08:27:24.842Z > 200 GET /api/v1/ 80.68ms
INF 2026-08-23T08:27:24.842Z > 200 GET /api/v1/ 79.59ms
INF 2026-08-23T08:27:24.842Z > 200 GET /api/v1/ 79.4ms
INF 2026-08-23T08:27:24.843Z > 200 GET /api/v1/ 81.14ms
INF 2026-08-23T08:27:24.843Z > 200 GET /api/v1/ 78.98ms
INF 2026-08-23T08:27:24.843Z > 200 GET /api/v1/ 81.18ms
INF 2026-08-23T08:27:24.847Z > 200 GET /api/v1/ 84.04ms
INF 2026-08-23T08:27:24.854Z > 200 GET /api/v1/ 66.35ms
INF 2026-08-23T08:27:24.855Z > 200 GET /api/v1/ 82.74ms
INF 2026-08-23T08:27:24.855Z > 200 GET /api/v1/ 68.84ms
INF 2026-08-23T08:27:24.856Z > 200 GET /api/v1/ 70.71ms
INF 2026-08-23T08:27:24.857Z > 200 GET /api/v1/ 76.81ms
INF 2026-08-23T08:27:24.858Z > 200 GET /api/v1/ 77.82ms
INF 2026-08-23T08:27:24.858Z > 200 GET /api/v1/ 56.67ms
INF 2026-08-23T08:27:24.858Z > 200 GET /api/v1/ 77.52ms
INF 2026-08-23T08:27:24.864Z > 200 GET /api/v1/ 103.95ms
INF 2026-08-23T08:27:24.865Z > 200 GET /api/v1/ 104.87ms
INF 2026-08-23T08:27:24.866Z > 200 GET /api/v1/ 106.24ms
INF 2026-08-23T08:27:24.867Z > 200 GET /api/v1/ 102.62ms
INF 2026-08-23T08:27:24.868Z > 200 GET /api/v1/ 89.71ms
INF 2026-08-23T08:27:24.868Z > 200 GET /api/v1/ 72.48ms
INF 2026-08-23T08:27:24.869Z > 200 GET /api/v1/ 90.2ms
INF 2026-08-23T08:27:24.869Z > 200 GET /api/v1/ 72.93ms
INF 2026-08-23T08:27:24.871Z > 200 GET /api/v1/ 75.5ms
INF 2026-08-23T08:27:24.871Z > 200 GET /api/v1/ 77.43ms
INF 2026-08-23T08:27:24.872Z > 200 GET /api/v1/ 83.37ms
INF 2026-08-23T08:27:24.873Z > 200 GET /api/v1/ 72.63ms
INF 2026-08-23T08:27:24.873Z > 200 GET /api/v1/ 72.04ms
INF 2026-08-23T08:27:24.874Z > 200 GET /api/v1/ 74.83ms
INF 2026-08-23T08:27:24.874Z > 200 GET /api/v1/ 74.66ms
INF 2026-08-23T08:27:24.874Z > 200 GET /api/v1/ 74.68ms
INF 2026-08-23T08:27:24.879Z > 200 GET /api/v1/ 50.27ms
INF 2026-08-23T08:27:24.886Z > 200 GET /api/v1/ 81.5ms
INF 2026-08-23T08:27:24.887Z > 200 GET /api/v1/ 54.77ms
INF 2026-08-23T08:27:24.888Z > 200 GET /api/v1/ 57.46ms
INF 2026-08-23T08:27:24.888Z > 200 GET /api/v1/ 56.76ms
INF 2026-08-23T08:27:24.889Z > 200 GET /api/v1/ 58.78ms
INF 2026-08-23T08:27:24.890Z > 200 GET /api/v1/ 60.77ms
INF 2026-08-23T08:27:24.890Z > 200 GET /api/v1/ 58.6ms
INF 2026-08-23T08:27:24.890Z > 200 GET /api/v1/ 59.38ms
INF 2026-08-23T08:27:24.890Z > 200 GET /api/v1/ 59.87ms
INF 2026-08-23T08:27:24.891Z > 200 GET /api/v1/ 61.19ms
INF 2026-08-23T08:27:24.891Z > 200 GET /api/v1/ 61.43ms
INF 2026-08-23T08:27:24.892Z > 200 GET /api/v1/ 60.92ms
INF 2026-08-23T08:27:24.892Z > 200 GET /api/v1/ 62.19ms
INF 2026-08-23T08:27:24.892Z > 200 GET /api/v1/ 61.07ms
INF 2026-08-23T08:27:24.894Z > 200 GET /api/v1/ 63.43ms
INF 2026-08-23T08:27:24.895Z > 200 GET /api/v1/ 50.25ms
INF 2026-08-23T08:27:24.895Z > 200 GET /api/v1/ 50.77ms
INF 2026-08-23T08:27:24.895Z > 200 GET /api/v1/ 51.35ms
INF 2026-08-23T08:27:24.896Z > 200 GET /api/v1/ 50.9ms
INF 2026-08-23T08:27:24.896Z > 200 GET /api/v1/ 52.61ms
INF 2026-08-23T08:27:24.896Z > 200 GET /api/v1/ 52.68ms
INF 2026-08-23T08:27:24.897Z > 200 GET /api/v1/ 53.48ms
INF 2026-08-23T08:27:24.897Z > 200 GET /api/v1/ 55.83ms
INF 2026-08-23T08:27:24.897Z > 200 GET /api/v1/ 58.26ms
INF 2026-08-23T08:27:24.897Z > 200 GET /api/v1/ 56.83ms
INF 2026-08-23T08:27:24.899Z > 200 GET /api/v1/ 59.5ms
INF 2026-08-23T08:27:24.900Z > 200 GET /api/v1/ 59.61ms
INF 2026-08-23T08:27:24.900Z > 200 GET /api/v1/ 61.08ms
INF 2026-08-23T08:27:24.901Z > 200 GET /api/v1/ 62.45ms
INF 2026-08-23T08:27:24.901Z > 200 GET /api/v1/ 64.13ms
INF 2026-08-23T08:27:24.902Z > 200 GET /api/v1/ 68.7ms
INF 2026-08-23T08:27:24.902Z > 200 GET /api/v1/ 115.89ms
INF 2026-08-23T08:27:24.903Z > 200 GET /api/v1/ 104.59ms
INF 2026-08-23T08:27:24.904Z > 200 GET /api/v1/ 53.41ms
INF 2026-08-23T08:27:24.904Z > 200 GET /api/v1/ 51.07ms
INF 2026-08-23T08:27:24.905Z > 200 GET /api/v1/ 53.01ms
INF 2026-08-23T08:27:24.905Z > 200 GET /api/v1/ 56.29ms
INF 2026-08-23T08:27:24.905Z > 200 GET /api/v1/ 55.3ms
INF 2026-08-23T08:27:24.910Z > 200 GET /api/v1/ 80.19ms
INF 2026-08-23T08:27:24.910Z > 200 GET /api/v1/ 81.09ms
INF 2026-08-23T08:27:24.929Z > 200 GET /api/v1/ 99.18ms
INF 2026-08-23T08:27:24.929Z > 200 GET /api/v1/ 83.78ms
INF 2026-08-23T08:27:24.929Z > 200 GET /api/v1/ 82.82ms
INF 2026-08-23T08:27:24.932Z > 200 GET /api/v1/ 85.64ms
INF 2026-08-23T08:27:24.932Z > 200 GET /api/v1/ 86.36ms
INF 2026-08-23T08:27:24.935Z > 200 GET /api/v1/ 82.72ms
INF 2026-08-23T08:27:24.936Z > 200 GET /api/v1/ 83.4ms
INF 2026-08-23T08:27:24.936Z > 200 GET /api/v1/ 103.12ms
INF 2026-08-23T08:27:24.936Z > 200 GET /api/v1/ 83.17ms
INF 2026-08-23T08:27:24.937Z > 200 GET /api/v1/ 104.12ms
INF 2026-08-23T08:27:24.939Z > 200 GET /api/v1/ 77.08ms
INF 2026-08-23T08:27:24.940Z > 200 GET /api/v1/ 78.48ms
INF 2026-08-23T08:27:24.942Z > 200 GET /api/v1/ 79.13ms
INF 2026-08-23T08:27:24.944Z > 200 GET /api/v1/ 100.53ms
INF 2026-08-23T08:27:24.945Z > 200 GET /api/v1/ 99.17ms
INF 2026-08-23T08:27:24.950Z > 200 GET /api/v1/ 73.18ms
INF 2026-08-23T08:27:24.951Z > 200 GET /api/v1/ 58.33ms
INF 2026-08-23T08:27:24.953Z > 200 GET /api/v1/ 76.44ms
INF 2026-08-23T08:27:24.953Z > 200 GET /api/v1/ 63.45ms
INF 2026-08-23T08:27:24.953Z > 200 GET /api/v1/ 64.73ms
INF 2026-08-23T08:27:24.957Z > 200 GET /api/v1/ 72.83ms
INF 2026-08-23T08:27:24.957Z > 200 GET /api/v1/ 74.8ms
INF 2026-08-23T08:27:24.957Z > 200 GET /api/v1/ 74.07ms
INF 2026-08-23T08:27:24.957Z > 200 GET /api/v1/ 74.67ms
INF 2026-08-23T08:27:24.958Z > 200 GET /api/v1/ 75.91ms
INF 2026-08-23T08:27:24.958Z > 200 GET /api/v1/ 76.83ms
INF 2026-08-23T08:27:24.965Z > 200 GET /api/v1/ 55.64ms
INF 2026-08-23T08:27:24.966Z > 200 GET /api/v1/ 73.41ms
INF 2026-08-23T08:27:24.968Z > 200 GET /api/v1/ 79.48ms
INF 2026-08-23T08:27:24.968Z > 200 GET /api/v1/ 75.85ms
INF 2026-08-23T08:27:24.968Z > 200 GET /api/v1/ 79.45ms
INF 2026-08-23T08:27:24.969Z > 200 GET /api/v1/ 79.94ms
INF 2026-08-23T08:27:24.969Z > 200 GET /api/v1/ 83.22ms
INF 2026-08-23T08:27:24.970Z > 200 GET /api/v1/ 84.34ms
INF 2026-08-23T08:27:24.970Z > 200 GET /api/v1/ 65.59ms
INF 2026-08-23T08:27:24.971Z > 200 GET /api/v1/ 66.18ms
INF 2026-08-23T08:27:24.976Z > 200 GET /api/v1/ 43.72ms
INF 2026-08-23T08:27:24.978Z > 200 GET /api/v1/ 48.63ms
INF 2026-08-23T08:27:24.979Z > 200 GET /api/v1/ 37.03ms
INF 2026-08-23T08:27:24.980Z > 200 GET /api/v1/ 72.43ms
INF 2026-08-23T08:27:24.980Z > 200 GET /api/v1/ 71.17ms
INF 2026-08-23T08:27:24.982Z > 200 GET /api/v1/ 76.39ms
INF 2026-08-23T08:27:24.982Z > 200 GET /api/v1/ 75.2ms
INF 2026-08-23T08:27:24.982Z > 200 GET /api/v1/ 76.16ms
INF 2026-08-23T08:27:24.984Z > 200 GET /api/v1/ 47.77ms
INF 2026-08-23T08:27:24.985Z > 200 GET /api/v1/ 31.89ms
INF 2026-08-23T08:27:24.985Z > 200 GET /api/v1/ 50.6ms
INF 2026-08-23T08:27:24.986Z > 200 GET /api/v1/ 52.13ms
INF 2026-08-23T08:27:24.986Z > 200 GET /api/v1/ 52.98ms
INF 2026-08-23T08:27:24.986Z > 200 GET /api/v1/ 56.9ms
INF 2026-08-23T08:27:24.987Z > 200 GET /api/v1/ 53.92ms
INF 2026-08-23T08:27:24.988Z > 200 GET /api/v1/ 56.12ms
INF 2026-08-23T08:27:24.988Z > 200 GET /api/v1/ 56.93ms
INF 2026-08-23T08:27:24.988Z > 200 GET /api/v1/ 57.03ms
INF 2026-08-23T08:27:24.989Z > 200 GET /api/v1/ 57.59ms
INF 2026-08-23T08:27:24.989Z > 200 GET /api/v1/ 58.76ms
INF 2026-08-23T08:27:24.990Z > 200 GET /api/v1/ 58.64ms
INF 2026-08-23T08:27:24.990Z > 200 GET /api/v1/ 60.0ms
INF 2026-08-23T08:27:24.991Z > 200 GET /api/v1/ 60.99ms
INF 2026-08-23T08:27:24.991Z > 200 GET /api/v1/ 60.35ms
INF 2026-08-23T08:27:24.991Z > 200 GET /api/v1/ 60.26ms
INF 2026-08-23T08:27:24.992Z > 200 GET /api/v1/ 61.28ms
INF 2026-08-23T08:27:24.993Z > 200 GET /api/v1/ 51.25ms
INF 2026-08-23T08:27:24.995Z > 200 GET /api/v1/ 56.43ms
INF 2026-08-23T08:27:24.997Z > 200 GET /api/v1/ 62.31ms
INF 2026-08-23T08:27:24.997Z > 200 GET /api/v1/ 98.36ms
INF 2026-08-23T08:27:24.998Z > 200 GET /api/v1/ 113.4ms
INF 2026-08-23T08:27:24.998Z > 200 GET /api/v1/ 64.52ms
INF 2026-08-23T08:27:24.999Z > 200 GET /api/v1/ 48.41ms
INF 2026-08-23T08:27:25.000Z > 200 GET /api/v1/ 50.53ms
INF 2026-08-23T08:27:25.000Z > 200 GET /api/v1/ 51.67ms
INF 2026-08-23T08:27:25.001Z > 200 GET /api/v1/ 52.61ms
INF 2026-08-23T08:27:25.001Z > 200 GET /api/v1/ 51.18ms
INF 2026-08-23T08:27:25.001Z > 200 GET /api/v1/ 53.95ms
INF 2026-08-23T08:27:25.001Z > 200 GET /api/v1/ 56.33ms
INF 2026-08-23T08:27:25.001Z > 200 GET /api/v1/ 56.09ms
INF 2026-08-23T08:27:25.002Z > 200 GET /api/v1/ 71.91ms
INF 2026-08-23T08:27:25.003Z > 200 GET /api/v1/ 59.46ms
INF 2026-08-23T08:27:25.022Z > 200 GET /api/v1/ 78.83ms
INF 2026-08-23T08:27:25.023Z > 200 GET /api/v1/ 79.63ms
INF 2026-08-23T08:27:25.023Z > 200 GET /api/v1/ 83.11ms
INF 2026-08-23T08:27:25.024Z > 200 GET /api/v1/ 82.71ms
INF 2026-08-23T08:27:25.024Z > 200 GET /api/v1/ 65.53ms
INF 2026-08-23T08:27:25.025Z > 200 GET /api/v1/ 88.25ms
INF 2026-08-23T08:27:25.025Z > 200 GET /api/v1/ 88.15ms
INF 2026-08-23T08:27:25.026Z > 200 GET /api/v1/ 88.64ms
INF 2026-08-23T08:27:25.026Z > 200 GET /api/v1/ 72.07ms
INF 2026-08-23T08:27:25.026Z > 200 GET /api/v1/ 71.97ms
INF 2026-08-23T08:27:25.027Z > 200 GET /api/v1/ 74.1ms
INF 2026-08-23T08:27:25.028Z > 200 GET /api/v1/ 73.64ms
INF 2026-08-23T08:27:25.028Z > 200 GET /api/v1/ 74.47ms
INF 2026-08-23T08:27:25.032Z > 200 GET /api/v1/ 70.05ms
INF 2026-08-23T08:27:25.032Z > 200 GET /api/v1/ 70.79ms
INF 2026-08-23T08:27:25.032Z > 200 GET /api/v1/ 69.47ms
INF 2026-08-23T08:27:25.033Z > 200 GET /api/v1/ 70.21ms
INF 2026-08-23T08:27:25.034Z > 200 GET /api/v1/ 91.45ms
INF 2026-08-23T08:27:25.035Z > 200 GET /api/v1/ 92.03ms
INF 2026-08-23T08:27:25.035Z > 200 GET /api/v1/ 91.99ms
INF 2026-08-23T08:27:25.035Z > 200 GET /api/v1/ 72.06ms
INF 2026-08-23T08:27:25.036Z > 200 GET /api/v1/ 77.71ms
INF 2026-08-23T08:27:25.036Z > 200 GET /api/v1/ 45.87ms
INF 2026-08-23T08:27:25.037Z > 200 GET /api/v1/ 47.92ms
INF 2026-08-23T08:27:25.038Z > 200 GET /api/v1/ 64.15ms
INF 2026-08-23T08:27:25.038Z > 200 GET /api/v1/ 63.95ms
INF 2026-08-23T08:27:25.038Z > 200 GET /api/v1/ 65.12ms
INF 2026-08-23T08:27:25.041Z > 200 GET /api/v1/ 60.52ms
INF 2026-08-23T08:27:25.042Z > 200 GET /api/v1/ 60.38ms
INF 2026-08-23T08:27:25.042Z > 200 GET /api/v1/ 60.92ms
INF 2026-08-23T08:27:25.047Z > 200 GET /api/v1/ 60.22ms
INF 2026-08-23T08:27:25.053Z > 200 GET /api/v1/ 73.38ms
INF 2026-08-23T08:27:25.055Z > 200 GET /api/v1/ 70.85ms
INF 2026-08-23T08:27:25.055Z > 200 GET /api/v1/ 74.89ms
INF 2026-08-23T08:27:25.057Z > 200 GET /api/v1/ 64.24ms
INF 2026-08-23T08:27:25.059Z > 200 GET /api/v1/ 65.8ms
INF 2026-08-23T08:27:25.060Z > 200 GET /api/v1/ 57.49ms
INF 2026-08-23T08:27:25.060Z > 200 GET /api/v1/ 25.05ms
INF 2026-08-23T08:27:25.060Z > 200 GET /api/v1/ 61.88ms
INF 2026-08-23T08:27:25.061Z > 200 GET /api/v1/ 58.57ms
INF 2026-08-23T08:27:25.062Z > 200 GET /api/v1/ 29.34ms
INF 2026-08-23T08:27:25.064Z > 200 GET /api/v1/ 80.03ms
INF 2026-08-23T08:27:25.065Z > 200 GET /api/v1/ 69.72ms
INF 2026-08-23T08:27:25.066Z > 200 GET /api/v1/ 70.74ms
INF 2026-08-23T08:27:25.067Z > 200 GET /api/v1/ 28.95ms
INF 2026-08-23T08:27:25.069Z > 200 GET /api/v1/ 31.93ms
INF 2026-08-23T08:27:25.071Z > 200 GET /api/v1/ 37.36ms
INF 2026-08-23T08:27:25.071Z > 200 GET /api/v1/ 41.65ms
INF 2026-08-23T08:27:25.073Z > 200 GET /api/v1/ 42.98ms
INF 2026-08-23T08:27:25.073Z > 200 GET /api/v1/ 45.34ms
INF 2026-08-23T08:27:25.075Z > 200 GET /api/v1/ 46.94ms
INF 2026-08-23T08:27:25.076Z > 200 GET /api/v1/ 47.58ms
INF 2026-08-23T08:27:25.076Z > 200 GET /api/v1/ 49.76ms
INF 2026-08-23T08:27:25.077Z > 200 GET /api/v1/ 47.93ms
INF 2026-08-23T08:27:25.079Z > 200 GET /api/v1/ 41.4ms
INF 2026-08-23T08:27:25.079Z > 200 GET /api/v1/ 39.72ms
INF 2026-08-23T08:27:25.080Z > 200 GET /api/v1/ 40.2ms
INF 2026-08-23T08:27:25.080Z > 200 GET /api/v1/ 58.6ms
INF 2026-08-23T08:27:25.080Z > 200 GET /api/v1/ 58.76ms
INF 2026-08-23T08:27:25.081Z > 200 GET /api/v1/ 59.68ms
INF 2026-08-23T08:27:25.081Z > 200 GET /api/v1/ 42.93ms
INF 2026-08-23T08:27:25.082Z > 200 GET /api/v1/ 61.42ms
INF 2026-08-23T08:27:25.082Z > 200 GET /api/v1/ 60.02ms
INF 2026-08-23T08:27:25.083Z > 200 GET /api/v1/ 52.72ms
INF 2026-08-23T08:27:25.083Z > 200 GET /api/v1/ 61.5ms
INF 2026-08-23T08:27:25.083Z > 200 GET /api/v1/ 61.81ms
INF 2026-08-23T08:27:25.083Z > 200 GET /api/v1/ 61.51ms
INF 2026-08-23T08:27:25.084Z > 200 GET /api/v1/ 46.81ms
INF 2026-08-23T08:27:25.084Z > 200 GET /api/v1/ 62.69ms
INF 2026-08-23T08:27:25.084Z > 200 GET /api/v1/ 62.29ms
INF 2026-08-23T08:27:25.084Z > 200 GET /api/v1/ 36.98ms
INF 2026-08-23T08:27:25.085Z > 200 GET /api/v1/ 51.32ms
INF 2026-08-23T08:27:25.085Z > 200 GET /api/v1/ 63.18ms
INF 2026-08-23T08:27:25.085Z > 200 GET /api/v1/ 64.41ms
INF 2026-08-23T08:27:25.086Z > 200 GET /api/v1/ 63.61ms
INF 2026-08-23T08:27:25.086Z > 200 GET /api/v1/ 53.26ms
INF 2026-08-23T08:27:25.086Z > 200 GET /api/v1/ 52.49ms
INF 2026-08-23T08:27:25.087Z > 200 GET /api/v1/ 56.4ms
INF 2026-08-23T08:27:25.087Z > 200 GET /api/v1/ 57.09ms
INF 2026-08-23T08:27:25.087Z > 200 GET /api/v1/ 84.06ms
INF 2026-08-23T08:27:25.088Z > 200 GET /api/v1/ 46.93ms
INF 2026-08-23T08:27:25.092Z > 200 GET /api/v1/ 53.84ms
INF 2026-08-23T08:27:25.092Z > 200 GET /api/v1/ 62.93ms
INF 2026-08-23T08:27:25.093Z > 200 GET /api/v1/ 54.12ms
INF 2026-08-23T08:27:25.110Z > 200 GET /api/v1/ 66.01ms
INF 2026-08-23T08:27:25.111Z > 200 GET /api/v1/ 66.98ms
INF 2026-08-23T08:27:25.111Z > 200 GET /api/v1/ 79.7ms
INF 2026-08-23T08:27:25.111Z > 200 GET /api/v1/ 68.6ms
INF 2026-08-23T08:27:25.115Z > 200 GET /api/v1/ 63.38ms
INF 2026-08-23T08:27:25.116Z > 200 GET /api/v1/ 63.37ms
INF 2026-08-23T08:27:25.116Z > 200 GET /api/v1/ 75.48ms
INF 2026-08-23T08:27:25.116Z > 200 GET /api/v1/ 66.29ms
INF 2026-08-23T08:27:25.117Z > 200 GET /api/v1/ 65.22ms
INF 2026-08-23T08:27:25.117Z > 200 GET /api/v1/ 66.37ms
INF 2026-08-23T08:27:25.118Z > 200 GET /api/v1/ 67.63ms
INF 2026-08-23T08:27:25.119Z > 200 GET /api/v1/ 79.95ms
INF 2026-08-23T08:27:25.120Z > 200 GET /api/v1/ 70.71ms
INF 2026-08-23T08:27:25.121Z > 200 GET /api/v1/ 47.45ms
INF 2026-08-23T08:27:25.125Z > 200 GET /api/v1/ 59.57ms
INF 2026-08-23T08:27:25.125Z > 200 GET /api/v1/ 44.33ms
INF 2026-08-23T08:27:25.129Z > 200 GET /api/v1/ 48.89ms
INF 2026-08-23T08:27:25.130Z > 200 GET /api/v1/ 51.59ms
INF 2026-08-23T08:27:25.131Z > 200 GET /api/v1/ 91.84ms
INF 2026-08-23T08:27:25.131Z > 200 GET /api/v1/ 83.69ms
INF 2026-08-23T08:27:25.132Z > 200 GET /api/v1/ 59.95ms
INF 2026-08-23T08:27:25.139Z > 200 GET /api/v1/ 97.31ms
INF 2026-08-23T08:27:25.140Z > 200 GET /api/v1/ 57.65ms
INF 2026-08-23T08:27:25.141Z > 200 GET /api/v1/ 62.24ms
INF 2026-08-23T08:27:25.142Z > 200 GET /api/v1/ 59.63ms
INF 2026-08-23T08:27:25.142Z > 200 GET /api/v1/ 61.36ms
INF 2026-08-23T08:27:25.143Z > 200 GET /api/v1/ 60.28ms
INF 2026-08-23T08:27:25.143Z > 200 GET /api/v1/ 65.58ms
INF 2026-08-23T08:27:25.144Z > 200 GET /api/v1/ 67.03ms
INF 2026-08-23T08:27:25.145Z > 200 GET /api/v1/ 66.27ms
INF 2026-08-23T08:27:25.145Z > 200 GET /api/v1/ 68.61ms
INF 2026-08-23T08:27:25.146Z > 200 GET /api/v1/ 68.89ms
INF 2026-08-23T08:27:25.148Z > 200 GET /api/v1/ 72.8ms
INF 2026-08-23T08:27:25.148Z > 200 GET /api/v1/ 73.73ms
INF 2026-08-23T08:27:25.148Z > 200 GET /api/v1/ 73.62ms
INF 2026-08-23T08:27:25.149Z > 200 GET /api/v1/ 76.07ms
INF 2026-08-23T08:27:25.149Z > 200 GET /api/v1/ 59.1ms
INF 2026-08-23T08:27:25.149Z > 200 GET /api/v1/ 59.02ms
INF 2026-08-23T08:27:25.150Z > 200 GET /api/v1/ 58.98ms
INF 2026-08-23T08:27:25.151Z > 200 GET /api/v1/ 60.06ms
INF 2026-08-23T08:27:25.153Z > 200 GET /api/v1/ 64.98ms
INF 2026-08-23T08:27:25.154Z > 200 GET /api/v1/ 65.01ms
INF 2026-08-23T08:27:25.154Z > 200 GET /api/v1/ 65.98ms
INF 2026-08-23T08:27:25.154Z > 200 GET /api/v1/ 44.04ms
INF 2026-08-23T08:27:25.160Z > 200 GET /api/v1/ 86.3ms
INF 2026-08-23T08:27:25.161Z > 200 GET /api/v1/ 85.44ms
INF 2026-08-23T08:27:25.162Z > 200 GET /api/v1/ 47.56ms
INF 2026-08-23T08:27:25.162Z > 200 GET /api/v1/ 48.06ms
INF 2026-08-23T08:27:25.162Z > 200 GET /api/v1/ 48.51ms
INF 2026-08-23T08:27:25.163Z > 200 GET /api/v1/ 50.08ms
INF 2026-08-23T08:27:25.165Z > 200 GET /api/v1/ 53.34ms
INF 2026-08-23T08:27:25.166Z > 200 GET /api/v1/ 53.71ms
INF 2026-08-23T08:27:25.168Z > 200 GET /api/v1/ 46.57ms
INF 2026-08-23T08:27:25.169Z > 200 GET /api/v1/ 47.73ms
INF 2026-08-23T08:27:25.170Z > 200 GET /api/v1/ 50.64ms
INF 2026-08-23T08:27:25.171Z > 200 GET /api/v1/ 51.11ms
INF 2026-08-23T08:27:25.172Z > 200 GET /api/v1/ 51.88ms
INF 2026-08-23T08:27:25.172Z > 200 GET /api/v1/ 52.88ms
INF 2026-08-23T08:27:25.174Z > 200 GET /api/v1/ 95.76ms
INF 2026-08-23T08:27:25.174Z > 200 GET /api/v1/ 46.05ms
INF 2026-08-23T08:27:25.174Z > 200 GET /api/v1/ 61.39ms
INF 2026-08-23T08:27:25.175Z > 200 GET /api/v1/ 50.29ms
INF 2026-08-23T08:27:25.175Z > 200 GET /api/v1/ 30.11ms
INF 2026-08-23T08:27:25.175Z > 200 GET /api/v1/ 62.34ms
INF 2026-08-23T08:27:25.177Z > 200 GET /api/v1/ 64.81ms
INF 2026-08-23T08:27:25.178Z > 200 GET /api/v1/ 54.09ms
INF 2026-08-23T08:27:25.178Z > 200 GET /api/v1/ 65.57ms
INF 2026-08-23T08:27:25.179Z > 200 GET /api/v1/ 65.27ms
INF 2026-08-23T08:27:25.179Z > 200 GET /api/v1/ 55.19ms
INF 2026-08-23T08:27:25.180Z > 200 GET /api/v1/ 66.51ms
INF 2026-08-23T08:27:25.180Z > 200 GET /api/v1/ 67.0ms
INF 2026-08-23T08:27:25.181Z > 200 GET /api/v1/ 67.77ms
INF 2026-08-23T08:27:25.181Z > 200 GET /api/v1/ 69.13ms
INF 2026-08-23T08:27:25.183Z > 200 GET /api/v1/ 60.06ms
INF 2026-08-23T08:27:25.183Z > 200 GET /api/v1/ 50.59ms
INF 2026-08-23T08:27:25.183Z > 200 GET /api/v1/ 50.36ms
INF 2026-08-23T08:27:25.185Z > 200 GET /api/v1/ 52.19ms
INF 2026-08-23T08:27:25.202Z > 200 GET /api/v1/ 74.82ms
INF 2026-08-23T08:27:25.205Z > 200 GET /api/v1/ 66.86ms
INF 2026-08-23T08:27:25.206Z > 200 GET /api/v1/ 69.19ms
INF 2026-08-23T08:27:25.206Z > 200 GET /api/v1/ 67.23ms
INF 2026-08-23T08:27:25.206Z > 200 GET /api/v1/ 69.85ms
INF 2026-08-23T08:27:25.206Z > 200 GET /api/v1/ 68.5ms
INF 2026-08-23T08:27:25.207Z > 200 GET /api/v1/ 70.5ms
INF 2026-08-23T08:27:25.207Z > 200 GET /api/v1/ 68.59ms
INF 2026-08-23T08:27:25.207Z > 200 GET /api/v1/ 70.78ms
INF 2026-08-23T08:27:25.207Z > 200 GET /api/v1/ 72.04ms
INF 2026-08-23T08:27:25.209Z > 200 GET /api/v1/ 74.01ms
INF 2026-08-23T08:27:25.209Z > 200 GET /api/v1/ 73.21ms
INF 2026-08-23T08:27:25.210Z > 200 GET /api/v1/ 73.01ms
INF 2026-08-23T08:27:25.211Z > 200 GET /api/v1/ 76.71ms
INF 2026-08-23T08:27:25.212Z > 200 GET /api/v1/ 49.28ms
INF 2026-08-23T08:27:25.213Z > 200 GET /api/v1/ 66.69ms
INF 2026-08-23T08:27:25.215Z > 200 GET /api/v1/ 86.1ms
INF 2026-08-23T08:27:25.215Z > 200 GET /api/v1/ 85.69ms
INF 2026-08-23T08:27:25.216Z > 200 GET /api/v1/ 87.28ms
INF 2026-08-23T08:27:25.216Z > 200 GET /api/v1/ 86.5ms
INF 2026-08-23T08:27:25.217Z > 200 GET /api/v1/ 70.1ms
INF 2026-08-23T08:27:25.223Z > 200 GET /api/v1/ 86.71ms
INF 2026-08-23T08:27:25.223Z > 200 GET /api/v1/ 100.75ms
INF 2026-08-23T08:27:25.224Z > 200 GET /api/v1/ 90.97ms
INF 2026-08-23T08:27:25.226Z > 200 GET /api/v1/ 60.15ms
INF 2026-08-23T08:27:25.228Z > 200 GET /api/v1/ 52.58ms
INF 2026-08-23T08:27:25.228Z > 200 GET /api/v1/ 70.78ms
INF 2026-08-23T08:27:25.228Z > 200 GET /api/v1/ 65.43ms
INF 2026-08-23T08:27:25.231Z > 200 GET /api/v1/ 57.95ms
INF 2026-08-23T08:27:25.231Z > 200 GET /api/v1/ 58.03ms
INF 2026-08-23T08:27:25.232Z > 200 GET /api/v1/ 62.75ms
INF 2026-08-23T08:27:25.232Z > 200 GET /api/v1/ 62.65ms
INF 2026-08-23T08:27:25.232Z > 200 GET /api/v1/ 65.3ms
INF 2026-08-23T08:27:25.234Z > 200 GET /api/v1/ 67.16ms
INF 2026-08-23T08:27:25.236Z > 200 GET /api/v1/ 70.99ms
INF 2026-08-23T08:27:25.237Z > 200 GET /api/v1/ 71.74ms
INF 2026-08-23T08:27:25.239Z > 200 GET /api/v1/ 32.51ms
INF 2026-08-23T08:27:25.240Z > 200 GET /api/v1/ 63.65ms
INF 2026-08-23T08:27:25.240Z > 200 GET /api/v1/ 62.57ms
INF 2026-08-23T08:27:25.240Z > 200 GET /api/v1/ 64.48ms
INF 2026-08-23T08:27:25.242Z > 200 GET /api/v1/ 80.76ms
INF 2026-08-23T08:27:25.243Z > 200 GET /api/v1/ 84.62ms
INF 2026-08-23T08:27:25.243Z > 200 GET /api/v1/ 85.28ms
INF 2026-08-23T08:27:25.244Z > 200 GET /api/v1/ 41.31ms
INF 2026-08-23T08:27:25.244Z > 200 GET /api/v1/ 85.47ms
INF 2026-08-23T08:27:25.244Z > 200 GET /api/v1/ 32.44ms
INF 2026-08-23T08:27:25.245Z > 200 GET /api/v1/ 62.67ms
INF 2026-08-23T08:27:25.248Z > 200 GET /api/v1/ 43.37ms
INF 2026-08-23T08:27:25.248Z > 200 GET /api/v1/ 44.25ms
INF 2026-08-23T08:27:25.249Z > 200 GET /api/v1/ 45.02ms
INF 2026-08-23T08:27:25.249Z > 200 GET /api/v1/ 46.37ms
INF 2026-08-23T08:27:25.250Z > 200 GET /api/v1/ 45.47ms
INF 2026-08-23T08:27:25.252Z > 200 GET /api/v1/ 47.65ms
INF 2026-08-23T08:27:25.252Z > 200 GET /api/v1/ 47.95ms
INF 2026-08-23T08:27:25.252Z > 200 GET /api/v1/ 47.83ms
INF 2026-08-23T08:27:25.253Z > 200 GET /api/v1/ 49.65ms
INF 2026-08-23T08:27:25.253Z > 200 GET /api/v1/ 49.63ms
INF 2026-08-23T08:27:25.253Z > 200 GET /api/v1/ 49.92ms
INF 2026-08-23T08:27:25.254Z > 200 GET /api/v1/ 50.56ms
INF 2026-08-23T08:27:25.254Z > 200 GET /api/v1/ 51.63ms
INF 2026-08-23T08:27:25.255Z > 200 GET /api/v1/ 37.8ms
INF 2026-08-23T08:27:25.255Z > 200 GET /api/v1/ 72.92ms
INF 2026-08-23T08:27:25.257Z > 200 GET /api/v1/ 31.68ms
INF 2026-08-23T08:27:25.258Z > 200 GET /api/v1/ 46.21ms
INF 2026-08-23T08:27:25.258Z > 200 GET /api/v1/ 48.99ms
INF 2026-08-23T08:27:25.259Z > 200 GET /api/v1/ 51.11ms
INF 2026-08-23T08:27:25.259Z > 200 GET /api/v1/ 50.11ms
INF 2026-08-23T08:27:25.260Z > 200 GET /api/v1/ 52.33ms
INF 2026-08-23T08:27:25.260Z > 200 GET /api/v1/ 82.55ms
INF 2026-08-23T08:27:25.261Z > 200 GET /api/v1/ 56.79ms
INF 2026-08-23T08:27:25.261Z > 200 GET /api/v1/ 59.12ms
INF 2026-08-23T08:27:25.262Z > 200 GET /api/v1/ 57.8ms
INF 2026-08-23T08:27:25.262Z > 200 GET /api/v1/ 56.67ms
INF 2026-08-23T08:27:25.262Z > 200 GET /api/v1/ 43.27ms
INF 2026-08-23T08:27:25.263Z > 200 GET /api/v1/ 43.26ms
INF 2026-08-23T08:27:25.263Z > 200 GET /api/v1/ 48.72ms
INF 2026-08-23T08:27:25.264Z > 200 GET /api/v1/ 49.27ms
INF 2026-08-23T08:27:25.264Z > 200 GET /api/v1/ 50.11ms
INF 2026-08-23T08:27:25.265Z > 200 GET /api/v1/ 51.52ms
INF 2026-08-23T08:27:25.269Z > 200 GET /api/v1/ 43.8ms
INF 2026-08-23T08:27:25.269Z > 200 GET /api/v1/ 43.96ms
INF 2026-08-23T08:27:25.269Z > 200 GET /api/v1/ 44.86ms
INF 2026-08-23T08:27:25.270Z > 200 GET /api/v1/ 60.06ms
INF 2026-08-23T08:27:25.272Z > 200 GET /api/v1/ 50.23ms
INF 2026-08-23T08:27:25.272Z > 200 GET /api/v1/ 51.63ms
INF 2026-08-23T08:27:25.272Z > 200 GET /api/v1/ 62.27ms
INF 2026-08-23T08:27:25.275Z > 200 GET /api/v1/ 58.56ms
INF 2026-08-23T08:27:25.292Z > 200 GET /api/v1/ 74.84ms
INF 2026-08-23T08:27:25.292Z > 200 GET /api/v1/ 74.94ms
INF 2026-08-23T08:27:25.292Z > 200 GET /api/v1/ 75.45ms
INF 2026-08-23T08:27:25.293Z > 200 GET /api/v1/ 63.59ms
INF 2026-08-23T08:27:25.293Z > 200 GET /api/v1/ 76.58ms
INF 2026-08-23T08:27:25.294Z > 200 GET /api/v1/ 64.99ms
INF 2026-08-23T08:27:25.299Z > 200 GET /api/v1/ 63.79ms
INF 2026-08-23T08:27:25.299Z > 200 GET /api/v1/ 64.39ms
INF 2026-08-23T08:27:25.300Z > 200 GET /api/v1/ 65.26ms
INF 2026-08-23T08:27:25.301Z > 200 GET /api/v1/ 67.98ms
INF 2026-08-23T08:27:25.302Z > 200 GET /api/v1/ 43.81ms
INF 2026-08-23T08:27:25.305Z > 200 GET /api/v1/ 78.23ms
INF 2026-08-23T08:27:25.308Z > 200 GET /api/v1/ 81.68ms
INF 2026-08-23T08:27:25.309Z > 200 GET /api/v1/ 57.62ms
INF 2026-08-23T08:27:25.309Z > 200 GET /api/v1/ 59.53ms
INF 2026-08-23T08:27:25.314Z > 200 GET /api/v1/ 63.27ms
INF 2026-08-23T08:27:25.315Z > 200 GET /api/v1/ 51.3ms
INF 2026-08-23T08:27:25.318Z > 200 GET /api/v1/ 61.26ms
INF 2026-08-23T08:27:25.318Z > 200 GET /api/v1/ 61.99ms
INF 2026-08-23T08:27:25.319Z > 200 GET /api/v1/ 63.09ms
INF 2026-08-23T08:27:25.319Z > 200 GET /api/v1/ 50.13ms
INF 2026-08-23T08:27:25.320Z > 200 GET /api/v1/ 50.79ms
INF 2026-08-23T08:27:25.326Z > 200 GET /api/v1/ 71.79ms
INF 2026-08-23T08:27:25.327Z > 200 GET /api/v1/ 99.68ms
INF 2026-08-23T08:27:25.327Z > 200 GET /api/v1/ 76.43ms
INF 2026-08-23T08:27:25.331Z > 200 GET /api/v1/ 64.29ms
INF 2026-08-23T08:27:25.331Z > 200 GET /api/v1/ 64.21ms
INF 2026-08-23T08:27:25.331Z > 200 GET /api/v1/ 65.12ms
INF 2026-08-23T08:27:25.331Z > 200 GET /api/v1/ 66.55ms
INF 2026-08-23T08:27:25.332Z > 200 GET /api/v1/ 71.23ms
INF 2026-08-23T08:27:25.333Z > 200 GET /api/v1/ 72.98ms
INF 2026-08-23T08:27:25.334Z > 200 GET /api/v1/ 72.87ms
INF 2026-08-23T08:27:25.334Z > 200 GET /api/v1/ 75.45ms
INF 2026-08-23T08:27:25.336Z > 200 GET /api/v1/ 67.65ms
INF 2026-08-23T08:27:25.339Z > 200 GET /api/v1/ 64.2ms
INF 2026-08-23T08:27:25.340Z > 200 GET /api/v1/ 66.65ms
INF 2026-08-23T08:27:25.344Z > 200 GET /api/v1/ 73.7ms
INF 2026-08-23T08:27:25.346Z > 200 GET /api/v1/ 45.6ms
INF 2026-08-23T08:27:25.346Z > 200 GET /api/v1/ 47.96ms
INF 2026-08-23T08:27:25.347Z > 200 GET /api/v1/ 49.23ms
INF 2026-08-23T08:27:25.347Z > 200 GET /api/v1/ 50.37ms
INF 2026-08-23T08:27:25.347Z > 200 GET /api/v1/ 49.85ms
INF 2026-08-23T08:27:25.348Z > 200 GET /api/v1/ 50.07ms
INF 2026-08-23T08:27:25.348Z > 200 GET /api/v1/ 38.41ms
INF 2026-08-23T08:27:25.348Z > 200 GET /api/v1/ 50.59ms
INF 2026-08-23T08:27:25.348Z > 200 GET /api/v1/ 53.54ms
INF 2026-08-23T08:27:25.349Z > 200 GET /api/v1/ 52.92ms
INF 2026-08-23T08:27:25.349Z > 200 GET /api/v1/ 50.74ms
INF 2026-08-23T08:27:25.349Z > 200 GET /api/v1/ 53.85ms
INF 2026-08-23T08:27:25.350Z > 200 GET /api/v1/ 53.23ms
INF 2026-08-23T08:27:25.350Z > 200 GET /api/v1/ 51.6ms
INF 2026-08-23T08:27:25.351Z > 200 GET /api/v1/ 55.54ms
INF 2026-08-23T08:27:25.351Z > 200 GET /api/v1/ 56.53ms
INF 2026-08-23T08:27:25.351Z > 200 GET /api/v1/ 55.18ms
INF 2026-08-23T08:27:25.352Z > 200 GET /api/v1/ 55.39ms
INF 2026-08-23T08:27:25.352Z > 200 GET /api/v1/ 55.02ms
INF 2026-08-23T08:27:25.352Z > 200 GET /api/v1/ 59.34ms
INF 2026-08-23T08:27:25.353Z > 200 GET /api/v1/ 102.32ms
INF 2026-08-23T08:27:25.353Z > 200 GET /api/v1/ 100.55ms
INF 2026-08-23T08:27:25.353Z > 200 GET /api/v1/ 78.2ms
INF 2026-08-23T08:27:25.354Z > 200 GET /api/v1/ 57.23ms
INF 2026-08-23T08:27:25.354Z > 200 GET /api/v1/ 53.91ms
INF 2026-08-23T08:27:25.354Z > 200 GET /api/v1/ 58.17ms
INF 2026-08-23T08:27:25.355Z > 200 GET /api/v1/ 58.89ms
INF 2026-08-23T08:27:25.355Z > 200 GET /api/v1/ 54.99ms
INF 2026-08-23T08:27:25.355Z > 200 GET /api/v1/ 59.27ms
INF 2026-08-23T08:27:25.356Z > 200 GET /api/v1/ 50.28ms
INF 2026-08-23T08:27:25.356Z > 200 GET /api/v1/ 50.89ms
INF 2026-08-23T08:27:25.357Z > 200 GET /api/v1/ 53.32ms
INF 2026-08-23T08:27:25.357Z > 200 GET /api/v1/ 52.86ms
INF 2026-08-23T08:27:25.357Z > 200 GET /api/v1/ 54.54ms
INF 2026-08-23T08:27:25.358Z > 200 GET /api/v1/ 54.2ms
INF 2026-08-23T08:27:25.358Z > 200 GET /api/v1/ 55.98ms
INF 2026-08-23T08:27:25.359Z > 200 GET /api/v1/ 86.91ms
INF 2026-08-23T08:27:25.360Z > 200 GET /api/v1/ 57.2ms
INF 2026-08-23T08:27:25.360Z > 200 GET /api/v1/ 58.09ms
INF 2026-08-23T08:27:25.360Z > 200 GET /api/v1/ 102.21ms
INF 2026-08-23T08:27:25.361Z > 200 GET /api/v1/ 63.4ms
INF 2026-08-23T08:27:25.361Z > 200 GET /api/v1/ 48.31ms
INF 2026-08-23T08:27:25.362Z > 200 GET /api/v1/ 63.96ms
INF 2026-08-23T08:27:25.362Z > 200 GET /api/v1/ 51.09ms
INF 2026-08-23T08:27:25.377Z > 200 GET /api/v1/ 83.25ms
INF 2026-08-23T08:27:25.379Z > 200 GET /api/v1/ 72.85ms
INF 2026-08-23T08:27:25.380Z > 200 GET /api/v1/ 57.47ms
INF 2026-08-23T08:27:25.383Z > 200 GET /api/v1/ 66.3ms
INF 2026-08-23T08:27:25.383Z > 200 GET /api/v1/ 81.17ms
INF 2026-08-23T08:27:25.383Z > 200 GET /api/v1/ 67.07ms
INF 2026-08-23T08:27:25.384Z > 200 GET /api/v1/ 71.74ms
INF 2026-08-23T08:27:25.384Z > 200 GET /api/v1/ 68.18ms
INF 2026-08-23T08:27:25.384Z > 200 GET /api/v1/ 69.32ms
INF 2026-08-23T08:27:25.386Z > 200 GET /api/v1/ 88.2ms
INF 2026-08-23T08:27:25.386Z > 200 GET /api/v1/ 74.0ms
INF 2026-08-23T08:27:25.386Z > 200 GET /api/v1/ 60.91ms
INF 2026-08-23T08:27:25.387Z > 200 GET /api/v1/ 61.82ms
INF 2026-08-23T08:27:25.388Z > 200 GET /api/v1/ 61.86ms
INF 2026-08-23T08:27:25.388Z > 200 GET /api/v1/ 63.68ms
INF 2026-08-23T08:27:25.388Z > 200 GET /api/v1/ 64.83ms
INF 2026-08-23T08:27:25.389Z > 200 GET /api/v1/ 68.0ms
INF 2026-08-23T08:27:25.390Z > 200 GET /api/v1/ 40.52ms
INF 2026-08-23T08:27:25.393Z > 200 GET /api/v1/ 77.33ms
INF 2026-08-23T08:27:25.397Z > 200 GET /api/v1/ 74.22ms
INF 2026-08-23T08:27:25.401Z > 200 GET /api/v1/ 53.64ms
INF 2026-08-23T08:27:25.401Z > 200 GET /api/v1/ 56.06ms
INF 2026-08-23T08:27:25.402Z > 200 GET /api/v1/ 59.81ms
INF 2026-08-23T08:27:25.406Z > 200 GET /api/v1/ 63.51ms
INF 2026-08-23T08:27:25.406Z > 200 GET /api/v1/ 64.06ms
INF 2026-08-23T08:27:25.407Z > 200 GET /api/v1/ 63.44ms
INF 2026-08-23T08:27:25.407Z > 200 GET /api/v1/ 44.34ms
INF 2026-08-23T08:27:25.407Z > 200 GET /api/v1/ 65.46ms
INF 2026-08-23T08:27:25.407Z > 200 GET /api/v1/ 64.78ms
INF 2026-08-23T08:27:25.413Z > 200 GET /api/v1/ 56.15ms
INF 2026-08-23T08:27:25.413Z > 200 GET /api/v1/ 57.23ms
INF 2026-08-23T08:27:25.413Z > 200 GET /api/v1/ 56.55ms
INF 2026-08-23T08:27:25.414Z > 200 GET /api/v1/ 64.26ms
INF 2026-08-23T08:27:25.417Z > 200 GET /api/v1/ 72.64ms
INF 2026-08-23T08:27:25.419Z > 200 GET /api/v1/ 38.1ms
INF 2026-08-23T08:27:25.419Z > 200 GET /api/v1/ 37.86ms
INF 2026-08-23T08:27:25.421Z > 200 GET /api/v1/ 42.0ms
INF 2026-08-23T08:27:25.421Z > 200 GET /api/v1/ 31.36ms
INF 2026-08-23T08:27:25.422Z > 200 GET /api/v1/ 44.26ms
INF 2026-08-23T08:27:25.423Z > 200 GET /api/v1/ 34.83ms
INF 2026-08-23T08:27:25.423Z > 200 GET /api/v1/ 60.96ms
INF 2026-08-23T08:27:25.431Z > 200 GET /api/v1/ 72.3ms
INF 2026-08-23T08:27:25.431Z > 200 GET /api/v1/ 50.08ms
INF 2026-08-23T08:27:25.432Z > 200 GET /api/v1/ 51.22ms
INF 2026-08-23T08:27:25.432Z > 200 GET /api/v1/ 50.97ms
INF 2026-08-23T08:27:25.432Z > 200 GET /api/v1/ 47.77ms
INF 2026-08-23T08:27:25.433Z > 200 GET /api/v1/ 47.92ms
INF 2026-08-23T08:27:25.433Z > 200 GET /api/v1/ 48.0ms
INF 2026-08-23T08:27:25.434Z > 200 GET /api/v1/ 42.78ms
INF 2026-08-23T08:27:25.434Z > 200 GET /api/v1/ 44.99ms
INF 2026-08-23T08:27:25.435Z > 200 GET /api/v1/ 33.47ms
INF 2026-08-23T08:27:25.435Z > 200 GET /api/v1/ 46.27ms
INF 2026-08-23T08:27:25.437Z > 200 GET /api/v1/ 56.93ms
INF 2026-08-23T08:27:25.437Z > 200 GET /api/v1/ 56.56ms
INF 2026-08-23T08:27:25.439Z > 200 GET /api/v1/ 57.8ms
INF 2026-08-23T08:27:25.439Z > 200 GET /api/v1/ 58.9ms
INF 2026-08-23T08:27:25.439Z > 200 GET /api/v1/ 58.11ms
INF 2026-08-23T08:27:25.440Z > 200 GET /api/v1/ 58.13ms
INF 2026-08-23T08:27:25.441Z > 200 GET /api/v1/ 45.23ms
INF 2026-08-23T08:27:25.442Z > 200 GET /api/v1/ 47.24ms
INF 2026-08-23T08:27:25.443Z > 200 GET /api/v1/ 48.76ms
INF 2026-08-23T08:27:25.444Z > 200 GET /api/v1/ 48.91ms
INF 2026-08-23T08:27:25.444Z > 200 GET /api/v1/ 50.65ms
INF 2026-08-23T08:27:25.446Z > 200 GET /api/v1/ 51.59ms
INF 2026-08-23T08:27:25.447Z > 200 GET /api/v1/ 54.8ms
INF 2026-08-23T08:27:25.447Z > 200 GET /api/v1/ 56.43ms
INF 2026-08-23T08:27:25.447Z > 200 GET /api/v1/ 61.59ms
INF 2026-08-23T08:27:25.453Z > 200 GET /api/v1/ 71.25ms
INF 2026-08-23T08:27:25.454Z > 200 GET /api/v1/ 56.39ms
INF 2026-08-23T08:27:25.473Z > 200 GET /api/v1/ 85.47ms
INF 2026-08-23T08:27:25.473Z > 200 GET /api/v1/ 76.84ms
INF 2026-08-23T08:27:25.473Z > 200 GET /api/v1/ 67.88ms
INF 2026-08-23T08:27:25.473Z > 200 GET /api/v1/ 69.13ms
INF 2026-08-23T08:27:25.474Z > 200 GET /api/v1/ 71.94ms
INF 2026-08-23T08:27:25.474Z > 200 GET /api/v1/ 59.46ms
INF 2026-08-23T08:27:25.474Z > 200 GET /api/v1/ 68.75ms
INF 2026-08-23T08:27:25.475Z > 200 GET /api/v1/ 63.05ms
INF 2026-08-23T08:27:25.475Z > 200 GET /api/v1/ 64.57ms
INF 2026-08-23T08:27:25.475Z > 200 GET /api/v1/ 71.26ms
INF 2026-08-23T08:27:25.475Z > 200 GET /api/v1/ 73.78ms
INF 2026-08-23T08:27:25.476Z > 200 GET /api/v1/ 72.72ms
INF 2026-08-23T08:27:25.476Z > 200 GET /api/v1/ 71.4ms
INF 2026-08-23T08:27:25.476Z > 200 GET /api/v1/ 71.3ms
INF 2026-08-23T08:27:25.477Z > 200 GET /api/v1/ 74.21ms
INF 2026-08-23T08:27:25.478Z > 200 GET /api/v1/ 74.9ms
INF 2026-08-23T08:27:25.478Z > 200 GET /api/v1/ 78.08ms
INF 2026-08-23T08:27:25.478Z > 200 GET /api/v1/ 77.02ms
INF 2026-08-23T08:27:25.481Z > 200 GET /api/v1/ 82.4ms
INF 2026-08-23T08:27:25.481Z > 200 GET /api/v1/ 81.73ms
INF 2026-08-23T08:27:25.481Z > 200 GET /api/v1/ 81.61ms
INF 2026-08-23T08:27:25.482Z > 200 GET /api/v1/ 67.73ms
INF 2026-08-23T08:27:25.482Z > 200 GET /api/v1/ 67.56ms
INF 2026-08-23T08:27:25.484Z > 200 GET /api/v1/ 73.02ms
INF 2026-08-23T08:27:25.485Z > 200 GET /api/v1/ 73.72ms
INF 2026-08-23T08:27:25.486Z > 200 GET /api/v1/ 88.15ms
INF 2026-08-23T08:27:25.486Z > 200 GET /api/v1/ 88.61ms
INF 2026-08-23T08:27:25.490Z > 200 GET /api/v1/ 69.93ms
INF 2026-08-23T08:27:25.490Z > 200 GET /api/v1/ 80.71ms
INF 2026-08-23T08:27:25.491Z > 200 GET /api/v1/ 57.46ms
INF 2026-08-23T08:27:25.491Z > 200 GET /api/v1/ 81.15ms
INF 2026-08-23T08:27:25.491Z > 200 GET /api/v1/ 80.88ms
INF 2026-08-23T08:27:25.492Z > 200 GET /api/v1/ 65.25ms
INF 2026-08-23T08:27:25.493Z > 200 GET /api/v1/ 65.23ms
INF 2026-08-23T08:27:25.493Z > 200 GET /api/v1/ 65.17ms
INF 2026-08-23T08:27:25.493Z > 200 GET /api/v1/ 67.69ms
INF 2026-08-23T08:27:25.494Z > 200 GET /api/v1/ 66.02ms
INF 2026-08-23T08:27:25.494Z > 200 GET /api/v1/ 68.24ms
INF 2026-08-23T08:27:25.498Z > 200 GET /api/v1/ 60.77ms
INF 2026-08-23T08:27:25.499Z > 200 GET /api/v1/ 62.58ms
INF 2026-08-23T08:27:25.500Z > 200 GET /api/v1/ 102.76ms
INF 2026-08-23T08:27:25.502Z > 200 GET /api/v1/ 66.14ms
INF 2026-08-23T08:27:25.502Z > 200 GET /api/v1/ 65.94ms
INF 2026-08-23T08:27:25.502Z > 200 GET /api/v1/ 64.4ms
INF 2026-08-23T08:27:25.503Z > 200 GET /api/v1/ 64.15ms
INF 2026-08-23T08:27:25.503Z > 200 GET /api/v1/ 67.09ms
INF 2026-08-23T08:27:25.507Z > 200 GET /api/v1/ 30.51ms
INF 2026-08-23T08:27:25.507Z > 200 GET /api/v1/ 61.57ms
INF 2026-08-23T08:27:25.509Z > 200 GET /api/v1/ 68.1ms
INF 2026-08-23T08:27:25.511Z > 200 GET /api/v1/ 72.86ms
INF 2026-08-23T08:27:25.513Z > 200 GET /api/v1/ 30.66ms
INF 2026-08-23T08:27:25.513Z > 200 GET /api/v1/ 61.94ms
INF 2026-08-23T08:27:25.513Z > 200 GET /api/v1/ 63.06ms
INF 2026-08-23T08:27:25.513Z > 200 GET /api/v1/ 61.94ms
INF 2026-08-23T08:27:25.515Z > 200 GET /api/v1/ 85.55ms
INF 2026-08-23T08:27:25.518Z > 200 GET /api/v1/ 36.86ms
INF 2026-08-23T08:27:25.518Z > 200 GET /api/v1/ 35.87ms
INF 2026-08-23T08:27:25.519Z > 200 GET /api/v1/ 35.88ms
INF 2026-08-23T08:27:25.519Z > 200 GET /api/v1/ 36.79ms
INF 2026-08-23T08:27:25.519Z > 200 GET /api/v1/ 39.28ms
INF 2026-08-23T08:27:25.519Z > 200 GET /api/v1/ 38.47ms
INF 2026-08-23T08:27:25.520Z > 200 GET /api/v1/ 36.76ms
INF 2026-08-23T08:27:25.520Z > 200 GET /api/v1/ 36.76ms
INF 2026-08-23T08:27:25.520Z > 200 GET /api/v1/ 36.81ms
INF 2026-08-23T08:27:25.520Z > 200 GET /api/v1/ 38.13ms
INF 2026-08-23T08:27:25.521Z > 200 GET /api/v1/ 41.95ms
INF 2026-08-23T08:27:25.521Z > 200 GET /api/v1/ 39.67ms
INF 2026-08-23T08:27:25.521Z > 200 GET /api/v1/ 41.79ms
INF 2026-08-23T08:27:25.521Z > 200 GET /api/v1/ 41.32ms
INF 2026-08-23T08:27:25.522Z > 200 GET /api/v1/ 45.57ms
INF 2026-08-23T08:27:25.523Z > 200 GET /api/v1/ 74.8ms
INF 2026-08-23T08:27:25.523Z > 200 GET /api/v1/ 75.42ms
INF 2026-08-23T08:27:25.525Z > 200 GET /api/v1/ 47.61ms
INF 2026-08-23T08:27:25.526Z > 200 GET /api/v1/ 95.9ms
INF 2026-08-23T08:27:25.527Z > 200 GET /api/v1/ 79.54ms
INF 2026-08-23T08:27:25.527Z > 200 GET /api/v1/ 36.36ms
INF 2026-08-23T08:27:25.528Z > 200 GET /api/v1/ 40.07ms
INF 2026-08-23T08:27:25.530Z > 200 GET /api/v1/ 42.62ms
INF 2026-08-23T08:27:25.530Z > 200 GET /api/v1/ 29.8ms
INF 2026-08-23T08:27:25.530Z > 200 GET /api/v1/ 45.21ms
INF 2026-08-23T08:27:25.532Z > 200 GET /api/v1/ 46.89ms
INF 2026-08-23T08:27:25.533Z > 200 GET /api/v1/ 43.65ms
INF 2026-08-23T08:27:25.533Z > 200 GET /api/v1/ 44.46ms
INF 2026-08-23T08:27:25.534Z > 200 GET /api/v1/ 44.55ms
INF 2026-08-23T08:27:25.534Z > 200 GET /api/v1/ 45.82ms
INF 2026-08-23T08:27:25.534Z > 200 GET /api/v1/ 43.9ms
INF 2026-08-23T08:27:25.535Z > 200 GET /api/v1/ 46.47ms
INF 2026-08-23T08:27:25.538Z > 200 GET /api/v1/ 50.95ms
INF 2026-08-23T08:27:25.539Z > 200 GET /api/v1/ 43.65ms
INF 2026-08-23T08:27:25.539Z > 200 GET /api/v1/ 53.03ms
INF 2026-08-23T08:27:25.539Z > 200 GET /api/v1/ 42.17ms
INF 2026-08-23T08:27:25.540Z > 200 GET /api/v1/ 55.98ms
INF 2026-08-23T08:27:25.541Z > 200 GET /api/v1/ 43.69ms
INF 2026-08-23T08:27:25.541Z > 200 GET /api/v1/ 60.81ms
INF 2026-08-23T08:27:25.541Z > 200 GET /api/v1/ 61.46ms
INF 2026-08-23T08:27:25.541Z > 200 GET /api/v1/ 59.41ms
INF 2026-08-23T08:27:25.557Z > 200 GET /api/v1/ 73.36ms
INF 2026-08-23T08:27:25.559Z > 200 GET /api/v1/ 53.29ms
INF 2026-08-23T08:27:25.559Z > 200 GET /api/v1/ 43.53ms
INF 2026-08-23T08:27:25.560Z > 200 GET /api/v1/ 105.33ms
INF 2026-08-23T08:27:25.561Z > 200 GET /api/v1/ 40.06ms
INF 2026-08-23T08:27:25.562Z > 200 GET /api/v1/ 56.9ms
INF 2026-08-23T08:27:25.562Z > 200 GET /api/v1/ 43.05ms
INF 2026-08-23T08:27:25.569Z > 200 GET /api/v1/ 53.63ms
INF 2026-08-23T08:27:25.569Z > 200 GET /api/v1/ 41.28ms
INF 2026-08-23T08:27:25.580Z > 200 GET /api/v1/ 50.01ms
INF 2026-08-23T08:27:25.581Z > 200 GET /api/v1/ 65.02ms
INF 2026-08-23T08:27:25.584Z > 200 GET /api/v1/ 55.97ms
INF 2026-08-23T08:27:25.584Z > 200 GET /api/v1/ 57.38ms
INF 2026-08-23T08:27:25.587Z > 200 GET /api/v1/ 52.56ms
INF 2026-08-23T08:27:25.587Z > 200 GET /api/v1/ 62.26ms
INF 2026-08-23T08:27:25.588Z > 200 GET /api/v1/ 64.01ms
INF 2026-08-23T08:27:25.588Z > 200 GET /api/v1/ 66.37ms
INF 2026-08-23T08:27:25.593Z > 200 GET /api/v1/ 64.02ms
INF 2026-08-23T08:27:25.593Z > 200 GET /api/v1/ 54.17ms
INF 2026-08-23T08:27:25.595Z > 200 GET /api/v1/ 78.86ms
INF 2026-08-23T08:27:25.595Z > 200 GET /api/v1/ 67.07ms
INF 2026-08-23T08:27:25.596Z > 200 GET /api/v1/ 67.83ms
INF 2026-08-23T08:27:25.596Z > 200 GET /api/v1/ 80.09ms
INF 2026-08-23T08:27:25.600Z > 200 GET /api/v1/ 74.18ms
INF 2026-08-23T08:27:25.601Z > 200 GET /api/v1/ 61.95ms
INF 2026-08-23T08:27:25.601Z > 200 GET /api/v1/ 67.15ms
INF 2026-08-23T08:27:25.602Z > 200 GET /api/v1/ 80.93ms
INF 2026-08-23T08:27:25.603Z > 200 GET /api/v1/ 77.34ms
INF 2026-08-23T08:27:25.603Z > 200 GET /api/v1/ 79.69ms
INF 2026-08-23T08:27:25.604Z > 200 GET /api/v1/ 78.26ms
INF 2026-08-23T08:27:25.605Z > 200 GET /api/v1/ 82.28ms
INF 2026-08-23T08:27:25.606Z > 200 GET /api/v1/ 82.47ms
INF 2026-08-23T08:27:25.606Z > 200 GET /api/v1/ 48.28ms
INF 2026-08-23T08:27:25.606Z > 200 GET /api/v1/ 49.1ms
INF 2026-08-23T08:27:25.607Z > 200 GET /api/v1/ 37.4ms
INF 2026-08-23T08:27:25.608Z > 200 GET /api/v1/ 76.94ms
INF 2026-08-23T08:27:25.610Z > 200 GET /api/v1/ 78.39ms
INF 2026-08-23T08:27:25.611Z > 200 GET /api/v1/ 79.4ms
INF 2026-08-23T08:27:25.613Z > 200 GET /api/v1/ 83.03ms
INF 2026-08-23T08:27:25.614Z > 200 GET /api/v1/ 51.57ms
INF 2026-08-23T08:27:25.614Z > 200 GET /api/v1/ 50.1ms
INF 2026-08-23T08:27:25.614Z > 200 GET /api/v1/ 50.95ms
INF 2026-08-23T08:27:25.615Z > 200 GET /api/v1/ 51.27ms
INF 2026-08-23T08:27:25.615Z > 200 GET /api/v1/ 52.14ms
INF 2026-08-23T08:27:25.615Z > 200 GET /api/v1/ 51.39ms
INF 2026-08-23T08:27:25.616Z > 200 GET /api/v1/ 53.43ms
INF 2026-08-23T08:27:25.616Z > 200 GET /api/v1/ 55.66ms
INF 2026-08-23T08:27:25.617Z > 200 GET /api/v1/ 80.94ms
INF 2026-08-23T08:27:25.617Z > 200 GET /api/v1/ 81.51ms
INF 2026-08-23T08:27:25.618Z > 200 GET /api/v1/ 81.5ms
INF 2026-08-23T08:27:25.619Z > 200 GET /api/v1/ 81.51ms
INF 2026-08-23T08:27:25.619Z > 200 GET /api/v1/ 83.86ms
INF 2026-08-23T08:27:25.619Z > 200 GET /api/v1/ 84.52ms
INF 2026-08-23T08:27:25.621Z > 200 GET /api/v1/ 54.48ms
INF 2026-08-23T08:27:25.621Z > 200 GET /api/v1/ 53.57ms
INF 2026-08-23T08:27:25.621Z > 200 GET /api/v1/ 54.09ms
INF 2026-08-23T08:27:25.622Z > 200 GET /api/v1/ 53.94ms
INF 2026-08-23T08:27:25.622Z > 200 GET /api/v1/ 56.18ms
INF 2026-08-23T08:27:25.623Z > 200 GET /api/v1/ 59.04ms
INF 2026-08-23T08:27:25.623Z > 200 GET /api/v1/ 59.82ms
INF 2026-08-23T08:27:25.624Z > 200 GET /api/v1/ 59.83ms
INF 2026-08-23T08:27:25.624Z > 200 GET /api/v1/ 59.53ms
INF 2026-08-23T08:27:25.624Z > 200 GET /api/v1/ 61.18ms
INF 2026-08-23T08:27:25.624Z > 200 GET /api/v1/ 59.5ms
INF 2026-08-23T08:27:25.625Z > 200 GET /api/v1/ 61.92ms
INF 2026-08-23T08:27:25.625Z > 200 GET /api/v1/ 50.62ms
INF 2026-08-23T08:27:25.626Z > 200 GET /api/v1/ 48.59ms
INF 2026-08-23T08:27:25.626Z > 200 GET /api/v1/ 52.81ms
INF 2026-08-23T08:27:25.627Z > 200 GET /api/v1/ 52.3ms
INF 2026-08-23T08:27:25.627Z > 200 GET /api/v1/ 51.21ms
INF 2026-08-23T08:27:25.627Z > 200 GET /api/v1/ 55.59ms
INF 2026-08-23T08:27:25.628Z > 200 GET /api/v1/ 56.62ms
INF 2026-08-23T08:27:25.629Z > 200 GET /api/v1/ 56.48ms
INF 2026-08-23T08:27:25.629Z > 200 GET /api/v1/ 68.78ms
INF 2026-08-23T08:27:25.629Z > 200 GET /api/v1/ 58.75ms
INF 2026-08-23T08:27:25.629Z > 200 GET /api/v1/ 59.34ms
INF 2026-08-23T08:27:25.630Z > 200 GET /api/v1/ 60.01ms
INF 2026-08-23T08:27:25.645Z > 200 GET /api/v1/ 74.95ms
INF 2026-08-23T08:27:25.645Z > 200 GET /api/v1/ 75.57ms
INF 2026-08-23T08:27:25.646Z > 200 GET /api/v1/ 76.63ms
INF 2026-08-23T08:27:25.646Z > 200 GET /api/v1/ 78.26ms
INF 2026-08-23T08:27:25.649Z > 200 GET /api/v1/ 79.47ms
INF 2026-08-23T08:27:25.649Z > 200 GET /api/v1/ 66.02ms
INF 2026-08-23T08:27:25.650Z > 200 GET /api/v1/ 84.15ms
INF 2026-08-23T08:27:25.652Z > 200 GET /api/v1/ 87.88ms
INF 2026-08-23T08:27:25.652Z > 200 GET /api/v1/ 61.01ms
INF 2026-08-23T08:27:25.653Z > 200 GET /api/v1/ 60.47ms
INF 2026-08-23T08:27:25.653Z > 200 GET /api/v1/ 61.37ms
INF 2026-08-23T08:27:25.653Z > 200 GET /api/v1/ 62.22ms
INF 2026-08-23T08:27:25.654Z > 200 GET /api/v1/ 63.51ms
INF 2026-08-23T08:27:25.661Z > 200 GET /api/v1/ 44.59ms
INF 2026-08-23T08:27:25.661Z > 200 GET /api/v1/ 67.16ms
INF 2026-08-23T08:27:25.662Z > 200 GET /api/v1/ 67.83ms
INF 2026-08-23T08:27:25.662Z > 200 GET /api/v1/ 67.57ms
INF 2026-08-23T08:27:25.662Z > 200 GET /api/v1/ 68.71ms
INF 2026-08-23T08:27:25.668Z > 200 GET /api/v1/ 85.47ms
INF 2026-08-23T08:27:25.668Z > 200 GET /api/v1/ 85.49ms
INF 2026-08-23T08:27:25.668Z > 200 GET /api/v1/ 86.35ms
INF 2026-08-23T08:27:25.669Z > 200 GET /api/v1/ 87.33ms
INF 2026-08-23T08:27:25.669Z > 200 GET /api/v1/ 87.53ms
INF 2026-08-23T08:27:25.671Z > 200 GET /api/v1/ 85.52ms
INF 2026-08-23T08:27:25.673Z > 200 GET /api/v1/ 56.49ms
INF 2026-08-23T08:27:25.673Z > 200 GET /api/v1/ 68.64ms
INF 2026-08-23T08:27:25.674Z > 200 GET /api/v1/ 69.44ms
INF 2026-08-23T08:27:25.677Z > 200 GET /api/v1/ 72.51ms
INF 2026-08-23T08:27:25.678Z > 200 GET /api/v1/ 66.76ms
INF 2026-08-23T08:27:25.678Z > 200 GET /api/v1/ 71.4ms
INF 2026-08-23T08:27:25.680Z > 200 GET /api/v1/ 27.57ms
INF 2026-08-23T08:27:25.680Z > 200 GET /api/v1/ 31.25ms
INF 2026-08-23T08:27:25.682Z > 200 GET /api/v1/ 35.45ms
INF 2026-08-23T08:27:25.682Z > 200 GET /api/v1/ 36.04ms
INF 2026-08-23T08:27:25.691Z > 200 GET /api/v1/ 80.74ms
INF 2026-08-23T08:27:25.691Z > 200 GET /api/v1/ 83.18ms
INF 2026-08-23T08:27:25.693Z > 200 GET /api/v1/ 44.43ms
INF 2026-08-23T08:27:25.694Z > 200 GET /api/v1/ 46.0ms
INF 2026-08-23T08:27:25.694Z > 200 GET /api/v1/ 47.1ms
INF 2026-08-23T08:27:25.695Z > 200 GET /api/v1/ 47.21ms
INF 2026-08-23T08:27:25.695Z > 200 GET /api/v1/ 47.02ms
INF 2026-08-23T08:27:25.695Z > 200 GET /api/v1/ 47.78ms
INF 2026-08-23T08:27:25.695Z > 200 GET /api/v1/ 46.31ms
INF 2026-08-23T08:27:25.696Z > 200 GET /api/v1/ 49.43ms
INF 2026-08-23T08:27:25.696Z > 200 GET /api/v1/ 46.78ms
INF 2026-08-23T08:27:25.696Z > 200 GET /api/v1/ 48.72ms
INF 2026-08-23T08:27:25.697Z > 200 GET /api/v1/ 48.91ms
INF 2026-08-23T08:27:25.697Z > 200 GET /api/v1/ 49.95ms
INF 2026-08-23T08:27:25.697Z > 200 GET /api/v1/ 49.63ms
INF 2026-08-23T08:27:25.699Z > 200 GET /api/v1/ 50.51ms
INF 2026-08-23T08:27:25.699Z > 200 GET /api/v1/ 71.18ms
INF 2026-08-23T08:27:25.700Z > 200 GET /api/v1/ 72.94ms
INF 2026-08-23T08:27:25.701Z > 200 GET /api/v1/ 46.13ms
INF 2026-08-23T08:27:25.702Z > 200 GET /api/v1/ 47.13ms
INF 2026-08-23T08:27:25.702Z > 200 GET /api/v1/ 46.79ms
INF 2026-08-23T08:27:25.702Z > 200 GET /api/v1/ 47.48ms
INF 2026-08-23T08:27:25.703Z > 200 GET /api/v1/ 49.74ms
INF 2026-08-23T08:27:25.703Z > 200 GET /api/v1/ 49.31ms
INF 2026-08-23T08:27:25.706Z > 200 GET /api/v1/ 54.56ms
INF 2026-08-23T08:27:25.706Z > 200 GET /api/v1/ 55.11ms
INF 2026-08-23T08:27:25.709Z > 200 GET /api/v1/ 50.74ms
INF 2026-08-23T08:27:25.709Z > 200 GET /api/v1/ 52.29ms
INF 2026-08-23T08:27:25.710Z > 200 GET /api/v1/ 53.74ms
INF 2026-08-23T08:27:25.711Z > 200 GET /api/v1/ 53.97ms
INF 2026-08-23T08:27:25.712Z > 200 GET /api/v1/ 54.97ms
INF 2026-08-23T08:27:25.712Z > 200 GET /api/v1/ 46.01ms
INF 2026-08-23T08:27:25.713Z > 200 GET /api/v1/ 46.35ms
INF 2026-08-23T08:27:25.713Z > 200 GET /api/v1/ 48.26ms
INF 2026-08-23T08:27:25.713Z > 200 GET /api/v1/ 48.2ms
INF 2026-08-23T08:27:25.714Z > 200 GET /api/v1/ 49.06ms
INF 2026-08-23T08:27:25.716Z > 200 GET /api/v1/ 52.85ms
INF 2026-08-23T08:27:25.717Z > 200 GET /api/v1/ 57.44ms
INF 2026-08-23T08:27:25.718Z > 200 GET /api/v1/ 67.17ms
INF 2026-08-23T08:27:25.719Z > 200 GET /api/v1/ 44.6ms
INF 2026-08-23T08:27:25.719Z > 200 GET /api/v1/ 49.32ms
INF 2026-08-23T08:27:25.719Z > 200 GET /api/v1/ 49.18ms
INF 2026-08-23T08:27:25.720Z > 200 GET /api/v1/ 45.94ms
INF 2026-08-23T08:27:25.739Z > 200 GET /api/v1/ 66.8ms
INF 2026-08-23T08:27:25.739Z > 200 GET /api/v1/ 66.7ms
INF 2026-08-23T08:27:25.739Z > 200 GET /api/v1/ 65.48ms
INF 2026-08-23T08:27:25.739Z > 200 GET /api/v1/ 83.35ms
INF 2026-08-23T08:27:25.740Z > 200 GET /api/v1/ 65.08ms
INF 2026-08-23T08:27:25.742Z > 200 GET /api/v1/ 75.95ms
INF 2026-08-23T08:27:25.743Z > 200 GET /api/v1/ 58.65ms
INF 2026-08-23T08:27:25.743Z > 200 GET /api/v1/ 48.18ms
INF 2026-08-23T08:27:25.746Z > 200 GET /api/v1/ 83.45ms
INF 2026-08-23T08:27:25.747Z > 200 GET /api/v1/ 84.57ms
INF 2026-08-23T08:27:25.747Z > 200 GET /api/v1/ 70.44ms
INF 2026-08-23T08:27:25.747Z > 200 GET /api/v1/ 71.51ms
INF 2026-08-23T08:27:25.748Z > 200 GET /api/v1/ 70.57ms
INF 2026-08-23T08:27:25.748Z > 200 GET /api/v1/ 73.47ms
INF 2026-08-23T08:27:25.748Z > 200 GET /api/v1/ 72.37ms
INF 2026-08-23T08:27:25.749Z > 200 GET /api/v1/ 65.96ms
INF 2026-08-23T08:27:25.750Z > 200 GET /api/v1/ 66.32ms
INF 2026-08-23T08:27:25.750Z > 200 GET /api/v1/ 67.85ms
INF 2026-08-23T08:27:25.752Z > 200 GET /api/v1/ 67.33ms
INF 2026-08-23T08:27:25.755Z > 200 GET /api/v1/ 87.81ms
INF 2026-08-23T08:27:25.755Z > 200 GET /api/v1/ 90.57ms
INF 2026-08-23T08:27:25.755Z > 200 GET /api/v1/ 62.42ms
INF 2026-08-23T08:27:25.756Z > 200 GET /api/v1/ 57.76ms
INF 2026-08-23T08:27:25.763Z > 200 GET /api/v1/ 86.13ms
INF 2026-08-23T08:27:25.764Z > 200 GET /api/v1/ 92.43ms
INF 2026-08-23T08:27:25.769Z > 200 GET /api/v1/ 55.53ms
INF 2026-08-23T08:27:25.771Z > 200 GET /api/v1/ 71.14ms
INF 2026-08-23T08:27:25.772Z > 200 GET /api/v1/ 72.02ms
INF 2026-08-23T08:27:25.772Z > 200 GET /api/v1/ 87.88ms
INF 2026-08-23T08:27:25.773Z > 200 GET /api/v1/ 62.47ms
INF 2026-08-23T08:27:25.773Z > 200 GET /api/v1/ 75.91ms
INF 2026-08-23T08:27:25.774Z > 200 GET /api/v1/ 34.21ms
INF 2026-08-23T08:27:25.776Z > 200 GET /api/v1/ 69.64ms
INF 2026-08-23T08:27:25.776Z > 200 GET /api/v1/ 72.63ms
INF 2026-08-23T08:27:25.777Z > 200 GET /api/v1/ 71.96ms
INF 2026-08-23T08:27:25.777Z > 200 GET /api/v1/ 72.5ms
INF 2026-08-23T08:27:25.779Z > 200 GET /api/v1/ 74.34ms
INF 2026-08-23T08:27:25.779Z > 200 GET /api/v1/ 75.13ms
INF 2026-08-23T08:27:25.782Z > 200 GET /api/v1/ 68.14ms
INF 2026-08-23T08:27:25.783Z > 200 GET /api/v1/ 68.98ms
INF 2026-08-23T08:27:25.783Z > 200 GET /api/v1/ 72.78ms
INF 2026-08-23T08:27:25.784Z > 200 GET /api/v1/ 72.77ms
INF 2026-08-23T08:27:25.785Z > 200 GET /api/v1/ 74.92ms
INF 2026-08-23T08:27:25.785Z > 200 GET /api/v1/ 75.57ms
INF 2026-08-23T08:27:25.787Z > 200 GET /api/v1/ 35.47ms
INF 2026-08-23T08:27:25.791Z > 200 GET /api/v1/ 74.61ms
INF 2026-08-23T08:27:25.792Z > 200 GET /api/v1/ 87.85ms
INF 2026-08-23T08:27:25.792Z > 200 GET /api/v1/ 46.12ms
INF 2026-08-23T08:27:25.792Z > 200 GET /api/v1/ 46.67ms
INF 2026-08-23T08:27:25.793Z > 200 GET /api/v1/ 47.75ms
INF 2026-08-23T08:27:25.793Z > 200 GET /api/v1/ 47.17ms
INF 2026-08-23T08:27:25.793Z > 200 GET /api/v1/ 46.82ms
INF 2026-08-23T08:27:25.793Z > 200 GET /api/v1/ 47.97ms
INF 2026-08-23T08:27:25.793Z > 200 GET /api/v1/ 49.06ms
INF 2026-08-23T08:27:25.794Z > 200 GET /api/v1/ 49.57ms
INF 2026-08-23T08:27:25.794Z > 200 GET /api/v1/ 48.62ms
INF 2026-08-23T08:27:25.794Z > 200 GET /api/v1/ 49.62ms
INF 2026-08-23T08:27:25.794Z > 200 GET /api/v1/ 49.36ms
INF 2026-08-23T08:27:25.794Z > 200 GET /api/v1/ 48.59ms
INF 2026-08-23T08:27:25.795Z > 200 GET /api/v1/ 52.64ms
INF 2026-08-23T08:27:25.795Z > 200 GET /api/v1/ 51.66ms
INF 2026-08-23T08:27:25.796Z > 200 GET /api/v1/ 50.52ms
INF 2026-08-23T08:27:25.796Z > 200 GET /api/v1/ 50.01ms
INF 2026-08-23T08:27:25.796Z > 200 GET /api/v1/ 52.16ms
INF 2026-08-23T08:27:25.796Z > 200 GET /api/v1/ 52.1ms
INF 2026-08-23T08:27:25.797Z > 200 GET /api/v1/ 51.16ms
INF 2026-08-23T08:27:25.797Z > 200 GET /api/v1/ 51.27ms
INF 2026-08-23T08:27:25.797Z > 200 GET /api/v1/ 50.27ms
INF 2026-08-23T08:27:25.797Z > 200 GET /api/v1/ 55.03ms
INF 2026-08-23T08:27:25.799Z > 200 GET /api/v1/ 54.03ms
INF 2026-08-23T08:27:25.799Z > 200 GET /api/v1/ 43.17ms
INF 2026-08-23T08:27:25.799Z > 200 GET /api/v1/ 85.49ms
INF 2026-08-23T08:27:25.799Z > 200 GET /api/v1/ 87.13ms
INF 2026-08-23T08:27:25.801Z > 200 GET /api/v1/ 60.35ms
INF 2026-08-23T08:27:25.801Z > 200 GET /api/v1/ 61.57ms
INF 2026-08-23T08:27:25.802Z > 200 GET /api/v1/ 49.86ms
INF 2026-08-23T08:27:25.802Z > 200 GET /api/v1/ 51.36ms
INF 2026-08-23T08:27:25.805Z > 200 GET /api/v1/ 55.59ms
INF 2026-08-23T08:27:25.805Z > 200 GET /api/v1/ 56.48ms
INF 2026-08-23T08:27:25.807Z > 200 GET /api/v1/ 49.83ms
INF 2026-08-23T08:27:25.807Z > 200 GET /api/v1/ 51.0ms
INF 2026-08-23T08:27:25.809Z > 200 GET /api/v1/ 55.95ms
INF 2026-08-23T08:27:25.825Z > 200 GET /api/v1/ 52.88ms
INF 2026-08-23T08:27:25.825Z > 200 GET /api/v1/ 72.0ms
INF 2026-08-23T08:27:25.825Z > 200 GET /api/v1/ 73.12ms
INF 2026-08-23T08:27:25.828Z > 200 GET /api/v1/ 61.69ms
INF 2026-08-23T08:27:25.829Z > 200 GET /api/v1/ 59.08ms
INF 2026-08-23T08:27:25.829Z > 200 GET /api/v1/ 60.93ms
INF 2026-08-23T08:27:25.829Z > 200 GET /api/v1/ 60.81ms
INF 2026-08-23T08:27:25.830Z > 200 GET /api/v1/ 62.71ms
INF 2026-08-23T08:27:25.830Z > 200 GET /api/v1/ 63.45ms
INF 2026-08-23T08:27:25.831Z > 200 GET /api/v1/ 65.84ms
INF 2026-08-23T08:27:25.832Z > 200 GET /api/v1/ 73.23ms
INF 2026-08-23T08:27:25.832Z > 200 GET /api/v1/ 85.13ms
INF 2026-08-23T08:27:25.832Z > 200 GET /api/v1/ 73.36ms
INF 2026-08-23T08:27:25.834Z > 200 GET /api/v1/ 39.73ms
INF 2026-08-23T08:27:25.834Z > 200 GET /api/v1/ 80.46ms
INF 2026-08-23T08:27:25.835Z > 200 GET /api/v1/ 80.97ms
INF 2026-08-23T08:27:25.839Z > 200 GET /api/v1/ 41.97ms
INF 2026-08-23T08:27:25.840Z > 200 GET /api/v1/ 47.14ms
INF 2026-08-23T08:27:25.842Z > 200 GET /api/v1/ 80.0ms
INF 2026-08-23T08:27:25.842Z > 200 GET /api/v1/ 124.12ms
INF 2026-08-23T08:27:25.842Z > 200 GET /api/v1/ 54.98ms
INF 2026-08-23T08:27:25.844Z > 200 GET /api/v1/ 57.51ms
INF 2026-08-23T08:27:25.845Z > 200 GET /api/v1/ 58.76ms
INF 2026-08-23T08:27:25.851Z > 200 GET /api/v1/ 51.79ms
INF 2026-08-23T08:27:25.852Z > 200 GET /api/v1/ 79.88ms
INF 2026-08-23T08:27:25.856Z > 200 GET /api/v1/ 57.84ms
INF 2026-08-23T08:27:25.856Z > 200 GET /api/v1/ 59.09ms
INF 2026-08-23T08:27:25.857Z > 200 GET /api/v1/ 58.97ms
INF 2026-08-23T08:27:25.857Z > 200 GET /api/v1/ 62.49ms
INF 2026-08-23T08:27:25.859Z > 200 GET /api/v1/ 54.65ms
INF 2026-08-23T08:27:25.859Z > 200 GET /api/v1/ 70.49ms
INF 2026-08-23T08:27:25.860Z > 200 GET /api/v1/ 70.15ms
INF 2026-08-23T08:27:25.861Z > 200 GET /api/v1/ 71.13ms
INF 2026-08-23T08:27:25.861Z > 200 GET /api/v1/ 72.15ms
INF 2026-08-23T08:27:25.862Z > 200 GET /api/v1/ 71.8ms
INF 2026-08-23T08:27:25.863Z > 200 GET /api/v1/ 59.46ms
INF 2026-08-23T08:27:25.864Z > 200 GET /api/v1/ 60.58ms
INF 2026-08-23T08:27:25.864Z > 200 GET /api/v1/ 61.77ms
INF 2026-08-23T08:27:25.871Z > 200 GET /api/v1/ 79.35ms
INF 2026-08-23T08:27:25.871Z > 200 GET /api/v1/ 79.87ms
INF 2026-08-23T08:27:25.871Z > 200 GET /api/v1/ 64.05ms
INF 2026-08-23T08:27:25.871Z > 200 GET /api/v1/ 63.97ms
INF 2026-08-23T08:27:25.873Z > 200 GET /api/v1/ 67.71ms
INF 2026-08-23T08:27:25.876Z > 200 GET /api/v1/ 48.25ms
INF 2026-08-23T08:27:25.882Z > 200 GET /api/v1/ 56.62ms
INF 2026-08-23T08:27:25.882Z > 200 GET /api/v1/ 56.3ms
INF 2026-08-23T08:27:25.883Z > 200 GET /api/v1/ 56.01ms
INF 2026-08-23T08:27:25.883Z > 200 GET /api/v1/ 56.1ms
INF 2026-08-23T08:27:25.883Z > 200 GET /api/v1/ 56.16ms
INF 2026-08-23T08:27:25.885Z > 200 GET /api/v1/ 58.94ms
INF 2026-08-23T08:27:25.885Z > 200 GET /api/v1/ 57.76ms
INF 2026-08-23T08:27:25.885Z > 200 GET /api/v1/ 58.72ms
INF 2026-08-23T08:27:25.885Z > 200 GET /api/v1/ 58.14ms
INF 2026-08-23T08:27:25.886Z > 200 GET /api/v1/ 50.13ms
INF 2026-08-23T08:27:25.886Z > 200 GET /api/v1/ 59.53ms
INF 2026-08-23T08:27:25.886Z > 200 GET /api/v1/ 53.54ms
INF 2026-08-23T08:27:25.886Z > 200 GET /api/v1/ 51.45ms
INF 2026-08-23T08:27:25.887Z > 200 GET /api/v1/ 44.55ms
INF 2026-08-23T08:27:25.887Z > 200 GET /api/v1/ 45.28ms
INF 2026-08-23T08:27:25.889Z > 200 GET /api/v1/ 48.31ms
INF 2026-08-23T08:27:25.890Z > 200 GET /api/v1/ 30.06ms
INF 2026-08-23T08:27:25.890Z > 200 GET /api/v1/ 48.7ms
INF 2026-08-23T08:27:25.891Z > 200 GET /api/v1/ 52.0ms
INF 2026-08-23T08:27:25.891Z > 200 GET /api/v1/ 50.07ms
INF 2026-08-23T08:27:25.891Z > 200 GET /api/v1/ 53.0ms
INF 2026-08-23T08:27:25.892Z > 200 GET /api/v1/ 51.98ms
INF 2026-08-23T08:27:25.892Z > 200 GET /api/v1/ 35.59ms
INF 2026-08-23T08:27:25.893Z > 200 GET /api/v1/ 53.78ms
INF 2026-08-23T08:27:25.893Z > 200 GET /api/v1/ 54.6ms
INF 2026-08-23T08:27:25.893Z > 200 GET /api/v1/ 56.41ms
INF 2026-08-23T08:27:25.893Z > 200 GET /api/v1/ 55.39ms
INF 2026-08-23T08:27:25.898Z > 200 GET /api/v1/ 70.82ms
INF 2026-08-23T08:27:25.899Z > 200 GET /api/v1/ 72.56ms
INF 2026-08-23T08:27:25.899Z > 200 GET /api/v1/ 72.02ms
INF 2026-08-23T08:27:25.899Z > 200 GET /api/v1/ 71.91ms
INF 2026-08-23T08:27:25.901Z > 200 GET /api/v1/ 73.46ms
INF 2026-08-23T08:27:25.903Z > 200 GET /api/v1/ 59.13ms
INF 2026-08-23T08:27:25.903Z > 200 GET /api/v1/ 59.99ms
INF 2026-08-23T08:27:25.904Z > 200 GET /api/v1/ 64.71ms
INF 2026-08-23T08:27:25.905Z > 200 GET /api/v1/ 65.31ms
INF 2026-08-23T08:27:25.925Z > 200 GET /api/v1/ 70.1ms
INF 2026-08-23T08:27:25.925Z > 200 GET /api/v1/ 89.1ms
INF 2026-08-23T08:27:25.926Z > 200 GET /api/v1/ 78.73ms
INF 2026-08-23T08:27:25.926Z > 200 GET /api/v1/ 89.85ms
INF 2026-08-23T08:27:25.926Z > 200 GET /api/v1/ 76.28ms
INF 2026-08-23T08:27:25.926Z > 200 GET /api/v1/ 80.4ms
INF 2026-08-23T08:27:25.926Z > 200 GET /api/v1/ 80.88ms
INF 2026-08-23T08:27:25.927Z > 200 GET /api/v1/ 77.94ms
INF 2026-08-23T08:27:25.929Z > 200 GET /api/v1/ 79.46ms
INF 2026-08-23T08:27:25.929Z > 200 GET /api/v1/ 84.07ms
INF 2026-08-23T08:27:25.930Z > 200 GET /api/v1/ 86.0ms
INF 2026-08-23T08:27:25.931Z > 200 GET /api/v1/ 104.36ms
INF 2026-08-23T08:27:25.931Z > 200 GET /api/v1/ 105.06ms
INF 2026-08-23T08:27:25.940Z > 200 GET /api/v1/ 80.14ms
INF 2026-08-23T08:27:25.942Z > 200 GET /api/v1/ 73.25ms
INF 2026-08-23T08:27:25.943Z > 200 GET /api/v1/ 88.75ms
INF 2026-08-23T08:27:25.944Z > 200 GET /api/v1/ 89.97ms
INF 2026-08-23T08:27:25.944Z > 200 GET /api/v1/ 91.01ms
INF 2026-08-23T08:27:25.948Z > 200 GET /api/v1/ 68.64ms
INF 2026-08-23T08:27:25.948Z > 200 GET /api/v1/ 69.96ms
INF 2026-08-23T08:27:25.949Z > 200 GET /api/v1/ 69.78ms
INF 2026-08-23T08:27:25.949Z > 200 GET /api/v1/ 70.61ms
INF 2026-08-23T08:27:25.951Z > 200 GET /api/v1/ 73.59ms
INF 2026-08-23T08:27:25.953Z > 200 GET /api/v1/ 75.22ms
INF 2026-08-23T08:27:25.954Z > 200 GET /api/v1/ 79.27ms
INF 2026-08-23T08:27:25.954Z > 200 GET /api/v1/ 60.75ms
INF 2026-08-23T08:27:25.954Z > 200 GET /api/v1/ 79.67ms
INF 2026-08-23T08:27:25.955Z > 200 GET /api/v1/ 78.79ms
INF 2026-08-23T08:27:25.958Z > 200 GET /api/v1/ 117.64ms
INF 2026-08-23T08:27:25.958Z > 200 GET /api/v1/ 117.36ms
INF 2026-08-23T08:27:25.963Z > 200 GET /api/v1/ 94.75ms
INF 2026-08-23T08:27:25.963Z > 200 GET /api/v1/ 95.94ms
INF 2026-08-23T08:27:25.964Z > 200 GET /api/v1/ 120.36ms
INF 2026-08-23T08:27:25.964Z > 200 GET /api/v1/ 34.13ms
INF 2026-08-23T08:27:25.966Z > 200 GET /api/v1/ 69.65ms
INF 2026-08-23T08:27:25.966Z > 200 GET /api/v1/ 69.62ms
INF 2026-08-23T08:27:25.968Z > 200 GET /api/v1/ 43.13ms
INF 2026-08-23T08:27:25.968Z > 200 GET /api/v1/ 80.95ms
INF 2026-08-23T08:27:25.969Z > 200 GET /api/v1/ 80.66ms
INF 2026-08-23T08:27:25.969Z > 200 GET /api/v1/ 95.11ms
INF 2026-08-23T08:27:25.969Z > 200 GET /api/v1/ 64.6ms
INF 2026-08-23T08:27:25.970Z > 200 GET /api/v1/ 76.42ms
INF 2026-08-23T08:27:25.970Z > 200 GET /api/v1/ 81.94ms
INF 2026-08-23T08:27:25.974Z > 200 GET /api/v1/ 70.53ms
INF 2026-08-23T08:27:25.976Z > 200 GET /api/v1/ 77.14ms
INF 2026-08-23T08:27:25.977Z > 200 GET /api/v1/ 76.98ms
INF 2026-08-23T08:27:25.977Z > 200 GET /api/v1/ 77.91ms
INF 2026-08-23T08:27:25.978Z > 200 GET /api/v1/ 77.78ms
INF 2026-08-23T08:27:25.978Z > 200 GET /api/v1/ 96.8ms
INF 2026-08-23T08:27:25.978Z > 200 GET /api/v1/ 97.43ms
INF 2026-08-23T08:27:25.980Z > 200 GET /api/v1/ 52.29ms
INF 2026-08-23T08:27:25.980Z > 200 GET /api/v1/ 52.36ms
INF 2026-08-23T08:27:25.981Z > 200 GET /api/v1/ 53.71ms
INF 2026-08-23T08:27:25.981Z > 200 GET /api/v1/ 77.79ms
INF 2026-08-23T08:27:25.986Z > 200 GET /api/v1/ 48.07ms
INF 2026-08-23T08:27:25.987Z > 200 GET /api/v1/ 49.17ms
INF 2026-08-23T08:27:25.987Z > 200 GET /api/v1/ 48.95ms
INF 2026-08-23T08:27:25.988Z > 200 GET /api/v1/ 50.09ms
INF 2026-08-23T08:27:25.988Z > 200 GET /api/v1/ 49.87ms
INF 2026-08-23T08:27:25.988Z > 200 GET /api/v1/ 50.82ms
INF 2026-08-23T08:27:25.988Z > 200 GET /api/v1/ 50.72ms
INF 2026-08-23T08:27:25.989Z > 200 GET /api/v1/ 52.43ms
INF 2026-08-23T08:27:25.989Z > 200 GET /api/v1/ 52.2ms
INF 2026-08-23T08:27:25.989Z > 200 GET /api/v1/ 53.42ms
INF 2026-08-23T08:27:25.990Z > 200 GET /api/v1/ 54.17ms
INF 2026-08-23T08:27:25.990Z > 200 GET /api/v1/ 55.19ms
INF 2026-08-23T08:27:25.990Z > 200 GET /api/v1/ 52.82ms
INF 2026-08-23T08:27:25.990Z > 200 GET /api/v1/ 54.15ms
INF 2026-08-23T08:27:25.991Z > 200 GET /api/v1/ 54.85ms
INF 2026-08-23T08:27:25.991Z > 200 GET /api/v1/ 55.73ms
INF 2026-08-23T08:27:25.991Z > 200 GET /api/v1/ 54.19ms
INF 2026-08-23T08:27:25.992Z > 200 GET /api/v1/ 56.4ms
INF 2026-08-23T08:27:25.992Z > 200 GET /api/v1/ 62.55ms
INF 2026-08-23T08:27:25.993Z > 200 GET /api/v1/ 58.19ms
INF 2026-08-23T08:27:25.993Z > 200 GET /api/v1/ 60.32ms
INF 2026-08-23T08:27:25.995Z > 200 GET /api/v1/ 97.97ms
INF 2026-08-23T08:27:25.996Z > 200 GET /api/v1/ 54.98ms
INF 2026-08-23T08:27:25.999Z > 200 GET /api/v1/ 93.74ms
INF 2026-08-23T08:27:26.000Z > 200 GET /api/v1/ 61.93ms
INF 2026-08-23T08:27:26.000Z > 200 GET /api/v1/ 61.63ms
INF 2026-08-23T08:27:26.001Z > 200 GET /api/v1/ 45.89ms
INF 2026-08-23T08:27:26.001Z > 200 GET /api/v1/ 51.56ms
INF 2026-08-23T08:27:26.001Z > 200 GET /api/v1/ 69.17ms
INF 2026-08-23T08:27:26.002Z > 200 GET /api/v1/ 69.18ms
INF 2026-08-23T08:27:26.002Z > 200 GET /api/v1/ 50.7ms
INF 2026-08-23T08:27:26.018Z > 200 GET /api/v1/ 86.24ms
INF 2026-08-23T08:27:26.019Z > 200 GET /api/v1/ 74.49ms
INF 2026-08-23T08:27:26.019Z > 200 GET /api/v1/ 73.36ms
INF 2026-08-23T08:27:26.020Z > 200 GET /api/v1/ 74.32ms
INF 2026-08-23T08:27:26.021Z > 200 GET /api/v1/ 91.87ms
INF 2026-08-23T08:27:26.021Z > 200 GET /api/v1/ 75.16ms
INF 2026-08-23T08:27:26.022Z > 200 GET /api/v1/ 76.26ms
INF 2026-08-23T08:27:26.026Z > 200 GET /api/v1/ 86.0ms
INF 2026-08-23T08:27:26.027Z > 200 GET /api/v1/ 86.23ms
INF 2026-08-23T08:27:26.028Z > 200 GET /api/v1/ 87.45ms
INF 2026-08-23T08:27:26.030Z > 200 GET /api/v1/ 82.33ms
INF 2026-08-23T08:27:26.031Z > 200 GET /api/v1/ 83.63ms
INF 2026-08-23T08:27:26.033Z > 200 GET /api/v1/ 87.92ms
INF 2026-08-23T08:27:26.034Z > 200 GET /api/v1/ 86.93ms
INF 2026-08-23T08:27:26.037Z > 200 GET /api/v1/ 60.87ms
INF 2026-08-23T08:27:26.038Z > 200 GET /api/v1/ 63.02ms
INF 2026-08-23T08:27:26.038Z > 200 GET /api/v1/ 63.04ms
INF 2026-08-23T08:27:26.039Z > 200 GET /api/v1/ 63.06ms
INF 2026-08-23T08:27:26.039Z > 200 GET /api/v1/ 64.35ms
INF 2026-08-23T08:27:26.039Z > 200 GET /api/v1/ 48.31ms
INF 2026-08-23T08:27:26.043Z > 200 GET /api/v1/ 69.69ms
INF 2026-08-23T08:27:26.043Z > 200 GET /api/v1/ 71.37ms
INF 2026-08-23T08:27:26.052Z > 200 GET /api/v1/ 105.65ms
INF 2026-08-23T08:27:26.053Z > 200 GET /api/v1/ 76.59ms
INF 2026-08-23T08:27:26.056Z > 200 GET /api/v1/ 85.68ms
INF 2026-08-23T08:27:26.057Z > 200 GET /api/v1/ 73.69ms
INF 2026-08-23T08:27:26.058Z > 200 GET /api/v1/ 73.48ms
INF 2026-08-23T08:27:26.061Z > 200 GET /api/v1/ 65.88ms
INF 2026-08-23T08:27:26.062Z > 200 GET /api/v1/ 64.74ms
INF 2026-08-23T08:27:26.062Z > 200 GET /api/v1/ 66.01ms
INF 2026-08-23T08:27:26.063Z > 200 GET /api/v1/ 66.14ms
INF 2026-08-23T08:27:26.064Z > 200 GET /api/v1/ 42.31ms
INF 2026-08-23T08:27:26.066Z > 200 GET /api/v1/ 46.41ms
INF 2026-08-23T08:27:26.066Z > 200 GET /api/v1/ 88.0ms
INF 2026-08-23T08:27:26.067Z > 200 GET /api/v1/ 73.65ms
INF 2026-08-23T08:27:26.069Z > 200 GET /api/v1/ 67.03ms
INF 2026-08-23T08:27:26.072Z > 200 GET /api/v1/ 72.73ms
INF 2026-08-23T08:27:26.073Z > 200 GET /api/v1/ 87.85ms
INF 2026-08-23T08:27:26.074Z > 200 GET /api/v1/ 74.9ms
INF 2026-08-23T08:27:26.075Z > 200 GET /api/v1/ 46.74ms
INF 2026-08-23T08:27:26.076Z > 200 GET /api/v1/ 91.82ms
INF 2026-08-23T08:27:26.078Z > 200 GET /api/v1/ 52.5ms
INF 2026-08-23T08:27:26.078Z > 200 GET /api/v1/ 52.7ms
INF 2026-08-23T08:27:26.079Z > 200 GET /api/v1/ 52.86ms
INF 2026-08-23T08:27:26.079Z > 200 GET /api/v1/ 39.61ms
INF 2026-08-23T08:27:26.080Z > 200 GET /api/v1/ 54.29ms
INF 2026-08-23T08:27:26.080Z > 200 GET /api/v1/ 56.64ms
INF 2026-08-23T08:27:26.081Z > 200 GET /api/v1/ 58.22ms
INF 2026-08-23T08:27:26.081Z > 200 GET /api/v1/ 56.29ms
INF 2026-08-23T08:27:26.082Z > 200 GET /api/v1/ 58.0ms
INF 2026-08-23T08:27:26.082Z > 200 GET /api/v1/ 58.27ms
INF 2026-08-23T08:27:26.082Z > 200 GET /api/v1/ 59.43ms
INF 2026-08-23T08:27:26.083Z > 200 GET /api/v1/ 58.12ms
INF 2026-08-23T08:27:26.083Z > 200 GET /api/v1/ 58.5ms
INF 2026-08-23T08:27:26.084Z > 200 GET /api/v1/ 58.42ms
INF 2026-08-23T08:27:26.084Z > 200 GET /api/v1/ 60.84ms
INF 2026-08-23T08:27:26.084Z > 200 GET /api/v1/ 59.48ms
INF 2026-08-23T08:27:26.085Z > 200 GET /api/v1/ 58.98ms
INF 2026-08-23T08:27:26.085Z > 200 GET /api/v1/ 60.81ms
INF 2026-08-23T08:27:26.085Z > 200 GET /api/v1/ 60.79ms
INF 2026-08-23T08:27:26.085Z > 200 GET /api/v1/ 51.88ms
INF 2026-08-23T08:27:26.086Z > 200 GET /api/v1/ 65.7ms
INF 2026-08-23T08:27:26.086Z > 200 GET /api/v1/ 66.4ms
INF 2026-08-23T08:27:26.086Z > 200 GET /api/v1/ 67.92ms
INF 2026-08-23T08:27:26.093Z > 200 GET /api/v1/ 64.37ms
INF 2026-08-23T08:27:26.094Z > 200 GET /api/v1/ 93.82ms
INF 2026-08-23T08:27:26.094Z > 200 GET /api/v1/ 53.31ms
INF 2026-08-23T08:27:26.095Z > 200 GET /api/v1/ 54.6ms
INF 2026-08-23T08:27:26.095Z > 200 GET /api/v1/ 55.16ms
INF 2026-08-23T08:27:26.095Z > 200 GET /api/v1/ 58.5ms
INF 2026-08-23T08:27:26.096Z > 200 GET /api/v1/ 61.44ms
INF 2026-08-23T08:27:26.096Z > 200 GET /api/v1/ 60.51ms
INF 2026-08-23T08:27:26.097Z > 200 GET /api/v1/ 61.97ms
INF 2026-08-23T08:27:26.097Z > 200 GET /api/v1/ 63.77ms
INF 2026-08-23T08:27:26.098Z > 200 GET /api/v1/ 76.54ms
INF 2026-08-23T08:27:26.115Z > 200 GET /api/v1/ 82.8ms
INF 2026-08-23T08:27:26.115Z > 200 GET /api/v1/ 83.36ms
INF 2026-08-23T08:27:26.116Z > 200 GET /api/v1/ 84.4ms
INF 2026-08-23T08:27:26.117Z > 200 GET /api/v1/ 66.65ms
INF 2026-08-23T08:27:26.120Z > 200 GET /api/v1/ 74.4ms
INF 2026-08-23T08:27:26.120Z > 200 GET /api/v1/ 75.44ms
INF 2026-08-23T08:27:26.121Z > 200 GET /api/v1/ 76.04ms
INF 2026-08-23T08:27:26.121Z > 200 GET /api/v1/ 75.59ms
INF 2026-08-23T08:27:26.121Z > 200 GET /api/v1/ 75.19ms
INF 2026-08-23T08:27:26.121Z > 200 GET /api/v1/ 92.94ms
INF 2026-08-23T08:27:26.122Z > 200 GET /api/v1/ 74.49ms
INF 2026-08-23T08:27:26.123Z > 200 GET /api/v1/ 79.96ms
INF 2026-08-23T08:27:26.124Z > 200 GET /api/v1/ 81.69ms
INF 2026-08-23T08:27:26.124Z > 200 GET /api/v1/ 80.88ms
INF 2026-08-23T08:27:26.125Z > 200 GET /api/v1/ 96.84ms
INF 2026-08-23T08:27:26.126Z > 200 GET /api/v1/ 84.11ms
INF 2026-08-23T08:27:26.126Z > 200 GET /api/v1/ 128.16ms
INF 2026-08-23T08:27:26.126Z > 200 GET /api/v1/ 128.6ms
INF 2026-08-23T08:27:26.128Z > 200 GET /api/v1/ 84.97ms
INF 2026-08-23T08:27:26.133Z > 200 GET /api/v1/ 83.9ms
INF 2026-08-23T08:27:26.134Z > 200 GET /api/v1/ 82.75ms
INF 2026-08-23T08:27:26.134Z > 200 GET /api/v1/ 101.84ms
INF 2026-08-23T08:27:26.134Z > 200 GET /api/v1/ 75.32ms
INF 2026-08-23T08:27:26.137Z > 200 GET /api/v1/ 92.65ms
INF 2026-08-23T08:27:26.139Z > 200 GET /api/v1/ 95.06ms
INF 2026-08-23T08:27:26.139Z > 200 GET /api/v1/ 99.76ms
INF 2026-08-23T08:27:26.142Z > 200 GET /api/v1/ 70.63ms
INF 2026-08-23T08:27:26.143Z > 200 GET /api/v1/ 72.49ms
INF 2026-08-23T08:27:26.144Z > 200 GET /api/v1/ 73.48ms
INF 2026-08-23T08:27:26.148Z > 200 GET /api/v1/ 63.39ms
INF 2026-08-23T08:27:26.151Z > 200 GET /api/v1/ 71.56ms
INF 2026-08-23T08:27:26.152Z > 200 GET /api/v1/ 60.82ms
INF 2026-08-23T08:27:26.152Z > 200 GET /api/v1/ 65.49ms
INF 2026-08-23T08:27:26.153Z > 200 GET /api/v1/ 56.87ms
INF 2026-08-23T08:27:26.154Z > 200 GET /api/v1/ 77.14ms
INF 2026-08-23T08:27:26.155Z > 200 GET /api/v1/ 81.01ms
INF 2026-08-23T08:27:26.155Z > 200 GET /api/v1/ 81.43ms
INF 2026-08-23T08:27:26.156Z > 200 GET /api/v1/ 82.35ms
INF 2026-08-23T08:27:26.158Z > 200 GET /api/v1/ 66.97ms
INF 2026-08-23T08:27:26.159Z > 200 GET /api/v1/ 67.75ms
INF 2026-08-23T08:27:26.160Z > 200 GET /api/v1/ 38.17ms
INF 2026-08-23T08:27:26.160Z > 200 GET /api/v1/ 68.37ms
INF 2026-08-23T08:27:26.160Z > 200 GET /api/v1/ 70.95ms
INF 2026-08-23T08:27:26.161Z > 200 GET /api/v1/ 70.73ms
INF 2026-08-23T08:27:26.162Z > 200 GET /api/v1/ 73.29ms
INF 2026-08-23T08:27:26.163Z > 200 GET /api/v1/ 95.79ms
INF 2026-08-23T08:27:26.170Z > 200 GET /api/v1/ 94.59ms
INF 2026-08-23T08:27:26.170Z > 200 GET /api/v1/ 94.61ms
INF 2026-08-23T08:27:26.172Z > 200 GET /api/v1/ 50.04ms
INF 2026-08-23T08:27:26.172Z > 200 GET /api/v1/ 52.58ms
INF 2026-08-23T08:27:26.173Z > 200 GET /api/v1/ 85.11ms
INF 2026-08-23T08:27:26.173Z > 200 GET /api/v1/ 53.9ms
INF 2026-08-23T08:27:26.174Z > 200 GET /api/v1/ 55.48ms
INF 2026-08-23T08:27:26.179Z > 200 GET /api/v1/ 47.85ms
INF 2026-08-23T08:27:26.180Z > 200 GET /api/v1/ 63.8ms
INF 2026-08-23T08:27:26.180Z > 200 GET /api/v1/ 49.47ms
INF 2026-08-23T08:27:26.181Z > 200 GET /api/v1/ 49.29ms
INF 2026-08-23T08:27:26.181Z > 200 GET /api/v1/ 50.3ms
INF 2026-08-23T08:27:26.181Z > 200 GET /api/v1/ 49.62ms
INF 2026-08-23T08:27:26.182Z > 200 GET /api/v1/ 51.3ms
INF 2026-08-23T08:27:26.182Z > 200 GET /api/v1/ 52.35ms
INF 2026-08-23T08:27:26.184Z > 200 GET /api/v1/ 54.55ms
INF 2026-08-23T08:27:26.184Z > 200 GET /api/v1/ 53.4ms
INF 2026-08-23T08:27:26.185Z > 200 GET /api/v1/ 55.94ms
INF 2026-08-23T08:27:26.185Z > 200 GET /api/v1/ 57.01ms
INF 2026-08-23T08:27:26.186Z > 200 GET /api/v1/ 55.96ms
INF 2026-08-23T08:27:26.186Z > 200 GET /api/v1/ 59.0ms
INF 2026-08-23T08:27:26.186Z > 200 GET /api/v1/ 59.39ms
INF 2026-08-23T08:27:26.187Z > 200 GET /api/v1/ 59.18ms
INF 2026-08-23T08:27:26.187Z > 200 GET /api/v1/ 59.56ms
INF 2026-08-23T08:27:26.187Z > 200 GET /api/v1/ 60.45ms
INF 2026-08-23T08:27:26.187Z > 200 GET /api/v1/ 62.58ms
INF 2026-08-23T08:27:26.189Z > 200 GET /api/v1/ 71.08ms
INF 2026-08-23T08:27:26.190Z > 200 GET /api/v1/ 71.81ms
INF 2026-08-23T08:27:26.190Z > 200 GET /api/v1/ 71.28ms
INF 2026-08-23T08:27:26.190Z > 200 GET /api/v1/ 72.24ms
INF 2026-08-23T08:27:26.191Z > 200 GET /api/v1/ 73.15ms
INF 2026-08-23T08:27:26.192Z > 200 GET /api/v1/ 72.96ms
INF 2026-08-23T08:27:26.194Z > 200 GET /api/v1/ 75.03ms
INF 2026-08-23T08:27:26.194Z > 200 GET /api/v1/ 75.62ms
INF 2026-08-23T08:27:26.195Z > 200 GET /api/v1/ 75.56ms
INF 2026-08-23T08:27:26.196Z > 200 GET /api/v1/ 64.28ms
INF 2026-08-23T08:27:26.197Z > 200 GET /api/v1/ 64.99ms
INF 2026-08-23T08:27:26.216Z > 200 GET /api/v1/ 71.46ms
INF 2026-08-23T08:27:26.216Z > 200 GET /api/v1/ 76.07ms
INF 2026-08-23T08:27:26.216Z > 200 GET /api/v1/ 75.64ms
INF 2026-08-23T08:27:26.216Z > 200 GET /api/v1/ 90.07ms
INF 2026-08-23T08:27:26.217Z > 200 GET /api/v1/ 79.46ms
INF 2026-08-23T08:27:26.217Z > 200 GET /api/v1/ 61.66ms
INF 2026-08-23T08:27:26.218Z > 200 GET /api/v1/ 79.3ms
INF 2026-08-23T08:27:26.222Z > 200 GET /api/v1/ 75.22ms
INF 2026-08-23T08:27:26.222Z > 200 GET /api/v1/ 76.26ms
INF 2026-08-23T08:27:26.222Z > 200 GET /api/v1/ 75.14ms
INF 2026-08-23T08:27:26.222Z > 200 GET /api/v1/ 82.71ms
INF 2026-08-23T08:27:26.223Z > 200 GET /api/v1/ 76.59ms
INF 2026-08-23T08:27:26.223Z > 200 GET /api/v1/ 78.12ms
INF 2026-08-23T08:27:26.224Z > 200 GET /api/v1/ 106.72ms
INF 2026-08-23T08:27:26.226Z > 200 GET /api/v1/ 80.41ms
INF 2026-08-23T08:27:26.230Z > 200 GET /api/v1/ 91.25ms
INF 2026-08-23T08:27:26.230Z > 200 GET /api/v1/ 64.55ms
INF 2026-08-23T08:27:26.231Z > 200 GET /api/v1/ 66.24ms
INF 2026-08-23T08:27:26.231Z > 200 GET /api/v1/ 65.84ms
INF 2026-08-23T08:27:26.234Z > 200 GET /api/v1/ 67.84ms
INF 2026-08-23T08:27:26.237Z > 200 GET /api/v1/ 119.93ms
INF 2026-08-23T08:27:26.239Z > 200 GET /api/v1/ 63.93ms
INF 2026-08-23T08:27:26.240Z > 200 GET /api/v1/ 49.76ms
INF 2026-08-23T08:27:26.242Z > 200 GET /api/v1/ 59.05ms
INF 2026-08-23T08:27:26.244Z > 200 GET /api/v1/ 76.76ms
INF 2026-08-23T08:27:26.245Z > 200 GET /api/v1/ 88.36ms
INF 2026-08-23T08:27:26.245Z > 200 GET /api/v1/ 78.07ms
INF 2026-08-23T08:27:26.246Z > 200 GET /api/v1/ 90.0ms
INF 2026-08-23T08:27:26.247Z > 200 GET /api/v1/ 65.06ms
INF 2026-08-23T08:27:26.249Z > 200 GET /api/v1/ 65.57ms
INF 2026-08-23T08:27:26.249Z > 200 GET /api/v1/ 66.73ms
INF 2026-08-23T08:27:26.250Z > 200 GET /api/v1/ 71.91ms
INF 2026-08-23T08:27:26.251Z > 200 GET /api/v1/ 72.96ms
INF 2026-08-23T08:27:26.251Z > 200 GET /api/v1/ 72.97ms
INF 2026-08-23T08:27:26.253Z > 200 GET /api/v1/ 29.28ms
INF 2026-08-23T08:27:26.254Z > 200 GET /api/v1/ 62.47ms
INF 2026-08-23T08:27:26.254Z > 200 GET /api/v1/ 61.58ms
INF 2026-08-23T08:27:26.255Z > 200 GET /api/v1/ 61.39ms
INF 2026-08-23T08:27:26.255Z > 200 GET /api/v1/ 64.49ms
INF 2026-08-23T08:27:26.258Z > 200 GET /api/v1/ 87.24ms
INF 2026-08-23T08:27:26.260Z > 200 GET /api/v1/ 89.03ms
INF 2026-08-23T08:27:26.260Z > 200 GET /api/v1/ 89.92ms
INF 2026-08-23T08:27:26.263Z > 200 GET /api/v1/ 67.38ms
INF 2026-08-23T08:27:26.263Z > 200 GET /api/v1/ 83.53ms
INF 2026-08-23T08:27:26.264Z > 200 GET /api/v1/ 47.99ms
INF 2026-08-23T08:27:26.266Z > 200 GET /api/v1/ 40.06ms
INF 2026-08-23T08:27:26.267Z > 200 GET /api/v1/ 92.44ms
INF 2026-08-23T08:27:26.268Z > 200 GET /api/v1/ 90.85ms
INF 2026-08-23T08:27:26.268Z > 200 GET /api/v1/ 93.82ms
INF 2026-08-23T08:27:26.269Z > 200 GET /api/v1/ 93.59ms
INF 2026-08-23T08:27:26.270Z > 200 GET /api/v1/ 49.66ms
INF 2026-08-23T08:27:26.270Z > 200 GET /api/v1/ 49.46ms
INF 2026-08-23T08:27:26.270Z > 200 GET /api/v1/ 49.47ms
INF 2026-08-23T08:27:26.271Z > 200 GET /api/v1/ 50.5ms
INF 2026-08-23T08:27:26.271Z > 200 GET /api/v1/ 51.47ms
INF 2026-08-23T08:27:26.272Z > 200 GET /api/v1/ 51.51ms
INF 2026-08-23T08:27:26.272Z > 200 GET /api/v1/ 52.01ms
INF 2026-08-23T08:27:26.272Z > 200 GET /api/v1/ 52.75ms
INF 2026-08-23T08:27:26.272Z > 200 GET /api/v1/ 52.46ms
INF 2026-08-23T08:27:26.273Z > 200 GET /api/v1/ 58.49ms
INF 2026-08-23T08:27:26.274Z > 200 GET /api/v1/ 77.29ms
INF 2026-08-23T08:27:26.275Z > 200 GET /api/v1/ 77.69ms
INF 2026-08-23T08:27:26.276Z > 200 GET /api/v1/ 48.5ms
INF 2026-08-23T08:27:26.277Z > 200 GET /api/v1/ 48.4ms
INF 2026-08-23T08:27:26.277Z > 200 GET /api/v1/ 49.31ms
INF 2026-08-23T08:27:26.278Z > 200 GET /api/v1/ 50.85ms
INF 2026-08-23T08:27:26.279Z > 200 GET /api/v1/ 51.66ms
INF 2026-08-23T08:27:26.279Z > 200 GET /api/v1/ 51.82ms
INF 2026-08-23T08:27:26.279Z > 200 GET /api/v1/ 51.0ms
INF 2026-08-23T08:27:26.280Z > 200 GET /api/v1/ 54.06ms
INF 2026-08-23T08:27:26.280Z > 200 GET /api/v1/ 53.26ms
INF 2026-08-23T08:27:26.281Z > 200 GET /api/v1/ 85.94ms
INF 2026-08-23T08:27:26.282Z > 200 GET /api/v1/ 44.75ms
INF 2026-08-23T08:27:26.284Z > 200 GET /api/v1/ 50.93ms
INF 2026-08-23T08:27:26.284Z > 200 GET /api/v1/ 50.94ms
INF 2026-08-23T08:27:26.285Z > 200 GET /api/v1/ 51.98ms
INF 2026-08-23T08:27:26.286Z > 200 GET /api/v1/ 65.81ms
INF 2026-08-23T08:27:26.287Z > 200 GET /api/v1/ 68.24ms
INF 2026-08-23T08:27:26.288Z > 200 GET /api/v1/ 68.95ms
INF 2026-08-23T08:27:26.290Z > 200 GET /api/v1/ 70.85ms
INF 2026-08-23T08:27:26.291Z > 200 GET /api/v1/ 71.72ms
INF 2026-08-23T08:27:26.291Z > 200 GET /api/v1/ 73.15ms
INF 2026-08-23T08:27:26.309Z > 200 GET /api/v1/ 70.19ms
INF 2026-08-23T08:27:26.309Z > 200 GET /api/v1/ 70.85ms
INF 2026-08-23T08:27:26.311Z > 200 GET /api/v1/ 75.38ms
INF 2026-08-23T08:27:26.311Z > 200 GET /api/v1/ 76.55ms
INF 2026-08-23T08:27:26.312Z > 200 GET /api/v1/ 87.48ms
INF 2026-08-23T08:27:26.312Z > 200 GET /api/v1/ 76.87ms
INF 2026-08-23T08:27:26.312Z > 200 GET /api/v1/ 76.14ms
INF 2026-08-23T08:27:26.312Z > 200 GET /api/v1/ 87.76ms
INF 2026-08-23T08:27:26.313Z > 200 GET /api/v1/ 76.39ms
INF 2026-08-23T08:27:26.313Z > 200 GET /api/v1/ 76.98ms
INF 2026-08-23T08:27:26.315Z > 200 GET /api/v1/ 72.82ms
INF 2026-08-23T08:27:26.316Z > 200 GET /api/v1/ 72.72ms
INF 2026-08-23T08:27:26.316Z > 200 GET /api/v1/ 72.59ms
INF 2026-08-23T08:27:26.317Z > 200 GET /api/v1/ 74.37ms
INF 2026-08-23T08:27:26.322Z > 200 GET /api/v1/ 80.94ms
INF 2026-08-23T08:27:26.323Z > 200 GET /api/v1/ 51.82ms
INF 2026-08-23T08:27:26.325Z > 200 GET /api/v1/ 87.33ms
INF 2026-08-23T08:27:26.325Z > 200 GET /api/v1/ 74.09ms
INF 2026-08-23T08:27:26.328Z > 200 GET /api/v1/ 63.72ms
INF 2026-08-23T08:27:26.329Z > 200 GET /api/v1/ 48.95ms
INF 2026-08-23T08:27:26.329Z > 200 GET /api/v1/ 67.06ms
INF 2026-08-23T08:27:26.330Z > 200 GET /api/v1/ 67.15ms
INF 2026-08-23T08:27:26.330Z > 200 GET /api/v1/ 68.3ms
INF 2026-08-23T08:27:26.330Z > 200 GET /api/v1/ 68.82ms
INF 2026-08-23T08:27:26.330Z > 200 GET /api/v1/ 69.55ms
INF 2026-08-23T08:27:26.331Z > 200 GET /api/v1/ 68.45ms
INF 2026-08-23T08:27:26.338Z > 200 GET /api/v1/ 65.11ms
INF 2026-08-23T08:27:26.338Z > 200 GET /api/v1/ 64.56ms
INF 2026-08-23T08:27:26.340Z > 200 GET /api/v1/ 66.09ms
INF 2026-08-23T08:27:26.345Z > 200 GET /api/v1/ 65.04ms
INF 2026-08-23T08:27:26.345Z > 200 GET /api/v1/ 36.4ms
INF 2026-08-23T08:27:26.346Z > 200 GET /api/v1/ 69.05ms
INF 2026-08-23T08:27:26.348Z > 200 GET /api/v1/ 72.11ms
INF 2026-08-23T08:27:26.349Z > 200 GET /api/v1/ 107.6ms
INF 2026-08-23T08:27:26.350Z > 200 GET /api/v1/ 76.79ms
INF 2026-08-23T08:27:26.350Z > 200 GET /api/v1/ 76.84ms
INF 2026-08-23T08:27:26.351Z > 200 GET /api/v1/ 76.57ms
INF 2026-08-23T08:27:26.351Z > 200 GET /api/v1/ 63.76ms
INF 2026-08-23T08:27:26.351Z > 200 GET /api/v1/ 35.28ms
INF 2026-08-23T08:27:26.353Z > 200 GET /api/v1/ 68.5ms
INF 2026-08-23T08:27:26.354Z > 200 GET /api/v1/ 68.48ms
INF 2026-08-23T08:27:26.355Z > 200 GET /api/v1/ 85.82ms
INF 2026-08-23T08:27:26.355Z > 200 GET /api/v1/ 74.82ms
INF 2026-08-23T08:27:26.356Z > 200 GET /api/v1/ 46.21ms
INF 2026-08-23T08:27:26.357Z > 200 GET /api/v1/ 47.58ms
INF 2026-08-23T08:27:26.357Z > 200 GET /api/v1/ 49.46ms
INF 2026-08-23T08:27:26.359Z > 200 GET /api/v1/ 66.92ms
INF 2026-08-23T08:27:26.362Z > 200 GET /api/v1/ 70.1ms
INF 2026-08-23T08:27:26.366Z > 200 GET /api/v1/ 48.33ms
INF 2026-08-23T08:27:26.366Z > 200 GET /api/v1/ 49.74ms
INF 2026-08-23T08:27:26.366Z > 200 GET /api/v1/ 49.93ms
INF 2026-08-23T08:27:26.367Z > 200 GET /api/v1/ 50.42ms
INF 2026-08-23T08:27:26.367Z > 200 GET /api/v1/ 50.85ms
INF 2026-08-23T08:27:26.367Z > 200 GET /api/v1/ 51.36ms
INF 2026-08-23T08:27:26.368Z > 200 GET /api/v1/ 51.13ms
INF 2026-08-23T08:27:26.368Z > 200 GET /api/v1/ 51.93ms
INF 2026-08-23T08:27:26.369Z > 200 GET /api/v1/ 52.95ms
INF 2026-08-23T08:27:26.369Z > 200 GET /api/v1/ 54.31ms
INF 2026-08-23T08:27:26.370Z > 200 GET /api/v1/ 55.89ms
INF 2026-08-23T08:27:26.370Z > 200 GET /api/v1/ 57.36ms
INF 2026-08-23T08:27:26.370Z > 200 GET /api/v1/ 57.11ms
INF 2026-08-23T08:27:26.371Z > 200 GET /api/v1/ 57.09ms
INF 2026-08-23T08:27:26.372Z > 200 GET /api/v1/ 88.91ms
INF 2026-08-23T08:27:26.373Z > 200 GET /api/v1/ 62.94ms
INF 2026-08-23T08:27:26.374Z > 200 GET /api/v1/ 52.34ms
INF 2026-08-23T08:27:26.374Z > 200 GET /api/v1/ 53.68ms
INF 2026-08-23T08:27:26.377Z > 200 GET /api/v1/ 56.93ms
INF 2026-08-23T08:27:26.377Z > 200 GET /api/v1/ 56.23ms
INF 2026-08-23T08:27:26.380Z > 200 GET /api/v1/ 62.74ms
INF 2026-08-23T08:27:26.380Z > 200 GET /api/v1/ 61.9ms
INF 2026-08-23T08:27:26.381Z > 200 GET /api/v1/ 63.96ms
INF 2026-08-23T08:27:26.381Z > 200 GET /api/v1/ 63.81ms
INF 2026-08-23T08:27:26.383Z > 200 GET /api/v1/ 58.02ms
INF 2026-08-23T08:27:26.383Z > 200 GET /api/v1/ 58.66ms
INF 2026-08-23T08:27:26.384Z > 200 GET /api/v1/ 57.75ms
INF 2026-08-23T08:27:26.384Z > 200 GET /api/v1/ 58.23ms
INF 2026-08-23T08:27:26.385Z > 200 GET /api/v1/ 58.78ms
INF 2026-08-23T08:27:26.385Z > 200 GET /api/v1/ 61.46ms
INF 2026-08-23T08:27:26.403Z > 200 GET /api/v1/ 78.05ms
INF 2026-08-23T08:27:26.406Z > 200 GET /api/v1/ 83.32ms
INF 2026-08-23T08:27:26.407Z > 200 GET /api/v1/ 65.66ms
INF 2026-08-23T08:27:26.407Z > 200 GET /api/v1/ 88.14ms
INF 2026-08-23T08:27:26.408Z > 200 GET /api/v1/ 72.03ms
INF 2026-08-23T08:27:26.408Z > 200 GET /api/v1/ 73.44ms
INF 2026-08-23T08:27:26.408Z > 200 GET /api/v1/ 89.14ms
INF 2026-08-23T08:27:26.409Z > 200 GET /api/v1/ 73.61ms
INF 2026-08-23T08:27:26.409Z > 200 GET /api/v1/ 77.28ms
INF 2026-08-23T08:27:26.410Z > 200 GET /api/v1/ 76.91ms
INF 2026-08-23T08:27:26.411Z > 200 GET /api/v1/ 93.84ms
INF 2026-08-23T08:27:26.411Z > 200 GET /api/v1/ 94.22ms
INF 2026-08-23T08:27:26.412Z > 200 GET /api/v1/ 94.11ms
INF 2026-08-23T08:27:26.412Z > 200 GET /api/v1/ 78.64ms
INF 2026-08-23T08:27:26.414Z > 200 GET /api/v1/ 87.67ms
INF 2026-08-23T08:27:26.415Z > 200 GET /api/v1/ 87.01ms
INF 2026-08-23T08:27:26.415Z > 200 GET /api/v1/ 71.15ms
INF 2026-08-23T08:27:26.415Z > 200 GET /api/v1/ 87.76ms
INF 2026-08-23T08:27:26.416Z > 200 GET /api/v1/ 72.78ms
INF 2026-08-23T08:27:26.417Z > 200 GET /api/v1/ 76.8ms
INF 2026-08-23T08:27:26.425Z > 200 GET /api/v1/ 67.48ms
INF 2026-08-23T08:27:26.426Z > 200 GET /api/v1/ 51.95ms
INF 2026-08-23T08:27:26.427Z > 200 GET /api/v1/ 86.96ms
INF 2026-08-23T08:27:26.428Z > 200 GET /api/v1/ 56.5ms
INF 2026-08-23T08:27:26.428Z > 200 GET /api/v1/ 86.06ms
INF 2026-08-23T08:27:26.429Z > 200 GET /api/v1/ 57.18ms
INF 2026-08-23T08:27:26.430Z > 200 GET /api/v1/ 59.47ms
INF 2026-08-23T08:27:26.431Z > 200 GET /api/v1/ 59.15ms
INF 2026-08-23T08:27:26.431Z > 200 GET /api/v1/ 66.32ms
INF 2026-08-23T08:27:26.432Z > 200 GET /api/v1/ 67.34ms
INF 2026-08-23T08:27:26.433Z > 200 GET /api/v1/ 70.23ms
INF 2026-08-23T08:27:26.435Z > 200 GET /api/v1/ 74.08ms
INF 2026-08-23T08:27:26.435Z > 200 GET /api/v1/ 74.74ms
INF 2026-08-23T08:27:26.435Z > 200 GET /api/v1/ 72.54ms
INF 2026-08-23T08:27:26.436Z > 200 GET /api/v1/ 76.98ms
INF 2026-08-23T08:27:26.437Z > 200 GET /api/v1/ 77.54ms
INF 2026-08-23T08:27:26.437Z > 200 GET /api/v1/ 77.3ms
INF 2026-08-23T08:27:26.438Z > 200 GET /api/v1/ 28.11ms
INF 2026-08-23T08:27:26.438Z > 200 GET /api/v1/ 63.49ms
INF 2026-08-23T08:27:26.438Z > 200 GET /api/v1/ 62.9ms
INF 2026-08-23T08:27:26.439Z > 200 GET /api/v1/ 64.35ms
INF 2026-08-23T08:27:26.440Z > 200 GET /api/v1/ 67.46ms
INF 2026-08-23T08:27:26.441Z > 200 GET /api/v1/ 66.75ms
INF 2026-08-23T08:27:26.441Z > 200 GET /api/v1/ 63.36ms
INF 2026-08-23T08:27:26.441Z > 200 GET /api/v1/ 66.17ms
INF 2026-08-23T08:27:26.444Z > 200 GET /api/v1/ 63.04ms
INF 2026-08-23T08:27:26.447Z > 200 GET /api/v1/ 86.23ms
INF 2026-08-23T08:27:26.447Z > 200 GET /api/v1/ 86.94ms
INF 2026-08-23T08:27:26.448Z > 200 GET /api/v1/ 69.53ms
INF 2026-08-23T08:27:26.449Z > 200 GET /api/v1/ 72.94ms
INF 2026-08-23T08:27:26.454Z > 200 GET /api/v1/ 38.53ms
INF 2026-08-23T08:27:26.454Z > 200 GET /api/v1/ 71.42ms
INF 2026-08-23T08:27:26.455Z > 200 GET /api/v1/ 41.23ms
INF 2026-08-23T08:27:26.459Z > 200 GET /api/v1/ 39.97ms
INF 2026-08-23T08:27:26.459Z > 200 GET /api/v1/ 39.8ms
INF 2026-08-23T08:27:26.459Z > 200 GET /api/v1/ 40.97ms
INF 2026-08-23T08:27:26.461Z > 200 GET /api/v1/ 56.33ms
INF 2026-08-23T08:27:26.461Z > 200 GET /api/v1/ 54.95ms
INF 2026-08-23T08:27:26.461Z > 200 GET /api/v1/ 57.17ms
INF 2026-08-23T08:27:26.462Z > 200 GET /api/v1/ 29.03ms
INF 2026-08-23T08:27:26.462Z > 200 GET /api/v1/ 30.59ms
INF 2026-08-23T08:27:26.462Z > 200 GET /api/v1/ 56.48ms
INF 2026-08-23T08:27:26.463Z > 200 GET /api/v1/ 59.77ms
INF 2026-08-23T08:27:26.463Z > 200 GET /api/v1/ 58.47ms
INF 2026-08-23T08:27:26.463Z > 200 GET /api/v1/ 59.39ms
INF 2026-08-23T08:27:26.464Z > 200 GET /api/v1/ 60.22ms
INF 2026-08-23T08:27:26.464Z > 200 GET /api/v1/ 58.72ms
INF 2026-08-23T08:27:26.464Z > 200 GET /api/v1/ 58.81ms
INF 2026-08-23T08:27:26.464Z > 200 GET /api/v1/ 59.33ms
INF 2026-08-23T08:27:26.464Z > 200 GET /api/v1/ 60.69ms
INF 2026-08-23T08:27:26.465Z > 200 GET /api/v1/ 59.94ms
INF 2026-08-23T08:27:26.465Z > 200 GET /api/v1/ 49.6ms
INF 2026-08-23T08:27:26.465Z > 200 GET /api/v1/ 34.81ms
INF 2026-08-23T08:27:26.465Z > 200 GET /api/v1/ 60.59ms
INF 2026-08-23T08:27:26.466Z > 200 GET /api/v1/ 61.24ms
INF 2026-08-23T08:27:26.466Z > 200 GET /api/v1/ 60.28ms
INF 2026-08-23T08:27:26.467Z > 200 GET /api/v1/ 39.62ms
INF 2026-08-23T08:27:26.467Z > 200 GET /api/v1/ 63.29ms
INF 2026-08-23T08:27:26.467Z > 200 GET /api/v1/ 62.08ms
INF 2026-08-23T08:27:26.467Z > 200 GET /api/v1/ 53.62ms
INF 2026-08-23T08:27:26.468Z > 200 GET /api/v1/ 63.17ms
INF 2026-08-23T08:27:26.468Z > 200 GET /api/v1/ 54.88ms
INF 2026-08-23T08:27:26.469Z > 200 GET /api/v1/ 56.93ms
INF 2026-08-23T08:27:26.470Z > 200 GET /api/v1/ 46.23ms
INF 2026-08-23T08:27:26.470Z > 200 GET /api/v1/ 47.25ms
INF 2026-08-23T08:27:26.472Z > 200 GET /api/v1/ 51.19ms
INF 2026-08-23T08:27:26.473Z > 200 GET /api/v1/ 52.36ms
INF 2026-08-23T08:27:26.490Z > 200 GET /api/v1/ 68.62ms
INF 2026-08-23T08:27:26.491Z > 200 GET /api/v1/ 73.39ms
INF 2026-08-23T08:27:26.493Z > 200 GET /api/v1/ 79.57ms
INF 2026-08-23T08:27:26.493Z > 200 GET /api/v1/ 79.05ms
INF 2026-08-23T08:27:26.493Z > 200 GET /api/v1/ 78.08ms
INF 2026-08-23T08:27:26.494Z > 200 GET /api/v1/ 80.5ms
INF 2026-08-23T08:27:26.498Z > 200 GET /api/v1/ 65.39ms
INF 2026-08-23T08:27:26.498Z > 200 GET /api/v1/ 50.32ms
INF 2026-08-23T08:27:26.499Z > 200 GET /api/v1/ 66.14ms
INF 2026-08-23T08:27:26.499Z > 200 GET /api/v1/ 76.61ms
INF 2026-08-23T08:27:26.499Z > 200 GET /api/v1/ 76.56ms
INF 2026-08-23T08:27:26.503Z > 200 GET /api/v1/ 48.7ms
INF 2026-08-23T08:27:26.503Z > 200 GET /api/v1/ 73.97ms
INF 2026-08-23T08:27:26.503Z > 200 GET /api/v1/ 89.57ms
INF 2026-08-23T08:27:26.506Z > 200 GET /api/v1/ 40.0ms
INF 2026-08-23T08:27:26.506Z > 200 GET /api/v1/ 81.85ms
INF 2026-08-23T08:27:26.507Z > 200 GET /api/v1/ 47.44ms
INF 2026-08-23T08:27:26.514Z > 200 GET /api/v1/ 69.8ms
INF 2026-08-23T08:27:26.521Z > 200 GET /api/v1/ 30.51ms
INF 2026-08-23T08:27:26.522Z > 200 GET /api/v1/ 65.33ms
INF 2026-08-23T08:27:26.523Z > 200 GET /api/v1/ 63.38ms
INF 2026-08-23T08:27:26.524Z > 200 GET /api/v1/ 75.51ms
INF 2026-08-23T08:27:26.524Z > 200 GET /api/v1/ 67.37ms
INF 2026-08-23T08:27:26.524Z > 200 GET /api/v1/ 66.46ms
INF 2026-08-23T08:27:26.525Z > 200 GET /api/v1/ 67.3ms
INF 2026-08-23T08:27:26.525Z > 200 GET /api/v1/ 67.52ms
INF 2026-08-23T08:27:26.527Z > 200 GET /api/v1/ 71.55ms
INF 2026-08-23T08:27:26.527Z > 200 GET /api/v1/ 69.61ms
INF 2026-08-23T08:27:26.528Z > 200 GET /api/v1/ 69.82ms
INF 2026-08-23T08:27:26.530Z > 200 GET /api/v1/ 61.8ms
INF 2026-08-23T08:27:26.531Z > 200 GET /api/v1/ 61.58ms
INF 2026-08-23T08:27:26.534Z > 200 GET /api/v1/ 64.66ms
INF 2026-08-23T08:27:26.536Z > 200 GET /api/v1/ 75.92ms
INF 2026-08-23T08:27:26.538Z > 200 GET /api/v1/ 72.21ms
INF 2026-08-23T08:27:26.543Z > 200 GET /api/v1/ 89.21ms
INF 2026-08-23T08:27:26.543Z > 200 GET /api/v1/ 88.05ms
INF 2026-08-23T08:27:26.545Z > 200 GET /api/v1/ 48.1ms
INF 2026-08-23T08:27:26.545Z > 200 GET /api/v1/ 48.54ms
INF 2026-08-23T08:27:26.546Z > 200 GET /api/v1/ 48.2ms
INF 2026-08-23T08:27:26.546Z > 200 GET /api/v1/ 51.51ms
INF 2026-08-23T08:27:26.547Z > 200 GET /api/v1/ 50.46ms
INF 2026-08-23T08:27:26.547Z > 200 GET /api/v1/ 50.61ms
INF 2026-08-23T08:27:26.547Z > 200 GET /api/v1/ 51.92ms
INF 2026-08-23T08:27:26.547Z > 200 GET /api/v1/ 51.31ms
INF 2026-08-23T08:27:26.548Z > 200 GET /api/v1/ 52.61ms
INF 2026-08-23T08:27:26.550Z > 200 GET /api/v1/ 54.44ms
INF 2026-08-23T08:27:26.551Z > 200 GET /api/v1/ 58.71ms
INF 2026-08-23T08:27:26.551Z > 200 GET /api/v1/ 53.39ms
INF 2026-08-23T08:27:26.552Z > 200 GET /api/v1/ 57.49ms
INF 2026-08-23T08:27:26.552Z > 200 GET /api/v1/ 59.95ms
INF 2026-08-23T08:27:26.552Z > 200 GET /api/v1/ 56.02ms
INF 2026-08-23T08:27:26.554Z > 200 GET /api/v1/ 59.01ms
INF 2026-08-23T08:27:26.554Z > 200 GET /api/v1/ 63.67ms
INF 2026-08-23T08:27:26.555Z > 200 GET /api/v1/ 54.54ms
INF 2026-08-23T08:27:26.555Z > 200 GET /api/v1/ 53.51ms
INF 2026-08-23T08:27:26.557Z > 200 GET /api/v1/ 42.96ms
INF 2026-08-23T08:27:26.559Z > 200 GET /api/v1/ 63.16ms
INF 2026-08-23T08:27:26.559Z > 200 GET /api/v1/ 64.03ms
INF 2026-08-23T08:27:26.560Z > 200 GET /api/v1/ 63.53ms
INF 2026-08-23T08:27:26.561Z > 200 GET /api/v1/ 65.16ms
INF 2026-08-23T08:27:26.561Z > 200 GET /api/v1/ 56.25ms
INF 2026-08-23T08:27:26.562Z > 200 GET /api/v1/ 66.69ms
INF 2026-08-23T08:27:26.562Z > 200 GET /api/v1/ 57.22ms
INF 2026-08-23T08:27:26.562Z > 200 GET /api/v1/ 37.93ms
INF 2026-08-23T08:27:26.562Z > 200 GET /api/v1/ 58.36ms
INF 2026-08-23T08:27:26.562Z > 200 GET /api/v1/ 57.15ms
INF 2026-08-23T08:27:26.563Z > 200 GET /api/v1/ 57.76ms
INF 2026-08-23T08:27:26.563Z > 200 GET /api/v1/ 69.0ms
INF 2026-08-23T08:27:26.563Z > 200 GET /api/v1/ 54.92ms
INF 2026-08-23T08:27:26.566Z > 200 GET /api/v1/ 65.22ms
INF 2026-08-23T08:27:26.567Z > 200 GET /api/v1/ 71.65ms
INF 2026-08-23T08:27:26.567Z > 200 GET /api/v1/ 76.2ms
INF 2026-08-23T08:27:26.584Z > 200 GET /api/v1/ 110.8ms
INF 2026-08-23T08:27:26.584Z > 200 GET /api/v1/ 124.26ms
INF 2026-08-23T08:27:26.586Z > 200 GET /api/v1/ 67.16ms
INF 2026-08-23T08:27:26.586Z > 200 GET /api/v1/ 68.85ms
INF 2026-08-23T08:27:26.587Z > 200 GET /api/v1/ 71.45ms
INF 2026-08-23T08:27:26.587Z > 200 GET /api/v1/ 69.79ms
INF 2026-08-23T08:27:26.587Z > 200 GET /api/v1/ 67.71ms
INF 2026-08-23T08:27:26.587Z > 200 GET /api/v1/ 68.39ms
INF 2026-08-23T08:27:26.587Z > 200 GET /api/v1/ 68.28ms
INF 2026-08-23T08:27:26.588Z > 200 GET /api/v1/ 70.31ms
INF 2026-08-23T08:27:26.588Z > 200 GET /api/v1/ 71.51ms
INF 2026-08-23T08:27:26.588Z > 200 GET /api/v1/ 72.23ms
INF 2026-08-23T08:27:26.588Z > 200 GET /api/v1/ 73.92ms
INF 2026-08-23T08:27:26.589Z > 200 GET /api/v1/ 75.42ms
INF 2026-08-23T08:27:26.589Z > 200 GET /api/v1/ 76.41ms
INF 2026-08-23T08:27:26.589Z > 200 GET /api/v1/ 76.29ms
INF 2026-08-23T08:27:26.590Z > 200 GET /api/v1/ 78.98ms
INF 2026-08-23T08:27:26.590Z > 200 GET /api/v1/ 79.51ms
INF 2026-08-23T08:27:26.592Z > 200 GET /api/v1/ 73.48ms
INF 2026-08-23T08:27:26.593Z > 200 GET /api/v1/ 89.3ms
INF 2026-08-23T08:27:26.593Z > 200 GET /api/v1/ 75.22ms
INF 2026-08-23T08:27:26.595Z > 200 GET /api/v1/ 79.98ms
INF 2026-08-23T08:27:26.596Z > 200 GET /api/v1/ 79.8ms
INF 2026-08-23T08:27:26.597Z > 200 GET /api/v1/ 78.37ms
INF 2026-08-23T08:27:26.599Z > 200 GET /api/v1/ 89.22ms
INF 2026-08-23T08:27:26.601Z > 200 GET /api/v1/ 75.93ms
INF 2026-08-23T08:27:26.602Z > 200 GET /api/v1/ 62.82ms
INF 2026-08-23T08:27:26.602Z > 200 GET /api/v1/ 62.66ms
INF 2026-08-23T08:27:26.602Z > 200 GET /api/v1/ 61.65ms
INF 2026-08-23T08:27:26.603Z > 200 GET /api/v1/ 64.22ms
INF 2026-08-23T08:27:26.606Z > 200 GET /api/v1/ 88.63ms
INF 2026-08-23T08:27:26.607Z > 200 GET /api/v1/ 88.86ms
INF 2026-08-23T08:27:26.607Z > 200 GET /api/v1/ 57.83ms
INF 2026-08-23T08:27:26.608Z > 200 GET /api/v1/ 59.36ms
INF 2026-08-23T08:27:26.609Z > 200 GET /api/v1/ 59.13ms
INF 2026-08-23T08:27:26.609Z > 200 GET /api/v1/ 60.52ms
INF 2026-08-23T08:27:26.610Z > 200 GET /api/v1/ 60.49ms
INF 2026-08-23T08:27:26.612Z > 200 GET /api/v1/ 68.03ms
INF 2026-08-23T08:27:26.614Z > 200 GET /api/v1/ 72.56ms
INF 2026-08-23T08:27:26.614Z > 200 GET /api/v1/ 74.41ms
INF 2026-08-23T08:27:26.615Z > 200 GET /api/v1/ 26.74ms
INF 2026-08-23T08:27:26.618Z > 200 GET /api/v1/ 32.72ms
INF 2026-08-23T08:27:26.620Z > 200 GET /api/v1/ 27.28ms
INF 2026-08-23T08:27:26.621Z > 200 GET /api/v1/ 29.31ms
INF 2026-08-23T08:27:26.622Z > 200 GET /api/v1/ 31.74ms
INF 2026-08-23T08:27:26.622Z > 200 GET /api/v1/ 64.7ms
INF 2026-08-23T08:27:26.622Z > 200 GET /api/v1/ 62.47ms
INF 2026-08-23T08:27:26.623Z > 200 GET /api/v1/ 64.79ms
INF 2026-08-23T08:27:26.623Z > 200 GET /api/v1/ 66.57ms
INF 2026-08-23T08:27:26.624Z > 200 GET /api/v1/ 64.55ms
INF 2026-08-23T08:27:26.625Z > 200 GET /api/v1/ 39.37ms
INF 2026-08-23T08:27:26.626Z > 200 GET /api/v1/ 30.87ms
INF 2026-08-23T08:27:26.629Z > 200 GET /api/v1/ 35.63ms
INF 2026-08-23T08:27:26.629Z > 200 GET /api/v1/ 37.35ms
INF 2026-08-23T08:27:26.629Z > 200 GET /api/v1/ 38.18ms
INF 2026-08-23T08:27:26.631Z > 200 GET /api/v1/ 38.54ms
INF 2026-08-23T08:27:26.631Z > 200 GET /api/v1/ 28.5ms
INF 2026-08-23T08:27:26.632Z > 200 GET /api/v1/ 33.02ms
INF 2026-08-23T08:27:26.633Z > 200 GET /api/v1/ 41.48ms
INF 2026-08-23T08:27:26.634Z > 200 GET /api/v1/ 49.02ms
INF 2026-08-23T08:27:26.634Z > 200 GET /api/v1/ 48.66ms
INF 2026-08-23T08:27:26.635Z > 200 GET /api/v1/ 37.38ms
INF 2026-08-23T08:27:26.635Z > 200 GET /api/v1/ 37.97ms
INF 2026-08-23T08:27:26.635Z > 200 GET /api/v1/ 41.08ms
INF 2026-08-23T08:27:26.636Z > 200 GET /api/v1/ 37.76ms
INF 2026-08-23T08:27:26.636Z > 200 GET /api/v1/ 40.29ms
INF 2026-08-23T08:27:26.637Z > 200 GET /api/v1/ 26.98ms
INF 2026-08-23T08:27:26.637Z > 200 GET /api/v1/ 42.59ms
INF 2026-08-23T08:27:26.638Z > 200 GET /api/v1/ 40.01ms
INF 2026-08-23T08:27:26.638Z > 200 GET /api/v1/ 42.98ms
INF 2026-08-23T08:27:26.638Z > 200 GET /api/v1/ 31.29ms
INF 2026-08-23T08:27:26.638Z > 200 GET /api/v1/ 44.9ms
INF 2026-08-23T08:27:26.641Z > 200 GET /api/v1/ 46.41ms
INF 2026-08-23T08:27:26.641Z > 200 GET /api/v1/ 49.25ms
INF 2026-08-23T08:27:26.642Z > 200 GET /api/v1/ 76.31ms
INF 2026-08-23T08:27:26.642Z > 200 GET /api/v1/ 38.53ms
INF 2026-08-23T08:27:26.642Z > 200 GET /api/v1/ 38.58ms
INF 2026-08-23T08:27:26.643Z > 200 GET /api/v1/ 42.16ms
INF 2026-08-23T08:27:26.646Z > 200 GET /api/v1/ 60.42ms
INF 2026-08-23T08:27:26.646Z > 200 GET /api/v1/ 56.92ms
INF 2026-08-23T08:27:26.647Z > 200 GET /api/v1/ 61.04ms
INF 2026-08-23T08:27:26.648Z > 200 GET /api/v1/ 48.11ms
INF 2026-08-23T08:27:26.653Z > 200 GET /api/v1/ 59.1ms
INF 2026-08-23T08:27:26.653Z > 200 GET /api/v1/ 59.19ms
INF 2026-08-23T08:27:26.653Z > 200 GET /api/v1/ 61.92ms
INF 2026-08-23T08:27:26.654Z > 200 GET /api/v1/ 59.25ms
INF 2026-08-23T08:27:26.655Z > 200 GET /api/v1/ 60.01ms
INF 2026-08-23T08:27:26.655Z > 200 GET /api/v1/ 54.87ms
INF 2026-08-23T08:27:26.673Z > 200 GET /api/v1/ 62.74ms
INF 2026-08-23T08:27:26.675Z > 200 GET /api/v1/ 62.36ms
INF 2026-08-23T08:27:26.675Z > 200 GET /api/v1/ 67.66ms
INF 2026-08-23T08:27:26.676Z > 200 GET /api/v1/ 64.83ms
INF 2026-08-23T08:27:26.676Z > 200 GET /api/v1/ 63.66ms
INF 2026-08-23T08:27:26.676Z > 200 GET /api/v1/ 65.8ms
INF 2026-08-23T08:27:26.677Z > 200 GET /api/v1/ 67.08ms
INF 2026-08-23T08:27:26.677Z > 200 GET /api/v1/ 67.07ms
INF 2026-08-23T08:27:26.677Z > 200 GET /api/v1/ 66.45ms
INF 2026-08-23T08:27:26.680Z > 200 GET /api/v1/ 62.63ms
INF 2026-08-23T08:27:26.682Z > 200 GET /api/v1/ 64.9ms
INF 2026-08-23T08:27:26.689Z > 200 GET /api/v1/ 59.98ms
INF 2026-08-23T08:27:26.690Z > 200 GET /api/v1/ 47.67ms
INF 2026-08-23T08:27:26.692Z > 200 GET /api/v1/ 48.98ms
INF 2026-08-23T08:27:26.697Z > 200 GET /api/v1/ 79.89ms
INF 2026-08-23T08:27:26.700Z > 200 GET /api/v1/ 60.83ms
INF 2026-08-23T08:27:26.701Z > 200 GET /api/v1/ 61.53ms
INF 2026-08-23T08:27:26.701Z > 200 GET /api/v1/ 62.36ms
INF 2026-08-23T08:27:26.702Z > 200 GET /api/v1/ 62.23ms
INF 2026-08-23T08:27:26.703Z > 200 GET /api/v1/ 63.86ms
INF 2026-08-23T08:27:26.703Z > 200 GET /api/v1/ 63.46ms
INF 2026-08-23T08:27:26.704Z > 200 GET /api/v1/ 64.28ms
INF 2026-08-23T08:27:26.704Z > 200 GET /api/v1/ 70.17ms
INF 2026-08-23T08:27:26.704Z > 200 GET /api/v1/ 67.99ms
INF 2026-08-23T08:27:26.705Z > 200 GET /api/v1/ 68.64ms
INF 2026-08-23T08:27:26.705Z > 200 GET /api/v1/ 68.03ms
INF 2026-08-23T08:27:26.705Z > 200 GET /api/v1/ 73.98ms
INF 2026-08-23T08:27:26.706Z > 200 GET /api/v1/ 73.13ms
INF 2026-08-23T08:27:26.707Z > 200 GET /api/v1/ 73.83ms
INF 2026-08-23T08:27:26.709Z > 200 GET /api/v1/ 79.46ms
INF 2026-08-23T08:27:26.710Z > 200 GET /api/v1/ 66.51ms
INF 2026-08-23T08:27:26.711Z > 200 GET /api/v1/ 65.64ms
INF 2026-08-23T08:27:26.712Z > 200 GET /api/v1/ 68.67ms
INF 2026-08-23T08:27:26.712Z > 200 GET /api/v1/ 66.94ms
INF 2026-08-23T08:27:26.714Z > 200 GET /api/v1/ 60.65ms
INF 2026-08-23T08:27:26.718Z > 200 GET /api/v1/ 68.83ms
INF 2026-08-23T08:27:26.719Z > 200 GET /api/v1/ 39.5ms
INF 2026-08-23T08:27:26.726Z > 200 GET /api/v1/ 75.93ms
INF 2026-08-23T08:27:26.727Z > 200 GET /api/v1/ 77.71ms
INF 2026-08-23T08:27:26.728Z > 200 GET /api/v1/ 76.63ms
INF 2026-08-23T08:27:26.728Z > 200 GET /api/v1/ 89.33ms
INF 2026-08-23T08:27:26.728Z > 200 GET /api/v1/ 91.22ms
INF 2026-08-23T08:27:26.728Z > 200 GET /api/v1/ 88.55ms
INF 2026-08-23T08:27:26.732Z > 200 GET /api/v1/ 51.23ms
INF 2026-08-23T08:27:26.733Z > 200 GET /api/v1/ 54.16ms
INF 2026-08-23T08:27:26.733Z > 200 GET /api/v1/ 54.05ms
INF 2026-08-23T08:27:26.734Z > 200 GET /api/v1/ 55.2ms
INF 2026-08-23T08:27:26.734Z > 200 GET /api/v1/ 54.67ms
INF 2026-08-23T08:27:26.734Z > 200 GET /api/v1/ 55.29ms
INF 2026-08-23T08:27:26.735Z > 200 GET /api/v1/ 61.98ms
INF 2026-08-23T08:27:26.735Z > 200 GET /api/v1/ 55.14ms
INF 2026-08-23T08:27:26.736Z > 200 GET /api/v1/ 62.86ms
INF 2026-08-23T08:27:26.737Z > 200 GET /api/v1/ 63.33ms
INF 2026-08-23T08:27:26.737Z > 200 GET /api/v1/ 62.54ms
INF 2026-08-23T08:27:26.738Z > 200 GET /api/v1/ 55.01ms
INF 2026-08-23T08:27:26.738Z > 200 GET /api/v1/ 53.63ms
INF 2026-08-23T08:27:26.739Z > 200 GET /api/v1/ 53.4ms
INF 2026-08-23T08:27:26.742Z > 200 GET /api/v1/ 56.68ms
INF 2026-08-23T08:27:26.742Z > 200 GET /api/v1/ 54.86ms
INF 2026-08-23T08:27:26.742Z > 200 GET /api/v1/ 55.5ms
INF 2026-08-23T08:27:26.743Z > 200 GET /api/v1/ 56.0ms
INF 2026-08-23T08:27:26.743Z > 200 GET /api/v1/ 91.31ms
INF 2026-08-23T08:27:26.743Z > 200 GET /api/v1/ 63.27ms
INF 2026-08-23T08:27:26.744Z > 200 GET /api/v1/ 66.12ms
INF 2026-08-23T08:27:26.744Z > 200 GET /api/v1/ 63.98ms
INF 2026-08-23T08:27:26.744Z > 200 GET /api/v1/ 66.91ms
INF 2026-08-23T08:27:26.746Z > 200 GET /api/v1/ 65.78ms
INF 2026-08-23T08:27:26.746Z > 200 GET /api/v1/ 66.16ms
INF 2026-08-23T08:27:26.747Z > 200 GET /api/v1/ 66.44ms
INF 2026-08-23T08:27:26.747Z > 200 GET /api/v1/ 69.33ms
INF 2026-08-23T08:27:26.748Z > 200 GET /api/v1/ 67.27ms
INF 2026-08-23T08:27:26.748Z > 200 GET /api/v1/ 66.87ms
INF 2026-08-23T08:27:26.748Z > 200 GET /api/v1/ 67.93ms
INF 2026-08-23T08:27:26.748Z > 200 GET /api/v1/ 70.2ms
INF 2026-08-23T08:27:26.748Z > 200 GET /api/v1/ 67.62ms
INF 2026-08-23T08:27:26.749Z > 200 GET /api/v1/ 70.47ms
INF 2026-08-23T08:27:26.749Z > 200 GET /api/v1/ 68.22ms
INF 2026-08-23T08:27:26.750Z > 200 GET /api/v1/ 68.49ms
INF 2026-08-23T08:27:26.750Z > 200 GET /api/v1/ 68.45ms
INF 2026-08-23T08:27:26.750Z > 200 GET /api/v1/ 69.56ms
INF 2026-08-23T08:27:26.751Z > 200 GET /api/v1/ 76.85ms
INF 2026-08-23T08:27:26.766Z > 200 GET /api/v1/ 85.3ms
INF 2026-08-23T08:27:26.766Z > 200 GET /api/v1/ 94.4ms
INF 2026-08-23T08:27:26.769Z > 200 GET /api/v1/ 68.95ms
INF 2026-08-23T08:27:26.769Z > 200 GET /api/v1/ 73.9ms
INF 2026-08-23T08:27:26.769Z > 200 GET /api/v1/ 81.47ms
INF 2026-08-23T08:27:26.769Z > 200 GET /api/v1/ 74.15ms
INF 2026-08-23T08:27:26.771Z > 200 GET /api/v1/ 76.1ms
INF 2026-08-23T08:27:26.771Z > 200 GET /api/v1/ 74.91ms
INF 2026-08-23T08:27:26.776Z > 200 GET /api/v1/ 87.91ms
INF 2026-08-23T08:27:26.776Z > 200 GET /api/v1/ 87.99ms
INF 2026-08-23T08:27:26.776Z > 200 GET /api/v1/ 87.99ms
INF 2026-08-23T08:27:26.778Z > 200 GET /api/v1/ 104.3ms
INF 2026-08-23T08:27:26.779Z > 200 GET /api/v1/ 95.9ms
INF 2026-08-23T08:27:26.781Z > 200 GET /api/v1/ 66.09ms
INF 2026-08-23T08:27:26.782Z > 200 GET /api/v1/ 82.36ms
INF 2026-08-23T08:27:26.782Z > 200 GET /api/v1/ 84.26ms
INF 2026-08-23T08:27:26.782Z > 200 GET /api/v1/ 83.48ms
INF 2026-08-23T08:27:26.783Z > 200 GET /api/v1/ 84.12ms
INF 2026-08-23T08:27:26.786Z > 200 GET /api/v1/ 88.65ms
INF 2026-08-23T08:27:26.788Z > 200 GET /api/v1/ 63.12ms
INF 2026-08-23T08:27:26.789Z > 200 GET /api/v1/ 65.77ms
INF 2026-08-23T08:27:26.791Z > 200 GET /api/v1/ 66.97ms
INF 2026-08-23T08:27:26.791Z > 200 GET /api/v1/ 68.87ms
INF 2026-08-23T08:27:26.796Z > 200 GET /api/v1/ 107.11ms
INF 2026-08-23T08:27:26.797Z > 200 GET /api/v1/ 65.38ms
INF 2026-08-23T08:27:26.798Z > 200 GET /api/v1/ 51.83ms
INF 2026-08-23T08:27:26.803Z > 200 GET /api/v1/ 76.94ms
INF 2026-08-23T08:27:26.805Z > 200 GET /api/v1/ 78.79ms
INF 2026-08-23T08:27:26.806Z > 200 GET /api/v1/ 34.71ms
INF 2026-08-23T08:27:26.806Z > 200 GET /api/v1/ 65.63ms
INF 2026-08-23T08:27:26.806Z > 200 GET /api/v1/ 66.67ms
INF 2026-08-23T08:27:26.807Z > 200 GET /api/v1/ 70.14ms
INF 2026-08-23T08:27:26.809Z > 200 GET /api/v1/ 43.27ms
INF 2026-08-23T08:27:26.811Z > 200 GET /api/v1/ 90.0ms
INF 2026-08-23T08:27:26.812Z > 200 GET /api/v1/ 61.34ms
INF 2026-08-23T08:27:26.815Z > 200 GET /api/v1/ 38.25ms
INF 2026-08-23T08:27:26.815Z > 200 GET /api/v1/ 70.73ms
INF 2026-08-23T08:27:26.816Z > 200 GET /api/v1/ 71.15ms
INF 2026-08-23T08:27:26.819Z > 200 GET /api/v1/ 93.91ms
INF 2026-08-23T08:27:26.820Z > 200 GET /api/v1/ 93.84ms
INF 2026-08-23T08:27:26.821Z > 200 GET /api/v1/ 49.74ms
INF 2026-08-23T08:27:26.822Z > 200 GET /api/v1/ 50.56ms
INF 2026-08-23T08:27:26.823Z > 200 GET /api/v1/ 51.74ms
INF 2026-08-23T08:27:26.823Z > 200 GET /api/v1/ 51.07ms
INF 2026-08-23T08:27:26.823Z > 200 GET /api/v1/ 53.21ms
INF 2026-08-23T08:27:26.823Z > 200 GET /api/v1/ 55.4ms
INF 2026-08-23T08:27:26.824Z > 200 GET /api/v1/ 51.51ms
INF 2026-08-23T08:27:26.824Z > 200 GET /api/v1/ 54.41ms
INF 2026-08-23T08:27:26.825Z > 200 GET /api/v1/ 53.33ms
INF 2026-08-23T08:27:26.826Z > 200 GET /api/v1/ 58.06ms
INF 2026-08-23T08:27:26.827Z > 200 GET /api/v1/ 60.05ms
INF 2026-08-23T08:27:26.828Z > 200 GET /api/v1/ 49.23ms
INF 2026-08-23T08:27:26.832Z > 200 GET /api/v1/ 57.92ms
INF 2026-08-23T08:27:26.832Z > 200 GET /api/v1/ 57.46ms
INF 2026-08-23T08:27:26.833Z > 200 GET /api/v1/ 57.35ms
INF 2026-08-23T08:27:26.833Z > 200 GET /api/v1/ 59.09ms
INF 2026-08-23T08:27:26.833Z > 200 GET /api/v1/ 58.64ms
INF 2026-08-23T08:27:26.833Z > 200 GET /api/v1/ 41.85ms
INF 2026-08-23T08:27:26.834Z > 200 GET /api/v1/ 43.71ms
INF 2026-08-23T08:27:26.835Z > 200 GET /api/v1/ 46.0ms
INF 2026-08-23T08:27:26.839Z > 200 GET /api/v1/ 54.62ms
INF 2026-08-23T08:27:26.840Z > 200 GET /api/v1/ 59.76ms
INF 2026-08-23T08:27:26.840Z > 200 GET /api/v1/ 59.79ms
INF 2026-08-23T08:27:26.841Z > 200 GET /api/v1/ 42.68ms
INF 2026-08-23T08:27:26.841Z > 200 GET /api/v1/ 60.1ms
INF 2026-08-23T08:27:26.841Z > 200 GET /api/v1/ 61.2ms
INF 2026-08-23T08:27:26.841Z > 200 GET /api/v1/ 61.72ms
INF 2026-08-23T08:27:26.842Z > 200 GET /api/v1/ 63.5ms
INF 2026-08-23T08:27:26.842Z > 200 GET /api/v1/ 63.56ms
INF 2026-08-23T08:27:26.844Z > 200 GET /api/v1/ 66.04ms
INF 2026-08-23T08:27:26.844Z > 200 GET /api/v1/ 66.71ms
INF 2026-08-23T08:27:26.844Z > 200 GET /api/v1/ 67.19ms
INF 2026-08-23T08:27:26.846Z > 200 GET /api/v1/ 69.02ms
INF 2026-08-23T08:27:26.848Z > 200 GET /api/v1/ 58.0ms
INF 2026-08-23T08:27:26.848Z > 200 GET /api/v1/ 58.87ms
INF 2026-08-23T08:27:26.848Z > 200 GET /api/v1/ 59.57ms
INF 2026-08-23T08:27:26.849Z > 200 GET /api/v1/ 58.54ms
INF 2026-08-23T08:27:26.849Z > 200 GET /api/v1/ 58.98ms
INF 2026-08-23T08:27:26.850Z > 200 GET /api/v1/ 63.64ms
gcry: SIGSEGV at 0x7fc46e8ce5b5 — inside the heap span but in no live chunk — the chunk was unmapped, or the address is in a hole between chunks
Invalid memory access (signal 11) at address 0x7fc46e8ce5b5
[0x56410e5bc726] ?? +94837413758758 in ./bin/acikturkiye-gcry
[0x56410e5bc2ff] ?? +94837413757695 in ./bin/acikturkiye-gcry
[0x7fc4b4e44cb0] ?? +140482825178288 in /usr/lib/libc.so.6
[0x56410e541570] ?? +94837413254512 in ./bin/acikturkiye-gcry
[0x56410e5c8c8c] ?? +94837413809292 in ./bin/acikturkiye-gcry
[0x56410e699796] ?? +94837414664086 in ./bin/acikturkiye-gcry
[0x56410e692fc1] ?? +94837414637505 in ./bin/acikturkiye-gcry
[0x56410e72c71e] ?? +94837415266078 in ./bin/acikturkiye-gcry
[0x56410e728508] ?? +94837415249160 in ./bin/acikturkiye-gcry
[0x56410e72716d] ?? +94837415244141 in ./bin/acikturkiye-gcry
[0x56410e72c608] ?? +94837415265800 in ./bin/acikturkiye-gcry
[0x56410e72164e] ?? +94837415220814 in ./bin/acikturkiye-gcry
[0x56410e5475ed] ?? +94837413279213 in ./bin/acikturkiye-gcry
[0x0] ???
