gcry: GCRY_PRECISE_STACK=2 exclusive — research only; incomplete maps can UAF
gcry: GCRY_PRECISE_FIBERS=1 — parked full scan off; research
INF 2026-08-04T07:14:03.816Z > Connecting to postgresql://REDACTED:REDACTED@172.24.176.1:5432/acikturkiye_demo
| event = db_connect
INF 2026-08-04T07:14:03.838Z > [demo] Açık Türkiye is ready to lead at http://0.0.0.0:3620
INF 2026-08-04T07:14:03.897Z > 200 GET /api/v1/ 21.29ms
INF 2026-08-04T07:14:03.910Z > 200 GET /api/v1/ 9.44ms
INF 2026-08-04T07:14:03.917Z > 200 GET /api/v1/ 7.08ms
INF 2026-08-04T07:14:03.960Z > 200 GET /api/v1/ 59.41ms
INF 2026-08-04T07:14:03.968Z > 200 GET /api/v1/ 7.31ms
INF 2026-08-04T07:14:03.971Z > 200 GET /api/v1/ 69.72ms
INF 2026-08-04T07:14:03.971Z > 200 GET /api/v1/ 70.3ms
INF 2026-08-04T07:14:03.980Z > 200 GET /api/v1/ 8.37ms
INF 2026-08-04T07:14:03.982Z > 200 GET /api/v1/ 81.14ms
INF 2026-08-04T07:14:03.991Z > 200 GET /api/v1/ 8.89ms
INF 2026-08-04T07:14:03.995Z > 200 GET /api/v1/ 93.77ms
INF 2026-08-04T07:14:04.003Z > 200 GET /api/v1/ 7.62ms
INF 2026-08-04T07:14:04.015Z > 200 GET /api/v1/ 6.34ms
INF 2026-08-04T07:14:04.022Z > 200 GET /api/v1/ 120.52ms
INF 2026-08-04T07:14:04.028Z > 200 GET /api/v1/ 5.95ms
INF 2026-08-04T07:14:04.032Z > 200 GET /api/v1/ 130.98ms
INF 2026-08-04T07:14:04.041Z > 200 GET /api/v1/ 8.67ms
INF 2026-08-04T07:14:04.046Z > 200 GET /api/v1/ 144.64ms
INF 2026-08-04T07:14:04.055Z > 200 GET /api/v1/ 9.43ms
INF 2026-08-04T07:14:04.063Z > 200 GET /api/v1/ 6.85ms
INF 2026-08-04T07:14:04.079Z > 200 GET /api/v1/ 10.18ms
INF 2026-08-04T07:14:04.092Z > 200 GET /api/v1/ 7.41ms
INF 2026-08-04T07:14:04.104Z > 200 GET /api/v1/ 7.39ms
INF 2026-08-04T07:14:04.112Z > 200 GET /api/v1/ 7.79ms
INF 2026-08-04T07:14:04.131Z > 200 GET /api/v1/ 8.66ms
INF 2026-08-04T07:14:04.142Z > 200 GET /api/v1/ 9.15ms
INF 2026-08-04T07:14:04.147Z > 200 GET /api/v1/ 243.85ms
INF 2026-08-04T07:14:04.156Z > 200 GET /api/v1/ 9.02ms
INF 2026-08-04T07:14:04.159Z > 200 GET /api/v1/ 256.69ms
INF 2026-08-04T07:14:04.167Z > 200 GET /api/v1/ 7.25ms
INF 2026-08-04T07:14:04.182Z > 200 GET /api/v1/ 7.21ms
INF 2026-08-04T07:14:04.193Z > 200 GET /api/v1/ 8.36ms
INF 2026-08-04T07:14:04.198Z > 200 GET /api/v1/ 296.04ms
INF 2026-08-04T07:14:04.205Z > 200 GET /api/v1/ 6.77ms
INF 2026-08-04T07:14:04.206Z > 200 GET /api/v1/ 303.03ms
INF 2026-08-04T07:14:04.208Z > 200 GET /api/v1/ 306.34ms
INF 2026-08-04T07:14:04.213Z > 200 GET /api/v1/ 7.01ms
INF 2026-08-04T07:14:04.218Z > 200 GET /api/v1/ 316.54ms
INF 2026-08-04T07:14:04.224Z > 200 GET /api/v1/ 6.24ms
INF 2026-08-04T07:14:04.231Z > 200 GET /api/v1/ 6.56ms
INF 2026-08-04T07:14:04.244Z > 200 GET /api/v1/ 7.33ms
INF 2026-08-04T07:14:04.256Z > 200 GET /api/v1/ 7.46ms
INF 2026-08-04T07:14:04.263Z > 200 GET /api/v1/ 6.39ms
INF 2026-08-04T07:14:04.276Z > 200 GET /api/v1/ 7.89ms
INF 2026-08-04T07:14:04.293Z > 200 GET /api/v1/ 8.53ms
INF 2026-08-04T07:14:04.301Z > 200 GET /api/v1/ 398.39ms
INF 2026-08-04T07:14:04.309Z > 200 GET /api/v1/ 7.5ms
INF 2026-08-04T07:14:04.328Z > 200 GET /api/v1/ 7.03ms
INF 2026-08-04T07:14:04.343Z > 200 GET /api/v1/ 6.8ms
INF 2026-08-04T07:14:04.359Z > 200 GET /api/v1/ 6.79ms
INF 2026-08-04T07:14:04.375Z > 200 GET /api/v1/ 6.36ms
INF 2026-08-04T07:14:04.391Z > 200 GET /api/v1/ 6.31ms
INF 2026-08-04T07:14:04.415Z > 200 GET /api/v1/ 11.34ms
INF 2026-08-04T07:14:04.424Z > 200 GET /api/v1/ 7.09ms
INF 2026-08-04T07:14:04.428Z > 200 GET /api/v1/ 524.55ms
INF 2026-08-04T07:14:04.433Z > 200 GET /api/v1/ 412.97ms
INF 2026-08-04T07:14:04.523Z > 200 GET /api/v1/ 94.64ms
INF 2026-08-04T07:14:04.527Z > 200 GET /api/v1/ 624.76ms
INF 2026-08-04T07:14:04.527Z > 200 GET /api/v1/ 623.31ms
INF 2026-08-04T07:14:04.549Z > 200 GET /api/v1/ 645.27ms
INF 2026-08-04T07:14:04.569Z > 200 GET /api/v1/ 41.24ms
INF 2026-08-04T07:14:04.573Z > 200 GET /api/v1/ 22.42ms
INF 2026-08-04T07:14:04.577Z > 200 GET /api/v1/ 673.01ms
INF 2026-08-04T07:14:04.581Z > 200 GET /api/v1/ 678.1ms
INF 2026-08-04T07:14:04.585Z > 200 GET /api/v1/ 7.72ms
INF 2026-08-04T07:14:04.586Z > 200 GET /api/v1/ 433.18ms
INF 2026-08-04T07:14:04.588Z > 200 GET /api/v1/ 682.62ms
INF 2026-08-04T07:14:04.589Z > 200 GET /api/v1/ 682.67ms
INF 2026-08-04T07:14:04.595Z > 200 GET /api/v1/ 7.13ms
INF 2026-08-04T07:14:04.597Z > 200 GET /api/v1/ 7.89ms
INF 2026-08-04T07:14:04.602Z > 200 GET /api/v1/ 393.9ms
INF 2026-08-04T07:14:04.611Z > 200 GET /api/v1/ 309.63ms
INF 2026-08-04T07:14:04.613Z > 200 GET /api/v1/ 708.83ms
INF 2026-08-04T07:14:04.615Z > 200 GET /api/v1/ 710.03ms
INF 2026-08-04T07:14:04.615Z > 200 GET /api/v1/ 418.75ms
INF 2026-08-04T07:14:04.618Z > 200 GET /api/v1/ 643.71ms
INF 2026-08-04T07:14:04.619Z > 200 GET /api/v1/ 713.44ms
INF 2026-08-04T07:14:04.620Z > 200 GET /api/v1/ 714.03ms
INF 2026-08-04T07:14:04.621Z > 200 GET /api/v1/ 717.18ms
INF 2026-08-04T07:14:04.625Z > 200 GET /api/v1/ 480.02ms
INF 2026-08-04T07:14:04.626Z > 200 GET /api/v1/ 11.51ms
INF 2026-08-04T07:14:04.629Z > 200 GET /api/v1/ 9.29ms
INF 2026-08-04T07:14:04.631Z > 200 GET /api/v1/ 9.65ms
INF 2026-08-04T07:14:04.638Z > 200 GET /api/v1/ 8.55ms
INF 2026-08-04T07:14:04.643Z > 200 GET /api/v1/ 737.17ms
INF 2026-08-04T07:14:04.648Z > 200 GET /api/v1/ 745.0ms
INF 2026-08-04T07:14:04.649Z > 200 GET /api/v1/ 743.64ms
INF 2026-08-04T07:14:04.651Z > 200 GET /api/v1/ 8.25ms
INF 2026-08-04T07:14:04.656Z > 200 GET /api/v1/ 7.24ms
INF 2026-08-04T07:14:04.663Z > 200 GET /api/v1/ 6.58ms
INF 2026-08-04T07:14:04.675Z > 200 GET /api/v1/ 6.37ms
INF 2026-08-04T07:14:04.687Z > 200 GET /api/v1/ 6.73ms
INF 2026-08-04T07:14:04.692Z > 200 GET /api/v1/ 785.57ms
INF 2026-08-04T07:14:04.713Z > 200 GET /api/v1/ 21.36ms
INF 2026-08-04T07:14:04.724Z > 200 GET /api/v1/ 7.56ms
INF 2026-08-04T07:14:04.729Z > 200 GET /api/v1/ 161.46ms
INF 2026-08-04T07:14:04.733Z > 200 GET /api/v1/ 827.7ms
INF 2026-08-04T07:14:04.736Z > 200 GET /api/v1/ 208.88ms
INF 2026-08-04T07:14:04.737Z > 200 GET /api/v1/ 831.38ms
INF 2026-08-04T07:14:04.738Z > 200 GET /api/v1/ 156.91ms
INF 2026-08-04T07:14:04.744Z > 200 GET /api/v1/ 6.94ms
INF 2026-08-04T07:14:04.773Z > 200 GET /api/v1/ 16.34ms
INF 2026-08-04T07:14:04.780Z > 200 GET /api/v1/ 6.73ms
INF 2026-08-04T07:14:04.791Z > 200 GET /api/v1/ 888.8ms
INF 2026-08-04T07:14:04.795Z > 200 GET /api/v1/ 490.4ms
INF 2026-08-04T07:14:04.798Z > 200 GET /api/v1/ 895.63ms
INF 2026-08-04T07:14:04.801Z > 200 GET /api/v1/ 152.32ms
INF 2026-08-04T07:14:04.801Z > 200 GET /api/v1/ 899.04ms
INF 2026-08-04T07:14:04.811Z > 200 GET /api/v1/ 194.78ms
INF 2026-08-04T07:14:04.812Z > 200 GET /api/v1/ 182.63ms
INF 2026-08-04T07:14:04.813Z > 200 GET /api/v1/ 14.85ms
INF 2026-08-04T07:14:04.818Z > 200 GET /api/v1/ 37.34ms
INF 2026-08-04T07:14:04.824Z > 200 GET /api/v1/ 171.9ms
INF 2026-08-04T07:14:04.838Z > 200 GET /api/v1/ 197.37ms
INF 2026-08-04T07:14:04.841Z > 200 GET /api/v1/ 204.2ms
INF 2026-08-04T07:14:04.855Z > 200 GET /api/v1/ 10.43ms
INF 2026-08-04T07:14:04.880Z > 200 GET /api/v1/ 25.45ms
INF 2026-08-04T07:14:04.893Z > 200 GET /api/v1/ 928.33ms
INF 2026-08-04T07:14:04.895Z > 200 GET /api/v1/ 992.99ms
INF 2026-08-04T07:14:04.898Z > 200 GET /api/v1/ 992.72ms
INF 2026-08-04T07:14:04.906Z > 200 GET /api/v1/ 8.15ms
INF 2026-08-04T07:14:04.913Z > 200 GET /api/v1/ 1011.12ms
INF 2026-08-04T07:14:04.922Z > 200 GET /api/v1/ 8.41ms
INF 2026-08-04T07:14:04.925Z > 200 GET /api/v1/ 1019.47ms
INF 2026-08-04T07:14:04.926Z > 200 GET /api/v1/ 1023.14ms
INF 2026-08-04T07:14:04.930Z > 200 GET /api/v1/ 1024.86ms
INF 2026-08-04T07:14:04.933Z > 200 GET /api/v1/ 1027.41ms
INF 2026-08-04T07:14:04.938Z > 200 GET /api/v1/ 1032.31ms
INF 2026-08-04T07:14:04.940Z > 200 GET /api/v1/ 14.92ms
INF 2026-08-04T07:14:04.941Z > 200 GET /api/v1/ 414.16ms
INF 2026-08-04T07:14:04.942Z > 200 GET /api/v1/ 15.57ms
INF 2026-08-04T07:14:04.943Z > 200 GET /api/v1/ 1037.41ms
INF 2026-08-04T07:14:04.946Z > 200 GET /api/v1/ 1040.66ms
INF 2026-08-04T07:14:04.947Z > 200 GET /api/v1/ 213.01ms
INF 2026-08-04T07:14:04.947Z > 200 GET /api/v1/ 332.03ms
INF 2026-08-04T07:14:04.954Z > 200 GET /api/v1/ 1049.61ms
INF 2026-08-04T07:14:04.959Z > 200 GET /api/v1/ 338.13ms
INF 2026-08-04T07:14:04.960Z > 200 GET /api/v1/ 12.65ms
INF 2026-08-04T07:14:04.967Z > 200 GET /api/v1/ 1062.7ms
INF 2026-08-04T07:14:04.995Z > 200 GET /api/v1/ 1091.43ms
INF 2026-08-04T07:14:04.999Z > 200 GET /api/v1/ 31.8ms
INF 2026-08-04T07:14:05.008Z > 200 GET /api/v1/ 1105.96ms
INF 2026-08-04T07:14:05.018Z > 200 GET /api/v1/ 7.38ms
INF 2026-08-04T07:14:05.020Z > 200 GET /api/v1/ 1117.18ms
INF 2026-08-04T07:14:05.021Z > 200 GET /api/v1/ 1118.17ms
INF 2026-08-04T07:14:05.027Z > 200 GET /api/v1/ 6.52ms
INF 2026-08-04T07:14:05.031Z > 200 GET /api/v1/ 1129.6ms
INF 2026-08-04T07:14:05.040Z > 200 GET /api/v1/ 274.57ms
INF 2026-08-04T07:14:05.043Z > 200 GET /api/v1/ 166.15ms
INF 2026-08-04T07:14:05.043Z > 200 GET /api/v1/ 1140.49ms
INF 2026-08-04T07:14:05.050Z > 200 GET /api/v1/ 6.41ms
INF 2026-08-04T07:14:05.062Z > 200 GET /api/v1/ 277.17ms
INF 2026-08-04T07:14:05.071Z > 200 GET /api/v1/ 250.75ms
INF 2026-08-04T07:14:05.087Z > 200 GET /api/v1/ 6.79ms
INF 2026-08-04T07:14:05.092Z > 200 GET /api/v1/ 819.07ms
INF 2026-08-04T07:14:05.097Z > 200 GET /api/v1/ 1193.28ms
INF 2026-08-04T07:14:05.100Z > 200 GET /api/v1/ 7.99ms
INF 2026-08-04T07:14:05.112Z > 200 GET /api/v1/ 7.2ms
INF 2026-08-04T07:14:05.119Z > 200 GET /api/v1/ 7.02ms
INF 2026-08-04T07:14:05.136Z > 200 GET /api/v1/ 7.42ms
INF 2026-08-04T07:14:05.140Z > 200 GET /api/v1/ 1235.68ms
INF 2026-08-04T07:14:05.143Z > 200 GET /api/v1/ 1241.79ms
INF 2026-08-04T07:14:05.152Z > 200 GET /api/v1/ 9.37ms
INF 2026-08-04T07:14:05.159Z > 200 GET /api/v1/ 6.96ms
INF 2026-08-04T07:14:05.167Z > 200 GET /api/v1/ 6.73ms
INF 2026-08-04T07:14:05.178Z > 200 GET /api/v1/ 1274.89ms
INF 2026-08-04T07:14:05.188Z > 200 GET /api/v1/ 10.03ms
INF 2026-08-04T07:14:05.200Z > 200 GET /api/v1/ 344.97ms
INF 2026-08-04T07:14:05.207Z > 200 GET /api/v1/ 6.85ms
INF 2026-08-04T07:14:05.209Z > 200 GET /api/v1/ 350.6ms
INF 2026-08-04T07:14:05.240Z > 200 GET /api/v1/ 31.49ms
INF 2026-08-04T07:14:05.242Z > 200 GET /api/v1/ 1338.08ms
INF 2026-08-04T07:14:05.248Z > 200 GET /api/v1/ 6.41ms
INF 2026-08-04T07:14:05.257Z > 200 GET /api/v1/ 7.97ms
INF 2026-08-04T07:14:05.262Z > 200 GET /api/v1/ 1229.27ms
INF 2026-08-04T07:14:05.292Z > 200 GET /api/v1/ 7.54ms
INF 2026-08-04T07:14:05.300Z > 200 GET /api/v1/ 7.1ms
INF 2026-08-04T07:14:05.307Z > 200 GET /api/v1/ 6.99ms
INF 2026-08-04T07:14:05.311Z > 200 GET /api/v1/ 1408.32ms
INF 2026-08-04T07:14:05.319Z > 200 GET /api/v1/ 8.09ms
INF 2026-08-04T07:14:05.343Z > 200 GET /api/v1/ 10.49ms
INF 2026-08-04T07:14:05.357Z > 200 GET /api/v1/ 8.28ms
INF 2026-08-04T07:14:05.360Z > 200 GET /api/v1/ 1458.47ms
INF 2026-08-04T07:14:05.370Z > 200 GET /api/v1/ 9.83ms
INF 2026-08-04T07:14:05.376Z > 200 GET /api/v1/ 143.53ms
INF 2026-08-04T07:14:05.380Z > 200 GET /api/v1/ 1475.52ms
INF 2026-08-04T07:14:05.382Z > 200 GET /api/v1/ 1477.44ms
INF 2026-08-04T07:14:05.385Z > 200 GET /api/v1/ 144.9ms
INF 2026-08-04T07:14:05.398Z > 200 GET /api/v1/ 1492.94ms
INF 2026-08-04T07:14:05.398Z > 200 GET /api/v1/ 14.67ms
INF 2026-08-04T07:14:05.410Z > 200 GET /api/v1/ 157.08ms
INF 2026-08-04T07:14:05.413Z > 200 GET /api/v1/ 1509.9ms
INF 2026-08-04T07:14:05.415Z > 200 GET /api/v1/ 15.02ms
INF 2026-08-04T07:14:05.420Z > 200 GET /api/v1/ 1518.47ms
INF 2026-08-04T07:14:05.421Z > 200 GET /api/v1/ 1516.41ms
INF 2026-08-04T07:14:05.423Z > 200 GET /api/v1/ 1521.69ms
INF 2026-08-04T07:14:05.431Z > 200 GET /api/v1/ 7.72ms
INF 2026-08-04T07:14:05.434Z > 200 GET /api/v1/ 1531.95ms
INF 2026-08-04T07:14:05.438Z > 200 GET /api/v1/ 1532.57ms
INF 2026-08-04T07:14:05.441Z > 200 GET /api/v1/ 1538.83ms
INF 2026-08-04T07:14:05.441Z > 200 GET /api/v1/ 7.55ms
INF 2026-08-04T07:14:05.454Z > 200 GET /api/v1/ 13.62ms
INF 2026-08-04T07:14:05.455Z > 200 GET /api/v1/ 13.9ms
INF 2026-08-04T07:14:05.461Z > 200 GET /api/v1/ 1556.55ms
INF 2026-08-04T07:14:05.470Z > 200 GET /api/v1/ 9.01ms
INF 2026-08-04T07:14:05.477Z > 200 GET /api/v1/ 1571.88ms
INF 2026-08-04T07:14:05.479Z > 200 GET /api/v1/ 1576.48ms
INF 2026-08-04T07:14:05.485Z > 200 GET /api/v1/ 1579.49ms
INF 2026-08-04T07:14:05.486Z > 200 GET /api/v1/ 1584.28ms
INF 2026-08-04T07:14:05.494Z > 200 GET /api/v1/ 7.68ms
INF 2026-08-04T07:14:05.507Z > 200 GET /api/v1/ 10.65ms
INF 2026-08-04T07:14:05.513Z > 200 GET /api/v1/ 1609.11ms
INF 2026-08-04T07:14:05.520Z > 200 GET /api/v1/ 7.11ms
INF 2026-08-04T07:14:05.538Z > 200 GET /api/v1/ 1633.41ms
INF 2026-08-04T07:14:05.545Z > 200 GET /api/v1/ 6.87ms
INF 2026-08-04T07:14:05.550Z > 200 GET /api/v1/ 1648.89ms
INF 2026-08-04T07:14:05.557Z > 200 GET /api/v1/ 7.19ms
INF 2026-08-04T07:14:05.568Z > 200 GET /api/v1/ 1662.66ms
INF 2026-08-04T07:14:05.568Z > 200 GET /api/v1/ 1665.06ms
INF 2026-08-04T07:14:05.569Z > 200 GET /api/v1/ 1664.14ms
INF 2026-08-04T07:14:05.577Z > 200 GET /api/v1/ 7.66ms
INF 2026-08-04T07:14:05.595Z > 200 GET /api/v1/ 6.25ms
INF 2026-08-04T07:14:05.628Z > 200 GET /api/v1/ 24.98ms
INF 2026-08-04T07:14:05.648Z > 200 GET /api/v1/ 1742.02ms
INF 2026-08-04T07:14:05.656Z > 200 GET /api/v1/ 8.54ms
INF 2026-08-04T07:14:05.657Z > 200 GET /api/v1/ 865.75ms
INF 2026-08-04T07:14:05.671Z > 200 GET /api/v1/ 1765.62ms
INF 2026-08-04T07:14:05.681Z > 200 GET /api/v1/ 10.53ms
INF 2026-08-04T07:14:05.683Z > 200 GET /api/v1/ 1156.43ms
INF 2026-08-04T07:14:05.683Z > 200 GET /api/v1/ 1778.1ms
INF 2026-08-04T07:14:05.686Z > 200 GET /api/v1/ 1779.95ms
INF 2026-08-04T07:14:05.686Z > 200 GET /api/v1/ 1641.92ms
INF 2026-08-04T07:14:05.689Z > 200 GET /api/v1/ 1785.15ms
INF 2026-08-04T07:14:05.696Z > 200 GET /api/v1/ 9.28ms
INF 2026-08-04T07:14:05.726Z > 200 GET /api/v1/ 29.29ms
INF 2026-08-04T07:14:05.739Z > 200 GET /api/v1/ 254.12ms
INF 2026-08-04T07:14:05.739Z > 200 GET /api/v1/ 1833.92ms
INF 2026-08-04T07:14:05.741Z > 200 GET /api/v1/ 608.72ms
INF 2026-08-04T07:14:05.743Z > 200 GET /api/v1/ 321.87ms
INF 2026-08-04T07:14:05.751Z > 200 GET /api/v1/ 238.28ms
INF 2026-08-04T07:14:05.757Z > 200 GET /api/v1/ 208.09ms
INF 2026-08-04T07:14:05.776Z > 200 GET /api/v1/ 7.76ms
INF 2026-08-04T07:14:05.783Z > 200 GET /api/v1/ 698.98ms
INF 2026-08-04T07:14:05.792Z > 200 GET /api/v1/ 7.48ms
INF 2026-08-04T07:14:05.797Z > 200 GET /api/v1/ 1128.23ms
INF 2026-08-04T07:14:05.813Z > 200 GET /api/v1/ 168.4ms
INF 2026-08-04T07:14:05.818Z > 200 GET /api/v1/ 405.12ms
INF 2026-08-04T07:14:05.828Z > 200 GET /api/v1/ 1924.72ms
INF 2026-08-04T07:14:05.835Z > 200 GET /api/v1/ 7.22ms
INF 2026-08-04T07:14:05.838Z > 200 GET /api/v1/ 840.46ms
INF 2026-08-04T07:14:05.845Z > 200 GET /api/v1/ 1939.13ms
INF 2026-08-04T07:14:05.847Z > 200 GET /api/v1/ 1943.95ms
INF 2026-08-04T07:14:05.855Z > 200 GET /api/v1/ 7.41ms
INF 2026-08-04T07:14:05.868Z > 200 GET /api/v1/ 11.01ms
INF 2026-08-04T07:14:05.880Z > 200 GET /api/v1/ 1671.25ms
INF 2026-08-04T07:14:05.900Z > 200 GET /api/v1/ 18.14ms
INF 2026-08-04T07:14:05.913Z > 200 GET /api/v1/ 2009.05ms
INF 2026-08-04T07:14:05.917Z > 200 GET /api/v1/ 951.98ms
INF 2026-08-04T07:14:05.918Z > 200 GET /api/v1/ 2012.19ms
INF 2026-08-04T07:14:05.921Z > 200 GET /api/v1/ 8.13ms
INF 2026-08-04T07:14:05.927Z > 200 GET /api/v1/ 190.69ms
INF 2026-08-04T07:14:05.933Z > 200 GET /api/v1/ 193.09ms
INF 2026-08-04T07:14:05.939Z > 200 GET /api/v1/ 2036.44ms
INF 2026-08-04T07:14:05.942Z > 200 GET /api/v1/ 2036.97ms
INF 2026-08-04T07:14:05.945Z > 200 GET /api/v1/ 2039.2ms
INF 2026-08-04T07:14:05.947Z > 200 GET /api/v1/ 1514.11ms
INF 2026-08-04T07:14:05.947Z > 200 GET /api/v1/ 942.77ms
INF 2026-08-04T07:14:05.949Z > 200 GET /api/v1/ 6.72ms
INF 2026-08-04T07:14:05.957Z > 200 GET /api/v1/ 860.08ms
INF 2026-08-04T07:14:05.968Z > 200 GET /api/v1/ 7.26ms
INF 2026-08-04T07:14:05.977Z > 200 GET /api/v1/ 8.58ms
INF 2026-08-04T07:14:05.996Z > 200 GET /api/v1/ 7.2ms
INF 2026-08-04T07:14:06.010Z > 200 GET /api/v1/ 13.63ms
INF 2026-08-04T07:14:06.038Z > 200 GET /api/v1/ 1333.23ms
INF 2026-08-04T07:14:06.042Z > 200 GET /api/v1/ 1168.35ms
INF 2026-08-04T07:14:06.045Z > 200 GET /api/v1/ 1242.98ms
INF 2026-08-04T07:14:06.047Z > 200 GET /api/v1/ 1102.06ms
INF 2026-08-04T07:14:06.053Z > 200 GET /api/v1/ 1179.84ms
INF 2026-08-04T07:14:06.053Z > 200 GET /api/v1/ 208.66ms
INF 2026-08-04T07:14:06.057Z > 200 GET /api/v1/ 36.73ms
INF 2026-08-04T07:14:06.061Z > 200 GET /api/v1/ 7.89ms
INF 2026-08-04T07:14:06.152Z > 200 GET /api/v1/ 1266.53ms
INF 2026-08-04T07:14:06.156Z > 200 GET /api/v1/ 71.57ms
INF 2026-08-04T07:14:06.157Z > 200 GET /api/v1/ 2253.57ms
INF 2026-08-04T07:14:06.172Z > 200 GET /api/v1/ 14.31ms
INF 2026-08-04T07:14:06.179Z > 200 GET /api/v1/ 874.34ms
INF 2026-08-04T07:14:06.184Z > 200 GET /api/v1/ 1486.44ms
INF 2026-08-04T07:14:06.186Z > 200 GET /api/v1/ 1009.32ms
INF 2026-08-04T07:14:06.190Z > 200 GET /api/v1/ 405.74ms
INF 2026-08-04T07:14:06.195Z > 200 GET /api/v1/ 2291.73ms
INF 2026-08-04T07:14:06.202Z > 200 GET /api/v1/ 9.58ms
INF 2026-08-04T07:14:06.206Z > 200 GET /api/v1/ 502.93ms
INF 2026-08-04T07:14:06.224Z > 200 GET /api/v1/ 187.89ms
INF 2026-08-04T07:14:06.250Z > 200 GET /api/v1/ 273.44ms
INF 2026-08-04T07:14:06.252Z > 200 GET /api/v1/ 311.2ms
INF 2026-08-04T07:14:06.270Z > 200 GET /api/v1/ 281.06ms
INF 2026-08-04T07:14:06.291Z > 200 GET /api/v1/ 722.08ms
INF 2026-08-04T07:14:06.319Z > 200 GET /api/v1/ 635.71ms
INF 2026-08-04T07:14:06.325Z > 200 GET /api/v1/ 1798.88ms
INF 2026-08-04T07:14:06.337Z > 200 GET /api/v1/ 391.85ms
INF 2026-08-04T07:14:06.344Z > 200 GET /api/v1/ 216.17ms
INF 2026-08-04T07:14:06.349Z > 200 GET /api/v1/ 1351.78ms
INF 2026-08-04T07:14:06.364Z > 200 GET /api/v1/ 371.29ms
INF 2026-08-04T07:14:06.408Z > 200 GET /api/v1/ 280.31ms
INF 2026-08-04T07:14:06.438Z > 200 GET /api/v1/ 1097.84ms
INF 2026-08-04T07:14:06.439Z > 200 GET /api/v1/ 1078.31ms
INF 2026-08-04T07:14:06.439Z > 200 GET /api/v1/ 311.01ms
INF 2026-08-04T07:14:06.453Z > 200 GET /api/v1/ 368.71ms
INF 2026-08-04T07:14:06.457Z > 200 GET /api/v1/ 1316.64ms
INF 2026-08-04T07:14:06.504Z > 200 GET /api/v1/ 1831.63ms
INF 2026-08-04T07:14:06.538Z > 200 GET /api/v1/ 1877.94ms
INF 2026-08-04T07:14:06.547Z > 200 GET /api/v1/ 582.43ms
INF 2026-08-04T07:14:06.548Z > 200 GET /api/v1/ 327.02ms
INF 2026-08-04T07:14:06.553Z > 200 GET /api/v1/ 544.4ms
INF 2026-08-04T07:14:06.574Z > 200 GET /api/v1/ 377.65ms
INF 2026-08-04T07:14:06.574Z > 200 GET /api/v1/ 305.78ms
INF 2026-08-04T07:14:06.575Z > 200 GET /api/v1/ 750.14ms
INF 2026-08-04T07:14:06.576Z > 200 GET /api/v1/ 1960.76ms
INF 2026-08-04T07:14:06.576Z > 200 GET /api/v1/ 355.67ms
INF 2026-08-04T07:14:06.577Z > 200 GET /api/v1/ 1193.06ms
INF 2026-08-04T07:14:06.658Z > 200 GET /api/v1/ 461.08ms
INF 2026-08-04T07:14:06.695Z > 200 GET /api/v1/ 566.66ms
INF 2026-08-04T07:14:06.696Z > 200 GET /api/v1/ 1007.06ms
INF 2026-08-04T07:14:06.850Z > 200 GET /api/v1/ 1223.31ms
INF 2026-08-04T07:14:06.861Z > 200 GET /api/v1/ 1192.68ms
INF 2026-08-04T07:14:06.883Z > 200 GET /api/v1/ 616.71ms
INF 2026-08-04T07:14:06.883Z > 200 GET /api/v1/ 2210.42ms
INF 2026-08-04T07:14:06.884Z > 200 GET /api/v1/ 1314.67ms
INF 2026-08-04T07:14:06.884Z > 200 GET /api/v1/ 2239.63ms
INF 2026-08-04T07:14:06.961Z > 200 GET /api/v1/ 713.95ms
INF 2026-08-04T07:14:06.962Z > 200 GET /api/v1/ 1065.29ms
INF 2026-08-04T07:14:06.962Z > 200 GET /api/v1/ 833.47ms
INF 2026-08-04T07:14:07.030Z > 200 GET /api/v1/ 1197.81ms
INF 2026-08-04T07:14:07.033Z > 200 GET /api/v1/ 1192.1ms
INF 2026-08-04T07:14:07.052Z > 200 GET /api/v1/ 2011.29ms
INF 2026-08-04T07:14:07.052Z > 200 GET /api/v1/ 1991.8ms
INF 2026-08-04T07:14:07.053Z > 200 GET /api/v1/ 805.74ms
INF 2026-08-04T07:14:07.053Z > 200 GET /api/v1/ 2128.58ms
INF 2026-08-04T07:14:07.054Z > 200 GET /api/v1/ 2324.64ms
INF 2026-08-04T07:14:07.057Z > 200 GET /api/v1/ 2364.77ms
INF 2026-08-04T07:14:07.101Z > 200 GET /api/v1/ 2206.06ms
INF 2026-08-04T07:14:07.102Z > 200 GET /api/v1/ 2263.43ms
INF 2026-08-04T07:14:07.102Z > 200 GET /api/v1/ 1377.57ms
INF 2026-08-04T07:14:07.103Z > 200 GET /api/v1/ 2171.16ms
INF 2026-08-04T07:14:07.103Z > 200 GET /api/v1/ 2105.13ms
INF 2026-08-04T07:14:07.104Z > 200 GET /api/v1/ 856.69ms
INF 2026-08-04T07:14:07.104Z > 200 GET /api/v1/ 2083.2ms
INF 2026-08-04T07:14:07.105Z > 200 GET /api/v1/ 1186.1ms
INF 2026-08-04T07:14:07.114Z > 200 GET /api/v1/ 1333.02ms
INF 2026-08-04T07:14:07.125Z > 200 GET /api/v1/ 2127.11ms
INF 2026-08-04T07:14:07.126Z > 200 GET /api/v1/ 1388.85ms
INF 2026-08-04T07:14:07.126Z > 200 GET /api/v1/ 1401.73ms
INF 2026-08-04T07:14:07.138Z > 200 GET /api/v1/ 2357.15ms
INF 2026-08-04T07:14:07.138Z > 200 GET /api/v1/ 2321.84ms
INF 2026-08-04T07:14:07.139Z > 200 GET /api/v1/ 2070.52ms
INF 2026-08-04T07:14:07.140Z > 200 GET /api/v1/ 1659.78ms
INF 2026-08-04T07:14:07.148Z > 200 GET /api/v1/ 2209.26ms
INF 2026-08-04T07:14:07.189Z > 200 GET /api/v1/ 1249.6ms
INF 2026-08-04T07:14:07.190Z > 200 GET /api/v1/ 2192.0ms
INF 2026-08-04T07:14:07.191Z > 200 GET /api/v1/ 1994.04ms
INF 2026-08-04T07:14:07.191Z > 200 GET /api/v1/ 2253.41ms
INF 2026-08-04T07:14:07.197Z > 200 GET /api/v1/ 2162.87ms
INF 2026-08-04T07:14:07.198Z > 200 GET /api/v1/ 2053.53ms
INF 2026-08-04T07:14:07.199Z > 200 GET /api/v1/ 2250.13ms
INF 2026-08-04T07:14:07.199Z > 200 GET /api/v1/ 859.73ms
INF 2026-08-04T07:14:07.213Z > 200 GET /api/v1/ 2316.71ms
INF 2026-08-04T07:14:07.252Z > 200 GET /api/v1/ 1715.61ms
INF 2026-08-04T07:14:07.288Z > 200 GET /api/v1/ 1885.2ms
INF 2026-08-04T07:14:07.289Z > 200 GET /api/v1/ 1428.23ms
INF 2026-08-04T07:14:07.289Z > 200 GET /api/v1/ 1412.91ms
INF 2026-08-04T07:14:07.290Z > 200 GET /api/v1/ 1876.22ms
INF 2026-08-04T07:14:07.290Z > 200 GET /api/v1/ 978.12ms
INF 2026-08-04T07:14:07.291Z > 200 GET /api/v1/ 2332.97ms
INF 2026-08-04T07:14:07.310Z > 200 GET /api/v1/ 1508.03ms
INF 2026-08-04T07:14:07.311Z > 200 GET /api/v1/ 1390.92ms
INF 2026-08-04T07:14:07.314Z > 200 GET /api/v1/ 1828.18ms
INF 2026-08-04T07:14:07.315Z > 200 GET /api/v1/ 1746.0ms
INF 2026-08-04T07:14:07.316Z > 200 GET /api/v1/ 1186.97ms
INF 2026-08-04T07:14:07.317Z > 200 GET /api/v1/ 884.89ms
INF 2026-08-04T07:14:07.319Z > 200 GET /api/v1/ 1934.13ms
INF 2026-08-04T07:14:07.352Z > 200 GET /api/v1/ 2347.73ms
INF 2026-08-04T07:14:07.353Z > 200 GET /api/v1/ 1923.04ms
INF 2026-08-04T07:14:07.354Z > 200 GET /api/v1/ 922.07ms
INF 2026-08-04T07:14:07.354Z > 200 GET /api/v1/ 1561.58ms
INF 2026-08-04T07:14:07.354Z > 200 GET /api/v1/ 1042.23ms
INF 2026-08-04T07:14:07.355Z > 200 GET /api/v1/ 1109.45ms
INF 2026-08-04T07:14:07.355Z > 200 GET /api/v1/ 990.74ms
INF 2026-08-04T07:14:07.385Z > 200 GET /api/v1/ 2387.08ms
INF 2026-08-04T07:14:07.386Z > 200 GET /api/v1/ 963.57ms
INF 2026-08-04T07:14:07.386Z > 200 GET /api/v1/ 1969.56ms
INF 2026-08-04T07:14:07.386Z > 200 GET /api/v1/ 1569.95ms
INF 2026-08-04T07:14:07.387Z > 200 GET /api/v1/ 1475.85ms
INF 2026-08-04T07:14:07.387Z > 200 GET /api/v1/ 955.57ms
INF 2026-08-04T07:14:07.388Z > 200 GET /api/v1/ 2448.89ms
INF 2026-08-04T07:14:07.388Z > 200 GET /api/v1/ 1966.6ms
INF 2026-08-04T07:14:07.391Z > 200 GET /api/v1/ 1952.09ms
INF 2026-08-04T07:14:07.391Z > 200 GET /api/v1/ 1934.94ms
INF 2026-08-04T07:14:07.393Z > 200 GET /api/v1/ 1939.8ms
INF 2026-08-04T07:14:07.394Z > 200 GET /api/v1/ 1916.15ms
INF 2026-08-04T07:14:07.394Z > 200 GET /api/v1/ 1077.19ms
INF 2026-08-04T07:14:07.395Z > 200 GET /api/v1/ 935.29ms
INF 2026-08-04T07:14:07.395Z > 200 GET /api/v1/ 1898.53ms
INF 2026-08-04T07:14:07.396Z > 200 GET /api/v1/ 986.88ms
INF 2026-08-04T07:14:07.397Z > 200 GET /api/v1/ 1924.56ms
INF 2026-08-04T07:14:07.412Z > 200 GET /api/v1/ 849.34ms
INF 2026-08-04T07:14:07.417Z > 200 GET /api/v1/ 810.95ms
INF 2026-08-04T07:14:07.432Z > 200 GET /api/v1/ 830.45ms
INF 2026-08-04T07:14:07.432Z > 200 GET /api/v1/ 861.47ms
INF 2026-08-04T07:14:07.433Z > 200 GET /api/v1/ 233.88ms
INF 2026-08-04T07:14:07.448Z > 200 GET /api/v1/ 841.87ms
INF 2026-08-04T07:14:07.448Z > 200 GET /api/v1/ 877.46ms
INF 2026-08-04T07:14:07.449Z > 200 GET /api/v1/ 753.1ms
INF 2026-08-04T07:14:07.449Z > 200 GET /api/v1/ 879.1ms
INF 2026-08-04T07:14:07.450Z > 200 GET /api/v1/ 879.66ms
INF 2026-08-04T07:14:07.450Z > 200 GET /api/v1/ 877.19ms
INF 2026-08-04T07:14:07.453Z > 200 GET /api/v1/ 757.4ms
INF 2026-08-04T07:14:07.454Z > 200 GET /api/v1/ 796.82ms
INF 2026-08-04T07:14:07.454Z > 200 GET /api/v1/ 758.54ms
INF 2026-08-04T07:14:07.463Z > 200 GET /api/v1/ 767.58ms
INF 2026-08-04T07:14:07.464Z > 200 GET /api/v1/ 768.27ms
INF 2026-08-04T07:14:07.465Z > 200 GET /api/v1/ 769.02ms
INF 2026-08-04T07:14:07.465Z > 200 GET /api/v1/ 604.86ms
INF 2026-08-04T07:14:07.466Z > 200 GET /api/v1/ 147.77ms
INF 2026-08-04T07:14:07.467Z > 200 GET /api/v1/ 618.61ms
INF 2026-08-04T07:14:07.481Z > 200 GET /api/v1/ 166.2ms
INF 2026-08-04T07:14:07.483Z > 200 GET /api/v1/ 623.0ms
INF 2026-08-04T07:14:07.550Z > 200 GET /api/v1/ 520.82ms
INF 2026-08-04T07:14:07.611Z > 200 GET /api/v1/ 586.46ms
INF 2026-08-04T07:14:07.615Z > 200 GET /api/v1/ 585.53ms
INF 2026-08-04T07:14:07.616Z > 200 GET /api/v1/ 586.48ms
INF 2026-08-04T07:14:07.616Z > 200 GET /api/v1/ 152.58ms
INF 2026-08-04T07:14:07.617Z > 200 GET /api/v1/ 560.9ms
INF 2026-08-04T07:14:07.661Z > 200 GET /api/v1/ 466.24ms
INF 2026-08-04T07:14:07.661Z > 200 GET /api/v1/ 631.94ms
INF 2026-08-04T07:14:07.662Z > 200 GET /api/v1/ 632.51ms
INF 2026-08-04T07:14:07.662Z > 200 GET /api/v1/ 511.54ms
INF 2026-08-04T07:14:07.663Z > 200 GET /api/v1/ 512.23ms
INF 2026-08-04T07:14:07.674Z > 200 GET /api/v1/ 617.37ms
INF 2026-08-04T07:14:07.674Z > 200 GET /api/v1/ 479.8ms
INF 2026-08-04T07:14:07.678Z > 200 GET /api/v1/ 621.88ms
INF 2026-08-04T07:14:07.679Z > 200 GET /api/v1/ 484.6ms
INF 2026-08-04T07:14:07.685Z > 200 GET /api/v1/ 287.03ms
INF 2026-08-04T07:14:07.693Z > 200 GET /api/v1/ 484.17ms
INF 2026-08-04T07:14:07.730Z > 200 GET /api/v1/ 331.47ms
INF 2026-08-04T07:14:07.733Z > 200 GET /api/v1/ 335.47ms
INF 2026-08-04T07:14:07.821Z > 200 GET /api/v1/ 510.77ms
INF 2026-08-04T07:14:07.824Z > 200 GET /api/v1/ 425.43ms
INF 2026-08-04T07:14:07.824Z > 200 GET /api/v1/ 609.57ms
INF 2026-08-04T07:14:07.879Z > 200 GET /api/v1/ 480.44ms
INF 2026-08-04T07:14:07.880Z > 200 GET /api/v1/ 564.79ms
INF 2026-08-04T07:14:07.881Z > 200 GET /api/v1/ 630.25ms
INF 2026-08-04T07:14:07.881Z > 200 GET /api/v1/ 672.79ms
INF 2026-08-04T07:14:07.882Z > 200 GET /api/v1/ 571.9ms
INF 2026-08-04T07:14:07.892Z > 200 GET /api/v1/ 698.12ms
INF 2026-08-04T07:14:07.901Z > 200 GET /api/v1/ 650.36ms
INF 2026-08-04T07:14:07.903Z > 200 GET /api/v1/ 652.96ms
INF 2026-08-04T07:14:07.937Z > 200 GET /api/v1/ 728.03ms
INF 2026-08-04T07:14:07.959Z > 200 GET /api/v1/ 19.94ms
INF 2026-08-04T07:14:07.986Z > 200 GET /api/v1/ 566.26ms
INF 2026-08-04T07:14:07.992Z > 200 GET /api/v1/ 573.29ms
INF 2026-08-04T07:14:08.131Z > 200 GET /api/v1/ 711.62ms
INF 2026-08-04T07:14:08.132Z > 200 GET /api/v1/ 583.46ms
INF 2026-08-04T07:14:08.134Z > 200 GET /api/v1/ 585.93ms
INF 2026-08-04T07:14:08.138Z > 200 GET /api/v1/ 685.67ms
INF 2026-08-04T07:14:08.148Z > 200 GET /api/v1/ 749.26ms
INF 2026-08-04T07:14:08.153Z > 200 GET /api/v1/ 733.76ms
INF 2026-08-04T07:14:08.154Z > 200 GET /api/v1/ 699.85ms
INF 2026-08-04T07:14:08.155Z > 200 GET /api/v1/ 606.69ms
INF 2026-08-04T07:14:08.163Z > 200 GET /api/v1/ 711.67ms
INF 2026-08-04T07:14:08.165Z > 200 GET /api/v1/ 956.07ms
INF 2026-08-04T07:14:08.166Z > 200 GET /api/v1/ 617.08ms
INF 2026-08-04T07:14:08.166Z > 200 GET /api/v1/ 915.88ms
INF 2026-08-04T07:14:08.167Z > 200 GET /api/v1/ 712.43ms
INF 2026-08-04T07:14:08.167Z > 200 GET /api/v1/ 618.59ms
INF 2026-08-04T07:14:08.169Z > 200 GET /api/v1/ 703.08ms
INF 2026-08-04T07:14:08.170Z > 200 GET /api/v1/ 718.93ms
INF 2026-08-04T07:14:08.172Z > 200 GET /api/v1/ 717.19ms
INF 2026-08-04T07:14:08.179Z > 200 GET /api/v1/ 970.24ms
INF 2026-08-04T07:14:08.199Z > 200 GET /api/v1/ 714.15ms
INF 2026-08-04T07:14:08.212Z > 200 GET /api/v1/ 813.97ms
INF 2026-08-04T07:14:08.213Z > 200 GET /api/v1/ 897.78ms
INF 2026-08-04T07:14:08.214Z > 200 GET /api/v1/ 815.77ms
INF 2026-08-04T07:14:08.217Z > 200 GET /api/v1/ 18.08ms
INF 2026-08-04T07:14:08.222Z > 200 GET /api/v1/ 9.22ms
INF 2026-08-04T07:14:08.228Z > 200 GET /api/v1/ 505.14ms
INF 2026-08-04T07:14:08.232Z > 200 GET /api/v1/ 527.3ms
INF 2026-08-04T07:14:08.233Z > 200 GET /api/v1/ 409.51ms
INF 2026-08-04T07:14:08.241Z > 200 GET /api/v1/ 293.39ms
INF 2026-08-04T07:14:08.243Z > 200 GET /api/v1/ 292.93ms
INF 2026-08-04T07:14:08.248Z > 200 GET /api/v1/ 300.39ms
INF 2026-08-04T07:14:08.261Z > 200 GET /api/v1/ 8.22ms
INF 2026-08-04T07:14:08.267Z > 200 GET /api/v1/ 6.28ms
INF 2026-08-04T07:14:08.276Z > 200 GET /api/v1/ 7.7ms
INF 2026-08-04T07:14:08.281Z > 200 GET /api/v1/ 966.03ms
INF 2026-08-04T07:14:08.284Z > 200 GET /api/v1/ 7.5ms
INF 2026-08-04T07:14:08.292Z > 200 GET /api/v1/ 7.19ms
INF 2026-08-04T07:14:08.293Z > 200 GET /api/v1/ 744.14ms
INF 2026-08-04T07:14:08.300Z > 200 GET /api/v1/ 7.52ms
INF 2026-08-04T07:14:08.313Z > 200 GET /api/v1/ 8.99ms
INF 2026-08-04T07:14:08.325Z > 200 GET /api/v1/ 8.62ms
INF 2026-08-04T07:14:08.340Z > 200 GET /api/v1/ 7.69ms
INF 2026-08-04T07:14:08.346Z > 200 GET /api/v1/ 215.35ms
INF 2026-08-04T07:14:08.347Z > 200 GET /api/v1/ 6.16ms
INF 2026-08-04T07:14:08.351Z > 200 GET /api/v1/ 170.67ms
INF 2026-08-04T07:14:08.351Z > 200 GET /api/v1/ 403.36ms
INF 2026-08-04T07:14:08.365Z > 200 GET /api/v1/ 8.59ms
INF 2026-08-04T07:14:08.382Z > 200 GET /api/v1/ 13.4ms
INF 2026-08-04T07:14:08.391Z > 200 GET /api/v1/ 9.12ms
INF 2026-08-04T07:14:08.394Z > 200 GET /api/v1/ 846.33ms
INF 2026-08-04T07:14:08.396Z > 200 GET /api/v1/ 996.81ms
INF 2026-08-04T07:14:08.401Z > 200 GET /api/v1/ 1002.21ms
INF 2026-08-04T07:14:08.405Z > 200 GET /api/v1/ 1154.76ms
INF 2026-08-04T07:14:08.407Z > 200 GET /api/v1/ 1156.4ms
INF 2026-08-04T07:14:08.416Z > 200 GET /api/v1/ 7.88ms
INF 2026-08-04T07:14:08.432Z > 200 GET /api/v1/ 6.98ms
INF 2026-08-04T07:14:08.439Z > 200 GET /api/v1/ 6.59ms
INF 2026-08-04T07:14:08.466Z > 200 GET /api/v1/ 18.91ms
INF 2026-08-04T07:14:08.473Z > 200 GET /api/v1/ 164.75ms
INF 2026-08-04T07:14:08.483Z > 200 GET /api/v1/ 269.66ms
INF 2026-08-04T07:14:08.484Z > 200 GET /api/v1/ 273.49ms
INF 2026-08-04T07:14:08.493Z > 200 GET /api/v1/ 1041.52ms
INF 2026-08-04T07:14:08.498Z > 200 GET /api/v1/ 277.96ms
INF 2026-08-04T07:14:08.507Z > 200 GET /api/v1/ 1087.86ms
INF 2026-08-04T07:14:08.515Z > 200 GET /api/v1/ 966.1ms
INF 2026-08-04T07:14:08.530Z > 200 GET /api/v1/ 12.83ms
INF 2026-08-04T07:14:08.535Z > 200 GET /api/v1/ 145.96ms
INF 2026-08-04T07:14:08.539Z > 200 GET /api/v1/ 325.32ms
INF 2026-08-04T07:14:08.541Z > 200 GET /api/v1/ 1078.93ms
INF 2026-08-04T07:14:08.553Z > 200 GET /api/v1/ 11.78ms
INF 2026-08-04T07:14:08.557Z > 200 GET /api/v1/ 426.1ms
INF 2026-08-04T07:14:08.557Z > 200 GET /api/v1/ 168.83ms
INF 2026-08-04T07:14:08.558Z > 200 GET /api/v1/ 165.23ms
INF 2026-08-04T07:14:08.570Z > 200 GET /api/v1/ 11.97ms
INF 2026-08-04T07:14:08.575Z > 200 GET /api/v1/ 1176.3ms
INF 2026-08-04T07:14:08.589Z > 200 GET /api/v1/ 1278.77ms
INF 2026-08-04T07:14:08.590Z > 200 GET /api/v1/ 1041.79ms
INF 2026-08-04T07:14:08.597Z > 200 GET /api/v1/ 872.34ms
INF 2026-08-04T07:14:08.602Z > 200 GET /api/v1/ 344.99ms
INF 2026-08-04T07:14:08.602Z > 200 GET /api/v1/ 1053.54ms
INF 2026-08-04T07:14:08.609Z > 200 GET /api/v1/ 1298.92ms
INF 2026-08-04T07:14:08.614Z > 200 GET /api/v1/ 11.49ms
INF 2026-08-04T07:14:08.615Z > 200 GET /api/v1/ 1215.49ms
INF 2026-08-04T07:14:08.615Z > 200 GET /api/v1/ 1304.81ms
INF 2026-08-04T07:14:08.616Z > 200 GET /api/v1/ 1404.95ms
INF 2026-08-04T07:14:08.618Z > 200 GET /api/v1/ 735.08ms
INF 2026-08-04T07:14:08.629Z > 200 GET /api/v1/ 1420.6ms
INF 2026-08-04T07:14:08.641Z > 200 GET /api/v1/ 8.32ms
INF 2026-08-04T07:14:08.690Z > 200 GET /api/v1/ 48.66ms
INF 2026-08-04T07:14:08.695Z > 200 GET /api/v1/ 214.46ms
INF 2026-08-04T07:14:08.703Z > 200 GET /api/v1/ 418.43ms
INF 2026-08-04T07:14:08.726Z > 200 GET /api/v1/ 332.73ms
INF 2026-08-04T07:14:08.740Z > 200 GET /api/v1/ 7.42ms
INF 2026-08-04T07:14:08.743Z > 200 GET /api/v1/ 1546.6ms
INF 2026-08-04T07:14:08.747Z > 200 GET /api/v1/ 144.56ms
INF 2026-08-04T07:14:08.750Z > 200 GET /api/v1/ 224.8ms
INF 2026-08-04T07:14:08.757Z > 200 GET /api/v1/ 163.5ms
INF 2026-08-04T07:14:08.777Z > 200 GET /api/v1/ 240.19ms
INF 2026-08-04T07:14:08.788Z > 200 GET /api/v1/ 7.67ms
INF 2026-08-04T07:14:08.792Z > 200 GET /api/v1/ 329.38ms
INF 2026-08-04T07:14:08.795Z > 200 GET /api/v1/ 1246.69ms
INF 2026-08-04T07:14:08.800Z > 200 GET /api/v1/ 1337.2ms
INF 2026-08-04T07:14:08.801Z > 200 GET /api/v1/ 212.75ms
INF 2026-08-04T07:14:08.811Z > 200 GET /api/v1/ 10.02ms
INF 2026-08-04T07:14:08.819Z > 200 GET /api/v1/ 1399.27ms
INF 2026-08-04T07:14:08.827Z > 200 GET /api/v1/ 214.88ms
INF 2026-08-04T07:14:08.829Z > 200 GET /api/v1/ 212.72ms
INF 2026-08-04T07:14:08.847Z > 200 GET /api/v1/ 1434.96ms
INF 2026-08-04T07:14:08.851Z > 200 GET /api/v1/ 1600.42ms
INF 2026-08-04T07:14:08.855Z > 200 GET /api/v1/ 1403.41ms
INF 2026-08-04T07:14:08.860Z > 200 GET /api/v1/ 1155.66ms
INF 2026-08-04T07:14:08.863Z > 200 GET /api/v1/ 6.37ms
INF 2026-08-04T07:14:08.872Z > 200 GET /api/v1/ 7.18ms
INF 2026-08-04T07:14:08.877Z > 200 GET /api/v1/ 1425.23ms
INF 2026-08-04T07:14:08.924Z > 200 GET /api/v1/ 31.66ms
INF 2026-08-04T07:14:08.961Z > 200 GET /api/v1/ 36.78ms
INF 2026-08-04T07:14:08.973Z > 200 GET /api/v1/ 283.13ms
INF 2026-08-04T07:14:08.987Z > 200 GET /api/v1/ 202.96ms
INF 2026-08-04T07:14:08.991Z > 200 GET /api/v1/ 1266.15ms
INF 2026-08-04T07:14:08.995Z > 200 GET /api/v1/ 738.25ms
INF 2026-08-04T07:14:09.041Z > 200 GET /api/v1/ 252.66ms
INF 2026-08-04T07:14:09.043Z > 200 GET /api/v1/ 1792.22ms
INF 2026-08-04T07:14:09.043Z > 200 GET /api/v1/ 217.15ms
INF 2026-08-04T07:14:09.044Z > 200 GET /api/v1/ 719.07ms
INF 2026-08-04T07:14:09.045Z > 200 GET /api/v1/ 354.48ms
INF 2026-08-04T07:14:09.084Z > 200 GET /api/v1/ 819.92ms
INF 2026-08-04T07:14:09.085Z > 200 GET /api/v1/ 394.76ms
INF 2026-08-04T07:14:09.085Z > 200 GET /api/v1/ 760.64ms
INF 2026-08-04T07:14:09.108Z > 200 GET /api/v1/ 66.55ms
INF 2026-08-04T07:14:09.108Z > 200 GET /api/v1/ 835.72ms
INF 2026-08-04T07:14:09.109Z > 200 GET /api/v1/ 1900.07ms
INF 2026-08-04T07:14:09.109Z > 200 GET /api/v1/ 419.42ms
INF 2026-08-04T07:14:09.116Z > 200 GET /api/v1/ 379.05ms
INF 2026-08-04T07:14:09.148Z > 200 GET /api/v1/ 458.52ms
INF 2026-08-04T07:14:09.151Z > 200 GET /api/v1/ 1267.58ms
INF 2026-08-04T07:14:09.162Z > 200 GET /api/v1/ 315.48ms
INF 2026-08-04T07:14:09.162Z > 200 GET /api/v1/ 1763.26ms
INF 2026-08-04T07:14:09.209Z > 200 GET /api/v1/ 1533.05ms
INF 2026-08-04T07:14:09.210Z > 200 GET /api/v1/ 441.09ms
INF 2026-08-04T07:14:09.224Z > 200 GET /api/v1/ 983.87ms
INF 2026-08-04T07:14:09.244Z > 200 GET /api/v1/ 598.73ms
INF 2026-08-04T07:14:09.246Z > 200 GET /api/v1/ 720.46ms
INF 2026-08-04T07:14:09.350Z > 200 GET /api/v1/ 1013.26ms
INF 2026-08-04T07:14:09.405Z > 200 GET /api/v1/ 363.18ms
INF 2026-08-04T07:14:09.407Z > 200 GET /api/v1/ 1858.44ms
INF 2026-08-04T07:14:09.407Z > 200 GET /api/v1/ 1861.62ms
INF 2026-08-04T07:14:09.409Z > 200 GET /api/v1/ 507.49ms
INF 2026-08-04T07:14:09.409Z > 200 GET /api/v1/ 1863.53ms
INF 2026-08-04T07:14:09.410Z > 200 GET /api/v1/ 368.5ms
INF 2026-08-04T07:14:09.420Z > 200 GET /api/v1/ 1872.2ms
INF 2026-08-04T07:14:09.421Z > 200 GET /api/v1/ 818.27ms
INF 2026-08-04T07:14:09.421Z > 200 GET /api/v1/ 2001.67ms
INF 2026-08-04T07:14:09.422Z > 200 GET /api/v1/ 497.44ms
INF 2026-08-04T07:14:09.422Z > 200 GET /api/v1/ 1873.72ms
INF 2026-08-04T07:14:09.423Z > 200 GET /api/v1/ 1971.9ms
INF 2026-08-04T07:14:09.424Z > 200 GET /api/v1/ 454.61ms
INF 2026-08-04T07:14:09.424Z > 200 GET /api/v1/ 337.93ms
INF 2026-08-04T07:14:09.425Z > 200 GET /api/v1/ 988.2ms
INF 2026-08-04T07:14:09.433Z > 200 GET /api/v1/ 1885.07ms
INF 2026-08-04T07:14:09.455Z > 200 GET /api/v1/ 1839.97ms
INF 2026-08-04T07:14:09.460Z > 200 GET /api/v1/ 631.14ms
INF 2026-08-04T07:14:09.461Z > 200 GET /api/v1/ 1784.75ms
INF 2026-08-04T07:14:09.461Z > 200 GET /api/v1/ 2009.63ms
INF 2026-08-04T07:14:09.462Z > 200 GET /api/v1/ 1912.92ms
INF 2026-08-04T07:14:09.463Z > 200 GET /api/v1/ 2008.16ms
INF 2026-08-04T07:14:09.463Z > 200 GET /api/v1/ 2008.61ms
INF 2026-08-04T07:14:09.473Z > 200 GET /api/v1/ 1797.2ms
INF 2026-08-04T07:14:09.553Z > 200 GET /api/v1/ 442.34ms
INF 2026-08-04T07:14:09.554Z > 200 GET /api/v1/ 467.76ms
INF 2026-08-04T07:14:09.555Z > 200 GET /api/v1/ 468.72ms
INF 2026-08-04T07:14:09.556Z > 200 GET /api/v1/ 514.01ms
INF 2026-08-04T07:14:09.556Z > 200 GET /api/v1/ 1880.26ms
INF 2026-08-04T07:14:09.713Z > 200 GET /api/v1/ 1262.58ms
INF 2026-08-04T07:14:09.776Z > 200 GET /api/v1/ 1181.77ms
INF 2026-08-04T07:14:09.790Z > 200 GET /api/v1/ 643.35ms
INF 2026-08-04T07:14:09.811Z > 200 GET /api/v1/ 2359.51ms
INF 2026-08-04T07:14:09.858Z > 200 GET /api/v1/ 1877.0ms
INF 2026-08-04T07:14:09.858Z > 200 GET /api/v1/ 2153.37ms
INF 2026-08-04T07:14:09.859Z > 200 GET /api/v1/ 1023.67ms
INF 2026-08-04T07:14:09.859Z > 200 GET /api/v1/ 2154.45ms
INF 2026-08-04T07:14:09.860Z > 200 GET /api/v1/ 2311.61ms
INF 2026-08-04T07:14:09.861Z > 200 GET /api/v1/ 304.69ms
INF 2026-08-04T07:14:09.861Z > 200 GET /api/v1/ 1910.9ms
INF 2026-08-04T07:14:09.862Z > 200 GET /api/v1/ 1731.11ms
INF 2026-08-04T07:14:09.891Z > 200 GET /api/v1/ 1680.29ms
INF 2026-08-04T07:14:09.903Z > 200 GET /api/v1/ 1723.07ms
INF 2026-08-04T07:14:09.936Z > 200 GET /api/v1/ 1246.24ms
INF 2026-08-04T07:14:09.938Z > 200 GET /api/v1/ 1727.85ms
INF 2026-08-04T07:14:09.953Z > 200 GET /api/v1/ 1059.87ms
INF 2026-08-04T07:14:09.953Z > 200 GET /api/v1/ 2129.72ms
INF 2026-08-04T07:14:09.954Z > 200 GET /api/v1/ 1743.78ms
INF 2026-08-04T07:14:10.009Z > 200 GET /api/v1/ 1457.7ms
INF 2026-08-04T07:14:10.011Z > 200 GET /api/v1/ 1811.87ms
INF 2026-08-04T07:14:10.012Z > 200 GET /api/v1/ 1379.62ms
INF 2026-08-04T07:14:10.017Z > 200 GET /api/v1/ 2341.32ms
INF 2026-08-04T07:14:10.018Z > 200 GET /api/v1/ 1807.57ms
INF 2026-08-04T07:14:10.019Z > 200 GET /api/v1/ 1838.46ms
INF 2026-08-04T07:14:10.020Z > 200 GET /api/v1/ 2288.97ms
INF 2026-08-04T07:14:10.021Z > 200 GET /api/v1/ 2297.73ms
INF 2026-08-04T07:14:10.021Z > 200 GET /api/v1/ 2138.35ms
INF 2026-08-04T07:14:10.022Z > 200 GET /api/v1/ 1332.08ms
INF 2026-08-04T07:14:10.024Z > 200 GET /api/v1/ 2319.08ms
INF 2026-08-04T07:14:10.025Z > 200 GET /api/v1/ 2086.46ms
INF 2026-08-04T07:14:10.026Z > 200 GET /api/v1/ 1826.96ms
INF 2026-08-04T07:14:10.026Z > 200 GET /api/v1/ 1845.98ms
INF 2026-08-04T07:14:10.065Z > 200 GET /api/v1/ 1854.53ms
INF 2026-08-04T07:14:10.066Z > 200 GET /api/v1/ 1375.94ms
INF 2026-08-04T07:14:10.066Z > 200 GET /api/v1/ 2243.21ms
INF 2026-08-04T07:14:10.067Z > 200 GET /api/v1/ 1321.57ms
INF 2026-08-04T07:14:10.068Z > 200 GET /api/v1/ 1869.23ms
INF 2026-08-04T07:14:10.069Z > 200 GET /api/v1/ 905.44ms
INF 2026-08-04T07:14:10.069Z > 200 GET /api/v1/ 840.25ms
INF 2026-08-04T07:14:10.070Z > 200 GET /api/v1/ 596.27ms
INF 2026-08-04T07:14:10.070Z > 200 GET /api/v1/ 840.62ms
INF 2026-08-04T07:14:10.071Z > 200 GET /api/v1/ 841.67ms
INF 2026-08-04T07:14:10.071Z > 200 GET /api/v1/ 1598.36ms
INF 2026-08-04T07:14:10.071Z > 200 GET /api/v1/ 1198.88ms
INF 2026-08-04T07:14:10.073Z > 200 GET /api/v1/ 2124.52ms
INF 2026-08-04T07:14:10.086Z > 200 GET /api/v1/ 1635.72ms
INF 2026-08-04T07:14:10.086Z > 200 GET /api/v1/ 1293.75ms
INF 2026-08-04T07:14:10.090Z > 200 GET /api/v1/ 1501.76ms
INF 2026-08-04T07:14:10.091Z > 200 GET /api/v1/ 770.75ms
INF 2026-08-04T07:14:10.091Z > 200 GET /api/v1/ 1518.53ms
INF 2026-08-04T07:14:10.094Z > 200 GET /api/v1/ 1448.65ms
INF 2026-08-04T07:14:10.097Z > 200 GET /api/v1/ 545.4ms
INF 2026-08-04T07:14:10.098Z > 200 GET /api/v1/ 545.42ms
INF 2026-08-04T07:14:10.099Z > 200 GET /api/v1/ 625.68ms
INF 2026-08-04T07:14:10.128Z > 200 GET /api/v1/ 464.64ms
INF 2026-08-04T07:14:10.131Z > 200 GET /api/v1/ 984.13ms
INF 2026-08-04T07:14:10.140Z > 200 GET /api/v1/ 910.29ms
INF 2026-08-04T07:14:10.147Z > 200 GET /api/v1/ 593.97ms
INF 2026-08-04T07:14:10.147Z > 200 GET /api/v1/ 1106.05ms
INF 2026-08-04T07:14:10.148Z > 200 GET /api/v1/ 544.56ms
INF 2026-08-04T07:14:10.149Z > 200 GET /api/v1/ 976.5ms
INF 2026-08-04T07:14:10.150Z > 200 GET /api/v1/ 1713.36ms
INF 2026-08-04T07:14:10.178Z > 200 GET /api/v1/ 625.27ms
INF 2026-08-04T07:14:10.179Z > 200 GET /api/v1/ 1092.78ms
INF 2026-08-04T07:14:10.180Z > 200 GET /api/v1/ 1255.47ms
INF 2026-08-04T07:14:10.181Z > 200 GET /api/v1/ 890.13ms
INF 2026-08-04T07:14:10.181Z > 200 GET /api/v1/ 860.84ms
INF 2026-08-04T07:14:10.191Z > 200 GET /api/v1/ 527.04ms
INF 2026-08-04T07:14:10.194Z > 200 GET /api/v1/ 1031.08ms
INF 2026-08-04T07:14:10.195Z > 200 GET /api/v1/ 721.2ms
INF 2026-08-04T07:14:10.195Z > 200 GET /api/v1/ 1322.71ms
INF 2026-08-04T07:14:10.196Z > 200 GET /api/v1/ 592.61ms
INF 2026-08-04T07:14:10.197Z > 200 GET /api/v1/ 593.53ms
INF 2026-08-04T07:14:10.207Z > 200 GET /api/v1/ 733.15ms
INF 2026-08-04T07:14:10.207Z > 200 GET /api/v1/ 733.69ms
INF 2026-08-04T07:14:10.208Z > 200 GET /api/v1/ 1283.23ms
INF 2026-08-04T07:14:10.208Z > 200 GET /api/v1/ 1061.56ms
INF 2026-08-04T07:14:10.209Z > 200 GET /api/v1/ 918.21ms
INF 2026-08-04T07:14:10.209Z > 200 GET /api/v1/ 605.98ms
INF 2026-08-04T07:14:10.233Z > 200 GET /api/v1/ 1069.53ms
INF 2026-08-04T07:14:10.233Z > 200 GET /api/v1/ 679.96ms
INF 2026-08-04T07:14:10.233Z > 200 GET /api/v1/ 630.37ms
INF 2026-08-04T07:14:10.234Z > 200 GET /api/v1/ 680.6ms
INF 2026-08-04T07:14:10.234Z > 200 GET /api/v1/ 1719.99ms
INF 2026-08-04T07:14:10.235Z > 200 GET /api/v1/ 633.37ms
INF 2026-08-04T07:14:10.235Z > 200 GET /api/v1/ 631.94ms
INF 2026-08-04T07:14:10.235Z > 200 GET /api/v1/ 1062.69ms
INF 2026-08-04T07:14:10.236Z > 200 GET /api/v1/ 944.55ms
INF 2026-08-04T07:14:10.236Z > 200 GET /api/v1/ 683.22ms
INF 2026-08-04T07:14:10.237Z > 200 GET /api/v1/ 1392.84ms
INF 2026-08-04T07:14:10.237Z > 200 GET /api/v1/ 573.25ms
INF 2026-08-04T07:14:10.238Z > 200 GET /api/v1/ 684.7ms
INF 2026-08-04T07:14:10.238Z > 200 GET /api/v1/ 619.81ms
INF 2026-08-04T07:14:10.239Z > 200 GET /api/v1/ 765.31ms
INF 2026-08-04T07:14:10.239Z > 200 GET /api/v1/ 831.66ms
INF 2026-08-04T07:14:10.240Z > 200 GET /api/v1/ 1393.64ms
INF 2026-08-04T07:14:10.240Z > 200 GET /api/v1/ 636.84ms
INF 2026-08-04T07:14:10.241Z > 200 GET /api/v1/ 638.38ms
INF 2026-08-04T07:14:10.248Z > 200 GET /api/v1/ 629.37ms
INF 2026-08-04T07:14:10.249Z > 200 GET /api/v1/ 109.89ms
INF 2026-08-04T07:14:10.270Z > 200 GET /api/v1/ 73.85ms
INF 2026-08-04T07:14:10.275Z > 200 GET /api/v1/ 447.25ms
INF 2026-08-04T07:14:10.281Z > 200 GET /api/v1/ 449.29ms
INF 2026-08-04T07:14:10.286Z > 200 GET /api/v1/ 428.67ms
INF 2026-08-04T07:14:10.291Z > 200 GET /api/v1/ 324.22ms
INF 2026-08-04T07:14:10.292Z > 200 GET /api/v1/ 325.68ms
INF 2026-08-04T07:14:10.296Z > 200 GET /api/v1/ 329.31ms
INF 2026-08-04T07:14:10.296Z > 200 GET /api/v1/ 7.87ms
INF 2026-08-04T07:14:10.305Z > 200 GET /api/v1/ 8.69ms
INF 2026-08-04T07:14:10.318Z > 200 GET /api/v1/ 352.07ms
INF 2026-08-04T07:14:10.320Z > 200 GET /api/v1/ 7.2ms
INF 2026-08-04T07:14:10.322Z > 200 GET /api/v1/ 443.05ms
INF 2026-08-04T07:14:10.332Z > 200 GET /api/v1/ 7.31ms
INF 2026-08-04T07:14:10.339Z > 200 GET /api/v1/ 6.7ms
INF 2026-08-04T07:14:10.351Z > 200 GET /api/v1/ 6.74ms
INF 2026-08-04T07:14:10.367Z > 200 GET /api/v1/ 6.25ms
INF 2026-08-04T07:14:10.382Z > 200 GET /api/v1/ 9.02ms
INF 2026-08-04T07:14:10.388Z > 200 GET /api/v1/ 6.32ms
INF 2026-08-04T07:14:10.399Z > 200 GET /api/v1/ 6.54ms
INF 2026-08-04T07:14:10.416Z > 200 GET /api/v1/ 7.31ms
INF 2026-08-04T07:14:10.433Z > 200 GET /api/v1/ 8.85ms
INF 2026-08-04T07:14:10.442Z > 200 GET /api/v1/ 424.23ms
INF 2026-08-04T07:14:10.445Z > 200 GET /api/v1/ 427.06ms
INF 2026-08-04T07:14:10.449Z > 200 GET /api/v1/ 483.04ms
INF 2026-08-04T07:14:10.451Z > 200 GET /api/v1/ 446.39ms
INF 2026-08-04T07:14:10.463Z > 200 GET /api/v1/ 6.71ms
INF 2026-08-04T07:14:10.470Z > 200 GET /api/v1/ 6.39ms
INF 2026-08-04T07:14:10.483Z > 200 GET /api/v1/ 6.88ms
INF 2026-08-04T07:14:10.492Z > 200 GET /api/v1/ 7.7ms
INF 2026-08-04T07:14:10.499Z > 200 GET /api/v1/ 6.48ms
INF 2026-08-04T07:14:10.519Z > 200 GET /api/v1/ 6.82ms
INF 2026-08-04T07:14:10.533Z > 200 GET /api/v1/ 6.83ms
INF 2026-08-04T07:14:10.540Z > 200 GET /api/v1/ 7.22ms
INF 2026-08-04T07:14:10.547Z > 200 GET /api/v1/ 6.9ms
INF 2026-08-04T07:14:10.555Z > 200 GET /api/v1/ 545.04ms
INF 2026-08-04T07:14:10.569Z > 200 GET /api/v1/ 8.43ms
INF 2026-08-04T07:14:10.576Z > 200 GET /api/v1/ 438.27ms
INF 2026-08-04T07:14:10.583Z > 200 GET /api/v1/ 6.65ms
INF 2026-08-04T07:14:10.586Z > 200 GET /api/v1/ 448.58ms
INF 2026-08-04T07:14:10.587Z > 200 GET /api/v1/ 449.03ms
INF 2026-08-04T07:14:10.599Z > 200 GET /api/v1/ 10.68ms
INF 2026-08-04T07:14:10.607Z > 200 GET /api/v1/ 8.15ms
INF 2026-08-04T07:14:10.620Z > 200 GET /api/v1/ 7.53ms
INF 2026-08-04T07:14:10.624Z > 200 GET /api/v1/ 382.07ms
INF 2026-08-04T07:14:10.628Z > 200 GET /api/v1/ 610.73ms
INF 2026-08-04T07:14:10.630Z > 200 GET /api/v1/ 437.97ms
INF 2026-08-04T07:14:10.634Z > 200 GET /api/v1/ 9.29ms
INF 2026-08-04T07:14:10.647Z > 200 GET /api/v1/ 6.62ms
INF 2026-08-04T07:14:10.679Z > 200 GET /api/v1/ 29.54ms
INF 2026-08-04T07:14:10.688Z > 200 GET /api/v1/ 410.92ms
INF 2026-08-04T07:14:10.696Z > 200 GET /api/v1/ 7.39ms
INF 2026-08-04T07:14:10.699Z > 200 GET /api/v1/ 502.6ms
INF 2026-08-04T07:14:10.702Z > 200 GET /api/v1/ 617.92ms
INF 2026-08-04T07:14:10.706Z > 200 GET /api/v1/ 509.53ms
INF 2026-08-04T07:14:10.712Z > 200 GET /api/v1/ 466.63ms
INF 2026-08-04T07:14:10.714Z > 200 GET /api/v1/ 455.17ms
INF 2026-08-04T07:14:10.714Z > 200 GET /api/v1/ 437.6ms
INF 2026-08-04T07:14:10.715Z > 200 GET /api/v1/ 565.32ms
INF 2026-08-04T07:14:10.716Z > 200 GET /api/v1/ 438.94ms
INF 2026-08-04T07:14:10.716Z > 200 GET /api/v1/ 632.09ms
INF 2026-08-04T07:14:10.731Z > 200 GET /api/v1/ 10.89ms
INF 2026-08-04T07:14:10.767Z > 200 GET /api/v1/ 30.08ms
INF 2026-08-04T07:14:10.781Z > 200 GET /api/v1/ 8.14ms
INF 2026-08-04T07:14:10.799Z > 200 GET /api/v1/ 661.97ms
INF 2026-08-04T07:14:10.815Z > 200 GET /api/v1/ 6.55ms
INF 2026-08-04T07:14:10.831Z > 200 GET /api/v1/ 6.16ms
INF 2026-08-04T07:14:10.866Z > 200 GET /api/v1/ 25.4ms
INF 2026-08-04T07:14:10.881Z > 200 GET /api/v1/ 439.84ms
INF 2026-08-04T07:14:10.889Z > 200 GET /api/v1/ 560.06ms
INF 2026-08-04T07:14:10.902Z > 200 GET /api/v1/ 569.64ms
INF 2026-08-04T07:14:10.907Z > 200 GET /api/v1/ 662.12ms
INF 2026-08-04T07:14:10.911Z > 200 GET /api/v1/ 574.46ms
INF 2026-08-04T07:14:10.917Z > 200 GET /api/v1/ 151.97ms
INF 2026-08-04T07:14:10.921Z > 200 GET /api/v1/ 838.05ms
INF 2026-08-04T07:14:10.926Z > 200 GET /api/v1/ 729.19ms
INF 2026-08-04T07:14:10.932Z > 200 GET /api/v1/ 583.03ms
INF 2026-08-04T07:14:10.932Z > 200 GET /api/v1/ 647.5ms
INF 2026-08-04T07:14:10.934Z > 200 GET /api/v1/ 169.4ms
INF 2026-08-04T07:14:10.934Z > 200 GET /api/v1/ 916.63ms
INF 2026-08-04T07:14:10.937Z > 200 GET /api/v1/ 660.74ms
INF 2026-08-04T07:14:10.955Z > 200 GET /api/v1/ 10.09ms
INF 2026-08-04T07:14:10.964Z > 200 GET /api/v1/ 7.35ms
INF 2026-08-04T07:14:10.972Z > 200 GET /api/v1/ 7.11ms
INF 2026-08-04T07:14:10.981Z > 200 GET /api/v1/ 7.58ms
INF 2026-08-04T07:14:10.988Z > 200 GET /api/v1/ 6.92ms
INF 2026-08-04T07:14:11.000Z > 200 GET /api/v1/ 740.92ms
INF 2026-08-04T07:14:11.011Z > 200 GET /api/v1/ 6.6ms
INF 2026-08-04T07:14:11.020Z > 200 GET /api/v1/ 7.41ms
INF 2026-08-04T07:14:11.032Z > 200 GET /api/v1/ 7.49ms
INF 2026-08-04T07:14:11.049Z > 200 GET /api/v1/ 8.29ms
INF 2026-08-04T07:14:11.060Z > 200 GET /api/v1/ 7.45ms
INF 2026-08-04T07:14:11.067Z > 200 GET /api/v1/ 6.56ms
INF 2026-08-04T07:14:11.071Z > 200 GET /api/v1/ 306.86ms
INF 2026-08-04T07:14:11.079Z > 200 GET /api/v1/ 6.36ms
INF 2026-08-04T07:14:11.104Z > 200 GET /api/v1/ 11.23ms
INF 2026-08-04T07:14:11.131Z > 200 GET /api/v1/ 18.37ms
INF 2026-08-04T07:14:11.136Z > 200 GET /api/v1/ 941.01ms
INF 2026-08-04T07:14:11.139Z > 200 GET /api/v1/ 880.74ms
INF 2026-08-04T07:14:11.143Z > 200 GET /api/v1/ 169.04ms
INF 2026-08-04T07:14:11.154Z > 200 GET /api/v1/ 1071.15ms
INF 2026-08-04T07:14:11.165Z > 200 GET /api/v1/ 183.95ms
INF 2026-08-04T07:14:11.169Z > 200 GET /api/v1/ 244.74ms
INF 2026-08-04T07:14:11.170Z > 200 GET /api/v1/ 805.14ms
INF 2026-08-04T07:14:11.170Z > 200 GET /api/v1/ 188.94ms
INF 2026-08-04T07:14:11.174Z > 200 GET /api/v1/ 296.5ms
INF 2026-08-04T07:14:11.178Z > 200 GET /api/v1/ 505.19ms
INF 2026-08-04T07:14:11.186Z > 200 GET /api/v1/ 225.15ms
INF 2026-08-04T07:14:11.193Z > 200 GET /api/v1/ 7.66ms
INF 2026-08-04T07:14:11.197Z > 200 GET /api/v1/ 616.2ms
INF 2026-08-04T07:14:11.232Z > 200 GET /api/v1/ 35.68ms
INF 2026-08-04T07:14:11.241Z > 200 GET /api/v1/ 475.73ms
INF 2026-08-04T07:14:11.247Z > 200 GET /api/v1/ 6.78ms
INF 2026-08-04T07:14:11.249Z > 200 GET /api/v1/ 280.35ms
INF 2026-08-04T07:14:11.249Z > 200 GET /api/v1/ 383.11ms
INF 2026-08-04T07:14:11.258Z > 200 GET /api/v1/ 589.28ms
INF 2026-08-04T07:14:11.273Z > 200 GET /api/v1/ 784.38ms
INF 2026-08-04T07:14:11.279Z > 200 GET /api/v1/ 993.92ms
INF 2026-08-04T07:14:11.279Z > 200 GET /api/v1/ 282.89ms
INF 2026-08-04T07:14:11.294Z > 200 GET /api/v1/ 9.11ms
INF 2026-08-04T07:14:11.297Z > 200 GET /api/v1/ 184.38ms
INF 2026-08-04T07:14:11.300Z > 200 GET /api/v1/ 154.46ms
INF 2026-08-04T07:14:11.305Z > 200 GET /api/v1/ 368.0ms
INF 2026-08-04T07:14:11.308Z > 200 GET /api/v1/ 127.36ms
INF 2026-08-04T07:14:11.310Z > 200 GET /api/v1/ 396.79ms
INF 2026-08-04T07:14:11.326Z > 200 GET /api/v1/ 8.93ms
INF 2026-08-04T07:14:11.340Z > 200 GET /api/v1/ 1055.19ms
INF 2026-08-04T07:14:11.357Z > 200 GET /api/v1/ 16.35ms
INF 2026-08-04T07:14:11.362Z > 200 GET /api/v1/ 149.7ms
INF 2026-08-04T07:14:11.366Z > 200 GET /api/v1/ 601.43ms
INF 2026-08-04T07:14:11.373Z > 200 GET /api/v1/ 192.04ms
INF 2026-08-04T07:14:11.376Z > 200 GET /api/v1/ 7.07ms
INF 2026-08-04T07:14:11.390Z > 200 GET /api/v1/ 9.51ms
INF 2026-08-04T07:14:11.431Z > 200 GET /api/v1/ 1235.42ms
INF 2026-08-04T07:14:11.456Z > 200 GET /api/v1/ 24.59ms
INF 2026-08-04T07:14:11.463Z > 200 GET /api/v1/ 1325.57ms
INF 2026-08-04T07:14:11.468Z > 200 GET /api/v1/ 1330.54ms
INF 2026-08-04T07:14:11.470Z > 200 GET /api/v1/ 233.19ms
INF 2026-08-04T07:14:11.471Z > 200 GET /api/v1/ 1333.55ms
INF 2026-08-04T07:14:11.472Z > 200 GET /api/v1/ 1467.19ms
INF 2026-08-04T07:14:11.473Z > 200 GET /api/v1/ 708.8ms
INF 2026-08-04T07:14:11.477Z > 200 GET /api/v1/ 200.85ms
INF 2026-08-04T07:14:11.480Z > 200 GET /api/v1/ 248.27ms
INF 2026-08-04T07:14:11.486Z > 200 GET /api/v1/ 13.21ms
INF 2026-08-04T07:14:11.497Z > 200 GET /api/v1/ 204.24ms
ERR 2026-08-04T07:14:11.535Z > pthread_mutex_destroy: Device or resource busy
| pthread_mutex_destroy: Device or resource busy (RuntimeError)
|   from /home/uchiha/playground/crystal/src/crystal/system/unix/pthread_mutex.cr:48:7 in '->'
|   from lib/gcry/src/gcry/finalizer.cr:186:20 in 'run_pending'
|   from lib/gcry/src/gcry/collect.cr:1133:9 in 'run_collection'
|   from lib/gcry/src/gcry/collect.cr:405:7 in 'collect:coalesce'
|   from lib/gcry/src/gcry/collect.cr:643:7 in 'allocate'
|   from lib/gcry/src/gcry/heap.cr:301:7 in '??'
|   from /home/uchiha/playground/crystal/src/array.cr:112:3 in 'write_headers'
|   from /home/uchiha/playground/crystal/src/http/server/response.cr:324:11 in 'ensure_headers_written'
|   from /home/uchiha/playground/crystal/src/http/server/response.cr:279:9 in 'unbuffered_write'
|   from /home/uchiha/playground/crystal/src/io/buffered.cr:163:14 in 'write'
|   from /home/uchiha/playground/crystal/src/http/server/response.cr:107:7 in 'write'
|   from /home/uchiha/playground/crystal/src/io.cr:488:7 in 'write_string'
|   from lib/kemal/src/kemal/route_handler.cr:174:7 in 'call'
|   from lib/kemal/src/kemal/websocket_handler.cr:13:14 in 'call'
|   from /home/uchiha/playground/crystal/src/http/server/handler.cr:30:7 in 'call_next'
|   from lib/kemal/src/kemal/filter_handler.cr:46:7 in 'call'
|   from /home/uchiha/playground/crystal/src/http/server/handler.cr:30:7 in 'call_next'
|   from src/middlewares/web_api_auth_middleware.cr:8:12 in 'call'
|   from /home/uchiha/playground/crystal/src/http/server/handler.cr:30:7 in 'call_next'
|   from src/middlewares/admin_api_auth_middleware.cr:7:12 in 'call'
|   from /home/uchiha/playground/crystal/src/http/server/handler.cr:30:7 in 'call_next'
|   from /home/uchiha/playground/crystal/src/http/server/handlers/static_file_handler.cr:60:12 in 'call'
|   from /home/uchiha/playground/crystal/src/http/server/handler.cr:30:7 in 'call'
|   from /home/uchiha/playground/crystal/src/http/server/handler.cr:30:7 in 'call'
|   from /home/uchiha/playground/crystal/src/http/server/handler.cr:30:7 in 'call'
|   from /home/uchiha/playground/crystal/src/http/server/handler.cr:30:7 in 'call'
|   from /home/uchiha/playground/crystal/src/http/server/request_processor.cr:58:11 in 'process'
|   from /home/uchiha/playground/crystal/src/http/server.cr:506:5 in '->'
|   from /home/uchiha/playground/crystal/src/fiber.cr:168:11 in 'run'
|   from /home/uchiha/playground/crystal/src/fiber.cr:103:3 in '->'
|   from ???
INF 2026-08-04T07:14:11.712Z > 500 GET /api/v1/ 391.4ms
INF 2026-08-04T07:14:11.723Z > 200 GET /api/v1/ 490.69ms
INF 2026-08-04T07:14:11.727Z > 200 GET /api/v1/ 1719.36ms
INF 2026-08-04T07:14:11.729Z > 200 GET /api/v1/ 516.71ms
INF 2026-08-04T07:14:12.199Z > 200 GET /api/v1/ 969.46ms
INF 2026-08-04T07:14:12.211Z > 200 GET /api/v1/ 1926.34ms
INF 2026-08-04T07:14:12.215Z > 200 GET /api/v1/ 781.73ms
INF 2026-08-04T07:14:12.218Z > 200 GET /api/v1/ 1549.96ms
INF 2026-08-04T07:14:12.219Z > 200 GET /api/v1/ 818.65ms
INF 2026-08-04T07:14:12.230Z > 200 GET /api/v1/ 872.07ms
INF 2026-08-04T07:14:12.230Z > 200 GET /api/v1/ 1945.64ms
INF 2026-08-04T07:14:12.231Z > 200 GET /api/v1/ 1465.75ms
INF 2026-08-04T07:14:12.232Z > 200 GET /api/v1/ 1973.73ms
INF 2026-08-04T07:14:12.235Z > 200 GET /api/v1/ 1567.32ms
INF 2026-08-04T07:14:12.245Z > 200 GET /api/v1/ 2048.8ms
INF 2026-08-04T07:14:12.246Z > 200 GET /api/v1/ 956.91ms
INF 2026-08-04T07:14:12.246Z > 200 GET /api/v1/ 2106.36ms
INF 2026-08-04T07:14:12.247Z > 200 GET /api/v1/ 2109.35ms
INF 2026-08-04T07:14:12.247Z > 200 GET /api/v1/ 946.36ms
INF 2026-08-04T07:14:12.248Z > 200 GET /api/v1/ 1120.02ms
INF 2026-08-04T07:14:12.258Z > 200 GET /api/v1/ 1046.61ms
INF 2026-08-04T07:14:12.295Z > 200 GET /api/v1/ 1342.85ms
INF 2026-08-04T07:14:12.296Z > 200 GET /api/v1/ 2054.34ms
INF 2026-08-04T07:14:12.297Z > 200 GET /api/v1/ 1003.78ms
INF 2026-08-04T07:14:12.297Z > 200 GET /api/v1/ 1568.33ms
INF 2026-08-04T07:14:12.357Z > 200 GET /api/v1/ 2112.03ms
INF 2026-08-04T07:14:12.357Z > 200 GET /api/v1/ 923.61ms
INF 2026-08-04T07:14:12.358Z > 200 GET /api/v1/ 2275.09ms
INF 2026-08-04T07:14:12.358Z > 200 GET /api/v1/ 2041.7ms
INF 2026-08-04T07:14:12.359Z > 200 GET /api/v1/ 2081.83ms
INF 2026-08-04T07:14:12.359Z > 200 GET /api/v1/ 1330.63ms
INF 2026-08-04T07:14:12.360Z > 200 GET /api/v1/ 1258.49ms
INF 2026-08-04T07:14:12.360Z > 200 GET /api/v1/ 2083.27ms
INF 2026-08-04T07:14:12.365Z > 200 GET /api/v1/ 2280.9ms
INF 2026-08-04T07:14:12.369Z > 200 GET /api/v1/ 1048.38ms
INF 2026-08-04T07:14:12.374Z > 200 GET /api/v1/ 2236.44ms
INF 2026-08-04T07:14:12.375Z > 200 GET /api/v1/ 2292.18ms
INF 2026-08-04T07:14:12.376Z > 200 GET /api/v1/ 2090.75ms
INF 2026-08-04T07:14:12.376Z > 200 GET /api/v1/ 2099.79ms
INF 2026-08-04T07:14:12.377Z > 200 GET /api/v1/ 2092.29ms
INF 2026-08-04T07:14:12.378Z > 200 GET /api/v1/ 1145.77ms
INF 2026-08-04T07:14:12.378Z > 200 GET /api/v1/ 2295.21ms
INF 2026-08-04T07:14:12.392Z > 200 GET /api/v1/ 2147.01ms
INF 2026-08-04T07:14:12.392Z > 200 GET /api/v1/ 895.15ms
INF 2026-08-04T07:14:12.393Z > 200 GET /api/v1/ 1900.31ms
INF 2026-08-04T07:14:12.393Z > 200 GET /api/v1/ 2310.5ms
INF 2026-08-04T07:14:12.394Z > 200 GET /api/v1/ 2134.93ms
INF 2026-08-04T07:14:12.394Z > 200 GET /api/v1/ 2389.08ms
INF 2026-08-04T07:14:12.395Z > 200 GET /api/v1/ 1713.9ms
INF 2026-08-04T07:14:12.395Z > 200 GET /api/v1/ 2110.16ms
INF 2026-08-04T07:14:12.395Z > 200 GET /api/v1/ 2150.46ms
INF 2026-08-04T07:14:12.396Z > 200 GET /api/v1/ 2258.61ms
INF 2026-08-04T07:14:12.396Z > 200 GET /api/v1/ 1055.57ms
INF 2026-08-04T07:14:12.397Z > 200 GET /api/v1/ 2154.8ms
INF 2026-08-04T07:14:12.397Z > 200 GET /api/v1/ 2036.31ms
INF 2026-08-04T07:14:12.397Z > 200 GET /api/v1/ 1039.77ms
INF 2026-08-04T07:14:12.398Z > 200 GET /api/v1/ 964.28ms
INF 2026-08-04T07:14:12.398Z > 200 GET /api/v1/ 1633.93ms
INF 2026-08-04T07:14:12.399Z > 200 GET /api/v1/ 1223.68ms
INF 2026-08-04T07:14:12.399Z > 200 GET /api/v1/ 2157.25ms
INF 2026-08-04T07:14:12.400Z > 200 GET /api/v1/ 2261.92ms
INF 2026-08-04T07:14:12.400Z > 200 GET /api/v1/ 2317.1ms
INF 2026-08-04T07:14:12.400Z > 200 GET /api/v1/ 1063.92ms
INF 2026-08-04T07:14:12.401Z > 200 GET /api/v1/ 2208.51ms
INF 2026-08-04T07:14:12.401Z > 200 GET /api/v1/ 1636.64ms
INF 2026-08-04T07:14:12.402Z > 200 GET /api/v1/ 968.1ms
INF 2026-08-04T07:14:12.455Z > 200 GET /api/v1/ 2317.35ms
INF 2026-08-04T07:14:12.464Z > 200 GET /api/v1/ 2187.35ms
INF 2026-08-04T07:14:12.465Z > 200 GET /api/v1/ 2222.81ms
INF 2026-08-04T07:14:12.465Z > 200 GET /api/v1/ 2380.93ms
INF 2026-08-04T07:14:12.465Z > 200 GET /api/v1/ 1848.95ms
INF 2026-08-04T07:14:12.466Z > 200 GET /api/v1/ 2383.02ms
INF 2026-08-04T07:14:12.467Z > 200 GET /api/v1/ 2329.5ms
INF 2026-08-04T07:14:12.467Z > 200 GET /api/v1/ 2329.77ms
INF 2026-08-04T07:14:12.468Z > 200 GET /api/v1/ 2183.02ms
INF 2026-08-04T07:14:12.468Z > 200 GET /api/v1/ 2385.43ms
INF 2026-08-04T07:14:12.506Z > 200 GET /api/v1/ 2264.24ms
INF 2026-08-04T07:14:12.507Z > 200 GET /api/v1/ 2489.18ms
INF 2026-08-04T07:14:12.507Z > 200 GET /api/v1/ 2222.4ms
INF 2026-08-04T07:14:12.508Z > 200 GET /api/v1/ 2312.05ms
INF 2026-08-04T07:14:12.508Z > 200 GET /api/v1/ 2425.12ms
INF 2026-08-04T07:14:12.510Z > 200 GET /api/v1/ 2369.81ms
INF 2026-08-04T07:14:12.511Z > 200 GET /api/v1/ 1153.27ms
INF 2026-08-04T07:14:12.511Z > 200 GET /api/v1/ 2252.7ms
INF 2026-08-04T07:14:12.513Z > 200 GET /api/v1/ 797.51ms
INF 2026-08-04T07:14:12.513Z > 200 GET /api/v1/ 799.93ms
INF 2026-08-04T07:14:12.514Z > 200 GET /api/v1/ 800.1ms
INF 2026-08-04T07:14:12.514Z > 200 GET /api/v1/ 800.34ms
INF 2026-08-04T07:14:12.514Z > 200 GET /api/v1/ 2431.44ms
INF 2026-08-04T07:14:12.515Z > 200 GET /api/v1/ 1886.31ms
INF 2026-08-04T07:14:12.515Z > 200 GET /api/v1/ 802.07ms
INF 2026-08-04T07:14:12.516Z > 200 GET /api/v1/ 1886.98ms
INF 2026-08-04T07:14:12.516Z > 200 GET /api/v1/ 802.46ms
INF 2026-08-04T07:14:12.525Z > 200 GET /api/v1/ 811.5ms
INF 2026-08-04T07:14:12.525Z > 200 GET /api/v1/ 2096.5ms
INF 2026-08-04T07:14:12.526Z > 200 GET /api/v1/ 812.13ms
INF 2026-08-04T07:14:12.528Z > 200 GET /api/v1/ 814.08ms
INF 2026-08-04T07:14:12.530Z > 200 GET /api/v1/ 816.18ms
INF 2026-08-04T07:14:12.541Z > 200 GET /api/v1/ 827.66ms
INF 2026-08-04T07:14:12.542Z > 200 GET /api/v1/ 2349.18ms
INF 2026-08-04T07:14:12.571Z > 200 GET /api/v1/ 2311.93ms
INF 2026-08-04T07:14:12.573Z > 200 GET /api/v1/ 214.79ms
INF 2026-08-04T07:14:12.715Z > 200 GET /api/v1/ 186.0ms
INF 2026-08-04T07:14:12.722Z > 200 GET /api/v1/ 725.01ms
INF 2026-08-04T07:14:12.722Z > 200 GET /api/v1/ 427.88ms
INF 2026-08-04T07:14:12.726Z > 200 GET /api/v1/ 370.56ms
INF 2026-08-04T07:14:12.727Z > 200 GET /api/v1/ 371.16ms
INF 2026-08-04T07:14:12.734Z > 200 GET /api/v1/ 368.27ms
INF 2026-08-04T07:14:12.736Z > 200 GET /api/v1/ 739.59ms
INF 2026-08-04T07:14:12.736Z > 200 GET /api/v1/ 417.87ms
INF 2026-08-04T07:14:12.737Z > 200 GET /api/v1/ 370.69ms
INF 2026-08-04T07:14:12.738Z > 200 GET /api/v1/ 371.45ms
INF 2026-08-04T07:14:12.738Z > 200 GET /api/v1/ 419.89ms
INF 2026-08-04T07:14:12.741Z > 200 GET /api/v1/ 385.25ms
INF 2026-08-04T07:14:12.742Z > 200 GET /api/v1/ 385.7ms
INF 2026-08-04T07:14:12.754Z > 200 GET /api/v1/ 273.05ms
INF 2026-08-04T07:14:12.757Z > 200 GET /api/v1/ 276.56ms
INF 2026-08-04T07:14:12.761Z > 200 GET /api/v1/ 280.67ms
INF 2026-08-04T07:14:12.772Z > 200 GET /api/v1/ 7.42ms
INF 2026-08-04T07:14:12.776Z > 200 GET /api/v1/ 410.04ms
INF 2026-08-04T07:14:12.783Z > 200 GET /api/v1/ 6.48ms
INF 2026-08-04T07:14:12.791Z > 200 GET /api/v1/ 6.06ms
INF 2026-08-04T07:14:12.803Z > 200 GET /api/v1/ 6.6ms
INF 2026-08-04T07:14:12.812Z > 200 GET /api/v1/ 7.05ms
INF 2026-08-04T07:14:12.819Z > 200 GET /api/v1/ 6.3ms
INF 2026-08-04T07:14:12.831Z > 200 GET /api/v1/ 6.63ms
INF 2026-08-04T07:14:12.840Z > 200 GET /api/v1/ 7.94ms
INF 2026-08-04T07:14:12.852Z > 200 GET /api/v1/ 7.57ms
INF 2026-08-04T07:14:12.859Z > 200 GET /api/v1/ 6.7ms
INF 2026-08-04T07:14:12.867Z > 200 GET /api/v1/ 6.66ms
INF 2026-08-04T07:14:12.879Z > 200 GET /api/v1/ 6.28ms
INF 2026-08-04T07:14:12.892Z > 200 GET /api/v1/ 7.07ms
INF 2026-08-04T07:14:12.899Z > 200 GET /api/v1/ 6.52ms
INF 2026-08-04T07:14:12.907Z > 200 GET /api/v1/ 6.43ms
INF 2026-08-04T07:14:12.915Z > 200 GET /api/v1/ 6.69ms
INF 2026-08-04T07:14:12.928Z > 200 GET /api/v1/ 7.12ms
INF 2026-08-04T07:14:12.940Z > 200 GET /api/v1/ 7.02ms
INF 2026-08-04T07:14:12.947Z > 200 GET /api/v1/ 6.55ms
INF 2026-08-04T07:14:12.955Z > 200 GET /api/v1/ 6.34ms
INF 2026-08-04T07:14:12.967Z > 200 GET /api/v1/ 10.1ms
INF 2026-08-04T07:14:12.980Z > 200 GET /api/v1/ 7.35ms
INF 2026-08-04T07:14:12.987Z > 200 GET /api/v1/ 631.45ms
INF 2026-08-04T07:14:12.991Z > 200 GET /api/v1/ 418.14ms
INF 2026-08-04T07:14:12.998Z > 200 GET /api/v1/ 6.02ms
INF 2026-08-04T07:14:12.999Z > 200 GET /api/v1/ 495.76ms
INF 2026-08-04T07:14:13.014Z > 200 GET /api/v1/ 6.0ms
INF 2026-08-04T07:14:13.026Z > 200 GET /api/v1/ 5.55ms
INF 2026-08-04T07:14:13.038Z > 200 GET /api/v1/ 5.88ms
INF 2026-08-04T07:14:13.048Z > 200 GET /api/v1/ 7.56ms
INF 2026-08-04T07:14:13.063Z > 200 GET /api/v1/ 6.91ms
INF 2026-08-04T07:14:13.079Z > 200 GET /api/v1/ 6.51ms
INF 2026-08-04T07:14:13.087Z > 200 GET /api/v1/ 6.43ms
INF 2026-08-04T07:14:13.094Z > 200 GET /api/v1/ 590.12ms
INF 2026-08-04T07:14:13.113Z > 200 GET /api/v1/ 8.17ms
INF 2026-08-04T07:14:13.132Z > 200 GET /api/v1/ 7.63ms
INF 2026-08-04T07:14:13.203Z > 200 GET /api/v1/ 70.54ms
INF 2026-08-04T07:14:13.303Z > 200 GET /api/v1/ 534.73ms
INF 2026-08-04T07:14:13.398Z > 200 GET /api/v1/ 825.14ms
INF 2026-08-04T07:14:13.523Z > 200 GET /api/v1/ 486.17ms
INF 2026-08-04T07:14:13.530Z > 200 GET /api/v1/ 1018.95ms
INF 2026-08-04T07:14:13.537Z > 200 GET /api/v1/ 1033.14ms
INF 2026-08-04T07:14:13.540Z > 200 GET /api/v1/ 1028.46ms
INF 2026-08-04T07:14:13.541Z > 200 GET /api/v1/ 968.14ms
INF 2026-08-04T07:14:13.546Z > 200 GET /api/v1/ 949.99ms
INF 2026-08-04T07:14:13.550Z > 200 GET /api/v1/ 1069.74ms
INF 2026-08-04T07:14:13.552Z > 200 GET /api/v1/ 978.72ms
INF 2026-08-04T07:14:13.556Z > 200 GET /api/v1/ 1050.93ms
INF 2026-08-04T07:14:13.559Z > 200 GET /api/v1/ 1054.15ms
INF 2026-08-04T07:14:13.562Z > 200 GET /api/v1/ 1317.94ms
INF 2026-08-04T07:14:13.567Z > 200 GET /api/v1/ 1086.1ms
INF 2026-08-04T07:14:13.570Z > 200 GET /api/v1/ 784.98ms
INF 2026-08-04T07:14:13.581Z > 200 GET /api/v1/ 596.27ms
INF 2026-08-04T07:14:13.584Z > 200 GET /api/v1/ 16.75ms
INF 2026-08-04T07:14:13.586Z > 200 GET /api/v1/ 988.16ms
INF 2026-08-04T07:14:13.590Z > 200 GET /api/v1/ 1108.91ms
INF 2026-08-04T07:14:13.592Z > 200 GET /api/v1/ 1087.78ms
INF 2026-08-04T07:14:13.594Z > 200 GET /api/v1/ 1020.61ms
INF 2026-08-04T07:14:13.600Z > 200 GET /api/v1/ 1243.62ms
INF 2026-08-04T07:14:13.603Z > 200 GET /api/v1/ 1122.46ms
INF 2026-08-04T07:14:13.603Z > 200 GET /api/v1/ 1099.4ms
INF 2026-08-04T07:14:13.605Z > 200 GET /api/v1/ 1125.23ms
INF 2026-08-04T07:14:13.606Z > 200 GET /api/v1/ 1096.02ms
INF 2026-08-04T07:14:13.607Z > 200 GET /api/v1/ 1102.88ms
INF 2026-08-04T07:14:13.618Z > 200 GET /api/v1/ 1323.22ms
INF 2026-08-04T07:14:13.618Z > 200 GET /api/v1/ 1262.31ms
INF 2026-08-04T07:14:13.619Z > 200 GET /api/v1/ 1045.18ms
INF 2026-08-04T07:14:13.685Z > 200 GET /api/v1/ 1366.93ms
INF 2026-08-04T07:14:13.686Z > 200 GET /api/v1/ 1088.33ms
INF 2026-08-04T07:14:13.725Z > 200 GET /api/v1/ 1151.65ms
INF 2026-08-04T07:14:13.725Z > 200 GET /api/v1/ 1151.79ms
INF 2026-08-04T07:14:13.726Z > 200 GET /api/v1/ 1152.3ms
INF 2026-08-04T07:14:13.726Z > 200 GET /api/v1/ 1216.43ms
INF 2026-08-04T07:14:13.727Z > 200 GET /api/v1/ 1246.29ms
INF 2026-08-04T07:14:13.727Z > 200 GET /api/v1/ 926.87ms
INF 2026-08-04T07:14:13.728Z > 200 GET /api/v1/ 1222.82ms
INF 2026-08-04T07:14:13.728Z > 200 GET /api/v1/ 1247.65ms
INF 2026-08-04T07:14:13.731Z > 200 GET /api/v1/ 1225.58ms
INF 2026-08-04T07:14:13.731Z > 200 GET /api/v1/ 1227.18ms
INF 2026-08-04T07:14:13.735Z > 200 GET /api/v1/ 1416.49ms
INF 2026-08-04T07:14:13.736Z > 200 GET /api/v1/ 1739.26ms
INF 2026-08-04T07:14:13.737Z > 200 GET /api/v1/ 1231.91ms
INF 2026-08-04T07:14:13.737Z > 200 GET /api/v1/ 696.46ms
INF 2026-08-04T07:14:13.738Z > 200 GET /api/v1/ 1233.18ms
INF 2026-08-04T07:14:13.738Z > 200 GET /api/v1/ 1233.8ms
INF 2026-08-04T07:14:13.739Z > 200 GET /api/v1/ 1257.72ms
INF 2026-08-04T07:14:13.739Z > 200 GET /api/v1/ 958.43ms
INF 2026-08-04T07:14:13.740Z > 200 GET /api/v1/ 1421.38ms
INF 2026-08-04T07:14:13.740Z > 200 GET /api/v1/ 1166.73ms
INF 2026-08-04T07:14:13.763Z > 200 GET /api/v1/ 1258.89ms
INF 2026-08-04T07:14:13.764Z > 200 GET /api/v1/ 1047.08ms
INF 2026-08-04T07:14:13.764Z > 200 GET /api/v1/ 767.88ms
INF 2026-08-04T07:14:13.765Z > 200 GET /api/v1/ 1191.26ms
INF 2026-08-04T07:14:13.765Z > 200 GET /api/v1/ 988.57ms
INF 2026-08-04T07:14:13.783Z > 200 GET /api/v1/ 1426.66ms
INF 2026-08-04T07:14:13.783Z > 200 GET /api/v1/ 1302.51ms
INF 2026-08-04T07:14:13.784Z > 200 GET /api/v1/ 1210.46ms
INF 2026-08-04T07:14:13.785Z > 200 GET /api/v1/ 1019.91ms
INF 2026-08-04T07:14:13.785Z > 200 GET /api/v1/ 1305.04ms
INF 2026-08-04T07:14:13.856Z > 200 GET /api/v1/ 1075.49ms
INF 2026-08-04T07:14:13.857Z > 200 GET /api/v1/ 1283.82ms
INF 2026-08-04T07:14:13.857Z > 200 GET /api/v1/ 1345.86ms
INF 2026-08-04T07:14:13.858Z > 200 GET /api/v1/ 1346.26ms
INF 2026-08-04T07:14:13.858Z > 200 GET /api/v1/ 1284.77ms
INF 2026-08-04T07:14:13.859Z > 200 GET /api/v1/ 1238.1ms
INF 2026-08-04T07:14:13.859Z > 200 GET /api/v1/ 1285.77ms
INF 2026-08-04T07:14:13.859Z > 200 GET /api/v1/ 1379.26ms
INF 2026-08-04T07:14:13.860Z > 200 GET /api/v1/ 1355.58ms
INF 2026-08-04T07:14:13.860Z > 200 GET /api/v1/ 1079.6ms
INF 2026-08-04T07:14:13.861Z > 200 GET /api/v1/ 669.36ms
INF 2026-08-04T07:14:13.870Z > 200 GET /api/v1/ 1297.22ms
INF 2026-08-04T07:14:13.877Z > 200 GET /api/v1/ 686.01ms
INF 2026-08-04T07:14:13.878Z > 200 GET /api/v1/ 1060.95ms
INF 2026-08-04T07:14:13.878Z > 200 GET /api/v1/ 1374.02ms
INF 2026-08-04T07:14:13.878Z > 200 GET /api/v1/ 1366.77ms
INF 2026-08-04T07:14:13.879Z > 200 GET /api/v1/ 1102.34ms
INF 2026-08-04T07:14:13.879Z > 200 GET /api/v1/ 1398.63ms
INF 2026-08-04T07:14:13.880Z > 200 GET /api/v1/ 1306.34ms
INF 2026-08-04T07:14:13.886Z > 200 GET /api/v1/ 1381.23ms
INF 2026-08-04T07:14:13.886Z > 200 GET /api/v1/ 1382.25ms
INF 2026-08-04T07:14:13.887Z > 200 GET /api/v1/ 1375.31ms
INF 2026-08-04T07:14:13.887Z > 200 GET /api/v1/ 1375.78ms
INF 2026-08-04T07:14:13.888Z > 200 GET /api/v1/ 697.46ms
INF 2026-08-04T07:14:13.888Z > 200 GET /api/v1/ 621.43ms
INF 2026-08-04T07:14:13.889Z > 200 GET /api/v1/ 1384.11ms
INF 2026-08-04T07:14:13.889Z > 200 GET /api/v1/ 1292.67ms
INF 2026-08-04T07:14:13.890Z > 200 GET /api/v1/ 797.22ms
INF 2026-08-04T07:14:13.890Z > 200 GET /api/v1/ 1316.81ms
INF 2026-08-04T07:14:13.891Z > 200 GET /api/v1/ 1379.07ms
INF 2026-08-04T07:14:13.891Z > 200 GET /api/v1/ 1387.45ms
INF 2026-08-04T07:14:13.892Z > 200 GET /api/v1/ 1386.9ms
INF 2026-08-04T07:14:13.902Z > 200 GET /api/v1/ 1396.92ms
INF 2026-08-04T07:14:13.902Z > 200 GET /api/v1/ 1421.41ms
INF 2026-08-04T07:14:13.903Z > 200 GET /api/v1/ 1329.43ms
INF 2026-08-04T07:14:13.903Z > 200 GET /api/v1/ 1329.83ms
INF 2026-08-04T07:14:13.904Z > 200 GET /api/v1/ 1423.63ms
INF 2026-08-04T07:14:13.904Z > 200 GET /api/v1/ 1135.26ms
INF 2026-08-04T07:14:13.904Z > 200 GET /api/v1/ 1399.31ms
INF 2026-08-04T07:14:13.936Z > 200 GET /api/v1/ 151.16ms
INF 2026-08-04T07:14:13.941Z > 200 GET /api/v1/ 336.79ms
INF 2026-08-04T07:14:13.944Z > 200 GET /api/v1/ 343.43ms
INF 2026-08-04T07:14:13.955Z > 200 GET /api/v1/ 10.52ms
INF 2026-08-04T07:14:13.960Z > 200 GET /api/v1/ 453.52ms
INF 2026-08-04T07:14:13.965Z > 200 GET /api/v1/ 372.83ms
INF 2026-08-04T07:14:13.969Z > 200 GET /api/v1/ 387.48ms
INF 2026-08-04T07:14:13.983Z > 200 GET /api/v1/ 6.74ms
INF 2026-08-04T07:14:13.991Z > 200 GET /api/v1/ 6.87ms
INF 2026-08-04T07:14:14.004Z > 200 GET /api/v1/ 7.23ms
INF 2026-08-04T07:14:14.015Z > 200 GET /api/v1/ 6.84ms
INF 2026-08-04T07:14:14.028Z > 200 GET /api/v1/ 11.0ms
INF 2026-08-04T07:14:14.041Z > 200 GET /api/v1/ 7.47ms
INF 2026-08-04T07:14:14.047Z > 200 GET /api/v1/ 458.33ms
INF 2026-08-04T07:14:14.051Z > 200 GET /api/v1/ 345.62ms
INF 2026-08-04T07:14:14.051Z > 200 GET /api/v1/ 458.57ms
INF 2026-08-04T07:14:14.052Z > 200 GET /api/v1/ 346.48ms
INF 2026-08-04T07:14:14.065Z > 200 GET /api/v1/ 7.43ms
INF 2026-08-04T07:14:14.076Z > 200 GET /api/v1/ 7.55ms
INF 2026-08-04T07:14:14.080Z > 200 GET /api/v1/ 507.44ms
INF 2026-08-04T07:14:14.084Z > 200 GET /api/v1/ 468.71ms
INF 2026-08-04T07:14:14.091Z > 200 GET /api/v1/ 6.76ms
INF 2026-08-04T07:14:14.100Z > 200 GET /api/v1/ 7.02ms
INF 2026-08-04T07:14:14.105Z > 200 GET /api/v1/ 399.78ms
INF 2026-08-04T07:14:14.111Z > 200 GET /api/v1/ 509.71ms
INF 2026-08-04T07:14:14.124Z > 200 GET /api/v1/ 7.08ms
INF 2026-08-04T07:14:14.135Z > 200 GET /api/v1/ 6.45ms
INF 2026-08-04T07:14:14.147Z > 200 GET /api/v1/ 6.57ms
INF 2026-08-04T07:14:14.155Z > 200 GET /api/v1/ 6.61ms
INF 2026-08-04T07:14:14.171Z > 200 GET /api/v1/ 6.18ms
INF 2026-08-04T07:14:14.182Z > 200 GET /api/v1/ 5.66ms
INF 2026-08-04T07:14:14.195Z > 200 GET /api/v1/ 6.34ms
INF 2026-08-04T07:14:14.204Z > 200 GET /api/v1/ 6.7ms
INF 2026-08-04T07:14:14.219Z > 200 GET /api/v1/ 6.4ms
INF 2026-08-04T07:14:14.224Z > 200 GET /api/v1/ 642.74ms
INF 2026-08-04T07:14:14.231Z > 200 GET /api/v1/ 6.65ms
INF 2026-08-04T07:14:14.243Z > 200 GET /api/v1/ 6.18ms
INF 2026-08-04T07:14:14.251Z > 200 GET /api/v1/ 7.01ms
INF 2026-08-04T07:14:14.267Z > 200 GET /api/v1/ 6.95ms
INF 2026-08-04T07:14:14.279Z > 200 GET /api/v1/ 6.92ms
INF 2026-08-04T07:14:14.291Z > 200 GET /api/v1/ 6.15ms
INF 2026-08-04T07:14:14.298Z > 200 GET /api/v1/ 6.01ms
INF 2026-08-04T07:14:14.315Z > 200 GET /api/v1/ 6.19ms
INF 2026-08-04T07:14:14.327Z > 200 GET /api/v1/ 6.38ms
INF 2026-08-04T07:14:14.339Z > 200 GET /api/v1/ 6.64ms
INF 2026-08-04T07:14:14.347Z > 200 GET /api/v1/ 6.29ms
INF 2026-08-04T07:14:14.363Z > 200 GET /api/v1/ 6.17ms
INF 2026-08-04T07:14:14.377Z > 200 GET /api/v1/ 7.94ms
INF 2026-08-04T07:14:14.415Z > 200 GET /api/v1/ 34.53ms
INF 2026-08-04T07:14:14.449Z > 200 GET /api/v1/ 743.09ms
INF 2026-08-04T07:14:14.453Z > 200 GET /api/v1/ 729.43ms
INF 2026-08-04T07:14:14.460Z > 200 GET /api/v1/ 754.78ms
INF 2026-08-04T07:14:14.461Z > 200 GET /api/v1/ 556.1ms
INF 2026-08-04T07:14:14.467Z > 200 GET /api/v1/ 562.45ms
INF 2026-08-04T07:14:14.469Z > 200 GET /api/v1/ 534.31ms
INF 2026-08-04T07:14:14.470Z > 200 GET /api/v1/ 564.97ms
INF 2026-08-04T07:14:14.475Z > 200 GET /api/v1/ 687.42ms
INF 2026-08-04T07:14:14.480Z > 200 GET /api/v1/ 545.43ms
INF 2026-08-04T07:14:14.485Z > 200 GET /api/v1/ 549.72ms
INF 2026-08-04T07:14:14.486Z > 200 GET /api/v1/ 580.65ms
INF 2026-08-04T07:14:14.486Z > 200 GET /api/v1/ 700.7ms
INF 2026-08-04T07:14:14.490Z > 200 GET /api/v1/ 540.46ms
INF 2026-08-04T07:14:14.491Z > 200 GET /api/v1/ 555.65ms
INF 2026-08-04T07:14:14.492Z > 200 GET /api/v1/ 619.13ms
INF 2026-08-04T07:14:14.492Z > 200 GET /api/v1/ 587.41ms
INF 2026-08-04T07:14:14.562Z > 200 GET /api/v1/ 69.24ms
INF 2026-08-04T07:14:14.619Z > 200 GET /api/v1/ 14.14ms
INF 2026-08-04T07:14:14.632Z > 200 GET /api/v1/ 543.13ms
INF 2026-08-04T07:14:14.637Z > 200 GET /api/v1/ 544.28ms
INF 2026-08-04T07:14:14.640Z > 200 GET /api/v1/ 639.82ms
INF 2026-08-04T07:14:14.644Z > 200 GET /api/v1/ 619.78ms
INF 2026-08-04T07:14:14.648Z > 200 GET /api/v1/ 712.45ms
INF 2026-08-04T07:14:14.649Z > 200 GET /api/v1/ 704.75ms
INF 2026-08-04T07:14:14.650Z > 200 GET /api/v1/ 529.59ms
INF 2026-08-04T07:14:14.655Z > 200 GET /api/v1/ 719.96ms
INF 2026-08-04T07:14:14.656Z > 200 GET /api/v1/ 523.94ms
INF 2026-08-04T07:14:14.657Z > 200 GET /api/v1/ 548.34ms
INF 2026-08-04T07:14:14.657Z > 200 GET /api/v1/ 608.93ms
INF 2026-08-04T07:14:14.658Z > 200 GET /api/v1/ 785.37ms
INF 2026-08-04T07:14:14.663Z > 200 GET /api/v1/ 204.38ms
INF 2026-08-04T07:14:14.667Z > 200 GET /api/v1/ 6.79ms
INF 2026-08-04T07:14:14.693Z > 200 GET /api/v1/ 16.42ms
INF 2026-08-04T07:14:14.706Z > 200 GET /api/v1/ 11.66ms
INF 2026-08-04T07:14:14.709Z > 200 GET /api/v1/ 444.25ms
INF 2026-08-04T07:14:14.714Z > 200 GET /api/v1/ 156.2ms
INF 2026-08-04T07:14:14.716Z > 200 GET /api/v1/ 7.06ms
INF 2026-08-04T07:14:14.721Z > 200 GET /api/v1/ 163.83ms
INF 2026-08-04T07:14:14.725Z > 200 GET /api/v1/ 940.15ms
INF 2026-08-04T07:14:14.728Z > 200 GET /api/v1/ 170.32ms
INF 2026-08-04T07:14:14.730Z > 200 GET /api/v1/ 172.25ms
INF 2026-08-04T07:14:14.732Z > 200 GET /api/v1/ 235.99ms
INF 2026-08-04T07:14:14.744Z > 200 GET /api/v1/ 7.45ms
INF 2026-08-04T07:14:14.757Z > 200 GET /api/v1/ 8.72ms
INF 2026-08-04T07:14:14.773Z > 200 GET /api/v1/ 8.01ms
INF 2026-08-04T07:14:14.779Z > 200 GET /api/v1/ 6.49ms
INF 2026-08-04T07:14:14.791Z > 200 GET /api/v1/ 6.26ms
INF 2026-08-04T07:14:14.795Z > 200 GET /api/v1/ 1009.92ms
INF 2026-08-04T07:14:14.811Z > 200 GET /api/v1/ 9.23ms
INF 2026-08-04T07:14:14.825Z > 200 GET /api/v1/ 8.33ms
INF 2026-08-04T07:14:14.828Z > 200 GET /api/v1/ 270.21ms
INF 2026-08-04T07:14:14.833Z > 200 GET /api/v1/ 274.88ms
INF 2026-08-04T07:14:14.835Z > 200 GET /api/v1/ 277.01ms
INF 2026-08-04T07:14:14.839Z > 200 GET /api/v1/ 158.26ms
INF 2026-08-04T07:14:14.842Z > 200 GET /api/v1/ 8.88ms
INF 2026-08-04T07:14:14.847Z > 200 GET /api/v1/ 152.19ms
INF 2026-08-04T07:14:14.860Z > 200 GET /api/v1/ 7.08ms
INF 2026-08-04T07:14:14.864Z > 200 GET /api/v1/ 475.25ms
INF 2026-08-04T07:14:14.876Z > 200 GET /api/v1/ 7.22ms
INF 2026-08-04T07:14:14.879Z > 200 GET /api/v1/ 1263.5ms
INF 2026-08-04T07:14:14.889Z > 200 GET /api/v1/ 8.32ms
INF 2026-08-04T07:14:14.897Z > 200 GET /api/v1/ 7.83ms
INF 2026-08-04T07:14:14.908Z > 200 GET /api/v1/ 7.03ms
INF 2026-08-04T07:14:14.911Z > 200 GET /api/v1/ 142.35ms
INF 2026-08-04T07:14:14.919Z > 200 GET /api/v1/ 142.13ms
INF 2026-08-04T07:14:14.930Z > 200 GET /api/v1/ 8.52ms
INF 2026-08-04T07:14:14.939Z > 200 GET /api/v1/ 6.79ms
INF 2026-08-04T07:14:14.947Z > 200 GET /api/v1/ 6.55ms
INF 2026-08-04T07:14:14.952Z > 200 GET /api/v1/ 1367.3ms
INF 2026-08-04T07:14:14.956Z > 200 GET /api/v1/ 1539.24ms
INF 2026-08-04T07:14:14.959Z > 200 GET /api/v1/ 6.55ms
INF 2026-08-04T07:14:14.967Z > 200 GET /api/v1/ 6.95ms
INF 2026-08-04T07:14:14.979Z > 200 GET /api/v1/ 6.7ms
INF 2026-08-04T07:14:14.990Z > 200 GET /api/v1/ 9.62ms
INF 2026-08-04T07:14:15.006Z > 200 GET /api/v1/ 304.96ms
INF 2026-08-04T07:14:15.020Z > 200 GET /api/v1/ 29.63ms
INF 2026-08-04T07:14:15.054Z > 200 GET /api/v1/ 644.8ms
INF 2026-08-04T07:14:15.112Z > 200 GET /api/v1/ 243.49ms
INF 2026-08-04T07:14:15.113Z > 200 GET /api/v1/ 275.56ms
INF 2026-08-04T07:14:15.113Z > 200 GET /api/v1/ 204.64ms
INF 2026-08-04T07:14:15.131Z > 200 GET /api/v1/ 254.42ms
INF 2026-08-04T07:14:15.159Z > 200 GET /api/v1/ 1223.6ms
INF 2026-08-04T07:14:15.159Z > 200 GET /api/v1/ 1454.28ms
INF 2026-08-04T07:14:15.162Z > 200 GET /api/v1/ 461.64ms
INF 2026-08-04T07:14:15.163Z > 200 GET /api/v1/ 1377.5ms
INF 2026-08-04T07:14:15.163Z > 200 GET /api/v1/ 1258.36ms
INF 2026-08-04T07:14:15.164Z > 200 GET /api/v1/ 467.26ms
INF 2026-08-04T07:14:15.164Z > 200 GET /api/v1/ 1291.62ms
INF 2026-08-04T07:14:15.175Z > 200 GET /api/v1/ 1388.0ms
INF 2026-08-04T07:14:15.177Z > 200 GET /api/v1/ 1390.11ms
INF 2026-08-04T07:14:15.177Z > 200 GET /api/v1/ 1242.06ms
INF 2026-08-04T07:14:15.178Z > 200 GET /api/v1/ 1392.64ms
INF 2026-08-04T07:14:15.179Z > 200 GET /api/v1/ 1273.92ms
INF 2026-08-04T07:14:15.190Z > 200 GET /api/v1/ 1317.9ms
INF 2026-08-04T07:14:15.247Z > 200 GET /api/v1/ 362.51ms
INF 2026-08-04T07:14:15.251Z > 200 GET /api/v1/ 1464.83ms
INF 2026-08-04T07:14:15.251Z > 200 GET /api/v1/ 334.57ms
INF 2026-08-04T07:14:15.251Z > 200 GET /api/v1/ 1306.78ms
INF 2026-08-04T07:14:15.252Z > 200 GET /api/v1/ 1465.29ms
INF 2026-08-04T07:14:15.252Z > 200 GET /api/v1/ 1467.19ms
INF 2026-08-04T07:14:15.253Z > 200 GET /api/v1/ 1466.4ms
INF 2026-08-04T07:14:15.254Z > 200 GET /api/v1/ 1322.02ms
INF 2026-08-04T07:14:15.255Z > 200 GET /api/v1/ 1468.33ms
INF 2026-08-04T07:14:15.256Z > 200 GET /api/v1/ 379.51ms
INF 2026-08-04T07:14:15.271Z > 200 GET /api/v1/ 1336.52ms
INF 2026-08-04T07:14:15.272Z > 200 GET /api/v1/ 1399.54ms
INF 2026-08-04T07:14:15.272Z > 200 GET /api/v1/ 1323.03ms
INF 2026-08-04T07:14:15.273Z > 200 GET /api/v1/ 263.04ms
INF 2026-08-04T07:14:15.273Z > 200 GET /api/v1/ 1120.84ms
INF 2026-08-04T07:14:15.283Z > 200 GET /api/v1/ 1298.81ms
INF 2026-08-04T07:14:15.284Z > 200 GET /api/v1/ 1339.27ms
INF 2026-08-04T07:14:15.285Z > 200 GET /api/v1/ 282.29ms
INF 2026-08-04T07:14:15.299Z > 200 GET /api/v1/ 295.63ms
INF 2026-08-04T07:14:15.304Z > 200 GET /api/v1/ 1580.01ms
INF 2026-08-04T07:14:15.307Z > 200 GET /api/v1/ 145.57ms
INF 2026-08-04T07:14:15.309Z > 200 GET /api/v1/ 285.24ms
INF 2026-08-04T07:14:15.309Z > 200 GET /api/v1/ 1373.5ms
INF 2026-08-04T07:14:15.311Z > 200 GET /api/v1/ 276.99ms
INF 2026-08-04T07:14:15.312Z > 200 GET /api/v1/ 1376.32ms
INF 2026-08-04T07:14:15.316Z > 200 GET /api/v1/ 1529.01ms
INF 2026-08-04T07:14:15.324Z > 200 GET /api/v1/ 6.87ms
INF 2026-08-04T07:14:15.342Z > 200 GET /api/v1/ 12.81ms
INF 2026-08-04T07:14:15.350Z > 200 GET /api/v1/ 655.08ms
INF 2026-08-04T07:14:15.351Z > 200 GET /api/v1/ 1415.14ms
INF 2026-08-04T07:14:15.352Z > 200 GET /api/v1/ 7.55ms
INF 2026-08-04T07:14:15.360Z > 200 GET /api/v1/ 7.75ms
INF 2026-08-04T07:14:15.363Z > 200 GET /api/v1/ 805.04ms
INF 2026-08-04T07:14:15.366Z > 200 GET /api/v1/ 671.3ms
INF 2026-08-04T07:14:15.367Z > 200 GET /api/v1/ 1660.9ms
INF 2026-08-04T07:14:15.367Z > 200 GET /api/v1/ 1431.78ms
INF 2026-08-04T07:14:15.382Z > 200 GET /api/v1/ 312.06ms
INF 2026-08-04T07:14:15.391Z > 200 GET /api/v1/ 6.63ms
INF 2026-08-04T07:14:15.399Z > 200 GET /api/v1/ 6.81ms
INF 2026-08-04T07:14:15.407Z > 200 GET /api/v1/ 6.67ms
INF 2026-08-04T07:14:15.412Z > 200 GET /api/v1/ 711.01ms
INF 2026-08-04T07:14:15.415Z > 200 GET /api/v1/ 6.19ms
INF 2026-08-04T07:14:15.419Z > 200 GET /api/v1/ 6.8ms
INF 2026-08-04T07:14:15.431Z > 200 GET /api/v1/ 6.91ms
INF 2026-08-04T07:14:15.439Z > 200 GET /api/v1/ 6.91ms
INF 2026-08-04T07:14:15.448Z > 200 GET /api/v1/ 7.05ms
INF 2026-08-04T07:14:15.455Z > 200 GET /api/v1/ 6.12ms
INF 2026-08-04T07:14:15.464Z > 200 GET /api/v1/ 7.07ms
INF 2026-08-04T07:14:15.466Z > 200 GET /api/v1/ 908.36ms
INF 2026-08-04T07:14:15.480Z > 200 GET /api/v1/ 6.97ms
INF 2026-08-04T07:14:15.491Z > 200 GET /api/v1/ 6.67ms
INF 2026-08-04T07:14:15.500Z > 200 GET /api/v1/ 7.26ms
INF 2026-08-04T07:14:15.507Z > 200 GET /api/v1/ 6.71ms
INF 2026-08-04T07:14:15.515Z > 200 GET /api/v1/ 6.72ms
INF 2026-08-04T07:14:15.531Z > 200 GET /api/v1/ 8.66ms
INF 2026-08-04T07:14:15.544Z > 200 GET /api/v1/ 7.99ms
INF 2026-08-04T07:14:15.550Z > 200 GET /api/v1/ 253.82ms
INF 2026-08-04T07:14:15.555Z > 200 GET /api/v1/ 234.05ms
INF 2026-08-04T07:14:15.558Z > 200 GET /api/v1/ 165.51ms
INF 2026-08-04T07:14:15.561Z > 200 GET /api/v1/ 260.6ms
INF 2026-08-04T07:14:15.569Z > 200 GET /api/v1/ 176.72ms
INF 2026-08-04T07:14:15.574Z > 200 GET /api/v1/ 324.39ms
INF 2026-08-04T07:14:15.579Z > 200 GET /api/v1/ 249.56ms
INF 2026-08-04T07:14:15.606Z > 200 GET /api/v1/ 196.9ms
INF 2026-08-04T07:14:15.614Z > 200 GET /api/v1/ 7.83ms
INF 2026-08-04T07:14:15.618Z > 200 GET /api/v1/ 1683.16ms
INF 2026-08-04T07:14:15.623Z > 200 GET /api/v1/ 1687.52ms
INF 2026-08-04T07:14:15.626Z > 200 GET /api/v1/ 293.78ms
INF 2026-08-04T07:14:15.629Z > 200 GET /api/v1/ 1723.66ms
INF 2026-08-04T07:14:15.631Z > 200 GET /api/v1/ 1758.86ms
INF 2026-08-04T07:14:15.632Z > 200 GET /api/v1/ 1926.96ms
INF 2026-08-04T07:14:15.655Z > 200 GET /api/v1/ 6.41ms
INF 2026-08-04T07:14:15.662Z > 200 GET /api/v1/ 1956.35ms
INF 2026-08-04T07:14:15.671Z > 200 GET /api/v1/ 6.7ms
INF 2026-08-04T07:14:15.681Z > 200 GET /api/v1/ 8.28ms
INF 2026-08-04T07:14:15.685Z > 200 GET /api/v1/ 1980.28ms
INF 2026-08-04T07:14:15.744Z > 200 GET /api/v1/ 43.84ms
INF 2026-08-04T07:14:15.754Z > 200 GET /api/v1/ 2029.58ms
INF 2026-08-04T07:14:15.758Z > 200 GET /api/v1/ 2052.62ms
INF 2026-08-04T07:14:15.762Z > 200 GET /api/v1/ 1976.82ms
INF 2026-08-04T07:14:15.766Z > 200 GET /api/v1/ 1831.26ms
INF 2026-08-04T07:14:15.771Z > 200 GET /api/v1/ 1984.89ms
INF 2026-08-04T07:14:15.846Z > 200 GET /api/v1/ 731.25ms
INF 2026-08-04T07:14:15.848Z > 200 GET /api/v1/ 1755.72ms
INF 2026-08-04T07:14:15.853Z > 200 GET /api/v1/ 1908.54ms
INF 2026-08-04T07:14:15.917Z > 200 GET /api/v1/ 2045.15ms
INF 2026-08-04T07:14:15.921Z > 200 GET /api/v1/ 1163.94ms
INF 2026-08-04T07:14:15.921Z > 200 GET /api/v1/ 1985.45ms
INF 2026-08-04T07:14:15.921Z > 200 GET /api/v1/ 1986.49ms
INF 2026-08-04T07:14:15.932Z > 200 GET /api/v1/ 1996.93ms
INF 2026-08-04T07:14:15.935Z > 200 GET /api/v1/ 145.7ms
INF 2026-08-04T07:14:15.937Z > 200 GET /api/v1/ 2064.08ms
INF 2026-08-04T07:14:15.980Z > 200 GET /api/v1/ 381.99ms
INF 2026-08-04T07:14:15.980Z > 200 GET /api/v1/ 433.34ms
INF 2026-08-04T07:14:15.981Z > 200 GET /api/v1/ 2045.1ms
INF 2026-08-04T07:14:15.996Z > 200 GET /api/v1/ 2272.04ms
INF 2026-08-04T07:14:15.996Z > 200 GET /api/v1/ 2123.79ms
INF 2026-08-04T07:14:15.997Z > 200 GET /api/v1/ 2092.0ms
INF 2026-08-04T07:14:16.000Z > 200 GET /api/v1/ 2213.37ms
INF 2026-08-04T07:14:16.000Z > 200 GET /api/v1/ 2213.84ms
INF 2026-08-04T07:14:16.010Z > 200 GET /api/v1/ 2304.59ms
INF 2026-08-04T07:14:16.016Z > 200 GET /api/v1/ 2229.05ms
INF 2026-08-04T07:14:16.021Z > 200 GET /api/v1/ 1463.03ms
INF 2026-08-04T07:14:16.021Z > 200 GET /api/v1/ 771.16ms
INF 2026-08-04T07:14:16.025Z > 200 GET /api/v1/ 2120.33ms
INF 2026-08-04T07:14:16.026Z > 200 GET /api/v1/ 2290.44ms
INF 2026-08-04T07:14:16.026Z > 200 GET /api/v1/ 1077.58ms
INF 2026-08-04T07:14:16.027Z > 200 GET /api/v1/ 709.14ms
INF 2026-08-04T07:14:16.029Z > 200 GET /api/v1/ 2093.98ms
INF 2026-08-04T07:14:16.030Z > 200 GET /api/v1/ 2243.69ms
INF 2026-08-04T07:14:16.041Z > 200 GET /api/v1/ 468.7ms
INF 2026-08-04T07:14:16.042Z > 200 GET /api/v1/ 20.73ms
INF 2026-08-04T07:14:16.044Z > 200 GET /api/v1/ 1598.27ms
INF 2026-08-04T07:14:16.044Z > 200 GET /api/v1/ 339.65ms
INF 2026-08-04T07:14:16.045Z > 200 GET /api/v1/ 230.55ms
INF 2026-08-04T07:14:16.046Z > 200 GET /api/v1/ 16.84ms
INF 2026-08-04T07:14:16.074Z > 200 GET /api/v1/ 413.65ms
INF 2026-08-04T07:14:16.079Z > 200 GET /api/v1/ 722.91ms
INF 2026-08-04T07:14:16.083Z > 200 GET /api/v1/ 1525.26ms
INF 2026-08-04T07:14:16.087Z > 200 GET /api/v1/ 1529.46ms
INF 2026-08-04T07:14:16.098Z > 200 GET /api/v1/ 9.69ms
INF 2026-08-04T07:14:16.101Z > 200 GET /api/v1/ 1543.09ms
INF 2026-08-04T07:14:16.107Z > 200 GET /api/v1/ 1549.36ms
INF 2026-08-04T07:14:16.116Z > 200 GET /api/v1/ 196.9ms
INF 2026-08-04T07:14:16.124Z > 200 GET /api/v1/ 7.67ms
INF 2026-08-04T07:14:16.127Z > 200 GET /api/v1/ 208.14ms
INF 2026-08-04T07:14:16.128Z > 200 GET /api/v1/ 827.01ms
INF 2026-08-04T07:14:16.143Z > 200 GET /api/v1/ 11.7ms
INF 2026-08-04T07:14:16.153Z > 200 GET /api/v1/ 8.65ms
INF 2026-08-04T07:14:16.157Z > 200 GET /api/v1/ 1461.91ms
INF 2026-08-04T07:14:16.159Z > 200 GET /api/v1/ 998.28ms
INF 2026-08-04T07:14:16.161Z > 200 GET /api/v1/ 984.55ms
INF 2026-08-04T07:14:16.165Z > 200 GET /api/v1/ 1458.18ms
INF 2026-08-04T07:14:16.173Z > 200 GET /api/v1/ 8.04ms
INF 2026-08-04T07:14:16.191Z > 200 GET /api/v1/ 6.06ms
INF 2026-08-04T07:14:16.194Z > 200 GET /api/v1/ 456.29ms
INF 2026-08-04T07:14:16.198Z > 200 GET /api/v1/ 40.89ms
INF 2026-08-04T07:14:16.210Z > 200 GET /api/v1/ 9.18ms
INF 2026-08-04T07:14:16.225Z > 200 GET /api/v1/ 8.26ms
INF 2026-08-04T07:14:16.233Z > 200 GET /api/v1/ 1532.86ms
INF 2026-08-04T07:14:16.239Z > 200 GET /api/v1/ 196.48ms
INF 2026-08-04T07:14:16.248Z > 200 GET /api/v1/ 7.69ms
INF 2026-08-04T07:14:16.252Z > 200 GET /api/v1/ 194.95ms
INF 2026-08-04T07:14:16.257Z > 200 GET /api/v1/ 184.3ms
INF 2026-08-04T07:14:16.259Z > 200 GET /api/v1/ 6.14ms
INF 2026-08-04T07:14:16.276Z > 200 GET /api/v1/ 7.13ms
INF 2026-08-04T07:14:16.283Z > 200 GET /api/v1/ 5.99ms
INF 2026-08-04T07:14:16.286Z > 200 GET /api/v1/ 1219.96ms
INF 2026-08-04T07:14:16.298Z > 200 GET /api/v1/ 9.1ms
INF 2026-08-04T07:14:16.307Z > 200 GET /api/v1/ 6.66ms
INF 2026-08-04T07:14:16.319Z > 200 GET /api/v1/ 1325.34ms
INF 2026-08-04T07:14:16.327Z > 200 GET /api/v1/ 974.15ms
INF 2026-08-04T07:14:16.339Z > 200 GET /api/v1/ 10.17ms
INF 2026-08-04T07:14:16.347Z > 200 GET /api/v1/ 6.84ms
INF 2026-08-04T07:14:16.351Z > 200 GET /api/v1/ 1598.75ms
INF 2026-08-04T07:14:16.354Z > 200 GET /api/v1/ 1597.98ms
INF 2026-08-04T07:14:16.357Z > 200 GET /api/v1/ 1588.28ms
INF 2026-08-04T07:14:16.361Z > 200 GET /api/v1/ 1540.64ms
INF 2026-08-04T07:14:16.363Z > 200 GET /api/v1/ 277.88ms
INF 2026-08-04T07:14:16.377Z > 200 GET /api/v1/ 6.53ms
INF 2026-08-04T07:14:16.395Z > 200 GET /api/v1/ 14.41ms
INF 2026-08-04T07:14:16.404Z > 200 GET /api/v1/ 899.49ms
INF 2026-08-04T07:14:16.412Z > 200 GET /api/v1/ 1047.54ms
INF 2026-08-04T07:14:16.418Z > 200 GET /api/v1/ 13.3ms
INF 2026-08-04T07:14:16.439Z > 200 GET /api/v1/ 298.09ms
INF 2026-08-04T07:14:16.454Z > 200 GET /api/v1/ 221.17ms
INF 2026-08-04T07:14:16.466Z > 200 GET /api/v1/ 869.04ms
INF 2026-08-04T07:14:16.467Z > 200 GET /api/v1/ 141.44ms
INF 2026-08-04T07:14:16.471Z > 200 GET /api/v1/ 154.36ms
INF 2026-08-04T07:14:16.471Z > 200 GET /api/v1/ 234.81ms
INF 2026-08-04T07:14:16.559Z > 200 GET /api/v1/ 350.8ms
INF 2026-08-04T07:14:16.565Z > 200 GET /api/v1/ 284.37ms
INF 2026-08-04T07:14:16.565Z > 200 GET /api/v1/ 98.42ms
INF 2026-08-04T07:14:16.575Z > 200 GET /api/v1/ 1277.75ms
INF 2026-08-04T07:14:16.605Z > 200 GET /api/v1/ 1256.54ms
INF 2026-08-04T07:14:16.687Z > 200 GET /api/v1/ 385.99ms
INF 2026-08-04T07:14:16.733Z > 200 GET /api/v1/ 1139.12ms
INF 2026-08-04T07:14:16.733Z > 200 GET /api/v1/ 384.05ms
INF 2026-08-04T07:14:16.755Z > 200 GET /api/v1/ 1202.13ms
INF 2026-08-04T07:14:16.769Z > 200 GET /api/v1/ 1416.02ms
INF 2026-08-04T07:14:16.799Z > 200 GET /api/v1/ 1446.77ms
INF 2026-08-04T07:14:16.830Z > 200 GET /api/v1/ 534.96ms
INF 2026-08-04T07:14:16.911Z > 200 GET /api/v1/ 1750.03ms
INF 2026-08-04T07:14:16.921Z > 200 GET /api/v1/ 715.03ms
INF 2026-08-04T07:14:16.921Z > 200 GET /api/v1/ 953.73ms
INF 2026-08-04T07:14:16.936Z > 200 GET /api/v1/ 968.52ms
INF 2026-08-04T07:14:16.937Z > 200 GET /api/v1/ 816.09ms
INF 2026-08-04T07:14:16.937Z > 200 GET /api/v1/ 1264.15ms
INF 2026-08-04T07:14:16.938Z > 200 GET /api/v1/ 811.69ms
INF 2026-08-04T07:14:16.945Z > 200 GET /api/v1/ 1648.24ms
INF 2026-08-04T07:14:16.947Z > 200 GET /api/v1/ 1697.01ms
INF 2026-08-04T07:14:16.951Z > 200 GET /api/v1/ 1634.18ms
INF 2026-08-04T07:14:16.954Z > 200 GET /api/v1/ 486.38ms
INF 2026-08-04T07:14:16.956Z > 200 GET /api/v1/ 1141.58ms
INF 2026-08-04T07:14:16.956Z > 200 GET /api/v1/ 913.85ms
INF 2026-08-04T07:14:16.960Z > 200 GET /api/v1/ 1145.33ms
INF 2026-08-04T07:14:16.962Z > 200 GET /api/v1/ 1138.3ms
INF 2026-08-04T07:14:16.968Z > 200 GET /api/v1/ 1647.12ms
INF 2026-08-04T07:14:16.971Z > 200 GET /api/v1/ 1358.69ms
INF 2026-08-04T07:14:16.972Z > 200 GET /api/v1/ 1722.33ms
INF 2026-08-04T07:14:16.973Z > 200 GET /api/v1/ 1243.49ms
INF 2026-08-04T07:14:16.974Z > 200 GET /api/v1/ 1621.1ms
INF 2026-08-04T07:14:16.975Z > 200 GET /api/v1/ 826.81ms
INF 2026-08-04T07:14:17.046Z > 200 GET /api/v1/ 1641.76ms
INF 2026-08-04T07:14:17.047Z > 200 GET /api/v1/ 1232.5ms
INF 2026-08-04T07:14:17.047Z > 200 GET /api/v1/ 962.31ms
INF 2026-08-04T07:14:17.054Z > 200 GET /api/v1/ 649.6ms
INF 2026-08-04T07:14:17.067Z > 200 GET /api/v1/ 1460.78ms
INF 2026-08-04T07:14:17.067Z > 200 GET /api/v1/ 1817.05ms
INF 2026-08-04T07:14:17.067Z > 200 GET /api/v1/ 982.55ms
INF 2026-08-04T07:14:17.068Z > 200 GET /api/v1/ 618.75ms
INF 2026-08-04T07:14:17.069Z > 200 GET /api/v1/ 980.03ms
INF 2026-08-04T07:14:17.069Z > 200 GET /api/v1/ 1356.47ms
INF 2026-08-04T07:14:17.070Z > 200 GET /api/v1/ 1012.97ms
INF 2026-08-04T07:14:17.072Z > 200 GET /api/v1/ 1088.28ms
INF 2026-08-04T07:14:17.075Z > 200 GET /api/v1/ 1001.77ms
INF 2026-08-04T07:14:17.075Z > 200 GET /api/v1/ 878.56ms
INF 2026-08-04T07:14:17.076Z > 200 GET /api/v1/ 1825.87ms
INF 2026-08-04T07:14:17.076Z > 200 GET /api/v1/ 715.34ms
INF 2026-08-04T07:14:17.076Z > 200 GET /api/v1/ 1826.41ms
INF 2026-08-04T07:14:17.077Z > 200 GET /api/v1/ 1780.47ms
INF 2026-08-04T07:14:17.078Z > 200 GET /api/v1/ 1828.08ms
INF 2026-08-04T07:14:17.079Z > 200 GET /api/v1/ 1781.84ms
INF 2026-08-04T07:14:17.087Z > 200 GET /api/v1/ 1426.43ms
INF 2026-08-04T07:14:17.088Z > 200 GET /api/v1/ 1791.14ms
INF 2026-08-04T07:14:17.092Z > 200 GET /api/v1/ 1842.29ms
INF 2026-08-04T07:14:17.092Z > 200 GET /api/v1/ 1842.82ms
INF 2026-08-04T07:14:17.093Z > 200 GET /api/v1/ 1684.11ms
INF 2026-08-04T07:14:17.093Z > 200 GET /api/v1/ 1020.27ms
INF 2026-08-04T07:14:17.094Z > 200 GET /api/v1/ 1173.89ms
INF 2026-08-04T07:14:17.103Z > 200 GET /api/v1/ 1802.54ms
INF 2026-08-04T07:14:17.104Z > 200 GET /api/v1/ 1853.87ms
INF 2026-08-04T07:14:17.104Z > 200 GET /api/v1/ 1643.56ms
INF 2026-08-04T07:14:17.109Z > 200 GET /api/v1/ 1128.48ms
INF 2026-08-04T07:14:17.119Z > 200 GET /api/v1/ 557.48ms
INF 2026-08-04T07:14:17.119Z > 200 GET /api/v1/ 726.83ms
INF 2026-08-04T07:14:17.120Z > 200 GET /api/v1/ 1447.09ms
INF 2026-08-04T07:14:17.120Z > 200 GET /api/v1/ 1047.29ms
INF 2026-08-04T07:14:17.121Z > 200 GET /api/v1/ 1047.73ms
INF 2026-08-04T07:14:17.121Z > 200 GET /api/v1/ 1078.71ms
INF 2026-08-04T07:14:17.122Z > 200 GET /api/v1/ 725.06ms
INF 2026-08-04T07:14:17.122Z > 200 GET /api/v1/ 561.38ms
INF 2026-08-04T07:14:17.123Z > 200 GET /api/v1/ 439.55ms
INF 2026-08-04T07:14:17.200Z > 200 GET /api/v1/ 810.46ms
INF 2026-08-04T07:14:17.201Z > 200 GET /api/v1/ 1232.87ms
INF 2026-08-04T07:14:17.203Z > 200 GET /api/v1/ 1953.75ms
INF 2026-08-04T07:14:17.204Z > 200 GET /api/v1/ 1954.13ms
INF 2026-08-04T07:14:17.214Z > 200 GET /api/v1/ 793.5ms
INF 2026-08-04T07:14:17.215Z > 200 GET /api/v1/ 1172.19ms
INF 2026-08-04T07:14:17.215Z > 200 GET /api/v1/ 812.94ms
INF 2026-08-04T07:14:17.216Z > 200 GET /api/v1/ 732.51ms
INF 2026-08-04T07:14:17.216Z > 200 GET /api/v1/ 1015.41ms
INF 2026-08-04T07:14:17.216Z > 200 GET /api/v1/ 655.53ms
INF 2026-08-04T07:14:17.217Z > 200 GET /api/v1/ 655.31ms
INF 2026-08-04T07:14:17.217Z > 200 GET /api/v1/ 1249.58ms
INF 2026-08-04T07:14:17.218Z > 200 GET /api/v1/ 1917.3ms
INF 2026-08-04T07:14:17.218Z > 200 GET /api/v1/ 1593.66ms
INF 2026-08-04T07:14:17.219Z > 200 GET /api/v1/ 1658.06ms
INF 2026-08-04T07:14:17.219Z > 200 GET /api/v1/ 1197.82ms
INF 2026-08-04T07:14:17.219Z > 200 GET /api/v1/ 1050.35ms
INF 2026-08-04T07:14:17.228Z > 200 GET /api/v1/ 1246.97ms
INF 2026-08-04T07:14:17.229Z > 200 GET /api/v1/ 1186.12ms
INF 2026-08-04T07:14:17.229Z > 200 GET /api/v1/ 1059.83ms
INF 2026-08-04T07:14:17.229Z > 200 GET /api/v1/ 546.02ms
INF 2026-08-04T07:14:17.230Z > 200 GET /api/v1/ 669.48ms
INF 2026-08-04T07:14:17.231Z > 200 GET /api/v1/ 1157.66ms
INF 2026-08-04T07:14:17.231Z > 200 GET /api/v1/ 1146.22ms
INF 2026-08-04T07:14:17.232Z > 200 GET /api/v1/ 793.91ms
INF 2026-08-04T07:14:17.232Z > 200 GET /api/v1/ 1611.96ms
INF 2026-08-04T07:14:17.246Z > 200 GET /api/v1/ 1173.0ms
INF 2026-08-04T07:14:17.246Z > 200 GET /api/v1/ 1173.86ms
INF 2026-08-04T07:14:17.336Z > 200 GET /api/v1/ 729.26ms
INF 2026-08-04T07:14:17.337Z > 200 GET /api/v1/ 1664.21ms
INF 2026-08-04T07:14:17.338Z > 200 GET /api/v1/ 216.08ms
INF 2026-08-04T07:14:17.461Z > 200 GET /api/v1/ 122.83ms
INF 2026-08-04T07:14:17.461Z > 200 GET /api/v1/ 395.45ms
INF 2026-08-04T07:14:17.467Z > 200 GET /api/v1/ 401.14ms
INF 2026-08-04T07:14:17.472Z > 200 GET /api/v1/ 350.81ms
INF 2026-08-04T07:14:17.473Z > 200 GET /api/v1/ 580.14ms
INF 2026-08-04T07:14:17.475Z > 200 GET /api/v1/ 662.96ms
INF 2026-08-04T07:14:17.476Z > 200 GET /api/v1/ 491.39ms
INF 2026-08-04T07:14:17.480Z > 200 GET /api/v1/ 414.2ms
INF 2026-08-04T07:14:17.480Z > 200 GET /api/v1/ 511.66ms
INF 2026-08-04T07:14:17.485Z > 200 GET /api/v1/ 420.16ms
INF 2026-08-04T07:14:17.486Z > 200 GET /api/v1/ 440.76ms
INF 2026-08-04T07:14:17.487Z > 200 GET /api/v1/ 420.94ms
INF 2026-08-04T07:14:17.487Z > 200 GET /api/v1/ 534.35ms
INF 2026-08-04T07:14:17.489Z > 200 GET /api/v1/ 423.38ms
INF 2026-08-04T07:14:17.490Z > 200 GET /api/v1/ 424.2ms
INF 2026-08-04T07:14:17.491Z > 200 GET /api/v1/ 506.85ms
INF 2026-08-04T07:14:17.492Z > 200 GET /api/v1/ 739.42ms
INF 2026-08-04T07:14:17.493Z > 200 GET /api/v1/ 427.05ms
INF 2026-08-04T07:14:17.494Z > 200 GET /api/v1/ 428.79ms
INF 2026-08-04T07:14:17.496Z > 200 GET /api/v1/ 405.01ms
INF 2026-08-04T07:14:17.496Z > 200 GET /api/v1/ 430.91ms
INF 2026-08-04T07:14:17.497Z > 200 GET /api/v1/ 695.32ms
INF 2026-08-04T07:14:17.504Z > 200 GET /api/v1/ 535.15ms
INF 2026-08-04T07:14:17.508Z > 200 GET /api/v1/ 442.06ms
INF 2026-08-04T07:14:17.511Z > 200 GET /api/v1/ 420.2ms
INF 2026-08-04T07:14:17.513Z > 200 GET /api/v1/ 605.36ms
INF 2026-08-04T07:14:17.524Z > 200 GET /api/v1/ 458.1ms
INF 2026-08-04T07:14:17.540Z > 200 GET /api/v1/ 7.15ms
INF 2026-08-04T07:14:17.548Z > 200 GET /api/v1/ 7.52ms
INF 2026-08-04T07:14:17.552Z > 200 GET /api/v1/ 430.74ms
INF 2026-08-04T07:14:17.556Z > 200 GET /api/v1/ 354.54ms
INF 2026-08-04T07:14:17.564Z > 200 GET /api/v1/ 7.14ms
INF 2026-08-04T07:14:17.572Z > 200 GET /api/v1/ 7.56ms
INF 2026-08-04T07:14:17.588Z > 200 GET /api/v1/ 7.31ms
INF 2026-08-04T07:14:17.595Z > 200 GET /api/v1/ 6.47ms
INF 2026-08-04T07:14:17.603Z > 200 GET /api/v1/ 6.83ms
INF 2026-08-04T07:14:17.612Z > 200 GET /api/v1/ 7.37ms
INF 2026-08-04T07:14:17.619Z > 200 GET /api/v1/ 6.79ms
INF 2026-08-04T07:14:17.635Z > 200 GET /api/v1/ 6.74ms
INF 2026-08-04T07:14:17.647Z > 200 GET /api/v1/ 6.59ms
INF 2026-08-04T07:14:17.663Z > 200 GET /api/v1/ 6.83ms
INF 2026-08-04T07:14:17.685Z > 200 GET /api/v1/ 8.49ms
INF 2026-08-04T07:14:17.705Z > 200 GET /api/v1/ 11.76ms
INF 2026-08-04T07:14:17.717Z > 200 GET /api/v1/ 7.97ms
INF 2026-08-04T07:14:17.721Z > 200 GET /api/v1/ 382.92ms
INF 2026-08-04T07:14:17.725Z > 200 GET /api/v1/ 478.5ms
INF 2026-08-04T07:14:17.731Z > 200 GET /api/v1/ 484.27ms
INF 2026-08-04T07:14:17.735Z > 200 GET /api/v1/ 396.48ms
INF 2026-08-04T07:14:17.756Z > 200 GET /api/v1/ 7.91ms
INF 2026-08-04T07:14:17.760Z > 200 GET /api/v1/ 421.68ms
INF 2026-08-04T07:14:17.764Z > 200 GET /api/v1/ 425.83ms
INF 2026-08-04T07:14:17.771Z > 200 GET /api/v1/ 6.89ms
INF 2026-08-04T07:14:17.774Z > 200 GET /api/v1/ 436.03ms
INF 2026-08-04T07:14:17.784Z > 200 GET /api/v1/ 7.27ms
INF 2026-08-04T07:14:17.849Z > 200 GET /api/v1/ 510.39ms
INF 2026-08-04T07:14:17.863Z > 200 GET /api/v1/ 650.01ms
INF 2026-08-04T07:14:17.865Z > 200 GET /api/v1/ 652.49ms
INF 2026-08-04T07:14:18.797Z > 200 GET /api/v1/ 11.52ms
INF 2026-08-04T07:14:18.803Z > 200 GET /api/v1/ 826.56ms
INF 2026-08-04T07:14:18.847Z > 200 GET /api/v1/ 597.83ms
INF 2026-08-04T07:14:18.848Z > 200 GET /api/v1/ 51.22ms
INF 2026-08-04T07:14:18.869Z > 200 GET /api/v1/ 15.64ms
INF 2026-08-04T07:14:18.878Z > 200 GET /api/v1/ 754.74ms
INF 2026-08-04T07:14:18.891Z > 200 GET /api/v1/ 1246.44ms
INF 2026-08-04T07:14:18.893Z > 200 GET /api/v1/ 337.78ms
INF 2026-08-04T07:14:18.896Z > 200 GET /api/v1/ 771.84ms
INF 2026-08-04T07:14:18.902Z > 200 GET /api/v1/ 6.4ms
INF 2026-08-04T07:14:18.918Z > 200 GET /api/v1/ 6.45ms
INF 2026-08-04T07:14:18.921Z > 200 GET /api/v1/ 670.9ms
INF 2026-08-04T07:14:18.933Z > 200 GET /api/v1/ 5.8ms
INF 2026-08-04T07:14:18.946Z > 200 GET /api/v1/ 6.66ms
INF 2026-08-04T07:14:18.972Z > 200 GET /api/v1/ 22.5ms
INF 2026-08-04T07:14:18.977Z > 200 GET /api/v1/ 853.76ms
INF 2026-08-04T07:14:18.984Z > 200 GET /api/v1/ 540.53ms
INF 2026-08-04T07:14:18.987Z > 200 GET /api/v1/ 555.23ms
INF 2026-08-04T07:14:18.990Z > 200 GET /api/v1/ 832.11ms
INF 2026-08-04T07:14:18.992Z > 200 GET /api/v1/ 868.39ms
INF 2026-08-04T07:14:18.996Z > 200 GET /api/v1/ 872.3ms
INF 2026-08-04T07:14:19.001Z > 200 GET /api/v1/ 557.15ms
INF 2026-08-04T07:14:19.005Z > 200 GET /api/v1/ 755.62ms
INF 2026-08-04T07:14:19.027Z > 200 GET /api/v1/ 7.19ms
INF 2026-08-04T07:14:19.031Z > 200 GET /api/v1/ 599.35ms
INF 2026-08-04T07:14:19.035Z > 200 GET /api/v1/ 785.84ms
INF 2026-08-04T07:14:19.039Z > 200 GET /api/v1/ 6.91ms
INF 2026-08-04T07:14:19.039Z > 200 GET /api/v1/ 591.26ms
INF 2026-08-04T07:14:19.044Z > 200 GET /api/v1/ 794.55ms
INF 2026-08-04T07:14:19.047Z > 200 GET /api/v1/ 6.84ms
INF 2026-08-04T07:14:19.056Z > 200 GET /api/v1/ 8.13ms
INF 2026-08-04T07:14:19.079Z > 200 GET /api/v1/ 7.33ms
INF 2026-08-04T07:14:19.086Z > 200 GET /api/v1/ 6.39ms
INF 2026-08-04T07:14:19.095Z > 200 GET /api/v1/ 7.14ms
INF 2026-08-04T07:14:19.131Z > 200 GET /api/v1/ 29.97ms
INF 2026-08-04T07:14:19.135Z > 200 GET /api/v1/ 687.59ms
INF 2026-08-04T07:14:19.141Z > 200 GET /api/v1/ 693.29ms
INF 2026-08-04T07:14:19.143Z > 200 GET /api/v1/ 7.08ms
INF 2026-08-04T07:14:19.148Z > 200 GET /api/v1/ 348.1ms
INF 2026-08-04T07:14:19.149Z > 200 GET /api/v1/ 705.37ms
INF 2026-08-04T07:14:19.153Z > 200 GET /api/v1/ 835.12ms
INF 2026-08-04T07:14:19.154Z > 200 GET /api/v1/ 702.62ms
INF 2026-08-04T07:14:19.155Z > 200 GET /api/v1/ 723.74ms
INF 2026-08-04T07:14:19.162Z > 200 GET /api/v1/ 242.69ms
INF 2026-08-04T07:14:19.163Z > 200 GET /api/v1/ 235.26ms
INF 2026-08-04T07:14:19.163Z > 200 GET /api/v1/ 193.61ms
INF 2026-08-04T07:14:19.175Z > 200 GET /api/v1/ 143.24ms
INF 2026-08-04T07:14:19.187Z > 200 GET /api/v1/ 11.37ms
INF 2026-08-04T07:14:19.211Z > 200 GET /api/v1/ 15.75ms
INF 2026-08-04T07:14:19.213Z > 200 GET /api/v1/ 173.74ms
INF 2026-08-04T07:14:19.214Z > 200 GET /api/v1/ 783.38ms
INF 2026-08-04T07:14:19.216Z > 200 GET /api/v1/ 1091.87ms
INF 2026-08-04T07:14:19.218Z > 200 GET /api/v1/ 225.93ms
INF 2026-08-04T07:14:19.219Z > 200 GET /api/v1/ 187.03ms
INF 2026-08-04T07:14:19.223Z > 200 GET /api/v1/ 7.36ms
INF 2026-08-04T07:14:19.227Z > 200 GET /api/v1/ 179.22ms
INF 2026-08-04T07:14:19.234Z > 200 GET /api/v1/ 6.66ms
INF 2026-08-04T07:14:19.258Z > 200 GET /api/v1/ 6.28ms
INF 2026-08-04T07:14:19.306Z > 200 GET /api/v1/ 286.54ms
INF 2026-08-04T07:14:19.315Z > 200 GET /api/v1/ 8.95ms
INF 2026-08-04T07:14:19.328Z > 200 GET /api/v1/ 144.12ms
INF 2026-08-04T07:14:19.331Z > 200 GET /api/v1/ 135.57ms
INF 2026-08-04T07:14:19.336Z > 200 GET /api/v1/ 132.01ms
INF 2026-08-04T07:14:19.337Z > 200 GET /api/v1/ 257.33ms
INF 2026-08-04T07:14:19.341Z > 200 GET /api/v1/ 555.67ms
INF 2026-08-04T07:14:19.341Z > 200 GET /api/v1/ 261.59ms
INF 2026-08-04T07:14:19.343Z > 200 GET /api/v1/ 158.77ms
INF 2026-08-04T07:14:19.357Z > 200 GET /api/v1/ 8.91ms
INF 2026-08-04T07:14:19.363Z > 200 GET /api/v1/ 6.23ms
INF 2026-08-04T07:14:19.373Z > 200 GET /api/v1/ 117.25ms
INF 2026-08-04T07:14:19.383Z > 200 GET /api/v1/ 261.08ms
INF 2026-08-04T07:14:19.397Z > 200 GET /api/v1/ 12.81ms
INF 2026-08-04T07:14:19.416Z > 200 GET /api/v1/ 16.21ms
INF 2026-08-04T07:14:19.422Z > 200 GET /api/v1/ 1756.54ms
INF 2026-08-04T07:14:19.426Z > 200 GET /api/v1/ 150.61ms
INF 2026-08-04T07:14:19.426Z > 200 GET /api/v1/ 295.03ms
INF 2026-08-04T07:14:19.427Z > 200 GET /api/v1/ 1610.19ms
INF 2026-08-04T07:14:19.428Z > 200 GET /api/v1/ 152.49ms
INF 2026-08-04T07:14:19.428Z > 200 GET /api/v1/ 172.29ms
INF 2026-08-04T07:14:19.458Z > 200 GET /api/v1/ 184.27ms
INF 2026-08-04T07:14:19.474Z > 200 GET /api/v1/ 198.77ms
INF 2026-08-04T07:14:19.475Z > 200 GET /api/v1/ 387.35ms
INF 2026-08-04T07:14:19.481Z > 200 GET /api/v1/ 1231.75ms
INF 2026-08-04T07:14:19.488Z > 200 GET /api/v1/ 1375.11ms
INF 2026-08-04T07:14:19.488Z > 200 GET /api/v1/ 1375.63ms
INF 2026-08-04T07:14:19.492Z > 200 GET /api/v1/ 1243.08ms
INF 2026-08-04T07:14:19.561Z > 200 GET /api/v1/ 1448.01ms
INF 2026-08-04T07:14:19.565Z > 200 GET /api/v1/ 275.43ms
INF 2026-08-04T07:14:19.618Z > 200 GET /api/v1/ 1493.4ms
INF 2026-08-04T07:14:19.697Z > 200 GET /api/v1/ 1448.22ms
INF 2026-08-04T07:14:19.708Z > 200 GET /api/v1/ 1584.31ms
INF 2026-08-04T07:14:19.791Z > 200 GET /api/v1/ 128.53ms
INF 2026-08-04T07:14:19.853Z > 200 GET /api/v1/ 465.4ms
INF 2026-08-04T07:14:19.854Z > 200 GET /api/v1/ 427.13ms
INF 2026-08-04T07:14:19.864Z > 200 GET /api/v1/ 1432.99ms
INF 2026-08-04T07:14:19.865Z > 200 GET /api/v1/ 590.55ms
INF 2026-08-04T07:14:19.881Z > 200 GET /api/v1/ 1631.74ms
INF 2026-08-04T07:14:19.881Z > 200 GET /api/v1/ 1449.23ms
INF 2026-08-04T07:14:19.882Z > 200 GET /api/v1/ 1081.84ms
INF 2026-08-04T07:14:19.934Z > 200 GET /api/v1/ 1818.24ms
ERR 2026-08-04T07:14:19.935Z > Error while writing data to the client
| Error while writing data to the client (HTTP::Server::ClientError)
|   from /home/uchiha/playground/crystal/src/http/server/response.cr:266:9 in 'unbuffered_write'
|   from /home/uchiha/playground/crystal/src/io/buffered.cr:163:14 in 'write'
|   from /home/uchiha/playground/crystal/src/http/server/response.cr:107:7 in 'write'
|   from /home/uchiha/playground/crystal/src/io.cr:488:7 in 'write_string'
|   from lib/kemal/src/kemal/route_handler.cr:174:7 in 'call'
|   from lib/kemal/src/kemal/websocket_handler.cr:13:14 in 'call'
|   from /home/uchiha/playground/crystal/src/http/server/handler.cr:30:7 in 'call_next'
|   from lib/kemal/src/kemal/filter_handler.cr:46:7 in 'call'
|   from /home/uchiha/playground/crystal/src/http/server/handler.cr:30:7 in 'call_next'
|   from src/middlewares/web_api_auth_middleware.cr:8:12 in 'call'
|   from /home/uchiha/playground/crystal/src/http/server/handler.cr:30:7 in 'call_next'
|   from src/middlewares/admin_api_auth_middleware.cr:7:12 in 'call'
|   from /home/uchiha/playground/crystal/src/http/server/handler.cr:30:7 in 'call_next'
|   from /home/uchiha/playground/crystal/src/http/server/handlers/static_file_handler.cr:60:12 in 'call'
|   from /home/uchiha/playground/crystal/src/http/server/handler.cr:30:7 in 'call'
|   from /home/uchiha/playground/crystal/src/http/server/handler.cr:30:7 in 'call'
|   from /home/uchiha/playground/crystal/src/http/server/handler.cr:30:7 in 'call'
|   from /home/uchiha/playground/crystal/src/http/server/handler.cr:30:7 in 'call'
|   from /home/uchiha/playground/crystal/src/http/server/request_processor.cr:58:11 in 'process'
|   from /home/uchiha/playground/crystal/src/http/server.cr:506:5 in '->'
|   from /home/uchiha/playground/crystal/src/fiber.cr:168:11 in 'run'
|   from /home/uchiha/playground/crystal/src/fiber.cr:103:3 in '->'
|   from ???
| Caused by: write (#<TCPSocket:0x7334e8927c08>): Broken pipe (IO::Error)
|   from /home/uchiha/playground/crystal/src/crystal/system/thread.cr:72:3 in 'unbuffered_write'
|   from /home/uchiha/playground/crystal/src/io/buffered.cr:163:14 in 'write'
|   from /home/uchiha/playground/crystal/src/http/server/response.cr:282:11 in 'unbuffered_write'
|   from /home/uchiha/playground/crystal/src/io/buffered.cr:163:14 in 'write'
|   from /home/uchiha/playground/crystal/src/http/server/response.cr:107:7 in 'write'
|   from /home/uchiha/playground/crystal/src/io.cr:488:7 in 'write_string'
|   from lib/kemal/src/kemal/route_handler.cr:174:7 in 'call'
|   from lib/kemal/src/kemal/websocket_handler.cr:13:14 in 'call'
|   from /home/uchiha/playground/crystal/src/http/server/handler.cr:30:7 in 'call_next'
|   from lib/kemal/src/kemal/filter_handler.cr:46:7 in 'call'
|   from /home/uchiha/playground/crystal/src/http/server/handler.cr:30:7 in 'call_next'
|   from src/middlewares/web_api_auth_middleware.cr:8:12 in 'call'
|   from /home/uchiha/playground/crystal/src/http/server/handler.cr:30:7 in 'call_next'
|   from src/middlewares/admin_api_auth_middleware.cr:7:12 in 'call'
|   from /home/uchiha/playground/crystal/src/http/server/handler.cr:30:7 in 'call_next'
|   from /home/uchiha/playground/crystal/src/http/server/handlers/static_file_handler.cr:60:12 in 'call'
|   from /home/uchiha/playground/crystal/src/http/server/handler.cr:30:7 in 'call'
|   from /home/uchiha/playground/crystal/src/http/server/handler.cr:30:7 in 'call'
|   from /home/uchiha/playground/crystal/src/http/server/handler.cr:30:7 in 'call'
|   from /home/uchiha/playground/crystal/src/http/server/handler.cr:30:7 in 'call'
|   from /home/uchiha/playground/crystal/src/http/server/request_processor.cr:58:11 in 'process'
|   from /home/uchiha/playground/crystal/src/http/server.cr:506:5 in '->'
|   from /home/uchiha/playground/crystal/src/fiber.cr:168:11 in 'run'
|   from /home/uchiha/playground/crystal/src/fiber.cr:103:3 in '->'
|   from ???
ERR 2026-08-04T07:14:19.935Z > Unhandled exception on HTTP::Handler
| Closed stream (IO::Error)
|   from /home/uchiha/playground/crystal/src/http/server/response.cr:215:15 in 'content_type='
|   from lib/kemal/src/kemal/helpers/templates.cr:25:3 in 'render_500'
|   from lib/kemal/src/kemal/exception_handler.cr:34:7 in 'call'
|   from /home/uchiha/playground/crystal/src/http/server/handler.cr:30:7 in 'call'
|   from /home/uchiha/playground/crystal/src/http/server/handler.cr:30:7 in 'call'
|   from /home/uchiha/playground/crystal/src/http/server/handler.cr:30:7 in 'call'
|   from /home/uchiha/playground/crystal/src/http/server/request_processor.cr:58:11 in 'process'
|   from /home/uchiha/playground/crystal/src/http/server.cr:506:5 in '->'
|   from /home/uchiha/playground/crystal/src/fiber.cr:168:11 in 'run'
|   from /home/uchiha/playground/crystal/src/fiber.cr:103:3 in '->'
|   from ???
ERR 2026-08-04T07:14:19.935Z > Error while writing data to the client
| Error while writing data to the client (HTTP::Server::ClientError)
|   from /home/uchiha/playground/crystal/src/http/server/response.cr:266:9 in 'unbuffered_write'
|   from /home/uchiha/playground/crystal/src/io/buffered.cr:163:14 in 'write'
|   from /home/uchiha/playground/crystal/src/http/server/response.cr:107:7 in 'write'
|   from /home/uchiha/playground/crystal/src/io.cr:488:7 in 'write_string'
|   from lib/kemal/src/kemal/route_handler.cr:174:7 in 'call'
|   from lib/kemal/src/kemal/websocket_handler.cr:13:14 in 'call'
|   from /home/uchiha/playground/crystal/src/http/server/handler.cr:30:7 in 'call_next'
|   from lib/kemal/src/kemal/filter_handler.cr:46:7 in 'call'
|   from /home/uchiha/playground/crystal/src/http/server/handler.cr:30:7 in 'call_next'
|   from src/middlewares/web_api_auth_middleware.cr:8:12 in 'call'
|   from /home/uchiha/playground/crystal/src/http/server/handler.cr:30:7 in 'call_next'
|   from src/middlewares/admin_api_auth_middleware.cr:7:12 in 'call'
|   from /home/uchiha/playground/crystal/src/http/server/handler.cr:30:7 in 'call_next'
|   from /home/uchiha/playground/crystal/src/http/server/handlers/static_file_handler.cr:60:12 in 'call'
|   from /home/uchiha/playground/crystal/src/http/server/handler.cr:30:7 in 'call'
|   from /home/uchiha/playground/crystal/src/http/server/handler.cr:30:7 in 'call'
|   from /home/uchiha/playground/crystal/src/http/server/handler.cr:30:7 in 'call'
|   from /home/uchiha/playground/crystal/src/http/server/handler.cr:30:7 in 'call'
|   from /home/uchiha/playground/crystal/src/http/server/request_processor.cr:58:11 in 'process'
|   from /home/uchiha/playground/crystal/src/http/server.cr:506:5 in '->'
|   from /home/uchiha/playground/crystal/src/fiber.cr:168:11 in 'run'
|   from /home/uchiha/playground/crystal/src/fiber.cr:103:3 in '->'
|   from ???
| Caused by: write (#<TCPSocket:0x7334e89250b8>): Broken pipe (IO::Error)
|   from /home/uchiha/playground/crystal/src/crystal/system/thread.cr:72:3 in 'unbuffered_write'
|   from /home/uchiha/playground/crystal/src/io/buffered.cr:163:14 in 'write'
|   from /home/uchiha/playground/crystal/src/http/server/response.cr:282:11 in 'unbuffered_write'
|   from /home/uchiha/playground/crystal/src/io/buffered.cr:163:14 in 'write'
|   from /home/uchiha/playground/crystal/src/http/server/response.cr:107:7 in 'write'
|   from /home/uchiha/playground/crystal/src/io.cr:488:7 in 'write_string'
|   from lib/kemal/src/kemal/route_handler.cr:174:7 in 'call'
|   from lib/kemal/src/kemal/websocket_handler.cr:13:14 in 'call'
|   from /home/uchiha/playground/crystal/src/http/server/handler.cr:30:7 in 'call_next'
|   from lib/kemal/src/kemal/filter_handler.cr:46:7 in 'call'
|   from /home/uchiha/playground/crystal/src/http/server/handler.cr:30:7 in 'call_next'
|   from src/middlewares/web_api_auth_middleware.cr:8:12 in 'call'
|   from /home/uchiha/playground/crystal/src/http/server/handler.cr:30:7 in 'call_next'
|   from src/middlewares/admin_api_auth_middleware.cr:7:12 in 'call'
|   from /home/uchiha/playground/crystal/src/http/server/handler.cr:30:7 in 'call_next'
|   from /home/uchiha/playground/crystal/src/http/server/handlers/static_file_handler.cr:60:12 in 'call'
|   from /home/uchiha/playground/crystal/src/http/server/handler.cr:30:7 in 'call'
|   from /home/uchiha/playground/crystal/src/http/server/handler.cr:30:7 in 'call'
|   from /home/uchiha/playground/crystal/src/http/server/handler.cr:30:7 in 'call'
|   from /home/uchiha/playground/crystal/src/http/server/handler.cr:30:7 in 'call'
|   from /home/uchiha/playground/crystal/src/http/server/request_processor.cr:58:11 in 'process'
|   from /home/uchiha/playground/crystal/src/http/server.cr:506:5 in '->'
|   from /home/uchiha/playground/crystal/src/fiber.cr:168:11 in 'run'
|   from /home/uchiha/playground/crystal/src/fiber.cr:103:3 in '->'
|   from ???
ERR 2026-08-04T07:14:19.935Z > Unhandled exception on HTTP::Handler
| Closed stream (IO::Error)
|   from /home/uchiha/playground/crystal/src/http/server/response.cr:215:15 in 'content_type='
|   from lib/kemal/src/kemal/helpers/templates.cr:25:3 in 'render_500'
|   from lib/kemal/src/kemal/exception_handler.cr:34:7 in 'call'
|   from /home/uchiha/playground/crystal/src/http/server/handler.cr:30:7 in 'call'
|   from /home/uchiha/playground/crystal/src/http/server/handler.cr:30:7 in 'call'
|   from /home/uchiha/playground/crystal/src/http/server/handler.cr:30:7 in 'call'
|   from /home/uchiha/playground/crystal/src/http/server/request_processor.cr:58:11 in 'process'
|   from /home/uchiha/playground/crystal/src/http/server.cr:506:5 in '->'
|   from /home/uchiha/playground/crystal/src/fiber.cr:168:11 in 'run'
|   from /home/uchiha/playground/crystal/src/fiber.cr:103:3 in '->'
|   from ???
ERR 2026-08-04T07:14:19.936Z > Error while writing data to the client
| Error while writing data to the client (HTTP::Server::ClientError)
|   from /home/uchiha/playground/crystal/src/http/server/response.cr:266:9 in 'unbuffered_write'
|   from /home/uchiha/playground/crystal/src/io/buffered.cr:163:14 in 'write'
|   from /home/uchiha/playground/crystal/src/http/server/response.cr:107:7 in 'write'
|   from /home/uchiha/playground/crystal/src/io.cr:488:7 in 'write_string'
|   from lib/kemal/src/kemal/route_handler.cr:174:7 in 'call'
|   from lib/kemal/src/kemal/websocket_handler.cr:13:14 in 'call'
|   from /home/uchiha/playground/crystal/src/http/server/handler.cr:30:7 in 'call_next'
|   from lib/kemal/src/kemal/filter_handler.cr:46:7 in 'call'
|   from /home/uchiha/playground/crystal/src/http/server/handler.cr:30:7 in 'call_next'
|   from src/middlewares/web_api_auth_middleware.cr:8:12 in 'call'
|   from /home/uchiha/playground/crystal/src/http/server/handler.cr:30:7 in 'call_next'
|   from src/middlewares/admin_api_auth_middleware.cr:7:12 in 'call'
|   from /home/uchiha/playground/crystal/src/http/server/handler.cr:30:7 in 'call_next'
|   from /home/uchiha/playground/crystal/src/http/server/handlers/static_file_handler.cr:60:12 in 'call'
|   from /home/uchiha/playground/crystal/src/http/server/handler.cr:30:7 in 'call'
|   from /home/uchiha/playground/crystal/src/http/server/handler.cr:30:7 in 'call'
|   from /home/uchiha/playground/crystal/src/http/server/handler.cr:30:7 in 'call'
|   from /home/uchiha/playground/crystal/src/http/server/handler.cr:30:7 in 'call'
|   from /home/uchiha/playground/crystal/src/http/server/request_processor.cr:58:11 in 'process'
|   from /home/uchiha/playground/crystal/src/http/server.cr:506:5 in '->'
|   from /home/uchiha/playground/crystal/src/fiber.cr:168:11 in 'run'
|   from /home/uchiha/playground/crystal/src/fiber.cr:103:3 in '->'
|   from ???
| Caused by: write (#<TCPSocket:0x7334e8923a68>): Broken pipe (IO::Error)
|   from /home/uchiha/playground/crystal/src/crystal/system/thread.cr:72:3 in 'unbuffered_write'
|   from /home/uchiha/playground/crystal/src/io/buffered.cr:163:14 in 'write'
|   from /home/uchiha/playground/crystal/src/http/server/response.cr:282:11 in 'unbuffered_write'
|   from /home/uchiha/playground/crystal/src/io/buffered.cr:163:14 in 'write'
|   from /home/uchiha/playground/crystal/src/http/server/response.cr:107:7 in 'write'
|   from /home/uchiha/playground/crystal/src/io.cr:488:7 in 'write_string'
|   from lib/kemal/src/kemal/route_handler.cr:174:7 in 'call'
|   from lib/kemal/src/kemal/websocket_handler.cr:13:14 in 'call'
|   from /home/uchiha/playground/crystal/src/http/server/handler.cr:30:7 in 'call_next'
|   from lib/kemal/src/kemal/filter_handler.cr:46:7 in 'call'
|   from /home/uchiha/playground/crystal/src/http/server/handler.cr:30:7 in 'call_next'
|   from src/middlewares/web_api_auth_middleware.cr:8:12 in 'call'
|   from /home/uchiha/playground/crystal/src/http/server/handler.cr:30:7 in 'call_next'
|   from src/middlewares/admin_api_auth_middleware.cr:7:12 in 'call'
|   from /home/uchiha/playground/crystal/src/http/server/handler.cr:30:7 in 'call_next'
|   from /home/uchiha/playground/crystal/src/http/server/handlers/static_file_handler.cr:60:12 in 'call'
|   from /home/uchiha/playground/crystal/src/http/server/handler.cr:30:7 in 'call'
|   from /home/uchiha/playground/crystal/src/http/server/handler.cr:30:7 in 'call'
|   from /home/uchiha/playground/crystal/src/http/server/handler.cr:30:7 in 'call'
|   from /home/uchiha/playground/crystal/src/http/server/handler.cr:30:7 in 'call'
|   from /home/uchiha/playground/crystal/src/http/server/request_processor.cr:58:11 in 'process'
|   from /home/uchiha/playground/crystal/src/http/server.cr:506:5 in '->'
|   from /home/uchiha/playground/crystal/src/fiber.cr:168:11 in 'run'
|   from /home/uchiha/playground/crystal/src/fiber.cr:103:3 in '->'
|   from ???
ERR 2026-08-04T07:14:19.936Z > Unhandled exception on HTTP::Handler
| Closed stream (IO::Error)
|   from /home/uchiha/playground/crystal/src/http/server/response.cr:215:15 in 'content_type='
|   from lib/kemal/src/kemal/helpers/templates.cr:25:3 in 'render_500'
|   from lib/kemal/src/kemal/exception_handler.cr:34:7 in 'call'
|   from /home/uchiha/playground/crystal/src/http/server/handler.cr:30:7 in 'call'
|   from /home/uchiha/playground/crystal/src/http/server/handler.cr:30:7 in 'call'
|   from /home/uchiha/playground/crystal/src/http/server/handler.cr:30:7 in 'call'
|   from /home/uchiha/playground/crystal/src/http/server/request_processor.cr:58:11 in 'process'
|   from /home/uchiha/playground/crystal/src/http/server.cr:506:5 in '->'
|   from /home/uchiha/playground/crystal/src/fiber.cr:168:11 in 'run'
|   from /home/uchiha/playground/crystal/src/fiber.cr:103:3 in '->'
|   from ???
ERR 2026-08-04T07:14:19.936Z > Error while writing data to the client
| Error while writing data to the client (HTTP::Server::ClientError)
|   from /home/uchiha/playground/crystal/src/http/server/response.cr:266:9 in 'unbuffered_write'
|   from /home/uchiha/playground/crystal/src/io/buffered.cr:163:14 in 'write'
|   from /home/uchiha/playground/crystal/src/http/server/response.cr:107:7 in 'write'
|   from /home/uchiha/playground/crystal/src/io.cr:488:7 in 'write_string'
|   from lib/kemal/src/kemal/route_handler.cr:174:7 in 'call'
|   from lib/kemal/src/kemal/websocket_handler.cr:13:14 in 'call'
|   from /home/uchiha/playground/crystal/src/http/server/handler.cr:30:7 in 'call_next'
|   from lib/kemal/src/kemal/filter_handler.cr:46:7 in 'call'
|   from /home/uchiha/playground/crystal/src/http/server/handler.cr:30:7 in 'call_next'
|   from src/middlewares/web_api_auth_middleware.cr:8:12 in 'call'
|   from /home/uchiha/playground/crystal/src/http/server/handler.cr:30:7 in 'call_next'
|   from src/middlewares/admin_api_auth_middleware.cr:7:12 in 'call'
|   from /home/uchiha/playground/crystal/src/http/server/handler.cr:30:7 in 'call_next'
|   from /home/uchiha/playground/crystal/src/http/server/handlers/static_file_handler.cr:60:12 in 'call'
|   from /home/uchiha/playground/crystal/src/http/server/handler.cr:30:7 in 'call'
|   from /home/uchiha/playground/crystal/src/http/server/handler.cr:30:7 in 'call'
|   from /home/uchiha/playground/crystal/src/http/server/handler.cr:30:7 in 'call'
|   from /home/uchiha/playground/crystal/src/http/server/handler.cr:30:7 in 'call'
|   from /home/uchiha/playground/crystal/src/http/server/request_processor.cr:58:11 in 'process'
|   from /home/uchiha/playground/crystal/src/http/server.cr:506:5 in '->'
|   from /home/uchiha/playground/crystal/src/fiber.cr:168:11 in 'run'
|   from /home/uchiha/playground/crystal/src/fiber.cr:103:3 in '->'
|   from ???
| Caused by: write (#<TCPSocket:0x7334e8921d88>): Broken pipe (IO::Error)
|   from /home/uchiha/playground/crystal/src/crystal/system/thread.cr:72:3 in 'unbuffered_write'
|   from /home/uchiha/playground/crystal/src/io/buffered.cr:163:14 in 'write'
|   from /home/uchiha/playground/crystal/src/http/server/response.cr:282:11 in 'unbuffered_write'
|   from /home/uchiha/playground/crystal/src/io/buffered.cr:163:14 in 'write'
|   from /home/uchiha/playground/crystal/src/http/server/response.cr:107:7 in 'write'
|   from /home/uchiha/playground/crystal/src/io.cr:488:7 in 'write_string'
|   from lib/kemal/src/kemal/route_handler.cr:174:7 in 'call'
|   from lib/kemal/src/kemal/websocket_handler.cr:13:14 in 'call'
|   from /home/uchiha/playground/crystal/src/http/server/handler.cr:30:7 in 'call_next'
|   from lib/kemal/src/kemal/filter_handler.cr:46:7 in 'call'
|   from /home/uchiha/playground/crystal/src/http/server/handler.cr:30:7 in 'call_next'
|   from src/middlewares/web_api_auth_middleware.cr:8:12 in 'call'
|   from /home/uchiha/playground/crystal/src/http/server/handler.cr:30:7 in 'call_next'
|   from src/middlewares/admin_api_auth_middleware.cr:7:12 in 'call'
|   from /home/uchiha/playground/crystal/src/http/server/handler.cr:30:7 in 'call_next'
|   from /home/uchiha/playground/crystal/src/http/server/handlers/static_file_handler.cr:60:12 in 'call'
|   from /home/uchiha/playground/crystal/src/http/server/handler.cr:30:7 in 'call'
|   from /home/uchiha/playground/crystal/src/http/server/handler.cr:30:7 in 'call'
|   from /home/uchiha/playground/crystal/src/http/server/handler.cr:30:7 in 'call'
|   from /home/uchiha/playground/crystal/src/http/server/handler.cr:30:7 in 'call'
|   from /home/uchiha/playground/crystal/src/http/server/request_processor.cr:58:11 in 'process'
|   from /home/uchiha/playground/crystal/src/http/server.cr:506:5 in '->'
|   from /home/uchiha/playground/crystal/src/fiber.cr:168:11 in 'run'
|   from /home/uchiha/playground/crystal/src/fiber.cr:103:3 in '->'
|   from ???
ERR 2026-08-04T07:14:19.937Z > Unhandled exception on HTTP::Handler
| Closed stream (IO::Error)
|   from /home/uchiha/playground/crystal/src/http/server/response.cr:215:15 in 'content_type='
|   from lib/kemal/src/kemal/helpers/templates.cr:25:3 in 'render_500'
|   from lib/kemal/src/kemal/exception_handler.cr:34:7 in 'call'
|   from /home/uchiha/playground/crystal/src/http/server/handler.cr:30:7 in 'call'
|   from /home/uchiha/playground/crystal/src/http/server/handler.cr:30:7 in 'call'
|   from /home/uchiha/playground/crystal/src/http/server/handler.cr:30:7 in 'call'
|   from /home/uchiha/playground/crystal/src/http/server/request_processor.cr:58:11 in 'process'
|   from /home/uchiha/playground/crystal/src/http/server.cr:506:5 in '->'
|   from /home/uchiha/playground/crystal/src/fiber.cr:168:11 in 'run'
|   from /home/uchiha/playground/crystal/src/fiber.cr:103:3 in '->'
|   from ???
ERR 2026-08-04T07:14:19.937Z > Error while writing data to the client
| Error while writing data to the client (HTTP::Server::ClientError)
|   from /home/uchiha/playground/crystal/src/http/server/response.cr:266:9 in 'unbuffered_write'
|   from /home/uchiha/playground/crystal/src/io/buffered.cr:163:14 in 'write'
|   from /home/uchiha/playground/crystal/src/http/server/response.cr:107:7 in 'write'
|   from /home/uchiha/playground/crystal/src/io.cr:488:7 in 'write_string'
|   from lib/kemal/src/kemal/route_handler.cr:174:7 in 'call'
|   from lib/kemal/src/kemal/websocket_handler.cr:13:14 in 'call'
|   from /home/uchiha/playground/crystal/src/http/server/handler.cr:30:7 in 'call_next'
|   from lib/kemal/src/kemal/filter_handler.cr:46:7 in 'call'
|   from /home/uchiha/playground/crystal/src/http/server/handler.cr:30:7 in 'call_next'
|   from src/middlewares/web_api_auth_middleware.cr:8:12 in 'call'
|   from /home/uchiha/playground/crystal/src/http/server/handler.cr:30:7 in 'call_next'
|   from src/middlewares/admin_api_auth_middleware.cr:7:12 in 'call'
|   from /home/uchiha/playground/crystal/src/http/server/handler.cr:30:7 in 'call_next'
|   from /home/uchiha/playground/crystal/src/http/server/handlers/static_file_handler.cr:60:12 in 'call'
|   from /home/uchiha/playground/crystal/src/http/server/handler.cr:30:7 in 'call'
|   from /home/uchiha/playground/crystal/src/http/server/handler.cr:30:7 in 'call'
|   from /home/uchiha/playground/crystal/src/http/server/handler.cr:30:7 in 'call'
|   from /home/uchiha/playground/crystal/src/http/server/handler.cr:30:7 in 'call'
|   from /home/uchiha/playground/crystal/src/http/server/request_processor.cr:58:11 in 'process'
|   from /home/uchiha/playground/crystal/src/http/server.cr:506:5 in '->'
|   from /home/uchiha/playground/crystal/src/fiber.cr:168:11 in 'run'
|   from /home/uchiha/playground/crystal/src/fiber.cr:103:3 in '->'
|   from ???
| Caused by: write (#<TCPSocket:0x7334e8921458>): Broken pipe (IO::Error)
|   from /home/uchiha/playground/crystal/src/crystal/system/thread.cr:72:3 in 'unbuffered_write'
|   from /home/uchiha/playground/crystal/src/io/buffered.cr:163:14 in 'write'
|   from /home/uchiha/playground/crystal/src/http/server/response.cr:282:11 in 'unbuffered_write'
|   from /home/uchiha/playground/crystal/src/io/buffered.cr:163:14 in 'write'
|   from /home/uchiha/playground/crystal/src/http/server/response.cr:107:7 in 'write'
|   from /home/uchiha/playground/crystal/src/io.cr:488:7 in 'write_string'
|   from lib/kemal/src/kemal/route_handler.cr:174:7 in 'call'
|   from lib/kemal/src/kemal/websocket_handler.cr:13:14 in 'call'
|   from /home/uchiha/playground/crystal/src/http/server/handler.cr:30:7 in 'call_next'
|   from lib/kemal/src/kemal/filter_handler.cr:46:7 in 'call'
|   from /home/uchiha/playground/crystal/src/http/server/handler.cr:30:7 in 'call_next'
|   from src/middlewares/web_api_auth_middleware.cr:8:12 in 'call'
|   from /home/uchiha/playground/crystal/src/http/server/handler.cr:30:7 in 'call_next'
|   from src/middlewares/admin_api_auth_middleware.cr:7:12 in 'call'
|   from /home/uchiha/playground/crystal/src/http/server/handler.cr:30:7 in 'call_next'
|   from /home/uchiha/playground/crystal/src/http/server/handlers/static_file_handler.cr:60:12 in 'call'
|   from /home/uchiha/playground/crystal/src/http/server/handler.cr:30:7 in 'call'
|   from /home/uchiha/playground/crystal/src/http/server/handler.cr:30:7 in 'call'
|   from /home/uchiha/playground/crystal/src/http/server/handler.cr:30:7 in 'call'
|   from /home/uchiha/playground/crystal/src/http/server/handler.cr:30:7 in 'call'
|   from /home/uchiha/playground/crystal/src/http/server/request_processor.cr:58:11 in 'process'
|   from /home/uchiha/playground/crystal/src/http/server.cr:506:5 in '->'
|   from /home/uchiha/playground/crystal/src/fiber.cr:168:11 in 'run'
|   from /home/uchiha/playground/crystal/src/fiber.cr:103:3 in '->'
|   from ???
ERR 2026-08-04T07:14:19.937Z > Unhandled exception on HTTP::Handler
| Closed stream (IO::Error)
|   from /home/uchiha/playground/crystal/src/http/server/response.cr:215:15 in 'content_type='
|   from lib/kemal/src/kemal/helpers/templates.cr:25:3 in 'render_500'
|   from lib/kemal/src/kemal/exception_handler.cr:34:7 in 'call'
|   from /home/uchiha/playground/crystal/src/http/server/handler.cr:30:7 in 'call'
|   from /home/uchiha/playground/crystal/src/http/server/handler.cr:30:7 in 'call'
|   from /home/uchiha/playground/crystal/src/http/server/handler.cr:30:7 in 'call'
|   from /home/uchiha/playground/crystal/src/http/server/request_processor.cr:58:11 in 'process'
|   from /home/uchiha/playground/crystal/src/http/server.cr:506:5 in '->'
|   from /home/uchiha/playground/crystal/src/fiber.cr:168:11 in 'run'
|   from /home/uchiha/playground/crystal/src/fiber.cr:103:3 in '->'
|   from ???
ERR 2026-08-04T07:14:19.937Z > Error while writing data to the client
| Error while writing data to the client (HTTP::Server::ClientError)
|   from /home/uchiha/playground/crystal/src/http/server/response.cr:266:9 in 'unbuffered_write'
|   from /home/uchiha/playground/crystal/src/io/buffered.cr:163:14 in 'write'
|   from /home/uchiha/playground/crystal/src/http/server/response.cr:107:7 in 'write'
|   from /home/uchiha/playground/crystal/src/io.cr:488:7 in 'write_string'
|   from lib/kemal/src/kemal/route_handler.cr:174:7 in 'call'
|   from lib/kemal/src/kemal/websocket_handler.cr:13:14 in 'call'
|   from /home/uchiha/playground/crystal/src/http/server/handler.cr:30:7 in 'call_next'
|   from lib/kemal/src/kemal/filter_handler.cr:46:7 in 'call'
|   from /home/uchiha/playground/crystal/src/http/server/handler.cr:30:7 in 'call_next'
|   from src/middlewares/web_api_auth_middleware.cr:8:12 in 'call'
|   from /home/uchiha/playground/crystal/src/http/server/handler.cr:30:7 in 'call_next'
|   from src/middlewares/admin_api_auth_middleware.cr:7:12 in 'call'
|   from /home/uchiha/playground/crystal/src/http/server/handler.cr:30:7 in 'call_next'
|   from /home/uchiha/playground/crystal/src/http/server/handlers/static_file_handler.cr:60:12 in 'call'
|   from /home/uchiha/playground/crystal/src/http/server/handler.cr:30:7 in 'call'
|   from /home/uchiha/playground/crystal/src/http/server/handler.cr:30:7 in 'call'
|   from /home/uchiha/playground/crystal/src/http/server/handler.cr:30:7 in 'call'
|   from /home/uchiha/playground/crystal/src/http/server/handler.cr:30:7 in 'call'
|   from /home/uchiha/playground/crystal/src/http/server/request_processor.cr:58:11 in 'process'
|   from /home/uchiha/playground/crystal/src/http/server.cr:506:5 in '->'
|   from /home/uchiha/playground/crystal/src/fiber.cr:168:11 in 'run'
|   from /home/uchiha/playground/crystal/src/fiber.cr:103:3 in '->'
|   from ???
| Caused by: write (#<TCPSocket:0x7334e89244e8>): Broken pipe (IO::Error)
|   from /home/uchiha/playground/crystal/src/crystal/system/thread.cr:72:3 in 'unbuffered_write'
|   from /home/uchiha/playground/crystal/src/io/buffered.cr:163:14 in 'write'
|   from /home/uchiha/playground/crystal/src/http/server/response.cr:282:11 in 'unbuffered_write'
|   from /home/uchiha/playground/crystal/src/io/buffered.cr:163:14 in 'write'
|   from /home/uchiha/playground/crystal/src/http/server/response.cr:107:7 in 'write'
|   from /home/uchiha/playground/crystal/src/io.cr:488:7 in 'write_string'
|   from lib/kemal/src/kemal/route_handler.cr:174:7 in 'call'
|   from lib/kemal/src/kemal/websocket_handler.cr:13:14 in 'call'
|   from /home/uchiha/playground/crystal/src/http/server/handler.cr:30:7 in 'call_next'
|   from lib/kemal/src/kemal/filter_handler.cr:46:7 in 'call'
|   from /home/uchiha/playground/crystal/src/http/server/handler.cr:30:7 in 'call_next'
|   from src/middlewares/web_api_auth_middleware.cr:8:12 in 'call'
|   from /home/uchiha/playground/crystal/src/http/server/handler.cr:30:7 in 'call_next'
|   from src/middlewares/admin_api_auth_middleware.cr:7:12 in 'call'
|   from /home/uchiha/playground/crystal/src/http/server/handler.cr:30:7 in 'call_next'
|   from /home/uchiha/playground/crystal/src/http/server/handlers/static_file_handler.cr:60:12 in 'call'
|   from /home/uchiha/playground/crystal/src/http/server/handler.cr:30:7 in 'call'
|   from /home/uchiha/playground/crystal/src/http/server/handler.cr:30:7 in 'call'
|   from /home/uchiha/playground/crystal/src/http/server/handler.cr:30:7 in 'call'
|   from /home/uchiha/playground/crystal/src/http/server/handler.cr:30:7 in 'call'
|   from /home/uchiha/playground/crystal/src/http/server/request_processor.cr:58:11 in 'process'
|   from /home/uchiha/playground/crystal/src/http/server.cr:506:5 in '->'
|   from /home/uchiha/playground/crystal/src/fiber.cr:168:11 in 'run'
|   from /home/uchiha/playground/crystal/src/fiber.cr:103:3 in '->'
|   from ???
ERR 2026-08-04T07:14:19.937Z > Unhandled exception on HTTP::Handler
| Closed stream (IO::Error)
|   from /home/uchiha/playground/crystal/src/http/server/response.cr:215:15 in 'content_type='
|   from lib/kemal/src/kemal/helpers/templates.cr:25:3 in 'render_500'
|   from lib/kemal/src/kemal/exception_handler.cr:34:7 in 'call'
|   from /home/uchiha/playground/crystal/src/http/server/handler.cr:30:7 in 'call'
|   from /home/uchiha/playground/crystal/src/http/server/handler.cr:30:7 in 'call'
|   from /home/uchiha/playground/crystal/src/http/server/handler.cr:30:7 in 'call'
|   from /home/uchiha/playground/crystal/src/http/server/request_processor.cr:58:11 in 'process'
|   from /home/uchiha/playground/crystal/src/http/server.cr:506:5 in '->'
|   from /home/uchiha/playground/crystal/src/fiber.cr:168:11 in 'run'
|   from /home/uchiha/playground/crystal/src/fiber.cr:103:3 in '->'
|   from ???
ERR 2026-08-04T07:14:19.938Z > Error while writing data to the client
| Error while writing data to the client (HTTP::Server::ClientError)
|   from /home/uchiha/playground/crystal/src/http/server/response.cr:266:9 in 'unbuffered_write'
|   from /home/uchiha/playground/crystal/src/io/buffered.cr:163:14 in 'write'
|   from /home/uchiha/playground/crystal/src/http/server/response.cr:107:7 in 'write'
|   from /home/uchiha/playground/crystal/src/io.cr:488:7 in 'write_string'
|   from lib/kemal/src/kemal/route_handler.cr:174:7 in 'call'
|   from lib/kemal/src/kemal/websocket_handler.cr:13:14 in 'call'
|   from /home/uchiha/playground/crystal/src/http/server/handler.cr:30:7 in 'call_next'
|   from lib/kemal/src/kemal/filter_handler.cr:46:7 in 'call'
|   from /home/uchiha/playground/crystal/src/http/server/handler.cr:30:7 in 'call_next'
|   from src/middlewares/web_api_auth_middleware.cr:8:12 in 'call'
|   from /home/uchiha/playground/crystal/src/http/server/handler.cr:30:7 in 'call_next'
|   from src/middlewares/admin_api_auth_middleware.cr:7:12 in 'call'
|   from /home/uchiha/playground/crystal/src/http/server/handler.cr:30:7 in 'call_next'
|   from /home/uchiha/playground/crystal/src/http/server/handlers/static_file_handler.cr:60:12 in 'call'
|   from /home/uchiha/playground/crystal/src/http/server/handler.cr:30:7 in 'call'
|   from /home/uchiha/playground/crystal/src/http/server/handler.cr:30:7 in 'call'
|   from /home/uchiha/playground/crystal/src/http/server/handler.cr:30:7 in 'call'
|   from /home/uchiha/playground/crystal/src/http/server/handler.cr:30:7 in 'call'
|   from /home/uchiha/playground/crystal/src/http/server/request_processor.cr:58:11 in 'process'
|   from /home/uchiha/playground/crystal/src/http/server.cr:506:5 in '->'
|   from /home/uchiha/playground/crystal/src/fiber.cr:168:11 in 'run'
|   from /home/uchiha/playground/crystal/src/fiber.cr:103:3 in '->'
|   from ???
| Caused by: write (#<TCPSocket:0x7334e8925f28>): Broken pipe (IO::Error)
|   from /home/uchiha/playground/crystal/src/crystal/system/thread.cr:72:3 in 'unbuffered_write'
|   from /home/uchiha/playground/crystal/src/io/buffered.cr:163:14 in 'write'
|   from /home/uchiha/playground/crystal/src/http/server/response.cr:282:11 in 'unbuffered_write'
|   from /home/uchiha/playground/crystal/src/io/buffered.cr:163:14 in 'write'
|   from /home/uchiha/playground/crystal/src/http/server/response.cr:107:7 in 'write'
|   from /home/uchiha/playground/crystal/src/io.cr:488:7 in 'write_string'
|   from lib/kemal/src/kemal/route_handler.cr:174:7 in 'call'
|   from lib/kemal/src/kemal/websocket_handler.cr:13:14 in 'call'
|   from /home/uchiha/playground/crystal/src/http/server/handler.cr:30:7 in 'call_next'
|   from lib/kemal/src/kemal/filter_handler.cr:46:7 in 'call'
|   from /home/uchiha/playground/crystal/src/http/server/handler.cr:30:7 in 'call_next'
|   from src/middlewares/web_api_auth_middleware.cr:8:12 in 'call'
|   from /home/uchiha/playground/crystal/src/http/server/handler.cr:30:7 in 'call_next'
|   from src/middlewares/admin_api_auth_middleware.cr:7:12 in 'call'
|   from /home/uchiha/playground/crystal/src/http/server/handler.cr:30:7 in 'call_next'
|   from /home/uchiha/playground/crystal/src/http/server/handlers/static_file_handler.cr:60:12 in 'call'
|   from /home/uchiha/playground/crystal/src/http/server/handler.cr:30:7 in 'call'
|   from /home/uchiha/playground/crystal/src/http/server/handler.cr:30:7 in 'call'
|   from /home/uchiha/playground/crystal/src/http/server/handler.cr:30:7 in 'call'
|   from /home/uchiha/playground/crystal/src/http/server/handler.cr:30:7 in 'call'
|   from /home/uchiha/playground/crystal/src/http/server/request_processor.cr:58:11 in 'process'
|   from /home/uchiha/playground/crystal/src/http/server.cr:506:5 in '->'
|   from /home/uchiha/playground/crystal/src/fiber.cr:168:11 in 'run'
|   from /home/uchiha/playground/crystal/src/fiber.cr:103:3 in '->'
|   from ???
ERR 2026-08-04T07:14:19.938Z > Unhandled exception on HTTP::Handler
| Closed stream (IO::Error)
|   from /home/uchiha/playground/crystal/src/http/server/response.cr:215:15 in 'content_type='
|   from lib/kemal/src/kemal/helpers/templates.cr:25:3 in 'render_500'
|   from lib/kemal/src/kemal/exception_handler.cr:34:7 in 'call'
|   from /home/uchiha/playground/crystal/src/http/server/handler.cr:30:7 in 'call'
|   from /home/uchiha/playground/crystal/src/http/server/handler.cr:30:7 in 'call'
|   from /home/uchiha/playground/crystal/src/http/server/handler.cr:30:7 in 'call'
|   from /home/uchiha/playground/crystal/src/http/server/request_processor.cr:58:11 in 'process'
|   from /home/uchiha/playground/crystal/src/http/server.cr:506:5 in '->'
|   from /home/uchiha/playground/crystal/src/fiber.cr:168:11 in 'run'
|   from /home/uchiha/playground/crystal/src/fiber.cr:103:3 in '->'
|   from ???
ERR 2026-08-04T07:14:19.938Z > Error while writing data to the client
| Error while writing data to the client (HTTP::Server::ClientError)
|   from /home/uchiha/playground/crystal/src/http/server/response.cr:266:9 in 'unbuffered_write'
|   from /home/uchiha/playground/crystal/src/io/buffered.cr:163:14 in 'write'
|   from /home/uchiha/playground/crystal/src/http/server/response.cr:107:7 in 'write'
|   from /home/uchiha/playground/crystal/src/io.cr:488:7 in 'write_string'
|   from lib/kemal/src/kemal/route_handler.cr:174:7 in 'call'
|   from lib/kemal/src/kemal/websocket_handler.cr:13:14 in 'call'
|   from /home/uchiha/playground/crystal/src/http/server/handler.cr:30:7 in 'call_next'
|   from lib/kemal/src/kemal/filter_handler.cr:46:7 in 'call'
|   from /home/uchiha/playground/crystal/src/http/server/handler.cr:30:7 in 'call_next'
|   from src/middlewares/web_api_auth_middleware.cr:8:12 in 'call'
|   from /home/uchiha/playground/crystal/src/http/server/handler.cr:30:7 in 'call_next'
|   from src/middlewares/admin_api_auth_middleware.cr:7:12 in 'call'
|   from /home/uchiha/playground/crystal/src/http/server/handler.cr:30:7 in 'call_next'
|   from /home/uchiha/playground/crystal/src/http/server/handlers/static_file_handler.cr:60:12 in 'call'
|   from /home/uchiha/playground/crystal/src/http/server/handler.cr:30:7 in 'call'
|   from /home/uchiha/playground/crystal/src/http/server/handler.cr:30:7 in 'call'
|   from /home/uchiha/playground/crystal/src/http/server/handler.cr:30:7 in 'call'
|   from /home/uchiha/playground/crystal/src/http/server/handler.cr:30:7 in 'call'
|   from /home/uchiha/playground/crystal/src/http/server/request_processor.cr:58:11 in 'process'
|   from /home/uchiha/playground/crystal/src/http/server.cr:506:5 in '->'
|   from /home/uchiha/playground/crystal/src/fiber.cr:168:11 in 'run'
|   from /home/uchiha/playground/crystal/src/fiber.cr:103:3 in '->'
|   from ???
| Caused by: write (#<TCPSocket:0x7334e8927ff8>): Broken pipe (IO::Error)
|   from /home/uchiha/playground/crystal/src/crystal/system/thread.cr:72:3 in 'unbuffered_write'
|   from /home/uchiha/playground/crystal/src/io/buffered.cr:163:14 in 'write'
|   from /home/uchiha/playground/crystal/src/http/server/response.cr:282:11 in 'unbuffered_write'
|   from /home/uchiha/playground/crystal/src/io/buffered.cr:163:14 in 'write'
|   from /home/uchiha/playground/crystal/src/http/server/response.cr:107:7 in 'write'
|   from /home/uchiha/playground/crystal/src/io.cr:488:7 in 'write_string'
|   from lib/kemal/src/kemal/route_handler.cr:174:7 in 'call'
|   from lib/kemal/src/kemal/websocket_handler.cr:13:14 in 'call'
|   from /home/uchiha/playground/crystal/src/http/server/handler.cr:30:7 in 'call_next'
|   from lib/kemal/src/kemal/filter_handler.cr:46:7 in 'call'
|   from /home/uchiha/playground/crystal/src/http/server/handler.cr:30:7 in 'call_next'
|   from src/middlewares/web_api_auth_middleware.cr:8:12 in 'call'
|   from /home/uchiha/playground/crystal/src/http/server/handler.cr:30:7 in 'call_next'
|   from src/middlewares/admin_api_auth_middleware.cr:7:12 in 'call'
|   from /home/uchiha/playground/crystal/src/http/server/handler.cr:30:7 in 'call_next'
|   from /home/uchiha/playground/crystal/src/http/server/handlers/static_file_handler.cr:60:12 in 'call'
|   from /home/uchiha/playground/crystal/src/http/server/handler.cr:30:7 in 'call'
|   from /home/uchiha/playground/crystal/src/http/server/handler.cr:30:7 in 'call'
|   from /home/uchiha/playground/crystal/src/http/server/handler.cr:30:7 in 'call'
|   from /home/uchiha/playground/crystal/src/http/server/handler.cr:30:7 in 'call'
|   from /home/uchiha/playground/crystal/src/http/server/request_processor.cr:58:11 in 'process'
|   from /home/uchiha/playground/crystal/src/http/server.cr:506:5 in '->'
|   from /home/uchiha/playground/crystal/src/fiber.cr:168:11 in 'run'
|   from /home/uchiha/playground/crystal/src/fiber.cr:103:3 in '->'
|   from ???
ERR 2026-08-04T07:14:19.938Z > Unhandled exception on HTTP::Handler
| Closed stream (IO::Error)
|   from /home/uchiha/playground/crystal/src/http/server/response.cr:215:15 in 'content_type='
|   from lib/kemal/src/kemal/helpers/templates.cr:25:3 in 'render_500'
|   from lib/kemal/src/kemal/exception_handler.cr:34:7 in 'call'
|   from /home/uchiha/playground/crystal/src/http/server/handler.cr:30:7 in 'call'
|   from /home/uchiha/playground/crystal/src/http/server/handler.cr:30:7 in 'call'
|   from /home/uchiha/playground/crystal/src/http/server/handler.cr:30:7 in 'call'
|   from /home/uchiha/playground/crystal/src/http/server/request_processor.cr:58:11 in 'process'
|   from /home/uchiha/playground/crystal/src/http/server.cr:506:5 in '->'
|   from /home/uchiha/playground/crystal/src/fiber.cr:168:11 in 'run'
|   from /home/uchiha/playground/crystal/src/fiber.cr:103:3 in '->'
|   from ???
ERR 2026-08-04T07:14:19.938Z > Error while writing data to the client
| Error while writing data to the client (HTTP::Server::ClientError)
|   from /home/uchiha/playground/crystal/src/http/server/response.cr:266:9 in 'unbuffered_write'
|   from /home/uchiha/playground/crystal/src/io/buffered.cr:163:14 in 'write'
|   from /home/uchiha/playground/crystal/src/http/server/response.cr:107:7 in 'write'
|   from /home/uchiha/playground/crystal/src/io.cr:488:7 in 'write_string'
|   from lib/kemal/src/kemal/route_handler.cr:174:7 in 'call'
|   from lib/kemal/src/kemal/websocket_handler.cr:13:14 in 'call'
|   from /home/uchiha/playground/crystal/src/http/server/handler.cr:30:7 in 'call_next'
|   from lib/kemal/src/kemal/filter_handler.cr:46:7 in 'call'
|   from /home/uchiha/playground/crystal/src/http/server/handler.cr:30:7 in 'call_next'
|   from src/middlewares/web_api_auth_middleware.cr:8:12 in 'call'
|   from /home/uchiha/playground/crystal/src/http/server/handler.cr:30:7 in 'call_next'
|   from src/middlewares/admin_api_auth_middleware.cr:7:12 in 'call'
|   from /home/uchiha/playground/crystal/src/http/server/handler.cr:30:7 in 'call_next'
|   from /home/uchiha/playground/crystal/src/http/server/handlers/static_file_handler.cr:60:12 in 'call'
|   from /home/uchiha/playground/crystal/src/http/server/handler.cr:30:7 in 'call'
|   from /home/uchiha/playground/crystal/src/http/server/handler.cr:30:7 in 'call'
|   from /home/uchiha/playground/crystal/src/http/server/handler.cr:30:7 in 'call'
|   from /home/uchiha/playground/crystal/src/http/server/handler.cr:30:7 in 'call'
|   from /home/uchiha/playground/crystal/src/http/server/request_processor.cr:58:11 in 'process'
|   from /home/uchiha/playground/crystal/src/http/server.cr:506:5 in '->'
|   from /home/uchiha/playground/crystal/src/fiber.cr:168:11 in 'run'
|   from /home/uchiha/playground/crystal/src/fiber.cr:103:3 in '->'
|   from ???
| Caused by: write (#<TCPSocket:0x7334e8920dc8>): Broken pipe (IO::Error)
|   from /home/uchiha/playground/crystal/src/crystal/system/thread.cr:72:3 in 'unbuffered_write'
|   from /home/uchiha/playground/crystal/src/io/buffered.cr:163:14 in 'write'
|   from /home/uchiha/playground/crystal/src/http/server/response.cr:282:11 in 'unbuffered_write'
|   from /home/uchiha/playground/crystal/src/io/buffered.cr:163:14 in 'write'
|   from /home/uchiha/playground/crystal/src/http/server/response.cr:107:7 in 'write'
|   from /home/uchiha/playground/crystal/src/io.cr:488:7 in 'write_string'
|   from lib/kemal/src/kemal/route_handler.cr:174:7 in 'call'
|   from lib/kemal/src/kemal/websocket_handler.cr:13:14 in 'call'
|   from /home/uchiha/playground/crystal/src/http/server/handler.cr:30:7 in 'call_next'
|   from lib/kemal/src/kemal/filter_handler.cr:46:7 in 'call'
|   from /home/uchiha/playground/crystal/src/http/server/handler.cr:30:7 in 'call_next'
|   from src/middlewares/web_api_auth_middleware.cr:8:12 in 'call'
|   from /home/uchiha/playground/crystal/src/http/server/handler.cr:30:7 in 'call_next'
|   from src/middlewares/admin_api_auth_middleware.cr:7:12 in 'call'
|   from /home/uchiha/playground/crystal/src/http/server/handler.cr:30:7 in 'call_next'
|   from /home/uchiha/playground/crystal/src/http/server/handlers/static_file_handler.cr:60:12 in 'call'
|   from /home/uchiha/playground/crystal/src/http/server/handler.cr:30:7 in 'call'
|   from /home/uchiha/playground/crystal/src/http/server/handler.cr:30:7 in 'call'
|   from /home/uchiha/playground/crystal/src/http/server/handler.cr:30:7 in 'call'
|   from /home/uchiha/playground/crystal/src/http/server/handler.cr:30:7 in 'call'
|   from /home/uchiha/playground/crystal/src/http/server/request_processor.cr:58:11 in 'process'
|   from /home/uchiha/playground/crystal/src/http/server.cr:506:5 in '->'
|   from /home/uchiha/playground/crystal/src/fiber.cr:168:11 in 'run'
|   from /home/uchiha/playground/crystal/src/fiber.cr:103:3 in '->'
|   from ???
ERR 2026-08-04T07:14:19.938Z > Unhandled exception on HTTP::Handler
| Closed stream (IO::Error)
|   from /home/uchiha/playground/crystal/src/http/server/response.cr:215:15 in 'content_type='
|   from lib/kemal/src/kemal/helpers/templates.cr:25:3 in 'render_500'
|   from lib/kemal/src/kemal/exception_handler.cr:34:7 in 'call'
|   from /home/uchiha/playground/crystal/src/http/server/handler.cr:30:7 in 'call'
|   from /home/uchiha/playground/crystal/src/http/server/handler.cr:30:7 in 'call'
|   from /home/uchiha/playground/crystal/src/http/server/handler.cr:30:7 in 'call'
|   from /home/uchiha/playground/crystal/src/http/server/request_processor.cr:58:11 in 'process'
|   from /home/uchiha/playground/crystal/src/http/server.cr:506:5 in '->'
|   from /home/uchiha/playground/crystal/src/fiber.cr:168:11 in 'run'
|   from /home/uchiha/playground/crystal/src/fiber.cr:103:3 in '->'
|   from ???
ERR 2026-08-04T07:14:19.939Z > Error while writing data to the client
| Error while writing data to the client (HTTP::Server::ClientError)
|   from /home/uchiha/playground/crystal/src/http/server/response.cr:266:9 in 'unbuffered_write'
|   from /home/uchiha/playground/crystal/src/io/buffered.cr:163:14 in 'write'
|   from /home/uchiha/playground/crystal/src/http/server/response.cr:107:7 in 'write'
|   from /home/uchiha/playground/crystal/src/io.cr:488:7 in 'write_string'
|   from lib/kemal/src/kemal/route_handler.cr:174:7 in 'call'
|   from lib/kemal/src/kemal/websocket_handler.cr:13:14 in 'call'
|   from /home/uchiha/playground/crystal/src/http/server/handler.cr:30:7 in 'call_next'
|   from lib/kemal/src/kemal/filter_handler.cr:46:7 in 'call'
|   from /home/uchiha/playground/crystal/src/http/server/handler.cr:30:7 in 'call_next'
|   from src/middlewares/web_api_auth_middleware.cr:8:12 in 'call'
|   from /home/uchiha/playground/crystal/src/http/server/handler.cr:30:7 in 'call_next'
|   from src/middlewares/admin_api_auth_middleware.cr:7:12 in 'call'
|   from /home/uchiha/playground/crystal/src/http/server/handler.cr:30:7 in 'call_next'
|   from /home/uchiha/playground/crystal/src/http/server/handlers/static_file_handler.cr:60:12 in 'call'
|   from /home/uchiha/playground/crystal/src/http/server/handler.cr:30:7 in 'call'
|   from /home/uchiha/playground/crystal/src/http/server/handler.cr:30:7 in 'call'
|   from /home/uchiha/playground/crystal/src/http/server/handler.cr:30:7 in 'call'
|   from /home/uchiha/playground/crystal/src/http/server/handler.cr:30:7 in 'call'
|   from /home/uchiha/playground/crystal/src/http/server/request_processor.cr:58:11 in 'process'
|   from /home/uchiha/playground/crystal/src/http/server.cr:506:5 in '->'
|   from /home/uchiha/playground/crystal/src/fiber.cr:168:11 in 'run'
|   from /home/uchiha/playground/crystal/src/fiber.cr:103:3 in '->'
|   from ???
| Caused by: write (#<TCPSocket:0x7334e8927428>): Broken pipe (IO::Error)
|   from /home/uchiha/playground/crystal/src/crystal/system/thread.cr:72:3 in 'unbuffered_write'
|   from /home/uchiha/playground/crystal/src/io/buffered.cr:163:14 in 'write'
|   from /home/uchiha/playground/crystal/src/http/server/response.cr:282:11 in 'unbuffered_write'
|   from /home/uchiha/playground/crystal/src/io/buffered.cr:163:14 in 'write'
|   from /home/uchiha/playground/crystal/src/http/server/response.cr:107:7 in 'write'
|   from /home/uchiha/playground/crystal/src/io.cr:488:7 in 'write_string'
|   from lib/kemal/src/kemal/route_handler.cr:174:7 in 'call'
|   from lib/kemal/src/kemal/websocket_handler.cr:13:14 in 'call'
|   from /home/uchiha/playground/crystal/src/http/server/handler.cr:30:7 in 'call_next'
|   from lib/kemal/src/kemal/filter_handler.cr:46:7 in 'call'
|   from /home/uchiha/playground/crystal/src/http/server/handler.cr:30:7 in 'call_next'
|   from src/middlewares/web_api_auth_middleware.cr:8:12 in 'call'
|   from /home/uchiha/playground/crystal/src/http/server/handler.cr:30:7 in 'call_next'
|   from src/middlewares/admin_api_auth_middleware.cr:7:12 in 'call'
|   from /home/uchiha/playground/crystal/src/http/server/handler.cr:30:7 in 'call_next'
|   from /home/uchiha/playground/crystal/src/http/server/handlers/static_file_handler.cr:60:12 in 'call'
|   from /home/uchiha/playground/crystal/src/http/server/handler.cr:30:7 in 'call'
|   from /home/uchiha/playground/crystal/src/http/server/handler.cr:30:7 in 'call'
|   from /home/uchiha/playground/crystal/src/http/server/handler.cr:30:7 in 'call'
|   from /home/uchiha/playground/crystal/src/http/server/handler.cr:30:7 in 'call'
|   from /home/uchiha/playground/crystal/src/http/server/request_processor.cr:58:11 in 'process'
|   from /home/uchiha/playground/crystal/src/http/server.cr:506:5 in '->'
|   from /home/uchiha/playground/crystal/src/fiber.cr:168:11 in 'run'
|   from /home/uchiha/playground/crystal/src/fiber.cr:103:3 in '->'
|   from ???
ERR 2026-08-04T07:14:19.939Z > Unhandled exception on HTTP::Handler
| Closed stream (IO::Error)
|   from /home/uchiha/playground/crystal/src/http/server/response.cr:215:15 in 'content_type='
|   from lib/kemal/src/kemal/helpers/templates.cr:25:3 in 'render_500'
|   from lib/kemal/src/kemal/exception_handler.cr:34:7 in 'call'
|   from /home/uchiha/playground/crystal/src/http/server/handler.cr:30:7 in 'call'
|   from /home/uchiha/playground/crystal/src/http/server/handler.cr:30:7 in 'call'
|   from /home/uchiha/playground/crystal/src/http/server/handler.cr:30:7 in 'call'
|   from /home/uchiha/playground/crystal/src/http/server/request_processor.cr:58:11 in 'process'
|   from /home/uchiha/playground/crystal/src/http/server.cr:506:5 in '->'
|   from /home/uchiha/playground/crystal/src/fiber.cr:168:11 in 'run'
|   from /home/uchiha/playground/crystal/src/fiber.cr:103:3 in '->'
|   from ???
ERR 2026-08-04T07:14:19.939Z > Error while writing data to the client
| Error while writing data to the client (HTTP::Server::ClientError)
|   from /home/uchiha/playground/crystal/src/http/server/response.cr:266:9 in 'unbuffered_write'
|   from /home/uchiha/playground/crystal/src/io/buffered.cr:163:14 in 'write'
|   from /home/uchiha/playground/crystal/src/http/server/response.cr:107:7 in 'write'
|   from /home/uchiha/playground/crystal/src/io.cr:488:7 in 'write_string'
|   from lib/kemal/src/kemal/route_handler.cr:174:7 in 'call'
|   from lib/kemal/src/kemal/websocket_handler.cr:13:14 in 'call'
|   from /home/uchiha/playground/crystal/src/http/server/handler.cr:30:7 in 'call_next'
|   from lib/kemal/src/kemal/filter_handler.cr:46:7 in 'call'
|   from /home/uchiha/playground/crystal/src/http/server/handler.cr:30:7 in 'call_next'
|   from src/middlewares/web_api_auth_middleware.cr:8:12 in 'call'
|   from /home/uchiha/playground/crystal/src/http/server/handler.cr:30:7 in 'call_next'
|   from src/middlewares/admin_api_auth_middleware.cr:7:12 in 'call'
|   from /home/uchiha/playground/crystal/src/http/server/handler.cr:30:7 in 'call_next'
|   from /home/uchiha/playground/crystal/src/http/server/handlers/static_file_handler.cr:60:12 in 'call'
|   from /home/uchiha/playground/crystal/src/http/server/handler.cr:30:7 in 'call'
|   from /home/uchiha/playground/crystal/src/http/server/handler.cr:30:7 in 'call'
|   from /home/uchiha/playground/crystal/src/http/server/handler.cr:30:7 in 'call'
|   from /home/uchiha/playground/crystal/src/http/server/handler.cr:30:7 in 'call'
|   from /home/uchiha/playground/crystal/src/http/server/request_processor.cr:58:11 in 'process'
|   from /home/uchiha/playground/crystal/src/http/server.cr:506:5 in '->'
|   from /home/uchiha/playground/crystal/src/fiber.cr:168:11 in 'run'
|   from /home/uchiha/playground/crystal/src/fiber.cr:103:3 in '->'
|   from ???
| Caused by: write (#<TCPSocket:0x7334e8927ea8>): Broken pipe (IO::Error)
|   from /home/uchiha/playground/crystal/src/crystal/system/thread.cr:72:3 in 'unbuffered_write'
|   from /home/uchiha/playground/crystal/src/io/buffered.cr:163:14 in 'write'
|   from /home/uchiha/playground/crystal/src/http/server/response.cr:282:11 in 'unbuffered_write'
|   from /home/uchiha/playground/crystal/src/io/buffered.cr:163:14 in 'write'
|   from /home/uchiha/playground/crystal/src/http/server/response.cr:107:7 in 'write'
|   from /home/uchiha/playground/crystal/src/io.cr:488:7 in 'write_string'
|   from lib/kemal/src/kemal/route_handler.cr:174:7 in 'call'
|   from lib/kemal/src/kemal/websocket_handler.cr:13:14 in 'call'
|   from /home/uchiha/playground/crystal/src/http/server/handler.cr:30:7 in 'call_next'
|   from lib/kemal/src/kemal/filter_handler.cr:46:7 in 'call'
|   from /home/uchiha/playground/crystal/src/http/server/handler.cr:30:7 in 'call_next'
|   from src/middlewares/web_api_auth_middleware.cr:8:12 in 'call'
|   from /home/uchiha/playground/crystal/src/http/server/handler.cr:30:7 in 'call_next'
|   from src/middlewares/admin_api_auth_middleware.cr:7:12 in 'call'
|   from /home/uchiha/playground/crystal/src/http/server/handler.cr:30:7 in 'call_next'
|   from /home/uchiha/playground/crystal/src/http/server/handlers/static_file_handler.cr:60:12 in 'call'
|   from /home/uchiha/playground/crystal/src/http/server/handler.cr:30:7 in 'call'
|   from /home/uchiha/playground/crystal/src/http/server/handler.cr:30:7 in 'call'
|   from /home/uchiha/playground/crystal/src/http/server/handler.cr:30:7 in 'call'
|   from /home/uchiha/playground/crystal/src/http/server/handler.cr:30:7 in 'call'
|   from /home/uchiha/playground/crystal/src/http/server/request_processor.cr:58:11 in 'process'
|   from /home/uchiha/playground/crystal/src/http/server.cr:506:5 in '->'
|   from /home/uchiha/playground/crystal/src/fiber.cr:168:11 in 'run'
|   from /home/uchiha/playground/crystal/src/fiber.cr:103:3 in '->'
|   from ???
ERR 2026-08-04T07:14:19.939Z > Unhandled exception on HTTP::Handler
| Closed stream (IO::Error)
|   from /home/uchiha/playground/crystal/src/http/server/response.cr:215:15 in 'content_type='
|   from lib/kemal/src/kemal/helpers/templates.cr:25:3 in 'render_500'
|   from lib/kemal/src/kemal/exception_handler.cr:34:7 in 'call'
|   from /home/uchiha/playground/crystal/src/http/server/handler.cr:30:7 in 'call'
|   from /home/uchiha/playground/crystal/src/http/server/handler.cr:30:7 in 'call'
|   from /home/uchiha/playground/crystal/src/http/server/handler.cr:30:7 in 'call'
|   from /home/uchiha/playground/crystal/src/http/server/request_processor.cr:58:11 in 'process'
|   from /home/uchiha/playground/crystal/src/http/server.cr:506:5 in '->'
|   from /home/uchiha/playground/crystal/src/fiber.cr:168:11 in 'run'
|   from /home/uchiha/playground/crystal/src/fiber.cr:103:3 in '->'
|   from ???
ERR 2026-08-04T07:14:19.940Z > Error while writing data to the client
| Error while writing data to the client (HTTP::Server::ClientError)
|   from /home/uchiha/playground/crystal/src/http/server/response.cr:266:9 in 'unbuffered_write'
|   from /home/uchiha/playground/crystal/src/io/buffered.cr:163:14 in 'write'
|   from /home/uchiha/playground/crystal/src/http/server/response.cr:107:7 in 'write'
|   from /home/uchiha/playground/crystal/src/io.cr:488:7 in 'write_string'
|   from lib/kemal/src/kemal/route_handler.cr:174:7 in 'call'
|   from lib/kemal/src/kemal/websocket_handler.cr:13:14 in 'call'
|   from /home/uchiha/playground/crystal/src/http/server/handler.cr:30:7 in 'call_next'
|   from lib/kemal/src/kemal/filter_handler.cr:46:7 in 'call'
|   from /home/uchiha/playground/crystal/src/http/server/handler.cr:30:7 in 'call_next'
|   from src/middlewares/web_api_auth_middleware.cr:8:12 in 'call'
|   from /home/uchiha/playground/crystal/src/http/server/handler.cr:30:7 in 'call_next'
|   from src/middlewares/admin_api_auth_middleware.cr:7:12 in 'call'
|   from /home/uchiha/playground/crystal/src/http/server/handler.cr:30:7 in 'call_next'
|   from /home/uchiha/playground/crystal/src/http/server/handlers/static_file_handler.cr:60:12 in 'call'
|   from /home/uchiha/playground/crystal/src/http/server/handler.cr:30:7 in 'call'
|   from /home/uchiha/playground/crystal/src/http/server/handler.cr:30:7 in 'call'
|   from /home/uchiha/playground/crystal/src/http/server/handler.cr:30:7 in 'call'
|   from /home/uchiha/playground/crystal/src/http/server/handler.cr:30:7 in 'call'
|   from /home/uchiha/playground/crystal/src/http/server/request_processor.cr:58:11 in 'process'
|   from /home/uchiha/playground/crystal/src/http/server.cr:506:5 in '->'
|   from /home/uchiha/playground/crystal/src/fiber.cr:168:11 in 'run'
|   from /home/uchiha/playground/crystal/src/fiber.cr:103:3 in '->'
|   from ???
| Caused by: write (#<TCPSocket:0x7334e89259e8>): Broken pipe (IO::Error)
|   from /home/uchiha/playground/crystal/src/crystal/system/thread.cr:72:3 in 'unbuffered_write'
|   from /home/uchiha/playground/crystal/src/io/buffered.cr:163:14 in 'write'
|   from /home/uchiha/playground/crystal/src/http/server/response.cr:282:11 in 'unbuffered_write'
|   from /home/uchiha/playground/crystal/src/io/buffered.cr:163:14 in 'write'
|   from /home/uchiha/playground/crystal/src/http/server/response.cr:107:7 in 'write'
|   from /home/uchiha/playground/crystal/src/io.cr:488:7 in 'write_string'
|   from lib/kemal/src/kemal/route_handler.cr:174:7 in 'call'
|   from lib/kemal/src/kemal/websocket_handler.cr:13:14 in 'call'
|   from /home/uchiha/playground/crystal/src/http/server/handler.cr:30:7 in 'call_next'
|   from lib/kemal/src/kemal/filter_handler.cr:46:7 in 'call'
|   from /home/uchiha/playground/crystal/src/http/server/handler.cr:30:7 in 'call_next'
|   from src/middlewares/web_api_auth_middleware.cr:8:12 in 'call'
|   from /home/uchiha/playground/crystal/src/http/server/handler.cr:30:7 in 'call_next'
|   from src/middlewares/admin_api_auth_middleware.cr:7:12 in 'call'
|   from /home/uchiha/playground/crystal/src/http/server/handler.cr:30:7 in 'call_next'
|   from /home/uchiha/playground/crystal/src/http/server/handlers/static_file_handler.cr:60:12 in 'call'
|   from /home/uchiha/playground/crystal/src/http/server/handler.cr:30:7 in 'call'
|   from /home/uchiha/playground/crystal/src/http/server/handler.cr:30:7 in 'call'
|   from /home/uchiha/playground/crystal/src/http/server/handler.cr:30:7 in 'call'
|   from /home/uchiha/playground/crystal/src/http/server/handler.cr:30:7 in 'call'
|   from /home/uchiha/playground/crystal/src/http/server/request_processor.cr:58:11 in 'process'
|   from /home/uchiha/playground/crystal/src/http/server.cr:506:5 in '->'
|   from /home/uchiha/playground/crystal/src/fiber.cr:168:11 in 'run'
|   from /home/uchiha/playground/crystal/src/fiber.cr:103:3 in '->'
|   from ???
ERR 2026-08-04T07:14:19.940Z > Unhandled exception on HTTP::Handler
| Closed stream (IO::Error)
|   from /home/uchiha/playground/crystal/src/http/server/response.cr:215:15 in 'content_type='
|   from lib/kemal/src/kemal/helpers/templates.cr:25:3 in 'render_500'
|   from lib/kemal/src/kemal/exception_handler.cr:34:7 in 'call'
|   from /home/uchiha/playground/crystal/src/http/server/handler.cr:30:7 in 'call'
|   from /home/uchiha/playground/crystal/src/http/server/handler.cr:30:7 in 'call'
|   from /home/uchiha/playground/crystal/src/http/server/handler.cr:30:7 in 'call'
|   from /home/uchiha/playground/crystal/src/http/server/request_processor.cr:58:11 in 'process'
|   from /home/uchiha/playground/crystal/src/http/server.cr:506:5 in '->'
|   from /home/uchiha/playground/crystal/src/fiber.cr:168:11 in 'run'
|   from /home/uchiha/playground/crystal/src/fiber.cr:103:3 in '->'
|   from ???
ERR 2026-08-04T07:14:19.941Z > Error while writing data to the client
| Error while writing data to the client (HTTP::Server::ClientError)
|   from /home/uchiha/playground/crystal/src/http/server/response.cr:266:9 in 'unbuffered_write'
|   from /home/uchiha/playground/crystal/src/io/buffered.cr:163:14 in 'write'
|   from /home/uchiha/playground/crystal/src/http/server/response.cr:107:7 in 'write'
|   from /home/uchiha/playground/crystal/src/io.cr:488:7 in 'write_string'
|   from lib/kemal/src/kemal/route_handler.cr:174:7 in 'call'
|   from lib/kemal/src/kemal/websocket_handler.cr:13:14 in 'call'
|   from /home/uchiha/playground/crystal/src/http/server/handler.cr:30:7 in 'call_next'
|   from lib/kemal/src/kemal/filter_handler.cr:46:7 in 'call'
|   from /home/uchiha/playground/crystal/src/http/server/handler.cr:30:7 in 'call_next'
|   from src/middlewares/web_api_auth_middleware.cr:8:12 in 'call'
|   from /home/uchiha/playground/crystal/src/http/server/handler.cr:30:7 in 'call_next'
|   from src/middlewares/admin_api_auth_middleware.cr:7:12 in 'call'
|   from /home/uchiha/playground/crystal/src/http/server/handler.cr:30:7 in 'call_next'
|   from /home/uchiha/playground/crystal/src/http/server/handlers/static_file_handler.cr:60:12 in 'call'
|   from /home/uchiha/playground/crystal/src/http/server/handler.cr:30:7 in 'call'
|   from /home/uchiha/playground/crystal/src/http/server/handler.cr:30:7 in 'call'
|   from /home/uchiha/playground/crystal/src/http/server/handler.cr:30:7 in 'call'
|   from /home/uchiha/playground/crystal/src/http/server/handler.cr:30:7 in 'call'
|   from /home/uchiha/playground/crystal/src/http/server/request_processor.cr:58:11 in 'process'
|   from /home/uchiha/playground/crystal/src/http/server.cr:506:5 in '->'
|   from /home/uchiha/playground/crystal/src/fiber.cr:168:11 in 'run'
|   from /home/uchiha/playground/crystal/src/fiber.cr:103:3 in '->'
|   from ???
| Caused by: write (#<TCPSocket:0x7334e8923528>): Broken pipe (IO::Error)
|   from /home/uchiha/playground/crystal/src/crystal/system/thread.cr:72:3 in 'unbuffered_write'
|   from /home/uchiha/playground/crystal/src/io/buffered.cr:163:14 in 'write'
|   from /home/uchiha/playground/crystal/src/http/server/response.cr:282:11 in 'unbuffered_write'
|   from /home/uchiha/playground/crystal/src/io/buffered.cr:163:14 in 'write'
|   from /home/uchiha/playground/crystal/src/http/server/response.cr:107:7 in 'write'
|   from /home/uchiha/playground/crystal/src/io.cr:488:7 in 'write_string'
|   from lib/kemal/src/kemal/route_handler.cr:174:7 in 'call'
|   from lib/kemal/src/kemal/websocket_handler.cr:13:14 in 'call'
|   from /home/uchiha/playground/crystal/src/http/server/handler.cr:30:7 in 'call_next'
|   from lib/kemal/src/kemal/filter_handler.cr:46:7 in 'call'
|   from /home/uchiha/playground/crystal/src/http/server/handler.cr:30:7 in 'call_next'
|   from src/middlewares/web_api_auth_middleware.cr:8:12 in 'call'
|   from /home/uchiha/playground/crystal/src/http/server/handler.cr:30:7 in 'call_next'
|   from src/middlewares/admin_api_auth_middleware.cr:7:12 in 'call'
|   from /home/uchiha/playground/crystal/src/http/server/handler.cr:30:7 in 'call_next'
|   from /home/uchiha/playground/crystal/src/http/server/handlers/static_file_handler.cr:60:12 in 'call'
|   from /home/uchiha/playground/crystal/src/http/server/handler.cr:30:7 in 'call'
|   from /home/uchiha/playground/crystal/src/http/server/handler.cr:30:7 in 'call'
|   from /home/uchiha/playground/crystal/src/http/server/handler.cr:30:7 in 'call'
|   from /home/uchiha/playground/crystal/src/http/server/handler.cr:30:7 in 'call'
|   from /home/uchiha/playground/crystal/src/http/server/request_processor.cr:58:11 in 'process'
|   from /home/uchiha/playground/crystal/src/http/server.cr:506:5 in '->'
|   from /home/uchiha/playground/crystal/src/fiber.cr:168:11 in 'run'
|   from /home/uchiha/playground/crystal/src/fiber.cr:103:3 in '->'
|   from ???
ERR 2026-08-04T07:14:19.941Z > Unhandled exception on HTTP::Handler
| Closed stream (IO::Error)
|   from /home/uchiha/playground/crystal/src/http/server/response.cr:215:15 in 'content_type='
|   from lib/kemal/src/kemal/helpers/templates.cr:25:3 in 'render_500'
|   from lib/kemal/src/kemal/exception_handler.cr:34:7 in 'call'
|   from /home/uchiha/playground/crystal/src/http/server/handler.cr:30:7 in 'call'
|   from /home/uchiha/playground/crystal/src/http/server/handler.cr:30:7 in 'call'
|   from /home/uchiha/playground/crystal/src/http/server/handler.cr:30:7 in 'call'
|   from /home/uchiha/playground/crystal/src/http/server/request_processor.cr:58:11 in 'process'
|   from /home/uchiha/playground/crystal/src/http/server.cr:506:5 in '->'
|   from /home/uchiha/playground/crystal/src/fiber.cr:168:11 in 'run'
|   from /home/uchiha/playground/crystal/src/fiber.cr:103:3 in '->'
|   from ???
ERR 2026-08-04T07:14:19.966Z > Error while writing data to the client
| Error while writing data to the client (HTTP::Server::ClientError)
|   from /home/uchiha/playground/crystal/src/http/server/response.cr:266:9 in 'unbuffered_write'
|   from /home/uchiha/playground/crystal/src/io/buffered.cr:163:14 in 'write'
|   from /home/uchiha/playground/crystal/src/http/server/response.cr:107:7 in 'write'
|   from /home/uchiha/playground/crystal/src/io.cr:488:7 in 'write_string'
|   from lib/kemal/src/kemal/route_handler.cr:174:7 in 'call'
|   from lib/kemal/src/kemal/websocket_handler.cr:13:14 in 'call'
|   from /home/uchiha/playground/crystal/src/http/server/handler.cr:30:7 in 'call_next'
|   from lib/kemal/src/kemal/filter_handler.cr:46:7 in 'call'
|   from /home/uchiha/playground/crystal/src/http/server/handler.cr:30:7 in 'call_next'
|   from src/middlewares/web_api_auth_middleware.cr:8:12 in 'call'
|   from /home/uchiha/playground/crystal/src/http/server/handler.cr:30:7 in 'call_next'
|   from src/middlewares/admin_api_auth_middleware.cr:7:12 in 'call'
|   from /home/uchiha/playground/crystal/src/http/server/handler.cr:30:7 in 'call_next'
|   from /home/uchiha/playground/crystal/src/http/server/handlers/static_file_handler.cr:60:12 in 'call'
|   from /home/uchiha/playground/crystal/src/http/server/handler.cr:30:7 in 'call'
|   from /home/uchiha/playground/crystal/src/http/server/handler.cr:30:7 in 'call'
|   from /home/uchiha/playground/crystal/src/http/server/handler.cr:30:7 in 'call'
|   from /home/uchiha/playground/crystal/src/http/server/handler.cr:30:7 in 'call'
|   from /home/uchiha/playground/crystal/src/http/server/request_processor.cr:58:11 in 'process'
|   from /home/uchiha/playground/crystal/src/http/server.cr:506:5 in '->'
|   from /home/uchiha/playground/crystal/src/fiber.cr:168:11 in 'run'
|   from /home/uchiha/playground/crystal/src/fiber.cr:103:3 in '->'
|   from ???
| Caused by: write (#<TCPSocket:0x7334e8926468>): Broken pipe (IO::Error)
|   from /home/uchiha/playground/crystal/src/crystal/system/thread.cr:72:3 in 'unbuffered_write'
|   from /home/uchiha/playground/crystal/src/io/buffered.cr:163:14 in 'write'
|   from /home/uchiha/playground/crystal/src/http/server/response.cr:282:11 in 'unbuffered_write'
|   from /home/uchiha/playground/crystal/src/io/buffered.cr:163:14 in 'write'
|   from /home/uchiha/playground/crystal/src/http/server/response.cr:107:7 in 'write'
|   from /home/uchiha/playground/crystal/src/io.cr:488:7 in 'write_string'
|   from lib/kemal/src/kemal/route_handler.cr:174:7 in 'call'
|   from lib/kemal/src/kemal/websocket_handler.cr:13:14 in 'call'
|   from /home/uchiha/playground/crystal/src/http/server/handler.cr:30:7 in 'call_next'
|   from lib/kemal/src/kemal/filter_handler.cr:46:7 in 'call'
|   from /home/uchiha/playground/crystal/src/http/server/handler.cr:30:7 in 'call_next'
|   from src/middlewares/web_api_auth_middleware.cr:8:12 in 'call'
|   from /home/uchiha/playground/crystal/src/http/server/handler.cr:30:7 in 'call_next'
|   from src/middlewares/admin_api_auth_middleware.cr:7:12 in 'call'
|   from /home/uchiha/playground/crystal/src/http/server/handler.cr:30:7 in 'call_next'
|   from /home/uchiha/playground/crystal/src/http/server/handlers/static_file_handler.cr:60:12 in 'call'
|   from /home/uchiha/playground/crystal/src/http/server/handler.cr:30:7 in 'call'
|   from /home/uchiha/playground/crystal/src/http/server/handler.cr:30:7 in 'call'
|   from /home/uchiha/playground/crystal/src/http/server/handler.cr:30:7 in 'call'
|   from /home/uchiha/playground/crystal/src/http/server/handler.cr:30:7 in 'call'
|   from /home/uchiha/playground/crystal/src/http/server/request_processor.cr:58:11 in 'process'
|   from /home/uchiha/playground/crystal/src/http/server.cr:506:5 in '->'
|   from /home/uchiha/playground/crystal/src/fiber.cr:168:11 in 'run'
|   from /home/uchiha/playground/crystal/src/fiber.cr:103:3 in '->'
|   from ???
ERR 2026-08-04T07:14:19.966Z > Unhandled exception on HTTP::Handler
| Closed stream (IO::Error)
|   from /home/uchiha/playground/crystal/src/http/server/response.cr:215:15 in 'content_type='
|   from lib/kemal/src/kemal/helpers/templates.cr:25:3 in 'render_500'
|   from lib/kemal/src/kemal/exception_handler.cr:34:7 in 'call'
|   from /home/uchiha/playground/crystal/src/http/server/handler.cr:30:7 in 'call'
|   from /home/uchiha/playground/crystal/src/http/server/handler.cr:30:7 in 'call'
|   from /home/uchiha/playground/crystal/src/http/server/handler.cr:30:7 in 'call'
|   from /home/uchiha/playground/crystal/src/http/server/request_processor.cr:58:11 in 'process'
|   from /home/uchiha/playground/crystal/src/http/server.cr:506:5 in '->'
|   from /home/uchiha/playground/crystal/src/fiber.cr:168:11 in 'run'
|   from /home/uchiha/playground/crystal/src/fiber.cr:103:3 in '->'
|   from ???
ERR 2026-08-04T07:14:19.978Z > Error while writing data to the client
| Error while writing data to the client (HTTP::Server::ClientError)
|   from /home/uchiha/playground/crystal/src/http/server/response.cr:266:9 in 'unbuffered_write'
|   from /home/uchiha/playground/crystal/src/io/buffered.cr:163:14 in 'write'
|   from /home/uchiha/playground/crystal/src/http/server/response.cr:107:7 in 'write'
|   from /home/uchiha/playground/crystal/src/io.cr:488:7 in 'write_string'
|   from lib/kemal/src/kemal/route_handler.cr:174:7 in 'call'
|   from lib/kemal/src/kemal/websocket_handler.cr:13:14 in 'call'
|   from /home/uchiha/playground/crystal/src/http/server/handler.cr:30:7 in 'call_next'
|   from lib/kemal/src/kemal/filter_handler.cr:46:7 in 'call'
|   from /home/uchiha/playground/crystal/src/http/server/handler.cr:30:7 in 'call_next'
|   from src/middlewares/web_api_auth_middleware.cr:8:12 in 'call'
|   from /home/uchiha/playground/crystal/src/http/server/handler.cr:30:7 in 'call_next'
|   from src/middlewares/admin_api_auth_middleware.cr:7:12 in 'call'
|   from /home/uchiha/playground/crystal/src/http/server/handler.cr:30:7 in 'call_next'
|   from /home/uchiha/playground/crystal/src/http/server/handlers/static_file_handler.cr:60:12 in 'call'
|   from /home/uchiha/playground/crystal/src/http/server/handler.cr:30:7 in 'call'
|   from /home/uchiha/playground/crystal/src/http/server/handler.cr:30:7 in 'call'
|   from /home/uchiha/playground/crystal/src/http/server/handler.cr:30:7 in 'call'
|   from /home/uchiha/playground/crystal/src/http/server/handler.cr:30:7 in 'call'
|   from /home/uchiha/playground/crystal/src/http/server/request_processor.cr:58:11 in 'process'
|   from /home/uchiha/playground/crystal/src/http/server.cr:506:5 in '->'
|   from /home/uchiha/playground/crystal/src/fiber.cr:168:11 in 'run'
|   from /home/uchiha/playground/crystal/src/fiber.cr:103:3 in '->'
|   from ???
| Caused by: write (#<TCPSocket:0x7334e8923288>): Broken pipe (IO::Error)
|   from /home/uchiha/playground/crystal/src/crystal/system/thread.cr:72:3 in 'unbuffered_write'
|   from /home/uchiha/playground/crystal/src/io/buffered.cr:163:14 in 'write'
|   from /home/uchiha/playground/crystal/src/http/server/response.cr:282:11 in 'unbuffered_write'
|   from /home/uchiha/playground/crystal/src/io/buffered.cr:163:14 in 'write'
|   from /home/uchiha/playground/crystal/src/http/server/response.cr:107:7 in 'write'
|   from /home/uchiha/playground/crystal/src/io.cr:488:7 in 'write_string'
|   from lib/kemal/src/kemal/route_handler.cr:174:7 in 'call'
|   from lib/kemal/src/kemal/websocket_handler.cr:13:14 in 'call'
|   from /home/uchiha/playground/crystal/src/http/server/handler.cr:30:7 in 'call_next'
|   from lib/kemal/src/kemal/filter_handler.cr:46:7 in 'call'
|   from /home/uchiha/playground/crystal/src/http/server/handler.cr:30:7 in 'call_next'
|   from src/middlewares/web_api_auth_middleware.cr:8:12 in 'call'
|   from /home/uchiha/playground/crystal/src/http/server/handler.cr:30:7 in 'call_next'
|   from src/middlewares/admin_api_auth_middleware.cr:7:12 in 'call'
|   from /home/uchiha/playground/crystal/src/http/server/handler.cr:30:7 in 'call_next'
|   from /home/uchiha/playground/crystal/src/http/server/handlers/static_file_handler.cr:60:12 in 'call'
|   from /home/uchiha/playground/crystal/src/http/server/handler.cr:30:7 in 'call'
|   from /home/uchiha/playground/crystal/src/http/server/handler.cr:30:7 in 'call'
|   from /home/uchiha/playground/crystal/src/http/server/handler.cr:30:7 in 'call'
|   from /home/uchiha/playground/crystal/src/http/server/handler.cr:30:7 in 'call'
|   from /home/uchiha/playground/crystal/src/http/server/request_processor.cr:58:11 in 'process'
|   from /home/uchiha/playground/crystal/src/http/server.cr:506:5 in '->'
|   from /home/uchiha/playground/crystal/src/fiber.cr:168:11 in 'run'
|   from /home/uchiha/playground/crystal/src/fiber.cr:103:3 in '->'
|   from ???
ERR 2026-08-04T07:14:19.978Z > Unhandled exception on HTTP::Handler
| Closed stream (IO::Error)
|   from /home/uchiha/playground/crystal/src/http/server/response.cr:215:15 in 'content_type='
|   from lib/kemal/src/kemal/helpers/templates.cr:25:3 in 'render_500'
|   from lib/kemal/src/kemal/exception_handler.cr:34:7 in 'call'
|   from /home/uchiha/playground/crystal/src/http/server/handler.cr:30:7 in 'call'
|   from /home/uchiha/playground/crystal/src/http/server/handler.cr:30:7 in 'call'
|   from /home/uchiha/playground/crystal/src/http/server/handler.cr:30:7 in 'call'
|   from /home/uchiha/playground/crystal/src/http/server/request_processor.cr:58:11 in 'process'
|   from /home/uchiha/playground/crystal/src/http/server.cr:506:5 in '->'
|   from /home/uchiha/playground/crystal/src/fiber.cr:168:11 in 'run'
|   from /home/uchiha/playground/crystal/src/fiber.cr:103:3 in '->'
|   from ???
ERR 2026-08-04T07:14:19.978Z > Error while writing data to the client
| Error while writing data to the client (HTTP::Server::ClientError)
|   from /home/uchiha/playground/crystal/src/http/server/response.cr:266:9 in 'unbuffered_write'
|   from /home/uchiha/playground/crystal/src/io/buffered.cr:163:14 in 'write'
|   from /home/uchiha/playground/crystal/src/http/server/response.cr:107:7 in 'write'
|   from /home/uchiha/playground/crystal/src/io.cr:488:7 in 'write_string'
|   from lib/kemal/src/kemal/route_handler.cr:174:7 in 'call'
|   from lib/kemal/src/kemal/websocket_handler.cr:13:14 in 'call'
|   from /home/uchiha/playground/crystal/src/http/server/handler.cr:30:7 in 'call_next'
|   from lib/kemal/src/kemal/filter_handler.cr:46:7 in 'call'
|   from /home/uchiha/playground/crystal/src/http/server/handler.cr:30:7 in 'call_next'
|   from src/middlewares/web_api_auth_middleware.cr:8:12 in 'call'
|   from /home/uchiha/playground/crystal/src/http/server/handler.cr:30:7 in 'call_next'
|   from src/middlewares/admin_api_auth_middleware.cr:7:12 in 'call'
|   from /home/uchiha/playground/crystal/src/http/server/handler.cr:30:7 in 'call_next'
|   from /home/uchiha/playground/crystal/src/http/server/handlers/static_file_handler.cr:60:12 in 'call'
|   from /home/uchiha/playground/crystal/src/http/server/handler.cr:30:7 in 'call'
|   from /home/uchiha/playground/crystal/src/http/server/handler.cr:30:7 in 'call'
|   from /home/uchiha/playground/crystal/src/http/server/handler.cr:30:7 in 'call'
|   from /home/uchiha/playground/crystal/src/http/server/handler.cr:30:7 in 'call'
|   from /home/uchiha/playground/crystal/src/http/server/request_processor.cr:58:11 in 'process'
|   from /home/uchiha/playground/crystal/src/http/server.cr:506:5 in '->'
|   from /home/uchiha/playground/crystal/src/fiber.cr:168:11 in 'run'
|   from /home/uchiha/playground/crystal/src/fiber.cr:103:3 in '->'
|   from ???
| Caused by: write (#<TCPSocket:0x7334e8924788>): Broken pipe (IO::Error)
|   from /home/uchiha/playground/crystal/src/crystal/system/thread.cr:72:3 in 'unbuffered_write'
|   from /home/uchiha/playground/crystal/src/io/buffered.cr:163:14 in 'write'
|   from /home/uchiha/playground/crystal/src/http/server/response.cr:282:11 in 'unbuffered_write'
|   from /home/uchiha/playground/crystal/src/io/buffered.cr:163:14 in 'write'
|   from /home/uchiha/playground/crystal/src/http/server/response.cr:107:7 in 'write'
|   from /home/uchiha/playground/crystal/src/io.cr:488:7 in 'write_string'
|   from lib/kemal/src/kemal/route_handler.cr:174:7 in 'call'
|   from lib/kemal/src/kemal/websocket_handler.cr:13:14 in 'call'
|   from /home/uchiha/playground/crystal/src/http/server/handler.cr:30:7 in 'call_next'
|   from lib/kemal/src/kemal/filter_handler.cr:46:7 in 'call'
|   from /home/uchiha/playground/crystal/src/http/server/handler.cr:30:7 in 'call_next'
|   from src/middlewares/web_api_auth_middleware.cr:8:12 in 'call'
|   from /home/uchiha/playground/crystal/src/http/server/handler.cr:30:7 in 'call_next'
|   from src/middlewares/admin_api_auth_middleware.cr:7:12 in 'call'
|   from /home/uchiha/playground/crystal/src/http/server/handler.cr:30:7 in 'call_next'
|   from /home/uchiha/playground/crystal/src/http/server/handlers/static_file_handler.cr:60:12 in 'call'
|   from /home/uchiha/playground/crystal/src/http/server/handler.cr:30:7 in 'call'
|   from /home/uchiha/playground/crystal/src/http/server/handler.cr:30:7 in 'call'
|   from /home/uchiha/playground/crystal/src/http/server/handler.cr:30:7 in 'call'
|   from /home/uchiha/playground/crystal/src/http/server/handler.cr:30:7 in 'call'
|   from /home/uchiha/playground/crystal/src/http/server/request_processor.cr:58:11 in 'process'
|   from /home/uchiha/playground/crystal/src/http/server.cr:506:5 in '->'
|   from /home/uchiha/playground/crystal/src/fiber.cr:168:11 in 'run'
|   from /home/uchiha/playground/crystal/src/fiber.cr:103:3 in '->'
|   from ???
ERR 2026-08-04T07:14:19.978Z > Unhandled exception on HTTP::Handler
| Closed stream (IO::Error)
|   from /home/uchiha/playground/crystal/src/http/server/response.cr:215:15 in 'content_type='
|   from lib/kemal/src/kemal/helpers/templates.cr:25:3 in 'render_500'
|   from lib/kemal/src/kemal/exception_handler.cr:34:7 in 'call'
|   from /home/uchiha/playground/crystal/src/http/server/handler.cr:30:7 in 'call'
|   from /home/uchiha/playground/crystal/src/http/server/handler.cr:30:7 in 'call'
|   from /home/uchiha/playground/crystal/src/http/server/handler.cr:30:7 in 'call'
|   from /home/uchiha/playground/crystal/src/http/server/request_processor.cr:58:11 in 'process'
|   from /home/uchiha/playground/crystal/src/http/server.cr:506:5 in '->'
|   from /home/uchiha/playground/crystal/src/fiber.cr:168:11 in 'run'
|   from /home/uchiha/playground/crystal/src/fiber.cr:103:3 in '->'
|   from ???
ERR 2026-08-04T07:14:19.979Z > Error while writing data to the client
| Error while writing data to the client (HTTP::Server::ClientError)
|   from /home/uchiha/playground/crystal/src/http/server/response.cr:266:9 in 'unbuffered_write'
|   from /home/uchiha/playground/crystal/src/io/buffered.cr:163:14 in 'write'
|   from /home/uchiha/playground/crystal/src/http/server/response.cr:107:7 in 'write'
|   from /home/uchiha/playground/crystal/src/io.cr:488:7 in 'write_string'
|   from lib/kemal/src/kemal/route_handler.cr:174:7 in 'call'
|   from lib/kemal/src/kemal/websocket_handler.cr:13:14 in 'call'
|   from /home/uchiha/playground/crystal/src/http/server/handler.cr:30:7 in 'call_next'
|   from lib/kemal/src/kemal/filter_handler.cr:46:7 in 'call'
|   from /home/uchiha/playground/crystal/src/http/server/handler.cr:30:7 in 'call_next'
|   from src/middlewares/web_api_auth_middleware.cr:8:12 in 'call'
|   from /home/uchiha/playground/crystal/src/http/server/handler.cr:30:7 in 'call_next'
|   from src/middlewares/admin_api_auth_middleware.cr:7:12 in 'call'
|   from /home/uchiha/playground/crystal/src/http/server/handler.cr:30:7 in 'call_next'
|   from /home/uchiha/playground/crystal/src/http/server/handlers/static_file_handler.cr:60:12 in 'call'
|   from /home/uchiha/playground/crystal/src/http/server/handler.cr:30:7 in 'call'
|   from /home/uchiha/playground/crystal/src/http/server/handler.cr:30:7 in 'call'
|   from /home/uchiha/playground/crystal/src/http/server/handler.cr:30:7 in 'call'
|   from /home/uchiha/playground/crystal/src/http/server/handler.cr:30:7 in 'call'
|   from /home/uchiha/playground/crystal/src/http/server/request_processor.cr:58:11 in 'process'
|   from /home/uchiha/playground/crystal/src/http/server.cr:506:5 in '->'
|   from /home/uchiha/playground/crystal/src/fiber.cr:168:11 in 'run'
|   from /home/uchiha/playground/crystal/src/fiber.cr:103:3 in '->'
|   from ???
| Caused by: write (#<TCPSocket:0x7334e8920498>): Broken pipe (IO::Error)
|   from /home/uchiha/playground/crystal/src/crystal/system/thread.cr:72:3 in 'unbuffered_write'
|   from /home/uchiha/playground/crystal/src/io/buffered.cr:163:14 in 'write'
|   from /home/uchiha/playground/crystal/src/http/server/response.cr:282:11 in 'unbuffered_write'
|   from /home/uchiha/playground/crystal/src/io/buffered.cr:163:14 in 'write'
|   from /home/uchiha/playground/crystal/src/http/server/response.cr:107:7 in 'write'
|   from /home/uchiha/playground/crystal/src/io.cr:488:7 in 'write_string'
|   from lib/kemal/src/kemal/route_handler.cr:174:7 in 'call'
|   from lib/kemal/src/kemal/websocket_handler.cr:13:14 in 'call'
|   from /home/uchiha/playground/crystal/src/http/server/handler.cr:30:7 in 'call_next'
|   from lib/kemal/src/kemal/filter_handler.cr:46:7 in 'call'
|   from /home/uchiha/playground/crystal/src/http/server/handler.cr:30:7 in 'call_next'
|   from src/middlewares/web_api_auth_middleware.cr:8:12 in 'call'
|   from /home/uchiha/playground/crystal/src/http/server/handler.cr:30:7 in 'call_next'
|   from src/middlewares/admin_api_auth_middleware.cr:7:12 in 'call'
|   from /home/uchiha/playground/crystal/src/http/server/handler.cr:30:7 in 'call_next'
|   from /home/uchiha/playground/crystal/src/http/server/handlers/static_file_handler.cr:60:12 in 'call'
|   from /home/uchiha/playground/crystal/src/http/server/handler.cr:30:7 in 'call'
|   from /home/uchiha/playground/crystal/src/http/server/handler.cr:30:7 in 'call'
|   from /home/uchiha/playground/crystal/src/http/server/handler.cr:30:7 in 'call'
|   from /home/uchiha/playground/crystal/src/http/server/handler.cr:30:7 in 'call'
|   from /home/uchiha/playground/crystal/src/http/server/request_processor.cr:58:11 in 'process'
|   from /home/uchiha/playground/crystal/src/http/server.cr:506:5 in '->'
|   from /home/uchiha/playground/crystal/src/fiber.cr:168:11 in 'run'
|   from /home/uchiha/playground/crystal/src/fiber.cr:103:3 in '->'
|   from ???
ERR 2026-08-04T07:14:19.979Z > Unhandled exception on HTTP::Handler
| Closed stream (IO::Error)
|   from /home/uchiha/playground/crystal/src/http/server/response.cr:215:15 in 'content_type='
|   from lib/kemal/src/kemal/helpers/templates.cr:25:3 in 'render_500'
|   from lib/kemal/src/kemal/exception_handler.cr:34:7 in 'call'
|   from /home/uchiha/playground/crystal/src/http/server/handler.cr:30:7 in 'call'
|   from /home/uchiha/playground/crystal/src/http/server/handler.cr:30:7 in 'call'
|   from /home/uchiha/playground/crystal/src/http/server/handler.cr:30:7 in 'call'
|   from /home/uchiha/playground/crystal/src/http/server/request_processor.cr:58:11 in 'process'
|   from /home/uchiha/playground/crystal/src/http/server.cr:506:5 in '->'
|   from /home/uchiha/playground/crystal/src/fiber.cr:168:11 in 'run'
|   from /home/uchiha/playground/crystal/src/fiber.cr:103:3 in '->'
|   from ???
ERR 2026-08-04T07:14:19.979Z > Error while writing data to the client
| Error while writing data to the client (HTTP::Server::ClientError)
|   from /home/uchiha/playground/crystal/src/http/server/response.cr:266:9 in 'unbuffered_write'
|   from /home/uchiha/playground/crystal/src/io/buffered.cr:163:14 in 'write'
|   from /home/uchiha/playground/crystal/src/http/server/response.cr:107:7 in 'write'
|   from /home/uchiha/playground/crystal/src/io.cr:488:7 in 'write_string'
|   from lib/kemal/src/kemal/route_handler.cr:174:7 in 'call'
|   from lib/kemal/src/kemal/websocket_handler.cr:13:14 in 'call'
|   from /home/uchiha/playground/crystal/src/http/server/handler.cr:30:7 in 'call_next'
|   from lib/kemal/src/kemal/filter_handler.cr:46:7 in 'call'
|   from /home/uchiha/playground/crystal/src/http/server/handler.cr:30:7 in 'call_next'
|   from src/middlewares/web_api_auth_middleware.cr:8:12 in 'call'
|   from /home/uchiha/playground/crystal/src/http/server/handler.cr:30:7 in 'call_next'
|   from src/middlewares/admin_api_auth_middleware.cr:7:12 in 'call'
|   from /home/uchiha/playground/crystal/src/http/server/handler.cr:30:7 in 'call_next'
|   from /home/uchiha/playground/crystal/src/http/server/handlers/static_file_handler.cr:60:12 in 'call'
|   from /home/uchiha/playground/crystal/src/http/server/handler.cr:30:7 in 'call'
|   from /home/uchiha/playground/crystal/src/http/server/handler.cr:30:7 in 'call'
|   from /home/uchiha/playground/crystal/src/http/server/handler.cr:30:7 in 'call'
|   from /home/uchiha/playground/crystal/src/http/server/handler.cr:30:7 in 'call'
|   from /home/uchiha/playground/crystal/src/http/server/request_processor.cr:58:11 in 'process'
|   from /home/uchiha/playground/crystal/src/http/server.cr:506:5 in '->'
|   from /home/uchiha/playground/crystal/src/fiber.cr:168:11 in 'run'
|   from /home/uchiha/playground/crystal/src/fiber.cr:103:3 in '->'
|   from ???
| Caused by: write (#<TCPSocket:0x7334e8921c38>): Broken pipe (IO::Error)
|   from /home/uchiha/playground/crystal/src/crystal/system/thread.cr:72:3 in 'unbuffered_write'
|   from /home/uchiha/playground/crystal/src/io/buffered.cr:163:14 in 'write'
|   from /home/uchiha/playground/crystal/src/http/server/response.cr:282:11 in 'unbuffered_write'
|   from /home/uchiha/playground/crystal/src/io/buffered.cr:163:14 in 'write'
|   from /home/uchiha/playground/crystal/src/http/server/response.cr:107:7 in 'write'
|   from /home/uchiha/playground/crystal/src/io.cr:488:7 in 'write_string'
|   from lib/kemal/src/kemal/route_handler.cr:174:7 in 'call'
|   from lib/kemal/src/kemal/websocket_handler.cr:13:14 in 'call'
|   from /home/uchiha/playground/crystal/src/http/server/handler.cr:30:7 in 'call_next'
|   from lib/kemal/src/kemal/filter_handler.cr:46:7 in 'call'
|   from /home/uchiha/playground/crystal/src/http/server/handler.cr:30:7 in 'call_next'
|   from src/middlewares/web_api_auth_middleware.cr:8:12 in 'call'
|   from /home/uchiha/playground/crystal/src/http/server/handler.cr:30:7 in 'call_next'
|   from src/middlewares/admin_api_auth_middleware.cr:7:12 in 'call'
|   from /home/uchiha/playground/crystal/src/http/server/handler.cr:30:7 in 'call_next'
|   from /home/uchiha/playground/crystal/src/http/server/handlers/static_file_handler.cr:60:12 in 'call'
|   from /home/uchiha/playground/crystal/src/http/server/handler.cr:30:7 in 'call'
|   from /home/uchiha/playground/crystal/src/http/server/handler.cr:30:7 in 'call'
|   from /home/uchiha/playground/crystal/src/http/server/handler.cr:30:7 in 'call'
|   from /home/uchiha/playground/crystal/src/http/server/handler.cr:30:7 in 'call'
|   from /home/uchiha/playground/crystal/src/http/server/request_processor.cr:58:11 in 'process'
|   from /home/uchiha/playground/crystal/src/http/server.cr:506:5 in '->'
|   from /home/uchiha/playground/crystal/src/fiber.cr:168:11 in 'run'
|   from /home/uchiha/playground/crystal/src/fiber.cr:103:3 in '->'
|   from ???
ERR 2026-08-04T07:14:19.979Z > Unhandled exception on HTTP::Handler
| Closed stream (IO::Error)
|   from /home/uchiha/playground/crystal/src/http/server/response.cr:215:15 in 'content_type='
|   from lib/kemal/src/kemal/helpers/templates.cr:25:3 in 'render_500'
|   from lib/kemal/src/kemal/exception_handler.cr:34:7 in 'call'
|   from /home/uchiha/playground/crystal/src/http/server/handler.cr:30:7 in 'call'
|   from /home/uchiha/playground/crystal/src/http/server/handler.cr:30:7 in 'call'
|   from /home/uchiha/playground/crystal/src/http/server/handler.cr:30:7 in 'call'
|   from /home/uchiha/playground/crystal/src/http/server/request_processor.cr:58:11 in 'process'
|   from /home/uchiha/playground/crystal/src/http/server.cr:506:5 in '->'
|   from /home/uchiha/playground/crystal/src/fiber.cr:168:11 in 'run'
|   from /home/uchiha/playground/crystal/src/fiber.cr:103:3 in '->'
|   from ???
ERR 2026-08-04T07:14:19.996Z > Error while writing data to the client
| Error while writing data to the client (HTTP::Server::ClientError)
|   from /home/uchiha/playground/crystal/src/http/server/response.cr:266:9 in 'unbuffered_write'
|   from /home/uchiha/playground/crystal/src/io/buffered.cr:163:14 in 'write'
|   from /home/uchiha/playground/crystal/src/http/server/response.cr:107:7 in 'write'
|   from /home/uchiha/playground/crystal/src/io.cr:488:7 in 'write_string'
|   from lib/kemal/src/kemal/route_handler.cr:174:7 in 'call'
|   from lib/kemal/src/kemal/websocket_handler.cr:13:14 in 'call'
|   from /home/uchiha/playground/crystal/src/http/server/handler.cr:30:7 in 'call_next'
|   from lib/kemal/src/kemal/filter_handler.cr:46:7 in 'call'
|   from /home/uchiha/playground/crystal/src/http/server/handler.cr:30:7 in 'call_next'
|   from src/middlewares/web_api_auth_middleware.cr:8:12 in 'call'
|   from /home/uchiha/playground/crystal/src/http/server/handler.cr:30:7 in 'call_next'
|   from src/middlewares/admin_api_auth_middleware.cr:7:12 in 'call'
|   from /home/uchiha/playground/crystal/src/http/server/handler.cr:30:7 in 'call_next'
|   from /home/uchiha/playground/crystal/src/http/server/handlers/static_file_handler.cr:60:12 in 'call'
|   from /home/uchiha/playground/crystal/src/http/server/handler.cr:30:7 in 'call'
|   from /home/uchiha/playground/crystal/src/http/server/handler.cr:30:7 in 'call'
|   from /home/uchiha/playground/crystal/src/http/server/handler.cr:30:7 in 'call'
|   from /home/uchiha/playground/crystal/src/http/server/handler.cr:30:7 in 'call'
|   from /home/uchiha/playground/crystal/src/http/server/request_processor.cr:58:11 in 'process'
|   from /home/uchiha/playground/crystal/src/http/server.cr:506:5 in '->'
|   from /home/uchiha/playground/crystal/src/fiber.cr:168:11 in 'run'
|   from /home/uchiha/playground/crystal/src/fiber.cr:103:3 in '->'
|   from ???
| Caused by: write (#<TCPSocket:0x7334e8928148>): Broken pipe (IO::Error)
|   from /home/uchiha/playground/crystal/src/crystal/system/thread.cr:72:3 in 'unbuffered_write'
|   from /home/uchiha/playground/crystal/src/io/buffered.cr:163:14 in 'write'
|   from /home/uchiha/playground/crystal/src/http/server/response.cr:282:11 in 'unbuffered_write'
|   from /home/uchiha/playground/crystal/src/io/buffered.cr:163:14 in 'write'
|   from /home/uchiha/playground/crystal/src/http/server/response.cr:107:7 in 'write'
|   from /home/uchiha/playground/crystal/src/io.cr:488:7 in 'write_string'
|   from lib/kemal/src/kemal/route_handler.cr:174:7 in 'call'
|   from lib/kemal/src/kemal/websocket_handler.cr:13:14 in 'call'
|   from /home/uchiha/playground/crystal/src/http/server/handler.cr:30:7 in 'call_next'
|   from lib/kemal/src/kemal/filter_handler.cr:46:7 in 'call'
|   from /home/uchiha/playground/crystal/src/http/server/handler.cr:30:7 in 'call_next'
|   from src/middlewares/web_api_auth_middleware.cr:8:12 in 'call'
|   from /home/uchiha/playground/crystal/src/http/server/handler.cr:30:7 in 'call_next'
|   from src/middlewares/admin_api_auth_middleware.cr:7:12 in 'call'
|   from /home/uchiha/playground/crystal/src/http/server/handler.cr:30:7 in 'call_next'
|   from /home/uchiha/playground/crystal/src/http/server/handlers/static_file_handler.cr:60:12 in 'call'
|   from /home/uchiha/playground/crystal/src/http/server/handler.cr:30:7 in 'call'
|   from /home/uchiha/playground/crystal/src/http/server/handler.cr:30:7 in 'call'
|   from /home/uchiha/playground/crystal/src/http/server/handler.cr:30:7 in 'call'
|   from /home/uchiha/playground/crystal/src/http/server/handler.cr:30:7 in 'call'
|   from /home/uchiha/playground/crystal/src/http/server/request_processor.cr:58:11 in 'process'
|   from /home/uchiha/playground/crystal/src/http/server.cr:506:5 in '->'
|   from /home/uchiha/playground/crystal/src/fiber.cr:168:11 in 'run'
|   from /home/uchiha/playground/crystal/src/fiber.cr:103:3 in '->'
|   from ???
ERR 2026-08-04T07:14:19.996Z > Unhandled exception on HTTP::Handler
| Closed stream (IO::Error)
|   from /home/uchiha/playground/crystal/src/http/server/response.cr:215:15 in 'content_type='
|   from lib/kemal/src/kemal/helpers/templates.cr:25:3 in 'render_500'
|   from lib/kemal/src/kemal/exception_handler.cr:34:7 in 'call'
|   from /home/uchiha/playground/crystal/src/http/server/handler.cr:30:7 in 'call'
|   from /home/uchiha/playground/crystal/src/http/server/handler.cr:30:7 in 'call'
|   from /home/uchiha/playground/crystal/src/http/server/handler.cr:30:7 in 'call'
|   from /home/uchiha/playground/crystal/src/http/server/request_processor.cr:58:11 in 'process'
|   from /home/uchiha/playground/crystal/src/http/server.cr:506:5 in '->'
|   from /home/uchiha/playground/crystal/src/fiber.cr:168:11 in 'run'
|   from /home/uchiha/playground/crystal/src/fiber.cr:103:3 in '->'
|   from ???
ERR 2026-08-04T07:14:20.023Z > Error while writing data to the client
| Error while writing data to the client (HTTP::Server::ClientError)
|   from /home/uchiha/playground/crystal/src/http/server/response.cr:266:9 in 'unbuffered_write'
|   from /home/uchiha/playground/crystal/src/io/buffered.cr:163:14 in 'write'
|   from /home/uchiha/playground/crystal/src/http/server/response.cr:107:7 in 'write'
|   from /home/uchiha/playground/crystal/src/io.cr:488:7 in 'write_string'
|   from lib/kemal/src/kemal/route_handler.cr:174:7 in 'call'
|   from lib/kemal/src/kemal/websocket_handler.cr:13:14 in 'call'
|   from /home/uchiha/playground/crystal/src/http/server/handler.cr:30:7 in 'call_next'
|   from lib/kemal/src/kemal/filter_handler.cr:46:7 in 'call'
|   from /home/uchiha/playground/crystal/src/http/server/handler.cr:30:7 in 'call_next'
|   from src/middlewares/web_api_auth_middleware.cr:8:12 in 'call'
|   from /home/uchiha/playground/crystal/src/http/server/handler.cr:30:7 in 'call_next'
|   from src/middlewares/admin_api_auth_middleware.cr:7:12 in 'call'
|   from /home/uchiha/playground/crystal/src/http/server/handler.cr:30:7 in 'call_next'
|   from /home/uchiha/playground/crystal/src/http/server/handlers/static_file_handler.cr:60:12 in 'call'
|   from /home/uchiha/playground/crystal/src/http/server/handler.cr:30:7 in 'call'
|   from /home/uchiha/playground/crystal/src/http/server/handler.cr:30:7 in 'call'
|   from /home/uchiha/playground/crystal/src/http/server/handler.cr:30:7 in 'call'
|   from /home/uchiha/playground/crystal/src/http/server/handler.cr:30:7 in 'call'
|   from /home/uchiha/playground/crystal/src/http/server/request_processor.cr:58:11 in 'process'
|   from /home/uchiha/playground/crystal/src/http/server.cr:506:5 in '->'
|   from /home/uchiha/playground/crystal/src/fiber.cr:168:11 in 'run'
|   from /home/uchiha/playground/crystal/src/fiber.cr:103:3 in '->'
|   from ???
| Caused by: write (#<TCPSocket:0x7334e8921998>): Broken pipe (IO::Error)
|   from /home/uchiha/playground/crystal/src/crystal/system/thread.cr:72:3 in 'unbuffered_write'
|   from /home/uchiha/playground/crystal/src/io/buffered.cr:163:14 in 'write'
|   from /home/uchiha/playground/crystal/src/http/server/response.cr:282:11 in 'unbuffered_write'
|   from /home/uchiha/playground/crystal/src/io/buffered.cr:163:14 in 'write'
|   from /home/uchiha/playground/crystal/src/http/server/response.cr:107:7 in 'write'
|   from /home/uchiha/playground/crystal/src/io.cr:488:7 in 'write_string'
|   from lib/kemal/src/kemal/route_handler.cr:174:7 in 'call'
|   from lib/kemal/src/kemal/websocket_handler.cr:13:14 in 'call'
|   from /home/uchiha/playground/crystal/src/http/server/handler.cr:30:7 in 'call_next'
|   from lib/kemal/src/kemal/filter_handler.cr:46:7 in 'call'
|   from /home/uchiha/playground/crystal/src/http/server/handler.cr:30:7 in 'call_next'
|   from src/middlewares/web_api_auth_middleware.cr:8:12 in 'call'
|   from /home/uchiha/playground/crystal/src/http/server/handler.cr:30:7 in 'call_next'
|   from src/middlewares/admin_api_auth_middleware.cr:7:12 in 'call'
|   from /home/uchiha/playground/crystal/src/http/server/handler.cr:30:7 in 'call_next'
|   from /home/uchiha/playground/crystal/src/http/server/handlers/static_file_handler.cr:60:12 in 'call'
|   from /home/uchiha/playground/crystal/src/http/server/handler.cr:30:7 in 'call'
|   from /home/uchiha/playground/crystal/src/http/server/handler.cr:30:7 in 'call'
|   from /home/uchiha/playground/crystal/src/http/server/handler.cr:30:7 in 'call'
|   from /home/uchiha/playground/crystal/src/http/server/handler.cr:30:7 in 'call'
|   from /home/uchiha/playground/crystal/src/http/server/request_processor.cr:58:11 in 'process'
|   from /home/uchiha/playground/crystal/src/http/server.cr:506:5 in '->'
|   from /home/uchiha/playground/crystal/src/fiber.cr:168:11 in 'run'
|   from /home/uchiha/playground/crystal/src/fiber.cr:103:3 in '->'
|   from ???
ERR 2026-08-04T07:14:20.023Z > Unhandled exception on HTTP::Handler
| Closed stream (IO::Error)
|   from /home/uchiha/playground/crystal/src/http/server/response.cr:215:15 in 'content_type='
|   from lib/kemal/src/kemal/helpers/templates.cr:25:3 in 'render_500'
|   from lib/kemal/src/kemal/exception_handler.cr:34:7 in 'call'
|   from /home/uchiha/playground/crystal/src/http/server/handler.cr:30:7 in 'call'
|   from /home/uchiha/playground/crystal/src/http/server/handler.cr:30:7 in 'call'
|   from /home/uchiha/playground/crystal/src/http/server/handler.cr:30:7 in 'call'
|   from /home/uchiha/playground/crystal/src/http/server/request_processor.cr:58:11 in 'process'
|   from /home/uchiha/playground/crystal/src/http/server.cr:506:5 in '->'
|   from /home/uchiha/playground/crystal/src/fiber.cr:168:11 in 'run'
|   from /home/uchiha/playground/crystal/src/fiber.cr:103:3 in '->'
|   from ???
ERR 2026-08-04T07:14:20.027Z > Error while writing data to the client
| Error while writing data to the client (HTTP::Server::ClientError)
|   from /home/uchiha/playground/crystal/src/http/server/response.cr:266:9 in 'unbuffered_write'
|   from /home/uchiha/playground/crystal/src/io/buffered.cr:163:14 in 'write'
|   from /home/uchiha/playground/crystal/src/http/server/response.cr:107:7 in 'write'
|   from /home/uchiha/playground/crystal/src/io.cr:488:7 in 'write_string'
|   from lib/kemal/src/kemal/route_handler.cr:174:7 in 'call'
|   from lib/kemal/src/kemal/websocket_handler.cr:13:14 in 'call'
|   from /home/uchiha/playground/crystal/src/http/server/handler.cr:30:7 in 'call_next'
|   from lib/kemal/src/kemal/filter_handler.cr:46:7 in 'call'
|   from /home/uchiha/playground/crystal/src/http/server/handler.cr:30:7 in 'call_next'
|   from src/middlewares/web_api_auth_middleware.cr:8:12 in 'call'
|   from /home/uchiha/playground/crystal/src/http/server/handler.cr:30:7 in 'call_next'
|   from src/middlewares/admin_api_auth_middleware.cr:7:12 in 'call'
|   from /home/uchiha/playground/crystal/src/http/server/handler.cr:30:7 in 'call_next'
|   from /home/uchiha/playground/crystal/src/http/server/handlers/static_file_handler.cr:60:12 in 'call'
|   from /home/uchiha/playground/crystal/src/http/server/handler.cr:30:7 in 'call'
|   from /home/uchiha/playground/crystal/src/http/server/handler.cr:30:7 in 'call'
|   from /home/uchiha/playground/crystal/src/http/server/handler.cr:30:7 in 'call'
|   from /home/uchiha/playground/crystal/src/http/server/handler.cr:30:7 in 'call'
|   from /home/uchiha/playground/crystal/src/http/server/request_processor.cr:58:11 in 'process'
|   from /home/uchiha/playground/crystal/src/http/server.cr:506:5 in '->'
|   from /home/uchiha/playground/crystal/src/fiber.cr:168:11 in 'run'
|   from /home/uchiha/playground/crystal/src/fiber.cr:103:3 in '->'
|   from ???
| Caused by: write (#<TCPSocket:0x7334e8926318>): Broken pipe (IO::Error)
|   from /home/uchiha/playground/crystal/src/crystal/system/thread.cr:72:3 in 'unbuffered_write'
|   from /home/uchiha/playground/crystal/src/io/buffered.cr:163:14 in 'write'
|   from /home/uchiha/playground/crystal/src/http/server/response.cr:282:11 in 'unbuffered_write'
|   from /home/uchiha/playground/crystal/src/io/buffered.cr:163:14 in 'write'
|   from /home/uchiha/playground/crystal/src/http/server/response.cr:107:7 in 'write'
|   from /home/uchiha/playground/crystal/src/io.cr:488:7 in 'write_string'
|   from lib/kemal/src/kemal/route_handler.cr:174:7 in 'call'
|   from lib/kemal/src/kemal/websocket_handler.cr:13:14 in 'call'
|   from /home/uchiha/playground/crystal/src/http/server/handler.cr:30:7 in 'call_next'
|   from lib/kemal/src/kemal/filter_handler.cr:46:7 in 'call'
|   from /home/uchiha/playground/crystal/src/http/server/handler.cr:30:7 in 'call_next'
|   from src/middlewares/web_api_auth_middleware.cr:8:12 in 'call'
|   from /home/uchiha/playground/crystal/src/http/server/handler.cr:30:7 in 'call_next'
|   from src/middlewares/admin_api_auth_middleware.cr:7:12 in 'call'
|   from /home/uchiha/playground/crystal/src/http/server/handler.cr:30:7 in 'call_next'
|   from /home/uchiha/playground/crystal/src/http/server/handlers/static_file_handler.cr:60:12 in 'call'
|   from /home/uchiha/playground/crystal/src/http/server/handler.cr:30:7 in 'call'
|   from /home/uchiha/playground/crystal/src/http/server/handler.cr:30:7 in 'call'
|   from /home/uchiha/playground/crystal/src/http/server/handler.cr:30:7 in 'call'
|   from /home/uchiha/playground/crystal/src/http/server/handler.cr:30:7 in 'call'
|   from /home/uchiha/playground/crystal/src/http/server/request_processor.cr:58:11 in 'process'
|   from /home/uchiha/playground/crystal/src/http/server.cr:506:5 in '->'
|   from /home/uchiha/playground/crystal/src/fiber.cr:168:11 in 'run'
|   from /home/uchiha/playground/crystal/src/fiber.cr:103:3 in '->'
|   from ???
ERR 2026-08-04T07:14:20.027Z > Unhandled exception on HTTP::Handler
| Closed stream (IO::Error)
|   from /home/uchiha/playground/crystal/src/http/server/response.cr:215:15 in 'content_type='
|   from lib/kemal/src/kemal/helpers/templates.cr:25:3 in 'render_500'
|   from lib/kemal/src/kemal/exception_handler.cr:34:7 in 'call'
|   from /home/uchiha/playground/crystal/src/http/server/handler.cr:30:7 in 'call'
|   from /home/uchiha/playground/crystal/src/http/server/handler.cr:30:7 in 'call'
|   from /home/uchiha/playground/crystal/src/http/server/handler.cr:30:7 in 'call'
|   from /home/uchiha/playground/crystal/src/http/server/request_processor.cr:58:11 in 'process'
|   from /home/uchiha/playground/crystal/src/http/server.cr:506:5 in '->'
|   from /home/uchiha/playground/crystal/src/fiber.cr:168:11 in 'run'
|   from /home/uchiha/playground/crystal/src/fiber.cr:103:3 in '->'
|   from ???
INF 2026-08-04T07:14:20.101Z > 200 GET /gc-collect 71.76ms
ERR 2026-08-04T07:14:20.102Z > Error while writing data to the client
| Error while writing data to the client (HTTP::Server::ClientError)
|   from /home/uchiha/playground/crystal/src/http/server/response.cr:266:9 in 'unbuffered_write'
|   from /home/uchiha/playground/crystal/src/io/buffered.cr:163:14 in 'write'
|   from /home/uchiha/playground/crystal/src/http/server/response.cr:107:7 in 'write'
|   from /home/uchiha/playground/crystal/src/io.cr:488:7 in 'write_string'
|   from lib/kemal/src/kemal/route_handler.cr:174:7 in 'call'
|   from lib/kemal/src/kemal/websocket_handler.cr:13:14 in 'call'
|   from /home/uchiha/playground/crystal/src/http/server/handler.cr:30:7 in 'call_next'
|   from lib/kemal/src/kemal/filter_handler.cr:46:7 in 'call'
|   from /home/uchiha/playground/crystal/src/http/server/handler.cr:30:7 in 'call_next'
|   from src/middlewares/web_api_auth_middleware.cr:8:12 in 'call'
|   from /home/uchiha/playground/crystal/src/http/server/handler.cr:30:7 in 'call_next'
|   from src/middlewares/admin_api_auth_middleware.cr:7:12 in 'call'
|   from /home/uchiha/playground/crystal/src/http/server/handler.cr:30:7 in 'call_next'
|   from /home/uchiha/playground/crystal/src/http/server/handlers/static_file_handler.cr:60:12 in 'call'
|   from /home/uchiha/playground/crystal/src/http/server/handler.cr:30:7 in 'call'
|   from /home/uchiha/playground/crystal/src/http/server/handler.cr:30:7 in 'call'
|   from /home/uchiha/playground/crystal/src/http/server/handler.cr:30:7 in 'call'
|   from /home/uchiha/playground/crystal/src/http/server/handler.cr:30:7 in 'call'
|   from /home/uchiha/playground/crystal/src/http/server/request_processor.cr:58:11 in 'process'
|   from /home/uchiha/playground/crystal/src/http/server.cr:506:5 in '->'
|   from /home/uchiha/playground/crystal/src/fiber.cr:168:11 in 'run'
|   from /home/uchiha/playground/crystal/src/fiber.cr:103:3 in '->'
|   from ???
| Caused by: write (#<TCPSocket:0x7334e8927968>): Broken pipe (IO::Error)
|   from /home/uchiha/playground/crystal/src/crystal/system/thread.cr:72:3 in 'unbuffered_write'
|   from /home/uchiha/playground/crystal/src/io/buffered.cr:163:14 in 'write'
|   from /home/uchiha/playground/crystal/src/http/server/response.cr:282:11 in 'unbuffered_write'
|   from /home/uchiha/playground/crystal/src/io/buffered.cr:163:14 in 'write'
|   from /home/uchiha/playground/crystal/src/http/server/response.cr:107:7 in 'write'
|   from /home/uchiha/playground/crystal/src/io.cr:488:7 in 'write_string'
|   from lib/kemal/src/kemal/route_handler.cr:174:7 in 'call'
|   from lib/kemal/src/kemal/websocket_handler.cr:13:14 in 'call'
|   from /home/uchiha/playground/crystal/src/http/server/handler.cr:30:7 in 'call_next'
|   from lib/kemal/src/kemal/filter_handler.cr:46:7 in 'call'
|   from /home/uchiha/playground/crystal/src/http/server/handler.cr:30:7 in 'call_next'
|   from src/middlewares/web_api_auth_middleware.cr:8:12 in 'call'
|   from /home/uchiha/playground/crystal/src/http/server/handler.cr:30:7 in 'call_next'
|   from src/middlewares/admin_api_auth_middleware.cr:7:12 in 'call'
|   from /home/uchiha/playground/crystal/src/http/server/handler.cr:30:7 in 'call_next'
|   from /home/uchiha/playground/crystal/src/http/server/handlers/static_file_handler.cr:60:12 in 'call'
|   from /home/uchiha/playground/crystal/src/http/server/handler.cr:30:7 in 'call'
|   from /home/uchiha/playground/crystal/src/http/server/handler.cr:30:7 in 'call'
|   from /home/uchiha/playground/crystal/src/http/server/handler.cr:30:7 in 'call'
|   from /home/uchiha/playground/crystal/src/http/server/handler.cr:30:7 in 'call'
|   from /home/uchiha/playground/crystal/src/http/server/request_processor.cr:58:11 in 'process'
|   from /home/uchiha/playground/crystal/src/http/server.cr:506:5 in '->'
|   from /home/uchiha/playground/crystal/src/fiber.cr:168:11 in 'run'
|   from /home/uchiha/playground/crystal/src/fiber.cr:103:3 in '->'
|   from ???
ERR 2026-08-04T07:14:20.102Z > Unhandled exception on HTTP::Handler
| Closed stream (IO::Error)
|   from /home/uchiha/playground/crystal/src/http/server/response.cr:215:15 in 'content_type='
|   from lib/kemal/src/kemal/helpers/templates.cr:25:3 in 'render_500'
|   from lib/kemal/src/kemal/exception_handler.cr:34:7 in 'call'
|   from /home/uchiha/playground/crystal/src/http/server/handler.cr:30:7 in 'call'
|   from /home/uchiha/playground/crystal/src/http/server/handler.cr:30:7 in 'call'
|   from /home/uchiha/playground/crystal/src/http/server/handler.cr:30:7 in 'call'
|   from /home/uchiha/playground/crystal/src/http/server/request_processor.cr:58:11 in 'process'
|   from /home/uchiha/playground/crystal/src/http/server.cr:506:5 in '->'
|   from /home/uchiha/playground/crystal/src/fiber.cr:168:11 in 'run'
|   from /home/uchiha/playground/crystal/src/fiber.cr:103:3 in '->'
|   from ???
ERR 2026-08-04T07:14:20.102Z > Error while writing data to the client
| Error while writing data to the client (HTTP::Server::ClientError)
|   from /home/uchiha/playground/crystal/src/http/server/response.cr:266:9 in 'unbuffered_write'
|   from /home/uchiha/playground/crystal/src/io/buffered.cr:163:14 in 'write'
|   from /home/uchiha/playground/crystal/src/http/server/response.cr:107:7 in 'write'
|   from /home/uchiha/playground/crystal/src/io.cr:488:7 in 'write_string'
|   from lib/kemal/src/kemal/route_handler.cr:174:7 in 'call'
|   from lib/kemal/src/kemal/websocket_handler.cr:13:14 in 'call'
|   from /home/uchiha/playground/crystal/src/http/server/handler.cr:30:7 in 'call_next'
|   from lib/kemal/src/kemal/filter_handler.cr:46:7 in 'call'
|   from /home/uchiha/playground/crystal/src/http/server/handler.cr:30:7 in 'call_next'
|   from src/middlewares/web_api_auth_middleware.cr:8:12 in 'call'
|   from /home/uchiha/playground/crystal/src/http/server/handler.cr:30:7 in 'call_next'
|   from src/middlewares/admin_api_auth_middleware.cr:7:12 in 'call'
|   from /home/uchiha/playground/crystal/src/http/server/handler.cr:30:7 in 'call_next'
|   from /home/uchiha/playground/crystal/src/http/server/handlers/static_file_handler.cr:60:12 in 'call'
|   from /home/uchiha/playground/crystal/src/http/server/handler.cr:30:7 in 'call'
|   from /home/uchiha/playground/crystal/src/http/server/handler.cr:30:7 in 'call'
|   from /home/uchiha/playground/crystal/src/http/server/handler.cr:30:7 in 'call'
|   from /home/uchiha/playground/crystal/src/http/server/handler.cr:30:7 in 'call'
|   from /home/uchiha/playground/crystal/src/http/server/request_processor.cr:58:11 in 'process'
|   from /home/uchiha/playground/crystal/src/http/server.cr:506:5 in '->'
|   from /home/uchiha/playground/crystal/src/fiber.cr:168:11 in 'run'
|   from /home/uchiha/playground/crystal/src/fiber.cr:103:3 in '->'
|   from ???
| Caused by: write (#<TCPSocket:0x7334e8924638>): Broken pipe (IO::Error)
|   from /home/uchiha/playground/crystal/src/crystal/system/thread.cr:72:3 in 'unbuffered_write'
|   from /home/uchiha/playground/crystal/src/io/buffered.cr:163:14 in 'write'
|   from /home/uchiha/playground/crystal/src/http/server/response.cr:282:11 in 'unbuffered_write'
|   from /home/uchiha/playground/crystal/src/io/buffered.cr:163:14 in 'write'
|   from /home/uchiha/playground/crystal/src/http/server/response.cr:107:7 in 'write'
|   from /home/uchiha/playground/crystal/src/io.cr:488:7 in 'write_string'
|   from lib/kemal/src/kemal/route_handler.cr:174:7 in 'call'
|   from lib/kemal/src/kemal/websocket_handler.cr:13:14 in 'call'
|   from /home/uchiha/playground/crystal/src/http/server/handler.cr:30:7 in 'call_next'
|   from lib/kemal/src/kemal/filter_handler.cr:46:7 in 'call'
|   from /home/uchiha/playground/crystal/src/http/server/handler.cr:30:7 in 'call_next'
|   from src/middlewares/web_api_auth_middleware.cr:8:12 in 'call'
|   from /home/uchiha/playground/crystal/src/http/server/handler.cr:30:7 in 'call_next'
|   from src/middlewares/admin_api_auth_middleware.cr:7:12 in 'call'
|   from /home/uchiha/playground/crystal/src/http/server/handler.cr:30:7 in 'call_next'
|   from /home/uchiha/playground/crystal/src/http/server/handlers/static_file_handler.cr:60:12 in 'call'
|   from /home/uchiha/playground/crystal/src/http/server/handler.cr:30:7 in 'call'
|   from /home/uchiha/playground/crystal/src/http/server/handler.cr:30:7 in 'call'
|   from /home/uchiha/playground/crystal/src/http/server/handler.cr:30:7 in 'call'
|   from /home/uchiha/playground/crystal/src/http/server/handler.cr:30:7 in 'call'
|   from /home/uchiha/playground/crystal/src/http/server/request_processor.cr:58:11 in 'process'
|   from /home/uchiha/playground/crystal/src/http/server.cr:506:5 in '->'
|   from /home/uchiha/playground/crystal/src/fiber.cr:168:11 in 'run'
|   from /home/uchiha/playground/crystal/src/fiber.cr:103:3 in '->'
|   from ???
ERR 2026-08-04T07:14:20.102Z > Unhandled exception on HTTP::Handler
| Closed stream (IO::Error)
|   from /home/uchiha/playground/crystal/src/http/server/response.cr:215:15 in 'content_type='
|   from lib/kemal/src/kemal/helpers/templates.cr:25:3 in 'render_500'
|   from lib/kemal/src/kemal/exception_handler.cr:34:7 in 'call'
|   from /home/uchiha/playground/crystal/src/http/server/handler.cr:30:7 in 'call'
|   from /home/uchiha/playground/crystal/src/http/server/handler.cr:30:7 in 'call'
|   from /home/uchiha/playground/crystal/src/http/server/handler.cr:30:7 in 'call'
|   from /home/uchiha/playground/crystal/src/http/server/request_processor.cr:58:11 in 'process'
|   from /home/uchiha/playground/crystal/src/http/server.cr:506:5 in '->'
|   from /home/uchiha/playground/crystal/src/fiber.cr:168:11 in 'run'
|   from /home/uchiha/playground/crystal/src/fiber.cr:103:3 in '->'
|   from ???
ERR 2026-08-04T07:14:20.103Z > Error while writing data to the client
| Error while writing data to the client (HTTP::Server::ClientError)
|   from /home/uchiha/playground/crystal/src/http/server/response.cr:266:9 in 'unbuffered_write'
|   from /home/uchiha/playground/crystal/src/io/buffered.cr:163:14 in 'write'
|   from /home/uchiha/playground/crystal/src/http/server/response.cr:107:7 in 'write'
|   from /home/uchiha/playground/crystal/src/io.cr:488:7 in 'write_string'
|   from lib/kemal/src/kemal/route_handler.cr:174:7 in 'call'
|   from lib/kemal/src/kemal/websocket_handler.cr:13:14 in 'call'
|   from /home/uchiha/playground/crystal/src/http/server/handler.cr:30:7 in 'call_next'
|   from lib/kemal/src/kemal/filter_handler.cr:46:7 in 'call'
|   from /home/uchiha/playground/crystal/src/http/server/handler.cr:30:7 in 'call_next'
|   from src/middlewares/web_api_auth_middleware.cr:8:12 in 'call'
|   from /home/uchiha/playground/crystal/src/http/server/handler.cr:30:7 in 'call_next'
|   from src/middlewares/admin_api_auth_middleware.cr:7:12 in 'call'
|   from /home/uchiha/playground/crystal/src/http/server/handler.cr:30:7 in 'call_next'
|   from /home/uchiha/playground/crystal/src/http/server/handlers/static_file_handler.cr:60:12 in 'call'
|   from /home/uchiha/playground/crystal/src/http/server/handler.cr:30:7 in 'call'
|   from /home/uchiha/playground/crystal/src/http/server/handler.cr:30:7 in 'call'
|   from /home/uchiha/playground/crystal/src/http/server/handler.cr:30:7 in 'call'
|   from /home/uchiha/playground/crystal/src/http/server/handler.cr:30:7 in 'call'
|   from /home/uchiha/playground/crystal/src/http/server/request_processor.cr:58:11 in 'process'
|   from /home/uchiha/playground/crystal/src/http/server.cr:506:5 in '->'
|   from /home/uchiha/playground/crystal/src/fiber.cr:168:11 in 'run'
|   from /home/uchiha/playground/crystal/src/fiber.cr:103:3 in '->'
|   from ???
| Caused by: write (#<TCPSocket:0x7334e8924398>): Broken pipe (IO::Error)
|   from /home/uchiha/playground/crystal/src/crystal/system/thread.cr:72:3 in 'unbuffered_write'
|   from /home/uchiha/playground/crystal/src/io/buffered.cr:163:14 in 'write'
|   from /home/uchiha/playground/crystal/src/http/server/response.cr:282:11 in 'unbuffered_write'
|   from /home/uchiha/playground/crystal/src/io/buffered.cr:163:14 in 'write'
|   from /home/uchiha/playground/crystal/src/http/server/response.cr:107:7 in 'write'
|   from /home/uchiha/playground/crystal/src/io.cr:488:7 in 'write_string'
|   from lib/kemal/src/kemal/route_handler.cr:174:7 in 'call'
|   from lib/kemal/src/kemal/websocket_handler.cr:13:14 in 'call'
|   from /home/uchiha/playground/crystal/src/http/server/handler.cr:30:7 in 'call_next'
|   from lib/kemal/src/kemal/filter_handler.cr:46:7 in 'call'
|   from /home/uchiha/playground/crystal/src/http/server/handler.cr:30:7 in 'call_next'
|   from src/middlewares/web_api_auth_middleware.cr:8:12 in 'call'
|   from /home/uchiha/playground/crystal/src/http/server/handler.cr:30:7 in 'call_next'
|   from src/middlewares/admin_api_auth_middleware.cr:7:12 in 'call'
|   from /home/uchiha/playground/crystal/src/http/server/handler.cr:30:7 in 'call_next'
|   from /home/uchiha/playground/crystal/src/http/server/handlers/static_file_handler.cr:60:12 in 'call'
|   from /home/uchiha/playground/crystal/src/http/server/handler.cr:30:7 in 'call'
|   from /home/uchiha/playground/crystal/src/http/server/handler.cr:30:7 in 'call'
|   from /home/uchiha/playground/crystal/src/http/server/handler.cr:30:7 in 'call'
|   from /home/uchiha/playground/crystal/src/http/server/handler.cr:30:7 in 'call'
|   from /home/uchiha/playground/crystal/src/http/server/request_processor.cr:58:11 in 'process'
|   from /home/uchiha/playground/crystal/src/http/server.cr:506:5 in '->'
|   from /home/uchiha/playground/crystal/src/fiber.cr:168:11 in 'run'
|   from /home/uchiha/playground/crystal/src/fiber.cr:103:3 in '->'
|   from ???
ERR 2026-08-04T07:14:20.103Z > Unhandled exception on HTTP::Handler
| Closed stream (IO::Error)
|   from /home/uchiha/playground/crystal/src/http/server/response.cr:215:15 in 'content_type='
|   from lib/kemal/src/kemal/helpers/templates.cr:25:3 in 'render_500'
|   from lib/kemal/src/kemal/exception_handler.cr:34:7 in 'call'
|   from /home/uchiha/playground/crystal/src/http/server/handler.cr:30:7 in 'call'
|   from /home/uchiha/playground/crystal/src/http/server/handler.cr:30:7 in 'call'
|   from /home/uchiha/playground/crystal/src/http/server/handler.cr:30:7 in 'call'
|   from /home/uchiha/playground/crystal/src/http/server/request_processor.cr:58:11 in 'process'
|   from /home/uchiha/playground/crystal/src/http/server.cr:506:5 in '->'
|   from /home/uchiha/playground/crystal/src/fiber.cr:168:11 in 'run'
|   from /home/uchiha/playground/crystal/src/fiber.cr:103:3 in '->'
|   from ???
ERR 2026-08-04T07:14:20.103Z > Error while writing data to the client
| Error while writing data to the client (HTTP::Server::ClientError)
|   from /home/uchiha/playground/crystal/src/http/server/response.cr:266:9 in 'unbuffered_write'
|   from /home/uchiha/playground/crystal/src/io/buffered.cr:163:14 in 'write'
|   from /home/uchiha/playground/crystal/src/http/server/response.cr:107:7 in 'write'
|   from /home/uchiha/playground/crystal/src/io.cr:488:7 in 'write_string'
|   from lib/kemal/src/kemal/route_handler.cr:174:7 in 'call'
|   from lib/kemal/src/kemal/websocket_handler.cr:13:14 in 'call'
|   from /home/uchiha/playground/crystal/src/http/server/handler.cr:30:7 in 'call_next'
|   from lib/kemal/src/kemal/filter_handler.cr:46:7 in 'call'
|   from /home/uchiha/playground/crystal/src/http/server/handler.cr:30:7 in 'call_next'
|   from src/middlewares/web_api_auth_middleware.cr:8:12 in 'call'
|   from /home/uchiha/playground/crystal/src/http/server/handler.cr:30:7 in 'call_next'
|   from src/middlewares/admin_api_auth_middleware.cr:7:12 in 'call'
|   from /home/uchiha/playground/crystal/src/http/server/handler.cr:30:7 in 'call_next'
|   from /home/uchiha/playground/crystal/src/http/server/handlers/static_file_handler.cr:60:12 in 'call'
|   from /home/uchiha/playground/crystal/src/http/server/handler.cr:30:7 in 'call'
|   from /home/uchiha/playground/crystal/src/http/server/handler.cr:30:7 in 'call'
|   from /home/uchiha/playground/crystal/src/http/server/handler.cr:30:7 in 'call'
|   from /home/uchiha/playground/crystal/src/http/server/handler.cr:30:7 in 'call'
|   from /home/uchiha/playground/crystal/src/http/server/request_processor.cr:58:11 in 'process'
|   from /home/uchiha/playground/crystal/src/http/server.cr:506:5 in '->'
|   from /home/uchiha/playground/crystal/src/fiber.cr:168:11 in 'run'
|   from /home/uchiha/playground/crystal/src/fiber.cr:103:3 in '->'
|   from ???
| Caused by: write (#<TCPSocket:0x7334e8923fa8>): Broken pipe (IO::Error)
|   from /home/uchiha/playground/crystal/src/crystal/system/thread.cr:72:3 in 'unbuffered_write'
|   from /home/uchiha/playground/crystal/src/io/buffered.cr:163:14 in 'write'
|   from /home/uchiha/playground/crystal/src/http/server/response.cr:282:11 in 'unbuffered_write'
|   from /home/uchiha/playground/crystal/src/io/buffered.cr:163:14 in 'write'
|   from /home/uchiha/playground/crystal/src/http/server/response.cr:107:7 in 'write'
|   from /home/uchiha/playground/crystal/src/io.cr:488:7 in 'write_string'
|   from lib/kemal/src/kemal/route_handler.cr:174:7 in 'call'
|   from lib/kemal/src/kemal/websocket_handler.cr:13:14 in 'call'
|   from /home/uchiha/playground/crystal/src/http/server/handler.cr:30:7 in 'call_next'
|   from lib/kemal/src/kemal/filter_handler.cr:46:7 in 'call'
|   from /home/uchiha/playground/crystal/src/http/server/handler.cr:30:7 in 'call_next'
|   from src/middlewares/web_api_auth_middleware.cr:8:12 in 'call'
|   from /home/uchiha/playground/crystal/src/http/server/handler.cr:30:7 in 'call_next'
|   from src/middlewares/admin_api_auth_middleware.cr:7:12 in 'call'
|   from /home/uchiha/playground/crystal/src/http/server/handler.cr:30:7 in 'call_next'
|   from /home/uchiha/playground/crystal/src/http/server/handlers/static_file_handler.cr:60:12 in 'call'
|   from /home/uchiha/playground/crystal/src/http/server/handler.cr:30:7 in 'call'
|   from /home/uchiha/playground/crystal/src/http/server/handler.cr:30:7 in 'call'
|   from /home/uchiha/playground/crystal/src/http/server/handler.cr:30:7 in 'call'
|   from /home/uchiha/playground/crystal/src/http/server/handler.cr:30:7 in 'call'
|   from /home/uchiha/playground/crystal/src/http/server/request_processor.cr:58:11 in 'process'
|   from /home/uchiha/playground/crystal/src/http/server.cr:506:5 in '->'
|   from /home/uchiha/playground/crystal/src/fiber.cr:168:11 in 'run'
|   from /home/uchiha/playground/crystal/src/fiber.cr:103:3 in '->'
|   from ???
ERR 2026-08-04T07:14:20.103Z > Unhandled exception on HTTP::Handler
| Closed stream (IO::Error)
|   from /home/uchiha/playground/crystal/src/http/server/response.cr:215:15 in 'content_type='
|   from lib/kemal/src/kemal/helpers/templates.cr:25:3 in 'render_500'
|   from lib/kemal/src/kemal/exception_handler.cr:34:7 in 'call'
|   from /home/uchiha/playground/crystal/src/http/server/handler.cr:30:7 in 'call'
|   from /home/uchiha/playground/crystal/src/http/server/handler.cr:30:7 in 'call'
|   from /home/uchiha/playground/crystal/src/http/server/handler.cr:30:7 in 'call'
|   from /home/uchiha/playground/crystal/src/http/server/request_processor.cr:58:11 in 'process'
|   from /home/uchiha/playground/crystal/src/http/server.cr:506:5 in '->'
|   from /home/uchiha/playground/crystal/src/fiber.cr:168:11 in 'run'
|   from /home/uchiha/playground/crystal/src/fiber.cr:103:3 in '->'
|   from ???
ERR 2026-08-04T07:14:20.104Z > Error while writing data to the client
| Error while writing data to the client (HTTP::Server::ClientError)
|   from /home/uchiha/playground/crystal/src/http/server/response.cr:266:9 in 'unbuffered_write'
|   from /home/uchiha/playground/crystal/src/io/buffered.cr:163:14 in 'write'
|   from /home/uchiha/playground/crystal/src/http/server/response.cr:107:7 in 'write'
|   from /home/uchiha/playground/crystal/src/io.cr:488:7 in 'write_string'
|   from lib/kemal/src/kemal/route_handler.cr:174:7 in 'call'
|   from lib/kemal/src/kemal/websocket_handler.cr:13:14 in 'call'
|   from /home/uchiha/playground/crystal/src/http/server/handler.cr:30:7 in 'call_next'
|   from lib/kemal/src/kemal/filter_handler.cr:46:7 in 'call'
|   from /home/uchiha/playground/crystal/src/http/server/handler.cr:30:7 in 'call_next'
|   from src/middlewares/web_api_auth_middleware.cr:8:12 in 'call'
|   from /home/uchiha/playground/crystal/src/http/server/handler.cr:30:7 in 'call_next'
|   from src/middlewares/admin_api_auth_middleware.cr:7:12 in 'call'
|   from /home/uchiha/playground/crystal/src/http/server/handler.cr:30:7 in 'call_next'
|   from /home/uchiha/playground/crystal/src/http/server/handlers/static_file_handler.cr:60:12 in 'call'
|   from /home/uchiha/playground/crystal/src/http/server/handler.cr:30:7 in 'call'
|   from /home/uchiha/playground/crystal/src/http/server/handler.cr:30:7 in 'call'
|   from /home/uchiha/playground/crystal/src/http/server/handler.cr:30:7 in 'call'
|   from /home/uchiha/playground/crystal/src/http/server/handler.cr:30:7 in 'call'
|   from /home/uchiha/playground/crystal/src/http/server/request_processor.cr:58:11 in 'process'
|   from /home/uchiha/playground/crystal/src/http/server.cr:506:5 in '->'
|   from /home/uchiha/playground/crystal/src/fiber.cr:168:11 in 'run'
|   from /home/uchiha/playground/crystal/src/fiber.cr:103:3 in '->'
|   from ???
| Caused by: write (#<TCPSocket:0x7334e8928298>): Broken pipe (IO::Error)
|   from /home/uchiha/playground/crystal/src/crystal/system/thread.cr:72:3 in 'unbuffered_write'
|   from /home/uchiha/playground/crystal/src/io/buffered.cr:163:14 in 'write'
|   from /home/uchiha/playground/crystal/src/http/server/response.cr:282:11 in 'unbuffered_write'
|   from /home/uchiha/playground/crystal/src/io/buffered.cr:163:14 in 'write'
|   from /home/uchiha/playground/crystal/src/http/server/response.cr:107:7 in 'write'
|   from /home/uchiha/playground/crystal/src/io.cr:488:7 in 'write_string'
|   from lib/kemal/src/kemal/route_handler.cr:174:7 in 'call'
|   from lib/kemal/src/kemal/websocket_handler.cr:13:14 in 'call'
|   from /home/uchiha/playground/crystal/src/http/server/handler.cr:30:7 in 'call_next'
|   from lib/kemal/src/kemal/filter_handler.cr:46:7 in 'call'
|   from /home/uchiha/playground/crystal/src/http/server/handler.cr:30:7 in 'call_next'
|   from src/middlewares/web_api_auth_middleware.cr:8:12 in 'call'
|   from /home/uchiha/playground/crystal/src/http/server/handler.cr:30:7 in 'call_next'
|   from src/middlewares/admin_api_auth_middleware.cr:7:12 in 'call'
|   from /home/uchiha/playground/crystal/src/http/server/handler.cr:30:7 in 'call_next'
|   from /home/uchiha/playground/crystal/src/http/server/handlers/static_file_handler.cr:60:12 in 'call'
|   from /home/uchiha/playground/crystal/src/http/server/handler.cr:30:7 in 'call'
|   from /home/uchiha/playground/crystal/src/http/server/handler.cr:30:7 in 'call'
|   from /home/uchiha/playground/crystal/src/http/server/handler.cr:30:7 in 'call'
|   from /home/uchiha/playground/crystal/src/http/server/handler.cr:30:7 in 'call'
|   from /home/uchiha/playground/crystal/src/http/server/request_processor.cr:58:11 in 'process'
|   from /home/uchiha/playground/crystal/src/http/server.cr:506:5 in '->'
|   from /home/uchiha/playground/crystal/src/fiber.cr:168:11 in 'run'
|   from /home/uchiha/playground/crystal/src/fiber.cr:103:3 in '->'
|   from ???
ERR 2026-08-04T07:14:20.104Z > Unhandled exception on HTTP::Handler
| Closed stream (IO::Error)
|   from /home/uchiha/playground/crystal/src/http/server/response.cr:215:15 in 'content_type='
|   from lib/kemal/src/kemal/helpers/templates.cr:25:3 in 'render_500'
|   from lib/kemal/src/kemal/exception_handler.cr:34:7 in 'call'
|   from /home/uchiha/playground/crystal/src/http/server/handler.cr:30:7 in 'call'
|   from /home/uchiha/playground/crystal/src/http/server/handler.cr:30:7 in 'call'
|   from /home/uchiha/playground/crystal/src/http/server/handler.cr:30:7 in 'call'
|   from /home/uchiha/playground/crystal/src/http/server/request_processor.cr:58:11 in 'process'
|   from /home/uchiha/playground/crystal/src/http/server.cr:506:5 in '->'
|   from /home/uchiha/playground/crystal/src/fiber.cr:168:11 in 'run'
|   from /home/uchiha/playground/crystal/src/fiber.cr:103:3 in '->'
|   from ???
ERR 2026-08-04T07:14:20.104Z > Error while writing data to the client
| Error while writing data to the client (HTTP::Server::ClientError)
|   from /home/uchiha/playground/crystal/src/http/server/response.cr:266:9 in 'unbuffered_write'
|   from /home/uchiha/playground/crystal/src/io/buffered.cr:163:14 in 'write'
|   from /home/uchiha/playground/crystal/src/http/server/response.cr:107:7 in 'write'
|   from /home/uchiha/playground/crystal/src/io.cr:488:7 in 'write_string'
|   from lib/kemal/src/kemal/route_handler.cr:174:7 in 'call'
|   from lib/kemal/src/kemal/websocket_handler.cr:13:14 in 'call'
|   from /home/uchiha/playground/crystal/src/http/server/handler.cr:30:7 in 'call_next'
|   from lib/kemal/src/kemal/filter_handler.cr:46:7 in 'call'
|   from /home/uchiha/playground/crystal/src/http/server/handler.cr:30:7 in 'call_next'
|   from src/middlewares/web_api_auth_middleware.cr:8:12 in 'call'
|   from /home/uchiha/playground/crystal/src/http/server/handler.cr:30:7 in 'call_next'
|   from src/middlewares/admin_api_auth_middleware.cr:7:12 in 'call'
|   from /home/uchiha/playground/crystal/src/http/server/handler.cr:30:7 in 'call_next'
|   from /home/uchiha/playground/crystal/src/http/server/handlers/static_file_handler.cr:60:12 in 'call'
|   from /home/uchiha/playground/crystal/src/http/server/handler.cr:30:7 in 'call'
|   from /home/uchiha/playground/crystal/src/http/server/handler.cr:30:7 in 'call'
|   from /home/uchiha/playground/crystal/src/http/server/handler.cr:30:7 in 'call'
|   from /home/uchiha/playground/crystal/src/http/server/handler.cr:30:7 in 'call'
|   from /home/uchiha/playground/crystal/src/http/server/request_processor.cr:58:11 in 'process'
|   from /home/uchiha/playground/crystal/src/http/server.cr:506:5 in '->'
|   from /home/uchiha/playground/crystal/src/fiber.cr:168:11 in 'run'
|   from /home/uchiha/playground/crystal/src/fiber.cr:103:3 in '->'
|   from ???
| Caused by: write (#<TCPSocket:0x7334e8923918>): Broken pipe (IO::Error)
|   from /home/uchiha/playground/crystal/src/crystal/system/thread.cr:72:3 in 'unbuffered_write'
|   from /home/uchiha/playground/crystal/src/io/buffered.cr:163:14 in 'write'
|   from /home/uchiha/playground/crystal/src/http/server/response.cr:282:11 in 'unbuffered_write'
|   from /home/uchiha/playground/crystal/src/io/buffered.cr:163:14 in 'write'
|   from /home/uchiha/playground/crystal/src/http/server/response.cr:107:7 in 'write'
|   from /home/uchiha/playground/crystal/src/io.cr:488:7 in 'write_string'
|   from lib/kemal/src/kemal/route_handler.cr:174:7 in 'call'
|   from lib/kemal/src/kemal/websocket_handler.cr:13:14 in 'call'
|   from /home/uchiha/playground/crystal/src/http/server/handler.cr:30:7 in 'call_next'
|   from lib/kemal/src/kemal/filter_handler.cr:46:7 in 'call'
|   from /home/uchiha/playground/crystal/src/http/server/handler.cr:30:7 in 'call_next'
|   from src/middlewares/web_api_auth_middleware.cr:8:12 in 'call'
|   from /home/uchiha/playground/crystal/src/http/server/handler.cr:30:7 in 'call_next'
|   from src/middlewares/admin_api_auth_middleware.cr:7:12 in 'call'
|   from /home/uchiha/playground/crystal/src/http/server/handler.cr:30:7 in 'call_next'
|   from /home/uchiha/playground/crystal/src/http/server/handlers/static_file_handler.cr:60:12 in 'call'
|   from /home/uchiha/playground/crystal/src/http/server/handler.cr:30:7 in 'call'
|   from /home/uchiha/playground/crystal/src/http/server/handler.cr:30:7 in 'call'
|   from /home/uchiha/playground/crystal/src/http/server/handler.cr:30:7 in 'call'
|   from /home/uchiha/playground/crystal/src/http/server/handler.cr:30:7 in 'call'
|   from /home/uchiha/playground/crystal/src/http/server/request_processor.cr:58:11 in 'process'
|   from /home/uchiha/playground/crystal/src/http/server.cr:506:5 in '->'
|   from /home/uchiha/playground/crystal/src/fiber.cr:168:11 in 'run'
|   from /home/uchiha/playground/crystal/src/fiber.cr:103:3 in '->'
|   from ???
ERR 2026-08-04T07:14:20.104Z > Unhandled exception on HTTP::Handler
| Closed stream (IO::Error)
|   from /home/uchiha/playground/crystal/src/http/server/response.cr:215:15 in 'content_type='
|   from lib/kemal/src/kemal/helpers/templates.cr:25:3 in 'render_500'
|   from lib/kemal/src/kemal/exception_handler.cr:34:7 in 'call'
|   from /home/uchiha/playground/crystal/src/http/server/handler.cr:30:7 in 'call'
|   from /home/uchiha/playground/crystal/src/http/server/handler.cr:30:7 in 'call'
|   from /home/uchiha/playground/crystal/src/http/server/handler.cr:30:7 in 'call'
|   from /home/uchiha/playground/crystal/src/http/server/request_processor.cr:58:11 in 'process'
|   from /home/uchiha/playground/crystal/src/http/server.cr:506:5 in '->'
|   from /home/uchiha/playground/crystal/src/fiber.cr:168:11 in 'run'
|   from /home/uchiha/playground/crystal/src/fiber.cr:103:3 in '->'
|   from ???
ERR 2026-08-04T07:14:20.105Z > Error while writing data to the client
| Error while writing data to the client (HTTP::Server::ClientError)
|   from /home/uchiha/playground/crystal/src/http/server/response.cr:266:9 in 'unbuffered_write'
|   from /home/uchiha/playground/crystal/src/io/buffered.cr:163:14 in 'write'
|   from /home/uchiha/playground/crystal/src/http/server/response.cr:107:7 in 'write'
|   from /home/uchiha/playground/crystal/src/io.cr:488:7 in 'write_string'
|   from lib/kemal/src/kemal/route_handler.cr:174:7 in 'call'
|   from lib/kemal/src/kemal/websocket_handler.cr:13:14 in 'call'
|   from /home/uchiha/playground/crystal/src/http/server/handler.cr:30:7 in 'call_next'
|   from lib/kemal/src/kemal/filter_handler.cr:46:7 in 'call'
|   from /home/uchiha/playground/crystal/src/http/server/handler.cr:30:7 in 'call_next'
|   from src/middlewares/web_api_auth_middleware.cr:8:12 in 'call'
|   from /home/uchiha/playground/crystal/src/http/server/handler.cr:30:7 in 'call_next'
|   from src/middlewares/admin_api_auth_middleware.cr:7:12 in 'call'
|   from /home/uchiha/playground/crystal/src/http/server/handler.cr:30:7 in 'call_next'
|   from /home/uchiha/playground/crystal/src/http/server/handlers/static_file_handler.cr:60:12 in 'call'
|   from /home/uchiha/playground/crystal/src/http/server/handler.cr:30:7 in 'call'
|   from /home/uchiha/playground/crystal/src/http/server/handler.cr:30:7 in 'call'
|   from /home/uchiha/playground/crystal/src/http/server/handler.cr:30:7 in 'call'
|   from /home/uchiha/playground/crystal/src/http/server/handler.cr:30:7 in 'call'
|   from /home/uchiha/playground/crystal/src/http/server/request_processor.cr:58:11 in 'process'
|   from /home/uchiha/playground/crystal/src/http/server.cr:506:5 in '->'
|   from /home/uchiha/playground/crystal/src/fiber.cr:168:11 in 'run'
|   from /home/uchiha/playground/crystal/src/fiber.cr:103:3 in '->'
|   from ???
| Caused by: write (#<TCPSocket:0x7334e89215a8>): Broken pipe (IO::Error)
|   from /home/uchiha/playground/crystal/src/crystal/system/thread.cr:72:3 in 'unbuffered_write'
|   from /home/uchiha/playground/crystal/src/io/buffered.cr:163:14 in 'write'
|   from /home/uchiha/playground/crystal/src/http/server/response.cr:282:11 in 'unbuffered_write'
|   from /home/uchiha/playground/crystal/src/io/buffered.cr:163:14 in 'write'
|   from /home/uchiha/playground/crystal/src/http/server/response.cr:107:7 in 'write'
|   from /home/uchiha/playground/crystal/src/io.cr:488:7 in 'write_string'
|   from lib/kemal/src/kemal/route_handler.cr:174:7 in 'call'
|   from lib/kemal/src/kemal/websocket_handler.cr:13:14 in 'call'
|   from /home/uchiha/playground/crystal/src/http/server/handler.cr:30:7 in 'call_next'
|   from lib/kemal/src/kemal/filter_handler.cr:46:7 in 'call'
|   from /home/uchiha/playground/crystal/src/http/server/handler.cr:30:7 in 'call_next'
|   from src/middlewares/web_api_auth_middleware.cr:8:12 in 'call'
|   from /home/uchiha/playground/crystal/src/http/server/handler.cr:30:7 in 'call_next'
|   from src/middlewares/admin_api_auth_middleware.cr:7:12 in 'call'
|   from /home/uchiha/playground/crystal/src/http/server/handler.cr:30:7 in 'call_next'
|   from /home/uchiha/playground/crystal/src/http/server/handlers/static_file_handler.cr:60:12 in 'call'
|   from /home/uchiha/playground/crystal/src/http/server/handler.cr:30:7 in 'call'
|   from /home/uchiha/playground/crystal/src/http/server/handler.cr:30:7 in 'call'
|   from /home/uchiha/playground/crystal/src/http/server/handler.cr:30:7 in 'call'
|   from /home/uchiha/playground/crystal/src/http/server/handler.cr:30:7 in 'call'
|   from /home/uchiha/playground/crystal/src/http/server/request_processor.cr:58:11 in 'process'
|   from /home/uchiha/playground/crystal/src/http/server.cr:506:5 in '->'
|   from /home/uchiha/playground/crystal/src/fiber.cr:168:11 in 'run'
|   from /home/uchiha/playground/crystal/src/fiber.cr:103:3 in '->'
|   from ???
ERR 2026-08-04T07:14:20.105Z > Unhandled exception on HTTP::Handler
| Closed stream (IO::Error)
|   from /home/uchiha/playground/crystal/src/http/server/response.cr:215:15 in 'content_type='
|   from lib/kemal/src/kemal/helpers/templates.cr:25:3 in 'render_500'
|   from lib/kemal/src/kemal/exception_handler.cr:34:7 in 'call'
|   from /home/uchiha/playground/crystal/src/http/server/handler.cr:30:7 in 'call'
|   from /home/uchiha/playground/crystal/src/http/server/handler.cr:30:7 in 'call'
|   from /home/uchiha/playground/crystal/src/http/server/handler.cr:30:7 in 'call'
|   from /home/uchiha/playground/crystal/src/http/server/request_processor.cr:58:11 in 'process'
|   from /home/uchiha/playground/crystal/src/http/server.cr:506:5 in '->'
|   from /home/uchiha/playground/crystal/src/fiber.cr:168:11 in 'run'
|   from /home/uchiha/playground/crystal/src/fiber.cr:103:3 in '->'
|   from ???
ERR 2026-08-04T07:14:20.105Z > Error while writing data to the client
| Error while writing data to the client (HTTP::Server::ClientError)
|   from /home/uchiha/playground/crystal/src/http/server/response.cr:266:9 in 'unbuffered_write'
|   from /home/uchiha/playground/crystal/src/io/buffered.cr:163:14 in 'write'
|   from /home/uchiha/playground/crystal/src/http/server/response.cr:107:7 in 'write'
|   from /home/uchiha/playground/crystal/src/io.cr:488:7 in 'write_string'
|   from lib/kemal/src/kemal/route_handler.cr:174:7 in 'call'
|   from lib/kemal/src/kemal/websocket_handler.cr:13:14 in 'call'
|   from /home/uchiha/playground/crystal/src/http/server/handler.cr:30:7 in 'call_next'
|   from lib/kemal/src/kemal/filter_handler.cr:46:7 in 'call'
|   from /home/uchiha/playground/crystal/src/http/server/handler.cr:30:7 in 'call_next'
|   from src/middlewares/web_api_auth_middleware.cr:8:12 in 'call'
|   from /home/uchiha/playground/crystal/src/http/server/handler.cr:30:7 in 'call_next'
|   from src/middlewares/admin_api_auth_middleware.cr:7:12 in 'call'
|   from /home/uchiha/playground/crystal/src/http/server/handler.cr:30:7 in 'call_next'
|   from /home/uchiha/playground/crystal/src/http/server/handlers/static_file_handler.cr:60:12 in 'call'
|   from /home/uchiha/playground/crystal/src/http/server/handler.cr:30:7 in 'call'
|   from /home/uchiha/playground/crystal/src/http/server/handler.cr:30:7 in 'call'
|   from /home/uchiha/playground/crystal/src/http/server/handler.cr:30:7 in 'call'
|   from /home/uchiha/playground/crystal/src/http/server/handler.cr:30:7 in 'call'
|   from /home/uchiha/playground/crystal/src/http/server/request_processor.cr:58:11 in 'process'
|   from /home/uchiha/playground/crystal/src/http/server.cr:506:5 in '->'
|   from /home/uchiha/playground/crystal/src/fiber.cr:168:11 in 'run'
|   from /home/uchiha/playground/crystal/src/fiber.cr:103:3 in '->'
|   from ???
| Caused by: write (#<TCPSocket:0x7334e8923e58>): Broken pipe (IO::Error)
|   from /home/uchiha/playground/crystal/src/crystal/system/thread.cr:72:3 in 'unbuffered_write'
|   from /home/uchiha/playground/crystal/src/io/buffered.cr:163:14 in 'write'
|   from /home/uchiha/playground/crystal/src/http/server/response.cr:282:11 in 'unbuffered_write'
|   from /home/uchiha/playground/crystal/src/io/buffered.cr:163:14 in 'write'
|   from /home/uchiha/playground/crystal/src/http/server/response.cr:107:7 in 'write'
|   from /home/uchiha/playground/crystal/src/io.cr:488:7 in 'write_string'
|   from lib/kemal/src/kemal/route_handler.cr:174:7 in 'call'
|   from lib/kemal/src/kemal/websocket_handler.cr:13:14 in 'call'
|   from /home/uchiha/playground/crystal/src/http/server/handler.cr:30:7 in 'call_next'
|   from lib/kemal/src/kemal/filter_handler.cr:46:7 in 'call'
|   from /home/uchiha/playground/crystal/src/http/server/handler.cr:30:7 in 'call_next'
|   from src/middlewares/web_api_auth_middleware.cr:8:12 in 'call'
|   from /home/uchiha/playground/crystal/src/http/server/handler.cr:30:7 in 'call_next'
|   from src/middlewares/admin_api_auth_middleware.cr:7:12 in 'call'
|   from /home/uchiha/playground/crystal/src/http/server/handler.cr:30:7 in 'call_next'
|   from /home/uchiha/playground/crystal/src/http/server/handlers/static_file_handler.cr:60:12 in 'call'
|   from /home/uchiha/playground/crystal/src/http/server/handler.cr:30:7 in 'call'
|   from /home/uchiha/playground/crystal/src/http/server/handler.cr:30:7 in 'call'
|   from /home/uchiha/playground/crystal/src/http/server/handler.cr:30:7 in 'call'
|   from /home/uchiha/playground/crystal/src/http/server/handler.cr:30:7 in 'call'
|   from /home/uchiha/playground/crystal/src/http/server/request_processor.cr:58:11 in 'process'
|   from /home/uchiha/playground/crystal/src/http/server.cr:506:5 in '->'
|   from /home/uchiha/playground/crystal/src/fiber.cr:168:11 in 'run'
|   from /home/uchiha/playground/crystal/src/fiber.cr:103:3 in '->'
|   from ???
ERR 2026-08-04T07:14:20.105Z > Unhandled exception on HTTP::Handler
| Closed stream (IO::Error)
|   from /home/uchiha/playground/crystal/src/http/server/response.cr:215:15 in 'content_type='
|   from lib/kemal/src/kemal/helpers/templates.cr:25:3 in 'render_500'
|   from lib/kemal/src/kemal/exception_handler.cr:34:7 in 'call'
|   from /home/uchiha/playground/crystal/src/http/server/handler.cr:30:7 in 'call'
|   from /home/uchiha/playground/crystal/src/http/server/handler.cr:30:7 in 'call'
|   from /home/uchiha/playground/crystal/src/http/server/handler.cr:30:7 in 'call'
|   from /home/uchiha/playground/crystal/src/http/server/request_processor.cr:58:11 in 'process'
|   from /home/uchiha/playground/crystal/src/http/server.cr:506:5 in '->'
|   from /home/uchiha/playground/crystal/src/fiber.cr:168:11 in 'run'
|   from /home/uchiha/playground/crystal/src/fiber.cr:103:3 in '->'
|   from ???
ERR 2026-08-04T07:14:20.106Z > Error while writing data to the client
| Error while writing data to the client (HTTP::Server::ClientError)
|   from /home/uchiha/playground/crystal/src/http/server/response.cr:266:9 in 'unbuffered_write'
|   from /home/uchiha/playground/crystal/src/io/buffered.cr:163:14 in 'write'
|   from /home/uchiha/playground/crystal/src/http/server/response.cr:107:7 in 'write'
|   from /home/uchiha/playground/crystal/src/io.cr:488:7 in 'write_string'
|   from lib/kemal/src/kemal/route_handler.cr:174:7 in 'call'
|   from lib/kemal/src/kemal/websocket_handler.cr:13:14 in 'call'
|   from /home/uchiha/playground/crystal/src/http/server/handler.cr:30:7 in 'call_next'
|   from lib/kemal/src/kemal/filter_handler.cr:46:7 in 'call'
|   from /home/uchiha/playground/crystal/src/http/server/handler.cr:30:7 in 'call_next'
|   from src/middlewares/web_api_auth_middleware.cr:8:12 in 'call'
|   from /home/uchiha/playground/crystal/src/http/server/handler.cr:30:7 in 'call_next'
|   from src/middlewares/admin_api_auth_middleware.cr:7:12 in 'call'
|   from /home/uchiha/playground/crystal/src/http/server/handler.cr:30:7 in 'call_next'
|   from /home/uchiha/playground/crystal/src/http/server/handlers/static_file_handler.cr:60:12 in 'call'
|   from /home/uchiha/playground/crystal/src/http/server/handler.cr:30:7 in 'call'
|   from /home/uchiha/playground/crystal/src/http/server/handler.cr:30:7 in 'call'
|   from /home/uchiha/playground/crystal/src/http/server/handler.cr:30:7 in 'call'
|   from /home/uchiha/playground/crystal/src/http/server/handler.cr:30:7 in 'call'
|   from /home/uchiha/playground/crystal/src/http/server/request_processor.cr:58:11 in 'process'
|   from /home/uchiha/playground/crystal/src/http/server.cr:506:5 in '->'
|   from /home/uchiha/playground/crystal/src/fiber.cr:168:11 in 'run'
|   from /home/uchiha/playground/crystal/src/fiber.cr:103:3 in '->'
|   from ???
| Caused by: write (#<TCPSocket:0x7334e8922028>): Broken pipe (IO::Error)
|   from /home/uchiha/playground/crystal/src/crystal/system/thread.cr:72:3 in 'unbuffered_write'
|   from /home/uchiha/playground/crystal/src/io/buffered.cr:163:14 in 'write'
|   from /home/uchiha/playground/crystal/src/http/server/response.cr:282:11 in 'unbuffered_write'
|   from /home/uchiha/playground/crystal/src/io/buffered.cr:163:14 in 'write'
|   from /home/uchiha/playground/crystal/src/http/server/response.cr:107:7 in 'write'
|   from /home/uchiha/playground/crystal/src/io.cr:488:7 in 'write_string'
|   from lib/kemal/src/kemal/route_handler.cr:174:7 in 'call'
|   from lib/kemal/src/kemal/websocket_handler.cr:13:14 in 'call'
|   from /home/uchiha/playground/crystal/src/http/server/handler.cr:30:7 in 'call_next'
|   from lib/kemal/src/kemal/filter_handler.cr:46:7 in 'call'
|   from /home/uchiha/playground/crystal/src/http/server/handler.cr:30:7 in 'call_next'
|   from src/middlewares/web_api_auth_middleware.cr:8:12 in 'call'
|   from /home/uchiha/playground/crystal/src/http/server/handler.cr:30:7 in 'call_next'
|   from src/middlewares/admin_api_auth_middleware.cr:7:12 in 'call'
|   from /home/uchiha/playground/crystal/src/http/server/handler.cr:30:7 in 'call_next'
|   from /home/uchiha/playground/crystal/src/http/server/handlers/static_file_handler.cr:60:12 in 'call'
|   from /home/uchiha/playground/crystal/src/http/server/handler.cr:30:7 in 'call'
|   from /home/uchiha/playground/crystal/src/http/server/handler.cr:30:7 in 'call'
|   from /home/uchiha/playground/crystal/src/http/server/handler.cr:30:7 in 'call'
|   from /home/uchiha/playground/crystal/src/http/server/handler.cr:30:7 in 'call'
|   from /home/uchiha/playground/crystal/src/http/server/request_processor.cr:58:11 in 'process'
|   from /home/uchiha/playground/crystal/src/http/server.cr:506:5 in '->'
|   from /home/uchiha/playground/crystal/src/fiber.cr:168:11 in 'run'
|   from /home/uchiha/playground/crystal/src/fiber.cr:103:3 in '->'
|   from ???
ERR 2026-08-04T07:14:20.106Z > Unhandled exception on HTTP::Handler
| Closed stream (IO::Error)
|   from /home/uchiha/playground/crystal/src/http/server/response.cr:215:15 in 'content_type='
|   from lib/kemal/src/kemal/helpers/templates.cr:25:3 in 'render_500'
|   from lib/kemal/src/kemal/exception_handler.cr:34:7 in 'call'
|   from /home/uchiha/playground/crystal/src/http/server/handler.cr:30:7 in 'call'
|   from /home/uchiha/playground/crystal/src/http/server/handler.cr:30:7 in 'call'
|   from /home/uchiha/playground/crystal/src/http/server/handler.cr:30:7 in 'call'
|   from /home/uchiha/playground/crystal/src/http/server/request_processor.cr:58:11 in 'process'
|   from /home/uchiha/playground/crystal/src/http/server.cr:506:5 in '->'
|   from /home/uchiha/playground/crystal/src/fiber.cr:168:11 in 'run'
|   from /home/uchiha/playground/crystal/src/fiber.cr:103:3 in '->'
|   from ???
ERR 2026-08-04T07:14:20.106Z > Error while writing data to the client
| Error while writing data to the client (HTTP::Server::ClientError)
|   from /home/uchiha/playground/crystal/src/http/server/response.cr:266:9 in 'unbuffered_write'
|   from /home/uchiha/playground/crystal/src/io/buffered.cr:163:14 in 'write'
|   from /home/uchiha/playground/crystal/src/http/server/response.cr:107:7 in 'write'
|   from /home/uchiha/playground/crystal/src/io.cr:488:7 in 'write_string'
|   from lib/kemal/src/kemal/route_handler.cr:174:7 in 'call'
|   from lib/kemal/src/kemal/websocket_handler.cr:13:14 in 'call'
|   from /home/uchiha/playground/crystal/src/http/server/handler.cr:30:7 in 'call_next'
|   from lib/kemal/src/kemal/filter_handler.cr:46:7 in 'call'
|   from /home/uchiha/playground/crystal/src/http/server/handler.cr:30:7 in 'call_next'
|   from src/middlewares/web_api_auth_middleware.cr:8:12 in 'call'
|   from /home/uchiha/playground/crystal/src/http/server/handler.cr:30:7 in 'call_next'
|   from src/middlewares/admin_api_auth_middleware.cr:7:12 in 'call'
|   from /home/uchiha/playground/crystal/src/http/server/handler.cr:30:7 in 'call_next'
|   from /home/uchiha/playground/crystal/src/http/server/handlers/static_file_handler.cr:60:12 in 'call'
|   from /home/uchiha/playground/crystal/src/http/server/handler.cr:30:7 in 'call'
|   from /home/uchiha/playground/crystal/src/http/server/handler.cr:30:7 in 'call'
|   from /home/uchiha/playground/crystal/src/http/server/handler.cr:30:7 in 'call'
|   from /home/uchiha/playground/crystal/src/http/server/handler.cr:30:7 in 'call'
|   from /home/uchiha/playground/crystal/src/http/server/request_processor.cr:58:11 in 'process'
|   from /home/uchiha/playground/crystal/src/http/server.cr:506:5 in '->'
|   from /home/uchiha/playground/crystal/src/fiber.cr:168:11 in 'run'
|   from /home/uchiha/playground/crystal/src/fiber.cr:103:3 in '->'
|   from ???
| Caused by: write (#<TCPSocket:0x7334e8926d98>): Broken pipe (IO::Error)
|   from /home/uchiha/playground/crystal/src/crystal/system/thread.cr:72:3 in 'unbuffered_write'
|   from /home/uchiha/playground/crystal/src/io/buffered.cr:163:14 in 'write'
|   from /home/uchiha/playground/crystal/src/http/server/response.cr:282:11 in 'unbuffered_write'
|   from /home/uchiha/playground/crystal/src/io/buffered.cr:163:14 in 'write'
|   from /home/uchiha/playground/crystal/src/http/server/response.cr:107:7 in 'write'
|   from /home/uchiha/playground/crystal/src/io.cr:488:7 in 'write_string'
|   from lib/kemal/src/kemal/route_handler.cr:174:7 in 'call'
|   from lib/kemal/src/kemal/websocket_handler.cr:13:14 in 'call'
|   from /home/uchiha/playground/crystal/src/http/server/handler.cr:30:7 in 'call_next'
|   from lib/kemal/src/kemal/filter_handler.cr:46:7 in 'call'
|   from /home/uchiha/playground/crystal/src/http/server/handler.cr:30:7 in 'call_next'
|   from src/middlewares/web_api_auth_middleware.cr:8:12 in 'call'
|   from /home/uchiha/playground/crystal/src/http/server/handler.cr:30:7 in 'call_next'
|   from src/middlewares/admin_api_auth_middleware.cr:7:12 in 'call'
|   from /home/uchiha/playground/crystal/src/http/server/handler.cr:30:7 in 'call_next'
|   from /home/uchiha/playground/crystal/src/http/server/handlers/static_file_handler.cr:60:12 in 'call'
|   from /home/uchiha/playground/crystal/src/http/server/handler.cr:30:7 in 'call'
|   from /home/uchiha/playground/crystal/src/http/server/handler.cr:30:7 in 'call'
|   from /home/uchiha/playground/crystal/src/http/server/handler.cr:30:7 in 'call'
|   from /home/uchiha/playground/crystal/src/http/server/handler.cr:30:7 in 'call'
|   from /home/uchiha/playground/crystal/src/http/server/request_processor.cr:58:11 in 'process'
|   from /home/uchiha/playground/crystal/src/http/server.cr:506:5 in '->'
|   from /home/uchiha/playground/crystal/src/fiber.cr:168:11 in 'run'
|   from /home/uchiha/playground/crystal/src/fiber.cr:103:3 in '->'
|   from ???
ERR 2026-08-04T07:14:20.106Z > Unhandled exception on HTTP::Handler
| Closed stream (IO::Error)
|   from /home/uchiha/playground/crystal/src/http/server/response.cr:215:15 in 'content_type='
|   from lib/kemal/src/kemal/helpers/templates.cr:25:3 in 'render_500'
|   from lib/kemal/src/kemal/exception_handler.cr:34:7 in 'call'
|   from /home/uchiha/playground/crystal/src/http/server/handler.cr:30:7 in 'call'
|   from /home/uchiha/playground/crystal/src/http/server/handler.cr:30:7 in 'call'
|   from /home/uchiha/playground/crystal/src/http/server/handler.cr:30:7 in 'call'
|   from /home/uchiha/playground/crystal/src/http/server/request_processor.cr:58:11 in 'process'
|   from /home/uchiha/playground/crystal/src/http/server.cr:506:5 in '->'
|   from /home/uchiha/playground/crystal/src/fiber.cr:168:11 in 'run'
|   from /home/uchiha/playground/crystal/src/fiber.cr:103:3 in '->'
|   from ???
ERR 2026-08-04T07:14:20.107Z > Error while writing data to the client
| Error while writing data to the client (HTTP::Server::ClientError)
|   from /home/uchiha/playground/crystal/src/http/server/response.cr:266:9 in 'unbuffered_write'
|   from /home/uchiha/playground/crystal/src/io/buffered.cr:163:14 in 'write'
|   from /home/uchiha/playground/crystal/src/http/server/response.cr:107:7 in 'write'
|   from /home/uchiha/playground/crystal/src/io.cr:488:7 in 'write_string'
|   from lib/kemal/src/kemal/route_handler.cr:174:7 in 'call'
|   from lib/kemal/src/kemal/websocket_handler.cr:13:14 in 'call'
|   from /home/uchiha/playground/crystal/src/http/server/handler.cr:30:7 in 'call_next'
|   from lib/kemal/src/kemal/filter_handler.cr:46:7 in 'call'
|   from /home/uchiha/playground/crystal/src/http/server/handler.cr:30:7 in 'call_next'
|   from src/middlewares/web_api_auth_middleware.cr:8:12 in 'call'
|   from /home/uchiha/playground/crystal/src/http/server/handler.cr:30:7 in 'call_next'
|   from src/middlewares/admin_api_auth_middleware.cr:7:12 in 'call'
|   from /home/uchiha/playground/crystal/src/http/server/handler.cr:30:7 in 'call_next'
|   from /home/uchiha/playground/crystal/src/http/server/handlers/static_file_handler.cr:60:12 in 'call'
|   from /home/uchiha/playground/crystal/src/http/server/handler.cr:30:7 in 'call'
|   from /home/uchiha/playground/crystal/src/http/server/handler.cr:30:7 in 'call'
|   from /home/uchiha/playground/crystal/src/http/server/handler.cr:30:7 in 'call'
|   from /home/uchiha/playground/crystal/src/http/server/handler.cr:30:7 in 'call'
|   from /home/uchiha/playground/crystal/src/http/server/request_processor.cr:58:11 in 'process'
|   from /home/uchiha/playground/crystal/src/http/server.cr:506:5 in '->'
|   from /home/uchiha/playground/crystal/src/fiber.cr:168:11 in 'run'
|   from /home/uchiha/playground/crystal/src/fiber.cr:103:3 in '->'
|   from ???
| Caused by: write (#<TCPSocket:0x7334e8926ee8>): Broken pipe (IO::Error)
|   from /home/uchiha/playground/crystal/src/crystal/system/thread.cr:72:3 in 'unbuffered_write'
|   from /home/uchiha/playground/crystal/src/io/buffered.cr:163:14 in 'write'
|   from /home/uchiha/playground/crystal/src/http/server/response.cr:282:11 in 'unbuffered_write'
|   from /home/uchiha/playground/crystal/src/io/buffered.cr:163:14 in 'write'
|   from /home/uchiha/playground/crystal/src/http/server/response.cr:107:7 in 'write'
|   from /home/uchiha/playground/crystal/src/io.cr:488:7 in 'write_string'
|   from lib/kemal/src/kemal/route_handler.cr:174:7 in 'call'
|   from lib/kemal/src/kemal/websocket_handler.cr:13:14 in 'call'
|   from /home/uchiha/playground/crystal/src/http/server/handler.cr:30:7 in 'call_next'
|   from lib/kemal/src/kemal/filter_handler.cr:46:7 in 'call'
|   from /home/uchiha/playground/crystal/src/http/server/handler.cr:30:7 in 'call_next'
|   from src/middlewares/web_api_auth_middleware.cr:8:12 in 'call'
|   from /home/uchiha/playground/crystal/src/http/server/handler.cr:30:7 in 'call_next'
|   from src/middlewares/admin_api_auth_middleware.cr:7:12 in 'call'
|   from /home/uchiha/playground/crystal/src/http/server/handler.cr:30:7 in 'call_next'
|   from /home/uchiha/playground/crystal/src/http/server/handlers/static_file_handler.cr:60:12 in 'call'
|   from /home/uchiha/playground/crystal/src/http/server/handler.cr:30:7 in 'call'
|   from /home/uchiha/playground/crystal/src/http/server/handler.cr:30:7 in 'call'
|   from /home/uchiha/playground/crystal/src/http/server/handler.cr:30:7 in 'call'
|   from /home/uchiha/playground/crystal/src/http/server/handler.cr:30:7 in 'call'
|   from /home/uchiha/playground/crystal/src/http/server/request_processor.cr:58:11 in 'process'
|   from /home/uchiha/playground/crystal/src/http/server.cr:506:5 in '->'
|   from /home/uchiha/playground/crystal/src/fiber.cr:168:11 in 'run'
|   from /home/uchiha/playground/crystal/src/fiber.cr:103:3 in '->'
|   from ???
ERR 2026-08-04T07:14:20.107Z > Unhandled exception on HTTP::Handler
| Closed stream (IO::Error)
|   from /home/uchiha/playground/crystal/src/http/server/response.cr:215:15 in 'content_type='
|   from lib/kemal/src/kemal/helpers/templates.cr:25:3 in 'render_500'
|   from lib/kemal/src/kemal/exception_handler.cr:34:7 in 'call'
|   from /home/uchiha/playground/crystal/src/http/server/handler.cr:30:7 in 'call'
|   from /home/uchiha/playground/crystal/src/http/server/handler.cr:30:7 in 'call'
|   from /home/uchiha/playground/crystal/src/http/server/handler.cr:30:7 in 'call'
|   from /home/uchiha/playground/crystal/src/http/server/request_processor.cr:58:11 in 'process'
|   from /home/uchiha/playground/crystal/src/http/server.cr:506:5 in '->'
|   from /home/uchiha/playground/crystal/src/fiber.cr:168:11 in 'run'
|   from /home/uchiha/playground/crystal/src/fiber.cr:103:3 in '->'
|   from ???
ERR 2026-08-04T07:14:20.108Z > Error while writing data to the client
| Error while writing data to the client (HTTP::Server::ClientError)
|   from /home/uchiha/playground/crystal/src/http/server/response.cr:266:9 in 'unbuffered_write'
|   from /home/uchiha/playground/crystal/src/io/buffered.cr:163:14 in 'write'
|   from /home/uchiha/playground/crystal/src/http/server/response.cr:107:7 in 'write'
|   from /home/uchiha/playground/crystal/src/io.cr:488:7 in 'write_string'
|   from lib/kemal/src/kemal/route_handler.cr:174:7 in 'call'
|   from lib/kemal/src/kemal/websocket_handler.cr:13:14 in 'call'
|   from /home/uchiha/playground/crystal/src/http/server/handler.cr:30:7 in 'call_next'
|   from lib/kemal/src/kemal/filter_handler.cr:46:7 in 'call'
|   from /home/uchiha/playground/crystal/src/http/server/handler.cr:30:7 in 'call_next'
|   from src/middlewares/web_api_auth_middleware.cr:8:12 in 'call'
|   from /home/uchiha/playground/crystal/src/http/server/handler.cr:30:7 in 'call_next'
|   from src/middlewares/admin_api_auth_middleware.cr:7:12 in 'call'
|   from /home/uchiha/playground/crystal/src/http/server/handler.cr:30:7 in 'call_next'
|   from /home/uchiha/playground/crystal/src/http/server/handlers/static_file_handler.cr:60:12 in 'call'
|   from /home/uchiha/playground/crystal/src/http/server/handler.cr:30:7 in 'call'
|   from /home/uchiha/playground/crystal/src/http/server/handler.cr:30:7 in 'call'
|   from /home/uchiha/playground/crystal/src/http/server/handler.cr:30:7 in 'call'
|   from /home/uchiha/playground/crystal/src/http/server/handler.cr:30:7 in 'call'
|   from /home/uchiha/playground/crystal/src/http/server/request_processor.cr:58:11 in 'process'
|   from /home/uchiha/playground/crystal/src/http/server.cr:506:5 in '->'
|   from /home/uchiha/playground/crystal/src/fiber.cr:168:11 in 'run'
|   from /home/uchiha/playground/crystal/src/fiber.cr:103:3 in '->'
|   from ???
| Caused by: write (#<TCPSocket:0x7334e8924a28>): Broken pipe (IO::Error)
|   from /home/uchiha/playground/crystal/src/crystal/system/thread.cr:72:3 in 'unbuffered_write'
|   from /home/uchiha/playground/crystal/src/io/buffered.cr:163:14 in 'write'
|   from /home/uchiha/playground/crystal/src/http/server/response.cr:282:11 in 'unbuffered_write'
|   from /home/uchiha/playground/crystal/src/io/buffered.cr:163:14 in 'write'
|   from /home/uchiha/playground/crystal/src/http/server/response.cr:107:7 in 'write'
|   from /home/uchiha/playground/crystal/src/io.cr:488:7 in 'write_string'
|   from lib/kemal/src/kemal/route_handler.cr:174:7 in 'call'
|   from lib/kemal/src/kemal/websocket_handler.cr:13:14 in 'call'
|   from /home/uchiha/playground/crystal/src/http/server/handler.cr:30:7 in 'call_next'
|   from lib/kemal/src/kemal/filter_handler.cr:46:7 in 'call'
|   from /home/uchiha/playground/crystal/src/http/server/handler.cr:30:7 in 'call_next'
|   from src/middlewares/web_api_auth_middleware.cr:8:12 in 'call'
|   from /home/uchiha/playground/crystal/src/http/server/handler.cr:30:7 in 'call_next'
|   from src/middlewares/admin_api_auth_middleware.cr:7:12 in 'call'
|   from /home/uchiha/playground/crystal/src/http/server/handler.cr:30:7 in 'call_next'
|   from /home/uchiha/playground/crystal/src/http/server/handlers/static_file_handler.cr:60:12 in 'call'
|   from /home/uchiha/playground/crystal/src/http/server/handler.cr:30:7 in 'call'
|   from /home/uchiha/playground/crystal/src/http/server/handler.cr:30:7 in 'call'
|   from /home/uchiha/playground/crystal/src/http/server/handler.cr:30:7 in 'call'
|   from /home/uchiha/playground/crystal/src/http/server/handler.cr:30:7 in 'call'
|   from /home/uchiha/playground/crystal/src/http/server/request_processor.cr:58:11 in 'process'
|   from /home/uchiha/playground/crystal/src/http/server.cr:506:5 in '->'
|   from /home/uchiha/playground/crystal/src/fiber.cr:168:11 in 'run'
|   from /home/uchiha/playground/crystal/src/fiber.cr:103:3 in '->'
|   from ???
ERR 2026-08-04T07:14:20.108Z > Unhandled exception on HTTP::Handler
| Closed stream (IO::Error)
|   from /home/uchiha/playground/crystal/src/http/server/response.cr:215:15 in 'content_type='
|   from lib/kemal/src/kemal/helpers/templates.cr:25:3 in 'render_500'
|   from lib/kemal/src/kemal/exception_handler.cr:34:7 in 'call'
|   from /home/uchiha/playground/crystal/src/http/server/handler.cr:30:7 in 'call'
|   from /home/uchiha/playground/crystal/src/http/server/handler.cr:30:7 in 'call'
|   from /home/uchiha/playground/crystal/src/http/server/handler.cr:30:7 in 'call'
|   from /home/uchiha/playground/crystal/src/http/server/request_processor.cr:58:11 in 'process'
|   from /home/uchiha/playground/crystal/src/http/server.cr:506:5 in '->'
|   from /home/uchiha/playground/crystal/src/fiber.cr:168:11 in 'run'
|   from /home/uchiha/playground/crystal/src/fiber.cr:103:3 in '->'
|   from ???
ERR 2026-08-04T07:14:20.108Z > Error while writing data to the client
| Error while writing data to the client (HTTP::Server::ClientError)
|   from /home/uchiha/playground/crystal/src/http/server/response.cr:266:9 in 'unbuffered_write'
|   from /home/uchiha/playground/crystal/src/io/buffered.cr:163:14 in 'write'
|   from /home/uchiha/playground/crystal/src/http/server/response.cr:107:7 in 'write'
|   from /home/uchiha/playground/crystal/src/io.cr:488:7 in 'write_string'
|   from lib/kemal/src/kemal/route_handler.cr:174:7 in 'call'
|   from lib/kemal/src/kemal/websocket_handler.cr:13:14 in 'call'
|   from /home/uchiha/playground/crystal/src/http/server/handler.cr:30:7 in 'call_next'
|   from lib/kemal/src/kemal/filter_handler.cr:46:7 in 'call'
|   from /home/uchiha/playground/crystal/src/http/server/handler.cr:30:7 in 'call_next'
|   from src/middlewares/web_api_auth_middleware.cr:8:12 in 'call'
|   from /home/uchiha/playground/crystal/src/http/server/handler.cr:30:7 in 'call_next'
|   from src/middlewares/admin_api_auth_middleware.cr:7:12 in 'call'
|   from /home/uchiha/playground/crystal/src/http/server/handler.cr:30:7 in 'call_next'
|   from /home/uchiha/playground/crystal/src/http/server/handlers/static_file_handler.cr:60:12 in 'call'
|   from /home/uchiha/playground/crystal/src/http/server/handler.cr:30:7 in 'call'
|   from /home/uchiha/playground/crystal/src/http/server/handler.cr:30:7 in 'call'
|   from /home/uchiha/playground/crystal/src/http/server/handler.cr:30:7 in 'call'
|   from /home/uchiha/playground/crystal/src/http/server/handler.cr:30:7 in 'call'
|   from /home/uchiha/playground/crystal/src/http/server/request_processor.cr:58:11 in 'process'
|   from /home/uchiha/playground/crystal/src/http/server.cr:506:5 in '->'
|   from /home/uchiha/playground/crystal/src/fiber.cr:168:11 in 'run'
|   from /home/uchiha/playground/crystal/src/fiber.cr:103:3 in '->'
|   from ???
| Caused by: write (#<TCPSocket:0x7334e8920348>): Broken pipe (IO::Error)
|   from /home/uchiha/playground/crystal/src/crystal/system/thread.cr:72:3 in 'unbuffered_write'
|   from /home/uchiha/playground/crystal/src/io/buffered.cr:163:14 in 'write'
|   from /home/uchiha/playground/crystal/src/http/server/response.cr:282:11 in 'unbuffered_write'
|   from /home/uchiha/playground/crystal/src/io/buffered.cr:163:14 in 'write'
|   from /home/uchiha/playground/crystal/src/http/server/response.cr:107:7 in 'write'
|   from /home/uchiha/playground/crystal/src/io.cr:488:7 in 'write_string'
|   from lib/kemal/src/kemal/route_handler.cr:174:7 in 'call'
|   from lib/kemal/src/kemal/websocket_handler.cr:13:14 in 'call'
|   from /home/uchiha/playground/crystal/src/http/server/handler.cr:30:7 in 'call_next'
|   from lib/kemal/src/kemal/filter_handler.cr:46:7 in 'call'
|   from /home/uchiha/playground/crystal/src/http/server/handler.cr:30:7 in 'call_next'
|   from src/middlewares/web_api_auth_middleware.cr:8:12 in 'call'
|   from /home/uchiha/playground/crystal/src/http/server/handler.cr:30:7 in 'call_next'
|   from src/middlewares/admin_api_auth_middleware.cr:7:12 in 'call'
|   from /home/uchiha/playground/crystal/src/http/server/handler.cr:30:7 in 'call_next'
|   from /home/uchiha/playground/crystal/src/http/server/handlers/static_file_handler.cr:60:12 in 'call'
|   from /home/uchiha/playground/crystal/src/http/server/handler.cr:30:7 in 'call'
|   from /home/uchiha/playground/crystal/src/http/server/handler.cr:30:7 in 'call'
|   from /home/uchiha/playground/crystal/src/http/server/handler.cr:30:7 in 'call'
|   from /home/uchiha/playground/crystal/src/http/server/handler.cr:30:7 in 'call'
|   from /home/uchiha/playground/crystal/src/http/server/request_processor.cr:58:11 in 'process'
|   from /home/uchiha/playground/crystal/src/http/server.cr:506:5 in '->'
|   from /home/uchiha/playground/crystal/src/fiber.cr:168:11 in 'run'
|   from /home/uchiha/playground/crystal/src/fiber.cr:103:3 in '->'
|   from ???
ERR 2026-08-04T07:14:20.108Z > Unhandled exception on HTTP::Handler
| Closed stream (IO::Error)
|   from /home/uchiha/playground/crystal/src/http/server/response.cr:215:15 in 'content_type='
|   from lib/kemal/src/kemal/helpers/templates.cr:25:3 in 'render_500'
|   from lib/kemal/src/kemal/exception_handler.cr:34:7 in 'call'
|   from /home/uchiha/playground/crystal/src/http/server/handler.cr:30:7 in 'call'
|   from /home/uchiha/playground/crystal/src/http/server/handler.cr:30:7 in 'call'
|   from /home/uchiha/playground/crystal/src/http/server/handler.cr:30:7 in 'call'
|   from /home/uchiha/playground/crystal/src/http/server/request_processor.cr:58:11 in 'process'
|   from /home/uchiha/playground/crystal/src/http/server.cr:506:5 in '->'
|   from /home/uchiha/playground/crystal/src/fiber.cr:168:11 in 'run'
|   from /home/uchiha/playground/crystal/src/fiber.cr:103:3 in '->'
|   from ???
ERR 2026-08-04T07:14:20.109Z > Error while writing data to the client
| Error while writing data to the client (HTTP::Server::ClientError)
|   from /home/uchiha/playground/crystal/src/http/server/response.cr:266:9 in 'unbuffered_write'
|   from /home/uchiha/playground/crystal/src/io/buffered.cr:163:14 in 'write'
|   from /home/uchiha/playground/crystal/src/http/server/response.cr:107:7 in 'write'
|   from /home/uchiha/playground/crystal/src/io.cr:488:7 in 'write_string'
|   from lib/kemal/src/kemal/route_handler.cr:174:7 in 'call'
|   from lib/kemal/src/kemal/websocket_handler.cr:13:14 in 'call'
|   from /home/uchiha/playground/crystal/src/http/server/handler.cr:30:7 in 'call_next'
|   from lib/kemal/src/kemal/filter_handler.cr:46:7 in 'call'
|   from /home/uchiha/playground/crystal/src/http/server/handler.cr:30:7 in 'call_next'
|   from src/middlewares/web_api_auth_middleware.cr:8:12 in 'call'
|   from /home/uchiha/playground/crystal/src/http/server/handler.cr:30:7 in 'call_next'
|   from src/middlewares/admin_api_auth_middleware.cr:7:12 in 'call'
|   from /home/uchiha/playground/crystal/src/http/server/handler.cr:30:7 in 'call_next'
|   from /home/uchiha/playground/crystal/src/http/server/handlers/static_file_handler.cr:60:12 in 'call'
|   from /home/uchiha/playground/crystal/src/http/server/handler.cr:30:7 in 'call'
|   from /home/uchiha/playground/crystal/src/http/server/handler.cr:30:7 in 'call'
|   from /home/uchiha/playground/crystal/src/http/server/handler.cr:30:7 in 'call'
|   from /home/uchiha/playground/crystal/src/http/server/handler.cr:30:7 in 'call'
|   from /home/uchiha/playground/crystal/src/http/server/request_processor.cr:58:11 in 'process'
|   from /home/uchiha/playground/crystal/src/http/server.cr:506:5 in '->'
|   from /home/uchiha/playground/crystal/src/fiber.cr:168:11 in 'run'
|   from /home/uchiha/playground/crystal/src/fiber.cr:103:3 in '->'
|   from ???
| Caused by: write (#<TCPSocket:0x7334e8922bf8>): Broken pipe (IO::Error)
|   from /home/uchiha/playground/crystal/src/crystal/system/thread.cr:72:3 in 'unbuffered_write'
|   from /home/uchiha/playground/crystal/src/io/buffered.cr:163:14 in 'write'
|   from /home/uchiha/playground/crystal/src/http/server/response.cr:282:11 in 'unbuffered_write'
|   from /home/uchiha/playground/crystal/src/io/buffered.cr:163:14 in 'write'
|   from /home/uchiha/playground/crystal/src/http/server/response.cr:107:7 in 'write'
|   from /home/uchiha/playground/crystal/src/io.cr:488:7 in 'write_string'
|   from lib/kemal/src/kemal/route_handler.cr:174:7 in 'call'
|   from lib/kemal/src/kemal/websocket_handler.cr:13:14 in 'call'
|   from /home/uchiha/playground/crystal/src/http/server/handler.cr:30:7 in 'call_next'
|   from lib/kemal/src/kemal/filter_handler.cr:46:7 in 'call'
|   from /home/uchiha/playground/crystal/src/http/server/handler.cr:30:7 in 'call_next'
|   from src/middlewares/web_api_auth_middleware.cr:8:12 in 'call'
|   from /home/uchiha/playground/crystal/src/http/server/handler.cr:30:7 in 'call_next'
|   from src/middlewares/admin_api_auth_middleware.cr:7:12 in 'call'
|   from /home/uchiha/playground/crystal/src/http/server/handler.cr:30:7 in 'call_next'
|   from /home/uchiha/playground/crystal/src/http/server/handlers/static_file_handler.cr:60:12 in 'call'
|   from /home/uchiha/playground/crystal/src/http/server/handler.cr:30:7 in 'call'
|   from /home/uchiha/playground/crystal/src/http/server/handler.cr:30:7 in 'call'
|   from /home/uchiha/playground/crystal/src/http/server/handler.cr:30:7 in 'call'
|   from /home/uchiha/playground/crystal/src/http/server/handler.cr:30:7 in 'call'
|   from /home/uchiha/playground/crystal/src/http/server/request_processor.cr:58:11 in 'process'
|   from /home/uchiha/playground/crystal/src/http/server.cr:506:5 in '->'
|   from /home/uchiha/playground/crystal/src/fiber.cr:168:11 in 'run'
|   from /home/uchiha/playground/crystal/src/fiber.cr:103:3 in '->'
|   from ???
ERR 2026-08-04T07:14:20.109Z > Unhandled exception on HTTP::Handler
| Closed stream (IO::Error)
|   from /home/uchiha/playground/crystal/src/http/server/response.cr:215:15 in 'content_type='
|   from lib/kemal/src/kemal/helpers/templates.cr:25:3 in 'render_500'
|   from lib/kemal/src/kemal/exception_handler.cr:34:7 in 'call'
|   from /home/uchiha/playground/crystal/src/http/server/handler.cr:30:7 in 'call'
|   from /home/uchiha/playground/crystal/src/http/server/handler.cr:30:7 in 'call'
|   from /home/uchiha/playground/crystal/src/http/server/handler.cr:30:7 in 'call'
|   from /home/uchiha/playground/crystal/src/http/server/request_processor.cr:58:11 in 'process'
|   from /home/uchiha/playground/crystal/src/http/server.cr:506:5 in '->'
|   from /home/uchiha/playground/crystal/src/fiber.cr:168:11 in 'run'
|   from /home/uchiha/playground/crystal/src/fiber.cr:103:3 in '->'
|   from ???
ERR 2026-08-04T07:14:20.109Z > Error while writing data to the client
| Error while writing data to the client (HTTP::Server::ClientError)
|   from /home/uchiha/playground/crystal/src/http/server/response.cr:266:9 in 'unbuffered_write'
|   from /home/uchiha/playground/crystal/src/io/buffered.cr:163:14 in 'write'
|   from /home/uchiha/playground/crystal/src/http/server/response.cr:107:7 in 'write'
|   from /home/uchiha/playground/crystal/src/io.cr:488:7 in 'write_string'
|   from lib/kemal/src/kemal/route_handler.cr:174:7 in 'call'
|   from lib/kemal/src/kemal/websocket_handler.cr:13:14 in 'call'
|   from /home/uchiha/playground/crystal/src/http/server/handler.cr:30:7 in 'call_next'
|   from lib/kemal/src/kemal/filter_handler.cr:46:7 in 'call'
|   from /home/uchiha/playground/crystal/src/http/server/handler.cr:30:7 in 'call_next'
|   from src/middlewares/web_api_auth_middleware.cr:8:12 in 'call'
|   from /home/uchiha/playground/crystal/src/http/server/handler.cr:30:7 in 'call_next'
|   from src/middlewares/admin_api_auth_middleware.cr:7:12 in 'call'
|   from /home/uchiha/playground/crystal/src/http/server/handler.cr:30:7 in 'call_next'
|   from /home/uchiha/playground/crystal/src/http/server/handlers/static_file_handler.cr:60:12 in 'call'
|   from /home/uchiha/playground/crystal/src/http/server/handler.cr:30:7 in 'call'
|   from /home/uchiha/playground/crystal/src/http/server/handler.cr:30:7 in 'call'
|   from /home/uchiha/playground/crystal/src/http/server/handler.cr:30:7 in 'call'
|   from /home/uchiha/playground/crystal/src/http/server/handler.cr:30:7 in 'call'
|   from /home/uchiha/playground/crystal/src/http/server/request_processor.cr:58:11 in 'process'
|   from /home/uchiha/playground/crystal/src/http/server.cr:506:5 in '->'
|   from /home/uchiha/playground/crystal/src/fiber.cr:168:11 in 'run'
|   from /home/uchiha/playground/crystal/src/fiber.cr:103:3 in '->'
|   from ???
| Caused by: write (#<TCPSocket:0x7334e8922d48>): Broken pipe (IO::Error)
|   from /home/uchiha/playground/crystal/src/crystal/system/thread.cr:72:3 in 'unbuffered_write'
|   from /home/uchiha/playground/crystal/src/io/buffered.cr:163:14 in 'write'
|   from /home/uchiha/playground/crystal/src/http/server/response.cr:282:11 in 'unbuffered_write'
|   from /home/uchiha/playground/crystal/src/io/buffered.cr:163:14 in 'write'
|   from /home/uchiha/playground/crystal/src/http/server/response.cr:107:7 in 'write'
|   from /home/uchiha/playground/crystal/src/io.cr:488:7 in 'write_string'
|   from lib/kemal/src/kemal/route_handler.cr:174:7 in 'call'
|   from lib/kemal/src/kemal/websocket_handler.cr:13:14 in 'call'
|   from /home/uchiha/playground/crystal/src/http/server/handler.cr:30:7 in 'call_next'
|   from lib/kemal/src/kemal/filter_handler.cr:46:7 in 'call'
|   from /home/uchiha/playground/crystal/src/http/server/handler.cr:30:7 in 'call_next'
|   from src/middlewares/web_api_auth_middleware.cr:8:12 in 'call'
|   from /home/uchiha/playground/crystal/src/http/server/handler.cr:30:7 in 'call_next'
|   from src/middlewares/admin_api_auth_middleware.cr:7:12 in 'call'
|   from /home/uchiha/playground/crystal/src/http/server/handler.cr:30:7 in 'call_next'
|   from /home/uchiha/playground/crystal/src/http/server/handlers/static_file_handler.cr:60:12 in 'call'
|   from /home/uchiha/playground/crystal/src/http/server/handler.cr:30:7 in 'call'
|   from /home/uchiha/playground/crystal/src/http/server/handler.cr:30:7 in 'call'
|   from /home/uchiha/playground/crystal/src/http/server/handler.cr:30:7 in 'call'
|   from /home/uchiha/playground/crystal/src/http/server/handler.cr:30:7 in 'call'
|   from /home/uchiha/playground/crystal/src/http/server/request_processor.cr:58:11 in 'process'
|   from /home/uchiha/playground/crystal/src/http/server.cr:506:5 in '->'
|   from /home/uchiha/playground/crystal/src/fiber.cr:168:11 in 'run'
|   from /home/uchiha/playground/crystal/src/fiber.cr:103:3 in '->'
|   from ???
ERR 2026-08-04T07:14:20.109Z > Unhandled exception on HTTP::Handler
| Closed stream (IO::Error)
|   from /home/uchiha/playground/crystal/src/http/server/response.cr:215:15 in 'content_type='
|   from lib/kemal/src/kemal/helpers/templates.cr:25:3 in 'render_500'
|   from lib/kemal/src/kemal/exception_handler.cr:34:7 in 'call'
|   from /home/uchiha/playground/crystal/src/http/server/handler.cr:30:7 in 'call'
|   from /home/uchiha/playground/crystal/src/http/server/handler.cr:30:7 in 'call'
|   from /home/uchiha/playground/crystal/src/http/server/handler.cr:30:7 in 'call'
|   from /home/uchiha/playground/crystal/src/http/server/request_processor.cr:58:11 in 'process'
|   from /home/uchiha/playground/crystal/src/http/server.cr:506:5 in '->'
|   from /home/uchiha/playground/crystal/src/fiber.cr:168:11 in 'run'
|   from /home/uchiha/playground/crystal/src/fiber.cr:103:3 in '->'
|   from ???
ERR 2026-08-04T07:14:20.110Z > Error while writing data to the client
| Error while writing data to the client (HTTP::Server::ClientError)
|   from /home/uchiha/playground/crystal/src/http/server/response.cr:266:9 in 'unbuffered_write'
|   from /home/uchiha/playground/crystal/src/io/buffered.cr:163:14 in 'write'
|   from /home/uchiha/playground/crystal/src/http/server/response.cr:107:7 in 'write'
|   from /home/uchiha/playground/crystal/src/io.cr:488:7 in 'write_string'
|   from lib/kemal/src/kemal/route_handler.cr:174:7 in 'call'
|   from lib/kemal/src/kemal/websocket_handler.cr:13:14 in 'call'
|   from /home/uchiha/playground/crystal/src/http/server/handler.cr:30:7 in 'call_next'
|   from lib/kemal/src/kemal/filter_handler.cr:46:7 in 'call'
|   from /home/uchiha/playground/crystal/src/http/server/handler.cr:30:7 in 'call_next'
|   from src/middlewares/web_api_auth_middleware.cr:8:12 in 'call'
|   from /home/uchiha/playground/crystal/src/http/server/handler.cr:30:7 in 'call_next'
|   from src/middlewares/admin_api_auth_middleware.cr:7:12 in 'call'
|   from /home/uchiha/playground/crystal/src/http/server/handler.cr:30:7 in 'call_next'
|   from /home/uchiha/playground/crystal/src/http/server/handlers/static_file_handler.cr:60:12 in 'call'
|   from /home/uchiha/playground/crystal/src/http/server/handler.cr:30:7 in 'call'
|   from /home/uchiha/playground/crystal/src/http/server/handler.cr:30:7 in 'call'
|   from /home/uchiha/playground/crystal/src/http/server/handler.cr:30:7 in 'call'
|   from /home/uchiha/playground/crystal/src/http/server/handler.cr:30:7 in 'call'
|   from /home/uchiha/playground/crystal/src/http/server/request_processor.cr:58:11 in 'process'
|   from /home/uchiha/playground/crystal/src/http/server.cr:506:5 in '->'
|   from /home/uchiha/playground/crystal/src/fiber.cr:168:11 in 'run'
|   from /home/uchiha/playground/crystal/src/fiber.cr:103:3 in '->'
|   from ???
| Caused by: write (#<TCPSocket:0x7334e8927188>): Broken pipe (IO::Error)
|   from /home/uchiha/playground/crystal/src/crystal/system/thread.cr:72:3 in 'unbuffered_write'
|   from /home/uchiha/playground/crystal/src/io/buffered.cr:163:14 in 'write'
|   from /home/uchiha/playground/crystal/src/http/server/response.cr:282:11 in 'unbuffered_write'
|   from /home/uchiha/playground/crystal/src/io/buffered.cr:163:14 in 'write'
|   from /home/uchiha/playground/crystal/src/http/server/response.cr:107:7 in 'write'
|   from /home/uchiha/playground/crystal/src/io.cr:488:7 in 'write_string'
|   from lib/kemal/src/kemal/route_handler.cr:174:7 in 'call'
|   from lib/kemal/src/kemal/websocket_handler.cr:13:14 in 'call'
|   from /home/uchiha/playground/crystal/src/http/server/handler.cr:30:7 in 'call_next'
|   from lib/kemal/src/kemal/filter_handler.cr:46:7 in 'call'
|   from /home/uchiha/playground/crystal/src/http/server/handler.cr:30:7 in 'call_next'
|   from src/middlewares/web_api_auth_middleware.cr:8:12 in 'call'
|   from /home/uchiha/playground/crystal/src/http/server/handler.cr:30:7 in 'call_next'
|   from src/middlewares/admin_api_auth_middleware.cr:7:12 in 'call'
|   from /home/uchiha/playground/crystal/src/http/server/handler.cr:30:7 in 'call_next'
|   from /home/uchiha/playground/crystal/src/http/server/handlers/static_file_handler.cr:60:12 in 'call'
|   from /home/uchiha/playground/crystal/src/http/server/handler.cr:30:7 in 'call'
|   from /home/uchiha/playground/crystal/src/http/server/handler.cr:30:7 in 'call'
|   from /home/uchiha/playground/crystal/src/http/server/handler.cr:30:7 in 'call'
|   from /home/uchiha/playground/crystal/src/http/server/handler.cr:30:7 in 'call'
|   from /home/uchiha/playground/crystal/src/http/server/request_processor.cr:58:11 in 'process'
|   from /home/uchiha/playground/crystal/src/http/server.cr:506:5 in '->'
|   from /home/uchiha/playground/crystal/src/fiber.cr:168:11 in 'run'
|   from /home/uchiha/playground/crystal/src/fiber.cr:103:3 in '->'
|   from ???
ERR 2026-08-04T07:14:20.110Z > Unhandled exception on HTTP::Handler
| Closed stream (IO::Error)
|   from /home/uchiha/playground/crystal/src/http/server/response.cr:215:15 in 'content_type='
|   from lib/kemal/src/kemal/helpers/templates.cr:25:3 in 'render_500'
|   from lib/kemal/src/kemal/exception_handler.cr:34:7 in 'call'
|   from /home/uchiha/playground/crystal/src/http/server/handler.cr:30:7 in 'call'
|   from /home/uchiha/playground/crystal/src/http/server/handler.cr:30:7 in 'call'
|   from /home/uchiha/playground/crystal/src/http/server/handler.cr:30:7 in 'call'
|   from /home/uchiha/playground/crystal/src/http/server/request_processor.cr:58:11 in 'process'
|   from /home/uchiha/playground/crystal/src/http/server.cr:506:5 in '->'
|   from /home/uchiha/playground/crystal/src/fiber.cr:168:11 in 'run'
|   from /home/uchiha/playground/crystal/src/fiber.cr:103:3 in '->'
|   from ???
ERR 2026-08-04T07:14:20.110Z > Error while writing data to the client
| Error while writing data to the client (HTTP::Server::ClientError)
|   from /home/uchiha/playground/crystal/src/http/server/response.cr:266:9 in 'unbuffered_write'
|   from /home/uchiha/playground/crystal/src/io/buffered.cr:163:14 in 'write'
|   from /home/uchiha/playground/crystal/src/http/server/response.cr:107:7 in 'write'
|   from /home/uchiha/playground/crystal/src/io.cr:488:7 in 'write_string'
|   from lib/kemal/src/kemal/route_handler.cr:174:7 in 'call'
|   from lib/kemal/src/kemal/websocket_handler.cr:13:14 in 'call'
|   from /home/uchiha/playground/crystal/src/http/server/handler.cr:30:7 in 'call_next'
|   from lib/kemal/src/kemal/filter_handler.cr:46:7 in 'call'
|   from /home/uchiha/playground/crystal/src/http/server/handler.cr:30:7 in 'call_next'
|   from src/middlewares/web_api_auth_middleware.cr:8:12 in 'call'
|   from /home/uchiha/playground/crystal/src/http/server/handler.cr:30:7 in 'call_next'
|   from src/middlewares/admin_api_auth_middleware.cr:7:12 in 'call'
|   from /home/uchiha/playground/crystal/src/http/server/handler.cr:30:7 in 'call_next'
|   from /home/uchiha/playground/crystal/src/http/server/handlers/static_file_handler.cr:60:12 in 'call'
|   from /home/uchiha/playground/crystal/src/http/server/handler.cr:30:7 in 'call'
|   from /home/uchiha/playground/crystal/src/http/server/handler.cr:30:7 in 'call'
|   from /home/uchiha/playground/crystal/src/http/server/handler.cr:30:7 in 'call'
|   from /home/uchiha/playground/crystal/src/http/server/handler.cr:30:7 in 'call'
|   from /home/uchiha/playground/crystal/src/http/server/request_processor.cr:58:11 in 'process'
|   from /home/uchiha/playground/crystal/src/http/server.cr:506:5 in '->'
|   from /home/uchiha/playground/crystal/src/fiber.cr:168:11 in 'run'
|   from /home/uchiha/playground/crystal/src/fiber.cr:103:3 in '->'
|   from ???
| Caused by: write (#<TCPSocket:0x7334e8920c78>): Broken pipe (IO::Error)
|   from /home/uchiha/playground/crystal/src/crystal/system/thread.cr:72:3 in 'unbuffered_write'
|   from /home/uchiha/playground/crystal/src/io/buffered.cr:163:14 in 'write'
|   from /home/uchiha/playground/crystal/src/http/server/response.cr:282:11 in 'unbuffered_write'
|   from /home/uchiha/playground/crystal/src/io/buffered.cr:163:14 in 'write'
|   from /home/uchiha/playground/crystal/src/http/server/response.cr:107:7 in 'write'
|   from /home/uchiha/playground/crystal/src/io.cr:488:7 in 'write_string'
|   from lib/kemal/src/kemal/route_handler.cr:174:7 in 'call'
|   from lib/kemal/src/kemal/websocket_handler.cr:13:14 in 'call'
|   from /home/uchiha/playground/crystal/src/http/server/handler.cr:30:7 in 'call_next'
|   from lib/kemal/src/kemal/filter_handler.cr:46:7 in 'call'
|   from /home/uchiha/playground/crystal/src/http/server/handler.cr:30:7 in 'call_next'
|   from src/middlewares/web_api_auth_middleware.cr:8:12 in 'call'
|   from /home/uchiha/playground/crystal/src/http/server/handler.cr:30:7 in 'call_next'
|   from src/middlewares/admin_api_auth_middleware.cr:7:12 in 'call'
|   from /home/uchiha/playground/crystal/src/http/server/handler.cr:30:7 in 'call_next'
|   from /home/uchiha/playground/crystal/src/http/server/handlers/static_file_handler.cr:60:12 in 'call'
|   from /home/uchiha/playground/crystal/src/http/server/handler.cr:30:7 in 'call'
|   from /home/uchiha/playground/crystal/src/http/server/handler.cr:30:7 in 'call'
|   from /home/uchiha/playground/crystal/src/http/server/handler.cr:30:7 in 'call'
|   from /home/uchiha/playground/crystal/src/http/server/handler.cr:30:7 in 'call'
|   from /home/uchiha/playground/crystal/src/http/server/request_processor.cr:58:11 in 'process'
|   from /home/uchiha/playground/crystal/src/http/server.cr:506:5 in '->'
|   from /home/uchiha/playground/crystal/src/fiber.cr:168:11 in 'run'
|   from /home/uchiha/playground/crystal/src/fiber.cr:103:3 in '->'
|   from ???
ERR 2026-08-04T07:14:20.110Z > Unhandled exception on HTTP::Handler
| Closed stream (IO::Error)
|   from /home/uchiha/playground/crystal/src/http/server/response.cr:215:15 in 'content_type='
|   from lib/kemal/src/kemal/helpers/templates.cr:25:3 in 'render_500'
|   from lib/kemal/src/kemal/exception_handler.cr:34:7 in 'call'
|   from /home/uchiha/playground/crystal/src/http/server/handler.cr:30:7 in 'call'
|   from /home/uchiha/playground/crystal/src/http/server/handler.cr:30:7 in 'call'
|   from /home/uchiha/playground/crystal/src/http/server/handler.cr:30:7 in 'call'
|   from /home/uchiha/playground/crystal/src/http/server/request_processor.cr:58:11 in 'process'
|   from /home/uchiha/playground/crystal/src/http/server.cr:506:5 in '->'
|   from /home/uchiha/playground/crystal/src/fiber.cr:168:11 in 'run'
|   from /home/uchiha/playground/crystal/src/fiber.cr:103:3 in '->'
|   from ???
ERR 2026-08-04T07:14:20.111Z > Error while writing data to the client
| Error while writing data to the client (HTTP::Server::ClientError)
|   from /home/uchiha/playground/crystal/src/http/server/response.cr:266:9 in 'unbuffered_write'
|   from /home/uchiha/playground/crystal/src/io/buffered.cr:163:14 in 'write'
|   from /home/uchiha/playground/crystal/src/http/server/response.cr:107:7 in 'write'
|   from /home/uchiha/playground/crystal/src/io.cr:488:7 in 'write_string'
|   from lib/kemal/src/kemal/route_handler.cr:174:7 in 'call'
|   from lib/kemal/src/kemal/websocket_handler.cr:13:14 in 'call'
|   from /home/uchiha/playground/crystal/src/http/server/handler.cr:30:7 in 'call_next'
|   from lib/kemal/src/kemal/filter_handler.cr:46:7 in 'call'
|   from /home/uchiha/playground/crystal/src/http/server/handler.cr:30:7 in 'call_next'
|   from src/middlewares/web_api_auth_middleware.cr:8:12 in 'call'
|   from /home/uchiha/playground/crystal/src/http/server/handler.cr:30:7 in 'call_next'
|   from src/middlewares/admin_api_auth_middleware.cr:7:12 in 'call'
|   from /home/uchiha/playground/crystal/src/http/server/handler.cr:30:7 in 'call_next'
|   from /home/uchiha/playground/crystal/src/http/server/handlers/static_file_handler.cr:60:12 in 'call'
|   from /home/uchiha/playground/crystal/src/http/server/handler.cr:30:7 in 'call'
|   from /home/uchiha/playground/crystal/src/http/server/handler.cr:30:7 in 'call'
|   from /home/uchiha/playground/crystal/src/http/server/handler.cr:30:7 in 'call'
|   from /home/uchiha/playground/crystal/src/http/server/handler.cr:30:7 in 'call'
|   from /home/uchiha/playground/crystal/src/http/server/request_processor.cr:58:11 in 'process'
|   from /home/uchiha/playground/crystal/src/http/server.cr:506:5 in '->'
|   from /home/uchiha/playground/crystal/src/fiber.cr:168:11 in 'run'
|   from /home/uchiha/playground/crystal/src/fiber.cr:103:3 in '->'
|   from ???
| Caused by: write (#<TCPSocket:0x7334e8925748>): Broken pipe (IO::Error)
|   from /home/uchiha/playground/crystal/src/crystal/system/thread.cr:72:3 in 'unbuffered_write'
|   from /home/uchiha/playground/crystal/src/io/buffered.cr:163:14 in 'write'
|   from /home/uchiha/playground/crystal/src/http/server/response.cr:282:11 in 'unbuffered_write'
|   from /home/uchiha/playground/crystal/src/io/buffered.cr:163:14 in 'write'
|   from /home/uchiha/playground/crystal/src/http/server/response.cr:107:7 in 'write'
|   from /home/uchiha/playground/crystal/src/io.cr:488:7 in 'write_string'
|   from lib/kemal/src/kemal/route_handler.cr:174:7 in 'call'
|   from lib/kemal/src/kemal/websocket_handler.cr:13:14 in 'call'
|   from /home/uchiha/playground/crystal/src/http/server/handler.cr:30:7 in 'call_next'
|   from lib/kemal/src/kemal/filter_handler.cr:46:7 in 'call'
|   from /home/uchiha/playground/crystal/src/http/server/handler.cr:30:7 in 'call_next'
|   from src/middlewares/web_api_auth_middleware.cr:8:12 in 'call'
|   from /home/uchiha/playground/crystal/src/http/server/handler.cr:30:7 in 'call_next'
|   from src/middlewares/admin_api_auth_middleware.cr:7:12 in 'call'
|   from /home/uchiha/playground/crystal/src/http/server/handler.cr:30:7 in 'call_next'
|   from /home/uchiha/playground/crystal/src/http/server/handlers/static_file_handler.cr:60:12 in 'call'
|   from /home/uchiha/playground/crystal/src/http/server/handler.cr:30:7 in 'call'
|   from /home/uchiha/playground/crystal/src/http/server/handler.cr:30:7 in 'call'
|   from /home/uchiha/playground/crystal/src/http/server/handler.cr:30:7 in 'call'
|   from /home/uchiha/playground/crystal/src/http/server/handler.cr:30:7 in 'call'
|   from /home/uchiha/playground/crystal/src/http/server/request_processor.cr:58:11 in 'process'
|   from /home/uchiha/playground/crystal/src/http/server.cr:506:5 in '->'
|   from /home/uchiha/playground/crystal/src/fiber.cr:168:11 in 'run'
|   from /home/uchiha/playground/crystal/src/fiber.cr:103:3 in '->'
|   from ???
ERR 2026-08-04T07:14:20.111Z > Unhandled exception on HTTP::Handler
| Closed stream (IO::Error)
|   from /home/uchiha/playground/crystal/src/http/server/response.cr:215:15 in 'content_type='
|   from lib/kemal/src/kemal/helpers/templates.cr:25:3 in 'render_500'
|   from lib/kemal/src/kemal/exception_handler.cr:34:7 in 'call'
|   from /home/uchiha/playground/crystal/src/http/server/handler.cr:30:7 in 'call'
|   from /home/uchiha/playground/crystal/src/http/server/handler.cr:30:7 in 'call'
|   from /home/uchiha/playground/crystal/src/http/server/handler.cr:30:7 in 'call'
|   from /home/uchiha/playground/crystal/src/http/server/request_processor.cr:58:11 in 'process'
|   from /home/uchiha/playground/crystal/src/http/server.cr:506:5 in '->'
|   from /home/uchiha/playground/crystal/src/fiber.cr:168:11 in 'run'
|   from /home/uchiha/playground/crystal/src/fiber.cr:103:3 in '->'
|   from ???
ERR 2026-08-04T07:14:20.111Z > Error while writing data to the client
| Error while writing data to the client (HTTP::Server::ClientError)
|   from /home/uchiha/playground/crystal/src/http/server/response.cr:266:9 in 'unbuffered_write'
|   from /home/uchiha/playground/crystal/src/io/buffered.cr:163:14 in 'write'
|   from /home/uchiha/playground/crystal/src/http/server/response.cr:107:7 in 'write'
|   from /home/uchiha/playground/crystal/src/io.cr:488:7 in 'write_string'
|   from lib/kemal/src/kemal/route_handler.cr:174:7 in 'call'
|   from lib/kemal/src/kemal/websocket_handler.cr:13:14 in 'call'
|   from /home/uchiha/playground/crystal/src/http/server/handler.cr:30:7 in 'call_next'
|   from lib/kemal/src/kemal/filter_handler.cr:46:7 in 'call'
|   from /home/uchiha/playground/crystal/src/http/server/handler.cr:30:7 in 'call_next'
|   from src/middlewares/web_api_auth_middleware.cr:8:12 in 'call'
|   from /home/uchiha/playground/crystal/src/http/server/handler.cr:30:7 in 'call_next'
|   from src/middlewares/admin_api_auth_middleware.cr:7:12 in 'call'
|   from /home/uchiha/playground/crystal/src/http/server/handler.cr:30:7 in 'call_next'
|   from /home/uchiha/playground/crystal/src/http/server/handlers/static_file_handler.cr:60:12 in 'call'
|   from /home/uchiha/playground/crystal/src/http/server/handler.cr:30:7 in 'call'
|   from /home/uchiha/playground/crystal/src/http/server/handler.cr:30:7 in 'call'
|   from /home/uchiha/playground/crystal/src/http/server/handler.cr:30:7 in 'call'
|   from /home/uchiha/playground/crystal/src/http/server/handler.cr:30:7 in 'call'
|   from /home/uchiha/playground/crystal/src/http/server/request_processor.cr:58:11 in 'process'
|   from /home/uchiha/playground/crystal/src/http/server.cr:506:5 in '->'
|   from /home/uchiha/playground/crystal/src/fiber.cr:168:11 in 'run'
|   from /home/uchiha/playground/crystal/src/fiber.cr:103:3 in '->'
|   from ???
| Caused by: write (#<TCPSocket:0x7334e8924cc8>): Broken pipe (IO::Error)
|   from /home/uchiha/playground/crystal/src/crystal/system/thread.cr:72:3 in 'unbuffered_write'
|   from /home/uchiha/playground/crystal/src/io/buffered.cr:163:14 in 'write'
|   from /home/uchiha/playground/crystal/src/http/server/response.cr:282:11 in 'unbuffered_write'
|   from /home/uchiha/playground/crystal/src/io/buffered.cr:163:14 in 'write'
|   from /home/uchiha/playground/crystal/src/http/server/response.cr:107:7 in 'write'
|   from /home/uchiha/playground/crystal/src/io.cr:488:7 in 'write_string'
|   from lib/kemal/src/kemal/route_handler.cr:174:7 in 'call'
|   from lib/kemal/src/kemal/websocket_handler.cr:13:14 in 'call'
|   from /home/uchiha/playground/crystal/src/http/server/handler.cr:30:7 in 'call_next'
|   from lib/kemal/src/kemal/filter_handler.cr:46:7 in 'call'
|   from /home/uchiha/playground/crystal/src/http/server/handler.cr:30:7 in 'call_next'
|   from src/middlewares/web_api_auth_middleware.cr:8:12 in 'call'
|   from /home/uchiha/playground/crystal/src/http/server/handler.cr:30:7 in 'call_next'
|   from src/middlewares/admin_api_auth_middleware.cr:7:12 in 'call'
|   from /home/uchiha/playground/crystal/src/http/server/handler.cr:30:7 in 'call_next'
|   from /home/uchiha/playground/crystal/src/http/server/handlers/static_file_handler.cr:60:12 in 'call'
|   from /home/uchiha/playground/crystal/src/http/server/handler.cr:30:7 in 'call'
|   from /home/uchiha/playground/crystal/src/http/server/handler.cr:30:7 in 'call'
|   from /home/uchiha/playground/crystal/src/http/server/handler.cr:30:7 in 'call'
|   from /home/uchiha/playground/crystal/src/http/server/handler.cr:30:7 in 'call'
|   from /home/uchiha/playground/crystal/src/http/server/request_processor.cr:58:11 in 'process'
|   from /home/uchiha/playground/crystal/src/http/server.cr:506:5 in '->'
|   from /home/uchiha/playground/crystal/src/fiber.cr:168:11 in 'run'
|   from /home/uchiha/playground/crystal/src/fiber.cr:103:3 in '->'
|   from ???
ERR 2026-08-04T07:14:20.111Z > Unhandled exception on HTTP::Handler
| Closed stream (IO::Error)
|   from /home/uchiha/playground/crystal/src/http/server/response.cr:215:15 in 'content_type='
|   from lib/kemal/src/kemal/helpers/templates.cr:25:3 in 'render_500'
|   from lib/kemal/src/kemal/exception_handler.cr:34:7 in 'call'
|   from /home/uchiha/playground/crystal/src/http/server/handler.cr:30:7 in 'call'
|   from /home/uchiha/playground/crystal/src/http/server/handler.cr:30:7 in 'call'
|   from /home/uchiha/playground/crystal/src/http/server/handler.cr:30:7 in 'call'
|   from /home/uchiha/playground/crystal/src/http/server/request_processor.cr:58:11 in 'process'
|   from /home/uchiha/playground/crystal/src/http/server.cr:506:5 in '->'
|   from /home/uchiha/playground/crystal/src/fiber.cr:168:11 in 'run'
|   from /home/uchiha/playground/crystal/src/fiber.cr:103:3 in '->'
|   from ???
ERR 2026-08-04T07:14:20.113Z > Error while writing data to the client
| Error while writing data to the client (HTTP::Server::ClientError)
|   from /home/uchiha/playground/crystal/src/http/server/response.cr:266:9 in 'unbuffered_write'
|   from /home/uchiha/playground/crystal/src/io/buffered.cr:163:14 in 'write'
|   from /home/uchiha/playground/crystal/src/http/server/response.cr:107:7 in 'write'
|   from /home/uchiha/playground/crystal/src/io.cr:488:7 in 'write_string'
|   from lib/kemal/src/kemal/route_handler.cr:174:7 in 'call'
|   from lib/kemal/src/kemal/websocket_handler.cr:13:14 in 'call'
|   from /home/uchiha/playground/crystal/src/http/server/handler.cr:30:7 in 'call_next'
|   from lib/kemal/src/kemal/filter_handler.cr:46:7 in 'call'
|   from /home/uchiha/playground/crystal/src/http/server/handler.cr:30:7 in 'call_next'
|   from src/middlewares/web_api_auth_middleware.cr:8:12 in 'call'
|   from /home/uchiha/playground/crystal/src/http/server/handler.cr:30:7 in 'call_next'
|   from src/middlewares/admin_api_auth_middleware.cr:7:12 in 'call'
|   from /home/uchiha/playground/crystal/src/http/server/handler.cr:30:7 in 'call_next'
|   from /home/uchiha/playground/crystal/src/http/server/handlers/static_file_handler.cr:60:12 in 'call'
|   from /home/uchiha/playground/crystal/src/http/server/handler.cr:30:7 in 'call'
|   from /home/uchiha/playground/crystal/src/http/server/handler.cr:30:7 in 'call'
|   from /home/uchiha/playground/crystal/src/http/server/handler.cr:30:7 in 'call'
|   from /home/uchiha/playground/crystal/src/http/server/handler.cr:30:7 in 'call'
|   from /home/uchiha/playground/crystal/src/http/server/request_processor.cr:58:11 in 'process'
|   from /home/uchiha/playground/crystal/src/http/server.cr:506:5 in '->'
|   from /home/uchiha/playground/crystal/src/fiber.cr:168:11 in 'run'
|   from /home/uchiha/playground/crystal/src/fiber.cr:103:3 in '->'
|   from ???
| Caused by: write (#<TCPSocket:0x7334e8926c48>): Broken pipe (IO::Error)
|   from /home/uchiha/playground/crystal/src/crystal/system/thread.cr:72:3 in 'unbuffered_write'
|   from /home/uchiha/playground/crystal/src/io/buffered.cr:163:14 in 'write'
|   from /home/uchiha/playground/crystal/src/http/server/response.cr:282:11 in 'unbuffered_write'
|   from /home/uchiha/playground/crystal/src/io/buffered.cr:163:14 in 'write'
|   from /home/uchiha/playground/crystal/src/http/server/response.cr:107:7 in 'write'
|   from /home/uchiha/playground/crystal/src/io.cr:488:7 in 'write_string'
|   from lib/kemal/src/kemal/route_handler.cr:174:7 in 'call'
|   from lib/kemal/src/kemal/websocket_handler.cr:13:14 in 'call'
|   from /home/uchiha/playground/crystal/src/http/server/handler.cr:30:7 in 'call_next'
|   from lib/kemal/src/kemal/filter_handler.cr:46:7 in 'call'
|   from /home/uchiha/playground/crystal/src/http/server/handler.cr:30:7 in 'call_next'
|   from src/middlewares/web_api_auth_middleware.cr:8:12 in 'call'
|   from /home/uchiha/playground/crystal/src/http/server/handler.cr:30:7 in 'call_next'
|   from src/middlewares/admin_api_auth_middleware.cr:7:12 in 'call'
|   from /home/uchiha/playground/crystal/src/http/server/handler.cr:30:7 in 'call_next'
|   from /home/uchiha/playground/crystal/src/http/server/handlers/static_file_handler.cr:60:12 in 'call'
|   from /home/uchiha/playground/crystal/src/http/server/handler.cr:30:7 in 'call'
|   from /home/uchiha/playground/crystal/src/http/server/handler.cr:30:7 in 'call'
|   from /home/uchiha/playground/crystal/src/http/server/handler.cr:30:7 in 'call'
|   from /home/uchiha/playground/crystal/src/http/server/handler.cr:30:7 in 'call'
|   from /home/uchiha/playground/crystal/src/http/server/request_processor.cr:58:11 in 'process'
|   from /home/uchiha/playground/crystal/src/http/server.cr:506:5 in '->'
|   from /home/uchiha/playground/crystal/src/fiber.cr:168:11 in 'run'
|   from /home/uchiha/playground/crystal/src/fiber.cr:103:3 in '->'
|   from ???
ERR 2026-08-04T07:14:20.113Z > Unhandled exception on HTTP::Handler
| Closed stream (IO::Error)
|   from /home/uchiha/playground/crystal/src/http/server/response.cr:215:15 in 'content_type='
|   from lib/kemal/src/kemal/helpers/templates.cr:25:3 in 'render_500'
|   from lib/kemal/src/kemal/exception_handler.cr:34:7 in 'call'
|   from /home/uchiha/playground/crystal/src/http/server/handler.cr:30:7 in 'call'
|   from /home/uchiha/playground/crystal/src/http/server/handler.cr:30:7 in 'call'
|   from /home/uchiha/playground/crystal/src/http/server/handler.cr:30:7 in 'call'
|   from /home/uchiha/playground/crystal/src/http/server/request_processor.cr:58:11 in 'process'
|   from /home/uchiha/playground/crystal/src/http/server.cr:506:5 in '->'
|   from /home/uchiha/playground/crystal/src/fiber.cr:168:11 in 'run'
|   from /home/uchiha/playground/crystal/src/fiber.cr:103:3 in '->'
|   from ???
ERR 2026-08-04T07:14:20.114Z > Error while writing data to the client
| Error while writing data to the client (HTTP::Server::ClientError)
|   from /home/uchiha/playground/crystal/src/http/server/response.cr:266:9 in 'unbuffered_write'
|   from /home/uchiha/playground/crystal/src/io/buffered.cr:163:14 in 'write'
|   from /home/uchiha/playground/crystal/src/http/server/response.cr:107:7 in 'write'
|   from /home/uchiha/playground/crystal/src/io.cr:488:7 in 'write_string'
|   from lib/kemal/src/kemal/route_handler.cr:174:7 in 'call'
|   from lib/kemal/src/kemal/websocket_handler.cr:13:14 in 'call'
|   from /home/uchiha/playground/crystal/src/http/server/handler.cr:30:7 in 'call_next'
|   from lib/kemal/src/kemal/filter_handler.cr:46:7 in 'call'
|   from /home/uchiha/playground/crystal/src/http/server/handler.cr:30:7 in 'call_next'
|   from src/middlewares/web_api_auth_middleware.cr:8:12 in 'call'
|   from /home/uchiha/playground/crystal/src/http/server/handler.cr:30:7 in 'call_next'
|   from src/middlewares/admin_api_auth_middleware.cr:7:12 in 'call'
|   from /home/uchiha/playground/crystal/src/http/server/handler.cr:30:7 in 'call_next'
|   from /home/uchiha/playground/crystal/src/http/server/handlers/static_file_handler.cr:60:12 in 'call'
|   from /home/uchiha/playground/crystal/src/http/server/handler.cr:30:7 in 'call'
|   from /home/uchiha/playground/crystal/src/http/server/handler.cr:30:7 in 'call'
|   from /home/uchiha/playground/crystal/src/http/server/handler.cr:30:7 in 'call'
|   from /home/uchiha/playground/crystal/src/http/server/handler.cr:30:7 in 'call'
|   from /home/uchiha/playground/crystal/src/http/server/request_processor.cr:58:11 in 'process'
|   from /home/uchiha/playground/crystal/src/http/server.cr:506:5 in '->'
|   from /home/uchiha/playground/crystal/src/fiber.cr:168:11 in 'run'
|   from /home/uchiha/playground/crystal/src/fiber.cr:103:3 in '->'
|   from ???
| Caused by: write (#<TCPSocket:0x7334e8927038>): Broken pipe (IO::Error)
|   from /home/uchiha/playground/crystal/src/crystal/system/thread.cr:72:3 in 'unbuffered_write'
|   from /home/uchiha/playground/crystal/src/io/buffered.cr:163:14 in 'write'
|   from /home/uchiha/playground/crystal/src/http/server/response.cr:282:11 in 'unbuffered_write'
|   from /home/uchiha/playground/crystal/src/io/buffered.cr:163:14 in 'write'
|   from /home/uchiha/playground/crystal/src/http/server/response.cr:107:7 in 'write'
|   from /home/uchiha/playground/crystal/src/io.cr:488:7 in 'write_string'
|   from lib/kemal/src/kemal/route_handler.cr:174:7 in 'call'
|   from lib/kemal/src/kemal/websocket_handler.cr:13:14 in 'call'
|   from /home/uchiha/playground/crystal/src/http/server/handler.cr:30:7 in 'call_next'
|   from lib/kemal/src/kemal/filter_handler.cr:46:7 in 'call'
|   from /home/uchiha/playground/crystal/src/http/server/handler.cr:30:7 in 'call_next'
|   from src/middlewares/web_api_auth_middleware.cr:8:12 in 'call'
|   from /home/uchiha/playground/crystal/src/http/server/handler.cr:30:7 in 'call_next'
|   from src/middlewares/admin_api_auth_middleware.cr:7:12 in 'call'
|   from /home/uchiha/playground/crystal/src/http/server/handler.cr:30:7 in 'call_next'
|   from /home/uchiha/playground/crystal/src/http/server/handlers/static_file_handler.cr:60:12 in 'call'
|   from /home/uchiha/playground/crystal/src/http/server/handler.cr:30:7 in 'call'
|   from /home/uchiha/playground/crystal/src/http/server/handler.cr:30:7 in 'call'
|   from /home/uchiha/playground/crystal/src/http/server/handler.cr:30:7 in 'call'
|   from /home/uchiha/playground/crystal/src/http/server/handler.cr:30:7 in 'call'
|   from /home/uchiha/playground/crystal/src/http/server/request_processor.cr:58:11 in 'process'
|   from /home/uchiha/playground/crystal/src/http/server.cr:506:5 in '->'
|   from /home/uchiha/playground/crystal/src/fiber.cr:168:11 in 'run'
|   from /home/uchiha/playground/crystal/src/fiber.cr:103:3 in '->'
|   from ???
ERR 2026-08-04T07:14:20.114Z > Unhandled exception on HTTP::Handler
| Closed stream (IO::Error)
|   from /home/uchiha/playground/crystal/src/http/server/response.cr:215:15 in 'content_type='
|   from lib/kemal/src/kemal/helpers/templates.cr:25:3 in 'render_500'
|   from lib/kemal/src/kemal/exception_handler.cr:34:7 in 'call'
|   from /home/uchiha/playground/crystal/src/http/server/handler.cr:30:7 in 'call'
|   from /home/uchiha/playground/crystal/src/http/server/handler.cr:30:7 in 'call'
|   from /home/uchiha/playground/crystal/src/http/server/handler.cr:30:7 in 'call'
|   from /home/uchiha/playground/crystal/src/http/server/request_processor.cr:58:11 in 'process'
|   from /home/uchiha/playground/crystal/src/http/server.cr:506:5 in '->'
|   from /home/uchiha/playground/crystal/src/fiber.cr:168:11 in 'run'
|   from /home/uchiha/playground/crystal/src/fiber.cr:103:3 in '->'
|   from ???
ERR 2026-08-04T07:14:20.115Z > Error while writing data to the client
| Error while writing data to the client (HTTP::Server::ClientError)
|   from /home/uchiha/playground/crystal/src/http/server/response.cr:266:9 in 'unbuffered_write'
|   from /home/uchiha/playground/crystal/src/io/buffered.cr:163:14 in 'write'
|   from /home/uchiha/playground/crystal/src/http/server/response.cr:107:7 in 'write'
|   from /home/uchiha/playground/crystal/src/io.cr:488:7 in 'write_string'
|   from lib/kemal/src/kemal/route_handler.cr:174:7 in 'call'
|   from lib/kemal/src/kemal/websocket_handler.cr:13:14 in 'call'
|   from /home/uchiha/playground/crystal/src/http/server/handler.cr:30:7 in 'call_next'
|   from lib/kemal/src/kemal/filter_handler.cr:46:7 in 'call'
|   from /home/uchiha/playground/crystal/src/http/server/handler.cr:30:7 in 'call_next'
|   from src/middlewares/web_api_auth_middleware.cr:8:12 in 'call'
|   from /home/uchiha/playground/crystal/src/http/server/handler.cr:30:7 in 'call_next'
|   from src/middlewares/admin_api_auth_middleware.cr:7:12 in 'call'
|   from /home/uchiha/playground/crystal/src/http/server/handler.cr:30:7 in 'call_next'
|   from /home/uchiha/playground/crystal/src/http/server/handlers/static_file_handler.cr:60:12 in 'call'
|   from /home/uchiha/playground/crystal/src/http/server/handler.cr:30:7 in 'call'
|   from /home/uchiha/playground/crystal/src/http/server/handler.cr:30:7 in 'call'
|   from /home/uchiha/playground/crystal/src/http/server/handler.cr:30:7 in 'call'
|   from /home/uchiha/playground/crystal/src/http/server/handler.cr:30:7 in 'call'
|   from /home/uchiha/playground/crystal/src/http/server/request_processor.cr:58:11 in 'process'
|   from /home/uchiha/playground/crystal/src/http/server.cr:506:5 in '->'
|   from /home/uchiha/playground/crystal/src/fiber.cr:168:11 in 'run'
|   from /home/uchiha/playground/crystal/src/fiber.cr:103:3 in '->'
|   from ???
| Caused by: write (#<TCPSocket:0x7334e89248d8>): Broken pipe (IO::Error)
|   from /home/uchiha/playground/crystal/src/crystal/system/thread.cr:72:3 in 'unbuffered_write'
|   from /home/uchiha/playground/crystal/src/io/buffered.cr:163:14 in 'write'
|   from /home/uchiha/playground/crystal/src/http/server/response.cr:282:11 in 'unbuffered_write'
|   from /home/uchiha/playground/crystal/src/io/buffered.cr:163:14 in 'write'
|   from /home/uchiha/playground/crystal/src/http/server/response.cr:107:7 in 'write'
|   from /home/uchiha/playground/crystal/src/io.cr:488:7 in 'write_string'
|   from lib/kemal/src/kemal/route_handler.cr:174:7 in 'call'
|   from lib/kemal/src/kemal/websocket_handler.cr:13:14 in 'call'
|   from /home/uchiha/playground/crystal/src/http/server/handler.cr:30:7 in 'call_next'
|   from lib/kemal/src/kemal/filter_handler.cr:46:7 in 'call'
|   from /home/uchiha/playground/crystal/src/http/server/handler.cr:30:7 in 'call_next'
|   from src/middlewares/web_api_auth_middleware.cr:8:12 in 'call'
|   from /home/uchiha/playground/crystal/src/http/server/handler.cr:30:7 in 'call_next'
|   from src/middlewares/admin_api_auth_middleware.cr:7:12 in 'call'
|   from /home/uchiha/playground/crystal/src/http/server/handler.cr:30:7 in 'call_next'
|   from /home/uchiha/playground/crystal/src/http/server/handlers/static_file_handler.cr:60:12 in 'call'
|   from /home/uchiha/playground/crystal/src/http/server/handler.cr:30:7 in 'call'
|   from /home/uchiha/playground/crystal/src/http/server/handler.cr:30:7 in 'call'
|   from /home/uchiha/playground/crystal/src/http/server/handler.cr:30:7 in 'call'
|   from /home/uchiha/playground/crystal/src/http/server/handler.cr:30:7 in 'call'
|   from /home/uchiha/playground/crystal/src/http/server/request_processor.cr:58:11 in 'process'
|   from /home/uchiha/playground/crystal/src/http/server.cr:506:5 in '->'
|   from /home/uchiha/playground/crystal/src/fiber.cr:168:11 in 'run'
|   from /home/uchiha/playground/crystal/src/fiber.cr:103:3 in '->'
|   from ???
ERR 2026-08-04T07:14:20.115Z > Unhandled exception on HTTP::Handler
| Closed stream (IO::Error)
|   from /home/uchiha/playground/crystal/src/http/server/response.cr:215:15 in 'content_type='
|   from lib/kemal/src/kemal/helpers/templates.cr:25:3 in 'render_500'
|   from lib/kemal/src/kemal/exception_handler.cr:34:7 in 'call'
|   from /home/uchiha/playground/crystal/src/http/server/handler.cr:30:7 in 'call'
|   from /home/uchiha/playground/crystal/src/http/server/handler.cr:30:7 in 'call'
|   from /home/uchiha/playground/crystal/src/http/server/handler.cr:30:7 in 'call'
|   from /home/uchiha/playground/crystal/src/http/server/request_processor.cr:58:11 in 'process'
|   from /home/uchiha/playground/crystal/src/http/server.cr:506:5 in '->'
|   from /home/uchiha/playground/crystal/src/fiber.cr:168:11 in 'run'
|   from /home/uchiha/playground/crystal/src/fiber.cr:103:3 in '->'
|   from ???
ERR 2026-08-04T07:14:20.116Z > Error while writing data to the client
| Error while writing data to the client (HTTP::Server::ClientError)
|   from /home/uchiha/playground/crystal/src/http/server/response.cr:266:9 in 'unbuffered_write'
|   from /home/uchiha/playground/crystal/src/io/buffered.cr:163:14 in 'write'
|   from /home/uchiha/playground/crystal/src/http/server/response.cr:107:7 in 'write'
|   from /home/uchiha/playground/crystal/src/io.cr:488:7 in 'write_string'
|   from lib/kemal/src/kemal/route_handler.cr:174:7 in 'call'
|   from lib/kemal/src/kemal/websocket_handler.cr:13:14 in 'call'
|   from /home/uchiha/playground/crystal/src/http/server/handler.cr:30:7 in 'call_next'
|   from lib/kemal/src/kemal/filter_handler.cr:46:7 in 'call'
|   from /home/uchiha/playground/crystal/src/http/server/handler.cr:30:7 in 'call_next'
|   from src/middlewares/web_api_auth_middleware.cr:8:12 in 'call'
|   from /home/uchiha/playground/crystal/src/http/server/handler.cr:30:7 in 'call_next'
|   from src/middlewares/admin_api_auth_middleware.cr:7:12 in 'call'
|   from /home/uchiha/playground/crystal/src/http/server/handler.cr:30:7 in 'call_next'
|   from /home/uchiha/playground/crystal/src/http/server/handlers/static_file_handler.cr:60:12 in 'call'
|   from /home/uchiha/playground/crystal/src/http/server/handler.cr:30:7 in 'call'
|   from /home/uchiha/playground/crystal/src/http/server/handler.cr:30:7 in 'call'
|   from /home/uchiha/playground/crystal/src/http/server/handler.cr:30:7 in 'call'
|   from /home/uchiha/playground/crystal/src/http/server/handler.cr:30:7 in 'call'
|   from /home/uchiha/playground/crystal/src/http/server/request_processor.cr:58:11 in 'process'
|   from /home/uchiha/playground/crystal/src/http/server.cr:506:5 in '->'
|   from /home/uchiha/playground/crystal/src/fiber.cr:168:11 in 'run'
|   from /home/uchiha/playground/crystal/src/fiber.cr:103:3 in '->'
|   from ???
| Caused by: write (#<TCPSocket:0x7334e8920f18>): Broken pipe (IO::Error)
|   from /home/uchiha/playground/crystal/src/crystal/system/thread.cr:72:3 in 'unbuffered_write'
|   from /home/uchiha/playground/crystal/src/io/buffered.cr:163:14 in 'write'
|   from /home/uchiha/playground/crystal/src/http/server/response.cr:282:11 in 'unbuffered_write'
|   from /home/uchiha/playground/crystal/src/io/buffered.cr:163:14 in 'write'
|   from /home/uchiha/playground/crystal/src/http/server/response.cr:107:7 in 'write'
|   from /home/uchiha/playground/crystal/src/io.cr:488:7 in 'write_string'
|   from lib/kemal/src/kemal/route_handler.cr:174:7 in 'call'
|   from lib/kemal/src/kemal/websocket_handler.cr:13:14 in 'call'
|   from /home/uchiha/playground/crystal/src/http/server/handler.cr:30:7 in 'call_next'
|   from lib/kemal/src/kemal/filter_handler.cr:46:7 in 'call'
|   from /home/uchiha/playground/crystal/src/http/server/handler.cr:30:7 in 'call_next'
|   from src/middlewares/web_api_auth_middleware.cr:8:12 in 'call'
|   from /home/uchiha/playground/crystal/src/http/server/handler.cr:30:7 in 'call_next'
|   from src/middlewares/admin_api_auth_middleware.cr:7:12 in 'call'
|   from /home/uchiha/playground/crystal/src/http/server/handler.cr:30:7 in 'call_next'
|   from /home/uchiha/playground/crystal/src/http/server/handlers/static_file_handler.cr:60:12 in 'call'
|   from /home/uchiha/playground/crystal/src/http/server/handler.cr:30:7 in 'call'
|   from /home/uchiha/playground/crystal/src/http/server/handler.cr:30:7 in 'call'
|   from /home/uchiha/playground/crystal/src/http/server/handler.cr:30:7 in 'call'
|   from /home/uchiha/playground/crystal/src/http/server/handler.cr:30:7 in 'call'
|   from /home/uchiha/playground/crystal/src/http/server/request_processor.cr:58:11 in 'process'
|   from /home/uchiha/playground/crystal/src/http/server.cr:506:5 in '->'
|   from /home/uchiha/playground/crystal/src/fiber.cr:168:11 in 'run'
|   from /home/uchiha/playground/crystal/src/fiber.cr:103:3 in '->'
|   from ???
ERR 2026-08-04T07:14:20.116Z > Unhandled exception on HTTP::Handler
| Closed stream (IO::Error)
|   from /home/uchiha/playground/crystal/src/http/server/response.cr:215:15 in 'content_type='
|   from lib/kemal/src/kemal/helpers/templates.cr:25:3 in 'render_500'
|   from lib/kemal/src/kemal/exception_handler.cr:34:7 in 'call'
|   from /home/uchiha/playground/crystal/src/http/server/handler.cr:30:7 in 'call'
|   from /home/uchiha/playground/crystal/src/http/server/handler.cr:30:7 in 'call'
|   from /home/uchiha/playground/crystal/src/http/server/handler.cr:30:7 in 'call'
|   from /home/uchiha/playground/crystal/src/http/server/request_processor.cr:58:11 in 'process'
|   from /home/uchiha/playground/crystal/src/http/server.cr:506:5 in '->'
|   from /home/uchiha/playground/crystal/src/fiber.cr:168:11 in 'run'
|   from /home/uchiha/playground/crystal/src/fiber.cr:103:3 in '->'
|   from ???
ERR 2026-08-04T07:14:20.117Z > Error while writing data to the client
| Error while writing data to the client (HTTP::Server::ClientError)
|   from /home/uchiha/playground/crystal/src/http/server/response.cr:266:9 in 'unbuffered_write'
|   from /home/uchiha/playground/crystal/src/io/buffered.cr:163:14 in 'write'
|   from /home/uchiha/playground/crystal/src/http/server/response.cr:107:7 in 'write'
|   from /home/uchiha/playground/crystal/src/io.cr:488:7 in 'write_string'
|   from lib/kemal/src/kemal/route_handler.cr:174:7 in 'call'
|   from lib/kemal/src/kemal/websocket_handler.cr:13:14 in 'call'
|   from /home/uchiha/playground/crystal/src/http/server/handler.cr:30:7 in 'call_next'
|   from lib/kemal/src/kemal/filter_handler.cr:46:7 in 'call'
|   from /home/uchiha/playground/crystal/src/http/server/handler.cr:30:7 in 'call_next'
|   from src/middlewares/web_api_auth_middleware.cr:8:12 in 'call'
|   from /home/uchiha/playground/crystal/src/http/server/handler.cr:30:7 in 'call_next'
|   from src/middlewares/admin_api_auth_middleware.cr:7:12 in 'call'
|   from /home/uchiha/playground/crystal/src/http/server/handler.cr:30:7 in 'call_next'
|   from /home/uchiha/playground/crystal/src/http/server/handlers/static_file_handler.cr:60:12 in 'call'
|   from /home/uchiha/playground/crystal/src/http/server/handler.cr:30:7 in 'call'
|   from /home/uchiha/playground/crystal/src/http/server/handler.cr:30:7 in 'call'
|   from /home/uchiha/playground/crystal/src/http/server/handler.cr:30:7 in 'call'
|   from /home/uchiha/playground/crystal/src/http/server/handler.cr:30:7 in 'call'
|   from /home/uchiha/playground/crystal/src/http/server/request_processor.cr:58:11 in 'process'
|   from /home/uchiha/playground/crystal/src/http/server.cr:506:5 in '->'
|   from /home/uchiha/playground/crystal/src/fiber.cr:168:11 in 'run'
|   from /home/uchiha/playground/crystal/src/fiber.cr:103:3 in '->'
|   from ???
| Caused by: write (#<TCPSocket:0x7334e8922568>): Broken pipe (IO::Error)
|   from /home/uchiha/playground/crystal/src/crystal/system/thread.cr:72:3 in 'unbuffered_write'
|   from /home/uchiha/playground/crystal/src/io/buffered.cr:163:14 in 'write'
|   from /home/uchiha/playground/crystal/src/http/server/response.cr:282:11 in 'unbuffered_write'
|   from /home/uchiha/playground/crystal/src/io/buffered.cr:163:14 in 'write'
|   from /home/uchiha/playground/crystal/src/http/server/response.cr:107:7 in 'write'
|   from /home/uchiha/playground/crystal/src/io.cr:488:7 in 'write_string'
|   from lib/kemal/src/kemal/route_handler.cr:174:7 in 'call'
|   from lib/kemal/src/kemal/websocket_handler.cr:13:14 in 'call'
|   from /home/uchiha/playground/crystal/src/http/server/handler.cr:30:7 in 'call_next'
|   from lib/kemal/src/kemal/filter_handler.cr:46:7 in 'call'
|   from /home/uchiha/playground/crystal/src/http/server/handler.cr:30:7 in 'call_next'
|   from src/middlewares/web_api_auth_middleware.cr:8:12 in 'call'
|   from /home/uchiha/playground/crystal/src/http/server/handler.cr:30:7 in 'call_next'
|   from src/middlewares/admin_api_auth_middleware.cr:7:12 in 'call'
|   from /home/uchiha/playground/crystal/src/http/server/handler.cr:30:7 in 'call_next'
|   from /home/uchiha/playground/crystal/src/http/server/handlers/static_file_handler.cr:60:12 in 'call'
|   from /home/uchiha/playground/crystal/src/http/server/handler.cr:30:7 in 'call'
|   from /home/uchiha/playground/crystal/src/http/server/handler.cr:30:7 in 'call'
|   from /home/uchiha/playground/crystal/src/http/server/handler.cr:30:7 in 'call'
|   from /home/uchiha/playground/crystal/src/http/server/handler.cr:30:7 in 'call'
|   from /home/uchiha/playground/crystal/src/http/server/request_processor.cr:58:11 in 'process'
|   from /home/uchiha/playground/crystal/src/http/server.cr:506:5 in '->'
|   from /home/uchiha/playground/crystal/src/fiber.cr:168:11 in 'run'
|   from /home/uchiha/playground/crystal/src/fiber.cr:103:3 in '->'
|   from ???
ERR 2026-08-04T07:14:20.117Z > Unhandled exception on HTTP::Handler
| Closed stream (IO::Error)
|   from /home/uchiha/playground/crystal/src/http/server/response.cr:215:15 in 'content_type='
|   from lib/kemal/src/kemal/helpers/templates.cr:25:3 in 'render_500'
|   from lib/kemal/src/kemal/exception_handler.cr:34:7 in 'call'
|   from /home/uchiha/playground/crystal/src/http/server/handler.cr:30:7 in 'call'
|   from /home/uchiha/playground/crystal/src/http/server/handler.cr:30:7 in 'call'
|   from /home/uchiha/playground/crystal/src/http/server/handler.cr:30:7 in 'call'
|   from /home/uchiha/playground/crystal/src/http/server/request_processor.cr:58:11 in 'process'
|   from /home/uchiha/playground/crystal/src/http/server.cr:506:5 in '->'
|   from /home/uchiha/playground/crystal/src/fiber.cr:168:11 in 'run'
|   from /home/uchiha/playground/crystal/src/fiber.cr:103:3 in '->'
|   from ???
ERR 2026-08-04T07:14:20.151Z > Error while writing data to the client
| Error while writing data to the client (HTTP::Server::ClientError)
|   from /home/uchiha/playground/crystal/src/http/server/response.cr:266:9 in 'unbuffered_write'
|   from /home/uchiha/playground/crystal/src/io/buffered.cr:163:14 in 'write'
|   from /home/uchiha/playground/crystal/src/http/server/response.cr:107:7 in 'write'
|   from /home/uchiha/playground/crystal/src/io.cr:488:7 in 'write_string'
|   from lib/kemal/src/kemal/route_handler.cr:174:7 in 'call'
|   from lib/kemal/src/kemal/websocket_handler.cr:13:14 in 'call'
|   from /home/uchiha/playground/crystal/src/http/server/handler.cr:30:7 in 'call_next'
|   from lib/kemal/src/kemal/filter_handler.cr:46:7 in 'call'
|   from /home/uchiha/playground/crystal/src/http/server/handler.cr:30:7 in 'call_next'
|   from src/middlewares/web_api_auth_middleware.cr:8:12 in 'call'
|   from /home/uchiha/playground/crystal/src/http/server/handler.cr:30:7 in 'call_next'
|   from src/middlewares/admin_api_auth_middleware.cr:7:12 in 'call'
|   from /home/uchiha/playground/crystal/src/http/server/handler.cr:30:7 in 'call_next'
|   from /home/uchiha/playground/crystal/src/http/server/handlers/static_file_handler.cr:60:12 in 'call'
|   from /home/uchiha/playground/crystal/src/http/server/handler.cr:30:7 in 'call'
|   from /home/uchiha/playground/crystal/src/http/server/handler.cr:30:7 in 'call'
|   from /home/uchiha/playground/crystal/src/http/server/handler.cr:30:7 in 'call'
|   from /home/uchiha/playground/crystal/src/http/server/handler.cr:30:7 in 'call'
|   from /home/uchiha/playground/crystal/src/http/server/request_processor.cr:58:11 in 'process'
|   from /home/uchiha/playground/crystal/src/http/server.cr:506:5 in '->'
|   from /home/uchiha/playground/crystal/src/fiber.cr:168:11 in 'run'
|   from /home/uchiha/playground/crystal/src/fiber.cr:103:3 in '->'
|   from ???
| Caused by: write (#<TCPSocket:0x7334e89265b8>): Broken pipe (IO::Error)
|   from /home/uchiha/playground/crystal/src/crystal/system/thread.cr:72:3 in 'unbuffered_write'
|   from /home/uchiha/playground/crystal/src/io/buffered.cr:163:14 in 'write'
|   from /home/uchiha/playground/crystal/src/http/server/response.cr:282:11 in 'unbuffered_write'
|   from /home/uchiha/playground/crystal/src/io/buffered.cr:163:14 in 'write'
|   from /home/uchiha/playground/crystal/src/http/server/response.cr:107:7 in 'write'
|   from /home/uchiha/playground/crystal/src/io.cr:488:7 in 'write_string'
|   from lib/kemal/src/kemal/route_handler.cr:174:7 in 'call'
|   from lib/kemal/src/kemal/websocket_handler.cr:13:14 in 'call'
|   from /home/uchiha/playground/crystal/src/http/server/handler.cr:30:7 in 'call_next'
|   from lib/kemal/src/kemal/filter_handler.cr:46:7 in 'call'
|   from /home/uchiha/playground/crystal/src/http/server/handler.cr:30:7 in 'call_next'
|   from src/middlewares/web_api_auth_middleware.cr:8:12 in 'call'
|   from /home/uchiha/playground/crystal/src/http/server/handler.cr:30:7 in 'call_next'
|   from src/middlewares/admin_api_auth_middleware.cr:7:12 in 'call'
|   from /home/uchiha/playground/crystal/src/http/server/handler.cr:30:7 in 'call_next'
|   from /home/uchiha/playground/crystal/src/http/server/handlers/static_file_handler.cr:60:12 in 'call'
|   from /home/uchiha/playground/crystal/src/http/server/handler.cr:30:7 in 'call'
|   from /home/uchiha/playground/crystal/src/http/server/handler.cr:30:7 in 'call'
|   from /home/uchiha/playground/crystal/src/http/server/handler.cr:30:7 in 'call'
|   from /home/uchiha/playground/crystal/src/http/server/handler.cr:30:7 in 'call'
|   from /home/uchiha/playground/crystal/src/http/server/request_processor.cr:58:11 in 'process'
|   from /home/uchiha/playground/crystal/src/http/server.cr:506:5 in '->'
|   from /home/uchiha/playground/crystal/src/fiber.cr:168:11 in 'run'
|   from /home/uchiha/playground/crystal/src/fiber.cr:103:3 in '->'
|   from ???
ERR 2026-08-04T07:14:20.151Z > Unhandled exception on HTTP::Handler
| Closed stream (IO::Error)
|   from /home/uchiha/playground/crystal/src/http/server/response.cr:215:15 in 'content_type='
|   from lib/kemal/src/kemal/helpers/templates.cr:25:3 in 'render_500'
|   from lib/kemal/src/kemal/exception_handler.cr:34:7 in 'call'
|   from /home/uchiha/playground/crystal/src/http/server/handler.cr:30:7 in 'call'
|   from /home/uchiha/playground/crystal/src/http/server/handler.cr:30:7 in 'call'
|   from /home/uchiha/playground/crystal/src/http/server/handler.cr:30:7 in 'call'
|   from /home/uchiha/playground/crystal/src/http/server/request_processor.cr:58:11 in 'process'
|   from /home/uchiha/playground/crystal/src/http/server.cr:506:5 in '->'
|   from /home/uchiha/playground/crystal/src/fiber.cr:168:11 in 'run'
|   from /home/uchiha/playground/crystal/src/fiber.cr:103:3 in '->'
|   from ???
ERR 2026-08-04T07:14:20.151Z > Error while writing data to the client
| Error while writing data to the client (HTTP::Server::ClientError)
|   from /home/uchiha/playground/crystal/src/http/server/response.cr:266:9 in 'unbuffered_write'
|   from /home/uchiha/playground/crystal/src/io/buffered.cr:163:14 in 'write'
|   from /home/uchiha/playground/crystal/src/http/server/response.cr:107:7 in 'write'
|   from /home/uchiha/playground/crystal/src/io.cr:488:7 in 'write_string'
|   from lib/kemal/src/kemal/route_handler.cr:174:7 in 'call'
|   from lib/kemal/src/kemal/websocket_handler.cr:13:14 in 'call'
|   from /home/uchiha/playground/crystal/src/http/server/handler.cr:30:7 in 'call_next'
|   from lib/kemal/src/kemal/filter_handler.cr:46:7 in 'call'
|   from /home/uchiha/playground/crystal/src/http/server/handler.cr:30:7 in 'call_next'
|   from src/middlewares/web_api_auth_middleware.cr:8:12 in 'call'
|   from /home/uchiha/playground/crystal/src/http/server/handler.cr:30:7 in 'call_next'
|   from src/middlewares/admin_api_auth_middleware.cr:7:12 in 'call'
|   from /home/uchiha/playground/crystal/src/http/server/handler.cr:30:7 in 'call_next'
|   from /home/uchiha/playground/crystal/src/http/server/handlers/static_file_handler.cr:60:12 in 'call'
|   from /home/uchiha/playground/crystal/src/http/server/handler.cr:30:7 in 'call'
|   from /home/uchiha/playground/crystal/src/http/server/handler.cr:30:7 in 'call'
|   from /home/uchiha/playground/crystal/src/http/server/handler.cr:30:7 in 'call'
|   from /home/uchiha/playground/crystal/src/http/server/handler.cr:30:7 in 'call'
|   from /home/uchiha/playground/crystal/src/http/server/request_processor.cr:58:11 in 'process'
|   from /home/uchiha/playground/crystal/src/http/server.cr:506:5 in '->'
|   from /home/uchiha/playground/crystal/src/fiber.cr:168:11 in 'run'
|   from /home/uchiha/playground/crystal/src/fiber.cr:103:3 in '->'
|   from ???
| Caused by: write (#<TCPSocket:0x7334e89205e8>): Broken pipe (IO::Error)
|   from /home/uchiha/playground/crystal/src/crystal/system/thread.cr:72:3 in 'unbuffered_write'
|   from /home/uchiha/playground/crystal/src/io/buffered.cr:163:14 in 'write'
|   from /home/uchiha/playground/crystal/src/http/server/response.cr:282:11 in 'unbuffered_write'
|   from /home/uchiha/playground/crystal/src/io/buffered.cr:163:14 in 'write'
|   from /home/uchiha/playground/crystal/src/http/server/response.cr:107:7 in 'write'
|   from /home/uchiha/playground/crystal/src/io.cr:488:7 in 'write_string'
|   from lib/kemal/src/kemal/route_handler.cr:174:7 in 'call'
|   from lib/kemal/src/kemal/websocket_handler.cr:13:14 in 'call'
|   from /home/uchiha/playground/crystal/src/http/server/handler.cr:30:7 in 'call_next'
|   from lib/kemal/src/kemal/filter_handler.cr:46:7 in 'call'
|   from /home/uchiha/playground/crystal/src/http/server/handler.cr:30:7 in 'call_next'
|   from src/middlewares/web_api_auth_middleware.cr:8:12 in 'call'
|   from /home/uchiha/playground/crystal/src/http/server/handler.cr:30:7 in 'call_next'
|   from src/middlewares/admin_api_auth_middleware.cr:7:12 in 'call'
|   from /home/uchiha/playground/crystal/src/http/server/handler.cr:30:7 in 'call_next'
|   from /home/uchiha/playground/crystal/src/http/server/handlers/static_file_handler.cr:60:12 in 'call'
|   from /home/uchiha/playground/crystal/src/http/server/handler.cr:30:7 in 'call'
|   from /home/uchiha/playground/crystal/src/http/server/handler.cr:30:7 in 'call'
|   from /home/uchiha/playground/crystal/src/http/server/handler.cr:30:7 in 'call'
|   from /home/uchiha/playground/crystal/src/http/server/handler.cr:30:7 in 'call'
|   from /home/uchiha/playground/crystal/src/http/server/request_processor.cr:58:11 in 'process'
|   from /home/uchiha/playground/crystal/src/http/server.cr:506:5 in '->'
|   from /home/uchiha/playground/crystal/src/fiber.cr:168:11 in 'run'
|   from /home/uchiha/playground/crystal/src/fiber.cr:103:3 in '->'
|   from ???
ERR 2026-08-04T07:14:20.151Z > Unhandled exception on HTTP::Handler
| Closed stream (IO::Error)
|   from /home/uchiha/playground/crystal/src/http/server/response.cr:215:15 in 'content_type='
|   from lib/kemal/src/kemal/helpers/templates.cr:25:3 in 'render_500'
|   from lib/kemal/src/kemal/exception_handler.cr:34:7 in 'call'
|   from /home/uchiha/playground/crystal/src/http/server/handler.cr:30:7 in 'call'
|   from /home/uchiha/playground/crystal/src/http/server/handler.cr:30:7 in 'call'
|   from /home/uchiha/playground/crystal/src/http/server/handler.cr:30:7 in 'call'
|   from /home/uchiha/playground/crystal/src/http/server/request_processor.cr:58:11 in 'process'
|   from /home/uchiha/playground/crystal/src/http/server.cr:506:5 in '->'
|   from /home/uchiha/playground/crystal/src/fiber.cr:168:11 in 'run'
|   from /home/uchiha/playground/crystal/src/fiber.cr:103:3 in '->'
|   from ???
ERR 2026-08-04T07:14:20.152Z > Error while writing data to the client
| Error while writing data to the client (HTTP::Server::ClientError)
|   from /home/uchiha/playground/crystal/src/http/server/response.cr:266:9 in 'unbuffered_write'
|   from /home/uchiha/playground/crystal/src/io/buffered.cr:163:14 in 'write'
|   from /home/uchiha/playground/crystal/src/http/server/response.cr:107:7 in 'write'
|   from /home/uchiha/playground/crystal/src/io.cr:488:7 in 'write_string'
|   from lib/kemal/src/kemal/route_handler.cr:174:7 in 'call'
|   from lib/kemal/src/kemal/websocket_handler.cr:13:14 in 'call'
|   from /home/uchiha/playground/crystal/src/http/server/handler.cr:30:7 in 'call_next'
|   from lib/kemal/src/kemal/filter_handler.cr:46:7 in 'call'
|   from /home/uchiha/playground/crystal/src/http/server/handler.cr:30:7 in 'call_next'
|   from src/middlewares/web_api_auth_middleware.cr:8:12 in 'call'
|   from /home/uchiha/playground/crystal/src/http/server/handler.cr:30:7 in 'call_next'
|   from src/middlewares/admin_api_auth_middleware.cr:7:12 in 'call'
|   from /home/uchiha/playground/crystal/src/http/server/handler.cr:30:7 in 'call_next'
|   from /home/uchiha/playground/crystal/src/http/server/handlers/static_file_handler.cr:60:12 in 'call'
|   from /home/uchiha/playground/crystal/src/http/server/handler.cr:30:7 in 'call'
|   from /home/uchiha/playground/crystal/src/http/server/handler.cr:30:7 in 'call'
|   from /home/uchiha/playground/crystal/src/http/server/handler.cr:30:7 in 'call'
|   from /home/uchiha/playground/crystal/src/http/server/handler.cr:30:7 in 'call'
|   from /home/uchiha/playground/crystal/src/http/server/request_processor.cr:58:11 in 'process'
|   from /home/uchiha/playground/crystal/src/http/server.cr:506:5 in '->'
|   from /home/uchiha/playground/crystal/src/fiber.cr:168:11 in 'run'
|   from /home/uchiha/playground/crystal/src/fiber.cr:103:3 in '->'
|   from ???
| Caused by: write (#<TCPSocket:0x7334e8927ab8>): Broken pipe (IO::Error)
|   from /home/uchiha/playground/crystal/src/crystal/system/thread.cr:72:3 in 'unbuffered_write'
|   from /home/uchiha/playground/crystal/src/io/buffered.cr:163:14 in 'write'
|   from /home/uchiha/playground/crystal/src/http/server/response.cr:282:11 in 'unbuffered_write'
|   from /home/uchiha/playground/crystal/src/io/buffered.cr:163:14 in 'write'
|   from /home/uchiha/playground/crystal/src/http/server/response.cr:107:7 in 'write'
|   from /home/uchiha/playground/crystal/src/io.cr:488:7 in 'write_string'
|   from lib/kemal/src/kemal/route_handler.cr:174:7 in 'call'
|   from lib/kemal/src/kemal/websocket_handler.cr:13:14 in 'call'
|   from /home/uchiha/playground/crystal/src/http/server/handler.cr:30:7 in 'call_next'
|   from lib/kemal/src/kemal/filter_handler.cr:46:7 in 'call'
|   from /home/uchiha/playground/crystal/src/http/server/handler.cr:30:7 in 'call_next'
|   from src/middlewares/web_api_auth_middleware.cr:8:12 in 'call'
|   from /home/uchiha/playground/crystal/src/http/server/handler.cr:30:7 in 'call_next'
|   from src/middlewares/admin_api_auth_middleware.cr:7:12 in 'call'
|   from /home/uchiha/playground/crystal/src/http/server/handler.cr:30:7 in 'call_next'
|   from /home/uchiha/playground/crystal/src/http/server/handlers/static_file_handler.cr:60:12 in 'call'
|   from /home/uchiha/playground/crystal/src/http/server/handler.cr:30:7 in 'call'
|   from /home/uchiha/playground/crystal/src/http/server/handler.cr:30:7 in 'call'
|   from /home/uchiha/playground/crystal/src/http/server/handler.cr:30:7 in 'call'
|   from /home/uchiha/playground/crystal/src/http/server/handler.cr:30:7 in 'call'
|   from /home/uchiha/playground/crystal/src/http/server/request_processor.cr:58:11 in 'process'
|   from /home/uchiha/playground/crystal/src/http/server.cr:506:5 in '->'
|   from /home/uchiha/playground/crystal/src/fiber.cr:168:11 in 'run'
|   from /home/uchiha/playground/crystal/src/fiber.cr:103:3 in '->'
|   from ???
ERR 2026-08-04T07:14:20.152Z > Unhandled exception on HTTP::Handler
| Closed stream (IO::Error)
|   from /home/uchiha/playground/crystal/src/http/server/response.cr:215:15 in 'content_type='
|   from lib/kemal/src/kemal/helpers/templates.cr:25:3 in 'render_500'
|   from lib/kemal/src/kemal/exception_handler.cr:34:7 in 'call'
|   from /home/uchiha/playground/crystal/src/http/server/handler.cr:30:7 in 'call'
|   from /home/uchiha/playground/crystal/src/http/server/handler.cr:30:7 in 'call'
|   from /home/uchiha/playground/crystal/src/http/server/handler.cr:30:7 in 'call'
|   from /home/uchiha/playground/crystal/src/http/server/request_processor.cr:58:11 in 'process'
|   from /home/uchiha/playground/crystal/src/http/server.cr:506:5 in '->'
|   from /home/uchiha/playground/crystal/src/fiber.cr:168:11 in 'run'
|   from /home/uchiha/playground/crystal/src/fiber.cr:103:3 in '->'
|   from ???
ERR 2026-08-04T07:14:20.153Z > Error while writing data to the client
| Error while writing data to the client (HTTP::Server::ClientError)
|   from /home/uchiha/playground/crystal/src/http/server/response.cr:266:9 in 'unbuffered_write'
|   from /home/uchiha/playground/crystal/src/io/buffered.cr:163:14 in 'write'
|   from /home/uchiha/playground/crystal/src/http/server/response.cr:107:7 in 'write'
|   from /home/uchiha/playground/crystal/src/io.cr:488:7 in 'write_string'
|   from lib/kemal/src/kemal/route_handler.cr:174:7 in 'call'
|   from lib/kemal/src/kemal/websocket_handler.cr:13:14 in 'call'
|   from /home/uchiha/playground/crystal/src/http/server/handler.cr:30:7 in 'call_next'
|   from lib/kemal/src/kemal/filter_handler.cr:46:7 in 'call'
|   from /home/uchiha/playground/crystal/src/http/server/handler.cr:30:7 in 'call_next'
|   from src/middlewares/web_api_auth_middleware.cr:8:12 in 'call'
|   from /home/uchiha/playground/crystal/src/http/server/handler.cr:30:7 in 'call_next'
|   from src/middlewares/admin_api_auth_middleware.cr:7:12 in 'call'
|   from /home/uchiha/playground/crystal/src/http/server/handler.cr:30:7 in 'call_next'
|   from /home/uchiha/playground/crystal/src/http/server/handlers/static_file_handler.cr:60:12 in 'call'
|   from /home/uchiha/playground/crystal/src/http/server/handler.cr:30:7 in 'call'
|   from /home/uchiha/playground/crystal/src/http/server/handler.cr:30:7 in 'call'
|   from /home/uchiha/playground/crystal/src/http/server/handler.cr:30:7 in 'call'
|   from /home/uchiha/playground/crystal/src/http/server/handler.cr:30:7 in 'call'
|   from /home/uchiha/playground/crystal/src/http/server/request_processor.cr:58:11 in 'process'
|   from /home/uchiha/playground/crystal/src/http/server.cr:506:5 in '->'
|   from /home/uchiha/playground/crystal/src/fiber.cr:168:11 in 'run'
|   from /home/uchiha/playground/crystal/src/fiber.cr:103:3 in '->'
|   from ???
| Caused by: write (#<TCPSocket:0x7334e89269a8>): Broken pipe (IO::Error)
|   from /home/uchiha/playground/crystal/src/crystal/system/thread.cr:72:3 in 'unbuffered_write'
|   from /home/uchiha/playground/crystal/src/io/buffered.cr:163:14 in 'write'
|   from /home/uchiha/playground/crystal/src/http/server/response.cr:282:11 in 'unbuffered_write'
|   from /home/uchiha/playground/crystal/src/io/buffered.cr:163:14 in 'write'
|   from /home/uchiha/playground/crystal/src/http/server/response.cr:107:7 in 'write'
|   from /home/uchiha/playground/crystal/src/io.cr:488:7 in 'write_string'
|   from lib/kemal/src/kemal/route_handler.cr:174:7 in 'call'
|   from lib/kemal/src/kemal/websocket_handler.cr:13:14 in 'call'
|   from /home/uchiha/playground/crystal/src/http/server/handler.cr:30:7 in 'call_next'
|   from lib/kemal/src/kemal/filter_handler.cr:46:7 in 'call'
|   from /home/uchiha/playground/crystal/src/http/server/handler.cr:30:7 in 'call_next'
|   from src/middlewares/web_api_auth_middleware.cr:8:12 in 'call'
|   from /home/uchiha/playground/crystal/src/http/server/handler.cr:30:7 in 'call_next'
|   from src/middlewares/admin_api_auth_middleware.cr:7:12 in 'call'
|   from /home/uchiha/playground/crystal/src/http/server/handler.cr:30:7 in 'call_next'
|   from /home/uchiha/playground/crystal/src/http/server/handlers/static_file_handler.cr:60:12 in 'call'
|   from /home/uchiha/playground/crystal/src/http/server/handler.cr:30:7 in 'call'
|   from /home/uchiha/playground/crystal/src/http/server/handler.cr:30:7 in 'call'
|   from /home/uchiha/playground/crystal/src/http/server/handler.cr:30:7 in 'call'
|   from /home/uchiha/playground/crystal/src/http/server/handler.cr:30:7 in 'call'
|   from /home/uchiha/playground/crystal/src/http/server/request_processor.cr:58:11 in 'process'
|   from /home/uchiha/playground/crystal/src/http/server.cr:506:5 in '->'
|   from /home/uchiha/playground/crystal/src/fiber.cr:168:11 in 'run'
|   from /home/uchiha/playground/crystal/src/fiber.cr:103:3 in '->'
|   from ???
ERR 2026-08-04T07:14:20.153Z > Unhandled exception on HTTP::Handler
| Closed stream (IO::Error)
|   from /home/uchiha/playground/crystal/src/http/server/response.cr:215:15 in 'content_type='
|   from lib/kemal/src/kemal/helpers/templates.cr:25:3 in 'render_500'
|   from lib/kemal/src/kemal/exception_handler.cr:34:7 in 'call'
|   from /home/uchiha/playground/crystal/src/http/server/handler.cr:30:7 in 'call'
|   from /home/uchiha/playground/crystal/src/http/server/handler.cr:30:7 in 'call'
|   from /home/uchiha/playground/crystal/src/http/server/handler.cr:30:7 in 'call'
|   from /home/uchiha/playground/crystal/src/http/server/request_processor.cr:58:11 in 'process'
|   from /home/uchiha/playground/crystal/src/http/server.cr:506:5 in '->'
|   from /home/uchiha/playground/crystal/src/fiber.cr:168:11 in 'run'
|   from /home/uchiha/playground/crystal/src/fiber.cr:103:3 in '->'
|   from ???
ERR 2026-08-04T07:14:20.178Z > Error while writing data to the client
| Error while writing data to the client (HTTP::Server::ClientError)
|   from /home/uchiha/playground/crystal/src/http/server/response.cr:266:9 in 'unbuffered_write'
|   from /home/uchiha/playground/crystal/src/io/buffered.cr:163:14 in 'write'
|   from /home/uchiha/playground/crystal/src/http/server/response.cr:107:7 in 'write'
|   from /home/uchiha/playground/crystal/src/io.cr:488:7 in 'write_string'
|   from lib/kemal/src/kemal/route_handler.cr:174:7 in 'call'
|   from lib/kemal/src/kemal/websocket_handler.cr:13:14 in 'call'
|   from /home/uchiha/playground/crystal/src/http/server/handler.cr:30:7 in 'call_next'
|   from lib/kemal/src/kemal/filter_handler.cr:46:7 in 'call'
|   from /home/uchiha/playground/crystal/src/http/server/handler.cr:30:7 in 'call_next'
|   from src/middlewares/web_api_auth_middleware.cr:8:12 in 'call'
|   from /home/uchiha/playground/crystal/src/http/server/handler.cr:30:7 in 'call_next'
|   from src/middlewares/admin_api_auth_middleware.cr:7:12 in 'call'
|   from /home/uchiha/playground/crystal/src/http/server/handler.cr:30:7 in 'call_next'
|   from /home/uchiha/playground/crystal/src/http/server/handlers/static_file_handler.cr:60:12 in 'call'
|   from /home/uchiha/playground/crystal/src/http/server/handler.cr:30:7 in 'call'
|   from /home/uchiha/playground/crystal/src/http/server/handler.cr:30:7 in 'call'
|   from /home/uchiha/playground/crystal/src/http/server/handler.cr:30:7 in 'call'
|   from /home/uchiha/playground/crystal/src/http/server/handler.cr:30:7 in 'call'
|   from /home/uchiha/playground/crystal/src/http/server/request_processor.cr:58:11 in 'process'
|   from /home/uchiha/playground/crystal/src/http/server.cr:506:5 in '->'
|   from /home/uchiha/playground/crystal/src/fiber.cr:168:11 in 'run'
|   from /home/uchiha/playground/crystal/src/fiber.cr:103:3 in '->'
|   from ???
| Caused by: write (#<TCPSocket:0x7334e8923d08>): Broken pipe (IO::Error)
|   from /home/uchiha/playground/crystal/src/crystal/system/thread.cr:72:3 in 'unbuffered_write'
|   from /home/uchiha/playground/crystal/src/io/buffered.cr:163:14 in 'write'
|   from /home/uchiha/playground/crystal/src/http/server/response.cr:282:11 in 'unbuffered_write'
|   from /home/uchiha/playground/crystal/src/io/buffered.cr:163:14 in 'write'
|   from /home/uchiha/playground/crystal/src/http/server/response.cr:107:7 in 'write'
|   from /home/uchiha/playground/crystal/src/io.cr:488:7 in 'write_string'
|   from lib/kemal/src/kemal/route_handler.cr:174:7 in 'call'
|   from lib/kemal/src/kemal/websocket_handler.cr:13:14 in 'call'
|   from /home/uchiha/playground/crystal/src/http/server/handler.cr:30:7 in 'call_next'
|   from lib/kemal/src/kemal/filter_handler.cr:46:7 in 'call'
|   from /home/uchiha/playground/crystal/src/http/server/handler.cr:30:7 in 'call_next'
|   from src/middlewares/web_api_auth_middleware.cr:8:12 in 'call'
|   from /home/uchiha/playground/crystal/src/http/server/handler.cr:30:7 in 'call_next'
|   from src/middlewares/admin_api_auth_middleware.cr:7:12 in 'call'
|   from /home/uchiha/playground/crystal/src/http/server/handler.cr:30:7 in 'call_next'
|   from /home/uchiha/playground/crystal/src/http/server/handlers/static_file_handler.cr:60:12 in 'call'
|   from /home/uchiha/playground/crystal/src/http/server/handler.cr:30:7 in 'call'
|   from /home/uchiha/playground/crystal/src/http/server/handler.cr:30:7 in 'call'
|   from /home/uchiha/playground/crystal/src/http/server/handler.cr:30:7 in 'call'
|   from /home/uchiha/playground/crystal/src/http/server/handler.cr:30:7 in 'call'
|   from /home/uchiha/playground/crystal/src/http/server/request_processor.cr:58:11 in 'process'
|   from /home/uchiha/playground/crystal/src/http/server.cr:506:5 in '->'
|   from /home/uchiha/playground/crystal/src/fiber.cr:168:11 in 'run'
|   from /home/uchiha/playground/crystal/src/fiber.cr:103:3 in '->'
|   from ???
ERR 2026-08-04T07:14:20.178Z > Unhandled exception on HTTP::Handler
| Closed stream (IO::Error)
|   from /home/uchiha/playground/crystal/src/http/server/response.cr:215:15 in 'content_type='
|   from lib/kemal/src/kemal/helpers/templates.cr:25:3 in 'render_500'
|   from lib/kemal/src/kemal/exception_handler.cr:34:7 in 'call'
|   from /home/uchiha/playground/crystal/src/http/server/handler.cr:30:7 in 'call'
|   from /home/uchiha/playground/crystal/src/http/server/handler.cr:30:7 in 'call'
|   from /home/uchiha/playground/crystal/src/http/server/handler.cr:30:7 in 'call'
|   from /home/uchiha/playground/crystal/src/http/server/request_processor.cr:58:11 in 'process'
|   from /home/uchiha/playground/crystal/src/http/server.cr:506:5 in '->'
|   from /home/uchiha/playground/crystal/src/fiber.cr:168:11 in 'run'
|   from /home/uchiha/playground/crystal/src/fiber.cr:103:3 in '->'
|   from ???
ERR 2026-08-04T07:14:20.178Z > Error while writing data to the client
| Error while writing data to the client (HTTP::Server::ClientError)
|   from /home/uchiha/playground/crystal/src/http/server/response.cr:266:9 in 'unbuffered_write'
|   from /home/uchiha/playground/crystal/src/io/buffered.cr:163:14 in 'write'
|   from /home/uchiha/playground/crystal/src/http/server/response.cr:107:7 in 'write'
|   from /home/uchiha/playground/crystal/src/io.cr:488:7 in 'write_string'
|   from lib/kemal/src/kemal/route_handler.cr:174:7 in 'call'
|   from lib/kemal/src/kemal/websocket_handler.cr:13:14 in 'call'
|   from /home/uchiha/playground/crystal/src/http/server/handler.cr:30:7 in 'call_next'
|   from lib/kemal/src/kemal/filter_handler.cr:46:7 in 'call'
|   from /home/uchiha/playground/crystal/src/http/server/handler.cr:30:7 in 'call_next'
|   from src/middlewares/web_api_auth_middleware.cr:8:12 in 'call'
|   from /home/uchiha/playground/crystal/src/http/server/handler.cr:30:7 in 'call_next'
|   from src/middlewares/admin_api_auth_middleware.cr:7:12 in 'call'
|   from /home/uchiha/playground/crystal/src/http/server/handler.cr:30:7 in 'call_next'
|   from /home/uchiha/playground/crystal/src/http/server/handlers/static_file_handler.cr:60:12 in 'call'
|   from /home/uchiha/playground/crystal/src/http/server/handler.cr:30:7 in 'call'
|   from /home/uchiha/playground/crystal/src/http/server/handler.cr:30:7 in 'call'
|   from /home/uchiha/playground/crystal/src/http/server/handler.cr:30:7 in 'call'
|   from /home/uchiha/playground/crystal/src/http/server/handler.cr:30:7 in 'call'
|   from /home/uchiha/playground/crystal/src/http/server/request_processor.cr:58:11 in 'process'
|   from /home/uchiha/playground/crystal/src/http/server.cr:506:5 in '->'
|   from /home/uchiha/playground/crystal/src/fiber.cr:168:11 in 'run'
|   from /home/uchiha/playground/crystal/src/fiber.cr:103:3 in '->'
|   from ???
| Caused by: write (#<TCPSocket:0x7334e8925b38>): Broken pipe (IO::Error)
|   from /home/uchiha/playground/crystal/src/crystal/system/thread.cr:72:3 in 'unbuffered_write'
|   from /home/uchiha/playground/crystal/src/io/buffered.cr:163:14 in 'write'
|   from /home/uchiha/playground/crystal/src/http/server/response.cr:282:11 in 'unbuffered_write'
|   from /home/uchiha/playground/crystal/src/io/buffered.cr:163:14 in 'write'
|   from /home/uchiha/playground/crystal/src/http/server/response.cr:107:7 in 'write'
|   from /home/uchiha/playground/crystal/src/io.cr:488:7 in 'write_string'
|   from lib/kemal/src/kemal/route_handler.cr:174:7 in 'call'
|   from lib/kemal/src/kemal/websocket_handler.cr:13:14 in 'call'
|   from /home/uchiha/playground/crystal/src/http/server/handler.cr:30:7 in 'call_next'
|   from lib/kemal/src/kemal/filter_handler.cr:46:7 in 'call'
|   from /home/uchiha/playground/crystal/src/http/server/handler.cr:30:7 in 'call_next'
|   from src/middlewares/web_api_auth_middleware.cr:8:12 in 'call'
|   from /home/uchiha/playground/crystal/src/http/server/handler.cr:30:7 in 'call_next'
|   from src/middlewares/admin_api_auth_middleware.cr:7:12 in 'call'
|   from /home/uchiha/playground/crystal/src/http/server/handler.cr:30:7 in 'call_next'
|   from /home/uchiha/playground/crystal/src/http/server/handlers/static_file_handler.cr:60:12 in 'call'
|   from /home/uchiha/playground/crystal/src/http/server/handler.cr:30:7 in 'call'
|   from /home/uchiha/playground/crystal/src/http/server/handler.cr:30:7 in 'call'
|   from /home/uchiha/playground/crystal/src/http/server/handler.cr:30:7 in 'call'
|   from /home/uchiha/playground/crystal/src/http/server/handler.cr:30:7 in 'call'
|   from /home/uchiha/playground/crystal/src/http/server/request_processor.cr:58:11 in 'process'
|   from /home/uchiha/playground/crystal/src/http/server.cr:506:5 in '->'
|   from /home/uchiha/playground/crystal/src/fiber.cr:168:11 in 'run'
|   from /home/uchiha/playground/crystal/src/fiber.cr:103:3 in '->'
|   from ???
ERR 2026-08-04T07:14:20.178Z > Unhandled exception on HTTP::Handler
| Closed stream (IO::Error)
|   from /home/uchiha/playground/crystal/src/http/server/response.cr:215:15 in 'content_type='
|   from lib/kemal/src/kemal/helpers/templates.cr:25:3 in 'render_500'
|   from lib/kemal/src/kemal/exception_handler.cr:34:7 in 'call'
|   from /home/uchiha/playground/crystal/src/http/server/handler.cr:30:7 in 'call'
|   from /home/uchiha/playground/crystal/src/http/server/handler.cr:30:7 in 'call'
|   from /home/uchiha/playground/crystal/src/http/server/handler.cr:30:7 in 'call'
|   from /home/uchiha/playground/crystal/src/http/server/request_processor.cr:58:11 in 'process'
|   from /home/uchiha/playground/crystal/src/http/server.cr:506:5 in '->'
|   from /home/uchiha/playground/crystal/src/fiber.cr:168:11 in 'run'
|   from /home/uchiha/playground/crystal/src/fiber.cr:103:3 in '->'
|   from ???
ERR 2026-08-04T07:14:20.191Z > Error while writing data to the client
| Error while writing data to the client (HTTP::Server::ClientError)
|   from /home/uchiha/playground/crystal/src/http/server/response.cr:266:9 in 'unbuffered_write'
|   from /home/uchiha/playground/crystal/src/io/buffered.cr:163:14 in 'write'
|   from /home/uchiha/playground/crystal/src/http/server/response.cr:107:7 in 'write'
|   from /home/uchiha/playground/crystal/src/io.cr:488:7 in 'write_string'
|   from lib/kemal/src/kemal/route_handler.cr:174:7 in 'call'
|   from lib/kemal/src/kemal/websocket_handler.cr:13:14 in 'call'
|   from /home/uchiha/playground/crystal/src/http/server/handler.cr:30:7 in 'call_next'
|   from lib/kemal/src/kemal/filter_handler.cr:46:7 in 'call'
|   from /home/uchiha/playground/crystal/src/http/server/handler.cr:30:7 in 'call_next'
|   from src/middlewares/web_api_auth_middleware.cr:8:12 in 'call'
|   from /home/uchiha/playground/crystal/src/http/server/handler.cr:30:7 in 'call_next'
|   from src/middlewares/admin_api_auth_middleware.cr:7:12 in 'call'
|   from /home/uchiha/playground/crystal/src/http/server/handler.cr:30:7 in 'call_next'
|   from /home/uchiha/playground/crystal/src/http/server/handlers/static_file_handler.cr:60:12 in 'call'
|   from /home/uchiha/playground/crystal/src/http/server/handler.cr:30:7 in 'call'
|   from /home/uchiha/playground/crystal/src/http/server/handler.cr:30:7 in 'call'
|   from /home/uchiha/playground/crystal/src/http/server/handler.cr:30:7 in 'call'
|   from /home/uchiha/playground/crystal/src/http/server/handler.cr:30:7 in 'call'
|   from /home/uchiha/playground/crystal/src/http/server/request_processor.cr:58:11 in 'process'
|   from /home/uchiha/playground/crystal/src/http/server.cr:506:5 in '->'
|   from /home/uchiha/playground/crystal/src/fiber.cr:168:11 in 'run'
|   from /home/uchiha/playground/crystal/src/fiber.cr:103:3 in '->'
|   from ???
| Caused by: write (#<TCPSocket:0x7334e8926078>): Broken pipe (IO::Error)
|   from /home/uchiha/playground/crystal/src/crystal/system/thread.cr:72:3 in 'unbuffered_write'
|   from /home/uchiha/playground/crystal/src/io/buffered.cr:163:14 in 'write'
|   from /home/uchiha/playground/crystal/src/http/server/response.cr:282:11 in 'unbuffered_write'
|   from /home/uchiha/playground/crystal/src/io/buffered.cr:163:14 in 'write'
|   from /home/uchiha/playground/crystal/src/http/server/response.cr:107:7 in 'write'
|   from /home/uchiha/playground/crystal/src/io.cr:488:7 in 'write_string'
|   from lib/kemal/src/kemal/route_handler.cr:174:7 in 'call'
|   from lib/kemal/src/kemal/websocket_handler.cr:13:14 in 'call'
|   from /home/uchiha/playground/crystal/src/http/server/handler.cr:30:7 in 'call_next'
|   from lib/kemal/src/kemal/filter_handler.cr:46:7 in 'call'
|   from /home/uchiha/playground/crystal/src/http/server/handler.cr:30:7 in 'call_next'
|   from src/middlewares/web_api_auth_middleware.cr:8:12 in 'call'
|   from /home/uchiha/playground/crystal/src/http/server/handler.cr:30:7 in 'call_next'
|   from src/middlewares/admin_api_auth_middleware.cr:7:12 in 'call'
|   from /home/uchiha/playground/crystal/src/http/server/handler.cr:30:7 in 'call_next'
|   from /home/uchiha/playground/crystal/src/http/server/handlers/static_file_handler.cr:60:12 in 'call'
|   from /home/uchiha/playground/crystal/src/http/server/handler.cr:30:7 in 'call'
|   from /home/uchiha/playground/crystal/src/http/server/handler.cr:30:7 in 'call'
|   from /home/uchiha/playground/crystal/src/http/server/handler.cr:30:7 in 'call'
|   from /home/uchiha/playground/crystal/src/http/server/handler.cr:30:7 in 'call'
|   from /home/uchiha/playground/crystal/src/http/server/request_processor.cr:58:11 in 'process'
|   from /home/uchiha/playground/crystal/src/http/server.cr:506:5 in '->'
|   from /home/uchiha/playground/crystal/src/fiber.cr:168:11 in 'run'
|   from /home/uchiha/playground/crystal/src/fiber.cr:103:3 in '->'
|   from ???
ERR 2026-08-04T07:14:20.191Z > Unhandled exception on HTTP::Handler
| Closed stream (IO::Error)
|   from /home/uchiha/playground/crystal/src/http/server/response.cr:215:15 in 'content_type='
|   from lib/kemal/src/kemal/helpers/templates.cr:25:3 in 'render_500'
|   from lib/kemal/src/kemal/exception_handler.cr:34:7 in 'call'
|   from /home/uchiha/playground/crystal/src/http/server/handler.cr:30:7 in 'call'
|   from /home/uchiha/playground/crystal/src/http/server/handler.cr:30:7 in 'call'
|   from /home/uchiha/playground/crystal/src/http/server/handler.cr:30:7 in 'call'
|   from /home/uchiha/playground/crystal/src/http/server/request_processor.cr:58:11 in 'process'
|   from /home/uchiha/playground/crystal/src/http/server.cr:506:5 in '->'
|   from /home/uchiha/playground/crystal/src/fiber.cr:168:11 in 'run'
|   from /home/uchiha/playground/crystal/src/fiber.cr:103:3 in '->'
|   from ???
ERR 2026-08-04T07:14:20.191Z > Error while writing data to the client
| Error while writing data to the client (HTTP::Server::ClientError)
|   from /home/uchiha/playground/crystal/src/http/server/response.cr:266:9 in 'unbuffered_write'
|   from /home/uchiha/playground/crystal/src/io/buffered.cr:163:14 in 'write'
|   from /home/uchiha/playground/crystal/src/http/server/response.cr:107:7 in 'write'
|   from /home/uchiha/playground/crystal/src/io.cr:488:7 in 'write_string'
|   from lib/kemal/src/kemal/route_handler.cr:174:7 in 'call'
|   from lib/kemal/src/kemal/websocket_handler.cr:13:14 in 'call'
|   from /home/uchiha/playground/crystal/src/http/server/handler.cr:30:7 in 'call_next'
|   from lib/kemal/src/kemal/filter_handler.cr:46:7 in 'call'
|   from /home/uchiha/playground/crystal/src/http/server/handler.cr:30:7 in 'call_next'
|   from src/middlewares/web_api_auth_middleware.cr:8:12 in 'call'
|   from /home/uchiha/playground/crystal/src/http/server/handler.cr:30:7 in 'call_next'
|   from src/middlewares/admin_api_auth_middleware.cr:7:12 in 'call'
|   from /home/uchiha/playground/crystal/src/http/server/handler.cr:30:7 in 'call_next'
|   from /home/uchiha/playground/crystal/src/http/server/handlers/static_file_handler.cr:60:12 in 'call'
|   from /home/uchiha/playground/crystal/src/http/server/handler.cr:30:7 in 'call'
|   from /home/uchiha/playground/crystal/src/http/server/handler.cr:30:7 in 'call'
|   from /home/uchiha/playground/crystal/src/http/server/handler.cr:30:7 in 'call'
|   from /home/uchiha/playground/crystal/src/http/server/handler.cr:30:7 in 'call'
|   from /home/uchiha/playground/crystal/src/http/server/request_processor.cr:58:11 in 'process'
|   from /home/uchiha/playground/crystal/src/http/server.cr:506:5 in '->'
|   from /home/uchiha/playground/crystal/src/fiber.cr:168:11 in 'run'
|   from /home/uchiha/playground/crystal/src/fiber.cr:103:3 in '->'
|   from ???
| Caused by: write (#<TCPSocket:0x7334e8922808>): Broken pipe (IO::Error)
|   from /home/uchiha/playground/crystal/src/crystal/system/thread.cr:72:3 in 'unbuffered_write'
|   from /home/uchiha/playground/crystal/src/io/buffered.cr:163:14 in 'write'
|   from /home/uchiha/playground/crystal/src/http/server/response.cr:282:11 in 'unbuffered_write'
|   from /home/uchiha/playground/crystal/src/io/buffered.cr:163:14 in 'write'
|   from /home/uchiha/playground/crystal/src/http/server/response.cr:107:7 in 'write'
|   from /home/uchiha/playground/crystal/src/io.cr:488:7 in 'write_string'
|   from lib/kemal/src/kemal/route_handler.cr:174:7 in 'call'
|   from lib/kemal/src/kemal/websocket_handler.cr:13:14 in 'call'
|   from /home/uchiha/playground/crystal/src/http/server/handler.cr:30:7 in 'call_next'
|   from lib/kemal/src/kemal/filter_handler.cr:46:7 in 'call'
|   from /home/uchiha/playground/crystal/src/http/server/handler.cr:30:7 in 'call_next'
|   from src/middlewares/web_api_auth_middleware.cr:8:12 in 'call'
|   from /home/uchiha/playground/crystal/src/http/server/handler.cr:30:7 in 'call_next'
|   from src/middlewares/admin_api_auth_middleware.cr:7:12 in 'call'
|   from /home/uchiha/playground/crystal/src/http/server/handler.cr:30:7 in 'call_next'
|   from /home/uchiha/playground/crystal/src/http/server/handlers/static_file_handler.cr:60:12 in 'call'
|   from /home/uchiha/playground/crystal/src/http/server/handler.cr:30:7 in 'call'
|   from /home/uchiha/playground/crystal/src/http/server/handler.cr:30:7 in 'call'
|   from /home/uchiha/playground/crystal/src/http/server/handler.cr:30:7 in 'call'
|   from /home/uchiha/playground/crystal/src/http/server/handler.cr:30:7 in 'call'
|   from /home/uchiha/playground/crystal/src/http/server/request_processor.cr:58:11 in 'process'
|   from /home/uchiha/playground/crystal/src/http/server.cr:506:5 in '->'
|   from /home/uchiha/playground/crystal/src/fiber.cr:168:11 in 'run'
|   from /home/uchiha/playground/crystal/src/fiber.cr:103:3 in '->'
|   from ???
ERR 2026-08-04T07:14:20.191Z > Unhandled exception on HTTP::Handler
| Closed stream (IO::Error)
|   from /home/uchiha/playground/crystal/src/http/server/response.cr:215:15 in 'content_type='
|   from lib/kemal/src/kemal/helpers/templates.cr:25:3 in 'render_500'
|   from lib/kemal/src/kemal/exception_handler.cr:34:7 in 'call'
|   from /home/uchiha/playground/crystal/src/http/server/handler.cr:30:7 in 'call'
|   from /home/uchiha/playground/crystal/src/http/server/handler.cr:30:7 in 'call'
|   from /home/uchiha/playground/crystal/src/http/server/handler.cr:30:7 in 'call'
|   from /home/uchiha/playground/crystal/src/http/server/request_processor.cr:58:11 in 'process'
|   from /home/uchiha/playground/crystal/src/http/server.cr:506:5 in '->'
|   from /home/uchiha/playground/crystal/src/fiber.cr:168:11 in 'run'
|   from /home/uchiha/playground/crystal/src/fiber.cr:103:3 in '->'
|   from ???
ERR 2026-08-04T07:14:20.193Z > Error while writing data to the client
| Error while writing data to the client (HTTP::Server::ClientError)
|   from /home/uchiha/playground/crystal/src/http/server/response.cr:266:9 in 'unbuffered_write'
|   from /home/uchiha/playground/crystal/src/io/buffered.cr:163:14 in 'write'
|   from /home/uchiha/playground/crystal/src/http/server/response.cr:107:7 in 'write'
|   from /home/uchiha/playground/crystal/src/io.cr:488:7 in 'write_string'
|   from lib/kemal/src/kemal/route_handler.cr:174:7 in 'call'
|   from lib/kemal/src/kemal/websocket_handler.cr:13:14 in 'call'
|   from /home/uchiha/playground/crystal/src/http/server/handler.cr:30:7 in 'call_next'
|   from lib/kemal/src/kemal/filter_handler.cr:46:7 in 'call'
|   from /home/uchiha/playground/crystal/src/http/server/handler.cr:30:7 in 'call_next'
|   from src/middlewares/web_api_auth_middleware.cr:8:12 in 'call'
|   from /home/uchiha/playground/crystal/src/http/server/handler.cr:30:7 in 'call_next'
|   from src/middlewares/admin_api_auth_middleware.cr:7:12 in 'call'
|   from /home/uchiha/playground/crystal/src/http/server/handler.cr:30:7 in 'call_next'
|   from /home/uchiha/playground/crystal/src/http/server/handlers/static_file_handler.cr:60:12 in 'call'
|   from /home/uchiha/playground/crystal/src/http/server/handler.cr:30:7 in 'call'
|   from /home/uchiha/playground/crystal/src/http/server/handler.cr:30:7 in 'call'
|   from /home/uchiha/playground/crystal/src/http/server/handler.cr:30:7 in 'call'
|   from /home/uchiha/playground/crystal/src/http/server/handler.cr:30:7 in 'call'
|   from /home/uchiha/playground/crystal/src/http/server/request_processor.cr:58:11 in 'process'
|   from /home/uchiha/playground/crystal/src/http/server.cr:506:5 in '->'
|   from /home/uchiha/playground/crystal/src/fiber.cr:168:11 in 'run'
|   from /home/uchiha/playground/crystal/src/fiber.cr:103:3 in '->'
|   from ???
| Caused by: write (#<TCPSocket:0x7334e89226b8>): Broken pipe (IO::Error)
|   from /home/uchiha/playground/crystal/src/crystal/system/thread.cr:72:3 in 'unbuffered_write'
|   from /home/uchiha/playground/crystal/src/io/buffered.cr:163:14 in 'write'
|   from /home/uchiha/playground/crystal/src/http/server/response.cr:282:11 in 'unbuffered_write'
|   from /home/uchiha/playground/crystal/src/io/buffered.cr:163:14 in 'write'
|   from /home/uchiha/playground/crystal/src/http/server/response.cr:107:7 in 'write'
|   from /home/uchiha/playground/crystal/src/io.cr:488:7 in 'write_string'
|   from lib/kemal/src/kemal/route_handler.cr:174:7 in 'call'
|   from lib/kemal/src/kemal/websocket_handler.cr:13:14 in 'call'
|   from /home/uchiha/playground/crystal/src/http/server/handler.cr:30:7 in 'call_next'
|   from lib/kemal/src/kemal/filter_handler.cr:46:7 in 'call'
|   from /home/uchiha/playground/crystal/src/http/server/handler.cr:30:7 in 'call_next'
|   from src/middlewares/web_api_auth_middleware.cr:8:12 in 'call'
|   from /home/uchiha/playground/crystal/src/http/server/handler.cr:30:7 in 'call_next'
|   from src/middlewares/admin_api_auth_middleware.cr:7:12 in 'call'
|   from /home/uchiha/playground/crystal/src/http/server/handler.cr:30:7 in 'call_next'
|   from /home/uchiha/playground/crystal/src/http/server/handlers/static_file_handler.cr:60:12 in 'call'
|   from /home/uchiha/playground/crystal/src/http/server/handler.cr:30:7 in 'call'
|   from /home/uchiha/playground/crystal/src/http/server/handler.cr:30:7 in 'call'
|   from /home/uchiha/playground/crystal/src/http/server/handler.cr:30:7 in 'call'
|   from /home/uchiha/playground/crystal/src/http/server/handler.cr:30:7 in 'call'
|   from /home/uchiha/playground/crystal/src/http/server/request_processor.cr:58:11 in 'process'
|   from /home/uchiha/playground/crystal/src/http/server.cr:506:5 in '->'
|   from /home/uchiha/playground/crystal/src/fiber.cr:168:11 in 'run'
|   from /home/uchiha/playground/crystal/src/fiber.cr:103:3 in '->'
|   from ???
ERR 2026-08-04T07:14:20.193Z > Unhandled exception on HTTP::Handler
| Closed stream (IO::Error)
|   from /home/uchiha/playground/crystal/src/http/server/response.cr:215:15 in 'content_type='
|   from lib/kemal/src/kemal/helpers/templates.cr:25:3 in 'render_500'
|   from lib/kemal/src/kemal/exception_handler.cr:34:7 in 'call'
|   from /home/uchiha/playground/crystal/src/http/server/handler.cr:30:7 in 'call'
|   from /home/uchiha/playground/crystal/src/http/server/handler.cr:30:7 in 'call'
|   from /home/uchiha/playground/crystal/src/http/server/handler.cr:30:7 in 'call'
|   from /home/uchiha/playground/crystal/src/http/server/request_processor.cr:58:11 in 'process'
|   from /home/uchiha/playground/crystal/src/http/server.cr:506:5 in '->'
|   from /home/uchiha/playground/crystal/src/fiber.cr:168:11 in 'run'
|   from /home/uchiha/playground/crystal/src/fiber.cr:103:3 in '->'
|   from ???
ERR 2026-08-04T07:14:20.196Z > Error while writing data to the client
| Error while writing data to the client (HTTP::Server::ClientError)
|   from /home/uchiha/playground/crystal/src/http/server/response.cr:266:9 in 'unbuffered_write'
|   from /home/uchiha/playground/crystal/src/io/buffered.cr:163:14 in 'write'
|   from /home/uchiha/playground/crystal/src/http/server/response.cr:107:7 in 'write'
|   from /home/uchiha/playground/crystal/src/io.cr:488:7 in 'write_string'
|   from lib/kemal/src/kemal/route_handler.cr:174:7 in 'call'
|   from lib/kemal/src/kemal/websocket_handler.cr:13:14 in 'call'
|   from /home/uchiha/playground/crystal/src/http/server/handler.cr:30:7 in 'call_next'
|   from lib/kemal/src/kemal/filter_handler.cr:46:7 in 'call'
|   from /home/uchiha/playground/crystal/src/http/server/handler.cr:30:7 in 'call_next'
|   from src/middlewares/web_api_auth_middleware.cr:8:12 in 'call'
|   from /home/uchiha/playground/crystal/src/http/server/handler.cr:30:7 in 'call_next'
|   from src/middlewares/admin_api_auth_middleware.cr:7:12 in 'call'
|   from /home/uchiha/playground/crystal/src/http/server/handler.cr:30:7 in 'call_next'
|   from /home/uchiha/playground/crystal/src/http/server/handlers/static_file_handler.cr:60:12 in 'call'
|   from /home/uchiha/playground/crystal/src/http/server/handler.cr:30:7 in 'call'
|   from /home/uchiha/playground/crystal/src/http/server/handler.cr:30:7 in 'call'
|   from /home/uchiha/playground/crystal/src/http/server/handler.cr:30:7 in 'call'
|   from /home/uchiha/playground/crystal/src/http/server/handler.cr:30:7 in 'call'
|   from /home/uchiha/playground/crystal/src/http/server/request_processor.cr:58:11 in 'process'
|   from /home/uchiha/playground/crystal/src/http/server.cr:506:5 in '->'
|   from /home/uchiha/playground/crystal/src/fiber.cr:168:11 in 'run'
|   from /home/uchiha/playground/crystal/src/fiber.cr:103:3 in '->'
|   from ???
| Caused by: write (#<TCPSocket:0x7334e89240f8>): Broken pipe (IO::Error)
|   from /home/uchiha/playground/crystal/src/crystal/system/thread.cr:72:3 in 'unbuffered_write'
|   from /home/uchiha/playground/crystal/src/io/buffered.cr:163:14 in 'write'
|   from /home/uchiha/playground/crystal/src/http/server/response.cr:282:11 in 'unbuffered_write'
|   from /home/uchiha/playground/crystal/src/io/buffered.cr:163:14 in 'write'
|   from /home/uchiha/playground/crystal/src/http/server/response.cr:107:7 in 'write'
|   from /home/uchiha/playground/crystal/src/io.cr:488:7 in 'write_string'
|   from lib/kemal/src/kemal/route_handler.cr:174:7 in 'call'
|   from lib/kemal/src/kemal/websocket_handler.cr:13:14 in 'call'
|   from /home/uchiha/playground/crystal/src/http/server/handler.cr:30:7 in 'call_next'
|   from lib/kemal/src/kemal/filter_handler.cr:46:7 in 'call'
|   from /home/uchiha/playground/crystal/src/http/server/handler.cr:30:7 in 'call_next'
|   from src/middlewares/web_api_auth_middleware.cr:8:12 in 'call'
|   from /home/uchiha/playground/crystal/src/http/server/handler.cr:30:7 in 'call_next'
|   from src/middlewares/admin_api_auth_middleware.cr:7:12 in 'call'
|   from /home/uchiha/playground/crystal/src/http/server/handler.cr:30:7 in 'call_next'
|   from /home/uchiha/playground/crystal/src/http/server/handlers/static_file_handler.cr:60:12 in 'call'
|   from /home/uchiha/playground/crystal/src/http/server/handler.cr:30:7 in 'call'
|   from /home/uchiha/playground/crystal/src/http/server/handler.cr:30:7 in 'call'
|   from /home/uchiha/playground/crystal/src/http/server/handler.cr:30:7 in 'call'
|   from /home/uchiha/playground/crystal/src/http/server/handler.cr:30:7 in 'call'
|   from /home/uchiha/playground/crystal/src/http/server/request_processor.cr:58:11 in 'process'
|   from /home/uchiha/playground/crystal/src/http/server.cr:506:5 in '->'
|   from /home/uchiha/playground/crystal/src/fiber.cr:168:11 in 'run'
|   from /home/uchiha/playground/crystal/src/fiber.cr:103:3 in '->'
|   from ???
ERR 2026-08-04T07:14:20.196Z > Unhandled exception on HTTP::Handler
| Closed stream (IO::Error)
|   from /home/uchiha/playground/crystal/src/http/server/response.cr:215:15 in 'content_type='
|   from lib/kemal/src/kemal/helpers/templates.cr:25:3 in 'render_500'
|   from lib/kemal/src/kemal/exception_handler.cr:34:7 in 'call'
|   from /home/uchiha/playground/crystal/src/http/server/handler.cr:30:7 in 'call'
|   from /home/uchiha/playground/crystal/src/http/server/handler.cr:30:7 in 'call'
|   from /home/uchiha/playground/crystal/src/http/server/handler.cr:30:7 in 'call'
|   from /home/uchiha/playground/crystal/src/http/server/request_processor.cr:58:11 in 'process'
|   from /home/uchiha/playground/crystal/src/http/server.cr:506:5 in '->'
|   from /home/uchiha/playground/crystal/src/fiber.cr:168:11 in 'run'
|   from /home/uchiha/playground/crystal/src/fiber.cr:103:3 in '->'
|   from ???
ERR 2026-08-04T07:14:20.197Z > Error while writing data to the client
| Error while writing data to the client (HTTP::Server::ClientError)
|   from /home/uchiha/playground/crystal/src/http/server/response.cr:266:9 in 'unbuffered_write'
|   from /home/uchiha/playground/crystal/src/io/buffered.cr:163:14 in 'write'
|   from /home/uchiha/playground/crystal/src/http/server/response.cr:107:7 in 'write'
|   from /home/uchiha/playground/crystal/src/io.cr:488:7 in 'write_string'
|   from lib/kemal/src/kemal/route_handler.cr:174:7 in 'call'
|   from lib/kemal/src/kemal/websocket_handler.cr:13:14 in 'call'
|   from /home/uchiha/playground/crystal/src/http/server/handler.cr:30:7 in 'call_next'
|   from lib/kemal/src/kemal/filter_handler.cr:46:7 in 'call'
|   from /home/uchiha/playground/crystal/src/http/server/handler.cr:30:7 in 'call_next'
|   from src/middlewares/web_api_auth_middleware.cr:8:12 in 'call'
|   from /home/uchiha/playground/crystal/src/http/server/handler.cr:30:7 in 'call_next'
|   from src/middlewares/admin_api_auth_middleware.cr:7:12 in 'call'
|   from /home/uchiha/playground/crystal/src/http/server/handler.cr:30:7 in 'call_next'
|   from /home/uchiha/playground/crystal/src/http/server/handlers/static_file_handler.cr:60:12 in 'call'
|   from /home/uchiha/playground/crystal/src/http/server/handler.cr:30:7 in 'call'
|   from /home/uchiha/playground/crystal/src/http/server/handler.cr:30:7 in 'call'
|   from /home/uchiha/playground/crystal/src/http/server/handler.cr:30:7 in 'call'
|   from /home/uchiha/playground/crystal/src/http/server/handler.cr:30:7 in 'call'
|   from /home/uchiha/playground/crystal/src/http/server/request_processor.cr:58:11 in 'process'
|   from /home/uchiha/playground/crystal/src/http/server.cr:506:5 in '->'
|   from /home/uchiha/playground/crystal/src/fiber.cr:168:11 in 'run'
|   from /home/uchiha/playground/crystal/src/fiber.cr:103:3 in '->'
|   from ???
| Caused by: write (#<TCPSocket:0x7334e89254a8>): Broken pipe (IO::Error)
|   from /home/uchiha/playground/crystal/src/crystal/system/thread.cr:72:3 in 'unbuffered_write'
|   from /home/uchiha/playground/crystal/src/io/buffered.cr:163:14 in 'write'
|   from /home/uchiha/playground/crystal/src/http/server/response.cr:282:11 in 'unbuffered_write'
|   from /home/uchiha/playground/crystal/src/io/buffered.cr:163:14 in 'write'
|   from /home/uchiha/playground/crystal/src/http/server/response.cr:107:7 in 'write'
|   from /home/uchiha/playground/crystal/src/io.cr:488:7 in 'write_string'
|   from lib/kemal/src/kemal/route_handler.cr:174:7 in 'call'
|   from lib/kemal/src/kemal/websocket_handler.cr:13:14 in 'call'
|   from /home/uchiha/playground/crystal/src/http/server/handler.cr:30:7 in 'call_next'
|   from lib/kemal/src/kemal/filter_handler.cr:46:7 in 'call'
|   from /home/uchiha/playground/crystal/src/http/server/handler.cr:30:7 in 'call_next'
|   from src/middlewares/web_api_auth_middleware.cr:8:12 in 'call'
|   from /home/uchiha/playground/crystal/src/http/server/handler.cr:30:7 in 'call_next'
|   from src/middlewares/admin_api_auth_middleware.cr:7:12 in 'call'
|   from /home/uchiha/playground/crystal/src/http/server/handler.cr:30:7 in 'call_next'
|   from /home/uchiha/playground/crystal/src/http/server/handlers/static_file_handler.cr:60:12 in 'call'
|   from /home/uchiha/playground/crystal/src/http/server/handler.cr:30:7 in 'call'
|   from /home/uchiha/playground/crystal/src/http/server/handler.cr:30:7 in 'call'
|   from /home/uchiha/playground/crystal/src/http/server/handler.cr:30:7 in 'call'
|   from /home/uchiha/playground/crystal/src/http/server/handler.cr:30:7 in 'call'
|   from /home/uchiha/playground/crystal/src/http/server/request_processor.cr:58:11 in 'process'
|   from /home/uchiha/playground/crystal/src/http/server.cr:506:5 in '->'
|   from /home/uchiha/playground/crystal/src/fiber.cr:168:11 in 'run'
|   from /home/uchiha/playground/crystal/src/fiber.cr:103:3 in '->'
|   from ???
ERR 2026-08-04T07:14:20.197Z > Unhandled exception on HTTP::Handler
| Closed stream (IO::Error)
|   from /home/uchiha/playground/crystal/src/http/server/response.cr:215:15 in 'content_type='
|   from lib/kemal/src/kemal/helpers/templates.cr:25:3 in 'render_500'
|   from lib/kemal/src/kemal/exception_handler.cr:34:7 in 'call'
|   from /home/uchiha/playground/crystal/src/http/server/handler.cr:30:7 in 'call'
|   from /home/uchiha/playground/crystal/src/http/server/handler.cr:30:7 in 'call'
|   from /home/uchiha/playground/crystal/src/http/server/handler.cr:30:7 in 'call'
|   from /home/uchiha/playground/crystal/src/http/server/request_processor.cr:58:11 in 'process'
|   from /home/uchiha/playground/crystal/src/http/server.cr:506:5 in '->'
|   from /home/uchiha/playground/crystal/src/fiber.cr:168:11 in 'run'
|   from /home/uchiha/playground/crystal/src/fiber.cr:103:3 in '->'
|   from ???
ERR 2026-08-04T07:14:20.197Z > Error while writing data to the client
| Error while writing data to the client (HTTP::Server::ClientError)
|   from /home/uchiha/playground/crystal/src/http/server/response.cr:266:9 in 'unbuffered_write'
|   from /home/uchiha/playground/crystal/src/io/buffered.cr:163:14 in 'write'
|   from /home/uchiha/playground/crystal/src/http/server/response.cr:107:7 in 'write'
|   from /home/uchiha/playground/crystal/src/io.cr:488:7 in 'write_string'
|   from lib/kemal/src/kemal/route_handler.cr:174:7 in 'call'
|   from lib/kemal/src/kemal/websocket_handler.cr:13:14 in 'call'
|   from /home/uchiha/playground/crystal/src/http/server/handler.cr:30:7 in 'call_next'
|   from lib/kemal/src/kemal/filter_handler.cr:46:7 in 'call'
|   from /home/uchiha/playground/crystal/src/http/server/handler.cr:30:7 in 'call_next'
|   from src/middlewares/web_api_auth_middleware.cr:8:12 in 'call'
|   from /home/uchiha/playground/crystal/src/http/server/handler.cr:30:7 in 'call_next'
|   from src/middlewares/admin_api_auth_middleware.cr:7:12 in 'call'
|   from /home/uchiha/playground/crystal/src/http/server/handler.cr:30:7 in 'call_next'
|   from /home/uchiha/playground/crystal/src/http/server/handlers/static_file_handler.cr:60:12 in 'call'
|   from /home/uchiha/playground/crystal/src/http/server/handler.cr:30:7 in 'call'
|   from /home/uchiha/playground/crystal/src/http/server/handler.cr:30:7 in 'call'
|   from /home/uchiha/playground/crystal/src/http/server/handler.cr:30:7 in 'call'
|   from /home/uchiha/playground/crystal/src/http/server/handler.cr:30:7 in 'call'
|   from /home/uchiha/playground/crystal/src/http/server/request_processor.cr:58:11 in 'process'
|   from /home/uchiha/playground/crystal/src/http/server.cr:506:5 in '->'
|   from /home/uchiha/playground/crystal/src/fiber.cr:168:11 in 'run'
|   from /home/uchiha/playground/crystal/src/fiber.cr:103:3 in '->'
|   from ???
| Caused by: write (#<TCPSocket:0x7334e8921ed8>): Broken pipe (IO::Error)
|   from /home/uchiha/playground/crystal/src/crystal/system/thread.cr:72:3 in 'unbuffered_write'
|   from /home/uchiha/playground/crystal/src/io/buffered.cr:163:14 in 'write'
|   from /home/uchiha/playground/crystal/src/http/server/response.cr:282:11 in 'unbuffered_write'
|   from /home/uchiha/playground/crystal/src/io/buffered.cr:163:14 in 'write'
|   from /home/uchiha/playground/crystal/src/http/server/response.cr:107:7 in 'write'
|   from /home/uchiha/playground/crystal/src/io.cr:488:7 in 'write_string'
|   from lib/kemal/src/kemal/route_handler.cr:174:7 in 'call'
|   from lib/kemal/src/kemal/websocket_handler.cr:13:14 in 'call'
|   from /home/uchiha/playground/crystal/src/http/server/handler.cr:30:7 in 'call_next'
|   from lib/kemal/src/kemal/filter_handler.cr:46:7 in 'call'
|   from /home/uchiha/playground/crystal/src/http/server/handler.cr:30:7 in 'call_next'
|   from src/middlewares/web_api_auth_middleware.cr:8:12 in 'call'
|   from /home/uchiha/playground/crystal/src/http/server/handler.cr:30:7 in 'call_next'
|   from src/middlewares/admin_api_auth_middleware.cr:7:12 in 'call'
|   from /home/uchiha/playground/crystal/src/http/server/handler.cr:30:7 in 'call_next'
|   from /home/uchiha/playground/crystal/src/http/server/handlers/static_file_handler.cr:60:12 in 'call'
|   from /home/uchiha/playground/crystal/src/http/server/handler.cr:30:7 in 'call'
|   from /home/uchiha/playground/crystal/src/http/server/handler.cr:30:7 in 'call'
|   from /home/uchiha/playground/crystal/src/http/server/handler.cr:30:7 in 'call'
|   from /home/uchiha/playground/crystal/src/http/server/handler.cr:30:7 in 'call'
|   from /home/uchiha/playground/crystal/src/http/server/request_processor.cr:58:11 in 'process'
|   from /home/uchiha/playground/crystal/src/http/server.cr:506:5 in '->'
|   from /home/uchiha/playground/crystal/src/fiber.cr:168:11 in 'run'
|   from /home/uchiha/playground/crystal/src/fiber.cr:103:3 in '->'
|   from ???
ERR 2026-08-04T07:14:20.197Z > Unhandled exception on HTTP::Handler
| Closed stream (IO::Error)
|   from /home/uchiha/playground/crystal/src/http/server/response.cr:215:15 in 'content_type='
|   from lib/kemal/src/kemal/helpers/templates.cr:25:3 in 'render_500'
|   from lib/kemal/src/kemal/exception_handler.cr:34:7 in 'call'
|   from /home/uchiha/playground/crystal/src/http/server/handler.cr:30:7 in 'call'
|   from /home/uchiha/playground/crystal/src/http/server/handler.cr:30:7 in 'call'
|   from /home/uchiha/playground/crystal/src/http/server/handler.cr:30:7 in 'call'
|   from /home/uchiha/playground/crystal/src/http/server/request_processor.cr:58:11 in 'process'
|   from /home/uchiha/playground/crystal/src/http/server.cr:506:5 in '->'
|   from /home/uchiha/playground/crystal/src/fiber.cr:168:11 in 'run'
|   from /home/uchiha/playground/crystal/src/fiber.cr:103:3 in '->'
|   from ???
ERR 2026-08-04T07:14:20.198Z > Error while writing data to the client
| Error while writing data to the client (HTTP::Server::ClientError)
|   from /home/uchiha/playground/crystal/src/http/server/response.cr:266:9 in 'unbuffered_write'
|   from /home/uchiha/playground/crystal/src/io/buffered.cr:163:14 in 'write'
|   from /home/uchiha/playground/crystal/src/http/server/response.cr:107:7 in 'write'
|   from /home/uchiha/playground/crystal/src/io.cr:488:7 in 'write_string'
|   from lib/kemal/src/kemal/route_handler.cr:174:7 in 'call'
|   from lib/kemal/src/kemal/websocket_handler.cr:13:14 in 'call'
|   from /home/uchiha/playground/crystal/src/http/server/handler.cr:30:7 in 'call_next'
|   from lib/kemal/src/kemal/filter_handler.cr:46:7 in 'call'
|   from /home/uchiha/playground/crystal/src/http/server/handler.cr:30:7 in 'call_next'
|   from src/middlewares/web_api_auth_middleware.cr:8:12 in 'call'
|   from /home/uchiha/playground/crystal/src/http/server/handler.cr:30:7 in 'call_next'
|   from src/middlewares/admin_api_auth_middleware.cr:7:12 in 'call'
|   from /home/uchiha/playground/crystal/src/http/server/handler.cr:30:7 in 'call_next'
|   from /home/uchiha/playground/crystal/src/http/server/handlers/static_file_handler.cr:60:12 in 'call'
|   from /home/uchiha/playground/crystal/src/http/server/handler.cr:30:7 in 'call'
|   from /home/uchiha/playground/crystal/src/http/server/handler.cr:30:7 in 'call'
|   from /home/uchiha/playground/crystal/src/http/server/handler.cr:30:7 in 'call'
|   from /home/uchiha/playground/crystal/src/http/server/handler.cr:30:7 in 'call'
|   from /home/uchiha/playground/crystal/src/http/server/request_processor.cr:58:11 in 'process'
|   from /home/uchiha/playground/crystal/src/http/server.cr:506:5 in '->'
|   from /home/uchiha/playground/crystal/src/fiber.cr:168:11 in 'run'
|   from /home/uchiha/playground/crystal/src/fiber.cr:103:3 in '->'
|   from ???
| Caused by: write (#<TCPSocket:0x7334e8924248>): Broken pipe (IO::Error)
|   from /home/uchiha/playground/crystal/src/crystal/system/thread.cr:72:3 in 'unbuffered_write'
|   from /home/uchiha/playground/crystal/src/io/buffered.cr:163:14 in 'write'
|   from /home/uchiha/playground/crystal/src/http/server/response.cr:282:11 in 'unbuffered_write'
|   from /home/uchiha/playground/crystal/src/io/buffered.cr:163:14 in 'write'
|   from /home/uchiha/playground/crystal/src/http/server/response.cr:107:7 in 'write'
|   from /home/uchiha/playground/crystal/src/io.cr:488:7 in 'write_string'
|   from lib/kemal/src/kemal/route_handler.cr:174:7 in 'call'
|   from lib/kemal/src/kemal/websocket_handler.cr:13:14 in 'call'
|   from /home/uchiha/playground/crystal/src/http/server/handler.cr:30:7 in 'call_next'
|   from lib/kemal/src/kemal/filter_handler.cr:46:7 in 'call'
|   from /home/uchiha/playground/crystal/src/http/server/handler.cr:30:7 in 'call_next'
|   from src/middlewares/web_api_auth_middleware.cr:8:12 in 'call'
|   from /home/uchiha/playground/crystal/src/http/server/handler.cr:30:7 in 'call_next'
|   from src/middlewares/admin_api_auth_middleware.cr:7:12 in 'call'
|   from /home/uchiha/playground/crystal/src/http/server/handler.cr:30:7 in 'call_next'
|   from /home/uchiha/playground/crystal/src/http/server/handlers/static_file_handler.cr:60:12 in 'call'
|   from /home/uchiha/playground/crystal/src/http/server/handler.cr:30:7 in 'call'
|   from /home/uchiha/playground/crystal/src/http/server/handler.cr:30:7 in 'call'
|   from /home/uchiha/playground/crystal/src/http/server/handler.cr:30:7 in 'call'
|   from /home/uchiha/playground/crystal/src/http/server/handler.cr:30:7 in 'call'
|   from /home/uchiha/playground/crystal/src/http/server/request_processor.cr:58:11 in 'process'
|   from /home/uchiha/playground/crystal/src/http/server.cr:506:5 in '->'
|   from /home/uchiha/playground/crystal/src/fiber.cr:168:11 in 'run'
|   from /home/uchiha/playground/crystal/src/fiber.cr:103:3 in '->'
|   from ???
ERR 2026-08-04T07:14:20.198Z > Unhandled exception on HTTP::Handler
| Closed stream (IO::Error)
|   from /home/uchiha/playground/crystal/src/http/server/response.cr:215:15 in 'content_type='
|   from lib/kemal/src/kemal/helpers/templates.cr:25:3 in 'render_500'
|   from lib/kemal/src/kemal/exception_handler.cr:34:7 in 'call'
|   from /home/uchiha/playground/crystal/src/http/server/handler.cr:30:7 in 'call'
|   from /home/uchiha/playground/crystal/src/http/server/handler.cr:30:7 in 'call'
|   from /home/uchiha/playground/crystal/src/http/server/handler.cr:30:7 in 'call'
|   from /home/uchiha/playground/crystal/src/http/server/request_processor.cr:58:11 in 'process'
|   from /home/uchiha/playground/crystal/src/http/server.cr:506:5 in '->'
|   from /home/uchiha/playground/crystal/src/fiber.cr:168:11 in 'run'
|   from /home/uchiha/playground/crystal/src/fiber.cr:103:3 in '->'
|   from ???
ERR 2026-08-04T07:14:20.198Z > Error while writing data to the client
| Error while writing data to the client (HTTP::Server::ClientError)
|   from /home/uchiha/playground/crystal/src/http/server/response.cr:266:9 in 'unbuffered_write'
|   from /home/uchiha/playground/crystal/src/io/buffered.cr:163:14 in 'write'
|   from /home/uchiha/playground/crystal/src/http/server/response.cr:107:7 in 'write'
|   from /home/uchiha/playground/crystal/src/io.cr:488:7 in 'write_string'
|   from lib/kemal/src/kemal/route_handler.cr:174:7 in 'call'
|   from lib/kemal/src/kemal/websocket_handler.cr:13:14 in 'call'
|   from /home/uchiha/playground/crystal/src/http/server/handler.cr:30:7 in 'call_next'
|   from lib/kemal/src/kemal/filter_handler.cr:46:7 in 'call'
|   from /home/uchiha/playground/crystal/src/http/server/handler.cr:30:7 in 'call_next'
|   from src/middlewares/web_api_auth_middleware.cr:8:12 in 'call'
|   from /home/uchiha/playground/crystal/src/http/server/handler.cr:30:7 in 'call_next'
|   from src/middlewares/admin_api_auth_middleware.cr:7:12 in 'call'
|   from /home/uchiha/playground/crystal/src/http/server/handler.cr:30:7 in 'call_next'
|   from /home/uchiha/playground/crystal/src/http/server/handlers/static_file_handler.cr:60:12 in 'call'
|   from /home/uchiha/playground/crystal/src/http/server/handler.cr:30:7 in 'call'
|   from /home/uchiha/playground/crystal/src/http/server/handler.cr:30:7 in 'call'
|   from /home/uchiha/playground/crystal/src/http/server/handler.cr:30:7 in 'call'
|   from /home/uchiha/playground/crystal/src/http/server/handler.cr:30:7 in 'call'
|   from /home/uchiha/playground/crystal/src/http/server/request_processor.cr:58:11 in 'process'
|   from /home/uchiha/playground/crystal/src/http/server.cr:506:5 in '->'
|   from /home/uchiha/playground/crystal/src/fiber.cr:168:11 in 'run'
|   from /home/uchiha/playground/crystal/src/fiber.cr:103:3 in '->'
|   from ???
| Caused by: write (#<TCPSocket:0x7334e89237c8>): Broken pipe (IO::Error)
|   from /home/uchiha/playground/crystal/src/crystal/system/thread.cr:72:3 in 'unbuffered_write'
|   from /home/uchiha/playground/crystal/src/io/buffered.cr:163:14 in 'write'
|   from /home/uchiha/playground/crystal/src/http/server/response.cr:282:11 in 'unbuffered_write'
|   from /home/uchiha/playground/crystal/src/io/buffered.cr:163:14 in 'write'
|   from /home/uchiha/playground/crystal/src/http/server/response.cr:107:7 in 'write'
|   from /home/uchiha/playground/crystal/src/io.cr:488:7 in 'write_string'
|   from lib/kemal/src/kemal/route_handler.cr:174:7 in 'call'
|   from lib/kemal/src/kemal/websocket_handler.cr:13:14 in 'call'
|   from /home/uchiha/playground/crystal/src/http/server/handler.cr:30:7 in 'call_next'
|   from lib/kemal/src/kemal/filter_handler.cr:46:7 in 'call'
|   from /home/uchiha/playground/crystal/src/http/server/handler.cr:30:7 in 'call_next'
|   from src/middlewares/web_api_auth_middleware.cr:8:12 in 'call'
|   from /home/uchiha/playground/crystal/src/http/server/handler.cr:30:7 in 'call_next'
|   from src/middlewares/admin_api_auth_middleware.cr:7:12 in 'call'
|   from /home/uchiha/playground/crystal/src/http/server/handler.cr:30:7 in 'call_next'
|   from /home/uchiha/playground/crystal/src/http/server/handlers/static_file_handler.cr:60:12 in 'call'
|   from /home/uchiha/playground/crystal/src/http/server/handler.cr:30:7 in 'call'
|   from /home/uchiha/playground/crystal/src/http/server/handler.cr:30:7 in 'call'
|   from /home/uchiha/playground/crystal/src/http/server/handler.cr:30:7 in 'call'
|   from /home/uchiha/playground/crystal/src/http/server/handler.cr:30:7 in 'call'
|   from /home/uchiha/playground/crystal/src/http/server/request_processor.cr:58:11 in 'process'
|   from /home/uchiha/playground/crystal/src/http/server.cr:506:5 in '->'
|   from /home/uchiha/playground/crystal/src/fiber.cr:168:11 in 'run'
|   from /home/uchiha/playground/crystal/src/fiber.cr:103:3 in '->'
|   from ???
ERR 2026-08-04T07:14:20.198Z > Unhandled exception on HTTP::Handler
| Closed stream (IO::Error)
|   from /home/uchiha/playground/crystal/src/http/server/response.cr:215:15 in 'content_type='
|   from lib/kemal/src/kemal/helpers/templates.cr:25:3 in 'render_500'
|   from lib/kemal/src/kemal/exception_handler.cr:34:7 in 'call'
|   from /home/uchiha/playground/crystal/src/http/server/handler.cr:30:7 in 'call'
|   from /home/uchiha/playground/crystal/src/http/server/handler.cr:30:7 in 'call'
|   from /home/uchiha/playground/crystal/src/http/server/handler.cr:30:7 in 'call'
|   from /home/uchiha/playground/crystal/src/http/server/request_processor.cr:58:11 in 'process'
|   from /home/uchiha/playground/crystal/src/http/server.cr:506:5 in '->'
|   from /home/uchiha/playground/crystal/src/fiber.cr:168:11 in 'run'
|   from /home/uchiha/playground/crystal/src/fiber.cr:103:3 in '->'
|   from ???
ERR 2026-08-04T07:14:20.198Z > Error while writing data to the client
| Error while writing data to the client (HTTP::Server::ClientError)
|   from /home/uchiha/playground/crystal/src/http/server/response.cr:266:9 in 'unbuffered_write'
|   from /home/uchiha/playground/crystal/src/io/buffered.cr:163:14 in 'write'
|   from /home/uchiha/playground/crystal/src/http/server/response.cr:107:7 in 'write'
|   from /home/uchiha/playground/crystal/src/io.cr:488:7 in 'write_string'
|   from lib/kemal/src/kemal/route_handler.cr:174:7 in 'call'
|   from lib/kemal/src/kemal/websocket_handler.cr:13:14 in 'call'
|   from /home/uchiha/playground/crystal/src/http/server/handler.cr:30:7 in 'call_next'
|   from lib/kemal/src/kemal/filter_handler.cr:46:7 in 'call'
|   from /home/uchiha/playground/crystal/src/http/server/handler.cr:30:7 in 'call_next'
|   from src/middlewares/web_api_auth_middleware.cr:8:12 in 'call'
|   from /home/uchiha/playground/crystal/src/http/server/handler.cr:30:7 in 'call_next'
|   from src/middlewares/admin_api_auth_middleware.cr:7:12 in 'call'
|   from /home/uchiha/playground/crystal/src/http/server/handler.cr:30:7 in 'call_next'
|   from /home/uchiha/playground/crystal/src/http/server/handlers/static_file_handler.cr:60:12 in 'call'
|   from /home/uchiha/playground/crystal/src/http/server/handler.cr:30:7 in 'call'
|   from /home/uchiha/playground/crystal/src/http/server/handler.cr:30:7 in 'call'
|   from /home/uchiha/playground/crystal/src/http/server/handler.cr:30:7 in 'call'
|   from /home/uchiha/playground/crystal/src/http/server/handler.cr:30:7 in 'call'
|   from /home/uchiha/playground/crystal/src/http/server/request_processor.cr:58:11 in 'process'
|   from /home/uchiha/playground/crystal/src/http/server.cr:506:5 in '->'
|   from /home/uchiha/playground/crystal/src/fiber.cr:168:11 in 'run'
|   from /home/uchiha/playground/crystal/src/fiber.cr:103:3 in '->'
|   from ???
| Caused by: write (#<TCPSocket:0x7334e8926858>): Broken pipe (IO::Error)
|   from /home/uchiha/playground/crystal/src/crystal/system/thread.cr:72:3 in 'unbuffered_write'
|   from /home/uchiha/playground/crystal/src/io/buffered.cr:163:14 in 'write'
|   from /home/uchiha/playground/crystal/src/http/server/response.cr:282:11 in 'unbuffered_write'
|   from /home/uchiha/playground/crystal/src/io/buffered.cr:163:14 in 'write'
|   from /home/uchiha/playground/crystal/src/http/server/response.cr:107:7 in 'write'
|   from /home/uchiha/playground/crystal/src/io.cr:488:7 in 'write_string'
|   from lib/kemal/src/kemal/route_handler.cr:174:7 in 'call'
|   from lib/kemal/src/kemal/websocket_handler.cr:13:14 in 'call'
|   from /home/uchiha/playground/crystal/src/http/server/handler.cr:30:7 in 'call_next'
|   from lib/kemal/src/kemal/filter_handler.cr:46:7 in 'call'
|   from /home/uchiha/playground/crystal/src/http/server/handler.cr:30:7 in 'call_next'
|   from src/middlewares/web_api_auth_middleware.cr:8:12 in 'call'
|   from /home/uchiha/playground/crystal/src/http/server/handler.cr:30:7 in 'call_next'
|   from src/middlewares/admin_api_auth_middleware.cr:7:12 in 'call'
|   from /home/uchiha/playground/crystal/src/http/server/handler.cr:30:7 in 'call_next'
|   from /home/uchiha/playground/crystal/src/http/server/handlers/static_file_handler.cr:60:12 in 'call'
|   from /home/uchiha/playground/crystal/src/http/server/handler.cr:30:7 in 'call'
|   from /home/uchiha/playground/crystal/src/http/server/handler.cr:30:7 in 'call'
|   from /home/uchiha/playground/crystal/src/http/server/handler.cr:30:7 in 'call'
|   from /home/uchiha/playground/crystal/src/http/server/handler.cr:30:7 in 'call'
|   from /home/uchiha/playground/crystal/src/http/server/request_processor.cr:58:11 in 'process'
|   from /home/uchiha/playground/crystal/src/http/server.cr:506:5 in '->'
|   from /home/uchiha/playground/crystal/src/fiber.cr:168:11 in 'run'
|   from /home/uchiha/playground/crystal/src/fiber.cr:103:3 in '->'
|   from ???
ERR 2026-08-04T07:14:20.199Z > Unhandled exception on HTTP::Handler
| Closed stream (IO::Error)
|   from /home/uchiha/playground/crystal/src/http/server/response.cr:215:15 in 'content_type='
|   from lib/kemal/src/kemal/helpers/templates.cr:25:3 in 'render_500'
|   from lib/kemal/src/kemal/exception_handler.cr:34:7 in 'call'
|   from /home/uchiha/playground/crystal/src/http/server/handler.cr:30:7 in 'call'
|   from /home/uchiha/playground/crystal/src/http/server/handler.cr:30:7 in 'call'
|   from /home/uchiha/playground/crystal/src/http/server/handler.cr:30:7 in 'call'
|   from /home/uchiha/playground/crystal/src/http/server/request_processor.cr:58:11 in 'process'
|   from /home/uchiha/playground/crystal/src/http/server.cr:506:5 in '->'
|   from /home/uchiha/playground/crystal/src/fiber.cr:168:11 in 'run'
|   from /home/uchiha/playground/crystal/src/fiber.cr:103:3 in '->'
|   from ???
ERR 2026-08-04T07:14:20.199Z > Error while writing data to the client
| Error while writing data to the client (HTTP::Server::ClientError)
|   from /home/uchiha/playground/crystal/src/http/server/response.cr:266:9 in 'unbuffered_write'
|   from /home/uchiha/playground/crystal/src/io/buffered.cr:163:14 in 'write'
|   from /home/uchiha/playground/crystal/src/http/server/response.cr:107:7 in 'write'
|   from /home/uchiha/playground/crystal/src/io.cr:488:7 in 'write_string'
|   from lib/kemal/src/kemal/route_handler.cr:174:7 in 'call'
|   from lib/kemal/src/kemal/websocket_handler.cr:13:14 in 'call'
|   from /home/uchiha/playground/crystal/src/http/server/handler.cr:30:7 in 'call_next'
|   from lib/kemal/src/kemal/filter_handler.cr:46:7 in 'call'
|   from /home/uchiha/playground/crystal/src/http/server/handler.cr:30:7 in 'call_next'
|   from src/middlewares/web_api_auth_middleware.cr:8:12 in 'call'
|   from /home/uchiha/playground/crystal/src/http/server/handler.cr:30:7 in 'call_next'
|   from src/middlewares/admin_api_auth_middleware.cr:7:12 in 'call'
|   from /home/uchiha/playground/crystal/src/http/server/handler.cr:30:7 in 'call_next'
|   from /home/uchiha/playground/crystal/src/http/server/handlers/static_file_handler.cr:60:12 in 'call'
|   from /home/uchiha/playground/crystal/src/http/server/handler.cr:30:7 in 'call'
|   from /home/uchiha/playground/crystal/src/http/server/handler.cr:30:7 in 'call'
|   from /home/uchiha/playground/crystal/src/http/server/handler.cr:30:7 in 'call'
|   from /home/uchiha/playground/crystal/src/http/server/handler.cr:30:7 in 'call'
|   from /home/uchiha/playground/crystal/src/http/server/request_processor.cr:58:11 in 'process'
|   from /home/uchiha/playground/crystal/src/http/server.cr:506:5 in '->'
|   from /home/uchiha/playground/crystal/src/fiber.cr:168:11 in 'run'
|   from /home/uchiha/playground/crystal/src/fiber.cr:103:3 in '->'
|   from ???
| Caused by: write (#<TCPSocket:0x7334e89283e8>): Broken pipe (IO::Error)
|   from /home/uchiha/playground/crystal/src/crystal/system/thread.cr:72:3 in 'unbuffered_write'
|   from /home/uchiha/playground/crystal/src/io/buffered.cr:163:14 in 'write'
|   from /home/uchiha/playground/crystal/src/http/server/response.cr:282:11 in 'unbuffered_write'
|   from /home/uchiha/playground/crystal/src/io/buffered.cr:163:14 in 'write'
|   from /home/uchiha/playground/crystal/src/http/server/response.cr:107:7 in 'write'
|   from /home/uchiha/playground/crystal/src/io.cr:488:7 in 'write_string'
|   from lib/kemal/src/kemal/route_handler.cr:174:7 in 'call'
|   from lib/kemal/src/kemal/websocket_handler.cr:13:14 in 'call'
|   from /home/uchiha/playground/crystal/src/http/server/handler.cr:30:7 in 'call_next'
|   from lib/kemal/src/kemal/filter_handler.cr:46:7 in 'call'
|   from /home/uchiha/playground/crystal/src/http/server/handler.cr:30:7 in 'call_next'
|   from src/middlewares/web_api_auth_middleware.cr:8:12 in 'call'
|   from /home/uchiha/playground/crystal/src/http/server/handler.cr:30:7 in 'call_next'
|   from src/middlewares/admin_api_auth_middleware.cr:7:12 in 'call'
|   from /home/uchiha/playground/crystal/src/http/server/handler.cr:30:7 in 'call_next'
|   from /home/uchiha/playground/crystal/src/http/server/handlers/static_file_handler.cr:60:12 in 'call'
|   from /home/uchiha/playground/crystal/src/http/server/handler.cr:30:7 in 'call'
|   from /home/uchiha/playground/crystal/src/http/server/handler.cr:30:7 in 'call'
|   from /home/uchiha/playground/crystal/src/http/server/handler.cr:30:7 in 'call'
|   from /home/uchiha/playground/crystal/src/http/server/handler.cr:30:7 in 'call'
|   from /home/uchiha/playground/crystal/src/http/server/request_processor.cr:58:11 in 'process'
|   from /home/uchiha/playground/crystal/src/http/server.cr:506:5 in '->'
|   from /home/uchiha/playground/crystal/src/fiber.cr:168:11 in 'run'
|   from /home/uchiha/playground/crystal/src/fiber.cr:103:3 in '->'
|   from ???
ERR 2026-08-04T07:14:20.199Z > Unhandled exception on HTTP::Handler
| Closed stream (IO::Error)
|   from /home/uchiha/playground/crystal/src/http/server/response.cr:215:15 in 'content_type='
|   from lib/kemal/src/kemal/helpers/templates.cr:25:3 in 'render_500'
|   from lib/kemal/src/kemal/exception_handler.cr:34:7 in 'call'
|   from /home/uchiha/playground/crystal/src/http/server/handler.cr:30:7 in 'call'
|   from /home/uchiha/playground/crystal/src/http/server/handler.cr:30:7 in 'call'
|   from /home/uchiha/playground/crystal/src/http/server/handler.cr:30:7 in 'call'
|   from /home/uchiha/playground/crystal/src/http/server/request_processor.cr:58:11 in 'process'
|   from /home/uchiha/playground/crystal/src/http/server.cr:506:5 in '->'
|   from /home/uchiha/playground/crystal/src/fiber.cr:168:11 in 'run'
|   from /home/uchiha/playground/crystal/src/fiber.cr:103:3 in '->'
|   from ???
ERR 2026-08-04T07:14:20.200Z > Error while writing data to the client
| Error while writing data to the client (HTTP::Server::ClientError)
|   from /home/uchiha/playground/crystal/src/http/server/response.cr:266:9 in 'unbuffered_write'
|   from /home/uchiha/playground/crystal/src/io/buffered.cr:163:14 in 'write'
|   from /home/uchiha/playground/crystal/src/http/server/response.cr:107:7 in 'write'
|   from /home/uchiha/playground/crystal/src/io.cr:488:7 in 'write_string'
|   from lib/kemal/src/kemal/route_handler.cr:174:7 in 'call'
|   from lib/kemal/src/kemal/websocket_handler.cr:13:14 in 'call'
|   from /home/uchiha/playground/crystal/src/http/server/handler.cr:30:7 in 'call_next'
|   from lib/kemal/src/kemal/filter_handler.cr:46:7 in 'call'
|   from /home/uchiha/playground/crystal/src/http/server/handler.cr:30:7 in 'call_next'
|   from src/middlewares/web_api_auth_middleware.cr:8:12 in 'call'
|   from /home/uchiha/playground/crystal/src/http/server/handler.cr:30:7 in 'call_next'
|   from src/middlewares/admin_api_auth_middleware.cr:7:12 in 'call'
|   from /home/uchiha/playground/crystal/src/http/server/handler.cr:30:7 in 'call_next'
|   from /home/uchiha/playground/crystal/src/http/server/handlers/static_file_handler.cr:60:12 in 'call'
|   from /home/uchiha/playground/crystal/src/http/server/handler.cr:30:7 in 'call'
|   from /home/uchiha/playground/crystal/src/http/server/handler.cr:30:7 in 'call'
|   from /home/uchiha/playground/crystal/src/http/server/handler.cr:30:7 in 'call'
|   from /home/uchiha/playground/crystal/src/http/server/handler.cr:30:7 in 'call'
|   from /home/uchiha/playground/crystal/src/http/server/request_processor.cr:58:11 in 'process'
|   from /home/uchiha/playground/crystal/src/http/server.cr:506:5 in '->'
|   from /home/uchiha/playground/crystal/src/fiber.cr:168:11 in 'run'
|   from /home/uchiha/playground/crystal/src/fiber.cr:103:3 in '->'
|   from ???
| Caused by: write (#<TCPSocket:0x7334e8920b28>): Broken pipe (IO::Error)
|   from /home/uchiha/playground/crystal/src/crystal/system/thread.cr:72:3 in 'unbuffered_write'
|   from /home/uchiha/playground/crystal/src/io/buffered.cr:163:14 in 'write'
|   from /home/uchiha/playground/crystal/src/http/server/response.cr:282:11 in 'unbuffered_write'
|   from /home/uchiha/playground/crystal/src/io/buffered.cr:163:14 in 'write'
|   from /home/uchiha/playground/crystal/src/http/server/response.cr:107:7 in 'write'
|   from /home/uchiha/playground/crystal/src/io.cr:488:7 in 'write_string'
|   from lib/kemal/src/kemal/route_handler.cr:174:7 in 'call'
|   from lib/kemal/src/kemal/websocket_handler.cr:13:14 in 'call'
|   from /home/uchiha/playground/crystal/src/http/server/handler.cr:30:7 in 'call_next'
|   from lib/kemal/src/kemal/filter_handler.cr:46:7 in 'call'
|   from /home/uchiha/playground/crystal/src/http/server/handler.cr:30:7 in 'call_next'
|   from src/middlewares/web_api_auth_middleware.cr:8:12 in 'call'
|   from /home/uchiha/playground/crystal/src/http/server/handler.cr:30:7 in 'call_next'
|   from src/middlewares/admin_api_auth_middleware.cr:7:12 in 'call'
|   from /home/uchiha/playground/crystal/src/http/server/handler.cr:30:7 in 'call_next'
|   from /home/uchiha/playground/crystal/src/http/server/handlers/static_file_handler.cr:60:12 in 'call'
|   from /home/uchiha/playground/crystal/src/http/server/handler.cr:30:7 in 'call'
|   from /home/uchiha/playground/crystal/src/http/server/handler.cr:30:7 in 'call'
|   from /home/uchiha/playground/crystal/src/http/server/handler.cr:30:7 in 'call'
|   from /home/uchiha/playground/crystal/src/http/server/handler.cr:30:7 in 'call'
|   from /home/uchiha/playground/crystal/src/http/server/request_processor.cr:58:11 in 'process'
|   from /home/uchiha/playground/crystal/src/http/server.cr:506:5 in '->'
|   from /home/uchiha/playground/crystal/src/fiber.cr:168:11 in 'run'
|   from /home/uchiha/playground/crystal/src/fiber.cr:103:3 in '->'
|   from ???
ERR 2026-08-04T07:14:20.200Z > Unhandled exception on HTTP::Handler
| Closed stream (IO::Error)
|   from /home/uchiha/playground/crystal/src/http/server/response.cr:215:15 in 'content_type='
|   from lib/kemal/src/kemal/helpers/templates.cr:25:3 in 'render_500'
|   from lib/kemal/src/kemal/exception_handler.cr:34:7 in 'call'
|   from /home/uchiha/playground/crystal/src/http/server/handler.cr:30:7 in 'call'
|   from /home/uchiha/playground/crystal/src/http/server/handler.cr:30:7 in 'call'
|   from /home/uchiha/playground/crystal/src/http/server/handler.cr:30:7 in 'call'
|   from /home/uchiha/playground/crystal/src/http/server/request_processor.cr:58:11 in 'process'
|   from /home/uchiha/playground/crystal/src/http/server.cr:506:5 in '->'
|   from /home/uchiha/playground/crystal/src/fiber.cr:168:11 in 'run'
|   from /home/uchiha/playground/crystal/src/fiber.cr:103:3 in '->'
|   from ???
ERR 2026-08-04T07:14:20.200Z > Error while writing data to the client
| Error while writing data to the client (HTTP::Server::ClientError)
|   from /home/uchiha/playground/crystal/src/http/server/response.cr:266:9 in 'unbuffered_write'
|   from /home/uchiha/playground/crystal/src/io/buffered.cr:163:14 in 'write'
|   from /home/uchiha/playground/crystal/src/http/server/response.cr:107:7 in 'write'
|   from /home/uchiha/playground/crystal/src/io.cr:488:7 in 'write_string'
|   from lib/kemal/src/kemal/route_handler.cr:174:7 in 'call'
|   from lib/kemal/src/kemal/websocket_handler.cr:13:14 in 'call'
|   from /home/uchiha/playground/crystal/src/http/server/handler.cr:30:7 in 'call_next'
|   from lib/kemal/src/kemal/filter_handler.cr:46:7 in 'call'
|   from /home/uchiha/playground/crystal/src/http/server/handler.cr:30:7 in 'call_next'
|   from src/middlewares/web_api_auth_middleware.cr:8:12 in 'call'
|   from /home/uchiha/playground/crystal/src/http/server/handler.cr:30:7 in 'call_next'
|   from src/middlewares/admin_api_auth_middleware.cr:7:12 in 'call'
|   from /home/uchiha/playground/crystal/src/http/server/handler.cr:30:7 in 'call_next'
|   from /home/uchiha/playground/crystal/src/http/server/handlers/static_file_handler.cr:60:12 in 'call'
|   from /home/uchiha/playground/crystal/src/http/server/handler.cr:30:7 in 'call'
|   from /home/uchiha/playground/crystal/src/http/server/handler.cr:30:7 in 'call'
|   from /home/uchiha/playground/crystal/src/http/server/handler.cr:30:7 in 'call'
|   from /home/uchiha/playground/crystal/src/http/server/handler.cr:30:7 in 'call'
|   from /home/uchiha/playground/crystal/src/http/server/request_processor.cr:58:11 in 'process'
|   from /home/uchiha/playground/crystal/src/http/server.cr:506:5 in '->'
|   from /home/uchiha/playground/crystal/src/fiber.cr:168:11 in 'run'
|   from /home/uchiha/playground/crystal/src/fiber.cr:103:3 in '->'
|   from ???
| Caused by: write (#<TCPSocket:0x7334e8921068>): Broken pipe (IO::Error)
|   from /home/uchiha/playground/crystal/src/crystal/system/thread.cr:72:3 in 'unbuffered_write'
|   from /home/uchiha/playground/crystal/src/io/buffered.cr:163:14 in 'write'
|   from /home/uchiha/playground/crystal/src/http/server/response.cr:282:11 in 'unbuffered_write'
|   from /home/uchiha/playground/crystal/src/io/buffered.cr:163:14 in 'write'
|   from /home/uchiha/playground/crystal/src/http/server/response.cr:107:7 in 'write'
|   from /home/uchiha/playground/crystal/src/io.cr:488:7 in 'write_string'
|   from lib/kemal/src/kemal/route_handler.cr:174:7 in 'call'
|   from lib/kemal/src/kemal/websocket_handler.cr:13:14 in 'call'
|   from /home/uchiha/playground/crystal/src/http/server/handler.cr:30:7 in 'call_next'
|   from lib/kemal/src/kemal/filter_handler.cr:46:7 in 'call'
|   from /home/uchiha/playground/crystal/src/http/server/handler.cr:30:7 in 'call_next'
|   from src/middlewares/web_api_auth_middleware.cr:8:12 in 'call'
|   from /home/uchiha/playground/crystal/src/http/server/handler.cr:30:7 in 'call_next'
|   from src/middlewares/admin_api_auth_middleware.cr:7:12 in 'call'
|   from /home/uchiha/playground/crystal/src/http/server/handler.cr:30:7 in 'call_next'
|   from /home/uchiha/playground/crystal/src/http/server/handlers/static_file_handler.cr:60:12 in 'call'
|   from /home/uchiha/playground/crystal/src/http/server/handler.cr:30:7 in 'call'
|   from /home/uchiha/playground/crystal/src/http/server/handler.cr:30:7 in 'call'
|   from /home/uchiha/playground/crystal/src/http/server/handler.cr:30:7 in 'call'
|   from /home/uchiha/playground/crystal/src/http/server/handler.cr:30:7 in 'call'
|   from /home/uchiha/playground/crystal/src/http/server/request_processor.cr:58:11 in 'process'
|   from /home/uchiha/playground/crystal/src/http/server.cr:506:5 in '->'
|   from /home/uchiha/playground/crystal/src/fiber.cr:168:11 in 'run'
|   from /home/uchiha/playground/crystal/src/fiber.cr:103:3 in '->'
|   from ???
ERR 2026-08-04T07:14:20.200Z > Unhandled exception on HTTP::Handler
| Closed stream (IO::Error)
|   from /home/uchiha/playground/crystal/src/http/server/response.cr:215:15 in 'content_type='
|   from lib/kemal/src/kemal/helpers/templates.cr:25:3 in 'render_500'
|   from lib/kemal/src/kemal/exception_handler.cr:34:7 in 'call'
|   from /home/uchiha/playground/crystal/src/http/server/handler.cr:30:7 in 'call'
|   from /home/uchiha/playground/crystal/src/http/server/handler.cr:30:7 in 'call'
|   from /home/uchiha/playground/crystal/src/http/server/handler.cr:30:7 in 'call'
|   from /home/uchiha/playground/crystal/src/http/server/request_processor.cr:58:11 in 'process'
|   from /home/uchiha/playground/crystal/src/http/server.cr:506:5 in '->'
|   from /home/uchiha/playground/crystal/src/fiber.cr:168:11 in 'run'
|   from /home/uchiha/playground/crystal/src/fiber.cr:103:3 in '->'
|   from ???
ERR 2026-08-04T07:14:20.201Z > Error while writing data to the client
| Error while writing data to the client (HTTP::Server::ClientError)
|   from /home/uchiha/playground/crystal/src/http/server/response.cr:266:9 in 'unbuffered_write'
|   from /home/uchiha/playground/crystal/src/io/buffered.cr:163:14 in 'write'
|   from /home/uchiha/playground/crystal/src/http/server/response.cr:107:7 in 'write'
|   from /home/uchiha/playground/crystal/src/io.cr:488:7 in 'write_string'
|   from lib/kemal/src/kemal/route_handler.cr:174:7 in 'call'
|   from lib/kemal/src/kemal/websocket_handler.cr:13:14 in 'call'
|   from /home/uchiha/playground/crystal/src/http/server/handler.cr:30:7 in 'call_next'
|   from lib/kemal/src/kemal/filter_handler.cr:46:7 in 'call'
|   from /home/uchiha/playground/crystal/src/http/server/handler.cr:30:7 in 'call_next'
|   from src/middlewares/web_api_auth_middleware.cr:8:12 in 'call'
|   from /home/uchiha/playground/crystal/src/http/server/handler.cr:30:7 in 'call_next'
|   from src/middlewares/admin_api_auth_middleware.cr:7:12 in 'call'
|   from /home/uchiha/playground/crystal/src/http/server/handler.cr:30:7 in 'call_next'
|   from /home/uchiha/playground/crystal/src/http/server/handlers/static_file_handler.cr:60:12 in 'call'
|   from /home/uchiha/playground/crystal/src/http/server/handler.cr:30:7 in 'call'
|   from /home/uchiha/playground/crystal/src/http/server/handler.cr:30:7 in 'call'
|   from /home/uchiha/playground/crystal/src/http/server/handler.cr:30:7 in 'call'
|   from /home/uchiha/playground/crystal/src/http/server/handler.cr:30:7 in 'call'
|   from /home/uchiha/playground/crystal/src/http/server/request_processor.cr:58:11 in 'process'
|   from /home/uchiha/playground/crystal/src/http/server.cr:506:5 in '->'
|   from /home/uchiha/playground/crystal/src/fiber.cr:168:11 in 'run'
|   from /home/uchiha/playground/crystal/src/fiber.cr:103:3 in '->'
|   from ???
| Caused by: write (#<TCPSocket:0x7334e8925c88>): Broken pipe (IO::Error)
|   from /home/uchiha/playground/crystal/src/crystal/system/thread.cr:72:3 in 'unbuffered_write'
|   from /home/uchiha/playground/crystal/src/io/buffered.cr:163:14 in 'write'
|   from /home/uchiha/playground/crystal/src/http/server/response.cr:282:11 in 'unbuffered_write'
|   from /home/uchiha/playground/crystal/src/io/buffered.cr:163:14 in 'write'
|   from /home/uchiha/playground/crystal/src/http/server/response.cr:107:7 in 'write'
|   from /home/uchiha/playground/crystal/src/io.cr:488:7 in 'write_string'
|   from lib/kemal/src/kemal/route_handler.cr:174:7 in 'call'
|   from lib/kemal/src/kemal/websocket_handler.cr:13:14 in 'call'
|   from /home/uchiha/playground/crystal/src/http/server/handler.cr:30:7 in 'call_next'
|   from lib/kemal/src/kemal/filter_handler.cr:46:7 in 'call'
|   from /home/uchiha/playground/crystal/src/http/server/handler.cr:30:7 in 'call_next'
|   from src/middlewares/web_api_auth_middleware.cr:8:12 in 'call'
|   from /home/uchiha/playground/crystal/src/http/server/handler.cr:30:7 in 'call_next'
|   from src/middlewares/admin_api_auth_middleware.cr:7:12 in 'call'
|   from /home/uchiha/playground/crystal/src/http/server/handler.cr:30:7 in 'call_next'
|   from /home/uchiha/playground/crystal/src/http/server/handlers/static_file_handler.cr:60:12 in 'call'
|   from /home/uchiha/playground/crystal/src/http/server/handler.cr:30:7 in 'call'
|   from /home/uchiha/playground/crystal/src/http/server/handler.cr:30:7 in 'call'
|   from /home/uchiha/playground/crystal/src/http/server/handler.cr:30:7 in 'call'
|   from /home/uchiha/playground/crystal/src/http/server/handler.cr:30:7 in 'call'
|   from /home/uchiha/playground/crystal/src/http/server/request_processor.cr:58:11 in 'process'
|   from /home/uchiha/playground/crystal/src/http/server.cr:506:5 in '->'
|   from /home/uchiha/playground/crystal/src/fiber.cr:168:11 in 'run'
|   from /home/uchiha/playground/crystal/src/fiber.cr:103:3 in '->'
|   from ???
ERR 2026-08-04T07:14:20.201Z > Unhandled exception on HTTP::Handler
| Closed stream (IO::Error)
|   from /home/uchiha/playground/crystal/src/http/server/response.cr:215:15 in 'content_type='
|   from lib/kemal/src/kemal/helpers/templates.cr:25:3 in 'render_500'
|   from lib/kemal/src/kemal/exception_handler.cr:34:7 in 'call'
|   from /home/uchiha/playground/crystal/src/http/server/handler.cr:30:7 in 'call'
|   from /home/uchiha/playground/crystal/src/http/server/handler.cr:30:7 in 'call'
|   from /home/uchiha/playground/crystal/src/http/server/handler.cr:30:7 in 'call'
|   from /home/uchiha/playground/crystal/src/http/server/request_processor.cr:58:11 in 'process'
|   from /home/uchiha/playground/crystal/src/http/server.cr:506:5 in '->'
|   from /home/uchiha/playground/crystal/src/fiber.cr:168:11 in 'run'
|   from /home/uchiha/playground/crystal/src/fiber.cr:103:3 in '->'
|   from ???
ERR 2026-08-04T07:14:20.201Z > Error while writing data to the client
| Error while writing data to the client (HTTP::Server::ClientError)
|   from /home/uchiha/playground/crystal/src/http/server/response.cr:266:9 in 'unbuffered_write'
|   from /home/uchiha/playground/crystal/src/io/buffered.cr:163:14 in 'write'
|   from /home/uchiha/playground/crystal/src/http/server/response.cr:107:7 in 'write'
|   from /home/uchiha/playground/crystal/src/io.cr:488:7 in 'write_string'
|   from lib/kemal/src/kemal/route_handler.cr:174:7 in 'call'
|   from lib/kemal/src/kemal/websocket_handler.cr:13:14 in 'call'
|   from /home/uchiha/playground/crystal/src/http/server/handler.cr:30:7 in 'call_next'
|   from lib/kemal/src/kemal/filter_handler.cr:46:7 in 'call'
|   from /home/uchiha/playground/crystal/src/http/server/handler.cr:30:7 in 'call_next'
|   from src/middlewares/web_api_auth_middleware.cr:8:12 in 'call'
|   from /home/uchiha/playground/crystal/src/http/server/handler.cr:30:7 in 'call_next'
|   from src/middlewares/admin_api_auth_middleware.cr:7:12 in 'call'
|   from /home/uchiha/playground/crystal/src/http/server/handler.cr:30:7 in 'call_next'
|   from /home/uchiha/playground/crystal/src/http/server/handlers/static_file_handler.cr:60:12 in 'call'
|   from /home/uchiha/playground/crystal/src/http/server/handler.cr:30:7 in 'call'
|   from /home/uchiha/playground/crystal/src/http/server/handler.cr:30:7 in 'call'
|   from /home/uchiha/playground/crystal/src/http/server/handler.cr:30:7 in 'call'
|   from /home/uchiha/playground/crystal/src/http/server/handler.cr:30:7 in 'call'
|   from /home/uchiha/playground/crystal/src/http/server/request_processor.cr:58:11 in 'process'
|   from /home/uchiha/playground/crystal/src/http/server.cr:506:5 in '->'
|   from /home/uchiha/playground/crystal/src/fiber.cr:168:11 in 'run'
|   from /home/uchiha/playground/crystal/src/fiber.cr:103:3 in '->'
|   from ???
| Caused by: write (#<TCPSocket:0x7334e8921ae8>): Broken pipe (IO::Error)
|   from /home/uchiha/playground/crystal/src/crystal/system/thread.cr:72:3 in 'unbuffered_write'
|   from /home/uchiha/playground/crystal/src/io/buffered.cr:163:14 in 'write'
|   from /home/uchiha/playground/crystal/src/http/server/response.cr:282:11 in 'unbuffered_write'
|   from /home/uchiha/playground/crystal/src/io/buffered.cr:163:14 in 'write'
|   from /home/uchiha/playground/crystal/src/http/server/response.cr:107:7 in 'write'
|   from /home/uchiha/playground/crystal/src/io.cr:488:7 in 'write_string'
|   from lib/kemal/src/kemal/route_handler.cr:174:7 in 'call'
|   from lib/kemal/src/kemal/websocket_handler.cr:13:14 in 'call'
|   from /home/uchiha/playground/crystal/src/http/server/handler.cr:30:7 in 'call_next'
|   from lib/kemal/src/kemal/filter_handler.cr:46:7 in 'call'
|   from /home/uchiha/playground/crystal/src/http/server/handler.cr:30:7 in 'call_next'
|   from src/middlewares/web_api_auth_middleware.cr:8:12 in 'call'
|   from /home/uchiha/playground/crystal/src/http/server/handler.cr:30:7 in 'call_next'
|   from src/middlewares/admin_api_auth_middleware.cr:7:12 in 'call'
|   from /home/uchiha/playground/crystal/src/http/server/handler.cr:30:7 in 'call_next'
|   from /home/uchiha/playground/crystal/src/http/server/handlers/static_file_handler.cr:60:12 in 'call'
|   from /home/uchiha/playground/crystal/src/http/server/handler.cr:30:7 in 'call'
|   from /home/uchiha/playground/crystal/src/http/server/handler.cr:30:7 in 'call'
|   from /home/uchiha/playground/crystal/src/http/server/handler.cr:30:7 in 'call'
|   from /home/uchiha/playground/crystal/src/http/server/handler.cr:30:7 in 'call'
|   from /home/uchiha/playground/crystal/src/http/server/request_processor.cr:58:11 in 'process'
|   from /home/uchiha/playground/crystal/src/http/server.cr:506:5 in '->'
|   from /home/uchiha/playground/crystal/src/fiber.cr:168:11 in 'run'
|   from /home/uchiha/playground/crystal/src/fiber.cr:103:3 in '->'
|   from ???
ERR 2026-08-04T07:14:20.201Z > Unhandled exception on HTTP::Handler
| Closed stream (IO::Error)
|   from /home/uchiha/playground/crystal/src/http/server/response.cr:215:15 in 'content_type='
|   from lib/kemal/src/kemal/helpers/templates.cr:25:3 in 'render_500'
|   from lib/kemal/src/kemal/exception_handler.cr:34:7 in 'call'
|   from /home/uchiha/playground/crystal/src/http/server/handler.cr:30:7 in 'call'
|   from /home/uchiha/playground/crystal/src/http/server/handler.cr:30:7 in 'call'
|   from /home/uchiha/playground/crystal/src/http/server/handler.cr:30:7 in 'call'
|   from /home/uchiha/playground/crystal/src/http/server/request_processor.cr:58:11 in 'process'
|   from /home/uchiha/playground/crystal/src/http/server.cr:506:5 in '->'
|   from /home/uchiha/playground/crystal/src/fiber.cr:168:11 in 'run'
|   from /home/uchiha/playground/crystal/src/fiber.cr:103:3 in '->'
|   from ???
ERR 2026-08-04T07:14:20.202Z > Error while writing data to the client
| Error while writing data to the client (HTTP::Server::ClientError)
|   from /home/uchiha/playground/crystal/src/http/server/response.cr:266:9 in 'unbuffered_write'
|   from /home/uchiha/playground/crystal/src/io/buffered.cr:163:14 in 'write'
|   from /home/uchiha/playground/crystal/src/http/server/response.cr:107:7 in 'write'
|   from /home/uchiha/playground/crystal/src/io.cr:488:7 in 'write_string'
|   from lib/kemal/src/kemal/route_handler.cr:174:7 in 'call'
|   from lib/kemal/src/kemal/websocket_handler.cr:13:14 in 'call'
|   from /home/uchiha/playground/crystal/src/http/server/handler.cr:30:7 in 'call_next'
|   from lib/kemal/src/kemal/filter_handler.cr:46:7 in 'call'
|   from /home/uchiha/playground/crystal/src/http/server/handler.cr:30:7 in 'call_next'
|   from src/middlewares/web_api_auth_middleware.cr:8:12 in 'call'
|   from /home/uchiha/playground/crystal/src/http/server/handler.cr:30:7 in 'call_next'
|   from src/middlewares/admin_api_auth_middleware.cr:7:12 in 'call'
|   from /home/uchiha/playground/crystal/src/http/server/handler.cr:30:7 in 'call_next'
|   from /home/uchiha/playground/crystal/src/http/server/handlers/static_file_handler.cr:60:12 in 'call'
|   from /home/uchiha/playground/crystal/src/http/server/handler.cr:30:7 in 'call'
|   from /home/uchiha/playground/crystal/src/http/server/handler.cr:30:7 in 'call'
|   from /home/uchiha/playground/crystal/src/http/server/handler.cr:30:7 in 'call'
|   from /home/uchiha/playground/crystal/src/http/server/handler.cr:30:7 in 'call'
|   from /home/uchiha/playground/crystal/src/http/server/request_processor.cr:58:11 in 'process'
|   from /home/uchiha/playground/crystal/src/http/server.cr:506:5 in '->'
|   from /home/uchiha/playground/crystal/src/fiber.cr:168:11 in 'run'
|   from /home/uchiha/playground/crystal/src/fiber.cr:103:3 in '->'
|   from ???
| Caused by: write (#<TCPSocket:0x7334e8920888>): Broken pipe (IO::Error)
|   from /home/uchiha/playground/crystal/src/crystal/system/thread.cr:72:3 in 'unbuffered_write'
|   from /home/uchiha/playground/crystal/src/io/buffered.cr:163:14 in 'write'
|   from /home/uchiha/playground/crystal/src/http/server/response.cr:282:11 in 'unbuffered_write'
|   from /home/uchiha/playground/crystal/src/io/buffered.cr:163:14 in 'write'
|   from /home/uchiha/playground/crystal/src/http/server/response.cr:107:7 in 'write'
|   from /home/uchiha/playground/crystal/src/io.cr:488:7 in 'write_string'
|   from lib/kemal/src/kemal/route_handler.cr:174:7 in 'call'
|   from lib/kemal/src/kemal/websocket_handler.cr:13:14 in 'call'
|   from /home/uchiha/playground/crystal/src/http/server/handler.cr:30:7 in 'call_next'
|   from lib/kemal/src/kemal/filter_handler.cr:46:7 in 'call'
|   from /home/uchiha/playground/crystal/src/http/server/handler.cr:30:7 in 'call_next'
|   from src/middlewares/web_api_auth_middleware.cr:8:12 in 'call'
|   from /home/uchiha/playground/crystal/src/http/server/handler.cr:30:7 in 'call_next'
|   from src/middlewares/admin_api_auth_middleware.cr:7:12 in 'call'
|   from /home/uchiha/playground/crystal/src/http/server/handler.cr:30:7 in 'call_next'
|   from /home/uchiha/playground/crystal/src/http/server/handlers/static_file_handler.cr:60:12 in 'call'
|   from /home/uchiha/playground/crystal/src/http/server/handler.cr:30:7 in 'call'
|   from /home/uchiha/playground/crystal/src/http/server/handler.cr:30:7 in 'call'
|   from /home/uchiha/playground/crystal/src/http/server/handler.cr:30:7 in 'call'
|   from /home/uchiha/playground/crystal/src/http/server/handler.cr:30:7 in 'call'
|   from /home/uchiha/playground/crystal/src/http/server/request_processor.cr:58:11 in 'process'
|   from /home/uchiha/playground/crystal/src/http/server.cr:506:5 in '->'
|   from /home/uchiha/playground/crystal/src/fiber.cr:168:11 in 'run'
|   from /home/uchiha/playground/crystal/src/fiber.cr:103:3 in '->'
|   from ???
ERR 2026-08-04T07:14:20.202Z > Unhandled exception on HTTP::Handler
| Closed stream (IO::Error)
|   from /home/uchiha/playground/crystal/src/http/server/response.cr:215:15 in 'content_type='
|   from lib/kemal/src/kemal/helpers/templates.cr:25:3 in 'render_500'
|   from lib/kemal/src/kemal/exception_handler.cr:34:7 in 'call'
|   from /home/uchiha/playground/crystal/src/http/server/handler.cr:30:7 in 'call'
|   from /home/uchiha/playground/crystal/src/http/server/handler.cr:30:7 in 'call'
|   from /home/uchiha/playground/crystal/src/http/server/handler.cr:30:7 in 'call'
|   from /home/uchiha/playground/crystal/src/http/server/request_processor.cr:58:11 in 'process'
|   from /home/uchiha/playground/crystal/src/http/server.cr:506:5 in '->'
|   from /home/uchiha/playground/crystal/src/fiber.cr:168:11 in 'run'
|   from /home/uchiha/playground/crystal/src/fiber.cr:103:3 in '->'
|   from ???
ERR 2026-08-04T07:14:20.203Z > Error while writing data to the client
| Error while writing data to the client (HTTP::Server::ClientError)
|   from /home/uchiha/playground/crystal/src/http/server/response.cr:266:9 in 'unbuffered_write'
|   from /home/uchiha/playground/crystal/src/io/buffered.cr:163:14 in 'write'
|   from /home/uchiha/playground/crystal/src/http/server/response.cr:107:7 in 'write'
|   from /home/uchiha/playground/crystal/src/io.cr:488:7 in 'write_string'
|   from lib/kemal/src/kemal/route_handler.cr:174:7 in 'call'
|   from lib/kemal/src/kemal/websocket_handler.cr:13:14 in 'call'
|   from /home/uchiha/playground/crystal/src/http/server/handler.cr:30:7 in 'call_next'
|   from lib/kemal/src/kemal/filter_handler.cr:46:7 in 'call'
|   from /home/uchiha/playground/crystal/src/http/server/handler.cr:30:7 in 'call_next'
|   from src/middlewares/web_api_auth_middleware.cr:8:12 in 'call'
|   from /home/uchiha/playground/crystal/src/http/server/handler.cr:30:7 in 'call_next'
|   from src/middlewares/admin_api_auth_middleware.cr:7:12 in 'call'
|   from /home/uchiha/playground/crystal/src/http/server/handler.cr:30:7 in 'call_next'
|   from /home/uchiha/playground/crystal/src/http/server/handlers/static_file_handler.cr:60:12 in 'call'
|   from /home/uchiha/playground/crystal/src/http/server/handler.cr:30:7 in 'call'
|   from /home/uchiha/playground/crystal/src/http/server/handler.cr:30:7 in 'call'
|   from /home/uchiha/playground/crystal/src/http/server/handler.cr:30:7 in 'call'
|   from /home/uchiha/playground/crystal/src/http/server/handler.cr:30:7 in 'call'
|   from /home/uchiha/playground/crystal/src/http/server/request_processor.cr:58:11 in 'process'
|   from /home/uchiha/playground/crystal/src/http/server.cr:506:5 in '->'
|   from /home/uchiha/playground/crystal/src/fiber.cr:168:11 in 'run'
|   from /home/uchiha/playground/crystal/src/fiber.cr:103:3 in '->'
|   from ???
| Caused by: write (#<TCPSocket:0x7334e8923678>): Broken pipe (IO::Error)
|   from /home/uchiha/playground/crystal/src/crystal/system/thread.cr:72:3 in 'unbuffered_write'
|   from /home/uchiha/playground/crystal/src/io/buffered.cr:163:14 in 'write'
|   from /home/uchiha/playground/crystal/src/http/server/response.cr:282:11 in 'unbuffered_write'
|   from /home/uchiha/playground/crystal/src/io/buffered.cr:163:14 in 'write'
|   from /home/uchiha/playground/crystal/src/http/server/response.cr:107:7 in 'write'
|   from /home/uchiha/playground/crystal/src/io.cr:488:7 in 'write_string'
|   from lib/kemal/src/kemal/route_handler.cr:174:7 in 'call'
|   from lib/kemal/src/kemal/websocket_handler.cr:13:14 in 'call'
|   from /home/uchiha/playground/crystal/src/http/server/handler.cr:30:7 in 'call_next'
|   from lib/kemal/src/kemal/filter_handler.cr:46:7 in 'call'
|   from /home/uchiha/playground/crystal/src/http/server/handler.cr:30:7 in 'call_next'
|   from src/middlewares/web_api_auth_middleware.cr:8:12 in 'call'
|   from /home/uchiha/playground/crystal/src/http/server/handler.cr:30:7 in 'call_next'
|   from src/middlewares/admin_api_auth_middleware.cr:7:12 in 'call'
|   from /home/uchiha/playground/crystal/src/http/server/handler.cr:30:7 in 'call_next'
|   from /home/uchiha/playground/crystal/src/http/server/handlers/static_file_handler.cr:60:12 in 'call'
|   from /home/uchiha/playground/crystal/src/http/server/handler.cr:30:7 in 'call'
|   from /home/uchiha/playground/crystal/src/http/server/handler.cr:30:7 in 'call'
|   from /home/uchiha/playground/crystal/src/http/server/handler.cr:30:7 in 'call'
|   from /home/uchiha/playground/crystal/src/http/server/handler.cr:30:7 in 'call'
|   from /home/uchiha/playground/crystal/src/http/server/request_processor.cr:58:11 in 'process'
|   from /home/uchiha/playground/crystal/src/http/server.cr:506:5 in '->'
|   from /home/uchiha/playground/crystal/src/fiber.cr:168:11 in 'run'
|   from /home/uchiha/playground/crystal/src/fiber.cr:103:3 in '->'
|   from ???
ERR 2026-08-04T07:14:20.203Z > Unhandled exception on HTTP::Handler
| Closed stream (IO::Error)
|   from /home/uchiha/playground/crystal/src/http/server/response.cr:215:15 in 'content_type='
|   from lib/kemal/src/kemal/helpers/templates.cr:25:3 in 'render_500'
|   from lib/kemal/src/kemal/exception_handler.cr:34:7 in 'call'
|   from /home/uchiha/playground/crystal/src/http/server/handler.cr:30:7 in 'call'
|   from /home/uchiha/playground/crystal/src/http/server/handler.cr:30:7 in 'call'
|   from /home/uchiha/playground/crystal/src/http/server/handler.cr:30:7 in 'call'
|   from /home/uchiha/playground/crystal/src/http/server/request_processor.cr:58:11 in 'process'
|   from /home/uchiha/playground/crystal/src/http/server.cr:506:5 in '->'
|   from /home/uchiha/playground/crystal/src/fiber.cr:168:11 in 'run'
|   from /home/uchiha/playground/crystal/src/fiber.cr:103:3 in '->'
|   from ???
ERR 2026-08-04T07:14:20.211Z > Error while writing data to the client
| Error while writing data to the client (HTTP::Server::ClientError)
|   from /home/uchiha/playground/crystal/src/http/server/response.cr:266:9 in 'unbuffered_write'
|   from /home/uchiha/playground/crystal/src/io/buffered.cr:163:14 in 'write'
|   from /home/uchiha/playground/crystal/src/http/server/response.cr:107:7 in 'write'
|   from /home/uchiha/playground/crystal/src/io.cr:488:7 in 'write_string'
|   from lib/kemal/src/kemal/route_handler.cr:174:7 in 'call'
|   from lib/kemal/src/kemal/websocket_handler.cr:13:14 in 'call'
|   from /home/uchiha/playground/crystal/src/http/server/handler.cr:30:7 in 'call_next'
|   from lib/kemal/src/kemal/filter_handler.cr:46:7 in 'call'
|   from /home/uchiha/playground/crystal/src/http/server/handler.cr:30:7 in 'call_next'
|   from src/middlewares/web_api_auth_middleware.cr:8:12 in 'call'
|   from /home/uchiha/playground/crystal/src/http/server/handler.cr:30:7 in 'call_next'
|   from src/middlewares/admin_api_auth_middleware.cr:7:12 in 'call'
|   from /home/uchiha/playground/crystal/src/http/server/handler.cr:30:7 in 'call_next'
|   from /home/uchiha/playground/crystal/src/http/server/handlers/static_file_handler.cr:60:12 in 'call'
|   from /home/uchiha/playground/crystal/src/http/server/handler.cr:30:7 in 'call'
|   from /home/uchiha/playground/crystal/src/http/server/handler.cr:30:7 in 'call'
|   from /home/uchiha/playground/crystal/src/http/server/handler.cr:30:7 in 'call'
|   from /home/uchiha/playground/crystal/src/http/server/handler.cr:30:7 in 'call'
|   from /home/uchiha/playground/crystal/src/http/server/request_processor.cr:58:11 in 'process'
|   from /home/uchiha/playground/crystal/src/http/server.cr:506:5 in '->'
|   from /home/uchiha/playground/crystal/src/fiber.cr:168:11 in 'run'
|   from /home/uchiha/playground/crystal/src/fiber.cr:103:3 in '->'
|   from ???
| Caused by: write (#<TCPSocket:0x7334e8927578>): Broken pipe (IO::Error)
|   from /home/uchiha/playground/crystal/src/crystal/system/thread.cr:72:3 in 'unbuffered_write'
|   from /home/uchiha/playground/crystal/src/io/buffered.cr:163:14 in 'write'
|   from /home/uchiha/playground/crystal/src/http/server/response.cr:282:11 in 'unbuffered_write'
|   from /home/uchiha/playground/crystal/src/io/buffered.cr:163:14 in 'write'
|   from /home/uchiha/playground/crystal/src/http/server/response.cr:107:7 in 'write'
|   from /home/uchiha/playground/crystal/src/io.cr:488:7 in 'write_string'
|   from lib/kemal/src/kemal/route_handler.cr:174:7 in 'call'
|   from lib/kemal/src/kemal/websocket_handler.cr:13:14 in 'call'
|   from /home/uchiha/playground/crystal/src/http/server/handler.cr:30:7 in 'call_next'
|   from lib/kemal/src/kemal/filter_handler.cr:46:7 in 'call'
|   from /home/uchiha/playground/crystal/src/http/server/handler.cr:30:7 in 'call_next'
|   from src/middlewares/web_api_auth_middleware.cr:8:12 in 'call'
|   from /home/uchiha/playground/crystal/src/http/server/handler.cr:30:7 in 'call_next'
|   from src/middlewares/admin_api_auth_middleware.cr:7:12 in 'call'
|   from /home/uchiha/playground/crystal/src/http/server/handler.cr:30:7 in 'call_next'
|   from /home/uchiha/playground/crystal/src/http/server/handlers/static_file_handler.cr:60:12 in 'call'
|   from /home/uchiha/playground/crystal/src/http/server/handler.cr:30:7 in 'call'
|   from /home/uchiha/playground/crystal/src/http/server/handler.cr:30:7 in 'call'
|   from /home/uchiha/playground/crystal/src/http/server/handler.cr:30:7 in 'call'
|   from /home/uchiha/playground/crystal/src/http/server/handler.cr:30:7 in 'call'
|   from /home/uchiha/playground/crystal/src/http/server/request_processor.cr:58:11 in 'process'
|   from /home/uchiha/playground/crystal/src/http/server.cr:506:5 in '->'
|   from /home/uchiha/playground/crystal/src/fiber.cr:168:11 in 'run'
|   from /home/uchiha/playground/crystal/src/fiber.cr:103:3 in '->'
|   from ???
ERR 2026-08-04T07:14:20.212Z > Unhandled exception on HTTP::Handler
| Closed stream (IO::Error)
|   from /home/uchiha/playground/crystal/src/http/server/response.cr:215:15 in 'content_type='
|   from lib/kemal/src/kemal/helpers/templates.cr:25:3 in 'render_500'
|   from lib/kemal/src/kemal/exception_handler.cr:34:7 in 'call'
|   from /home/uchiha/playground/crystal/src/http/server/handler.cr:30:7 in 'call'
|   from /home/uchiha/playground/crystal/src/http/server/handler.cr:30:7 in 'call'
|   from /home/uchiha/playground/crystal/src/http/server/handler.cr:30:7 in 'call'
|   from /home/uchiha/playground/crystal/src/http/server/request_processor.cr:58:11 in 'process'
|   from /home/uchiha/playground/crystal/src/http/server.cr:506:5 in '->'
|   from /home/uchiha/playground/crystal/src/fiber.cr:168:11 in 'run'
|   from /home/uchiha/playground/crystal/src/fiber.cr:103:3 in '->'
|   from ???
ERR 2026-08-04T07:14:20.212Z > Error while writing data to the client
| Error while writing data to the client (HTTP::Server::ClientError)
|   from /home/uchiha/playground/crystal/src/http/server/response.cr:266:9 in 'unbuffered_write'
|   from /home/uchiha/playground/crystal/src/io/buffered.cr:163:14 in 'write'
|   from /home/uchiha/playground/crystal/src/http/server/response.cr:107:7 in 'write'
|   from /home/uchiha/playground/crystal/src/io.cr:488:7 in 'write_string'
|   from lib/kemal/src/kemal/route_handler.cr:174:7 in 'call'
|   from lib/kemal/src/kemal/websocket_handler.cr:13:14 in 'call'
|   from /home/uchiha/playground/crystal/src/http/server/handler.cr:30:7 in 'call_next'
|   from lib/kemal/src/kemal/filter_handler.cr:46:7 in 'call'
|   from /home/uchiha/playground/crystal/src/http/server/handler.cr:30:7 in 'call_next'
|   from src/middlewares/web_api_auth_middleware.cr:8:12 in 'call'
|   from /home/uchiha/playground/crystal/src/http/server/handler.cr:30:7 in 'call_next'
|   from src/middlewares/admin_api_auth_middleware.cr:7:12 in 'call'
|   from /home/uchiha/playground/crystal/src/http/server/handler.cr:30:7 in 'call_next'
|   from /home/uchiha/playground/crystal/src/http/server/handlers/static_file_handler.cr:60:12 in 'call'
|   from /home/uchiha/playground/crystal/src/http/server/handler.cr:30:7 in 'call'
|   from /home/uchiha/playground/crystal/src/http/server/handler.cr:30:7 in 'call'
|   from /home/uchiha/playground/crystal/src/http/server/handler.cr:30:7 in 'call'
|   from /home/uchiha/playground/crystal/src/http/server/handler.cr:30:7 in 'call'
|   from /home/uchiha/playground/crystal/src/http/server/request_processor.cr:58:11 in 'process'
|   from /home/uchiha/playground/crystal/src/http/server.cr:506:5 in '->'
|   from /home/uchiha/playground/crystal/src/fiber.cr:168:11 in 'run'
|   from /home/uchiha/playground/crystal/src/fiber.cr:103:3 in '->'
|   from ???
| Caused by: write (#<TCPSocket:0x7334aaea6bf8>): Broken pipe (IO::Error)
|   from /home/uchiha/playground/crystal/src/crystal/system/thread.cr:72:3 in 'unbuffered_write'
|   from /home/uchiha/playground/crystal/src/io/buffered.cr:163:14 in 'write'
|   from /home/uchiha/playground/crystal/src/http/server/response.cr:282:11 in 'unbuffered_write'
|   from /home/uchiha/playground/crystal/src/io/buffered.cr:163:14 in 'write'
|   from /home/uchiha/playground/crystal/src/http/server/response.cr:107:7 in 'write'
|   from /home/uchiha/playground/crystal/src/io.cr:488:7 in 'write_string'
|   from lib/kemal/src/kemal/route_handler.cr:174:7 in 'call'
|   from lib/kemal/src/kemal/websocket_handler.cr:13:14 in 'call'
|   from /home/uchiha/playground/crystal/src/http/server/handler.cr:30:7 in 'call_next'
|   from lib/kemal/src/kemal/filter_handler.cr:46:7 in 'call'
|   from /home/uchiha/playground/crystal/src/http/server/handler.cr:30:7 in 'call_next'
|   from src/middlewares/web_api_auth_middleware.cr:8:12 in 'call'
|   from /home/uchiha/playground/crystal/src/http/server/handler.cr:30:7 in 'call_next'
|   from src/middlewares/admin_api_auth_middleware.cr:7:12 in 'call'
|   from /home/uchiha/playground/crystal/src/http/server/handler.cr:30:7 in 'call_next'
|   from /home/uchiha/playground/crystal/src/http/server/handlers/static_file_handler.cr:60:12 in 'call'
|   from /home/uchiha/playground/crystal/src/http/server/handler.cr:30:7 in 'call'
|   from /home/uchiha/playground/crystal/src/http/server/handler.cr:30:7 in 'call'
|   from /home/uchiha/playground/crystal/src/http/server/handler.cr:30:7 in 'call'
|   from /home/uchiha/playground/crystal/src/http/server/handler.cr:30:7 in 'call'
|   from /home/uchiha/playground/crystal/src/http/server/request_processor.cr:58:11 in 'process'
|   from /home/uchiha/playground/crystal/src/http/server.cr:506:5 in '->'
|   from /home/uchiha/playground/crystal/src/fiber.cr:168:11 in 'run'
|   from /home/uchiha/playground/crystal/src/fiber.cr:103:3 in '->'
|   from ???
ERR 2026-08-04T07:14:20.212Z > Unhandled exception on HTTP::Handler
| Closed stream (IO::Error)
|   from /home/uchiha/playground/crystal/src/http/server/response.cr:215:15 in 'content_type='
|   from lib/kemal/src/kemal/helpers/templates.cr:25:3 in 'render_500'
|   from lib/kemal/src/kemal/exception_handler.cr:34:7 in 'call'
|   from /home/uchiha/playground/crystal/src/http/server/handler.cr:30:7 in 'call'
|   from /home/uchiha/playground/crystal/src/http/server/handler.cr:30:7 in 'call'
|   from /home/uchiha/playground/crystal/src/http/server/handler.cr:30:7 in 'call'
|   from /home/uchiha/playground/crystal/src/http/server/request_processor.cr:58:11 in 'process'
|   from /home/uchiha/playground/crystal/src/http/server.cr:506:5 in '->'
|   from /home/uchiha/playground/crystal/src/fiber.cr:168:11 in 'run'
|   from /home/uchiha/playground/crystal/src/fiber.cr:103:3 in '->'
|   from ???
ERR 2026-08-04T07:14:20.244Z > Error while writing data to the client
| Error while writing data to the client (HTTP::Server::ClientError)
|   from /home/uchiha/playground/crystal/src/http/server/response.cr:266:9 in 'unbuffered_write'
|   from /home/uchiha/playground/crystal/src/io/buffered.cr:163:14 in 'write'
|   from /home/uchiha/playground/crystal/src/http/server/response.cr:107:7 in 'write'
|   from /home/uchiha/playground/crystal/src/io.cr:488:7 in 'write_string'
|   from lib/kemal/src/kemal/route_handler.cr:174:7 in 'call'
|   from lib/kemal/src/kemal/websocket_handler.cr:13:14 in 'call'
|   from /home/uchiha/playground/crystal/src/http/server/handler.cr:30:7 in 'call_next'
|   from lib/kemal/src/kemal/filter_handler.cr:46:7 in 'call'
|   from /home/uchiha/playground/crystal/src/http/server/handler.cr:30:7 in 'call_next'
|   from src/middlewares/web_api_auth_middleware.cr:8:12 in 'call'
|   from /home/uchiha/playground/crystal/src/http/server/handler.cr:30:7 in 'call_next'
|   from src/middlewares/admin_api_auth_middleware.cr:7:12 in 'call'
|   from /home/uchiha/playground/crystal/src/http/server/handler.cr:30:7 in 'call_next'
|   from /home/uchiha/playground/crystal/src/http/server/handlers/static_file_handler.cr:60:12 in 'call'
|   from /home/uchiha/playground/crystal/src/http/server/handler.cr:30:7 in 'call'
|   from /home/uchiha/playground/crystal/src/http/server/handler.cr:30:7 in 'call'
|   from /home/uchiha/playground/crystal/src/http/server/handler.cr:30:7 in 'call'
|   from /home/uchiha/playground/crystal/src/http/server/handler.cr:30:7 in 'call'
|   from /home/uchiha/playground/crystal/src/http/server/request_processor.cr:58:11 in 'process'
|   from /home/uchiha/playground/crystal/src/http/server.cr:506:5 in '->'
|   from /home/uchiha/playground/crystal/src/fiber.cr:168:11 in 'run'
|   from /home/uchiha/playground/crystal/src/fiber.cr:103:3 in '->'
|   from ???
| Caused by: write (#<TCPSocket:0x7334e8920738>): Broken pipe (IO::Error)
|   from /home/uchiha/playground/crystal/src/crystal/system/thread.cr:72:3 in 'unbuffered_write'
|   from /home/uchiha/playground/crystal/src/io/buffered.cr:163:14 in 'write'
|   from /home/uchiha/playground/crystal/src/http/server/response.cr:282:11 in 'unbuffered_write'
|   from /home/uchiha/playground/crystal/src/io/buffered.cr:163:14 in 'write'
|   from /home/uchiha/playground/crystal/src/http/server/response.cr:107:7 in 'write'
|   from /home/uchiha/playground/crystal/src/io.cr:488:7 in 'write_string'
|   from lib/kemal/src/kemal/route_handler.cr:174:7 in 'call'
|   from lib/kemal/src/kemal/websocket_handler.cr:13:14 in 'call'
|   from /home/uchiha/playground/crystal/src/http/server/handler.cr:30:7 in 'call_next'
|   from lib/kemal/src/kemal/filter_handler.cr:46:7 in 'call'
|   from /home/uchiha/playground/crystal/src/http/server/handler.cr:30:7 in 'call_next'
|   from src/middlewares/web_api_auth_middleware.cr:8:12 in 'call'
|   from /home/uchiha/playground/crystal/src/http/server/handler.cr:30:7 in 'call_next'
|   from src/middlewares/admin_api_auth_middleware.cr:7:12 in 'call'
|   from /home/uchiha/playground/crystal/src/http/server/handler.cr:30:7 in 'call_next'
|   from /home/uchiha/playground/crystal/src/http/server/handlers/static_file_handler.cr:60:12 in 'call'
|   from /home/uchiha/playground/crystal/src/http/server/handler.cr:30:7 in 'call'
|   from /home/uchiha/playground/crystal/src/http/server/handler.cr:30:7 in 'call'
|   from /home/uchiha/playground/crystal/src/http/server/handler.cr:30:7 in 'call'
|   from /home/uchiha/playground/crystal/src/http/server/handler.cr:30:7 in 'call'
|   from /home/uchiha/playground/crystal/src/http/server/request_processor.cr:58:11 in 'process'
|   from /home/uchiha/playground/crystal/src/http/server.cr:506:5 in '->'
|   from /home/uchiha/playground/crystal/src/fiber.cr:168:11 in 'run'
|   from /home/uchiha/playground/crystal/src/fiber.cr:103:3 in '->'
|   from ???
ERR 2026-08-04T07:14:20.244Z > Unhandled exception on HTTP::Handler
| Closed stream (IO::Error)
|   from /home/uchiha/playground/crystal/src/http/server/response.cr:215:15 in 'content_type='
|   from lib/kemal/src/kemal/helpers/templates.cr:25:3 in 'render_500'
|   from lib/kemal/src/kemal/exception_handler.cr:34:7 in 'call'
|   from /home/uchiha/playground/crystal/src/http/server/handler.cr:30:7 in 'call'
|   from /home/uchiha/playground/crystal/src/http/server/handler.cr:30:7 in 'call'
|   from /home/uchiha/playground/crystal/src/http/server/handler.cr:30:7 in 'call'
|   from /home/uchiha/playground/crystal/src/http/server/request_processor.cr:58:11 in 'process'
|   from /home/uchiha/playground/crystal/src/http/server.cr:506:5 in '->'
|   from /home/uchiha/playground/crystal/src/fiber.cr:168:11 in 'run'
|   from /home/uchiha/playground/crystal/src/fiber.cr:103:3 in '->'
|   from ???
ERR 2026-08-04T07:14:20.245Z > Error while writing data to the client
| Error while writing data to the client (HTTP::Server::ClientError)
|   from /home/uchiha/playground/crystal/src/http/server/response.cr:266:9 in 'unbuffered_write'
|   from /home/uchiha/playground/crystal/src/io/buffered.cr:163:14 in 'write'
|   from /home/uchiha/playground/crystal/src/http/server/response.cr:107:7 in 'write'
|   from /home/uchiha/playground/crystal/src/io.cr:488:7 in 'write_string'
|   from lib/kemal/src/kemal/route_handler.cr:174:7 in 'call'
|   from lib/kemal/src/kemal/websocket_handler.cr:13:14 in 'call'
|   from /home/uchiha/playground/crystal/src/http/server/handler.cr:30:7 in 'call_next'
|   from lib/kemal/src/kemal/filter_handler.cr:46:7 in 'call'
|   from /home/uchiha/playground/crystal/src/http/server/handler.cr:30:7 in 'call_next'
|   from src/middlewares/web_api_auth_middleware.cr:8:12 in 'call'
|   from /home/uchiha/playground/crystal/src/http/server/handler.cr:30:7 in 'call_next'
|   from src/middlewares/admin_api_auth_middleware.cr:7:12 in 'call'
|   from /home/uchiha/playground/crystal/src/http/server/handler.cr:30:7 in 'call_next'
|   from /home/uchiha/playground/crystal/src/http/server/handlers/static_file_handler.cr:60:12 in 'call'
|   from /home/uchiha/playground/crystal/src/http/server/handler.cr:30:7 in 'call'
|   from /home/uchiha/playground/crystal/src/http/server/handler.cr:30:7 in 'call'
|   from /home/uchiha/playground/crystal/src/http/server/handler.cr:30:7 in 'call'
|   from /home/uchiha/playground/crystal/src/http/server/handler.cr:30:7 in 'call'
|   from /home/uchiha/playground/crystal/src/http/server/request_processor.cr:58:11 in 'process'
|   from /home/uchiha/playground/crystal/src/http/server.cr:506:5 in '->'
|   from /home/uchiha/playground/crystal/src/fiber.cr:168:11 in 'run'
|   from /home/uchiha/playground/crystal/src/fiber.cr:103:3 in '->'
|   from ???
| Caused by: write (#<TCPSocket:0x7334e89211b8>): Broken pipe (IO::Error)
|   from /home/uchiha/playground/crystal/src/crystal/system/thread.cr:72:3 in 'unbuffered_write'
|   from /home/uchiha/playground/crystal/src/io/buffered.cr:163:14 in 'write'
|   from /home/uchiha/playground/crystal/src/http/server/response.cr:282:11 in 'unbuffered_write'
|   from /home/uchiha/playground/crystal/src/io/buffered.cr:163:14 in 'write'
|   from /home/uchiha/playground/crystal/src/http/server/response.cr:107:7 in 'write'
|   from /home/uchiha/playground/crystal/src/io.cr:488:7 in 'write_string'
|   from lib/kemal/src/kemal/route_handler.cr:174:7 in 'call'
|   from lib/kemal/src/kemal/websocket_handler.cr:13:14 in 'call'
|   from /home/uchiha/playground/crystal/src/http/server/handler.cr:30:7 in 'call_next'
|   from lib/kemal/src/kemal/filter_handler.cr:46:7 in 'call'
|   from /home/uchiha/playground/crystal/src/http/server/handler.cr:30:7 in 'call_next'
|   from src/middlewares/web_api_auth_middleware.cr:8:12 in 'call'
|   from /home/uchiha/playground/crystal/src/http/server/handler.cr:30:7 in 'call_next'
|   from src/middlewares/admin_api_auth_middleware.cr:7:12 in 'call'
|   from /home/uchiha/playground/crystal/src/http/server/handler.cr:30:7 in 'call_next'
|   from /home/uchiha/playground/crystal/src/http/server/handlers/static_file_handler.cr:60:12 in 'call'
|   from /home/uchiha/playground/crystal/src/http/server/handler.cr:30:7 in 'call'
|   from /home/uchiha/playground/crystal/src/http/server/handler.cr:30:7 in 'call'
|   from /home/uchiha/playground/crystal/src/http/server/handler.cr:30:7 in 'call'
|   from /home/uchiha/playground/crystal/src/http/server/handler.cr:30:7 in 'call'
|   from /home/uchiha/playground/crystal/src/http/server/request_processor.cr:58:11 in 'process'
|   from /home/uchiha/playground/crystal/src/http/server.cr:506:5 in '->'
|   from /home/uchiha/playground/crystal/src/fiber.cr:168:11 in 'run'
|   from /home/uchiha/playground/crystal/src/fiber.cr:103:3 in '->'
|   from ???
ERR 2026-08-04T07:14:20.245Z > Unhandled exception on HTTP::Handler
| Closed stream (IO::Error)
|   from /home/uchiha/playground/crystal/src/http/server/response.cr:215:15 in 'content_type='
|   from lib/kemal/src/kemal/helpers/templates.cr:25:3 in 'render_500'
|   from lib/kemal/src/kemal/exception_handler.cr:34:7 in 'call'
|   from /home/uchiha/playground/crystal/src/http/server/handler.cr:30:7 in 'call'
|   from /home/uchiha/playground/crystal/src/http/server/handler.cr:30:7 in 'call'
|   from /home/uchiha/playground/crystal/src/http/server/handler.cr:30:7 in 'call'
|   from /home/uchiha/playground/crystal/src/http/server/request_processor.cr:58:11 in 'process'
|   from /home/uchiha/playground/crystal/src/http/server.cr:506:5 in '->'
|   from /home/uchiha/playground/crystal/src/fiber.cr:168:11 in 'run'
|   from /home/uchiha/playground/crystal/src/fiber.cr:103:3 in '->'
|   from ???
ERR 2026-08-04T07:14:20.245Z > Error while writing data to the client
| Error while writing data to the client (HTTP::Server::ClientError)
|   from /home/uchiha/playground/crystal/src/http/server/response.cr:266:9 in 'unbuffered_write'
|   from /home/uchiha/playground/crystal/src/io/buffered.cr:163:14 in 'write'
|   from /home/uchiha/playground/crystal/src/http/server/response.cr:107:7 in 'write'
|   from /home/uchiha/playground/crystal/src/io.cr:488:7 in 'write_string'
|   from lib/kemal/src/kemal/route_handler.cr:174:7 in 'call'
|   from lib/kemal/src/kemal/websocket_handler.cr:13:14 in 'call'
|   from /home/uchiha/playground/crystal/src/http/server/handler.cr:30:7 in 'call_next'
|   from lib/kemal/src/kemal/filter_handler.cr:46:7 in 'call'
|   from /home/uchiha/playground/crystal/src/http/server/handler.cr:30:7 in 'call_next'
|   from src/middlewares/web_api_auth_middleware.cr:8:12 in 'call'
|   from /home/uchiha/playground/crystal/src/http/server/handler.cr:30:7 in 'call_next'
|   from src/middlewares/admin_api_auth_middleware.cr:7:12 in 'call'
|   from /home/uchiha/playground/crystal/src/http/server/handler.cr:30:7 in 'call_next'
|   from /home/uchiha/playground/crystal/src/http/server/handlers/static_file_handler.cr:60:12 in 'call'
|   from /home/uchiha/playground/crystal/src/http/server/handler.cr:30:7 in 'call'
|   from /home/uchiha/playground/crystal/src/http/server/handler.cr:30:7 in 'call'
|   from /home/uchiha/playground/crystal/src/http/server/handler.cr:30:7 in 'call'
|   from /home/uchiha/playground/crystal/src/http/server/handler.cr:30:7 in 'call'
|   from /home/uchiha/playground/crystal/src/http/server/request_processor.cr:58:11 in 'process'
|   from /home/uchiha/playground/crystal/src/http/server.cr:506:5 in '->'
|   from /home/uchiha/playground/crystal/src/fiber.cr:168:11 in 'run'
|   from /home/uchiha/playground/crystal/src/fiber.cr:103:3 in '->'
|   from ???
| Caused by: write (#<TCPSocket:0x7334e89276c8>): Broken pipe (IO::Error)
|   from /home/uchiha/playground/crystal/src/crystal/system/thread.cr:72:3 in 'unbuffered_write'
|   from /home/uchiha/playground/crystal/src/io/buffered.cr:163:14 in 'write'
|   from /home/uchiha/playground/crystal/src/http/server/response.cr:282:11 in 'unbuffered_write'
|   from /home/uchiha/playground/crystal/src/io/buffered.cr:163:14 in 'write'
|   from /home/uchiha/playground/crystal/src/http/server/response.cr:107:7 in 'write'
|   from /home/uchiha/playground/crystal/src/io.cr:488:7 in 'write_string'
|   from lib/kemal/src/kemal/route_handler.cr:174:7 in 'call'
|   from lib/kemal/src/kemal/websocket_handler.cr:13:14 in 'call'
|   from /home/uchiha/playground/crystal/src/http/server/handler.cr:30:7 in 'call_next'
|   from lib/kemal/src/kemal/filter_handler.cr:46:7 in 'call'
|   from /home/uchiha/playground/crystal/src/http/server/handler.cr:30:7 in 'call_next'
|   from src/middlewares/web_api_auth_middleware.cr:8:12 in 'call'
|   from /home/uchiha/playground/crystal/src/http/server/handler.cr:30:7 in 'call_next'
|   from src/middlewares/admin_api_auth_middleware.cr:7:12 in 'call'
|   from /home/uchiha/playground/crystal/src/http/server/handler.cr:30:7 in 'call_next'
|   from /home/uchiha/playground/crystal/src/http/server/handlers/static_file_handler.cr:60:12 in 'call'
|   from /home/uchiha/playground/crystal/src/http/server/handler.cr:30:7 in 'call'
|   from /home/uchiha/playground/crystal/src/http/server/handler.cr:30:7 in 'call'
|   from /home/uchiha/playground/crystal/src/http/server/handler.cr:30:7 in 'call'
|   from /home/uchiha/playground/crystal/src/http/server/handler.cr:30:7 in 'call'
|   from /home/uchiha/playground/crystal/src/http/server/request_processor.cr:58:11 in 'process'
|   from /home/uchiha/playground/crystal/src/http/server.cr:506:5 in '->'
|   from /home/uchiha/playground/crystal/src/fiber.cr:168:11 in 'run'
|   from /home/uchiha/playground/crystal/src/fiber.cr:103:3 in '->'
|   from ???
ERR 2026-08-04T07:14:20.245Z > Unhandled exception on HTTP::Handler
| Closed stream (IO::Error)
|   from /home/uchiha/playground/crystal/src/http/server/response.cr:215:15 in 'content_type='
|   from lib/kemal/src/kemal/helpers/templates.cr:25:3 in 'render_500'
|   from lib/kemal/src/kemal/exception_handler.cr:34:7 in 'call'
|   from /home/uchiha/playground/crystal/src/http/server/handler.cr:30:7 in 'call'
|   from /home/uchiha/playground/crystal/src/http/server/handler.cr:30:7 in 'call'
|   from /home/uchiha/playground/crystal/src/http/server/handler.cr:30:7 in 'call'
|   from /home/uchiha/playground/crystal/src/http/server/request_processor.cr:58:11 in 'process'
|   from /home/uchiha/playground/crystal/src/http/server.cr:506:5 in '->'
|   from /home/uchiha/playground/crystal/src/fiber.cr:168:11 in 'run'
|   from /home/uchiha/playground/crystal/src/fiber.cr:103:3 in '->'
|   from ???
ERR 2026-08-04T07:14:20.248Z > Error while writing data to the client
| Error while writing data to the client (HTTP::Server::ClientError)
|   from /home/uchiha/playground/crystal/src/http/server/response.cr:266:9 in 'unbuffered_write'
|   from /home/uchiha/playground/crystal/src/io/buffered.cr:163:14 in 'write'
|   from /home/uchiha/playground/crystal/src/http/server/response.cr:107:7 in 'write'
|   from /home/uchiha/playground/crystal/src/io.cr:488:7 in 'write_string'
|   from lib/kemal/src/kemal/route_handler.cr:174:7 in 'call'
|   from lib/kemal/src/kemal/websocket_handler.cr:13:14 in 'call'
|   from /home/uchiha/playground/crystal/src/http/server/handler.cr:30:7 in 'call_next'
|   from lib/kemal/src/kemal/filter_handler.cr:46:7 in 'call'
|   from /home/uchiha/playground/crystal/src/http/server/handler.cr:30:7 in 'call_next'
|   from src/middlewares/web_api_auth_middleware.cr:8:12 in 'call'
|   from /home/uchiha/playground/crystal/src/http/server/handler.cr:30:7 in 'call_next'
|   from src/middlewares/admin_api_auth_middleware.cr:7:12 in 'call'
|   from /home/uchiha/playground/crystal/src/http/server/handler.cr:30:7 in 'call_next'
|   from /home/uchiha/playground/crystal/src/http/server/handlers/static_file_handler.cr:60:12 in 'call'
|   from /home/uchiha/playground/crystal/src/http/server/handler.cr:30:7 in 'call'
|   from /home/uchiha/playground/crystal/src/http/server/handler.cr:30:7 in 'call'
|   from /home/uchiha/playground/crystal/src/http/server/handler.cr:30:7 in 'call'
|   from /home/uchiha/playground/crystal/src/http/server/handler.cr:30:7 in 'call'
|   from /home/uchiha/playground/crystal/src/http/server/request_processor.cr:58:11 in 'process'
|   from /home/uchiha/playground/crystal/src/http/server.cr:506:5 in '->'
|   from /home/uchiha/playground/crystal/src/fiber.cr:168:11 in 'run'
|   from /home/uchiha/playground/crystal/src/fiber.cr:103:3 in '->'
|   from ???
| Caused by: write (#<TCPSocket:0x7334e8922e98>): Broken pipe (IO::Error)
|   from /home/uchiha/playground/crystal/src/crystal/system/thread.cr:72:3 in 'unbuffered_write'
|   from /home/uchiha/playground/crystal/src/io/buffered.cr:163:14 in 'write'
|   from /home/uchiha/playground/crystal/src/http/server/response.cr:282:11 in 'unbuffered_write'
|   from /home/uchiha/playground/crystal/src/io/buffered.cr:163:14 in 'write'
|   from /home/uchiha/playground/crystal/src/http/server/response.cr:107:7 in 'write'
|   from /home/uchiha/playground/crystal/src/io.cr:488:7 in 'write_string'
|   from lib/kemal/src/kemal/route_handler.cr:174:7 in 'call'
|   from lib/kemal/src/kemal/websocket_handler.cr:13:14 in 'call'
|   from /home/uchiha/playground/crystal/src/http/server/handler.cr:30:7 in 'call_next'
|   from lib/kemal/src/kemal/filter_handler.cr:46:7 in 'call'
|   from /home/uchiha/playground/crystal/src/http/server/handler.cr:30:7 in 'call_next'
|   from src/middlewares/web_api_auth_middleware.cr:8:12 in 'call'
|   from /home/uchiha/playground/crystal/src/http/server/handler.cr:30:7 in 'call_next'
|   from src/middlewares/admin_api_auth_middleware.cr:7:12 in 'call'
|   from /home/uchiha/playground/crystal/src/http/server/handler.cr:30:7 in 'call_next'
|   from /home/uchiha/playground/crystal/src/http/server/handlers/static_file_handler.cr:60:12 in 'call'
|   from /home/uchiha/playground/crystal/src/http/server/handler.cr:30:7 in 'call'
|   from /home/uchiha/playground/crystal/src/http/server/handler.cr:30:7 in 'call'
|   from /home/uchiha/playground/crystal/src/http/server/handler.cr:30:7 in 'call'
|   from /home/uchiha/playground/crystal/src/http/server/handler.cr:30:7 in 'call'
|   from /home/uchiha/playground/crystal/src/http/server/request_processor.cr:58:11 in 'process'
|   from /home/uchiha/playground/crystal/src/http/server.cr:506:5 in '->'
|   from /home/uchiha/playground/crystal/src/fiber.cr:168:11 in 'run'
|   from /home/uchiha/playground/crystal/src/fiber.cr:103:3 in '->'
|   from ???
ERR 2026-08-04T07:14:20.248Z > Unhandled exception on HTTP::Handler
| Closed stream (IO::Error)
|   from /home/uchiha/playground/crystal/src/http/server/response.cr:215:15 in 'content_type='
|   from lib/kemal/src/kemal/helpers/templates.cr:25:3 in 'render_500'
|   from lib/kemal/src/kemal/exception_handler.cr:34:7 in 'call'
|   from /home/uchiha/playground/crystal/src/http/server/handler.cr:30:7 in 'call'
|   from /home/uchiha/playground/crystal/src/http/server/handler.cr:30:7 in 'call'
|   from /home/uchiha/playground/crystal/src/http/server/handler.cr:30:7 in 'call'
|   from /home/uchiha/playground/crystal/src/http/server/request_processor.cr:58:11 in 'process'
|   from /home/uchiha/playground/crystal/src/http/server.cr:506:5 in '->'
|   from /home/uchiha/playground/crystal/src/fiber.cr:168:11 in 'run'
|   from /home/uchiha/playground/crystal/src/fiber.cr:103:3 in '->'
|   from ???
ERR 2026-08-04T07:14:20.250Z > Error while writing data to the client
| Error while writing data to the client (HTTP::Server::ClientError)
|   from /home/uchiha/playground/crystal/src/http/server/response.cr:266:9 in 'unbuffered_write'
|   from /home/uchiha/playground/crystal/src/io/buffered.cr:163:14 in 'write'
|   from /home/uchiha/playground/crystal/src/http/server/response.cr:107:7 in 'write'
|   from /home/uchiha/playground/crystal/src/io.cr:488:7 in 'write_string'
|   from lib/kemal/src/kemal/route_handler.cr:174:7 in 'call'
|   from lib/kemal/src/kemal/websocket_handler.cr:13:14 in 'call'
|   from /home/uchiha/playground/crystal/src/http/server/handler.cr:30:7 in 'call_next'
|   from lib/kemal/src/kemal/filter_handler.cr:46:7 in 'call'
|   from /home/uchiha/playground/crystal/src/http/server/handler.cr:30:7 in 'call_next'
|   from src/middlewares/web_api_auth_middleware.cr:8:12 in 'call'
|   from /home/uchiha/playground/crystal/src/http/server/handler.cr:30:7 in 'call_next'
|   from src/middlewares/admin_api_auth_middleware.cr:7:12 in 'call'
|   from /home/uchiha/playground/crystal/src/http/server/handler.cr:30:7 in 'call_next'
|   from /home/uchiha/playground/crystal/src/http/server/handlers/static_file_handler.cr:60:12 in 'call'
|   from /home/uchiha/playground/crystal/src/http/server/handler.cr:30:7 in 'call'
|   from /home/uchiha/playground/crystal/src/http/server/handler.cr:30:7 in 'call'
|   from /home/uchiha/playground/crystal/src/http/server/handler.cr:30:7 in 'call'
|   from /home/uchiha/playground/crystal/src/http/server/handler.cr:30:7 in 'call'
|   from /home/uchiha/playground/crystal/src/http/server/request_processor.cr:58:11 in 'process'
|   from /home/uchiha/playground/crystal/src/http/server.cr:506:5 in '->'
|   from /home/uchiha/playground/crystal/src/fiber.cr:168:11 in 'run'
|   from /home/uchiha/playground/crystal/src/fiber.cr:103:3 in '->'
|   from ???
| Caused by: write (#<TCPSocket:0x7334e8927818>): Broken pipe (IO::Error)
|   from /home/uchiha/playground/crystal/src/crystal/system/thread.cr:72:3 in 'unbuffered_write'
|   from /home/uchiha/playground/crystal/src/io/buffered.cr:163:14 in 'write'
|   from /home/uchiha/playground/crystal/src/http/server/response.cr:282:11 in 'unbuffered_write'
|   from /home/uchiha/playground/crystal/src/io/buffered.cr:163:14 in 'write'
|   from /home/uchiha/playground/crystal/src/http/server/response.cr:107:7 in 'write'
|   from /home/uchiha/playground/crystal/src/io.cr:488:7 in 'write_string'
|   from lib/kemal/src/kemal/route_handler.cr:174:7 in 'call'
|   from lib/kemal/src/kemal/websocket_handler.cr:13:14 in 'call'
|   from /home/uchiha/playground/crystal/src/http/server/handler.cr:30:7 in 'call_next'
|   from lib/kemal/src/kemal/filter_handler.cr:46:7 in 'call'
|   from /home/uchiha/playground/crystal/src/http/server/handler.cr:30:7 in 'call_next'
|   from src/middlewares/web_api_auth_middleware.cr:8:12 in 'call'
|   from /home/uchiha/playground/crystal/src/http/server/handler.cr:30:7 in 'call_next'
|   from src/middlewares/admin_api_auth_middleware.cr:7:12 in 'call'
|   from /home/uchiha/playground/crystal/src/http/server/handler.cr:30:7 in 'call_next'
|   from /home/uchiha/playground/crystal/src/http/server/handlers/static_file_handler.cr:60:12 in 'call'
|   from /home/uchiha/playground/crystal/src/http/server/handler.cr:30:7 in 'call'
|   from /home/uchiha/playground/crystal/src/http/server/handler.cr:30:7 in 'call'
|   from /home/uchiha/playground/crystal/src/http/server/handler.cr:30:7 in 'call'
|   from /home/uchiha/playground/crystal/src/http/server/handler.cr:30:7 in 'call'
|   from /home/uchiha/playground/crystal/src/http/server/request_processor.cr:58:11 in 'process'
|   from /home/uchiha/playground/crystal/src/http/server.cr:506:5 in '->'
|   from /home/uchiha/playground/crystal/src/fiber.cr:168:11 in 'run'
|   from /home/uchiha/playground/crystal/src/fiber.cr:103:3 in '->'
|   from ???
ERR 2026-08-04T07:14:20.250Z > Unhandled exception on HTTP::Handler
| Closed stream (IO::Error)
|   from /home/uchiha/playground/crystal/src/http/server/response.cr:215:15 in 'content_type='
|   from lib/kemal/src/kemal/helpers/templates.cr:25:3 in 'render_500'
|   from lib/kemal/src/kemal/exception_handler.cr:34:7 in 'call'
|   from /home/uchiha/playground/crystal/src/http/server/handler.cr:30:7 in 'call'
|   from /home/uchiha/playground/crystal/src/http/server/handler.cr:30:7 in 'call'
|   from /home/uchiha/playground/crystal/src/http/server/handler.cr:30:7 in 'call'
|   from /home/uchiha/playground/crystal/src/http/server/request_processor.cr:58:11 in 'process'
|   from /home/uchiha/playground/crystal/src/http/server.cr:506:5 in '->'
|   from /home/uchiha/playground/crystal/src/fiber.cr:168:11 in 'run'
|   from /home/uchiha/playground/crystal/src/fiber.cr:103:3 in '->'
|   from ???
ERR 2026-08-04T07:14:20.252Z > Error while writing data to the client
| Error while writing data to the client (HTTP::Server::ClientError)
|   from /home/uchiha/playground/crystal/src/http/server/response.cr:266:9 in 'unbuffered_write'
|   from /home/uchiha/playground/crystal/src/io/buffered.cr:163:14 in 'write'
|   from /home/uchiha/playground/crystal/src/http/server/response.cr:107:7 in 'write'
|   from /home/uchiha/playground/crystal/src/io.cr:488:7 in 'write_string'
|   from lib/kemal/src/kemal/route_handler.cr:174:7 in 'call'
|   from lib/kemal/src/kemal/websocket_handler.cr:13:14 in 'call'
|   from /home/uchiha/playground/crystal/src/http/server/handler.cr:30:7 in 'call_next'
|   from lib/kemal/src/kemal/filter_handler.cr:46:7 in 'call'
|   from /home/uchiha/playground/crystal/src/http/server/handler.cr:30:7 in 'call_next'
|   from src/middlewares/web_api_auth_middleware.cr:8:12 in 'call'
|   from /home/uchiha/playground/crystal/src/http/server/handler.cr:30:7 in 'call_next'
|   from src/middlewares/admin_api_auth_middleware.cr:7:12 in 'call'
|   from /home/uchiha/playground/crystal/src/http/server/handler.cr:30:7 in 'call_next'
|   from /home/uchiha/playground/crystal/src/http/server/handlers/static_file_handler.cr:60:12 in 'call'
|   from /home/uchiha/playground/crystal/src/http/server/handler.cr:30:7 in 'call'
|   from /home/uchiha/playground/crystal/src/http/server/handler.cr:30:7 in 'call'
|   from /home/uchiha/playground/crystal/src/http/server/handler.cr:30:7 in 'call'
|   from /home/uchiha/playground/crystal/src/http/server/handler.cr:30:7 in 'call'
|   from /home/uchiha/playground/crystal/src/http/server/request_processor.cr:58:11 in 'process'
|   from /home/uchiha/playground/crystal/src/http/server.cr:506:5 in '->'
|   from /home/uchiha/playground/crystal/src/fiber.cr:168:11 in 'run'
|   from /home/uchiha/playground/crystal/src/fiber.cr:103:3 in '->'
|   from ???
| Caused by: write (#<TCPSocket:0x7334e8922958>): Broken pipe (IO::Error)
|   from /home/uchiha/playground/crystal/src/crystal/system/thread.cr:72:3 in 'unbuffered_write'
|   from /home/uchiha/playground/crystal/src/io/buffered.cr:163:14 in 'write'
|   from /home/uchiha/playground/crystal/src/http/server/response.cr:282:11 in 'unbuffered_write'
|   from /home/uchiha/playground/crystal/src/io/buffered.cr:163:14 in 'write'
|   from /home/uchiha/playground/crystal/src/http/server/response.cr:107:7 in 'write'
|   from /home/uchiha/playground/crystal/src/io.cr:488:7 in 'write_string'
|   from lib/kemal/src/kemal/route_handler.cr:174:7 in 'call'
|   from lib/kemal/src/kemal/websocket_handler.cr:13:14 in 'call'
|   from /home/uchiha/playground/crystal/src/http/server/handler.cr:30:7 in 'call_next'
|   from lib/kemal/src/kemal/filter_handler.cr:46:7 in 'call'
|   from /home/uchiha/playground/crystal/src/http/server/handler.cr:30:7 in 'call_next'
|   from src/middlewares/web_api_auth_middleware.cr:8:12 in 'call'
|   from /home/uchiha/playground/crystal/src/http/server/handler.cr:30:7 in 'call_next'
|   from src/middlewares/admin_api_auth_middleware.cr:7:12 in 'call'
|   from /home/uchiha/playground/crystal/src/http/server/handler.cr:30:7 in 'call_next'
|   from /home/uchiha/playground/crystal/src/http/server/handlers/static_file_handler.cr:60:12 in 'call'
|   from /home/uchiha/playground/crystal/src/http/server/handler.cr:30:7 in 'call'
|   from /home/uchiha/playground/crystal/src/http/server/handler.cr:30:7 in 'call'
|   from /home/uchiha/playground/crystal/src/http/server/handler.cr:30:7 in 'call'
|   from /home/uchiha/playground/crystal/src/http/server/handler.cr:30:7 in 'call'
|   from /home/uchiha/playground/crystal/src/http/server/request_processor.cr:58:11 in 'process'
|   from /home/uchiha/playground/crystal/src/http/server.cr:506:5 in '->'
|   from /home/uchiha/playground/crystal/src/fiber.cr:168:11 in 'run'
|   from /home/uchiha/playground/crystal/src/fiber.cr:103:3 in '->'
|   from ???
ERR 2026-08-04T07:14:20.252Z > Unhandled exception on HTTP::Handler
| Closed stream (IO::Error)
|   from /home/uchiha/playground/crystal/src/http/server/response.cr:215:15 in 'content_type='
|   from lib/kemal/src/kemal/helpers/templates.cr:25:3 in 'render_500'
|   from lib/kemal/src/kemal/exception_handler.cr:34:7 in 'call'
|   from /home/uchiha/playground/crystal/src/http/server/handler.cr:30:7 in 'call'
|   from /home/uchiha/playground/crystal/src/http/server/handler.cr:30:7 in 'call'
|   from /home/uchiha/playground/crystal/src/http/server/handler.cr:30:7 in 'call'
|   from /home/uchiha/playground/crystal/src/http/server/request_processor.cr:58:11 in 'process'
|   from /home/uchiha/playground/crystal/src/http/server.cr:506:5 in '->'
|   from /home/uchiha/playground/crystal/src/fiber.cr:168:11 in 'run'
|   from /home/uchiha/playground/crystal/src/fiber.cr:103:3 in '->'
|   from ???
ERR 2026-08-04T07:14:20.268Z > Error while writing data to the client
| Error while writing data to the client (HTTP::Server::ClientError)
|   from /home/uchiha/playground/crystal/src/http/server/response.cr:266:9 in 'unbuffered_write'
|   from /home/uchiha/playground/crystal/src/io/buffered.cr:163:14 in 'write'
|   from /home/uchiha/playground/crystal/src/http/server/response.cr:107:7 in 'write'
|   from /home/uchiha/playground/crystal/src/io.cr:488:7 in 'write_string'
|   from lib/kemal/src/kemal/route_handler.cr:174:7 in 'call'
|   from lib/kemal/src/kemal/websocket_handler.cr:13:14 in 'call'
|   from /home/uchiha/playground/crystal/src/http/server/handler.cr:30:7 in 'call_next'
|   from lib/kemal/src/kemal/filter_handler.cr:46:7 in 'call'
|   from /home/uchiha/playground/crystal/src/http/server/handler.cr:30:7 in 'call_next'
|   from src/middlewares/web_api_auth_middleware.cr:8:12 in 'call'
|   from /home/uchiha/playground/crystal/src/http/server/handler.cr:30:7 in 'call_next'
|   from src/middlewares/admin_api_auth_middleware.cr:7:12 in 'call'
|   from /home/uchiha/playground/crystal/src/http/server/handler.cr:30:7 in 'call_next'
|   from /home/uchiha/playground/crystal/src/http/server/handlers/static_file_handler.cr:60:12 in 'call'
|   from /home/uchiha/playground/crystal/src/http/server/handler.cr:30:7 in 'call'
|   from /home/uchiha/playground/crystal/src/http/server/handler.cr:30:7 in 'call'
|   from /home/uchiha/playground/crystal/src/http/server/handler.cr:30:7 in 'call'
|   from /home/uchiha/playground/crystal/src/http/server/handler.cr:30:7 in 'call'
|   from /home/uchiha/playground/crystal/src/http/server/request_processor.cr:58:11 in 'process'
|   from /home/uchiha/playground/crystal/src/http/server.cr:506:5 in '->'
|   from /home/uchiha/playground/crystal/src/fiber.cr:168:11 in 'run'
|   from /home/uchiha/playground/crystal/src/fiber.cr:103:3 in '->'
|   from ???
| Caused by: write (#<TCPSocket:0x7334e8926af8>): Broken pipe (IO::Error)
|   from /home/uchiha/playground/crystal/src/crystal/system/thread.cr:72:3 in 'unbuffered_write'
|   from /home/uchiha/playground/crystal/src/io/buffered.cr:163:14 in 'write'
|   from /home/uchiha/playground/crystal/src/http/server/response.cr:282:11 in 'unbuffered_write'
|   from /home/uchiha/playground/crystal/src/io/buffered.cr:163:14 in 'write'
|   from /home/uchiha/playground/crystal/src/http/server/response.cr:107:7 in 'write'
|   from /home/uchiha/playground/crystal/src/io.cr:488:7 in 'write_string'
|   from lib/kemal/src/kemal/route_handler.cr:174:7 in 'call'
|   from lib/kemal/src/kemal/websocket_handler.cr:13:14 in 'call'
|   from /home/uchiha/playground/crystal/src/http/server/handler.cr:30:7 in 'call_next'
|   from lib/kemal/src/kemal/filter_handler.cr:46:7 in 'call'
|   from /home/uchiha/playground/crystal/src/http/server/handler.cr:30:7 in 'call_next'
|   from src/middlewares/web_api_auth_middleware.cr:8:12 in 'call'
|   from /home/uchiha/playground/crystal/src/http/server/handler.cr:30:7 in 'call_next'
|   from src/middlewares/admin_api_auth_middleware.cr:7:12 in 'call'
|   from /home/uchiha/playground/crystal/src/http/server/handler.cr:30:7 in 'call_next'
|   from /home/uchiha/playground/crystal/src/http/server/handlers/static_file_handler.cr:60:12 in 'call'
|   from /home/uchiha/playground/crystal/src/http/server/handler.cr:30:7 in 'call'
|   from /home/uchiha/playground/crystal/src/http/server/handler.cr:30:7 in 'call'
|   from /home/uchiha/playground/crystal/src/http/server/handler.cr:30:7 in 'call'
|   from /home/uchiha/playground/crystal/src/http/server/handler.cr:30:7 in 'call'
|   from /home/uchiha/playground/crystal/src/http/server/request_processor.cr:58:11 in 'process'
|   from /home/uchiha/playground/crystal/src/http/server.cr:506:5 in '->'
|   from /home/uchiha/playground/crystal/src/fiber.cr:168:11 in 'run'
|   from /home/uchiha/playground/crystal/src/fiber.cr:103:3 in '->'
|   from ???
ERR 2026-08-04T07:14:20.268Z > Unhandled exception on HTTP::Handler
| Closed stream (IO::Error)
|   from /home/uchiha/playground/crystal/src/http/server/response.cr:215:15 in 'content_type='
|   from lib/kemal/src/kemal/helpers/templates.cr:25:3 in 'render_500'
|   from lib/kemal/src/kemal/exception_handler.cr:34:7 in 'call'
|   from /home/uchiha/playground/crystal/src/http/server/handler.cr:30:7 in 'call'
|   from /home/uchiha/playground/crystal/src/http/server/handler.cr:30:7 in 'call'
|   from /home/uchiha/playground/crystal/src/http/server/handler.cr:30:7 in 'call'
|   from /home/uchiha/playground/crystal/src/http/server/request_processor.cr:58:11 in 'process'
|   from /home/uchiha/playground/crystal/src/http/server.cr:506:5 in '->'
|   from /home/uchiha/playground/crystal/src/fiber.cr:168:11 in 'run'
|   from /home/uchiha/playground/crystal/src/fiber.cr:103:3 in '->'
|   from ???
ERR 2026-08-04T07:14:20.272Z > Error while writing data to the client
| Error while writing data to the client (HTTP::Server::ClientError)
|   from /home/uchiha/playground/crystal/src/http/server/response.cr:266:9 in 'unbuffered_write'
|   from /home/uchiha/playground/crystal/src/io/buffered.cr:163:14 in 'write'
|   from /home/uchiha/playground/crystal/src/http/server/response.cr:107:7 in 'write'
|   from /home/uchiha/playground/crystal/src/io.cr:488:7 in 'write_string'
|   from lib/kemal/src/kemal/route_handler.cr:174:7 in 'call'
|   from lib/kemal/src/kemal/websocket_handler.cr:13:14 in 'call'
|   from /home/uchiha/playground/crystal/src/http/server/handler.cr:30:7 in 'call_next'
|   from lib/kemal/src/kemal/filter_handler.cr:46:7 in 'call'
|   from /home/uchiha/playground/crystal/src/http/server/handler.cr:30:7 in 'call_next'
|   from src/middlewares/web_api_auth_middleware.cr:8:12 in 'call'
|   from /home/uchiha/playground/crystal/src/http/server/handler.cr:30:7 in 'call_next'
|   from src/middlewares/admin_api_auth_middleware.cr:7:12 in 'call'
|   from /home/uchiha/playground/crystal/src/http/server/handler.cr:30:7 in 'call_next'
|   from /home/uchiha/playground/crystal/src/http/server/handlers/static_file_handler.cr:60:12 in 'call'
|   from /home/uchiha/playground/crystal/src/http/server/handler.cr:30:7 in 'call'
|   from /home/uchiha/playground/crystal/src/http/server/handler.cr:30:7 in 'call'
|   from /home/uchiha/playground/crystal/src/http/server/handler.cr:30:7 in 'call'
|   from /home/uchiha/playground/crystal/src/http/server/handler.cr:30:7 in 'call'
|   from /home/uchiha/playground/crystal/src/http/server/request_processor.cr:58:11 in 'process'
|   from /home/uchiha/playground/crystal/src/http/server.cr:506:5 in '->'
|   from /home/uchiha/playground/crystal/src/fiber.cr:168:11 in 'run'
|   from /home/uchiha/playground/crystal/src/fiber.cr:103:3 in '->'
|   from ???
| Caused by: write (#<TCPSocket:0x7334e8921848>): Broken pipe (IO::Error)
|   from /home/uchiha/playground/crystal/src/crystal/system/thread.cr:72:3 in 'unbuffered_write'
|   from /home/uchiha/playground/crystal/src/io/buffered.cr:163:14 in 'write'
|   from /home/uchiha/playground/crystal/src/http/server/response.cr:282:11 in 'unbuffered_write'
|   from /home/uchiha/playground/crystal/src/io/buffered.cr:163:14 in 'write'
|   from /home/uchiha/playground/crystal/src/http/server/response.cr:107:7 in 'write'
|   from /home/uchiha/playground/crystal/src/io.cr:488:7 in 'write_string'
|   from lib/kemal/src/kemal/route_handler.cr:174:7 in 'call'
|   from lib/kemal/src/kemal/websocket_handler.cr:13:14 in 'call'
|   from /home/uchiha/playground/crystal/src/http/server/handler.cr:30:7 in 'call_next'
|   from lib/kemal/src/kemal/filter_handler.cr:46:7 in 'call'
|   from /home/uchiha/playground/crystal/src/http/server/handler.cr:30:7 in 'call_next'
|   from src/middlewares/web_api_auth_middleware.cr:8:12 in 'call'
|   from /home/uchiha/playground/crystal/src/http/server/handler.cr:30:7 in 'call_next'
|   from src/middlewares/admin_api_auth_middleware.cr:7:12 in 'call'
|   from /home/uchiha/playground/crystal/src/http/server/handler.cr:30:7 in 'call_next'
|   from /home/uchiha/playground/crystal/src/http/server/handlers/static_file_handler.cr:60:12 in 'call'
|   from /home/uchiha/playground/crystal/src/http/server/handler.cr:30:7 in 'call'
|   from /home/uchiha/playground/crystal/src/http/server/handler.cr:30:7 in 'call'
|   from /home/uchiha/playground/crystal/src/http/server/handler.cr:30:7 in 'call'
|   from /home/uchiha/playground/crystal/src/http/server/handler.cr:30:7 in 'call'
|   from /home/uchiha/playground/crystal/src/http/server/request_processor.cr:58:11 in 'process'
|   from /home/uchiha/playground/crystal/src/http/server.cr:506:5 in '->'
|   from /home/uchiha/playground/crystal/src/fiber.cr:168:11 in 'run'
|   from /home/uchiha/playground/crystal/src/fiber.cr:103:3 in '->'
|   from ???
ERR 2026-08-04T07:14:20.272Z > Unhandled exception on HTTP::Handler
| Closed stream (IO::Error)
|   from /home/uchiha/playground/crystal/src/http/server/response.cr:215:15 in 'content_type='
|   from lib/kemal/src/kemal/helpers/templates.cr:25:3 in 'render_500'
|   from lib/kemal/src/kemal/exception_handler.cr:34:7 in 'call'
|   from /home/uchiha/playground/crystal/src/http/server/handler.cr:30:7 in 'call'
|   from /home/uchiha/playground/crystal/src/http/server/handler.cr:30:7 in 'call'
|   from /home/uchiha/playground/crystal/src/http/server/handler.cr:30:7 in 'call'
|   from /home/uchiha/playground/crystal/src/http/server/request_processor.cr:58:11 in 'process'
|   from /home/uchiha/playground/crystal/src/http/server.cr:506:5 in '->'
|   from /home/uchiha/playground/crystal/src/fiber.cr:168:11 in 'run'
|   from /home/uchiha/playground/crystal/src/fiber.cr:103:3 in '->'
|   from ???
ERR 2026-08-04T07:14:20.273Z > Error while writing data to the client
| Error while writing data to the client (HTTP::Server::ClientError)
|   from /home/uchiha/playground/crystal/src/http/server/response.cr:266:9 in 'unbuffered_write'
|   from /home/uchiha/playground/crystal/src/io/buffered.cr:163:14 in 'write'
|   from /home/uchiha/playground/crystal/src/http/server/response.cr:107:7 in 'write'
|   from /home/uchiha/playground/crystal/src/io.cr:488:7 in 'write_string'
|   from lib/kemal/src/kemal/route_handler.cr:174:7 in 'call'
|   from lib/kemal/src/kemal/websocket_handler.cr:13:14 in 'call'
|   from /home/uchiha/playground/crystal/src/http/server/handler.cr:30:7 in 'call_next'
|   from lib/kemal/src/kemal/filter_handler.cr:46:7 in 'call'
|   from /home/uchiha/playground/crystal/src/http/server/handler.cr:30:7 in 'call_next'
|   from src/middlewares/web_api_auth_middleware.cr:8:12 in 'call'
|   from /home/uchiha/playground/crystal/src/http/server/handler.cr:30:7 in 'call_next'
|   from src/middlewares/admin_api_auth_middleware.cr:7:12 in 'call'
|   from /home/uchiha/playground/crystal/src/http/server/handler.cr:30:7 in 'call_next'
|   from /home/uchiha/playground/crystal/src/http/server/handlers/static_file_handler.cr:60:12 in 'call'
|   from /home/uchiha/playground/crystal/src/http/server/handler.cr:30:7 in 'call'
|   from /home/uchiha/playground/crystal/src/http/server/handler.cr:30:7 in 'call'
|   from /home/uchiha/playground/crystal/src/http/server/handler.cr:30:7 in 'call'
|   from /home/uchiha/playground/crystal/src/http/server/handler.cr:30:7 in 'call'
|   from /home/uchiha/playground/crystal/src/http/server/request_processor.cr:58:11 in 'process'
|   from /home/uchiha/playground/crystal/src/http/server.cr:506:5 in '->'
|   from /home/uchiha/playground/crystal/src/fiber.cr:168:11 in 'run'
|   from /home/uchiha/playground/crystal/src/fiber.cr:103:3 in '->'
|   from ???
| Caused by: write (#<TCPSocket:0x7334e8922178>): Broken pipe (IO::Error)
|   from /home/uchiha/playground/crystal/src/crystal/system/thread.cr:72:3 in 'unbuffered_write'
|   from /home/uchiha/playground/crystal/src/io/buffered.cr:163:14 in 'write'
|   from /home/uchiha/playground/crystal/src/http/server/response.cr:282:11 in 'unbuffered_write'
|   from /home/uchiha/playground/crystal/src/io/buffered.cr:163:14 in 'write'
|   from /home/uchiha/playground/crystal/src/http/server/response.cr:107:7 in 'write'
|   from /home/uchiha/playground/crystal/src/io.cr:488:7 in 'write_string'
|   from lib/kemal/src/kemal/route_handler.cr:174:7 in 'call'
|   from lib/kemal/src/kemal/websocket_handler.cr:13:14 in 'call'
|   from /home/uchiha/playground/crystal/src/http/server/handler.cr:30:7 in 'call_next'
|   from lib/kemal/src/kemal/filter_handler.cr:46:7 in 'call'
|   from /home/uchiha/playground/crystal/src/http/server/handler.cr:30:7 in 'call_next'
|   from src/middlewares/web_api_auth_middleware.cr:8:12 in 'call'
|   from /home/uchiha/playground/crystal/src/http/server/handler.cr:30:7 in 'call_next'
|   from src/middlewares/admin_api_auth_middleware.cr:7:12 in 'call'
|   from /home/uchiha/playground/crystal/src/http/server/handler.cr:30:7 in 'call_next'
|   from /home/uchiha/playground/crystal/src/http/server/handlers/static_file_handler.cr:60:12 in 'call'
|   from /home/uchiha/playground/crystal/src/http/server/handler.cr:30:7 in 'call'
|   from /home/uchiha/playground/crystal/src/http/server/handler.cr:30:7 in 'call'
|   from /home/uchiha/playground/crystal/src/http/server/handler.cr:30:7 in 'call'
|   from /home/uchiha/playground/crystal/src/http/server/handler.cr:30:7 in 'call'
|   from /home/uchiha/playground/crystal/src/http/server/request_processor.cr:58:11 in 'process'
|   from /home/uchiha/playground/crystal/src/http/server.cr:506:5 in '->'
|   from /home/uchiha/playground/crystal/src/fiber.cr:168:11 in 'run'
|   from /home/uchiha/playground/crystal/src/fiber.cr:103:3 in '->'
|   from ???
ERR 2026-08-04T07:14:20.273Z > Unhandled exception on HTTP::Handler
| Closed stream (IO::Error)
|   from /home/uchiha/playground/crystal/src/http/server/response.cr:215:15 in 'content_type='
|   from lib/kemal/src/kemal/helpers/templates.cr:25:3 in 'render_500'
|   from lib/kemal/src/kemal/exception_handler.cr:34:7 in 'call'
|   from /home/uchiha/playground/crystal/src/http/server/handler.cr:30:7 in 'call'
|   from /home/uchiha/playground/crystal/src/http/server/handler.cr:30:7 in 'call'
|   from /home/uchiha/playground/crystal/src/http/server/handler.cr:30:7 in 'call'
|   from /home/uchiha/playground/crystal/src/http/server/request_processor.cr:58:11 in 'process'
|   from /home/uchiha/playground/crystal/src/http/server.cr:506:5 in '->'
|   from /home/uchiha/playground/crystal/src/fiber.cr:168:11 in 'run'
|   from /home/uchiha/playground/crystal/src/fiber.cr:103:3 in '->'
|   from ???
ERR 2026-08-04T07:14:20.274Z > Error while writing data to the client
| Error while writing data to the client (HTTP::Server::ClientError)
|   from /home/uchiha/playground/crystal/src/http/server/response.cr:266:9 in 'unbuffered_write'
|   from /home/uchiha/playground/crystal/src/io/buffered.cr:163:14 in 'write'
|   from /home/uchiha/playground/crystal/src/http/server/response.cr:107:7 in 'write'
|   from /home/uchiha/playground/crystal/src/io.cr:488:7 in 'write_string'
|   from lib/kemal/src/kemal/route_handler.cr:174:7 in 'call'
|   from lib/kemal/src/kemal/websocket_handler.cr:13:14 in 'call'
|   from /home/uchiha/playground/crystal/src/http/server/handler.cr:30:7 in 'call_next'
|   from lib/kemal/src/kemal/filter_handler.cr:46:7 in 'call'
|   from /home/uchiha/playground/crystal/src/http/server/handler.cr:30:7 in 'call_next'
|   from src/middlewares/web_api_auth_middleware.cr:8:12 in 'call'
|   from /home/uchiha/playground/crystal/src/http/server/handler.cr:30:7 in 'call_next'
|   from src/middlewares/admin_api_auth_middleware.cr:7:12 in 'call'
|   from /home/uchiha/playground/crystal/src/http/server/handler.cr:30:7 in 'call_next'
|   from /home/uchiha/playground/crystal/src/http/server/handlers/static_file_handler.cr:60:12 in 'call'
|   from /home/uchiha/playground/crystal/src/http/server/handler.cr:30:7 in 'call'
|   from /home/uchiha/playground/crystal/src/http/server/handler.cr:30:7 in 'call'
|   from /home/uchiha/playground/crystal/src/http/server/handler.cr:30:7 in 'call'
|   from /home/uchiha/playground/crystal/src/http/server/handler.cr:30:7 in 'call'
|   from /home/uchiha/playground/crystal/src/http/server/request_processor.cr:58:11 in 'process'
|   from /home/uchiha/playground/crystal/src/http/server.cr:506:5 in '->'
|   from /home/uchiha/playground/crystal/src/fiber.cr:168:11 in 'run'
|   from /home/uchiha/playground/crystal/src/fiber.cr:103:3 in '->'
|   from ???
| Caused by: write (#<TCPSocket:0x7334e8926708>): Broken pipe (IO::Error)
|   from /home/uchiha/playground/crystal/src/crystal/system/thread.cr:72:3 in 'unbuffered_write'
|   from /home/uchiha/playground/crystal/src/io/buffered.cr:163:14 in 'write'
|   from /home/uchiha/playground/crystal/src/http/server/response.cr:282:11 in 'unbuffered_write'
|   from /home/uchiha/playground/crystal/src/io/buffered.cr:163:14 in 'write'
|   from /home/uchiha/playground/crystal/src/http/server/response.cr:107:7 in 'write'
|   from /home/uchiha/playground/crystal/src/io.cr:488:7 in 'write_string'
|   from lib/kemal/src/kemal/route_handler.cr:174:7 in 'call'
|   from lib/kemal/src/kemal/websocket_handler.cr:13:14 in 'call'
|   from /home/uchiha/playground/crystal/src/http/server/handler.cr:30:7 in 'call_next'
|   from lib/kemal/src/kemal/filter_handler.cr:46:7 in 'call'
|   from /home/uchiha/playground/crystal/src/http/server/handler.cr:30:7 in 'call_next'
|   from src/middlewares/web_api_auth_middleware.cr:8:12 in 'call'
|   from /home/uchiha/playground/crystal/src/http/server/handler.cr:30:7 in 'call_next'
|   from src/middlewares/admin_api_auth_middleware.cr:7:12 in 'call'
|   from /home/uchiha/playground/crystal/src/http/server/handler.cr:30:7 in 'call_next'
|   from /home/uchiha/playground/crystal/src/http/server/handlers/static_file_handler.cr:60:12 in 'call'
|   from /home/uchiha/playground/crystal/src/http/server/handler.cr:30:7 in 'call'
|   from /home/uchiha/playground/crystal/src/http/server/handler.cr:30:7 in 'call'
|   from /home/uchiha/playground/crystal/src/http/server/handler.cr:30:7 in 'call'
|   from /home/uchiha/playground/crystal/src/http/server/handler.cr:30:7 in 'call'
|   from /home/uchiha/playground/crystal/src/http/server/request_processor.cr:58:11 in 'process'
|   from /home/uchiha/playground/crystal/src/http/server.cr:506:5 in '->'
|   from /home/uchiha/playground/crystal/src/fiber.cr:168:11 in 'run'
|   from /home/uchiha/playground/crystal/src/fiber.cr:103:3 in '->'
|   from ???
ERR 2026-08-04T07:14:20.274Z > Unhandled exception on HTTP::Handler
| Closed stream (IO::Error)
|   from /home/uchiha/playground/crystal/src/http/server/response.cr:215:15 in 'content_type='
|   from lib/kemal/src/kemal/helpers/templates.cr:25:3 in 'render_500'
|   from lib/kemal/src/kemal/exception_handler.cr:34:7 in 'call'
|   from /home/uchiha/playground/crystal/src/http/server/handler.cr:30:7 in 'call'
|   from /home/uchiha/playground/crystal/src/http/server/handler.cr:30:7 in 'call'
|   from /home/uchiha/playground/crystal/src/http/server/handler.cr:30:7 in 'call'
|   from /home/uchiha/playground/crystal/src/http/server/request_processor.cr:58:11 in 'process'
|   from /home/uchiha/playground/crystal/src/http/server.cr:506:5 in '->'
|   from /home/uchiha/playground/crystal/src/fiber.cr:168:11 in 'run'
|   from /home/uchiha/playground/crystal/src/fiber.cr:103:3 in '->'
|   from ???
ERR 2026-08-04T07:14:20.285Z > Error while writing data to the client
| Error while writing data to the client (HTTP::Server::ClientError)
|   from /home/uchiha/playground/crystal/src/http/server/response.cr:266:9 in 'unbuffered_write'
|   from /home/uchiha/playground/crystal/src/io/buffered.cr:163:14 in 'write'
|   from /home/uchiha/playground/crystal/src/http/server/response.cr:107:7 in 'write'
|   from /home/uchiha/playground/crystal/src/io.cr:488:7 in 'write_string'
|   from lib/kemal/src/kemal/route_handler.cr:174:7 in 'call'
|   from lib/kemal/src/kemal/websocket_handler.cr:13:14 in 'call'
|   from /home/uchiha/playground/crystal/src/http/server/handler.cr:30:7 in 'call_next'
|   from lib/kemal/src/kemal/filter_handler.cr:46:7 in 'call'
|   from /home/uchiha/playground/crystal/src/http/server/handler.cr:30:7 in 'call_next'
|   from src/middlewares/web_api_auth_middleware.cr:8:12 in 'call'
|   from /home/uchiha/playground/crystal/src/http/server/handler.cr:30:7 in 'call_next'
|   from src/middlewares/admin_api_auth_middleware.cr:7:12 in 'call'
|   from /home/uchiha/playground/crystal/src/http/server/handler.cr:30:7 in 'call_next'
|   from /home/uchiha/playground/crystal/src/http/server/handlers/static_file_handler.cr:60:12 in 'call'
|   from /home/uchiha/playground/crystal/src/http/server/handler.cr:30:7 in 'call'
|   from /home/uchiha/playground/crystal/src/http/server/handler.cr:30:7 in 'call'
|   from /home/uchiha/playground/crystal/src/http/server/handler.cr:30:7 in 'call'
|   from /home/uchiha/playground/crystal/src/http/server/handler.cr:30:7 in 'call'
|   from /home/uchiha/playground/crystal/src/http/server/request_processor.cr:58:11 in 'process'
|   from /home/uchiha/playground/crystal/src/http/server.cr:506:5 in '->'
|   from /home/uchiha/playground/crystal/src/fiber.cr:168:11 in 'run'
|   from /home/uchiha/playground/crystal/src/fiber.cr:103:3 in '->'
|   from ???
| Caused by: write (#<TCPSocket:0x7334e8922aa8>): Broken pipe (IO::Error)
|   from /home/uchiha/playground/crystal/src/crystal/system/thread.cr:72:3 in 'unbuffered_write'
|   from /home/uchiha/playground/crystal/src/io/buffered.cr:163:14 in 'write'
|   from /home/uchiha/playground/crystal/src/http/server/response.cr:282:11 in 'unbuffered_write'
|   from /home/uchiha/playground/crystal/src/io/buffered.cr:163:14 in 'write'
|   from /home/uchiha/playground/crystal/src/http/server/response.cr:107:7 in 'write'
|   from /home/uchiha/playground/crystal/src/io.cr:488:7 in 'write_string'
|   from lib/kemal/src/kemal/route_handler.cr:174:7 in 'call'
|   from lib/kemal/src/kemal/websocket_handler.cr:13:14 in 'call'
|   from /home/uchiha/playground/crystal/src/http/server/handler.cr:30:7 in 'call_next'
|   from lib/kemal/src/kemal/filter_handler.cr:46:7 in 'call'
|   from /home/uchiha/playground/crystal/src/http/server/handler.cr:30:7 in 'call_next'
|   from src/middlewares/web_api_auth_middleware.cr:8:12 in 'call'
|   from /home/uchiha/playground/crystal/src/http/server/handler.cr:30:7 in 'call_next'
|   from src/middlewares/admin_api_auth_middleware.cr:7:12 in 'call'
|   from /home/uchiha/playground/crystal/src/http/server/handler.cr:30:7 in 'call_next'
|   from /home/uchiha/playground/crystal/src/http/server/handlers/static_file_handler.cr:60:12 in 'call'
|   from /home/uchiha/playground/crystal/src/http/server/handler.cr:30:7 in 'call'
|   from /home/uchiha/playground/crystal/src/http/server/handler.cr:30:7 in 'call'
|   from /home/uchiha/playground/crystal/src/http/server/handler.cr:30:7 in 'call'
|   from /home/uchiha/playground/crystal/src/http/server/handler.cr:30:7 in 'call'
|   from /home/uchiha/playground/crystal/src/http/server/request_processor.cr:58:11 in 'process'
|   from /home/uchiha/playground/crystal/src/http/server.cr:506:5 in '->'
|   from /home/uchiha/playground/crystal/src/fiber.cr:168:11 in 'run'
|   from /home/uchiha/playground/crystal/src/fiber.cr:103:3 in '->'
|   from ???
ERR 2026-08-04T07:14:20.285Z > Unhandled exception on HTTP::Handler
| Closed stream (IO::Error)
|   from /home/uchiha/playground/crystal/src/http/server/response.cr:215:15 in 'content_type='
|   from lib/kemal/src/kemal/helpers/templates.cr:25:3 in 'render_500'
|   from lib/kemal/src/kemal/exception_handler.cr:34:7 in 'call'
|   from /home/uchiha/playground/crystal/src/http/server/handler.cr:30:7 in 'call'
|   from /home/uchiha/playground/crystal/src/http/server/handler.cr:30:7 in 'call'
|   from /home/uchiha/playground/crystal/src/http/server/handler.cr:30:7 in 'call'
|   from /home/uchiha/playground/crystal/src/http/server/request_processor.cr:58:11 in 'process'
|   from /home/uchiha/playground/crystal/src/http/server.cr:506:5 in '->'
|   from /home/uchiha/playground/crystal/src/fiber.cr:168:11 in 'run'
|   from /home/uchiha/playground/crystal/src/fiber.cr:103:3 in '->'
|   from ???
ERR 2026-08-04T07:14:20.289Z > Error while writing data to the client
| Error while writing data to the client (HTTP::Server::ClientError)
|   from /home/uchiha/playground/crystal/src/http/server/response.cr:266:9 in 'unbuffered_write'
|   from /home/uchiha/playground/crystal/src/io/buffered.cr:163:14 in 'write'
|   from /home/uchiha/playground/crystal/src/http/server/response.cr:107:7 in 'write'
|   from /home/uchiha/playground/crystal/src/io.cr:488:7 in 'write_string'
|   from lib/kemal/src/kemal/route_handler.cr:174:7 in 'call'
|   from lib/kemal/src/kemal/websocket_handler.cr:13:14 in 'call'
|   from /home/uchiha/playground/crystal/src/http/server/handler.cr:30:7 in 'call_next'
|   from lib/kemal/src/kemal/filter_handler.cr:46:7 in 'call'
|   from /home/uchiha/playground/crystal/src/http/server/handler.cr:30:7 in 'call_next'
|   from src/middlewares/web_api_auth_middleware.cr:8:12 in 'call'
|   from /home/uchiha/playground/crystal/src/http/server/handler.cr:30:7 in 'call_next'
|   from src/middlewares/admin_api_auth_middleware.cr:7:12 in 'call'
|   from /home/uchiha/playground/crystal/src/http/server/handler.cr:30:7 in 'call_next'
|   from /home/uchiha/playground/crystal/src/http/server/handlers/static_file_handler.cr:60:12 in 'call'
|   from /home/uchiha/playground/crystal/src/http/server/handler.cr:30:7 in 'call'
|   from /home/uchiha/playground/crystal/src/http/server/handler.cr:30:7 in 'call'
|   from /home/uchiha/playground/crystal/src/http/server/handler.cr:30:7 in 'call'
|   from /home/uchiha/playground/crystal/src/http/server/handler.cr:30:7 in 'call'
|   from /home/uchiha/playground/crystal/src/http/server/request_processor.cr:58:11 in 'process'
|   from /home/uchiha/playground/crystal/src/http/server.cr:506:5 in '->'
|   from /home/uchiha/playground/crystal/src/fiber.cr:168:11 in 'run'
|   from /home/uchiha/playground/crystal/src/fiber.cr:103:3 in '->'
|   from ???
| Caused by: write (#<TCPSocket:0x7334e8925898>): Broken pipe (IO::Error)
|   from /home/uchiha/playground/crystal/src/crystal/system/thread.cr:72:3 in 'unbuffered_write'
|   from /home/uchiha/playground/crystal/src/io/buffered.cr:163:14 in 'write'
|   from /home/uchiha/playground/crystal/src/http/server/response.cr:282:11 in 'unbuffered_write'
|   from /home/uchiha/playground/crystal/src/io/buffered.cr:163:14 in 'write'
|   from /home/uchiha/playground/crystal/src/http/server/response.cr:107:7 in 'write'
|   from /home/uchiha/playground/crystal/src/io.cr:488:7 in 'write_string'
|   from lib/kemal/src/kemal/route_handler.cr:174:7 in 'call'
|   from lib/kemal/src/kemal/websocket_handler.cr:13:14 in 'call'
|   from /home/uchiha/playground/crystal/src/http/server/handler.cr:30:7 in 'call_next'
|   from lib/kemal/src/kemal/filter_handler.cr:46:7 in 'call'
|   from /home/uchiha/playground/crystal/src/http/server/handler.cr:30:7 in 'call_next'
|   from src/middlewares/web_api_auth_middleware.cr:8:12 in 'call'
|   from /home/uchiha/playground/crystal/src/http/server/handler.cr:30:7 in 'call_next'
|   from src/middlewares/admin_api_auth_middleware.cr:7:12 in 'call'
|   from /home/uchiha/playground/crystal/src/http/server/handler.cr:30:7 in 'call_next'
|   from /home/uchiha/playground/crystal/src/http/server/handlers/static_file_handler.cr:60:12 in 'call'
|   from /home/uchiha/playground/crystal/src/http/server/handler.cr:30:7 in 'call'
|   from /home/uchiha/playground/crystal/src/http/server/handler.cr:30:7 in 'call'
|   from /home/uchiha/playground/crystal/src/http/server/handler.cr:30:7 in 'call'
|   from /home/uchiha/playground/crystal/src/http/server/handler.cr:30:7 in 'call'
|   from /home/uchiha/playground/crystal/src/http/server/request_processor.cr:58:11 in 'process'
|   from /home/uchiha/playground/crystal/src/http/server.cr:506:5 in '->'
|   from /home/uchiha/playground/crystal/src/fiber.cr:168:11 in 'run'
|   from /home/uchiha/playground/crystal/src/fiber.cr:103:3 in '->'
|   from ???
ERR 2026-08-04T07:14:20.289Z > Unhandled exception on HTTP::Handler
| Closed stream (IO::Error)
|   from /home/uchiha/playground/crystal/src/http/server/response.cr:215:15 in 'content_type='
|   from lib/kemal/src/kemal/helpers/templates.cr:25:3 in 'render_500'
|   from lib/kemal/src/kemal/exception_handler.cr:34:7 in 'call'
|   from /home/uchiha/playground/crystal/src/http/server/handler.cr:30:7 in 'call'
|   from /home/uchiha/playground/crystal/src/http/server/handler.cr:30:7 in 'call'
|   from /home/uchiha/playground/crystal/src/http/server/handler.cr:30:7 in 'call'
|   from /home/uchiha/playground/crystal/src/http/server/request_processor.cr:58:11 in 'process'
|   from /home/uchiha/playground/crystal/src/http/server.cr:506:5 in '->'
|   from /home/uchiha/playground/crystal/src/fiber.cr:168:11 in 'run'
|   from /home/uchiha/playground/crystal/src/fiber.cr:103:3 in '->'
|   from ???
ERR 2026-08-04T07:14:20.290Z > Error while writing data to the client
| Error while writing data to the client (HTTP::Server::ClientError)
|   from /home/uchiha/playground/crystal/src/http/server/response.cr:266:9 in 'unbuffered_write'
|   from /home/uchiha/playground/crystal/src/io/buffered.cr:163:14 in 'write'
|   from /home/uchiha/playground/crystal/src/http/server/response.cr:107:7 in 'write'
|   from /home/uchiha/playground/crystal/src/io.cr:488:7 in 'write_string'
|   from lib/kemal/src/kemal/route_handler.cr:174:7 in 'call'
|   from lib/kemal/src/kemal/websocket_handler.cr:13:14 in 'call'
|   from /home/uchiha/playground/crystal/src/http/server/handler.cr:30:7 in 'call_next'
|   from lib/kemal/src/kemal/filter_handler.cr:46:7 in 'call'
|   from /home/uchiha/playground/crystal/src/http/server/handler.cr:30:7 in 'call_next'
|   from src/middlewares/web_api_auth_middleware.cr:8:12 in 'call'
|   from /home/uchiha/playground/crystal/src/http/server/handler.cr:30:7 in 'call_next'
|   from src/middlewares/admin_api_auth_middleware.cr:7:12 in 'call'
|   from /home/uchiha/playground/crystal/src/http/server/handler.cr:30:7 in 'call_next'
|   from /home/uchiha/playground/crystal/src/http/server/handlers/static_file_handler.cr:60:12 in 'call'
|   from /home/uchiha/playground/crystal/src/http/server/handler.cr:30:7 in 'call'
|   from /home/uchiha/playground/crystal/src/http/server/handler.cr:30:7 in 'call'
|   from /home/uchiha/playground/crystal/src/http/server/handler.cr:30:7 in 'call'
|   from /home/uchiha/playground/crystal/src/http/server/handler.cr:30:7 in 'call'
|   from /home/uchiha/playground/crystal/src/http/server/request_processor.cr:58:11 in 'process'
|   from /home/uchiha/playground/crystal/src/http/server.cr:506:5 in '->'
|   from /home/uchiha/playground/crystal/src/fiber.cr:168:11 in 'run'
|   from /home/uchiha/playground/crystal/src/fiber.cr:103:3 in '->'
|   from ???
| Caused by: write (#<TCPSocket:0x7334e8925358>): Broken pipe (IO::Error)
|   from /home/uchiha/playground/crystal/src/crystal/system/thread.cr:72:3 in 'unbuffered_write'
|   from /home/uchiha/playground/crystal/src/io/buffered.cr:163:14 in 'write'
|   from /home/uchiha/playground/crystal/src/http/server/response.cr:282:11 in 'unbuffered_write'
|   from /home/uchiha/playground/crystal/src/io/buffered.cr:163:14 in 'write'
|   from /home/uchiha/playground/crystal/src/http/server/response.cr:107:7 in 'write'
|   from /home/uchiha/playground/crystal/src/io.cr:488:7 in 'write_string'
|   from lib/kemal/src/kemal/route_handler.cr:174:7 in 'call'
|   from lib/kemal/src/kemal/websocket_handler.cr:13:14 in 'call'
|   from /home/uchiha/playground/crystal/src/http/server/handler.cr:30:7 in 'call_next'
|   from lib/kemal/src/kemal/filter_handler.cr:46:7 in 'call'
|   from /home/uchiha/playground/crystal/src/http/server/handler.cr:30:7 in 'call_next'
|   from src/middlewares/web_api_auth_middleware.cr:8:12 in 'call'
|   from /home/uchiha/playground/crystal/src/http/server/handler.cr:30:7 in 'call_next'
|   from src/middlewares/admin_api_auth_middleware.cr:7:12 in 'call'
|   from /home/uchiha/playground/crystal/src/http/server/handler.cr:30:7 in 'call_next'
|   from /home/uchiha/playground/crystal/src/http/server/handlers/static_file_handler.cr:60:12 in 'call'
|   from /home/uchiha/playground/crystal/src/http/server/handler.cr:30:7 in 'call'
|   from /home/uchiha/playground/crystal/src/http/server/handler.cr:30:7 in 'call'
|   from /home/uchiha/playground/crystal/src/http/server/handler.cr:30:7 in 'call'
|   from /home/uchiha/playground/crystal/src/http/server/handler.cr:30:7 in 'call'
|   from /home/uchiha/playground/crystal/src/http/server/request_processor.cr:58:11 in 'process'
|   from /home/uchiha/playground/crystal/src/http/server.cr:506:5 in '->'
|   from /home/uchiha/playground/crystal/src/fiber.cr:168:11 in 'run'
|   from /home/uchiha/playground/crystal/src/fiber.cr:103:3 in '->'
|   from ???
ERR 2026-08-04T07:14:20.290Z > Unhandled exception on HTTP::Handler
| Closed stream (IO::Error)
|   from /home/uchiha/playground/crystal/src/http/server/response.cr:215:15 in 'content_type='
|   from lib/kemal/src/kemal/helpers/templates.cr:25:3 in 'render_500'
|   from lib/kemal/src/kemal/exception_handler.cr:34:7 in 'call'
|   from /home/uchiha/playground/crystal/src/http/server/handler.cr:30:7 in 'call'
|   from /home/uchiha/playground/crystal/src/http/server/handler.cr:30:7 in 'call'
|   from /home/uchiha/playground/crystal/src/http/server/handler.cr:30:7 in 'call'
|   from /home/uchiha/playground/crystal/src/http/server/request_processor.cr:58:11 in 'process'
|   from /home/uchiha/playground/crystal/src/http/server.cr:506:5 in '->'
|   from /home/uchiha/playground/crystal/src/fiber.cr:168:11 in 'run'
|   from /home/uchiha/playground/crystal/src/fiber.cr:103:3 in '->'
|   from ???
ERR 2026-08-04T07:14:20.290Z > Error while writing data to the client
| Error while writing data to the client (HTTP::Server::ClientError)
|   from /home/uchiha/playground/crystal/src/http/server/response.cr:266:9 in 'unbuffered_write'
|   from /home/uchiha/playground/crystal/src/io/buffered.cr:163:14 in 'write'
|   from /home/uchiha/playground/crystal/src/http/server/response.cr:107:7 in 'write'
|   from /home/uchiha/playground/crystal/src/io.cr:488:7 in 'write_string'
|   from lib/kemal/src/kemal/route_handler.cr:174:7 in 'call'
|   from lib/kemal/src/kemal/websocket_handler.cr:13:14 in 'call'
|   from /home/uchiha/playground/crystal/src/http/server/handler.cr:30:7 in 'call_next'
|   from lib/kemal/src/kemal/filter_handler.cr:46:7 in 'call'
|   from /home/uchiha/playground/crystal/src/http/server/handler.cr:30:7 in 'call_next'
|   from src/middlewares/web_api_auth_middleware.cr:8:12 in 'call'
|   from /home/uchiha/playground/crystal/src/http/server/handler.cr:30:7 in 'call_next'
|   from src/middlewares/admin_api_auth_middleware.cr:7:12 in 'call'
|   from /home/uchiha/playground/crystal/src/http/server/handler.cr:30:7 in 'call_next'
|   from /home/uchiha/playground/crystal/src/http/server/handlers/static_file_handler.cr:60:12 in 'call'
|   from /home/uchiha/playground/crystal/src/http/server/handler.cr:30:7 in 'call'
|   from /home/uchiha/playground/crystal/src/http/server/handler.cr:30:7 in 'call'
|   from /home/uchiha/playground/crystal/src/http/server/handler.cr:30:7 in 'call'
|   from /home/uchiha/playground/crystal/src/http/server/handler.cr:30:7 in 'call'
|   from /home/uchiha/playground/crystal/src/http/server/request_processor.cr:58:11 in 'process'
|   from /home/uchiha/playground/crystal/src/http/server.cr:506:5 in '->'
|   from /home/uchiha/playground/crystal/src/fiber.cr:168:11 in 'run'
|   from /home/uchiha/playground/crystal/src/fiber.cr:103:3 in '->'
|   from ???
| Caused by: write (#<TCPSocket:0x7334e8924f68>): Broken pipe (IO::Error)
|   from /home/uchiha/playground/crystal/src/crystal/system/thread.cr:72:3 in 'unbuffered_write'
|   from /home/uchiha/playground/crystal/src/io/buffered.cr:163:14 in 'write'
|   from /home/uchiha/playground/crystal/src/http/server/response.cr:282:11 in 'unbuffered_write'
|   from /home/uchiha/playground/crystal/src/io/buffered.cr:163:14 in 'write'
|   from /home/uchiha/playground/crystal/src/http/server/response.cr:107:7 in 'write'
|   from /home/uchiha/playground/crystal/src/io.cr:488:7 in 'write_string'
|   from lib/kemal/src/kemal/route_handler.cr:174:7 in 'call'
|   from lib/kemal/src/kemal/websocket_handler.cr:13:14 in 'call'
|   from /home/uchiha/playground/crystal/src/http/server/handler.cr:30:7 in 'call_next'
|   from lib/kemal/src/kemal/filter_handler.cr:46:7 in 'call'
|   from /home/uchiha/playground/crystal/src/http/server/handler.cr:30:7 in 'call_next'
|   from src/middlewares/web_api_auth_middleware.cr:8:12 in 'call'
|   from /home/uchiha/playground/crystal/src/http/server/handler.cr:30:7 in 'call_next'
|   from src/middlewares/admin_api_auth_middleware.cr:7:12 in 'call'
|   from /home/uchiha/playground/crystal/src/http/server/handler.cr:30:7 in 'call_next'
|   from /home/uchiha/playground/crystal/src/http/server/handlers/static_file_handler.cr:60:12 in 'call'
|   from /home/uchiha/playground/crystal/src/http/server/handler.cr:30:7 in 'call'
|   from /home/uchiha/playground/crystal/src/http/server/handler.cr:30:7 in 'call'
|   from /home/uchiha/playground/crystal/src/http/server/handler.cr:30:7 in 'call'
|   from /home/uchiha/playground/crystal/src/http/server/handler.cr:30:7 in 'call'
|   from /home/uchiha/playground/crystal/src/http/server/request_processor.cr:58:11 in 'process'
|   from /home/uchiha/playground/crystal/src/http/server.cr:506:5 in '->'
|   from /home/uchiha/playground/crystal/src/fiber.cr:168:11 in 'run'
|   from /home/uchiha/playground/crystal/src/fiber.cr:103:3 in '->'
|   from ???
ERR 2026-08-04T07:14:20.290Z > Unhandled exception on HTTP::Handler
| Closed stream (IO::Error)
|   from /home/uchiha/playground/crystal/src/http/server/response.cr:215:15 in 'content_type='
|   from lib/kemal/src/kemal/helpers/templates.cr:25:3 in 'render_500'
|   from lib/kemal/src/kemal/exception_handler.cr:34:7 in 'call'
|   from /home/uchiha/playground/crystal/src/http/server/handler.cr:30:7 in 'call'
|   from /home/uchiha/playground/crystal/src/http/server/handler.cr:30:7 in 'call'
|   from /home/uchiha/playground/crystal/src/http/server/handler.cr:30:7 in 'call'
|   from /home/uchiha/playground/crystal/src/http/server/request_processor.cr:58:11 in 'process'
|   from /home/uchiha/playground/crystal/src/http/server.cr:506:5 in '->'
|   from /home/uchiha/playground/crystal/src/fiber.cr:168:11 in 'run'
|   from /home/uchiha/playground/crystal/src/fiber.cr:103:3 in '->'
|   from ???
ERR 2026-08-04T07:14:20.300Z > Error while writing data to the client
| Error while writing data to the client (HTTP::Server::ClientError)
|   from /home/uchiha/playground/crystal/src/http/server/response.cr:266:9 in 'unbuffered_write'
|   from /home/uchiha/playground/crystal/src/io/buffered.cr:163:14 in 'write'
|   from /home/uchiha/playground/crystal/src/http/server/response.cr:107:7 in 'write'
|   from /home/uchiha/playground/crystal/src/io.cr:488:7 in 'write_string'
|   from lib/kemal/src/kemal/route_handler.cr:174:7 in 'call'
|   from lib/kemal/src/kemal/websocket_handler.cr:13:14 in 'call'
|   from /home/uchiha/playground/crystal/src/http/server/handler.cr:30:7 in 'call_next'
|   from lib/kemal/src/kemal/filter_handler.cr:46:7 in 'call'
|   from /home/uchiha/playground/crystal/src/http/server/handler.cr:30:7 in 'call_next'
|   from src/middlewares/web_api_auth_middleware.cr:8:12 in 'call'
|   from /home/uchiha/playground/crystal/src/http/server/handler.cr:30:7 in 'call_next'
|   from src/middlewares/admin_api_auth_middleware.cr:7:12 in 'call'
|   from /home/uchiha/playground/crystal/src/http/server/handler.cr:30:7 in 'call_next'
|   from /home/uchiha/playground/crystal/src/http/server/handlers/static_file_handler.cr:60:12 in 'call'
|   from /home/uchiha/playground/crystal/src/http/server/handler.cr:30:7 in 'call'
|   from /home/uchiha/playground/crystal/src/http/server/handler.cr:30:7 in 'call'
|   from /home/uchiha/playground/crystal/src/http/server/handler.cr:30:7 in 'call'
|   from /home/uchiha/playground/crystal/src/http/server/handler.cr:30:7 in 'call'
|   from /home/uchiha/playground/crystal/src/http/server/request_processor.cr:58:11 in 'process'
|   from /home/uchiha/playground/crystal/src/http/server.cr:506:5 in '->'
|   from /home/uchiha/playground/crystal/src/fiber.cr:168:11 in 'run'
|   from /home/uchiha/playground/crystal/src/fiber.cr:103:3 in '->'
|   from ???
| Caused by: write (#<TCPSocket:0x7334e89272d8>): Broken pipe (IO::Error)
|   from /home/uchiha/playground/crystal/src/crystal/system/thread.cr:72:3 in 'unbuffered_write'
|   from /home/uchiha/playground/crystal/src/io/buffered.cr:163:14 in 'write'
|   from /home/uchiha/playground/crystal/src/http/server/response.cr:282:11 in 'unbuffered_write'
|   from /home/uchiha/playground/crystal/src/io/buffered.cr:163:14 in 'write'
|   from /home/uchiha/playground/crystal/src/http/server/response.cr:107:7 in 'write'
|   from /home/uchiha/playground/crystal/src/io.cr:488:7 in 'write_string'
|   from lib/kemal/src/kemal/route_handler.cr:174:7 in 'call'
|   from lib/kemal/src/kemal/websocket_handler.cr:13:14 in 'call'
|   from /home/uchiha/playground/crystal/src/http/server/handler.cr:30:7 in 'call_next'
|   from lib/kemal/src/kemal/filter_handler.cr:46:7 in 'call'
|   from /home/uchiha/playground/crystal/src/http/server/handler.cr:30:7 in 'call_next'
|   from src/middlewares/web_api_auth_middleware.cr:8:12 in 'call'
|   from /home/uchiha/playground/crystal/src/http/server/handler.cr:30:7 in 'call_next'
|   from src/middlewares/admin_api_auth_middleware.cr:7:12 in 'call'
|   from /home/uchiha/playground/crystal/src/http/server/handler.cr:30:7 in 'call_next'
|   from /home/uchiha/playground/crystal/src/http/server/handlers/static_file_handler.cr:60:12 in 'call'
|   from /home/uchiha/playground/crystal/src/http/server/handler.cr:30:7 in 'call'
|   from /home/uchiha/playground/crystal/src/http/server/handler.cr:30:7 in 'call'
|   from /home/uchiha/playground/crystal/src/http/server/handler.cr:30:7 in 'call'
|   from /home/uchiha/playground/crystal/src/http/server/handler.cr:30:7 in 'call'
|   from /home/uchiha/playground/crystal/src/http/server/request_processor.cr:58:11 in 'process'
|   from /home/uchiha/playground/crystal/src/http/server.cr:506:5 in '->'
|   from /home/uchiha/playground/crystal/src/fiber.cr:168:11 in 'run'
|   from /home/uchiha/playground/crystal/src/fiber.cr:103:3 in '->'
|   from ???
ERR 2026-08-04T07:14:20.300Z > Unhandled exception on HTTP::Handler
| Closed stream (IO::Error)
|   from /home/uchiha/playground/crystal/src/http/server/response.cr:215:15 in 'content_type='
|   from lib/kemal/src/kemal/helpers/templates.cr:25:3 in 'render_500'
|   from lib/kemal/src/kemal/exception_handler.cr:34:7 in 'call'
|   from /home/uchiha/playground/crystal/src/http/server/handler.cr:30:7 in 'call'
|   from /home/uchiha/playground/crystal/src/http/server/handler.cr:30:7 in 'call'
|   from /home/uchiha/playground/crystal/src/http/server/handler.cr:30:7 in 'call'
|   from /home/uchiha/playground/crystal/src/http/server/request_processor.cr:58:11 in 'process'
|   from /home/uchiha/playground/crystal/src/http/server.cr:506:5 in '->'
|   from /home/uchiha/playground/crystal/src/fiber.cr:168:11 in 'run'
|   from /home/uchiha/playground/crystal/src/fiber.cr:103:3 in '->'
|   from ???
ERR 2026-08-04T07:14:20.301Z > Error while writing data to the client
| Error while writing data to the client (HTTP::Server::ClientError)
|   from /home/uchiha/playground/crystal/src/http/server/response.cr:266:9 in 'unbuffered_write'
|   from /home/uchiha/playground/crystal/src/io/buffered.cr:163:14 in 'write'
|   from /home/uchiha/playground/crystal/src/http/server/response.cr:107:7 in 'write'
|   from /home/uchiha/playground/crystal/src/io.cr:488:7 in 'write_string'
|   from lib/kemal/src/kemal/route_handler.cr:174:7 in 'call'
|   from lib/kemal/src/kemal/websocket_handler.cr:13:14 in 'call'
|   from /home/uchiha/playground/crystal/src/http/server/handler.cr:30:7 in 'call_next'
|   from lib/kemal/src/kemal/filter_handler.cr:46:7 in 'call'
|   from /home/uchiha/playground/crystal/src/http/server/handler.cr:30:7 in 'call_next'
|   from src/middlewares/web_api_auth_middleware.cr:8:12 in 'call'
|   from /home/uchiha/playground/crystal/src/http/server/handler.cr:30:7 in 'call_next'
|   from src/middlewares/admin_api_auth_middleware.cr:7:12 in 'call'
|   from /home/uchiha/playground/crystal/src/http/server/handler.cr:30:7 in 'call_next'
|   from /home/uchiha/playground/crystal/src/http/server/handlers/static_file_handler.cr:60:12 in 'call'
|   from /home/uchiha/playground/crystal/src/http/server/handler.cr:30:7 in 'call'
|   from /home/uchiha/playground/crystal/src/http/server/handler.cr:30:7 in 'call'
|   from /home/uchiha/playground/crystal/src/http/server/handler.cr:30:7 in 'call'
|   from /home/uchiha/playground/crystal/src/http/server/handler.cr:30:7 in 'call'
|   from /home/uchiha/playground/crystal/src/http/server/request_processor.cr:58:11 in 'process'
|   from /home/uchiha/playground/crystal/src/http/server.cr:506:5 in '->'
|   from /home/uchiha/playground/crystal/src/fiber.cr:168:11 in 'run'
|   from /home/uchiha/playground/crystal/src/fiber.cr:103:3 in '->'
|   from ???
| Caused by: write (#<TCPSocket:0x7334e89233d8>): Broken pipe (IO::Error)
|   from /home/uchiha/playground/crystal/src/crystal/system/thread.cr:72:3 in 'unbuffered_write'
|   from /home/uchiha/playground/crystal/src/io/buffered.cr:163:14 in 'write'
|   from /home/uchiha/playground/crystal/src/http/server/response.cr:282:11 in 'unbuffered_write'
|   from /home/uchiha/playground/crystal/src/io/buffered.cr:163:14 in 'write'
|   from /home/uchiha/playground/crystal/src/http/server/response.cr:107:7 in 'write'
|   from /home/uchiha/playground/crystal/src/io.cr:488:7 in 'write_string'
|   from lib/kemal/src/kemal/route_handler.cr:174:7 in 'call'
|   from lib/kemal/src/kemal/websocket_handler.cr:13:14 in 'call'
|   from /home/uchiha/playground/crystal/src/http/server/handler.cr:30:7 in 'call_next'
|   from lib/kemal/src/kemal/filter_handler.cr:46:7 in 'call'
|   from /home/uchiha/playground/crystal/src/http/server/handler.cr:30:7 in 'call_next'
|   from src/middlewares/web_api_auth_middleware.cr:8:12 in 'call'
|   from /home/uchiha/playground/crystal/src/http/server/handler.cr:30:7 in 'call_next'
|   from src/middlewares/admin_api_auth_middleware.cr:7:12 in 'call'
|   from /home/uchiha/playground/crystal/src/http/server/handler.cr:30:7 in 'call_next'
|   from /home/uchiha/playground/crystal/src/http/server/handlers/static_file_handler.cr:60:12 in 'call'
|   from /home/uchiha/playground/crystal/src/http/server/handler.cr:30:7 in 'call'
|   from /home/uchiha/playground/crystal/src/http/server/handler.cr:30:7 in 'call'
|   from /home/uchiha/playground/crystal/src/http/server/handler.cr:30:7 in 'call'
|   from /home/uchiha/playground/crystal/src/http/server/handler.cr:30:7 in 'call'
|   from /home/uchiha/playground/crystal/src/http/server/request_processor.cr:58:11 in 'process'
|   from /home/uchiha/playground/crystal/src/http/server.cr:506:5 in '->'
|   from /home/uchiha/playground/crystal/src/fiber.cr:168:11 in 'run'
|   from /home/uchiha/playground/crystal/src/fiber.cr:103:3 in '->'
|   from ???
ERR 2026-08-04T07:14:20.301Z > Unhandled exception on HTTP::Handler
| Closed stream (IO::Error)
|   from /home/uchiha/playground/crystal/src/http/server/response.cr:215:15 in 'content_type='
|   from lib/kemal/src/kemal/helpers/templates.cr:25:3 in 'render_500'
|   from lib/kemal/src/kemal/exception_handler.cr:34:7 in 'call'
|   from /home/uchiha/playground/crystal/src/http/server/handler.cr:30:7 in 'call'
|   from /home/uchiha/playground/crystal/src/http/server/handler.cr:30:7 in 'call'
|   from /home/uchiha/playground/crystal/src/http/server/handler.cr:30:7 in 'call'
|   from /home/uchiha/playground/crystal/src/http/server/request_processor.cr:58:11 in 'process'
|   from /home/uchiha/playground/crystal/src/http/server.cr:506:5 in '->'
|   from /home/uchiha/playground/crystal/src/fiber.cr:168:11 in 'run'
|   from /home/uchiha/playground/crystal/src/fiber.cr:103:3 in '->'
|   from ???
ERR 2026-08-04T07:14:20.301Z > Error while writing data to the client
| Error while writing data to the client (HTTP::Server::ClientError)
|   from /home/uchiha/playground/crystal/src/http/server/response.cr:266:9 in 'unbuffered_write'
|   from /home/uchiha/playground/crystal/src/io/buffered.cr:163:14 in 'write'
|   from /home/uchiha/playground/crystal/src/http/server/response.cr:107:7 in 'write'
|   from /home/uchiha/playground/crystal/src/io.cr:488:7 in 'write_string'
|   from lib/kemal/src/kemal/route_handler.cr:174:7 in 'call'
|   from lib/kemal/src/kemal/websocket_handler.cr:13:14 in 'call'
|   from /home/uchiha/playground/crystal/src/http/server/handler.cr:30:7 in 'call_next'
|   from lib/kemal/src/kemal/filter_handler.cr:46:7 in 'call'
|   from /home/uchiha/playground/crystal/src/http/server/handler.cr:30:7 in 'call_next'
|   from src/middlewares/web_api_auth_middleware.cr:8:12 in 'call'
|   from /home/uchiha/playground/crystal/src/http/server/handler.cr:30:7 in 'call_next'
|   from src/middlewares/admin_api_auth_middleware.cr:7:12 in 'call'
|   from /home/uchiha/playground/crystal/src/http/server/handler.cr:30:7 in 'call_next'
|   from /home/uchiha/playground/crystal/src/http/server/handlers/static_file_handler.cr:60:12 in 'call'
|   from /home/uchiha/playground/crystal/src/http/server/handler.cr:30:7 in 'call'
|   from /home/uchiha/playground/crystal/src/http/server/handler.cr:30:7 in 'call'
|   from /home/uchiha/playground/crystal/src/http/server/handler.cr:30:7 in 'call'
|   from /home/uchiha/playground/crystal/src/http/server/handler.cr:30:7 in 'call'
|   from /home/uchiha/playground/crystal/src/http/server/request_processor.cr:58:11 in 'process'
|   from /home/uchiha/playground/crystal/src/http/server.cr:506:5 in '->'
|   from /home/uchiha/playground/crystal/src/fiber.cr:168:11 in 'run'
|   from /home/uchiha/playground/crystal/src/fiber.cr:103:3 in '->'
|   from ???
| Caused by: write (#<TCPSocket:0x7334e89261c8>): Broken pipe (IO::Error)
|   from /home/uchiha/playground/crystal/src/crystal/system/thread.cr:72:3 in 'unbuffered_write'
|   from /home/uchiha/playground/crystal/src/io/buffered.cr:163:14 in 'write'
|   from /home/uchiha/playground/crystal/src/http/server/response.cr:282:11 in 'unbuffered_write'
|   from /home/uchiha/playground/crystal/src/io/buffered.cr:163:14 in 'write'
|   from /home/uchiha/playground/crystal/src/http/server/response.cr:107:7 in 'write'
|   from /home/uchiha/playground/crystal/src/io.cr:488:7 in 'write_string'
|   from lib/kemal/src/kemal/route_handler.cr:174:7 in 'call'
|   from lib/kemal/src/kemal/websocket_handler.cr:13:14 in 'call'
|   from /home/uchiha/playground/crystal/src/http/server/handler.cr:30:7 in 'call_next'
|   from lib/kemal/src/kemal/filter_handler.cr:46:7 in 'call'
|   from /home/uchiha/playground/crystal/src/http/server/handler.cr:30:7 in 'call_next'
|   from src/middlewares/web_api_auth_middleware.cr:8:12 in 'call'
|   from /home/uchiha/playground/crystal/src/http/server/handler.cr:30:7 in 'call_next'
|   from src/middlewares/admin_api_auth_middleware.cr:7:12 in 'call'
|   from /home/uchiha/playground/crystal/src/http/server/handler.cr:30:7 in 'call_next'
|   from /home/uchiha/playground/crystal/src/http/server/handlers/static_file_handler.cr:60:12 in 'call'
|   from /home/uchiha/playground/crystal/src/http/server/handler.cr:30:7 in 'call'
|   from /home/uchiha/playground/crystal/src/http/server/handler.cr:30:7 in 'call'
|   from /home/uchiha/playground/crystal/src/http/server/handler.cr:30:7 in 'call'
|   from /home/uchiha/playground/crystal/src/http/server/handler.cr:30:7 in 'call'
|   from /home/uchiha/playground/crystal/src/http/server/request_processor.cr:58:11 in 'process'
|   from /home/uchiha/playground/crystal/src/http/server.cr:506:5 in '->'
|   from /home/uchiha/playground/crystal/src/fiber.cr:168:11 in 'run'
|   from /home/uchiha/playground/crystal/src/fiber.cr:103:3 in '->'
|   from ???
ERR 2026-08-04T07:14:20.301Z > Unhandled exception on HTTP::Handler
| Closed stream (IO::Error)
|   from /home/uchiha/playground/crystal/src/http/server/response.cr:215:15 in 'content_type='
|   from lib/kemal/src/kemal/helpers/templates.cr:25:3 in 'render_500'
|   from lib/kemal/src/kemal/exception_handler.cr:34:7 in 'call'
|   from /home/uchiha/playground/crystal/src/http/server/handler.cr:30:7 in 'call'
|   from /home/uchiha/playground/crystal/src/http/server/handler.cr:30:7 in 'call'
|   from /home/uchiha/playground/crystal/src/http/server/handler.cr:30:7 in 'call'
|   from /home/uchiha/playground/crystal/src/http/server/request_processor.cr:58:11 in 'process'
|   from /home/uchiha/playground/crystal/src/http/server.cr:506:5 in '->'
|   from /home/uchiha/playground/crystal/src/fiber.cr:168:11 in 'run'
|   from /home/uchiha/playground/crystal/src/fiber.cr:103:3 in '->'
|   from ???
ERR 2026-08-04T07:14:20.306Z > Error while writing data to the client
| Error while writing data to the client (HTTP::Server::ClientError)
|   from /home/uchiha/playground/crystal/src/http/server/response.cr:266:9 in 'unbuffered_write'
|   from /home/uchiha/playground/crystal/src/io/buffered.cr:163:14 in 'write'
|   from /home/uchiha/playground/crystal/src/http/server/response.cr:107:7 in 'write'
|   from /home/uchiha/playground/crystal/src/io.cr:488:7 in 'write_string'
|   from lib/kemal/src/kemal/route_handler.cr:174:7 in 'call'
|   from lib/kemal/src/kemal/websocket_handler.cr:13:14 in 'call'
|   from /home/uchiha/playground/crystal/src/http/server/handler.cr:30:7 in 'call_next'
|   from lib/kemal/src/kemal/filter_handler.cr:46:7 in 'call'
|   from /home/uchiha/playground/crystal/src/http/server/handler.cr:30:7 in 'call_next'
|   from src/middlewares/web_api_auth_middleware.cr:8:12 in 'call'
|   from /home/uchiha/playground/crystal/src/http/server/handler.cr:30:7 in 'call_next'
|   from src/middlewares/admin_api_auth_middleware.cr:7:12 in 'call'
|   from /home/uchiha/playground/crystal/src/http/server/handler.cr:30:7 in 'call_next'
|   from /home/uchiha/playground/crystal/src/http/server/handlers/static_file_handler.cr:60:12 in 'call'
|   from /home/uchiha/playground/crystal/src/http/server/handler.cr:30:7 in 'call'
|   from /home/uchiha/playground/crystal/src/http/server/handler.cr:30:7 in 'call'
|   from /home/uchiha/playground/crystal/src/http/server/handler.cr:30:7 in 'call'
|   from /home/uchiha/playground/crystal/src/http/server/handler.cr:30:7 in 'call'
|   from /home/uchiha/playground/crystal/src/http/server/request_processor.cr:58:11 in 'process'
|   from /home/uchiha/playground/crystal/src/http/server.cr:506:5 in '->'
|   from /home/uchiha/playground/crystal/src/fiber.cr:168:11 in 'run'
|   from /home/uchiha/playground/crystal/src/fiber.cr:103:3 in '->'
|   from ???
| Caused by: write (#<TCPSocket:0x7334e8922fe8>): Broken pipe (IO::Error)
|   from /home/uchiha/playground/crystal/src/crystal/system/thread.cr:72:3 in 'unbuffered_write'
|   from /home/uchiha/playground/crystal/src/io/buffered.cr:163:14 in 'write'
|   from /home/uchiha/playground/crystal/src/http/server/response.cr:282:11 in 'unbuffered_write'
|   from /home/uchiha/playground/crystal/src/io/buffered.cr:163:14 in 'write'
|   from /home/uchiha/playground/crystal/src/http/server/response.cr:107:7 in 'write'
|   from /home/uchiha/playground/crystal/src/io.cr:488:7 in 'write_string'
|   from lib/kemal/src/kemal/route_handler.cr:174:7 in 'call'
|   from lib/kemal/src/kemal/websocket_handler.cr:13:14 in 'call'
|   from /home/uchiha/playground/crystal/src/http/server/handler.cr:30:7 in 'call_next'
|   from lib/kemal/src/kemal/filter_handler.cr:46:7 in 'call'
|   from /home/uchiha/playground/crystal/src/http/server/handler.cr:30:7 in 'call_next'
|   from src/middlewares/web_api_auth_middleware.cr:8:12 in 'call'
|   from /home/uchiha/playground/crystal/src/http/server/handler.cr:30:7 in 'call_next'
|   from src/middlewares/admin_api_auth_middleware.cr:7:12 in 'call'
|   from /home/uchiha/playground/crystal/src/http/server/handler.cr:30:7 in 'call_next'
|   from /home/uchiha/playground/crystal/src/http/server/handlers/static_file_handler.cr:60:12 in 'call'
|   from /home/uchiha/playground/crystal/src/http/server/handler.cr:30:7 in 'call'
|   from /home/uchiha/playground/crystal/src/http/server/handler.cr:30:7 in 'call'
|   from /home/uchiha/playground/crystal/src/http/server/handler.cr:30:7 in 'call'
|   from /home/uchiha/playground/crystal/src/http/server/handler.cr:30:7 in 'call'
|   from /home/uchiha/playground/crystal/src/http/server/request_processor.cr:58:11 in 'process'
|   from /home/uchiha/playground/crystal/src/http/server.cr:506:5 in '->'
|   from /home/uchiha/playground/crystal/src/fiber.cr:168:11 in 'run'
|   from /home/uchiha/playground/crystal/src/fiber.cr:103:3 in '->'
|   from ???
ERR 2026-08-04T07:14:20.306Z > Unhandled exception on HTTP::Handler
| Closed stream (IO::Error)
|   from /home/uchiha/playground/crystal/src/http/server/response.cr:215:15 in 'content_type='
|   from lib/kemal/src/kemal/helpers/templates.cr:25:3 in 'render_500'
|   from lib/kemal/src/kemal/exception_handler.cr:34:7 in 'call'
|   from /home/uchiha/playground/crystal/src/http/server/handler.cr:30:7 in 'call'
|   from /home/uchiha/playground/crystal/src/http/server/handler.cr:30:7 in 'call'
|   from /home/uchiha/playground/crystal/src/http/server/handler.cr:30:7 in 'call'
|   from /home/uchiha/playground/crystal/src/http/server/request_processor.cr:58:11 in 'process'
|   from /home/uchiha/playground/crystal/src/http/server.cr:506:5 in '->'
|   from /home/uchiha/playground/crystal/src/fiber.cr:168:11 in 'run'
|   from /home/uchiha/playground/crystal/src/fiber.cr:103:3 in '->'
|   from ???
ERR 2026-08-04T07:14:20.308Z > Error while writing data to the client
| Error while writing data to the client (HTTP::Server::ClientError)
|   from /home/uchiha/playground/crystal/src/http/server/response.cr:266:9 in 'unbuffered_write'
|   from /home/uchiha/playground/crystal/src/io/buffered.cr:163:14 in 'write'
|   from /home/uchiha/playground/crystal/src/http/server/response.cr:107:7 in 'write'
|   from /home/uchiha/playground/crystal/src/io.cr:488:7 in 'write_string'
|   from lib/kemal/src/kemal/route_handler.cr:174:7 in 'call'
|   from lib/kemal/src/kemal/websocket_handler.cr:13:14 in 'call'
|   from /home/uchiha/playground/crystal/src/http/server/handler.cr:30:7 in 'call_next'
|   from lib/kemal/src/kemal/filter_handler.cr:46:7 in 'call'
|   from /home/uchiha/playground/crystal/src/http/server/handler.cr:30:7 in 'call_next'
|   from src/middlewares/web_api_auth_middleware.cr:8:12 in 'call'
|   from /home/uchiha/playground/crystal/src/http/server/handler.cr:30:7 in 'call_next'
|   from src/middlewares/admin_api_auth_middleware.cr:7:12 in 'call'
|   from /home/uchiha/playground/crystal/src/http/server/handler.cr:30:7 in 'call_next'
|   from /home/uchiha/playground/crystal/src/http/server/handlers/static_file_handler.cr:60:12 in 'call'
|   from /home/uchiha/playground/crystal/src/http/server/handler.cr:30:7 in 'call'
|   from /home/uchiha/playground/crystal/src/http/server/handler.cr:30:7 in 'call'
|   from /home/uchiha/playground/crystal/src/http/server/handler.cr:30:7 in 'call'
|   from /home/uchiha/playground/crystal/src/http/server/handler.cr:30:7 in 'call'
|   from /home/uchiha/playground/crystal/src/http/server/request_processor.cr:58:11 in 'process'
|   from /home/uchiha/playground/crystal/src/http/server.cr:506:5 in '->'
|   from /home/uchiha/playground/crystal/src/fiber.cr:168:11 in 'run'
|   from /home/uchiha/playground/crystal/src/fiber.cr:103:3 in '->'
|   from ???
| Caused by: write (#<TCPSocket:0x7334e8923bb8>): Broken pipe (IO::Error)
|   from /home/uchiha/playground/crystal/src/crystal/system/thread.cr:72:3 in 'unbuffered_write'
|   from /home/uchiha/playground/crystal/src/io/buffered.cr:163:14 in 'write'
|   from /home/uchiha/playground/crystal/src/http/server/response.cr:282:11 in 'unbuffered_write'
|   from /home/uchiha/playground/crystal/src/io/buffered.cr:163:14 in 'write'
|   from /home/uchiha/playground/crystal/src/http/server/response.cr:107:7 in 'write'
|   from /home/uchiha/playground/crystal/src/io.cr:488:7 in 'write_string'
|   from lib/kemal/src/kemal/route_handler.cr:174:7 in 'call'
|   from lib/kemal/src/kemal/websocket_handler.cr:13:14 in 'call'
|   from /home/uchiha/playground/crystal/src/http/server/handler.cr:30:7 in 'call_next'
|   from lib/kemal/src/kemal/filter_handler.cr:46:7 in 'call'
|   from /home/uchiha/playground/crystal/src/http/server/handler.cr:30:7 in 'call_next'
|   from src/middlewares/web_api_auth_middleware.cr:8:12 in 'call'
|   from /home/uchiha/playground/crystal/src/http/server/handler.cr:30:7 in 'call_next'
|   from src/middlewares/admin_api_auth_middleware.cr:7:12 in 'call'
|   from /home/uchiha/playground/crystal/src/http/server/handler.cr:30:7 in 'call_next'
|   from /home/uchiha/playground/crystal/src/http/server/handlers/static_file_handler.cr:60:12 in 'call'
|   from /home/uchiha/playground/crystal/src/http/server/handler.cr:30:7 in 'call'
|   from /home/uchiha/playground/crystal/src/http/server/handler.cr:30:7 in 'call'
|   from /home/uchiha/playground/crystal/src/http/server/handler.cr:30:7 in 'call'
|   from /home/uchiha/playground/crystal/src/http/server/handler.cr:30:7 in 'call'
|   from /home/uchiha/playground/crystal/src/http/server/request_processor.cr:58:11 in 'process'
|   from /home/uchiha/playground/crystal/src/http/server.cr:506:5 in '->'
|   from /home/uchiha/playground/crystal/src/fiber.cr:168:11 in 'run'
|   from /home/uchiha/playground/crystal/src/fiber.cr:103:3 in '->'
|   from ???
ERR 2026-08-04T07:14:20.308Z > Unhandled exception on HTTP::Handler
| Closed stream (IO::Error)
|   from /home/uchiha/playground/crystal/src/http/server/response.cr:215:15 in 'content_type='
|   from lib/kemal/src/kemal/helpers/templates.cr:25:3 in 'render_500'
|   from lib/kemal/src/kemal/exception_handler.cr:34:7 in 'call'
|   from /home/uchiha/playground/crystal/src/http/server/handler.cr:30:7 in 'call'
|   from /home/uchiha/playground/crystal/src/http/server/handler.cr:30:7 in 'call'
|   from /home/uchiha/playground/crystal/src/http/server/handler.cr:30:7 in 'call'
|   from /home/uchiha/playground/crystal/src/http/server/request_processor.cr:58:11 in 'process'
|   from /home/uchiha/playground/crystal/src/http/server.cr:506:5 in '->'
|   from /home/uchiha/playground/crystal/src/fiber.cr:168:11 in 'run'
|   from /home/uchiha/playground/crystal/src/fiber.cr:103:3 in '->'
|   from ???
ERR 2026-08-04T07:14:20.309Z > Error while writing data to the client
| Error while writing data to the client (HTTP::Server::ClientError)
|   from /home/uchiha/playground/crystal/src/http/server/response.cr:266:9 in 'unbuffered_write'
|   from /home/uchiha/playground/crystal/src/io/buffered.cr:163:14 in 'write'
|   from /home/uchiha/playground/crystal/src/http/server/response.cr:107:7 in 'write'
|   from /home/uchiha/playground/crystal/src/io.cr:488:7 in 'write_string'
|   from lib/kemal/src/kemal/route_handler.cr:174:7 in 'call'
|   from lib/kemal/src/kemal/websocket_handler.cr:13:14 in 'call'
|   from /home/uchiha/playground/crystal/src/http/server/handler.cr:30:7 in 'call_next'
|   from lib/kemal/src/kemal/filter_handler.cr:46:7 in 'call'
|   from /home/uchiha/playground/crystal/src/http/server/handler.cr:30:7 in 'call_next'
|   from src/middlewares/web_api_auth_middleware.cr:8:12 in 'call'
|   from /home/uchiha/playground/crystal/src/http/server/handler.cr:30:7 in 'call_next'
|   from src/middlewares/admin_api_auth_middleware.cr:7:12 in 'call'
|   from /home/uchiha/playground/crystal/src/http/server/handler.cr:30:7 in 'call_next'
|   from /home/uchiha/playground/crystal/src/http/server/handlers/static_file_handler.cr:60:12 in 'call'
|   from /home/uchiha/playground/crystal/src/http/server/handler.cr:30:7 in 'call'
|   from /home/uchiha/playground/crystal/src/http/server/handler.cr:30:7 in 'call'
|   from /home/uchiha/playground/crystal/src/http/server/handler.cr:30:7 in 'call'
|   from /home/uchiha/playground/crystal/src/http/server/handler.cr:30:7 in 'call'
|   from /home/uchiha/playground/crystal/src/http/server/request_processor.cr:58:11 in 'process'
|   from /home/uchiha/playground/crystal/src/http/server.cr:506:5 in '->'
|   from /home/uchiha/playground/crystal/src/fiber.cr:168:11 in 'run'
|   from /home/uchiha/playground/crystal/src/fiber.cr:103:3 in '->'
|   from ???
| Caused by: write (#<TCPSocket:0x7334e8921308>): Broken pipe (IO::Error)
|   from /home/uchiha/playground/crystal/src/crystal/system/thread.cr:72:3 in 'unbuffered_write'
|   from /home/uchiha/playground/crystal/src/io/buffered.cr:163:14 in 'write'
|   from /home/uchiha/playground/crystal/src/http/server/response.cr:282:11 in 'unbuffered_write'
|   from /home/uchiha/playground/crystal/src/io/buffered.cr:163:14 in 'write'
|   from /home/uchiha/playground/crystal/src/http/server/response.cr:107:7 in 'write'
|   from /home/uchiha/playground/crystal/src/io.cr:488:7 in 'write_string'
|   from lib/kemal/src/kemal/route_handler.cr:174:7 in 'call'
|   from lib/kemal/src/kemal/websocket_handler.cr:13:14 in 'call'
|   from /home/uchiha/playground/crystal/src/http/server/handler.cr:30:7 in 'call_next'
|   from lib/kemal/src/kemal/filter_handler.cr:46:7 in 'call'
|   from /home/uchiha/playground/crystal/src/http/server/handler.cr:30:7 in 'call_next'
|   from src/middlewares/web_api_auth_middleware.cr:8:12 in 'call'
|   from /home/uchiha/playground/crystal/src/http/server/handler.cr:30:7 in 'call_next'
|   from src/middlewares/admin_api_auth_middleware.cr:7:12 in 'call'
|   from /home/uchiha/playground/crystal/src/http/server/handler.cr:30:7 in 'call_next'
|   from /home/uchiha/playground/crystal/src/http/server/handlers/static_file_handler.cr:60:12 in 'call'
|   from /home/uchiha/playground/crystal/src/http/server/handler.cr:30:7 in 'call'
|   from /home/uchiha/playground/crystal/src/http/server/handler.cr:30:7 in 'call'
|   from /home/uchiha/playground/crystal/src/http/server/handler.cr:30:7 in 'call'
|   from /home/uchiha/playground/crystal/src/http/server/handler.cr:30:7 in 'call'
|   from /home/uchiha/playground/crystal/src/http/server/request_processor.cr:58:11 in 'process'
|   from /home/uchiha/playground/crystal/src/http/server.cr:506:5 in '->'
|   from /home/uchiha/playground/crystal/src/fiber.cr:168:11 in 'run'
|   from /home/uchiha/playground/crystal/src/fiber.cr:103:3 in '->'
|   from ???
ERR 2026-08-04T07:14:20.309Z > Unhandled exception on HTTP::Handler
| Closed stream (IO::Error)
|   from /home/uchiha/playground/crystal/src/http/server/response.cr:215:15 in 'content_type='
|   from lib/kemal/src/kemal/helpers/templates.cr:25:3 in 'render_500'
|   from lib/kemal/src/kemal/exception_handler.cr:34:7 in 'call'
|   from /home/uchiha/playground/crystal/src/http/server/handler.cr:30:7 in 'call'
|   from /home/uchiha/playground/crystal/src/http/server/handler.cr:30:7 in 'call'
|   from /home/uchiha/playground/crystal/src/http/server/handler.cr:30:7 in 'call'
|   from /home/uchiha/playground/crystal/src/http/server/request_processor.cr:58:11 in 'process'
|   from /home/uchiha/playground/crystal/src/http/server.cr:506:5 in '->'
|   from /home/uchiha/playground/crystal/src/fiber.cr:168:11 in 'run'
|   from /home/uchiha/playground/crystal/src/fiber.cr:103:3 in '->'
|   from ???
ERR 2026-08-04T07:14:20.309Z > Error while writing data to the client
| Error while writing data to the client (HTTP::Server::ClientError)
|   from /home/uchiha/playground/crystal/src/http/server/response.cr:266:9 in 'unbuffered_write'
|   from /home/uchiha/playground/crystal/src/io/buffered.cr:163:14 in 'write'
|   from /home/uchiha/playground/crystal/src/http/server/response.cr:107:7 in 'write'
|   from /home/uchiha/playground/crystal/src/io.cr:488:7 in 'write_string'
|   from lib/kemal/src/kemal/route_handler.cr:174:7 in 'call'
|   from lib/kemal/src/kemal/websocket_handler.cr:13:14 in 'call'
|   from /home/uchiha/playground/crystal/src/http/server/handler.cr:30:7 in 'call_next'
|   from lib/kemal/src/kemal/filter_handler.cr:46:7 in 'call'
|   from /home/uchiha/playground/crystal/src/http/server/handler.cr:30:7 in 'call_next'
|   from src/middlewares/web_api_auth_middleware.cr:8:12 in 'call'
|   from /home/uchiha/playground/crystal/src/http/server/handler.cr:30:7 in 'call_next'
|   from src/middlewares/admin_api_auth_middleware.cr:7:12 in 'call'
|   from /home/uchiha/playground/crystal/src/http/server/handler.cr:30:7 in 'call_next'
|   from /home/uchiha/playground/crystal/src/http/server/handlers/static_file_handler.cr:60:12 in 'call'
|   from /home/uchiha/playground/crystal/src/http/server/handler.cr:30:7 in 'call'
|   from /home/uchiha/playground/crystal/src/http/server/handler.cr:30:7 in 'call'
|   from /home/uchiha/playground/crystal/src/http/server/handler.cr:30:7 in 'call'
|   from /home/uchiha/playground/crystal/src/http/server/handler.cr:30:7 in 'call'
|   from /home/uchiha/playground/crystal/src/http/server/request_processor.cr:58:11 in 'process'
|   from /home/uchiha/playground/crystal/src/http/server.cr:506:5 in '->'
|   from /home/uchiha/playground/crystal/src/fiber.cr:168:11 in 'run'
|   from /home/uchiha/playground/crystal/src/fiber.cr:103:3 in '->'
|   from ???
| Caused by: write (#<TCPSocket:0x7334e89209d8>): Broken pipe (IO::Error)
|   from /home/uchiha/playground/crystal/src/crystal/system/thread.cr:72:3 in 'unbuffered_write'
|   from /home/uchiha/playground/crystal/src/io/buffered.cr:163:14 in 'write'
|   from /home/uchiha/playground/crystal/src/http/server/response.cr:282:11 in 'unbuffered_write'
|   from /home/uchiha/playground/crystal/src/io/buffered.cr:163:14 in 'write'
|   from /home/uchiha/playground/crystal/src/http/server/response.cr:107:7 in 'write'
|   from /home/uchiha/playground/crystal/src/io.cr:488:7 in 'write_string'
|   from lib/kemal/src/kemal/route_handler.cr:174:7 in 'call'
|   from lib/kemal/src/kemal/websocket_handler.cr:13:14 in 'call'
|   from /home/uchiha/playground/crystal/src/http/server/handler.cr:30:7 in 'call_next'
|   from lib/kemal/src/kemal/filter_handler.cr:46:7 in 'call'
|   from /home/uchiha/playground/crystal/src/http/server/handler.cr:30:7 in 'call_next'
|   from src/middlewares/web_api_auth_middleware.cr:8:12 in 'call'
|   from /home/uchiha/playground/crystal/src/http/server/handler.cr:30:7 in 'call_next'
|   from src/middlewares/admin_api_auth_middleware.cr:7:12 in 'call'
|   from /home/uchiha/playground/crystal/src/http/server/handler.cr:30:7 in 'call_next'
|   from /home/uchiha/playground/crystal/src/http/server/handlers/static_file_handler.cr:60:12 in 'call'
|   from /home/uchiha/playground/crystal/src/http/server/handler.cr:30:7 in 'call'
|   from /home/uchiha/playground/crystal/src/http/server/handler.cr:30:7 in 'call'
|   from /home/uchiha/playground/crystal/src/http/server/handler.cr:30:7 in 'call'
|   from /home/uchiha/playground/crystal/src/http/server/handler.cr:30:7 in 'call'
|   from /home/uchiha/playground/crystal/src/http/server/request_processor.cr:58:11 in 'process'
|   from /home/uchiha/playground/crystal/src/http/server.cr:506:5 in '->'
|   from /home/uchiha/playground/crystal/src/fiber.cr:168:11 in 'run'
|   from /home/uchiha/playground/crystal/src/fiber.cr:103:3 in '->'
|   from ???
ERR 2026-08-04T07:14:20.309Z > Unhandled exception on HTTP::Handler
| Closed stream (IO::Error)
|   from /home/uchiha/playground/crystal/src/http/server/response.cr:215:15 in 'content_type='
|   from lib/kemal/src/kemal/helpers/templates.cr:25:3 in 'render_500'
|   from lib/kemal/src/kemal/exception_handler.cr:34:7 in 'call'
|   from /home/uchiha/playground/crystal/src/http/server/handler.cr:30:7 in 'call'
|   from /home/uchiha/playground/crystal/src/http/server/handler.cr:30:7 in 'call'
|   from /home/uchiha/playground/crystal/src/http/server/handler.cr:30:7 in 'call'
|   from /home/uchiha/playground/crystal/src/http/server/request_processor.cr:58:11 in 'process'
|   from /home/uchiha/playground/crystal/src/http/server.cr:506:5 in '->'
|   from /home/uchiha/playground/crystal/src/fiber.cr:168:11 in 'run'
|   from /home/uchiha/playground/crystal/src/fiber.cr:103:3 in '->'
|   from ???
ERR 2026-08-04T07:14:20.312Z > Error while writing data to the client
| Error while writing data to the client (HTTP::Server::ClientError)
|   from /home/uchiha/playground/crystal/src/http/server/response.cr:266:9 in 'unbuffered_write'
|   from /home/uchiha/playground/crystal/src/io/buffered.cr:163:14 in 'write'
|   from /home/uchiha/playground/crystal/src/http/server/response.cr:107:7 in 'write'
|   from /home/uchiha/playground/crystal/src/io.cr:488:7 in 'write_string'
|   from lib/kemal/src/kemal/route_handler.cr:174:7 in 'call'
|   from lib/kemal/src/kemal/websocket_handler.cr:13:14 in 'call'
|   from /home/uchiha/playground/crystal/src/http/server/handler.cr:30:7 in 'call_next'
|   from lib/kemal/src/kemal/filter_handler.cr:46:7 in 'call'
|   from /home/uchiha/playground/crystal/src/http/server/handler.cr:30:7 in 'call_next'
|   from src/middlewares/web_api_auth_middleware.cr:8:12 in 'call'
|   from /home/uchiha/playground/crystal/src/http/server/handler.cr:30:7 in 'call_next'
|   from src/middlewares/admin_api_auth_middleware.cr:7:12 in 'call'
|   from /home/uchiha/playground/crystal/src/http/server/handler.cr:30:7 in 'call_next'
|   from /home/uchiha/playground/crystal/src/http/server/handlers/static_file_handler.cr:60:12 in 'call'
|   from /home/uchiha/playground/crystal/src/http/server/handler.cr:30:7 in 'call'
|   from /home/uchiha/playground/crystal/src/http/server/handler.cr:30:7 in 'call'
|   from /home/uchiha/playground/crystal/src/http/server/handler.cr:30:7 in 'call'
|   from /home/uchiha/playground/crystal/src/http/server/handler.cr:30:7 in 'call'
|   from /home/uchiha/playground/crystal/src/http/server/request_processor.cr:58:11 in 'process'
|   from /home/uchiha/playground/crystal/src/http/server.cr:506:5 in '->'
|   from /home/uchiha/playground/crystal/src/fiber.cr:168:11 in 'run'
|   from /home/uchiha/playground/crystal/src/fiber.cr:103:3 in '->'
|   from ???
| Caused by: write (#<TCPSocket:0x7334e89255f8>): Broken pipe (IO::Error)
|   from /home/uchiha/playground/crystal/src/crystal/system/thread.cr:72:3 in 'unbuffered_write'
|   from /home/uchiha/playground/crystal/src/io/buffered.cr:163:14 in 'write'
|   from /home/uchiha/playground/crystal/src/http/server/response.cr:282:11 in 'unbuffered_write'
|   from /home/uchiha/playground/crystal/src/io/buffered.cr:163:14 in 'write'
|   from /home/uchiha/playground/crystal/src/http/server/response.cr:107:7 in 'write'
|   from /home/uchiha/playground/crystal/src/io.cr:488:7 in 'write_string'
|   from lib/kemal/src/kemal/route_handler.cr:174:7 in 'call'
|   from lib/kemal/src/kemal/websocket_handler.cr:13:14 in 'call'
|   from /home/uchiha/playground/crystal/src/http/server/handler.cr:30:7 in 'call_next'
|   from lib/kemal/src/kemal/filter_handler.cr:46:7 in 'call'
|   from /home/uchiha/playground/crystal/src/http/server/handler.cr:30:7 in 'call_next'
|   from src/middlewares/web_api_auth_middleware.cr:8:12 in 'call'
|   from /home/uchiha/playground/crystal/src/http/server/handler.cr:30:7 in 'call_next'
|   from src/middlewares/admin_api_auth_middleware.cr:7:12 in 'call'
|   from /home/uchiha/playground/crystal/src/http/server/handler.cr:30:7 in 'call_next'
|   from /home/uchiha/playground/crystal/src/http/server/handlers/static_file_handler.cr:60:12 in 'call'
|   from /home/uchiha/playground/crystal/src/http/server/handler.cr:30:7 in 'call'
|   from /home/uchiha/playground/crystal/src/http/server/handler.cr:30:7 in 'call'
|   from /home/uchiha/playground/crystal/src/http/server/handler.cr:30:7 in 'call'
|   from /home/uchiha/playground/crystal/src/http/server/handler.cr:30:7 in 'call'
|   from /home/uchiha/playground/crystal/src/http/server/request_processor.cr:58:11 in 'process'
|   from /home/uchiha/playground/crystal/src/http/server.cr:506:5 in '->'
|   from /home/uchiha/playground/crystal/src/fiber.cr:168:11 in 'run'
|   from /home/uchiha/playground/crystal/src/fiber.cr:103:3 in '->'
|   from ???
ERR 2026-08-04T07:14:20.312Z > Unhandled exception on HTTP::Handler
| Closed stream (IO::Error)
|   from /home/uchiha/playground/crystal/src/http/server/response.cr:215:15 in 'content_type='
|   from lib/kemal/src/kemal/helpers/templates.cr:25:3 in 'render_500'
|   from lib/kemal/src/kemal/exception_handler.cr:34:7 in 'call'
|   from /home/uchiha/playground/crystal/src/http/server/handler.cr:30:7 in 'call'
|   from /home/uchiha/playground/crystal/src/http/server/handler.cr:30:7 in 'call'
|   from /home/uchiha/playground/crystal/src/http/server/handler.cr:30:7 in 'call'
|   from /home/uchiha/playground/crystal/src/http/server/request_processor.cr:58:11 in 'process'
|   from /home/uchiha/playground/crystal/src/http/server.cr:506:5 in '->'
|   from /home/uchiha/playground/crystal/src/fiber.cr:168:11 in 'run'
|   from /home/uchiha/playground/crystal/src/fiber.cr:103:3 in '->'
|   from ???
ERR 2026-08-04T07:14:20.317Z > Error while writing data to the client
| Error while writing data to the client (HTTP::Server::ClientError)
|   from /home/uchiha/playground/crystal/src/http/server/response.cr:266:9 in 'unbuffered_write'
|   from /home/uchiha/playground/crystal/src/io/buffered.cr:163:14 in 'write'
|   from /home/uchiha/playground/crystal/src/http/server/response.cr:107:7 in 'write'
|   from /home/uchiha/playground/crystal/src/io.cr:488:7 in 'write_string'
|   from lib/kemal/src/kemal/route_handler.cr:174:7 in 'call'
|   from lib/kemal/src/kemal/websocket_handler.cr:13:14 in 'call'
|   from /home/uchiha/playground/crystal/src/http/server/handler.cr:30:7 in 'call_next'
|   from lib/kemal/src/kemal/filter_handler.cr:46:7 in 'call'
|   from /home/uchiha/playground/crystal/src/http/server/handler.cr:30:7 in 'call_next'
|   from src/middlewares/web_api_auth_middleware.cr:8:12 in 'call'
|   from /home/uchiha/playground/crystal/src/http/server/handler.cr:30:7 in 'call_next'
|   from src/middlewares/admin_api_auth_middleware.cr:7:12 in 'call'
|   from /home/uchiha/playground/crystal/src/http/server/handler.cr:30:7 in 'call_next'
|   from /home/uchiha/playground/crystal/src/http/server/handlers/static_file_handler.cr:60:12 in 'call'
|   from /home/uchiha/playground/crystal/src/http/server/handler.cr:30:7 in 'call'
|   from /home/uchiha/playground/crystal/src/http/server/handler.cr:30:7 in 'call'
|   from /home/uchiha/playground/crystal/src/http/server/handler.cr:30:7 in 'call'
|   from /home/uchiha/playground/crystal/src/http/server/handler.cr:30:7 in 'call'
|   from /home/uchiha/playground/crystal/src/http/server/request_processor.cr:58:11 in 'process'
|   from /home/uchiha/playground/crystal/src/http/server.cr:506:5 in '->'
|   from /home/uchiha/playground/crystal/src/fiber.cr:168:11 in 'run'
|   from /home/uchiha/playground/crystal/src/fiber.cr:103:3 in '->'
|   from ???
| Caused by: write (#<TCPSocket:0x7334e8927d58>): Broken pipe (IO::Error)
|   from /home/uchiha/playground/crystal/src/crystal/system/thread.cr:72:3 in 'unbuffered_write'
|   from /home/uchiha/playground/crystal/src/io/buffered.cr:163:14 in 'write'
|   from /home/uchiha/playground/crystal/src/http/server/response.cr:282:11 in 'unbuffered_write'
|   from /home/uchiha/playground/crystal/src/io/buffered.cr:163:14 in 'write'
|   from /home/uchiha/playground/crystal/src/http/server/response.cr:107:7 in 'write'
|   from /home/uchiha/playground/crystal/src/io.cr:488:7 in 'write_string'
|   from lib/kemal/src/kemal/route_handler.cr:174:7 in 'call'
|   from lib/kemal/src/kemal/websocket_handler.cr:13:14 in 'call'
|   from /home/uchiha/playground/crystal/src/http/server/handler.cr:30:7 in 'call_next'
|   from lib/kemal/src/kemal/filter_handler.cr:46:7 in 'call'
|   from /home/uchiha/playground/crystal/src/http/server/handler.cr:30:7 in 'call_next'
|   from src/middlewares/web_api_auth_middleware.cr:8:12 in 'call'
|   from /home/uchiha/playground/crystal/src/http/server/handler.cr:30:7 in 'call_next'
|   from src/middlewares/admin_api_auth_middleware.cr:7:12 in 'call'
|   from /home/uchiha/playground/crystal/src/http/server/handler.cr:30:7 in 'call_next'
|   from /home/uchiha/playground/crystal/src/http/server/handlers/static_file_handler.cr:60:12 in 'call'
|   from /home/uchiha/playground/crystal/src/http/server/handler.cr:30:7 in 'call'
|   from /home/uchiha/playground/crystal/src/http/server/handler.cr:30:7 in 'call'
|   from /home/uchiha/playground/crystal/src/http/server/handler.cr:30:7 in 'call'
|   from /home/uchiha/playground/crystal/src/http/server/handler.cr:30:7 in 'call'
|   from /home/uchiha/playground/crystal/src/http/server/request_processor.cr:58:11 in 'process'
|   from /home/uchiha/playground/crystal/src/http/server.cr:506:5 in '->'
|   from /home/uchiha/playground/crystal/src/fiber.cr:168:11 in 'run'
|   from /home/uchiha/playground/crystal/src/fiber.cr:103:3 in '->'
|   from ???
ERR 2026-08-04T07:14:20.317Z > Unhandled exception on HTTP::Handler
| Closed stream (IO::Error)
|   from /home/uchiha/playground/crystal/src/http/server/response.cr:215:15 in 'content_type='
|   from lib/kemal/src/kemal/helpers/templates.cr:25:3 in 'render_500'
|   from lib/kemal/src/kemal/exception_handler.cr:34:7 in 'call'
|   from /home/uchiha/playground/crystal/src/http/server/handler.cr:30:7 in 'call'
|   from /home/uchiha/playground/crystal/src/http/server/handler.cr:30:7 in 'call'
|   from /home/uchiha/playground/crystal/src/http/server/handler.cr:30:7 in 'call'
|   from /home/uchiha/playground/crystal/src/http/server/request_processor.cr:58:11 in 'process'
|   from /home/uchiha/playground/crystal/src/http/server.cr:506:5 in '->'
|   from /home/uchiha/playground/crystal/src/fiber.cr:168:11 in 'run'
|   from /home/uchiha/playground/crystal/src/fiber.cr:103:3 in '->'
|   from ???
ERR 2026-08-04T07:14:20.319Z > Error while writing data to the client
| Error while writing data to the client (HTTP::Server::ClientError)
|   from /home/uchiha/playground/crystal/src/http/server/response.cr:266:9 in 'unbuffered_write'
|   from /home/uchiha/playground/crystal/src/io/buffered.cr:163:14 in 'write'
|   from /home/uchiha/playground/crystal/src/http/server/response.cr:107:7 in 'write'
|   from /home/uchiha/playground/crystal/src/io.cr:488:7 in 'write_string'
|   from lib/kemal/src/kemal/route_handler.cr:174:7 in 'call'
|   from lib/kemal/src/kemal/websocket_handler.cr:13:14 in 'call'
|   from /home/uchiha/playground/crystal/src/http/server/handler.cr:30:7 in 'call_next'
|   from lib/kemal/src/kemal/filter_handler.cr:46:7 in 'call'
|   from /home/uchiha/playground/crystal/src/http/server/handler.cr:30:7 in 'call_next'
|   from src/middlewares/web_api_auth_middleware.cr:8:12 in 'call'
|   from /home/uchiha/playground/crystal/src/http/server/handler.cr:30:7 in 'call_next'
|   from src/middlewares/admin_api_auth_middleware.cr:7:12 in 'call'
|   from /home/uchiha/playground/crystal/src/http/server/handler.cr:30:7 in 'call_next'
|   from /home/uchiha/playground/crystal/src/http/server/handlers/static_file_handler.cr:60:12 in 'call'
|   from /home/uchiha/playground/crystal/src/http/server/handler.cr:30:7 in 'call'
|   from /home/uchiha/playground/crystal/src/http/server/handler.cr:30:7 in 'call'
|   from /home/uchiha/playground/crystal/src/http/server/handler.cr:30:7 in 'call'
|   from /home/uchiha/playground/crystal/src/http/server/handler.cr:30:7 in 'call'
|   from /home/uchiha/playground/crystal/src/http/server/request_processor.cr:58:11 in 'process'
|   from /home/uchiha/playground/crystal/src/http/server.cr:506:5 in '->'
|   from /home/uchiha/playground/crystal/src/fiber.cr:168:11 in 'run'
|   from /home/uchiha/playground/crystal/src/fiber.cr:103:3 in '->'
|   from ???
| Caused by: write (#<TCPSocket:0x7334e8925208>): Broken pipe (IO::Error)
|   from /home/uchiha/playground/crystal/src/crystal/system/thread.cr:72:3 in 'unbuffered_write'
|   from /home/uchiha/playground/crystal/src/io/buffered.cr:163:14 in 'write'
|   from /home/uchiha/playground/crystal/src/http/server/response.cr:282:11 in 'unbuffered_write'
|   from /home/uchiha/playground/crystal/src/io/buffered.cr:163:14 in 'write'
|   from /home/uchiha/playground/crystal/src/http/server/response.cr:107:7 in 'write'
|   from /home/uchiha/playground/crystal/src/io.cr:488:7 in 'write_string'
|   from lib/kemal/src/kemal/route_handler.cr:174:7 in 'call'
|   from lib/kemal/src/kemal/websocket_handler.cr:13:14 in 'call'
|   from /home/uchiha/playground/crystal/src/http/server/handler.cr:30:7 in 'call_next'
|   from lib/kemal/src/kemal/filter_handler.cr:46:7 in 'call'
|   from /home/uchiha/playground/crystal/src/http/server/handler.cr:30:7 in 'call_next'
|   from src/middlewares/web_api_auth_middleware.cr:8:12 in 'call'
|   from /home/uchiha/playground/crystal/src/http/server/handler.cr:30:7 in 'call_next'
|   from src/middlewares/admin_api_auth_middleware.cr:7:12 in 'call'
|   from /home/uchiha/playground/crystal/src/http/server/handler.cr:30:7 in 'call_next'
|   from /home/uchiha/playground/crystal/src/http/server/handlers/static_file_handler.cr:60:12 in 'call'
|   from /home/uchiha/playground/crystal/src/http/server/handler.cr:30:7 in 'call'
|   from /home/uchiha/playground/crystal/src/http/server/handler.cr:30:7 in 'call'
|   from /home/uchiha/playground/crystal/src/http/server/handler.cr:30:7 in 'call'
|   from /home/uchiha/playground/crystal/src/http/server/handler.cr:30:7 in 'call'
|   from /home/uchiha/playground/crystal/src/http/server/request_processor.cr:58:11 in 'process'
|   from /home/uchiha/playground/crystal/src/http/server.cr:506:5 in '->'
|   from /home/uchiha/playground/crystal/src/fiber.cr:168:11 in 'run'
|   from /home/uchiha/playground/crystal/src/fiber.cr:103:3 in '->'
|   from ???
ERR 2026-08-04T07:14:20.319Z > Unhandled exception on HTTP::Handler
| Closed stream (IO::Error)
|   from /home/uchiha/playground/crystal/src/http/server/response.cr:215:15 in 'content_type='
|   from lib/kemal/src/kemal/helpers/templates.cr:25:3 in 'render_500'
|   from lib/kemal/src/kemal/exception_handler.cr:34:7 in 'call'
|   from /home/uchiha/playground/crystal/src/http/server/handler.cr:30:7 in 'call'
|   from /home/uchiha/playground/crystal/src/http/server/handler.cr:30:7 in 'call'
|   from /home/uchiha/playground/crystal/src/http/server/handler.cr:30:7 in 'call'
|   from /home/uchiha/playground/crystal/src/http/server/request_processor.cr:58:11 in 'process'
|   from /home/uchiha/playground/crystal/src/http/server.cr:506:5 in '->'
|   from /home/uchiha/playground/crystal/src/fiber.cr:168:11 in 'run'
|   from /home/uchiha/playground/crystal/src/fiber.cr:103:3 in '->'
|   from ???
INF 2026-08-04T07:14:20.629Z > 200 GET /gc-collect 19.36ms
INF 2026-08-04T07:14:20.936Z > 200 GET /gc-stats 178.85µs
