INF 2026-08-04T17:29:03.714Z > Connecting to postgresql://REDACTED:REDACTED@192.168.1.109:5432/acikturkiye_demo
| event = db_connect
INF 2026-08-04T17:29:03.855Z > [demo] Açık Türkiye is ready to lead at http://0.0.0.0:3615
INF 2026-08-04T17:29:03.919Z > 200 GET /api/v1/ 14.37ms
INF 2026-08-04T17:29:03.944Z > 200 GET /api/v1/ 15.8ms
INF 2026-08-04T17:29:03.949Z > 200 GET /api/v1/ 4.95ms
INF 2026-08-04T17:29:03.979Z > 200 GET /api/v1/ 50.94ms
INF 2026-08-04T17:29:03.989Z > 200 GET /api/v1/ 10.11ms
INF 2026-08-04T17:29:03.990Z > 200 GET /api/v1/ 62.56ms
INF 2026-08-04T17:29:03.995Z > 200 GET /api/v1/ 66.71ms
INF 2026-08-04T17:29:03.999Z > 200 GET /api/v1/ 70.6ms
INF 2026-08-04T17:29:04.001Z > 200 GET /api/v1/ 73.53ms
INF 2026-08-04T17:29:04.003Z > 200 GET /api/v1/ 74.99ms
INF 2026-08-04T17:29:04.004Z > 200 GET /api/v1/ 75.78ms
INF 2026-08-04T17:29:04.009Z > 200 GET /api/v1/ 80.68ms
INF 2026-08-04T17:29:04.013Z > 200 GET /api/v1/ 9.77ms
INF 2026-08-04T17:29:04.013Z > 200 GET /api/v1/ 9.45ms
INF 2026-08-04T17:29:04.014Z > 200 GET /api/v1/ 12.19ms
INF 2026-08-04T17:29:04.021Z > 200 GET /api/v1/ 93.43ms
INF 2026-08-04T17:29:04.024Z > 200 GET /api/v1/ 15.02ms
INF 2026-08-04T17:29:04.025Z > 200 GET /api/v1/ 96.47ms
INF 2026-08-04T17:29:04.027Z > 200 GET /api/v1/ 98.93ms
INF 2026-08-04T17:29:04.032Z > 200 GET /api/v1/ 103.77ms
INF 2026-08-04T17:29:04.034Z > 200 GET /api/v1/ 105.62ms
INF 2026-08-04T17:29:04.038Z > 200 GET /api/v1/ 109.81ms
INF 2026-08-04T17:29:04.044Z > 200 GET /api/v1/ 11.58ms
INF 2026-08-04T17:29:04.045Z > 200 GET /api/v1/ 116.74ms
INF 2026-08-04T17:29:04.053Z > 200 GET /api/v1/ 18.55ms
INF 2026-08-04T17:29:04.066Z > 200 GET /api/v1/ 137.13ms
INF 2026-08-04T17:29:04.066Z > 200 GET /api/v1/ 137.87ms
INF 2026-08-04T17:29:04.071Z > 200 GET /api/v1/ 142.42ms
INF 2026-08-04T17:29:04.074Z > 200 GET /api/v1/ 145.25ms
INF 2026-08-04T17:29:04.081Z > 200 GET /api/v1/ 152.59ms
INF 2026-08-04T17:29:04.085Z > 200 GET /api/v1/ 156.28ms
INF 2026-08-04T17:29:04.086Z > 200 GET /api/v1/ 156.85ms
INF 2026-08-04T17:29:04.093Z > 200 GET /api/v1/ 163.96ms
INF 2026-08-04T17:29:04.094Z > 200 GET /api/v1/ 28.09ms
INF 2026-08-04T17:29:04.103Z > 200 GET /api/v1/ 24.44ms
INF 2026-08-04T17:29:04.110Z > 200 GET /api/v1/ 180.73ms
INF 2026-08-04T17:29:04.116Z > 200 GET /api/v1/ 187.27ms
INF 2026-08-04T17:29:04.117Z > 200 GET /api/v1/ 188.23ms
INF 2026-08-04T17:29:04.120Z > 200 GET /api/v1/ 191.13ms
INF 2026-08-04T17:29:04.121Z > 200 GET /api/v1/ 35.87ms
INF 2026-08-04T17:29:04.122Z > 200 GET /api/v1/ 192.68ms
INF 2026-08-04T17:29:04.124Z > 200 GET /api/v1/ 195.2ms
INF 2026-08-04T17:29:04.127Z > 200 GET /api/v1/ 197.99ms
INF 2026-08-04T17:29:04.129Z > 200 GET /api/v1/ 200.13ms
INF 2026-08-04T17:29:04.132Z > 200 GET /api/v1/ 22.6ms
INF 2026-08-04T17:29:04.139Z > 200 GET /api/v1/ 208.07ms
INF 2026-08-04T17:29:04.143Z > 200 GET /api/v1/ 211.97ms
INF 2026-08-04T17:29:04.143Z > 200 GET /api/v1/ 214.03ms
INF 2026-08-04T17:29:04.144Z > 200 GET /api/v1/ 214.51ms
INF 2026-08-04T17:29:04.144Z > 200 GET /api/v1/ 22.09ms
INF 2026-08-04T17:29:04.151Z > 200 GET /api/v1/ 221.84ms
INF 2026-08-04T17:29:04.152Z > 200 GET /api/v1/ 31.19ms
INF 2026-08-04T17:29:04.152Z > 200 GET /api/v1/ 222.97ms
INF 2026-08-04T17:29:04.154Z > 200 GET /api/v1/ 222.59ms
INF 2026-08-04T17:29:04.160Z > 200 GET /api/v1/ 229.24ms
INF 2026-08-04T17:29:04.165Z > 200 GET /api/v1/ 233.78ms
INF 2026-08-04T17:29:04.167Z > 200 GET /api/v1/ 238.91ms
INF 2026-08-04T17:29:04.169Z > 200 GET /api/v1/ 238.54ms
INF 2026-08-04T17:29:04.185Z > 200 GET /api/v1/ 254.19ms
INF 2026-08-04T17:29:04.186Z > 200 GET /api/v1/ 254.64ms
INF 2026-08-04T17:29:04.190Z > 200 GET /api/v1/ 23.15ms
INF 2026-08-04T17:29:04.191Z > 200 GET /api/v1/ 25.91ms
INF 2026-08-04T17:29:04.192Z > 200 GET /api/v1/ 260.74ms
INF 2026-08-04T17:29:04.203Z > 200 GET /api/v1/ 272.16ms
INF 2026-08-04T17:29:04.204Z > 200 GET /api/v1/ 272.97ms
INF 2026-08-04T17:29:04.206Z > 200 GET /api/v1/ 274.99ms
INF 2026-08-04T17:29:04.207Z > 200 GET /api/v1/ 275.31ms
INF 2026-08-04T17:29:04.208Z > 200 GET /api/v1/ 279.48ms
INF 2026-08-04T17:29:04.211Z > 200 GET /api/v1/ 279.59ms
INF 2026-08-04T17:29:04.216Z > 200 GET /api/v1/ 284.93ms
INF 2026-08-04T17:29:04.219Z > 200 GET /api/v1/ 29.13ms
INF 2026-08-04T17:29:04.220Z > 200 GET /api/v1/ 288.48ms
INF 2026-08-04T17:29:04.237Z > 200 GET /api/v1/ 51.4ms
INF 2026-08-04T17:29:04.239Z > 200 GET /api/v1/ 307.11ms
INF 2026-08-04T17:29:04.240Z > 200 GET /api/v1/ 308.95ms
INF 2026-08-04T17:29:04.241Z > 200 GET /api/v1/ 309.84ms
INF 2026-08-04T17:29:04.242Z > 200 GET /api/v1/ 37.81ms
INF 2026-08-04T17:29:04.251Z > 200 GET /api/v1/ 43.59ms
INF 2026-08-04T17:29:04.252Z > 200 GET /api/v1/ 320.64ms
INF 2026-08-04T17:29:04.253Z > 200 GET /api/v1/ 321.33ms
INF 2026-08-04T17:29:04.254Z > 200 GET /api/v1/ 37.37ms
INF 2026-08-04T17:29:04.255Z > 200 GET /api/v1/ 323.19ms
INF 2026-08-04T17:29:04.259Z > 200 GET /api/v1/ 326.57ms
INF 2026-08-04T17:29:04.259Z > 200 GET /api/v1/ 327.84ms
INF 2026-08-04T17:29:04.261Z > 200 GET /api/v1/ 329.36ms
INF 2026-08-04T17:29:04.261Z > 200 GET /api/v1/ 329.79ms
INF 2026-08-04T17:29:04.267Z > 200 GET /api/v1/ 26.91ms
INF 2026-08-04T17:29:04.270Z > 200 GET /api/v1/ 27.74ms
INF 2026-08-04T17:29:04.285Z > 200 GET /api/v1/ 31.79ms
INF 2026-08-04T17:29:04.285Z > 200 GET /api/v1/ 353.46ms
INF 2026-08-04T17:29:04.287Z > 200 GET /api/v1/ 354.29ms
INF 2026-08-04T17:29:04.288Z > 200 GET /api/v1/ 26.02ms
INF 2026-08-04T17:29:04.290Z > 200 GET /api/v1/ 357.54ms
INF 2026-08-04T17:29:04.291Z > 200 GET /api/v1/ 358.91ms
INF 2026-08-04T17:29:04.294Z > 200 GET /api/v1/ 361.8ms
INF 2026-08-04T17:29:04.308Z > 200 GET /api/v1/ 375.24ms
INF 2026-08-04T17:29:04.310Z > 200 GET /api/v1/ 377.44ms
INF 2026-08-04T17:29:04.314Z > 200 GET /api/v1/ 382.25ms
INF 2026-08-04T17:29:04.321Z > 200 GET /api/v1/ 388.22ms
INF 2026-08-04T17:29:04.322Z > 200 GET /api/v1/ 388.89ms
INF 2026-08-04T17:29:04.329Z > 200 GET /api/v1/ 397.05ms
INF 2026-08-04T17:29:04.330Z > 200 GET /api/v1/ 397.13ms
INF 2026-08-04T17:29:04.337Z > 200 GET /api/v1/ 403.66ms
INF 2026-08-04T17:29:04.341Z > 200 GET /api/v1/ 408.71ms
INF 2026-08-04T17:29:04.343Z > 200 GET /api/v1/ 33.47ms
INF 2026-08-04T17:29:04.344Z > 200 GET /api/v1/ 411.45ms
INF 2026-08-04T17:29:04.345Z > 200 GET /api/v1/ 411.6ms
INF 2026-08-04T17:29:04.345Z > 200 GET /api/v1/ 30.7ms
INF 2026-08-04T17:29:04.346Z > 200 GET /api/v1/ 50.64ms
INF 2026-08-04T17:29:04.356Z > 200 GET /api/v1/ 423.54ms
INF 2026-08-04T17:29:04.363Z > 200 GET /api/v1/ 430.38ms
INF 2026-08-04T17:29:04.364Z > 200 GET /api/v1/ 42.12ms
INF 2026-08-04T17:29:04.367Z > 200 GET /api/v1/ 433.58ms
INF 2026-08-04T17:29:04.371Z > 200 GET /api/v1/ 437.72ms
INF 2026-08-04T17:29:04.371Z > 200 GET /api/v1/ 438.34ms
INF 2026-08-04T17:29:04.380Z > 200 GET /api/v1/ 446.43ms
INF 2026-08-04T17:29:04.403Z > 200 GET /api/v1/ 57.54ms
INF 2026-08-04T17:29:04.404Z > 200 GET /api/v1/ 470.5ms
INF 2026-08-04T17:29:04.411Z > 200 GET /api/v1/ 67.14ms
INF 2026-08-04T17:29:04.413Z > 200 GET /api/v1/ 472.05ms
INF 2026-08-04T17:29:04.413Z > 200 GET /api/v1/ 479.99ms
INF 2026-08-04T17:29:04.414Z > 200 GET /api/v1/ 472.71ms
INF 2026-08-04T17:29:04.414Z > 200 GET /api/v1/ 480.84ms
INF 2026-08-04T17:29:04.420Z > 200 GET /api/v1/ 478.92ms
INF 2026-08-04T17:29:04.420Z > 200 GET /api/v1/ 425.27ms
INF 2026-08-04T17:29:04.421Z > 200 GET /api/v1/ 479.98ms
INF 2026-08-04T17:29:04.422Z > 200 GET /api/v1/ 481.2ms
INF 2026-08-04T17:29:04.422Z > 200 GET /api/v1/ 430.07ms
INF 2026-08-04T17:29:04.423Z > 200 GET /api/v1/ 489.7ms
INF 2026-08-04T17:29:04.429Z > 200 GET /api/v1/ 487.86ms
INF 2026-08-04T17:29:04.433Z > 200 GET /api/v1/ 69.24ms
INF 2026-08-04T17:29:04.445Z > 200 GET /api/v1/ 504.19ms
INF 2026-08-04T17:29:04.445Z > 200 GET /api/v1/ 400.16ms
INF 2026-08-04T17:29:04.446Z > 200 GET /api/v1/ 101.03ms
INF 2026-08-04T17:29:04.454Z > 200 GET /api/v1/ 427.62ms
INF 2026-08-04T17:29:04.455Z > 200 GET /api/v1/ 416.42ms
INF 2026-08-04T17:29:04.460Z > 200 GET /api/v1/ 438.03ms
INF 2026-08-04T17:29:04.463Z > 200 GET /api/v1/ 406.55ms
INF 2026-08-04T17:29:04.464Z > 200 GET /api/v1/ 464.14ms
INF 2026-08-04T17:29:04.467Z > 200 GET /api/v1/ 440.08ms
INF 2026-08-04T17:29:04.480Z > 200 GET /api/v1/ 484.94ms
INF 2026-08-04T17:29:04.481Z > 200 GET /api/v1/ 388.75ms
INF 2026-08-04T17:29:04.481Z > 200 GET /api/v1/ 391.79ms
INF 2026-08-04T17:29:04.489Z > 200 GET /api/v1/ 431.69ms
INF 2026-08-04T17:29:04.497Z > 200 GET /api/v1/ 427.29ms
INF 2026-08-04T17:29:04.505Z > 200 GET /api/v1/ 403.25ms
INF 2026-08-04T17:29:04.505Z > 200 GET /api/v1/ 448.87ms
INF 2026-08-04T17:29:04.506Z > 200 GET /api/v1/ 474.54ms
INF 2026-08-04T17:29:04.506Z > 200 GET /api/v1/ 384.7ms
INF 2026-08-04T17:29:04.507Z > 200 GET /api/v1/ 376.75ms
INF 2026-08-04T17:29:04.508Z > 200 GET /api/v1/ 439.53ms
INF 2026-08-04T17:29:04.519Z > 200 GET /api/v1/ 429.24ms
INF 2026-08-04T17:29:04.529Z > 200 GET /api/v1/ 399.17ms
INF 2026-08-04T17:29:04.546Z > 200 GET /api/v1/ 401.16ms
INF 2026-08-04T17:29:04.548Z > 200 GET /api/v1/ 401.21ms
INF 2026-08-04T17:29:04.551Z > 200 GET /api/v1/ 395.24ms
INF 2026-08-04T17:29:04.569Z > 200 GET /api/v1/ 71.66ms
INF 2026-08-04T17:29:04.572Z > 200 GET /api/v1/ 404.58ms
INF 2026-08-04T17:29:04.572Z > 200 GET /api/v1/ 479.03ms
INF 2026-08-04T17:29:04.573Z > 200 GET /api/v1/ 425.15ms
INF 2026-08-04T17:29:04.573Z > 200 GET /api/v1/ 432.79ms
INF 2026-08-04T17:29:04.573Z > 200 GET /api/v1/ 421.39ms
INF 2026-08-04T17:29:04.575Z > 200 GET /api/v1/ 448.66ms
INF 2026-08-04T17:29:04.596Z > 200 GET /api/v1/ 89.56ms
INF 2026-08-04T17:29:04.600Z > 200 GET /api/v1/ 395.48ms
INF 2026-08-04T17:29:04.605Z > 200 GET /api/v1/ 364.22ms
INF 2026-08-04T17:29:04.608Z > 200 GET /api/v1/ 423.66ms
INF 2026-08-04T17:29:04.608Z > 200 GET /api/v1/ 535.58ms
INF 2026-08-04T17:29:04.609Z > 200 GET /api/v1/ 398.88ms
INF 2026-08-04T17:29:04.609Z > 200 GET /api/v1/ 377.63ms
INF 2026-08-04T17:29:04.612Z > 200 GET /api/v1/ 399.86ms
INF 2026-08-04T17:29:04.612Z > 200 GET /api/v1/ 350.03ms
INF 2026-08-04T17:29:04.612Z > 200 GET /api/v1/ 405.07ms
INF 2026-08-04T17:29:04.613Z > 200 GET /api/v1/ 351.28ms
INF 2026-08-04T17:29:04.619Z > 200 GET /api/v1/ 415.01ms
INF 2026-08-04T17:29:04.620Z > 200 GET /api/v1/ 463.86ms
INF 2026-08-04T17:29:04.630Z > 200 GET /api/v1/ 506.57ms
INF 2026-08-04T17:29:04.643Z > 200 GET /api/v1/ 493.65ms
INF 2026-08-04T17:29:04.647Z > 200 GET /api/v1/ 380.83ms
INF 2026-08-04T17:29:04.647Z > 200 GET /api/v1/ 352.32ms
INF 2026-08-04T17:29:04.649Z > 200 GET /api/v1/ 444.95ms
INF 2026-08-04T17:29:04.650Z > 200 GET /api/v1/ 365.91ms
INF 2026-08-04T17:29:04.650Z > 200 GET /api/v1/ 470.59ms
INF 2026-08-04T17:29:04.651Z > 200 GET /api/v1/ 465.18ms
INF 2026-08-04T17:29:04.652Z > 200 GET /api/v1/ 366.16ms
INF 2026-08-04T17:29:04.656Z > 200 GET /api/v1/ 333.66ms
INF 2026-08-04T17:29:04.661Z > 200 GET /api/v1/ 497.11ms
INF 2026-08-04T17:29:04.664Z > 200 GET /api/v1/ 426.01ms
INF 2026-08-04T17:29:04.681Z > 200 GET /api/v1/ 367.82ms
INF 2026-08-04T17:29:04.690Z > 200 GET /api/v1/ 59.6ms
INF 2026-08-04T17:29:04.694Z > 200 GET /api/v1/ 386.82ms
INF 2026-08-04T17:29:04.695Z > 200 GET /api/v1/ 322.61ms
INF 2026-08-04T17:29:04.696Z > 200 GET /api/v1/ 324.33ms
INF 2026-08-04T17:29:04.697Z > 200 GET /api/v1/ 280.1ms
INF 2026-08-04T17:29:04.705Z > 200 GET /api/v1/ 374.61ms
INF 2026-08-04T17:29:04.705Z > 200 GET /api/v1/ 565.13ms
INF 2026-08-04T17:29:04.712Z > 200 GET /api/v1/ 372.81ms
INF 2026-08-04T17:29:04.715Z > 200 GET /api/v1/ 311.24ms
INF 2026-08-04T17:29:04.716Z > 200 GET /api/v1/ 393.45ms
INF 2026-08-04T17:29:04.722Z > 200 GET /api/v1/ 386.92ms
INF 2026-08-04T17:29:04.723Z > 200 GET /api/v1/ 459.99ms
INF 2026-08-04T17:29:04.723Z > 200 GET /api/v1/ 409.38ms
INF 2026-08-04T17:29:04.742Z > 200 GET /api/v1/ 479.81ms
INF 2026-08-04T17:29:04.743Z > 200 GET /api/v1/ 294.73ms
INF 2026-08-04T17:29:04.751Z > 200 GET /api/v1/ 335.04ms
INF 2026-08-04T17:29:04.755Z > 200 GET /api/v1/ 467.51ms
INF 2026-08-04T17:29:04.755Z > 200 GET /api/v1/ 416.29ms
INF 2026-08-04T17:29:04.755Z > 200 GET /api/v1/ 511.48ms
INF 2026-08-04T17:29:04.756Z > 200 GET /api/v1/ 351.84ms
INF 2026-08-04T17:29:04.764Z > 200 GET /api/v1/ 334.99ms
INF 2026-08-04T17:29:04.767Z > 200 GET /api/v1/ 500.04ms
INF 2026-08-04T17:29:04.780Z > 200 GET /api/v1/ 272.32ms
INF 2026-08-04T17:29:04.783Z > 200 GET /api/v1/ 322.47ms
INF 2026-08-04T17:29:04.785Z > 200 GET /api/v1/ 380.42ms
INF 2026-08-04T17:29:04.790Z > 200 GET /api/v1/ 369.27ms
INF 2026-08-04T17:29:04.791Z > 200 GET /api/v1/ 360.16ms
INF 2026-08-04T17:29:04.799Z > 200 GET /api/v1/ 104.76ms
INF 2026-08-04T17:29:04.805Z > 200 GET /api/v1/ 286.59ms
INF 2026-08-04T17:29:04.805Z > 200 GET /api/v1/ 420.77ms
INF 2026-08-04T17:29:04.806Z > 200 GET /api/v1/ 257.24ms
INF 2026-08-04T17:29:04.806Z > 200 GET /api/v1/ 387.77ms
INF 2026-08-04T17:29:04.847Z > 200 GET /api/v1/ 288.36ms
INF 2026-08-04T17:29:04.849Z > 200 GET /api/v1/ 347.31ms
INF 2026-08-04T17:29:04.852Z > 200 GET /api/v1/ 385.99ms
INF 2026-08-04T17:29:04.853Z > 200 GET /api/v1/ 423.23ms
INF 2026-08-04T17:29:04.853Z > 200 GET /api/v1/ 424.22ms
INF 2026-08-04T17:29:04.860Z > 200 GET /api/v1/ 310.98ms
INF 2026-08-04T17:29:04.864Z > 200 GET /api/v1/ 287.89ms
INF 2026-08-04T17:29:04.870Z > 200 GET /api/v1/ 497.72ms
INF 2026-08-04T17:29:04.871Z > 200 GET /api/v1/ 257.74ms
INF 2026-08-04T17:29:04.872Z > 200 GET /api/v1/ 244.01ms
INF 2026-08-04T17:29:04.878Z > 200 GET /api/v1/ 113.49ms
INF 2026-08-04T17:29:04.878Z > 200 GET /api/v1/ 318.66ms
INF 2026-08-04T17:29:04.880Z > 200 GET /api/v1/ 549.36ms
INF 2026-08-04T17:29:04.881Z > 200 GET /api/v1/ 432.51ms
INF 2026-08-04T17:29:04.881Z > 200 GET /api/v1/ 332.69ms
INF 2026-08-04T17:29:04.884Z > 200 GET /api/v1/ 440.47ms
INF 2026-08-04T17:29:04.886Z > 200 GET /api/v1/ 411.21ms
INF 2026-08-04T17:29:04.887Z > 200 GET /api/v1/ 96.79ms
INF 2026-08-04T17:29:04.888Z > 200 GET /api/v1/ 471.14ms
INF 2026-08-04T17:29:04.891Z > 200 GET /api/v1/ 577.59ms
INF 2026-08-04T17:29:04.893Z > 200 GET /api/v1/ 375.15ms
INF 2026-08-04T17:29:04.903Z > 200 GET /api/v1/ 338.35ms
INF 2026-08-04T17:29:04.904Z > 200 GET /api/v1/ 352.98ms
INF 2026-08-04T17:29:04.910Z > 200 GET /api/v1/ 613.74ms
INF 2026-08-04T17:29:04.912Z > 200 GET /api/v1/ 445.77ms
INF 2026-08-04T17:29:04.924Z > 200 GET /api/v1/ 364.57ms
INF 2026-08-04T17:29:04.934Z > 200 GET /api/v1/ 332.88ms
INF 2026-08-04T17:29:04.937Z > 200 GET /api/v1/ 256.46ms
INF 2026-08-04T17:29:04.937Z > 200 GET /api/v1/ 283.04ms
INF 2026-08-04T17:29:04.937Z > 200 GET /api/v1/ 313.86ms
INF 2026-08-04T17:29:04.938Z > 200 GET /api/v1/ 653.06ms
INF 2026-08-04T17:29:04.947Z > 200 GET /api/v1/ 284.11ms
INF 2026-08-04T17:29:04.948Z > 200 GET /api/v1/ 267.92ms
INF 2026-08-04T17:29:04.948Z > 200 GET /api/v1/ 389.34ms
INF 2026-08-04T17:29:04.952Z > 200 GET /api/v1/ 538.19ms
INF 2026-08-04T17:29:04.953Z > 200 GET /api/v1/ 298.49ms
INF 2026-08-04T17:29:04.961Z > 200 GET /api/v1/ 257.99ms
INF 2026-08-04T17:29:04.967Z > 200 GET /api/v1/ 95.8ms
INF 2026-08-04T17:29:04.971Z > 200 GET /api/v1/ 267.17ms
INF 2026-08-04T17:29:04.971Z > 200 GET /api/v1/ 249.76ms
INF 2026-08-04T17:29:04.981Z > 200 GET /api/v1/ 301.18ms
INF 2026-08-04T17:29:04.986Z > 200 GET /api/v1/ 383.05ms
INF 2026-08-04T17:29:04.988Z > 200 GET /api/v1/ 359.94ms
INF 2026-08-04T17:29:04.998Z > 200 GET /api/v1/ 371.24ms
INF 2026-08-04T17:29:05.008Z > 200 GET /api/v1/ 484.7ms
INF 2026-08-04T17:29:05.010Z > 200 GET /api/v1/ 364.29ms
INF 2026-08-04T17:29:05.010Z > 200 GET /api/v1/ 507.51ms
INF 2026-08-04T17:29:05.010Z > 200 GET /api/v1/ 306.75ms
INF 2026-08-04T17:29:05.012Z > 200 GET /api/v1/ 255.7ms
INF 2026-08-04T17:29:05.018Z > 200 GET /api/v1/ 338.26ms
INF 2026-08-04T17:29:05.019Z > 200 GET /api/v1/ 321.96ms
INF 2026-08-04T17:29:05.019Z > 200 GET /api/v1/ 316.08ms
INF 2026-08-04T17:29:05.020Z > 200 GET /api/v1/ 365.49ms
INF 2026-08-04T17:29:05.026Z > 200 GET /api/v1/ 86.54ms
INF 2026-08-04T17:29:05.028Z > 200 GET /api/v1/ 230.58ms
INF 2026-08-04T17:29:05.029Z > 200 GET /api/v1/ 356.83ms
INF 2026-08-04T17:29:05.029Z > 200 GET /api/v1/ 458.37ms
INF 2026-08-04T17:29:05.030Z > 200 GET /api/v1/ 375.57ms
INF 2026-08-04T17:29:05.030Z > 200 GET /api/v1/ 660.9ms
INF 2026-08-04T17:29:05.031Z > 200 GET /api/v1/ 333.79ms
INF 2026-08-04T17:29:05.031Z > 200 GET /api/v1/ 404.04ms
INF 2026-08-04T17:29:05.032Z > 200 GET /api/v1/ 386.77ms
INF 2026-08-04T17:29:05.057Z > 200 GET /api/v1/ 371.42ms
INF 2026-08-04T17:29:05.058Z > 200 GET /api/v1/ 295.14ms
INF 2026-08-04T17:29:05.061Z > 200 GET /api/v1/ 261.22ms
INF 2026-08-04T17:29:05.070Z > 200 GET /api/v1/ 519.18ms
INF 2026-08-04T17:29:05.073Z > 200 GET /api/v1/ 323.34ms
INF 2026-08-04T17:29:05.073Z > 200 GET /api/v1/ 273.54ms
INF 2026-08-04T17:29:05.074Z > 200 GET /api/v1/ 511.85ms
INF 2026-08-04T17:29:05.075Z > 200 GET /api/v1/ 318.25ms
INF 2026-08-04T17:29:05.075Z > 200 GET /api/v1/ 470.34ms
INF 2026-08-04T17:29:05.075Z > 200 GET /api/v1/ 353.64ms
INF 2026-08-04T17:29:05.076Z > 200 GET /api/v1/ 366.11ms
INF 2026-08-04T17:29:05.076Z > 200 GET /api/v1/ 373.0ms
INF 2026-08-04T17:29:05.077Z > 200 GET /api/v1/ 303.82ms
INF 2026-08-04T17:29:05.077Z > 200 GET /api/v1/ 233.74ms
INF 2026-08-04T17:29:05.078Z > 200 GET /api/v1/ 398.16ms
INF 2026-08-04T17:29:05.079Z > 200 GET /api/v1/ 297.74ms
INF 2026-08-04T17:29:05.082Z > 200 GET /api/v1/ 333.31ms
INF 2026-08-04T17:29:05.087Z > 200 GET /api/v1/ 262.43ms
INF 2026-08-04T17:29:05.087Z > 200 GET /api/v1/ 289.72ms
INF 2026-08-04T17:29:05.088Z > 200 GET /api/v1/ 103.45ms
INF 2026-08-04T17:29:05.101Z > 200 GET /api/v1/ 344.99ms
INF 2026-08-04T17:29:05.103Z > 200 GET /api/v1/ 330.44ms
INF 2026-08-04T17:29:05.110Z > 200 GET /api/v1/ 337.37ms
INF 2026-08-04T17:29:05.120Z > 200 GET /api/v1/ 319.97ms
INF 2026-08-04T17:29:05.123Z > 200 GET /api/v1/ 251.29ms
INF 2026-08-04T17:29:05.124Z > 200 GET /api/v1/ 252.2ms
INF 2026-08-04T17:29:05.124Z > 200 GET /api/v1/ 324.35ms
INF 2026-08-04T17:29:05.126Z > 200 GET /api/v1/ 316.26ms
INF 2026-08-04T17:29:05.127Z > 200 GET /api/v1/ 224.93ms
INF 2026-08-04T17:29:05.131Z > 200 GET /api/v1/ 279.08ms
INF 2026-08-04T17:29:05.137Z > 200 GET /api/v1/ 235.02ms
INF 2026-08-04T17:29:05.141Z > 200 GET /api/v1/ 338.99ms
INF 2026-08-04T17:29:05.144Z > 200 GET /api/v1/ 242.92ms
INF 2026-08-04T17:29:05.148Z > 200 GET /api/v1/ 87.27ms
INF 2026-08-04T17:29:05.179Z > 200 GET /api/v1/ 100.82ms
INF 2026-08-04T17:29:05.179Z > 200 GET /api/v1/ 270.07ms
INF 2026-08-04T17:29:05.179Z > 200 GET /api/v1/ 307.54ms
INF 2026-08-04T17:29:05.185Z > 200 GET /api/v1/ 447.21ms
INF 2026-08-04T17:29:05.186Z > 200 GET /api/v1/ 277.2ms
INF 2026-08-04T17:29:05.190Z > 200 GET /api/v1/ 1249.09ms
INF 2026-08-04T17:29:05.192Z > 200 GET /api/v1/ 1251.21ms
INF 2026-08-04T17:29:05.193Z > 200 GET /api/v1/ 369.94ms
INF 2026-08-04T17:29:05.193Z > 200 GET /api/v1/ 267.49ms
INF 2026-08-04T17:29:05.195Z > 200 GET /api/v1/ 236.3ms
INF 2026-08-04T17:29:05.196Z > 200 GET /api/v1/ 274.72ms
INF 2026-08-04T17:29:05.196Z > 200 GET /api/v1/ 275.28ms
INF 2026-08-04T17:29:05.196Z > 200 GET /api/v1/ 1255.32ms
INF 2026-08-04T17:29:05.197Z > 200 GET /api/v1/ 275.48ms
INF 2026-08-04T17:29:05.205Z > 200 GET /api/v1/ 283.61ms
INF 2026-08-04T17:29:05.208Z > 200 GET /api/v1/ 260.41ms
INF 2026-08-04T17:29:05.208Z > 200 GET /api/v1/ 254.68ms
INF 2026-08-04T17:29:05.209Z > 200 GET /api/v1/ 255.52ms
INF 2026-08-04T17:29:05.209Z > 200 GET /api/v1/ 366.14ms
INF 2026-08-04T17:29:05.210Z > 200 GET /api/v1/ 358.42ms
INF 2026-08-04T17:29:05.214Z > 200 GET /api/v1/ 89.73ms
INF 2026-08-04T17:29:05.245Z > 200 GET /api/v1/ 285.23ms
INF 2026-08-04T17:29:05.246Z > 200 GET /api/v1/ 292.04ms
INF 2026-08-04T17:29:05.251Z > 200 GET /api/v1/ 227.24ms
INF 2026-08-04T17:29:05.251Z > 200 GET /api/v1/ 290.8ms
INF 2026-08-04T17:29:05.264Z > 200 GET /api/v1/ 306.97ms
INF 2026-08-04T17:29:05.265Z > 200 GET /api/v1/ 304.41ms
INF 2026-08-04T17:29:05.281Z > 200 GET /api/v1/ 322.15ms
INF 2026-08-04T17:29:05.282Z > 200 GET /api/v1/ 292.94ms
INF 2026-08-04T17:29:05.282Z > 200 GET /api/v1/ 271.57ms
INF 2026-08-04T17:29:05.288Z > 200 GET /api/v1/ 276.33ms
INF 2026-08-04T17:29:05.288Z > 200 GET /api/v1/ 328.16ms
INF 2026-08-04T17:29:05.288Z > 200 GET /api/v1/ 328.54ms
INF 2026-08-04T17:29:05.290Z > 200 GET /api/v1/ 261.63ms
INF 2026-08-04T17:29:05.304Z > 200 GET /api/v1/ 306.89ms
INF 2026-08-04T17:29:05.307Z > 200 GET /api/v1/ 256.79ms
INF 2026-08-04T17:29:05.308Z > 200 GET /api/v1/ 112.8ms
INF 2026-08-04T17:29:05.312Z > 200 GET /api/v1/ 322.89ms
INF 2026-08-04T17:29:05.321Z > 200 GET /api/v1/ 111.75ms
INF 2026-08-04T17:29:05.323Z > 200 GET /api/v1/ 115.12ms
INF 2026-08-04T17:29:05.324Z > 200 GET /api/v1/ 363.58ms
INF 2026-08-04T17:29:05.324Z > 200 GET /api/v1/ 313.05ms
INF 2026-08-04T17:29:05.325Z > 200 GET /api/v1/ 315.76ms
INF 2026-08-04T17:29:05.325Z > 200 GET /api/v1/ 471.52ms
INF 2026-08-04T17:29:05.326Z > 200 GET /api/v1/ 336.79ms
INF 2026-08-04T17:29:05.327Z > 200 GET /api/v1/ 446.99ms
INF 2026-08-04T17:29:05.344Z > 200 GET /api/v1/ 276.53ms
INF 2026-08-04T17:29:05.347Z > 200 GET /api/v1/ 268.91ms
INF 2026-08-04T17:29:05.354Z > 200 GET /api/v1/ 286.31ms
INF 2026-08-04T17:29:05.354Z > 200 GET /api/v1/ 365.14ms
INF 2026-08-04T17:29:05.356Z > 200 GET /api/v1/ 278.04ms
INF 2026-08-04T17:29:05.357Z > 200 GET /api/v1/ 357.79ms
INF 2026-08-04T17:29:05.374Z > 200 GET /api/v1/ 294.04ms
INF 2026-08-04T17:29:05.374Z > 200 GET /api/v1/ 350.34ms
INF 2026-08-04T17:29:05.379Z > 200 GET /api/v1/ 317.37ms
INF 2026-08-04T17:29:05.381Z > 200 GET /api/v1/ 99.15ms
INF 2026-08-04T17:29:05.393Z > 200 GET /api/v1/ 334.62ms
INF 2026-08-04T17:29:05.400Z > 200 GET /api/v1/ 318.95ms
INF 2026-08-04T17:29:05.401Z > 200 GET /api/v1/ 389.56ms
INF 2026-08-04T17:29:05.403Z > 200 GET /api/v1/ 335.25ms
INF 2026-08-04T17:29:05.403Z > 200 GET /api/v1/ 335.88ms
INF 2026-08-04T17:29:05.413Z > 200 GET /api/v1/ 291.61ms
INF 2026-08-04T17:29:05.418Z > 200 GET /api/v1/ 407.04ms
INF 2026-08-04T17:29:05.418Z > 200 GET /api/v1/ 381.02ms
INF 2026-08-04T17:29:05.419Z > 200 GET /api/v1/ 307.51ms
INF 2026-08-04T17:29:05.422Z > 200 GET /api/v1/ 301.14ms
INF 2026-08-04T17:29:05.423Z > 200 GET /api/v1/ 311.66ms
INF 2026-08-04T17:29:05.428Z > 200 GET /api/v1/ 306.68ms
INF 2026-08-04T17:29:05.428Z > 200 GET /api/v1/ 356.81ms
INF 2026-08-04T17:29:05.455Z > 200 GET /api/v1/ 193.33ms
INF 2026-08-04T17:29:05.467Z > 200 GET /api/v1/ 388.06ms
INF 2026-08-04T17:29:05.470Z > 200 GET /api/v1/ 329.71ms
INF 2026-08-04T17:29:05.470Z > 200 GET /api/v1/ 348.35ms
INF 2026-08-04T17:29:05.471Z > 200 GET /api/v1/ 349.44ms
INF 2026-08-04T17:29:05.474Z > 200 GET /api/v1/ 391.94ms
INF 2026-08-04T17:29:05.474Z > 200 GET /api/v1/ 348.83ms
INF 2026-08-04T17:29:05.474Z > 200 GET /api/v1/ 352.61ms
INF 2026-08-04T17:29:05.475Z > 200 GET /api/v1/ 396.14ms
INF 2026-08-04T17:29:05.475Z > 200 GET /api/v1/ 354.28ms
INF 2026-08-04T17:29:05.476Z > 200 GET /api/v1/ 395.01ms
INF 2026-08-04T17:29:05.477Z > 200 GET /api/v1/ 365.01ms
INF 2026-08-04T17:29:05.479Z > 200 GET /api/v1/ 290.49ms
INF 2026-08-04T17:29:05.482Z > 200 GET /api/v1/ 309.23ms
INF 2026-08-04T17:29:05.483Z > 200 GET /api/v1/ 126.9ms
INF 2026-08-04T17:29:05.484Z > 200 GET /api/v1/ 336.57ms
INF 2026-08-04T17:29:05.493Z > 200 GET /api/v1/ 306.85ms
INF 2026-08-04T17:29:05.516Z > 200 GET /api/v1/ 324.11ms
INF 2026-08-04T17:29:05.517Z > 200 GET /api/v1/ 326.57ms
INF 2026-08-04T17:29:05.519Z > 200 GET /api/v1/ 372.61ms
INF 2026-08-04T17:29:05.524Z > 200 GET /api/v1/ 289.49ms
INF 2026-08-04T17:29:05.526Z > 200 GET /api/v1/ 293.85ms
INF 2026-08-04T17:29:05.535Z > 200 GET /api/v1/ 413.71ms
INF 2026-08-04T17:29:05.554Z > 200 GET /api/v1/ 321.83ms
INF 2026-08-04T17:29:05.559Z > 200 GET /api/v1/ 313.65ms
INF 2026-08-04T17:29:05.559Z > 200 GET /api/v1/ 437.62ms
INF 2026-08-04T17:29:05.560Z > 200 GET /api/v1/ 438.09ms
INF 2026-08-04T17:29:05.560Z > 200 GET /api/v1/ 380.84ms
INF 2026-08-04T17:29:05.561Z > 200 GET /api/v1/ 328.76ms
INF 2026-08-04T17:29:05.562Z > 200 GET /api/v1/ 415.18ms
INF 2026-08-04T17:29:05.563Z > 200 GET /api/v1/ 440.59ms
INF 2026-08-04T17:29:05.563Z > 200 GET /api/v1/ 370.61ms
INF 2026-08-04T17:29:05.577Z > 200 GET /api/v1/ 332.19ms
INF 2026-08-04T17:29:05.583Z > 200 GET /api/v1/ 396.41ms
INF 2026-08-04T17:29:05.584Z > 200 GET /api/v1/ 392.09ms
INF 2026-08-04T17:29:05.590Z > 200 GET /api/v1/ 398.4ms
INF 2026-08-04T17:29:05.593Z > 200 GET /api/v1/ 314.77ms
INF 2026-08-04T17:29:05.597Z > 200 GET /api/v1/ 279.21ms
INF 2026-08-04T17:29:05.598Z > 200 GET /api/v1/ 319.56ms
INF 2026-08-04T17:29:05.598Z > 200 GET /api/v1/ 320.09ms
INF 2026-08-04T17:29:05.599Z > 200 GET /api/v1/ 381.38ms
INF 2026-08-04T17:29:05.602Z > 200 GET /api/v1/ 284.23ms
INF 2026-08-04T17:29:05.604Z > 200 GET /api/v1/ 315.05ms
INF 2026-08-04T17:29:05.607Z > 200 GET /api/v1/ 256.02ms
INF 2026-08-04T17:29:05.608Z > 200 GET /api/v1/ 319.26ms
INF 2026-08-04T17:29:05.611Z > 200 GET /api/v1/ 378.75ms
INF 2026-08-04T17:29:05.618Z > 200 GET /api/v1/ 273.91ms
INF 2026-08-04T17:29:05.623Z > 200 GET /api/v1/ 430.71ms
INF 2026-08-04T17:29:05.623Z > 200 GET /api/v1/ 502.06ms
INF 2026-08-04T17:29:05.630Z > 200 GET /api/v1/ 385.38ms
INF 2026-08-04T17:29:05.633Z > 200 GET /api/v1/ 441.75ms
INF 2026-08-04T17:29:05.634Z > 200 GET /api/v1/ 444.22ms
INF 2026-08-04T17:29:05.637Z > 200 GET /api/v1/ 314.31ms
INF 2026-08-04T17:29:05.637Z > 200 GET /api/v1/ 375.18ms
INF 2026-08-04T17:29:05.638Z > 200 GET /api/v1/ 512.53ms
INF 2026-08-04T17:29:05.638Z > 200 GET /api/v1/ 360.48ms
INF 2026-08-04T17:29:05.639Z > 200 GET /api/v1/ 498.83ms
INF 2026-08-04T17:29:05.639Z > 200 GET /api/v1/ 317.61ms
INF 2026-08-04T17:29:05.644Z > 200 GET /api/v1/ 261.69ms
INF 2026-08-04T17:29:05.645Z > 200 GET /api/v1/ 272.12ms
INF 2026-08-04T17:29:05.649Z > 200 GET /api/v1/ 403.41ms
INF 2026-08-04T17:29:05.650Z > 200 GET /api/v1/ 156.09ms
INF 2026-08-04T17:29:05.657Z > 200 GET /api/v1/ 312.48ms
INF 2026-08-04T17:29:05.657Z > 200 GET /api/v1/ 381.21ms
INF 2026-08-04T17:29:05.665Z > 200 GET /api/v1/ 282.1ms
INF 2026-08-04T17:29:05.667Z > 200 GET /api/v1/ 293.62ms
INF 2026-08-04T17:29:05.683Z > 200 GET /api/v1/ 299.98ms
INF 2026-08-04T17:29:05.683Z > 200 GET /api/v1/ 301.92ms
INF 2026-08-04T17:29:05.685Z > 200 GET /api/v1/ 407.36ms
INF 2026-08-04T17:29:05.686Z > 200 GET /api/v1/ 312.63ms
INF 2026-08-04T17:29:05.703Z > 200 GET /api/v1/ 318.97ms
INF 2026-08-04T17:29:05.703Z > 200 GET /api/v1/ 329.73ms
INF 2026-08-04T17:29:05.703Z > 200 GET /api/v1/ 283.62ms
INF 2026-08-04T17:29:05.710Z > 200 GET /api/v1/ 365.66ms
INF 2026-08-04T17:29:05.712Z > 200 GET /api/v1/ 257.01ms
INF 2026-08-04T17:29:05.715Z > 200 GET /api/v1/ 331.88ms
INF 2026-08-04T17:29:05.716Z > 200 GET /api/v1/ 364.24ms
INF 2026-08-04T17:29:05.716Z > 200 GET /api/v1/ 119.34ms
INF 2026-08-04T17:29:05.717Z > 200 GET /api/v1/ 318.31ms
INF 2026-08-04T17:29:05.722Z > 200 GET /api/v1/ 338.49ms
INF 2026-08-04T17:29:05.726Z > 200 GET /api/v1/ 91.99ms
INF 2026-08-04T17:29:05.726Z > 200 GET /api/v1/ 92.98ms
INF 2026-08-04T17:29:05.727Z > 200 GET /api/v1/ 344.56ms
INF 2026-08-04T17:29:05.728Z > 200 GET /api/v1/ 255.3ms
INF 2026-08-04T17:29:05.731Z > 200 GET /api/v1/ 330.95ms
INF 2026-08-04T17:29:05.733Z > 200 GET /api/v1/ 278.07ms
INF 2026-08-04T17:29:05.734Z > 200 GET /api/v1/ 314.18ms
INF 2026-08-04T17:29:05.736Z > 200 GET /api/v1/ 349.92ms
INF 2026-08-04T17:29:05.743Z > 200 GET /api/v1/ 288.14ms
INF 2026-08-04T17:29:05.743Z > 200 GET /api/v1/ 273.04ms
INF 2026-08-04T17:29:05.743Z > 200 GET /api/v1/ 281.97ms
INF 2026-08-04T17:29:05.757Z > 200 GET /api/v1/ 276.01ms
INF 2026-08-04T17:29:05.757Z > 200 GET /api/v1/ 295.06ms
INF 2026-08-04T17:29:05.758Z > 200 GET /api/v1/ 277.96ms
INF 2026-08-04T17:29:05.760Z > 200 GET /api/v1/ 234.46ms
INF 2026-08-04T17:29:05.760Z > 200 GET /api/v1/ 236.2ms
INF 2026-08-04T17:29:05.765Z > 200 GET /api/v1/ 239.67ms
INF 2026-08-04T17:29:05.767Z > 200 GET /api/v1/ 301.61ms
INF 2026-08-04T17:29:05.768Z > 200 GET /api/v1/ 306.33ms
INF 2026-08-04T17:29:05.783Z > 200 GET /api/v1/ 327.76ms
INF 2026-08-04T17:29:05.783Z > 200 GET /api/v1/ 259.11ms
INF 2026-08-04T17:29:05.783Z > 200 GET /api/v1/ 289.41ms
INF 2026-08-04T17:29:05.788Z > 200 GET /api/v1/ 104.36ms
INF 2026-08-04T17:29:05.794Z > 200 GET /api/v1/ 299.41ms
INF 2026-08-04T17:29:05.797Z > 200 GET /api/v1/ 302.93ms
INF 2026-08-04T17:29:05.797Z > 200 GET /api/v1/ 272.07ms
INF 2026-08-04T17:29:05.804Z > 200 GET /api/v1/ 94.42ms
INF 2026-08-04T17:29:05.808Z > 200 GET /api/v1/ 327.82ms
INF 2026-08-04T17:29:05.808Z > 200 GET /api/v1/ 280.75ms
INF 2026-08-04T17:29:05.812Z > 200 GET /api/v1/ 273.8ms
INF 2026-08-04T17:29:05.813Z > 200 GET /api/v1/ 274.42ms
INF 2026-08-04T17:29:05.815Z > 200 GET /api/v1/ 341.81ms
INF 2026-08-04T17:29:05.826Z > 200 GET /api/v1/ 267.67ms
INF 2026-08-04T17:29:05.826Z > 200 GET /api/v1/ 299.14ms
INF 2026-08-04T17:29:05.835Z > 200 GET /api/v1/ 307.92ms
INF 2026-08-04T17:29:05.836Z > 200 GET /api/v1/ 310.79ms
INF 2026-08-04T17:29:05.840Z > 200 GET /api/v1/ 270.05ms
INF 2026-08-04T17:29:05.854Z > 200 GET /api/v1/ 301.1ms
INF 2026-08-04T17:29:05.855Z > 200 GET /api/v1/ 244.88ms
INF 2026-08-04T17:29:05.855Z > 200 GET /api/v1/ 260.44ms
INF 2026-08-04T17:29:05.859Z > 200 GET /api/v1/ 320.85ms
INF 2026-08-04T17:29:05.860Z > 200 GET /api/v1/ 394.31ms
INF 2026-08-04T17:29:05.873Z > 200 GET /api/v1/ 112.69ms
INF 2026-08-04T17:29:05.884Z > 200 GET /api/v1/ 125.85ms
INF 2026-08-04T17:29:05.887Z > 200 GET /api/v1/ 346.17ms
INF 2026-08-04T17:29:05.890Z > 200 GET /api/v1/ 101.87ms
INF 2026-08-04T17:29:05.890Z > 200 GET /api/v1/ 319.18ms
INF 2026-08-04T17:29:05.890Z > 200 GET /api/v1/ 332.63ms
INF 2026-08-04T17:29:05.895Z > 200 GET /api/v1/ 251.35ms
INF 2026-08-04T17:29:05.895Z > 200 GET /api/v1/ 271.87ms
INF 2026-08-04T17:29:05.898Z > 200 GET /api/v1/ 258.28ms
INF 2026-08-04T17:29:05.899Z > 200 GET /api/v1/ 259.04ms
INF 2026-08-04T17:29:05.899Z > 200 GET /api/v1/ 259.34ms
INF 2026-08-04T17:29:05.900Z > 200 GET /api/v1/ 266.72ms
INF 2026-08-04T17:29:05.901Z > 200 GET /api/v1/ 301.65ms
INF 2026-08-04T17:29:05.902Z > 200 GET /api/v1/ 304.39ms
INF 2026-08-04T17:29:05.902Z > 200 GET /api/v1/ 268.31ms
INF 2026-08-04T17:29:05.920Z > 200 GET /api/v1/ 287.08ms
INF 2026-08-04T17:29:05.929Z > 200 GET /api/v1/ 93.34ms
INF 2026-08-04T17:29:05.932Z > 200 GET /api/v1/ 288.91ms
INF 2026-08-04T17:29:05.932Z > 200 GET /api/v1/ 288.27ms
INF 2026-08-04T17:29:05.939Z > 200 GET /api/v1/ 315.5ms
INF 2026-08-04T17:29:05.948Z > 200 GET /api/v1/ 265.71ms
INF 2026-08-04T17:29:05.950Z > 200 GET /api/v1/ 273.68ms
INF 2026-08-04T17:29:05.950Z > 200 GET /api/v1/ 306.26ms
INF 2026-08-04T17:29:05.951Z > 200 GET /api/v1/ 274.03ms
INF 2026-08-04T17:29:05.951Z > 200 GET /api/v1/ 295.05ms
INF 2026-08-04T17:29:05.955Z > 200 GET /api/v1/ 140.29ms
INF 2026-08-04T17:29:05.956Z > 200 GET /api/v1/ 143.06ms
INF 2026-08-04T17:29:05.957Z > 200 GET /api/v1/ 324.07ms
INF 2026-08-04T17:29:05.960Z > 200 GET /api/v1/ 269.14ms
INF 2026-08-04T17:29:05.961Z > 200 GET /api/v1/ 264.22ms
INF 2026-08-04T17:29:05.964Z > 200 GET /api/v1/ 316.2ms
INF 2026-08-04T17:29:05.964Z > 200 GET /api/v1/ 309.51ms
INF 2026-08-04T17:29:05.964Z > 200 GET /api/v1/ 281.03ms
INF 2026-08-04T17:29:05.965Z > 200 GET /api/v1/ 310.85ms
INF 2026-08-04T17:29:05.967Z > 200 GET /api/v1/ 89.83ms
INF 2026-08-04T17:29:05.977Z > 200 GET /api/v1/ 243.95ms
INF 2026-08-04T17:29:05.977Z > 200 GET /api/v1/ 247.73ms
INF 2026-08-04T17:29:05.980Z > 200 GET /api/v1/ 84.9ms
INF 2026-08-04T17:29:05.982Z > 200 GET /api/v1/ 300.04ms
INF 2026-08-04T17:29:05.983Z > 200 GET /api/v1/ 301.01ms
INF 2026-08-04T17:29:05.984Z > 200 GET /api/v1/ 303.07ms
INF 2026-08-04T17:29:05.985Z > 200 GET /api/v1/ 272.45ms
INF 2026-08-04T17:29:05.986Z > 200 GET /api/v1/ 272.51ms
INF 2026-08-04T17:29:06.004Z > 200 GET /api/v1/ 276.02ms
INF 2026-08-04T17:29:06.007Z > 200 GET /api/v1/ 246.06ms
INF 2026-08-04T17:29:06.010Z > 200 GET /api/v1/ 299.58ms
INF 2026-08-04T17:29:06.013Z > 200 GET /api/v1/ 316.9ms
INF 2026-08-04T17:29:06.013Z > 200 GET /api/v1/ 252.86ms
INF 2026-08-04T17:29:06.014Z > 200 GET /api/v1/ 329.45ms
INF 2026-08-04T17:29:06.022Z > 200 GET /api/v1/ 330.75ms
INF 2026-08-04T17:29:06.023Z > 200 GET /api/v1/ 272.64ms
INF 2026-08-04T17:29:06.025Z > 200 GET /api/v1/ 214.15ms
INF 2026-08-04T17:29:06.033Z > 200 GET /api/v1/ 283.07ms
INF 2026-08-04T17:29:06.043Z > 200 GET /api/v1/ 287.02ms
INF 2026-08-04T17:29:06.044Z > 200 GET /api/v1/ 293.42ms
INF 2026-08-04T17:29:06.045Z > 200 GET /api/v1/ 334.23ms
INF 2026-08-04T17:29:06.047Z > 200 GET /api/v1/ 314.06ms
INF 2026-08-04T17:29:06.056Z > 200 GET /api/v1/ 243.41ms
INF 2026-08-04T17:29:06.061Z > 200 GET /api/v1/ 245.46ms
INF 2026-08-04T17:29:06.066Z > 200 GET /api/v1/ 277.78ms
INF 2026-08-04T17:29:06.066Z > 200 GET /api/v1/ 315.99ms
INF 2026-08-04T17:29:06.067Z > 200 GET /api/v1/ 290.01ms
INF 2026-08-04T17:29:06.067Z > 200 GET /api/v1/ 245.82ms
INF 2026-08-04T17:29:06.067Z > 200 GET /api/v1/ 279.34ms
INF 2026-08-04T17:29:06.068Z > 200 GET /api/v1/ 102.38ms
INF 2026-08-04T17:29:06.069Z > 200 GET /api/v1/ 88.73ms
INF 2026-08-04T17:29:06.079Z > 200 GET /api/v1/ 368.36ms
INF 2026-08-04T17:29:06.094Z > 200 GET /api/v1/ 290.85ms
INF 2026-08-04T17:29:06.103Z > 200 GET /api/v1/ 321.14ms
INF 2026-08-04T17:29:06.111Z > 200 GET /api/v1/ 274.73ms
INF 2026-08-04T17:29:06.112Z > 200 GET /api/v1/ 268.73ms
INF 2026-08-04T17:29:06.112Z > 200 GET /api/v1/ 272.86ms
INF 2026-08-04T17:29:06.114Z > 200 GET /api/v1/ 277.55ms
INF 2026-08-04T17:29:06.114Z > 200 GET /api/v1/ 310.71ms
INF 2026-08-04T17:29:06.115Z > 200 GET /api/v1/ 272.64ms
INF 2026-08-04T17:29:06.117Z > 200 GET /api/v1/ 312.93ms
INF 2026-08-04T17:29:06.117Z > 200 GET /api/v1/ 280.49ms
INF 2026-08-04T17:29:06.118Z > 200 GET /api/v1/ 329.94ms
INF 2026-08-04T17:29:06.119Z > 200 GET /api/v1/ 342.71ms
INF 2026-08-04T17:29:06.120Z > 200 GET /api/v1/ 306.64ms
INF 2026-08-04T17:29:06.122Z > 200 GET /api/v1/ 228.56ms
INF 2026-08-04T17:29:06.137Z > 200 GET /api/v1/ 264.96ms
INF 2026-08-04T17:29:06.142Z > 200 GET /api/v1/ 271.46ms
INF 2026-08-04T17:29:06.142Z > 200 GET /api/v1/ 263.86ms
INF 2026-08-04T17:29:06.150Z > 200 GET /api/v1/ 325.63ms
INF 2026-08-04T17:29:06.151Z > 200 GET /api/v1/ 314.0ms
INF 2026-08-04T17:29:06.158Z > 200 GET /api/v1/ 314.63ms
INF 2026-08-04T17:29:06.165Z > 200 GET /api/v1/ 322.49ms
INF 2026-08-04T17:29:06.165Z > 200 GET /api/v1/ 251.69ms
INF 2026-08-04T17:29:06.166Z > 200 GET /api/v1/ 344.57ms
INF 2026-08-04T17:29:06.166Z > 200 GET /api/v1/ 293.85ms
INF 2026-08-04T17:29:06.167Z > 200 GET /api/v1/ 294.69ms
INF 2026-08-04T17:29:06.167Z > 200 GET /api/v1/ 252.99ms
INF 2026-08-04T17:29:06.167Z > 200 GET /api/v1/ 236.2ms
INF 2026-08-04T17:29:06.169Z > 200 GET /api/v1/ 273.96ms
INF 2026-08-04T17:29:06.170Z > 200 GET /api/v1/ 291.86ms
INF 2026-08-04T17:29:06.178Z > 200 GET /api/v1/ 334.87ms
INF 2026-08-04T17:29:06.190Z > 200 GET /api/v1/ 224.76ms
INF 2026-08-04T17:29:06.191Z > 200 GET /api/v1/ 241.59ms
INF 2026-08-04T17:29:06.193Z > 200 GET /api/v1/ 322.48ms
INF 2026-08-04T17:29:06.193Z > 200 GET /api/v1/ 268.55ms
INF 2026-08-04T17:29:06.194Z > 200 GET /api/v1/ 284.05ms
INF 2026-08-04T17:29:06.208Z > 200 GET /api/v1/ 242.71ms
INF 2026-08-04T17:29:06.218Z > 200 GET /api/v1/ 243.61ms
INF 2026-08-04T17:29:06.220Z > 200 GET /api/v1/ 239.38ms
INF 2026-08-04T17:29:06.221Z > 200 GET /api/v1/ 253.91ms
INF 2026-08-04T17:29:06.222Z > 200 GET /api/v1/ 254.91ms
INF 2026-08-04T17:29:06.222Z > 200 GET /api/v1/ 255.23ms
INF 2026-08-04T17:29:06.227Z > 200 GET /api/v1/ 260.86ms
INF 2026-08-04T17:29:06.227Z > 200 GET /api/v1/ 317.74ms
INF 2026-08-04T17:29:06.228Z > 200 GET /api/v1/ 262.38ms
INF 2026-08-04T17:29:06.228Z > 200 GET /api/v1/ 247.26ms
INF 2026-08-04T17:29:06.229Z > 200 GET /api/v1/ 221.65ms
INF 2026-08-04T17:29:06.241Z > 200 GET /api/v1/ 121.99ms
INF 2026-08-04T17:29:06.245Z > 200 GET /api/v1/ 405.28ms
INF 2026-08-04T17:29:06.246Z > 200 GET /api/v1/ 278.78ms
INF 2026-08-04T17:29:06.248Z > 200 GET /api/v1/ 281.74ms
INF 2026-08-04T17:29:06.249Z > 200 GET /api/v1/ 283.89ms
INF 2026-08-04T17:29:06.250Z > 200 GET /api/v1/ 284.28ms
INF 2026-08-04T17:29:06.250Z > 200 GET /api/v1/ 284.82ms
INF 2026-08-04T17:29:06.272Z > 200 GET /api/v1/ 225.6ms
INF 2026-08-04T17:29:06.272Z > 200 GET /api/v1/ 244.08ms
INF 2026-08-04T17:29:06.274Z > 200 GET /api/v1/ 246.12ms
INF 2026-08-04T17:29:06.274Z > 200 GET /api/v1/ 247.05ms
INF 2026-08-04T17:29:06.278Z > 200 GET /api/v1/ 252.79ms
INF 2026-08-04T17:29:06.287Z > 200 GET /api/v1/ 258.99ms
INF 2026-08-04T17:29:06.287Z > 200 GET /api/v1/ 239.77ms
INF 2026-08-04T17:29:06.290Z > 200 GET /api/v1/ 257.93ms
INF 2026-08-04T17:29:06.291Z > 200 GET /api/v1/ 262.15ms
INF 2026-08-04T17:29:06.292Z > 200 GET /api/v1/ 260.15ms
INF 2026-08-04T17:29:06.294Z > 200 GET /api/v1/ 261.92ms
INF 2026-08-04T17:29:06.299Z > 200 GET /api/v1/ 283.42ms
INF 2026-08-04T17:29:06.306Z > 200 GET /api/v1/ 75.46ms
INF 2026-08-04T17:29:06.310Z > 200 GET /api/v1/ 285.24ms
INF 2026-08-04T17:29:06.312Z > 200 GET /api/v1/ 284.53ms
INF 2026-08-04T17:29:06.316Z > 200 GET /api/v1/ 270.47ms
INF 2026-08-04T17:29:06.317Z > 200 GET /api/v1/ 71.86ms
INF 2026-08-04T17:29:06.318Z > 200 GET /api/v1/ 249.59ms
INF 2026-08-04T17:29:06.328Z > 200 GET /api/v1/ 281.95ms
INF 2026-08-04T17:29:06.328Z > 200 GET /api/v1/ 281.34ms
INF 2026-08-04T17:29:06.329Z > 200 GET /api/v1/ 280.89ms
INF 2026-08-04T17:29:06.332Z > 200 GET /api/v1/ 276.55ms
INF 2026-08-04T17:29:06.333Z > 200 GET /api/v1/ 286.61ms
INF 2026-08-04T17:29:06.333Z > 200 GET /api/v1/ 124.38ms
INF 2026-08-04T17:29:06.335Z > 200 GET /api/v1/ 279.66ms
INF 2026-08-04T17:29:06.337Z > 200 GET /api/v1/ 280.34ms
INF 2026-08-04T17:29:06.339Z > 200 GET /api/v1/ 217.48ms
INF 2026-08-04T17:29:06.339Z > 200 GET /api/v1/ 292.39ms
INF 2026-08-04T17:29:06.365Z > 200 GET /api/v1/ 269.71ms
INF 2026-08-04T17:29:06.365Z > 200 GET /api/v1/ 256.81ms
INF 2026-08-04T17:29:06.375Z > 200 GET /api/v1/ 300.49ms
INF 2026-08-04T17:29:06.375Z > 200 GET /api/v1/ 307.13ms
INF 2026-08-04T17:29:06.378Z > 200 GET /api/v1/ 256.44ms
INF 2026-08-04T17:29:06.378Z > 200 GET /api/v1/ 65.84ms
INF 2026-08-04T17:29:06.381Z > 200 GET /api/v1/ 259.5ms
INF 2026-08-04T17:29:06.381Z > 200 GET /api/v1/ 276.31ms
INF 2026-08-04T17:29:06.382Z > 200 GET /api/v1/ 260.17ms
INF 2026-08-04T17:29:06.382Z > 200 GET /api/v1/ 260.42ms
INF 2026-08-04T17:29:06.389Z > 200 GET /api/v1/ 294.04ms
INF 2026-08-04T17:29:06.395Z > 200 GET /api/v1/ 269.63ms
INF 2026-08-04T17:29:06.417Z > 200 GET /api/v1/ 322.19ms
INF 2026-08-04T17:29:06.417Z > 200 GET /api/v1/ 308.9ms
INF 2026-08-04T17:29:06.419Z > 200 GET /api/v1/ 307.95ms
INF 2026-08-04T17:29:06.420Z > 200 GET /api/v1/ 391.2ms
INF 2026-08-04T17:29:06.434Z > 200 GET /api/v1/ 211.45ms
INF 2026-08-04T17:29:06.437Z > 200 GET /api/v1/ 244.43ms
INF 2026-08-04T17:29:06.437Z > 200 GET /api/v1/ 248.08ms
INF 2026-08-04T17:29:06.442Z > 200 GET /api/v1/ 317.61ms
INF 2026-08-04T17:29:06.442Z > 200 GET /api/v1/ 284.57ms
INF 2026-08-04T17:29:06.443Z > 200 GET /api/v1/ 285.48ms
INF 2026-08-04T17:29:06.444Z > 200 GET /api/v1/ 221.56ms
INF 2026-08-04T17:29:06.446Z > 200 GET /api/v1/ 337.77ms
INF 2026-08-04T17:29:06.447Z > 200 GET /api/v1/ 321.57ms
INF 2026-08-04T17:29:06.448Z > 200 GET /api/v1/ 322.93ms
INF 2026-08-04T17:29:06.453Z > 200 GET /api/v1/ 306.39ms
INF 2026-08-04T17:29:06.453Z > 200 GET /api/v1/ 212.76ms
INF 2026-08-04T17:29:06.456Z > 200 GET /api/v1/ 88.11ms
INF 2026-08-04T17:29:06.467Z > 200 GET /api/v1/ 309.83ms
INF 2026-08-04T17:29:06.471Z > 200 GET /api/v1/ 313.62ms
INF 2026-08-04T17:29:06.471Z > 200 GET /api/v1/ 282.18ms
INF 2026-08-04T17:29:06.479Z > 200 GET /api/v1/ 321.42ms
INF 2026-08-04T17:29:06.495Z > 200 GET /api/v1/ 273.29ms
INF 2026-08-04T17:29:06.496Z > 200 GET /api/v1/ 255.3ms
INF 2026-08-04T17:29:06.496Z > 200 GET /api/v1/ 304.02ms
INF 2026-08-04T17:29:06.497Z > 200 GET /api/v1/ 290.46ms
INF 2026-08-04T17:29:06.502Z > 200 GET /api/v1/ 309.04ms
INF 2026-08-04T17:29:06.505Z > 200 GET /api/v1/ 298.17ms
INF 2026-08-04T17:29:06.511Z > 200 GET /api/v1/ 270.56ms
INF 2026-08-04T17:29:06.519Z > 200 GET /api/v1/ 274.97ms
INF 2026-08-04T17:29:06.519Z > 200 GET /api/v1/ 275.25ms
INF 2026-08-04T17:29:06.524Z > 200 GET /api/v1/ 283.56ms
INF 2026-08-04T17:29:06.525Z > 200 GET /api/v1/ 82.03ms
INF 2026-08-04T17:29:06.538Z > 200 GET /api/v1/ 348.96ms
INF 2026-08-04T17:29:06.546Z > 200 GET /api/v1/ 267.61ms
INF 2026-08-04T17:29:06.548Z > 200 GET /api/v1/ 264.08ms
INF 2026-08-04T17:29:06.551Z > 200 GET /api/v1/ 383.42ms
INF 2026-08-04T17:29:06.562Z > 200 GET /api/v1/ 278.54ms
INF 2026-08-04T17:29:06.567Z > 200 GET /api/v1/ 267.94ms
INF 2026-08-04T17:29:06.569Z > 200 GET /api/v1/ 99.05ms
INF 2026-08-04T17:29:06.569Z > 200 GET /api/v1/ 270.19ms
INF 2026-08-04T17:29:06.570Z > 200 GET /api/v1/ 285.71ms
INF 2026-08-04T17:29:06.572Z > 200 GET /api/v1/ 75.32ms
INF 2026-08-04T17:29:06.575Z > 200 GET /api/v1/ 353.09ms
INF 2026-08-04T17:29:06.583Z > 200 GET /api/v1/ 299.16ms
INF 2026-08-04T17:29:06.584Z > 200 GET /api/v1/ 300.07ms
INF 2026-08-04T17:29:06.586Z > 200 GET /api/v1/ 307.38ms
INF 2026-08-04T17:29:06.587Z > 200 GET /api/v1/ 346.3ms
INF 2026-08-04T17:29:06.589Z > 200 GET /api/v1/ 254.56ms
INF 2026-08-04T17:29:06.595Z > 200 GET /api/v1/ 296.05ms
INF 2026-08-04T17:29:06.596Z > 200 GET /api/v1/ 317.48ms
INF 2026-08-04T17:29:06.604Z > 200 GET /api/v1/ 269.49ms
INF 2026-08-04T17:29:06.604Z > 200 GET /api/v1/ 325.68ms
INF 2026-08-04T17:29:06.607Z > 200 GET /api/v1/ 380.42ms
INF 2026-08-04T17:29:06.608Z > 200 GET /api/v1/ 415.29ms
INF 2026-08-04T17:29:06.610Z > 200 GET /api/v1/ 404.23ms
INF 2026-08-04T17:29:06.610Z > 200 GET /api/v1/ 331.41ms
INF 2026-08-04T17:29:06.610Z > 200 GET /api/v1/ 366.69ms
INF 2026-08-04T17:29:06.611Z > 200 GET /api/v1/ 384.33ms
INF 2026-08-04T17:29:06.611Z > 200 GET /api/v1/ 322.32ms
INF 2026-08-04T17:29:06.614Z > 200 GET /api/v1/ 369.88ms
INF 2026-08-04T17:29:06.614Z > 200 GET /api/v1/ 301.45ms
INF 2026-08-04T17:29:06.625Z > 200 GET /api/v1/ 263.0ms
INF 2026-08-04T17:29:06.625Z > 200 GET /api/v1/ 100.4ms
INF 2026-08-04T17:29:06.632Z > 200 GET /api/v1/ 260.57ms
INF 2026-08-04T17:29:06.632Z > 200 GET /api/v1/ 264.95ms
INF 2026-08-04T17:29:06.637Z > 200 GET /api/v1/ 320.54ms
INF 2026-08-04T17:29:06.638Z > 200 GET /api/v1/ 118.59ms
INF 2026-08-04T17:29:06.641Z > 200 GET /api/v1/ 323.85ms
INF 2026-08-04T17:29:06.648Z > 200 GET /api/v1/ 330.88ms
INF 2026-08-04T17:29:06.648Z > 200 GET /api/v1/ 331.45ms
INF 2026-08-04T17:29:06.648Z > 200 GET /api/v1/ 314.16ms
INF 2026-08-04T17:29:06.649Z > 200 GET /api/v1/ 362.73ms
INF 2026-08-04T17:29:06.655Z > 200 GET /api/v1/ 293.37ms
INF 2026-08-04T17:29:06.659Z > 200 GET /api/v1/ 297.66ms
INF 2026-08-04T17:29:06.676Z > 200 GET /api/v1/ 308.22ms
INF 2026-08-04T17:29:06.677Z > 200 GET /api/v1/ 333.52ms
INF 2026-08-04T17:29:06.684Z > 200 GET /api/v1/ 308.68ms
INF 2026-08-04T17:29:06.685Z > 200 GET /api/v1/ 214.43ms
INF 2026-08-04T17:29:06.685Z > 200 GET /api/v1/ 309.6ms
INF 2026-08-04T17:29:06.686Z > 200 GET /api/v1/ 317.02ms
INF 2026-08-04T17:29:06.687Z > 200 GET /api/v1/ 387.89ms
INF 2026-08-04T17:29:06.693Z > 200 GET /api/v1/ 324.74ms
INF 2026-08-04T17:29:06.694Z > 200 GET /api/v1/ 296.57ms
INF 2026-08-04T17:29:06.699Z > 200 GET /api/v1/ 359.84ms
INF 2026-08-04T17:29:06.722Z > 200 GET /api/v1/ 126.13ms
INF 2026-08-04T17:29:06.727Z > 200 GET /api/v1/ 346.81ms
INF 2026-08-04T17:29:06.728Z > 200 GET /api/v1/ 102.7ms
INF 2026-08-04T17:29:06.731Z > 200 GET /api/v1/ 261.39ms
INF 2026-08-04T17:29:06.732Z > 200 GET /api/v1/ 315.32ms
INF 2026-08-04T17:29:06.733Z > 200 GET /api/v1/ 288.06ms
INF 2026-08-04T17:29:06.733Z > 200 GET /api/v1/ 352.66ms
INF 2026-08-04T17:29:06.733Z > 200 GET /api/v1/ 335.89ms
INF 2026-08-04T17:29:06.734Z > 200 GET /api/v1/ 310.92ms
INF 2026-08-04T17:29:06.735Z > 200 GET /api/v1/ 305.54ms
INF 2026-08-04T17:29:06.737Z > 200 GET /api/v1/ 240.7ms
INF 2026-08-04T17:29:06.739Z > 200 GET /api/v1/ 310.81ms
INF 2026-08-04T17:29:06.742Z > 200 GET /api/v1/ 246.76ms
INF 2026-08-04T17:29:06.743Z > 200 GET /api/v1/ 272.43ms
INF 2026-08-04T17:29:06.769Z > 200 GET /api/v1/ 388.49ms
INF 2026-08-04T17:29:06.770Z > 200 GET /api/v1/ 259.3ms
INF 2026-08-04T17:29:06.771Z > 200 GET /api/v1/ 276.47ms
INF 2026-08-04T17:29:06.772Z > 200 GET /api/v1/ 348.97ms
INF 2026-08-04T17:29:06.773Z > 200 GET /api/v1/ 254.85ms
INF 2026-08-04T17:29:06.777Z > 200 GET /api/v1/ 333.07ms
INF 2026-08-04T17:29:06.779Z > 200 GET /api/v1/ 254.08ms
INF 2026-08-04T17:29:06.783Z > 200 GET /api/v1/ 213.39ms
INF 2026-08-04T17:29:06.784Z > 200 GET /api/v1/ 78.71ms
INF 2026-08-04T17:29:06.789Z > 200 GET /api/v1/ 270.39ms
INF 2026-08-04T17:29:06.789Z > 200 GET /api/v1/ 219.29ms
INF 2026-08-04T17:29:06.790Z > 200 GET /api/v1/ 366.06ms
INF 2026-08-04T17:29:06.790Z > 200 GET /api/v1/ 373.65ms
INF 2026-08-04T17:29:06.799Z > 200 GET /api/v1/ 302.33ms
INF 2026-08-04T17:29:06.800Z > 200 GET /api/v1/ 304.69ms
INF 2026-08-04T17:29:06.802Z > 200 GET /api/v1/ 304.09ms
INF 2026-08-04T17:29:06.808Z > 200 GET /api/v1/ 363.19ms
INF 2026-08-04T17:29:06.812Z > 200 GET /api/v1/ 382.9ms
INF 2026-08-04T17:29:06.815Z > 200 GET /api/v1/ 280.23ms
INF 2026-08-04T17:29:06.817Z > 200 GET /api/v1/ 441.84ms
INF 2026-08-04T17:29:06.820Z > 200 GET /api/v1/ 76.93ms
INF 2026-08-04T17:29:06.820Z > 200 GET /api/v1/ 323.07ms
INF 2026-08-04T17:29:06.823Z > 200 GET /api/v1/ 251.69ms
INF 2026-08-04T17:29:06.823Z > 200 GET /api/v1/ 303.72ms
INF 2026-08-04T17:29:06.825Z > 200 GET /api/v1/ 275.32ms
INF 2026-08-04T17:29:06.833Z > 200 GET /api/v1/ 388.72ms
INF 2026-08-04T17:29:06.839Z > 200 GET /api/v1/ 280.11ms
INF 2026-08-04T17:29:06.839Z > 200 GET /api/v1/ 268.3ms
INF 2026-08-04T17:29:06.840Z > 200 GET /api/v1/ 244.55ms
INF 2026-08-04T17:29:06.841Z > 200 GET /api/v1/ 227.3ms
INF 2026-08-04T17:29:06.841Z > 200 GET /api/v1/ 244.91ms
INF 2026-08-04T17:29:06.842Z > 200 GET /api/v1/ 270.79ms
INF 2026-08-04T17:29:06.844Z > 200 GET /api/v1/ 230.37ms
INF 2026-08-04T17:29:06.844Z > 200 GET /api/v1/ 274.08ms
INF 2026-08-04T17:29:06.845Z > 200 GET /api/v1/ 248.27ms
INF 2026-08-04T17:29:06.846Z > 200 GET /api/v1/ 232.4ms
INF 2026-08-04T17:29:06.846Z > 200 GET /api/v1/ 243.68ms
INF 2026-08-04T17:29:06.847Z > 200 GET /api/v1/ 234.04ms
INF 2026-08-04T17:29:06.848Z > 200 GET /api/v1/ 277.46ms
INF 2026-08-04T17:29:06.848Z > 200 GET /api/v1/ 384.93ms
INF 2026-08-04T17:29:06.854Z > 200 GET /api/v1/ 82.48ms
INF 2026-08-04T17:29:06.869Z > 200 GET /api/v1/ 312.13ms
INF 2026-08-04T17:29:06.875Z > 200 GET /api/v1/ 86.36ms
INF 2026-08-04T17:29:06.885Z > 200 GET /api/v1/ 242.42ms
INF 2026-08-04T17:29:06.885Z > 200 GET /api/v1/ 229.69ms
INF 2026-08-04T17:29:06.886Z > 200 GET /api/v1/ 226.84ms
INF 2026-08-04T17:29:06.888Z > 200 GET /api/v1/ 108.82ms
INF 2026-08-04T17:29:06.893Z > 200 GET /api/v1/ 83.12ms
INF 2026-08-04T17:29:06.903Z > 200 GET /api/v1/ 239.84ms
INF 2026-08-04T17:29:06.908Z > 200 GET /api/v1/ 265.18ms
INF 2026-08-04T17:29:06.909Z > 200 GET /api/v1/ 266.08ms
INF 2026-08-04T17:29:06.909Z > 200 GET /api/v1/ 270.76ms
INF 2026-08-04T17:29:06.909Z > 200 GET /api/v1/ 247.2ms
INF 2026-08-04T17:29:06.910Z > 200 GET /api/v1/ 246.75ms
INF 2026-08-04T17:29:06.910Z > 200 GET /api/v1/ 247.83ms
INF 2026-08-04T17:29:06.911Z > 200 GET /api/v1/ 1383.48ms
INF 2026-08-04T17:29:06.921Z > 200 GET /api/v1/ 244.25ms
INF 2026-08-04T17:29:06.925Z > 200 GET /api/v1/ 353.92ms
INF 2026-08-04T17:29:06.927Z > 200 GET /api/v1/ 265.21ms
INF 2026-08-04T17:29:06.928Z > 200 GET /api/v1/ 265.7ms
INF 2026-08-04T17:29:06.928Z > 200 GET /api/v1/ 250.75ms
INF 2026-08-04T17:29:06.928Z > 200 GET /api/v1/ 245.23ms
INF 2026-08-04T17:29:06.929Z > 200 GET /api/v1/ 251.16ms
INF 2026-08-04T17:29:06.944Z > 200 GET /api/v1/ 245.26ms
INF 2026-08-04T17:29:06.944Z > 200 GET /api/v1/ 281.36ms
INF 2026-08-04T17:29:06.945Z > 200 GET /api/v1/ 279.97ms
INF 2026-08-04T17:29:06.951Z > 200 GET /api/v1/ 288.51ms
INF 2026-08-04T17:29:06.960Z > 200 GET /api/v1/ 253.82ms
INF 2026-08-04T17:29:06.963Z > 200 GET /api/v1/ 298.47ms
INF 2026-08-04T17:29:06.967Z > 200 GET /api/v1/ 304.01ms
INF 2026-08-04T17:29:06.977Z > 200 GET /api/v1/ 101.74ms
INF 2026-08-04T17:29:06.978Z > 200 GET /api/v1/ 293.98ms
INF 2026-08-04T17:29:06.979Z > 200 GET /api/v1/ 254.33ms
INF 2026-08-04T17:29:06.989Z > 200 GET /api/v1/ 244.66ms
INF 2026-08-04T17:29:07.000Z > 200 GET /api/v1/ 96.94ms
INF 2026-08-04T17:29:07.002Z > 200 GET /api/v1/ 363.63ms
INF 2026-08-04T17:29:07.004Z > 200 GET /api/v1/ 273.24ms
INF 2026-08-04T17:29:07.004Z > 200 GET /api/v1/ 298.46ms
INF 2026-08-04T17:29:07.006Z > 200 GET /api/v1/ 261.77ms
INF 2026-08-04T17:29:07.020Z > 200 GET /api/v1/ 258.48ms
INF 2026-08-04T17:29:07.022Z > 200 GET /api/v1/ 344.53ms
INF 2026-08-04T17:29:07.023Z > 200 GET /api/v1/ 220.66ms
INF 2026-08-04T17:29:07.024Z > 200 GET /api/v1/ 79.61ms
INF 2026-08-04T17:29:07.029Z > 200 GET /api/v1/ 248.07ms
INF 2026-08-04T17:29:07.036Z > 200 GET /api/v1/ 311.46ms
INF 2026-08-04T17:29:07.039Z > 200 GET /api/v1/ 250.63ms
INF 2026-08-04T17:29:07.040Z > 200 GET /api/v1/ 225.17ms
INF 2026-08-04T17:29:07.040Z > 200 GET /api/v1/ 230.3ms
INF 2026-08-04T17:29:07.041Z > 200 GET /api/v1/ 335.22ms
INF 2026-08-04T17:29:07.043Z > 200 GET /api/v1/ 298.97ms
INF 2026-08-04T17:29:07.043Z > 200 GET /api/v1/ 263.65ms
INF 2026-08-04T17:29:07.044Z > 200 GET /api/v1/ 313.97ms
INF 2026-08-04T17:29:07.046Z > 200 GET /api/v1/ 266.12ms
INF 2026-08-04T17:29:07.046Z > 200 GET /api/v1/ 268.19ms
INF 2026-08-04T17:29:07.047Z > 200 GET /api/v1/ 267.21ms
INF 2026-08-04T17:29:07.052Z > 200 GET /api/v1/ 318.25ms
INF 2026-08-04T17:29:07.053Z > 200 GET /api/v1/ 328.55ms
INF 2026-08-04T17:29:07.071Z > 200 GET /api/v1/ 327.05ms
INF 2026-08-04T17:29:07.072Z > 200 GET /api/v1/ 254.62ms
INF 2026-08-04T17:29:07.074Z > 200 GET /api/v1/ 107.3ms
INF 2026-08-04T17:29:07.077Z > 200 GET /api/v1/ 224.89ms
INF 2026-08-04T17:29:07.078Z > 200 GET /api/v1/ 71.59ms
INF 2026-08-04T17:29:07.080Z > 200 GET /api/v1/ 261.99ms
INF 2026-08-04T17:29:07.084Z > 200 GET /api/v1/ 231.44ms
INF 2026-08-04T17:29:07.095Z > 200 GET /api/v1/ 108.25ms
INF 2026-08-04T17:29:07.097Z > 200 GET /api/v1/ 282.37ms
INF 2026-08-04T17:29:07.099Z > 200 GET /api/v1/ 246.94ms
INF 2026-08-04T17:29:07.100Z > 200 GET /api/v1/ 265.84ms
INF 2026-08-04T17:29:07.100Z > 200 GET /api/v1/ 279.13ms
INF 2026-08-04T17:29:07.105Z > 200 GET /api/v1/ 270.77ms
INF 2026-08-04T17:29:07.105Z > 200 GET /api/v1/ 271.48ms
INF 2026-08-04T17:29:07.124Z > 200 GET /api/v1/ 306.79ms
INF 2026-08-04T17:29:07.133Z > 200 GET /api/v1/ 286.72ms
INF 2026-08-04T17:29:07.147Z > 200 GET /api/v1/ 248.43ms
INF 2026-08-04T17:29:07.148Z > 200 GET /api/v1/ 272.75ms
INF 2026-08-04T17:29:07.148Z > 200 GET /api/v1/ 251.35ms
INF 2026-08-04T17:29:07.149Z > 200 GET /api/v1/ 328.2ms
INF 2026-08-04T17:29:07.150Z > 200 GET /api/v1/ 280.26ms
INF 2026-08-04T17:29:07.150Z > 200 GET /api/v1/ 311.71ms
INF 2026-08-04T17:29:07.152Z > 200 GET /api/v1/ 279.81ms
INF 2026-08-04T17:29:07.153Z > 200 GET /api/v1/ 279.88ms
INF 2026-08-04T17:29:07.155Z > 200 GET /api/v1/ 321.4ms
INF 2026-08-04T17:29:07.156Z > 200 GET /api/v1/ 286.57ms
INF 2026-08-04T17:29:07.157Z > 200 GET /api/v1/ 284.16ms
INF 2026-08-04T17:29:07.158Z > 200 GET /api/v1/ 265.8ms
INF 2026-08-04T17:29:07.160Z > 200 GET /api/v1/ 272.3ms
INF 2026-08-04T17:29:07.169Z > 200 GET /api/v1/ 334.25ms
INF 2026-08-04T17:29:07.177Z > 200 GET /api/v1/ 341.65ms
INF 2026-08-04T17:29:07.180Z > 200 GET /api/v1/ 262.9ms
INF 2026-08-04T17:29:07.180Z > 200 GET /api/v1/ 256.74ms
INF 2026-08-04T17:29:07.187Z > 200 GET /api/v1/ 283.52ms
INF 2026-08-04T17:29:07.187Z > 200 GET /api/v1/ 289.74ms
INF 2026-08-04T17:29:07.187Z > 200 GET /api/v1/ 303.28ms
INF 2026-08-04T17:29:07.188Z > 200 GET /api/v1/ 284.83ms
INF 2026-08-04T17:29:07.189Z > 200 GET /api/v1/ 290.64ms
INF 2026-08-04T17:29:07.190Z > 200 GET /api/v1/ 286.76ms
INF 2026-08-04T17:29:07.199Z > 200 GET /api/v1/ 295.75ms
INF 2026-08-04T17:29:07.202Z > 200 GET /api/v1/ 293.61ms
INF 2026-08-04T17:29:07.202Z > 200 GET /api/v1/ 247.08ms
INF 2026-08-04T17:29:07.202Z > 200 GET /api/v1/ 304.78ms
INF 2026-08-04T17:29:07.203Z > 200 GET /api/v1/ 311.12ms
INF 2026-08-04T17:29:07.203Z > 200 GET /api/v1/ 300.32ms
INF 2026-08-04T17:29:07.204Z > 200 GET /api/v1/ 311.75ms
INF 2026-08-04T17:29:07.225Z > 200 GET /api/v1/ 269.73ms
INF 2026-08-04T17:29:07.227Z > 200 GET /api/v1/ 271.65ms
INF 2026-08-04T17:29:07.228Z > 200 GET /api/v1/ 254.69ms
INF 2026-08-04T17:29:07.235Z > 200 GET /api/v1/ 247.25ms
INF 2026-08-04T17:29:07.235Z > 200 GET /api/v1/ 280.17ms
INF 2026-08-04T17:29:07.238Z > 200 GET /api/v1/ 282.72ms
INF 2026-08-04T17:29:07.239Z > 200 GET /api/v1/ 78.76ms
INF 2026-08-04T17:29:07.239Z > 200 GET /api/v1/ 280.96ms
INF 2026-08-04T17:29:07.239Z > 200 GET /api/v1/ 279.56ms
INF 2026-08-04T17:29:07.241Z > 200 GET /api/v1/ 221.88ms
INF 2026-08-04T17:29:07.241Z > 200 GET /api/v1/ 274.84ms
INF 2026-08-04T17:29:07.243Z > 200 GET /api/v1/ 288.27ms
INF 2026-08-04T17:29:07.244Z > 200 GET /api/v1/ 256.33ms
INF 2026-08-04T17:29:07.247Z > 200 GET /api/v1/ 275.66ms
INF 2026-08-04T17:29:07.249Z > 200 GET /api/v1/ 243.35ms
INF 2026-08-04T17:29:07.262Z > 200 GET /api/v1/ 246.04ms
INF 2026-08-04T17:29:07.263Z > 200 GET /api/v1/ 296.19ms
INF 2026-08-04T17:29:07.264Z > 200 GET /api/v1/ 209.02ms
INF 2026-08-04T17:29:07.279Z > 200 GET /api/v1/ 218.86ms
INF 2026-08-04T17:29:07.280Z > 200 GET /api/v1/ 292.62ms
INF 2026-08-04T17:29:07.282Z > 200 GET /api/v1/ 229.83ms
INF 2026-08-04T17:29:07.283Z > 200 GET /api/v1/ 276.68ms
INF 2026-08-04T17:29:07.283Z > 200 GET /api/v1/ 270.2ms
INF 2026-08-04T17:29:07.284Z > 200 GET /api/v1/ 243.11ms
INF 2026-08-04T17:29:07.284Z > 200 GET /api/v1/ 243.33ms
INF 2026-08-04T17:29:07.284Z > 200 GET /api/v1/ 272.59ms
INF 2026-08-04T17:29:07.300Z > 200 GET /api/v1/ 195.22ms
INF 2026-08-04T17:29:07.304Z > 200 GET /api/v1/ 1278.89ms
INF 2026-08-04T17:29:07.304Z > 200 GET /api/v1/ 235.85ms
INF 2026-08-04T17:29:07.304Z > 200 GET /api/v1/ 298.08ms
INF 2026-08-04T17:29:07.310Z > 200 GET /api/v1/ 257.83ms
INF 2026-08-04T17:29:07.311Z > 200 GET /api/v1/ 355.4ms
INF 2026-08-04T17:29:07.313Z > 200 GET /api/v1/ 241.89ms
INF 2026-08-04T17:29:07.320Z > 200 GET /api/v1/ 268.18ms
INF 2026-08-04T17:29:07.321Z > 200 GET /api/v1/ 249.95ms
INF 2026-08-04T17:29:07.322Z > 200 GET /api/v1/ 266.77ms
INF 2026-08-04T17:29:07.324Z > 200 GET /api/v1/ 318.34ms
INF 2026-08-04T17:29:07.343Z > 200 GET /api/v1/ 271.48ms
INF 2026-08-04T17:29:07.348Z > 200 GET /api/v1/ 276.34ms
INF 2026-08-04T17:29:07.348Z > 200 GET /api/v1/ 237.6ms
INF 2026-08-04T17:29:07.351Z > 200 GET /api/v1/ 241.03ms
INF 2026-08-04T17:29:07.357Z > 200 GET /api/v1/ 232.98ms
INF 2026-08-04T17:29:07.372Z > 200 GET /api/v1/ 261.15ms
INF 2026-08-04T17:29:07.373Z > 200 GET /api/v1/ 262.89ms
INF 2026-08-04T17:29:07.373Z > 200 GET /api/v1/ 262.56ms
INF 2026-08-04T17:29:07.374Z > 200 GET /api/v1/ 262.82ms
INF 2026-08-04T17:29:07.380Z > 200 GET /api/v1/ 269.49ms
INF 2026-08-04T17:29:07.387Z > 200 GET /api/v1/ 1361.75ms
INF 2026-08-04T17:29:07.394Z > 200 GET /api/v1/ 282.39ms
INF 2026-08-04T17:29:07.399Z > 200 GET /api/v1/ 250.27ms
INF 2026-08-04T17:29:07.417Z > 200 GET /api/v1/ 304.92ms
INF 2026-08-04T17:29:07.423Z > 200 GET /api/v1/ 311.75ms
INF 2026-08-04T17:29:07.425Z > 200 GET /api/v1/ 301.02ms
INF 2026-08-04T17:29:07.437Z > 200 GET /api/v1/ 261.11ms
INF 2026-08-04T17:29:07.437Z > 200 GET /api/v1/ 274.72ms
INF 2026-08-04T17:29:07.438Z > 200 GET /api/v1/ 275.21ms
INF 2026-08-04T17:29:07.438Z > 200 GET /api/v1/ 275.64ms
INF 2026-08-04T17:29:07.438Z > 200 GET /api/v1/ 278.29ms
INF 2026-08-04T17:29:07.446Z > 200 GET /api/v1/ 322.81ms
INF 2026-08-04T17:29:07.458Z > 200 GET /api/v1/ 334.53ms
INF 2026-08-04T17:29:07.472Z > 200 GET /api/v1/ 320.2ms
INF 2026-08-04T17:29:07.474Z > 200 GET /api/v1/ 267.51ms
INF 2026-08-04T17:29:07.475Z > 200 GET /api/v1/ 255.78ms
INF 2026-08-04T17:29:07.482Z > 200 GET /api/v1/ 106.5ms
INF 2026-08-04T17:29:07.490Z > 200 GET /api/v1/ 378.3ms
INF 2026-08-04T17:29:07.492Z > 200 GET /api/v1/ 379.6ms
INF 2026-08-04T17:29:07.492Z > 200 GET /api/v1/ 277.69ms
INF 2026-08-04T17:29:07.493Z > 200 GET /api/v1/ 315.93ms
INF 2026-08-04T17:29:07.493Z > 200 GET /api/v1/ 278.3ms
INF 2026-08-04T17:29:07.494Z > 200 GET /api/v1/ 171.89ms
INF 2026-08-04T17:29:07.494Z > 200 GET /api/v1/ 349.17ms
INF 2026-08-04T17:29:07.495Z > 200 GET /api/v1/ 383.73ms
INF 2026-08-04T17:29:07.495Z > 200 GET /api/v1/ 288.99ms
INF 2026-08-04T17:29:07.508Z > 200 GET /api/v1/ 288.6ms
INF 2026-08-04T17:29:07.508Z > 200 GET /api/v1/ 289.37ms
INF 2026-08-04T17:29:07.509Z > 200 GET /api/v1/ 284.84ms
INF 2026-08-04T17:29:07.510Z > 200 GET /api/v1/ 290.83ms
INF 2026-08-04T17:29:07.515Z > 200 GET /api/v1/ 296.05ms
INF 2026-08-04T17:29:07.515Z > 200 GET /api/v1/ 296.28ms
INF 2026-08-04T17:29:07.516Z > 200 GET /api/v1/ 392.45ms
INF 2026-08-04T17:29:07.517Z > 200 GET /api/v1/ 309.68ms
INF 2026-08-04T17:29:07.535Z > 200 GET /api/v1/ 294.88ms
INF 2026-08-04T17:29:07.540Z > 200 GET /api/v1/ 293.1ms
INF 2026-08-04T17:29:07.541Z > 200 GET /api/v1/ 298.66ms
INF 2026-08-04T17:29:07.542Z > 200 GET /api/v1/ 274.23ms
INF 2026-08-04T17:29:07.543Z > 200 GET /api/v1/ 275.4ms
INF 2026-08-04T17:29:07.546Z > 200 GET /api/v1/ 326.33ms
INF 2026-08-04T17:29:07.546Z > 200 GET /api/v1/ 299.13ms
INF 2026-08-04T17:29:07.547Z > 200 GET /api/v1/ 300.03ms
INF 2026-08-04T17:29:07.549Z > 200 GET /api/v1/ 396.68ms
INF 2026-08-04T17:29:07.550Z > 200 GET /api/v1/ 273.27ms
INF 2026-08-04T17:29:07.551Z > 200 GET /api/v1/ 331.67ms
INF 2026-08-04T17:29:07.566Z > 200 GET /api/v1/ 325.89ms
INF 2026-08-04T17:29:07.567Z > 200 GET /api/v1/ 327.08ms
INF 2026-08-04T17:29:07.574Z > 200 GET /api/v1/ 286.48ms
INF 2026-08-04T17:29:07.581Z > 200 GET /api/v1/ 341.13ms
INF 2026-08-04T17:29:07.582Z > 200 GET /api/v1/ 94.25ms
INF 2026-08-04T17:29:07.585Z > 200 GET /api/v1/ 357.93ms
INF 2026-08-04T17:29:07.586Z > 200 GET /api/v1/ 343.69ms
INF 2026-08-04T17:29:07.594Z > 200 GET /api/v1/ 347.28ms
INF 2026-08-04T17:29:07.597Z > 200 GET /api/v1/ 357.3ms
INF 2026-08-04T17:29:07.598Z > 200 GET /api/v1/ 298.0ms
INF 2026-08-04T17:29:07.599Z > 200 GET /api/v1/ 288.32ms
INF 2026-08-04T17:29:07.599Z > 200 GET /api/v1/ 299.53ms
INF 2026-08-04T17:29:07.600Z > 200 GET /api/v1/ 274.42ms
INF 2026-08-04T17:29:07.600Z > 200 GET /api/v1/ 312.33ms
INF 2026-08-04T17:29:07.601Z > 200 GET /api/v1/ 313.0ms
INF 2026-08-04T17:29:07.601Z > 200 GET /api/v1/ 325.16ms
INF 2026-08-04T17:29:07.614Z > 200 GET /api/v1/ 333.76ms
INF 2026-08-04T17:29:07.626Z > 200 GET /api/v1/ 270.13ms
INF 2026-08-04T17:29:07.627Z > 200 GET /api/v1/ 257.33ms
INF 2026-08-04T17:29:07.628Z > 200 GET /api/v1/ 388.33ms
INF 2026-08-04T17:29:07.629Z > 200 GET /api/v1/ 308.62ms
INF 2026-08-04T17:29:07.633Z > 200 GET /api/v1/ 276.67ms
INF 2026-08-04T17:29:07.633Z > 200 GET /api/v1/ 345.4ms
INF 2026-08-04T17:29:07.634Z > 200 GET /api/v1/ 95.98ms
INF 2026-08-04T17:29:07.635Z > 200 GET /api/v1/ 309.26ms
INF 2026-08-04T17:29:07.636Z > 200 GET /api/v1/ 316.81ms
INF 2026-08-04T17:29:07.637Z > 200 GET /api/v1/ 265.18ms
INF 2026-08-04T17:29:07.638Z > 200 GET /api/v1/ 315.93ms
INF 2026-08-04T17:29:07.639Z > 200 GET /api/v1/ 370.56ms
INF 2026-08-04T17:29:07.639Z > 200 GET /api/v1/ 313.62ms
INF 2026-08-04T17:29:07.640Z > 200 GET /api/v1/ 89.34ms
INF 2026-08-04T17:29:07.649Z > 200 GET /api/v1/ 293.06ms
INF 2026-08-04T17:29:07.650Z > 200 GET /api/v1/ 331.16ms
INF 2026-08-04T17:29:07.650Z > 200 GET /api/v1/ 274.06ms
INF 2026-08-04T17:29:07.651Z > 200 GET /api/v1/ 281.55ms
INF 2026-08-04T17:29:07.652Z > 200 GET /api/v1/ 275.35ms
INF 2026-08-04T17:29:07.652Z > 200 GET /api/v1/ 276.26ms
INF 2026-08-04T17:29:07.658Z > 200 GET /api/v1/ 222.91ms
INF 2026-08-04T17:29:07.658Z > 200 GET /api/v1/ 83.84ms
INF 2026-08-04T17:29:07.659Z > 200 GET /api/v1/ 303.31ms
INF 2026-08-04T17:29:07.659Z > 200 GET /api/v1/ 371.47ms
INF 2026-08-04T17:29:07.661Z > 200 GET /api/v1/ 63.44ms
INF 2026-08-04T17:29:07.670Z > 200 GET /api/v1/ 314.45ms
INF 2026-08-04T17:29:07.671Z > 200 GET /api/v1/ 155.17ms
INF 2026-08-04T17:29:07.671Z > 200 GET /api/v1/ 315.36ms
INF 2026-08-04T17:29:07.672Z > 200 GET /api/v1/ 256.23ms
INF 2026-08-04T17:29:07.672Z > 200 GET /api/v1/ 237.42ms
INF 2026-08-04T17:29:07.673Z > 200 GET /api/v1/ 351.76ms
INF 2026-08-04T17:29:07.673Z > 200 GET /api/v1/ 238.16ms
INF 2026-08-04T17:29:07.674Z > 200 GET /api/v1/ 184.73ms
INF 2026-08-04T17:29:07.675Z > 200 GET /api/v1/ 256.12ms
INF 2026-08-04T17:29:07.677Z > 200 GET /api/v1/ 357.66ms
INF 2026-08-04T17:29:07.677Z > 200 GET /api/v1/ 261.6ms
INF 2026-08-04T17:29:07.677Z > 200 GET /api/v1/ 261.76ms
INF 2026-08-04T17:29:07.684Z > 200 GET /api/v1/ 312.69ms
INF 2026-08-04T17:29:07.685Z > 200 GET /api/v1/ 315.45ms
INF 2026-08-04T17:29:07.687Z > 200 GET /api/v1/ 253.18ms
INF 2026-08-04T17:29:07.693Z > 200 GET /api/v1/ 177.48ms
INF 2026-08-04T17:29:07.697Z > 200 GET /api/v1/ 321.82ms
INF 2026-08-04T17:29:07.698Z > 200 GET /api/v1/ 262.62ms
INF 2026-08-04T17:29:07.705Z > 200 GET /api/v1/ 289.65ms
INF 2026-08-04T17:29:07.708Z > 200 GET /api/v1/ 166.97ms
INF 2026-08-04T17:29:07.716Z > 200 GET /api/v1/ 183.39ms
INF 2026-08-04T17:29:07.719Z > 200 GET /api/v1/ 231.85ms
INF 2026-08-04T17:29:07.727Z > 200 GET /api/v1/ 211.18ms
INF 2026-08-04T17:29:07.731Z > 200 GET /api/v1/ 215.31ms
INF 2026-08-04T17:29:07.735Z > 200 GET /api/v1/ 62.32ms
INF 2026-08-04T17:29:07.735Z > 200 GET /api/v1/ 216.23ms
INF 2026-08-04T17:29:07.744Z > 200 GET /api/v1/ 182.96ms
INF 2026-08-04T17:29:07.745Z > 200 GET /api/v1/ 184.04ms
INF 2026-08-04T17:29:07.745Z > 200 GET /api/v1/ 225.9ms
INF 2026-08-04T17:29:07.747Z > 200 GET /api/v1/ 75.95ms
INF 2026-08-04T17:29:07.752Z > 200 GET /api/v1/ 316.31ms
INF 2026-08-04T17:29:07.771Z > 200 GET /api/v1/ 255.56ms
INF 2026-08-04T17:29:07.772Z > 200 GET /api/v1/ 211.43ms
INF 2026-08-04T17:29:07.774Z > 200 GET /api/v1/ 211.98ms
INF 2026-08-04T17:29:07.776Z > 200 GET /api/v1/ 214.13ms
INF 2026-08-04T17:29:07.779Z > 200 GET /api/v1/ 410.52ms
INF 2026-08-04T17:29:07.779Z > 200 GET /api/v1/ 263.41ms
INF 2026-08-04T17:29:07.780Z > 200 GET /api/v1/ 205.29ms
INF 2026-08-04T17:29:07.804Z > 200 GET /api/v1/ 224.44ms
INF 2026-08-04T17:29:07.808Z > 200 GET /api/v1/ 245.73ms
INF 2026-08-04T17:29:07.826Z > 200 GET /api/v1/ 212.06ms
INF 2026-08-04T17:29:07.828Z > 200 GET /api/v1/ 248.53ms
INF 2026-08-04T17:29:07.835Z > 200 GET /api/v1/ 255.33ms
INF 2026-08-04T17:29:07.836Z > 200 GET /api/v1/ 255.9ms
INF 2026-08-04T17:29:07.843Z > 200 GET /api/v1/ 255.37ms
INF 2026-08-04T17:29:07.857Z > 200 GET /api/v1/ 269.31ms
INF 2026-08-04T17:29:07.860Z > 200 GET /api/v1/ 273.08ms
INF 2026-08-04T17:29:07.861Z > 200 GET /api/v1/ 81.13ms
INF 2026-08-04T17:29:07.881Z > 200 GET /api/v1/ 301.32ms
INF 2026-08-04T17:29:07.881Z > 200 GET /api/v1/ 268.82ms
INF 2026-08-04T17:29:07.891Z > 200 GET /api/v1/ 276.69ms
INF 2026-08-04T17:29:07.892Z > 200 GET /api/v1/ 254.57ms
INF 2026-08-04T17:29:07.892Z > 200 GET /api/v1/ 257.02ms
INF 2026-08-04T17:29:07.893Z > 200 GET /api/v1/ 254.56ms
INF 2026-08-04T17:29:07.893Z > 200 GET /api/v1/ 265.5ms
INF 2026-08-04T17:29:07.893Z > 200 GET /api/v1/ 225.24ms
INF 2026-08-04T17:29:07.894Z > 200 GET /api/v1/ 232.44ms
INF 2026-08-04T17:29:07.895Z > 200 GET /api/v1/ 281.07ms
INF 2026-08-04T17:29:07.895Z > 200 GET /api/v1/ 315.75ms
INF 2026-08-04T17:29:07.900Z > 200 GET /api/v1/ 302.37ms
INF 2026-08-04T17:29:07.908Z > 200 GET /api/v1/ 100.25ms
INF 2026-08-04T17:29:07.909Z > 200 GET /api/v1/ 270.66ms
INF 2026-08-04T17:29:07.909Z > 200 GET /api/v1/ 240.37ms
INF 2026-08-04T17:29:07.914Z > 200 GET /api/v1/ 274.49ms
INF 2026-08-04T17:29:07.917Z > 200 GET /api/v1/ 284.6ms
INF 2026-08-04T17:29:07.918Z > 200 GET /api/v1/ 338.28ms
INF 2026-08-04T17:29:07.919Z > 200 GET /api/v1/ 321.98ms
INF 2026-08-04T17:29:07.920Z > 200 GET /api/v1/ 283.51ms
INF 2026-08-04T17:29:07.923Z > 200 GET /api/v1/ 362.37ms
INF 2026-08-04T17:29:07.925Z > 200 GET /api/v1/ 237.03ms
INF 2026-08-04T17:29:07.927Z > 200 GET /api/v1/ 100.71ms
INF 2026-08-04T17:29:07.933Z > 200 GET /api/v1/ 264.52ms
INF 2026-08-04T17:29:07.936Z > 200 GET /api/v1/ 263.26ms
INF 2026-08-04T17:29:07.937Z > 200 GET /api/v1/ 374.64ms
INF 2026-08-04T17:29:07.954Z > 200 GET /api/v1/ 285.28ms
INF 2026-08-04T17:29:07.964Z > 200 GET /api/v1/ 323.83ms
INF 2026-08-04T17:29:07.968Z > 200 GET /api/v1/ 297.01ms
INF 2026-08-04T17:29:07.972Z > 200 GET /api/v1/ 275.03ms
INF 2026-08-04T17:29:07.972Z > 200 GET /api/v1/ 276.74ms
INF 2026-08-04T17:29:07.974Z > 200 GET /api/v1/ 305.91ms
INF 2026-08-04T17:29:07.978Z > 200 GET /api/v1/ 289.44ms
INF 2026-08-04T17:29:07.979Z > 200 GET /api/v1/ 290.85ms
INF 2026-08-04T17:29:07.986Z > 200 GET /api/v1/ 298.45ms
INF 2026-08-04T17:29:07.987Z > 200 GET /api/v1/ 291.87ms
INF 2026-08-04T17:29:07.987Z > 200 GET /api/v1/ 298.81ms
INF 2026-08-04T17:29:07.988Z > 200 GET /api/v1/ 299.48ms
INF 2026-08-04T17:29:07.988Z > 200 GET /api/v1/ 299.29ms
INF 2026-08-04T17:29:07.989Z > 200 GET /api/v1/ 291.95ms
INF 2026-08-04T17:29:07.991Z > 200 GET /api/v1/ 280.54ms
INF 2026-08-04T17:29:07.991Z > 200 GET /api/v1/ 295.48ms
INF 2026-08-04T17:29:07.991Z > 200 GET /api/v1/ 281.76ms
INF 2026-08-04T17:29:07.992Z > 200 GET /api/v1/ 360.05ms
INF 2026-08-04T17:29:07.996Z > 200 GET /api/v1/ 285.76ms
INF 2026-08-04T17:29:08.005Z > 200 GET /api/v1/ 275.73ms
INF 2026-08-04T17:29:08.006Z > 200 GET /api/v1/ 296.7ms
INF 2026-08-04T17:29:08.007Z > 200 GET /api/v1/ 279.37ms
INF 2026-08-04T17:29:08.007Z > 200 GET /api/v1/ 279.87ms
INF 2026-08-04T17:29:08.008Z > 200 GET /api/v1/ 280.22ms
INF 2026-08-04T17:29:08.034Z > 200 GET /api/v1/ 324.74ms
INF 2026-08-04T17:29:08.035Z > 200 GET /api/v1/ 366.24ms
INF 2026-08-04T17:29:08.035Z > 200 GET /api/v1/ 305.69ms
INF 2026-08-04T17:29:08.036Z > 200 GET /api/v1/ 296.24ms
INF 2026-08-04T17:29:08.037Z > 200 GET /api/v1/ 307.7ms
INF 2026-08-04T17:29:08.043Z > 200 GET /api/v1/ 315.62ms
INF 2026-08-04T17:29:08.049Z > 200 GET /api/v1/ 319.57ms
INF 2026-08-04T17:29:08.068Z > 200 GET /api/v1/ 371.32ms
INF 2026-08-04T17:29:08.069Z > 200 GET /api/v1/ 379.39ms
INF 2026-08-04T17:29:08.069Z > 200 GET /api/v1/ 339.46ms
INF 2026-08-04T17:29:08.072Z > 200 GET /api/v1/ 341.5ms
INF 2026-08-04T17:29:08.072Z > 200 GET /api/v1/ 344.35ms
INF 2026-08-04T17:29:08.076Z > 200 GET /api/v1/ 346.75ms
INF 2026-08-04T17:29:08.077Z > 200 GET /api/v1/ 349.11ms
INF 2026-08-04T17:29:08.077Z > 200 GET /api/v1/ 324.15ms
INF 2026-08-04T17:29:08.079Z > 200 GET /api/v1/ 326.28ms
INF 2026-08-04T17:29:08.079Z > 200 GET /api/v1/ 283.48ms
INF 2026-08-04T17:29:08.080Z > 200 GET /api/v1/ 315.74ms
INF 2026-08-04T17:29:08.081Z > 200 GET /api/v1/ 253.82ms
INF 2026-08-04T17:29:08.088Z > 200 GET /api/v1/ 1351.15ms
INF 2026-08-04T17:29:08.088Z > 200 GET /api/v1/ 96.32ms
INF 2026-08-04T17:29:08.104Z > 200 GET /api/v1/ 414.76ms
INF 2026-08-04T17:29:08.105Z > 200 GET /api/v1/ 375.26ms
INF 2026-08-04T17:29:08.109Z > 200 GET /api/v1/ 420.15ms
INF 2026-08-04T17:29:08.109Z > 200 GET /api/v1/ 137.95ms
INF 2026-08-04T17:29:08.113Z > 200 GET /api/v1/ 305.03ms
INF 2026-08-04T17:29:08.114Z > 200 GET /api/v1/ 1376.95ms
INF 2026-08-04T17:29:08.114Z > 200 GET /api/v1/ 286.87ms
INF 2026-08-04T17:29:08.115Z > 200 GET /api/v1/ 319.12ms
INF 2026-08-04T17:29:08.119Z > 200 GET /api/v1/ 300.49ms
INF 2026-08-04T17:29:08.120Z > 200 GET /api/v1/ 293.39ms
INF 2026-08-04T17:29:08.121Z > 200 GET /api/v1/ 342.31ms
INF 2026-08-04T17:29:08.123Z > 200 GET /api/v1/ 303.73ms
INF 2026-08-04T17:29:08.132Z > 200 GET /api/v1/ 143.08ms
INF 2026-08-04T17:29:08.137Z > 200 GET /api/v1/ 372.71ms
INF 2026-08-04T17:29:08.141Z > 200 GET /api/v1/ 256.48ms
INF 2026-08-04T17:29:08.145Z > 200 GET /api/v1/ 259.99ms
INF 2026-08-04T17:29:08.148Z > 200 GET /api/v1/ 233.99ms
INF 2026-08-04T17:29:08.148Z > 200 GET /api/v1/ 283.01ms
INF 2026-08-04T17:29:08.149Z > 200 GET /api/v1/ 321.92ms
INF 2026-08-04T17:29:08.149Z > 200 GET /api/v1/ 276.93ms
INF 2026-08-04T17:29:08.150Z > 200 GET /api/v1/ 221.82ms
INF 2026-08-04T17:29:08.150Z > 200 GET /api/v1/ 322.75ms
INF 2026-08-04T17:29:08.150Z > 200 GET /api/v1/ 323.87ms
INF 2026-08-04T17:29:08.151Z > 200 GET /api/v1/ 255.3ms
INF 2026-08-04T17:29:08.151Z > 200 GET /api/v1/ 115.68ms
INF 2026-08-04T17:29:08.154Z > 200 GET /api/v1/ 382.78ms
INF 2026-08-04T17:29:08.158Z > 200 GET /api/v1/ 250.39ms
INF 2026-08-04T17:29:08.159Z > 200 GET /api/v1/ 388.2ms
INF 2026-08-04T17:29:08.165Z > 200 GET /api/v1/ 267.48ms
INF 2026-08-04T17:29:08.179Z > 200 GET /api/v1/ 225.34ms
INF 2026-08-04T17:29:08.181Z > 200 GET /api/v1/ 363.17ms
INF 2026-08-04T17:29:08.182Z > 200 GET /api/v1/ 254.05ms
INF 2026-08-04T17:29:08.182Z > 200 GET /api/v1/ 216.6ms
INF 2026-08-04T17:29:08.194Z > 200 GET /api/v1/ 227.9ms
INF 2026-08-04T17:29:08.194Z > 200 GET /api/v1/ 238.73ms
INF 2026-08-04T17:29:08.195Z > 200 GET /api/v1/ 239.29ms
INF 2026-08-04T17:29:08.204Z > 200 GET /api/v1/ 248.54ms
INF 2026-08-04T17:29:08.218Z > 200 GET /api/v1/ 264.71ms
INF 2026-08-04T17:29:08.229Z > 200 GET /api/v1/ 95.02ms
INF 2026-08-04T17:29:08.232Z > 200 GET /api/v1/ 120.77ms
INF 2026-08-04T17:29:08.236Z > 200 GET /api/v1/ 85.22ms
INF 2026-08-04T17:29:08.236Z > 200 GET /api/v1/ 82.76ms
INF 2026-08-04T17:29:08.237Z > 200 GET /api/v1/ 205.36ms
INF 2026-08-04T17:29:08.240Z > 200 GET /api/v1/ 208.5ms
INF 2026-08-04T17:29:08.241Z > 200 GET /api/v1/ 282.78ms
INF 2026-08-04T17:29:08.251Z > 200 GET /api/v1/ 294.41ms
INF 2026-08-04T17:29:08.252Z > 200 GET /api/v1/ 286.37ms
INF 2026-08-04T17:29:08.252Z > 200 GET /api/v1/ 286.61ms
INF 2026-08-04T17:29:08.253Z > 200 GET /api/v1/ 280.1ms
INF 2026-08-04T17:29:08.253Z > 200 GET /api/v1/ 287.15ms
INF 2026-08-04T17:29:08.257Z > 200 GET /api/v1/ 98.15ms
INF 2026-08-04T17:29:08.277Z > 200 GET /api/v1/ 267.29ms
INF 2026-08-04T17:29:08.278Z > 200 GET /api/v1/ 246.09ms
INF 2026-08-04T17:29:08.281Z > 200 GET /api/v1/ 272.67ms
INF 2026-08-04T17:29:08.283Z > 200 GET /api/v1/ 296.18ms
INF 2026-08-04T17:29:08.285Z > 200 GET /api/v1/ 319.11ms
INF 2026-08-04T17:29:08.286Z > 200 GET /api/v1/ 319.52ms
INF 2026-08-04T17:29:08.286Z > 200 GET /api/v1/ 296.96ms
INF 2026-08-04T17:29:08.286Z > 200 GET /api/v1/ 320.32ms
INF 2026-08-04T17:29:08.295Z > 200 GET /api/v1/ 269.15ms
INF 2026-08-04T17:29:08.301Z > 200 GET /api/v1/ 235.84ms
INF 2026-08-04T17:29:08.306Z > 200 GET /api/v1/ 260.97ms
INF 2026-08-04T17:29:08.307Z > 200 GET /api/v1/ 270.47ms
INF 2026-08-04T17:29:08.307Z > 200 GET /api/v1/ 298.24ms
INF 2026-08-04T17:29:08.307Z > 200 GET /api/v1/ 271.82ms
INF 2026-08-04T17:29:08.309Z > 200 GET /api/v1/ 336.63ms
INF 2026-08-04T17:29:08.318Z > 200 GET /api/v1/ 293.0ms
INF 2026-08-04T17:29:08.319Z > 200 GET /api/v1/ 228.65ms
INF 2026-08-04T17:29:08.320Z > 200 GET /api/v1/ 283.72ms
INF 2026-08-04T17:29:08.326Z > 200 GET /api/v1/ 294.07ms
INF 2026-08-04T17:29:08.330Z > 200 GET /api/v1/ 298.69ms
INF 2026-08-04T17:29:08.333Z > 200 GET /api/v1/ 320.91ms
INF 2026-08-04T17:29:08.342Z > 200 GET /api/v1/ 308.36ms
INF 2026-08-04T17:29:08.355Z > 200 GET /api/v1/ 368.26ms
INF 2026-08-04T17:29:08.356Z > 200 GET /api/v1/ 311.79ms
INF 2026-08-04T17:29:08.357Z > 200 GET /api/v1/ 291.06ms
INF 2026-08-04T17:29:08.357Z > 200 GET /api/v1/ 291.13ms
INF 2026-08-04T17:29:08.358Z > 200 GET /api/v1/ 80.98ms
INF 2026-08-04T17:29:08.360Z > 200 GET /api/v1/ 225.91ms
INF 2026-08-04T17:29:08.369Z > 200 GET /api/v1/ 332.69ms
INF 2026-08-04T17:29:08.371Z > 200 GET /api/v1/ 268.27ms
INF 2026-08-04T17:29:08.371Z > 200 GET /api/v1/ 53.83ms
INF 2026-08-04T17:29:08.372Z > 200 GET /api/v1/ 259.13ms
INF 2026-08-04T17:29:08.374Z > 200 GET /api/v1/ 239.53ms
INF 2026-08-04T17:29:08.374Z > 200 GET /api/v1/ 238.0ms
INF 2026-08-04T17:29:08.375Z > 200 GET /api/v1/ 240.39ms
INF 2026-08-04T17:29:08.375Z > 200 GET /api/v1/ 302.8ms
INF 2026-08-04T17:29:08.375Z > 200 GET /api/v1/ 309.95ms
INF 2026-08-04T17:29:08.376Z > 200 GET /api/v1/ 309.56ms
INF 2026-08-04T17:29:08.376Z > 200 GET /api/v1/ 263.48ms
INF 2026-08-04T17:29:08.377Z > 200 GET /api/v1/ 331.0ms
INF 2026-08-04T17:29:08.377Z > 200 GET /api/v1/ 331.69ms
INF 2026-08-04T17:29:08.377Z > 200 GET /api/v1/ 273.96ms
INF 2026-08-04T17:29:08.381Z > 200 GET /api/v1/ 258.12ms
INF 2026-08-04T17:29:08.418Z > 200 GET /api/v1/ 315.01ms
INF 2026-08-04T17:29:08.419Z > 200 GET /api/v1/ 285.82ms
INF 2026-08-04T17:29:08.420Z > 200 GET /api/v1/ 283.69ms
INF 2026-08-04T17:29:08.423Z > 200 GET /api/v1/ 286.54ms
INF 2026-08-04T17:29:08.423Z > 200 GET /api/v1/ 310.65ms
INF 2026-08-04T17:29:08.424Z > 200 GET /api/v1/ 227.73ms
INF 2026-08-04T17:29:08.431Z > 200 GET /api/v1/ 276.77ms
INF 2026-08-04T17:29:08.431Z > 200 GET /api/v1/ 297.11ms
INF 2026-08-04T17:29:08.432Z > 200 GET /api/v1/ 239.9ms
INF 2026-08-04T17:29:08.435Z > 200 GET /api/v1/ 284.17ms
INF 2026-08-04T17:29:08.436Z > 200 GET /api/v1/ 245.39ms
INF 2026-08-04T17:29:08.450Z > 200 GET /api/v1/ 345.96ms
INF 2026-08-04T17:29:08.452Z > 200 GET /api/v1/ 273.5ms
INF 2026-08-04T17:29:08.453Z > 200 GET /api/v1/ 299.23ms
INF 2026-08-04T17:29:08.456Z > 200 GET /api/v1/ 301.68ms
INF 2026-08-04T17:29:08.457Z > 200 GET /api/v1/ 264.86ms
INF 2026-08-04T17:29:08.458Z > 200 GET /api/v1/ 278.53ms
INF 2026-08-04T17:29:08.458Z > 200 GET /api/v1/ 273.25ms
INF 2026-08-04T17:29:08.471Z > 200 GET /api/v1/ 243.56ms
INF 2026-08-04T17:29:08.472Z > 200 GET /api/v1/ 243.97ms
INF 2026-08-04T17:29:08.472Z > 200 GET /api/v1/ 241.96ms
INF 2026-08-04T17:29:08.472Z > 200 GET /api/v1/ 277.58ms
INF 2026-08-04T17:29:08.474Z > 200 GET /api/v1/ 93.28ms
INF 2026-08-04T17:29:08.481Z > 200 GET /api/v1/ 253.69ms
INF 2026-08-04T17:29:08.486Z > 200 GET /api/v1/ 258.21ms
INF 2026-08-04T17:29:08.487Z > 200 GET /api/v1/ 211.14ms
INF 2026-08-04T17:29:08.491Z > 200 GET /api/v1/ 72.83ms
INF 2026-08-04T17:29:08.491Z > 200 GET /api/v1/ 260.31ms
INF 2026-08-04T17:29:08.492Z > 200 GET /api/v1/ 260.8ms
INF 2026-08-04T17:29:08.492Z > 200 GET /api/v1/ 261.31ms
INF 2026-08-04T17:29:08.493Z > 200 GET /api/v1/ 313.68ms
INF 2026-08-04T17:29:08.497Z > 200 GET /api/v1/ 302.03ms
INF 2026-08-04T17:29:08.502Z > 200 GET /api/v1/ 310.46ms
INF 2026-08-04T17:29:08.503Z > 200 GET /api/v1/ 237.48ms
INF 2026-08-04T17:29:08.504Z > 200 GET /api/v1/ 209.67ms
INF 2026-08-04T17:29:08.511Z > 200 GET /api/v1/ 198.16ms
INF 2026-08-04T17:29:08.511Z > 200 GET /api/v1/ 218.93ms
INF 2026-08-04T17:29:08.513Z > 200 GET /api/v1/ 246.18ms
INF 2026-08-04T17:29:08.521Z > 200 GET /api/v1/ 285.16ms
INF 2026-08-04T17:29:08.521Z > 200 GET /api/v1/ 291.83ms
INF 2026-08-04T17:29:08.523Z > 200 GET /api/v1/ 338.18ms
INF 2026-08-04T17:29:08.523Z > 200 GET /api/v1/ 288.0ms
INF 2026-08-04T17:29:08.528Z > 200 GET /api/v1/ 236.19ms
INF 2026-08-04T17:29:08.529Z > 200 GET /api/v1/ 211.88ms
INF 2026-08-04T17:29:08.531Z > 200 GET /api/v1/ 243.74ms
INF 2026-08-04T17:29:08.531Z > 200 GET /api/v1/ 300.07ms
INF 2026-08-04T17:29:08.532Z > 200 GET /api/v1/ 237.68ms
INF 2026-08-04T17:29:08.540Z > 200 GET /api/v1/ 246.44ms
INF 2026-08-04T17:29:08.564Z > 200 GET /api/v1/ 247.23ms
INF 2026-08-04T17:29:08.567Z > 200 GET /api/v1/ 210.87ms
INF 2026-08-04T17:29:08.568Z > 200 GET /api/v1/ 242.42ms
INF 2026-08-04T17:29:08.569Z > 200 GET /api/v1/ 218.47ms
INF 2026-08-04T17:29:08.569Z > 200 GET /api/v1/ 252.25ms
INF 2026-08-04T17:29:08.570Z > 200 GET /api/v1/ 65.82ms
INF 2026-08-04T17:29:08.572Z > 200 GET /api/v1/ 247.1ms
INF 2026-08-04T17:29:08.576Z > 200 GET /api/v1/ 220.61ms
INF 2026-08-04T17:29:08.576Z > 200 GET /api/v1/ 219.56ms
INF 2026-08-04T17:29:08.584Z > 200 GET /api/v1/ 233.08ms
INF 2026-08-04T17:29:08.584Z > 200 GET /api/v1/ 234.22ms
INF 2026-08-04T17:29:08.592Z > 200 GET /api/v1/ 274.04ms
INF 2026-08-04T17:29:08.593Z > 200 GET /api/v1/ 116.63ms
INF 2026-08-04T17:29:08.593Z > 200 GET /api/v1/ 236.71ms
INF 2026-08-04T17:29:08.600Z > 200 GET /api/v1/ 249.95ms
INF 2026-08-04T17:29:08.613Z > 200 GET /api/v1/ 250.1ms
INF 2026-08-04T17:29:08.615Z > 200 GET /api/v1/ 251.21ms
INF 2026-08-04T17:29:08.615Z > 200 GET /api/v1/ 194.97ms
INF 2026-08-04T17:29:08.616Z > 200 GET /api/v1/ 211.53ms
INF 2026-08-04T17:29:08.620Z > 200 GET /api/v1/ 259.04ms
INF 2026-08-04T17:29:08.621Z > 200 GET /api/v1/ 270.51ms
INF 2026-08-04T17:29:08.624Z > 200 GET /api/v1/ 257.7ms
INF 2026-08-04T17:29:08.625Z > 200 GET /api/v1/ 256.86ms
INF 2026-08-04T17:29:08.625Z > 200 GET /api/v1/ 268.89ms
INF 2026-08-04T17:29:08.626Z > 200 GET /api/v1/ 259.16ms
INF 2026-08-04T17:29:08.651Z > 200 GET /api/v1/ 231.07ms
INF 2026-08-04T17:29:08.652Z > 200 GET /api/v1/ 208.82ms
INF 2026-08-04T17:29:08.653Z > 200 GET /api/v1/ 232.53ms
INF 2026-08-04T17:29:08.653Z > 200 GET /api/v1/ 233.01ms
INF 2026-08-04T17:29:08.660Z > 200 GET /api/v1/ 233.68ms
INF 2026-08-04T17:29:08.661Z > 200 GET /api/v1/ 234.37ms
INF 2026-08-04T17:29:08.662Z > 200 GET /api/v1/ 227.2ms
INF 2026-08-04T17:29:08.663Z > 200 GET /api/v1/ 243.73ms
INF 2026-08-04T17:29:08.664Z > 200 GET /api/v1/ 67.28ms
INF 2026-08-04T17:29:08.689Z > 200 GET /api/v1/ 62.8ms
INF 2026-08-04T17:29:08.693Z > 200 GET /api/v1/ 271.16ms
INF 2026-08-04T17:29:08.694Z > 200 GET /api/v1/ 250.21ms
INF 2026-08-04T17:29:08.694Z > 200 GET /api/v1/ 268.28ms
INF 2026-08-04T17:29:08.695Z > 200 GET /api/v1/ 280.57ms
INF 2026-08-04T17:29:08.695Z > 200 GET /api/v1/ 231.52ms
INF 2026-08-04T17:29:08.696Z > 200 GET /api/v1/ 269.34ms
INF 2026-08-04T17:29:08.697Z > 200 GET /api/v1/ 206.31ms
INF 2026-08-04T17:29:08.703Z > 200 GET /api/v1/ 276.73ms
INF 2026-08-04T17:29:08.713Z > 200 GET /api/v1/ 61.51ms
INF 2026-08-04T17:29:08.716Z > 200 GET /api/v1/ 272.9ms
INF 2026-08-04T17:29:08.717Z > 200 GET /api/v1/ 297.26ms
INF 2026-08-04T17:29:08.729Z > 200 GET /api/v1/ 285.48ms
INF 2026-08-04T17:29:08.729Z > 200 GET /api/v1/ 263.96ms
INF 2026-08-04T17:29:08.731Z > 200 GET /api/v1/ 216.01ms
INF 2026-08-04T17:29:08.736Z > 200 GET /api/v1/ 259.54ms
INF 2026-08-04T17:29:08.746Z > 200 GET /api/v1/ 282.67ms
INF 2026-08-04T17:29:08.750Z > 200 GET /api/v1/ 253.25ms
INF 2026-08-04T17:29:08.750Z > 200 GET /api/v1/ 273.72ms
INF 2026-08-04T17:29:08.750Z > 200 GET /api/v1/ 235.43ms
INF 2026-08-04T17:29:08.760Z > 200 GET /api/v1/ 333.89ms
INF 2026-08-04T17:29:08.761Z > 200 GET /api/v1/ 1304.08ms
INF 2026-08-04T17:29:08.763Z > 200 GET /api/v1/ 253.7ms
INF 2026-08-04T17:29:08.770Z > 200 GET /api/v1/ 325.94ms
INF 2026-08-04T17:29:08.772Z > 200 GET /api/v1/ 328.84ms
INF 2026-08-04T17:29:08.773Z > 200 GET /api/v1/ 282.61ms
INF 2026-08-04T17:29:08.775Z > 200 GET /api/v1/ 245.49ms
INF 2026-08-04T17:29:08.776Z > 200 GET /api/v1/ 285.43ms
INF 2026-08-04T17:29:08.777Z > 200 GET /api/v1/ 59.87ms
INF 2026-08-04T17:29:08.782Z > 200 GET /api/v1/ 338.36ms
INF 2026-08-04T17:29:08.785Z > 200 GET /api/v1/ 245.77ms
INF 2026-08-04T17:29:08.785Z > 200 GET /api/v1/ 225.74ms
INF 2026-08-04T17:29:08.785Z > 200 GET /api/v1/ 246.72ms
INF 2026-08-04T17:29:08.802Z > 200 GET /api/v1/ 253.04ms
INF 2026-08-04T17:29:08.821Z > 200 GET /api/v1/ 281.67ms
INF 2026-08-04T17:29:08.824Z > 200 GET /api/v1/ 284.97ms
INF 2026-08-04T17:29:08.824Z > 200 GET /api/v1/ 308.67ms
INF 2026-08-04T17:29:08.824Z > 200 GET /api/v1/ 275.84ms
INF 2026-08-04T17:29:08.831Z > 200 GET /api/v1/ 335.09ms
INF 2026-08-04T17:29:08.833Z > 200 GET /api/v1/ 293.72ms
INF 2026-08-04T17:29:08.834Z > 200 GET /api/v1/ 304.46ms
INF 2026-08-04T17:29:08.838Z > 200 GET /api/v1/ 328.72ms
INF 2026-08-04T17:29:08.839Z > 200 GET /api/v1/ 308.84ms
INF 2026-08-04T17:29:08.852Z > 200 GET /api/v1/ 238.37ms
INF 2026-08-04T17:29:08.855Z > 200 GET /api/v1/ 292.09ms
INF 2026-08-04T17:29:08.855Z > 200 GET /api/v1/ 283.7ms
INF 2026-08-04T17:29:08.856Z > 200 GET /api/v1/ 341.02ms
INF 2026-08-04T17:29:08.860Z > 200 GET /api/v1/ 329.82ms
INF 2026-08-04T17:29:08.865Z > 200 GET /api/v1/ 293.29ms
INF 2026-08-04T17:29:08.867Z > 200 GET /api/v1/ 117.88ms
INF 2026-08-04T17:29:08.868Z > 200 GET /api/v1/ 338.34ms
INF 2026-08-04T17:29:08.878Z > 200 GET /api/v1/ 240.61ms
INF 2026-08-04T17:29:08.879Z > 200 GET /api/v1/ 319.43ms
INF 2026-08-04T17:29:08.887Z > 200 GET /api/v1/ 272.91ms
INF 2026-08-04T17:29:08.887Z > 200 GET /api/v1/ 318.69ms
INF 2026-08-04T17:29:08.888Z > 200 GET /api/v1/ 312.83ms
INF 2026-08-04T17:29:08.899Z > 200 GET /api/v1/ 285.42ms
INF 2026-08-04T17:29:08.900Z > 200 GET /api/v1/ 331.85ms
INF 2026-08-04T17:29:08.914Z > 200 GET /api/v1/ 260.52ms
INF 2026-08-04T17:29:08.919Z > 200 GET /api/v1/ 259.19ms
INF 2026-08-04T17:29:08.920Z > 200 GET /api/v1/ 347.07ms
INF 2026-08-04T17:29:08.920Z > 200 GET /api/v1/ 87.39ms
INF 2026-08-04T17:29:08.920Z > 200 GET /api/v1/ 301.41ms
INF 2026-08-04T17:29:08.923Z > 200 GET /api/v1/ 350.13ms
INF 2026-08-04T17:29:08.924Z > 200 GET /api/v1/ 340.39ms
INF 2026-08-04T17:29:08.931Z > 200 GET /api/v1/ 356.3ms
INF 2026-08-04T17:29:08.941Z > 200 GET /api/v1/ 372.51ms
INF 2026-08-04T17:29:08.943Z > 200 GET /api/v1/ 329.56ms
INF 2026-08-04T17:29:08.944Z > 200 GET /api/v1/ 284.36ms
INF 2026-08-04T17:29:08.944Z > 200 GET /api/v1/ 360.8ms
INF 2026-08-04T17:29:08.959Z > 200 GET /api/v1/ 321.16ms
INF 2026-08-04T17:29:08.962Z > 200 GET /api/v1/ 127.97ms
INF 2026-08-04T17:29:08.966Z > 200 GET /api/v1/ 392.96ms
INF 2026-08-04T17:29:08.967Z > 200 GET /api/v1/ 256.31ms
INF 2026-08-04T17:29:08.968Z > 200 GET /api/v1/ 277.83ms
INF 2026-08-04T17:29:08.970Z > 200 GET /api/v1/ 420.82ms
INF 2026-08-04T17:29:08.971Z > 200 GET /api/v1/ 357.34ms
INF 2026-08-04T17:29:08.972Z > 200 GET /api/v1/ 316.3ms
INF 2026-08-04T17:29:08.972Z > 200 GET /api/v1/ 336.67ms
INF 2026-08-04T17:29:08.973Z > 200 GET /api/v1/ 397.56ms
INF 2026-08-04T17:29:08.973Z > 200 GET /api/v1/ 106.41ms
INF 2026-08-04T17:29:08.988Z > 200 GET /api/v1/ 298.74ms
INF 2026-08-04T17:29:08.991Z > 200 GET /api/v1/ 300.87ms
INF 2026-08-04T17:29:08.994Z > 200 GET /api/v1/ 257.5ms
INF 2026-08-04T17:29:08.995Z > 200 GET /api/v1/ 305.22ms
INF 2026-08-04T17:29:08.995Z > 200 GET /api/v1/ 360.07ms
INF 2026-08-04T17:29:08.996Z > 200 GET /api/v1/ 376.55ms
INF 2026-08-04T17:29:08.997Z > 200 GET /api/v1/ 260.0ms
INF 2026-08-04T17:29:08.999Z > 200 GET /api/v1/ 280.43ms
INF 2026-08-04T17:29:09.000Z > 200 GET /api/v1/ 262.69ms
INF 2026-08-04T17:29:09.000Z > 200 GET /api/v1/ 281.54ms
INF 2026-08-04T17:29:09.007Z > 200 GET /api/v1/ 296.51ms
INF 2026-08-04T17:29:09.010Z > 200 GET /api/v1/ 251.84ms
INF 2026-08-04T17:29:09.010Z > 200 GET /api/v1/ 320.99ms
INF 2026-08-04T17:29:09.011Z > 200 GET /api/v1/ 351.37ms
INF 2026-08-04T17:29:09.018Z > 200 GET /api/v1/ 306.64ms
INF 2026-08-04T17:29:09.018Z > 200 GET /api/v1/ 217.86ms
INF 2026-08-04T17:29:09.018Z > 200 GET /api/v1/ 260.03ms
INF 2026-08-04T17:29:09.019Z > 200 GET /api/v1/ 299.92ms
INF 2026-08-04T17:29:09.019Z > 200 GET /api/v1/ 285.53ms
INF 2026-08-04T17:29:09.019Z > 200 GET /api/v1/ 246.49ms
INF 2026-08-04T17:29:09.020Z > 200 GET /api/v1/ 308.69ms
INF 2026-08-04T17:29:09.021Z > 200 GET /api/v1/ 230.78ms
INF 2026-08-04T17:29:09.021Z > 200 GET /api/v1/ 249.43ms
INF 2026-08-04T17:29:09.021Z > 200 GET /api/v1/ 235.99ms
INF 2026-08-04T17:29:09.025Z > 200 GET /api/v1/ 410.99ms
INF 2026-08-04T17:29:09.030Z > 200 GET /api/v1/ 272.15ms
INF 2026-08-04T17:29:09.034Z > 200 GET /api/v1/ 275.7ms
INF 2026-08-04T17:29:09.034Z > 200 GET /api/v1/ 220.44ms
INF 2026-08-04T17:29:09.039Z > 200 GET /api/v1/ 320.66ms
INF 2026-08-04T17:29:09.041Z > 200 GET /api/v1/ 211.44ms
INF 2026-08-04T17:29:09.046Z > 200 GET /api/v1/ 357.03ms
INF 2026-08-04T17:29:09.053Z > 200 GET /api/v1/ 229.77ms
INF 2026-08-04T17:29:09.053Z > 200 GET /api/v1/ 230.22ms
INF 2026-08-04T17:29:09.056Z > 200 GET /api/v1/ 233.31ms
INF 2026-08-04T17:29:09.062Z > 200 GET /api/v1/ 246.84ms
INF 2026-08-04T17:29:09.063Z > 200 GET /api/v1/ 209.66ms
INF 2026-08-04T17:29:09.068Z > 200 GET /api/v1/ 230.97ms
INF 2026-08-04T17:29:09.072Z > 200 GET /api/v1/ 128.03ms
INF 2026-08-04T17:29:09.074Z > 200 GET /api/v1/ 221.26ms
INF 2026-08-04T17:29:09.075Z > 200 GET /api/v1/ 261.85ms
INF 2026-08-04T17:29:09.075Z > 200 GET /api/v1/ 208.43ms
INF 2026-08-04T17:29:09.076Z > 200 GET /api/v1/ 1280.52ms
INF 2026-08-04T17:29:09.082Z > 200 GET /api/v1/ 224.06ms
INF 2026-08-04T17:29:09.083Z > 200 GET /api/v1/ 88.8ms
INF 2026-08-04T17:29:09.084Z > 200 GET /api/v1/ 311.95ms
INF 2026-08-04T17:29:09.088Z > 200 GET /api/v1/ 234.65ms
INF 2026-08-04T17:29:09.089Z > 200 GET /api/v1/ 221.77ms
INF 2026-08-04T17:29:09.091Z > 200 GET /api/v1/ 201.77ms
INF 2026-08-04T17:29:09.093Z > 200 GET /api/v1/ 73.77ms
INF 2026-08-04T17:29:09.099Z > 200 GET /api/v1/ 270.07ms
INF 2026-08-04T17:29:09.110Z > 200 GET /api/v1/ 214.15ms
INF 2026-08-04T17:29:09.111Z > 200 GET /api/v1/ 215.4ms
INF 2026-08-04T17:29:09.116Z > 200 GET /api/v1/ 230.43ms
INF 2026-08-04T17:29:09.119Z > 200 GET /api/v1/ 223.24ms
INF 2026-08-04T17:29:09.129Z > 200 GET /api/v1/ 218.66ms
INF 2026-08-04T17:29:09.129Z > 200 GET /api/v1/ 262.44ms
INF 2026-08-04T17:29:09.130Z > 200 GET /api/v1/ 329.83ms
INF 2026-08-04T17:29:09.130Z > 200 GET /api/v1/ 316.46ms
INF 2026-08-04T17:29:09.130Z > 200 GET /api/v1/ 293.47ms
INF 2026-08-04T17:29:09.131Z > 200 GET /api/v1/ 217.9ms
INF 2026-08-04T17:29:09.131Z > 200 GET /api/v1/ 212.17ms
INF 2026-08-04T17:29:09.132Z > 200 GET /api/v1/ 235.97ms
INF 2026-08-04T17:29:09.133Z > 200 GET /api/v1/ 69.6ms
INF 2026-08-04T17:29:09.145Z > 200 GET /api/v1/ 229.26ms
INF 2026-08-04T17:29:09.148Z > 200 GET /api/v1/ 231.94ms
INF 2026-08-04T17:29:09.164Z > 200 GET /api/v1/ 71.82ms
INF 2026-08-04T17:29:09.167Z > 200 GET /api/v1/ 220.71ms
INF 2026-08-04T17:29:09.170Z > 200 GET /api/v1/ 218.71ms
INF 2026-08-04T17:29:09.175Z > 200 GET /api/v1/ 230.65ms
INF 2026-08-04T17:29:09.177Z > 200 GET /api/v1/ 181.01ms
INF 2026-08-04T17:29:09.183Z > 200 GET /api/v1/ 231.68ms
INF 2026-08-04T17:29:09.184Z > 200 GET /api/v1/ 267.62ms
INF 2026-08-04T17:29:09.187Z > 200 GET /api/v1/ 191.25ms
INF 2026-08-04T17:29:09.195Z > 200 GET /api/v1/ 240.26ms
INF 2026-08-04T17:29:09.195Z > 200 GET /api/v1/ 224.89ms
INF 2026-08-04T17:29:09.196Z > 200 GET /api/v1/ 212.92ms
INF 2026-08-04T17:29:09.199Z > 200 GET /api/v1/ 68.52ms
INF 2026-08-04T17:29:09.200Z > 200 GET /api/v1/ 203.9ms
INF 2026-08-04T17:29:09.201Z > 200 GET /api/v1/ 189.94ms
INF 2026-08-04T17:29:09.209Z > 200 GET /api/v1/ 58.24ms
INF 2026-08-04T17:29:09.209Z > 200 GET /api/v1/ 213.24ms
INF 2026-08-04T17:29:09.210Z > 200 GET /api/v1/ 293.9ms
INF 2026-08-04T17:29:09.210Z > 200 GET /api/v1/ 198.82ms
INF 2026-08-04T17:29:09.219Z > 200 GET /api/v1/ 182.97ms
INF 2026-08-04T17:29:09.226Z > 200 GET /api/v1/ 214.88ms
INF 2026-08-04T17:29:09.231Z > 200 GET /api/v1/ 234.71ms
INF 2026-08-04T17:29:09.244Z > 200 GET /api/v1/ 234.63ms
INF 2026-08-04T17:29:09.244Z > 200 GET /api/v1/ 207.64ms
INF 2026-08-04T17:29:09.245Z > 200 GET /api/v1/ 235.33ms
INF 2026-08-04T17:29:09.245Z > 200 GET /api/v1/ 205.16ms
INF 2026-08-04T17:29:09.260Z > 200 GET /api/v1/ 220.08ms
INF 2026-08-04T17:29:09.269Z > 200 GET /api/v1/ 260.11ms
INF 2026-08-04T17:29:09.270Z > 200 GET /api/v1/ 233.11ms
INF 2026-08-04T17:29:09.270Z > 200 GET /api/v1/ 216.89ms
INF 2026-08-04T17:29:09.275Z > 200 GET /api/v1/ 78.41ms
INF 2026-08-04T17:29:09.277Z > 200 GET /api/v1/ 81.85ms
INF 2026-08-04T17:29:09.283Z > 200 GET /api/v1/ 246.14ms
INF 2026-08-04T17:29:09.285Z > 200 GET /api/v1/ 231.29ms
INF 2026-08-04T17:29:09.288Z > 200 GET /api/v1/ 268.28ms
INF 2026-08-04T17:29:09.289Z > 200 GET /api/v1/ 252.22ms
INF 2026-08-04T17:29:09.290Z > 200 GET /api/v1/ 338.19ms
INF 2026-08-04T17:29:09.290Z > 200 GET /api/v1/ 234.1ms
INF 2026-08-04T17:29:09.290Z > 200 GET /api/v1/ 344.39ms
INF 2026-08-04T17:29:09.291Z > 200 GET /api/v1/ 301.05ms
INF 2026-08-04T17:29:09.305Z > 200 GET /api/v1/ 284.38ms
INF 2026-08-04T17:29:09.305Z > 200 GET /api/v1/ 244.15ms
INF 2026-08-04T17:29:09.306Z > 200 GET /api/v1/ 239.24ms
INF 2026-08-04T17:29:09.306Z > 200 GET /api/v1/ 242.55ms
INF 2026-08-04T17:29:09.307Z > 200 GET /api/v1/ 223.85ms
INF 2026-08-04T17:29:09.307Z > 200 GET /api/v1/ 224.64ms
INF 2026-08-04T17:29:09.321Z > 200 GET /api/v1/ 259.94ms
INF 2026-08-04T17:29:09.321Z > 200 GET /api/v1/ 257.62ms
INF 2026-08-04T17:29:09.321Z > 200 GET /api/v1/ 260.79ms
INF 2026-08-04T17:29:09.323Z > 200 GET /api/v1/ 259.85ms
INF 2026-08-04T17:29:09.325Z > 200 GET /api/v1/ 253.93ms
INF 2026-08-04T17:29:09.341Z > 200 GET /api/v1/ 258.0ms
INF 2026-08-04T17:29:09.341Z > 200 GET /api/v1/ 267.52ms
INF 2026-08-04T17:29:09.343Z > 200 GET /api/v1/ 303.2ms
INF 2026-08-04T17:29:09.345Z > 200 GET /api/v1/ 262.13ms
INF 2026-08-04T17:29:09.347Z > 200 GET /api/v1/ 264.13ms
INF 2026-08-04T17:29:09.348Z > 200 GET /api/v1/ 255.11ms
INF 2026-08-04T17:29:09.348Z > 200 GET /api/v1/ 265.18ms
INF 2026-08-04T17:29:09.348Z > 200 GET /api/v1/ 282.09ms
INF 2026-08-04T17:29:09.365Z > 200 GET /api/v1/ 266.44ms
INF 2026-08-04T17:29:09.366Z > 200 GET /api/v1/ 241.38ms
INF 2026-08-04T17:29:09.378Z > 200 GET /api/v1/ 272.72ms
INF 2026-08-04T17:29:09.379Z > 200 GET /api/v1/ 261.15ms
INF 2026-08-04T17:29:09.383Z > 200 GET /api/v1/ 284.54ms
INF 2026-08-04T17:29:09.383Z > 200 GET /api/v1/ 316.96ms
INF 2026-08-04T17:29:09.393Z > 200 GET /api/v1/ 234.72ms
INF 2026-08-04T17:29:09.397Z > 200 GET /api/v1/ 255.37ms
INF 2026-08-04T17:29:09.398Z > 200 GET /api/v1/ 289.6ms
INF 2026-08-04T17:29:09.405Z > 200 GET /api/v1/ 321.81ms
INF 2026-08-04T17:29:09.409Z > 200 GET /api/v1/ 300.34ms
INF 2026-08-04T17:29:09.410Z > 200 GET /api/v1/ 277.83ms
INF 2026-08-04T17:29:09.410Z > 200 GET /api/v1/ 244.49ms
INF 2026-08-04T17:29:09.411Z > 200 GET /api/v1/ 215.32ms
INF 2026-08-04T17:29:09.412Z > 200 GET /api/v1/ 371.36ms
INF 2026-08-04T17:29:09.413Z > 200 GET /api/v1/ 277.01ms
INF 2026-08-04T17:29:09.424Z > 200 GET /api/v1/ 306.14ms
INF 2026-08-04T17:29:09.425Z > 200 GET /api/v1/ 306.91ms
INF 2026-08-04T17:29:09.436Z > 200 GET /api/v1/ 245.91ms
INF 2026-08-04T17:29:09.443Z > 200 GET /api/v1/ 292.55ms
INF 2026-08-04T17:29:09.444Z > 200 GET /api/v1/ 253.97ms
INF 2026-08-04T17:29:09.444Z > 200 GET /api/v1/ 324.98ms
INF 2026-08-04T17:29:09.445Z > 200 GET /api/v1/ 316.27ms
INF 2026-08-04T17:29:09.445Z > 200 GET /api/v1/ 274.08ms
INF 2026-08-04T17:29:09.446Z > 200 GET /api/v1/ 264.5ms
INF 2026-08-04T17:29:09.449Z > 200 GET /api/v1/ 278.67ms
INF 2026-08-04T17:29:09.456Z > 200 GET /api/v1/ 265.85ms
INF 2026-08-04T17:29:09.458Z > 200 GET /api/v1/ 286.87ms
INF 2026-08-04T17:29:09.458Z > 200 GET /api/v1/ 326.17ms
INF 2026-08-04T17:29:09.459Z > 200 GET /api/v1/ 316.87ms
INF 2026-08-04T17:29:09.459Z > 200 GET /api/v1/ 1264.26ms
INF 2026-08-04T17:29:09.465Z > 200 GET /api/v1/ 81.7ms
INF 2026-08-04T17:29:09.466Z > 200 GET /api/v1/ 323.99ms
INF 2026-08-04T17:29:09.473Z > 200 GET /api/v1/ 1278.11ms
INF 2026-08-04T17:29:09.476Z > 200 GET /api/v1/ 1281.25ms
INF 2026-08-04T17:29:09.479Z > 200 GET /api/v1/ 316.38ms
INF 2026-08-04T17:29:09.480Z > 200 GET /api/v1/ 1284.93ms
INF 2026-08-04T17:29:09.480Z > 200 GET /api/v1/ 248.28ms
INF 2026-08-04T17:29:09.481Z > 200 GET /api/v1/ 285.36ms
INF 2026-08-04T17:29:09.483Z > 200 GET /api/v1/ 245.39ms
INF 2026-08-04T17:29:09.483Z > 200 GET /api/v1/ 317.39ms
INF 2026-08-04T17:29:09.486Z > 200 GET /api/v1/ 295.92ms
INF 2026-08-04T17:29:09.495Z > 200 GET /api/v1/ 1299.49ms
INF 2026-08-04T17:29:09.496Z > 200 GET /api/v1/ 250.93ms
INF 2026-08-04T17:29:09.497Z > 200 GET /api/v1/ 241.07ms
INF 2026-08-04T17:29:09.497Z > 200 GET /api/v1/ 246.96ms
INF 2026-08-04T17:29:09.497Z > 200 GET /api/v1/ 186.3ms
INF 2026-08-04T17:29:09.498Z > 200 GET /api/v1/ 42.03ms
INF 2026-08-04T17:29:09.502Z > 200 GET /api/v1/ 255.85ms
INF 2026-08-04T17:29:09.505Z > 200 GET /api/v1/ 274.27ms
INF 2026-08-04T17:29:09.506Z > 200 GET /api/v1/ 199.69ms
INF 2026-08-04T17:29:09.506Z > 200 GET /api/v1/ 298.04ms
INF 2026-08-04T17:29:09.510Z > 200 GET /api/v1/ 1315.1ms
INF 2026-08-04T17:29:09.511Z > 200 GET /api/v1/ 303.74ms
INF 2026-08-04T17:29:09.522Z > 200 GET /api/v1/ 255.31ms
INF 2026-08-04T17:29:09.530Z > 200 GET /api/v1/ 263.3ms
INF 2026-08-04T17:29:09.537Z > 200 GET /api/v1/ 291.06ms
INF 2026-08-04T17:29:09.538Z > 200 GET /api/v1/ 291.51ms
INF 2026-08-04T17:29:09.538Z > 200 GET /api/v1/ 238.15ms
INF 2026-08-04T17:29:09.542Z > 200 GET /api/v1/ 252.79ms
INF 2026-08-04T17:29:09.552Z > 200 GET /api/v1/ 224.86ms
INF 2026-08-04T17:29:09.556Z > 200 GET /api/v1/ 256.25ms
INF 2026-08-04T17:29:09.556Z > 200 GET /api/v1/ 215.99ms
INF 2026-08-04T17:29:09.573Z > 200 GET /api/v1/ 327.0ms
INF 2026-08-04T17:29:09.573Z > 200 GET /api/v1/ 235.6ms
INF 2026-08-04T17:29:09.573Z > 200 GET /api/v1/ 274.06ms
INF 2026-08-04T17:29:09.603Z > 200 GET /api/v1/ 291.59ms
INF 2026-08-04T17:29:09.605Z > 200 GET /api/v1/ 64.42ms
INF 2026-08-04T17:29:09.607Z > 200 GET /api/v1/ 340.84ms
INF 2026-08-04T17:29:09.607Z > 200 GET /api/v1/ 242.08ms
INF 2026-08-04T17:29:09.608Z > 200 GET /api/v1/ 242.57ms
INF 2026-08-04T17:29:09.608Z > 200 GET /api/v1/ 261.16ms
INF 2026-08-04T17:29:09.609Z > 200 GET /api/v1/ 54.03ms
INF 2026-08-04T17:29:09.610Z > 200 GET /api/v1/ 53.53ms
INF 2026-08-04T17:29:09.610Z > 200 GET /api/v1/ 269.9ms
INF 2026-08-04T17:29:09.611Z > 200 GET /api/v1/ 336.51ms
INF 2026-08-04T17:29:09.613Z > 200 GET /api/v1/ 309.14ms
INF 2026-08-04T17:29:09.614Z > 200 GET /api/v1/ 274.09ms
INF 2026-08-04T17:29:09.619Z > 200 GET /api/v1/ 215.03ms
INF 2026-08-04T17:29:09.620Z > 200 GET /api/v1/ 260.09ms
INF 2026-08-04T17:29:09.621Z > 200 GET /api/v1/ 217.12ms
INF 2026-08-04T17:29:09.621Z > 200 GET /api/v1/ 281.22ms
INF 2026-08-04T17:29:09.622Z > 200 GET /api/v1/ 294.7ms
INF 2026-08-04T17:29:09.623Z > 200 GET /api/v1/ 311.48ms
INF 2026-08-04T17:29:09.623Z > 200 GET /api/v1/ 263.67ms
INF 2026-08-04T17:29:09.624Z > 200 GET /api/v1/ 181.51ms
INF 2026-08-04T17:29:09.624Z > 200 GET /api/v1/ 378.66ms
INF 2026-08-04T17:29:09.625Z > 200 GET /api/v1/ 257.79ms
INF 2026-08-04T17:29:09.625Z > 200 GET /api/v1/ 325.26ms
INF 2026-08-04T17:29:09.626Z > 200 GET /api/v1/ 10.38ms
INF 2026-08-04T17:29:09.627Z > 200 GET /api/v1/ 286.98ms
INF 2026-08-04T17:29:09.628Z > 200 GET /api/v1/ 223.2ms
INF 2026-08-04T17:29:09.630Z > 200 GET /api/v1/ 270.7ms
INF 2026-08-04T17:29:09.631Z > 200 GET /api/v1/ 264.34ms
INF 2026-08-04T17:29:09.638Z > 200 GET /api/v1/ 186.88ms
INF 2026-08-04T17:29:09.643Z > 200 GET /api/v1/ 276.6ms
INF 2026-08-04T17:29:09.646Z > 200 GET /api/v1/ 175.72ms
INF 2026-08-04T17:29:09.647Z > 200 GET /api/v1/ 217.89ms
INF 2026-08-04T17:29:09.653Z > 200 GET /api/v1/ 192.59ms
INF 2026-08-04T17:29:09.653Z > 200 GET /api/v1/ 224.26ms
INF 2026-08-04T17:29:09.653Z > 200 GET /api/v1/ 288.04ms
INF 2026-08-04T17:29:09.660Z > 200 GET /api/v1/ 194.11ms
INF 2026-08-04T17:29:09.660Z > 200 GET /api/v1/ 207.7ms
INF 2026-08-04T17:29:09.660Z > 200 GET /api/v1/ 13.51ms
INF 2026-08-04T17:29:09.661Z > 200 GET /api/v1/ 394.92ms
INF 2026-08-04T17:29:09.662Z > 200 GET /api/v1/ 256.66ms
INF 2026-08-04T17:29:09.688Z > 200 GET /api/v1/ 24.97ms
INF 2026-08-04T17:29:09.693Z > 200 GET /api/v1/ 455.13ms
INF 2026-08-04T17:29:09.719Z > 200 GET /api/v1/ 315.44ms
INF 2026-08-04T17:29:09.762Z > 200 GET /api/v1/ 66.65ms
INF 2026-08-04T17:29:09.806Z > 200 GET /api/v1/ 276.7ms
INF 2026-08-04T17:29:09.826Z > 200 GET /api/v1/ 330.38ms
INF 2026-08-04T17:29:09.864Z > 200 GET /api/v1/ 278.71ms
INF 2026-08-04T17:29:09.864Z > 200 GET /api/v1/ 384.73ms
INF 2026-08-04T17:29:09.865Z > 200 GET /api/v1/ 324.39ms
INF 2026-08-04T17:29:09.865Z > 200 GET /api/v1/ 414.29ms
INF 2026-08-04T17:29:09.874Z > 200 GET /api/v1/ 344.67ms
INF 2026-08-04T17:29:09.882Z > 200 GET /api/v1/ 386.36ms
INF 2026-08-04T17:29:09.883Z > 200 GET /api/v1/ 439.85ms
INF 2026-08-04T17:29:09.883Z > 200 GET /api/v1/ 413.56ms
INF 2026-08-04T17:29:09.884Z > 200 GET /api/v1/ 370.6ms
INF 2026-08-04T17:29:09.884Z > 200 GET /api/v1/ 354.83ms
INF 2026-08-04T17:29:09.884Z > 200 GET /api/v1/ 442.08ms
INF 2026-08-04T17:29:09.885Z > 200 GET /api/v1/ 409.88ms
INF 2026-08-04T17:29:09.885Z > 200 GET /api/v1/ 356.14ms
INF 2026-08-04T17:29:09.923Z > 200 GET /api/v1/ 116.43ms
INF 2026-08-04T17:29:09.923Z > 200 GET /api/v1/ 427.09ms
INF 2026-08-04T17:29:09.923Z > 200 GET /api/v1/ 382.73ms
INF 2026-08-04T17:29:09.924Z > 200 GET /api/v1/ 428.37ms
INF 2026-08-04T17:29:09.925Z > 200 GET /api/v1/ 368.36ms
INF 2026-08-04T17:29:09.925Z > 200 GET /api/v1/ 565.26ms
INF 2026-08-04T17:29:09.925Z > 200 GET /api/v1/ 430.07ms
INF 2026-08-04T17:29:09.932Z > 200 GET /api/v1/ 431.88ms
INF 2026-08-04T17:29:09.932Z > 200 GET /api/v1/ 280.95ms
INF 2026-08-04T17:29:09.932Z > 200 GET /api/v1/ 277.64ms
INF 2026-08-04T17:29:09.933Z > 200 GET /api/v1/ 403.5ms
INF 2026-08-04T17:29:09.933Z > 200 GET /api/v1/ 361.43ms
INF 2026-08-04T17:29:09.934Z > 200 GET /api/v1/ 282.7ms
INF 2026-08-04T17:29:09.934Z > 200 GET /api/v1/ 434.23ms
INF 2026-08-04T17:29:09.949Z > 200 GET /api/v1/ 347.21ms
INF 2026-08-04T17:29:09.950Z > 200 GET /api/v1/ 394.41ms
INF 2026-08-04T17:29:09.950Z > 200 GET /api/v1/ 371.06ms
INF 2026-08-04T17:29:09.951Z > 200 GET /api/v1/ 410.23ms
INF 2026-08-04T17:29:09.951Z > 200 GET /api/v1/ 299.92ms
INF 2026-08-04T17:29:09.951Z > 200 GET /api/v1/ 432.55ms
INF 2026-08-04T17:29:09.952Z > 200 GET /api/v1/ 455.82ms
INF 2026-08-04T17:29:09.955Z > 200 GET /api/v1/ 352.19ms
INF 2026-08-04T17:29:09.956Z > 200 GET /api/v1/ 304.4ms
INF 2026-08-04T17:29:09.957Z > 200 GET /api/v1/ 306.23ms
INF 2026-08-04T17:29:09.958Z > 200 GET /api/v1/ 444.76ms
INF 2026-08-04T17:29:09.958Z > 200 GET /api/v1/ 445.05ms
INF 2026-08-04T17:29:09.959Z > 200 GET /api/v1/ 266.02ms
INF 2026-08-04T17:29:09.959Z > 200 GET /api/v1/ 356.07ms
INF 2026-08-04T17:29:09.960Z > 200 GET /api/v1/ 419.47ms
INF 2026-08-04T17:29:09.960Z > 200 GET /api/v1/ 35.02ms
INF 2026-08-04T17:29:09.968Z > 200 GET /api/v1/ 254.56ms
INF 2026-08-04T17:29:09.980Z > 200 GET /api/v1/ 458.66ms
INF 2026-08-04T17:29:09.980Z > 200 GET /api/v1/ 363.65ms
INF 2026-08-04T17:29:09.981Z > 200 GET /api/v1/ 286.52ms
INF 2026-08-04T17:29:09.982Z > 200 GET /api/v1/ 327.1ms
INF 2026-08-04T17:29:09.982Z > 200 GET /api/v1/ 335.31ms
INF 2026-08-04T17:29:09.988Z > 200 GET /api/v1/ 513.85ms
INF 2026-08-04T17:29:09.989Z > 200 GET /api/v1/ 373.44ms
INF 2026-08-04T17:29:09.996Z > 200 GET /api/v1/ 312.35ms
INF 2026-08-04T17:29:10.005Z > 200 GET /api/v1/ 544.99ms
INF 2026-08-04T17:29:10.012Z > 200 GET /api/v1/ 327.53ms
INF 2026-08-04T17:29:10.014Z > 200 GET /api/v1/ 350.69ms
INF 2026-08-04T17:29:10.014Z > 200 GET /api/v1/ 330.38ms
INF 2026-08-04T17:29:10.016Z > 200 GET /api/v1/ 437.19ms
INF 2026-08-04T17:29:10.024Z > 200 GET /api/v1/ 357.01ms
INF 2026-08-04T17:29:10.025Z > 200 GET /api/v1/ 485.21ms
INF 2026-08-04T17:29:10.028Z > 200 GET /api/v1/ 343.58ms
INF 2026-08-04T17:29:10.028Z > 200 GET /api/v1/ 341.69ms
INF 2026-08-04T17:29:10.029Z > 200 GET /api/v1/ 773.45ms
INF 2026-08-04T17:29:10.030Z > 200 GET /api/v1/ 362.63ms
INF 2026-08-04T17:29:10.030Z > 200 GET /api/v1/ 466.45ms
INF 2026-08-04T17:29:10.030Z > 200 GET /api/v1/ 367.35ms
INF 2026-08-04T17:29:10.032Z > 200 GET /api/v1/ 453.0ms
INF 2026-08-04T17:29:10.033Z > 200 GET /api/v1/ 381.68ms
INF 2026-08-04T17:29:10.040Z > 200 GET /api/v1/ 326.26ms
INF 2026-08-04T17:29:10.040Z > 200 GET /api/v1/ 263.37ms
INF 2026-08-04T17:29:10.040Z > 200 GET /api/v1/ 377.72ms
INF 2026-08-04T17:29:10.041Z > 200 GET /api/v1/ 694.31ms
INF 2026-08-04T17:29:10.042Z > 200 GET /api/v1/ 675.55ms
INF 2026-08-04T17:29:10.042Z > 200 GET /api/v1/ 375.43ms
INF 2026-08-04T17:29:10.043Z > 200 GET /api/v1/ 379.46ms
INF 2026-08-04T17:29:10.057Z > 200 GET /api/v1/ 500.45ms
INF 2026-08-04T17:29:10.057Z > 200 GET /api/v1/ 527.8ms
INF 2026-08-04T17:29:10.057Z > 200 GET /api/v1/ 454.23ms
INF 2026-08-04T17:29:10.059Z > 200 GET /api/v1/ 408.29ms
INF 2026-08-04T17:29:10.060Z > 200 GET /api/v1/ 564.03ms
INF 2026-08-04T17:29:10.061Z > 200 GET /api/v1/ 373.6ms
INF 2026-08-04T17:29:10.064Z > 200 GET /api/v1/ 379.12ms
INF 2026-08-04T17:29:10.064Z > 200 GET /api/v1/ 380.02ms
INF 2026-08-04T17:29:10.065Z > 200 GET /api/v1/ 565.17ms
INF 2026-08-04T17:29:10.065Z > 200 GET /api/v1/ 398.44ms
INF 2026-08-04T17:29:10.066Z > 200 GET /api/v1/ 370.98ms
INF 2026-08-04T17:29:10.074Z > 200 GET /api/v1/ 614.42ms
INF 2026-08-04T17:29:10.075Z > 200 GET /api/v1/ 391.08ms
INF 2026-08-04T17:29:10.079Z > 200 GET /api/v1/ 365.64ms
INF 2026-08-04T17:29:10.080Z > 200 GET /api/v1/ 342.98ms
INF 2026-08-04T17:29:10.080Z > 200 GET /api/v1/ 550.67ms
INF 2026-08-04T17:29:10.103Z > 200 GET /api/v1/ 229.4ms
INF 2026-08-04T17:29:10.103Z > 200 GET /api/v1/ 246.06ms
INF 2026-08-04T17:29:10.104Z > 200 GET /api/v1/ 699.8ms
INF 2026-08-04T17:29:10.104Z > 200 GET /api/v1/ 590.87ms
INF 2026-08-04T17:29:10.106Z > 200 GET /api/v1/ 75.6ms
INF 2026-08-04T17:29:10.114Z > 200 GET /api/v1/ 400.68ms
INF 2026-08-04T17:29:10.115Z > 200 GET /api/v1/ 672.12ms
INF 2026-08-04T17:29:10.121Z > 200 GET /api/v1/ 737.59ms
INF 2026-08-04T17:29:10.123Z > 200 GET /api/v1/ 409.03ms
INF 2026-08-04T17:29:10.123Z > 200 GET /api/v1/ 456.1ms
INF 2026-08-04T17:29:10.123Z > 200 GET /api/v1/ 386.66ms
INF 2026-08-04T17:29:10.125Z > 200 GET /api/v1/ 470.49ms
INF 2026-08-04T17:29:10.140Z > 200 GET /api/v1/ 98.75ms
INF 2026-08-04T17:29:10.145Z > 200 GET /api/v1/ 85.5ms
INF 2026-08-04T17:29:10.168Z > 200 GET /api/v1/ 222.71ms
INF 2026-08-04T17:29:10.169Z > 200 GET /api/v1/ 240.85ms
INF 2026-08-04T17:29:10.207Z > 200 GET /api/v1/ 261.45ms
INF 2026-08-04T17:29:10.207Z > 200 GET /api/v1/ 280.19ms
INF 2026-08-04T17:29:10.207Z > 200 GET /api/v1/ 278.85ms
INF 2026-08-04T17:29:10.208Z > 200 GET /api/v1/ 261.96ms
INF 2026-08-04T17:29:10.229Z > 200 GET /api/v1/ 254.75ms
INF 2026-08-04T17:29:10.229Z > 200 GET /api/v1/ 88.94ms
INF 2026-08-04T17:29:10.243Z > 200 GET /api/v1/ 257.31ms
INF 2026-08-04T17:29:10.244Z > 200 GET /api/v1/ 298.48ms
INF 2026-08-04T17:29:10.244Z > 200 GET /api/v1/ 315.81ms
INF 2026-08-04T17:29:10.245Z > 200 GET /api/v1/ 271.06ms
INF 2026-08-04T17:29:10.245Z > 200 GET /api/v1/ 258.93ms
INF 2026-08-04T17:29:10.247Z > 200 GET /api/v1/ 300.62ms
INF 2026-08-04T17:29:10.247Z > 200 GET /api/v1/ 139.27ms
INF 2026-08-04T17:29:10.249Z > 200 GET /api/v1/ 303.45ms
INF 2026-08-04T17:29:10.249Z > 200 GET /api/v1/ 263.26ms
INF 2026-08-04T17:29:10.255Z > 200 GET /api/v1/ 272.36ms
INF 2026-08-04T17:29:10.274Z > 200 GET /api/v1/ 106.01ms
INF 2026-08-04T17:29:10.280Z > 200 GET /api/v1/ 312.04ms
INF 2026-08-04T17:29:10.281Z > 200 GET /api/v1/ 334.94ms
INF 2026-08-04T17:29:10.281Z > 200 GET /api/v1/ 295.07ms
INF 2026-08-04T17:29:10.282Z > 200 GET /api/v1/ 307.82ms
INF 2026-08-04T17:29:10.285Z > 200 GET /api/v1/ 264.68ms
INF 2026-08-04T17:29:10.309Z > 200 GET /api/v1/ 278.03ms
INF 2026-08-04T17:29:10.318Z > 200 GET /api/v1/ 314.11ms
INF 2026-08-04T17:29:10.318Z > 200 GET /api/v1/ 297.33ms
INF 2026-08-04T17:29:10.318Z > 200 GET /api/v1/ 295.31ms
INF 2026-08-04T17:29:10.319Z > 200 GET /api/v1/ 306.63ms
INF 2026-08-04T17:29:10.324Z > 200 GET /api/v1/ 336.84ms
INF 2026-08-04T17:29:10.325Z > 200 GET /api/v1/ 304.15ms
INF 2026-08-04T17:29:10.326Z > 200 GET /api/v1/ 80.85ms
INF 2026-08-04T17:29:10.337Z > 200 GET /api/v1/ 349.86ms
INF 2026-08-04T17:29:10.341Z > 200 GET /api/v1/ 320.86ms
INF 2026-08-04T17:29:10.342Z > 200 GET /api/v1/ 355.5ms
INF 2026-08-04T17:29:10.342Z > 200 GET /api/v1/ 318.81ms
INF 2026-08-04T17:29:10.344Z > 200 GET /api/v1/ 339.18ms
INF 2026-08-04T17:29:10.344Z > 200 GET /api/v1/ 339.47ms
INF 2026-08-04T17:29:10.345Z > 200 GET /api/v1/ 284.89ms
INF 2026-08-04T17:29:10.345Z > 200 GET /api/v1/ 314.62ms
INF 2026-08-04T17:29:10.346Z > 200 GET /api/v1/ 295.75ms
INF 2026-08-04T17:29:10.346Z > 200 GET /api/v1/ 349.36ms
INF 2026-08-04T17:29:10.347Z > 200 GET /api/v1/ 296.94ms
INF 2026-08-04T17:29:10.347Z > 200 GET /api/v1/ 323.78ms
INF 2026-08-04T17:29:10.347Z > 200 GET /api/v1/ 361.07ms
INF 2026-08-04T17:29:10.348Z > 200 GET /api/v1/ 419.12ms
INF 2026-08-04T17:29:10.348Z > 200 GET /api/v1/ 374.2ms
INF 2026-08-04T17:29:10.348Z > 200 GET /api/v1/ 287.27ms
INF 2026-08-04T17:29:10.349Z > 200 GET /api/v1/ 345.12ms
INF 2026-08-04T17:29:10.349Z > 200 GET /api/v1/ 344.15ms
INF 2026-08-04T17:29:10.361Z > 200 GET /api/v1/ 356.87ms
INF 2026-08-04T17:29:10.363Z > 200 GET /api/v1/ 330.77ms
INF 2026-08-04T17:29:10.363Z > 200 GET /api/v1/ 277.35ms
INF 2026-08-04T17:29:10.370Z > 200 GET /api/v1/ 349.75ms
INF 2026-08-04T17:29:10.373Z > 200 GET /api/v1/ 286.76ms
INF 2026-08-04T17:29:10.376Z > 200 GET /api/v1/ 315.59ms
INF 2026-08-04T17:29:10.376Z > 200 GET /api/v1/ 345.94ms
INF 2026-08-04T17:29:10.380Z > 200 GET /api/v1/ 356.52ms
INF 2026-08-04T17:29:10.381Z > 200 GET /api/v1/ 296.86ms
INF 2026-08-04T17:29:10.381Z > 200 GET /api/v1/ 295.48ms
INF 2026-08-04T17:29:10.384Z > 200 GET /api/v1/ 290.74ms
INF 2026-08-04T17:29:10.391Z > 200 GET /api/v1/ 305.62ms
INF 2026-08-04T17:29:10.392Z > 200 GET /api/v1/ 290.27ms
INF 2026-08-04T17:29:10.397Z > 200 GET /api/v1/ 303.61ms
INF 2026-08-04T17:29:10.398Z > 200 GET /api/v1/ 305.86ms
INF 2026-08-04T17:29:10.400Z > 200 GET /api/v1/ 307.17ms
INF 2026-08-04T17:29:10.402Z > 200 GET /api/v1/ 241.71ms
INF 2026-08-04T17:29:10.403Z > 200 GET /api/v1/ 312.32ms
INF 2026-08-04T17:29:10.405Z > 200 GET /api/v1/ 318.66ms
INF 2026-08-04T17:29:10.407Z > 200 GET /api/v1/ 313.76ms
INF 2026-08-04T17:29:10.409Z > 200 GET /api/v1/ 286.74ms
INF 2026-08-04T17:29:10.413Z > 200 GET /api/v1/ 291.62ms
INF 2026-08-04T17:29:10.420Z > 200 GET /api/v1/ 318.08ms
INF 2026-08-04T17:29:10.422Z > 200 GET /api/v1/ 299.64ms
INF 2026-08-04T17:29:10.423Z > 200 GET /api/v1/ 332.63ms
INF 2026-08-04T17:29:10.423Z > 200 GET /api/v1/ 249.47ms
INF 2026-08-04T17:29:10.436Z > 200 GET /api/v1/ 313.81ms
INF 2026-08-04T17:29:10.436Z > 200 GET /api/v1/ 314.23ms
INF 2026-08-04T17:29:10.442Z > 200 GET /api/v1/ 348.86ms
INF 2026-08-04T17:29:10.446Z > 200 GET /api/v1/ 353.1ms
INF 2026-08-04T17:29:10.452Z > 200 GET /api/v1/ 311.02ms
INF 2026-08-04T17:29:10.454Z > 200 GET /api/v1/ 331.55ms
INF 2026-08-04T17:29:10.457Z > 200 GET /api/v1/ 355.08ms
INF 2026-08-04T17:29:10.457Z > 200 GET /api/v1/ 365.91ms
INF 2026-08-04T17:29:10.457Z > 200 GET /api/v1/ 297.47ms
INF 2026-08-04T17:29:10.474Z > 200 GET /api/v1/ 300.19ms
INF 2026-08-04T17:29:10.477Z > 200 GET /api/v1/ 335.4ms
INF 2026-08-04T17:29:10.491Z > 200 GET /api/v1/ 120.73ms
INF 2026-08-04T17:29:10.492Z > 200 GET /api/v1/ 405.8ms
INF 2026-08-04T17:29:10.492Z > 200 GET /api/v1/ 371.59ms
INF 2026-08-04T17:29:10.494Z > 200 GET /api/v1/ 249.16ms
INF 2026-08-04T17:29:10.503Z > 200 GET /api/v1/ 111.38ms
INF 2026-08-04T17:29:10.503Z > 200 GET /api/v1/ 337.35ms
INF 2026-08-04T17:29:10.509Z > 200 GET /api/v1/ 339.79ms
INF 2026-08-04T17:29:10.511Z > 200 GET /api/v1/ 311.35ms
INF 2026-08-04T17:29:10.524Z > 200 GET /api/v1/ 331.83ms
INF 2026-08-04T17:29:10.524Z > 200 GET /api/v1/ 332.33ms
INF 2026-08-04T17:29:10.525Z > 200 GET /api/v1/ 332.73ms
INF 2026-08-04T17:29:10.525Z > 200 GET /api/v1/ 304.6ms
INF 2026-08-04T17:29:10.529Z > 200 GET /api/v1/ 302.13ms
INF 2026-08-04T17:29:10.533Z > 200 GET /api/v1/ 363.52ms
INF 2026-08-04T17:29:10.533Z > 200 GET /api/v1/ 253.55ms
INF 2026-08-04T17:29:10.549Z > 200 GET /api/v1/ 358.62ms
INF 2026-08-04T17:29:10.553Z > 200 GET /api/v1/ 392.68ms
INF 2026-08-04T17:29:10.555Z > 200 GET /api/v1/ 272.82ms
INF 2026-08-04T17:29:10.578Z > 200 GET /api/v1/ 295.99ms
INF 2026-08-04T17:29:10.580Z > 200 GET /api/v1/ 300.84ms
INF 2026-08-04T17:29:10.586Z > 200 GET /api/v1/ 306.8ms
INF 2026-08-04T17:29:10.589Z > 200 GET /api/v1/ 309.18ms
INF 2026-08-04T17:29:10.595Z > 200 GET /api/v1/ 289.44ms
INF 2026-08-04T17:29:10.598Z > 200 GET /api/v1/ 292.69ms
INF 2026-08-04T17:29:10.599Z > 200 GET /api/v1/ 291.06ms
INF 2026-08-04T17:29:10.599Z > 200 GET /api/v1/ 292.93ms
INF 2026-08-04T17:29:10.600Z > 200 GET /api/v1/ 292.35ms
INF 2026-08-04T17:29:10.602Z > 200 GET /api/v1/ 294.29ms
INF 2026-08-04T17:29:10.603Z > 200 GET /api/v1/ 295.15ms
INF 2026-08-04T17:29:10.607Z > 200 GET /api/v1/ 281.48ms
INF 2026-08-04T17:29:10.609Z > 200 GET /api/v1/ 238.82ms
INF 2026-08-04T17:29:10.611Z > 200 GET /api/v1/ 274.61ms
INF 2026-08-04T17:29:10.617Z > 200 GET /api/v1/ 111.95ms
INF 2026-08-04T17:29:10.627Z > 200 GET /api/v1/ 174.78ms
INF 2026-08-04T17:29:10.627Z > 200 GET /api/v1/ 179.64ms
INF 2026-08-04T17:29:10.628Z > 200 GET /api/v1/ 136.43ms
INF 2026-08-04T17:29:10.631Z > 200 GET /api/v1/ 323.67ms
INF 2026-08-04T17:29:10.631Z > 200 GET /api/v1/ 457.54ms
INF 2026-08-04T17:29:10.632Z > 200 GET /api/v1/ 98.53ms
INF 2026-08-04T17:29:10.632Z > 200 GET /api/v1/ 329.01ms
INF 2026-08-04T17:29:10.633Z > 200 GET /api/v1/ 307.62ms
INF 2026-08-04T17:29:10.656Z > 200 GET /api/v1/ 290.17ms
INF 2026-08-04T17:29:10.656Z > 200 GET /api/v1/ 285.74ms
INF 2026-08-04T17:29:10.667Z > 200 GET /api/v1/ 283.99ms
INF 2026-08-04T17:29:10.668Z > 200 GET /api/v1/ 286.91ms
INF 2026-08-04T17:29:10.668Z > 200 GET /api/v1/ 342.73ms
INF 2026-08-04T17:29:10.679Z > 200 GET /api/v1/ 269.88ms
INF 2026-08-04T17:29:10.680Z > 200 GET /api/v1/ 271.59ms
INF 2026-08-04T17:29:10.681Z > 200 GET /api/v1/ 265.51ms
INF 2026-08-04T17:29:10.681Z > 200 GET /api/v1/ 272.59ms
INF 2026-08-04T17:29:10.685Z > 200 GET /api/v1/ 276.2ms
INF 2026-08-04T17:29:10.685Z > 200 GET /api/v1/ 301.76ms
INF 2026-08-04T17:29:10.685Z > 200 GET /api/v1/ 276.88ms
INF 2026-08-04T17:29:10.689Z > 200 GET /api/v1/ 306.02ms
INF 2026-08-04T17:29:10.695Z > 200 GET /api/v1/ 369.23ms
INF 2026-08-04T17:29:10.696Z > 200 GET /api/v1/ 315.46ms
INF 2026-08-04T17:29:10.718Z > 200 GET /api/v1/ 412.62ms
INF 2026-08-04T17:29:10.719Z > 200 GET /api/v1/ 340.23ms
INF 2026-08-04T17:29:10.719Z > 200 GET /api/v1/ 340.91ms
INF 2026-08-04T17:29:10.721Z > 200 GET /api/v1/ 105.03ms
INF 2026-08-04T17:29:10.723Z > 200 GET /api/v1/ 308.1ms
INF 2026-08-04T17:29:10.724Z > 200 GET /api/v1/ 309.61ms
INF 2026-08-04T17:29:10.725Z > 200 GET /api/v1/ 122.43ms
INF 2026-08-04T17:29:10.725Z > 200 GET /api/v1/ 309.74ms
INF 2026-08-04T17:29:10.725Z > 200 GET /api/v1/ 277.58ms
INF 2026-08-04T17:29:10.726Z > 200 GET /api/v1/ 285.96ms
INF 2026-08-04T17:29:10.726Z > 200 GET /api/v1/ 311.37ms
INF 2026-08-04T17:29:10.727Z > 200 GET /api/v1/ 304.74ms
INF 2026-08-04T17:29:10.727Z > 200 GET /api/v1/ 292.03ms
INF 2026-08-04T17:29:10.728Z > 200 GET /api/v1/ 319.12ms
INF 2026-08-04T17:29:10.728Z > 200 GET /api/v1/ 319.5ms
INF 2026-08-04T17:29:10.728Z > 200 GET /api/v1/ 131.42ms
INF 2026-08-04T17:29:10.729Z > 200 GET /api/v1/ 345.44ms
INF 2026-08-04T17:29:10.736Z > 200 GET /api/v1/ 255.7ms
INF 2026-08-04T17:29:10.736Z > 200 GET /api/v1/ 295.86ms
INF 2026-08-04T17:29:10.736Z > 200 GET /api/v1/ 278.68ms
INF 2026-08-04T17:29:10.737Z > 200 GET /api/v1/ 265.86ms
INF 2026-08-04T17:29:10.738Z > 200 GET /api/v1/ 273.96ms
INF 2026-08-04T17:29:10.738Z > 200 GET /api/v1/ 329.66ms
INF 2026-08-04T17:29:10.763Z > 200 GET /api/v1/ 291.32ms
INF 2026-08-04T17:29:10.776Z > 200 GET /api/v1/ 360.35ms
INF 2026-08-04T17:29:10.776Z > 200 GET /api/v1/ 147.82ms
INF 2026-08-04T17:29:10.777Z > 200 GET /api/v1/ 324.89ms
INF 2026-08-04T17:29:10.777Z > 200 GET /api/v1/ 230.12ms
INF 2026-08-04T17:29:10.778Z > 200 GET /api/v1/ 355.8ms
INF 2026-08-04T17:29:10.778Z > 200 GET /api/v1/ 216.92ms
INF 2026-08-04T17:29:10.779Z > 200 GET /api/v1/ 245.5ms
INF 2026-08-04T17:29:10.793Z > 200 GET /api/v1/ 259.32ms
INF 2026-08-04T17:29:10.793Z > 200 GET /api/v1/ 328.81ms
INF 2026-08-04T17:29:10.793Z > 200 GET /api/v1/ 358.58ms
INF 2026-08-04T17:29:10.794Z > 200 GET /api/v1/ 246.36ms
INF 2026-08-04T17:29:10.794Z > 200 GET /api/v1/ 302.51ms
INF 2026-08-04T17:29:10.795Z > 200 GET /api/v1/ 289.54ms
INF 2026-08-04T17:29:10.796Z > 200 GET /api/v1/ 287.29ms
INF 2026-08-04T17:29:10.798Z > 200 GET /api/v1/ 289.25ms
INF 2026-08-04T17:29:10.798Z > 200 GET /api/v1/ 264.77ms
INF 2026-08-04T17:29:10.806Z > 200 GET /api/v1/ 366.14ms
INF 2026-08-04T17:29:10.811Z > 200 GET /api/v1/ 285.41ms
INF 2026-08-04T17:29:10.812Z > 200 GET /api/v1/ 353.85ms
INF 2026-08-04T17:29:10.812Z > 200 GET /api/v1/ 337.99ms
INF 2026-08-04T17:29:10.812Z > 200 GET /api/v1/ 326.42ms
INF 2026-08-04T17:29:10.819Z > 200 GET /api/v1/ 293.61ms
INF 2026-08-04T17:29:10.821Z > 200 GET /api/v1/ 331.34ms
INF 2026-08-04T17:29:10.822Z > 200 GET /api/v1/ 287.84ms
INF 2026-08-04T17:29:10.822Z > 200 GET /api/v1/ 274.07ms
INF 2026-08-04T17:29:10.823Z > 200 GET /api/v1/ 348.78ms
INF 2026-08-04T17:29:10.824Z > 200 GET /api/v1/ 188.96ms
INF 2026-08-04T17:29:10.836Z > 200 GET /api/v1/ 239.04ms
INF 2026-08-04T17:29:10.837Z > 200 GET /api/v1/ 239.28ms
INF 2026-08-04T17:29:10.840Z > 200 GET /api/v1/ 256.29ms
INF 2026-08-04T17:29:10.841Z > 200 GET /api/v1/ 292.96ms
INF 2026-08-04T17:29:10.842Z > 200 GET /api/v1/ 244.24ms
INF 2026-08-04T17:29:10.843Z > 200 GET /api/v1/ 247.91ms
INF 2026-08-04T17:29:10.843Z > 200 GET /api/v1/ 223.17ms
INF 2026-08-04T17:29:10.844Z > 200 GET /api/v1/ 246.5ms
INF 2026-08-04T17:29:10.844Z > 200 GET /api/v1/ 275.29ms
INF 2026-08-04T17:29:10.845Z > 200 GET /api/v1/ 261.46ms
INF 2026-08-04T17:29:10.865Z > 200 GET /api/v1/ 209.91ms
INF 2026-08-04T17:29:10.866Z > 200 GET /api/v1/ 87.91ms
INF 2026-08-04T17:29:10.871Z > 200 GET /api/v1/ 216.12ms
INF 2026-08-04T17:29:10.873Z > 200 GET /api/v1/ 73.23ms
INF 2026-08-04T17:29:10.878Z > 200 GET /api/v1/ 150.8ms
INF 2026-08-04T17:29:10.881Z > 200 GET /api/v1/ 154.6ms
INF 2026-08-04T17:29:10.882Z > 200 GET /api/v1/ 225.02ms
INF 2026-08-04T17:29:10.888Z > 200 GET /api/v1/ 260.11ms
INF 2026-08-04T17:29:10.889Z > 200 GET /api/v1/ 294.08ms
INF 2026-08-04T17:29:10.889Z > 200 GET /api/v1/ 231.05ms
INF 2026-08-04T17:29:10.890Z > 200 GET /api/v1/ 231.32ms
INF 2026-08-04T17:29:10.901Z > 200 GET /api/v1/ 242.76ms
INF 2026-08-04T17:29:10.904Z > 200 GET /api/v1/ 249.09ms
INF 2026-08-04T17:29:10.905Z > 200 GET /api/v1/ 244.3ms
INF 2026-08-04T17:29:10.908Z > 200 GET /api/v1/ 249.22ms
INF 2026-08-04T17:29:10.913Z > 200 GET /api/v1/ 73.64ms
INF 2026-08-04T17:29:10.917Z > 200 GET /api/v1/ 201.27ms
INF 2026-08-04T17:29:10.929Z > 200 GET /api/v1/ 268.45ms
INF 2026-08-04T17:29:10.929Z > 200 GET /api/v1/ 262.22ms
INF 2026-08-04T17:29:10.930Z > 200 GET /api/v1/ 249.55ms
INF 2026-08-04T17:29:10.952Z > 200 GET /api/v1/ 233.74ms
INF 2026-08-04T17:29:10.968Z > 200 GET /api/v1/ 251.79ms
INF 2026-08-04T17:29:10.972Z > 200 GET /api/v1/ 97.44ms
INF 2026-08-04T17:29:10.972Z > 200 GET /api/v1/ 254.42ms
INF 2026-08-04T17:29:10.976Z > 200 GET /api/v1/ 109.82ms
INF 2026-08-04T17:29:10.978Z > 200 GET /api/v1/ 256.29ms
INF 2026-08-04T17:29:11.003Z > 200 GET /api/v1/ 273.19ms
INF 2026-08-04T17:29:11.011Z > 200 GET /api/v1/ 295.54ms
INF 2026-08-04T17:29:11.013Z > 200 GET /api/v1/ 276.89ms
INF 2026-08-04T17:29:11.014Z > 200 GET /api/v1/ 284.01ms
INF 2026-08-04T17:29:11.019Z > 200 GET /api/v1/ 102.01ms
INF 2026-08-04T17:29:11.031Z > 200 GET /api/v1/ 312.99ms
INF 2026-08-04T17:29:11.032Z > 200 GET /api/v1/ 315.65ms
INF 2026-08-04T17:29:11.032Z > 200 GET /api/v1/ 310.4ms
INF 2026-08-04T17:29:11.033Z > 200 GET /api/v1/ 314.79ms
INF 2026-08-04T17:29:11.033Z > 200 GET /api/v1/ 256.66ms
INF 2026-08-04T17:29:11.035Z > 200 GET /api/v1/ 305.25ms
INF 2026-08-04T17:29:11.047Z > 200 GET /api/v1/ 325.45ms
INF 2026-08-04T17:29:11.048Z > 200 GET /api/v1/ 311.01ms
INF 2026-08-04T17:29:11.048Z > 200 GET /api/v1/ 271.66ms
INF 2026-08-04T17:29:11.049Z > 200 GET /api/v1/ 259.35ms
INF 2026-08-04T17:29:11.063Z > 200 GET /api/v1/ 284.77ms
INF 2026-08-04T17:29:11.064Z > 200 GET /api/v1/ 326.82ms
INF 2026-08-04T17:29:11.064Z > 200 GET /api/v1/ 306.26ms
INF 2026-08-04T17:29:11.065Z > 200 GET /api/v1/ 272.99ms
INF 2026-08-04T17:29:11.065Z > 200 GET /api/v1/ 327.16ms
INF 2026-08-04T17:29:11.066Z > 200 GET /api/v1/ 320.37ms
INF 2026-08-04T17:29:11.067Z > 200 GET /api/v1/ 277.53ms
INF 2026-08-04T17:29:11.068Z > 200 GET /api/v1/ 322.02ms
INF 2026-08-04T17:29:11.068Z > 200 GET /api/v1/ 291.28ms
INF 2026-08-04T17:29:11.068Z > 200 GET /api/v1/ 289.98ms
INF 2026-08-04T17:29:11.072Z > 200 GET /api/v1/ 295.68ms
INF 2026-08-04T17:29:11.076Z > 200 GET /api/v1/ 299.08ms
INF 2026-08-04T17:29:11.084Z > 200 GET /api/v1/ 305.26ms
INF 2026-08-04T17:29:11.085Z > 200 GET /api/v1/ 280.93ms
INF 2026-08-04T17:29:11.094Z > 200 GET /api/v1/ 315.68ms
INF 2026-08-04T17:29:11.094Z > 200 GET /api/v1/ 126.38ms
INF 2026-08-04T17:29:11.103Z > 200 GET /api/v1/ 247.99ms
INF 2026-08-04T17:29:11.104Z > 200 GET /api/v1/ 265.71ms
INF 2026-08-04T17:29:11.105Z > 200 GET /api/v1/ 326.57ms
INF 2026-08-04T17:29:11.106Z > 200 GET /api/v1/ 251.8ms
INF 2026-08-04T17:29:11.107Z > 200 GET /api/v1/ 306.95ms
INF 2026-08-04T17:29:11.107Z > 200 GET /api/v1/ 302.68ms
INF 2026-08-04T17:29:11.108Z > 200 GET /api/v1/ 269.3ms
INF 2026-08-04T17:29:11.108Z > 200 GET /api/v1/ 268.92ms
INF 2026-08-04T17:29:11.109Z > 200 GET /api/v1/ 304.58ms
INF 2026-08-04T17:29:11.122Z > 200 GET /api/v1/ 283.01ms
INF 2026-08-04T17:29:11.136Z > 200 GET /api/v1/ 122.81ms
INF 2026-08-04T17:29:11.141Z > 200 GET /api/v1/ 286.75ms
INF 2026-08-04T17:29:11.142Z > 200 GET /api/v1/ 275.66ms
INF 2026-08-04T17:29:11.142Z > 200 GET /api/v1/ 364.14ms
INF 2026-08-04T17:29:11.143Z > 200 GET /api/v1/ 288.17ms
INF 2026-08-04T17:29:11.143Z > 200 GET /api/v1/ 285.82ms
INF 2026-08-04T17:29:11.144Z > 200 GET /api/v1/ 277.0ms
INF 2026-08-04T17:29:11.144Z > 200 GET /api/v1/ 277.84ms
INF 2026-08-04T17:29:11.145Z > 200 GET /api/v1/ 340.08ms
INF 2026-08-04T17:29:11.160Z > 200 GET /api/v1/ 398.95ms
INF 2026-08-04T17:29:11.161Z > 200 GET /api/v1/ 304.31ms
INF 2026-08-04T17:29:11.161Z > 200 GET /api/v1/ 286.23ms
INF 2026-08-04T17:29:11.162Z > 200 GET /api/v1/ 305.3ms
INF 2026-08-04T17:29:11.162Z > 200 GET /api/v1/ 305.82ms
INF 2026-08-04T17:29:11.163Z > 200 GET /api/v1/ 349.57ms
INF 2026-08-04T17:29:11.163Z > 200 GET /api/v1/ 306.37ms
INF 2026-08-04T17:29:11.163Z > 200 GET /api/v1/ 288.33ms
INF 2026-08-04T17:29:11.173Z > 200 GET /api/v1/ 298.21ms
INF 2026-08-04T17:29:11.181Z > 200 GET /api/v1/ 290.82ms
INF 2026-08-04T17:29:11.181Z > 200 GET /api/v1/ 314.27ms
INF 2026-08-04T17:29:11.182Z > 200 GET /api/v1/ 106.53ms
INF 2026-08-04T17:29:11.186Z > 200 GET /api/v1/ 409.0ms
INF 2026-08-04T17:29:11.186Z > 200 GET /api/v1/ 294.01ms
INF 2026-08-04T17:29:11.187Z > 200 GET /api/v1/ 296.87ms
INF 2026-08-04T17:29:11.188Z > 200 GET /api/v1/ 84.24ms
INF 2026-08-04T17:29:11.189Z > 200 GET /api/v1/ 349.5ms
INF 2026-08-04T17:29:11.199Z > 200 GET /api/v1/ 248.21ms
INF 2026-08-04T17:29:11.202Z > 200 GET /api/v1/ 311.77ms
INF 2026-08-04T17:29:11.203Z > 200 GET /api/v1/ 312.26ms
INF 2026-08-04T17:29:11.203Z > 200 GET /api/v1/ 257.9ms
INF 2026-08-04T17:29:11.203Z > 200 GET /api/v1/ 311.35ms
INF 2026-08-04T17:29:11.204Z > 200 GET /api/v1/ 313.69ms
INF 2026-08-04T17:29:11.206Z > 200 GET /api/v1/ 331.22ms
INF 2026-08-04T17:29:11.206Z > 200 GET /api/v1/ 330.96ms
INF 2026-08-04T17:29:11.206Z > 200 GET /api/v1/ 349.75ms
INF 2026-08-04T17:29:11.207Z > 200 GET /api/v1/ 261.49ms
INF 2026-08-04T17:29:11.207Z > 200 GET /api/v1/ 237.7ms
INF 2026-08-04T17:29:11.209Z > 200 GET /api/v1/ 256.66ms
INF 2026-08-04T17:29:11.209Z > 200 GET /api/v1/ 263.62ms
INF 2026-08-04T17:29:11.210Z > 200 GET /api/v1/ 201.03ms
INF 2026-08-04T17:29:11.222Z > 200 GET /api/v1/ 252.03ms
INF 2026-08-04T17:29:11.222Z > 200 GET /api/v1/ 251.3ms
INF 2026-08-04T17:29:11.222Z > 200 GET /api/v1/ 251.01ms
INF 2026-08-04T17:29:11.223Z > 200 GET /api/v1/ 332.72ms
INF 2026-08-04T17:29:11.223Z > 200 GET /api/v1/ 332.99ms
INF 2026-08-04T17:29:11.238Z > 200 GET /api/v1/ 348.07ms
INF 2026-08-04T17:29:11.242Z > 200 GET /api/v1/ 289.66ms
INF 2026-08-04T17:29:11.243Z > 200 GET /api/v1/ 193.85ms
INF 2026-08-04T17:29:11.243Z > 200 GET /api/v1/ 290.7ms
INF 2026-08-04T17:29:11.245Z > 200 GET /api/v1/ 203.13ms
INF 2026-08-04T17:29:11.245Z > 200 GET /api/v1/ 275.52ms
INF 2026-08-04T17:29:11.247Z > 200 GET /api/v1/ 237.62ms
INF 2026-08-04T17:29:11.248Z > 200 GET /api/v1/ 278.21ms
INF 2026-08-04T17:29:11.248Z > 200 GET /api/v1/ 112.13ms
INF 2026-08-04T17:29:11.248Z > 200 GET /api/v1/ 331.23ms
INF 2026-08-04T17:29:11.260Z > 200 GET /api/v1/ 308.66ms
INF 2026-08-04T17:29:11.260Z > 200 GET /api/v1/ 218.63ms
INF 2026-08-04T17:29:11.269Z > 200 GET /api/v1/ 85.9ms
INF 2026-08-04T17:29:11.294Z > 200 GET /api/v1/ 214.81ms
INF 2026-08-04T17:29:11.294Z > 200 GET /api/v1/ 218.83ms
INF 2026-08-04T17:29:11.294Z > 200 GET /api/v1/ 208.43ms
INF 2026-08-04T17:29:11.295Z > 200 GET /api/v1/ 279.65ms
INF 2026-08-04T17:29:11.296Z > 200 GET /api/v1/ 286.02ms
INF 2026-08-04T17:29:11.297Z > 200 GET /api/v1/ 210.7ms
INF 2026-08-04T17:29:11.307Z > 200 GET /api/v1/ 248.49ms
INF 2026-08-04T17:29:11.323Z > 200 GET /api/v1/ 203.16ms
INF 2026-08-04T17:29:11.337Z > 200 GET /api/v1/ 261.25ms
INF 2026-08-04T17:29:11.337Z > 200 GET /api/v1/ 93.99ms
INF 2026-08-04T17:29:11.345Z > 200 GET /api/v1/ 223.8ms
INF 2026-08-04T17:29:11.345Z > 200 GET /api/v1/ 258.92ms
INF 2026-08-04T17:29:11.366Z > 200 GET /api/v1/ 245.39ms
INF 2026-08-04T17:29:11.367Z > 200 GET /api/v1/ 245.72ms
INF 2026-08-04T17:29:11.369Z > 200 GET /api/v1/ 120.69ms
INF 2026-08-04T17:29:11.369Z > 200 GET /api/v1/ 294.29ms
INF 2026-08-04T17:29:11.398Z > 200 GET /api/v1/ 277.68ms
INF 2026-08-04T17:29:11.404Z > 200 GET /api/v1/ 287.97ms
INF 2026-08-04T17:29:11.404Z > 200 GET /api/v1/ 284.07ms
INF 2026-08-04T17:29:11.410Z > 200 GET /api/v1/ 114.06ms
INF 2026-08-04T17:29:11.431Z > 200 GET /api/v1/ 309.39ms
INF 2026-08-04T17:29:11.432Z > 200 GET /api/v1/ 382.96ms
INF 2026-08-04T17:29:11.432Z > 200 GET /api/v1/ 295.37ms
INF 2026-08-04T17:29:11.433Z > 200 GET /api/v1/ 293.41ms
INF 2026-08-04T17:29:11.433Z > 200 GET /api/v1/ 313.47ms
INF 2026-08-04T17:29:11.456Z > 200 GET /api/v1/ 304.06ms
INF 2026-08-04T17:29:11.462Z > 200 GET /api/v1/ 309.42ms
INF 2026-08-04T17:29:11.462Z > 200 GET /api/v1/ 309.37ms
INF 2026-08-04T17:29:11.468Z > 200 GET /api/v1/ 315.05ms
INF 2026-08-04T17:29:11.468Z > 200 GET /api/v1/ 316.06ms
INF 2026-08-04T17:29:11.470Z > 200 GET /api/v1/ 333.79ms
INF 2026-08-04T17:29:11.470Z > 200 GET /api/v1/ 394.7ms
INF 2026-08-04T17:29:11.470Z > 200 GET /api/v1/ 331.14ms
INF 2026-08-04T17:29:11.472Z > 200 GET /api/v1/ 335.76ms
INF 2026-08-04T17:29:11.472Z > 200 GET /api/v1/ 336.02ms
INF 2026-08-04T17:29:11.472Z > 200 GET /api/v1/ 324.51ms
INF 2026-08-04T17:29:11.473Z > 200 GET /api/v1/ 351.87ms
INF 2026-08-04T17:29:11.473Z > 200 GET /api/v1/ 321.18ms
INF 2026-08-04T17:29:11.474Z > 200 GET /api/v1/ 352.89ms
INF 2026-08-04T17:29:11.480Z > 200 GET /api/v1/ 328.12ms
INF 2026-08-04T17:29:11.486Z > 200 GET /api/v1/ 302.08ms
INF 2026-08-04T17:29:11.489Z > 200 GET /api/v1/ 352.08ms
INF 2026-08-04T17:29:11.490Z > 200 GET /api/v1/ 282.8ms
INF 2026-08-04T17:29:11.527Z > 200 GET /api/v1/ 374.05ms
INF 2026-08-04T17:29:11.531Z > 200 GET /api/v1/ 367.77ms
INF 2026-08-04T17:29:11.532Z > 200 GET /api/v1/ 324.11ms
INF 2026-08-04T17:29:11.532Z > 200 GET /api/v1/ 378.71ms
INF 2026-08-04T17:29:11.532Z > 200 GET /api/v1/ 324.99ms
INF 2026-08-04T17:29:11.533Z > 200 GET /api/v1/ 311.54ms
INF 2026-08-04T17:29:11.533Z > 200 GET /api/v1/ 325.76ms
INF 2026-08-04T17:29:11.534Z > 200 GET /api/v1/ 348.95ms
INF 2026-08-04T17:29:11.535Z > 200 GET /api/v1/ 317.32ms
INF 2026-08-04T17:29:11.536Z > 200 GET /api/v1/ 317.96ms
INF 2026-08-04T17:29:11.539Z > 200 GET /api/v1/ 318.24ms
INF 2026-08-04T17:29:11.542Z > 200 GET /api/v1/ 298.49ms
INF 2026-08-04T17:29:11.543Z > 200 GET /api/v1/ 335.53ms
INF 2026-08-04T17:29:11.546Z > 200 GET /api/v1/ 285.42ms
INF 2026-08-04T17:29:11.548Z > 200 GET /api/v1/ 287.51ms
INF 2026-08-04T17:29:11.548Z > 200 GET /api/v1/ 324.37ms
INF 2026-08-04T17:29:11.567Z > 200 GET /api/v1/ 343.63ms
INF 2026-08-04T17:29:11.568Z > 200 GET /api/v1/ 323.48ms
INF 2026-08-04T17:29:11.570Z > 200 GET /api/v1/ 386.07ms
INF 2026-08-04T17:29:11.575Z > 200 GET /api/v1/ 305.83ms
INF 2026-08-04T17:29:11.575Z > 200 GET /api/v1/ 289.3ms
INF 2026-08-04T17:29:11.588Z > 200 GET /api/v1/ 340.01ms
INF 2026-08-04T17:29:11.591Z > 200 GET /api/v1/ 342.41ms
INF 2026-08-04T17:29:11.595Z > 200 GET /api/v1/ 346.55ms
INF 2026-08-04T17:29:11.610Z > 200 GET /api/v1/ 389.15ms
INF 2026-08-04T17:29:11.611Z > 200 GET /api/v1/ 387.27ms
INF 2026-08-04T17:29:11.612Z > 200 GET /api/v1/ 325.9ms
INF 2026-08-04T17:29:11.613Z > 200 GET /api/v1/ 343.82ms
INF 2026-08-04T17:29:11.613Z > 200 GET /api/v1/ 395.16ms
INF 2026-08-04T17:29:11.614Z > 200 GET /api/v1/ 328.04ms
INF 2026-08-04T17:29:11.615Z > 200 GET /api/v1/ 322.29ms
INF 2026-08-04T17:29:11.616Z > 200 GET /api/v1/ 329.44ms
INF 2026-08-04T17:29:11.616Z > 200 GET /api/v1/ 367.41ms
INF 2026-08-04T17:29:11.616Z > 200 GET /api/v1/ 367.93ms
INF 2026-08-04T17:29:11.618Z > 200 GET /api/v1/ 325.32ms
INF 2026-08-04T17:29:11.619Z > 200 GET /api/v1/ 375.77ms
INF 2026-08-04T17:29:11.619Z > 200 GET /api/v1/ 375.27ms
INF 2026-08-04T17:29:11.620Z > 200 GET /api/v1/ 381.61ms
INF 2026-08-04T17:29:11.620Z > 200 GET /api/v1/ 371.81ms
INF 2026-08-04T17:29:11.621Z > 200 GET /api/v1/ 252.48ms
INF 2026-08-04T17:29:11.622Z > 200 GET /api/v1/ 252.8ms
INF 2026-08-04T17:29:11.622Z > 200 GET /api/v1/ 319.74ms
INF 2026-08-04T17:29:11.622Z > 200 GET /api/v1/ 253.7ms
INF 2026-08-04T17:29:11.631Z > 200 GET /api/v1/ 221.47ms
INF 2026-08-04T17:29:11.638Z > 200 GET /api/v1/ 344.7ms
INF 2026-08-04T17:29:11.638Z > 200 GET /api/v1/ 351.96ms
INF 2026-08-04T17:29:11.639Z > 200 GET /api/v1/ 336.29ms
INF 2026-08-04T17:29:11.639Z > 200 GET /api/v1/ 104.77ms
INF 2026-08-04T17:29:11.639Z > 200 GET /api/v1/ 343.14ms
INF 2026-08-04T17:29:11.645Z > 200 GET /api/v1/ 349.49ms
INF 2026-08-04T17:29:11.646Z > 200 GET /api/v1/ 350.59ms
INF 2026-08-04T17:29:11.656Z > 200 GET /api/v1/ 287.54ms
INF 2026-08-04T17:29:11.657Z > 200 GET /api/v1/ 387.98ms
INF 2026-08-04T17:29:11.657Z > 200 GET /api/v1/ 351.46ms
INF 2026-08-04T17:29:11.658Z > 200 GET /api/v1/ 361.75ms
INF 2026-08-04T17:29:11.659Z > 200 GET /api/v1/ 365.58ms
INF 2026-08-04T17:29:11.668Z > 200 GET /api/v1/ 254.9ms
INF 2026-08-04T17:29:11.669Z > 200 GET /api/v1/ 326.57ms
INF 2026-08-04T17:29:11.669Z > 200 GET /api/v1/ 300.67ms
INF 2026-08-04T17:29:11.670Z > 200 GET /api/v1/ 285.98ms
INF 2026-08-04T17:29:11.670Z > 200 GET /api/v1/ 238.86ms
INF 2026-08-04T17:29:11.677Z > 200 GET /api/v1/ 67.07ms
INF 2026-08-04T17:29:11.691Z > 200 GET /api/v1/ 281.86ms
INF 2026-08-04T17:29:11.701Z > 200 GET /api/v1/ 332.11ms
INF 2026-08-04T17:29:11.709Z > 200 GET /api/v1/ 219.14ms
INF 2026-08-04T17:29:11.711Z > 200 GET /api/v1/ 405.68ms
INF 2026-08-04T17:29:11.712Z > 200 GET /api/v1/ 348.2ms
INF 2026-08-04T17:29:11.712Z > 200 GET /api/v1/ 279.38ms
INF 2026-08-04T17:29:11.713Z > 200 GET /api/v1/ 299.57ms
INF 2026-08-04T17:29:11.713Z > 200 GET /api/v1/ 1251.37ms
INF 2026-08-04T17:29:11.713Z > 200 GET /api/v1/ 282.08ms
INF 2026-08-04T17:29:11.714Z > 200 GET /api/v1/ 417.95ms
INF 2026-08-04T17:29:11.717Z > 200 GET /api/v1/ 103.77ms
INF 2026-08-04T17:29:11.726Z > 200 GET /api/v1/ 236.75ms
INF 2026-08-04T17:29:11.727Z > 200 GET /api/v1/ 251.51ms
INF 2026-08-04T17:29:11.727Z > 200 GET /api/v1/ 237.5ms
INF 2026-08-04T17:29:11.734Z > 200 GET /api/v1/ 1272.96ms
INF 2026-08-04T17:29:11.735Z > 200 GET /api/v1/ 114.19ms
INF 2026-08-04T17:29:11.738Z > 200 GET /api/v1/ 262.72ms
INF 2026-08-04T17:29:11.753Z > 200 GET /api/v1/ 277.91ms
INF 2026-08-04T17:29:11.755Z > 200 GET /api/v1/ 324.18ms
INF 2026-08-04T17:29:11.758Z > 200 GET /api/v1/ 283.32ms
INF 2026-08-04T17:29:11.759Z > 200 GET /api/v1/ 269.8ms
INF 2026-08-04T17:29:11.760Z > 200 GET /api/v1/ 225.93ms
INF 2026-08-04T17:29:11.766Z > 200 GET /api/v1/ 109.42ms
INF 2026-08-04T17:29:11.781Z > 200 GET /api/v1/ 291.97ms
INF 2026-08-04T17:29:11.792Z > 200 GET /api/v1/ 261.21ms
INF 2026-08-04T17:29:11.793Z > 200 GET /api/v1/ 115.59ms
INF 2026-08-04T17:29:11.800Z > 200 GET /api/v1/ 267.3ms
INF 2026-08-04T17:29:11.817Z > 200 GET /api/v1/ 107.89ms
INF 2026-08-04T17:29:11.822Z > 200 GET /api/v1/ 288.6ms
INF 2026-08-04T17:29:11.845Z > 200 GET /api/v1/ 311.6ms
INF 2026-08-04T17:29:11.855Z > 200 GET /api/v1/ 289.71ms
INF 2026-08-04T17:29:11.856Z > 200 GET /api/v1/ 274.55ms
INF 2026-08-04T17:29:11.858Z > 200 GET /api/v1/ 317.49ms
INF 2026-08-04T17:29:11.859Z > 200 GET /api/v1/ 314.76ms
INF 2026-08-04T17:29:11.860Z > 200 GET /api/v1/ 281.06ms
INF 2026-08-04T17:29:11.861Z > 200 GET /api/v1/ 147.45ms
INF 2026-08-04T17:29:11.867Z > 200 GET /api/v1/ 332.44ms
INF 2026-08-04T17:29:11.873Z > 200 GET /api/v1/ 292.72ms
INF 2026-08-04T17:29:11.890Z > 200 GET /api/v1/ 275.19ms
INF 2026-08-04T17:29:11.890Z > 200 GET /api/v1/ 311.15ms
INF 2026-08-04T17:29:11.891Z > 200 GET /api/v1/ 277.51ms
INF 2026-08-04T17:29:11.895Z > 200 GET /api/v1/ 135.91ms
INF 2026-08-04T17:29:11.897Z > 200 GET /api/v1/ 363.79ms
INF 2026-08-04T17:29:11.898Z > 200 GET /api/v1/ 363.11ms
INF 2026-08-04T17:29:11.899Z > 200 GET /api/v1/ 364.86ms
INF 2026-08-04T17:29:11.901Z > 200 GET /api/v1/ 367.46ms
INF 2026-08-04T17:29:11.904Z > 200 GET /api/v1/ 103.52ms
INF 2026-08-04T17:29:11.904Z > 200 GET /api/v1/ 363.31ms
INF 2026-08-04T17:29:11.905Z > 200 GET /api/v1/ 249.12ms
INF 2026-08-04T17:29:11.915Z > 200 GET /api/v1/ 349.33ms
INF 2026-08-04T17:29:11.916Z > 200 GET /api/v1/ 301.32ms
INF 2026-08-04T17:29:11.916Z > 200 GET /api/v1/ 299.59ms
INF 2026-08-04T17:29:11.917Z > 200 GET /api/v1/ 303.95ms
INF 2026-08-04T17:29:11.918Z > 200 GET /api/v1/ 300.68ms
INF 2026-08-04T17:29:11.920Z > 200 GET /api/v1/ 309.5ms
INF 2026-08-04T17:29:11.924Z > 200 GET /api/v1/ 245.94ms
INF 2026-08-04T17:29:11.928Z > 200 GET /api/v1/ 250.18ms
INF 2026-08-04T17:29:11.929Z > 200 GET /api/v1/ 257.96ms
INF 2026-08-04T17:29:11.929Z > 200 GET /api/v1/ 251.66ms
INF 2026-08-04T17:29:11.931Z > 200 GET /api/v1/ 349.03ms
INF 2026-08-04T17:29:11.932Z > 200 GET /api/v1/ 275.98ms
INF 2026-08-04T17:29:11.944Z > 200 GET /api/v1/ 409.33ms
INF 2026-08-04T17:29:11.945Z > 200 GET /api/v1/ 410.21ms
INF 2026-08-04T17:29:11.955Z > 200 GET /api/v1/ 338.07ms
INF 2026-08-04T17:29:11.956Z > 200 GET /api/v1/ 303.0ms
INF 2026-08-04T17:29:11.956Z > 200 GET /api/v1/ 334.95ms
INF 2026-08-04T17:29:11.960Z > 200 GET /api/v1/ 303.9ms
INF 2026-08-04T17:29:11.961Z > 200 GET /api/v1/ 283.85ms
INF 2026-08-04T17:29:11.962Z > 200 GET /api/v1/ 380.22ms
INF 2026-08-04T17:29:11.970Z > 200 GET /api/v1/ 260.08ms
INF 2026-08-04T17:29:11.977Z > 200 GET /api/v1/ 287.56ms
INF 2026-08-04T17:29:11.977Z > 200 GET /api/v1/ 287.97ms
INF 2026-08-04T17:29:11.979Z > 200 GET /api/v1/ 290.26ms
INF 2026-08-04T17:29:11.984Z > 200 GET /api/v1/ 306.12ms
INF 2026-08-04T17:29:11.995Z > 200 GET /api/v1/ 281.61ms
INF 2026-08-04T17:29:11.995Z > 200 GET /api/v1/ 285.57ms
INF 2026-08-04T17:29:11.997Z > 200 GET /api/v1/ 308.38ms
INF 2026-08-04T17:29:11.998Z > 200 GET /api/v1/ 308.71ms
INF 2026-08-04T17:29:11.998Z > 200 GET /api/v1/ 345.8ms
INF 2026-08-04T17:29:11.999Z > 200 GET /api/v1/ 408.48ms
INF 2026-08-04T17:29:11.999Z > 200 GET /api/v1/ 289.34ms
INF 2026-08-04T17:29:11.999Z > 200 GET /api/v1/ 289.95ms
INF 2026-08-04T17:29:12.000Z > 200 GET /api/v1/ 322.49ms
INF 2026-08-04T17:29:12.009Z > 200 GET /api/v1/ 273.69ms
INF 2026-08-04T17:29:12.010Z > 200 GET /api/v1/ 274.45ms
INF 2026-08-04T17:29:12.011Z > 200 GET /api/v1/ 284.91ms
INF 2026-08-04T17:29:12.011Z > 200 GET /api/v1/ 285.25ms
INF 2026-08-04T17:29:12.012Z > 200 GET /api/v1/ 286.0ms
INF 2026-08-04T17:29:12.013Z > 200 GET /api/v1/ 111.24ms
INF 2026-08-04T17:29:12.015Z > 200 GET /api/v1/ 289.53ms
INF 2026-08-04T17:29:12.016Z > 200 GET /api/v1/ 359.54ms
INF 2026-08-04T17:29:12.016Z > 200 GET /api/v1/ 434.71ms
INF 2026-08-04T17:29:12.017Z > 200 GET /api/v1/ 364.74ms
INF 2026-08-04T17:29:12.018Z > 200 GET /api/v1/ 227.69ms
INF 2026-08-04T17:29:12.021Z > 200 GET /api/v1/ 263.03ms
INF 2026-08-04T17:29:12.023Z > 200 GET /api/v1/ 297.94ms
INF 2026-08-04T17:29:12.025Z > 200 GET /api/v1/ 289.58ms
INF 2026-08-04T17:29:12.026Z > 200 GET /api/v1/ 275.24ms
INF 2026-08-04T17:29:12.030Z > 200 GET /api/v1/ 416.98ms
INF 2026-08-04T17:29:12.031Z > 200 GET /api/v1/ 273.37ms
INF 2026-08-04T17:29:12.031Z > 200 GET /api/v1/ 273.49ms
INF 2026-08-04T17:29:12.031Z > 200 GET /api/v1/ 273.99ms
INF 2026-08-04T17:29:12.043Z > 200 GET /api/v1/ 307.79ms
INF 2026-08-04T17:29:12.044Z > 200 GET /api/v1/ 365.97ms
INF 2026-08-04T17:29:12.045Z > 200 GET /api/v1/ 228.8ms
INF 2026-08-04T17:29:12.045Z > 200 GET /api/v1/ 207.63ms
INF 2026-08-04T17:29:12.046Z > 200 GET /api/v1/ 231.78ms
INF 2026-08-04T17:29:12.046Z > 200 GET /api/v1/ 288.64ms
INF 2026-08-04T17:29:12.057Z > 200 GET /api/v1/ 343.38ms
INF 2026-08-04T17:29:12.058Z > 200 GET /api/v1/ 322.17ms
INF 2026-08-04T17:29:12.058Z > 200 GET /api/v1/ 300.53ms
INF 2026-08-04T17:29:12.062Z > 200 GET /api/v1/ 250.06ms
INF 2026-08-04T17:29:12.062Z > 200 GET /api/v1/ 240.49ms
INF 2026-08-04T17:29:12.066Z > 200 GET /api/v1/ 325.68ms
INF 2026-08-04T17:29:12.066Z > 200 GET /api/v1/ 258.34ms
INF 2026-08-04T17:29:12.067Z > 200 GET /api/v1/ 309.79ms
INF 2026-08-04T17:29:12.077Z > 200 GET /api/v1/ 285.81ms
INF 2026-08-04T17:29:12.077Z > 200 GET /api/v1/ 301.64ms
INF 2026-08-04T17:29:12.091Z > 200 GET /api/v1/ 268.8ms
INF 2026-08-04T17:29:12.091Z > 200 GET /api/v1/ 329.37ms
INF 2026-08-04T17:29:12.091Z > 200 GET /api/v1/ 220.64ms
INF 2026-08-04T17:29:12.093Z > 200 GET /api/v1/ 95.28ms
INF 2026-08-04T17:29:12.100Z > 200 GET /api/v1/ 262.08ms
INF 2026-08-04T17:29:12.100Z > 200 GET /api/v1/ 260.89ms
INF 2026-08-04T17:29:12.109Z > 200 GET /api/v1/ 198.87ms
INF 2026-08-04T17:29:12.111Z > 200 GET /api/v1/ 209.8ms
INF 2026-08-04T17:29:12.112Z > 200 GET /api/v1/ 245.39ms
INF 2026-08-04T17:29:12.119Z > 200 GET /api/v1/ 181.56ms
INF 2026-08-04T17:29:12.127Z > 200 GET /api/v1/ 312.41ms
INF 2026-08-04T17:29:12.128Z > 200 GET /api/v1/ 317.0ms
INF 2026-08-04T17:29:12.129Z > 200 GET /api/v1/ 338.83ms
INF 2026-08-04T17:29:12.131Z > 200 GET /api/v1/ 193.75ms
INF 2026-08-04T17:29:12.132Z > 200 GET /api/v1/ 204.04ms
INF 2026-08-04T17:29:12.133Z > 200 GET /api/v1/ 208.84ms
INF 2026-08-04T17:29:12.138Z > 200 GET /api/v1/ 185.43ms
INF 2026-08-04T17:29:12.138Z > 200 GET /api/v1/ 237.01ms
INF 2026-08-04T17:29:12.139Z > 200 GET /api/v1/ 138.9ms
INF 2026-08-04T17:29:12.140Z > 200 GET /api/v1/ 185.28ms
INF 2026-08-04T17:29:12.159Z > 200 GET /api/v1/ 262.01ms
INF 2026-08-04T17:29:12.159Z > 200 GET /api/v1/ 206.49ms
INF 2026-08-04T17:29:12.173Z > 200 GET /api/v1/ 208.73ms
INF 2026-08-04T17:29:12.175Z > 200 GET /api/v1/ 210.11ms
INF 2026-08-04T17:29:12.175Z > 200 GET /api/v1/ 222.03ms
INF 2026-08-04T17:29:12.189Z > 200 GET /api/v1/ 195.82ms
INF 2026-08-04T17:29:12.198Z > 200 GET /api/v1/ 244.18ms
INF 2026-08-04T17:29:12.199Z > 200 GET /api/v1/ 244.37ms
INF 2026-08-04T17:29:12.200Z > 200 GET /api/v1/ 247.32ms
INF 2026-08-04T17:29:12.201Z > 200 GET /api/v1/ 219.19ms
INF 2026-08-04T17:29:12.201Z > 200 GET /api/v1/ 248.49ms
INF 2026-08-04T17:29:12.202Z > 200 GET /api/v1/ 63.02ms
INF 2026-08-04T17:29:12.203Z > 200 GET /api/v1/ 237.73ms
INF 2026-08-04T17:29:12.204Z > 200 GET /api/v1/ 239.29ms
INF 2026-08-04T17:29:12.204Z > 200 GET /api/v1/ 209.95ms
INF 2026-08-04T17:29:12.205Z > 200 GET /api/v1/ 223.5ms
INF 2026-08-04T17:29:12.205Z > 200 GET /api/v1/ 76.48ms
INF 2026-08-04T17:29:12.231Z > 200 GET /api/v1/ 249.26ms
INF 2026-08-04T17:29:12.234Z > 200 GET /api/v1/ 229.25ms
INF 2026-08-04T17:29:12.234Z > 200 GET /api/v1/ 210.61ms
INF 2026-08-04T17:29:12.235Z > 200 GET /api/v1/ 222.04ms
INF 2026-08-04T17:29:12.236Z > 200 GET /api/v1/ 241.37ms
INF 2026-08-04T17:29:12.236Z > 200 GET /api/v1/ 193.37ms
INF 2026-08-04T17:29:12.237Z > 200 GET /api/v1/ 272.72ms
INF 2026-08-04T17:29:12.237Z > 200 GET /api/v1/ 232.43ms
INF 2026-08-04T17:29:12.237Z > 200 GET /api/v1/ 232.99ms
INF 2026-08-04T17:29:12.238Z > 200 GET /api/v1/ 193.5ms
INF 2026-08-04T17:29:12.242Z > 200 GET /api/v1/ 212.95ms
INF 2026-08-04T17:29:12.248Z > 200 GET /api/v1/ 253.35ms
INF 2026-08-04T17:29:12.249Z > 200 GET /api/v1/ 213.92ms
INF 2026-08-04T17:29:12.250Z > 200 GET /api/v1/ 313.21ms
INF 2026-08-04T17:29:12.256Z > 200 GET /api/v1/ 241.93ms
INF 2026-08-04T17:29:12.266Z > 200 GET /api/v1/ 221.57ms
INF 2026-08-04T17:29:12.275Z > 200 GET /api/v1/ 212.06ms
INF 2026-08-04T17:29:12.276Z > 200 GET /api/v1/ 233.19ms
INF 2026-08-04T17:29:12.288Z > 200 GET /api/v1/ 243.65ms
INF 2026-08-04T17:29:12.288Z > 200 GET /api/v1/ 244.17ms
INF 2026-08-04T17:29:12.289Z > 200 GET /api/v1/ 244.55ms
INF 2026-08-04T17:29:12.289Z > 200 GET /api/v1/ 225.82ms
INF 2026-08-04T17:29:12.290Z > 200 GET /api/v1/ 245.32ms
INF 2026-08-04T17:29:12.291Z > 200 GET /api/v1/ 255.41ms
INF 2026-08-04T17:29:12.293Z > 200 GET /api/v1/ 58.15ms
INF 2026-08-04T17:29:12.308Z > 200 GET /api/v1/ 263.03ms
INF 2026-08-04T17:29:12.308Z > 200 GET /api/v1/ 232.91ms
INF 2026-08-04T17:29:12.315Z > 200 GET /api/v1/ 252.44ms
INF 2026-08-04T17:29:12.316Z > 200 GET /api/v1/ 271.42ms
INF 2026-08-04T17:29:12.317Z > 200 GET /api/v1/ 236.64ms
INF 2026-08-04T17:29:12.318Z > 200 GET /api/v1/ 255.1ms
INF 2026-08-04T17:29:12.324Z > 200 GET /api/v1/ 248.27ms
INF 2026-08-04T17:29:12.324Z > 200 GET /api/v1/ 231.18ms
INF 2026-08-04T17:29:12.327Z > 200 GET /api/v1/ 264.2ms
INF 2026-08-04T17:29:12.328Z > 200 GET /api/v1/ 247.39ms
INF 2026-08-04T17:29:12.328Z > 200 GET /api/v1/ 247.66ms
INF 2026-08-04T17:29:12.330Z > 200 GET /api/v1/ 254.87ms
INF 2026-08-04T17:29:12.331Z > 200 GET /api/v1/ 267.21ms
INF 2026-08-04T17:29:12.335Z > 200 GET /api/v1/ 241.56ms
INF 2026-08-04T17:29:12.340Z > 200 GET /api/v1/ 64.56ms
INF 2026-08-04T17:29:12.346Z > 200 GET /api/v1/ 352.8ms
INF 2026-08-04T17:29:12.347Z > 200 GET /api/v1/ 52.25ms
INF 2026-08-04T17:29:12.359Z > 200 GET /api/v1/ 314.47ms
INF 2026-08-04T17:29:12.360Z > 200 GET /api/v1/ 52.05ms
INF 2026-08-04T17:29:12.363Z > 200 GET /api/v1/ 268.91ms
INF 2026-08-04T17:29:12.384Z > 200 GET /api/v1/ 290.06ms
INF 2026-08-04T17:29:12.384Z > 200 GET /api/v1/ 261.84ms
INF 2026-08-04T17:29:12.388Z > 200 GET /api/v1/ 311.68ms
INF 2026-08-04T17:29:12.388Z > 200 GET /api/v1/ 280.3ms
INF 2026-08-04T17:29:12.391Z > 200 GET /api/v1/ 298.71ms
INF 2026-08-04T17:29:12.392Z > 200 GET /api/v1/ 265.84ms
INF 2026-08-04T17:29:12.399Z > 200 GET /api/v1/ 305.98ms
INF 2026-08-04T17:29:12.399Z > 200 GET /api/v1/ 260.24ms
INF 2026-08-04T17:29:12.400Z > 200 GET /api/v1/ 307.83ms
INF 2026-08-04T17:29:12.400Z > 200 GET /api/v1/ 291.49ms
INF 2026-08-04T17:29:12.401Z > 200 GET /api/v1/ 308.11ms
INF 2026-08-04T17:29:12.408Z > 200 GET /api/v1/ 314.21ms
INF 2026-08-04T17:29:12.413Z > 200 GET /api/v1/ 260.23ms
INF 2026-08-04T17:29:12.416Z > 200 GET /api/v1/ 262.71ms
INF 2026-08-04T17:29:12.417Z > 200 GET /api/v1/ 243.95ms
INF 2026-08-04T17:29:12.418Z > 200 GET /api/v1/ 291.95ms
INF 2026-08-04T17:29:12.426Z > 200 GET /api/v1/ 258.21ms
INF 2026-08-04T17:29:12.434Z > 200 GET /api/v1/ 260.82ms
INF 2026-08-04T17:29:12.437Z > 200 GET /api/v1/ 275.7ms
INF 2026-08-04T17:29:12.449Z > 200 GET /api/v1/ 281.13ms
INF 2026-08-04T17:29:12.457Z > 200 GET /api/v1/ 234.72ms
INF 2026-08-04T17:29:12.457Z > 200 GET /api/v1/ 72.92ms
INF 2026-08-04T17:29:12.458Z > 200 GET /api/v1/ 328.72ms
INF 2026-08-04T17:29:12.460Z > 200 GET /api/v1/ 260.4ms
INF 2026-08-04T17:29:12.460Z > 200 GET /api/v1/ 284.8ms
INF 2026-08-04T17:29:12.467Z > 200 GET /api/v1/ 314.28ms
INF 2026-08-04T17:29:12.468Z > 200 GET /api/v1/ 276.19ms
INF 2026-08-04T17:29:12.469Z > 200 GET /api/v1/ 293.33ms
INF 2026-08-04T17:29:12.480Z > 200 GET /api/v1/ 277.0ms
INF 2026-08-04T17:29:12.505Z > 200 GET /api/v1/ 313.17ms
INF 2026-08-04T17:29:12.506Z > 200 GET /api/v1/ 1284.41ms
INF 2026-08-04T17:29:12.506Z > 200 GET /api/v1/ 412.75ms
INF 2026-08-04T17:29:12.509Z > 200 GET /api/v1/ 267.25ms
INF 2026-08-04T17:29:12.511Z > 200 GET /api/v1/ 260.22ms
INF 2026-08-04T17:29:12.511Z > 200 GET /api/v1/ 260.21ms
INF 2026-08-04T17:29:12.512Z > 200 GET /api/v1/ 236.48ms
INF 2026-08-04T17:29:12.512Z > 200 GET /api/v1/ 261.04ms
INF 2026-08-04T17:29:12.513Z > 200 GET /api/v1/ 260.96ms
INF 2026-08-04T17:29:12.514Z > 200 GET /api/v1/ 56.8ms
INF 2026-08-04T17:29:12.534Z > 200 GET /api/v1/ 367.92ms
INF 2026-08-04T17:29:12.541Z > 200 GET /api/v1/ 365.56ms
INF 2026-08-04T17:29:12.541Z > 200 GET /api/v1/ 338.18ms
INF 2026-08-04T17:29:12.545Z > 200 GET /api/v1/ 450.71ms
INF 2026-08-04T17:29:12.554Z > 200 GET /api/v1/ 445.98ms
INF 2026-08-04T17:29:12.559Z > 200 GET /api/v1/ 359.48ms
INF 2026-08-04T17:29:12.560Z > 200 GET /api/v1/ 264.24ms
INF 2026-08-04T17:29:12.572Z > 200 GET /api/v1/ 102.2ms
INF 2026-08-04T17:29:12.577Z > 200 GET /api/v1/ 324.27ms
INF 2026-08-04T17:29:12.577Z > 200 GET /api/v1/ 415.77ms
INF 2026-08-04T17:29:12.578Z > 200 GET /api/v1/ 275.85ms
INF 2026-08-04T17:29:12.578Z > 200 GET /api/v1/ 302.64ms
INF 2026-08-04T17:29:12.578Z > 200 GET /api/v1/ 283.18ms
INF 2026-08-04T17:29:12.584Z > 200 GET /api/v1/ 291.33ms
INF 2026-08-04T17:29:12.584Z > 200 GET /api/v1/ 430.76ms
INF 2026-08-04T17:29:12.584Z > 200 GET /api/v1/ 288.86ms
INF 2026-08-04T17:29:12.585Z > 200 GET /api/v1/ 411.95ms
INF 2026-08-04T17:29:12.585Z > 200 GET /api/v1/ 332.9ms
INF 2026-08-04T17:29:12.590Z > 200 GET /api/v1/ 338.74ms
INF 2026-08-04T17:29:12.591Z > 200 GET /api/v1/ 368.24ms
INF 2026-08-04T17:29:12.594Z > 200 GET /api/v1/ 299.04ms
INF 2026-08-04T17:29:12.600Z > 200 GET /api/v1/ 291.01ms
INF 2026-08-04T17:29:12.600Z > 200 GET /api/v1/ 347.28ms
INF 2026-08-04T17:29:12.600Z > 200 GET /api/v1/ 347.79ms
INF 2026-08-04T17:29:12.617Z > 200 GET /api/v1/ 395.66ms
INF 2026-08-04T17:29:12.619Z > 200 GET /api/v1/ 299.67ms
INF 2026-08-04T17:29:12.634Z > 200 GET /api/v1/ 1412.66ms
INF 2026-08-04T17:29:12.635Z > 200 GET /api/v1/ 122.76ms
INF 2026-08-04T17:29:12.636Z > 200 GET /api/v1/ 275.98ms
INF 2026-08-04T17:29:12.636Z > 200 GET /api/v1/ 305.07ms
INF 2026-08-04T17:29:12.638Z > 200 GET /api/v1/ 306.82ms
INF 2026-08-04T17:29:12.638Z > 200 GET /api/v1/ 464.43ms
INF 2026-08-04T17:29:12.639Z > 200 GET /api/v1/ 546.15ms
INF 2026-08-04T17:29:12.639Z > 200 GET /api/v1/ 308.14ms
INF 2026-08-04T17:29:12.640Z > 200 GET /api/v1/ 389.03ms
INF 2026-08-04T17:29:12.640Z > 200 GET /api/v1/ 345.3ms
INF 2026-08-04T17:29:12.652Z > 200 GET /api/v1/ 66.16ms
INF 2026-08-04T17:29:12.652Z > 200 GET /api/v1/ 302.97ms
INF 2026-08-04T17:29:12.667Z > 200 GET /api/v1/ 287.29ms
INF 2026-08-04T17:29:12.669Z > 200 GET /api/v1/ 341.8ms
INF 2026-08-04T17:29:12.673Z > 200 GET /api/v1/ 78.82ms
INF 2026-08-04T17:29:12.679Z > 200 GET /api/v1/ 330.25ms
INF 2026-08-04T17:29:12.679Z > 200 GET /api/v1/ 290.31ms
INF 2026-08-04T17:29:12.680Z > 200 GET /api/v1/ 371.47ms
INF 2026-08-04T17:29:12.681Z > 200 GET /api/v1/ 263.52ms
INF 2026-08-04T17:29:12.682Z > 200 GET /api/v1/ 354.18ms
INF 2026-08-04T17:29:12.682Z > 200 GET /api/v1/ 295.23ms
INF 2026-08-04T17:29:12.683Z > 200 GET /api/v1/ 296.41ms
INF 2026-08-04T17:29:12.684Z > 200 GET /api/v1/ 303.72ms
INF 2026-08-04T17:29:12.686Z > 200 GET /api/v1/ 277.88ms
INF 2026-08-04T17:29:12.686Z > 200 GET /api/v1/ 305.69ms
INF 2026-08-04T17:29:12.686Z > 200 GET /api/v1/ 355.29ms
INF 2026-08-04T17:29:12.687Z > 200 GET /api/v1/ 300.44ms
INF 2026-08-04T17:29:12.687Z > 200 GET /api/v1/ 306.86ms
INF 2026-08-04T17:29:12.688Z > 200 GET /api/v1/ 232.54ms
INF 2026-08-04T17:29:12.688Z > 200 GET /api/v1/ 88.24ms
INF 2026-08-04T17:29:12.689Z > 200 GET /api/v1/ 394.23ms
INF 2026-08-04T17:29:12.690Z > 200 GET /api/v1/ 234.47ms
INF 2026-08-04T17:29:12.690Z > 200 GET /api/v1/ 303.54ms
INF 2026-08-04T17:29:12.704Z > 200 GET /api/v1/ 303.98ms
INF 2026-08-04T17:29:12.704Z > 200 GET /api/v1/ 315.04ms
INF 2026-08-04T17:29:12.705Z > 200 GET /api/v1/ 249.59ms
INF 2026-08-04T17:29:12.705Z > 200 GET /api/v1/ 248.97ms
INF 2026-08-04T17:29:12.709Z > 200 GET /api/v1/ 349.39ms
INF 2026-08-04T17:29:12.709Z > 200 GET /api/v1/ 253.22ms
INF 2026-08-04T17:29:12.719Z > 200 GET /api/v1/ 336.4ms
INF 2026-08-04T17:29:12.728Z > 200 GET /api/v1/ 327.38ms
INF 2026-08-04T17:29:12.730Z > 200 GET /api/v1/ 268.41ms
INF 2026-08-04T17:29:12.746Z > 200 GET /api/v1/ 268.36ms
INF 2026-08-04T17:29:12.750Z > 200 GET /api/v1/ 246.5ms
INF 2026-08-04T17:29:12.751Z > 200 GET /api/v1/ 333.29ms
INF 2026-08-04T17:29:12.763Z > 200 GET /api/v1/ 347.11ms
INF 2026-08-04T17:29:12.766Z > 200 GET /api/v1/ 250.2ms
INF 2026-08-04T17:29:12.766Z > 200 GET /api/v1/ 250.54ms
INF 2026-08-04T17:29:12.773Z > 200 GET /api/v1/ 260.57ms
INF 2026-08-04T17:29:12.777Z > 200 GET /api/v1/ 321.29ms
INF 2026-08-04T17:29:12.777Z > 200 GET /api/v1/ 321.13ms
INF 2026-08-04T17:29:12.779Z > 200 GET /api/v1/ 273.2ms
INF 2026-08-04T17:29:12.779Z > 200 GET /api/v1/ 448.35ms
INF 2026-08-04T17:29:12.781Z > 200 GET /api/v1/ 320.0ms
INF 2026-08-04T17:29:12.783Z > 200 GET /api/v1/ 313.21ms
INF 2026-08-04T17:29:12.784Z > 200 GET /api/v1/ 74.48ms
INF 2026-08-04T17:29:12.795Z > 200 GET /api/v1/ 338.64ms
INF 2026-08-04T17:29:12.796Z > 200 GET /api/v1/ 240.12ms
INF 2026-08-04T17:29:12.800Z > 200 GET /api/v1/ 338.47ms
INF 2026-08-04T17:29:12.800Z > 200 GET /api/v1/ 245.87ms
INF 2026-08-04T17:29:12.800Z > 200 GET /api/v1/ 302.82ms
INF 2026-08-04T17:29:12.801Z > 200 GET /api/v1/ 345.49ms
INF 2026-08-04T17:29:12.801Z > 200 GET /api/v1/ 288.5ms
INF 2026-08-04T17:29:12.806Z > 200 GET /api/v1/ 220.24ms
INF 2026-08-04T17:29:12.806Z > 200 GET /api/v1/ 249.55ms
INF 2026-08-04T17:29:12.807Z > 200 GET /api/v1/ 293.97ms
INF 2026-08-04T17:29:12.808Z > 200 GET /api/v1/ 272.66ms
INF 2026-08-04T17:29:12.809Z > 200 GET /api/v1/ 254.43ms
INF 2026-08-04T17:29:12.815Z > 200 GET /api/v1/ 357.8ms
INF 2026-08-04T17:29:12.816Z > 200 GET /api/v1/ 302.68ms
INF 2026-08-04T17:29:12.820Z > 200 GET /api/v1/ 234.8ms
INF 2026-08-04T17:29:12.826Z > 200 GET /api/v1/ 237.23ms
INF 2026-08-04T17:29:12.827Z > 200 GET /api/v1/ 199.41ms
INF 2026-08-04T17:29:12.834Z > 200 GET /api/v1/ 248.61ms
INF 2026-08-04T17:29:12.835Z > 200 GET /api/v1/ 319.17ms
INF 2026-08-04T17:29:12.846Z > 200 GET /api/v1/ 217.62ms
INF 2026-08-04T17:29:12.851Z > 200 GET /api/v1/ 220.66ms
INF 2026-08-04T17:29:12.851Z > 200 GET /api/v1/ 249.56ms
INF 2026-08-04T17:29:12.852Z > 200 GET /api/v1/ 86.54ms
INF 2026-08-04T17:29:12.859Z > 200 GET /api/v1/ 230.95ms
INF 2026-08-04T17:29:12.859Z > 200 GET /api/v1/ 62.61ms
INF 2026-08-04T17:29:12.861Z > 200 GET /api/v1/ 275.34ms
INF 2026-08-04T17:29:12.862Z > 200 GET /api/v1/ 273.29ms
INF 2026-08-04T17:29:12.868Z > 200 GET /api/v1/ 238.63ms
INF 2026-08-04T17:29:12.877Z > 200 GET /api/v1/ 246.18ms
INF 2026-08-04T17:29:12.877Z > 200 GET /api/v1/ 249.67ms
INF 2026-08-04T17:29:12.878Z > 200 GET /api/v1/ 242.52ms
INF 2026-08-04T17:29:12.880Z > 200 GET /api/v1/ 250.32ms
INF 2026-08-04T17:29:12.880Z > 200 GET /api/v1/ 250.2ms
INF 2026-08-04T17:29:12.881Z > 200 GET /api/v1/ 246.24ms
INF 2026-08-04T17:29:12.882Z > 200 GET /api/v1/ 252.08ms
INF 2026-08-04T17:29:12.890Z > 200 GET /api/v1/ 229.69ms
INF 2026-08-04T17:29:12.900Z > 200 GET /api/v1/ 272.12ms
INF 2026-08-04T17:29:12.901Z > 200 GET /api/v1/ 267.51ms
INF 2026-08-04T17:29:12.902Z > 200 GET /api/v1/ 223.31ms
INF 2026-08-04T17:29:12.902Z > 200 GET /api/v1/ 316.69ms
INF 2026-08-04T17:29:12.916Z > 200 GET /api/v1/ 247.4ms
INF 2026-08-04T17:29:12.918Z > 200 GET /api/v1/ 221.05ms
INF 2026-08-04T17:29:12.919Z > 200 GET /api/v1/ 286.08ms
INF 2026-08-04T17:29:12.920Z > 200 GET /api/v1/ 222.8ms
INF 2026-08-04T17:29:12.920Z > 200 GET /api/v1/ 223.4ms
INF 2026-08-04T17:29:12.925Z > 200 GET /api/v1/ 236.2ms
INF 2026-08-04T17:29:12.925Z > 200 GET /api/v1/ 284.9ms
INF 2026-08-04T17:29:12.929Z > 200 GET /api/v1/ 260.32ms
INF 2026-08-04T17:29:12.930Z > 200 GET /api/v1/ 51.99ms
INF 2026-08-04T17:29:12.931Z > 200 GET /api/v1/ 207.99ms
INF 2026-08-04T17:29:12.934Z > 200 GET /api/v1/ 224.86ms
INF 2026-08-04T17:29:12.952Z > 200 GET /api/v1/ 229.33ms
INF 2026-08-04T17:29:12.963Z > 200 GET /api/v1/ 239.91ms
INF 2026-08-04T17:29:12.964Z > 200 GET /api/v1/ 230.03ms
INF 2026-08-04T17:29:12.965Z > 200 GET /api/v1/ 247.2ms
INF 2026-08-04T17:29:12.966Z > 200 GET /api/v1/ 268.3ms
INF 2026-08-04T17:29:12.967Z > 200 GET /api/v1/ 257.86ms
INF 2026-08-04T17:29:12.974Z > 200 GET /api/v1/ 241.39ms
INF 2026-08-04T17:29:12.984Z > 200 GET /api/v1/ 266.04ms
INF 2026-08-04T17:29:12.986Z > 200 GET /api/v1/ 317.22ms
INF 2026-08-04T17:29:12.986Z > 200 GET /api/v1/ 251.66ms
INF 2026-08-04T17:29:12.998Z > 200 GET /api/v1/ 288.68ms
INF 2026-08-04T17:29:13.006Z > 200 GET /api/v1/ 254.84ms
INF 2026-08-04T17:29:13.006Z > 200 GET /api/v1/ 296.87ms
INF 2026-08-04T17:29:13.007Z > 200 GET /api/v1/ 276.55ms
INF 2026-08-04T17:29:13.007Z > 200 GET /api/v1/ 283.94ms
INF 2026-08-04T17:29:13.016Z > 200 GET /api/v1/ 42.39ms
INF 2026-08-04T17:29:13.017Z > 200 GET /api/v1/ 270.44ms
INF 2026-08-04T17:29:13.017Z > 200 GET /api/v1/ 294.05ms
INF 2026-08-04T17:29:13.017Z > 200 GET /api/v1/ 281.09ms
INF 2026-08-04T17:29:13.018Z > 200 GET /api/v1/ 282.22ms
INF 2026-08-04T17:29:13.018Z > 200 GET /api/v1/ 272.14ms
INF 2026-08-04T17:29:13.019Z > 200 GET /api/v1/ 283.56ms
INF 2026-08-04T17:29:13.019Z > 200 GET /api/v1/ 289.8ms
INF 2026-08-04T17:29:13.019Z > 200 GET /api/v1/ 284.14ms
INF 2026-08-04T17:29:13.030Z > 200 GET /api/v1/ 204.55ms
INF 2026-08-04T17:29:13.031Z > 200 GET /api/v1/ 284.51ms
INF 2026-08-04T17:29:13.031Z > 200 GET /api/v1/ 284.84ms
INF 2026-08-04T17:29:13.031Z > 200 GET /api/v1/ 253.5ms
INF 2026-08-04T17:29:13.032Z > 200 GET /api/v1/ 198.56ms
INF 2026-08-04T17:29:13.042Z > 200 GET /api/v1/ 74.93ms
INF 2026-08-04T17:29:13.042Z > 200 GET /api/v1/ 249.13ms
INF 2026-08-04T17:29:13.045Z > 200 GET /api/v1/ 236.31ms
INF 2026-08-04T17:29:13.048Z > 200 GET /api/v1/ 302.24ms
INF 2026-08-04T17:29:13.057Z > 200 GET /api/v1/ 305.69ms
INF 2026-08-04T17:29:13.058Z > 200 GET /api/v1/ 307.37ms
INF 2026-08-04T17:29:13.061Z > 200 GET /api/v1/ 235.51ms
INF 2026-08-04T17:29:13.062Z > 200 GET /api/v1/ 242.39ms
INF 2026-08-04T17:29:13.063Z > 200 GET /api/v1/ 290.64ms
INF 2026-08-04T17:29:13.064Z > 200 GET /api/v1/ 313.0ms
INF 2026-08-04T17:29:13.066Z > 200 GET /api/v1/ 82.12ms
INF 2026-08-04T17:29:13.082Z > 200 GET /api/v1/ 266.42ms
INF 2026-08-04T17:29:13.092Z > 200 GET /api/v1/ 245.64ms
INF 2026-08-04T17:29:13.093Z > 200 GET /api/v1/ 240.28ms
INF 2026-08-04T17:29:13.093Z > 200 GET /api/v1/ 273.34ms
INF 2026-08-04T17:29:13.097Z > 200 GET /api/v1/ 74.89ms
INF 2026-08-04T17:29:13.098Z > 200 GET /api/v1/ 234.3ms
INF 2026-08-04T17:29:13.101Z > 200 GET /api/v1/ 275.99ms
INF 2026-08-04T17:29:13.105Z > 200 GET /api/v1/ 232.04ms
INF 2026-08-04T17:29:13.105Z > 200 GET /api/v1/ 241.35ms
INF 2026-08-04T17:29:13.122Z > 200 GET /api/v1/ 257.81ms
INF 2026-08-04T17:29:13.122Z > 200 GET /api/v1/ 258.86ms
INF 2026-08-04T17:29:13.123Z > 200 GET /api/v1/ 275.99ms
INF 2026-08-04T17:29:13.124Z > 200 GET /api/v1/ 261.82ms
INF 2026-08-04T17:29:13.132Z > 200 GET /api/v1/ 232.25ms
INF 2026-08-04T17:29:13.134Z > 200 GET /api/v1/ 281.59ms
INF 2026-08-04T17:29:13.136Z > 200 GET /api/v1/ 220.48ms
INF 2026-08-04T17:29:13.138Z > 200 GET /api/v1/ 275.95ms
INF 2026-08-04T17:29:13.138Z > 200 GET /api/v1/ 274.19ms
INF 2026-08-04T17:29:13.140Z > 200 GET /api/v1/ 239.91ms
INF 2026-08-04T17:29:13.141Z > 200 GET /api/v1/ 276.87ms
INF 2026-08-04T17:29:13.141Z > 200 GET /api/v1/ 258.55ms
INF 2026-08-04T17:29:13.141Z > 200 GET /api/v1/ 248.8ms
INF 2026-08-04T17:29:13.142Z > 200 GET /api/v1/ 278.14ms
INF 2026-08-04T17:29:13.161Z > 200 GET /api/v1/ 424.45ms
INF 2026-08-04T17:29:13.161Z > 200 GET /api/v1/ 388.28ms
INF 2026-08-04T17:29:13.164Z > 200 GET /api/v1/ 68.39ms
INF 2026-08-04T17:29:13.172Z > 200 GET /api/v1/ 254.75ms
INF 2026-08-04T17:29:13.173Z > 200 GET /api/v1/ 252.52ms
INF 2026-08-04T17:29:13.175Z > 200 GET /api/v1/ 258.22ms
INF 2026-08-04T17:29:13.176Z > 200 GET /api/v1/ 355.83ms
INF 2026-08-04T17:29:13.179Z > 200 GET /api/v1/ 278.41ms
INF 2026-08-04T17:29:13.183Z > 200 GET /api/v1/ 300.45ms
INF 2026-08-04T17:29:13.183Z > 200 GET /api/v1/ 256.84ms
INF 2026-08-04T17:29:13.186Z > 200 GET /api/v1/ 62.2ms
INF 2026-08-04T17:29:13.188Z > 200 GET /api/v1/ 314.76ms
INF 2026-08-04T17:29:13.188Z > 200 GET /api/v1/ 270.61ms
INF 2026-08-04T17:29:13.190Z > 200 GET /api/v1/ 238.94ms
INF 2026-08-04T17:29:13.202Z > 200 GET /api/v1/ 281.24ms
INF 2026-08-04T17:29:13.202Z > 200 GET /api/v1/ 333.66ms
INF 2026-08-04T17:29:13.203Z > 200 GET /api/v1/ 276.65ms
INF 2026-08-04T17:29:13.208Z > 200 GET /api/v1/ 429.98ms
INF 2026-08-04T17:29:13.218Z > 200 GET /api/v1/ 243.8ms
INF 2026-08-04T17:29:13.218Z > 200 GET /api/v1/ 266.57ms
INF 2026-08-04T17:29:13.218Z > 200 GET /api/v1/ 292.27ms
INF 2026-08-04T17:29:13.219Z > 200 GET /api/v1/ 258.4ms
INF 2026-08-04T17:29:13.219Z > 200 GET /api/v1/ 301.63ms
INF 2026-08-04T17:29:13.221Z > 200 GET /api/v1/ 368.77ms
INF 2026-08-04T17:29:13.235Z > 200 GET /api/v1/ 227.18ms
INF 2026-08-04T17:29:13.239Z > 200 GET /api/v1/ 229.55ms
INF 2026-08-04T17:29:13.241Z > 200 GET /api/v1/ 255.04ms
INF 2026-08-04T17:29:13.255Z > 200 GET /api/v1/ 93.95ms
INF 2026-08-04T17:29:13.261Z > 200 GET /api/v1/ 309.29ms
INF 2026-08-04T17:29:13.261Z > 200 GET /api/v1/ 205.99ms
INF 2026-08-04T17:29:13.262Z > 200 GET /api/v1/ 341.34ms
INF 2026-08-04T17:29:13.264Z > 200 GET /api/v1/ 251.84ms
INF 2026-08-04T17:29:13.264Z > 200 GET /api/v1/ 249.11ms
INF 2026-08-04T17:29:13.271Z > 200 GET /api/v1/ 62.92ms
INF 2026-08-04T17:29:13.272Z > 200 GET /api/v1/ 288.18ms
INF 2026-08-04T17:29:13.274Z > 200 GET /api/v1/ 289.68ms
INF 2026-08-04T17:29:13.275Z > 200 GET /api/v1/ 241.61ms
INF 2026-08-04T17:29:13.275Z > 200 GET /api/v1/ 349.09ms
INF 2026-08-04T17:29:13.276Z > 200 GET /api/v1/ 242.51ms
INF 2026-08-04T17:29:13.276Z > 200 GET /api/v1/ 324.71ms
INF 2026-08-04T17:29:13.277Z > 200 GET /api/v1/ 219.23ms
INF 2026-08-04T17:29:13.277Z > 200 GET /api/v1/ 319.99ms
INF 2026-08-04T17:29:13.278Z > 200 GET /api/v1/ 208.24ms
INF 2026-08-04T17:29:13.278Z > 200 GET /api/v1/ 208.21ms
INF 2026-08-04T17:29:13.280Z > 200 GET /api/v1/ 295.61ms
INF 2026-08-04T17:29:13.287Z > 200 GET /api/v1/ 217.29ms
INF 2026-08-04T17:29:13.289Z > 200 GET /api/v1/ 218.36ms
INF 2026-08-04T17:29:13.289Z > 200 GET /api/v1/ 328.42ms
INF 2026-08-04T17:29:13.293Z > 200 GET /api/v1/ 283.47ms
INF 2026-08-04T17:29:13.293Z > 200 GET /api/v1/ 1263.83ms
INF 2026-08-04T17:29:13.294Z > 200 GET /api/v1/ 376.62ms
INF 2026-08-04T17:29:13.294Z > 200 GET /api/v1/ 250.54ms
INF 2026-08-04T17:29:13.295Z > 200 GET /api/v1/ 285.99ms
INF 2026-08-04T17:29:13.296Z > 200 GET /api/v1/ 1266.55ms
INF 2026-08-04T17:29:13.320Z > 200 GET /api/v1/ 228.9ms
INF 2026-08-04T17:29:13.322Z > 200 GET /api/v1/ 264.74ms
INF 2026-08-04T17:29:13.330Z > 200 GET /api/v1/ 497.45ms
INF 2026-08-04T17:29:13.332Z > 200 GET /api/v1/ 244.48ms
INF 2026-08-04T17:29:13.359Z > 200 GET /api/v1/ 271.44ms
INF 2026-08-04T17:29:13.360Z > 200 GET /api/v1/ 385.72ms
INF 2026-08-04T17:29:13.360Z > 200 GET /api/v1/ 261.13ms
INF 2026-08-04T17:29:13.374Z > 200 GET /api/v1/ 304.22ms
INF 2026-08-04T17:29:13.375Z > 200 GET /api/v1/ 266.37ms
INF 2026-08-04T17:29:13.375Z > 200 GET /api/v1/ 267.66ms
INF 2026-08-04T17:29:13.376Z > 200 GET /api/v1/ 232.14ms
INF 2026-08-04T17:29:13.376Z > 200 GET /api/v1/ 270.77ms
INF 2026-08-04T17:29:13.376Z > 200 GET /api/v1/ 321.24ms
INF 2026-08-04T17:29:13.377Z > 200 GET /api/v1/ 285.61ms
INF 2026-08-04T17:29:13.377Z > 200 GET /api/v1/ 289.73ms
INF 2026-08-04T17:29:13.379Z > 200 GET /api/v1/ 226.6ms
INF 2026-08-04T17:29:13.381Z > 200 GET /api/v1/ 347.32ms
INF 2026-08-04T17:29:13.381Z > 200 GET /api/v1/ 228.23ms
INF 2026-08-04T17:29:13.395Z > 200 GET /api/v1/ 324.33ms
INF 2026-08-04T17:29:13.395Z > 200 GET /api/v1/ 325.07ms
INF 2026-08-04T17:29:13.401Z > 200 GET /api/v1/ 67.95ms
INF 2026-08-04T17:29:13.402Z > 200 GET /api/v1/ 71.85ms
INF 2026-08-04T17:29:13.424Z > 200 GET /api/v1/ 238.58ms
INF 2026-08-04T17:29:13.424Z > 200 GET /api/v1/ 243.92ms
INF 2026-08-04T17:29:13.448Z > 200 GET /api/v1/ 293.77ms
INF 2026-08-04T17:29:13.453Z > 200 GET /api/v1/ 250.27ms
INF 2026-08-04T17:29:13.454Z > 200 GET /api/v1/ 250.47ms
INF 2026-08-04T17:29:13.454Z > 200 GET /api/v1/ 299.7ms
INF 2026-08-04T17:29:13.454Z > 200 GET /api/v1/ 362.77ms
INF 2026-08-04T17:29:13.461Z > 200 GET /api/v1/ 362.42ms
INF 2026-08-04T17:29:13.462Z > 200 GET /api/v1/ 84.28ms
INF 2026-08-04T17:29:13.462Z > 200 GET /api/v1/ 353.87ms
INF 2026-08-04T17:29:13.465Z > 200 GET /api/v1/ 301.97ms
INF 2026-08-04T17:29:13.472Z > 200 GET /api/v1/ 308.53ms
INF 2026-08-04T17:29:13.485Z > 200 GET /api/v1/ 104.27ms
INF 2026-08-04T17:29:13.487Z > 200 GET /api/v1/ 306.89ms
INF 2026-08-04T17:29:13.488Z > 200 GET /api/v1/ 380.24ms
INF 2026-08-04T17:29:13.488Z > 200 GET /api/v1/ 396.58ms
INF 2026-08-04T17:29:13.510Z > 200 GET /api/v1/ 301.08ms
INF 2026-08-04T17:29:13.515Z > 200 GET /api/v1/ 362.88ms
INF 2026-08-04T17:29:13.518Z > 200 GET /api/v1/ 305.77ms
INF 2026-08-04T17:29:13.519Z > 200 GET /api/v1/ 311.4ms
INF 2026-08-04T17:29:13.520Z > 200 GET /api/v1/ 316.74ms
INF 2026-08-04T17:29:13.520Z > 200 GET /api/v1/ 317.04ms
INF 2026-08-04T17:29:13.521Z > 200 GET /api/v1/ 265.92ms
INF 2026-08-04T17:29:13.521Z > 200 GET /api/v1/ 282.57ms
INF 2026-08-04T17:29:13.536Z > 200 GET /api/v1/ 281.27ms
INF 2026-08-04T17:29:13.541Z > 200 GET /api/v1/ 302.44ms
INF 2026-08-04T17:29:13.544Z > 200 GET /api/v1/ 285.88ms
INF 2026-08-04T17:29:13.546Z > 200 GET /api/v1/ 402.71ms
INF 2026-08-04T17:29:13.547Z > 200 GET /api/v1/ 362.05ms
INF 2026-08-04T17:29:13.558Z > 200 GET /api/v1/ 300.13ms
INF 2026-08-04T17:29:13.568Z > 200 GET /api/v1/ 310.32ms
INF 2026-08-04T17:29:13.574Z > 200 GET /api/v1/ 316.13ms
INF 2026-08-04T17:29:13.574Z > 200 GET /api/v1/ 357.33ms
INF 2026-08-04T17:29:13.575Z > 200 GET /api/v1/ 367.37ms
INF 2026-08-04T17:29:13.576Z > 200 GET /api/v1/ 318.33ms
INF 2026-08-04T17:29:13.576Z > 200 GET /api/v1/ 359.14ms
INF 2026-08-04T17:29:13.577Z > 200 GET /api/v1/ 322.06ms
INF 2026-08-04T17:29:13.581Z > 200 GET /api/v1/ 320.23ms
INF 2026-08-04T17:29:13.581Z > 200 GET /api/v1/ 320.78ms
INF 2026-08-04T17:29:13.593Z > 200 GET /api/v1/ 339.17ms
INF 2026-08-04T17:29:13.594Z > 200 GET /api/v1/ 307.69ms
INF 2026-08-04T17:29:13.594Z > 200 GET /api/v1/ 382.08ms
INF 2026-08-04T17:29:13.598Z > 200 GET /api/v1/ 490.31ms
INF 2026-08-04T17:29:13.598Z > 200 GET /api/v1/ 340.53ms
INF 2026-08-04T17:29:13.602Z > 200 GET /api/v1/ 85.97ms
INF 2026-08-04T17:29:13.604Z > 200 GET /api/v1/ 339.5ms
INF 2026-08-04T17:29:13.617Z > 200 GET /api/v1/ 308.08ms
INF 2026-08-04T17:29:13.617Z > 200 GET /api/v1/ 352.42ms
INF 2026-08-04T17:29:13.618Z > 200 GET /api/v1/ 308.12ms
INF 2026-08-04T17:29:13.624Z > 200 GET /api/v1/ 359.0ms
INF 2026-08-04T17:29:13.629Z > 200 GET /api/v1/ 426.42ms
INF 2026-08-04T17:29:13.643Z > 200 GET /api/v1/ 385.92ms
INF 2026-08-04T17:29:13.644Z > 200 GET /api/v1/ 334.18ms
INF 2026-08-04T17:29:13.648Z > 200 GET /api/v1/ 366.84ms
INF 2026-08-04T17:29:13.648Z > 200 GET /api/v1/ 362.62ms
INF 2026-08-04T17:29:13.651Z > 200 GET /api/v1/ 306.2ms
INF 2026-08-04T17:29:13.651Z > 200 GET /api/v1/ 314.39ms
INF 2026-08-04T17:29:13.656Z > 200 GET /api/v1/ 338.34ms
INF 2026-08-04T17:29:13.657Z > 200 GET /api/v1/ 348.28ms
INF 2026-08-04T17:29:13.657Z > 200 GET /api/v1/ 320.87ms
INF 2026-08-04T17:29:13.658Z > 200 GET /api/v1/ 340.43ms
INF 2026-08-04T17:29:13.661Z > 200 GET /api/v1/ 322.2ms
INF 2026-08-04T17:29:13.669Z > 200 GET /api/v1/ 359.11ms
INF 2026-08-04T17:29:13.669Z > 200 GET /api/v1/ 330.74ms
INF 2026-08-04T17:29:13.670Z > 200 GET /api/v1/ 353.51ms
INF 2026-08-04T17:29:13.670Z > 200 GET /api/v1/ 336.5ms
INF 2026-08-04T17:29:13.672Z > 200 GET /api/v1/ 333.26ms
INF 2026-08-04T17:29:13.672Z > 200 GET /api/v1/ 407.49ms
INF 2026-08-04T17:29:13.677Z > 200 GET /api/v1/ 338.53ms
INF 2026-08-04T17:29:13.678Z > 200 GET /api/v1/ 300.28ms
INF 2026-08-04T17:29:13.685Z > 200 GET /api/v1/ 349.01ms
INF 2026-08-04T17:29:13.699Z > 200 GET /api/v1/ 138.09ms
INF 2026-08-04T17:29:13.711Z > 200 GET /api/v1/ 293.79ms
INF 2026-08-04T17:29:13.716Z > 200 GET /api/v1/ 357.43ms
INF 2026-08-04T17:29:13.716Z > 200 GET /api/v1/ 272.87ms
INF 2026-08-04T17:29:13.717Z > 200 GET /api/v1/ 270.41ms
INF 2026-08-04T17:29:13.720Z > 200 GET /api/v1/ 360.97ms
INF 2026-08-04T17:29:13.720Z > 200 GET /api/v1/ 402.45ms
INF 2026-08-04T17:29:13.736Z > 200 GET /api/v1/ 391.38ms
INF 2026-08-04T17:29:13.740Z > 200 GET /api/v1/ 395.3ms
INF 2026-08-04T17:29:13.740Z > 200 GET /api/v1/ 381.81ms
INF 2026-08-04T17:29:13.742Z > 200 GET /api/v1/ 327.65ms
INF 2026-08-04T17:29:13.751Z > 200 GET /api/v1/ 90.1ms
INF 2026-08-04T17:29:13.751Z > 200 GET /api/v1/ 309.13ms
INF 2026-08-04T17:29:13.752Z > 200 GET /api/v1/ 413.31ms
INF 2026-08-04T17:29:13.752Z > 200 GET /api/v1/ 305.79ms
INF 2026-08-04T17:29:13.758Z > 200 GET /api/v1/ 102.73ms
INF 2026-08-04T17:29:13.759Z > 200 GET /api/v1/ 110.36ms
INF 2026-08-04T17:29:13.759Z > 200 GET /api/v1/ 112.48ms
INF 2026-08-04T17:29:13.760Z > 200 GET /api/v1/ 378.53ms
INF 2026-08-04T17:29:13.763Z > 200 GET /api/v1/ 85.46ms
INF 2026-08-04T17:29:13.779Z > 200 GET /api/v1/ 333.14ms
INF 2026-08-04T17:29:13.798Z > 200 GET /api/v1/ 351.76ms
INF 2026-08-04T17:29:13.805Z > 200 GET /api/v1/ 358.16ms
INF 2026-08-04T17:29:13.813Z > 200 GET /api/v1/ 366.44ms
INF 2026-08-04T17:29:13.815Z > 200 GET /api/v1/ 368.36ms
INF 2026-08-04T17:29:13.817Z > 200 GET /api/v1/ 350.09ms
INF 2026-08-04T17:29:13.818Z > 200 GET /api/v1/ 354.26ms
INF 2026-08-04T17:29:13.818Z > 200 GET /api/v1/ 401.52ms
INF 2026-08-04T17:29:13.819Z > 200 GET /api/v1/ 474.32ms
INF 2026-08-04T17:29:13.819Z > 200 GET /api/v1/ 355.93ms
INF 2026-08-04T17:29:13.820Z > 200 GET /api/v1/ 373.13ms
INF 2026-08-04T17:29:13.839Z > 200 GET /api/v1/ 318.33ms
INF 2026-08-04T17:29:13.840Z > 200 GET /api/v1/ 396.06ms
INF 2026-08-04T17:29:13.840Z > 200 GET /api/v1/ 322.07ms
INF 2026-08-04T17:29:13.841Z > 200 GET /api/v1/ 319.2ms
INF 2026-08-04T17:29:13.848Z > 200 GET /api/v1/ 326.79ms
INF 2026-08-04T17:29:13.857Z > 200 GET /api/v1/ 393.29ms
INF 2026-08-04T17:29:13.860Z > 200 GET /api/v1/ 293.08ms
INF 2026-08-04T17:29:13.861Z > 200 GET /api/v1/ 344.16ms
INF 2026-08-04T17:29:13.864Z > 200 GET /api/v1/ 400.17ms
INF 2026-08-04T17:29:13.864Z > 200 GET /api/v1/ 165.43ms
INF 2026-08-04T17:29:13.865Z > 200 GET /api/v1/ 397.31ms
INF 2026-08-04T17:29:13.866Z > 200 GET /api/v1/ 348.61ms
INF 2026-08-04T17:29:13.867Z > 200 GET /api/v1/ 345.79ms
INF 2026-08-04T17:29:13.868Z > 200 GET /api/v1/ 271.06ms
INF 2026-08-04T17:29:13.868Z > 200 GET /api/v1/ 271.17ms
INF 2026-08-04T17:29:13.868Z > 200 GET /api/v1/ 271.59ms
INF 2026-08-04T17:29:13.869Z > 200 GET /api/v1/ 347.71ms
INF 2026-08-04T17:29:13.870Z > 200 GET /api/v1/ 272.79ms
INF 2026-08-04T17:29:13.870Z > 200 GET /api/v1/ 107.38ms
INF 2026-08-04T17:29:13.871Z > 200 GET /api/v1/ 111.0ms
INF 2026-08-04T17:29:13.879Z > 200 GET /api/v1/ 351.14ms
INF 2026-08-04T17:29:13.880Z > 200 GET /api/v1/ 318.92ms
INF 2026-08-04T17:29:13.885Z > 200 GET /api/v1/ 323.69ms
INF 2026-08-04T17:29:13.905Z > 200 GET /api/v1/ 296.04ms
INF 2026-08-04T17:29:13.906Z > 200 GET /api/v1/ 306.72ms
INF 2026-08-04T17:29:13.906Z > 200 GET /api/v1/ 338.57ms
INF 2026-08-04T17:29:13.911Z > 200 GET /api/v1/ 280.21ms
INF 2026-08-04T17:29:13.912Z > 200 GET /api/v1/ 315.81ms
INF 2026-08-04T17:29:13.913Z > 200 GET /api/v1/ 278.95ms
INF 2026-08-04T17:29:13.913Z > 200 GET /api/v1/ 335.92ms
INF 2026-08-04T17:29:13.914Z > 200 GET /api/v1/ 292.08ms
INF 2026-08-04T17:29:13.915Z > 200 GET /api/v1/ 314.8ms
INF 2026-08-04T17:29:13.927Z > 200 GET /api/v1/ 325.47ms
INF 2026-08-04T17:29:13.928Z > 200 GET /api/v1/ 293.52ms
INF 2026-08-04T17:29:13.930Z > 200 GET /api/v1/ 295.92ms
INF 2026-08-04T17:29:13.937Z > 200 GET /api/v1/ 419.2ms
INF 2026-08-04T17:29:13.939Z > 200 GET /api/v1/ 62.3ms
INF 2026-08-04T17:29:13.941Z > 200 GET /api/v1/ 251.9ms
INF 2026-08-04T17:29:13.941Z > 200 GET /api/v1/ 341.92ms
INF 2026-08-04T17:29:13.942Z > 200 GET /api/v1/ 308.34ms
INF 2026-08-04T17:29:13.944Z > 200 GET /api/v1/ 266.87ms
INF 2026-08-04T17:29:13.947Z > 200 GET /api/v1/ 80.47ms
INF 2026-08-04T17:29:13.952Z > 200 GET /api/v1/ 87.51ms
INF 2026-08-04T17:29:13.954Z > 200 GET /api/v1/ 323.12ms
INF 2026-08-04T17:29:13.955Z > 200 GET /api/v1/ 312.2ms
INF 2026-08-04T17:29:13.955Z > 200 GET /api/v1/ 294.84ms
INF 2026-08-04T17:29:13.989Z > 200 GET /api/v1/ 313.12ms
INF 2026-08-04T17:29:13.998Z > 200 GET /api/v1/ 298.65ms
INF 2026-08-04T17:29:13.998Z > 200 GET /api/v1/ 296.21ms
INF 2026-08-04T17:29:14.000Z > 200 GET /api/v1/ 310.4ms
INF 2026-08-04T17:29:14.000Z > 200 GET /api/v1/ 339.0ms
INF 2026-08-04T17:29:14.000Z > 200 GET /api/v1/ 322.9ms
INF 2026-08-04T17:29:14.005Z > 200 GET /api/v1/ 287.91ms
INF 2026-08-04T17:29:14.006Z > 200 GET /api/v1/ 242.64ms
INF 2026-08-04T17:29:14.018Z > 200 GET /api/v1/ 287.77ms
INF 2026-08-04T17:29:14.019Z > 200 GET /api/v1/ 345.94ms
INF 2026-08-04T17:29:14.019Z > 200 GET /api/v1/ 358.21ms
INF 2026-08-04T17:29:14.021Z > 200 GET /api/v1/ 362.44ms
INF 2026-08-04T17:29:14.021Z > 200 GET /api/v1/ 381.1ms
INF 2026-08-04T17:29:14.041Z > 200 GET /api/v1/ 111.45ms
INF 2026-08-04T17:29:14.044Z > 200 GET /api/v1/ 313.12ms
INF 2026-08-04T17:29:14.046Z > 200 GET /api/v1/ 311.26ms
INF 2026-08-04T17:29:14.047Z > 200 GET /api/v1/ 315.94ms
INF 2026-08-04T17:29:14.049Z > 200 GET /api/v1/ 313.12ms
INF 2026-08-04T17:29:14.053Z > 200 GET /api/v1/ 318.02ms
INF 2026-08-04T17:29:14.076Z > 200 GET /api/v1/ 373.2ms
INF 2026-08-04T17:29:14.080Z > 200 GET /api/v1/ 381.35ms
INF 2026-08-04T17:29:14.083Z > 200 GET /api/v1/ 94.17ms
INF 2026-08-04T17:29:14.104Z > 200 GET /api/v1/ 294.42ms
INF 2026-08-04T17:29:14.104Z > 200 GET /api/v1/ 250.53ms
INF 2026-08-04T17:29:14.109Z > 200 GET /api/v1/ 301.52ms
INF 2026-08-04T17:29:14.111Z > 200 GET /api/v1/ 305.79ms
INF 2026-08-04T17:29:14.112Z > 200 GET /api/v1/ 326.99ms
INF 2026-08-04T17:29:14.112Z > 200 GET /api/v1/ 306.29ms
INF 2026-08-04T17:29:14.112Z > 200 GET /api/v1/ 327.52ms
INF 2026-08-04T17:29:14.116Z > 200 GET /api/v1/ 338.88ms
INF 2026-08-04T17:29:14.116Z > 200 GET /api/v1/ 306.75ms
INF 2026-08-04T17:29:14.117Z > 200 GET /api/v1/ 307.06ms
INF 2026-08-04T17:29:14.124Z > 200 GET /api/v1/ 389.11ms
INF 2026-08-04T17:29:14.125Z > 200 GET /api/v1/ 1402.06ms
INF 2026-08-04T17:29:14.129Z > 200 GET /api/v1/ 262.69ms
INF 2026-08-04T17:29:14.130Z > 200 GET /api/v1/ 431.24ms
INF 2026-08-04T17:29:14.131Z > 200 GET /api/v1/ 265.87ms
INF 2026-08-04T17:29:14.133Z > 200 GET /api/v1/ 401.81ms
INF 2026-08-04T17:29:14.138Z > 200 GET /api/v1/ 328.36ms
INF 2026-08-04T17:29:14.138Z > 200 GET /api/v1/ 375.37ms
INF 2026-08-04T17:29:14.142Z > 200 GET /api/v1/ 352.75ms
INF 2026-08-04T17:29:14.142Z > 200 GET /api/v1/ 336.61ms
INF 2026-08-04T17:29:14.143Z > 200 GET /api/v1/ 358.73ms
INF 2026-08-04T17:29:14.144Z > 200 GET /api/v1/ 338.34ms
INF 2026-08-04T17:29:14.154Z > 200 GET /api/v1/ 132.3ms
INF 2026-08-04T17:29:14.160Z > 200 GET /api/v1/ 375.12ms
INF 2026-08-04T17:29:14.164Z > 200 GET /api/v1/ 315.86ms
INF 2026-08-04T17:29:14.165Z > 200 GET /api/v1/ 379.98ms
INF 2026-08-04T17:29:14.174Z > 200 GET /api/v1/ 280.37ms
INF 2026-08-04T17:29:14.175Z > 200 GET /api/v1/ 457.54ms
INF 2026-08-04T17:29:14.175Z > 200 GET /api/v1/ 440.82ms
INF 2026-08-04T17:29:14.176Z > 200 GET /api/v1/ 267.02ms
INF 2026-08-04T17:29:14.176Z > 200 GET /api/v1/ 316.03ms
INF 2026-08-04T17:29:14.194Z > 200 GET /api/v1/ 285.12ms
INF 2026-08-04T17:29:14.195Z > 200 GET /api/v1/ 283.26ms
INF 2026-08-04T17:29:14.195Z > 200 GET /api/v1/ 265.43ms
INF 2026-08-04T17:29:14.198Z > 200 GET /api/v1/ 289.15ms
INF 2026-08-04T17:29:14.198Z > 200 GET /api/v1/ 286.7ms
INF 2026-08-04T17:29:14.203Z > 200 GET /api/v1/ 278.81ms
INF 2026-08-04T17:29:14.203Z > 200 GET /api/v1/ 291.24ms
INF 2026-08-04T17:29:14.204Z > 200 GET /api/v1/ 248.63ms
INF 2026-08-04T17:29:14.205Z > 200 GET /api/v1/ 281.27ms
INF 2026-08-04T17:29:14.205Z > 200 GET /api/v1/ 293.44ms
INF 2026-08-04T17:29:14.206Z > 200 GET /api/v1/ 278.77ms
INF 2026-08-04T17:29:14.215Z > 200 GET /api/v1/ 195.73ms
INF 2026-08-04T17:29:14.217Z > 200 GET /api/v1/ 427.77ms
INF 2026-08-04T17:29:14.221Z > 200 GET /api/v1/ 355.73ms
INF 2026-08-04T17:29:14.237Z > 200 GET /api/v1/ 281.21ms
INF 2026-08-04T17:29:14.241Z > 200 GET /api/v1/ 123.94ms
INF 2026-08-04T17:29:14.243Z > 200 GET /api/v1/ 112.29ms
INF 2026-08-04T17:29:14.245Z > 200 GET /api/v1/ 320.97ms
INF 2026-08-04T17:29:14.249Z > 200 GET /api/v1/ 259.53ms
INF 2026-08-04T17:29:14.250Z > 200 GET /api/v1/ 260.86ms
INF 2026-08-04T17:29:14.251Z > 200 GET /api/v1/ 342.09ms
INF 2026-08-04T17:29:14.251Z > 200 GET /api/v1/ 315.25ms
INF 2026-08-04T17:29:14.252Z > 200 GET /api/v1/ 296.08ms
INF 2026-08-04T17:29:14.252Z > 200 GET /api/v1/ 316.26ms
INF 2026-08-04T17:29:14.255Z > 200 GET /api/v1/ 299.34ms
INF 2026-08-04T17:29:14.255Z > 200 GET /api/v1/ 81.49ms
INF 2026-08-04T17:29:14.256Z > 200 GET /api/v1/ 319.77ms
INF 2026-08-04T17:29:14.258Z > 200 GET /api/v1/ 321.98ms
INF 2026-08-04T17:29:14.265Z > 200 GET /api/v1/ 308.02ms
INF 2026-08-04T17:29:14.269Z > 200 GET /api/v1/ 338.51ms
INF 2026-08-04T17:29:14.273Z > 200 GET /api/v1/ 253.23ms
INF 2026-08-04T17:29:14.279Z > 200 GET /api/v1/ 289.85ms
INF 2026-08-04T17:29:14.280Z > 200 GET /api/v1/ 344.05ms
INF 2026-08-04T17:29:14.286Z > 200 GET /api/v1/ 329.44ms
INF 2026-08-04T17:29:14.289Z > 200 GET /api/v1/ 298.82ms
INF 2026-08-04T17:29:14.289Z > 200 GET /api/v1/ 270.23ms
INF 2026-08-04T17:29:14.290Z > 200 GET /api/v1/ 299.51ms
INF 2026-08-04T17:29:14.291Z > 200 GET /api/v1/ 300.1ms
INF 2026-08-04T17:29:14.291Z > 200 GET /api/v1/ 334.79ms
INF 2026-08-04T17:29:14.292Z > 200 GET /api/v1/ 236.64ms
INF 2026-08-04T17:29:14.294Z > 200 GET /api/v1/ 358.03ms
INF 2026-08-04T17:29:14.295Z > 200 GET /api/v1/ 236.46ms
INF 2026-08-04T17:29:14.308Z > 200 GET /api/v1/ 252.71ms
INF 2026-08-04T17:29:14.309Z > 200 GET /api/v1/ 372.93ms
INF 2026-08-04T17:29:14.309Z > 200 GET /api/v1/ 246.59ms
INF 2026-08-04T17:29:14.312Z > 200 GET /api/v1/ 217.51ms
INF 2026-08-04T17:29:14.315Z > 200 GET /api/v1/ 259.07ms
INF 2026-08-04T17:29:14.316Z > 200 GET /api/v1/ 316.91ms
INF 2026-08-04T17:29:14.316Z > 200 GET /api/v1/ 236.89ms
INF 2026-08-04T17:29:14.317Z > 200 GET /api/v1/ 261.29ms
INF 2026-08-04T17:29:14.317Z > 200 GET /api/v1/ 361.3ms
INF 2026-08-04T17:29:14.328Z > 200 GET /api/v1/ 1258.54ms
INF 2026-08-04T17:29:14.328Z > 200 GET /api/v1/ 83.25ms
INF 2026-08-04T17:29:14.333Z > 200 GET /api/v1/ 235.82ms
INF 2026-08-04T17:29:14.334Z > 200 GET /api/v1/ 138.25ms
INF 2026-08-04T17:29:14.349Z > 200 GET /api/v1/ 254.57ms
INF 2026-08-04T17:29:14.349Z > 200 GET /api/v1/ 254.68ms
INF 2026-08-04T17:29:14.349Z > 200 GET /api/v1/ 359.47ms
INF 2026-08-04T17:29:14.351Z > 200 GET /api/v1/ 295.44ms
INF 2026-08-04T17:29:14.353Z > 200 GET /api/v1/ 101.09ms
INF 2026-08-04T17:29:14.354Z > 200 GET /api/v1/ 362.91ms
INF 2026-08-04T17:29:14.368Z > 200 GET /api/v1/ 265.13ms
INF 2026-08-04T17:29:14.369Z > 200 GET /api/v1/ 290.35ms
INF 2026-08-04T17:29:14.370Z > 200 GET /api/v1/ 267.32ms
INF 2026-08-04T17:29:14.370Z > 200 GET /api/v1/ 267.19ms
INF 2026-08-04T17:29:14.371Z > 200 GET /api/v1/ 351.29ms
INF 2026-08-04T17:29:14.371Z > 200 GET /api/v1/ 243.43ms
INF 2026-08-04T17:29:14.378Z > 200 GET /api/v1/ 1308.6ms
INF 2026-08-04T17:29:14.381Z > 200 GET /api/v1/ 286.41ms
INF 2026-08-04T17:29:14.382Z > 200 GET /api/v1/ 204.3ms
INF 2026-08-04T17:29:14.391Z > 200 GET /api/v1/ 289.13ms
INF 2026-08-04T17:29:14.392Z > 200 GET /api/v1/ 258.73ms
INF 2026-08-04T17:29:14.409Z > 200 GET /api/v1/ 235.02ms
INF 2026-08-04T17:29:14.410Z > 200 GET /api/v1/ 235.67ms
INF 2026-08-04T17:29:14.417Z > 200 GET /api/v1/ 239.74ms
INF 2026-08-04T17:29:14.418Z > 200 GET /api/v1/ 241.14ms
INF 2026-08-04T17:29:14.419Z > 200 GET /api/v1/ 223.34ms
INF 2026-08-04T17:29:14.419Z > 200 GET /api/v1/ 230.64ms
INF 2026-08-04T17:29:14.420Z > 200 GET /api/v1/ 70.24ms
INF 2026-08-04T17:29:14.420Z > 200 GET /api/v1/ 239.57ms
INF 2026-08-04T17:29:14.421Z > 200 GET /api/v1/ 220.7ms
INF 2026-08-04T17:29:14.430Z > 200 GET /api/v1/ 248.94ms
INF 2026-08-04T17:29:14.433Z > 200 GET /api/v1/ 255.97ms
INF 2026-08-04T17:29:14.433Z > 200 GET /api/v1/ 229.27ms
INF 2026-08-04T17:29:14.433Z > 200 GET /api/v1/ 230.12ms
INF 2026-08-04T17:29:14.434Z > 200 GET /api/v1/ 257.17ms
INF 2026-08-04T17:29:14.434Z > 200 GET /api/v1/ 257.47ms
INF 2026-08-04T17:29:14.435Z > 200 GET /api/v1/ 246.2ms
INF 2026-08-04T17:29:14.436Z > 200 GET /api/v1/ 231.88ms
INF 2026-08-04T17:29:14.438Z > 200 GET /api/v1/ 234.55ms
INF 2026-08-04T17:29:14.439Z > 200 GET /api/v1/ 195.79ms
INF 2026-08-04T17:29:14.440Z > 200 GET /api/v1/ 225.85ms
INF 2026-08-04T17:29:14.453Z > 200 GET /api/v1/ 234.98ms
INF 2026-08-04T17:29:14.472Z > 200 GET /api/v1/ 228.86ms
INF 2026-08-04T17:29:14.473Z > 200 GET /api/v1/ 254.94ms
INF 2026-08-04T17:29:14.474Z > 200 GET /api/v1/ 296.46ms
INF 2026-08-04T17:29:14.474Z > 200 GET /api/v1/ 246.8ms
INF 2026-08-04T17:29:14.475Z > 200 GET /api/v1/ 223.41ms
INF 2026-08-04T17:29:14.525Z > 200 GET /api/v1/ 273.34ms
INF 2026-08-04T17:29:14.526Z > 200 GET /api/v1/ 88.34ms
INF 2026-08-04T17:29:14.529Z > 200 GET /api/v1/ 262.81ms
INF 2026-08-04T17:29:14.529Z > 200 GET /api/v1/ 262.65ms
INF 2026-08-04T17:29:14.530Z > 200 GET /api/v1/ 252.71ms
INF 2026-08-04T17:29:14.530Z > 200 GET /api/v1/ 264.94ms
INF 2026-08-04T17:29:14.530Z > 200 GET /api/v1/ 316.43ms
INF 2026-08-04T17:29:14.532Z > 200 GET /api/v1/ 222.11ms
INF 2026-08-04T17:29:14.539Z > 200 GET /api/v1/ 66.17ms
INF 2026-08-04T17:29:14.539Z > 200 GET /api/v1/ 239.17ms
INF 2026-08-04T17:29:14.540Z > 200 GET /api/v1/ 273.09ms
INF 2026-08-04T17:29:14.542Z > 200 GET /api/v1/ 289.72ms
INF 2026-08-04T17:29:14.547Z > 200 GET /api/v1/ 329.93ms
INF 2026-08-04T17:29:14.551Z > 200 GET /api/v1/ 307.56ms
INF 2026-08-04T17:29:14.563Z > 200 GET /api/v1/ 319.64ms
INF 2026-08-04T17:29:14.563Z > 200 GET /api/v1/ 275.65ms
INF 2026-08-04T17:29:14.564Z > 200 GET /api/v1/ 263.47ms
INF 2026-08-04T17:29:14.564Z > 200 GET /api/v1/ 297.59ms
INF 2026-08-04T17:29:14.565Z > 200 GET /api/v1/ 274.99ms
INF 2026-08-04T17:29:14.565Z > 200 GET /api/v1/ 277.04ms
INF 2026-08-04T17:29:14.567Z > 200 GET /api/v1/ 275.39ms
INF 2026-08-04T17:29:14.567Z > 200 GET /api/v1/ 291.14ms
INF 2026-08-04T17:29:14.568Z > 200 GET /api/v1/ 252.44ms
INF 2026-08-04T17:29:14.569Z > 200 GET /api/v1/ 226.21ms
INF 2026-08-04T17:29:14.570Z > 200 GET /api/v1/ 302.74ms
INF 2026-08-04T17:29:14.579Z > 200 GET /api/v1/ 246.8ms
INF 2026-08-04T17:29:14.581Z > 200 GET /api/v1/ 252.3ms
INF 2026-08-04T17:29:14.581Z > 200 GET /api/v1/ 271.78ms
INF 2026-08-04T17:29:14.582Z > 200 GET /api/v1/ 257.99ms
INF 2026-08-04T17:29:14.587Z > 200 GET /api/v1/ 215.22ms
INF 2026-08-04T17:29:14.601Z > 200 GET /api/v1/ 277.32ms
INF 2026-08-04T17:29:14.602Z > 200 GET /api/v1/ 259.23ms
INF 2026-08-04T17:29:14.602Z > 200 GET /api/v1/ 301.79ms
INF 2026-08-04T17:29:14.605Z > 200 GET /api/v1/ 289.34ms
INF 2026-08-04T17:29:14.612Z > 200 GET /api/v1/ 284.51ms
INF 2026-08-04T17:29:14.612Z > 200 GET /api/v1/ 263.08ms
INF 2026-08-04T17:29:14.613Z > 200 GET /api/v1/ 259.72ms
INF 2026-08-04T17:29:14.613Z > 200 GET /api/v1/ 257.05ms
INF 2026-08-04T17:29:14.614Z > 200 GET /api/v1/ 303.86ms
INF 2026-08-04T17:29:14.614Z > 200 GET /api/v1/ 264.22ms
INF 2026-08-04T17:29:14.616Z > 200 GET /api/v1/ 244.31ms
INF 2026-08-04T17:29:14.626Z > 200 GET /api/v1/ 283.32ms
INF 2026-08-04T17:29:14.628Z > 200 GET /api/v1/ 285.43ms
INF 2026-08-04T17:29:14.631Z > 200 GET /api/v1/ 274.37ms
INF 2026-08-04T17:29:14.631Z > 200 GET /api/v1/ 353.92ms
INF 2026-08-04T17:29:14.631Z > 200 GET /api/v1/ 259.88ms
INF 2026-08-04T17:29:14.632Z > 200 GET /api/v1/ 322.21ms
INF 2026-08-04T17:29:14.638Z > 200 GET /api/v1/ 265.99ms
INF 2026-08-04T17:29:14.638Z > 200 GET /api/v1/ 57.7ms
INF 2026-08-04T17:29:14.638Z > 200 GET /api/v1/ 257.36ms
INF 2026-08-04T17:29:14.639Z > 200 GET /api/v1/ 233.86ms
INF 2026-08-04T17:29:14.649Z > 200 GET /api/v1/ 348.6ms
INF 2026-08-04T17:29:14.650Z > 200 GET /api/v1/ 268.24ms
INF 2026-08-04T17:29:14.658Z > 200 GET /api/v1/ 228.24ms
INF 2026-08-04T17:29:14.660Z > 200 GET /api/v1/ 243.33ms
INF 2026-08-04T17:29:14.673Z > 200 GET /api/v1/ 266.62ms
INF 2026-08-04T17:29:14.678Z > 200 GET /api/v1/ 259.44ms
INF 2026-08-04T17:29:14.694Z > 200 GET /api/v1/ 276.05ms
INF 2026-08-04T17:29:14.695Z > 200 GET /api/v1/ 338.4ms
INF 2026-08-04T17:29:14.695Z > 200 GET /api/v1/ 264.97ms
INF 2026-08-04T17:29:14.700Z > 200 GET /api/v1/ 244.7ms
INF 2026-08-04T17:29:14.700Z > 200 GET /api/v1/ 271.59ms
INF 2026-08-04T17:29:14.701Z > 200 GET /api/v1/ 318.99ms
INF 2026-08-04T17:29:14.720Z > 200 GET /api/v1/ 248.25ms
INF 2026-08-04T17:29:14.721Z > 200 GET /api/v1/ 245.87ms
INF 2026-08-04T17:29:14.721Z > 200 GET /api/v1/ 248.99ms
INF 2026-08-04T17:29:14.722Z > 200 GET /api/v1/ 350.14ms
INF 2026-08-04T17:29:14.723Z > 200 GET /api/v1/ 357.08ms
INF 2026-08-04T17:29:14.723Z > 200 GET /api/v1/ 230.46ms
INF 2026-08-04T17:29:14.734Z > 200 GET /api/v1/ 301.5ms
INF 2026-08-04T17:29:14.743Z > 200 GET /api/v1/ 314.46ms
INF 2026-08-04T17:29:14.745Z > 200 GET /api/v1/ 326.37ms
INF 2026-08-04T17:29:14.745Z > 200 GET /api/v1/ 373.64ms
INF 2026-08-04T17:29:14.757Z > 200 GET /api/v1/ 340.08ms
INF 2026-08-04T17:29:14.759Z > 200 GET /api/v1/ 353.72ms
INF 2026-08-04T17:29:14.760Z > 200 GET /api/v1/ 287.9ms
INF 2026-08-04T17:29:14.781Z > 200 GET /api/v1/ 249.27ms
INF 2026-08-04T17:29:14.781Z > 200 GET /api/v1/ 399.98ms
INF 2026-08-04T17:29:14.781Z > 200 GET /api/v1/ 282.95ms
INF 2026-08-04T17:29:14.782Z > 200 GET /api/v1/ 279.45ms
INF 2026-08-04T17:29:14.782Z > 200 GET /api/v1/ 81.28ms
INF 2026-08-04T17:29:14.785Z > 200 GET /api/v1/ 282.59ms
INF 2026-08-04T17:29:14.785Z > 200 GET /api/v1/ 287.45ms
INF 2026-08-04T17:29:14.786Z > 200 GET /api/v1/ 255.06ms
INF 2026-08-04T17:29:14.798Z > 200 GET /api/v1/ 284.36ms
INF 2026-08-04T17:29:14.799Z > 200 GET /api/v1/ 343.14ms
INF 2026-08-04T17:29:14.799Z > 200 GET /api/v1/ 296.63ms
INF 2026-08-04T17:29:14.800Z > 200 GET /api/v1/ 78.65ms
INF 2026-08-04T17:29:14.817Z > 200 GET /api/v1/ 398.98ms
INF 2026-08-04T17:29:14.818Z > 200 GET /api/v1/ 286.7ms
INF 2026-08-04T17:29:14.823Z > 200 GET /api/v1/ 351.79ms
INF 2026-08-04T17:29:14.824Z > 200 GET /api/v1/ 236.42ms
INF 2026-08-04T17:29:14.829Z > 200 GET /api/v1/ 353.73ms
INF 2026-08-04T17:29:14.829Z > 200 GET /api/v1/ 226.62ms
INF 2026-08-04T17:29:14.830Z > 200 GET /api/v1/ 391.82ms
INF 2026-08-04T17:29:14.835Z > 200 GET /api/v1/ 220.85ms
INF 2026-08-04T17:29:14.838Z > 200 GET /api/v1/ 222.53ms
INF 2026-08-04T17:29:14.854Z > 200 GET /api/v1/ 96.45ms
INF 2026-08-04T17:29:14.854Z > 200 GET /api/v1/ 266.87ms
INF 2026-08-04T17:29:14.855Z > 200 GET /api/v1/ 382.64ms
INF 2026-08-04T17:29:14.879Z > 200 GET /api/v1/ 279.84ms
INF 2026-08-04T17:29:14.881Z > 200 GET /api/v1/ 288.43ms
INF 2026-08-04T17:29:14.881Z > 200 GET /api/v1/ 474.68ms
INF 2026-08-04T17:29:14.882Z > 200 GET /api/v1/ 279.32ms
INF 2026-08-04T17:29:14.883Z > 200 GET /api/v1/ 385.12ms
INF 2026-08-04T17:29:14.901Z > 200 GET /api/v1/ 308.76ms
INF 2026-08-04T17:29:14.901Z > 200 GET /api/v1/ 402.39ms
INF 2026-08-04T17:29:14.903Z > 200 GET /api/v1/ 308.5ms
INF 2026-08-04T17:29:14.906Z > 200 GET /api/v1/ 249.37ms
INF 2026-08-04T17:29:14.906Z > 200 GET /api/v1/ 273.98ms
INF 2026-08-04T17:29:14.906Z > 200 GET /api/v1/ 291.4ms
INF 2026-08-04T17:29:14.907Z > 200 GET /api/v1/ 281.8ms
INF 2026-08-04T17:29:14.908Z > 200 GET /api/v1/ 376.33ms
INF 2026-08-04T17:29:14.908Z > 200 GET /api/v1/ 293.02ms
INF 2026-08-04T17:29:14.910Z > 200 GET /api/v1/ 285.4ms
INF 2026-08-04T17:29:14.917Z > 200 GET /api/v1/ 251.69ms
INF 2026-08-04T17:29:14.918Z > 200 GET /api/v1/ 252.51ms
INF 2026-08-04T17:29:14.929Z > 200 GET /api/v1/ 227.98ms
INF 2026-08-04T17:29:14.935Z > 200 GET /api/v1/ 462.63ms
INF 2026-08-04T17:29:14.947Z > 200 GET /api/v1/ 344.37ms
INF 2026-08-04T17:29:14.947Z > 200 GET /api/v1/ 332.35ms
INF 2026-08-04T17:29:14.950Z > 200 GET /api/v1/ 418.85ms
INF 2026-08-04T17:29:14.956Z > 200 GET /api/v1/ 282.57ms
INF 2026-08-04T17:29:14.958Z > 200 GET /api/v1/ 244.49ms
INF 2026-08-04T17:29:14.959Z > 200 GET /api/v1/ 378.49ms
INF 2026-08-04T17:29:14.964Z > 200 GET /api/v1/ 339.32ms
INF 2026-08-04T17:29:14.971Z > 200 GET /api/v1/ 327.8ms
INF 2026-08-04T17:29:14.972Z > 200 GET /api/v1/ 256.96ms
INF 2026-08-04T17:29:14.972Z > 200 GET /api/v1/ 474.4ms
INF 2026-08-04T17:29:14.977Z > 200 GET /api/v1/ 288.53ms
INF 2026-08-04T17:29:14.977Z > 200 GET /api/v1/ 316.45ms
INF 2026-08-04T17:29:14.994Z > 200 GET /api/v1/ 292.91ms
INF 2026-08-04T17:29:14.995Z > 200 GET /api/v1/ 369.76ms
INF 2026-08-04T17:29:14.997Z > 200 GET /api/v1/ 86.19ms
INF 2026-08-04T17:29:14.997Z > 200 GET /api/v1/ 381.9ms
INF 2026-08-04T17:29:15.002Z > 200 GET /api/v1/ 264.78ms
INF 2026-08-04T17:29:15.007Z > 200 GET /api/v1/ 412.37ms
INF 2026-08-04T17:29:15.008Z > 200 GET /api/v1/ 364.74ms
INF 2026-08-04T17:29:15.017Z > 200 GET /api/v1/ 260.41ms
INF 2026-08-04T17:29:15.028Z > 200 GET /api/v1/ 413.06ms
INF 2026-08-04T17:29:15.033Z > 200 GET /api/v1/ 368.07ms
INF 2026-08-04T17:29:15.034Z > 200 GET /api/v1/ 347.74ms
INF 2026-08-04T17:29:15.035Z > 200 GET /api/v1/ 247.13ms
INF 2026-08-04T17:29:15.035Z > 200 GET /api/v1/ 346.81ms
INF 2026-08-04T17:29:15.036Z > 200 GET /api/v1/ 248.27ms
INF 2026-08-04T17:29:15.036Z > 200 GET /api/v1/ 435.76ms
INF 2026-08-04T17:29:15.037Z > 200 GET /api/v1/ 434.08ms
INF 2026-08-04T17:29:15.037Z > 200 GET /api/v1/ 331.83ms
INF 2026-08-04T17:29:15.039Z > 200 GET /api/v1/ 337.72ms
INF 2026-08-04T17:29:15.041Z > 200 GET /api/v1/ 284.52ms
INF 2026-08-04T17:29:15.042Z > 200 GET /api/v1/ 316.6ms
INF 2026-08-04T17:29:15.043Z > 200 GET /api/v1/ 256.2ms
INF 2026-08-04T17:29:15.057Z > 200 GET /api/v1/ 83.27ms
INF 2026-08-04T17:29:15.057Z > 200 GET /api/v1/ 271.18ms
INF 2026-08-04T17:29:15.058Z > 200 GET /api/v1/ 371.21ms
INF 2026-08-04T17:29:15.063Z > 200 GET /api/v1/ 306.96ms
INF 2026-08-04T17:29:15.068Z > 200 GET /api/v1/ 261.77ms
INF 2026-08-04T17:29:15.081Z > 200 GET /api/v1/ 282.6ms
INF 2026-08-04T17:29:15.091Z > 200 GET /api/v1/ 284.84ms
INF 2026-08-04T17:29:15.093Z > 200 GET /api/v1/ 419.38ms
INF 2026-08-04T17:29:15.095Z > 200 GET /api/v1/ 380.18ms
INF 2026-08-04T17:29:15.095Z > 200 GET /api/v1/ 308.72ms
INF 2026-08-04T17:29:15.096Z > 200 GET /api/v1/ 297.02ms
INF 2026-08-04T17:29:15.096Z > 200 GET /api/v1/ 253.14ms
INF 2026-08-04T17:29:15.102Z > 200 GET /api/v1/ 345.32ms
INF 2026-08-04T17:29:15.104Z > 200 GET /api/v1/ 489.81ms
INF 2026-08-04T17:29:15.105Z > 200 GET /api/v1/ 247.65ms
INF 2026-08-04T17:29:15.106Z > 200 GET /api/v1/ 97.72ms
INF 2026-08-04T17:29:15.107Z > 200 GET /api/v1/ 436.81ms
INF 2026-08-04T17:29:15.112Z > 200 GET /api/v1/ 117.55ms
INF 2026-08-04T17:29:15.114Z > 200 GET /api/v1/ 76.32ms
INF 2026-08-04T17:29:15.121Z > 200 GET /api/v1/ 277.82ms
INF 2026-08-04T17:29:15.122Z > 200 GET /api/v1/ 451.25ms
INF 2026-08-04T17:29:15.122Z > 200 GET /api/v1/ 323.25ms
INF 2026-08-04T17:29:15.124Z > 200 GET /api/v1/ 260.16ms
INF 2026-08-04T17:29:15.128Z > 200 GET /api/v1/ 484.03ms
INF 2026-08-04T17:29:15.128Z > 200 GET /api/v1/ 284.27ms
INF 2026-08-04T17:29:15.128Z > 200 GET /api/v1/ 285.28ms
INF 2026-08-04T17:29:15.132Z > 200 GET /api/v1/ 289.15ms
INF 2026-08-04T17:29:15.132Z > 200 GET /api/v1/ 467.13ms
INF 2026-08-04T17:29:15.133Z > 200 GET /api/v1/ 275.48ms
INF 2026-08-04T17:29:15.144Z > 200 GET /api/v1/ 101.04ms
INF 2026-08-04T17:29:15.145Z > 200 GET /api/v1/ 301.64ms
INF 2026-08-04T17:29:15.152Z > 200 GET /api/v1/ 288.35ms
INF 2026-08-04T17:29:15.153Z > 200 GET /api/v1/ 365.15ms
INF 2026-08-04T17:29:15.153Z > 200 GET /api/v1/ 310.4ms
INF 2026-08-04T17:29:15.157Z > 200 GET /api/v1/ 255.13ms
INF 2026-08-04T17:29:15.157Z > 200 GET /api/v1/ 99.61ms
INF 2026-08-04T17:29:15.163Z > 200 GET /api/v1/ 276.45ms
INF 2026-08-04T17:29:15.165Z > 200 GET /api/v1/ 307.38ms
INF 2026-08-04T17:29:15.165Z > 200 GET /api/v1/ 265.32ms
INF 2026-08-04T17:29:15.166Z > 200 GET /api/v1/ 265.81ms
INF 2026-08-04T17:29:15.167Z > 200 GET /api/v1/ 355.33ms
INF 2026-08-04T17:29:15.178Z > 200 GET /api/v1/ 276.45ms
INF 2026-08-04T17:29:15.179Z > 200 GET /api/v1/ 234.48ms
INF 2026-08-04T17:29:15.181Z > 200 GET /api/v1/ 323.21ms
INF 2026-08-04T17:29:15.184Z > 200 GET /api/v1/ 396.49ms
INF 2026-08-04T17:29:15.185Z > 200 GET /api/v1/ 284.37ms
INF 2026-08-04T17:29:15.185Z > 200 GET /api/v1/ 89.32ms
INF 2026-08-04T17:29:15.192Z > 200 GET /api/v1/ 348.19ms
INF 2026-08-04T17:29:15.193Z > 200 GET /api/v1/ 237.54ms
INF 2026-08-04T17:29:15.203Z > 200 GET /api/v1/ 247.29ms
INF 2026-08-04T17:29:15.203Z > 200 GET /api/v1/ 244.01ms
INF 2026-08-04T17:29:15.204Z > 200 GET /api/v1/ 244.34ms
INF 2026-08-04T17:29:15.215Z > 200 GET /api/v1/ 250.32ms
INF 2026-08-04T17:29:15.222Z > 200 GET /api/v1/ 227.45ms
INF 2026-08-04T17:29:15.227Z > 200 GET /api/v1/ 340.87ms
INF 2026-08-04T17:29:15.239Z > 200 GET /api/v1/ 283.73ms
INF 2026-08-04T17:29:15.248Z > 200 GET /api/v1/ 239.9ms
INF 2026-08-04T17:29:15.249Z > 200 GET /api/v1/ 283.82ms
INF 2026-08-04T17:29:15.250Z > 200 GET /api/v1/ 290.17ms
INF 2026-08-04T17:29:15.250Z > 200 GET /api/v1/ 270.92ms
INF 2026-08-04T17:29:15.251Z > 200 GET /api/v1/ 285.85ms
INF 2026-08-04T17:29:15.251Z > 200 GET /api/v1/ 224.66ms
INF 2026-08-04T17:29:15.252Z > 200 GET /api/v1/ 138.74ms
INF 2026-08-04T17:29:15.253Z > 200 GET /api/v1/ 342.63ms
INF 2026-08-04T17:29:15.254Z > 200 GET /api/v1/ 280.32ms
INF 2026-08-04T17:29:15.255Z > 200 GET /api/v1/ 1389.4ms
INF 2026-08-04T17:29:15.261Z > 200 GET /api/v1/ 296.13ms
INF 2026-08-04T17:29:15.262Z > 200 GET /api/v1/ 302.06ms
INF 2026-08-04T17:29:15.262Z > 200 GET /api/v1/ 353.0ms
INF 2026-08-04T17:29:15.269Z > 200 GET /api/v1/ 313.84ms
INF 2026-08-04T17:29:15.270Z > 200 GET /api/v1/ 252.51ms
INF 2026-08-04T17:29:15.280Z > 200 GET /api/v1/ 112.64ms
INF 2026-08-04T17:29:15.280Z > 200 GET /api/v1/ 259.83ms
INF 2026-08-04T17:29:15.280Z > 200 GET /api/v1/ 115.11ms
INF 2026-08-04T17:29:15.281Z > 200 GET /api/v1/ 87.51ms
INF 2026-08-04T17:29:15.285Z > 200 GET /api/v1/ 247.32ms
INF 2026-08-04T17:29:15.296Z > 200 GET /api/v1/ 258.23ms
INF 2026-08-04T17:29:15.297Z > 200 GET /api/v1/ 269.59ms
INF 2026-08-04T17:29:15.297Z > 200 GET /api/v1/ 252.82ms
INF 2026-08-04T17:29:15.297Z > 200 GET /api/v1/ 254.74ms
INF 2026-08-04T17:29:15.298Z > 200 GET /api/v1/ 270.37ms
INF 2026-08-04T17:29:15.298Z > 200 GET /api/v1/ 278.17ms
INF 2026-08-04T17:29:15.299Z > 200 GET /api/v1/ 290.17ms
INF 2026-08-04T17:29:15.299Z > 200 GET /api/v1/ 1433.52ms
INF 2026-08-04T17:29:15.300Z > 200 GET /api/v1/ 118.96ms
INF 2026-08-04T17:29:15.301Z > 200 GET /api/v1/ 85.52ms
INF 2026-08-04T17:29:15.301Z > 200 GET /api/v1/ 243.15ms
INF 2026-08-04T17:29:15.306Z > 200 GET /api/v1/ 233.22ms
INF 2026-08-04T17:29:15.307Z > 200 GET /api/v1/ 231.18ms
INF 2026-08-04T17:29:15.307Z > 200 GET /api/v1/ 231.87ms
INF 2026-08-04T17:29:15.321Z > 200 GET /api/v1/ 283.22ms
INF 2026-08-04T17:29:15.321Z > 200 GET /api/v1/ 244.56ms
INF 2026-08-04T17:29:15.322Z > 200 GET /api/v1/ 237.74ms
INF 2026-08-04T17:29:15.337Z > 200 GET /api/v1/ 234.61ms
INF 2026-08-04T17:29:15.338Z > 200 GET /api/v1/ 235.22ms
INF 2026-08-04T17:29:15.341Z > 200 GET /api/v1/ 243.9ms
INF 2026-08-04T17:29:15.341Z > 200 GET /api/v1/ 298.03ms
INF 2026-08-04T17:29:15.345Z > 200 GET /api/v1/ 225.61ms
INF 2026-08-04T17:29:15.348Z > 200 GET /api/v1/ 77.87ms
INF 2026-08-04T17:29:15.349Z > 200 GET /api/v1/ 213.54ms
INF 2026-08-04T17:29:15.356Z > 200 GET /api/v1/ 236.09ms
INF 2026-08-04T17:29:15.374Z > 200 GET /api/v1/ 270.35ms
INF 2026-08-04T17:29:15.378Z > 200 GET /api/v1/ 261.57ms
INF 2026-08-04T17:29:15.379Z > 200 GET /api/v1/ 276.64ms
INF 2026-08-04T17:29:15.380Z > 200 GET /api/v1/ 288.27ms
INF 2026-08-04T17:29:15.381Z > 200 GET /api/v1/ 215.92ms
INF 2026-08-04T17:29:15.390Z > 200 GET /api/v1/ 88.98ms
INF 2026-08-04T17:29:15.399Z > 200 GET /api/v1/ 76.84ms
INF 2026-08-04T17:29:15.400Z > 200 GET /api/v1/ 296.84ms
INF 2026-08-04T17:29:15.400Z > 200 GET /api/v1/ 220.82ms
INF 2026-08-04T17:29:15.400Z > 200 GET /api/v1/ 243.59ms
INF 2026-08-04T17:29:15.403Z > 200 GET /api/v1/ 283.82ms
INF 2026-08-04T17:29:15.409Z > 200 GET /api/v1/ 252.69ms
INF 2026-08-04T17:29:15.413Z > 200 GET /api/v1/ 317.01ms
INF 2026-08-04T17:29:15.413Z > 200 GET /api/v1/ 239.48ms
INF 2026-08-04T17:29:15.414Z > 200 GET /api/v1/ 234.03ms
INF 2026-08-04T17:29:15.415Z > 200 GET /api/v1/ 240.65ms
INF 2026-08-04T17:29:15.415Z > 200 GET /api/v1/ 258.71ms
INF 2026-08-04T17:29:15.416Z > 200 GET /api/v1/ 259.06ms
INF 2026-08-04T17:29:15.416Z > 200 GET /api/v1/ 116.94ms
INF 2026-08-04T17:29:15.417Z > 200 GET /api/v1/ 243.06ms
INF 2026-08-04T17:29:15.421Z > 200 GET /api/v1/ 241.27ms
INF 2026-08-04T17:29:15.428Z > 200 GET /api/v1/ 231.57ms
INF 2026-08-04T17:29:15.428Z > 200 GET /api/v1/ 233.79ms
INF 2026-08-04T17:29:15.432Z > 200 GET /api/v1/ 329.39ms
INF 2026-08-04T17:29:15.433Z > 200 GET /api/v1/ 240.01ms
INF 2026-08-04T17:29:15.435Z > 200 GET /api/v1/ 205.52ms
INF 2026-08-04T17:29:15.435Z > 200 GET /api/v1/ 253.71ms
INF 2026-08-04T17:29:15.435Z > 200 GET /api/v1/ 280.44ms
INF 2026-08-04T17:29:15.443Z > 200 GET /api/v1/ 246.93ms
INF 2026-08-04T17:29:15.451Z > 200 GET /api/v1/ 206.42ms
INF 2026-08-04T17:29:15.452Z > 200 GET /api/v1/ 270.33ms
INF 2026-08-04T17:29:15.456Z > 200 GET /api/v1/ 259.69ms
INF 2026-08-04T17:29:15.459Z > 200 GET /api/v1/ 250.81ms
INF 2026-08-04T17:29:15.466Z > 200 GET /api/v1/ 254.72ms
INF 2026-08-04T17:29:15.466Z > 200 GET /api/v1/ 227.94ms
INF 2026-08-04T17:29:15.467Z > 200 GET /api/v1/ 218.65ms
INF 2026-08-04T17:29:15.467Z > 200 GET /api/v1/ 256.48ms
INF 2026-08-04T17:29:15.468Z > 200 GET /api/v1/ 259.51ms
INF 2026-08-04T17:29:15.468Z > 200 GET /api/v1/ 219.96ms
INF 2026-08-04T17:29:15.469Z > 200 GET /api/v1/ 257.88ms
INF 2026-08-04T17:29:15.469Z > 200 GET /api/v1/ 254.13ms
INF 2026-08-04T17:29:15.470Z > 200 GET /api/v1/ 199.1ms
INF 2026-08-04T17:29:15.480Z > 200 GET /api/v1/ 63.49ms
INF 2026-08-04T17:29:15.490Z > 200 GET /api/v1/ 252.73ms
INF 2026-08-04T17:29:15.493Z > 200 GET /api/v1/ 245.77ms
INF 2026-08-04T17:29:15.495Z > 200 GET /api/v1/ 195.2ms
INF 2026-08-04T17:29:15.507Z > 200 GET /api/v1/ 224.29ms
INF 2026-08-04T17:29:15.509Z > 200 GET /api/v1/ 261.81ms
INF 2026-08-04T17:29:15.509Z > 200 GET /api/v1/ 261.19ms
INF 2026-08-04T17:29:15.513Z > 200 GET /api/v1/ 213.14ms
INF 2026-08-04T17:29:15.521Z > 200 GET /api/v1/ 273.51ms
INF 2026-08-04T17:29:15.528Z > 200 GET /api/v1/ 291.02ms
INF 2026-08-04T17:29:15.530Z > 200 GET /api/v1/ 230.34ms
INF 2026-08-04T17:29:15.536Z > 200 GET /api/v1/ 214.48ms
INF 2026-08-04T17:29:15.537Z > 200 GET /api/v1/ 235.55ms
INF 2026-08-04T17:29:15.537Z > 200 GET /api/v1/ 266.9ms
INF 2026-08-04T17:29:15.537Z > 200 GET /api/v1/ 251.33ms
INF 2026-08-04T17:29:15.538Z > 200 GET /api/v1/ 236.83ms
INF 2026-08-04T17:29:15.540Z > 200 GET /api/v1/ 280.65ms
INF 2026-08-04T17:29:15.548Z > 200 GET /api/v1/ 81.06ms
INF 2026-08-04T17:29:15.551Z > 200 GET /api/v1/ 306.86ms
INF 2026-08-04T17:29:15.552Z > 200 GET /api/v1/ 313.7ms
INF 2026-08-04T17:29:15.555Z > 200 GET /api/v1/ 253.59ms
INF 2026-08-04T17:29:15.557Z > 200 GET /api/v1/ 66.49ms
INF 2026-08-04T17:29:15.578Z > 200 GET /api/v1/ 250.19ms
INF 2026-08-04T17:29:15.585Z > 200 GET /api/v1/ 272.16ms
INF 2026-08-04T17:29:15.585Z > 200 GET /api/v1/ 272.24ms
INF 2026-08-04T17:29:15.586Z > 200 GET /api/v1/ 285.92ms
INF 2026-08-04T17:29:15.586Z > 200 GET /api/v1/ 257.67ms
INF 2026-08-04T17:29:15.587Z > 200 GET /api/v1/ 243.53ms
INF 2026-08-04T17:29:15.587Z > 200 GET /api/v1/ 287.25ms
INF 2026-08-04T17:29:15.588Z > 200 GET /api/v1/ 238.32ms
INF 2026-08-04T17:29:15.591Z > 200 GET /api/v1/ 280.27ms
INF 2026-08-04T17:29:15.594Z > 200 GET /api/v1/ 272.83ms
INF 2026-08-04T17:29:15.598Z > 200 GET /api/v1/ 50.02ms
INF 2026-08-04T17:29:15.599Z > 200 GET /api/v1/ 256.1ms
INF 2026-08-04T17:29:15.600Z > 200 GET /api/v1/ 257.07ms
INF 2026-08-04T17:29:15.617Z > 200 GET /api/v1/ 288.31ms
INF 2026-08-04T17:29:15.617Z > 200 GET /api/v1/ 288.67ms
INF 2026-08-04T17:29:15.622Z > 200 GET /api/v1/ 278.84ms
INF 2026-08-04T17:29:15.623Z > 200 GET /api/v1/ 257.38ms
INF 2026-08-04T17:29:15.627Z > 200 GET /api/v1/ 283.38ms
INF 2026-08-04T17:29:15.627Z > 200 GET /api/v1/ 214.85ms
INF 2026-08-04T17:29:15.629Z > 200 GET /api/v1/ 300.5ms
INF 2026-08-04T17:29:15.629Z > 200 GET /api/v1/ 280.39ms
INF 2026-08-04T17:29:15.633Z > 200 GET /api/v1/ 255.87ms
INF 2026-08-04T17:29:15.634Z > 200 GET /api/v1/ 55.94ms
INF 2026-08-04T17:29:15.641Z > 200 GET /api/v1/ 206.7ms
INF 2026-08-04T17:29:15.647Z > 200 GET /api/v1/ 293.61ms
INF 2026-08-04T17:29:15.658Z > 200 GET /api/v1/ 307.13ms
INF 2026-08-04T17:29:15.661Z > 200 GET /api/v1/ 261.61ms
INF 2026-08-04T17:29:15.666Z > 200 GET /api/v1/ 213.63ms
INF 2026-08-04T17:29:15.674Z > 200 GET /api/v1/ 308.76ms
INF 2026-08-04T17:29:15.688Z > 200 GET /api/v1/ 233.38ms
INF 2026-08-04T17:29:15.689Z > 200 GET /api/v1/ 48.08ms
INF 2026-08-04T17:29:15.690Z > 200 GET /api/v1/ 292.66ms
INF 2026-08-04T17:29:15.692Z > 200 GET /api/v1/ 326.86ms
INF 2026-08-04T17:29:15.693Z > 200 GET /api/v1/ 237.64ms
INF 2026-08-04T17:29:15.693Z > 200 GET /api/v1/ 312.92ms
INF 2026-08-04T17:29:15.694Z > 200 GET /api/v1/ 316.88ms
INF 2026-08-04T17:29:15.695Z > 200 GET /api/v1/ 241.29ms
INF 2026-08-04T17:29:15.699Z > 200 GET /api/v1/ 244.32ms
INF 2026-08-04T17:29:15.706Z > 200 GET /api/v1/ 271.9ms
INF 2026-08-04T17:29:15.707Z > 200 GET /api/v1/ 327.0ms
INF 2026-08-04T17:29:15.708Z > 200 GET /api/v1/ 358.11ms
INF 2026-08-04T17:29:15.709Z > 200 GET /api/v1/ 273.01ms
INF 2026-08-04T17:29:15.716Z > 200 GET /api/v1/ 318.49ms
INF 2026-08-04T17:29:15.721Z > 200 GET /api/v1/ 243.44ms
INF 2026-08-04T17:29:15.722Z > 200 GET /api/v1/ 254.68ms
INF 2026-08-04T17:29:15.725Z > 200 GET /api/v1/ 346.17ms
INF 2026-08-04T17:29:15.726Z > 200 GET /api/v1/ 248.96ms
INF 2026-08-04T17:29:15.727Z > 200 GET /api/v1/ 376.64ms
INF 2026-08-04T17:29:15.730Z > 200 GET /api/v1/ 96.43ms
INF 2026-08-04T17:29:15.731Z > 200 GET /api/v1/ 333.31ms
INF 2026-08-04T17:29:15.731Z > 200 GET /api/v1/ 253.87ms
INF 2026-08-04T17:29:15.732Z > 200 GET /api/v1/ 242.45ms
INF 2026-08-04T17:29:15.739Z > 200 GET /api/v1/ 284.14ms
INF 2026-08-04T17:29:15.743Z > 200 GET /api/v1/ 265.99ms
INF 2026-08-04T17:29:15.745Z > 200 GET /api/v1/ 251.73ms
INF 2026-08-04T17:29:15.746Z > 200 GET /api/v1/ 252.79ms
INF 2026-08-04T17:29:15.759Z > 200 GET /api/v1/ 235.57ms
INF 2026-08-04T17:29:15.760Z > 200 GET /api/v1/ 325.82ms
INF 2026-08-04T17:29:15.777Z > 200 GET /api/v1/ 283.67ms
INF 2026-08-04T17:29:15.777Z > 200 GET /api/v1/ 247.99ms
INF 2026-08-04T17:29:15.779Z > 200 GET /api/v1/ 291.95ms
INF 2026-08-04T17:29:15.779Z > 200 GET /api/v1/ 259.61ms
INF 2026-08-04T17:29:15.782Z > 200 GET /api/v1/ 314.85ms
INF 2026-08-04T17:29:15.785Z > 200 GET /api/v1/ 257.07ms
INF 2026-08-04T17:29:15.785Z > 200 GET /api/v1/ 63.83ms
INF 2026-08-04T17:29:15.789Z > 200 GET /api/v1/ 297.97ms
INF 2026-08-04T17:29:15.797Z > 200 GET /api/v1/ 303.39ms
INF 2026-08-04T17:29:15.797Z > 200 GET /api/v1/ 268.29ms
INF 2026-08-04T17:29:15.798Z > 200 GET /api/v1/ 269.17ms
INF 2026-08-04T17:29:15.799Z > 200 GET /api/v1/ 250.67ms
INF 2026-08-04T17:29:15.806Z > 200 GET /api/v1/ 60.53ms
INF 2026-08-04T17:29:15.806Z > 200 GET /api/v1/ 60.5ms
INF 2026-08-04T17:29:15.813Z > 200 GET /api/v1/ 262.4ms
INF 2026-08-04T17:29:15.814Z > 200 GET /api/v1/ 300.63ms
INF 2026-08-04T17:29:15.814Z > 200 GET /api/v1/ 230.16ms
INF 2026-08-04T17:29:15.828Z > 200 GET /api/v1/ 306.71ms
INF 2026-08-04T17:29:15.830Z > 200 GET /api/v1/ 245.74ms
INF 2026-08-04T17:29:15.831Z > 200 GET /api/v1/ 302.1ms
INF 2026-08-04T17:29:15.831Z > 200 GET /api/v1/ 432.41ms
INF 2026-08-04T17:29:15.832Z > 200 GET /api/v1/ 398.74ms
INF 2026-08-04T17:29:15.836Z > 200 GET /api/v1/ 72.06ms
INF 2026-08-04T17:29:15.845Z > 200 GET /api/v1/ 59.24ms
INF 2026-08-04T17:29:15.845Z > 200 GET /api/v1/ 63.22ms
INF 2026-08-04T17:29:15.846Z > 200 GET /api/v1/ 354.96ms
INF 2026-08-04T17:29:15.871Z > 200 GET /api/v1/ 253.51ms
INF 2026-08-04T17:29:15.874Z > 200 GET /api/v1/ 345.35ms
INF 2026-08-04T17:29:15.878Z > 200 GET /api/v1/ 312.14ms
INF 2026-08-04T17:29:15.879Z > 200 GET /api/v1/ 350.08ms
INF 2026-08-04T17:29:15.880Z > 200 GET /api/v1/ 1265.28ms
INF 2026-08-04T17:29:15.884Z > 200 GET /api/v1/ 242.13ms
INF 2026-08-04T17:29:15.887Z > 200 GET /api/v1/ 269.42ms
INF 2026-08-04T17:29:15.888Z > 200 GET /api/v1/ 374.94ms
INF 2026-08-04T17:29:15.888Z > 200 GET /api/v1/ 1273.93ms
INF 2026-08-04T17:29:15.890Z > 200 GET /api/v1/ 291.57ms
INF 2026-08-04T17:29:15.893Z > 200 GET /api/v1/ 362.03ms
INF 2026-08-04T17:29:15.895Z > 200 GET /api/v1/ 278.43ms
INF 2026-08-04T17:29:15.899Z > 200 GET /api/v1/ 99.45ms
INF 2026-08-04T17:29:15.902Z > 200 GET /api/v1/ 318.17ms
INF 2026-08-04T17:29:15.903Z > 200 GET /api/v1/ 261.75ms
INF 2026-08-04T17:29:15.906Z > 200 GET /api/v1/ 354.64ms
INF 2026-08-04T17:29:15.913Z > 200 GET /api/v1/ 361.92ms
INF 2026-08-04T17:29:15.913Z > 200 GET /api/v1/ 436.21ms
INF 2026-08-04T17:29:15.922Z > 200 GET /api/v1/ 402.61ms
INF 2026-08-04T17:29:15.927Z > 200 GET /api/v1/ 285.3ms
INF 2026-08-04T17:29:15.939Z > 200 GET /api/v1/ 297.51ms
INF 2026-08-04T17:29:15.941Z > 200 GET /api/v1/ 295.08ms
INF 2026-08-04T17:29:15.949Z > 200 GET /api/v1/ 273.06ms
INF 2026-08-04T17:29:15.949Z > 200 GET /api/v1/ 365.26ms
INF 2026-08-04T17:29:15.953Z > 200 GET /api/v1/ 266.12ms
INF 2026-08-04T17:29:15.959Z > 200 GET /api/v1/ 317.18ms
INF 2026-08-04T17:29:15.962Z > 200 GET /api/v1/ 1348.03ms
INF 2026-08-04T17:29:15.964Z > 200 GET /api/v1/ 381.11ms
INF 2026-08-04T17:29:15.971Z > 200 GET /api/v1/ 295.88ms
INF 2026-08-04T17:29:15.979Z > 200 GET /api/v1/ 395.19ms
INF 2026-08-04T17:29:15.980Z > 200 GET /api/v1/ 338.44ms
INF 2026-08-04T17:29:15.980Z > 200 GET /api/v1/ 323.7ms
INF 2026-08-04T17:29:15.981Z > 200 GET /api/v1/ 397.02ms
INF 2026-08-04T17:29:15.982Z > 200 GET /api/v1/ 288.08ms
INF 2026-08-04T17:29:15.996Z > 200 GET /api/v1/ 281.36ms
INF 2026-08-04T17:29:15.997Z > 200 GET /api/v1/ 321.58ms
INF 2026-08-04T17:29:15.999Z > 200 GET /api/v1/ 119.01ms
INF 2026-08-04T17:29:16.021Z > 200 GET /api/v1/ 275.87ms
INF 2026-08-04T17:29:16.032Z > 200 GET /api/v1/ 287.38ms
INF 2026-08-04T17:29:16.032Z > 200 GET /api/v1/ 287.88ms
INF 2026-08-04T17:29:16.035Z > 200 GET /api/v1/ 326.34ms
INF 2026-08-04T17:29:16.040Z > 200 GET /api/v1/ 376.01ms
INF 2026-08-04T17:29:16.054Z > 200 GET /api/v1/ 378.8ms
INF 2026-08-04T17:29:16.054Z > 200 GET /api/v1/ 302.14ms
INF 2026-08-04T17:29:16.058Z > 200 GET /api/v1/ 473.67ms
INF 2026-08-04T17:29:16.074Z > 200 GET /api/v1/ 428.09ms
INF 2026-08-04T17:29:16.084Z > 200 GET /api/v1/ 380.88ms
INF 2026-08-04T17:29:16.087Z > 200 GET /api/v1/ 411.49ms
INF 2026-08-04T17:29:16.089Z > 200 GET /api/v1/ 559.48ms
INF 2026-08-04T17:29:16.089Z > 200 GET /api/v1/ 395.27ms
INF 2026-08-04T17:29:16.089Z > 200 GET /api/v1/ 472.7ms
INF 2026-08-04T17:29:16.090Z > 200 GET /api/v1/ 433.74ms
INF 2026-08-04T17:29:16.100Z > 200 GET /api/v1/ 137.83ms
INF 2026-08-04T17:29:16.101Z > 200 GET /api/v1/ 434.6ms
INF 2026-08-04T17:29:16.101Z > 200 GET /api/v1/ 319.0ms
INF 2026-08-04T17:29:16.102Z > 200 GET /api/v1/ 277.25ms
INF 2026-08-04T17:29:16.102Z > 200 GET /api/v1/ 139.58ms
INF 2026-08-04T17:29:16.107Z > 200 GET /api/v1/ 321.8ms
INF 2026-08-04T17:29:16.108Z > 200 GET /api/v1/ 430.39ms
INF 2026-08-04T17:29:16.108Z > 200 GET /api/v1/ 313.77ms
INF 2026-08-04T17:29:16.109Z > 200 GET /api/v1/ 318.68ms
INF 2026-08-04T17:29:16.110Z > 200 GET /api/v1/ 365.78ms
INF 2026-08-04T17:29:16.110Z > 200 GET /api/v1/ 327.51ms
INF 2026-08-04T17:29:16.120Z > 200 GET /api/v1/ 293.28ms
INF 2026-08-04T17:29:16.121Z > 200 GET /api/v1/ 380.51ms
INF 2026-08-04T17:29:16.128Z > 200 GET /api/v1/ 338.85ms
INF 2026-08-04T17:29:16.128Z > 200 GET /api/v1/ 303.7ms
INF 2026-08-04T17:29:16.128Z > 200 GET /api/v1/ 333.69ms
INF 2026-08-04T17:29:16.133Z > 200 GET /api/v1/ 349.93ms
INF 2026-08-04T17:29:16.135Z > 200 GET /api/v1/ 308.41ms
INF 2026-08-04T17:29:16.135Z > 200 GET /api/v1/ 375.67ms
INF 2026-08-04T17:29:16.136Z > 200 GET /api/v1/ 309.13ms
INF 2026-08-04T17:29:16.136Z > 200 GET /api/v1/ 290.47ms
INF 2026-08-04T17:29:16.137Z > 200 GET /api/v1/ 342.03ms
INF 2026-08-04T17:29:16.140Z > 200 GET /api/v1/ 311.0ms
INF 2026-08-04T17:29:16.141Z > 200 GET /api/v1/ 283.96ms
INF 2026-08-04T17:29:16.144Z > 200 GET /api/v1/ 429.79ms
INF 2026-08-04T17:29:16.154Z > 200 GET /api/v1/ 282.43ms
INF 2026-08-04T17:29:16.156Z > 200 GET /api/v1/ 411.79ms
INF 2026-08-04T17:29:16.156Z > 200 GET /api/v1/ 295.26ms
INF 2026-08-04T17:29:16.157Z > 200 GET /api/v1/ 254.6ms
INF 2026-08-04T17:29:16.157Z > 200 GET /api/v1/ 285.62ms
INF 2026-08-04T17:29:16.158Z > 200 GET /api/v1/ 275.11ms
INF 2026-08-04T17:29:16.160Z > 200 GET /api/v1/ 287.85ms
INF 2026-08-04T17:29:16.161Z > 200 GET /api/v1/ 303.73ms
INF 2026-08-04T17:29:16.161Z > 200 GET /api/v1/ 321.5ms
INF 2026-08-04T17:29:16.163Z > 200 GET /api/v1/ 301.32ms
INF 2026-08-04T17:29:16.173Z > 200 GET /api/v1/ 516.61ms
INF 2026-08-04T17:29:16.174Z > 200 GET /api/v1/ 87.92ms
INF 2026-08-04T17:29:16.181Z > 200 GET /api/v1/ 428.28ms
INF 2026-08-04T17:29:16.183Z > 200 GET /api/v1/ 431.57ms
INF 2026-08-04T17:29:16.184Z > 200 GET /api/v1/ 117.6ms
INF 2026-08-04T17:29:16.187Z > 200 GET /api/v1/ 257.34ms
INF 2026-08-04T17:29:16.187Z > 200 GET /api/v1/ 357.79ms
INF 2026-08-04T17:29:16.200Z > 200 GET /api/v1/ 275.55ms
INF 2026-08-04T17:29:16.204Z > 200 GET /api/v1/ 75.13ms
INF 2026-08-04T17:29:16.208Z > 200 GET /api/v1/ 325.89ms
INF 2026-08-04T17:29:16.209Z > 200 GET /api/v1/ 426.89ms
INF 2026-08-04T17:29:16.210Z > 200 GET /api/v1/ 256.03ms
INF 2026-08-04T17:29:16.210Z > 200 GET /api/v1/ 256.64ms
INF 2026-08-04T17:29:16.211Z > 200 GET /api/v1/ 235.66ms
INF 2026-08-04T17:29:16.211Z > 200 GET /api/v1/ 257.57ms
INF 2026-08-04T17:29:16.212Z > 200 GET /api/v1/ 76.81ms
INF 2026-08-04T17:29:16.212Z > 200 GET /api/v1/ 77.86ms
INF 2026-08-04T17:29:16.219Z > 200 GET /api/v1/ 273.31ms
INF 2026-08-04T17:29:16.219Z > 200 GET /api/v1/ 373.18ms
INF 2026-08-04T17:29:16.221Z > 200 GET /api/v1/ 241.34ms
INF 2026-08-04T17:29:16.222Z > 200 GET /api/v1/ 267.02ms
INF 2026-08-04T17:29:16.222Z > 200 GET /api/v1/ 246.8ms
INF 2026-08-04T17:29:16.232Z > 200 GET /api/v1/ 217.19ms
INF 2026-08-04T17:29:16.235Z > 200 GET /api/v1/ 377.9ms
INF 2026-08-04T17:29:16.236Z > 200 GET /api/v1/ 333.08ms
INF 2026-08-04T17:29:16.238Z > 200 GET /api/v1/ 210.26ms
INF 2026-08-04T17:29:16.239Z > 200 GET /api/v1/ 223.4ms
INF 2026-08-04T17:29:16.239Z > 200 GET /api/v1/ 376.31ms
INF 2026-08-04T17:29:16.240Z > 200 GET /api/v1/ 243.23ms
INF 2026-08-04T17:29:16.241Z > 200 GET /api/v1/ 360.67ms
INF 2026-08-04T17:29:16.242Z > 200 GET /api/v1/ 288.4ms
INF 2026-08-04T17:29:16.246Z > 200 GET /api/v1/ 493.91ms
INF 2026-08-04T17:29:16.246Z > 200 GET /api/v1/ 231.04ms
INF 2026-08-04T17:29:16.248Z > 200 GET /api/v1/ 268.32ms
INF 2026-08-04T17:29:16.248Z > 200 GET /api/v1/ 302.81ms
INF 2026-08-04T17:29:16.250Z > 200 GET /api/v1/ 325.9ms
INF 2026-08-04T17:29:16.257Z > 200 GET /api/v1/ 330.93ms
INF 2026-08-04T17:29:16.257Z > 200 GET /api/v1/ 207.3ms
INF 2026-08-04T17:29:16.261Z > 200 GET /api/v1/ 263.27ms
INF 2026-08-04T17:29:16.262Z > 200 GET /api/v1/ 381.72ms
INF 2026-08-04T17:29:16.263Z > 200 GET /api/v1/ 382.68ms
INF 2026-08-04T17:29:16.264Z > 200 GET /api/v1/ 82.91ms
INF 2026-08-04T17:29:16.267Z > 200 GET /api/v1/ 338.26ms
INF 2026-08-04T17:29:16.269Z > 200 GET /api/v1/ 219.42ms
INF 2026-08-04T17:29:16.274Z > 200 GET /api/v1/ 176.29ms
INF 2026-08-04T17:29:16.287Z > 200 GET /api/v1/ 237.38ms
INF 2026-08-04T17:29:16.288Z > 200 GET /api/v1/ 104.16ms
INF 2026-08-04T17:29:16.289Z > 200 GET /api/v1/ 221.86ms
INF 2026-08-04T17:29:16.290Z > 200 GET /api/v1/ 190.48ms
INF 2026-08-04T17:29:16.291Z > 200 GET /api/v1/ 190.87ms
INF 2026-08-04T17:29:16.292Z > 200 GET /api/v1/ 252.87ms
INF 2026-08-04T17:29:16.297Z > 200 GET /api/v1/ 199.0ms
INF 2026-08-04T17:29:16.304Z > 200 GET /api/v1/ 275.9ms
INF 2026-08-04T17:29:16.304Z > 200 GET /api/v1/ 265.03ms
INF 2026-08-04T17:29:16.305Z > 200 GET /api/v1/ 277.03ms
INF 2026-08-04T17:29:16.306Z > 200 GET /api/v1/ 152.11ms
INF 2026-08-04T17:29:16.312Z > 200 GET /api/v1/ 261.41ms
INF 2026-08-04T17:29:16.317Z > 200 GET /api/v1/ 187.43ms
INF 2026-08-04T17:29:16.318Z > 200 GET /api/v1/ 278.88ms
INF 2026-08-04T17:29:16.324Z > 200 GET /api/v1/ 285.05ms
INF 2026-08-04T17:29:16.324Z > 200 GET /api/v1/ 274.92ms
INF 2026-08-04T17:29:16.325Z > 200 GET /api/v1/ 190.98ms
INF 2026-08-04T17:29:16.330Z > 200 GET /api/v1/ 184.53ms
INF 2026-08-04T17:29:16.331Z > 200 GET /api/v1/ 177.65ms
INF 2026-08-04T17:29:16.332Z > 200 GET /api/v1/ 202.14ms
INF 2026-08-04T17:29:16.348Z > 200 GET /api/v1/ 194.82ms
INF 2026-08-04T17:29:16.362Z > 200 GET /api/v1/ 227.62ms
INF 2026-08-04T17:29:16.362Z > 200 GET /api/v1/ 209.02ms
INF 2026-08-04T17:29:16.363Z > 200 GET /api/v1/ 74.08ms
INF 2026-08-04T17:29:16.364Z > 200 GET /api/v1/ 210.52ms
INF 2026-08-04T17:29:16.367Z > 200 GET /api/v1/ 61.38ms
INF 2026-08-04T17:29:16.368Z > 200 GET /api/v1/ 68.49ms
INF 2026-08-04T17:29:16.368Z > 200 GET /api/v1/ 184.54ms
INF 2026-08-04T17:29:16.369Z > 200 GET /api/v1/ 230.03ms
INF 2026-08-04T17:29:16.369Z > 200 GET /api/v1/ 185.17ms
INF 2026-08-04T17:29:16.369Z > 200 GET /api/v1/ 234.97ms
INF 2026-08-04T17:29:16.370Z > 200 GET /api/v1/ 192.5ms
INF 2026-08-04T17:29:16.370Z > 200 GET /api/v1/ 192.69ms
INF 2026-08-04T17:29:16.388Z > 200 GET /api/v1/ 64.01ms
INF 2026-08-04T17:29:16.390Z > 200 GET /api/v1/ 212.47ms
INF 2026-08-04T17:29:16.396Z > 200 GET /api/v1/ 215.35ms
INF 2026-08-04T17:29:16.409Z > 200 GET /api/v1/ 224.72ms
INF 2026-08-04T17:29:16.409Z > 200 GET /api/v1/ 217.79ms
INF 2026-08-04T17:29:16.409Z > 200 GET /api/v1/ 225.47ms
INF 2026-08-04T17:29:16.410Z > 200 GET /api/v1/ 218.81ms
INF 2026-08-04T17:29:16.425Z > 200 GET /api/v1/ 53.58ms
INF 2026-08-04T17:29:16.426Z > 200 GET /api/v1/ 242.13ms
INF 2026-08-04T17:29:16.440Z > 200 GET /api/v1/ 248.76ms
INF 2026-08-04T17:29:16.443Z > 200 GET /api/v1/ 257.29ms
INF 2026-08-04T17:29:16.444Z > 200 GET /api/v1/ 243.87ms
INF 2026-08-04T17:29:16.444Z > 200 GET /api/v1/ 243.45ms
INF 2026-08-04T17:29:16.448Z > 200 GET /api/v1/ 239.81ms
INF 2026-08-04T17:29:16.453Z > 200 GET /api/v1/ 266.9ms
INF 2026-08-04T17:29:16.453Z > 200 GET /api/v1/ 253.47ms
INF 2026-08-04T17:29:16.457Z > 200 GET /api/v1/ 47.48ms
INF 2026-08-04T17:29:16.463Z > 200 GET /api/v1/ 253.35ms
INF 2026-08-04T17:29:16.464Z > 200 GET /api/v1/ 264.87ms
INF 2026-08-04T17:29:16.480Z > 200 GET /api/v1/ 288.88ms
INF 2026-08-04T17:29:16.489Z > 200 GET /api/v1/ 268.79ms
INF 2026-08-04T17:29:16.491Z > 200 GET /api/v1/ 299.56ms
INF 2026-08-04T17:29:16.495Z > 200 GET /api/v1/ 243.24ms
INF 2026-08-04T17:29:16.495Z > 200 GET /api/v1/ 295.33ms
INF 2026-08-04T17:29:16.496Z > 200 GET /api/v1/ 295.78ms
INF 2026-08-04T17:29:16.496Z > 200 GET /api/v1/ 275.5ms
INF 2026-08-04T17:29:16.497Z > 200 GET /api/v1/ 247.8ms
INF 2026-08-04T17:29:16.497Z > 200 GET /api/v1/ 297.15ms
INF 2026-08-04T17:29:16.497Z > 200 GET /api/v1/ 266.38ms
INF 2026-08-04T17:29:16.514Z > 200 GET /api/v1/ 89.0ms
INF 2026-08-04T17:29:16.515Z > 200 GET /api/v1/ 262.2ms
INF 2026-08-04T17:29:16.518Z > 200 GET /api/v1/ 245.88ms
INF 2026-08-04T17:29:16.519Z > 200 GET /api/v1/ 252.16ms
INF 2026-08-04T17:29:16.520Z > 200 GET /api/v1/ 248.15ms
INF 2026-08-04T17:29:16.520Z > 200 GET /api/v1/ 268.2ms
INF 2026-08-04T17:29:16.521Z > 200 GET /api/v1/ 271.66ms
INF 2026-08-04T17:29:16.522Z > 200 GET /api/v1/ 272.98ms
INF 2026-08-04T17:29:16.523Z > 200 GET /api/v1/ 255.73ms
INF 2026-08-04T17:29:16.523Z > 200 GET /api/v1/ 265.95ms
INF 2026-08-04T17:29:16.525Z > 200 GET /api/v1/ 293.75ms
INF 2026-08-04T17:29:16.526Z > 200 GET /api/v1/ 304.84ms
INF 2026-08-04T17:29:16.526Z > 200 GET /api/v1/ 276.78ms
INF 2026-08-04T17:29:16.533Z > 200 GET /api/v1/ 261.34ms
INF 2026-08-04T17:29:16.535Z > 200 GET /api/v1/ 229.68ms
INF 2026-08-04T17:29:16.536Z > 200 GET /api/v1/ 247.89ms
INF 2026-08-04T17:29:16.548Z > 200 GET /api/v1/ 290.56ms
INF 2026-08-04T17:29:16.548Z > 200 GET /api/v1/ 296.08ms
INF 2026-08-04T17:29:16.549Z > 200 GET /api/v1/ 260.02ms
INF 2026-08-04T17:29:16.549Z > 200 GET /api/v1/ 52.34ms
INF 2026-08-04T17:29:16.565Z > 200 GET /api/v1/ 276.6ms
INF 2026-08-04T17:29:16.568Z > 200 GET /api/v1/ 296.29ms
INF 2026-08-04T17:29:16.572Z > 200 GET /api/v1/ 250.29ms
INF 2026-08-04T17:29:16.577Z > 200 GET /api/v1/ 309.8ms
INF 2026-08-04T17:29:16.578Z > 200 GET /api/v1/ 272.57ms
INF 2026-08-04T17:29:16.578Z > 200 GET /api/v1/ 279.03ms
INF 2026-08-04T17:29:16.579Z > 200 GET /api/v1/ 289.42ms
INF 2026-08-04T17:29:16.580Z > 200 GET /api/v1/ 313.01ms
INF 2026-08-04T17:29:16.581Z > 200 GET /api/v1/ 308.85ms
INF 2026-08-04T17:29:16.581Z > 200 GET /api/v1/ 291.99ms
INF 2026-08-04T17:29:16.588Z > 200 GET /api/v1/ 296.89ms
INF 2026-08-04T17:29:16.590Z > 200 GET /api/v1/ 301.43ms
INF 2026-08-04T17:29:16.591Z > 200 GET /api/v1/ 243.59ms
INF 2026-08-04T17:29:16.591Z > 200 GET /api/v1/ 324.24ms
INF 2026-08-04T17:29:16.592Z > 200 GET /api/v1/ 244.29ms
INF 2026-08-04T17:29:16.593Z > 200 GET /api/v1/ 259.64ms
INF 2026-08-04T17:29:16.593Z > 200 GET /api/v1/ 288.13ms
INF 2026-08-04T17:29:16.594Z > 200 GET /api/v1/ 230.83ms
INF 2026-08-04T17:29:16.596Z > 200 GET /api/v1/ 254.63ms
INF 2026-08-04T17:29:16.601Z > 200 GET /api/v1/ 312.42ms
INF 2026-08-04T17:29:16.604Z > 200 GET /api/v1/ 305.17ms
INF 2026-08-04T17:29:16.614Z > 200 GET /api/v1/ 290.11ms
INF 2026-08-04T17:29:16.616Z > 200 GET /api/v1/ 251.83ms
INF 2026-08-04T17:29:16.625Z > 200 GET /api/v1/ 292.71ms
INF 2026-08-04T17:29:16.633Z > 200 GET /api/v1/ 269.91ms
INF 2026-08-04T17:29:16.633Z > 200 GET /api/v1/ 291.99ms
INF 2026-08-04T17:29:16.641Z > 200 GET /api/v1/ 275.09ms
INF 2026-08-04T17:29:16.644Z > 200 GET /api/v1/ 231.81ms
INF 2026-08-04T17:29:16.645Z > 200 GET /api/v1/ 297.75ms
INF 2026-08-04T17:29:16.645Z > 200 GET /api/v1/ 51.46ms
INF 2026-08-04T17:29:16.656Z > 200 GET /api/v1/ 337.5ms
INF 2026-08-04T17:29:16.657Z > 200 GET /api/v1/ 252.56ms
INF 2026-08-04T17:29:16.657Z > 200 GET /api/v1/ 309.85ms
INF 2026-08-04T17:29:16.658Z > 200 GET /api/v1/ 253.36ms
INF 2026-08-04T17:29:16.658Z > 200 GET /api/v1/ 370.09ms
INF 2026-08-04T17:29:16.663Z > 200 GET /api/v1/ 299.14ms
INF 2026-08-04T17:29:16.686Z > 200 GET /api/v1/ 40.77ms
INF 2026-08-04T17:29:16.689Z > 200 GET /api/v1/ 263.87ms
INF 2026-08-04T17:29:16.691Z > 200 GET /api/v1/ 311.95ms
INF 2026-08-04T17:29:16.695Z > 200 GET /api/v1/ 248.42ms
INF 2026-08-04T17:29:16.695Z > 200 GET /api/v1/ 270.01ms
INF 2026-08-04T17:29:16.711Z > 200 GET /api/v1/ 332.1ms
INF 2026-08-04T17:29:16.711Z > 200 GET /api/v1/ 422.78ms
INF 2026-08-04T17:29:16.712Z > 200 GET /api/v1/ 286.55ms
INF 2026-08-04T17:29:16.723Z > 200 GET /api/v1/ 209.54ms
INF 2026-08-04T17:29:16.723Z > 200 GET /api/v1/ 260.97ms
INF 2026-08-04T17:29:16.723Z > 200 GET /api/v1/ 278.34ms
INF 2026-08-04T17:29:16.726Z > 200 GET /api/v1/ 300.38ms
INF 2026-08-04T17:29:16.726Z > 200 GET /api/v1/ 232.42ms
INF 2026-08-04T17:29:16.727Z > 200 GET /api/v1/ 236.3ms
INF 2026-08-04T17:29:16.727Z > 200 GET /api/v1/ 280.63ms
INF 2026-08-04T17:29:16.729Z > 200 GET /api/v1/ 303.91ms
INF 2026-08-04T17:29:16.730Z > 200 GET /api/v1/ 268.2ms
INF 2026-08-04T17:29:16.732Z > 200 GET /api/v1/ 241.76ms
INF 2026-08-04T17:29:16.748Z > 200 GET /api/v1/ 258.05ms
INF 2026-08-04T17:29:16.750Z > 200 GET /api/v1/ 324.67ms
INF 2026-08-04T17:29:16.757Z > 200 GET /api/v1/ 294.77ms
INF 2026-08-04T17:29:16.765Z > 200 GET /api/v1/ 252.25ms
INF 2026-08-04T17:29:16.765Z > 200 GET /api/v1/ 252.16ms
INF 2026-08-04T17:29:16.766Z > 200 GET /api/v1/ 198.09ms
INF 2026-08-04T17:29:16.772Z > 200 GET /api/v1/ 241.2ms
INF 2026-08-04T17:29:16.773Z > 200 GET /api/v1/ 236.45ms
INF 2026-08-04T17:29:16.773Z > 200 GET /api/v1/ 255.9ms
INF 2026-08-04T17:29:16.777Z > 200 GET /api/v1/ 208.42ms
INF 2026-08-04T17:29:16.777Z > 200 GET /api/v1/ 264.78ms
INF 2026-08-04T17:29:16.783Z > 200 GET /api/v1/ 233.13ms
INF 2026-08-04T17:29:16.783Z > 200 GET /api/v1/ 212.84ms
INF 2026-08-04T17:29:16.784Z > 200 GET /api/v1/ 463.08ms
INF 2026-08-04T17:29:16.785Z > 200 GET /api/v1/ 235.35ms
INF 2026-08-04T17:29:16.786Z > 200 GET /api/v1/ 214.98ms
INF 2026-08-04T17:29:16.787Z > 200 GET /api/v1/ 236.62ms
INF 2026-08-04T17:29:16.787Z > 200 GET /api/v1/ 209.73ms
INF 2026-08-04T17:29:16.787Z > 200 GET /api/v1/ 218.76ms
INF 2026-08-04T17:29:16.788Z > 200 GET /api/v1/ 238.02ms
INF 2026-08-04T17:29:16.788Z > 200 GET /api/v1/ 326.3ms
INF 2026-08-04T17:29:16.789Z > 200 GET /api/v1/ 16.59ms
INF 2026-08-04T17:29:16.791Z > 200 GET /api/v1/ 427.61ms
INF 2026-08-04T17:29:16.792Z > 200 GET /api/v1/ 242.15ms
INF 2026-08-04T17:29:16.794Z > 200 GET /api/v1/ 303.68ms
INF 2026-08-04T17:29:16.794Z > 200 GET /api/v1/ 225.95ms
INF 2026-08-04T17:29:16.795Z > 200 GET /api/v1/ 224.71ms
INF 2026-08-04T17:29:16.796Z > 200 GET /api/v1/ 301.89ms
INF 2026-08-04T17:29:16.797Z > 200 GET /api/v1/ 384.51ms
INF 2026-08-04T17:29:16.797Z > 200 GET /api/v1/ 203.19ms
INF 2026-08-04T17:29:16.804Z > 200 GET /api/v1/ 234.07ms
INF 2026-08-04T17:29:16.806Z > 200 GET /api/v1/ 174.26ms
INF 2026-08-04T17:29:16.806Z > 200 GET /api/v1/ 218.81ms
INF 2026-08-04T17:29:16.807Z > 200 GET /api/v1/ 15.81ms
INF 2026-08-04T17:29:16.807Z > 200 GET /api/v1/ 257.46ms
INF 2026-08-04T17:29:16.808Z > 200 GET /api/v1/ 251.47ms
INF 2026-08-04T17:29:16.811Z > 200 GET /api/v1/ 386.09ms
INF 2026-08-04T17:29:16.816Z > 200 GET /api/v1/ 8.95ms
INF 2026-08-04T17:29:16.817Z > 200 GET /api/v1/ 192.42ms
INF 2026-08-04T17:29:16.825Z > 200 GET /api/v1/ 6.54ms
INF 2026-08-04T17:29:16.842Z > 200 GET /api/v1/ 12.52ms
INF 2026-08-04T17:29:16.850Z > 200 GET /api/v1/ 466.12ms
INF 2026-08-04T17:29:16.863Z > 200 GET /api/v1/ 11.66ms
INF 2026-08-04T17:29:16.870Z > 200 GET /api/v1/ 200.95ms
INF 2026-08-04T17:29:16.878Z > 200 GET /api/v1/ 191.27ms
INF 2026-08-04T17:29:16.915Z > 200 GET /api/v1/ 298.88ms
INF 2026-08-04T17:29:16.916Z > 200 GET /api/v1/ 322.17ms
INF 2026-08-04T17:29:16.917Z > 200 GET /api/v1/ 254.25ms
INF 2026-08-04T17:29:16.925Z > 200 GET /api/v1/ 240.01ms
INF 2026-08-04T17:29:16.928Z > 200 GET /api/v1/ 202.41ms
INF 2026-08-04T17:29:16.928Z > 200 GET /api/v1/ 318.69ms
INF 2026-08-04T17:29:16.928Z > 200 GET /api/v1/ 290.45ms
INF 2026-08-04T17:29:16.932Z > 200 GET /api/v1/ 223.81ms
INF 2026-08-04T17:29:16.932Z > 200 GET /api/v1/ 294.21ms
INF 2026-08-04T17:29:16.944Z > 200 GET /api/v1/ 313.15ms
INF 2026-08-04T17:29:16.946Z > 200 GET /api/v1/ 396.71ms
INF 2026-08-04T17:29:16.949Z > 200 GET /api/v1/ 324.77ms
INF 2026-08-04T17:29:16.951Z > 200 GET /api/v1/ 302.04ms
INF 2026-08-04T17:29:16.953Z > 200 GET /api/v1/ 321.43ms
INF 2026-08-04T17:29:16.954Z > 200 GET /api/v1/ 360.44ms
INF 2026-08-04T17:29:16.959Z > 200 GET /api/v1/ 189.4ms
INF 2026-08-04T17:29:16.960Z > 200 GET /api/v1/ 297.54ms
INF 2026-08-04T17:29:16.965Z > 200 GET /api/v1/ 49.97ms
INF 2026-08-04T17:29:16.970Z > 200 GET /api/v1/ 331.83ms
INF 2026-08-04T17:29:16.970Z > 200 GET /api/v1/ 332.22ms
INF 2026-08-04T17:29:16.976Z > 200 GET /api/v1/ 357.13ms
INF 2026-08-04T17:29:16.989Z > 200 GET /api/v1/ 247.73ms
INF 2026-08-04T17:29:16.990Z > 200 GET /api/v1/ 303.4ms
INF 2026-08-04T17:29:16.991Z > 200 GET /api/v1/ 223.6ms
INF 2026-08-04T17:29:16.991Z > 200 GET /api/v1/ 262.35ms
INF 2026-08-04T17:29:16.991Z > 200 GET /api/v1/ 283.24ms
INF 2026-08-04T17:29:16.994Z > 200 GET /api/v1/ 285.37ms
INF 2026-08-04T17:29:16.995Z > 200 GET /api/v1/ 339.42ms
INF 2026-08-04T17:29:16.995Z > 200 GET /api/v1/ 253.79ms
INF 2026-08-04T17:29:16.997Z > 200 GET /api/v1/ 426.08ms
INF 2026-08-04T17:29:17.000Z > 200 GET /api/v1/ 368.39ms
INF 2026-08-04T17:29:17.002Z > 200 GET /api/v1/ 293.86ms
INF 2026-08-04T17:29:17.019Z > 200 GET /api/v1/ 252.35ms
INF 2026-08-04T17:29:17.040Z > 200 GET /api/v1/ 210.6ms
INF 2026-08-04T17:29:17.041Z > 200 GET /api/v1/ 499.79ms
INF 2026-08-04T17:29:17.047Z > 200 GET /api/v1/ 232.49ms
INF 2026-08-04T17:29:17.048Z > 200 GET /api/v1/ 215.45ms
INF 2026-08-04T17:29:17.050Z > 200 GET /api/v1/ 272.04ms
INF 2026-08-04T17:29:17.063Z > 200 GET /api/v1/ 438.73ms
INF 2026-08-04T17:29:17.064Z > 200 GET /api/v1/ 231.43ms
INF 2026-08-04T17:29:17.066Z > 200 GET /api/v1/ 261.1ms
INF 2026-08-04T17:29:17.066Z > 200 GET /api/v1/ 497.68ms
INF 2026-08-04T17:29:17.067Z > 200 GET /api/v1/ 72.11ms
INF 2026-08-04T17:29:17.075Z > 200 GET /api/v1/ 442.74ms
INF 2026-08-04T17:29:17.085Z > 200 GET /api/v1/ 309.26ms
INF 2026-08-04T17:29:17.085Z > 200 GET /api/v1/ 270.17ms
INF 2026-08-04T17:29:17.085Z > 200 GET /api/v1/ 250.33ms
INF 2026-08-04T17:29:17.098Z > 200 GET /api/v1/ 411.34ms
INF 2026-08-04T17:29:17.099Z > 200 GET /api/v1/ 259.1ms
INF 2026-08-04T17:29:17.100Z > 200 GET /api/v1/ 270.81ms
INF 2026-08-04T17:29:17.101Z > 200 GET /api/v1/ 310.32ms
INF 2026-08-04T17:29:17.102Z > 200 GET /api/v1/ 414.42ms
INF 2026-08-04T17:29:17.111Z > 200 GET /api/v1/ 339.58ms
INF 2026-08-04T17:29:17.114Z > 200 GET /api/v1/ 266.06ms
INF 2026-08-04T17:29:17.115Z > 200 GET /api/v1/ 262.7ms
INF 2026-08-04T17:29:17.119Z > 200 GET /api/v1/ 278.83ms
INF 2026-08-04T17:29:17.127Z > 200 GET /api/v1/ 319.96ms
INF 2026-08-04T17:29:17.136Z > 200 GET /api/v1/ 304.18ms
INF 2026-08-04T17:29:17.148Z > 200 GET /api/v1/ 318.8ms
INF 2026-08-04T17:29:17.153Z > 200 GET /api/v1/ 376.96ms
INF 2026-08-04T17:29:17.153Z > 200 GET /api/v1/ 317.05ms
INF 2026-08-04T17:29:17.154Z > 200 GET /api/v1/ 321.61ms
INF 2026-08-04T17:29:17.157Z > 200 GET /api/v1/ 246.71ms
INF 2026-08-04T17:29:17.158Z > 200 GET /api/v1/ 526.31ms
INF 2026-08-04T17:29:17.158Z > 200 GET /api/v1/ 416.95ms
INF 2026-08-04T17:29:17.167Z > 200 GET /api/v1/ 391.58ms
INF 2026-08-04T17:29:17.167Z > 200 GET /api/v1/ 1265.12ms
INF 2026-08-04T17:29:17.168Z > 200 GET /api/v1/ 299.95ms
INF 2026-08-04T17:29:17.172Z > 200 GET /api/v1/ 365.34ms
INF 2026-08-04T17:29:17.188Z > 200 GET /api/v1/ 373.55ms
INF 2026-08-04T17:29:17.189Z > 200 GET /api/v1/ 421.74ms
INF 2026-08-04T17:29:17.191Z > 200 GET /api/v1/ 372.71ms
INF 2026-08-04T17:29:17.192Z > 200 GET /api/v1/ 79.27ms
INF 2026-08-04T17:29:17.196Z > 200 GET /api/v1/ 510.65ms
INF 2026-08-04T17:29:17.197Z > 200 GET /api/v1/ 421.56ms
INF 2026-08-04T17:29:17.198Z > 200 GET /api/v1/ 345.82ms
INF 2026-08-04T17:29:17.198Z > 200 GET /api/v1/ 349.88ms
INF 2026-08-04T17:29:17.199Z > 200 GET /api/v1/ 363.58ms
INF 2026-08-04T17:29:17.199Z > 200 GET /api/v1/ 340.14ms
INF 2026-08-04T17:29:17.213Z > 200 GET /api/v1/ 238.17ms
INF 2026-08-04T17:29:17.223Z > 200 GET /api/v1/ 100.1ms
INF 2026-08-04T17:29:17.226Z > 200 GET /api/v1/ 655.27ms
INF 2026-08-04T17:29:17.229Z > 200 GET /api/v1/ 397.17ms
INF 2026-08-04T17:29:17.231Z > 200 GET /api/v1/ 401.25ms
INF 2026-08-04T17:29:17.231Z > 200 GET /api/v1/ 239.3ms
INF 2026-08-04T17:29:17.234Z > 200 GET /api/v1/ 271.62ms
INF 2026-08-04T17:29:17.235Z > 200 GET /api/v1/ 259.67ms
INF 2026-08-04T17:29:17.235Z > 200 GET /api/v1/ 235.74ms
INF 2026-08-04T17:29:17.243Z > 200 GET /api/v1/ 406.63ms
INF 2026-08-04T17:29:17.243Z > 200 GET /api/v1/ 500.76ms
INF 2026-08-04T17:29:17.244Z > 200 GET /api/v1/ 472.72ms
INF 2026-08-04T17:29:17.245Z > 200 GET /api/v1/ 358.28ms
INF 2026-08-04T17:29:17.253Z > 200 GET /api/v1/ 289.87ms
INF 2026-08-04T17:29:17.266Z > 200 GET /api/v1/ 273.94ms
INF 2026-08-04T17:29:17.266Z > 200 GET /api/v1/ 344.92ms
INF 2026-08-04T17:29:17.274Z > 200 GET /api/v1/ 426.36ms
INF 2026-08-04T17:29:17.276Z > 200 GET /api/v1/ 104.03ms
INF 2026-08-04T17:29:17.277Z > 200 GET /api/v1/ 417.73ms
INF 2026-08-04T17:29:17.280Z > 200 GET /api/v1/ 693.18ms
INF 2026-08-04T17:29:17.281Z > 200 GET /api/v1/ 572.6ms
INF 2026-08-04T17:29:17.290Z > 200 GET /api/v1/ 273.58ms
INF 2026-08-04T17:29:17.293Z > 200 GET /api/v1/ 437.31ms
INF 2026-08-04T17:29:17.293Z > 200 GET /api/v1/ 324.07ms
INF 2026-08-04T17:29:17.294Z > 200 GET /api/v1/ 279.33ms
INF 2026-08-04T17:29:17.306Z > 200 GET /api/v1/ 289.9ms
INF 2026-08-04T17:29:17.306Z > 200 GET /api/v1/ 83.24ms
INF 2026-08-04T17:29:17.307Z > 200 GET /api/v1/ 466.87ms
INF 2026-08-04T17:29:17.313Z > 200 GET /api/v1/ 674.67ms
INF 2026-08-04T17:29:17.313Z > 200 GET /api/v1/ 674.96ms
INF 2026-08-04T17:29:17.313Z > 200 GET /api/v1/ 273.23ms
INF 2026-08-04T17:29:17.314Z > 200 GET /api/v1/ 295.26ms
INF 2026-08-04T17:29:17.314Z > 200 GET /api/v1/ 256.99ms
INF 2026-08-04T17:29:17.315Z > 200 GET /api/v1/ 744.08ms
INF 2026-08-04T17:29:17.315Z > 200 GET /api/v1/ 544.59ms
INF 2026-08-04T17:29:17.315Z > 200 GET /api/v1/ 482.93ms
INF 2026-08-04T17:29:17.316Z > 200 GET /api/v1/ 353.3ms
INF 2026-08-04T17:29:17.316Z > 200 GET /api/v1/ 300.3ms
INF 2026-08-04T17:29:17.317Z > 200 GET /api/v1/ 476.62ms
INF 2026-08-04T17:29:17.319Z > 200 GET /api/v1/ 406.19ms
INF 2026-08-04T17:29:17.321Z > 200 GET /api/v1/ 321.82ms
INF 2026-08-04T17:29:17.325Z > 200 GET /api/v1/ 90.77ms
INF 2026-08-04T17:29:17.327Z > 200 GET /api/v1/ 269.76ms
INF 2026-08-04T17:29:17.327Z > 200 GET /api/v1/ 269.36ms
INF 2026-08-04T17:29:17.328Z > 200 GET /api/v1/ 353.53ms
INF 2026-08-04T17:29:17.348Z > 200 GET /api/v1/ 102.49ms
INF 2026-08-04T17:29:17.348Z > 200 GET /api/v1/ 104.1ms
INF 2026-08-04T17:29:17.349Z > 200 GET /api/v1/ 333.55ms
INF 2026-08-04T17:29:17.357Z > 200 GET /api/v1/ 298.2ms
INF 2026-08-04T17:29:17.357Z > 200 GET /api/v1/ 299.49ms
INF 2026-08-04T17:29:17.369Z > 200 GET /api/v1/ 316.27ms
INF 2026-08-04T17:29:17.369Z > 200 GET /api/v1/ 311.62ms
INF 2026-08-04T17:29:17.372Z > 200 GET /api/v1/ 318.76ms
INF 2026-08-04T17:29:17.372Z > 200 GET /api/v1/ 314.63ms
INF 2026-08-04T17:29:17.378Z > 200 GET /api/v1/ 362.88ms
INF 2026-08-04T17:29:17.380Z > 200 GET /api/v1/ 323.04ms
INF 2026-08-04T17:29:17.381Z > 200 GET /api/v1/ 267.99ms
INF 2026-08-04T17:29:17.390Z > 200 GET /api/v1/ 290.32ms
INF 2026-08-04T17:29:17.394Z > 200 GET /api/v1/ 288.4ms
INF 2026-08-04T17:29:17.394Z > 200 GET /api/v1/ 281.84ms
INF 2026-08-04T17:29:17.395Z > 200 GET /api/v1/ 295.46ms
INF 2026-08-04T17:29:17.397Z > 200 GET /api/v1/ 116.17ms
INF 2026-08-04T17:29:17.401Z > 200 GET /api/v1/ 338.63ms
INF 2026-08-04T17:29:17.403Z > 200 GET /api/v1/ 259.71ms
INF 2026-08-04T17:29:17.404Z > 200 GET /api/v1/ 291.45ms
INF 2026-08-04T17:29:17.406Z > 200 GET /api/v1/ 254.8ms
INF 2026-08-04T17:29:17.407Z > 200 GET /api/v1/ 388.4ms
INF 2026-08-04T17:29:17.407Z > 200 GET /api/v1/ 259.62ms
INF 2026-08-04T17:29:17.422Z > 200 GET /api/v1/ 270.6ms
INF 2026-08-04T17:29:17.424Z > 200 GET /api/v1/ 324.52ms
INF 2026-08-04T17:29:17.425Z > 200 GET /api/v1/ 366.27ms
INF 2026-08-04T17:29:17.442Z > 200 GET /api/v1/ 120.65ms
INF 2026-08-04T17:29:17.443Z > 200 GET /api/v1/ 257.95ms
INF 2026-08-04T17:29:17.448Z > 200 GET /api/v1/ 269.45ms
INF 2026-08-04T17:29:17.449Z > 200 GET /api/v1/ 301.6ms
INF 2026-08-04T17:29:17.450Z > 200 GET /api/v1/ 298.32ms
INF 2026-08-04T17:29:17.451Z > 200 GET /api/v1/ 346.18ms
INF 2026-08-04T17:29:17.474Z > 200 GET /api/v1/ 261.26ms
INF 2026-08-04T17:29:17.475Z > 200 GET /api/v1/ 251.34ms
INF 2026-08-04T17:29:17.484Z > 200 GET /api/v1/ 334.12ms
INF 2026-08-04T17:29:17.487Z > 200 GET /api/v1/ 273.16ms
INF 2026-08-04T17:29:17.495Z > 200 GET /api/v1/ 314.33ms
INF 2026-08-04T17:29:17.496Z > 200 GET /api/v1/ 310.81ms
INF 2026-08-04T17:29:17.497Z > 200 GET /api/v1/ 349.05ms
INF 2026-08-04T17:29:17.503Z > 200 GET /api/v1/ 303.45ms
INF 2026-08-04T17:29:17.503Z > 200 GET /api/v1/ 264.91ms
INF 2026-08-04T17:29:17.504Z > 200 GET /api/v1/ 356.55ms
INF 2026-08-04T17:29:17.509Z > 200 GET /api/v1/ 265.27ms
INF 2026-08-04T17:29:17.511Z > 200 GET /api/v1/ 266.74ms
INF 2026-08-04T17:29:17.514Z > 200 GET /api/v1/ 285.54ms
INF 2026-08-04T17:29:17.515Z > 200 GET /api/v1/ 270.86ms
INF 2026-08-04T17:29:17.516Z > 200 GET /api/v1/ 269.39ms
INF 2026-08-04T17:29:17.516Z > 200 GET /api/v1/ 303.06ms
INF 2026-08-04T17:29:17.517Z > 200 GET /api/v1/ 277.66ms
INF 2026-08-04T17:29:17.518Z > 200 GET /api/v1/ 272.77ms
INF 2026-08-04T17:29:17.519Z > 200 GET /api/v1/ 118.86ms
INF 2026-08-04T17:29:17.549Z > 200 GET /api/v1/ 293.27ms
INF 2026-08-04T17:29:17.550Z > 200 GET /api/v1/ 265.87ms
INF 2026-08-04T17:29:17.550Z > 200 GET /api/v1/ 268.61ms
INF 2026-08-04T17:29:17.551Z > 200 GET /api/v1/ 268.77ms
INF 2026-08-04T17:29:17.552Z > 200 GET /api/v1/ 103.01ms
INF 2026-08-04T17:29:17.552Z > 200 GET /api/v1/ 305.99ms
INF 2026-08-04T17:29:17.564Z > 200 GET /api/v1/ 325.36ms
INF 2026-08-04T17:29:17.564Z > 200 GET /api/v1/ 283.38ms
INF 2026-08-04T17:29:17.565Z > 200 GET /api/v1/ 243.4ms
INF 2026-08-04T17:29:17.565Z > 200 GET /api/v1/ 280.2ms
INF 2026-08-04T17:29:17.567Z > 200 GET /api/v1/ 284.92ms
INF 2026-08-04T17:29:17.567Z > 200 GET /api/v1/ 282.41ms
INF 2026-08-04T17:29:17.568Z > 200 GET /api/v1/ 344.49ms
INF 2026-08-04T17:29:17.569Z > 200 GET /api/v1/ 257.55ms
INF 2026-08-04T17:29:17.581Z > 200 GET /api/v1/ 80.57ms
INF 2026-08-04T17:29:17.585Z > 200 GET /api/v1/ 290.04ms
INF 2026-08-04T17:29:17.585Z > 200 GET /api/v1/ 248.09ms
INF 2026-08-04T17:29:17.587Z > 200 GET /api/v1/ 275.74ms
INF 2026-08-04T17:29:17.587Z > 200 GET /api/v1/ 100.47ms
INF 2026-08-04T17:29:17.602Z > 200 GET /api/v1/ 290.85ms
INF 2026-08-04T17:29:17.603Z > 200 GET /api/v1/ 321.33ms
INF 2026-08-04T17:29:17.609Z > 200 GET /api/v1/ 282.46ms
INF 2026-08-04T17:29:17.610Z > 200 GET /api/v1/ 299.16ms
INF 2026-08-04T17:29:17.610Z > 200 GET /api/v1/ 273.14ms
INF 2026-08-04T17:29:17.624Z > 200 GET /api/v1/ 233.14ms
INF 2026-08-04T17:29:17.625Z > 200 GET /api/v1/ 286.25ms
INF 2026-08-04T17:29:17.626Z > 200 GET /api/v1/ 234.98ms
INF 2026-08-04T17:29:17.626Z > 200 GET /api/v1/ 300.01ms
INF 2026-08-04T17:29:17.627Z > 200 GET /api/v1/ 272.52ms
INF 2026-08-04T17:29:17.647Z > 200 GET /api/v1/ 280.99ms
INF 2026-08-04T17:29:17.652Z > 200 GET /api/v1/ 302.78ms
INF 2026-08-04T17:29:17.656Z > 200 GET /api/v1/ 319.18ms
INF 2026-08-04T17:29:17.657Z > 200 GET /api/v1/ 372.09ms
INF 2026-08-04T17:29:17.667Z > 200 GET /api/v1/ 272.34ms
INF 2026-08-04T17:29:17.668Z > 200 GET /api/v1/ 87.08ms
INF 2026-08-04T17:29:17.670Z > 200 GET /api/v1/ 273.86ms
INF 2026-08-04T17:29:17.675Z > 200 GET /api/v1/ 308.67ms
INF 2026-08-04T17:29:17.676Z > 200 GET /api/v1/ 284.84ms
INF 2026-08-04T17:29:17.677Z > 200 GET /api/v1/ 328.53ms
INF 2026-08-04T17:29:17.678Z > 200 GET /api/v1/ 355.33ms
INF 2026-08-04T17:29:17.680Z > 200 GET /api/v1/ 284.1ms
INF 2026-08-04T17:29:17.699Z > 200 GET /api/v1/ 302.83ms
INF 2026-08-04T17:29:17.699Z > 200 GET /api/v1/ 303.47ms
INF 2026-08-04T17:29:17.700Z > 200 GET /api/v1/ 292.31ms
INF 2026-08-04T17:29:17.701Z > 200 GET /api/v1/ 1329.67ms
INF 2026-08-04T17:29:17.702Z > 200 GET /api/v1/ 306.05ms
INF 2026-08-04T17:29:17.706Z > 200 GET /api/v1/ 297.84ms
INF 2026-08-04T17:29:17.706Z > 200 GET /api/v1/ 120.67ms
INF 2026-08-04T17:29:17.714Z > 200 GET /api/v1/ 283.78ms
INF 2026-08-04T17:29:17.714Z > 200 GET /api/v1/ 284.59ms
INF 2026-08-04T17:29:17.716Z > 200 GET /api/v1/ 320.4ms
INF 2026-08-04T17:29:17.716Z > 200 GET /api/v1/ 315.14ms
INF 2026-08-04T17:29:17.717Z > 200 GET /api/v1/ 106.73ms
INF 2026-08-04T17:29:17.718Z > 200 GET /api/v1/ 317.31ms
INF 2026-08-04T17:29:17.719Z > 200 GET /api/v1/ 318.61ms
INF 2026-08-04T17:29:17.724Z > 200 GET /api/v1/ 275.75ms
INF 2026-08-04T17:29:17.727Z > 200 GET /api/v1/ 281.74ms
INF 2026-08-04T17:29:17.731Z > 200 GET /api/v1/ 105.24ms
INF 2026-08-04T17:29:17.747Z > 200 GET /api/v1/ 351.21ms
INF 2026-08-04T17:29:17.749Z > 200 GET /api/v1/ 320.2ms
INF 2026-08-04T17:29:17.755Z > 200 GET /api/v1/ 306.82ms
INF 2026-08-04T17:29:17.757Z > 200 GET /api/v1/ 254.53ms
INF 2026-08-04T17:29:17.758Z > 200 GET /api/v1/ 328.78ms
INF 2026-08-04T17:29:17.761Z > 200 GET /api/v1/ 365.42ms
INF 2026-08-04T17:29:17.767Z > 200 GET /api/v1/ 338.38ms
INF 2026-08-04T17:29:17.770Z > 200 GET /api/v1/ 283.44ms
INF 2026-08-04T17:29:17.772Z > 200 GET /api/v1/ 318.79ms
INF 2026-08-04T17:29:17.775Z > 200 GET /api/v1/ 326.83ms
INF 2026-08-04T17:29:17.777Z > 200 GET /api/v1/ 369.15ms
INF 2026-08-04T17:29:17.777Z > 200 GET /api/v1/ 347.87ms
INF 2026-08-04T17:29:17.783Z > 200 GET /api/v1/ 309.46ms
INF 2026-08-04T17:29:17.784Z > 200 GET /api/v1/ 262.26ms
INF 2026-08-04T17:29:17.784Z > 200 GET /api/v1/ 253.67ms
INF 2026-08-04T17:29:17.785Z > 200 GET /api/v1/ 263.98ms
INF 2026-08-04T17:29:17.812Z > 200 GET /api/v1/ 1439.98ms
INF 2026-08-04T17:29:17.814Z > 200 GET /api/v1/ 384.45ms
INF 2026-08-04T17:29:17.816Z > 200 GET /api/v1/ 99.8ms
INF 2026-08-04T17:29:17.817Z > 200 GET /api/v1/ 330.56ms
INF 2026-08-04T17:29:17.819Z > 200 GET /api/v1/ 271.25ms
INF 2026-08-04T17:29:17.830Z > 200 GET /api/v1/ 309.09ms
INF 2026-08-04T17:29:17.835Z > 200 GET /api/v1/ 275.15ms
INF 2026-08-04T17:29:17.838Z > 200 GET /api/v1/ 252.12ms
INF 2026-08-04T17:29:17.838Z > 200 GET /api/v1/ 369.84ms
INF 2026-08-04T17:29:17.841Z > 200 GET /api/v1/ 285.09ms
INF 2026-08-04T17:29:17.842Z > 200 GET /api/v1/ 256.11ms
INF 2026-08-04T17:29:17.842Z > 200 GET /api/v1/ 295.45ms
INF 2026-08-04T17:29:17.843Z > 200 GET /api/v1/ 285.03ms
INF 2026-08-04T17:29:17.845Z > 200 GET /api/v1/ 298.32ms
INF 2026-08-04T17:29:17.857Z > 200 GET /api/v1/ 355.11ms
INF 2026-08-04T17:29:17.858Z > 200 GET /api/v1/ 355.65ms
INF 2026-08-04T17:29:17.867Z > 200 GET /api/v1/ 310.86ms
INF 2026-08-04T17:29:17.873Z > 200 GET /api/v1/ 342.13ms
INF 2026-08-04T17:29:17.881Z > 200 GET /api/v1/ 270.51ms
INF 2026-08-04T17:29:17.882Z > 200 GET /api/v1/ 259.98ms
INF 2026-08-04T17:29:17.882Z > 200 GET /api/v1/ 261.13ms
INF 2026-08-04T17:29:17.885Z > 200 GET /api/v1/ 107.79ms
INF 2026-08-04T17:29:17.885Z > 200 GET /api/v1/ 337.02ms
INF 2026-08-04T17:29:17.885Z > 200 GET /api/v1/ 299.36ms
INF 2026-08-04T17:29:17.886Z > 200 GET /api/v1/ 299.76ms
INF 2026-08-04T17:29:17.886Z > 200 GET /api/v1/ 266.53ms
INF 2026-08-04T17:29:17.887Z > 200 GET /api/v1/ 275.85ms
INF 2026-08-04T17:29:17.887Z > 200 GET /api/v1/ 276.26ms
INF 2026-08-04T17:29:17.890Z > 200 GET /api/v1/ 369.36ms
INF 2026-08-04T17:29:17.894Z > 200 GET /api/v1/ 399.85ms
INF 2026-08-04T17:29:17.894Z > 200 GET /api/v1/ 347.43ms
INF 2026-08-04T17:29:17.897Z > 200 GET /api/v1/ 249.74ms
INF 2026-08-04T17:29:17.909Z > 200 GET /api/v1/ 125.1ms
INF 2026-08-04T17:29:17.911Z > 200 GET /api/v1/ 289.69ms
INF 2026-08-04T17:29:17.912Z > 200 GET /api/v1/ 289.4ms
INF 2026-08-04T17:29:17.913Z > 200 GET /api/v1/ 292.05ms
INF 2026-08-04T17:29:17.925Z > 200 GET /api/v1/ 303.33ms
INF 2026-08-04T17:29:17.926Z > 200 GET /api/v1/ 277.97ms
INF 2026-08-04T17:29:17.928Z > 200 GET /api/v1/ 261.3ms
INF 2026-08-04T17:29:17.928Z > 200 GET /api/v1/ 307.0ms
INF 2026-08-04T17:29:17.933Z > 200 GET /api/v1/ 232.94ms
INF 2026-08-04T17:29:17.938Z > 200 GET /api/v1/ 245.24ms
INF 2026-08-04T17:29:17.940Z > 200 GET /api/v1/ 259.37ms
INF 2026-08-04T17:29:17.947Z > 200 GET /api/v1/ 246.58ms
INF 2026-08-04T17:29:17.947Z > 200 GET /api/v1/ 280.12ms
INF 2026-08-04T17:29:17.949Z > 200 GET /api/v1/ 326.78ms
INF 2026-08-04T17:29:17.949Z > 200 GET /api/v1/ 391.71ms
INF 2026-08-04T17:29:17.951Z > 200 GET /api/v1/ 278.04ms
INF 2026-08-04T17:29:17.952Z > 200 GET /api/v1/ 303.95ms
INF 2026-08-04T17:29:17.952Z > 200 GET /api/v1/ 285.17ms
INF 2026-08-04T17:29:17.952Z > 200 GET /api/v1/ 307.42ms
INF 2026-08-04T17:29:17.955Z > 200 GET /api/v1/ 233.98ms
INF 2026-08-04T17:29:17.956Z > 200 GET /api/v1/ 95.29ms
INF 2026-08-04T17:29:17.965Z > 200 GET /api/v1/ 107.82ms
INF 2026-08-04T17:29:17.968Z > 200 GET /api/v1/ 85.78ms
INF 2026-08-04T17:29:17.970Z > 200 GET /api/v1/ 248.63ms
INF 2026-08-04T17:29:17.970Z > 200 GET /api/v1/ 348.21ms
INF 2026-08-04T17:29:17.976Z > 200 GET /api/v1/ 255.04ms
INF 2026-08-04T17:29:17.978Z > 200 GET /api/v1/ 249.95ms
INF 2026-08-04T17:29:17.979Z > 200 GET /api/v1/ 270.4ms
INF 2026-08-04T17:29:17.979Z > 200 GET /api/v1/ 251.93ms
INF 2026-08-04T17:29:17.980Z > 200 GET /api/v1/ 432.39ms
INF 2026-08-04T17:29:17.981Z > 200 GET /api/v1/ 259.46ms
INF 2026-08-04T17:29:17.982Z > 200 GET /api/v1/ 232.05ms
INF 2026-08-04T17:29:17.989Z > 200 GET /api/v1/ 94.13ms
INF 2026-08-04T17:29:17.997Z > 200 GET /api/v1/ 247.25ms
INF 2026-08-04T17:29:17.998Z > 200 GET /api/v1/ 289.92ms
INF 2026-08-04T17:29:17.999Z > 200 GET /api/v1/ 298.6ms
INF 2026-08-04T17:29:18.000Z > 200 GET /api/v1/ 249.88ms
INF 2026-08-04T17:29:18.000Z > 200 GET /api/v1/ 250.43ms
INF 2026-08-04T17:29:18.001Z > 200 GET /api/v1/ 292.41ms
INF 2026-08-04T17:29:18.001Z > 200 GET /api/v1/ 300.54ms
INF 2026-08-04T17:29:18.003Z > 200 GET /api/v1/ 115.96ms
INF 2026-08-04T17:29:18.012Z > 200 GET /api/v1/ 227.24ms
INF 2026-08-04T17:29:18.013Z > 200 GET /api/v1/ 285.45ms
INF 2026-08-04T17:29:18.014Z > 200 GET /api/v1/ 264.37ms
INF 2026-08-04T17:29:18.015Z > 200 GET /api/v1/ 265.21ms
INF 2026-08-04T17:29:18.021Z > 200 GET /api/v1/ 83.27ms
INF 2026-08-04T17:29:18.023Z > 200 GET /api/v1/ 217.35ms
INF 2026-08-04T17:29:18.025Z > 200 GET /api/v1/ 213.51ms
INF 2026-08-04T17:29:18.026Z > 200 GET /api/v1/ 220.59ms
INF 2026-08-04T17:29:18.027Z > 200 GET /api/v1/ 277.1ms
INF 2026-08-04T17:29:18.043Z > 200 GET /api/v1/ 219.62ms
INF 2026-08-04T17:29:18.043Z > 200 GET /api/v1/ 221.13ms
INF 2026-08-04T17:29:18.054Z > 200 GET /api/v1/ 210.63ms
INF 2026-08-04T17:29:18.056Z > 200 GET /api/v1/ 232.8ms
INF 2026-08-04T17:29:18.058Z > 200 GET /api/v1/ 222.26ms
INF 2026-08-04T17:29:18.059Z > 200 GET /api/v1/ 222.79ms
INF 2026-08-04T17:29:18.062Z > 200 GET /api/v1/ 269.09ms
INF 2026-08-04T17:29:18.069Z > 200 GET /api/v1/ 246.0ms
INF 2026-08-04T17:29:18.071Z > 200 GET /api/v1/ 234.69ms
INF 2026-08-04T17:29:18.076Z > 200 GET /api/v1/ 96.34ms
INF 2026-08-04T17:29:18.076Z > 200 GET /api/v1/ 299.59ms
INF 2026-08-04T17:29:18.077Z > 200 GET /api/v1/ 65.37ms
INF 2026-08-04T17:29:18.077Z > 200 GET /api/v1/ 263.11ms
INF 2026-08-04T17:29:18.079Z > 200 GET /api/v1/ 243.25ms
INF 2026-08-04T17:29:18.081Z > 200 GET /api/v1/ 266.51ms
INF 2026-08-04T17:29:18.082Z > 200 GET /api/v1/ 320.74ms
INF 2026-08-04T17:29:18.097Z > 200 GET /api/v1/ 304.52ms
INF 2026-08-04T17:29:18.099Z > 200 GET /api/v1/ 72.78ms
INF 2026-08-04T17:29:18.102Z > 200 GET /api/v1/ 325.02ms
INF 2026-08-04T17:29:18.103Z > 200 GET /api/v1/ 259.39ms
INF 2026-08-04T17:29:18.112Z > 200 GET /api/v1/ 343.6ms
INF 2026-08-04T17:29:18.114Z > 200 GET /api/v1/ 213.85ms
INF 2026-08-04T17:29:18.115Z > 200 GET /api/v1/ 214.57ms
INF 2026-08-04T17:29:18.115Z > 200 GET /api/v1/ 225.81ms
INF 2026-08-04T17:29:18.121Z > 200 GET /api/v1/ 226.86ms
INF 2026-08-04T17:29:18.122Z > 200 GET /api/v1/ 344.9ms
INF 2026-08-04T17:29:18.130Z > 200 GET /api/v1/ 197.83ms
INF 2026-08-04T17:29:18.134Z > 200 GET /api/v1/ 234.26ms
INF 2026-08-04T17:29:18.134Z > 200 GET /api/v1/ 290.48ms
INF 2026-08-04T17:29:18.135Z > 200 GET /api/v1/ 212.85ms
INF 2026-08-04T17:29:18.135Z > 200 GET /api/v1/ 80.88ms
INF 2026-08-04T17:29:18.153Z > 200 GET /api/v1/ 220.94ms
INF 2026-08-04T17:29:18.170Z > 200 GET /api/v1/ 247.77ms
INF 2026-08-04T17:29:18.172Z > 200 GET /api/v1/ 223.19ms
INF 2026-08-04T17:29:18.172Z > 200 GET /api/v1/ 270.61ms
INF 2026-08-04T17:29:18.172Z > 200 GET /api/v1/ 218.67ms
INF 2026-08-04T17:29:18.181Z > 200 GET /api/v1/ 248.75ms
INF 2026-08-04T17:29:18.189Z > 200 GET /api/v1/ 221.64ms
INF 2026-08-04T17:29:18.193Z > 200 GET /api/v1/ 291.38ms
INF 2026-08-04T17:29:18.193Z > 200 GET /api/v1/ 333.09ms
INF 2026-08-04T17:29:18.194Z > 200 GET /api/v1/ 262.2ms
INF 2026-08-04T17:29:18.195Z > 200 GET /api/v1/ 262.73ms
INF 2026-08-04T17:29:18.195Z > 200 GET /api/v1/ 293.91ms
INF 2026-08-04T17:29:18.196Z > 200 GET /api/v1/ 81.6ms
INF 2026-08-04T17:29:18.209Z > 200 GET /api/v1/ 256.31ms
INF 2026-08-04T17:29:18.236Z > 200 GET /api/v1/ 269.25ms
INF 2026-08-04T17:29:18.236Z > 200 GET /api/v1/ 227.92ms
INF 2026-08-04T17:29:18.237Z > 200 GET /api/v1/ 251.42ms
INF 2026-08-04T17:29:18.238Z > 200 GET /api/v1/ 284.69ms
INF 2026-08-04T17:29:18.238Z > 200 GET /api/v1/ 233.61ms
INF 2026-08-04T17:29:18.239Z > 200 GET /api/v1/ 285.43ms
INF 2026-08-04T17:29:18.240Z > 200 GET /api/v1/ 287.34ms
INF 2026-08-04T17:29:18.240Z > 200 GET /api/v1/ 351.3ms
INF 2026-08-04T17:29:18.251Z > 200 GET /api/v1/ 270.33ms
INF 2026-08-04T17:29:18.252Z > 200 GET /api/v1/ 297.5ms
INF 2026-08-04T17:29:18.252Z > 200 GET /api/v1/ 266.87ms
INF 2026-08-04T17:29:18.252Z > 200 GET /api/v1/ 315.32ms
INF 2026-08-04T17:29:18.253Z > 200 GET /api/v1/ 267.18ms
INF 2026-08-04T17:29:18.253Z > 200 GET /api/v1/ 260.45ms
INF 2026-08-04T17:29:18.261Z > 200 GET /api/v1/ 321.91ms
INF 2026-08-04T17:29:18.274Z > 200 GET /api/v1/ 262.04ms
INF 2026-08-04T17:29:18.280Z > 200 GET /api/v1/ 259.53ms
INF 2026-08-04T17:29:18.280Z > 200 GET /api/v1/ 270.83ms
INF 2026-08-04T17:29:18.281Z > 200 GET /api/v1/ 276.28ms
INF 2026-08-04T17:29:18.282Z > 200 GET /api/v1/ 267.87ms
INF 2026-08-04T17:29:18.293Z > 200 GET /api/v1/ 266.96ms
INF 2026-08-04T17:29:18.301Z > 200 GET /api/v1/ 246.02ms
INF 2026-08-04T17:29:18.302Z > 200 GET /api/v1/ 259.57ms
INF 2026-08-04T17:29:18.302Z > 200 GET /api/v1/ 247.28ms
INF 2026-08-04T17:29:18.304Z > 200 GET /api/v1/ 262.08ms
INF 2026-08-04T17:29:18.304Z > 200 GET /api/v1/ 263.13ms
INF 2026-08-04T17:29:18.305Z > 200 GET /api/v1/ 278.85ms
INF 2026-08-04T17:29:18.305Z > 200 GET /api/v1/ 285.01ms
INF 2026-08-04T17:29:18.306Z > 200 GET /api/v1/ 368.43ms
INF 2026-08-04T17:29:18.306Z > 200 GET /api/v1/ 251.31ms
INF 2026-08-04T17:29:18.307Z > 200 GET /api/v1/ 294.7ms
INF 2026-08-04T17:29:18.307Z > 200 GET /api/v1/ 313.99ms
INF 2026-08-04T17:29:18.307Z > 200 GET /api/v1/ 340.25ms
INF 2026-08-04T17:29:18.314Z > 200 GET /api/v1/ 272.55ms
INF 2026-08-04T17:29:18.314Z > 200 GET /api/v1/ 284.72ms
INF 2026-08-04T17:29:18.314Z > 200 GET /api/v1/ 305.53ms
INF 2026-08-04T17:29:18.318Z > 200 GET /api/v1/ 309.15ms
INF 2026-08-04T17:29:18.319Z > 200 GET /api/v1/ 307.02ms
INF 2026-08-04T17:29:18.339Z > 200 GET /api/v1/ 257.33ms
INF 2026-08-04T17:29:18.341Z > 200 GET /api/v1/ 265.59ms
INF 2026-08-04T17:29:18.341Z > 200 GET /api/v1/ 248.08ms
INF 2026-08-04T17:29:18.346Z > 200 GET /api/v1/ 272.25ms
INF 2026-08-04T17:29:18.347Z > 200 GET /api/v1/ 272.93ms
INF 2026-08-04T17:29:18.347Z > 200 GET /api/v1/ 272.72ms
INF 2026-08-04T17:29:18.347Z > 200 GET /api/v1/ 292.08ms
INF 2026-08-04T17:29:18.348Z > 200 GET /api/v1/ 279.55ms
INF 2026-08-04T17:29:18.363Z > 200 GET /api/v1/ 308.68ms
INF 2026-08-04T17:29:18.364Z > 200 GET /api/v1/ 87.98ms
INF 2026-08-04T17:29:18.364Z > 200 GET /api/v1/ 304.78ms
INF 2026-08-04T17:29:18.367Z > 200 GET /api/v1/ 272.67ms
INF 2026-08-04T17:29:18.371Z > 200 GET /api/v1/ 315.51ms
INF 2026-08-04T17:29:18.371Z > 200 GET /api/v1/ 278.28ms
INF 2026-08-04T17:29:18.371Z > 200 GET /api/v1/ 278.11ms
INF 2026-08-04T17:29:18.389Z > 200 GET /api/v1/ 103.71ms
INF 2026-08-04T17:29:18.419Z > 200 GET /api/v1/ 299.91ms
INF 2026-08-04T17:29:18.425Z > 200 GET /api/v1/ 291.64ms
INF 2026-08-04T17:29:18.426Z > 200 GET /api/v1/ 328.0ms
INF 2026-08-04T17:29:18.428Z > 200 GET /api/v1/ 295.25ms
INF 2026-08-04T17:29:18.429Z > 200 GET /api/v1/ 315.73ms
INF 2026-08-04T17:29:18.429Z > 200 GET /api/v1/ 387.28ms
INF 2026-08-04T17:29:18.430Z > 200 GET /api/v1/ 296.57ms
INF 2026-08-04T17:29:18.430Z > 200 GET /api/v1/ 327.89ms
INF 2026-08-04T17:29:18.430Z > 200 GET /api/v1/ 311.63ms
INF 2026-08-04T17:29:18.434Z > 200 GET /api/v1/ 283.27ms
INF 2026-08-04T17:29:18.441Z > 200 GET /api/v1/ 290.66ms
INF 2026-08-04T17:29:18.450Z > 200 GET /api/v1/ 316.4ms
INF 2026-08-04T17:29:18.450Z > 200 GET /api/v1/ 280.83ms
INF 2026-08-04T17:29:18.450Z > 200 GET /api/v1/ 108.95ms
INF 2026-08-04T17:29:18.451Z > 200 GET /api/v1/ 279.94ms
INF 2026-08-04T17:29:18.456Z > 200 GET /api/v1/ 343.42ms
INF 2026-08-04T17:29:18.459Z > 200 GET /api/v1/ 280.04ms
INF 2026-08-04T17:29:18.463Z > 200 GET /api/v1/ 294.29ms
INF 2026-08-04T17:29:18.464Z > 200 GET /api/v1/ 99.42ms
INF 2026-08-04T17:29:18.468Z > 200 GET /api/v1/ 298.77ms
INF 2026-08-04T17:29:18.478Z > 200 GET /api/v1/ 298.9ms
INF 2026-08-04T17:29:18.480Z > 200 GET /api/v1/ 251.38ms
INF 2026-08-04T17:29:18.481Z > 200 GET /api/v1/ 310.49ms
INF 2026-08-04T17:29:18.485Z > 200 GET /api/v1/ 370.62ms
INF 2026-08-04T17:29:18.488Z > 200 GET /api/v1/ 386.17ms
INF 2026-08-04T17:29:18.496Z > 200 GET /api/v1/ 265.28ms
INF 2026-08-04T17:29:18.497Z > 200 GET /api/v1/ 243.42ms
INF 2026-08-04T17:29:18.499Z > 200 GET /api/v1/ 328.13ms
INF 2026-08-04T17:29:18.499Z > 200 GET /api/v1/ 329.2ms
INF 2026-08-04T17:29:18.500Z > 200 GET /api/v1/ 269.8ms
INF 2026-08-04T17:29:18.500Z > 200 GET /api/v1/ 320.04ms
INF 2026-08-04T17:29:18.500Z > 200 GET /api/v1/ 330.33ms
INF 2026-08-04T17:29:18.501Z > 200 GET /api/v1/ 351.09ms
INF 2026-08-04T17:29:18.502Z > 200 GET /api/v1/ 351.75ms
INF 2026-08-04T17:29:18.502Z > 200 GET /api/v1/ 306.69ms
INF 2026-08-04T17:29:18.504Z > 200 GET /api/v1/ 259.69ms
INF 2026-08-04T17:29:18.512Z > 200 GET /api/v1/ 268.26ms
INF 2026-08-04T17:29:18.516Z > 200 GET /api/v1/ 322.21ms
INF 2026-08-04T17:29:18.530Z > 200 GET /api/v1/ 244.42ms
INF 2026-08-04T17:29:18.531Z > 200 GET /api/v1/ 301.7ms
INF 2026-08-04T17:29:18.533Z > 200 GET /api/v1/ 289.56ms
INF 2026-08-04T17:29:18.534Z > 200 GET /api/v1/ 363.46ms
INF 2026-08-04T17:29:18.537Z > 200 GET /api/v1/ 287.24ms
INF 2026-08-04T17:29:18.540Z > 200 GET /api/v1/ 254.29ms
INF 2026-08-04T17:29:18.540Z > 200 GET /api/v1/ 290.47ms
INF 2026-08-04T17:29:18.541Z > 200 GET /api/v1/ 244.94ms
INF 2026-08-04T17:29:18.541Z > 200 GET /api/v1/ 245.9ms
INF 2026-08-04T17:29:18.543Z > 200 GET /api/v1/ 246.88ms
INF 2026-08-04T17:29:18.545Z > 200 GET /api/v1/ 295.23ms
INF 2026-08-04T17:29:18.550Z > 200 GET /api/v1/ 214.23ms
INF 2026-08-04T17:29:18.551Z > 200 GET /api/v1/ 265.31ms
INF 2026-08-04T17:29:18.551Z > 200 GET /api/v1/ 265.65ms
INF 2026-08-04T17:29:18.552Z > 200 GET /api/v1/ 220.34ms
INF 2026-08-04T17:29:18.558Z > 200 GET /api/v1/ 327.95ms
INF 2026-08-04T17:29:18.559Z > 200 GET /api/v1/ 378.61ms
INF 2026-08-04T17:29:18.559Z > 200 GET /api/v1/ 243.89ms
INF 2026-08-04T17:29:18.559Z > 200 GET /api/v1/ 263.07ms
INF 2026-08-04T17:29:18.560Z > 200 GET /api/v1/ 263.46ms
INF 2026-08-04T17:29:18.564Z > 200 GET /api/v1/ 210.26ms
INF 2026-08-04T17:29:18.564Z > 200 GET /api/v1/ 202.45ms
INF 2026-08-04T17:29:18.565Z > 200 GET /api/v1/ 250.18ms
INF 2026-08-04T17:29:18.566Z > 200 GET /api/v1/ 270.38ms
INF 2026-08-04T17:29:18.571Z > 200 GET /api/v1/ 70.98ms
INF 2026-08-04T17:29:18.574Z > 200 GET /api/v1/ 259.06ms
INF 2026-08-04T17:29:18.577Z > 200 GET /api/v1/ 223.35ms
INF 2026-08-04T17:29:18.577Z > 200 GET /api/v1/ 223.92ms
INF 2026-08-04T17:29:18.579Z > 200 GET /api/v1/ 217.29ms
INF 2026-08-04T17:29:18.581Z > 200 GET /api/v1/ 228.19ms
INF 2026-08-04T17:29:18.582Z > 200 GET /api/v1/ 217.22ms
INF 2026-08-04T17:29:18.585Z > 200 GET /api/v1/ 219.9ms
INF 2026-08-04T17:29:18.589Z > 200 GET /api/v1/ 224.48ms
INF 2026-08-04T17:29:18.590Z > 200 GET /api/v1/ 224.58ms
INF 2026-08-04T17:29:18.597Z > 200 GET /api/v1/ 67.6ms
INF 2026-08-04T17:29:18.598Z > 200 GET /api/v1/ 232.84ms
INF 2026-08-04T17:29:18.607Z > 200 GET /api/v1/ 242.48ms
INF 2026-08-04T17:29:18.608Z > 200 GET /api/v1/ 242.62ms
INF 2026-08-04T17:29:18.608Z > 200 GET /api/v1/ 246.0ms
INF 2026-08-04T17:29:18.610Z > 200 GET /api/v1/ 58.61ms
INF 2026-08-04T17:29:18.616Z > 200 GET /api/v1/ 249.73ms
INF 2026-08-04T17:29:18.617Z > 200 GET /api/v1/ 27.58ms
INF 2026-08-04T17:29:18.617Z > 200 GET /api/v1/ 34.77ms
INF 2026-08-04T17:29:18.618Z > 200 GET /api/v1/ 20.23ms
INF 2026-08-04T17:29:18.619Z > 200 GET /api/v1/ 229.59ms
INF 2026-08-04T17:29:18.619Z > 200 GET /api/v1/ 220.93ms
INF 2026-08-04T17:29:18.621Z > 200 GET /api/v1/ 208.09ms
INF 2026-08-04T17:29:18.624Z > 200 GET /api/v1/ 211.35ms
INF 2026-08-04T17:29:18.624Z > 200 GET /api/v1/ 226.19ms
INF 2026-08-04T17:29:18.626Z > 200 GET /api/v1/ 260.74ms
INF 2026-08-04T17:29:18.626Z > 200 GET /api/v1/ 1226.07ms
INF 2026-08-04T17:29:18.627Z > 200 GET /api/v1/ 19.96ms
INF 2026-08-04T17:29:18.627Z > 200 GET /api/v1/ 214.47ms
INF 2026-08-04T17:29:18.628Z > 200 GET /api/v1/ 262.15ms
INF 2026-08-04T17:29:18.633Z > 200 GET /api/v1/ 267.2ms
INF 2026-08-04T17:29:18.634Z > 200 GET /api/v1/ 17.84ms
INF 2026-08-04T17:29:18.645Z > 200 GET /api/v1/ 169.73ms
INF 2026-08-04T17:29:18.648Z > 200 GET /api/v1/ 216.7ms
INF 2026-08-04T17:29:18.648Z > 200 GET /api/v1/ 217.86ms
INF 2026-08-04T17:29:18.673Z > 200 GET /api/v1/ 241.32ms
INF 2026-08-04T17:29:18.674Z > 200 GET /api/v1/ 1273.4ms
INF 2026-08-04T17:29:18.683Z > 200 GET /api/v1/ 252.23ms
INF 2026-08-04T17:29:18.683Z > 200 GET /api/v1/ 270.43ms
INF 2026-08-04T17:29:18.717Z > 200 GET /api/v1/ 206.75ms
INF 2026-08-04T17:29:18.718Z > 200 GET /api/v1/ 1317.35ms
INF 2026-08-04T17:29:18.726Z > 200 GET /api/v1/ 53.01ms
INF 2026-08-04T17:29:18.740Z > 200 GET /api/v1/ 263.12ms
INF 2026-08-04T17:29:18.741Z > 200 GET /api/v1/ 264.66ms
INF 2026-08-04T17:29:18.745Z > 200 GET /api/v1/ 57.9ms
INF 2026-08-04T17:29:18.746Z > 200 GET /api/v1/ 270.11ms
INF 2026-08-04T17:29:18.747Z > 200 GET /api/v1/ 333.7ms
INF 2026-08-04T17:29:18.752Z > 200 GET /api/v1/ 214.69ms
INF 2026-08-04T17:29:18.758Z > 200 GET /api/v1/ 326.8ms
INF 2026-08-04T17:29:18.760Z > 200 GET /api/v1/ 309.11ms
INF 2026-08-04T17:29:18.761Z > 200 GET /api/v1/ 222.57ms
INF 2026-08-04T17:29:18.762Z > 200 GET /api/v1/ 286.31ms
INF 2026-08-04T17:29:18.763Z > 200 GET /api/v1/ 247.57ms
INF 2026-08-04T17:29:18.763Z > 200 GET /api/v1/ 217.02ms
INF 2026-08-04T17:29:18.763Z > 200 GET /api/v1/ 280.76ms
INF 2026-08-04T17:29:18.772Z > 200 GET /api/v1/ 256.45ms
INF 2026-08-04T17:29:18.791Z > 200 GET /api/v1/ 401.24ms
INF 2026-08-04T17:29:18.802Z > 200 GET /api/v1/ 273.82ms
INF 2026-08-04T17:29:18.803Z > 200 GET /api/v1/ 371.61ms
INF 2026-08-04T17:29:18.804Z > 200 GET /api/v1/ 405.51ms
INF 2026-08-04T17:29:18.805Z > 200 GET /api/v1/ 329.21ms
INF 2026-08-04T17:29:18.808Z > 200 GET /api/v1/ 261.89ms
INF 2026-08-04T17:29:18.814Z > 200 GET /api/v1/ 299.4ms
INF 2026-08-04T17:29:18.815Z > 200 GET /api/v1/ 247.12ms
INF 2026-08-04T17:29:18.818Z > 200 GET /api/v1/ 340.6ms
INF 2026-08-04T17:29:18.819Z > 200 GET /api/v1/ 304.68ms
INF 2026-08-04T17:29:18.820Z > 200 GET /api/v1/ 281.11ms
INF 2026-08-04T17:29:18.824Z > 200 GET /api/v1/ 277.81ms
INF 2026-08-04T17:29:18.826Z > 200 GET /api/v1/ 279.09ms
INF 2026-08-04T17:29:18.833Z > 200 GET /api/v1/ 231.27ms
INF 2026-08-04T17:29:18.838Z > 200 GET /api/v1/ 332.7ms
INF 2026-08-04T17:29:18.845Z > 200 GET /api/v1/ 239.79ms
INF 2026-08-04T17:29:18.846Z > 200 GET /api/v1/ 283.33ms
INF 2026-08-04T17:29:18.847Z > 200 GET /api/v1/ 87.1ms
INF 2026-08-04T17:29:18.850Z > 200 GET /api/v1/ 373.99ms
INF 2026-08-04T17:29:18.851Z > 200 GET /api/v1/ 261.32ms
INF 2026-08-04T17:29:18.854Z > 200 GET /api/v1/ 246.49ms
INF 2026-08-04T17:29:18.861Z > 200 GET /api/v1/ 245.5ms
INF 2026-08-04T17:29:18.868Z > 200 GET /api/v1/ 270.82ms
INF 2026-08-04T17:29:18.873Z > 200 GET /api/v1/ 270.5ms
INF 2026-08-04T17:29:18.874Z > 200 GET /api/v1/ 335.75ms
INF 2026-08-04T17:29:18.874Z > 200 GET /api/v1/ 327.24ms
INF 2026-08-04T17:29:18.875Z > 200 GET /api/v1/ 307.86ms
INF 2026-08-04T17:29:18.879Z > 200 GET /api/v1/ 332.74ms
INF 2026-08-04T17:29:18.881Z > 200 GET /api/v1/ 327.64ms
INF 2026-08-04T17:29:18.885Z > 200 GET /api/v1/ 322.53ms
INF 2026-08-04T17:29:18.887Z > 200 GET /api/v1/ 340.75ms
INF 2026-08-04T17:29:18.887Z > 200 GET /api/v1/ 281.78ms
INF 2026-08-04T17:29:18.903Z > 200 GET /api/v1/ 387.31ms
INF 2026-08-04T17:29:18.905Z > 200 GET /api/v1/ 303.48ms
INF 2026-08-04T17:29:18.906Z > 200 GET /api/v1/ 475.19ms
INF 2026-08-04T17:29:18.907Z > 200 GET /api/v1/ 286.55ms
INF 2026-08-04T17:29:18.907Z > 200 GET /api/v1/ 302.64ms
INF 2026-08-04T17:29:18.916Z > 200 GET /api/v1/ 310.37ms
INF 2026-08-04T17:29:18.919Z > 200 GET /api/v1/ 91.63ms
INF 2026-08-04T17:29:18.927Z > 200 GET /api/v1/ 281.15ms
INF 2026-08-04T17:29:18.929Z > 200 GET /api/v1/ 330.76ms
INF 2026-08-04T17:29:18.929Z > 200 GET /api/v1/ 300.26ms
INF 2026-08-04T17:29:18.930Z > 200 GET /api/v1/ 326.33ms
INF 2026-08-04T17:29:18.930Z > 200 GET /api/v1/ 378.62ms
INF 2026-08-04T17:29:18.931Z > 200 GET /api/v1/ 341.86ms
INF 2026-08-04T17:29:18.943Z > 200 GET /api/v1/ 339.83ms
INF 2026-08-04T17:29:18.944Z > 200 GET /api/v1/ 320.59ms
INF 2026-08-04T17:29:18.950Z > 200 GET /api/v1/ 279.36ms
INF 2026-08-04T17:29:18.951Z > 200 GET /api/v1/ 330.87ms
ERR 2026-08-04T17:29:18.967Z > Error while writing data to the client
| Error while writing data to the client (HTTP::Server::ClientError)
|   from /home/uzumaki/.local/share/mise/installs/crystal/1.21.0/share/crystal/src/http/server/response.cr:266:9 in 'unbuffered_write'
|   from lib/kemal/src/kemal/route_handler.cr:174:7 in 'call'
|   from lib/kemal/src/kemal/filter_handler.cr:46:7 in 'call'
|   from /home/uzumaki/.local/share/mise/installs/crystal/1.21.0/share/crystal/src/http/server/handler.cr:30:7 in 'call'
|   from /home/uzumaki/.local/share/mise/installs/crystal/1.21.0/share/crystal/src/http/server/handler.cr:30:7 in 'call'
|   from /home/uzumaki/.local/share/mise/installs/crystal/1.21.0/share/crystal/src/http/server/request_processor.cr:58:11 in 'handle_client'
|   from /home/uzumaki/.local/share/mise/installs/crystal/1.21.0/share/crystal/src/fiber.cr:168:11 in 'run'
|   from ???
| Caused by: write (#<TCPSocket:0x72b3503c9780>): Broken pipe (IO::Error)
|   from /home/uzumaki/.local/share/mise/installs/crystal/1.21.0/share/crystal/src/gc/boehm.cr:193:7 in 'unbuffered_write'
|   from /home/uzumaki/.local/share/mise/installs/crystal/1.21.0/share/crystal/src/http/server/response.cr:282:11 in 'unbuffered_write'
|   from lib/kemal/src/kemal/route_handler.cr:174:7 in 'call'
|   from lib/kemal/src/kemal/filter_handler.cr:46:7 in 'call'
|   from /home/uzumaki/.local/share/mise/installs/crystal/1.21.0/share/crystal/src/http/server/handler.cr:30:7 in 'call'
|   from /home/uzumaki/.local/share/mise/installs/crystal/1.21.0/share/crystal/src/http/server/handler.cr:30:7 in 'call'
|   from /home/uzumaki/.local/share/mise/installs/crystal/1.21.0/share/crystal/src/http/server/request_processor.cr:58:11 in 'handle_client'
|   from /home/uzumaki/.local/share/mise/installs/crystal/1.21.0/share/crystal/src/fiber.cr:168:11 in 'run'
|   from ???
ERR 2026-08-04T17:29:18.967Z > Unhandled exception on HTTP::Handler
| Closed stream (IO::Error)
|   from /home/uzumaki/.local/share/mise/installs/crystal/1.21.0/share/crystal/src/http/server/response.cr:215:15 in 'content_type='
|   from lib/kemal/src/kemal/helpers/templates.cr:25:3 in 'render_500'
|   from lib/kemal/src/kemal/exception_handler.cr:34:7 in 'call'
|   from /home/uzumaki/.local/share/mise/installs/crystal/1.21.0/share/crystal/src/http/server/handler.cr:30:7 in 'call'
|   from /home/uzumaki/.local/share/mise/installs/crystal/1.21.0/share/crystal/src/http/server/request_processor.cr:58:11 in 'handle_client'
|   from /home/uzumaki/.local/share/mise/installs/crystal/1.21.0/share/crystal/src/fiber.cr:168:11 in 'run'
|   from ???
ERR 2026-08-04T17:29:19.004Z > Error while writing data to the client
| Error while writing data to the client (HTTP::Server::ClientError)
|   from /home/uzumaki/.local/share/mise/installs/crystal/1.21.0/share/crystal/src/http/server/response.cr:266:9 in 'unbuffered_write'
|   from lib/kemal/src/kemal/route_handler.cr:174:7 in 'call'
|   from lib/kemal/src/kemal/filter_handler.cr:46:7 in 'call'
|   from /home/uzumaki/.local/share/mise/installs/crystal/1.21.0/share/crystal/src/http/server/handler.cr:30:7 in 'call'
|   from /home/uzumaki/.local/share/mise/installs/crystal/1.21.0/share/crystal/src/http/server/handler.cr:30:7 in 'call'
|   from /home/uzumaki/.local/share/mise/installs/crystal/1.21.0/share/crystal/src/http/server/request_processor.cr:58:11 in 'handle_client'
|   from /home/uzumaki/.local/share/mise/installs/crystal/1.21.0/share/crystal/src/fiber.cr:168:11 in 'run'
|   from ???
| Caused by: write (#<TCPSocket:0x72b3503c93c0>): Broken pipe (IO::Error)
|   from /home/uzumaki/.local/share/mise/installs/crystal/1.21.0/share/crystal/src/gc/boehm.cr:193:7 in 'unbuffered_write'
|   from /home/uzumaki/.local/share/mise/installs/crystal/1.21.0/share/crystal/src/http/server/response.cr:282:11 in 'unbuffered_write'
|   from lib/kemal/src/kemal/route_handler.cr:174:7 in 'call'
|   from lib/kemal/src/kemal/filter_handler.cr:46:7 in 'call'
|   from /home/uzumaki/.local/share/mise/installs/crystal/1.21.0/share/crystal/src/http/server/handler.cr:30:7 in 'call'
|   from /home/uzumaki/.local/share/mise/installs/crystal/1.21.0/share/crystal/src/http/server/handler.cr:30:7 in 'call'
|   from /home/uzumaki/.local/share/mise/installs/crystal/1.21.0/share/crystal/src/http/server/request_processor.cr:58:11 in 'handle_client'
|   from /home/uzumaki/.local/share/mise/installs/crystal/1.21.0/share/crystal/src/fiber.cr:168:11 in 'run'
|   from ???
ERR 2026-08-04T17:29:19.004Z > Unhandled exception on HTTP::Handler
| Closed stream (IO::Error)
|   from /home/uzumaki/.local/share/mise/installs/crystal/1.21.0/share/crystal/src/http/server/response.cr:215:15 in 'content_type='
|   from lib/kemal/src/kemal/helpers/templates.cr:25:3 in 'render_500'
|   from lib/kemal/src/kemal/exception_handler.cr:34:7 in 'call'
|   from /home/uzumaki/.local/share/mise/installs/crystal/1.21.0/share/crystal/src/http/server/handler.cr:30:7 in 'call'
|   from /home/uzumaki/.local/share/mise/installs/crystal/1.21.0/share/crystal/src/http/server/request_processor.cr:58:11 in 'handle_client'
|   from /home/uzumaki/.local/share/mise/installs/crystal/1.21.0/share/crystal/src/fiber.cr:168:11 in 'run'
|   from ???
ERR 2026-08-04T17:29:19.005Z > Error while writing data to the client
| Error while writing data to the client (HTTP::Server::ClientError)
|   from /home/uzumaki/.local/share/mise/installs/crystal/1.21.0/share/crystal/src/http/server/response.cr:266:9 in 'unbuffered_write'
|   from lib/kemal/src/kemal/route_handler.cr:174:7 in 'call'
|   from lib/kemal/src/kemal/filter_handler.cr:46:7 in 'call'
|   from /home/uzumaki/.local/share/mise/installs/crystal/1.21.0/share/crystal/src/http/server/handler.cr:30:7 in 'call'
|   from /home/uzumaki/.local/share/mise/installs/crystal/1.21.0/share/crystal/src/http/server/handler.cr:30:7 in 'call'
|   from /home/uzumaki/.local/share/mise/installs/crystal/1.21.0/share/crystal/src/http/server/request_processor.cr:58:11 in 'handle_client'
|   from /home/uzumaki/.local/share/mise/installs/crystal/1.21.0/share/crystal/src/fiber.cr:168:11 in 'run'
|   from ???
| Caused by: write (#<TCPSocket:0x72b3503c9140>): Broken pipe (IO::Error)
|   from /home/uzumaki/.local/share/mise/installs/crystal/1.21.0/share/crystal/src/gc/boehm.cr:193:7 in 'unbuffered_write'
|   from /home/uzumaki/.local/share/mise/installs/crystal/1.21.0/share/crystal/src/http/server/response.cr:282:11 in 'unbuffered_write'
|   from lib/kemal/src/kemal/route_handler.cr:174:7 in 'call'
|   from lib/kemal/src/kemal/filter_handler.cr:46:7 in 'call'
|   from /home/uzumaki/.local/share/mise/installs/crystal/1.21.0/share/crystal/src/http/server/handler.cr:30:7 in 'call'
|   from /home/uzumaki/.local/share/mise/installs/crystal/1.21.0/share/crystal/src/http/server/handler.cr:30:7 in 'call'
|   from /home/uzumaki/.local/share/mise/installs/crystal/1.21.0/share/crystal/src/http/server/request_processor.cr:58:11 in 'handle_client'
|   from /home/uzumaki/.local/share/mise/installs/crystal/1.21.0/share/crystal/src/fiber.cr:168:11 in 'run'
|   from ???
ERR 2026-08-04T17:29:19.005Z > Unhandled exception on HTTP::Handler
| Closed stream (IO::Error)
|   from /home/uzumaki/.local/share/mise/installs/crystal/1.21.0/share/crystal/src/http/server/response.cr:215:15 in 'content_type='
|   from lib/kemal/src/kemal/helpers/templates.cr:25:3 in 'render_500'
|   from lib/kemal/src/kemal/exception_handler.cr:34:7 in 'call'
|   from /home/uzumaki/.local/share/mise/installs/crystal/1.21.0/share/crystal/src/http/server/handler.cr:30:7 in 'call'
|   from /home/uzumaki/.local/share/mise/installs/crystal/1.21.0/share/crystal/src/http/server/request_processor.cr:58:11 in 'handle_client'
|   from /home/uzumaki/.local/share/mise/installs/crystal/1.21.0/share/crystal/src/fiber.cr:168:11 in 'run'
|   from ???
ERR 2026-08-04T17:29:19.006Z > Error while writing data to the client
| Error while writing data to the client (HTTP::Server::ClientError)
|   from /home/uzumaki/.local/share/mise/installs/crystal/1.21.0/share/crystal/src/http/server/response.cr:266:9 in 'unbuffered_write'
|   from lib/kemal/src/kemal/route_handler.cr:174:7 in 'call'
|   from lib/kemal/src/kemal/filter_handler.cr:46:7 in 'call'
|   from /home/uzumaki/.local/share/mise/installs/crystal/1.21.0/share/crystal/src/http/server/handler.cr:30:7 in 'call'
|   from /home/uzumaki/.local/share/mise/installs/crystal/1.21.0/share/crystal/src/http/server/handler.cr:30:7 in 'call'
|   from /home/uzumaki/.local/share/mise/installs/crystal/1.21.0/share/crystal/src/http/server/request_processor.cr:58:11 in 'handle_client'
|   from /home/uzumaki/.local/share/mise/installs/crystal/1.21.0/share/crystal/src/fiber.cr:168:11 in 'run'
|   from ???
| Caused by: write (#<TCPSocket:0x72b350683500>): Broken pipe (IO::Error)
|   from /home/uzumaki/.local/share/mise/installs/crystal/1.21.0/share/crystal/src/gc/boehm.cr:193:7 in 'unbuffered_write'
|   from /home/uzumaki/.local/share/mise/installs/crystal/1.21.0/share/crystal/src/http/server/response.cr:282:11 in 'unbuffered_write'
|   from lib/kemal/src/kemal/route_handler.cr:174:7 in 'call'
|   from lib/kemal/src/kemal/filter_handler.cr:46:7 in 'call'
|   from /home/uzumaki/.local/share/mise/installs/crystal/1.21.0/share/crystal/src/http/server/handler.cr:30:7 in 'call'
|   from /home/uzumaki/.local/share/mise/installs/crystal/1.21.0/share/crystal/src/http/server/handler.cr:30:7 in 'call'
|   from /home/uzumaki/.local/share/mise/installs/crystal/1.21.0/share/crystal/src/http/server/request_processor.cr:58:11 in 'handle_client'
|   from /home/uzumaki/.local/share/mise/installs/crystal/1.21.0/share/crystal/src/fiber.cr:168:11 in 'run'
|   from ???
ERR 2026-08-04T17:29:19.006Z > Unhandled exception on HTTP::Handler
| Closed stream (IO::Error)
|   from /home/uzumaki/.local/share/mise/installs/crystal/1.21.0/share/crystal/src/http/server/response.cr:215:15 in 'content_type='
|   from lib/kemal/src/kemal/helpers/templates.cr:25:3 in 'render_500'
|   from lib/kemal/src/kemal/exception_handler.cr:34:7 in 'call'
|   from /home/uzumaki/.local/share/mise/installs/crystal/1.21.0/share/crystal/src/http/server/handler.cr:30:7 in 'call'
|   from /home/uzumaki/.local/share/mise/installs/crystal/1.21.0/share/crystal/src/http/server/request_processor.cr:58:11 in 'handle_client'
|   from /home/uzumaki/.local/share/mise/installs/crystal/1.21.0/share/crystal/src/fiber.cr:168:11 in 'run'
|   from ???
ERR 2026-08-04T17:29:19.006Z > Error while writing data to the client
| Error while writing data to the client (HTTP::Server::ClientError)
|   from /home/uzumaki/.local/share/mise/installs/crystal/1.21.0/share/crystal/src/http/server/response.cr:266:9 in 'unbuffered_write'
|   from lib/kemal/src/kemal/route_handler.cr:174:7 in 'call'
|   from lib/kemal/src/kemal/filter_handler.cr:46:7 in 'call'
|   from /home/uzumaki/.local/share/mise/installs/crystal/1.21.0/share/crystal/src/http/server/handler.cr:30:7 in 'call'
|   from /home/uzumaki/.local/share/mise/installs/crystal/1.21.0/share/crystal/src/http/server/handler.cr:30:7 in 'call'
|   from /home/uzumaki/.local/share/mise/installs/crystal/1.21.0/share/crystal/src/http/server/request_processor.cr:58:11 in 'handle_client'
|   from /home/uzumaki/.local/share/mise/installs/crystal/1.21.0/share/crystal/src/fiber.cr:168:11 in 'run'
|   from ???
| Caused by: write (#<TCPSocket:0x72b350677000>): Broken pipe (IO::Error)
|   from /home/uzumaki/.local/share/mise/installs/crystal/1.21.0/share/crystal/src/gc/boehm.cr:193:7 in 'unbuffered_write'
|   from /home/uzumaki/.local/share/mise/installs/crystal/1.21.0/share/crystal/src/http/server/response.cr:282:11 in 'unbuffered_write'
|   from lib/kemal/src/kemal/route_handler.cr:174:7 in 'call'
|   from lib/kemal/src/kemal/filter_handler.cr:46:7 in 'call'
|   from /home/uzumaki/.local/share/mise/installs/crystal/1.21.0/share/crystal/src/http/server/handler.cr:30:7 in 'call'
|   from /home/uzumaki/.local/share/mise/installs/crystal/1.21.0/share/crystal/src/http/server/handler.cr:30:7 in 'call'
|   from /home/uzumaki/.local/share/mise/installs/crystal/1.21.0/share/crystal/src/http/server/request_processor.cr:58:11 in 'handle_client'
|   from /home/uzumaki/.local/share/mise/installs/crystal/1.21.0/share/crystal/src/fiber.cr:168:11 in 'run'
|   from ???
ERR 2026-08-04T17:29:19.006Z > Unhandled exception on HTTP::Handler
| Closed stream (IO::Error)
|   from /home/uzumaki/.local/share/mise/installs/crystal/1.21.0/share/crystal/src/http/server/response.cr:215:15 in 'content_type='
|   from lib/kemal/src/kemal/helpers/templates.cr:25:3 in 'render_500'
|   from lib/kemal/src/kemal/exception_handler.cr:34:7 in 'call'
|   from /home/uzumaki/.local/share/mise/installs/crystal/1.21.0/share/crystal/src/http/server/handler.cr:30:7 in 'call'
|   from /home/uzumaki/.local/share/mise/installs/crystal/1.21.0/share/crystal/src/http/server/request_processor.cr:58:11 in 'handle_client'
|   from /home/uzumaki/.local/share/mise/installs/crystal/1.21.0/share/crystal/src/fiber.cr:168:11 in 'run'
|   from ???
ERR 2026-08-04T17:29:19.007Z > Error while writing data to the client
| Error while writing data to the client (HTTP::Server::ClientError)
|   from /home/uzumaki/.local/share/mise/installs/crystal/1.21.0/share/crystal/src/http/server/response.cr:266:9 in 'unbuffered_write'
|   from lib/kemal/src/kemal/route_handler.cr:174:7 in 'call'
|   from lib/kemal/src/kemal/filter_handler.cr:46:7 in 'call'
|   from /home/uzumaki/.local/share/mise/installs/crystal/1.21.0/share/crystal/src/http/server/handler.cr:30:7 in 'call'
|   from /home/uzumaki/.local/share/mise/installs/crystal/1.21.0/share/crystal/src/http/server/handler.cr:30:7 in 'call'
|   from /home/uzumaki/.local/share/mise/installs/crystal/1.21.0/share/crystal/src/http/server/request_processor.cr:58:11 in 'handle_client'
|   from /home/uzumaki/.local/share/mise/installs/crystal/1.21.0/share/crystal/src/fiber.cr:168:11 in 'run'
|   from ???
| Caused by: write (#<TCPSocket:0x72b350677500>): Broken pipe (IO::Error)
|   from /home/uzumaki/.local/share/mise/installs/crystal/1.21.0/share/crystal/src/gc/boehm.cr:193:7 in 'unbuffered_write'
|   from /home/uzumaki/.local/share/mise/installs/crystal/1.21.0/share/crystal/src/http/server/response.cr:282:11 in 'unbuffered_write'
|   from lib/kemal/src/kemal/route_handler.cr:174:7 in 'call'
|   from lib/kemal/src/kemal/filter_handler.cr:46:7 in 'call'
|   from /home/uzumaki/.local/share/mise/installs/crystal/1.21.0/share/crystal/src/http/server/handler.cr:30:7 in 'call'
|   from /home/uzumaki/.local/share/mise/installs/crystal/1.21.0/share/crystal/src/http/server/handler.cr:30:7 in 'call'
|   from /home/uzumaki/.local/share/mise/installs/crystal/1.21.0/share/crystal/src/http/server/request_processor.cr:58:11 in 'handle_client'
|   from /home/uzumaki/.local/share/mise/installs/crystal/1.21.0/share/crystal/src/fiber.cr:168:11 in 'run'
|   from ???
ERR 2026-08-04T17:29:19.007Z > Unhandled exception on HTTP::Handler
| Closed stream (IO::Error)
|   from /home/uzumaki/.local/share/mise/installs/crystal/1.21.0/share/crystal/src/http/server/response.cr:215:15 in 'content_type='
|   from lib/kemal/src/kemal/helpers/templates.cr:25:3 in 'render_500'
|   from lib/kemal/src/kemal/exception_handler.cr:34:7 in 'call'
|   from /home/uzumaki/.local/share/mise/installs/crystal/1.21.0/share/crystal/src/http/server/handler.cr:30:7 in 'call'
|   from /home/uzumaki/.local/share/mise/installs/crystal/1.21.0/share/crystal/src/http/server/request_processor.cr:58:11 in 'handle_client'
|   from /home/uzumaki/.local/share/mise/installs/crystal/1.21.0/share/crystal/src/fiber.cr:168:11 in 'run'
|   from ???
ERR 2026-08-04T17:29:19.008Z > Error while writing data to the client
| Error while writing data to the client (HTTP::Server::ClientError)
|   from /home/uzumaki/.local/share/mise/installs/crystal/1.21.0/share/crystal/src/http/server/response.cr:266:9 in 'unbuffered_write'
|   from lib/kemal/src/kemal/route_handler.cr:174:7 in 'call'
|   from lib/kemal/src/kemal/filter_handler.cr:46:7 in 'call'
|   from /home/uzumaki/.local/share/mise/installs/crystal/1.21.0/share/crystal/src/http/server/handler.cr:30:7 in 'call'
|   from /home/uzumaki/.local/share/mise/installs/crystal/1.21.0/share/crystal/src/http/server/handler.cr:30:7 in 'call'
|   from /home/uzumaki/.local/share/mise/installs/crystal/1.21.0/share/crystal/src/http/server/request_processor.cr:58:11 in 'handle_client'
|   from /home/uzumaki/.local/share/mise/installs/crystal/1.21.0/share/crystal/src/fiber.cr:168:11 in 'run'
|   from ???
| Caused by: write (#<TCPSocket:0x72b3504213c0>): Broken pipe (IO::Error)
|   from /home/uzumaki/.local/share/mise/installs/crystal/1.21.0/share/crystal/src/gc/boehm.cr:193:7 in 'unbuffered_write'
|   from /home/uzumaki/.local/share/mise/installs/crystal/1.21.0/share/crystal/src/http/server/response.cr:282:11 in 'unbuffered_write'
|   from lib/kemal/src/kemal/route_handler.cr:174:7 in 'call'
|   from lib/kemal/src/kemal/filter_handler.cr:46:7 in 'call'
|   from /home/uzumaki/.local/share/mise/installs/crystal/1.21.0/share/crystal/src/http/server/handler.cr:30:7 in 'call'
|   from /home/uzumaki/.local/share/mise/installs/crystal/1.21.0/share/crystal/src/http/server/handler.cr:30:7 in 'call'
|   from /home/uzumaki/.local/share/mise/installs/crystal/1.21.0/share/crystal/src/http/server/request_processor.cr:58:11 in 'handle_client'
|   from /home/uzumaki/.local/share/mise/installs/crystal/1.21.0/share/crystal/src/fiber.cr:168:11 in 'run'
|   from ???
ERR 2026-08-04T17:29:19.008Z > Unhandled exception on HTTP::Handler
| Closed stream (IO::Error)
|   from /home/uzumaki/.local/share/mise/installs/crystal/1.21.0/share/crystal/src/http/server/response.cr:215:15 in 'content_type='
|   from lib/kemal/src/kemal/helpers/templates.cr:25:3 in 'render_500'
|   from lib/kemal/src/kemal/exception_handler.cr:34:7 in 'call'
|   from /home/uzumaki/.local/share/mise/installs/crystal/1.21.0/share/crystal/src/http/server/handler.cr:30:7 in 'call'
|   from /home/uzumaki/.local/share/mise/installs/crystal/1.21.0/share/crystal/src/http/server/request_processor.cr:58:11 in 'handle_client'
|   from /home/uzumaki/.local/share/mise/installs/crystal/1.21.0/share/crystal/src/fiber.cr:168:11 in 'run'
|   from ???
ERR 2026-08-04T17:29:19.008Z > Error while writing data to the client
| Error while writing data to the client (HTTP::Server::ClientError)
|   from /home/uzumaki/.local/share/mise/installs/crystal/1.21.0/share/crystal/src/http/server/response.cr:266:9 in 'unbuffered_write'
|   from lib/kemal/src/kemal/route_handler.cr:174:7 in 'call'
|   from lib/kemal/src/kemal/filter_handler.cr:46:7 in 'call'
|   from /home/uzumaki/.local/share/mise/installs/crystal/1.21.0/share/crystal/src/http/server/handler.cr:30:7 in 'call'
|   from /home/uzumaki/.local/share/mise/installs/crystal/1.21.0/share/crystal/src/http/server/handler.cr:30:7 in 'call'
|   from /home/uzumaki/.local/share/mise/installs/crystal/1.21.0/share/crystal/src/http/server/request_processor.cr:58:11 in 'handle_client'
|   from /home/uzumaki/.local/share/mise/installs/crystal/1.21.0/share/crystal/src/fiber.cr:168:11 in 'run'
|   from ???
| Caused by: write (#<TCPSocket:0x72b3503c9000>): Broken pipe (IO::Error)
|   from /home/uzumaki/.local/share/mise/installs/crystal/1.21.0/share/crystal/src/gc/boehm.cr:193:7 in 'unbuffered_write'
|   from /home/uzumaki/.local/share/mise/installs/crystal/1.21.0/share/crystal/src/http/server/response.cr:282:11 in 'unbuffered_write'
|   from lib/kemal/src/kemal/route_handler.cr:174:7 in 'call'
|   from lib/kemal/src/kemal/filter_handler.cr:46:7 in 'call'
|   from /home/uzumaki/.local/share/mise/installs/crystal/1.21.0/share/crystal/src/http/server/handler.cr:30:7 in 'call'
|   from /home/uzumaki/.local/share/mise/installs/crystal/1.21.0/share/crystal/src/http/server/handler.cr:30:7 in 'call'
|   from /home/uzumaki/.local/share/mise/installs/crystal/1.21.0/share/crystal/src/http/server/request_processor.cr:58:11 in 'handle_client'
|   from /home/uzumaki/.local/share/mise/installs/crystal/1.21.0/share/crystal/src/fiber.cr:168:11 in 'run'
|   from ???
ERR 2026-08-04T17:29:19.008Z > Unhandled exception on HTTP::Handler
| Closed stream (IO::Error)
|   from /home/uzumaki/.local/share/mise/installs/crystal/1.21.0/share/crystal/src/http/server/response.cr:215:15 in 'content_type='
|   from lib/kemal/src/kemal/helpers/templates.cr:25:3 in 'render_500'
|   from lib/kemal/src/kemal/exception_handler.cr:34:7 in 'call'
|   from /home/uzumaki/.local/share/mise/installs/crystal/1.21.0/share/crystal/src/http/server/handler.cr:30:7 in 'call'
|   from /home/uzumaki/.local/share/mise/installs/crystal/1.21.0/share/crystal/src/http/server/request_processor.cr:58:11 in 'handle_client'
|   from /home/uzumaki/.local/share/mise/installs/crystal/1.21.0/share/crystal/src/fiber.cr:168:11 in 'run'
|   from ???
INF 2026-08-04T17:29:19.021Z > 200 GET /gc-collect 8.09ms
ERR 2026-08-04T17:29:19.029Z > Error while writing data to the client
| Error while writing data to the client (HTTP::Server::ClientError)
|   from /home/uzumaki/.local/share/mise/installs/crystal/1.21.0/share/crystal/src/http/server/response.cr:266:9 in 'unbuffered_write'
|   from lib/kemal/src/kemal/route_handler.cr:174:7 in 'call'
|   from lib/kemal/src/kemal/filter_handler.cr:46:7 in 'call'
|   from /home/uzumaki/.local/share/mise/installs/crystal/1.21.0/share/crystal/src/http/server/handler.cr:30:7 in 'call'
|   from /home/uzumaki/.local/share/mise/installs/crystal/1.21.0/share/crystal/src/http/server/handler.cr:30:7 in 'call'
|   from /home/uzumaki/.local/share/mise/installs/crystal/1.21.0/share/crystal/src/http/server/request_processor.cr:58:11 in 'handle_client'
|   from /home/uzumaki/.local/share/mise/installs/crystal/1.21.0/share/crystal/src/fiber.cr:168:11 in 'run'
|   from ???
| Caused by: write (#<TCPSocket:0x72b35068a8c0>): Broken pipe (IO::Error)
|   from /home/uzumaki/.local/share/mise/installs/crystal/1.21.0/share/crystal/src/gc/boehm.cr:193:7 in 'unbuffered_write'
|   from /home/uzumaki/.local/share/mise/installs/crystal/1.21.0/share/crystal/src/http/server/response.cr:282:11 in 'unbuffered_write'
|   from lib/kemal/src/kemal/route_handler.cr:174:7 in 'call'
|   from lib/kemal/src/kemal/filter_handler.cr:46:7 in 'call'
|   from /home/uzumaki/.local/share/mise/installs/crystal/1.21.0/share/crystal/src/http/server/handler.cr:30:7 in 'call'
|   from /home/uzumaki/.local/share/mise/installs/crystal/1.21.0/share/crystal/src/http/server/handler.cr:30:7 in 'call'
|   from /home/uzumaki/.local/share/mise/installs/crystal/1.21.0/share/crystal/src/http/server/request_processor.cr:58:11 in 'handle_client'
|   from /home/uzumaki/.local/share/mise/installs/crystal/1.21.0/share/crystal/src/fiber.cr:168:11 in 'run'
|   from ???
ERR 2026-08-04T17:29:19.029Z > Unhandled exception on HTTP::Handler
| Closed stream (IO::Error)
|   from /home/uzumaki/.local/share/mise/installs/crystal/1.21.0/share/crystal/src/http/server/response.cr:215:15 in 'content_type='
|   from lib/kemal/src/kemal/helpers/templates.cr:25:3 in 'render_500'
|   from lib/kemal/src/kemal/exception_handler.cr:34:7 in 'call'
|   from /home/uzumaki/.local/share/mise/installs/crystal/1.21.0/share/crystal/src/http/server/handler.cr:30:7 in 'call'
|   from /home/uzumaki/.local/share/mise/installs/crystal/1.21.0/share/crystal/src/http/server/request_processor.cr:58:11 in 'handle_client'
|   from /home/uzumaki/.local/share/mise/installs/crystal/1.21.0/share/crystal/src/fiber.cr:168:11 in 'run'
|   from ???
ERR 2026-08-04T17:29:19.029Z > Error while writing data to the client
| Error while writing data to the client (HTTP::Server::ClientError)
|   from /home/uzumaki/.local/share/mise/installs/crystal/1.21.0/share/crystal/src/http/server/response.cr:266:9 in 'unbuffered_write'
|   from lib/kemal/src/kemal/route_handler.cr:174:7 in 'call'
|   from lib/kemal/src/kemal/filter_handler.cr:46:7 in 'call'
|   from /home/uzumaki/.local/share/mise/installs/crystal/1.21.0/share/crystal/src/http/server/handler.cr:30:7 in 'call'
|   from /home/uzumaki/.local/share/mise/installs/crystal/1.21.0/share/crystal/src/http/server/handler.cr:30:7 in 'call'
|   from /home/uzumaki/.local/share/mise/installs/crystal/1.21.0/share/crystal/src/http/server/request_processor.cr:58:11 in 'handle_client'
|   from /home/uzumaki/.local/share/mise/installs/crystal/1.21.0/share/crystal/src/fiber.cr:168:11 in 'run'
|   from ???
| Caused by: write (#<TCPSocket:0x72b35a73f500>): Broken pipe (IO::Error)
|   from /home/uzumaki/.local/share/mise/installs/crystal/1.21.0/share/crystal/src/gc/boehm.cr:193:7 in 'unbuffered_write'
|   from /home/uzumaki/.local/share/mise/installs/crystal/1.21.0/share/crystal/src/http/server/response.cr:282:11 in 'unbuffered_write'
|   from lib/kemal/src/kemal/route_handler.cr:174:7 in 'call'
|   from lib/kemal/src/kemal/filter_handler.cr:46:7 in 'call'
|   from /home/uzumaki/.local/share/mise/installs/crystal/1.21.0/share/crystal/src/http/server/handler.cr:30:7 in 'call'
|   from /home/uzumaki/.local/share/mise/installs/crystal/1.21.0/share/crystal/src/http/server/handler.cr:30:7 in 'call'
|   from /home/uzumaki/.local/share/mise/installs/crystal/1.21.0/share/crystal/src/http/server/request_processor.cr:58:11 in 'handle_client'
|   from /home/uzumaki/.local/share/mise/installs/crystal/1.21.0/share/crystal/src/fiber.cr:168:11 in 'run'
|   from ???
ERR 2026-08-04T17:29:19.029Z > Unhandled exception on HTTP::Handler
| Closed stream (IO::Error)
|   from /home/uzumaki/.local/share/mise/installs/crystal/1.21.0/share/crystal/src/http/server/response.cr:215:15 in 'content_type='
|   from lib/kemal/src/kemal/helpers/templates.cr:25:3 in 'render_500'
|   from lib/kemal/src/kemal/exception_handler.cr:34:7 in 'call'
|   from /home/uzumaki/.local/share/mise/installs/crystal/1.21.0/share/crystal/src/http/server/handler.cr:30:7 in 'call'
|   from /home/uzumaki/.local/share/mise/installs/crystal/1.21.0/share/crystal/src/http/server/request_processor.cr:58:11 in 'handle_client'
|   from /home/uzumaki/.local/share/mise/installs/crystal/1.21.0/share/crystal/src/fiber.cr:168:11 in 'run'
|   from ???
ERR 2026-08-04T17:29:19.029Z > Error while writing data to the client
| Error while writing data to the client (HTTP::Server::ClientError)
|   from /home/uzumaki/.local/share/mise/installs/crystal/1.21.0/share/crystal/src/http/server/response.cr:266:9 in 'unbuffered_write'
|   from lib/kemal/src/kemal/route_handler.cr:174:7 in 'call'
|   from lib/kemal/src/kemal/filter_handler.cr:46:7 in 'call'
|   from /home/uzumaki/.local/share/mise/installs/crystal/1.21.0/share/crystal/src/http/server/handler.cr:30:7 in 'call'
|   from /home/uzumaki/.local/share/mise/installs/crystal/1.21.0/share/crystal/src/http/server/handler.cr:30:7 in 'call'
|   from /home/uzumaki/.local/share/mise/installs/crystal/1.21.0/share/crystal/src/http/server/request_processor.cr:58:11 in 'handle_client'
|   from /home/uzumaki/.local/share/mise/installs/crystal/1.21.0/share/crystal/src/fiber.cr:168:11 in 'run'
|   from ???
| Caused by: write (#<TCPSocket:0x72b350684b40>): Broken pipe (IO::Error)
|   from /home/uzumaki/.local/share/mise/installs/crystal/1.21.0/share/crystal/src/gc/boehm.cr:193:7 in 'unbuffered_write'
|   from /home/uzumaki/.local/share/mise/installs/crystal/1.21.0/share/crystal/src/http/server/response.cr:282:11 in 'unbuffered_write'
|   from lib/kemal/src/kemal/route_handler.cr:174:7 in 'call'
|   from lib/kemal/src/kemal/filter_handler.cr:46:7 in 'call'
|   from /home/uzumaki/.local/share/mise/installs/crystal/1.21.0/share/crystal/src/http/server/handler.cr:30:7 in 'call'
|   from /home/uzumaki/.local/share/mise/installs/crystal/1.21.0/share/crystal/src/http/server/handler.cr:30:7 in 'call'
|   from /home/uzumaki/.local/share/mise/installs/crystal/1.21.0/share/crystal/src/http/server/request_processor.cr:58:11 in 'handle_client'
|   from /home/uzumaki/.local/share/mise/installs/crystal/1.21.0/share/crystal/src/fiber.cr:168:11 in 'run'
|   from ???
ERR 2026-08-04T17:29:19.029Z > Unhandled exception on HTTP::Handler
| Closed stream (IO::Error)
|   from /home/uzumaki/.local/share/mise/installs/crystal/1.21.0/share/crystal/src/http/server/response.cr:215:15 in 'content_type='
|   from lib/kemal/src/kemal/helpers/templates.cr:25:3 in 'render_500'
|   from lib/kemal/src/kemal/exception_handler.cr:34:7 in 'call'
|   from /home/uzumaki/.local/share/mise/installs/crystal/1.21.0/share/crystal/src/http/server/handler.cr:30:7 in 'call'
|   from /home/uzumaki/.local/share/mise/installs/crystal/1.21.0/share/crystal/src/http/server/request_processor.cr:58:11 in 'handle_client'
|   from /home/uzumaki/.local/share/mise/installs/crystal/1.21.0/share/crystal/src/fiber.cr:168:11 in 'run'
|   from ???
ERR 2026-08-04T17:29:19.030Z > Error while writing data to the client
| Error while writing data to the client (HTTP::Server::ClientError)
|   from /home/uzumaki/.local/share/mise/installs/crystal/1.21.0/share/crystal/src/http/server/response.cr:266:9 in 'unbuffered_write'
|   from lib/kemal/src/kemal/route_handler.cr:174:7 in 'call'
|   from lib/kemal/src/kemal/filter_handler.cr:46:7 in 'call'
|   from /home/uzumaki/.local/share/mise/installs/crystal/1.21.0/share/crystal/src/http/server/handler.cr:30:7 in 'call'
|   from /home/uzumaki/.local/share/mise/installs/crystal/1.21.0/share/crystal/src/http/server/handler.cr:30:7 in 'call'
|   from /home/uzumaki/.local/share/mise/installs/crystal/1.21.0/share/crystal/src/http/server/request_processor.cr:58:11 in 'handle_client'
|   from /home/uzumaki/.local/share/mise/installs/crystal/1.21.0/share/crystal/src/fiber.cr:168:11 in 'run'
|   from ???
| Caused by: write (#<TCPSocket:0x72b350421000>): Broken pipe (IO::Error)
|   from /home/uzumaki/.local/share/mise/installs/crystal/1.21.0/share/crystal/src/gc/boehm.cr:193:7 in 'unbuffered_write'
|   from /home/uzumaki/.local/share/mise/installs/crystal/1.21.0/share/crystal/src/http/server/response.cr:282:11 in 'unbuffered_write'
|   from lib/kemal/src/kemal/route_handler.cr:174:7 in 'call'
|   from lib/kemal/src/kemal/filter_handler.cr:46:7 in 'call'
|   from /home/uzumaki/.local/share/mise/installs/crystal/1.21.0/share/crystal/src/http/server/handler.cr:30:7 in 'call'
|   from /home/uzumaki/.local/share/mise/installs/crystal/1.21.0/share/crystal/src/http/server/handler.cr:30:7 in 'call'
|   from /home/uzumaki/.local/share/mise/installs/crystal/1.21.0/share/crystal/src/http/server/request_processor.cr:58:11 in 'handle_client'
|   from /home/uzumaki/.local/share/mise/installs/crystal/1.21.0/share/crystal/src/fiber.cr:168:11 in 'run'
|   from ???
ERR 2026-08-04T17:29:19.030Z > Unhandled exception on HTTP::Handler
| Closed stream (IO::Error)
|   from /home/uzumaki/.local/share/mise/installs/crystal/1.21.0/share/crystal/src/http/server/response.cr:215:15 in 'content_type='
|   from lib/kemal/src/kemal/helpers/templates.cr:25:3 in 'render_500'
|   from lib/kemal/src/kemal/exception_handler.cr:34:7 in 'call'
|   from /home/uzumaki/.local/share/mise/installs/crystal/1.21.0/share/crystal/src/http/server/handler.cr:30:7 in 'call'
|   from /home/uzumaki/.local/share/mise/installs/crystal/1.21.0/share/crystal/src/http/server/request_processor.cr:58:11 in 'handle_client'
|   from /home/uzumaki/.local/share/mise/installs/crystal/1.21.0/share/crystal/src/fiber.cr:168:11 in 'run'
|   from ???
ERR 2026-08-04T17:29:19.030Z > Error while writing data to the client
| Error while writing data to the client (HTTP::Server::ClientError)
|   from /home/uzumaki/.local/share/mise/installs/crystal/1.21.0/share/crystal/src/http/server/response.cr:266:9 in 'unbuffered_write'
|   from lib/kemal/src/kemal/route_handler.cr:174:7 in 'call'
|   from lib/kemal/src/kemal/filter_handler.cr:46:7 in 'call'
|   from /home/uzumaki/.local/share/mise/installs/crystal/1.21.0/share/crystal/src/http/server/handler.cr:30:7 in 'call'
|   from /home/uzumaki/.local/share/mise/installs/crystal/1.21.0/share/crystal/src/http/server/handler.cr:30:7 in 'call'
|   from /home/uzumaki/.local/share/mise/installs/crystal/1.21.0/share/crystal/src/http/server/request_processor.cr:58:11 in 'handle_client'
|   from /home/uzumaki/.local/share/mise/installs/crystal/1.21.0/share/crystal/src/fiber.cr:168:11 in 'run'
|   from ???
| Caused by: write (#<TCPSocket:0x72b35a73f000>): Broken pipe (IO::Error)
|   from /home/uzumaki/.local/share/mise/installs/crystal/1.21.0/share/crystal/src/gc/boehm.cr:193:7 in 'unbuffered_write'
|   from /home/uzumaki/.local/share/mise/installs/crystal/1.21.0/share/crystal/src/http/server/response.cr:282:11 in 'unbuffered_write'
|   from lib/kemal/src/kemal/route_handler.cr:174:7 in 'call'
|   from lib/kemal/src/kemal/filter_handler.cr:46:7 in 'call'
|   from /home/uzumaki/.local/share/mise/installs/crystal/1.21.0/share/crystal/src/http/server/handler.cr:30:7 in 'call'
|   from /home/uzumaki/.local/share/mise/installs/crystal/1.21.0/share/crystal/src/http/server/handler.cr:30:7 in 'call'
|   from /home/uzumaki/.local/share/mise/installs/crystal/1.21.0/share/crystal/src/http/server/request_processor.cr:58:11 in 'handle_client'
|   from /home/uzumaki/.local/share/mise/installs/crystal/1.21.0/share/crystal/src/fiber.cr:168:11 in 'run'
|   from ???
ERR 2026-08-04T17:29:19.030Z > Unhandled exception on HTTP::Handler
| Closed stream (IO::Error)
|   from /home/uzumaki/.local/share/mise/installs/crystal/1.21.0/share/crystal/src/http/server/response.cr:215:15 in 'content_type='
|   from lib/kemal/src/kemal/helpers/templates.cr:25:3 in 'render_500'
|   from lib/kemal/src/kemal/exception_handler.cr:34:7 in 'call'
|   from /home/uzumaki/.local/share/mise/installs/crystal/1.21.0/share/crystal/src/http/server/handler.cr:30:7 in 'call'
|   from /home/uzumaki/.local/share/mise/installs/crystal/1.21.0/share/crystal/src/http/server/request_processor.cr:58:11 in 'handle_client'
|   from /home/uzumaki/.local/share/mise/installs/crystal/1.21.0/share/crystal/src/fiber.cr:168:11 in 'run'
|   from ???
ERR 2026-08-04T17:29:19.031Z > Error while writing data to the client
| Error while writing data to the client (HTTP::Server::ClientError)
|   from /home/uzumaki/.local/share/mise/installs/crystal/1.21.0/share/crystal/src/http/server/response.cr:266:9 in 'unbuffered_write'
|   from lib/kemal/src/kemal/route_handler.cr:174:7 in 'call'
|   from lib/kemal/src/kemal/filter_handler.cr:46:7 in 'call'
|   from /home/uzumaki/.local/share/mise/installs/crystal/1.21.0/share/crystal/src/http/server/handler.cr:30:7 in 'call'
|   from /home/uzumaki/.local/share/mise/installs/crystal/1.21.0/share/crystal/src/http/server/handler.cr:30:7 in 'call'
|   from /home/uzumaki/.local/share/mise/installs/crystal/1.21.0/share/crystal/src/http/server/request_processor.cr:58:11 in 'handle_client'
|   from /home/uzumaki/.local/share/mise/installs/crystal/1.21.0/share/crystal/src/fiber.cr:168:11 in 'run'
|   from ???
| Caused by: write (#<TCPSocket:0x72b35a73f280>): Broken pipe (IO::Error)
|   from /home/uzumaki/.local/share/mise/installs/crystal/1.21.0/share/crystal/src/gc/boehm.cr:193:7 in 'unbuffered_write'
|   from /home/uzumaki/.local/share/mise/installs/crystal/1.21.0/share/crystal/src/http/server/response.cr:282:11 in 'unbuffered_write'
|   from lib/kemal/src/kemal/route_handler.cr:174:7 in 'call'
|   from lib/kemal/src/kemal/filter_handler.cr:46:7 in 'call'
|   from /home/uzumaki/.local/share/mise/installs/crystal/1.21.0/share/crystal/src/http/server/handler.cr:30:7 in 'call'
|   from /home/uzumaki/.local/share/mise/installs/crystal/1.21.0/share/crystal/src/http/server/handler.cr:30:7 in 'call'
|   from /home/uzumaki/.local/share/mise/installs/crystal/1.21.0/share/crystal/src/http/server/request_processor.cr:58:11 in 'handle_client'
|   from /home/uzumaki/.local/share/mise/installs/crystal/1.21.0/share/crystal/src/fiber.cr:168:11 in 'run'
|   from ???
ERR 2026-08-04T17:29:19.031Z > Unhandled exception on HTTP::Handler
| Closed stream (IO::Error)
|   from /home/uzumaki/.local/share/mise/installs/crystal/1.21.0/share/crystal/src/http/server/response.cr:215:15 in 'content_type='
|   from lib/kemal/src/kemal/helpers/templates.cr:25:3 in 'render_500'
|   from lib/kemal/src/kemal/exception_handler.cr:34:7 in 'call'
|   from /home/uzumaki/.local/share/mise/installs/crystal/1.21.0/share/crystal/src/http/server/handler.cr:30:7 in 'call'
|   from /home/uzumaki/.local/share/mise/installs/crystal/1.21.0/share/crystal/src/http/server/request_processor.cr:58:11 in 'handle_client'
|   from /home/uzumaki/.local/share/mise/installs/crystal/1.21.0/share/crystal/src/fiber.cr:168:11 in 'run'
|   from ???
ERR 2026-08-04T17:29:19.031Z > Error while writing data to the client
| Error while writing data to the client (HTTP::Server::ClientError)
|   from /home/uzumaki/.local/share/mise/installs/crystal/1.21.0/share/crystal/src/http/server/response.cr:266:9 in 'unbuffered_write'
|   from lib/kemal/src/kemal/route_handler.cr:174:7 in 'call'
|   from lib/kemal/src/kemal/filter_handler.cr:46:7 in 'call'
|   from /home/uzumaki/.local/share/mise/installs/crystal/1.21.0/share/crystal/src/http/server/handler.cr:30:7 in 'call'
|   from /home/uzumaki/.local/share/mise/installs/crystal/1.21.0/share/crystal/src/http/server/handler.cr:30:7 in 'call'
|   from /home/uzumaki/.local/share/mise/installs/crystal/1.21.0/share/crystal/src/http/server/request_processor.cr:58:11 in 'handle_client'
|   from /home/uzumaki/.local/share/mise/installs/crystal/1.21.0/share/crystal/src/fiber.cr:168:11 in 'run'
|   from ???
| Caused by: write (#<TCPSocket:0x72b350689a00>): Broken pipe (IO::Error)
|   from /home/uzumaki/.local/share/mise/installs/crystal/1.21.0/share/crystal/src/gc/boehm.cr:193:7 in 'unbuffered_write'
|   from /home/uzumaki/.local/share/mise/installs/crystal/1.21.0/share/crystal/src/http/server/response.cr:282:11 in 'unbuffered_write'
|   from lib/kemal/src/kemal/route_handler.cr:174:7 in 'call'
|   from lib/kemal/src/kemal/filter_handler.cr:46:7 in 'call'
|   from /home/uzumaki/.local/share/mise/installs/crystal/1.21.0/share/crystal/src/http/server/handler.cr:30:7 in 'call'
|   from /home/uzumaki/.local/share/mise/installs/crystal/1.21.0/share/crystal/src/http/server/handler.cr:30:7 in 'call'
|   from /home/uzumaki/.local/share/mise/installs/crystal/1.21.0/share/crystal/src/http/server/request_processor.cr:58:11 in 'handle_client'
|   from /home/uzumaki/.local/share/mise/installs/crystal/1.21.0/share/crystal/src/fiber.cr:168:11 in 'run'
|   from ???
ERR 2026-08-04T17:29:19.031Z > Unhandled exception on HTTP::Handler
| Closed stream (IO::Error)
|   from /home/uzumaki/.local/share/mise/installs/crystal/1.21.0/share/crystal/src/http/server/response.cr:215:15 in 'content_type='
|   from lib/kemal/src/kemal/helpers/templates.cr:25:3 in 'render_500'
|   from lib/kemal/src/kemal/exception_handler.cr:34:7 in 'call'
|   from /home/uzumaki/.local/share/mise/installs/crystal/1.21.0/share/crystal/src/http/server/handler.cr:30:7 in 'call'
|   from /home/uzumaki/.local/share/mise/installs/crystal/1.21.0/share/crystal/src/http/server/request_processor.cr:58:11 in 'handle_client'
|   from /home/uzumaki/.local/share/mise/installs/crystal/1.21.0/share/crystal/src/fiber.cr:168:11 in 'run'
|   from ???
ERR 2026-08-04T17:29:19.035Z > Error while writing data to the client
| Error while writing data to the client (HTTP::Server::ClientError)
|   from /home/uzumaki/.local/share/mise/installs/crystal/1.21.0/share/crystal/src/http/server/response.cr:266:9 in 'unbuffered_write'
|   from lib/kemal/src/kemal/route_handler.cr:174:7 in 'call'
|   from lib/kemal/src/kemal/filter_handler.cr:46:7 in 'call'
|   from /home/uzumaki/.local/share/mise/installs/crystal/1.21.0/share/crystal/src/http/server/handler.cr:30:7 in 'call'
|   from /home/uzumaki/.local/share/mise/installs/crystal/1.21.0/share/crystal/src/http/server/handler.cr:30:7 in 'call'
|   from /home/uzumaki/.local/share/mise/installs/crystal/1.21.0/share/crystal/src/http/server/request_processor.cr:58:11 in 'handle_client'
|   from /home/uzumaki/.local/share/mise/installs/crystal/1.21.0/share/crystal/src/fiber.cr:168:11 in 'run'
|   from ???
| Caused by: write (#<TCPSocket:0x72b35a73e640>): Broken pipe (IO::Error)
|   from /home/uzumaki/.local/share/mise/installs/crystal/1.21.0/share/crystal/src/gc/boehm.cr:193:7 in 'unbuffered_write'
|   from /home/uzumaki/.local/share/mise/installs/crystal/1.21.0/share/crystal/src/http/server/response.cr:282:11 in 'unbuffered_write'
|   from lib/kemal/src/kemal/route_handler.cr:174:7 in 'call'
|   from lib/kemal/src/kemal/filter_handler.cr:46:7 in 'call'
|   from /home/uzumaki/.local/share/mise/installs/crystal/1.21.0/share/crystal/src/http/server/handler.cr:30:7 in 'call'
|   from /home/uzumaki/.local/share/mise/installs/crystal/1.21.0/share/crystal/src/http/server/handler.cr:30:7 in 'call'
|   from /home/uzumaki/.local/share/mise/installs/crystal/1.21.0/share/crystal/src/http/server/request_processor.cr:58:11 in 'handle_client'
|   from /home/uzumaki/.local/share/mise/installs/crystal/1.21.0/share/crystal/src/fiber.cr:168:11 in 'run'
|   from ???
ERR 2026-08-04T17:29:19.035Z > Unhandled exception on HTTP::Handler
| Closed stream (IO::Error)
|   from /home/uzumaki/.local/share/mise/installs/crystal/1.21.0/share/crystal/src/http/server/response.cr:215:15 in 'content_type='
|   from lib/kemal/src/kemal/helpers/templates.cr:25:3 in 'render_500'
|   from lib/kemal/src/kemal/exception_handler.cr:34:7 in 'call'
|   from /home/uzumaki/.local/share/mise/installs/crystal/1.21.0/share/crystal/src/http/server/handler.cr:30:7 in 'call'
|   from /home/uzumaki/.local/share/mise/installs/crystal/1.21.0/share/crystal/src/http/server/request_processor.cr:58:11 in 'handle_client'
|   from /home/uzumaki/.local/share/mise/installs/crystal/1.21.0/share/crystal/src/fiber.cr:168:11 in 'run'
|   from ???
ERR 2026-08-04T17:29:19.035Z > Error while writing data to the client
| Error while writing data to the client (HTTP::Server::ClientError)
|   from /home/uzumaki/.local/share/mise/installs/crystal/1.21.0/share/crystal/src/http/server/response.cr:266:9 in 'unbuffered_write'
|   from lib/kemal/src/kemal/route_handler.cr:174:7 in 'call'
|   from lib/kemal/src/kemal/filter_handler.cr:46:7 in 'call'
|   from /home/uzumaki/.local/share/mise/installs/crystal/1.21.0/share/crystal/src/http/server/handler.cr:30:7 in 'call'
|   from /home/uzumaki/.local/share/mise/installs/crystal/1.21.0/share/crystal/src/http/server/handler.cr:30:7 in 'call'
|   from /home/uzumaki/.local/share/mise/installs/crystal/1.21.0/share/crystal/src/http/server/request_processor.cr:58:11 in 'handle_client'
|   from /home/uzumaki/.local/share/mise/installs/crystal/1.21.0/share/crystal/src/fiber.cr:168:11 in 'run'
|   from ???
| Caused by: write (#<TCPSocket:0x72b350677a00>): Broken pipe (IO::Error)
|   from /home/uzumaki/.local/share/mise/installs/crystal/1.21.0/share/crystal/src/gc/boehm.cr:193:7 in 'unbuffered_write'
|   from /home/uzumaki/.local/share/mise/installs/crystal/1.21.0/share/crystal/src/http/server/response.cr:282:11 in 'unbuffered_write'
|   from lib/kemal/src/kemal/route_handler.cr:174:7 in 'call'
|   from lib/kemal/src/kemal/filter_handler.cr:46:7 in 'call'
|   from /home/uzumaki/.local/share/mise/installs/crystal/1.21.0/share/crystal/src/http/server/handler.cr:30:7 in 'call'
|   from /home/uzumaki/.local/share/mise/installs/crystal/1.21.0/share/crystal/src/http/server/handler.cr:30:7 in 'call'
|   from /home/uzumaki/.local/share/mise/installs/crystal/1.21.0/share/crystal/src/http/server/request_processor.cr:58:11 in 'handle_client'
|   from /home/uzumaki/.local/share/mise/installs/crystal/1.21.0/share/crystal/src/fiber.cr:168:11 in 'run'
|   from ???
ERR 2026-08-04T17:29:19.035Z > Unhandled exception on HTTP::Handler
| Closed stream (IO::Error)
|   from /home/uzumaki/.local/share/mise/installs/crystal/1.21.0/share/crystal/src/http/server/response.cr:215:15 in 'content_type='
|   from lib/kemal/src/kemal/helpers/templates.cr:25:3 in 'render_500'
|   from lib/kemal/src/kemal/exception_handler.cr:34:7 in 'call'
|   from /home/uzumaki/.local/share/mise/installs/crystal/1.21.0/share/crystal/src/http/server/handler.cr:30:7 in 'call'
|   from /home/uzumaki/.local/share/mise/installs/crystal/1.21.0/share/crystal/src/http/server/request_processor.cr:58:11 in 'handle_client'
|   from /home/uzumaki/.local/share/mise/installs/crystal/1.21.0/share/crystal/src/fiber.cr:168:11 in 'run'
|   from ???
ERR 2026-08-04T17:29:19.035Z > Error while writing data to the client
| Error while writing data to the client (HTTP::Server::ClientError)
|   from /home/uzumaki/.local/share/mise/installs/crystal/1.21.0/share/crystal/src/http/server/response.cr:266:9 in 'unbuffered_write'
|   from lib/kemal/src/kemal/route_handler.cr:174:7 in 'call'
|   from lib/kemal/src/kemal/filter_handler.cr:46:7 in 'call'
|   from /home/uzumaki/.local/share/mise/installs/crystal/1.21.0/share/crystal/src/http/server/handler.cr:30:7 in 'call'
|   from /home/uzumaki/.local/share/mise/installs/crystal/1.21.0/share/crystal/src/http/server/handler.cr:30:7 in 'call'
|   from /home/uzumaki/.local/share/mise/installs/crystal/1.21.0/share/crystal/src/http/server/request_processor.cr:58:11 in 'handle_client'
|   from /home/uzumaki/.local/share/mise/installs/crystal/1.21.0/share/crystal/src/fiber.cr:168:11 in 'run'
|   from ???
| Caused by: write (#<TCPSocket:0x72b350684dc0>): Broken pipe (IO::Error)
|   from /home/uzumaki/.local/share/mise/installs/crystal/1.21.0/share/crystal/src/gc/boehm.cr:193:7 in 'unbuffered_write'
|   from /home/uzumaki/.local/share/mise/installs/crystal/1.21.0/share/crystal/src/http/server/response.cr:282:11 in 'unbuffered_write'
|   from lib/kemal/src/kemal/route_handler.cr:174:7 in 'call'
|   from lib/kemal/src/kemal/filter_handler.cr:46:7 in 'call'
|   from /home/uzumaki/.local/share/mise/installs/crystal/1.21.0/share/crystal/src/http/server/handler.cr:30:7 in 'call'
|   from /home/uzumaki/.local/share/mise/installs/crystal/1.21.0/share/crystal/src/http/server/handler.cr:30:7 in 'call'
|   from /home/uzumaki/.local/share/mise/installs/crystal/1.21.0/share/crystal/src/http/server/request_processor.cr:58:11 in 'handle_client'
|   from /home/uzumaki/.local/share/mise/installs/crystal/1.21.0/share/crystal/src/fiber.cr:168:11 in 'run'
|   from ???
ERR 2026-08-04T17:29:19.035Z > Unhandled exception on HTTP::Handler
| Closed stream (IO::Error)
|   from /home/uzumaki/.local/share/mise/installs/crystal/1.21.0/share/crystal/src/http/server/response.cr:215:15 in 'content_type='
|   from lib/kemal/src/kemal/helpers/templates.cr:25:3 in 'render_500'
|   from lib/kemal/src/kemal/exception_handler.cr:34:7 in 'call'
|   from /home/uzumaki/.local/share/mise/installs/crystal/1.21.0/share/crystal/src/http/server/handler.cr:30:7 in 'call'
|   from /home/uzumaki/.local/share/mise/installs/crystal/1.21.0/share/crystal/src/http/server/request_processor.cr:58:11 in 'handle_client'
|   from /home/uzumaki/.local/share/mise/installs/crystal/1.21.0/share/crystal/src/fiber.cr:168:11 in 'run'
|   from ???
ERR 2026-08-04T17:29:19.036Z > Error while writing data to the client
| Error while writing data to the client (HTTP::Server::ClientError)
|   from /home/uzumaki/.local/share/mise/installs/crystal/1.21.0/share/crystal/src/http/server/response.cr:266:9 in 'unbuffered_write'
|   from lib/kemal/src/kemal/route_handler.cr:174:7 in 'call'
|   from lib/kemal/src/kemal/filter_handler.cr:46:7 in 'call'
|   from /home/uzumaki/.local/share/mise/installs/crystal/1.21.0/share/crystal/src/http/server/handler.cr:30:7 in 'call'
|   from /home/uzumaki/.local/share/mise/installs/crystal/1.21.0/share/crystal/src/http/server/handler.cr:30:7 in 'call'
|   from /home/uzumaki/.local/share/mise/installs/crystal/1.21.0/share/crystal/src/http/server/request_processor.cr:58:11 in 'handle_client'
|   from /home/uzumaki/.local/share/mise/installs/crystal/1.21.0/share/crystal/src/fiber.cr:168:11 in 'run'
|   from ???
| Caused by: write (#<TCPSocket:0x72b350421c80>): Broken pipe (IO::Error)
|   from /home/uzumaki/.local/share/mise/installs/crystal/1.21.0/share/crystal/src/gc/boehm.cr:193:7 in 'unbuffered_write'
|   from /home/uzumaki/.local/share/mise/installs/crystal/1.21.0/share/crystal/src/http/server/response.cr:282:11 in 'unbuffered_write'
|   from lib/kemal/src/kemal/route_handler.cr:174:7 in 'call'
|   from lib/kemal/src/kemal/filter_handler.cr:46:7 in 'call'
|   from /home/uzumaki/.local/share/mise/installs/crystal/1.21.0/share/crystal/src/http/server/handler.cr:30:7 in 'call'
|   from /home/uzumaki/.local/share/mise/installs/crystal/1.21.0/share/crystal/src/http/server/handler.cr:30:7 in 'call'
|   from /home/uzumaki/.local/share/mise/installs/crystal/1.21.0/share/crystal/src/http/server/request_processor.cr:58:11 in 'handle_client'
|   from /home/uzumaki/.local/share/mise/installs/crystal/1.21.0/share/crystal/src/fiber.cr:168:11 in 'run'
|   from ???
ERR 2026-08-04T17:29:19.036Z > Unhandled exception on HTTP::Handler
| Closed stream (IO::Error)
|   from /home/uzumaki/.local/share/mise/installs/crystal/1.21.0/share/crystal/src/http/server/response.cr:215:15 in 'content_type='
|   from lib/kemal/src/kemal/helpers/templates.cr:25:3 in 'render_500'
|   from lib/kemal/src/kemal/exception_handler.cr:34:7 in 'call'
|   from /home/uzumaki/.local/share/mise/installs/crystal/1.21.0/share/crystal/src/http/server/handler.cr:30:7 in 'call'
|   from /home/uzumaki/.local/share/mise/installs/crystal/1.21.0/share/crystal/src/http/server/request_processor.cr:58:11 in 'handle_client'
|   from /home/uzumaki/.local/share/mise/installs/crystal/1.21.0/share/crystal/src/fiber.cr:168:11 in 'run'
|   from ???
ERR 2026-08-04T17:29:19.036Z > Error while writing data to the client
| Error while writing data to the client (HTTP::Server::ClientError)
|   from /home/uzumaki/.local/share/mise/installs/crystal/1.21.0/share/crystal/src/http/server/response.cr:266:9 in 'unbuffered_write'
|   from lib/kemal/src/kemal/route_handler.cr:174:7 in 'call'
|   from lib/kemal/src/kemal/filter_handler.cr:46:7 in 'call'
|   from /home/uzumaki/.local/share/mise/installs/crystal/1.21.0/share/crystal/src/http/server/handler.cr:30:7 in 'call'
|   from /home/uzumaki/.local/share/mise/installs/crystal/1.21.0/share/crystal/src/http/server/handler.cr:30:7 in 'call'
|   from /home/uzumaki/.local/share/mise/installs/crystal/1.21.0/share/crystal/src/http/server/request_processor.cr:58:11 in 'handle_client'
|   from /home/uzumaki/.local/share/mise/installs/crystal/1.21.0/share/crystal/src/fiber.cr:168:11 in 'run'
|   from ???
| Caused by: write (#<TCPSocket:0x72b35a73e500>): Broken pipe (IO::Error)
|   from /home/uzumaki/.local/share/mise/installs/crystal/1.21.0/share/crystal/src/gc/boehm.cr:193:7 in 'unbuffered_write'
|   from /home/uzumaki/.local/share/mise/installs/crystal/1.21.0/share/crystal/src/http/server/response.cr:282:11 in 'unbuffered_write'
|   from lib/kemal/src/kemal/route_handler.cr:174:7 in 'call'
|   from lib/kemal/src/kemal/filter_handler.cr:46:7 in 'call'
|   from /home/uzumaki/.local/share/mise/installs/crystal/1.21.0/share/crystal/src/http/server/handler.cr:30:7 in 'call'
|   from /home/uzumaki/.local/share/mise/installs/crystal/1.21.0/share/crystal/src/http/server/handler.cr:30:7 in 'call'
|   from /home/uzumaki/.local/share/mise/installs/crystal/1.21.0/share/crystal/src/http/server/request_processor.cr:58:11 in 'handle_client'
|   from /home/uzumaki/.local/share/mise/installs/crystal/1.21.0/share/crystal/src/fiber.cr:168:11 in 'run'
|   from ???
ERR 2026-08-04T17:29:19.036Z > Unhandled exception on HTTP::Handler
| Closed stream (IO::Error)
|   from /home/uzumaki/.local/share/mise/installs/crystal/1.21.0/share/crystal/src/http/server/response.cr:215:15 in 'content_type='
|   from lib/kemal/src/kemal/helpers/templates.cr:25:3 in 'render_500'
|   from lib/kemal/src/kemal/exception_handler.cr:34:7 in 'call'
|   from /home/uzumaki/.local/share/mise/installs/crystal/1.21.0/share/crystal/src/http/server/handler.cr:30:7 in 'call'
|   from /home/uzumaki/.local/share/mise/installs/crystal/1.21.0/share/crystal/src/http/server/request_processor.cr:58:11 in 'handle_client'
|   from /home/uzumaki/.local/share/mise/installs/crystal/1.21.0/share/crystal/src/fiber.cr:168:11 in 'run'
|   from ???
ERR 2026-08-04T17:29:19.059Z > Error while writing data to the client
| Error while writing data to the client (HTTP::Server::ClientError)
|   from /home/uzumaki/.local/share/mise/installs/crystal/1.21.0/share/crystal/src/http/server/response.cr:266:9 in 'unbuffered_write'
|   from lib/kemal/src/kemal/route_handler.cr:174:7 in 'call'
|   from lib/kemal/src/kemal/filter_handler.cr:46:7 in 'call'
|   from /home/uzumaki/.local/share/mise/installs/crystal/1.21.0/share/crystal/src/http/server/handler.cr:30:7 in 'call'
|   from /home/uzumaki/.local/share/mise/installs/crystal/1.21.0/share/crystal/src/http/server/handler.cr:30:7 in 'call'
|   from /home/uzumaki/.local/share/mise/installs/crystal/1.21.0/share/crystal/src/http/server/request_processor.cr:58:11 in 'handle_client'
|   from /home/uzumaki/.local/share/mise/installs/crystal/1.21.0/share/crystal/src/fiber.cr:168:11 in 'run'
|   from ???
| Caused by: write (#<TCPSocket:0x72b35a73f140>): Broken pipe (IO::Error)
|   from /home/uzumaki/.local/share/mise/installs/crystal/1.21.0/share/crystal/src/gc/boehm.cr:193:7 in 'unbuffered_write'
|   from /home/uzumaki/.local/share/mise/installs/crystal/1.21.0/share/crystal/src/http/server/response.cr:282:11 in 'unbuffered_write'
|   from lib/kemal/src/kemal/route_handler.cr:174:7 in 'call'
|   from lib/kemal/src/kemal/filter_handler.cr:46:7 in 'call'
|   from /home/uzumaki/.local/share/mise/installs/crystal/1.21.0/share/crystal/src/http/server/handler.cr:30:7 in 'call'
|   from /home/uzumaki/.local/share/mise/installs/crystal/1.21.0/share/crystal/src/http/server/handler.cr:30:7 in 'call'
|   from /home/uzumaki/.local/share/mise/installs/crystal/1.21.0/share/crystal/src/http/server/request_processor.cr:58:11 in 'handle_client'
|   from /home/uzumaki/.local/share/mise/installs/crystal/1.21.0/share/crystal/src/fiber.cr:168:11 in 'run'
|   from ???
ERR 2026-08-04T17:29:19.059Z > Unhandled exception on HTTP::Handler
| Closed stream (IO::Error)
|   from /home/uzumaki/.local/share/mise/installs/crystal/1.21.0/share/crystal/src/http/server/response.cr:215:15 in 'content_type='
|   from lib/kemal/src/kemal/helpers/templates.cr:25:3 in 'render_500'
|   from lib/kemal/src/kemal/exception_handler.cr:34:7 in 'call'
|   from /home/uzumaki/.local/share/mise/installs/crystal/1.21.0/share/crystal/src/http/server/handler.cr:30:7 in 'call'
|   from /home/uzumaki/.local/share/mise/installs/crystal/1.21.0/share/crystal/src/http/server/request_processor.cr:58:11 in 'handle_client'
|   from /home/uzumaki/.local/share/mise/installs/crystal/1.21.0/share/crystal/src/fiber.cr:168:11 in 'run'
|   from ???
ERR 2026-08-04T17:29:19.059Z > Error while writing data to the client
| Error while writing data to the client (HTTP::Server::ClientError)
|   from /home/uzumaki/.local/share/mise/installs/crystal/1.21.0/share/crystal/src/http/server/response.cr:266:9 in 'unbuffered_write'
|   from lib/kemal/src/kemal/route_handler.cr:174:7 in 'call'
|   from lib/kemal/src/kemal/filter_handler.cr:46:7 in 'call'
|   from /home/uzumaki/.local/share/mise/installs/crystal/1.21.0/share/crystal/src/http/server/handler.cr:30:7 in 'call'
|   from /home/uzumaki/.local/share/mise/installs/crystal/1.21.0/share/crystal/src/http/server/handler.cr:30:7 in 'call'
|   from /home/uzumaki/.local/share/mise/installs/crystal/1.21.0/share/crystal/src/http/server/request_processor.cr:58:11 in 'handle_client'
|   from /home/uzumaki/.local/share/mise/installs/crystal/1.21.0/share/crystal/src/fiber.cr:168:11 in 'run'
|   from ???
| Caused by: write (#<TCPSocket:0x72b350689500>): Broken pipe (IO::Error)
|   from /home/uzumaki/.local/share/mise/installs/crystal/1.21.0/share/crystal/src/gc/boehm.cr:193:7 in 'unbuffered_write'
|   from /home/uzumaki/.local/share/mise/installs/crystal/1.21.0/share/crystal/src/http/server/response.cr:282:11 in 'unbuffered_write'
|   from lib/kemal/src/kemal/route_handler.cr:174:7 in 'call'
|   from lib/kemal/src/kemal/filter_handler.cr:46:7 in 'call'
|   from /home/uzumaki/.local/share/mise/installs/crystal/1.21.0/share/crystal/src/http/server/handler.cr:30:7 in 'call'
|   from /home/uzumaki/.local/share/mise/installs/crystal/1.21.0/share/crystal/src/http/server/handler.cr:30:7 in 'call'
|   from /home/uzumaki/.local/share/mise/installs/crystal/1.21.0/share/crystal/src/http/server/request_processor.cr:58:11 in 'handle_client'
|   from /home/uzumaki/.local/share/mise/installs/crystal/1.21.0/share/crystal/src/fiber.cr:168:11 in 'run'
|   from ???
ERR 2026-08-04T17:29:19.059Z > Unhandled exception on HTTP::Handler
| Closed stream (IO::Error)
|   from /home/uzumaki/.local/share/mise/installs/crystal/1.21.0/share/crystal/src/http/server/response.cr:215:15 in 'content_type='
|   from lib/kemal/src/kemal/helpers/templates.cr:25:3 in 'render_500'
|   from lib/kemal/src/kemal/exception_handler.cr:34:7 in 'call'
|   from /home/uzumaki/.local/share/mise/installs/crystal/1.21.0/share/crystal/src/http/server/handler.cr:30:7 in 'call'
|   from /home/uzumaki/.local/share/mise/installs/crystal/1.21.0/share/crystal/src/http/server/request_processor.cr:58:11 in 'handle_client'
|   from /home/uzumaki/.local/share/mise/installs/crystal/1.21.0/share/crystal/src/fiber.cr:168:11 in 'run'
|   from ???
ERR 2026-08-04T17:29:19.060Z > Error while writing data to the client
| Error while writing data to the client (HTTP::Server::ClientError)
|   from /home/uzumaki/.local/share/mise/installs/crystal/1.21.0/share/crystal/src/http/server/response.cr:266:9 in 'unbuffered_write'
|   from lib/kemal/src/kemal/route_handler.cr:174:7 in 'call'
|   from lib/kemal/src/kemal/filter_handler.cr:46:7 in 'call'
|   from /home/uzumaki/.local/share/mise/installs/crystal/1.21.0/share/crystal/src/http/server/handler.cr:30:7 in 'call'
|   from /home/uzumaki/.local/share/mise/installs/crystal/1.21.0/share/crystal/src/http/server/handler.cr:30:7 in 'call'
|   from /home/uzumaki/.local/share/mise/installs/crystal/1.21.0/share/crystal/src/http/server/request_processor.cr:58:11 in 'handle_client'
|   from /home/uzumaki/.local/share/mise/installs/crystal/1.21.0/share/crystal/src/fiber.cr:168:11 in 'run'
|   from ???
| Caused by: write (#<TCPSocket:0x72b3503c9dc0>): Broken pipe (IO::Error)
|   from /home/uzumaki/.local/share/mise/installs/crystal/1.21.0/share/crystal/src/gc/boehm.cr:193:7 in 'unbuffered_write'
|   from /home/uzumaki/.local/share/mise/installs/crystal/1.21.0/share/crystal/src/http/server/response.cr:282:11 in 'unbuffered_write'
|   from lib/kemal/src/kemal/route_handler.cr:174:7 in 'call'
|   from lib/kemal/src/kemal/filter_handler.cr:46:7 in 'call'
|   from /home/uzumaki/.local/share/mise/installs/crystal/1.21.0/share/crystal/src/http/server/handler.cr:30:7 in 'call'
|   from /home/uzumaki/.local/share/mise/installs/crystal/1.21.0/share/crystal/src/http/server/handler.cr:30:7 in 'call'
|   from /home/uzumaki/.local/share/mise/installs/crystal/1.21.0/share/crystal/src/http/server/request_processor.cr:58:11 in 'handle_client'
|   from /home/uzumaki/.local/share/mise/installs/crystal/1.21.0/share/crystal/src/fiber.cr:168:11 in 'run'
|   from ???
ERR 2026-08-04T17:29:19.060Z > Unhandled exception on HTTP::Handler
| Closed stream (IO::Error)
|   from /home/uzumaki/.local/share/mise/installs/crystal/1.21.0/share/crystal/src/http/server/response.cr:215:15 in 'content_type='
|   from lib/kemal/src/kemal/helpers/templates.cr:25:3 in 'render_500'
|   from lib/kemal/src/kemal/exception_handler.cr:34:7 in 'call'
|   from /home/uzumaki/.local/share/mise/installs/crystal/1.21.0/share/crystal/src/http/server/handler.cr:30:7 in 'call'
|   from /home/uzumaki/.local/share/mise/installs/crystal/1.21.0/share/crystal/src/http/server/request_processor.cr:58:11 in 'handle_client'
|   from /home/uzumaki/.local/share/mise/installs/crystal/1.21.0/share/crystal/src/fiber.cr:168:11 in 'run'
|   from ???
ERR 2026-08-04T17:29:19.060Z > Error while writing data to the client
| Error while writing data to the client (HTTP::Server::ClientError)
|   from /home/uzumaki/.local/share/mise/installs/crystal/1.21.0/share/crystal/src/http/server/response.cr:266:9 in 'unbuffered_write'
|   from lib/kemal/src/kemal/route_handler.cr:174:7 in 'call'
|   from lib/kemal/src/kemal/filter_handler.cr:46:7 in 'call'
|   from /home/uzumaki/.local/share/mise/installs/crystal/1.21.0/share/crystal/src/http/server/handler.cr:30:7 in 'call'
|   from /home/uzumaki/.local/share/mise/installs/crystal/1.21.0/share/crystal/src/http/server/handler.cr:30:7 in 'call'
|   from /home/uzumaki/.local/share/mise/installs/crystal/1.21.0/share/crystal/src/http/server/request_processor.cr:58:11 in 'handle_client'
|   from /home/uzumaki/.local/share/mise/installs/crystal/1.21.0/share/crystal/src/fiber.cr:168:11 in 'run'
|   from ???
| Caused by: write (#<TCPSocket:0x72b35a73f3c0>): Broken pipe (IO::Error)
|   from /home/uzumaki/.local/share/mise/installs/crystal/1.21.0/share/crystal/src/gc/boehm.cr:193:7 in 'unbuffered_write'
|   from /home/uzumaki/.local/share/mise/installs/crystal/1.21.0/share/crystal/src/http/server/response.cr:282:11 in 'unbuffered_write'
|   from lib/kemal/src/kemal/route_handler.cr:174:7 in 'call'
|   from lib/kemal/src/kemal/filter_handler.cr:46:7 in 'call'
|   from /home/uzumaki/.local/share/mise/installs/crystal/1.21.0/share/crystal/src/http/server/handler.cr:30:7 in 'call'
|   from /home/uzumaki/.local/share/mise/installs/crystal/1.21.0/share/crystal/src/http/server/handler.cr:30:7 in 'call'
|   from /home/uzumaki/.local/share/mise/installs/crystal/1.21.0/share/crystal/src/http/server/request_processor.cr:58:11 in 'handle_client'
|   from /home/uzumaki/.local/share/mise/installs/crystal/1.21.0/share/crystal/src/fiber.cr:168:11 in 'run'
|   from ???
ERR 2026-08-04T17:29:19.060Z > Unhandled exception on HTTP::Handler
| Closed stream (IO::Error)
|   from /home/uzumaki/.local/share/mise/installs/crystal/1.21.0/share/crystal/src/http/server/response.cr:215:15 in 'content_type='
|   from lib/kemal/src/kemal/helpers/templates.cr:25:3 in 'render_500'
|   from lib/kemal/src/kemal/exception_handler.cr:34:7 in 'call'
|   from /home/uzumaki/.local/share/mise/installs/crystal/1.21.0/share/crystal/src/http/server/handler.cr:30:7 in 'call'
|   from /home/uzumaki/.local/share/mise/installs/crystal/1.21.0/share/crystal/src/http/server/request_processor.cr:58:11 in 'handle_client'
|   from /home/uzumaki/.local/share/mise/installs/crystal/1.21.0/share/crystal/src/fiber.cr:168:11 in 'run'
|   from ???
ERR 2026-08-04T17:29:19.069Z > Error while writing data to the client
| Error while writing data to the client (HTTP::Server::ClientError)
|   from /home/uzumaki/.local/share/mise/installs/crystal/1.21.0/share/crystal/src/http/server/response.cr:266:9 in 'unbuffered_write'
|   from lib/kemal/src/kemal/route_handler.cr:174:7 in 'call'
|   from lib/kemal/src/kemal/filter_handler.cr:46:7 in 'call'
|   from /home/uzumaki/.local/share/mise/installs/crystal/1.21.0/share/crystal/src/http/server/handler.cr:30:7 in 'call'
|   from /home/uzumaki/.local/share/mise/installs/crystal/1.21.0/share/crystal/src/http/server/handler.cr:30:7 in 'call'
|   from /home/uzumaki/.local/share/mise/installs/crystal/1.21.0/share/crystal/src/http/server/request_processor.cr:58:11 in 'handle_client'
|   from /home/uzumaki/.local/share/mise/installs/crystal/1.21.0/share/crystal/src/fiber.cr:168:11 in 'run'
|   from ???
| Caused by: write (#<TCPSocket:0x72b350684500>): Broken pipe (IO::Error)
|   from /home/uzumaki/.local/share/mise/installs/crystal/1.21.0/share/crystal/src/gc/boehm.cr:193:7 in 'unbuffered_write'
|   from /home/uzumaki/.local/share/mise/installs/crystal/1.21.0/share/crystal/src/http/server/response.cr:282:11 in 'unbuffered_write'
|   from lib/kemal/src/kemal/route_handler.cr:174:7 in 'call'
|   from lib/kemal/src/kemal/filter_handler.cr:46:7 in 'call'
|   from /home/uzumaki/.local/share/mise/installs/crystal/1.21.0/share/crystal/src/http/server/handler.cr:30:7 in 'call'
|   from /home/uzumaki/.local/share/mise/installs/crystal/1.21.0/share/crystal/src/http/server/handler.cr:30:7 in 'call'
|   from /home/uzumaki/.local/share/mise/installs/crystal/1.21.0/share/crystal/src/http/server/request_processor.cr:58:11 in 'handle_client'
|   from /home/uzumaki/.local/share/mise/installs/crystal/1.21.0/share/crystal/src/fiber.cr:168:11 in 'run'
|   from ???
ERR 2026-08-04T17:29:19.069Z > Unhandled exception on HTTP::Handler
| Closed stream (IO::Error)
|   from /home/uzumaki/.local/share/mise/installs/crystal/1.21.0/share/crystal/src/http/server/response.cr:215:15 in 'content_type='
|   from lib/kemal/src/kemal/helpers/templates.cr:25:3 in 'render_500'
|   from lib/kemal/src/kemal/exception_handler.cr:34:7 in 'call'
|   from /home/uzumaki/.local/share/mise/installs/crystal/1.21.0/share/crystal/src/http/server/handler.cr:30:7 in 'call'
|   from /home/uzumaki/.local/share/mise/installs/crystal/1.21.0/share/crystal/src/http/server/request_processor.cr:58:11 in 'handle_client'
|   from /home/uzumaki/.local/share/mise/installs/crystal/1.21.0/share/crystal/src/fiber.cr:168:11 in 'run'
|   from ???
ERR 2026-08-04T17:29:19.070Z > Error while writing data to the client
| Error while writing data to the client (HTTP::Server::ClientError)
|   from /home/uzumaki/.local/share/mise/installs/crystal/1.21.0/share/crystal/src/http/server/response.cr:266:9 in 'unbuffered_write'
|   from lib/kemal/src/kemal/route_handler.cr:174:7 in 'call'
|   from lib/kemal/src/kemal/filter_handler.cr:46:7 in 'call'
|   from /home/uzumaki/.local/share/mise/installs/crystal/1.21.0/share/crystal/src/http/server/handler.cr:30:7 in 'call'
|   from /home/uzumaki/.local/share/mise/installs/crystal/1.21.0/share/crystal/src/http/server/handler.cr:30:7 in 'call'
|   from /home/uzumaki/.local/share/mise/installs/crystal/1.21.0/share/crystal/src/http/server/request_processor.cr:58:11 in 'handle_client'
|   from /home/uzumaki/.local/share/mise/installs/crystal/1.21.0/share/crystal/src/fiber.cr:168:11 in 'run'
|   from ???
| Caused by: write (#<TCPSocket:0x72b350689000>): Broken pipe (IO::Error)
|   from /home/uzumaki/.local/share/mise/installs/crystal/1.21.0/share/crystal/src/gc/boehm.cr:193:7 in 'unbuffered_write'
|   from /home/uzumaki/.local/share/mise/installs/crystal/1.21.0/share/crystal/src/http/server/response.cr:282:11 in 'unbuffered_write'
|   from lib/kemal/src/kemal/route_handler.cr:174:7 in 'call'
|   from lib/kemal/src/kemal/filter_handler.cr:46:7 in 'call'
|   from /home/uzumaki/.local/share/mise/installs/crystal/1.21.0/share/crystal/src/http/server/handler.cr:30:7 in 'call'
|   from /home/uzumaki/.local/share/mise/installs/crystal/1.21.0/share/crystal/src/http/server/handler.cr:30:7 in 'call'
|   from /home/uzumaki/.local/share/mise/installs/crystal/1.21.0/share/crystal/src/http/server/request_processor.cr:58:11 in 'handle_client'
|   from /home/uzumaki/.local/share/mise/installs/crystal/1.21.0/share/crystal/src/fiber.cr:168:11 in 'run'
|   from ???
ERR 2026-08-04T17:29:19.070Z > Unhandled exception on HTTP::Handler
| Closed stream (IO::Error)
|   from /home/uzumaki/.local/share/mise/installs/crystal/1.21.0/share/crystal/src/http/server/response.cr:215:15 in 'content_type='
|   from lib/kemal/src/kemal/helpers/templates.cr:25:3 in 'render_500'
|   from lib/kemal/src/kemal/exception_handler.cr:34:7 in 'call'
|   from /home/uzumaki/.local/share/mise/installs/crystal/1.21.0/share/crystal/src/http/server/handler.cr:30:7 in 'call'
|   from /home/uzumaki/.local/share/mise/installs/crystal/1.21.0/share/crystal/src/http/server/request_processor.cr:58:11 in 'handle_client'
|   from /home/uzumaki/.local/share/mise/installs/crystal/1.21.0/share/crystal/src/fiber.cr:168:11 in 'run'
|   from ???
ERR 2026-08-04T17:29:19.074Z > Error while writing data to the client
| Error while writing data to the client (HTTP::Server::ClientError)
|   from /home/uzumaki/.local/share/mise/installs/crystal/1.21.0/share/crystal/src/http/server/response.cr:266:9 in 'unbuffered_write'
|   from lib/kemal/src/kemal/route_handler.cr:174:7 in 'call'
|   from lib/kemal/src/kemal/filter_handler.cr:46:7 in 'call'
|   from /home/uzumaki/.local/share/mise/installs/crystal/1.21.0/share/crystal/src/http/server/handler.cr:30:7 in 'call'
|   from /home/uzumaki/.local/share/mise/installs/crystal/1.21.0/share/crystal/src/http/server/handler.cr:30:7 in 'call'
|   from /home/uzumaki/.local/share/mise/installs/crystal/1.21.0/share/crystal/src/http/server/request_processor.cr:58:11 in 'handle_client'
|   from /home/uzumaki/.local/share/mise/installs/crystal/1.21.0/share/crystal/src/fiber.cr:168:11 in 'run'
|   from ???
| Caused by: write (#<TCPSocket:0x72b350421280>): Broken pipe (IO::Error)
|   from /home/uzumaki/.local/share/mise/installs/crystal/1.21.0/share/crystal/src/gc/boehm.cr:193:7 in 'unbuffered_write'
|   from /home/uzumaki/.local/share/mise/installs/crystal/1.21.0/share/crystal/src/http/server/response.cr:282:11 in 'unbuffered_write'
|   from lib/kemal/src/kemal/route_handler.cr:174:7 in 'call'
|   from lib/kemal/src/kemal/filter_handler.cr:46:7 in 'call'
|   from /home/uzumaki/.local/share/mise/installs/crystal/1.21.0/share/crystal/src/http/server/handler.cr:30:7 in 'call'
|   from /home/uzumaki/.local/share/mise/installs/crystal/1.21.0/share/crystal/src/http/server/handler.cr:30:7 in 'call'
|   from /home/uzumaki/.local/share/mise/installs/crystal/1.21.0/share/crystal/src/http/server/request_processor.cr:58:11 in 'handle_client'
|   from /home/uzumaki/.local/share/mise/installs/crystal/1.21.0/share/crystal/src/fiber.cr:168:11 in 'run'
|   from ???
ERR 2026-08-04T17:29:19.074Z > Unhandled exception on HTTP::Handler
| Closed stream (IO::Error)
|   from /home/uzumaki/.local/share/mise/installs/crystal/1.21.0/share/crystal/src/http/server/response.cr:215:15 in 'content_type='
|   from lib/kemal/src/kemal/helpers/templates.cr:25:3 in 'render_500'
|   from lib/kemal/src/kemal/exception_handler.cr:34:7 in 'call'
|   from /home/uzumaki/.local/share/mise/installs/crystal/1.21.0/share/crystal/src/http/server/handler.cr:30:7 in 'call'
|   from /home/uzumaki/.local/share/mise/installs/crystal/1.21.0/share/crystal/src/http/server/request_processor.cr:58:11 in 'handle_client'
|   from /home/uzumaki/.local/share/mise/installs/crystal/1.21.0/share/crystal/src/fiber.cr:168:11 in 'run'
|   from ???
ERR 2026-08-04T17:29:19.077Z > Error while writing data to the client
| Error while writing data to the client (HTTP::Server::ClientError)
|   from /home/uzumaki/.local/share/mise/installs/crystal/1.21.0/share/crystal/src/http/server/response.cr:266:9 in 'unbuffered_write'
|   from lib/kemal/src/kemal/route_handler.cr:174:7 in 'call'
|   from lib/kemal/src/kemal/filter_handler.cr:46:7 in 'call'
|   from /home/uzumaki/.local/share/mise/installs/crystal/1.21.0/share/crystal/src/http/server/handler.cr:30:7 in 'call'
|   from /home/uzumaki/.local/share/mise/installs/crystal/1.21.0/share/crystal/src/http/server/handler.cr:30:7 in 'call'
|   from /home/uzumaki/.local/share/mise/installs/crystal/1.21.0/share/crystal/src/http/server/request_processor.cr:58:11 in 'handle_client'
|   from /home/uzumaki/.local/share/mise/installs/crystal/1.21.0/share/crystal/src/fiber.cr:168:11 in 'run'
|   from ???
| Caused by: write (#<TCPSocket:0x72b3503c9280>): Broken pipe (IO::Error)
|   from /home/uzumaki/.local/share/mise/installs/crystal/1.21.0/share/crystal/src/gc/boehm.cr:193:7 in 'unbuffered_write'
|   from /home/uzumaki/.local/share/mise/installs/crystal/1.21.0/share/crystal/src/http/server/response.cr:282:11 in 'unbuffered_write'
|   from lib/kemal/src/kemal/route_handler.cr:174:7 in 'call'
|   from lib/kemal/src/kemal/filter_handler.cr:46:7 in 'call'
|   from /home/uzumaki/.local/share/mise/installs/crystal/1.21.0/share/crystal/src/http/server/handler.cr:30:7 in 'call'
|   from /home/uzumaki/.local/share/mise/installs/crystal/1.21.0/share/crystal/src/http/server/handler.cr:30:7 in 'call'
|   from /home/uzumaki/.local/share/mise/installs/crystal/1.21.0/share/crystal/src/http/server/request_processor.cr:58:11 in 'handle_client'
|   from /home/uzumaki/.local/share/mise/installs/crystal/1.21.0/share/crystal/src/fiber.cr:168:11 in 'run'
|   from ???
ERR 2026-08-04T17:29:19.077Z > Unhandled exception on HTTP::Handler
| Closed stream (IO::Error)
|   from /home/uzumaki/.local/share/mise/installs/crystal/1.21.0/share/crystal/src/http/server/response.cr:215:15 in 'content_type='
|   from lib/kemal/src/kemal/helpers/templates.cr:25:3 in 'render_500'
|   from lib/kemal/src/kemal/exception_handler.cr:34:7 in 'call'
|   from /home/uzumaki/.local/share/mise/installs/crystal/1.21.0/share/crystal/src/http/server/handler.cr:30:7 in 'call'
|   from /home/uzumaki/.local/share/mise/installs/crystal/1.21.0/share/crystal/src/http/server/request_processor.cr:58:11 in 'handle_client'
|   from /home/uzumaki/.local/share/mise/installs/crystal/1.21.0/share/crystal/src/fiber.cr:168:11 in 'run'
|   from ???
ERR 2026-08-04T17:29:19.078Z > Error while writing data to the client
| Error while writing data to the client (HTTP::Server::ClientError)
|   from /home/uzumaki/.local/share/mise/installs/crystal/1.21.0/share/crystal/src/http/server/response.cr:266:9 in 'unbuffered_write'
|   from lib/kemal/src/kemal/route_handler.cr:174:7 in 'call'
|   from lib/kemal/src/kemal/filter_handler.cr:46:7 in 'call'
|   from /home/uzumaki/.local/share/mise/installs/crystal/1.21.0/share/crystal/src/http/server/handler.cr:30:7 in 'call'
|   from /home/uzumaki/.local/share/mise/installs/crystal/1.21.0/share/crystal/src/http/server/handler.cr:30:7 in 'call'
|   from /home/uzumaki/.local/share/mise/installs/crystal/1.21.0/share/crystal/src/http/server/request_processor.cr:58:11 in 'handle_client'
|   from /home/uzumaki/.local/share/mise/installs/crystal/1.21.0/share/crystal/src/fiber.cr:168:11 in 'run'
|   from ???
| Caused by: write (#<TCPSocket:0x72b35a73fb40>): Broken pipe (IO::Error)
|   from /home/uzumaki/.local/share/mise/installs/crystal/1.21.0/share/crystal/src/gc/boehm.cr:193:7 in 'unbuffered_write'
|   from /home/uzumaki/.local/share/mise/installs/crystal/1.21.0/share/crystal/src/http/server/response.cr:282:11 in 'unbuffered_write'
|   from lib/kemal/src/kemal/route_handler.cr:174:7 in 'call'
|   from lib/kemal/src/kemal/filter_handler.cr:46:7 in 'call'
|   from /home/uzumaki/.local/share/mise/installs/crystal/1.21.0/share/crystal/src/http/server/handler.cr:30:7 in 'call'
|   from /home/uzumaki/.local/share/mise/installs/crystal/1.21.0/share/crystal/src/http/server/handler.cr:30:7 in 'call'
|   from /home/uzumaki/.local/share/mise/installs/crystal/1.21.0/share/crystal/src/http/server/request_processor.cr:58:11 in 'handle_client'
|   from /home/uzumaki/.local/share/mise/installs/crystal/1.21.0/share/crystal/src/fiber.cr:168:11 in 'run'
|   from ???
ERR 2026-08-04T17:29:19.078Z > Unhandled exception on HTTP::Handler
| Closed stream (IO::Error)
|   from /home/uzumaki/.local/share/mise/installs/crystal/1.21.0/share/crystal/src/http/server/response.cr:215:15 in 'content_type='
|   from lib/kemal/src/kemal/helpers/templates.cr:25:3 in 'render_500'
|   from lib/kemal/src/kemal/exception_handler.cr:34:7 in 'call'
|   from /home/uzumaki/.local/share/mise/installs/crystal/1.21.0/share/crystal/src/http/server/handler.cr:30:7 in 'call'
|   from /home/uzumaki/.local/share/mise/installs/crystal/1.21.0/share/crystal/src/http/server/request_processor.cr:58:11 in 'handle_client'
|   from /home/uzumaki/.local/share/mise/installs/crystal/1.21.0/share/crystal/src/fiber.cr:168:11 in 'run'
|   from ???
ERR 2026-08-04T17:29:19.078Z > Error while writing data to the client
| Error while writing data to the client (HTTP::Server::ClientError)
|   from /home/uzumaki/.local/share/mise/installs/crystal/1.21.0/share/crystal/src/http/server/response.cr:266:9 in 'unbuffered_write'
|   from lib/kemal/src/kemal/route_handler.cr:174:7 in 'call'
|   from lib/kemal/src/kemal/filter_handler.cr:46:7 in 'call'
|   from /home/uzumaki/.local/share/mise/installs/crystal/1.21.0/share/crystal/src/http/server/handler.cr:30:7 in 'call'
|   from /home/uzumaki/.local/share/mise/installs/crystal/1.21.0/share/crystal/src/http/server/handler.cr:30:7 in 'call'
|   from /home/uzumaki/.local/share/mise/installs/crystal/1.21.0/share/crystal/src/http/server/request_processor.cr:58:11 in 'handle_client'
|   from /home/uzumaki/.local/share/mise/installs/crystal/1.21.0/share/crystal/src/fiber.cr:168:11 in 'run'
|   from ???
| Caused by: write (#<TCPSocket:0x72b350683dc0>): Broken pipe (IO::Error)
|   from /home/uzumaki/.local/share/mise/installs/crystal/1.21.0/share/crystal/src/gc/boehm.cr:193:7 in 'unbuffered_write'
|   from /home/uzumaki/.local/share/mise/installs/crystal/1.21.0/share/crystal/src/http/server/response.cr:282:11 in 'unbuffered_write'
|   from lib/kemal/src/kemal/route_handler.cr:174:7 in 'call'
|   from lib/kemal/src/kemal/filter_handler.cr:46:7 in 'call'
|   from /home/uzumaki/.local/share/mise/installs/crystal/1.21.0/share/crystal/src/http/server/handler.cr:30:7 in 'call'
|   from /home/uzumaki/.local/share/mise/installs/crystal/1.21.0/share/crystal/src/http/server/handler.cr:30:7 in 'call'
|   from /home/uzumaki/.local/share/mise/installs/crystal/1.21.0/share/crystal/src/http/server/request_processor.cr:58:11 in 'handle_client'
|   from /home/uzumaki/.local/share/mise/installs/crystal/1.21.0/share/crystal/src/fiber.cr:168:11 in 'run'
|   from ???
ERR 2026-08-04T17:29:19.078Z > Unhandled exception on HTTP::Handler
| Closed stream (IO::Error)
|   from /home/uzumaki/.local/share/mise/installs/crystal/1.21.0/share/crystal/src/http/server/response.cr:215:15 in 'content_type='
|   from lib/kemal/src/kemal/helpers/templates.cr:25:3 in 'render_500'
|   from lib/kemal/src/kemal/exception_handler.cr:34:7 in 'call'
|   from /home/uzumaki/.local/share/mise/installs/crystal/1.21.0/share/crystal/src/http/server/handler.cr:30:7 in 'call'
|   from /home/uzumaki/.local/share/mise/installs/crystal/1.21.0/share/crystal/src/http/server/request_processor.cr:58:11 in 'handle_client'
|   from /home/uzumaki/.local/share/mise/installs/crystal/1.21.0/share/crystal/src/fiber.cr:168:11 in 'run'
|   from ???
ERR 2026-08-04T17:29:19.080Z > Error while writing data to the client
| Error while writing data to the client (HTTP::Server::ClientError)
|   from /home/uzumaki/.local/share/mise/installs/crystal/1.21.0/share/crystal/src/http/server/response.cr:266:9 in 'unbuffered_write'
|   from lib/kemal/src/kemal/route_handler.cr:174:7 in 'call'
|   from lib/kemal/src/kemal/filter_handler.cr:46:7 in 'call'
|   from /home/uzumaki/.local/share/mise/installs/crystal/1.21.0/share/crystal/src/http/server/handler.cr:30:7 in 'call'
|   from /home/uzumaki/.local/share/mise/installs/crystal/1.21.0/share/crystal/src/http/server/handler.cr:30:7 in 'call'
|   from /home/uzumaki/.local/share/mise/installs/crystal/1.21.0/share/crystal/src/http/server/request_processor.cr:58:11 in 'handle_client'
|   from /home/uzumaki/.local/share/mise/installs/crystal/1.21.0/share/crystal/src/fiber.cr:168:11 in 'run'
|   from ???
| Caused by: write (#<TCPSocket:0x72b350689640>): Broken pipe (IO::Error)
|   from /home/uzumaki/.local/share/mise/installs/crystal/1.21.0/share/crystal/src/gc/boehm.cr:193:7 in 'unbuffered_write'
|   from /home/uzumaki/.local/share/mise/installs/crystal/1.21.0/share/crystal/src/http/server/response.cr:282:11 in 'unbuffered_write'
|   from lib/kemal/src/kemal/route_handler.cr:174:7 in 'call'
|   from lib/kemal/src/kemal/filter_handler.cr:46:7 in 'call'
|   from /home/uzumaki/.local/share/mise/installs/crystal/1.21.0/share/crystal/src/http/server/handler.cr:30:7 in 'call'
|   from /home/uzumaki/.local/share/mise/installs/crystal/1.21.0/share/crystal/src/http/server/handler.cr:30:7 in 'call'
|   from /home/uzumaki/.local/share/mise/installs/crystal/1.21.0/share/crystal/src/http/server/request_processor.cr:58:11 in 'handle_client'
|   from /home/uzumaki/.local/share/mise/installs/crystal/1.21.0/share/crystal/src/fiber.cr:168:11 in 'run'
|   from ???
ERR 2026-08-04T17:29:19.080Z > Unhandled exception on HTTP::Handler
| Closed stream (IO::Error)
|   from /home/uzumaki/.local/share/mise/installs/crystal/1.21.0/share/crystal/src/http/server/response.cr:215:15 in 'content_type='
|   from lib/kemal/src/kemal/helpers/templates.cr:25:3 in 'render_500'
|   from lib/kemal/src/kemal/exception_handler.cr:34:7 in 'call'
|   from /home/uzumaki/.local/share/mise/installs/crystal/1.21.0/share/crystal/src/http/server/handler.cr:30:7 in 'call'
|   from /home/uzumaki/.local/share/mise/installs/crystal/1.21.0/share/crystal/src/http/server/request_processor.cr:58:11 in 'handle_client'
|   from /home/uzumaki/.local/share/mise/installs/crystal/1.21.0/share/crystal/src/fiber.cr:168:11 in 'run'
|   from ???
ERR 2026-08-04T17:29:19.080Z > Error while writing data to the client
| Error while writing data to the client (HTTP::Server::ClientError)
|   from /home/uzumaki/.local/share/mise/installs/crystal/1.21.0/share/crystal/src/http/server/response.cr:266:9 in 'unbuffered_write'
|   from lib/kemal/src/kemal/route_handler.cr:174:7 in 'call'
|   from lib/kemal/src/kemal/filter_handler.cr:46:7 in 'call'
|   from /home/uzumaki/.local/share/mise/installs/crystal/1.21.0/share/crystal/src/http/server/handler.cr:30:7 in 'call'
|   from /home/uzumaki/.local/share/mise/installs/crystal/1.21.0/share/crystal/src/http/server/handler.cr:30:7 in 'call'
|   from /home/uzumaki/.local/share/mise/installs/crystal/1.21.0/share/crystal/src/http/server/request_processor.cr:58:11 in 'handle_client'
|   from /home/uzumaki/.local/share/mise/installs/crystal/1.21.0/share/crystal/src/fiber.cr:168:11 in 'run'
|   from ???
| Caused by: write (#<TCPSocket:0x72b35a73e140>): Broken pipe (IO::Error)
|   from /home/uzumaki/.local/share/mise/installs/crystal/1.21.0/share/crystal/src/gc/boehm.cr:193:7 in 'unbuffered_write'
|   from /home/uzumaki/.local/share/mise/installs/crystal/1.21.0/share/crystal/src/http/server/response.cr:282:11 in 'unbuffered_write'
|   from lib/kemal/src/kemal/route_handler.cr:174:7 in 'call'
|   from lib/kemal/src/kemal/filter_handler.cr:46:7 in 'call'
|   from /home/uzumaki/.local/share/mise/installs/crystal/1.21.0/share/crystal/src/http/server/handler.cr:30:7 in 'call'
|   from /home/uzumaki/.local/share/mise/installs/crystal/1.21.0/share/crystal/src/http/server/handler.cr:30:7 in 'call'
|   from /home/uzumaki/.local/share/mise/installs/crystal/1.21.0/share/crystal/src/http/server/request_processor.cr:58:11 in 'handle_client'
|   from /home/uzumaki/.local/share/mise/installs/crystal/1.21.0/share/crystal/src/fiber.cr:168:11 in 'run'
|   from ???
ERR 2026-08-04T17:29:19.080Z > Unhandled exception on HTTP::Handler
| Closed stream (IO::Error)
|   from /home/uzumaki/.local/share/mise/installs/crystal/1.21.0/share/crystal/src/http/server/response.cr:215:15 in 'content_type='
|   from lib/kemal/src/kemal/helpers/templates.cr:25:3 in 'render_500'
|   from lib/kemal/src/kemal/exception_handler.cr:34:7 in 'call'
|   from /home/uzumaki/.local/share/mise/installs/crystal/1.21.0/share/crystal/src/http/server/handler.cr:30:7 in 'call'
|   from /home/uzumaki/.local/share/mise/installs/crystal/1.21.0/share/crystal/src/http/server/request_processor.cr:58:11 in 'handle_client'
|   from /home/uzumaki/.local/share/mise/installs/crystal/1.21.0/share/crystal/src/fiber.cr:168:11 in 'run'
|   from ???
ERR 2026-08-04T17:29:19.080Z > Error while writing data to the client
| Error while writing data to the client (HTTP::Server::ClientError)
|   from /home/uzumaki/.local/share/mise/installs/crystal/1.21.0/share/crystal/src/http/server/response.cr:266:9 in 'unbuffered_write'
|   from lib/kemal/src/kemal/route_handler.cr:174:7 in 'call'
|   from lib/kemal/src/kemal/filter_handler.cr:46:7 in 'call'
|   from /home/uzumaki/.local/share/mise/installs/crystal/1.21.0/share/crystal/src/http/server/handler.cr:30:7 in 'call'
|   from /home/uzumaki/.local/share/mise/installs/crystal/1.21.0/share/crystal/src/http/server/handler.cr:30:7 in 'call'
|   from /home/uzumaki/.local/share/mise/installs/crystal/1.21.0/share/crystal/src/http/server/request_processor.cr:58:11 in 'handle_client'
|   from /home/uzumaki/.local/share/mise/installs/crystal/1.21.0/share/crystal/src/fiber.cr:168:11 in 'run'
|   from ???
| Caused by: write (#<TCPSocket:0x72b3503c98c0>): Broken pipe (IO::Error)
|   from /home/uzumaki/.local/share/mise/installs/crystal/1.21.0/share/crystal/src/gc/boehm.cr:193:7 in 'unbuffered_write'
|   from /home/uzumaki/.local/share/mise/installs/crystal/1.21.0/share/crystal/src/http/server/response.cr:282:11 in 'unbuffered_write'
|   from lib/kemal/src/kemal/route_handler.cr:174:7 in 'call'
|   from lib/kemal/src/kemal/filter_handler.cr:46:7 in 'call'
|   from /home/uzumaki/.local/share/mise/installs/crystal/1.21.0/share/crystal/src/http/server/handler.cr:30:7 in 'call'
|   from /home/uzumaki/.local/share/mise/installs/crystal/1.21.0/share/crystal/src/http/server/handler.cr:30:7 in 'call'
|   from /home/uzumaki/.local/share/mise/installs/crystal/1.21.0/share/crystal/src/http/server/request_processor.cr:58:11 in 'handle_client'
|   from /home/uzumaki/.local/share/mise/installs/crystal/1.21.0/share/crystal/src/fiber.cr:168:11 in 'run'
|   from ???
ERR 2026-08-04T17:29:19.080Z > Unhandled exception on HTTP::Handler
| Closed stream (IO::Error)
|   from /home/uzumaki/.local/share/mise/installs/crystal/1.21.0/share/crystal/src/http/server/response.cr:215:15 in 'content_type='
|   from lib/kemal/src/kemal/helpers/templates.cr:25:3 in 'render_500'
|   from lib/kemal/src/kemal/exception_handler.cr:34:7 in 'call'
|   from /home/uzumaki/.local/share/mise/installs/crystal/1.21.0/share/crystal/src/http/server/handler.cr:30:7 in 'call'
|   from /home/uzumaki/.local/share/mise/installs/crystal/1.21.0/share/crystal/src/http/server/request_processor.cr:58:11 in 'handle_client'
|   from /home/uzumaki/.local/share/mise/installs/crystal/1.21.0/share/crystal/src/fiber.cr:168:11 in 'run'
|   from ???
ERR 2026-08-04T17:29:19.081Z > Error while writing data to the client
| Error while writing data to the client (HTTP::Server::ClientError)
|   from /home/uzumaki/.local/share/mise/installs/crystal/1.21.0/share/crystal/src/http/server/response.cr:266:9 in 'unbuffered_write'
|   from lib/kemal/src/kemal/route_handler.cr:174:7 in 'call'
|   from lib/kemal/src/kemal/filter_handler.cr:46:7 in 'call'
|   from /home/uzumaki/.local/share/mise/installs/crystal/1.21.0/share/crystal/src/http/server/handler.cr:30:7 in 'call'
|   from /home/uzumaki/.local/share/mise/installs/crystal/1.21.0/share/crystal/src/http/server/handler.cr:30:7 in 'call'
|   from /home/uzumaki/.local/share/mise/installs/crystal/1.21.0/share/crystal/src/http/server/request_processor.cr:58:11 in 'handle_client'
|   from /home/uzumaki/.local/share/mise/installs/crystal/1.21.0/share/crystal/src/fiber.cr:168:11 in 'run'
|   from ???
| Caused by: write (#<TCPSocket:0x72b3506833c0>): Broken pipe (IO::Error)
|   from /home/uzumaki/.local/share/mise/installs/crystal/1.21.0/share/crystal/src/gc/boehm.cr:193:7 in 'unbuffered_write'
|   from /home/uzumaki/.local/share/mise/installs/crystal/1.21.0/share/crystal/src/http/server/response.cr:282:11 in 'unbuffered_write'
|   from lib/kemal/src/kemal/route_handler.cr:174:7 in 'call'
|   from lib/kemal/src/kemal/filter_handler.cr:46:7 in 'call'
|   from /home/uzumaki/.local/share/mise/installs/crystal/1.21.0/share/crystal/src/http/server/handler.cr:30:7 in 'call'
|   from /home/uzumaki/.local/share/mise/installs/crystal/1.21.0/share/crystal/src/http/server/handler.cr:30:7 in 'call'
|   from /home/uzumaki/.local/share/mise/installs/crystal/1.21.0/share/crystal/src/http/server/request_processor.cr:58:11 in 'handle_client'
|   from /home/uzumaki/.local/share/mise/installs/crystal/1.21.0/share/crystal/src/fiber.cr:168:11 in 'run'
|   from ???
ERR 2026-08-04T17:29:19.081Z > Unhandled exception on HTTP::Handler
| Closed stream (IO::Error)
|   from /home/uzumaki/.local/share/mise/installs/crystal/1.21.0/share/crystal/src/http/server/response.cr:215:15 in 'content_type='
|   from lib/kemal/src/kemal/helpers/templates.cr:25:3 in 'render_500'
|   from lib/kemal/src/kemal/exception_handler.cr:34:7 in 'call'
|   from /home/uzumaki/.local/share/mise/installs/crystal/1.21.0/share/crystal/src/http/server/handler.cr:30:7 in 'call'
|   from /home/uzumaki/.local/share/mise/installs/crystal/1.21.0/share/crystal/src/http/server/request_processor.cr:58:11 in 'handle_client'
|   from /home/uzumaki/.local/share/mise/installs/crystal/1.21.0/share/crystal/src/fiber.cr:168:11 in 'run'
|   from ???
ERR 2026-08-04T17:29:19.081Z > Error while writing data to the client
| Error while writing data to the client (HTTP::Server::ClientError)
|   from /home/uzumaki/.local/share/mise/installs/crystal/1.21.0/share/crystal/src/http/server/response.cr:266:9 in 'unbuffered_write'
|   from lib/kemal/src/kemal/route_handler.cr:174:7 in 'call'
|   from lib/kemal/src/kemal/filter_handler.cr:46:7 in 'call'
|   from /home/uzumaki/.local/share/mise/installs/crystal/1.21.0/share/crystal/src/http/server/handler.cr:30:7 in 'call'
|   from /home/uzumaki/.local/share/mise/installs/crystal/1.21.0/share/crystal/src/http/server/handler.cr:30:7 in 'call'
|   from /home/uzumaki/.local/share/mise/installs/crystal/1.21.0/share/crystal/src/http/server/request_processor.cr:58:11 in 'handle_client'
|   from /home/uzumaki/.local/share/mise/installs/crystal/1.21.0/share/crystal/src/fiber.cr:168:11 in 'run'
|   from ???
| Caused by: write (#<TCPSocket:0x72b350677c80>): Broken pipe (IO::Error)
|   from /home/uzumaki/.local/share/mise/installs/crystal/1.21.0/share/crystal/src/gc/boehm.cr:193:7 in 'unbuffered_write'
|   from /home/uzumaki/.local/share/mise/installs/crystal/1.21.0/share/crystal/src/http/server/response.cr:282:11 in 'unbuffered_write'
|   from lib/kemal/src/kemal/route_handler.cr:174:7 in 'call'
|   from lib/kemal/src/kemal/filter_handler.cr:46:7 in 'call'
|   from /home/uzumaki/.local/share/mise/installs/crystal/1.21.0/share/crystal/src/http/server/handler.cr:30:7 in 'call'
|   from /home/uzumaki/.local/share/mise/installs/crystal/1.21.0/share/crystal/src/http/server/handler.cr:30:7 in 'call'
|   from /home/uzumaki/.local/share/mise/installs/crystal/1.21.0/share/crystal/src/http/server/request_processor.cr:58:11 in 'handle_client'
|   from /home/uzumaki/.local/share/mise/installs/crystal/1.21.0/share/crystal/src/fiber.cr:168:11 in 'run'
|   from ???
ERR 2026-08-04T17:29:19.081Z > Unhandled exception on HTTP::Handler
| Closed stream (IO::Error)
|   from /home/uzumaki/.local/share/mise/installs/crystal/1.21.0/share/crystal/src/http/server/response.cr:215:15 in 'content_type='
|   from lib/kemal/src/kemal/helpers/templates.cr:25:3 in 'render_500'
|   from lib/kemal/src/kemal/exception_handler.cr:34:7 in 'call'
|   from /home/uzumaki/.local/share/mise/installs/crystal/1.21.0/share/crystal/src/http/server/handler.cr:30:7 in 'call'
|   from /home/uzumaki/.local/share/mise/installs/crystal/1.21.0/share/crystal/src/http/server/request_processor.cr:58:11 in 'handle_client'
|   from /home/uzumaki/.local/share/mise/installs/crystal/1.21.0/share/crystal/src/fiber.cr:168:11 in 'run'
|   from ???
ERR 2026-08-04T17:29:19.087Z > Error while writing data to the client
| Error while writing data to the client (HTTP::Server::ClientError)
|   from /home/uzumaki/.local/share/mise/installs/crystal/1.21.0/share/crystal/src/http/server/response.cr:266:9 in 'unbuffered_write'
|   from lib/kemal/src/kemal/route_handler.cr:174:7 in 'call'
|   from lib/kemal/src/kemal/filter_handler.cr:46:7 in 'call'
|   from /home/uzumaki/.local/share/mise/installs/crystal/1.21.0/share/crystal/src/http/server/handler.cr:30:7 in 'call'
|   from /home/uzumaki/.local/share/mise/installs/crystal/1.21.0/share/crystal/src/http/server/handler.cr:30:7 in 'call'
|   from /home/uzumaki/.local/share/mise/installs/crystal/1.21.0/share/crystal/src/http/server/request_processor.cr:58:11 in 'handle_client'
|   from /home/uzumaki/.local/share/mise/installs/crystal/1.21.0/share/crystal/src/fiber.cr:168:11 in 'run'
|   from ???
| Caused by: write (#<TCPSocket:0x72b3506843c0>): Broken pipe (IO::Error)
|   from /home/uzumaki/.local/share/mise/installs/crystal/1.21.0/share/crystal/src/gc/boehm.cr:193:7 in 'unbuffered_write'
|   from /home/uzumaki/.local/share/mise/installs/crystal/1.21.0/share/crystal/src/http/server/response.cr:282:11 in 'unbuffered_write'
|   from lib/kemal/src/kemal/route_handler.cr:174:7 in 'call'
|   from lib/kemal/src/kemal/filter_handler.cr:46:7 in 'call'
|   from /home/uzumaki/.local/share/mise/installs/crystal/1.21.0/share/crystal/src/http/server/handler.cr:30:7 in 'call'
|   from /home/uzumaki/.local/share/mise/installs/crystal/1.21.0/share/crystal/src/http/server/handler.cr:30:7 in 'call'
|   from /home/uzumaki/.local/share/mise/installs/crystal/1.21.0/share/crystal/src/http/server/request_processor.cr:58:11 in 'handle_client'
|   from /home/uzumaki/.local/share/mise/installs/crystal/1.21.0/share/crystal/src/fiber.cr:168:11 in 'run'
|   from ???
ERR 2026-08-04T17:29:19.087Z > Unhandled exception on HTTP::Handler
| Closed stream (IO::Error)
|   from /home/uzumaki/.local/share/mise/installs/crystal/1.21.0/share/crystal/src/http/server/response.cr:215:15 in 'content_type='
|   from lib/kemal/src/kemal/helpers/templates.cr:25:3 in 'render_500'
|   from lib/kemal/src/kemal/exception_handler.cr:34:7 in 'call'
|   from /home/uzumaki/.local/share/mise/installs/crystal/1.21.0/share/crystal/src/http/server/handler.cr:30:7 in 'call'
|   from /home/uzumaki/.local/share/mise/installs/crystal/1.21.0/share/crystal/src/http/server/request_processor.cr:58:11 in 'handle_client'
|   from /home/uzumaki/.local/share/mise/installs/crystal/1.21.0/share/crystal/src/fiber.cr:168:11 in 'run'
|   from ???
ERR 2026-08-04T17:29:19.090Z > Error while writing data to the client
| Error while writing data to the client (HTTP::Server::ClientError)
|   from /home/uzumaki/.local/share/mise/installs/crystal/1.21.0/share/crystal/src/http/server/response.cr:266:9 in 'unbuffered_write'
|   from lib/kemal/src/kemal/route_handler.cr:174:7 in 'call'
|   from lib/kemal/src/kemal/filter_handler.cr:46:7 in 'call'
|   from /home/uzumaki/.local/share/mise/installs/crystal/1.21.0/share/crystal/src/http/server/handler.cr:30:7 in 'call'
|   from /home/uzumaki/.local/share/mise/installs/crystal/1.21.0/share/crystal/src/http/server/handler.cr:30:7 in 'call'
|   from /home/uzumaki/.local/share/mise/installs/crystal/1.21.0/share/crystal/src/http/server/request_processor.cr:58:11 in 'handle_client'
|   from /home/uzumaki/.local/share/mise/installs/crystal/1.21.0/share/crystal/src/fiber.cr:168:11 in 'run'
|   from ???
| Caused by: write (#<TCPSocket:0x72b350683780>): Broken pipe (IO::Error)
|   from /home/uzumaki/.local/share/mise/installs/crystal/1.21.0/share/crystal/src/gc/boehm.cr:193:7 in 'unbuffered_write'
|   from /home/uzumaki/.local/share/mise/installs/crystal/1.21.0/share/crystal/src/http/server/response.cr:282:11 in 'unbuffered_write'
|   from lib/kemal/src/kemal/route_handler.cr:174:7 in 'call'
|   from lib/kemal/src/kemal/filter_handler.cr:46:7 in 'call'
|   from /home/uzumaki/.local/share/mise/installs/crystal/1.21.0/share/crystal/src/http/server/handler.cr:30:7 in 'call'
|   from /home/uzumaki/.local/share/mise/installs/crystal/1.21.0/share/crystal/src/http/server/handler.cr:30:7 in 'call'
|   from /home/uzumaki/.local/share/mise/installs/crystal/1.21.0/share/crystal/src/http/server/request_processor.cr:58:11 in 'handle_client'
|   from /home/uzumaki/.local/share/mise/installs/crystal/1.21.0/share/crystal/src/fiber.cr:168:11 in 'run'
|   from ???
ERR 2026-08-04T17:29:19.090Z > Unhandled exception on HTTP::Handler
| Closed stream (IO::Error)
|   from /home/uzumaki/.local/share/mise/installs/crystal/1.21.0/share/crystal/src/http/server/response.cr:215:15 in 'content_type='
|   from lib/kemal/src/kemal/helpers/templates.cr:25:3 in 'render_500'
|   from lib/kemal/src/kemal/exception_handler.cr:34:7 in 'call'
|   from /home/uzumaki/.local/share/mise/installs/crystal/1.21.0/share/crystal/src/http/server/handler.cr:30:7 in 'call'
|   from /home/uzumaki/.local/share/mise/installs/crystal/1.21.0/share/crystal/src/http/server/request_processor.cr:58:11 in 'handle_client'
|   from /home/uzumaki/.local/share/mise/installs/crystal/1.21.0/share/crystal/src/fiber.cr:168:11 in 'run'
|   from ???
ERR 2026-08-04T17:29:19.090Z > Error while writing data to the client
| Error while writing data to the client (HTTP::Server::ClientError)
|   from /home/uzumaki/.local/share/mise/installs/crystal/1.21.0/share/crystal/src/http/server/response.cr:266:9 in 'unbuffered_write'
|   from lib/kemal/src/kemal/route_handler.cr:174:7 in 'call'
|   from lib/kemal/src/kemal/filter_handler.cr:46:7 in 'call'
|   from /home/uzumaki/.local/share/mise/installs/crystal/1.21.0/share/crystal/src/http/server/handler.cr:30:7 in 'call'
|   from /home/uzumaki/.local/share/mise/installs/crystal/1.21.0/share/crystal/src/http/server/handler.cr:30:7 in 'call'
|   from /home/uzumaki/.local/share/mise/installs/crystal/1.21.0/share/crystal/src/http/server/request_processor.cr:58:11 in 'handle_client'
|   from /home/uzumaki/.local/share/mise/installs/crystal/1.21.0/share/crystal/src/fiber.cr:168:11 in 'run'
|   from ???
| Caused by: write (#<TCPSocket:0x72b350677dc0>): Broken pipe (IO::Error)
|   from /home/uzumaki/.local/share/mise/installs/crystal/1.21.0/share/crystal/src/gc/boehm.cr:193:7 in 'unbuffered_write'
|   from /home/uzumaki/.local/share/mise/installs/crystal/1.21.0/share/crystal/src/http/server/response.cr:282:11 in 'unbuffered_write'
|   from lib/kemal/src/kemal/route_handler.cr:174:7 in 'call'
|   from lib/kemal/src/kemal/filter_handler.cr:46:7 in 'call'
|   from /home/uzumaki/.local/share/mise/installs/crystal/1.21.0/share/crystal/src/http/server/handler.cr:30:7 in 'call'
|   from /home/uzumaki/.local/share/mise/installs/crystal/1.21.0/share/crystal/src/http/server/handler.cr:30:7 in 'call'
|   from /home/uzumaki/.local/share/mise/installs/crystal/1.21.0/share/crystal/src/http/server/request_processor.cr:58:11 in 'handle_client'
|   from /home/uzumaki/.local/share/mise/installs/crystal/1.21.0/share/crystal/src/fiber.cr:168:11 in 'run'
|   from ???
ERR 2026-08-04T17:29:19.090Z > Unhandled exception on HTTP::Handler
| Closed stream (IO::Error)
|   from /home/uzumaki/.local/share/mise/installs/crystal/1.21.0/share/crystal/src/http/server/response.cr:215:15 in 'content_type='
|   from lib/kemal/src/kemal/helpers/templates.cr:25:3 in 'render_500'
|   from lib/kemal/src/kemal/exception_handler.cr:34:7 in 'call'
|   from /home/uzumaki/.local/share/mise/installs/crystal/1.21.0/share/crystal/src/http/server/handler.cr:30:7 in 'call'
|   from /home/uzumaki/.local/share/mise/installs/crystal/1.21.0/share/crystal/src/http/server/request_processor.cr:58:11 in 'handle_client'
|   from /home/uzumaki/.local/share/mise/installs/crystal/1.21.0/share/crystal/src/fiber.cr:168:11 in 'run'
|   from ???
ERR 2026-08-04T17:29:19.091Z > Error while writing data to the client
| Error while writing data to the client (HTTP::Server::ClientError)
|   from /home/uzumaki/.local/share/mise/installs/crystal/1.21.0/share/crystal/src/http/server/response.cr:266:9 in 'unbuffered_write'
|   from lib/kemal/src/kemal/route_handler.cr:174:7 in 'call'
|   from lib/kemal/src/kemal/filter_handler.cr:46:7 in 'call'
|   from /home/uzumaki/.local/share/mise/installs/crystal/1.21.0/share/crystal/src/http/server/handler.cr:30:7 in 'call'
|   from /home/uzumaki/.local/share/mise/installs/crystal/1.21.0/share/crystal/src/http/server/handler.cr:30:7 in 'call'
|   from /home/uzumaki/.local/share/mise/installs/crystal/1.21.0/share/crystal/src/http/server/request_processor.cr:58:11 in 'handle_client'
|   from /home/uzumaki/.local/share/mise/installs/crystal/1.21.0/share/crystal/src/fiber.cr:168:11 in 'run'
|   from ???
| Caused by: write (#<TCPSocket:0x72b35a73fdc0>): Broken pipe (IO::Error)
|   from /home/uzumaki/.local/share/mise/installs/crystal/1.21.0/share/crystal/src/gc/boehm.cr:193:7 in 'unbuffered_write'
|   from /home/uzumaki/.local/share/mise/installs/crystal/1.21.0/share/crystal/src/http/server/response.cr:282:11 in 'unbuffered_write'
|   from lib/kemal/src/kemal/route_handler.cr:174:7 in 'call'
|   from lib/kemal/src/kemal/filter_handler.cr:46:7 in 'call'
|   from /home/uzumaki/.local/share/mise/installs/crystal/1.21.0/share/crystal/src/http/server/handler.cr:30:7 in 'call'
|   from /home/uzumaki/.local/share/mise/installs/crystal/1.21.0/share/crystal/src/http/server/handler.cr:30:7 in 'call'
|   from /home/uzumaki/.local/share/mise/installs/crystal/1.21.0/share/crystal/src/http/server/request_processor.cr:58:11 in 'handle_client'
|   from /home/uzumaki/.local/share/mise/installs/crystal/1.21.0/share/crystal/src/fiber.cr:168:11 in 'run'
|   from ???
ERR 2026-08-04T17:29:19.091Z > Unhandled exception on HTTP::Handler
| Closed stream (IO::Error)
|   from /home/uzumaki/.local/share/mise/installs/crystal/1.21.0/share/crystal/src/http/server/response.cr:215:15 in 'content_type='
|   from lib/kemal/src/kemal/helpers/templates.cr:25:3 in 'render_500'
|   from lib/kemal/src/kemal/exception_handler.cr:34:7 in 'call'
|   from /home/uzumaki/.local/share/mise/installs/crystal/1.21.0/share/crystal/src/http/server/handler.cr:30:7 in 'call'
|   from /home/uzumaki/.local/share/mise/installs/crystal/1.21.0/share/crystal/src/http/server/request_processor.cr:58:11 in 'handle_client'
|   from /home/uzumaki/.local/share/mise/installs/crystal/1.21.0/share/crystal/src/fiber.cr:168:11 in 'run'
|   from ???
ERR 2026-08-04T17:29:19.093Z > Error while writing data to the client
| Error while writing data to the client (HTTP::Server::ClientError)
|   from /home/uzumaki/.local/share/mise/installs/crystal/1.21.0/share/crystal/src/http/server/response.cr:266:9 in 'unbuffered_write'
|   from lib/kemal/src/kemal/route_handler.cr:174:7 in 'call'
|   from lib/kemal/src/kemal/filter_handler.cr:46:7 in 'call'
|   from /home/uzumaki/.local/share/mise/installs/crystal/1.21.0/share/crystal/src/http/server/handler.cr:30:7 in 'call'
|   from /home/uzumaki/.local/share/mise/installs/crystal/1.21.0/share/crystal/src/http/server/handler.cr:30:7 in 'call'
|   from /home/uzumaki/.local/share/mise/installs/crystal/1.21.0/share/crystal/src/http/server/request_processor.cr:58:11 in 'handle_client'
|   from /home/uzumaki/.local/share/mise/installs/crystal/1.21.0/share/crystal/src/fiber.cr:168:11 in 'run'
|   from ???
| Caused by: write (#<TCPSocket:0x72b350684280>): Broken pipe (IO::Error)
|   from /home/uzumaki/.local/share/mise/installs/crystal/1.21.0/share/crystal/src/gc/boehm.cr:193:7 in 'unbuffered_write'
|   from /home/uzumaki/.local/share/mise/installs/crystal/1.21.0/share/crystal/src/http/server/response.cr:282:11 in 'unbuffered_write'
|   from lib/kemal/src/kemal/route_handler.cr:174:7 in 'call'
|   from lib/kemal/src/kemal/filter_handler.cr:46:7 in 'call'
|   from /home/uzumaki/.local/share/mise/installs/crystal/1.21.0/share/crystal/src/http/server/handler.cr:30:7 in 'call'
|   from /home/uzumaki/.local/share/mise/installs/crystal/1.21.0/share/crystal/src/http/server/handler.cr:30:7 in 'call'
|   from /home/uzumaki/.local/share/mise/installs/crystal/1.21.0/share/crystal/src/http/server/request_processor.cr:58:11 in 'handle_client'
|   from /home/uzumaki/.local/share/mise/installs/crystal/1.21.0/share/crystal/src/fiber.cr:168:11 in 'run'
|   from ???
ERR 2026-08-04T17:29:19.093Z > Unhandled exception on HTTP::Handler
| Closed stream (IO::Error)
|   from /home/uzumaki/.local/share/mise/installs/crystal/1.21.0/share/crystal/src/http/server/response.cr:215:15 in 'content_type='
|   from lib/kemal/src/kemal/helpers/templates.cr:25:3 in 'render_500'
|   from lib/kemal/src/kemal/exception_handler.cr:34:7 in 'call'
|   from /home/uzumaki/.local/share/mise/installs/crystal/1.21.0/share/crystal/src/http/server/handler.cr:30:7 in 'call'
|   from /home/uzumaki/.local/share/mise/installs/crystal/1.21.0/share/crystal/src/http/server/request_processor.cr:58:11 in 'handle_client'
|   from /home/uzumaki/.local/share/mise/installs/crystal/1.21.0/share/crystal/src/fiber.cr:168:11 in 'run'
|   from ???
ERR 2026-08-04T17:29:19.093Z > Error while writing data to the client
| Error while writing data to the client (HTTP::Server::ClientError)
|   from /home/uzumaki/.local/share/mise/installs/crystal/1.21.0/share/crystal/src/http/server/response.cr:266:9 in 'unbuffered_write'
|   from lib/kemal/src/kemal/route_handler.cr:174:7 in 'call'
|   from lib/kemal/src/kemal/filter_handler.cr:46:7 in 'call'
|   from /home/uzumaki/.local/share/mise/installs/crystal/1.21.0/share/crystal/src/http/server/handler.cr:30:7 in 'call'
|   from /home/uzumaki/.local/share/mise/installs/crystal/1.21.0/share/crystal/src/http/server/handler.cr:30:7 in 'call'
|   from /home/uzumaki/.local/share/mise/installs/crystal/1.21.0/share/crystal/src/http/server/request_processor.cr:58:11 in 'handle_client'
|   from /home/uzumaki/.local/share/mise/installs/crystal/1.21.0/share/crystal/src/fiber.cr:168:11 in 'run'
|   from ???
| Caused by: write (#<TCPSocket:0x72b350421b40>): Broken pipe (IO::Error)
|   from /home/uzumaki/.local/share/mise/installs/crystal/1.21.0/share/crystal/src/gc/boehm.cr:193:7 in 'unbuffered_write'
|   from /home/uzumaki/.local/share/mise/installs/crystal/1.21.0/share/crystal/src/http/server/response.cr:282:11 in 'unbuffered_write'
|   from lib/kemal/src/kemal/route_handler.cr:174:7 in 'call'
|   from lib/kemal/src/kemal/filter_handler.cr:46:7 in 'call'
|   from /home/uzumaki/.local/share/mise/installs/crystal/1.21.0/share/crystal/src/http/server/handler.cr:30:7 in 'call'
|   from /home/uzumaki/.local/share/mise/installs/crystal/1.21.0/share/crystal/src/http/server/handler.cr:30:7 in 'call'
|   from /home/uzumaki/.local/share/mise/installs/crystal/1.21.0/share/crystal/src/http/server/request_processor.cr:58:11 in 'handle_client'
|   from /home/uzumaki/.local/share/mise/installs/crystal/1.21.0/share/crystal/src/fiber.cr:168:11 in 'run'
|   from ???
ERR 2026-08-04T17:29:19.093Z > Unhandled exception on HTTP::Handler
| Closed stream (IO::Error)
|   from /home/uzumaki/.local/share/mise/installs/crystal/1.21.0/share/crystal/src/http/server/response.cr:215:15 in 'content_type='
|   from lib/kemal/src/kemal/helpers/templates.cr:25:3 in 'render_500'
|   from lib/kemal/src/kemal/exception_handler.cr:34:7 in 'call'
|   from /home/uzumaki/.local/share/mise/installs/crystal/1.21.0/share/crystal/src/http/server/handler.cr:30:7 in 'call'
|   from /home/uzumaki/.local/share/mise/installs/crystal/1.21.0/share/crystal/src/http/server/request_processor.cr:58:11 in 'handle_client'
|   from /home/uzumaki/.local/share/mise/installs/crystal/1.21.0/share/crystal/src/fiber.cr:168:11 in 'run'
|   from ???
ERR 2026-08-04T17:29:19.094Z > Error while writing data to the client
| Error while writing data to the client (HTTP::Server::ClientError)
|   from /home/uzumaki/.local/share/mise/installs/crystal/1.21.0/share/crystal/src/http/server/response.cr:266:9 in 'unbuffered_write'
|   from lib/kemal/src/kemal/route_handler.cr:174:7 in 'call'
|   from lib/kemal/src/kemal/filter_handler.cr:46:7 in 'call'
|   from /home/uzumaki/.local/share/mise/installs/crystal/1.21.0/share/crystal/src/http/server/handler.cr:30:7 in 'call'
|   from /home/uzumaki/.local/share/mise/installs/crystal/1.21.0/share/crystal/src/http/server/handler.cr:30:7 in 'call'
|   from /home/uzumaki/.local/share/mise/installs/crystal/1.21.0/share/crystal/src/http/server/request_processor.cr:58:11 in 'handle_client'
|   from /home/uzumaki/.local/share/mise/installs/crystal/1.21.0/share/crystal/src/fiber.cr:168:11 in 'run'
|   from ???
| Caused by: write (#<TCPSocket:0x72b350677640>): Broken pipe (IO::Error)
|   from /home/uzumaki/.local/share/mise/installs/crystal/1.21.0/share/crystal/src/gc/boehm.cr:193:7 in 'unbuffered_write'
|   from /home/uzumaki/.local/share/mise/installs/crystal/1.21.0/share/crystal/src/http/server/response.cr:282:11 in 'unbuffered_write'
|   from lib/kemal/src/kemal/route_handler.cr:174:7 in 'call'
|   from lib/kemal/src/kemal/filter_handler.cr:46:7 in 'call'
|   from /home/uzumaki/.local/share/mise/installs/crystal/1.21.0/share/crystal/src/http/server/handler.cr:30:7 in 'call'
|   from /home/uzumaki/.local/share/mise/installs/crystal/1.21.0/share/crystal/src/http/server/handler.cr:30:7 in 'call'
|   from /home/uzumaki/.local/share/mise/installs/crystal/1.21.0/share/crystal/src/http/server/request_processor.cr:58:11 in 'handle_client'
|   from /home/uzumaki/.local/share/mise/installs/crystal/1.21.0/share/crystal/src/fiber.cr:168:11 in 'run'
|   from ???
ERR 2026-08-04T17:29:19.094Z > Unhandled exception on HTTP::Handler
| Closed stream (IO::Error)
|   from /home/uzumaki/.local/share/mise/installs/crystal/1.21.0/share/crystal/src/http/server/response.cr:215:15 in 'content_type='
|   from lib/kemal/src/kemal/helpers/templates.cr:25:3 in 'render_500'
|   from lib/kemal/src/kemal/exception_handler.cr:34:7 in 'call'
|   from /home/uzumaki/.local/share/mise/installs/crystal/1.21.0/share/crystal/src/http/server/handler.cr:30:7 in 'call'
|   from /home/uzumaki/.local/share/mise/installs/crystal/1.21.0/share/crystal/src/http/server/request_processor.cr:58:11 in 'handle_client'
|   from /home/uzumaki/.local/share/mise/installs/crystal/1.21.0/share/crystal/src/fiber.cr:168:11 in 'run'
|   from ???
ERR 2026-08-04T17:29:19.095Z > Error while writing data to the client
| Error while writing data to the client (HTTP::Server::ClientError)
|   from /home/uzumaki/.local/share/mise/installs/crystal/1.21.0/share/crystal/src/http/server/response.cr:266:9 in 'unbuffered_write'
|   from lib/kemal/src/kemal/route_handler.cr:174:7 in 'call'
|   from lib/kemal/src/kemal/filter_handler.cr:46:7 in 'call'
|   from /home/uzumaki/.local/share/mise/installs/crystal/1.21.0/share/crystal/src/http/server/handler.cr:30:7 in 'call'
|   from /home/uzumaki/.local/share/mise/installs/crystal/1.21.0/share/crystal/src/http/server/handler.cr:30:7 in 'call'
|   from /home/uzumaki/.local/share/mise/installs/crystal/1.21.0/share/crystal/src/http/server/request_processor.cr:58:11 in 'handle_client'
|   from /home/uzumaki/.local/share/mise/installs/crystal/1.21.0/share/crystal/src/fiber.cr:168:11 in 'run'
|   from ???
| Caused by: write (#<TCPSocket:0x72b35068ac80>): Broken pipe (IO::Error)
|   from /home/uzumaki/.local/share/mise/installs/crystal/1.21.0/share/crystal/src/gc/boehm.cr:193:7 in 'unbuffered_write'
|   from /home/uzumaki/.local/share/mise/installs/crystal/1.21.0/share/crystal/src/http/server/response.cr:282:11 in 'unbuffered_write'
|   from lib/kemal/src/kemal/route_handler.cr:174:7 in 'call'
|   from lib/kemal/src/kemal/filter_handler.cr:46:7 in 'call'
|   from /home/uzumaki/.local/share/mise/installs/crystal/1.21.0/share/crystal/src/http/server/handler.cr:30:7 in 'call'
|   from /home/uzumaki/.local/share/mise/installs/crystal/1.21.0/share/crystal/src/http/server/handler.cr:30:7 in 'call'
|   from /home/uzumaki/.local/share/mise/installs/crystal/1.21.0/share/crystal/src/http/server/request_processor.cr:58:11 in 'handle_client'
|   from /home/uzumaki/.local/share/mise/installs/crystal/1.21.0/share/crystal/src/fiber.cr:168:11 in 'run'
|   from ???
ERR 2026-08-04T17:29:19.095Z > Unhandled exception on HTTP::Handler
| Closed stream (IO::Error)
|   from /home/uzumaki/.local/share/mise/installs/crystal/1.21.0/share/crystal/src/http/server/response.cr:215:15 in 'content_type='
|   from lib/kemal/src/kemal/helpers/templates.cr:25:3 in 'render_500'
|   from lib/kemal/src/kemal/exception_handler.cr:34:7 in 'call'
|   from /home/uzumaki/.local/share/mise/installs/crystal/1.21.0/share/crystal/src/http/server/handler.cr:30:7 in 'call'
|   from /home/uzumaki/.local/share/mise/installs/crystal/1.21.0/share/crystal/src/http/server/request_processor.cr:58:11 in 'handle_client'
|   from /home/uzumaki/.local/share/mise/installs/crystal/1.21.0/share/crystal/src/fiber.cr:168:11 in 'run'
|   from ???
ERR 2026-08-04T17:29:19.095Z > Error while writing data to the client
| Error while writing data to the client (HTTP::Server::ClientError)
|   from /home/uzumaki/.local/share/mise/installs/crystal/1.21.0/share/crystal/src/http/server/response.cr:266:9 in 'unbuffered_write'
|   from lib/kemal/src/kemal/route_handler.cr:174:7 in 'call'
|   from lib/kemal/src/kemal/filter_handler.cr:46:7 in 'call'
|   from /home/uzumaki/.local/share/mise/installs/crystal/1.21.0/share/crystal/src/http/server/handler.cr:30:7 in 'call'
|   from /home/uzumaki/.local/share/mise/installs/crystal/1.21.0/share/crystal/src/http/server/handler.cr:30:7 in 'call'
|   from /home/uzumaki/.local/share/mise/installs/crystal/1.21.0/share/crystal/src/http/server/request_processor.cr:58:11 in 'handle_client'
|   from /home/uzumaki/.local/share/mise/installs/crystal/1.21.0/share/crystal/src/fiber.cr:168:11 in 'run'
|   from ???
| Caused by: write (#<TCPSocket:0x72b35a73e8c0>): Broken pipe (IO::Error)
|   from /home/uzumaki/.local/share/mise/installs/crystal/1.21.0/share/crystal/src/gc/boehm.cr:193:7 in 'unbuffered_write'
|   from /home/uzumaki/.local/share/mise/installs/crystal/1.21.0/share/crystal/src/http/server/response.cr:282:11 in 'unbuffered_write'
|   from lib/kemal/src/kemal/route_handler.cr:174:7 in 'call'
|   from lib/kemal/src/kemal/filter_handler.cr:46:7 in 'call'
|   from /home/uzumaki/.local/share/mise/installs/crystal/1.21.0/share/crystal/src/http/server/handler.cr:30:7 in 'call'
|   from /home/uzumaki/.local/share/mise/installs/crystal/1.21.0/share/crystal/src/http/server/handler.cr:30:7 in 'call'
|   from /home/uzumaki/.local/share/mise/installs/crystal/1.21.0/share/crystal/src/http/server/request_processor.cr:58:11 in 'handle_client'
|   from /home/uzumaki/.local/share/mise/installs/crystal/1.21.0/share/crystal/src/fiber.cr:168:11 in 'run'
|   from ???
ERR 2026-08-04T17:29:19.095Z > Unhandled exception on HTTP::Handler
| Closed stream (IO::Error)
|   from /home/uzumaki/.local/share/mise/installs/crystal/1.21.0/share/crystal/src/http/server/response.cr:215:15 in 'content_type='
|   from lib/kemal/src/kemal/helpers/templates.cr:25:3 in 'render_500'
|   from lib/kemal/src/kemal/exception_handler.cr:34:7 in 'call'
|   from /home/uzumaki/.local/share/mise/installs/crystal/1.21.0/share/crystal/src/http/server/handler.cr:30:7 in 'call'
|   from /home/uzumaki/.local/share/mise/installs/crystal/1.21.0/share/crystal/src/http/server/request_processor.cr:58:11 in 'handle_client'
|   from /home/uzumaki/.local/share/mise/installs/crystal/1.21.0/share/crystal/src/fiber.cr:168:11 in 'run'
|   from ???
ERR 2026-08-04T17:29:19.095Z > Error while writing data to the client
| Error while writing data to the client (HTTP::Server::ClientError)
|   from /home/uzumaki/.local/share/mise/installs/crystal/1.21.0/share/crystal/src/http/server/response.cr:266:9 in 'unbuffered_write'
|   from lib/kemal/src/kemal/route_handler.cr:174:7 in 'call'
|   from lib/kemal/src/kemal/filter_handler.cr:46:7 in 'call'
|   from /home/uzumaki/.local/share/mise/installs/crystal/1.21.0/share/crystal/src/http/server/handler.cr:30:7 in 'call'
|   from /home/uzumaki/.local/share/mise/installs/crystal/1.21.0/share/crystal/src/http/server/handler.cr:30:7 in 'call'
|   from /home/uzumaki/.local/share/mise/installs/crystal/1.21.0/share/crystal/src/http/server/request_processor.cr:58:11 in 'handle_client'
|   from /home/uzumaki/.local/share/mise/installs/crystal/1.21.0/share/crystal/src/fiber.cr:168:11 in 'run'
|   from ???
| Caused by: write (#<TCPSocket:0x72b3503c9a00>): Broken pipe (IO::Error)
|   from /home/uzumaki/.local/share/mise/installs/crystal/1.21.0/share/crystal/src/gc/boehm.cr:193:7 in 'unbuffered_write'
|   from /home/uzumaki/.local/share/mise/installs/crystal/1.21.0/share/crystal/src/http/server/response.cr:282:11 in 'unbuffered_write'
|   from lib/kemal/src/kemal/route_handler.cr:174:7 in 'call'
|   from lib/kemal/src/kemal/filter_handler.cr:46:7 in 'call'
|   from /home/uzumaki/.local/share/mise/installs/crystal/1.21.0/share/crystal/src/http/server/handler.cr:30:7 in 'call'
|   from /home/uzumaki/.local/share/mise/installs/crystal/1.21.0/share/crystal/src/http/server/handler.cr:30:7 in 'call'
|   from /home/uzumaki/.local/share/mise/installs/crystal/1.21.0/share/crystal/src/http/server/request_processor.cr:58:11 in 'handle_client'
|   from /home/uzumaki/.local/share/mise/installs/crystal/1.21.0/share/crystal/src/fiber.cr:168:11 in 'run'
|   from ???
ERR 2026-08-04T17:29:19.095Z > Unhandled exception on HTTP::Handler
| Closed stream (IO::Error)
|   from /home/uzumaki/.local/share/mise/installs/crystal/1.21.0/share/crystal/src/http/server/response.cr:215:15 in 'content_type='
|   from lib/kemal/src/kemal/helpers/templates.cr:25:3 in 'render_500'
|   from lib/kemal/src/kemal/exception_handler.cr:34:7 in 'call'
|   from /home/uzumaki/.local/share/mise/installs/crystal/1.21.0/share/crystal/src/http/server/handler.cr:30:7 in 'call'
|   from /home/uzumaki/.local/share/mise/installs/crystal/1.21.0/share/crystal/src/http/server/request_processor.cr:58:11 in 'handle_client'
|   from /home/uzumaki/.local/share/mise/installs/crystal/1.21.0/share/crystal/src/fiber.cr:168:11 in 'run'
|   from ???
ERR 2026-08-04T17:29:19.096Z > Error while writing data to the client
| Error while writing data to the client (HTTP::Server::ClientError)
|   from /home/uzumaki/.local/share/mise/installs/crystal/1.21.0/share/crystal/src/http/server/response.cr:266:9 in 'unbuffered_write'
|   from lib/kemal/src/kemal/route_handler.cr:174:7 in 'call'
|   from lib/kemal/src/kemal/filter_handler.cr:46:7 in 'call'
|   from /home/uzumaki/.local/share/mise/installs/crystal/1.21.0/share/crystal/src/http/server/handler.cr:30:7 in 'call'
|   from /home/uzumaki/.local/share/mise/installs/crystal/1.21.0/share/crystal/src/http/server/handler.cr:30:7 in 'call'
|   from /home/uzumaki/.local/share/mise/installs/crystal/1.21.0/share/crystal/src/http/server/request_processor.cr:58:11 in 'handle_client'
|   from /home/uzumaki/.local/share/mise/installs/crystal/1.21.0/share/crystal/src/fiber.cr:168:11 in 'run'
|   from ???
| Caused by: write (#<TCPSocket:0x72b350677780>): Broken pipe (IO::Error)
|   from /home/uzumaki/.local/share/mise/installs/crystal/1.21.0/share/crystal/src/gc/boehm.cr:193:7 in 'unbuffered_write'
|   from /home/uzumaki/.local/share/mise/installs/crystal/1.21.0/share/crystal/src/http/server/response.cr:282:11 in 'unbuffered_write'
|   from lib/kemal/src/kemal/route_handler.cr:174:7 in 'call'
|   from lib/kemal/src/kemal/filter_handler.cr:46:7 in 'call'
|   from /home/uzumaki/.local/share/mise/installs/crystal/1.21.0/share/crystal/src/http/server/handler.cr:30:7 in 'call'
|   from /home/uzumaki/.local/share/mise/installs/crystal/1.21.0/share/crystal/src/http/server/handler.cr:30:7 in 'call'
|   from /home/uzumaki/.local/share/mise/installs/crystal/1.21.0/share/crystal/src/http/server/request_processor.cr:58:11 in 'handle_client'
|   from /home/uzumaki/.local/share/mise/installs/crystal/1.21.0/share/crystal/src/fiber.cr:168:11 in 'run'
|   from ???
ERR 2026-08-04T17:29:19.096Z > Unhandled exception on HTTP::Handler
| Closed stream (IO::Error)
|   from /home/uzumaki/.local/share/mise/installs/crystal/1.21.0/share/crystal/src/http/server/response.cr:215:15 in 'content_type='
|   from lib/kemal/src/kemal/helpers/templates.cr:25:3 in 'render_500'
|   from lib/kemal/src/kemal/exception_handler.cr:34:7 in 'call'
|   from /home/uzumaki/.local/share/mise/installs/crystal/1.21.0/share/crystal/src/http/server/handler.cr:30:7 in 'call'
|   from /home/uzumaki/.local/share/mise/installs/crystal/1.21.0/share/crystal/src/http/server/request_processor.cr:58:11 in 'handle_client'
|   from /home/uzumaki/.local/share/mise/installs/crystal/1.21.0/share/crystal/src/fiber.cr:168:11 in 'run'
|   from ???
ERR 2026-08-04T17:29:19.096Z > Error while writing data to the client
| Error while writing data to the client (HTTP::Server::ClientError)
|   from /home/uzumaki/.local/share/mise/installs/crystal/1.21.0/share/crystal/src/http/server/response.cr:266:9 in 'unbuffered_write'
|   from lib/kemal/src/kemal/route_handler.cr:174:7 in 'call'
|   from lib/kemal/src/kemal/filter_handler.cr:46:7 in 'call'
|   from /home/uzumaki/.local/share/mise/installs/crystal/1.21.0/share/crystal/src/http/server/handler.cr:30:7 in 'call'
|   from /home/uzumaki/.local/share/mise/installs/crystal/1.21.0/share/crystal/src/http/server/handler.cr:30:7 in 'call'
|   from /home/uzumaki/.local/share/mise/installs/crystal/1.21.0/share/crystal/src/http/server/request_processor.cr:58:11 in 'handle_client'
|   from /home/uzumaki/.local/share/mise/installs/crystal/1.21.0/share/crystal/src/fiber.cr:168:11 in 'run'
|   from ???
| Caused by: write (#<TCPSocket:0x72b350684000>): Broken pipe (IO::Error)
|   from /home/uzumaki/.local/share/mise/installs/crystal/1.21.0/share/crystal/src/gc/boehm.cr:193:7 in 'unbuffered_write'
|   from /home/uzumaki/.local/share/mise/installs/crystal/1.21.0/share/crystal/src/http/server/response.cr:282:11 in 'unbuffered_write'
|   from lib/kemal/src/kemal/route_handler.cr:174:7 in 'call'
|   from lib/kemal/src/kemal/filter_handler.cr:46:7 in 'call'
|   from /home/uzumaki/.local/share/mise/installs/crystal/1.21.0/share/crystal/src/http/server/handler.cr:30:7 in 'call'
|   from /home/uzumaki/.local/share/mise/installs/crystal/1.21.0/share/crystal/src/http/server/handler.cr:30:7 in 'call'
|   from /home/uzumaki/.local/share/mise/installs/crystal/1.21.0/share/crystal/src/http/server/request_processor.cr:58:11 in 'handle_client'
|   from /home/uzumaki/.local/share/mise/installs/crystal/1.21.0/share/crystal/src/fiber.cr:168:11 in 'run'
|   from ???
ERR 2026-08-04T17:29:19.096Z > Unhandled exception on HTTP::Handler
| Closed stream (IO::Error)
|   from /home/uzumaki/.local/share/mise/installs/crystal/1.21.0/share/crystal/src/http/server/response.cr:215:15 in 'content_type='
|   from lib/kemal/src/kemal/helpers/templates.cr:25:3 in 'render_500'
|   from lib/kemal/src/kemal/exception_handler.cr:34:7 in 'call'
|   from /home/uzumaki/.local/share/mise/installs/crystal/1.21.0/share/crystal/src/http/server/handler.cr:30:7 in 'call'
|   from /home/uzumaki/.local/share/mise/installs/crystal/1.21.0/share/crystal/src/http/server/request_processor.cr:58:11 in 'handle_client'
|   from /home/uzumaki/.local/share/mise/installs/crystal/1.21.0/share/crystal/src/fiber.cr:168:11 in 'run'
|   from ???
ERR 2026-08-04T17:29:19.098Z > Error while writing data to the client
| Error while writing data to the client (HTTP::Server::ClientError)
|   from /home/uzumaki/.local/share/mise/installs/crystal/1.21.0/share/crystal/src/http/server/response.cr:266:9 in 'unbuffered_write'
|   from lib/kemal/src/kemal/route_handler.cr:174:7 in 'call'
|   from lib/kemal/src/kemal/filter_handler.cr:46:7 in 'call'
|   from /home/uzumaki/.local/share/mise/installs/crystal/1.21.0/share/crystal/src/http/server/handler.cr:30:7 in 'call'
|   from /home/uzumaki/.local/share/mise/installs/crystal/1.21.0/share/crystal/src/http/server/handler.cr:30:7 in 'call'
|   from /home/uzumaki/.local/share/mise/installs/crystal/1.21.0/share/crystal/src/http/server/request_processor.cr:58:11 in 'handle_client'
|   from /home/uzumaki/.local/share/mise/installs/crystal/1.21.0/share/crystal/src/fiber.cr:168:11 in 'run'
|   from ???
| Caused by: write (#<TCPSocket:0x72b3503c9640>): Broken pipe (IO::Error)
|   from /home/uzumaki/.local/share/mise/installs/crystal/1.21.0/share/crystal/src/gc/boehm.cr:193:7 in 'unbuffered_write'
|   from /home/uzumaki/.local/share/mise/installs/crystal/1.21.0/share/crystal/src/http/server/response.cr:282:11 in 'unbuffered_write'
|   from lib/kemal/src/kemal/route_handler.cr:174:7 in 'call'
|   from lib/kemal/src/kemal/filter_handler.cr:46:7 in 'call'
|   from /home/uzumaki/.local/share/mise/installs/crystal/1.21.0/share/crystal/src/http/server/handler.cr:30:7 in 'call'
|   from /home/uzumaki/.local/share/mise/installs/crystal/1.21.0/share/crystal/src/http/server/handler.cr:30:7 in 'call'
|   from /home/uzumaki/.local/share/mise/installs/crystal/1.21.0/share/crystal/src/http/server/request_processor.cr:58:11 in 'handle_client'
|   from /home/uzumaki/.local/share/mise/installs/crystal/1.21.0/share/crystal/src/fiber.cr:168:11 in 'run'
|   from ???
ERR 2026-08-04T17:29:19.098Z > Unhandled exception on HTTP::Handler
| Closed stream (IO::Error)
|   from /home/uzumaki/.local/share/mise/installs/crystal/1.21.0/share/crystal/src/http/server/response.cr:215:15 in 'content_type='
|   from lib/kemal/src/kemal/helpers/templates.cr:25:3 in 'render_500'
|   from lib/kemal/src/kemal/exception_handler.cr:34:7 in 'call'
|   from /home/uzumaki/.local/share/mise/installs/crystal/1.21.0/share/crystal/src/http/server/handler.cr:30:7 in 'call'
|   from /home/uzumaki/.local/share/mise/installs/crystal/1.21.0/share/crystal/src/http/server/request_processor.cr:58:11 in 'handle_client'
|   from /home/uzumaki/.local/share/mise/installs/crystal/1.21.0/share/crystal/src/fiber.cr:168:11 in 'run'
|   from ???
ERR 2026-08-04T17:29:19.099Z > Error while writing data to the client
| Error while writing data to the client (HTTP::Server::ClientError)
|   from /home/uzumaki/.local/share/mise/installs/crystal/1.21.0/share/crystal/src/http/server/response.cr:266:9 in 'unbuffered_write'
|   from lib/kemal/src/kemal/route_handler.cr:174:7 in 'call'
|   from lib/kemal/src/kemal/filter_handler.cr:46:7 in 'call'
|   from /home/uzumaki/.local/share/mise/installs/crystal/1.21.0/share/crystal/src/http/server/handler.cr:30:7 in 'call'
|   from /home/uzumaki/.local/share/mise/installs/crystal/1.21.0/share/crystal/src/http/server/handler.cr:30:7 in 'call'
|   from /home/uzumaki/.local/share/mise/installs/crystal/1.21.0/share/crystal/src/http/server/request_processor.cr:58:11 in 'handle_client'
|   from /home/uzumaki/.local/share/mise/installs/crystal/1.21.0/share/crystal/src/fiber.cr:168:11 in 'run'
|   from ???
| Caused by: write (#<TCPSocket:0x72b350683280>): Broken pipe (IO::Error)
|   from /home/uzumaki/.local/share/mise/installs/crystal/1.21.0/share/crystal/src/gc/boehm.cr:193:7 in 'unbuffered_write'
|   from /home/uzumaki/.local/share/mise/installs/crystal/1.21.0/share/crystal/src/http/server/response.cr:282:11 in 'unbuffered_write'
|   from lib/kemal/src/kemal/route_handler.cr:174:7 in 'call'
|   from lib/kemal/src/kemal/filter_handler.cr:46:7 in 'call'
|   from /home/uzumaki/.local/share/mise/installs/crystal/1.21.0/share/crystal/src/http/server/handler.cr:30:7 in 'call'
|   from /home/uzumaki/.local/share/mise/installs/crystal/1.21.0/share/crystal/src/http/server/handler.cr:30:7 in 'call'
|   from /home/uzumaki/.local/share/mise/installs/crystal/1.21.0/share/crystal/src/http/server/request_processor.cr:58:11 in 'handle_client'
|   from /home/uzumaki/.local/share/mise/installs/crystal/1.21.0/share/crystal/src/fiber.cr:168:11 in 'run'
|   from ???
ERR 2026-08-04T17:29:19.099Z > Unhandled exception on HTTP::Handler
| Closed stream (IO::Error)
|   from /home/uzumaki/.local/share/mise/installs/crystal/1.21.0/share/crystal/src/http/server/response.cr:215:15 in 'content_type='
|   from lib/kemal/src/kemal/helpers/templates.cr:25:3 in 'render_500'
|   from lib/kemal/src/kemal/exception_handler.cr:34:7 in 'call'
|   from /home/uzumaki/.local/share/mise/installs/crystal/1.21.0/share/crystal/src/http/server/handler.cr:30:7 in 'call'
|   from /home/uzumaki/.local/share/mise/installs/crystal/1.21.0/share/crystal/src/http/server/request_processor.cr:58:11 in 'handle_client'
|   from /home/uzumaki/.local/share/mise/installs/crystal/1.21.0/share/crystal/src/fiber.cr:168:11 in 'run'
|   from ???
ERR 2026-08-04T17:29:19.099Z > Error while writing data to the client
| Error while writing data to the client (HTTP::Server::ClientError)
|   from /home/uzumaki/.local/share/mise/installs/crystal/1.21.0/share/crystal/src/http/server/response.cr:266:9 in 'unbuffered_write'
|   from lib/kemal/src/kemal/route_handler.cr:174:7 in 'call'
|   from lib/kemal/src/kemal/filter_handler.cr:46:7 in 'call'
|   from /home/uzumaki/.local/share/mise/installs/crystal/1.21.0/share/crystal/src/http/server/handler.cr:30:7 in 'call'
|   from /home/uzumaki/.local/share/mise/installs/crystal/1.21.0/share/crystal/src/http/server/handler.cr:30:7 in 'call'
|   from /home/uzumaki/.local/share/mise/installs/crystal/1.21.0/share/crystal/src/http/server/request_processor.cr:58:11 in 'handle_client'
|   from /home/uzumaki/.local/share/mise/installs/crystal/1.21.0/share/crystal/src/fiber.cr:168:11 in 'run'
|   from ???
| Caused by: write (#<TCPSocket:0x72b35068adc0>): Broken pipe (IO::Error)
|   from /home/uzumaki/.local/share/mise/installs/crystal/1.21.0/share/crystal/src/gc/boehm.cr:193:7 in 'unbuffered_write'
|   from /home/uzumaki/.local/share/mise/installs/crystal/1.21.0/share/crystal/src/http/server/response.cr:282:11 in 'unbuffered_write'
|   from lib/kemal/src/kemal/route_handler.cr:174:7 in 'call'
|   from lib/kemal/src/kemal/filter_handler.cr:46:7 in 'call'
|   from /home/uzumaki/.local/share/mise/installs/crystal/1.21.0/share/crystal/src/http/server/handler.cr:30:7 in 'call'
|   from /home/uzumaki/.local/share/mise/installs/crystal/1.21.0/share/crystal/src/http/server/handler.cr:30:7 in 'call'
|   from /home/uzumaki/.local/share/mise/installs/crystal/1.21.0/share/crystal/src/http/server/request_processor.cr:58:11 in 'handle_client'
|   from /home/uzumaki/.local/share/mise/installs/crystal/1.21.0/share/crystal/src/fiber.cr:168:11 in 'run'
|   from ???
ERR 2026-08-04T17:29:19.099Z > Unhandled exception on HTTP::Handler
| Closed stream (IO::Error)
|   from /home/uzumaki/.local/share/mise/installs/crystal/1.21.0/share/crystal/src/http/server/response.cr:215:15 in 'content_type='
|   from lib/kemal/src/kemal/helpers/templates.cr:25:3 in 'render_500'
|   from lib/kemal/src/kemal/exception_handler.cr:34:7 in 'call'
|   from /home/uzumaki/.local/share/mise/installs/crystal/1.21.0/share/crystal/src/http/server/handler.cr:30:7 in 'call'
|   from /home/uzumaki/.local/share/mise/installs/crystal/1.21.0/share/crystal/src/http/server/request_processor.cr:58:11 in 'handle_client'
|   from /home/uzumaki/.local/share/mise/installs/crystal/1.21.0/share/crystal/src/fiber.cr:168:11 in 'run'
|   from ???
ERR 2026-08-04T17:29:19.100Z > Error while writing data to the client
| Error while writing data to the client (HTTP::Server::ClientError)
|   from /home/uzumaki/.local/share/mise/installs/crystal/1.21.0/share/crystal/src/http/server/response.cr:266:9 in 'unbuffered_write'
|   from lib/kemal/src/kemal/route_handler.cr:174:7 in 'call'
|   from lib/kemal/src/kemal/filter_handler.cr:46:7 in 'call'
|   from /home/uzumaki/.local/share/mise/installs/crystal/1.21.0/share/crystal/src/http/server/handler.cr:30:7 in 'call'
|   from /home/uzumaki/.local/share/mise/installs/crystal/1.21.0/share/crystal/src/http/server/handler.cr:30:7 in 'call'
|   from /home/uzumaki/.local/share/mise/installs/crystal/1.21.0/share/crystal/src/http/server/request_processor.cr:58:11 in 'handle_client'
|   from /home/uzumaki/.local/share/mise/installs/crystal/1.21.0/share/crystal/src/fiber.cr:168:11 in 'run'
|   from ???
| Caused by: write (#<TCPSocket:0x72b3506838c0>): Broken pipe (IO::Error)
|   from /home/uzumaki/.local/share/mise/installs/crystal/1.21.0/share/crystal/src/gc/boehm.cr:193:7 in 'unbuffered_write'
|   from /home/uzumaki/.local/share/mise/installs/crystal/1.21.0/share/crystal/src/http/server/response.cr:282:11 in 'unbuffered_write'
|   from lib/kemal/src/kemal/route_handler.cr:174:7 in 'call'
|   from lib/kemal/src/kemal/filter_handler.cr:46:7 in 'call'
|   from /home/uzumaki/.local/share/mise/installs/crystal/1.21.0/share/crystal/src/http/server/handler.cr:30:7 in 'call'
|   from /home/uzumaki/.local/share/mise/installs/crystal/1.21.0/share/crystal/src/http/server/handler.cr:30:7 in 'call'
|   from /home/uzumaki/.local/share/mise/installs/crystal/1.21.0/share/crystal/src/http/server/request_processor.cr:58:11 in 'handle_client'
|   from /home/uzumaki/.local/share/mise/installs/crystal/1.21.0/share/crystal/src/fiber.cr:168:11 in 'run'
|   from ???
ERR 2026-08-04T17:29:19.100Z > Unhandled exception on HTTP::Handler
| Closed stream (IO::Error)
|   from /home/uzumaki/.local/share/mise/installs/crystal/1.21.0/share/crystal/src/http/server/response.cr:215:15 in 'content_type='
|   from lib/kemal/src/kemal/helpers/templates.cr:25:3 in 'render_500'
|   from lib/kemal/src/kemal/exception_handler.cr:34:7 in 'call'
|   from /home/uzumaki/.local/share/mise/installs/crystal/1.21.0/share/crystal/src/http/server/handler.cr:30:7 in 'call'
|   from /home/uzumaki/.local/share/mise/installs/crystal/1.21.0/share/crystal/src/http/server/request_processor.cr:58:11 in 'handle_client'
|   from /home/uzumaki/.local/share/mise/installs/crystal/1.21.0/share/crystal/src/fiber.cr:168:11 in 'run'
|   from ???
ERR 2026-08-04T17:29:19.100Z > Error while writing data to the client
| Error while writing data to the client (HTTP::Server::ClientError)
|   from /home/uzumaki/.local/share/mise/installs/crystal/1.21.0/share/crystal/src/http/server/response.cr:266:9 in 'unbuffered_write'
|   from lib/kemal/src/kemal/route_handler.cr:174:7 in 'call'
|   from lib/kemal/src/kemal/filter_handler.cr:46:7 in 'call'
|   from /home/uzumaki/.local/share/mise/installs/crystal/1.21.0/share/crystal/src/http/server/handler.cr:30:7 in 'call'
|   from /home/uzumaki/.local/share/mise/installs/crystal/1.21.0/share/crystal/src/http/server/handler.cr:30:7 in 'call'
|   from /home/uzumaki/.local/share/mise/installs/crystal/1.21.0/share/crystal/src/http/server/request_processor.cr:58:11 in 'handle_client'
|   from /home/uzumaki/.local/share/mise/installs/crystal/1.21.0/share/crystal/src/fiber.cr:168:11 in 'run'
|   from ???
| Caused by: write (#<TCPSocket:0x72b350689b40>): Broken pipe (IO::Error)
|   from /home/uzumaki/.local/share/mise/installs/crystal/1.21.0/share/crystal/src/gc/boehm.cr:193:7 in 'unbuffered_write'
|   from /home/uzumaki/.local/share/mise/installs/crystal/1.21.0/share/crystal/src/http/server/response.cr:282:11 in 'unbuffered_write'
|   from lib/kemal/src/kemal/route_handler.cr:174:7 in 'call'
|   from lib/kemal/src/kemal/filter_handler.cr:46:7 in 'call'
|   from /home/uzumaki/.local/share/mise/installs/crystal/1.21.0/share/crystal/src/http/server/handler.cr:30:7 in 'call'
|   from /home/uzumaki/.local/share/mise/installs/crystal/1.21.0/share/crystal/src/http/server/handler.cr:30:7 in 'call'
|   from /home/uzumaki/.local/share/mise/installs/crystal/1.21.0/share/crystal/src/http/server/request_processor.cr:58:11 in 'handle_client'
|   from /home/uzumaki/.local/share/mise/installs/crystal/1.21.0/share/crystal/src/fiber.cr:168:11 in 'run'
|   from ???
ERR 2026-08-04T17:29:19.100Z > Unhandled exception on HTTP::Handler
| Closed stream (IO::Error)
|   from /home/uzumaki/.local/share/mise/installs/crystal/1.21.0/share/crystal/src/http/server/response.cr:215:15 in 'content_type='
|   from lib/kemal/src/kemal/helpers/templates.cr:25:3 in 'render_500'
|   from lib/kemal/src/kemal/exception_handler.cr:34:7 in 'call'
|   from /home/uzumaki/.local/share/mise/installs/crystal/1.21.0/share/crystal/src/http/server/handler.cr:30:7 in 'call'
|   from /home/uzumaki/.local/share/mise/installs/crystal/1.21.0/share/crystal/src/http/server/request_processor.cr:58:11 in 'handle_client'
|   from /home/uzumaki/.local/share/mise/installs/crystal/1.21.0/share/crystal/src/fiber.cr:168:11 in 'run'
|   from ???
ERR 2026-08-04T17:29:19.101Z > Error while writing data to the client
| Error while writing data to the client (HTTP::Server::ClientError)
|   from /home/uzumaki/.local/share/mise/installs/crystal/1.21.0/share/crystal/src/http/server/response.cr:266:9 in 'unbuffered_write'
|   from lib/kemal/src/kemal/route_handler.cr:174:7 in 'call'
|   from lib/kemal/src/kemal/filter_handler.cr:46:7 in 'call'
|   from /home/uzumaki/.local/share/mise/installs/crystal/1.21.0/share/crystal/src/http/server/handler.cr:30:7 in 'call'
|   from /home/uzumaki/.local/share/mise/installs/crystal/1.21.0/share/crystal/src/http/server/handler.cr:30:7 in 'call'
|   from /home/uzumaki/.local/share/mise/installs/crystal/1.21.0/share/crystal/src/http/server/request_processor.cr:58:11 in 'handle_client'
|   from /home/uzumaki/.local/share/mise/installs/crystal/1.21.0/share/crystal/src/fiber.cr:168:11 in 'run'
|   from ???
| Caused by: write (#<TCPSocket:0x72b350689780>): Broken pipe (IO::Error)
|   from /home/uzumaki/.local/share/mise/installs/crystal/1.21.0/share/crystal/src/gc/boehm.cr:193:7 in 'unbuffered_write'
|   from /home/uzumaki/.local/share/mise/installs/crystal/1.21.0/share/crystal/src/http/server/response.cr:282:11 in 'unbuffered_write'
|   from lib/kemal/src/kemal/route_handler.cr:174:7 in 'call'
|   from lib/kemal/src/kemal/filter_handler.cr:46:7 in 'call'
|   from /home/uzumaki/.local/share/mise/installs/crystal/1.21.0/share/crystal/src/http/server/handler.cr:30:7 in 'call'
|   from /home/uzumaki/.local/share/mise/installs/crystal/1.21.0/share/crystal/src/http/server/handler.cr:30:7 in 'call'
|   from /home/uzumaki/.local/share/mise/installs/crystal/1.21.0/share/crystal/src/http/server/request_processor.cr:58:11 in 'handle_client'
|   from /home/uzumaki/.local/share/mise/installs/crystal/1.21.0/share/crystal/src/fiber.cr:168:11 in 'run'
|   from ???
ERR 2026-08-04T17:29:19.101Z > Unhandled exception on HTTP::Handler
| Closed stream (IO::Error)
|   from /home/uzumaki/.local/share/mise/installs/crystal/1.21.0/share/crystal/src/http/server/response.cr:215:15 in 'content_type='
|   from lib/kemal/src/kemal/helpers/templates.cr:25:3 in 'render_500'
|   from lib/kemal/src/kemal/exception_handler.cr:34:7 in 'call'
|   from /home/uzumaki/.local/share/mise/installs/crystal/1.21.0/share/crystal/src/http/server/handler.cr:30:7 in 'call'
|   from /home/uzumaki/.local/share/mise/installs/crystal/1.21.0/share/crystal/src/http/server/request_processor.cr:58:11 in 'handle_client'
|   from /home/uzumaki/.local/share/mise/installs/crystal/1.21.0/share/crystal/src/fiber.cr:168:11 in 'run'
|   from ???
ERR 2026-08-04T17:29:19.111Z > Error while writing data to the client
| Error while writing data to the client (HTTP::Server::ClientError)
|   from /home/uzumaki/.local/share/mise/installs/crystal/1.21.0/share/crystal/src/http/server/response.cr:266:9 in 'unbuffered_write'
|   from lib/kemal/src/kemal/route_handler.cr:174:7 in 'call'
|   from lib/kemal/src/kemal/filter_handler.cr:46:7 in 'call'
|   from /home/uzumaki/.local/share/mise/installs/crystal/1.21.0/share/crystal/src/http/server/handler.cr:30:7 in 'call'
|   from /home/uzumaki/.local/share/mise/installs/crystal/1.21.0/share/crystal/src/http/server/handler.cr:30:7 in 'call'
|   from /home/uzumaki/.local/share/mise/installs/crystal/1.21.0/share/crystal/src/http/server/request_processor.cr:58:11 in 'handle_client'
|   from /home/uzumaki/.local/share/mise/installs/crystal/1.21.0/share/crystal/src/fiber.cr:168:11 in 'run'
|   from ???
| Caused by: write (#<TCPSocket:0x72b350689140>): Broken pipe (IO::Error)
|   from /home/uzumaki/.local/share/mise/installs/crystal/1.21.0/share/crystal/src/gc/boehm.cr:193:7 in 'unbuffered_write'
|   from /home/uzumaki/.local/share/mise/installs/crystal/1.21.0/share/crystal/src/http/server/response.cr:282:11 in 'unbuffered_write'
|   from lib/kemal/src/kemal/route_handler.cr:174:7 in 'call'
|   from lib/kemal/src/kemal/filter_handler.cr:46:7 in 'call'
|   from /home/uzumaki/.local/share/mise/installs/crystal/1.21.0/share/crystal/src/http/server/handler.cr:30:7 in 'call'
|   from /home/uzumaki/.local/share/mise/installs/crystal/1.21.0/share/crystal/src/http/server/handler.cr:30:7 in 'call'
|   from /home/uzumaki/.local/share/mise/installs/crystal/1.21.0/share/crystal/src/http/server/request_processor.cr:58:11 in 'handle_client'
|   from /home/uzumaki/.local/share/mise/installs/crystal/1.21.0/share/crystal/src/fiber.cr:168:11 in 'run'
|   from ???
ERR 2026-08-04T17:29:19.111Z > Unhandled exception on HTTP::Handler
| Closed stream (IO::Error)
|   from /home/uzumaki/.local/share/mise/installs/crystal/1.21.0/share/crystal/src/http/server/response.cr:215:15 in 'content_type='
|   from lib/kemal/src/kemal/helpers/templates.cr:25:3 in 'render_500'
|   from lib/kemal/src/kemal/exception_handler.cr:34:7 in 'call'
|   from /home/uzumaki/.local/share/mise/installs/crystal/1.21.0/share/crystal/src/http/server/handler.cr:30:7 in 'call'
|   from /home/uzumaki/.local/share/mise/installs/crystal/1.21.0/share/crystal/src/http/server/request_processor.cr:58:11 in 'handle_client'
|   from /home/uzumaki/.local/share/mise/installs/crystal/1.21.0/share/crystal/src/fiber.cr:168:11 in 'run'
|   from ???
ERR 2026-08-04T17:29:19.112Z > Error while writing data to the client
| Error while writing data to the client (HTTP::Server::ClientError)
|   from /home/uzumaki/.local/share/mise/installs/crystal/1.21.0/share/crystal/src/http/server/response.cr:266:9 in 'unbuffered_write'
|   from lib/kemal/src/kemal/route_handler.cr:174:7 in 'call'
|   from lib/kemal/src/kemal/filter_handler.cr:46:7 in 'call'
|   from /home/uzumaki/.local/share/mise/installs/crystal/1.21.0/share/crystal/src/http/server/handler.cr:30:7 in 'call'
|   from /home/uzumaki/.local/share/mise/installs/crystal/1.21.0/share/crystal/src/http/server/handler.cr:30:7 in 'call'
|   from /home/uzumaki/.local/share/mise/installs/crystal/1.21.0/share/crystal/src/http/server/request_processor.cr:58:11 in 'handle_client'
|   from /home/uzumaki/.local/share/mise/installs/crystal/1.21.0/share/crystal/src/fiber.cr:168:11 in 'run'
|   from ???
| Caused by: write (#<TCPSocket:0x72b35a73e780>): Broken pipe (IO::Error)
|   from /home/uzumaki/.local/share/mise/installs/crystal/1.21.0/share/crystal/src/gc/boehm.cr:193:7 in 'unbuffered_write'
|   from /home/uzumaki/.local/share/mise/installs/crystal/1.21.0/share/crystal/src/http/server/response.cr:282:11 in 'unbuffered_write'
|   from lib/kemal/src/kemal/route_handler.cr:174:7 in 'call'
|   from lib/kemal/src/kemal/filter_handler.cr:46:7 in 'call'
|   from /home/uzumaki/.local/share/mise/installs/crystal/1.21.0/share/crystal/src/http/server/handler.cr:30:7 in 'call'
|   from /home/uzumaki/.local/share/mise/installs/crystal/1.21.0/share/crystal/src/http/server/handler.cr:30:7 in 'call'
|   from /home/uzumaki/.local/share/mise/installs/crystal/1.21.0/share/crystal/src/http/server/request_processor.cr:58:11 in 'handle_client'
|   from /home/uzumaki/.local/share/mise/installs/crystal/1.21.0/share/crystal/src/fiber.cr:168:11 in 'run'
|   from ???
ERR 2026-08-04T17:29:19.112Z > Unhandled exception on HTTP::Handler
| Closed stream (IO::Error)
|   from /home/uzumaki/.local/share/mise/installs/crystal/1.21.0/share/crystal/src/http/server/response.cr:215:15 in 'content_type='
|   from lib/kemal/src/kemal/helpers/templates.cr:25:3 in 'render_500'
|   from lib/kemal/src/kemal/exception_handler.cr:34:7 in 'call'
|   from /home/uzumaki/.local/share/mise/installs/crystal/1.21.0/share/crystal/src/http/server/handler.cr:30:7 in 'call'
|   from /home/uzumaki/.local/share/mise/installs/crystal/1.21.0/share/crystal/src/http/server/request_processor.cr:58:11 in 'handle_client'
|   from /home/uzumaki/.local/share/mise/installs/crystal/1.21.0/share/crystal/src/fiber.cr:168:11 in 'run'
|   from ???
ERR 2026-08-04T17:29:19.113Z > Error while writing data to the client
| Error while writing data to the client (HTTP::Server::ClientError)
|   from /home/uzumaki/.local/share/mise/installs/crystal/1.21.0/share/crystal/src/http/server/response.cr:266:9 in 'unbuffered_write'
|   from lib/kemal/src/kemal/route_handler.cr:174:7 in 'call'
|   from lib/kemal/src/kemal/filter_handler.cr:46:7 in 'call'
|   from /home/uzumaki/.local/share/mise/installs/crystal/1.21.0/share/crystal/src/http/server/handler.cr:30:7 in 'call'
|   from /home/uzumaki/.local/share/mise/installs/crystal/1.21.0/share/crystal/src/http/server/handler.cr:30:7 in 'call'
|   from /home/uzumaki/.local/share/mise/installs/crystal/1.21.0/share/crystal/src/http/server/request_processor.cr:58:11 in 'handle_client'
|   from /home/uzumaki/.local/share/mise/installs/crystal/1.21.0/share/crystal/src/fiber.cr:168:11 in 'run'
|   from ???
| Caused by: write (#<TCPSocket:0x72b350689c80>): Broken pipe (IO::Error)
|   from /home/uzumaki/.local/share/mise/installs/crystal/1.21.0/share/crystal/src/gc/boehm.cr:193:7 in 'unbuffered_write'
|   from /home/uzumaki/.local/share/mise/installs/crystal/1.21.0/share/crystal/src/http/server/response.cr:282:11 in 'unbuffered_write'
|   from lib/kemal/src/kemal/route_handler.cr:174:7 in 'call'
|   from lib/kemal/src/kemal/filter_handler.cr:46:7 in 'call'
|   from /home/uzumaki/.local/share/mise/installs/crystal/1.21.0/share/crystal/src/http/server/handler.cr:30:7 in 'call'
|   from /home/uzumaki/.local/share/mise/installs/crystal/1.21.0/share/crystal/src/http/server/handler.cr:30:7 in 'call'
|   from /home/uzumaki/.local/share/mise/installs/crystal/1.21.0/share/crystal/src/http/server/request_processor.cr:58:11 in 'handle_client'
|   from /home/uzumaki/.local/share/mise/installs/crystal/1.21.0/share/crystal/src/fiber.cr:168:11 in 'run'
|   from ???
ERR 2026-08-04T17:29:19.113Z > Unhandled exception on HTTP::Handler
| Closed stream (IO::Error)
|   from /home/uzumaki/.local/share/mise/installs/crystal/1.21.0/share/crystal/src/http/server/response.cr:215:15 in 'content_type='
|   from lib/kemal/src/kemal/helpers/templates.cr:25:3 in 'render_500'
|   from lib/kemal/src/kemal/exception_handler.cr:34:7 in 'call'
|   from /home/uzumaki/.local/share/mise/installs/crystal/1.21.0/share/crystal/src/http/server/handler.cr:30:7 in 'call'
|   from /home/uzumaki/.local/share/mise/installs/crystal/1.21.0/share/crystal/src/http/server/request_processor.cr:58:11 in 'handle_client'
|   from /home/uzumaki/.local/share/mise/installs/crystal/1.21.0/share/crystal/src/fiber.cr:168:11 in 'run'
|   from ???
ERR 2026-08-04T17:29:19.113Z > Error while writing data to the client
| Error while writing data to the client (HTTP::Server::ClientError)
|   from /home/uzumaki/.local/share/mise/installs/crystal/1.21.0/share/crystal/src/http/server/response.cr:266:9 in 'unbuffered_write'
|   from lib/kemal/src/kemal/route_handler.cr:174:7 in 'call'
|   from lib/kemal/src/kemal/filter_handler.cr:46:7 in 'call'
|   from /home/uzumaki/.local/share/mise/installs/crystal/1.21.0/share/crystal/src/http/server/handler.cr:30:7 in 'call'
|   from /home/uzumaki/.local/share/mise/installs/crystal/1.21.0/share/crystal/src/http/server/handler.cr:30:7 in 'call'
|   from /home/uzumaki/.local/share/mise/installs/crystal/1.21.0/share/crystal/src/http/server/request_processor.cr:58:11 in 'handle_client'
|   from /home/uzumaki/.local/share/mise/installs/crystal/1.21.0/share/crystal/src/fiber.cr:168:11 in 'run'
|   from ???
| Caused by: write (#<TCPSocket:0x72b350677b40>): Broken pipe (IO::Error)
|   from /home/uzumaki/.local/share/mise/installs/crystal/1.21.0/share/crystal/src/gc/boehm.cr:193:7 in 'unbuffered_write'
|   from /home/uzumaki/.local/share/mise/installs/crystal/1.21.0/share/crystal/src/http/server/response.cr:282:11 in 'unbuffered_write'
|   from lib/kemal/src/kemal/route_handler.cr:174:7 in 'call'
|   from lib/kemal/src/kemal/filter_handler.cr:46:7 in 'call'
|   from /home/uzumaki/.local/share/mise/installs/crystal/1.21.0/share/crystal/src/http/server/handler.cr:30:7 in 'call'
|   from /home/uzumaki/.local/share/mise/installs/crystal/1.21.0/share/crystal/src/http/server/handler.cr:30:7 in 'call'
|   from /home/uzumaki/.local/share/mise/installs/crystal/1.21.0/share/crystal/src/http/server/request_processor.cr:58:11 in 'handle_client'
|   from /home/uzumaki/.local/share/mise/installs/crystal/1.21.0/share/crystal/src/fiber.cr:168:11 in 'run'
|   from ???
ERR 2026-08-04T17:29:19.113Z > Unhandled exception on HTTP::Handler
| Closed stream (IO::Error)
|   from /home/uzumaki/.local/share/mise/installs/crystal/1.21.0/share/crystal/src/http/server/response.cr:215:15 in 'content_type='
|   from lib/kemal/src/kemal/helpers/templates.cr:25:3 in 'render_500'
|   from lib/kemal/src/kemal/exception_handler.cr:34:7 in 'call'
|   from /home/uzumaki/.local/share/mise/installs/crystal/1.21.0/share/crystal/src/http/server/handler.cr:30:7 in 'call'
|   from /home/uzumaki/.local/share/mise/installs/crystal/1.21.0/share/crystal/src/http/server/request_processor.cr:58:11 in 'handle_client'
|   from /home/uzumaki/.local/share/mise/installs/crystal/1.21.0/share/crystal/src/fiber.cr:168:11 in 'run'
|   from ???
ERR 2026-08-04T17:29:19.113Z > Error while writing data to the client
| Error while writing data to the client (HTTP::Server::ClientError)
|   from /home/uzumaki/.local/share/mise/installs/crystal/1.21.0/share/crystal/src/http/server/response.cr:266:9 in 'unbuffered_write'
|   from lib/kemal/src/kemal/route_handler.cr:174:7 in 'call'
|   from lib/kemal/src/kemal/filter_handler.cr:46:7 in 'call'
|   from /home/uzumaki/.local/share/mise/installs/crystal/1.21.0/share/crystal/src/http/server/handler.cr:30:7 in 'call'
|   from /home/uzumaki/.local/share/mise/installs/crystal/1.21.0/share/crystal/src/http/server/handler.cr:30:7 in 'call'
|   from /home/uzumaki/.local/share/mise/installs/crystal/1.21.0/share/crystal/src/http/server/request_processor.cr:58:11 in 'handle_client'
|   from /home/uzumaki/.local/share/mise/installs/crystal/1.21.0/share/crystal/src/fiber.cr:168:11 in 'run'
|   from ???
| Caused by: write (#<TCPSocket:0x72b35068a500>): Broken pipe (IO::Error)
|   from /home/uzumaki/.local/share/mise/installs/crystal/1.21.0/share/crystal/src/gc/boehm.cr:193:7 in 'unbuffered_write'
|   from /home/uzumaki/.local/share/mise/installs/crystal/1.21.0/share/crystal/src/http/server/response.cr:282:11 in 'unbuffered_write'
|   from lib/kemal/src/kemal/route_handler.cr:174:7 in 'call'
|   from lib/kemal/src/kemal/filter_handler.cr:46:7 in 'call'
|   from /home/uzumaki/.local/share/mise/installs/crystal/1.21.0/share/crystal/src/http/server/handler.cr:30:7 in 'call'
|   from /home/uzumaki/.local/share/mise/installs/crystal/1.21.0/share/crystal/src/http/server/handler.cr:30:7 in 'call'
|   from /home/uzumaki/.local/share/mise/installs/crystal/1.21.0/share/crystal/src/http/server/request_processor.cr:58:11 in 'handle_client'
|   from /home/uzumaki/.local/share/mise/installs/crystal/1.21.0/share/crystal/src/fiber.cr:168:11 in 'run'
|   from ???
ERR 2026-08-04T17:29:19.113Z > Unhandled exception on HTTP::Handler
| Closed stream (IO::Error)
|   from /home/uzumaki/.local/share/mise/installs/crystal/1.21.0/share/crystal/src/http/server/response.cr:215:15 in 'content_type='
|   from lib/kemal/src/kemal/helpers/templates.cr:25:3 in 'render_500'
|   from lib/kemal/src/kemal/exception_handler.cr:34:7 in 'call'
|   from /home/uzumaki/.local/share/mise/installs/crystal/1.21.0/share/crystal/src/http/server/handler.cr:30:7 in 'call'
|   from /home/uzumaki/.local/share/mise/installs/crystal/1.21.0/share/crystal/src/http/server/request_processor.cr:58:11 in 'handle_client'
|   from /home/uzumaki/.local/share/mise/installs/crystal/1.21.0/share/crystal/src/fiber.cr:168:11 in 'run'
|   from ???
ERR 2026-08-04T17:29:19.114Z > Error while writing data to the client
| Error while writing data to the client (HTTP::Server::ClientError)
|   from /home/uzumaki/.local/share/mise/installs/crystal/1.21.0/share/crystal/src/http/server/response.cr:266:9 in 'unbuffered_write'
|   from lib/kemal/src/kemal/route_handler.cr:174:7 in 'call'
|   from lib/kemal/src/kemal/filter_handler.cr:46:7 in 'call'
|   from /home/uzumaki/.local/share/mise/installs/crystal/1.21.0/share/crystal/src/http/server/handler.cr:30:7 in 'call'
|   from /home/uzumaki/.local/share/mise/installs/crystal/1.21.0/share/crystal/src/http/server/handler.cr:30:7 in 'call'
|   from /home/uzumaki/.local/share/mise/installs/crystal/1.21.0/share/crystal/src/http/server/request_processor.cr:58:11 in 'handle_client'
|   from /home/uzumaki/.local/share/mise/installs/crystal/1.21.0/share/crystal/src/fiber.cr:168:11 in 'run'
|   from ???
| Caused by: write (#<TCPSocket:0x72b35a73fa00>): Broken pipe (IO::Error)
|   from /home/uzumaki/.local/share/mise/installs/crystal/1.21.0/share/crystal/src/gc/boehm.cr:193:7 in 'unbuffered_write'
|   from /home/uzumaki/.local/share/mise/installs/crystal/1.21.0/share/crystal/src/http/server/response.cr:282:11 in 'unbuffered_write'
|   from lib/kemal/src/kemal/route_handler.cr:174:7 in 'call'
|   from lib/kemal/src/kemal/filter_handler.cr:46:7 in 'call'
|   from /home/uzumaki/.local/share/mise/installs/crystal/1.21.0/share/crystal/src/http/server/handler.cr:30:7 in 'call'
|   from /home/uzumaki/.local/share/mise/installs/crystal/1.21.0/share/crystal/src/http/server/handler.cr:30:7 in 'call'
|   from /home/uzumaki/.local/share/mise/installs/crystal/1.21.0/share/crystal/src/http/server/request_processor.cr:58:11 in 'handle_client'
|   from /home/uzumaki/.local/share/mise/installs/crystal/1.21.0/share/crystal/src/fiber.cr:168:11 in 'run'
|   from ???
ERR 2026-08-04T17:29:19.114Z > Unhandled exception on HTTP::Handler
| Closed stream (IO::Error)
|   from /home/uzumaki/.local/share/mise/installs/crystal/1.21.0/share/crystal/src/http/server/response.cr:215:15 in 'content_type='
|   from lib/kemal/src/kemal/helpers/templates.cr:25:3 in 'render_500'
|   from lib/kemal/src/kemal/exception_handler.cr:34:7 in 'call'
|   from /home/uzumaki/.local/share/mise/installs/crystal/1.21.0/share/crystal/src/http/server/handler.cr:30:7 in 'call'
|   from /home/uzumaki/.local/share/mise/installs/crystal/1.21.0/share/crystal/src/http/server/request_processor.cr:58:11 in 'handle_client'
|   from /home/uzumaki/.local/share/mise/installs/crystal/1.21.0/share/crystal/src/fiber.cr:168:11 in 'run'
|   from ???
ERR 2026-08-04T17:29:19.115Z > Error while writing data to the client
| Error while writing data to the client (HTTP::Server::ClientError)
|   from /home/uzumaki/.local/share/mise/installs/crystal/1.21.0/share/crystal/src/http/server/response.cr:266:9 in 'unbuffered_write'
|   from lib/kemal/src/kemal/route_handler.cr:174:7 in 'call'
|   from lib/kemal/src/kemal/filter_handler.cr:46:7 in 'call'
|   from /home/uzumaki/.local/share/mise/installs/crystal/1.21.0/share/crystal/src/http/server/handler.cr:30:7 in 'call'
|   from /home/uzumaki/.local/share/mise/installs/crystal/1.21.0/share/crystal/src/http/server/handler.cr:30:7 in 'call'
|   from /home/uzumaki/.local/share/mise/installs/crystal/1.21.0/share/crystal/src/http/server/request_processor.cr:58:11 in 'handle_client'
|   from /home/uzumaki/.local/share/mise/installs/crystal/1.21.0/share/crystal/src/fiber.cr:168:11 in 'run'
|   from ???
| Caused by: write (#<TCPSocket:0x72b350689dc0>): Broken pipe (IO::Error)
|   from /home/uzumaki/.local/share/mise/installs/crystal/1.21.0/share/crystal/src/gc/boehm.cr:193:7 in 'unbuffered_write'
|   from /home/uzumaki/.local/share/mise/installs/crystal/1.21.0/share/crystal/src/http/server/response.cr:282:11 in 'unbuffered_write'
|   from lib/kemal/src/kemal/route_handler.cr:174:7 in 'call'
|   from lib/kemal/src/kemal/filter_handler.cr:46:7 in 'call'
|   from /home/uzumaki/.local/share/mise/installs/crystal/1.21.0/share/crystal/src/http/server/handler.cr:30:7 in 'call'
|   from /home/uzumaki/.local/share/mise/installs/crystal/1.21.0/share/crystal/src/http/server/handler.cr:30:7 in 'call'
|   from /home/uzumaki/.local/share/mise/installs/crystal/1.21.0/share/crystal/src/http/server/request_processor.cr:58:11 in 'handle_client'
|   from /home/uzumaki/.local/share/mise/installs/crystal/1.21.0/share/crystal/src/fiber.cr:168:11 in 'run'
|   from ???
ERR 2026-08-04T17:29:19.115Z > Unhandled exception on HTTP::Handler
| Closed stream (IO::Error)
|   from /home/uzumaki/.local/share/mise/installs/crystal/1.21.0/share/crystal/src/http/server/response.cr:215:15 in 'content_type='
|   from lib/kemal/src/kemal/helpers/templates.cr:25:3 in 'render_500'
|   from lib/kemal/src/kemal/exception_handler.cr:34:7 in 'call'
|   from /home/uzumaki/.local/share/mise/installs/crystal/1.21.0/share/crystal/src/http/server/handler.cr:30:7 in 'call'
|   from /home/uzumaki/.local/share/mise/installs/crystal/1.21.0/share/crystal/src/http/server/request_processor.cr:58:11 in 'handle_client'
|   from /home/uzumaki/.local/share/mise/installs/crystal/1.21.0/share/crystal/src/fiber.cr:168:11 in 'run'
|   from ???
ERR 2026-08-04T17:29:19.117Z > Error while writing data to the client
| Error while writing data to the client (HTTP::Server::ClientError)
|   from /home/uzumaki/.local/share/mise/installs/crystal/1.21.0/share/crystal/src/http/server/response.cr:266:9 in 'unbuffered_write'
|   from lib/kemal/src/kemal/route_handler.cr:174:7 in 'call'
|   from lib/kemal/src/kemal/filter_handler.cr:46:7 in 'call'
|   from /home/uzumaki/.local/share/mise/installs/crystal/1.21.0/share/crystal/src/http/server/handler.cr:30:7 in 'call'
|   from /home/uzumaki/.local/share/mise/installs/crystal/1.21.0/share/crystal/src/http/server/handler.cr:30:7 in 'call'
|   from /home/uzumaki/.local/share/mise/installs/crystal/1.21.0/share/crystal/src/http/server/request_processor.cr:58:11 in 'handle_client'
|   from /home/uzumaki/.local/share/mise/installs/crystal/1.21.0/share/crystal/src/fiber.cr:168:11 in 'run'
|   from ???
| Caused by: write (#<TCPSocket:0x72b350421500>): Broken pipe (IO::Error)
|   from /home/uzumaki/.local/share/mise/installs/crystal/1.21.0/share/crystal/src/gc/boehm.cr:193:7 in 'unbuffered_write'
|   from /home/uzumaki/.local/share/mise/installs/crystal/1.21.0/share/crystal/src/http/server/response.cr:282:11 in 'unbuffered_write'
|   from lib/kemal/src/kemal/route_handler.cr:174:7 in 'call'
|   from lib/kemal/src/kemal/filter_handler.cr:46:7 in 'call'
|   from /home/uzumaki/.local/share/mise/installs/crystal/1.21.0/share/crystal/src/http/server/handler.cr:30:7 in 'call'
|   from /home/uzumaki/.local/share/mise/installs/crystal/1.21.0/share/crystal/src/http/server/handler.cr:30:7 in 'call'
|   from /home/uzumaki/.local/share/mise/installs/crystal/1.21.0/share/crystal/src/http/server/request_processor.cr:58:11 in 'handle_client'
|   from /home/uzumaki/.local/share/mise/installs/crystal/1.21.0/share/crystal/src/fiber.cr:168:11 in 'run'
|   from ???
ERR 2026-08-04T17:29:19.117Z > Unhandled exception on HTTP::Handler
| Closed stream (IO::Error)
|   from /home/uzumaki/.local/share/mise/installs/crystal/1.21.0/share/crystal/src/http/server/response.cr:215:15 in 'content_type='
|   from lib/kemal/src/kemal/helpers/templates.cr:25:3 in 'render_500'
|   from lib/kemal/src/kemal/exception_handler.cr:34:7 in 'call'
|   from /home/uzumaki/.local/share/mise/installs/crystal/1.21.0/share/crystal/src/http/server/handler.cr:30:7 in 'call'
|   from /home/uzumaki/.local/share/mise/installs/crystal/1.21.0/share/crystal/src/http/server/request_processor.cr:58:11 in 'handle_client'
|   from /home/uzumaki/.local/share/mise/installs/crystal/1.21.0/share/crystal/src/fiber.cr:168:11 in 'run'
|   from ???
ERR 2026-08-04T17:29:19.119Z > Error while writing data to the client
| Error while writing data to the client (HTTP::Server::ClientError)
|   from /home/uzumaki/.local/share/mise/installs/crystal/1.21.0/share/crystal/src/http/server/response.cr:266:9 in 'unbuffered_write'
|   from lib/kemal/src/kemal/route_handler.cr:174:7 in 'call'
|   from lib/kemal/src/kemal/filter_handler.cr:46:7 in 'call'
|   from /home/uzumaki/.local/share/mise/installs/crystal/1.21.0/share/crystal/src/http/server/handler.cr:30:7 in 'call'
|   from /home/uzumaki/.local/share/mise/installs/crystal/1.21.0/share/crystal/src/http/server/handler.cr:30:7 in 'call'
|   from /home/uzumaki/.local/share/mise/installs/crystal/1.21.0/share/crystal/src/http/server/request_processor.cr:58:11 in 'handle_client'
|   from /home/uzumaki/.local/share/mise/installs/crystal/1.21.0/share/crystal/src/fiber.cr:168:11 in 'run'
|   from ???
| Caused by: write (#<TCPSocket:0x72b3503c9b40>): Broken pipe (IO::Error)
|   from /home/uzumaki/.local/share/mise/installs/crystal/1.21.0/share/crystal/src/gc/boehm.cr:193:7 in 'unbuffered_write'
|   from /home/uzumaki/.local/share/mise/installs/crystal/1.21.0/share/crystal/src/http/server/response.cr:282:11 in 'unbuffered_write'
|   from lib/kemal/src/kemal/route_handler.cr:174:7 in 'call'
|   from lib/kemal/src/kemal/filter_handler.cr:46:7 in 'call'
|   from /home/uzumaki/.local/share/mise/installs/crystal/1.21.0/share/crystal/src/http/server/handler.cr:30:7 in 'call'
|   from /home/uzumaki/.local/share/mise/installs/crystal/1.21.0/share/crystal/src/http/server/handler.cr:30:7 in 'call'
|   from /home/uzumaki/.local/share/mise/installs/crystal/1.21.0/share/crystal/src/http/server/request_processor.cr:58:11 in 'handle_client'
|   from /home/uzumaki/.local/share/mise/installs/crystal/1.21.0/share/crystal/src/fiber.cr:168:11 in 'run'
|   from ???
ERR 2026-08-04T17:29:19.119Z > Unhandled exception on HTTP::Handler
| Closed stream (IO::Error)
|   from /home/uzumaki/.local/share/mise/installs/crystal/1.21.0/share/crystal/src/http/server/response.cr:215:15 in 'content_type='
|   from lib/kemal/src/kemal/helpers/templates.cr:25:3 in 'render_500'
|   from lib/kemal/src/kemal/exception_handler.cr:34:7 in 'call'
|   from /home/uzumaki/.local/share/mise/installs/crystal/1.21.0/share/crystal/src/http/server/handler.cr:30:7 in 'call'
|   from /home/uzumaki/.local/share/mise/installs/crystal/1.21.0/share/crystal/src/http/server/request_processor.cr:58:11 in 'handle_client'
|   from /home/uzumaki/.local/share/mise/installs/crystal/1.21.0/share/crystal/src/fiber.cr:168:11 in 'run'
|   from ???
ERR 2026-08-04T17:29:19.120Z > Error while writing data to the client
| Error while writing data to the client (HTTP::Server::ClientError)
|   from /home/uzumaki/.local/share/mise/installs/crystal/1.21.0/share/crystal/src/http/server/response.cr:266:9 in 'unbuffered_write'
|   from lib/kemal/src/kemal/route_handler.cr:174:7 in 'call'
|   from lib/kemal/src/kemal/filter_handler.cr:46:7 in 'call'
|   from /home/uzumaki/.local/share/mise/installs/crystal/1.21.0/share/crystal/src/http/server/handler.cr:30:7 in 'call'
|   from /home/uzumaki/.local/share/mise/installs/crystal/1.21.0/share/crystal/src/http/server/handler.cr:30:7 in 'call'
|   from /home/uzumaki/.local/share/mise/installs/crystal/1.21.0/share/crystal/src/http/server/request_processor.cr:58:11 in 'handle_client'
|   from /home/uzumaki/.local/share/mise/installs/crystal/1.21.0/share/crystal/src/fiber.cr:168:11 in 'run'
|   from ???
| Caused by: write (#<TCPSocket:0x72b350683a00>): Broken pipe (IO::Error)
|   from /home/uzumaki/.local/share/mise/installs/crystal/1.21.0/share/crystal/src/gc/boehm.cr:193:7 in 'unbuffered_write'
|   from /home/uzumaki/.local/share/mise/installs/crystal/1.21.0/share/crystal/src/http/server/response.cr:282:11 in 'unbuffered_write'
|   from lib/kemal/src/kemal/route_handler.cr:174:7 in 'call'
|   from lib/kemal/src/kemal/filter_handler.cr:46:7 in 'call'
|   from /home/uzumaki/.local/share/mise/installs/crystal/1.21.0/share/crystal/src/http/server/handler.cr:30:7 in 'call'
|   from /home/uzumaki/.local/share/mise/installs/crystal/1.21.0/share/crystal/src/http/server/handler.cr:30:7 in 'call'
|   from /home/uzumaki/.local/share/mise/installs/crystal/1.21.0/share/crystal/src/http/server/request_processor.cr:58:11 in 'handle_client'
|   from /home/uzumaki/.local/share/mise/installs/crystal/1.21.0/share/crystal/src/fiber.cr:168:11 in 'run'
|   from ???
ERR 2026-08-04T17:29:19.120Z > Unhandled exception on HTTP::Handler
| Closed stream (IO::Error)
|   from /home/uzumaki/.local/share/mise/installs/crystal/1.21.0/share/crystal/src/http/server/response.cr:215:15 in 'content_type='
|   from lib/kemal/src/kemal/helpers/templates.cr:25:3 in 'render_500'
|   from lib/kemal/src/kemal/exception_handler.cr:34:7 in 'call'
|   from /home/uzumaki/.local/share/mise/installs/crystal/1.21.0/share/crystal/src/http/server/handler.cr:30:7 in 'call'
|   from /home/uzumaki/.local/share/mise/installs/crystal/1.21.0/share/crystal/src/http/server/request_processor.cr:58:11 in 'handle_client'
|   from /home/uzumaki/.local/share/mise/installs/crystal/1.21.0/share/crystal/src/fiber.cr:168:11 in 'run'
|   from ???
ERR 2026-08-04T17:29:19.122Z > Error while writing data to the client
| Error while writing data to the client (HTTP::Server::ClientError)
|   from /home/uzumaki/.local/share/mise/installs/crystal/1.21.0/share/crystal/src/http/server/response.cr:266:9 in 'unbuffered_write'
|   from lib/kemal/src/kemal/route_handler.cr:174:7 in 'call'
|   from lib/kemal/src/kemal/filter_handler.cr:46:7 in 'call'
|   from /home/uzumaki/.local/share/mise/installs/crystal/1.21.0/share/crystal/src/http/server/handler.cr:30:7 in 'call'
|   from /home/uzumaki/.local/share/mise/installs/crystal/1.21.0/share/crystal/src/http/server/handler.cr:30:7 in 'call'
|   from /home/uzumaki/.local/share/mise/installs/crystal/1.21.0/share/crystal/src/http/server/request_processor.cr:58:11 in 'handle_client'
|   from /home/uzumaki/.local/share/mise/installs/crystal/1.21.0/share/crystal/src/fiber.cr:168:11 in 'run'
|   from ???
| Caused by: write (#<TCPSocket:0x72b350421a00>): Broken pipe (IO::Error)
|   from /home/uzumaki/.local/share/mise/installs/crystal/1.21.0/share/crystal/src/gc/boehm.cr:193:7 in 'unbuffered_write'
|   from /home/uzumaki/.local/share/mise/installs/crystal/1.21.0/share/crystal/src/http/server/response.cr:282:11 in 'unbuffered_write'
|   from lib/kemal/src/kemal/route_handler.cr:174:7 in 'call'
|   from lib/kemal/src/kemal/filter_handler.cr:46:7 in 'call'
|   from /home/uzumaki/.local/share/mise/installs/crystal/1.21.0/share/crystal/src/http/server/handler.cr:30:7 in 'call'
|   from /home/uzumaki/.local/share/mise/installs/crystal/1.21.0/share/crystal/src/http/server/handler.cr:30:7 in 'call'
|   from /home/uzumaki/.local/share/mise/installs/crystal/1.21.0/share/crystal/src/http/server/request_processor.cr:58:11 in 'handle_client'
|   from /home/uzumaki/.local/share/mise/installs/crystal/1.21.0/share/crystal/src/fiber.cr:168:11 in 'run'
|   from ???
ERR 2026-08-04T17:29:19.122Z > Unhandled exception on HTTP::Handler
| Closed stream (IO::Error)
|   from /home/uzumaki/.local/share/mise/installs/crystal/1.21.0/share/crystal/src/http/server/response.cr:215:15 in 'content_type='
|   from lib/kemal/src/kemal/helpers/templates.cr:25:3 in 'render_500'
|   from lib/kemal/src/kemal/exception_handler.cr:34:7 in 'call'
|   from /home/uzumaki/.local/share/mise/installs/crystal/1.21.0/share/crystal/src/http/server/handler.cr:30:7 in 'call'
|   from /home/uzumaki/.local/share/mise/installs/crystal/1.21.0/share/crystal/src/http/server/request_processor.cr:58:11 in 'handle_client'
|   from /home/uzumaki/.local/share/mise/installs/crystal/1.21.0/share/crystal/src/fiber.cr:168:11 in 'run'
|   from ???
ERR 2026-08-04T17:29:19.123Z > Error while writing data to the client
| Error while writing data to the client (HTTP::Server::ClientError)
|   from /home/uzumaki/.local/share/mise/installs/crystal/1.21.0/share/crystal/src/http/server/response.cr:266:9 in 'unbuffered_write'
|   from lib/kemal/src/kemal/route_handler.cr:174:7 in 'call'
|   from lib/kemal/src/kemal/filter_handler.cr:46:7 in 'call'
|   from /home/uzumaki/.local/share/mise/installs/crystal/1.21.0/share/crystal/src/http/server/handler.cr:30:7 in 'call'
|   from /home/uzumaki/.local/share/mise/installs/crystal/1.21.0/share/crystal/src/http/server/handler.cr:30:7 in 'call'
|   from /home/uzumaki/.local/share/mise/installs/crystal/1.21.0/share/crystal/src/http/server/request_processor.cr:58:11 in 'handle_client'
|   from /home/uzumaki/.local/share/mise/installs/crystal/1.21.0/share/crystal/src/fiber.cr:168:11 in 'run'
|   from ???
| Caused by: write (#<TCPSocket:0x72b3504218c0>): Broken pipe (IO::Error)
|   from /home/uzumaki/.local/share/mise/installs/crystal/1.21.0/share/crystal/src/gc/boehm.cr:193:7 in 'unbuffered_write'
|   from /home/uzumaki/.local/share/mise/installs/crystal/1.21.0/share/crystal/src/http/server/response.cr:282:11 in 'unbuffered_write'
|   from lib/kemal/src/kemal/route_handler.cr:174:7 in 'call'
|   from lib/kemal/src/kemal/filter_handler.cr:46:7 in 'call'
|   from /home/uzumaki/.local/share/mise/installs/crystal/1.21.0/share/crystal/src/http/server/handler.cr:30:7 in 'call'
|   from /home/uzumaki/.local/share/mise/installs/crystal/1.21.0/share/crystal/src/http/server/handler.cr:30:7 in 'call'
|   from /home/uzumaki/.local/share/mise/installs/crystal/1.21.0/share/crystal/src/http/server/request_processor.cr:58:11 in 'handle_client'
|   from /home/uzumaki/.local/share/mise/installs/crystal/1.21.0/share/crystal/src/fiber.cr:168:11 in 'run'
|   from ???
ERR 2026-08-04T17:29:19.123Z > Unhandled exception on HTTP::Handler
| Closed stream (IO::Error)
|   from /home/uzumaki/.local/share/mise/installs/crystal/1.21.0/share/crystal/src/http/server/response.cr:215:15 in 'content_type='
|   from lib/kemal/src/kemal/helpers/templates.cr:25:3 in 'render_500'
|   from lib/kemal/src/kemal/exception_handler.cr:34:7 in 'call'
|   from /home/uzumaki/.local/share/mise/installs/crystal/1.21.0/share/crystal/src/http/server/handler.cr:30:7 in 'call'
|   from /home/uzumaki/.local/share/mise/installs/crystal/1.21.0/share/crystal/src/http/server/request_processor.cr:58:11 in 'handle_client'
|   from /home/uzumaki/.local/share/mise/installs/crystal/1.21.0/share/crystal/src/fiber.cr:168:11 in 'run'
|   from ???
ERR 2026-08-04T17:29:19.124Z > Error while writing data to the client
| Error while writing data to the client (HTTP::Server::ClientError)
|   from /home/uzumaki/.local/share/mise/installs/crystal/1.21.0/share/crystal/src/http/server/response.cr:266:9 in 'unbuffered_write'
|   from lib/kemal/src/kemal/route_handler.cr:174:7 in 'call'
|   from lib/kemal/src/kemal/filter_handler.cr:46:7 in 'call'
|   from /home/uzumaki/.local/share/mise/installs/crystal/1.21.0/share/crystal/src/http/server/handler.cr:30:7 in 'call'
|   from /home/uzumaki/.local/share/mise/installs/crystal/1.21.0/share/crystal/src/http/server/handler.cr:30:7 in 'call'
|   from /home/uzumaki/.local/share/mise/installs/crystal/1.21.0/share/crystal/src/http/server/request_processor.cr:58:11 in 'handle_client'
|   from /home/uzumaki/.local/share/mise/installs/crystal/1.21.0/share/crystal/src/fiber.cr:168:11 in 'run'
|   from ???
| Caused by: write (#<TCPSocket:0x72b3506773c0>): Broken pipe (IO::Error)
|   from /home/uzumaki/.local/share/mise/installs/crystal/1.21.0/share/crystal/src/gc/boehm.cr:193:7 in 'unbuffered_write'
|   from /home/uzumaki/.local/share/mise/installs/crystal/1.21.0/share/crystal/src/http/server/response.cr:282:11 in 'unbuffered_write'
|   from lib/kemal/src/kemal/route_handler.cr:174:7 in 'call'
|   from lib/kemal/src/kemal/filter_handler.cr:46:7 in 'call'
|   from /home/uzumaki/.local/share/mise/installs/crystal/1.21.0/share/crystal/src/http/server/handler.cr:30:7 in 'call'
|   from /home/uzumaki/.local/share/mise/installs/crystal/1.21.0/share/crystal/src/http/server/handler.cr:30:7 in 'call'
|   from /home/uzumaki/.local/share/mise/installs/crystal/1.21.0/share/crystal/src/http/server/request_processor.cr:58:11 in 'handle_client'
|   from /home/uzumaki/.local/share/mise/installs/crystal/1.21.0/share/crystal/src/fiber.cr:168:11 in 'run'
|   from ???
ERR 2026-08-04T17:29:19.124Z > Unhandled exception on HTTP::Handler
| Closed stream (IO::Error)
|   from /home/uzumaki/.local/share/mise/installs/crystal/1.21.0/share/crystal/src/http/server/response.cr:215:15 in 'content_type='
|   from lib/kemal/src/kemal/helpers/templates.cr:25:3 in 'render_500'
|   from lib/kemal/src/kemal/exception_handler.cr:34:7 in 'call'
|   from /home/uzumaki/.local/share/mise/installs/crystal/1.21.0/share/crystal/src/http/server/handler.cr:30:7 in 'call'
|   from /home/uzumaki/.local/share/mise/installs/crystal/1.21.0/share/crystal/src/http/server/request_processor.cr:58:11 in 'handle_client'
|   from /home/uzumaki/.local/share/mise/installs/crystal/1.21.0/share/crystal/src/fiber.cr:168:11 in 'run'
|   from ???
ERR 2026-08-04T17:29:19.124Z > Error while writing data to the client
| Error while writing data to the client (HTTP::Server::ClientError)
|   from /home/uzumaki/.local/share/mise/installs/crystal/1.21.0/share/crystal/src/http/server/response.cr:266:9 in 'unbuffered_write'
|   from lib/kemal/src/kemal/route_handler.cr:174:7 in 'call'
|   from lib/kemal/src/kemal/filter_handler.cr:46:7 in 'call'
|   from /home/uzumaki/.local/share/mise/installs/crystal/1.21.0/share/crystal/src/http/server/handler.cr:30:7 in 'call'
|   from /home/uzumaki/.local/share/mise/installs/crystal/1.21.0/share/crystal/src/http/server/handler.cr:30:7 in 'call'
|   from /home/uzumaki/.local/share/mise/installs/crystal/1.21.0/share/crystal/src/http/server/request_processor.cr:58:11 in 'handle_client'
|   from /home/uzumaki/.local/share/mise/installs/crystal/1.21.0/share/crystal/src/fiber.cr:168:11 in 'run'
|   from ???
| Caused by: write (#<TCPSocket:0x72b35a73f8c0>): Broken pipe (IO::Error)
|   from /home/uzumaki/.local/share/mise/installs/crystal/1.21.0/share/crystal/src/gc/boehm.cr:193:7 in 'unbuffered_write'
|   from /home/uzumaki/.local/share/mise/installs/crystal/1.21.0/share/crystal/src/http/server/response.cr:282:11 in 'unbuffered_write'
|   from lib/kemal/src/kemal/route_handler.cr:174:7 in 'call'
|   from lib/kemal/src/kemal/filter_handler.cr:46:7 in 'call'
|   from /home/uzumaki/.local/share/mise/installs/crystal/1.21.0/share/crystal/src/http/server/handler.cr:30:7 in 'call'
|   from /home/uzumaki/.local/share/mise/installs/crystal/1.21.0/share/crystal/src/http/server/handler.cr:30:7 in 'call'
|   from /home/uzumaki/.local/share/mise/installs/crystal/1.21.0/share/crystal/src/http/server/request_processor.cr:58:11 in 'handle_client'
|   from /home/uzumaki/.local/share/mise/installs/crystal/1.21.0/share/crystal/src/fiber.cr:168:11 in 'run'
|   from ???
ERR 2026-08-04T17:29:19.124Z > Unhandled exception on HTTP::Handler
| Closed stream (IO::Error)
|   from /home/uzumaki/.local/share/mise/installs/crystal/1.21.0/share/crystal/src/http/server/response.cr:215:15 in 'content_type='
|   from lib/kemal/src/kemal/helpers/templates.cr:25:3 in 'render_500'
|   from lib/kemal/src/kemal/exception_handler.cr:34:7 in 'call'
|   from /home/uzumaki/.local/share/mise/installs/crystal/1.21.0/share/crystal/src/http/server/handler.cr:30:7 in 'call'
|   from /home/uzumaki/.local/share/mise/installs/crystal/1.21.0/share/crystal/src/http/server/request_processor.cr:58:11 in 'handle_client'
|   from /home/uzumaki/.local/share/mise/installs/crystal/1.21.0/share/crystal/src/fiber.cr:168:11 in 'run'
|   from ???
ERR 2026-08-04T17:29:19.125Z > Error while writing data to the client
| Error while writing data to the client (HTTP::Server::ClientError)
|   from /home/uzumaki/.local/share/mise/installs/crystal/1.21.0/share/crystal/src/http/server/response.cr:266:9 in 'unbuffered_write'
|   from lib/kemal/src/kemal/route_handler.cr:174:7 in 'call'
|   from lib/kemal/src/kemal/filter_handler.cr:46:7 in 'call'
|   from /home/uzumaki/.local/share/mise/installs/crystal/1.21.0/share/crystal/src/http/server/handler.cr:30:7 in 'call'
|   from /home/uzumaki/.local/share/mise/installs/crystal/1.21.0/share/crystal/src/http/server/handler.cr:30:7 in 'call'
|   from /home/uzumaki/.local/share/mise/installs/crystal/1.21.0/share/crystal/src/http/server/request_processor.cr:58:11 in 'handle_client'
|   from /home/uzumaki/.local/share/mise/installs/crystal/1.21.0/share/crystal/src/fiber.cr:168:11 in 'run'
|   from ???
| Caused by: write (#<TCPSocket:0x72b350683140>): Broken pipe (IO::Error)
|   from /home/uzumaki/.local/share/mise/installs/crystal/1.21.0/share/crystal/src/gc/boehm.cr:193:7 in 'unbuffered_write'
|   from /home/uzumaki/.local/share/mise/installs/crystal/1.21.0/share/crystal/src/http/server/response.cr:282:11 in 'unbuffered_write'
|   from lib/kemal/src/kemal/route_handler.cr:174:7 in 'call'
|   from lib/kemal/src/kemal/filter_handler.cr:46:7 in 'call'
|   from /home/uzumaki/.local/share/mise/installs/crystal/1.21.0/share/crystal/src/http/server/handler.cr:30:7 in 'call'
|   from /home/uzumaki/.local/share/mise/installs/crystal/1.21.0/share/crystal/src/http/server/handler.cr:30:7 in 'call'
|   from /home/uzumaki/.local/share/mise/installs/crystal/1.21.0/share/crystal/src/http/server/request_processor.cr:58:11 in 'handle_client'
|   from /home/uzumaki/.local/share/mise/installs/crystal/1.21.0/share/crystal/src/fiber.cr:168:11 in 'run'
|   from ???
ERR 2026-08-04T17:29:19.125Z > Unhandled exception on HTTP::Handler
| Closed stream (IO::Error)
|   from /home/uzumaki/.local/share/mise/installs/crystal/1.21.0/share/crystal/src/http/server/response.cr:215:15 in 'content_type='
|   from lib/kemal/src/kemal/helpers/templates.cr:25:3 in 'render_500'
|   from lib/kemal/src/kemal/exception_handler.cr:34:7 in 'call'
|   from /home/uzumaki/.local/share/mise/installs/crystal/1.21.0/share/crystal/src/http/server/handler.cr:30:7 in 'call'
|   from /home/uzumaki/.local/share/mise/installs/crystal/1.21.0/share/crystal/src/http/server/request_processor.cr:58:11 in 'handle_client'
|   from /home/uzumaki/.local/share/mise/installs/crystal/1.21.0/share/crystal/src/fiber.cr:168:11 in 'run'
|   from ???
ERR 2026-08-04T17:29:19.127Z > Error while writing data to the client
| Error while writing data to the client (HTTP::Server::ClientError)
|   from /home/uzumaki/.local/share/mise/installs/crystal/1.21.0/share/crystal/src/http/server/response.cr:266:9 in 'unbuffered_write'
|   from lib/kemal/src/kemal/route_handler.cr:174:7 in 'call'
|   from lib/kemal/src/kemal/filter_handler.cr:46:7 in 'call'
|   from /home/uzumaki/.local/share/mise/installs/crystal/1.21.0/share/crystal/src/http/server/handler.cr:30:7 in 'call'
|   from /home/uzumaki/.local/share/mise/installs/crystal/1.21.0/share/crystal/src/http/server/handler.cr:30:7 in 'call'
|   from /home/uzumaki/.local/share/mise/installs/crystal/1.21.0/share/crystal/src/http/server/request_processor.cr:58:11 in 'handle_client'
|   from /home/uzumaki/.local/share/mise/installs/crystal/1.21.0/share/crystal/src/fiber.cr:168:11 in 'run'
|   from ???
| Caused by: write (#<TCPSocket:0x72b350421640>): Broken pipe (IO::Error)
|   from /home/uzumaki/.local/share/mise/installs/crystal/1.21.0/share/crystal/src/gc/boehm.cr:193:7 in 'unbuffered_write'
|   from /home/uzumaki/.local/share/mise/installs/crystal/1.21.0/share/crystal/src/http/server/response.cr:282:11 in 'unbuffered_write'
|   from lib/kemal/src/kemal/route_handler.cr:174:7 in 'call'
|   from lib/kemal/src/kemal/filter_handler.cr:46:7 in 'call'
|   from /home/uzumaki/.local/share/mise/installs/crystal/1.21.0/share/crystal/src/http/server/handler.cr:30:7 in 'call'
|   from /home/uzumaki/.local/share/mise/installs/crystal/1.21.0/share/crystal/src/http/server/handler.cr:30:7 in 'call'
|   from /home/uzumaki/.local/share/mise/installs/crystal/1.21.0/share/crystal/src/http/server/request_processor.cr:58:11 in 'handle_client'
|   from /home/uzumaki/.local/share/mise/installs/crystal/1.21.0/share/crystal/src/fiber.cr:168:11 in 'run'
|   from ???
ERR 2026-08-04T17:29:19.127Z > Unhandled exception on HTTP::Handler
| Closed stream (IO::Error)
|   from /home/uzumaki/.local/share/mise/installs/crystal/1.21.0/share/crystal/src/http/server/response.cr:215:15 in 'content_type='
|   from lib/kemal/src/kemal/helpers/templates.cr:25:3 in 'render_500'
|   from lib/kemal/src/kemal/exception_handler.cr:34:7 in 'call'
|   from /home/uzumaki/.local/share/mise/installs/crystal/1.21.0/share/crystal/src/http/server/handler.cr:30:7 in 'call'
|   from /home/uzumaki/.local/share/mise/installs/crystal/1.21.0/share/crystal/src/http/server/request_processor.cr:58:11 in 'handle_client'
|   from /home/uzumaki/.local/share/mise/installs/crystal/1.21.0/share/crystal/src/fiber.cr:168:11 in 'run'
|   from ???
ERR 2026-08-04T17:29:19.127Z > Error while writing data to the client
| Error while writing data to the client (HTTP::Server::ClientError)
|   from /home/uzumaki/.local/share/mise/installs/crystal/1.21.0/share/crystal/src/http/server/response.cr:266:9 in 'unbuffered_write'
|   from lib/kemal/src/kemal/route_handler.cr:174:7 in 'call'
|   from lib/kemal/src/kemal/filter_handler.cr:46:7 in 'call'
|   from /home/uzumaki/.local/share/mise/installs/crystal/1.21.0/share/crystal/src/http/server/handler.cr:30:7 in 'call'
|   from /home/uzumaki/.local/share/mise/installs/crystal/1.21.0/share/crystal/src/http/server/handler.cr:30:7 in 'call'
|   from /home/uzumaki/.local/share/mise/installs/crystal/1.21.0/share/crystal/src/http/server/request_processor.cr:58:11 in 'handle_client'
|   from /home/uzumaki/.local/share/mise/installs/crystal/1.21.0/share/crystal/src/fiber.cr:168:11 in 'run'
|   from ???
| Caused by: write (#<TCPSocket:0x72b350684a00>): Broken pipe (IO::Error)
|   from /home/uzumaki/.local/share/mise/installs/crystal/1.21.0/share/crystal/src/gc/boehm.cr:193:7 in 'unbuffered_write'
|   from /home/uzumaki/.local/share/mise/installs/crystal/1.21.0/share/crystal/src/http/server/response.cr:282:11 in 'unbuffered_write'
|   from lib/kemal/src/kemal/route_handler.cr:174:7 in 'call'
|   from lib/kemal/src/kemal/filter_handler.cr:46:7 in 'call'
|   from /home/uzumaki/.local/share/mise/installs/crystal/1.21.0/share/crystal/src/http/server/handler.cr:30:7 in 'call'
|   from /home/uzumaki/.local/share/mise/installs/crystal/1.21.0/share/crystal/src/http/server/handler.cr:30:7 in 'call'
|   from /home/uzumaki/.local/share/mise/installs/crystal/1.21.0/share/crystal/src/http/server/request_processor.cr:58:11 in 'handle_client'
|   from /home/uzumaki/.local/share/mise/installs/crystal/1.21.0/share/crystal/src/fiber.cr:168:11 in 'run'
|   from ???
ERR 2026-08-04T17:29:19.127Z > Unhandled exception on HTTP::Handler
| Closed stream (IO::Error)
|   from /home/uzumaki/.local/share/mise/installs/crystal/1.21.0/share/crystal/src/http/server/response.cr:215:15 in 'content_type='
|   from lib/kemal/src/kemal/helpers/templates.cr:25:3 in 'render_500'
|   from lib/kemal/src/kemal/exception_handler.cr:34:7 in 'call'
|   from /home/uzumaki/.local/share/mise/installs/crystal/1.21.0/share/crystal/src/http/server/handler.cr:30:7 in 'call'
|   from /home/uzumaki/.local/share/mise/installs/crystal/1.21.0/share/crystal/src/http/server/request_processor.cr:58:11 in 'handle_client'
|   from /home/uzumaki/.local/share/mise/installs/crystal/1.21.0/share/crystal/src/fiber.cr:168:11 in 'run'
|   from ???
ERR 2026-08-04T17:29:19.128Z > Error while writing data to the client
| Error while writing data to the client (HTTP::Server::ClientError)
|   from /home/uzumaki/.local/share/mise/installs/crystal/1.21.0/share/crystal/src/http/server/response.cr:266:9 in 'unbuffered_write'
|   from lib/kemal/src/kemal/route_handler.cr:174:7 in 'call'
|   from lib/kemal/src/kemal/filter_handler.cr:46:7 in 'call'
|   from /home/uzumaki/.local/share/mise/installs/crystal/1.21.0/share/crystal/src/http/server/handler.cr:30:7 in 'call'
|   from /home/uzumaki/.local/share/mise/installs/crystal/1.21.0/share/crystal/src/http/server/handler.cr:30:7 in 'call'
|   from /home/uzumaki/.local/share/mise/installs/crystal/1.21.0/share/crystal/src/http/server/request_processor.cr:58:11 in 'handle_client'
|   from /home/uzumaki/.local/share/mise/installs/crystal/1.21.0/share/crystal/src/fiber.cr:168:11 in 'run'
|   from ???
| Caused by: write (#<TCPSocket:0x72b3503c9500>): Broken pipe (IO::Error)
|   from /home/uzumaki/.local/share/mise/installs/crystal/1.21.0/share/crystal/src/gc/boehm.cr:193:7 in 'unbuffered_write'
|   from /home/uzumaki/.local/share/mise/installs/crystal/1.21.0/share/crystal/src/http/server/response.cr:282:11 in 'unbuffered_write'
|   from lib/kemal/src/kemal/route_handler.cr:174:7 in 'call'
|   from lib/kemal/src/kemal/filter_handler.cr:46:7 in 'call'
|   from /home/uzumaki/.local/share/mise/installs/crystal/1.21.0/share/crystal/src/http/server/handler.cr:30:7 in 'call'
|   from /home/uzumaki/.local/share/mise/installs/crystal/1.21.0/share/crystal/src/http/server/handler.cr:30:7 in 'call'
|   from /home/uzumaki/.local/share/mise/installs/crystal/1.21.0/share/crystal/src/http/server/request_processor.cr:58:11 in 'handle_client'
|   from /home/uzumaki/.local/share/mise/installs/crystal/1.21.0/share/crystal/src/fiber.cr:168:11 in 'run'
|   from ???
ERR 2026-08-04T17:29:19.128Z > Unhandled exception on HTTP::Handler
| Closed stream (IO::Error)
|   from /home/uzumaki/.local/share/mise/installs/crystal/1.21.0/share/crystal/src/http/server/response.cr:215:15 in 'content_type='
|   from lib/kemal/src/kemal/helpers/templates.cr:25:3 in 'render_500'
|   from lib/kemal/src/kemal/exception_handler.cr:34:7 in 'call'
|   from /home/uzumaki/.local/share/mise/installs/crystal/1.21.0/share/crystal/src/http/server/handler.cr:30:7 in 'call'
|   from /home/uzumaki/.local/share/mise/installs/crystal/1.21.0/share/crystal/src/http/server/request_processor.cr:58:11 in 'handle_client'
|   from /home/uzumaki/.local/share/mise/installs/crystal/1.21.0/share/crystal/src/fiber.cr:168:11 in 'run'
|   from ???
ERR 2026-08-04T17:29:19.129Z > Error while writing data to the client
| Error while writing data to the client (HTTP::Server::ClientError)
|   from /home/uzumaki/.local/share/mise/installs/crystal/1.21.0/share/crystal/src/http/server/response.cr:266:9 in 'unbuffered_write'
|   from lib/kemal/src/kemal/route_handler.cr:174:7 in 'call'
|   from lib/kemal/src/kemal/filter_handler.cr:46:7 in 'call'
|   from /home/uzumaki/.local/share/mise/installs/crystal/1.21.0/share/crystal/src/http/server/handler.cr:30:7 in 'call'
|   from /home/uzumaki/.local/share/mise/installs/crystal/1.21.0/share/crystal/src/http/server/handler.cr:30:7 in 'call'
|   from /home/uzumaki/.local/share/mise/installs/crystal/1.21.0/share/crystal/src/http/server/request_processor.cr:58:11 in 'handle_client'
|   from /home/uzumaki/.local/share/mise/installs/crystal/1.21.0/share/crystal/src/fiber.cr:168:11 in 'run'
|   from ???
| Caused by: write (#<TCPSocket:0x72b350683640>): Broken pipe (IO::Error)
|   from /home/uzumaki/.local/share/mise/installs/crystal/1.21.0/share/crystal/src/gc/boehm.cr:193:7 in 'unbuffered_write'
|   from /home/uzumaki/.local/share/mise/installs/crystal/1.21.0/share/crystal/src/http/server/response.cr:282:11 in 'unbuffered_write'
|   from lib/kemal/src/kemal/route_handler.cr:174:7 in 'call'
|   from lib/kemal/src/kemal/filter_handler.cr:46:7 in 'call'
|   from /home/uzumaki/.local/share/mise/installs/crystal/1.21.0/share/crystal/src/http/server/handler.cr:30:7 in 'call'
|   from /home/uzumaki/.local/share/mise/installs/crystal/1.21.0/share/crystal/src/http/server/handler.cr:30:7 in 'call'
|   from /home/uzumaki/.local/share/mise/installs/crystal/1.21.0/share/crystal/src/http/server/request_processor.cr:58:11 in 'handle_client'
|   from /home/uzumaki/.local/share/mise/installs/crystal/1.21.0/share/crystal/src/fiber.cr:168:11 in 'run'
|   from ???
ERR 2026-08-04T17:29:19.129Z > Unhandled exception on HTTP::Handler
| Closed stream (IO::Error)
|   from /home/uzumaki/.local/share/mise/installs/crystal/1.21.0/share/crystal/src/http/server/response.cr:215:15 in 'content_type='
|   from lib/kemal/src/kemal/helpers/templates.cr:25:3 in 'render_500'
|   from lib/kemal/src/kemal/exception_handler.cr:34:7 in 'call'
|   from /home/uzumaki/.local/share/mise/installs/crystal/1.21.0/share/crystal/src/http/server/handler.cr:30:7 in 'call'
|   from /home/uzumaki/.local/share/mise/installs/crystal/1.21.0/share/crystal/src/http/server/request_processor.cr:58:11 in 'handle_client'
|   from /home/uzumaki/.local/share/mise/installs/crystal/1.21.0/share/crystal/src/fiber.cr:168:11 in 'run'
|   from ???
ERR 2026-08-04T17:29:19.129Z > Error while writing data to the client
| Error while writing data to the client (HTTP::Server::ClientError)
|   from /home/uzumaki/.local/share/mise/installs/crystal/1.21.0/share/crystal/src/http/server/response.cr:266:9 in 'unbuffered_write'
|   from lib/kemal/src/kemal/route_handler.cr:174:7 in 'call'
|   from lib/kemal/src/kemal/filter_handler.cr:46:7 in 'call'
|   from /home/uzumaki/.local/share/mise/installs/crystal/1.21.0/share/crystal/src/http/server/handler.cr:30:7 in 'call'
|   from /home/uzumaki/.local/share/mise/installs/crystal/1.21.0/share/crystal/src/http/server/handler.cr:30:7 in 'call'
|   from /home/uzumaki/.local/share/mise/installs/crystal/1.21.0/share/crystal/src/http/server/request_processor.cr:58:11 in 'handle_client'
|   from /home/uzumaki/.local/share/mise/installs/crystal/1.21.0/share/crystal/src/fiber.cr:168:11 in 'run'
|   from ???
| Caused by: write (#<TCPSocket:0x72b35a73e3c0>): Broken pipe (IO::Error)
|   from /home/uzumaki/.local/share/mise/installs/crystal/1.21.0/share/crystal/src/gc/boehm.cr:193:7 in 'unbuffered_write'
|   from /home/uzumaki/.local/share/mise/installs/crystal/1.21.0/share/crystal/src/http/server/response.cr:282:11 in 'unbuffered_write'
|   from lib/kemal/src/kemal/route_handler.cr:174:7 in 'call'
|   from lib/kemal/src/kemal/filter_handler.cr:46:7 in 'call'
|   from /home/uzumaki/.local/share/mise/installs/crystal/1.21.0/share/crystal/src/http/server/handler.cr:30:7 in 'call'
|   from /home/uzumaki/.local/share/mise/installs/crystal/1.21.0/share/crystal/src/http/server/handler.cr:30:7 in 'call'
|   from /home/uzumaki/.local/share/mise/installs/crystal/1.21.0/share/crystal/src/http/server/request_processor.cr:58:11 in 'handle_client'
|   from /home/uzumaki/.local/share/mise/installs/crystal/1.21.0/share/crystal/src/fiber.cr:168:11 in 'run'
|   from ???
ERR 2026-08-04T17:29:19.129Z > Unhandled exception on HTTP::Handler
| Closed stream (IO::Error)
|   from /home/uzumaki/.local/share/mise/installs/crystal/1.21.0/share/crystal/src/http/server/response.cr:215:15 in 'content_type='
|   from lib/kemal/src/kemal/helpers/templates.cr:25:3 in 'render_500'
|   from lib/kemal/src/kemal/exception_handler.cr:34:7 in 'call'
|   from /home/uzumaki/.local/share/mise/installs/crystal/1.21.0/share/crystal/src/http/server/handler.cr:30:7 in 'call'
|   from /home/uzumaki/.local/share/mise/installs/crystal/1.21.0/share/crystal/src/http/server/request_processor.cr:58:11 in 'handle_client'
|   from /home/uzumaki/.local/share/mise/installs/crystal/1.21.0/share/crystal/src/fiber.cr:168:11 in 'run'
|   from ???
ERR 2026-08-04T17:29:19.130Z > Error while writing data to the client
| Error while writing data to the client (HTTP::Server::ClientError)
|   from /home/uzumaki/.local/share/mise/installs/crystal/1.21.0/share/crystal/src/http/server/response.cr:266:9 in 'unbuffered_write'
|   from lib/kemal/src/kemal/route_handler.cr:174:7 in 'call'
|   from lib/kemal/src/kemal/filter_handler.cr:46:7 in 'call'
|   from /home/uzumaki/.local/share/mise/installs/crystal/1.21.0/share/crystal/src/http/server/handler.cr:30:7 in 'call'
|   from /home/uzumaki/.local/share/mise/installs/crystal/1.21.0/share/crystal/src/http/server/handler.cr:30:7 in 'call'
|   from /home/uzumaki/.local/share/mise/installs/crystal/1.21.0/share/crystal/src/http/server/request_processor.cr:58:11 in 'handle_client'
|   from /home/uzumaki/.local/share/mise/installs/crystal/1.21.0/share/crystal/src/fiber.cr:168:11 in 'run'
|   from ???
| Caused by: write (#<TCPSocket:0x72b350683b40>): Broken pipe (IO::Error)
|   from /home/uzumaki/.local/share/mise/installs/crystal/1.21.0/share/crystal/src/gc/boehm.cr:193:7 in 'unbuffered_write'
|   from /home/uzumaki/.local/share/mise/installs/crystal/1.21.0/share/crystal/src/http/server/response.cr:282:11 in 'unbuffered_write'
|   from lib/kemal/src/kemal/route_handler.cr:174:7 in 'call'
|   from lib/kemal/src/kemal/filter_handler.cr:46:7 in 'call'
|   from /home/uzumaki/.local/share/mise/installs/crystal/1.21.0/share/crystal/src/http/server/handler.cr:30:7 in 'call'
|   from /home/uzumaki/.local/share/mise/installs/crystal/1.21.0/share/crystal/src/http/server/handler.cr:30:7 in 'call'
|   from /home/uzumaki/.local/share/mise/installs/crystal/1.21.0/share/crystal/src/http/server/request_processor.cr:58:11 in 'handle_client'
|   from /home/uzumaki/.local/share/mise/installs/crystal/1.21.0/share/crystal/src/fiber.cr:168:11 in 'run'
|   from ???
ERR 2026-08-04T17:29:19.130Z > Unhandled exception on HTTP::Handler
| Closed stream (IO::Error)
|   from /home/uzumaki/.local/share/mise/installs/crystal/1.21.0/share/crystal/src/http/server/response.cr:215:15 in 'content_type='
|   from lib/kemal/src/kemal/helpers/templates.cr:25:3 in 'render_500'
|   from lib/kemal/src/kemal/exception_handler.cr:34:7 in 'call'
|   from /home/uzumaki/.local/share/mise/installs/crystal/1.21.0/share/crystal/src/http/server/handler.cr:30:7 in 'call'
|   from /home/uzumaki/.local/share/mise/installs/crystal/1.21.0/share/crystal/src/http/server/request_processor.cr:58:11 in 'handle_client'
|   from /home/uzumaki/.local/share/mise/installs/crystal/1.21.0/share/crystal/src/fiber.cr:168:11 in 'run'
|   from ???
ERR 2026-08-04T17:29:19.131Z > Error while writing data to the client
| Error while writing data to the client (HTTP::Server::ClientError)
|   from /home/uzumaki/.local/share/mise/installs/crystal/1.21.0/share/crystal/src/http/server/response.cr:266:9 in 'unbuffered_write'
|   from lib/kemal/src/kemal/route_handler.cr:174:7 in 'call'
|   from lib/kemal/src/kemal/filter_handler.cr:46:7 in 'call'
|   from /home/uzumaki/.local/share/mise/installs/crystal/1.21.0/share/crystal/src/http/server/handler.cr:30:7 in 'call'
|   from /home/uzumaki/.local/share/mise/installs/crystal/1.21.0/share/crystal/src/http/server/handler.cr:30:7 in 'call'
|   from /home/uzumaki/.local/share/mise/installs/crystal/1.21.0/share/crystal/src/http/server/request_processor.cr:58:11 in 'handle_client'
|   from /home/uzumaki/.local/share/mise/installs/crystal/1.21.0/share/crystal/src/fiber.cr:168:11 in 'run'
|   from ???
| Caused by: write (#<TCPSocket:0x72b350684c80>): Broken pipe (IO::Error)
|   from /home/uzumaki/.local/share/mise/installs/crystal/1.21.0/share/crystal/src/gc/boehm.cr:193:7 in 'unbuffered_write'
|   from /home/uzumaki/.local/share/mise/installs/crystal/1.21.0/share/crystal/src/http/server/response.cr:282:11 in 'unbuffered_write'
|   from lib/kemal/src/kemal/route_handler.cr:174:7 in 'call'
|   from lib/kemal/src/kemal/filter_handler.cr:46:7 in 'call'
|   from /home/uzumaki/.local/share/mise/installs/crystal/1.21.0/share/crystal/src/http/server/handler.cr:30:7 in 'call'
|   from /home/uzumaki/.local/share/mise/installs/crystal/1.21.0/share/crystal/src/http/server/handler.cr:30:7 in 'call'
|   from /home/uzumaki/.local/share/mise/installs/crystal/1.21.0/share/crystal/src/http/server/request_processor.cr:58:11 in 'handle_client'
|   from /home/uzumaki/.local/share/mise/installs/crystal/1.21.0/share/crystal/src/fiber.cr:168:11 in 'run'
|   from ???
ERR 2026-08-04T17:29:19.131Z > Unhandled exception on HTTP::Handler
| Closed stream (IO::Error)
|   from /home/uzumaki/.local/share/mise/installs/crystal/1.21.0/share/crystal/src/http/server/response.cr:215:15 in 'content_type='
|   from lib/kemal/src/kemal/helpers/templates.cr:25:3 in 'render_500'
|   from lib/kemal/src/kemal/exception_handler.cr:34:7 in 'call'
|   from /home/uzumaki/.local/share/mise/installs/crystal/1.21.0/share/crystal/src/http/server/handler.cr:30:7 in 'call'
|   from /home/uzumaki/.local/share/mise/installs/crystal/1.21.0/share/crystal/src/http/server/request_processor.cr:58:11 in 'handle_client'
|   from /home/uzumaki/.local/share/mise/installs/crystal/1.21.0/share/crystal/src/fiber.cr:168:11 in 'run'
|   from ???
ERR 2026-08-04T17:29:19.132Z > Error while writing data to the client
| Error while writing data to the client (HTTP::Server::ClientError)
|   from /home/uzumaki/.local/share/mise/installs/crystal/1.21.0/share/crystal/src/http/server/response.cr:266:9 in 'unbuffered_write'
|   from lib/kemal/src/kemal/route_handler.cr:174:7 in 'call'
|   from lib/kemal/src/kemal/filter_handler.cr:46:7 in 'call'
|   from /home/uzumaki/.local/share/mise/installs/crystal/1.21.0/share/crystal/src/http/server/handler.cr:30:7 in 'call'
|   from /home/uzumaki/.local/share/mise/installs/crystal/1.21.0/share/crystal/src/http/server/handler.cr:30:7 in 'call'
|   from /home/uzumaki/.local/share/mise/installs/crystal/1.21.0/share/crystal/src/http/server/request_processor.cr:58:11 in 'handle_client'
|   from /home/uzumaki/.local/share/mise/installs/crystal/1.21.0/share/crystal/src/fiber.cr:168:11 in 'run'
|   from ???
| Caused by: write (#<TCPSocket:0x72b35068ab40>): Broken pipe (IO::Error)
|   from /home/uzumaki/.local/share/mise/installs/crystal/1.21.0/share/crystal/src/gc/boehm.cr:193:7 in 'unbuffered_write'
|   from /home/uzumaki/.local/share/mise/installs/crystal/1.21.0/share/crystal/src/http/server/response.cr:282:11 in 'unbuffered_write'
|   from lib/kemal/src/kemal/route_handler.cr:174:7 in 'call'
|   from lib/kemal/src/kemal/filter_handler.cr:46:7 in 'call'
|   from /home/uzumaki/.local/share/mise/installs/crystal/1.21.0/share/crystal/src/http/server/handler.cr:30:7 in 'call'
|   from /home/uzumaki/.local/share/mise/installs/crystal/1.21.0/share/crystal/src/http/server/handler.cr:30:7 in 'call'
|   from /home/uzumaki/.local/share/mise/installs/crystal/1.21.0/share/crystal/src/http/server/request_processor.cr:58:11 in 'handle_client'
|   from /home/uzumaki/.local/share/mise/installs/crystal/1.21.0/share/crystal/src/fiber.cr:168:11 in 'run'
|   from ???
ERR 2026-08-04T17:29:19.132Z > Unhandled exception on HTTP::Handler
| Closed stream (IO::Error)
|   from /home/uzumaki/.local/share/mise/installs/crystal/1.21.0/share/crystal/src/http/server/response.cr:215:15 in 'content_type='
|   from lib/kemal/src/kemal/helpers/templates.cr:25:3 in 'render_500'
|   from lib/kemal/src/kemal/exception_handler.cr:34:7 in 'call'
|   from /home/uzumaki/.local/share/mise/installs/crystal/1.21.0/share/crystal/src/http/server/handler.cr:30:7 in 'call'
|   from /home/uzumaki/.local/share/mise/installs/crystal/1.21.0/share/crystal/src/http/server/request_processor.cr:58:11 in 'handle_client'
|   from /home/uzumaki/.local/share/mise/installs/crystal/1.21.0/share/crystal/src/fiber.cr:168:11 in 'run'
|   from ???
ERR 2026-08-04T17:29:19.133Z > Error while writing data to the client
| Error while writing data to the client (HTTP::Server::ClientError)
|   from /home/uzumaki/.local/share/mise/installs/crystal/1.21.0/share/crystal/src/http/server/response.cr:266:9 in 'unbuffered_write'
|   from lib/kemal/src/kemal/route_handler.cr:174:7 in 'call'
|   from lib/kemal/src/kemal/filter_handler.cr:46:7 in 'call'
|   from /home/uzumaki/.local/share/mise/installs/crystal/1.21.0/share/crystal/src/http/server/handler.cr:30:7 in 'call'
|   from /home/uzumaki/.local/share/mise/installs/crystal/1.21.0/share/crystal/src/http/server/handler.cr:30:7 in 'call'
|   from /home/uzumaki/.local/share/mise/installs/crystal/1.21.0/share/crystal/src/http/server/request_processor.cr:58:11 in 'handle_client'
|   from /home/uzumaki/.local/share/mise/installs/crystal/1.21.0/share/crystal/src/fiber.cr:168:11 in 'run'
|   from ???
| Caused by: write (#<TCPSocket:0x72b350683000>): Broken pipe (IO::Error)
|   from /home/uzumaki/.local/share/mise/installs/crystal/1.21.0/share/crystal/src/gc/boehm.cr:193:7 in 'unbuffered_write'
|   from /home/uzumaki/.local/share/mise/installs/crystal/1.21.0/share/crystal/src/http/server/response.cr:282:11 in 'unbuffered_write'
|   from lib/kemal/src/kemal/route_handler.cr:174:7 in 'call'
|   from lib/kemal/src/kemal/filter_handler.cr:46:7 in 'call'
|   from /home/uzumaki/.local/share/mise/installs/crystal/1.21.0/share/crystal/src/http/server/handler.cr:30:7 in 'call'
|   from /home/uzumaki/.local/share/mise/installs/crystal/1.21.0/share/crystal/src/http/server/handler.cr:30:7 in 'call'
|   from /home/uzumaki/.local/share/mise/installs/crystal/1.21.0/share/crystal/src/http/server/request_processor.cr:58:11 in 'handle_client'
|   from /home/uzumaki/.local/share/mise/installs/crystal/1.21.0/share/crystal/src/fiber.cr:168:11 in 'run'
|   from ???
ERR 2026-08-04T17:29:19.133Z > Unhandled exception on HTTP::Handler
| Closed stream (IO::Error)
|   from /home/uzumaki/.local/share/mise/installs/crystal/1.21.0/share/crystal/src/http/server/response.cr:215:15 in 'content_type='
|   from lib/kemal/src/kemal/helpers/templates.cr:25:3 in 'render_500'
|   from lib/kemal/src/kemal/exception_handler.cr:34:7 in 'call'
|   from /home/uzumaki/.local/share/mise/installs/crystal/1.21.0/share/crystal/src/http/server/handler.cr:30:7 in 'call'
|   from /home/uzumaki/.local/share/mise/installs/crystal/1.21.0/share/crystal/src/http/server/request_processor.cr:58:11 in 'handle_client'
|   from /home/uzumaki/.local/share/mise/installs/crystal/1.21.0/share/crystal/src/fiber.cr:168:11 in 'run'
|   from ???
ERR 2026-08-04T17:29:19.133Z > Error while writing data to the client
| Error while writing data to the client (HTTP::Server::ClientError)
|   from /home/uzumaki/.local/share/mise/installs/crystal/1.21.0/share/crystal/src/http/server/response.cr:266:9 in 'unbuffered_write'
|   from lib/kemal/src/kemal/route_handler.cr:174:7 in 'call'
|   from lib/kemal/src/kemal/filter_handler.cr:46:7 in 'call'
|   from /home/uzumaki/.local/share/mise/installs/crystal/1.21.0/share/crystal/src/http/server/handler.cr:30:7 in 'call'
|   from /home/uzumaki/.local/share/mise/installs/crystal/1.21.0/share/crystal/src/http/server/handler.cr:30:7 in 'call'
|   from /home/uzumaki/.local/share/mise/installs/crystal/1.21.0/share/crystal/src/http/server/request_processor.cr:58:11 in 'handle_client'
|   from /home/uzumaki/.local/share/mise/installs/crystal/1.21.0/share/crystal/src/fiber.cr:168:11 in 'run'
|   from ???
| Caused by: write (#<TCPSocket:0x72b3506848c0>): Broken pipe (IO::Error)
|   from /home/uzumaki/.local/share/mise/installs/crystal/1.21.0/share/crystal/src/gc/boehm.cr:193:7 in 'unbuffered_write'
|   from /home/uzumaki/.local/share/mise/installs/crystal/1.21.0/share/crystal/src/http/server/response.cr:282:11 in 'unbuffered_write'
|   from lib/kemal/src/kemal/route_handler.cr:174:7 in 'call'
|   from lib/kemal/src/kemal/filter_handler.cr:46:7 in 'call'
|   from /home/uzumaki/.local/share/mise/installs/crystal/1.21.0/share/crystal/src/http/server/handler.cr:30:7 in 'call'
|   from /home/uzumaki/.local/share/mise/installs/crystal/1.21.0/share/crystal/src/http/server/handler.cr:30:7 in 'call'
|   from /home/uzumaki/.local/share/mise/installs/crystal/1.21.0/share/crystal/src/http/server/request_processor.cr:58:11 in 'handle_client'
|   from /home/uzumaki/.local/share/mise/installs/crystal/1.21.0/share/crystal/src/fiber.cr:168:11 in 'run'
|   from ???
ERR 2026-08-04T17:29:19.133Z > Unhandled exception on HTTP::Handler
| Closed stream (IO::Error)
|   from /home/uzumaki/.local/share/mise/installs/crystal/1.21.0/share/crystal/src/http/server/response.cr:215:15 in 'content_type='
|   from lib/kemal/src/kemal/helpers/templates.cr:25:3 in 'render_500'
|   from lib/kemal/src/kemal/exception_handler.cr:34:7 in 'call'
|   from /home/uzumaki/.local/share/mise/installs/crystal/1.21.0/share/crystal/src/http/server/handler.cr:30:7 in 'call'
|   from /home/uzumaki/.local/share/mise/installs/crystal/1.21.0/share/crystal/src/http/server/request_processor.cr:58:11 in 'handle_client'
|   from /home/uzumaki/.local/share/mise/installs/crystal/1.21.0/share/crystal/src/fiber.cr:168:11 in 'run'
|   from ???
ERR 2026-08-04T17:29:19.133Z > Error while writing data to the client
| Error while writing data to the client (HTTP::Server::ClientError)
|   from /home/uzumaki/.local/share/mise/installs/crystal/1.21.0/share/crystal/src/http/server/response.cr:266:9 in 'unbuffered_write'
|   from lib/kemal/src/kemal/route_handler.cr:174:7 in 'call'
|   from lib/kemal/src/kemal/filter_handler.cr:46:7 in 'call'
|   from /home/uzumaki/.local/share/mise/installs/crystal/1.21.0/share/crystal/src/http/server/handler.cr:30:7 in 'call'
|   from /home/uzumaki/.local/share/mise/installs/crystal/1.21.0/share/crystal/src/http/server/handler.cr:30:7 in 'call'
|   from /home/uzumaki/.local/share/mise/installs/crystal/1.21.0/share/crystal/src/http/server/request_processor.cr:58:11 in 'handle_client'
|   from /home/uzumaki/.local/share/mise/installs/crystal/1.21.0/share/crystal/src/fiber.cr:168:11 in 'run'
|   from ???
| Caused by: write (#<TCPSocket:0x72b350689280>): Broken pipe (IO::Error)
|   from /home/uzumaki/.local/share/mise/installs/crystal/1.21.0/share/crystal/src/gc/boehm.cr:193:7 in 'unbuffered_write'
|   from /home/uzumaki/.local/share/mise/installs/crystal/1.21.0/share/crystal/src/http/server/response.cr:282:11 in 'unbuffered_write'
|   from lib/kemal/src/kemal/route_handler.cr:174:7 in 'call'
|   from lib/kemal/src/kemal/filter_handler.cr:46:7 in 'call'
|   from /home/uzumaki/.local/share/mise/installs/crystal/1.21.0/share/crystal/src/http/server/handler.cr:30:7 in 'call'
|   from /home/uzumaki/.local/share/mise/installs/crystal/1.21.0/share/crystal/src/http/server/handler.cr:30:7 in 'call'
|   from /home/uzumaki/.local/share/mise/installs/crystal/1.21.0/share/crystal/src/http/server/request_processor.cr:58:11 in 'handle_client'
|   from /home/uzumaki/.local/share/mise/installs/crystal/1.21.0/share/crystal/src/fiber.cr:168:11 in 'run'
|   from ???
ERR 2026-08-04T17:29:19.133Z > Unhandled exception on HTTP::Handler
| Closed stream (IO::Error)
|   from /home/uzumaki/.local/share/mise/installs/crystal/1.21.0/share/crystal/src/http/server/response.cr:215:15 in 'content_type='
|   from lib/kemal/src/kemal/helpers/templates.cr:25:3 in 'render_500'
|   from lib/kemal/src/kemal/exception_handler.cr:34:7 in 'call'
|   from /home/uzumaki/.local/share/mise/installs/crystal/1.21.0/share/crystal/src/http/server/handler.cr:30:7 in 'call'
|   from /home/uzumaki/.local/share/mise/installs/crystal/1.21.0/share/crystal/src/http/server/request_processor.cr:58:11 in 'handle_client'
|   from /home/uzumaki/.local/share/mise/installs/crystal/1.21.0/share/crystal/src/fiber.cr:168:11 in 'run'
|   from ???
ERR 2026-08-04T17:29:19.134Z > Error while writing data to the client
| Error while writing data to the client (HTTP::Server::ClientError)
|   from /home/uzumaki/.local/share/mise/installs/crystal/1.21.0/share/crystal/src/http/server/response.cr:266:9 in 'unbuffered_write'
|   from lib/kemal/src/kemal/route_handler.cr:174:7 in 'call'
|   from lib/kemal/src/kemal/filter_handler.cr:46:7 in 'call'
|   from /home/uzumaki/.local/share/mise/installs/crystal/1.21.0/share/crystal/src/http/server/handler.cr:30:7 in 'call'
|   from /home/uzumaki/.local/share/mise/installs/crystal/1.21.0/share/crystal/src/http/server/handler.cr:30:7 in 'call'
|   from /home/uzumaki/.local/share/mise/installs/crystal/1.21.0/share/crystal/src/http/server/request_processor.cr:58:11 in 'handle_client'
|   from /home/uzumaki/.local/share/mise/installs/crystal/1.21.0/share/crystal/src/fiber.cr:168:11 in 'run'
|   from ???
| Caused by: write (#<TCPSocket:0x72b35068a640>): Broken pipe (IO::Error)
|   from /home/uzumaki/.local/share/mise/installs/crystal/1.21.0/share/crystal/src/gc/boehm.cr:193:7 in 'unbuffered_write'
|   from /home/uzumaki/.local/share/mise/installs/crystal/1.21.0/share/crystal/src/http/server/response.cr:282:11 in 'unbuffered_write'
|   from lib/kemal/src/kemal/route_handler.cr:174:7 in 'call'
|   from lib/kemal/src/kemal/filter_handler.cr:46:7 in 'call'
|   from /home/uzumaki/.local/share/mise/installs/crystal/1.21.0/share/crystal/src/http/server/handler.cr:30:7 in 'call'
|   from /home/uzumaki/.local/share/mise/installs/crystal/1.21.0/share/crystal/src/http/server/handler.cr:30:7 in 'call'
|   from /home/uzumaki/.local/share/mise/installs/crystal/1.21.0/share/crystal/src/http/server/request_processor.cr:58:11 in 'handle_client'
|   from /home/uzumaki/.local/share/mise/installs/crystal/1.21.0/share/crystal/src/fiber.cr:168:11 in 'run'
|   from ???
ERR 2026-08-04T17:29:19.134Z > Unhandled exception on HTTP::Handler
| Closed stream (IO::Error)
|   from /home/uzumaki/.local/share/mise/installs/crystal/1.21.0/share/crystal/src/http/server/response.cr:215:15 in 'content_type='
|   from lib/kemal/src/kemal/helpers/templates.cr:25:3 in 'render_500'
|   from lib/kemal/src/kemal/exception_handler.cr:34:7 in 'call'
|   from /home/uzumaki/.local/share/mise/installs/crystal/1.21.0/share/crystal/src/http/server/handler.cr:30:7 in 'call'
|   from /home/uzumaki/.local/share/mise/installs/crystal/1.21.0/share/crystal/src/http/server/request_processor.cr:58:11 in 'handle_client'
|   from /home/uzumaki/.local/share/mise/installs/crystal/1.21.0/share/crystal/src/fiber.cr:168:11 in 'run'
|   from ???
ERR 2026-08-04T17:29:19.136Z > Error while writing data to the client
| Error while writing data to the client (HTTP::Server::ClientError)
|   from /home/uzumaki/.local/share/mise/installs/crystal/1.21.0/share/crystal/src/http/server/response.cr:266:9 in 'unbuffered_write'
|   from lib/kemal/src/kemal/route_handler.cr:174:7 in 'call'
|   from lib/kemal/src/kemal/filter_handler.cr:46:7 in 'call'
|   from /home/uzumaki/.local/share/mise/installs/crystal/1.21.0/share/crystal/src/http/server/handler.cr:30:7 in 'call'
|   from /home/uzumaki/.local/share/mise/installs/crystal/1.21.0/share/crystal/src/http/server/handler.cr:30:7 in 'call'
|   from /home/uzumaki/.local/share/mise/installs/crystal/1.21.0/share/crystal/src/http/server/request_processor.cr:58:11 in 'handle_client'
|   from /home/uzumaki/.local/share/mise/installs/crystal/1.21.0/share/crystal/src/fiber.cr:168:11 in 'run'
|   from ???
| Caused by: write (#<TCPSocket:0x72b3506893c0>): Broken pipe (IO::Error)
|   from /home/uzumaki/.local/share/mise/installs/crystal/1.21.0/share/crystal/src/gc/boehm.cr:193:7 in 'unbuffered_write'
|   from /home/uzumaki/.local/share/mise/installs/crystal/1.21.0/share/crystal/src/http/server/response.cr:282:11 in 'unbuffered_write'
|   from lib/kemal/src/kemal/route_handler.cr:174:7 in 'call'
|   from lib/kemal/src/kemal/filter_handler.cr:46:7 in 'call'
|   from /home/uzumaki/.local/share/mise/installs/crystal/1.21.0/share/crystal/src/http/server/handler.cr:30:7 in 'call'
|   from /home/uzumaki/.local/share/mise/installs/crystal/1.21.0/share/crystal/src/http/server/handler.cr:30:7 in 'call'
|   from /home/uzumaki/.local/share/mise/installs/crystal/1.21.0/share/crystal/src/http/server/request_processor.cr:58:11 in 'handle_client'
|   from /home/uzumaki/.local/share/mise/installs/crystal/1.21.0/share/crystal/src/fiber.cr:168:11 in 'run'
|   from ???
ERR 2026-08-04T17:29:19.136Z > Unhandled exception on HTTP::Handler
| Closed stream (IO::Error)
|   from /home/uzumaki/.local/share/mise/installs/crystal/1.21.0/share/crystal/src/http/server/response.cr:215:15 in 'content_type='
|   from lib/kemal/src/kemal/helpers/templates.cr:25:3 in 'render_500'
|   from lib/kemal/src/kemal/exception_handler.cr:34:7 in 'call'
|   from /home/uzumaki/.local/share/mise/installs/crystal/1.21.0/share/crystal/src/http/server/handler.cr:30:7 in 'call'
|   from /home/uzumaki/.local/share/mise/installs/crystal/1.21.0/share/crystal/src/http/server/request_processor.cr:58:11 in 'handle_client'
|   from /home/uzumaki/.local/share/mise/installs/crystal/1.21.0/share/crystal/src/fiber.cr:168:11 in 'run'
|   from ???
ERR 2026-08-04T17:29:19.137Z > Error while writing data to the client
| Error while writing data to the client (HTTP::Server::ClientError)
|   from /home/uzumaki/.local/share/mise/installs/crystal/1.21.0/share/crystal/src/http/server/response.cr:266:9 in 'unbuffered_write'
|   from lib/kemal/src/kemal/route_handler.cr:174:7 in 'call'
|   from lib/kemal/src/kemal/filter_handler.cr:46:7 in 'call'
|   from /home/uzumaki/.local/share/mise/installs/crystal/1.21.0/share/crystal/src/http/server/handler.cr:30:7 in 'call'
|   from /home/uzumaki/.local/share/mise/installs/crystal/1.21.0/share/crystal/src/http/server/handler.cr:30:7 in 'call'
|   from /home/uzumaki/.local/share/mise/installs/crystal/1.21.0/share/crystal/src/http/server/request_processor.cr:58:11 in 'handle_client'
|   from /home/uzumaki/.local/share/mise/installs/crystal/1.21.0/share/crystal/src/fiber.cr:168:11 in 'run'
|   from ???
| Caused by: write (#<TCPSocket:0x72b350677140>): Broken pipe (IO::Error)
|   from /home/uzumaki/.local/share/mise/installs/crystal/1.21.0/share/crystal/src/gc/boehm.cr:193:7 in 'unbuffered_write'
|   from /home/uzumaki/.local/share/mise/installs/crystal/1.21.0/share/crystal/src/http/server/response.cr:282:11 in 'unbuffered_write'
|   from lib/kemal/src/kemal/route_handler.cr:174:7 in 'call'
|   from lib/kemal/src/kemal/filter_handler.cr:46:7 in 'call'
|   from /home/uzumaki/.local/share/mise/installs/crystal/1.21.0/share/crystal/src/http/server/handler.cr:30:7 in 'call'
|   from /home/uzumaki/.local/share/mise/installs/crystal/1.21.0/share/crystal/src/http/server/handler.cr:30:7 in 'call'
|   from /home/uzumaki/.local/share/mise/installs/crystal/1.21.0/share/crystal/src/http/server/request_processor.cr:58:11 in 'handle_client'
|   from /home/uzumaki/.local/share/mise/installs/crystal/1.21.0/share/crystal/src/fiber.cr:168:11 in 'run'
|   from ???
ERR 2026-08-04T17:29:19.137Z > Unhandled exception on HTTP::Handler
| Closed stream (IO::Error)
|   from /home/uzumaki/.local/share/mise/installs/crystal/1.21.0/share/crystal/src/http/server/response.cr:215:15 in 'content_type='
|   from lib/kemal/src/kemal/helpers/templates.cr:25:3 in 'render_500'
|   from lib/kemal/src/kemal/exception_handler.cr:34:7 in 'call'
|   from /home/uzumaki/.local/share/mise/installs/crystal/1.21.0/share/crystal/src/http/server/handler.cr:30:7 in 'call'
|   from /home/uzumaki/.local/share/mise/installs/crystal/1.21.0/share/crystal/src/http/server/request_processor.cr:58:11 in 'handle_client'
|   from /home/uzumaki/.local/share/mise/installs/crystal/1.21.0/share/crystal/src/fiber.cr:168:11 in 'run'
|   from ???
ERR 2026-08-04T17:29:19.137Z > Error while writing data to the client
| Error while writing data to the client (HTTP::Server::ClientError)
|   from /home/uzumaki/.local/share/mise/installs/crystal/1.21.0/share/crystal/src/http/server/response.cr:266:9 in 'unbuffered_write'
|   from lib/kemal/src/kemal/route_handler.cr:174:7 in 'call'
|   from lib/kemal/src/kemal/filter_handler.cr:46:7 in 'call'
|   from /home/uzumaki/.local/share/mise/installs/crystal/1.21.0/share/crystal/src/http/server/handler.cr:30:7 in 'call'
|   from /home/uzumaki/.local/share/mise/installs/crystal/1.21.0/share/crystal/src/http/server/handler.cr:30:7 in 'call'
|   from /home/uzumaki/.local/share/mise/installs/crystal/1.21.0/share/crystal/src/http/server/request_processor.cr:58:11 in 'handle_client'
|   from /home/uzumaki/.local/share/mise/installs/crystal/1.21.0/share/crystal/src/fiber.cr:168:11 in 'run'
|   from ???
| Caused by: write (#<TCPSocket:0x72b3506898c0>): Broken pipe (IO::Error)
|   from /home/uzumaki/.local/share/mise/installs/crystal/1.21.0/share/crystal/src/gc/boehm.cr:193:7 in 'unbuffered_write'
|   from /home/uzumaki/.local/share/mise/installs/crystal/1.21.0/share/crystal/src/http/server/response.cr:282:11 in 'unbuffered_write'
|   from lib/kemal/src/kemal/route_handler.cr:174:7 in 'call'
|   from lib/kemal/src/kemal/filter_handler.cr:46:7 in 'call'
|   from /home/uzumaki/.local/share/mise/installs/crystal/1.21.0/share/crystal/src/http/server/handler.cr:30:7 in 'call'
|   from /home/uzumaki/.local/share/mise/installs/crystal/1.21.0/share/crystal/src/http/server/handler.cr:30:7 in 'call'
|   from /home/uzumaki/.local/share/mise/installs/crystal/1.21.0/share/crystal/src/http/server/request_processor.cr:58:11 in 'handle_client'
|   from /home/uzumaki/.local/share/mise/installs/crystal/1.21.0/share/crystal/src/fiber.cr:168:11 in 'run'
|   from ???
ERR 2026-08-04T17:29:19.137Z > Unhandled exception on HTTP::Handler
| Closed stream (IO::Error)
|   from /home/uzumaki/.local/share/mise/installs/crystal/1.21.0/share/crystal/src/http/server/response.cr:215:15 in 'content_type='
|   from lib/kemal/src/kemal/helpers/templates.cr:25:3 in 'render_500'
|   from lib/kemal/src/kemal/exception_handler.cr:34:7 in 'call'
|   from /home/uzumaki/.local/share/mise/installs/crystal/1.21.0/share/crystal/src/http/server/handler.cr:30:7 in 'call'
|   from /home/uzumaki/.local/share/mise/installs/crystal/1.21.0/share/crystal/src/http/server/request_processor.cr:58:11 in 'handle_client'
|   from /home/uzumaki/.local/share/mise/installs/crystal/1.21.0/share/crystal/src/fiber.cr:168:11 in 'run'
|   from ???
ERR 2026-08-04T17:29:19.138Z > Error while writing data to the client
| Error while writing data to the client (HTTP::Server::ClientError)
|   from /home/uzumaki/.local/share/mise/installs/crystal/1.21.0/share/crystal/src/http/server/response.cr:266:9 in 'unbuffered_write'
|   from lib/kemal/src/kemal/route_handler.cr:174:7 in 'call'
|   from lib/kemal/src/kemal/filter_handler.cr:46:7 in 'call'
|   from /home/uzumaki/.local/share/mise/installs/crystal/1.21.0/share/crystal/src/http/server/handler.cr:30:7 in 'call'
|   from /home/uzumaki/.local/share/mise/installs/crystal/1.21.0/share/crystal/src/http/server/handler.cr:30:7 in 'call'
|   from /home/uzumaki/.local/share/mise/installs/crystal/1.21.0/share/crystal/src/http/server/request_processor.cr:58:11 in 'handle_client'
|   from /home/uzumaki/.local/share/mise/installs/crystal/1.21.0/share/crystal/src/fiber.cr:168:11 in 'run'
|   from ???
| Caused by: write (#<TCPSocket:0x72b35a73fc80>): Broken pipe (IO::Error)
|   from /home/uzumaki/.local/share/mise/installs/crystal/1.21.0/share/crystal/src/gc/boehm.cr:193:7 in 'unbuffered_write'
|   from /home/uzumaki/.local/share/mise/installs/crystal/1.21.0/share/crystal/src/http/server/response.cr:282:11 in 'unbuffered_write'
|   from lib/kemal/src/kemal/route_handler.cr:174:7 in 'call'
|   from lib/kemal/src/kemal/filter_handler.cr:46:7 in 'call'
|   from /home/uzumaki/.local/share/mise/installs/crystal/1.21.0/share/crystal/src/http/server/handler.cr:30:7 in 'call'
|   from /home/uzumaki/.local/share/mise/installs/crystal/1.21.0/share/crystal/src/http/server/handler.cr:30:7 in 'call'
|   from /home/uzumaki/.local/share/mise/installs/crystal/1.21.0/share/crystal/src/http/server/request_processor.cr:58:11 in 'handle_client'
|   from /home/uzumaki/.local/share/mise/installs/crystal/1.21.0/share/crystal/src/fiber.cr:168:11 in 'run'
|   from ???
ERR 2026-08-04T17:29:19.138Z > Unhandled exception on HTTP::Handler
| Closed stream (IO::Error)
|   from /home/uzumaki/.local/share/mise/installs/crystal/1.21.0/share/crystal/src/http/server/response.cr:215:15 in 'content_type='
|   from lib/kemal/src/kemal/helpers/templates.cr:25:3 in 'render_500'
|   from lib/kemal/src/kemal/exception_handler.cr:34:7 in 'call'
|   from /home/uzumaki/.local/share/mise/installs/crystal/1.21.0/share/crystal/src/http/server/handler.cr:30:7 in 'call'
|   from /home/uzumaki/.local/share/mise/installs/crystal/1.21.0/share/crystal/src/http/server/request_processor.cr:58:11 in 'handle_client'
|   from /home/uzumaki/.local/share/mise/installs/crystal/1.21.0/share/crystal/src/fiber.cr:168:11 in 'run'
|   from ???
ERR 2026-08-04T17:29:19.138Z > Error while writing data to the client
| Error while writing data to the client (HTTP::Server::ClientError)
|   from /home/uzumaki/.local/share/mise/installs/crystal/1.21.0/share/crystal/src/http/server/response.cr:266:9 in 'unbuffered_write'
|   from lib/kemal/src/kemal/route_handler.cr:174:7 in 'call'
|   from lib/kemal/src/kemal/filter_handler.cr:46:7 in 'call'
|   from /home/uzumaki/.local/share/mise/installs/crystal/1.21.0/share/crystal/src/http/server/handler.cr:30:7 in 'call'
|   from /home/uzumaki/.local/share/mise/installs/crystal/1.21.0/share/crystal/src/http/server/handler.cr:30:7 in 'call'
|   from /home/uzumaki/.local/share/mise/installs/crystal/1.21.0/share/crystal/src/http/server/request_processor.cr:58:11 in 'handle_client'
|   from /home/uzumaki/.local/share/mise/installs/crystal/1.21.0/share/crystal/src/fiber.cr:168:11 in 'run'
|   from ???
| Caused by: write (#<TCPSocket:0x72b350421140>): Broken pipe (IO::Error)
|   from /home/uzumaki/.local/share/mise/installs/crystal/1.21.0/share/crystal/src/gc/boehm.cr:193:7 in 'unbuffered_write'
|   from /home/uzumaki/.local/share/mise/installs/crystal/1.21.0/share/crystal/src/http/server/response.cr:282:11 in 'unbuffered_write'
|   from lib/kemal/src/kemal/route_handler.cr:174:7 in 'call'
|   from lib/kemal/src/kemal/filter_handler.cr:46:7 in 'call'
|   from /home/uzumaki/.local/share/mise/installs/crystal/1.21.0/share/crystal/src/http/server/handler.cr:30:7 in 'call'
|   from /home/uzumaki/.local/share/mise/installs/crystal/1.21.0/share/crystal/src/http/server/handler.cr:30:7 in 'call'
|   from /home/uzumaki/.local/share/mise/installs/crystal/1.21.0/share/crystal/src/http/server/request_processor.cr:58:11 in 'handle_client'
|   from /home/uzumaki/.local/share/mise/installs/crystal/1.21.0/share/crystal/src/fiber.cr:168:11 in 'run'
|   from ???
ERR 2026-08-04T17:29:19.138Z > Unhandled exception on HTTP::Handler
| Closed stream (IO::Error)
|   from /home/uzumaki/.local/share/mise/installs/crystal/1.21.0/share/crystal/src/http/server/response.cr:215:15 in 'content_type='
|   from lib/kemal/src/kemal/helpers/templates.cr:25:3 in 'render_500'
|   from lib/kemal/src/kemal/exception_handler.cr:34:7 in 'call'
|   from /home/uzumaki/.local/share/mise/installs/crystal/1.21.0/share/crystal/src/http/server/handler.cr:30:7 in 'call'
|   from /home/uzumaki/.local/share/mise/installs/crystal/1.21.0/share/crystal/src/http/server/request_processor.cr:58:11 in 'handle_client'
|   from /home/uzumaki/.local/share/mise/installs/crystal/1.21.0/share/crystal/src/fiber.cr:168:11 in 'run'
|   from ???
INF 2026-08-04T17:29:19.533Z > 200 GET /gc-collect 4.24ms
ERR 2026-08-04T17:29:19.638Z > Error while writing data to the client
| Error while writing data to the client (HTTP::Server::ClientError)
|   from /home/uzumaki/.local/share/mise/installs/crystal/1.21.0/share/crystal/src/http/server/response.cr:266:9 in 'unbuffered_write'
|   from lib/kemal/src/kemal/route_handler.cr:174:7 in 'call'
|   from lib/kemal/src/kemal/filter_handler.cr:46:7 in 'call'
|   from /home/uzumaki/.local/share/mise/installs/crystal/1.21.0/share/crystal/src/http/server/handler.cr:30:7 in 'call'
|   from /home/uzumaki/.local/share/mise/installs/crystal/1.21.0/share/crystal/src/http/server/handler.cr:30:7 in 'call'
|   from /home/uzumaki/.local/share/mise/installs/crystal/1.21.0/share/crystal/src/http/server/request_processor.cr:58:11 in 'handle_client'
|   from /home/uzumaki/.local/share/mise/installs/crystal/1.21.0/share/crystal/src/fiber.cr:168:11 in 'run'
|   from ???
| Caused by: write (#<TCPSocket:0x72b35a73f640>): Broken pipe (IO::Error)
|   from /home/uzumaki/.local/share/mise/installs/crystal/1.21.0/share/crystal/src/gc/boehm.cr:193:7 in 'unbuffered_write'
|   from /home/uzumaki/.local/share/mise/installs/crystal/1.21.0/share/crystal/src/http/server/response.cr:282:11 in 'unbuffered_write'
|   from lib/kemal/src/kemal/route_handler.cr:174:7 in 'call'
|   from lib/kemal/src/kemal/filter_handler.cr:46:7 in 'call'
|   from /home/uzumaki/.local/share/mise/installs/crystal/1.21.0/share/crystal/src/http/server/handler.cr:30:7 in 'call'
|   from /home/uzumaki/.local/share/mise/installs/crystal/1.21.0/share/crystal/src/http/server/handler.cr:30:7 in 'call'
|   from /home/uzumaki/.local/share/mise/installs/crystal/1.21.0/share/crystal/src/http/server/request_processor.cr:58:11 in 'handle_client'
|   from /home/uzumaki/.local/share/mise/installs/crystal/1.21.0/share/crystal/src/fiber.cr:168:11 in 'run'
|   from ???
ERR 2026-08-04T17:29:19.638Z > Unhandled exception on HTTP::Handler
| Closed stream (IO::Error)
|   from /home/uzumaki/.local/share/mise/installs/crystal/1.21.0/share/crystal/src/http/server/response.cr:215:15 in 'content_type='
|   from lib/kemal/src/kemal/helpers/templates.cr:25:3 in 'render_500'
|   from lib/kemal/src/kemal/exception_handler.cr:34:7 in 'call'
|   from /home/uzumaki/.local/share/mise/installs/crystal/1.21.0/share/crystal/src/http/server/handler.cr:30:7 in 'call'
|   from /home/uzumaki/.local/share/mise/installs/crystal/1.21.0/share/crystal/src/http/server/request_processor.cr:58:11 in 'handle_client'
|   from /home/uzumaki/.local/share/mise/installs/crystal/1.21.0/share/crystal/src/fiber.cr:168:11 in 'run'
|   from ???
INF 2026-08-04T17:29:19.839Z > 404 GET /gc-stats 43.11µs
