1790364297	stw_mt_hdr_tlab	20000	0	10.4
1790364297	stw_mt_hdr_tlab_nursery	20000	0	12.0
1790364309	churn	20000	0	1.7
1790364311	churn_hdr	20000	0	1.1
1790364297	stw_mt	20000	0	14.9
1790364297	stw_mt+diag	20000	0	15.0
1790364297	stw_mt+diag	20000	0	15.0
1790364312	mt_prop	20000	0	2.0
1790364312	thread_storm	20000	0	4.6
1790364312	index_grow	20000	0	5.6
1790364314	stw_mt	20001	0	10.8
1790364317	stw_mt+diag	20001	0	11.1
1790364317	stw_mt+diag	20001	0	11.7
1790364325	stw_mt_hdr_tlab	20001	0	7.7
1790364332	churn	20001	0	0.7
1790364333	churn_hdr	20001	0	0.7
1790364334	index_grow	20001	0	3.2
1790364337	mt_prop	20001	0	2.0
1790364328	stw_mt_hdr_tlab_nursery	20001	0	17.9
1790364346	thread_storm	20001	0	4.9
1790364351	stw_mt	20002	0	11.8
1790364362	stw_mt+diag	20002	0	10.5
1790364373	stw_mt+diag	20002	0	10.9
1790364384	stw_mt_hdr_tlab	20002	0	9.0
1790364393	stw_mt_hdr_tlab_nursery	20002	0	14.0
1790364307	pattern_fuzz+diag	20000	0	141.7
1790364449	churn	20002	0	0.8
1790364450	churn_hdr	20002	0	0.8
1790364451	index_grow	20002	0	2.9
1790364454	mt_prop	20002	0	2.0
1790364329	pattern_fuzz+diag	20001	0	139.7
1790364469	thread_storm	20002	0	5.9
1790364407	pattern_fuzz+diag	20002	0	142.7
1790364550	stw_mt+diag	20003	0	13.9
1790364563	stw_mt+diag	20003	0	14.0
1790364577	stw_mt_hdr_tlab	20003	0	9.3
1790364587	stw_mt_hdr_tlab_nursery	20003	0	12.2
1790364312	fuzz	20000	0	300.0
1790364612	churn	20003	0	1.0
1790364613	churn_hdr	20003	0	1.0
1790364614	index_grow	20003	0	2.2
1790364616	mt_prop	20003	0	2.3
1790364339	fuzz	20001	0	300.0
1790364639	thread_storm	20003	0	5.9
1790364645	stw_mt	20004	0	14.0
1790364659	stw_mt+diag	20004	0	14.2
1790364673	stw_mt+diag	20004	0	13.8
1790364687	stw_mt_hdr_tlab	20004	0	9.3
1790364696	stw_mt_hdr_tlab_nursery	20004	0	11.0
1790364599	pattern_fuzz+diag	20003	0	146.4
1790364745	churn	20004	0	0.9
1790364746	churn_hdr	20004	0	0.9
1790364747	index_grow	20004	0	2.4
1790364749	mt_prop	20004	0	2.0
1790364456	fuzz	20002	0	300.0
1790364756	thread_storm	20004	0	5.1
1790364761	stw_mt	20005	0	9.9
1790364475	stw_mt	20003	TIMEOUT	300.3
1790364771	stw_mt+diag	20005	0	9.7
1790364775	stw_mt+diag	20005	0	10.1
1790364780	stw_mt_hdr_tlab	20005	0	7.2
1790364785	stw_mt_hdr_tlab_nursery	20005	0	8.7
1790364794	churn	20005	0	0.6
1790364794	churn_hdr	20005	0	0.6
1790364795	index_grow	20005	0	4.6
1790364800	mt_prop	20005	0	1.9
1790364707	pattern_fuzz+diag	20004	0	131.2
1790364838	thread_storm	20005	0	5.1
1790364844	stw_mt	20006	0	9.7
1790364853	stw_mt+diag	20006	0	9.7
1790364863	stw_mt+diag	20006	0	9.8
1790364873	stw_mt_hdr_tlab	20006	0	6.9
1790364880	stw_mt_hdr_tlab_nursery	20006	0	8.7
1790364788	pattern_fuzz+diag	20005	0	126.2
1790364914	churn	20006	0	0.9
1790364915	churn_hdr	20006	0	0.8
1790364619	fuzz	20003	0	300.0
1790364919	mt_prop	20006	0	1.9
1790364915	index_grow	20006	0	7.1
1790364923	thread_storm	20006	0	4.7
1790364927	stw_mt	20007	0	9.2
1790364936	stw_mt+diag	20007	0	9.4
1790364946	stw_mt+diag	20007	0	8.5
1790364954	stw_mt_hdr_tlab	20007	0	6.8
1790364961	stw_mt_hdr_tlab_nursery	20007	0	7.8
1790364888	pattern_fuzz+diag	20006	0	128.9
1790365017	churn	20007	0	0.7
1790365018	churn_hdr	20007	0	0.6
1790365019	index_grow	20007	0	24.4
1790365043	mt_prop	20007	0	2.0
1790364752	fuzz	20004	0	300.0
1790365052	thread_storm	20007	0	4.8
1790365056	stw_mt	20008	0	8.7
1790365065	stw_mt+diag	20008	0	8.7
1790365074	stw_mt+diag	20008	0	8.9
1790365083	stw_mt_hdr_tlab	20008	0	6.6
1790365089	stw_mt_hdr_tlab_nursery	20008	0	7.8
1790364969	pattern_fuzz+diag	20007	0	129.6
1790365099	churn	20008	0	0.6
1790365099	churn_hdr	20008	0	0.6
1790364802	fuzz	20005	0	300.0
1790365102	mt_prop	20008	0	1.9
1790365100	index_grow	20008	0	25.5
1790365125	thread_storm	20008	0	4.7
1790365130	stw_mt	20009	0	8.5
1790365139	stw_mt+diag	20009	0	9.0
1790365148	stw_mt+diag	20009	0	11.0
1790365159	stw_mt_hdr_tlab	20009	0	6.7
1790365165	stw_mt_hdr_tlab_nursery	20009	0	8.1
1790364920	fuzz	20006	0	300.0
1790365221	churn	20009	0	0.7
1790365221	churn_hdr	20009	0	0.7
1790365097	pattern_fuzz+diag	20008	0	126.1
1790365223	mt_prop	20009	0	2.0
1790365222	index_grow	20009	0	24.5
1790365246	thread_storm	20009	0	4.7
1790365251	stw_mt	20010	0	9.2
1790365260	stw_mt+diag	20010	0	9.3
1790365270	stw_mt+diag	20010	0	9.1
1790365279	stw_mt_hdr_tlab	20010	0	7.1
1790365286	stw_mt_hdr_tlab_nursery	20010	0	8.6
1790365173	pattern_fuzz+diag	20009	0	127.7
1790365301	churn	20010	0	0.6
1790365302	churn_hdr	20010	0	0.6
1790365302	index_grow	20010	0	25.6
1790365328	mt_prop	20010	0	1.9
1790365045	fuzz	20007	0	300.1
1790365345	thread_storm	20010	0	5.3
1790365350	stw_mt	20011	0	9.2
1790365360	stw_mt+diag	20011	0	9.1
1790365369	stw_mt+diag	20011	0	8.8
1790365377	stw_mt_hdr_tlab	20011	0	6.4
1790365384	stw_mt_hdr_tlab_nursery	20011	0	8.2
1790365104	fuzz	20008	0	300.0
1790365404	churn	20011	0	0.8
1790365404	churn_hdr	20011	0	0.7
1790365405	index_grow	20011	0	18.1
1790365294	pattern_fuzz+diag	20010	0	129.4
1790365423	mt_prop	20011	0	2.3
1790365425	thread_storm	20011	0	5.1
1790365431	stw_mt	20012	0	9.2
1790365440	stw_mt+diag	20012	0	8.9
1790365449	stw_mt+diag	20012	0	9.0
1790365458	stw_mt_hdr_tlab	20012	0	6.9
1790365465	stw_mt_hdr_tlab_nursery	20012	0	9.1
1790365392	pattern_fuzz+diag	20011	0	128.1
1790365520	churn	20012	0	0.7
1790365521	churn_hdr	20012	0	0.7
1790365225	fuzz	20009	0	300.0
1790365525	mt_prop	20012	0	1.9
1790365521	index_grow	20012	0	23.1
1790365545	thread_storm	20012	0	4.5
1790365549	stw_mt	20013	0	8.4
1790365557	stw_mt+diag	20013	0	8.5
1790365566	stw_mt+diag	20013	0	8.8
1790365575	stw_mt_hdr_tlab	20013	0	6.7
1790365581	stw_mt_hdr_tlab_nursery	20013	0	10.4
1790365474	pattern_fuzz+diag	20012	0	126.8
1790365601	churn	20013	0	0.7
1790365601	churn_hdr	20013	0	0.7
1790365602	index_grow	20013	0	17.1
1790365619	mt_prop	20013	0	1.9
1790365330	fuzz	20010	0	300.1
1790365630	thread_storm	20013	0	4.7
1790365635	stw_mt	20014	0	9.2
1790365644	stw_mt+diag	20014	0	8.7
1790365652	stw_mt+diag	20014	0	8.8
1790365661	stw_mt_hdr_tlab	20014	0	6.3
1790365668	stw_mt_hdr_tlab_nursery	20014	0	8.1
1790365592	pattern_fuzz+diag	20013	0	121.6
1790365713	churn	20014	0	0.7
1790365714	churn_hdr	20014	0	0.6
1790365424	fuzz	20011	0	300.0
1790365724	mt_prop	20014	0	1.9
1790365715	index_grow	20014	0	25.2
1790365740	thread_storm	20014	0	4.4
1790365744	stw_mt	20015	0	8.5
1790365753	stw_mt+diag	20015	0	8.4
1790365761	stw_mt+diag	20015	0	8.9
1790365770	stw_mt_hdr_tlab	20015	0	6.7
1790365777	stw_mt_hdr_tlab_nursery	20015	0	8.2
1790365676	pattern_fuzz+diag	20014	0	119.9
1790365796	churn	20015	0	1.6
1790365797	churn_hdr	20015	0	1.0
1790365798	index_grow	20015	0	24.4
1790365822	mt_prop	20015	0	1.9
1790365527	fuzz	20012	0	300.0
1790365827	thread_storm	20015	0	4.7
1790365832	stw_mt	20016	0	8.5
1790365840	stw_mt+diag	20016	0	8.6
1790365849	stw_mt+diag	20016	0	8.8
1790365858	stw_mt_hdr_tlab	20016	0	6.7
1790365865	stw_mt_hdr_tlab_nursery	20016	0	9.6
1790365785	pattern_fuzz+diag	20015	0	126.5
1790365911	churn	20016	0	0.7
1790365912	churn_hdr	20016	0	0.6
1790365913	index_grow	20016	0	3.3
1790365916	mt_prop	20016	0	2.4
1790365621	fuzz	20013	0	300.0
1790365921	thread_storm	20016	0	4.5
1790365925	stw_mt	20017	0	8.7
1790365934	stw_mt+diag	20017	0	8.3
1790365943	stw_mt+diag	20017	0	8.4
1790365951	stw_mt_hdr_tlab	20017	0	6.5
1790365957	stw_mt_hdr_tlab_nursery	20017	0	8.1
1790365874	pattern_fuzz+diag	20016	0	121.5
1790365996	churn	20017	0	0.7
1790365996	churn_hdr	20017	0	0.6
1790365997	index_grow	20017	0	2.3
1790365999	mt_prop	20017	0	2.4
1790365726	fuzz	20014	0	300.0
1790366026	thread_storm	20017	0	4.4
1790366030	stw_mt	20018	0	8.1
1790366038	stw_mt+diag	20018	0	8.5
1790366047	stw_mt+diag	20018	0	8.1
1790366055	stw_mt_hdr_tlab	20018	0	6.2
1790366061	stw_mt_hdr_tlab_nursery	20018	0	7.9
1790365966	pattern_fuzz+diag	20017	0	119.1
1790366085	churn	20018	0	0.6
1790366085	churn_hdr	20018	0	0.6
1790366086	index_grow	20018	0	24.0
1790366110	mt_prop	20018	0	1.9
1790365824	fuzz	20015	0	300.0
1790366124	thread_storm	20018	0	4.3
1790366129	stw_mt	20019	0	7.9
1790366137	stw_mt+diag	20019	0	8.2
1790366145	stw_mt+diag	20019	0	8.1
1790366153	stw_mt_hdr_tlab	20019	0	6.1
1790366159	stw_mt_hdr_tlab_nursery	20019	0	7.5
1790366069	pattern_fuzz+diag	20018	0	115.1
1790366184	churn	20019	0	0.6
1790366185	churn_hdr	20019	0	0.6
1790366185	index_grow	20019	0	26.0
1790366211	mt_prop	20019	0	1.9
1790365918	fuzz	20016	0	300.0
1790366218	thread_storm	20019	0	4.5
1790366223	stw_mt	20020	0	8.7
1790366232	stw_mt+diag	20020	0	8.7
1790366240	stw_mt+diag	20020	0	8.1
1790366248	stw_mt_hdr_tlab	20020	0	6.1
1790366255	stw_mt_hdr_tlab_nursery	20020	0	7.5
1790366167	pattern_fuzz+diag	20019	0	116.0
1790366283	churn	20020	0	0.6
1790366283	churn_hdr	20020	0	0.6
1790366002	fuzz	20017	0	300.0
1790366302	mt_prop	20020	0	1.9
1790366284	index_grow	20020	0	26.5
1790366310	thread_storm	20020	0	4.3
1790366314	stw_mt	20021	0	8.0
1790366322	stw_mt+diag	20021	0	8.0
1790366330	stw_mt+diag	20021	0	8.3
1790366339	stw_mt_hdr_tlab	20021	0	6.2
1790366345	stw_mt_hdr_tlab_nursery	20021	0	7.8
1790366262	pattern_fuzz+diag	20020	0	113.8
1790366376	churn	20021	0	0.6
1790366376	churn_hdr	20021	0	0.6
1790366377	index_grow	20021	0	25.5
1790366403	mt_prop	20021	0	1.9
1790366112	fuzz	20018	0	300.0
1790366412	thread_storm	20021	0	4.7
1790366416	stw_mt	20022	0	8.4
1790366425	stw_mt+diag	20022	0	8.2
1790366433	stw_mt+diag	20022	0	8.3
1790366441	stw_mt_hdr_tlab	20022	0	6.1
1790366448	stw_mt_hdr_tlab_nursery	20022	0	7.7
1790366353	pattern_fuzz+diag	20021	0	114.8
1790366467	churn	20022	0	0.6
1790366468	churn_hdr	20022	0	0.6
1790366469	index_grow	20022	0	27.3
1790366496	mt_prop	20022	0	1.9
1790366213	fuzz	20019	0	300.0
1790366513	thread_storm	20022	0	4.4
1790366518	stw_mt	20023	0	8.2
1790366526	stw_mt+diag	20023	0	8.1
1790366534	stw_mt+diag	20023	0	8.1
1790366542	stw_mt_hdr_tlab	20023	0	6.1
1790366548	stw_mt_hdr_tlab_nursery	20023	0	7.6
1790366455	pattern_fuzz+diag	20022	0	112.7
1790366568	churn	20023	0	0.6
1790366569	churn_hdr	20023	0	0.6
1790366569	index_grow	20023	0	24.8
1790366594	mt_prop	20023	0	1.9
1790366304	fuzz	20020	0	300.0
1790366604	thread_storm	20023	0	4.3
1790366608	stw_mt	20024	0	8.1
1790366616	stw_mt+diag	20024	0	8.0
1790366624	stw_mt+diag	20024	0	8.2
1790366632	stw_mt_hdr_tlab	20024	0	6.1
1790366639	stw_mt_hdr_tlab_nursery	20024	0	7.6
1790366556	pattern_fuzz+diag	20023	0	113.0
1790366669	churn	20024	0	0.6
1790366669	churn_hdr	20024	0	0.6
1790366670	index_grow	20024	0	24.6
1790366694	mt_prop	20024	0	1.9
1790366404	fuzz	20021	0	300.0
1790366704	thread_storm	20024	0	4.3
1790366709	stw_mt	20025	0	8.3
1790366717	stw_mt+diag	20025	0	8.2
1790366725	stw_mt+diag	20025	0	8.2
1790366733	stw_mt_hdr_tlab	20025	0	6.0
1790366739	stw_mt_hdr_tlab_nursery	20025	0	7.9
1790366646	pattern_fuzz+diag	20024	0	112.9
1790366759	churn	20025	0	0.7
1790366760	churn_hdr	20025	0	0.6
1790366760	index_grow	20025	0	26.3
1790366787	mt_prop	20025	0	1.9
1790366498	fuzz	20022	0	300.0
1790366798	thread_storm	20025	0	4.3
1790366802	stw_mt	20026	0	8.9
1790366811	stw_mt+diag	20026	0	8.9
1790366820	stw_mt+diag	20026	0	8.3
1790366828	stw_mt_hdr_tlab	20026	0	6.2
1790366834	stw_mt_hdr_tlab_nursery	20026	0	7.9
1790366747	pattern_fuzz+diag	20025	0	115.4
1790366863	churn	20026	0	0.6
1790366863	churn_hdr	20026	0	0.7
1790366864	index_grow	20026	0	23.5
1790366887	mt_prop	20026	0	1.9
1790366596	fuzz	20023	0	300.0
1790366896	thread_storm	20026	0	4.7
1790366901	stw_mt	20027	0	8.7
1790366909	stw_mt+diag	20027	0	10.4
1790366920	stw_mt+diag	20027	0	10.0
1790366930	stw_mt_hdr_tlab	20027	0	6.3
1790366936	stw_mt_hdr_tlab_nursery	20027	0	7.6
1790366842	pattern_fuzz+diag	20026	0	117.7
1790366960	churn	20027	0	0.6
1790366961	churn_hdr	20027	0	0.6
1790366961	index_grow	20027	0	27.2
1790366988	mt_prop	20027	0	1.9
1790366696	fuzz	20024	0	300.0
1790366996	thread_storm	20027	0	4.3
1790367001	stw_mt	20028	0	8.2
1790367009	stw_mt+diag	20028	0	8.1
1790367017	stw_mt+diag	20028	0	8.1
1790367025	stw_mt_hdr_tlab	20028	0	6.1
1790367031	stw_mt_hdr_tlab_nursery	20028	0	7.5
1790366943	pattern_fuzz+diag	20027	0	115.7
1790367059	churn	20028	0	0.6
1790367060	churn_hdr	20028	0	0.6
1790367060	index_grow	20028	0	27.5
1790366788	fuzz	20025	0	300.0
1790367088	mt_prop	20028	0	1.9
1790367090	thread_storm	20028	0	4.4
1790367094	stw_mt	20029	0	8.1
1790367102	stw_mt+diag	20029	0	8.1
1790367110	stw_mt+diag	20029	0	8.1
1790367119	stw_mt_hdr_tlab	20029	0	6.2
1790367125	stw_mt_hdr_tlab_nursery	20029	0	7.6
1790367039	pattern_fuzz+diag	20028	0	114.0
1790367153	churn	20029	0	0.6
1790367153	churn_hdr	20029	0	0.6
1790367154	index_grow	20029	0	24.4
1790367178	mt_prop	20029	0	1.9
1790366889	fuzz	20026	0	300.0
1790367189	thread_storm	20029	0	4.3
1790367194	stw_mt	20030	0	8.1
1790367202	stw_mt+diag	20030	0	8.1
1790367210	stw_mt+diag	20030	0	8.1
1790367218	stw_mt_hdr_tlab	20030	0	6.3
1790367224	stw_mt_hdr_tlab_nursery	20030	0	7.6
1790367132	pattern_fuzz+diag	20029	0	114.3
1790367247	churn	20030	0	0.6
1790367247	churn_hdr	20030	0	0.6
1790367248	index_grow	20030	0	24.7
1790367272	mt_prop	20030	0	1.9
1790366990	fuzz	20027	0	300.0
1790367290	thread_storm	20030	0	4.3
1790367295	stw_mt	20031	0	8.4
1790367303	stw_mt+diag	20031	0	8.0
1790367311	stw_mt+diag	20031	0	8.3
1790367319	stw_mt_hdr_tlab	20031	0	6.2
1790367326	stw_mt_hdr_tlab_nursery	20031	0	7.7
1790367232	pattern_fuzz+diag	20030	0	116.7
1790367349	churn	20031	0	0.6
1790367349	churn_hdr	20031	0	0.6
1790367350	index_grow	20031	0	24.6
1790367374	mt_prop	20031	0	1.9
1790367088	fuzz	20028	0	300.0
1790367388	thread_storm	20031	0	4.5
1790367393	stw_mt	20032	0	8.5
1790367401	stw_mt+diag	20032	0	8.6
1790367410	stw_mt+diag	20032	0	8.3
1790367418	stw_mt_hdr_tlab	20032	0	6.2
1790367425	stw_mt_hdr_tlab_nursery	20032	0	7.6
1790367333	pattern_fuzz+diag	20031	0	116.8
1790367450	churn	20032	0	0.6
1790367451	churn_hdr	20032	0	0.6
1790367451	index_grow	20032	0	28.1
1790367180	fuzz	20029	0	300.1
1790367479	mt_prop	20032	0	1.9
1790367481	thread_storm	20032	0	4.5
1790367486	stw_mt	20033	0	8.4
1790367494	stw_mt+diag	20033	0	8.1
1790367502	stw_mt+diag	20033	0	8.3
1790367511	stw_mt_hdr_tlab	20033	0	6.3
1790367517	stw_mt_hdr_tlab_nursery	20033	0	7.8
1790367432	pattern_fuzz+diag	20032	0	118.1
1790367550	churn	20033	0	0.6
1790367551	churn_hdr	20033	0	0.6
1790367274	fuzz	20030	0	300.1
1790367574	mt_prop	20033	0	1.9
1790367551	index_grow	20033	0	27.1
1790367579	thread_storm	20033	0	4.3
1790367583	stw_mt	20034	0	8.3
1790367591	stw_mt+diag	20034	0	9.2
1790367600	stw_mt+diag	20034	0	10.3
1790367611	stw_mt_hdr_tlab	20034	0	7.6
1790367618	stw_mt_hdr_tlab_nursery	20034	0	8.9
1790367525	pattern_fuzz+diag	20033	0	124.8
1790367650	churn	20034	0	0.6
1790367650	churn_hdr	20034	0	0.7
1790367376	fuzz	20031	0	300.1
1790367651	index_grow	20034	0	27.0
1790367676	mt_prop	20034	0	1.9
1790367678	thread_storm	20034	0	4.4
1790367683	stw_mt	20035	0	8.4
1790367691	stw_mt+diag	20035	0	8.3
1790367699	stw_mt+diag	20035	0	8.5
1790367708	stw_mt_hdr_tlab	20035	0	6.1
1790367714	stw_mt_hdr_tlab_nursery	20035	0	7.8
1790367627	pattern_fuzz+diag	20034	0	121.4
1790367749	churn	20035	0	0.6
1790367749	churn_hdr	20035	0	0.6
1790367750	index_grow	20035	0	21.3
1790367771	mt_prop	20035	0	1.9
1790367480	fuzz	20032	0	300.0
1790367780	thread_storm	20035	0	4.8
1790367785	stw_mt	20036	0	9.9
1790367795	stw_mt+diag	20036	0	9.8
1790367805	stw_mt+diag	20036	0	9.1
1790367814	stw_mt_hdr_tlab	20036	0	6.7
1790367821	stw_mt_hdr_tlab_nursery	20036	0	8.4
1790367722	pattern_fuzz+diag	20035	0	126.3
1790367848	churn	20036	0	0.6
1790367848	churn_hdr	20036	0	0.6
1790367849	index_grow	20036	0	24.1
1790367873	mt_prop	20036	0	2.0
1790367576	fuzz	20033	0	300.0
1790367876	thread_storm	20036	0	4.9
1790367881	stw_mt	20037	0	9.1
1790367890	stw_mt+diag	20037	0	9.1
1790367899	stw_mt+diag	20037	0	8.7
1790367908	stw_mt_hdr_tlab	20037	0	6.5
1790367915	stw_mt_hdr_tlab_nursery	20037	0	7.6
1790367829	pattern_fuzz+diag	20036	0	122.9
1790367952	churn	20037	0	0.6
1790367953	churn_hdr	20037	0	0.6
1790367953	index_grow	20037	0	19.7
1790367973	mt_prop	20037	0	2.0
1790367678	fuzz	20034	0	300.1
1790367978	thread_storm	20037	0	4.5
1790367982	stw_mt	20038	0	8.7
1790367991	stw_mt+diag	20038	0	8.8
1790368000	stw_mt+diag	20038	0	8.0
1790368008	stw_mt_hdr_tlab	20038	0	6.1
1790368014	stw_mt_hdr_tlab_nursery	20038	0	7.7
1790367922	pattern_fuzz+diag	20037	0	119.5
1790368042	churn	20038	0	0.6
1790368042	churn_hdr	20038	0	0.6
1790368043	index_grow	20038	0	17.2
1790368060	mt_prop	20038	0	1.9
1790367773	fuzz	20035	0	300.0
1790368073	thread_storm	20038	0	4.4
1790368077	stw_mt	20039	0	8.0
1790368085	stw_mt+diag	20039	0	8.1
1790368093	stw_mt+diag	20039	0	8.2
1790368102	stw_mt_hdr_tlab	20039	0	6.2
1790368108	stw_mt_hdr_tlab_nursery	20039	0	7.7
1790368022	pattern_fuzz+diag	20038	0	115.9
1790368138	churn	20039	0	0.6
1790368138	churn_hdr	20039	0	0.6
1790368139	index_grow	20039	0	24.1
1790368163	mt_prop	20039	0	1.9
1790367875	fuzz	20036	0	300.0
1790368175	thread_storm	20039	0	4.3
1790368179	stw_mt	20040	0	8.3
1790368188	stw_mt+diag	20040	0	8.1
1790368196	stw_mt+diag	20040	0	8.1
1790368204	stw_mt_hdr_tlab	20040	0	6.1
1790368210	stw_mt_hdr_tlab_nursery	20040	0	7.6
1790368116	pattern_fuzz+diag	20039	0	115.0
1790368231	churn	20040	0	0.6
1790368231	churn_hdr	20040	0	0.6
1790368232	index_grow	20040	0	26.7
1790368258	mt_prop	20040	0	1.9
1790367975	fuzz	20037	0	300.1
1790368275	thread_storm	20040	0	4.3
1790368279	stw_mt	20041	0	8.2
1790368288	stw_mt+diag	20041	0	8.2
1790368296	stw_mt+diag	20041	0	9.5
1790368305	stw_mt_hdr_tlab	20041	0	6.5
1790368312	stw_mt_hdr_tlab_nursery	20041	0	8.2
1790368218	pattern_fuzz+diag	20040	0	116.9
1790368335	churn	20041	0	0.6
1790368335	churn_hdr	20041	0	0.7
1790368336	index_grow	20041	0	22.5
1790368358	mt_prop	20041	0	1.9
1790368062	fuzz	20038	0	300.0
1790368362	thread_storm	20041	0	4.4
1790368367	stw_mt	20042	0	8.1
1790368375	stw_mt+diag	20042	0	8.2
1790368383	stw_mt+diag	20042	0	8.1
1790368391	stw_mt_hdr_tlab	20042	0	6.2
1790368397	stw_mt_hdr_tlab_nursery	20042	0	15.0
1790368320	pattern_fuzz+diag	20041	0	116.1
1790368436	churn	20042	0	0.6
1790368437	churn_hdr	20042	0	0.6
1790368437	index_grow	20042	0	24.9
1790368462	mt_prop	20042	0	1.9
1790368165	fuzz	20039	0	300.1
1790368465	thread_storm	20042	0	4.3
1790368469	stw_mt	20043	0	8.1
1790368477	stw_mt+diag	20043	0	8.1
1790368486	stw_mt+diag	20043	0	8.1
1790368494	stw_mt_hdr_tlab	20043	0	6.1
1790368500	stw_mt_hdr_tlab_nursery	20043	0	7.6
1790368412	pattern_fuzz+diag	20042	0	114.0
1790368526	churn	20043	0	0.6
1790368527	churn_hdr	20043	0	0.6
1790368527	index_grow	20043	0	24.4
1790368552	mt_prop	20043	0	1.9
1790368260	fuzz	20040	0	300.1
1790368560	thread_storm	20043	0	4.5
1790368565	stw_mt	20044	0	9.1
1790368574	stw_mt+diag	20044	0	8.5
1790368582	stw_mt+diag	20044	0	8.5
1790368591	stw_mt_hdr_tlab	20044	0	6.4
1790368597	stw_mt_hdr_tlab_nursery	20044	0	8.4
1790368507	pattern_fuzz+diag	20043	0	115.9
1790368623	churn	20044	0	0.6
1790368624	churn_hdr	20044	0	0.6
1790368625	index_grow	20044	0	24.3
1790368649	mt_prop	20044	0	1.9
1790368360	fuzz	20041	0	300.1
1790368660	thread_storm	20044	0	4.3
1790368665	stw_mt	20045	0	8.1
1790368673	stw_mt+diag	20045	0	8.2
1790368681	stw_mt+diag	20045	0	8.1
1790368689	stw_mt_hdr_tlab	20045	0	6.1
1790368695	stw_mt_hdr_tlab_nursery	20045	0	7.6
1790368606	pattern_fuzz+diag	20044	0	114.2
1790368720	churn	20045	0	0.6
1790368721	churn_hdr	20045	0	0.6
1790368721	index_grow	20045	0	25.9
1790368747	mt_prop	20045	0	1.9
1790368464	fuzz	20042	0	300.0
1790368764	thread_storm	20045	0	4.3
1790368768	stw_mt	20046	0	8.1
1790368703	pattern_fuzz+diag	20045	0	114.4
1790368817	stw_mt+diag	20046	0	8.5
1790368826	stw_mt_hdr_tlab	20046	0	6.2
1790368832	stw_mt_hdr_tlab_nursery	20046	0	8.2
1790368554	fuzz	20043	0	300.0
1790368854	churn	20046	0	0.7
1790368854	churn_hdr	20046	0	0.6
1790368855	index_grow	20046	0	24.3
1790368879	mt_prop	20046	0	1.9
1790368651	fuzz	20044	0	300.0
1790368951	thread_storm	20046	0	4.4
1790368840	pattern_fuzz+diag	20046	0	116.1
1790368955	stw_mt	20047	0	8.7
1790368956	stw_mt+diag	20047	0	8.6
1790368965	stw_mt_hdr_tlab	20047	0	6.6
1790368964	stw_mt+diag	20047	0	8.7
1790368971	stw_mt_hdr_tlab_nursery	20047	0	7.9
1790368979	churn	20047	0	0.6
1790368980	churn_hdr	20047	0	0.6
1790368980	index_grow	20047	0	23.3
1790369004	mt_prop	20047	0	1.9
1790368749	fuzz	20045	0	300.0
1790369049	thread_storm	20047	0	4.4
1790369053	stw_mt	20048	0	8.3
1790369062	stw_mt+diag	20048	0	8.2
1790368776	stw_mt+diag	20046	TIMEOUT	300.2
1790369070	stw_mt+diag	20048	0	8.4
1790369077	stw_mt_hdr_tlab	20048	0	6.2
1790369078	stw_mt_hdr_tlab_nursery	20048	0	7.8
1790369086	churn	20048	0	0.6
1790369087	churn_hdr	20048	0	0.6
1790368973	pattern_fuzz+diag	20047	0	116.3
1790369089	mt_prop	20048	0	1.9
1790369087	index_grow	20048	0	24.4
1790369112	thread_storm	20048	0	4.3
1790369116	stw_mt	20049	0	8.2
1790369124	stw_mt+diag	20049	0	7.9
1790369132	stw_mt+diag	20049	0	8.3
1790369140	stw_mt_hdr_tlab	20049	0	6.1
1790369147	stw_mt_hdr_tlab_nursery	20049	0	7.7
1790368881	fuzz	20046	0	300.0
1790369181	churn	20049	0	0.6
1790369182	churn_hdr	20049	0	0.6
1790369083	pattern_fuzz+diag	20048	0	115.4
1790369198	mt_prop	20049	0	1.9
1790369182	index_grow	20049	0	27.5
1790369210	thread_storm	20049	0	4.4
1790369214	stw_mt	20050	0	8.1
1790369222	stw_mt+diag	20050	0	8.1
1790369230	stw_mt+diag	20050	0	8.3
1790369239	stw_mt_hdr_tlab	20050	0	6.2
1790369245	stw_mt_hdr_tlab_nursery	20050	0	7.6
1790369154	pattern_fuzz+diag	20049	0	114.7
1790369269	churn	20050	0	0.6
1790369270	churn_hdr	20050	0	0.6
1790369270	index_grow	20050	0	25.2
1790369295	mt_prop	20050	0	1.9
1790369006	fuzz	20047	0	300.0
1790369306	thread_storm	20050	0	4.4
1790369310	stw_mt	20051	0	8.1
1790369318	stw_mt+diag	20051	0	8.0
1790369326	stw_mt+diag	20051	0	8.1
1790369334	stw_mt_hdr_tlab	20051	0	6.1
1790369340	stw_mt_hdr_tlab_nursery	20051	0	7.6
1790369253	pattern_fuzz+diag	20050	0	119.0
1790369372	churn	20051	0	0.6
1790369372	churn_hdr	20051	0	0.6
1790369091	fuzz	20048	0	300.0
1790369391	mt_prop	20051	0	1.9
1790369373	index_grow	20051	0	25.7
1790369398	thread_storm	20051	0	4.3
1790369403	stw_mt	20052	0	8.2
1790369411	stw_mt+diag	20052	0	8.1
1790369419	stw_mt+diag	20052	0	8.1
1790369427	stw_mt_hdr_tlab	20052	0	6.1
1790369433	stw_mt_hdr_tlab_nursery	20052	0	7.5
1790369348	pattern_fuzz+diag	20051	0	115.2
1790369463	churn	20052	0	0.6
1790369464	churn_hdr	20052	0	0.6
1790369464	index_grow	20052	0	28.0
1790369492	mt_prop	20052	0	1.9
1790369200	fuzz	20049	0	300.0
1790369500	thread_storm	20052	0	4.3
1790369505	stw_mt	20053	0	8.1
1790369513	stw_mt+diag	20053	0	8.1
1790369521	stw_mt+diag	20053	0	8.1
1790369529	stw_mt_hdr_tlab	20053	0	6.0
1790369535	stw_mt_hdr_tlab_nursery	20053	0	7.6
1790369441	pattern_fuzz+diag	20052	0	114.2
1790369555	churn	20053	0	0.6
1790369555	churn_hdr	20053	0	0.6
1790369556	index_grow	20053	0	26.0
1790369582	mt_prop	20053	0	1.9
1790369297	fuzz	20050	0	300.0
1790369597	thread_storm	20053	0	4.4
1790369602	stw_mt	20054	0	8.1
1790369610	stw_mt+diag	20054	0	8.1
1790369618	stw_mt+diag	20054	0	8.0
1790369626	stw_mt_hdr_tlab	20054	0	6.2
1790369632	stw_mt_hdr_tlab_nursery	20054	0	7.6
1790369542	pattern_fuzz+diag	20053	0	114.3
1790369657	churn	20054	0	0.6
1790369657	churn_hdr	20054	0	0.6
1790369658	index_grow	20054	0	25.9
1790369684	mt_prop	20054	0	1.9
1790369393	fuzz	20051	0	300.0
1790369693	thread_storm	20054	0	4.3
1790369697	stw_mt	20055	0	8.2
1790369705	stw_mt+diag	20055	0	8.1
1790369713	stw_mt+diag	20055	0	8.2
1790369722	stw_mt_hdr_tlab	20055	0	6.2
1790369728	stw_mt_hdr_tlab_nursery	20055	0	7.7
1790369640	pattern_fuzz+diag	20054	0	114.4
1790369754	churn	20055	0	0.6
1790369755	churn_hdr	20055	0	0.6
1790369755	index_grow	20055	0	25.2
1790369781	mt_prop	20055	0	1.9
1790369494	fuzz	20052	0	300.0
1790369794	thread_storm	20055	0	4.3
1790369798	stw_mt	20056	0	8.0
1790369807	stw_mt+diag	20056	0	8.2
1790369815	stw_mt+diag	20056	0	8.1
1790369823	stw_mt_hdr_tlab	20056	0	6.3
1790369829	stw_mt_hdr_tlab_nursery	20056	0	7.5
1790369735	pattern_fuzz+diag	20055	0	112.5
1790369848	churn	20056	0	0.6
1790369848	churn_hdr	20056	0	0.6
1790369849	index_grow	20056	0	26.0
1790369875	mt_prop	20056	0	1.9
1790369584	fuzz	20053	0	300.0
1790369884	thread_storm	20056	0	4.3
1790369888	stw_mt	20057	0	8.2
1790369896	stw_mt+diag	20057	0	8.4
1790369905	stw_mt+diag	20057	0	8.2
1790369913	stw_mt_hdr_tlab	20057	0	6.1
1790369919	stw_mt_hdr_tlab_nursery	20057	0	7.8
1790369837	pattern_fuzz+diag	20056	0	114.2
1790369951	churn	20057	0	0.6
1790369951	churn_hdr	20057	0	0.6
1790369952	index_grow	20057	0	25.5
1790369977	mt_prop	20057	0	1.9
1790369686	fuzz	20054	0	300.0
1790369986	thread_storm	20057	0	4.3
1790369990	stw_mt	20058	0	8.1
1790369998	stw_mt+diag	20058	0	8.3
1790370006	stw_mt+diag	20058	0	8.2
1790370015	stw_mt_hdr_tlab	20058	0	6.2
1790370021	stw_mt_hdr_tlab_nursery	20058	0	7.7
1790369927	pattern_fuzz+diag	20057	0	114.4
1790370041	churn	20058	0	0.6
1790370042	churn_hdr	20058	0	0.6
1790370043	index_grow	20058	0	23.1
1790370066	mt_prop	20058	0	1.9
1790369782	fuzz	20055	0	300.0
1790370083	thread_storm	20058	0	4.3
1790370087	stw_mt	20059	0	8.2
1790370095	stw_mt+diag	20059	0	8.1
1790370103	stw_mt+diag	20059	0	8.1
1790370111	stw_mt_hdr_tlab	20059	0	6.1
1790370117	stw_mt_hdr_tlab_nursery	20059	0	7.6
1790370029	pattern_fuzz+diag	20058	0	115.3
1790370144	churn	20059	0	0.6
1790370144	churn_hdr	20059	0	0.6
1790370145	index_grow	20059	0	27.1
1790370172	mt_prop	20059	0	1.9
1790369877	fuzz	20056	0	300.0
1790370177	thread_storm	20059	0	4.7
1790370182	stw_mt	20060	0	8.7
1790370190	stw_mt+diag	20060	0	8.7
1790370199	stw_mt+diag	20060	0	8.1
1790370207	stw_mt_hdr_tlab	20060	0	6.2
1790370213	stw_mt_hdr_tlab_nursery	20060	0	7.5
1790370125	pattern_fuzz+diag	20059	0	117.8
1790370243	churn	20060	0	0.6
1790370243	churn_hdr	20060	0	0.6
1790370244	index_grow	20060	0	5.7
1790370250	mt_prop	20060	0	1.9
1790369979	fuzz	20057	0	300.1
1790370279	thread_storm	20060	0	4.4
1790370284	stw_mt	20061	0	8.2
1790370292	stw_mt+diag	20061	0	8.3
1790370300	stw_mt+diag	20061	0	8.2
1790370308	stw_mt_hdr_tlab	20061	0	6.1
1790370315	stw_mt_hdr_tlab_nursery	20061	0	7.6
1790370221	pattern_fuzz+diag	20060	0	117.2
1790370338	churn	20061	0	0.6
1790370339	churn_hdr	20061	0	0.6
1790370339	index_grow	20061	0	25.7
1790370365	mt_prop	20061	0	1.9
1790370067	fuzz	20058	0	300.1
1790370368	thread_storm	20061	0	4.3
1790370372	stw_mt	20062	0	9.2
1790370381	stw_mt+diag	20062	0	9.1
1790370390	stw_mt+diag	20062	0	9.0
1790370399	stw_mt_hdr_tlab	20062	0	6.9
1790370406	stw_mt_hdr_tlab_nursery	20062	0	8.3
1790370322	pattern_fuzz+diag	20061	0	118.8
1790370441	churn	20062	0	0.7
1790370442	churn_hdr	20062	0	0.6
1790370442	index_grow	20062	0	23.8
1790370466	mt_prop	20062	0	1.9
1790370174	fuzz	20059	0	300.0
1790370474	thread_storm	20062	0	4.5
1790370479	stw_mt	20063	0	8.7
1790370487	stw_mt+diag	20063	0	8.2
1790370496	stw_mt+diag	20063	0	8.5
1790370504	stw_mt_hdr_tlab	20063	0	6.9
1790370511	stw_mt_hdr_tlab_nursery	20063	0	8.5
1790370414	pattern_fuzz+diag	20062	0	121.0
1790370535	churn	20063	0	0.6
1790370536	churn_hdr	20063	0	0.7
1790370252	fuzz	20060	0	300.0
1790370552	mt_prop	20063	0	1.9
1790370537	index_grow	20063	0	18.1
1790370555	thread_storm	20063	0	4.5
1790370559	stw_mt	20064	0	9.3
1790370569	stw_mt+diag	20064	0	9.0
1790370577	stw_mt+diag	20064	0	9.1
1790370587	stw_mt_hdr_tlab	20064	0	6.8
1790370593	stw_mt_hdr_tlab_nursery	20064	0	8.4
1790370519	pattern_fuzz+diag	20063	0	123.5
1790370643	churn	20064	0	0.6
1790370644	churn_hdr	20064	0	0.6
1790370644	index_grow	20064	0	16.4
1790370661	mt_prop	20064	0	1.9
1790370367	fuzz	20061	0	300.0
1790370667	thread_storm	20064	0	4.8
1790370672	stw_mt	20065	0	9.0
1790370681	stw_mt+diag	20065	0	8.8
1790370690	stw_mt+diag	20065	0	8.1
1790370698	stw_mt_hdr_tlab	20065	0	6.5
1790370704	stw_mt_hdr_tlab_nursery	20065	0	7.6
1790370602	pattern_fuzz+diag	20064	0	126.6
1790370729	churn	20065	0	0.7
1790370729	churn_hdr	20065	0	0.6
1790370730	index_grow	20065	0	18.0
1790370748	mt_prop	20065	0	2.0
1790370468	fuzz	20062	0	300.0
1790370768	thread_storm	20065	0	4.3
1790370772	stw_mt	20066	0	8.2
1790370781	stw_mt+diag	20066	0	8.1
1790370789	stw_mt+diag	20066	0	8.5
1790370797	stw_mt_hdr_tlab	20066	0	6.7
1790370804	stw_mt_hdr_tlab_nursery	20066	0	8.4
1790370712	pattern_fuzz+diag	20065	0	120.7
1790370832	churn	20066	0	0.7
1790370833	churn_hdr	20066	0	0.6
1790370834	index_grow	20066	0	15.9
1790370850	mt_prop	20066	0	1.9
1790370553	fuzz	20063	0	300.0
1790370853	thread_storm	20066	0	4.5
1790370858	stw_mt	20067	0	8.8
1790370867	stw_mt+diag	20067	0	9.2
1790370876	stw_mt+diag	20067	0	9.1
1790370885	stw_mt_hdr_tlab	20067	0	6.9
1790370892	stw_mt_hdr_tlab_nursery	20067	0	8.6
1790370812	pattern_fuzz+diag	20066	0	123.6
1790370936	churn	20067	0	0.7
1790370937	churn_hdr	20067	0	0.7
1790370937	index_grow	20067	0	16.3
1790370954	mt_prop	20067	0	2.0
1790370662	fuzz	20064	0	300.0
1790370962	thread_storm	20067	0	4.6
1790370967	stw_mt	20068	0	9.0
1790370976	stw_mt+diag	20068	0	9.0
1790370985	stw_mt+diag	20068	0	9.3
1790370994	stw_mt_hdr_tlab	20068	0	6.8
1790371001	stw_mt_hdr_tlab_nursery	20068	0	8.4
1790370901	pattern_fuzz+diag	20067	0	125.1
1790371026	churn	20068	0	0.6
1790371026	churn_hdr	20068	0	0.6
1790371027	index_grow	20068	0	16.5
1790371044	mt_prop	20068	0	1.9
1790370750	fuzz	20065	0	300.0
1790371050	thread_storm	20068	0	4.6
1790371054	stw_mt	20069	0	8.8
1790371063	stw_mt+diag	20069	0	9.0
1790371072	stw_mt+diag	20069	0	9.3
1790371082	stw_mt_hdr_tlab	20069	0	6.8
1790371088	stw_mt_hdr_tlab_nursery	20069	0	8.4
1790371010	pattern_fuzz+diag	20068	0	123.3
1790371133	churn	20069	0	0.6
1790371134	churn_hdr	20069	0	0.6
1790370851	fuzz	20066	0	300.0
1790371134	index_grow	20069	0	18.9
1790371152	mt_prop	20069	0	1.9
1790371153	thread_storm	20069	0	4.5
1790371158	stw_mt	20070	0	8.7
1790371167	stw_mt+diag	20070	0	8.9
1790371176	stw_mt+diag	20070	0	9.2
1790371185	stw_mt_hdr_tlab	20070	0	6.8
1790371192	stw_mt_hdr_tlab_nursery	20070	0	8.5
1790371097	pattern_fuzz+diag	20069	0	123.3
1790371220	churn	20070	0	0.6
1790371221	churn_hdr	20070	0	0.7
1790371221	index_grow	20070	0	19.5
1790371241	mt_prop	20070	0	1.9
1790370955	fuzz	20067	0	300.0
1790371256	thread_storm	20070	0	4.6
1790371260	stw_mt	20071	0	9.3
1790371269	stw_mt+diag	20071	0	8.9
1790371278	stw_mt+diag	20071	0	9.1
1790371287	stw_mt_hdr_tlab	20071	0	7.0
1790371294	stw_mt_hdr_tlab_nursery	20071	0	8.9
1790371200	pattern_fuzz+diag	20070	0	124.7
1790371325	churn	20071	0	0.6
1790371325	churn_hdr	20071	0	0.6
1790371326	index_grow	20071	0	15.2
1790371341	mt_prop	20071	0	2.0
1790371046	fuzz	20068	0	300.1
1790371346	thread_storm	20071	0	4.5
1790371350	stw_mt	20072	0	9.1
1790371359	stw_mt+diag	20072	0	9.1
1790371368	stw_mt+diag	20072	0	9.4
1790371378	stw_mt_hdr_tlab	20072	0	6.9
1790371385	stw_mt_hdr_tlab_nursery	20072	0	8.3
1790371303	pattern_fuzz+diag	20071	0	124.0
1790371427	churn	20072	0	0.6
1790371428	churn_hdr	20072	0	0.6
1790371429	index_grow	20072	0	19.9
1790371449	mt_prop	20072	0	1.9
1790371153	fuzz	20069	0	300.0
1790371453	thread_storm	20072	0	4.8
1790371458	stw_mt	20073	0	9.2
1790371467	stw_mt+diag	20073	0	8.7
1790371476	stw_mt+diag	20073	0	8.1
1790371484	stw_mt_hdr_tlab	20073	0	6.0
1790371490	stw_mt_hdr_tlab_nursery	20073	0	8.4
1790371393	pattern_fuzz+diag	20072	0	123.2
1790371516	churn	20073	0	0.6
1790371517	churn_hdr	20073	0	0.6
1790371517	index_grow	20073	0	17.2
1790371534	mt_prop	20073	0	2.0
1790371243	fuzz	20070	0	300.1
1790371543	thread_storm	20073	0	4.6
1790371548	stw_mt	20074	0	9.2
1790371557	stw_mt+diag	20074	0	9.1
1790371566	stw_mt+diag	20074	0	9.1
1790371575	stw_mt_hdr_tlab	20074	0	7.0
1790371582	stw_mt_hdr_tlab_nursery	20074	0	8.6
1790371498	pattern_fuzz+diag	20073	0	124.8
1790371623	churn	20074	0	0.6
1790371624	churn_hdr	20074	0	0.6
1790371624	index_grow	20074	0	15.6
1790371640	mt_prop	20074	0	2.0
1790371343	fuzz	20071	0	300.1
1790371643	thread_storm	20074	0	4.6
1790371648	stw_mt	20075	0	8.9
1790371657	stw_mt+diag	20075	0	8.8
1790371666	stw_mt+diag	20075	0	9.0
1790371675	stw_mt_hdr_tlab	20075	0	7.0
1790371682	stw_mt_hdr_tlab_nursery	20075	0	8.8
1790371591	pattern_fuzz+diag	20074	0	124.2
1790371715	churn	20075	0	0.6
1790371715	churn_hdr	20075	0	0.7
1790371716	index_grow	20075	0	16.4
1790371733	mt_prop	20075	0	1.9
1790371450	fuzz	20072	0	300.0
1790371750	thread_storm	20075	0	4.8
1790371755	stw_mt	20076	0	9.0
1790371764	stw_mt+diag	20076	0	9.0
1790371773	stw_mt+diag	20076	0	9.2
1790371782	stw_mt_hdr_tlab	20076	0	6.8
1790371789	stw_mt_hdr_tlab_nursery	20076	0	8.3
1790371690	pattern_fuzz+diag	20075	0	124.1
1790371815	churn	20076	0	0.6
1790371815	churn_hdr	20076	0	0.6
1790371816	index_grow	20076	0	13.7
1790371830	mt_prop	20076	0	1.9
1790371536	fuzz	20073	0	300.0
1790371836	thread_storm	20076	0	4.6
1790371841	stw_mt	20077	0	8.9
1790371850	stw_mt+diag	20077	0	9.0
1790371859	stw_mt+diag	20077	0	9.0
1790371868	stw_mt_hdr_tlab	20077	0	6.8
1790371875	stw_mt_hdr_tlab_nursery	20077	0	8.8
1790371798	pattern_fuzz+diag	20076	0	123.8
1790371921	churn	20077	0	0.6
1790371922	churn_hdr	20077	0	0.7
1790371923	index_grow	20077	0	18.8
1790371642	fuzz	20074	0	300.0
1790371941	mt_prop	20077	0	1.9
1790371943	thread_storm	20077	0	4.6
1790371948	stw_mt	20078	0	8.9
1790371957	stw_mt+diag	20078	0	9.0
1790371966	stw_mt+diag	20078	0	9.3
1790371975	stw_mt_hdr_tlab	20078	0	6.8
1790371982	stw_mt_hdr_tlab_nursery	20078	0	8.3
1790371884	pattern_fuzz+diag	20077	0	123.5
1790372007	churn	20078	0	0.6
1790372008	churn_hdr	20078	0	0.6
1790372008	index_grow	20078	0	16.6
1790372025	mt_prop	20078	0	1.9
1790371734	fuzz	20075	0	300.0
1790372034	thread_storm	20078	0	4.5
1790372039	stw_mt	20079	0	9.3
1790372048	stw_mt+diag	20079	0	9.0
1790372057	stw_mt+diag	20079	0	8.9
1790372066	stw_mt_hdr_tlab	20079	0	7.0
1790372073	stw_mt_hdr_tlab_nursery	20079	0	8.5
1790371990	pattern_fuzz+diag	20078	0	123.3
1790372114	churn	20079	0	0.6
1790372114	churn_hdr	20079	0	0.6
1790371831	fuzz	20076	0	300.0
1790372131	mt_prop	20079	0	1.9
1790372115	index_grow	20079	0	24.3
1790372139	thread_storm	20079	0	4.3
1790372143	stw_mt	20080	0	8.2
1790372152	stw_mt+diag	20080	0	8.0
1790372160	stw_mt+diag	20080	0	8.0
1790372168	stw_mt_hdr_tlab	20080	0	6.1
1790372174	stw_mt_hdr_tlab_nursery	20080	0	7.5
1790372082	pattern_fuzz+diag	20079	0	121.2
1790372203	churn	20080	0	0.6
1790372203	churn_hdr	20080	0	0.6
1790372204	index_grow	20080	0	24.2
1790372228	mt_prop	20080	0	1.9
1790371942	fuzz	20077	0	300.0
1790372242	thread_storm	20080	0	4.4
1790372246	stw_mt	20081	0	8.6
1790372255	stw_mt+diag	20081	0	8.7
1790372264	stw_mt+diag	20081	0	8.6
1790372272	stw_mt_hdr_tlab	20081	0	6.5
1790372279	stw_mt_hdr_tlab_nursery	20081	0	8.0
1790372181	pattern_fuzz+diag	20080	0	115.0
1790372296	churn	20081	0	0.6
1790372297	churn_hdr	20081	0	0.6
1790372297	index_grow	20081	0	19.5
1790372317	mt_prop	20081	0	1.9
1790372027	fuzz	20078	0	300.0
1790372327	thread_storm	20081	0	4.4
1790372331	stw_mt	20082	0	8.7
1790372340	stw_mt+diag	20082	0	8.7
1790372349	stw_mt+diag	20082	0	8.5
1790372357	stw_mt_hdr_tlab	20082	0	6.3
1790372363	stw_mt_hdr_tlab_nursery	20082	0	8.0
1790372287	pattern_fuzz+diag	20081	0	123.9
1790372411	churn	20082	0	0.6
1790372411	churn_hdr	20082	0	0.6
1790372412	index_grow	20082	0	20.1
1790372133	fuzz	20079	0	300.0
1790372432	mt_prop	20082	0	1.9
1790372434	thread_storm	20082	0	4.4
1790372438	stw_mt	20083	0	8.5
1790372447	stw_mt+diag	20083	0	8.5
1790372455	stw_mt+diag	20083	0	8.5
1790372464	stw_mt_hdr_tlab	20083	0	6.4
1790372470	stw_mt_hdr_tlab_nursery	20083	0	8.0
1790372372	pattern_fuzz+diag	20082	0	118.4
1790372490	churn	20083	0	0.6
1790372491	churn_hdr	20083	0	0.6
1790372491	index_grow	20083	0	24.7
1790372516	mt_prop	20083	0	2.0
1790372230	fuzz	20080	0	300.1
1790372530	thread_storm	20083	0	4.4
1790372535	stw_mt	20084	0	8.7
1790372543	stw_mt+diag	20084	0	8.7
1790372552	stw_mt+diag	20084	0	8.4
1790372560	stw_mt_hdr_tlab	20084	0	6.5
1790372567	stw_mt_hdr_tlab_nursery	20084	0	8.1
1790372478	pattern_fuzz+diag	20083	0	118.6
1790372597	churn	20084	0	0.6
1790372598	churn_hdr	20084	0	0.6
1790372319	fuzz	20081	0	300.0
1790372598	index_grow	20084	0	21.4
1790372619	mt_prop	20084	0	1.9
1790372621	thread_storm	20084	0	4.4
1790372625	stw_mt	20085	0	8.4
1790372634	stw_mt+diag	20085	0	9.0
1790372643	stw_mt+diag	20085	0	8.5
1790372651	stw_mt_hdr_tlab	20085	0	6.4
1790372657	stw_mt_hdr_tlab_nursery	20085	0	7.9
1790372575	pattern_fuzz+diag	20084	0	117.7
1790372693	churn	20085	0	0.6
1790372693	churn_hdr	20085	0	0.6
1790372694	index_grow	20085	0	22.2
1790372716	mt_prop	20085	0	1.9
1790372433	fuzz	20082	0	300.1
1790372734	thread_storm	20085	0	4.5
1790372738	stw_mt	20086	0	8.7
1790372747	stw_mt+diag	20086	0	8.5
1790372755	stw_mt+diag	20086	0	8.6
1790372764	stw_mt_hdr_tlab	20086	0	6.4
1790372770	stw_mt_hdr_tlab_nursery	20086	0	8.0
1790372665	pattern_fuzz+diag	20085	0	118.2
1790372783	churn	20086	0	0.6
1790372784	churn_hdr	20086	0	0.6
1790372785	index_grow	20086	0	4.5
1790372789	mt_prop	20086	0	1.9
1790372518	fuzz	20083	0	300.0
1790372818	thread_storm	20086	0	6.5
1790372824	stw_mt	20087	0	15.2
1790372839	stw_mt+diag	20087	0	12.8
1790372852	stw_mt+diag	20087	0	10.2
1790372862	stw_mt_hdr_tlab	20087	0	10.0
1790372872	stw_mt_hdr_tlab_nursery	20087	0	13.2
1790372778	pattern_fuzz+diag	20086	0	137.5
1790372916	churn	20087	0	0.6
1790372916	churn_hdr	20087	0	0.6
1790372619	fuzz	20084	0	300.0
1790372920	mt_prop	20087	0	1.9
1790372917	index_grow	20087	0	20.6
1790372937	thread_storm	20087	0	4.5
1790372942	stw_mt	20088	0	8.6
1790372951	stw_mt+diag	20088	0	8.5
1790372959	stw_mt+diag	20088	0	8.7
1790372968	stw_mt_hdr_tlab	20088	0	7.7
1790372975	stw_mt_hdr_tlab_nursery	20088	0	10.1
1790372886	pattern_fuzz+diag	20087	0	126.3
1790373012	churn	20088	0	1.1
1790373013	churn_hdr	20088	0	1.2
1790373014	index_grow	20088	0	1.6
1790372718	fuzz	20085	0	300.0
1790373016	mt_prop	20088	0	2.2
1790373018	thread_storm	20088	0	6.4
1790373024	stw_mt	20089	0	11.8
1790373036	stw_mt+diag	20089	0	11.7
1790373048	stw_mt+diag	20089	0	15.1
1790373063	stw_mt_hdr_tlab	20089	0	10.7
1790373074	stw_mt_hdr_tlab_nursery	20089	0	9.8
1790372791	fuzz	20086	0	300.0
1790373091	churn	20089	0	0.6
1790373092	churn_hdr	20089	0	0.6
1790373092	index_grow	20089	0	26.4
1790373119	mt_prop	20089	0	1.9
1790372986	pattern_fuzz+diag	20088	0	135.5
1790373121	thread_storm	20089	0	4.5
1790373125	stw_mt	20090	0	8.4
1790373134	stw_mt+diag	20090	0	8.6
1790373143	stw_mt+diag	20090	0	8.6
1790373151	stw_mt_hdr_tlab	20090	0	6.4
1790373157	stw_mt_hdr_tlab_nursery	20090	0	7.9
1790373084	pattern_fuzz+diag	20089	0	118.7
1790373202	churn	20090	0	0.6
1790373203	churn_hdr	20090	0	0.6
1790372921	fuzz	20087	0	300.0
1790373221	mt_prop	20090	0	1.9
1790373203	index_grow	20090	0	21.3
1790373225	thread_storm	20090	0	4.4
1790373229	stw_mt	20091	0	8.6
1790373238	stw_mt+diag	20091	0	8.7
1790373246	stw_mt+diag	20091	0	8.7
1790373255	stw_mt_hdr_tlab	20091	0	6.4
1790373262	stw_mt_hdr_tlab_nursery	20091	0	8.1
1790373165	pattern_fuzz+diag	20090	0	117.4
1790373283	churn	20091	0	0.6
1790373283	churn_hdr	20091	0	0.6
1790373284	index_grow	20091	0	23.9
1790373308	mt_prop	20091	0	1.9
1790373018	fuzz	20088	0	300.1
1790373318	thread_storm	20091	0	4.5
1790373323	stw_mt	20092	0	8.8
1790373331	stw_mt+diag	20092	0	8.7
1790373340	stw_mt+diag	20092	0	8.4
1790373348	stw_mt_hdr_tlab	20092	0	6.5
1790373355	stw_mt_hdr_tlab_nursery	20092	0	8.4
1790373270	pattern_fuzz+diag	20091	0	119.3
1790373389	churn	20092	0	0.6
1790373390	churn_hdr	20092	0	0.6
1790373390	index_grow	20092	0	24.0
1790373414	mt_prop	20092	0	1.9
1790373121	fuzz	20089	0	300.0
1790373421	thread_storm	20092	0	4.4
1790373425	stw_mt	20093	0	8.3
1790373434	stw_mt+diag	20093	0	8.7
1790373442	stw_mt+diag	20093	0	8.5
1790373451	stw_mt_hdr_tlab	20093	0	6.5
1790373457	stw_mt_hdr_tlab_nursery	20093	0	8.3
1790373363	pattern_fuzz+diag	20092	0	119.2
1790373483	churn	20093	0	0.6
1790373483	churn_hdr	20093	0	0.6
1790373484	index_grow	20093	0	21.8
1790373506	mt_prop	20093	0	1.9
1790373223	fuzz	20090	0	300.0
1790373523	thread_storm	20093	0	4.5
1790373528	stw_mt	20094	0	8.5
1790373536	stw_mt+diag	20094	0	8.5
1790373545	stw_mt+diag	20094	0	8.5
1790373553	stw_mt_hdr_tlab	20094	0	6.4
1790373560	stw_mt_hdr_tlab_nursery	20094	0	7.9
1790373466	pattern_fuzz+diag	20093	0	120.1
1790373586	churn	20094	0	0.6
1790373586	churn_hdr	20094	0	0.6
1790373310	fuzz	20091	0	300.0
1790373587	index_grow	20094	0	23.7
1790373610	mt_prop	20094	0	1.9
1790373612	thread_storm	20094	0	4.5
1790373616	stw_mt	20095	0	8.6
1790373625	stw_mt+diag	20095	0	8.6
1790373633	stw_mt+diag	20095	0	8.4
1790373642	stw_mt_hdr_tlab	20095	0	6.5
1790373648	stw_mt_hdr_tlab_nursery	20095	0	8.1
1790373568	pattern_fuzz+diag	20094	0	118.4
1790373686	churn	20095	0	0.6
1790373687	churn_hdr	20095	0	0.6
1790373688	index_grow	20095	0	23.4
1790373711	mt_prop	20095	0	1.9
1790373416	fuzz	20092	0	300.0
1790373716	thread_storm	20095	0	4.4
1790373721	stw_mt	20096	0	8.7
1790373729	stw_mt+diag	20096	0	8.4
1790373738	stw_mt+diag	20096	0	8.7
1790373746	stw_mt_hdr_tlab	20096	0	6.6
1790373753	stw_mt_hdr_tlab_nursery	20096	0	8.0
1790373656	pattern_fuzz+diag	20095	0	118.6
1790373775	churn	20096	0	0.6
1790373776	churn_hdr	20096	0	0.6
1790373776	index_grow	20096	0	21.0
1790373797	mt_prop	20096	0	1.9
1790373507	fuzz	20093	0	300.0
1790373808	thread_storm	20096	0	4.5
1790373812	stw_mt	20097	0	8.7
1790373821	stw_mt+diag	20097	0	8.4
1790373829	stw_mt+diag	20097	0	8.6
1790373838	stw_mt_hdr_tlab	20097	0	6.4
1790373844	stw_mt_hdr_tlab_nursery	20097	0	8.0
1790373761	pattern_fuzz+diag	20096	0	118.4
1790373879	churn	20097	0	0.6
1790373880	churn_hdr	20097	0	0.6
1790373881	index_grow	20097	0	23.1
1790373904	mt_prop	20097	0	1.9
1790373611	fuzz	20094	0	300.0
1790373911	thread_storm	20097	0	4.4
1790373915	stw_mt	20098	0	8.5
1790373924	stw_mt+diag	20098	0	8.6
1790373932	stw_mt+diag	20098	0	8.5
1790373941	stw_mt_hdr_tlab	20098	0	6.4
1790373947	stw_mt_hdr_tlab_nursery	20098	0	8.3
1790373852	pattern_fuzz+diag	20097	0	117.4
1790373969	churn	20098	0	0.6
1790373970	churn_hdr	20098	0	0.6
1790373971	index_grow	20098	0	23.3
1790373994	mt_prop	20098	0	1.9
1790373713	fuzz	20095	0	300.0
1790374013	thread_storm	20098	0	4.2
1790374017	stw_mt	20099	0	7.9
1790374025	stw_mt+diag	20099	0	7.8
1790374033	stw_mt+diag	20099	0	8.0
1790374041	stw_mt_hdr_tlab	20099	0	5.9
1790374047	stw_mt_hdr_tlab_nursery	20099	0	7.3
1790373955	pattern_fuzz+diag	20098	0	115.4
1790374071	churn	20099	0	0.6
1790374071	churn_hdr	20099	0	0.6
1790374072	index_grow	20099	0	26.3
1790373799	fuzz	20096	0	300.0
1790374098	mt_prop	20099	0	1.9
1790374100	thread_storm	20099	0	4.7
1790374105	stw_mt	20100	0	8.2
1790374113	stw_mt+diag	20100	0	8.4
1790374122	stw_mt+diag	20100	0	8.3
1790374130	stw_mt_hdr_tlab	20100	0	6.7
1790374137	stw_mt_hdr_tlab_nursery	20100	0	8.3
1790374054	pattern_fuzz+diag	20099	0	114.3
1790374168	churn	20100	0	0.6
1790374169	churn_hdr	20100	0	0.6
1790374169	index_grow	20100	0	20.8
1790374190	mt_prop	20100	0	1.9
1790373906	fuzz	20097	0	300.0
1790374206	thread_storm	20100	0	4.7
1790374210	stw_mt	20101	0	8.9
1790374219	stw_mt+diag	20101	0	7.8
1790374227	stw_mt+diag	20101	0	7.8
1790374235	stw_mt_hdr_tlab	20101	0	6.6
1790374242	stw_mt_hdr_tlab_nursery	20101	0	8.8
1790374145	pattern_fuzz+diag	20100	0	117.2
1790374262	churn	20101	0	0.6
1790374263	churn_hdr	20101	0	0.6
1790374263	index_grow	20101	0	18.2
1790374281	mt_prop	20101	0	1.9
1790373996	fuzz	20098	0	300.0
1790374296	thread_storm	20101	0	4.6
1790374301	stw_mt	20102	0	9.5
1790374310	stw_mt+diag	20102	0	9.5
1790374319	stw_mt+diag	20102	0	9.8
1790374329	stw_mt_hdr_tlab	20102	0	6.9
1790374336	stw_mt_hdr_tlab_nursery	20102	0	8.6
1790374250	pattern_fuzz+diag	20101	0	121.5
1790374372	churn	20102	0	0.6
1790374372	churn_hdr	20102	0	0.6
1790374373	index_grow	20102	0	17.2
1790374390	mt_prop	20102	0	1.9
1790374099	fuzz	20099	0	300.0
1790374399	thread_storm	20102	0	4.1
1790374403	stw_mt	20103	0	8.0
1790374411	stw_mt+diag	20103	0	9.4
1790374421	stw_mt+diag	20103	0	9.6
1790374430	stw_mt_hdr_tlab	20103	0	7.1
1790374437	stw_mt_hdr_tlab_nursery	20103	0	8.5
1790374345	pattern_fuzz+diag	20102	0	119.6
1790374464	churn	20103	0	0.7
1790374465	churn_hdr	20103	0	0.7
1790374466	index_grow	20103	0	12.2
1790374478	mt_prop	20103	0	1.9
1790374192	fuzz	20100	0	300.0
1790374492	thread_storm	20103	0	4.3
1790374496	stw_mt	20104	0	8.3
1790374505	stw_mt+diag	20104	0	8.1
1790374513	stw_mt+diag	20104	0	9.0
1790374522	stw_mt_hdr_tlab	20104	0	7.1
1790374529	stw_mt_hdr_tlab_nursery	20104	0	9.1
1790374446	pattern_fuzz+diag	20103	0	122.9
1790374569	churn	20104	0	0.6
1790374569	churn_hdr	20104	0	0.6
1790374283	fuzz	20101	0	300.0
1790374583	mt_prop	20104	0	1.9
1790374570	index_grow	20104	0	24.6
1790374594	thread_storm	20104	0	4.4
1790374599	stw_mt	20105	0	8.1
1790374607	stw_mt+diag	20105	0	7.9
1790374615	stw_mt+diag	20105	0	8.0
1790374623	stw_mt_hdr_tlab	20105	0	6.8
1790374630	stw_mt_hdr_tlab_nursery	20105	0	9.1
1790374538	pattern_fuzz+diag	20104	0	118.3
1790374656	churn	20105	0	0.7
1790374657	churn_hdr	20105	0	0.7
1790374658	index_grow	20105	0	26.4
1790374684	mt_prop	20105	0	1.9
1790374392	fuzz	20102	0	300.0
1790374692	thread_storm	20105	0	4.8
1790374697	stw_mt	20106	0	9.6
1790374707	stw_mt+diag	20106	0	7.8
1790374714	stw_mt+diag	20106	0	7.8
1790374722	stw_mt_hdr_tlab	20106	0	5.9
1790374728	stw_mt_hdr_tlab_nursery	20106	0	8.1
1790374639	pattern_fuzz+diag	20105	0	117.8
1790374757	churn	20106	0	0.6
1790374757	churn_hdr	20106	0	0.6
1790374758	index_grow	20106	0	19.6
1790374777	mt_prop	20106	0	1.9
1790374480	fuzz	20103	0	300.0
1790374780	thread_storm	20106	0	4.7
1790374785	stw_mt	20107	0	10.4
1790374795	stw_mt+diag	20107	0	9.3
1790374804	stw_mt+diag	20107	0	7.9
1790374812	stw_mt_hdr_tlab	20107	0	13.7
1790374826	stw_mt_hdr_tlab_nursery	20107	0	8.8
1790374736	pattern_fuzz+diag	20106	0	118.7
1790374855	churn	20107	0	0.6
1790374855	churn_hdr	20107	0	0.7
1790374856	index_grow	20107	0	12.6
1790374869	mt_prop	20107	0	1.9
1790374585	fuzz	20104	0	300.0
1790374885	thread_storm	20107	0	4.7
1790374890	stw_mt	20108	0	9.6
1790374899	stw_mt+diag	20108	0	9.6
1790374909	stw_mt+diag	20108	0	9.1
1790374918	stw_mt_hdr_tlab	20108	0	5.9
1790374924	stw_mt_hdr_tlab_nursery	20108	0	7.3
1790374835	pattern_fuzz+diag	20107	0	120.2
1790374955	churn	20108	0	0.6
1790374956	churn_hdr	20108	0	0.6
1790374956	index_grow	20108	0	24.8
1790374981	mt_prop	20108	0	1.9
1790374686	fuzz	20105	0	300.0
1790374986	thread_storm	20108	0	4.3
1790374990	stw_mt	20109	0	9.1
1790374999	stw_mt+diag	20109	0	9.5
1790375009	stw_mt+diag	20109	0	9.4
1790375018	stw_mt_hdr_tlab	20109	0	7.1
1790375025	stw_mt_hdr_tlab_nursery	20109	0	8.6
1790374931	pattern_fuzz+diag	20108	0	119.1
1790375050	churn	20109	0	0.7
1790375051	churn_hdr	20109	0	0.8
1790375052	index_grow	20109	0	14.8
1790375067	mt_prop	20109	0	1.9
1790374779	fuzz	20106	0	300.0
1790375079	thread_storm	20109	0	4.7
1790375084	stw_mt	20110	0	9.5
1790375093	stw_mt+diag	20110	0	9.6
1790375103	stw_mt+diag	20110	0	9.6
1790375113	stw_mt_hdr_tlab	20110	0	6.3
1790375119	stw_mt_hdr_tlab_nursery	20110	0	7.3
1790375034	pattern_fuzz+diag	20109	0	119.4
1790375154	churn	20110	0	0.6
1790375154	churn_hdr	20110	0	0.6
1790374871	fuzz	20107	0	300.0
1790375171	mt_prop	20110	0	1.9
1790375155	index_grow	20110	0	23.8
1790375178	thread_storm	20110	0	4.4
1790375183	stw_mt	20111	0	8.2
1790375191	stw_mt+diag	20111	0	8.4
1790375199	stw_mt+diag	20111	0	8.2
1790375208	stw_mt_hdr_tlab	20111	0	6.2
1790375214	stw_mt_hdr_tlab_nursery	20111	0	7.7
1790375126	pattern_fuzz+diag	20110	0	114.4
1790375241	churn	20111	0	0.7
1790375241	churn_hdr	20111	0	0.7
1790375242	index_grow	20111	0	17.1
1790375259	mt_prop	20111	0	2.0
1790374983	fuzz	20108	0	300.0
1790375283	thread_storm	20111	0	4.6
1790375288	stw_mt	20112	0	9.4
1790375297	stw_mt+diag	20112	0	9.3
1790375306	stw_mt+diag	20112	0	9.3
1790375316	stw_mt_hdr_tlab	20112	0	7.1
1790375323	stw_mt_hdr_tlab_nursery	20112	0	7.6
1790375221	pattern_fuzz+diag	20111	0	119.8
1790375341	churn	20112	0	0.6
1790375342	churn_hdr	20112	0	0.7
1790375343	index_grow	20112	0	25.2
1790375069	fuzz	20109	0	300.0
1790375368	mt_prop	20112	0	1.9
1790375370	thread_storm	20112	0	4.4
1790375374	stw_mt	20113	0	8.3
1790375382	stw_mt+diag	20113	0	8.2
1790375391	stw_mt+diag	20113	0	8.3
1790375399	stw_mt_hdr_tlab	20113	0	6.7
1790375406	stw_mt_hdr_tlab_nursery	20113	0	8.4
1790375330	pattern_fuzz+diag	20112	0	118.1
1790375448	churn	20113	0	0.7
1790375449	churn_hdr	20113	0	0.6
1790375450	index_grow	20113	0	22.6
1790375173	fuzz	20110	0	300.0
1790375472	mt_prop	20113	0	1.9
1790375474	thread_storm	20113	0	4.4
1790375479	stw_mt	20114	0	8.3
1790375487	stw_mt+diag	20114	0	8.3
1790375495	stw_mt+diag	20114	0	8.3
1790375503	stw_mt_hdr_tlab	20114	0	6.3
1790375510	stw_mt_hdr_tlab_nursery	20114	0	7.7
1790375414	pattern_fuzz+diag	20113	0	117.9
1790375532	churn	20114	0	0.7
1790375533	churn_hdr	20114	0	0.7
1790375533	index_grow	20114	0	20.1
1790375553	mt_prop	20114	0	1.9
1790375261	fuzz	20111	0	300.0
1790375561	thread_storm	20114	0	4.5
1790375566	stw_mt	20115	0	7.8
1790375573	stw_mt+diag	20115	0	7.9
1790375581	stw_mt+diag	20115	0	7.8
1790375589	stw_mt_hdr_tlab	20115	0	6.4
1790375596	stw_mt_hdr_tlab_nursery	20115	0	7.3
1790375517	pattern_fuzz+diag	20114	0	116.2
1790375634	churn	20115	0	0.6
1790375634	churn_hdr	20115	0	0.6
1790375635	index_grow	20115	0	24.1
1790375659	mt_prop	20115	0	1.9
1790375369	fuzz	20112	0	300.1
1790375669	thread_storm	20115	0	4.3
1790375673	stw_mt	20116	0	8.2
1790375681	stw_mt+diag	20116	0	8.4
1790375690	stw_mt+diag	20116	0	9.2
1790375699	stw_mt_hdr_tlab	20116	0	7.0
1790375706	stw_mt_hdr_tlab_nursery	20116	0	7.6
1790375603	pattern_fuzz+diag	20115	0	114.8
1790375718	churn	20116	0	0.6
1790375718	churn_hdr	20116	0	0.6
1790375719	index_grow	20116	0	25.6
1790375744	mt_prop	20116	0	1.9
1790375473	fuzz	20113	0	300.0
1790375773	thread_storm	20116	0	4.2
1790375777	stw_mt	20117	0	7.9
1790375785	stw_mt+diag	20117	0	7.8
1790375793	stw_mt+diag	20117	0	7.8
1790375800	stw_mt_hdr_tlab	20117	0	5.8
1790375806	stw_mt_hdr_tlab_nursery	20117	0	7.3
1790375714	pattern_fuzz+diag	20116	0	113.1
1790375827	churn	20117	0	0.6
1790375827	churn_hdr	20117	0	0.6
1790375828	index_grow	20117	0	24.5
1790375852	mt_prop	20117	0	1.9
1790375555	fuzz	20114	0	300.0
1790375855	thread_storm	20117	0	4.2
1790375859	stw_mt	20118	0	7.8
1790375867	stw_mt+diag	20118	0	7.8
1790375875	stw_mt+diag	20118	0	7.8
1790375883	stw_mt_hdr_tlab	20118	0	6.0
1790375889	stw_mt_hdr_tlab_nursery	20118	0	7.3
1790375813	pattern_fuzz+diag	20117	0	112.0
1790375925	churn	20118	0	0.6
1790375926	churn_hdr	20118	0	0.6
1790375927	index_grow	20118	0	25.2
1790375952	mt_prop	20118	0	1.9
1790375661	fuzz	20115	0	300.0
1790375961	thread_storm	20118	0	4.2
1790375965	stw_mt	20119	0	7.9
1790375973	stw_mt+diag	20119	0	7.9
1790375981	stw_mt+diag	20119	0	7.7
1790375989	stw_mt_hdr_tlab	20119	0	5.9
1790375995	stw_mt_hdr_tlab_nursery	20119	0	7.2
1790375896	pattern_fuzz+diag	20118	0	111.8
1790376008	churn	20119	0	0.6
1790376009	churn_hdr	20119	0	0.6
1790376009	index_grow	20119	0	27.9
1790376037	mt_prop	20119	0	1.9
1790375746	fuzz	20116	0	300.1
1790376046	thread_storm	20119	0	4.2
1790376051	stw_mt	20120	0	7.8
1790376058	stw_mt+diag	20120	0	7.8
1790376066	stw_mt+diag	20120	0	7.9
1790376074	stw_mt_hdr_tlab	20120	0	5.9
1790376080	stw_mt_hdr_tlab_nursery	20120	0	7.3
1790376002	pattern_fuzz+diag	20119	0	112.8
1790376115	churn	20120	0	0.6
1790376115	churn_hdr	20120	0	0.6
1790376116	index_grow	20120	0	24.1
1790376140	mt_prop	20120	0	1.9
1790375854	fuzz	20117	0	300.1
1790376154	thread_storm	20120	0	4.2
1790376158	stw_mt	20121	0	7.8
1790376166	stw_mt+diag	20121	0	7.8
1790376174	stw_mt+diag	20121	0	7.9
1790376182	stw_mt_hdr_tlab	20121	0	5.9
1790376188	stw_mt_hdr_tlab_nursery	20121	0	7.3
1790376087	pattern_fuzz+diag	20120	0	112.3
1790376200	churn	20121	0	0.6
1790376200	churn_hdr	20121	0	0.6
1790376201	index_grow	20121	0	26.6
1790376227	mt_prop	20121	0	1.9
1790375954	fuzz	20118	0	300.1
1790376254	thread_storm	20121	0	4.2
1790376258	stw_mt	20122	0	7.8
1790376266	stw_mt+diag	20122	0	7.8
1790376273	stw_mt+diag	20122	0	7.8
1790376281	stw_mt_hdr_tlab	20122	0	5.8
1790376287	stw_mt_hdr_tlab_nursery	20122	0	7.2
1790376195	pattern_fuzz+diag	20121	0	112.0
1790376307	churn	20122	0	0.6
1790376308	churn_hdr	20122	0	0.6
1790376308	index_grow	20122	0	25.0
1790376333	mt_prop	20122	0	1.9
1790376039	fuzz	20119	0	300.1
1790376339	thread_storm	20122	0	4.2
1790376343	stw_mt	20123	0	7.9
1790376351	stw_mt+diag	20123	0	7.8
1790376359	stw_mt+diag	20123	0	7.9
1790376367	stw_mt_hdr_tlab	20123	0	5.9
1790376373	stw_mt_hdr_tlab_nursery	20123	0	7.3
1790376294	pattern_fuzz+diag	20122	0	111.3
1790376406	churn	20123	0	0.6
1790376406	churn_hdr	20123	0	0.6
1790376407	index_grow	20123	0	25.1
1790376432	mt_prop	20123	0	1.9
1790376142	fuzz	20120	0	300.0
1790376442	thread_storm	20123	0	4.2
1790376446	stw_mt	20124	0	7.9
1790376454	stw_mt+diag	20124	0	7.8
1790376462	stw_mt+diag	20124	0	7.8
1790376470	stw_mt_hdr_tlab	20124	0	5.9
1790376475	stw_mt_hdr_tlab_nursery	20124	0	7.3
1790376380	pattern_fuzz+diag	20123	0	112.0
1790376492	churn	20124	0	0.6
1790376493	churn_hdr	20124	0	0.6
1790376493	index_grow	20124	0	25.6
1790376519	mt_prop	20124	0	1.9
1790376229	fuzz	20121	0	300.0
1790376529	thread_storm	20124	0	4.2
1790376533	stw_mt	20125	0	7.8
1790376541	stw_mt+diag	20125	0	7.9
1790376549	stw_mt+diag	20125	0	7.8
1790376557	stw_mt_hdr_tlab	20125	0	5.9
1790376563	stw_mt_hdr_tlab_nursery	20125	0	7.3
1790376483	pattern_fuzz+diag	20124	0	111.9
1790376595	churn	20125	0	0.6
1790376595	churn_hdr	20125	0	0.6
1790376596	index_grow	20125	0	23.5
1790376619	mt_prop	20125	0	1.9
1790376335	fuzz	20122	0	300.1
1790376635	thread_storm	20125	0	4.2
1790376639	stw_mt	20126	0	7.9
1790376647	stw_mt+diag	20126	0	7.9
1790376655	stw_mt+diag	20126	0	7.9
1790376663	stw_mt_hdr_tlab	20126	0	5.9
1790376669	stw_mt_hdr_tlab_nursery	20126	0	7.3
1790376570	pattern_fuzz+diag	20125	0	111.9
1790376682	churn	20126	0	0.6
1790376682	churn_hdr	20126	0	0.6
1790376683	index_grow	20126	0	26.6
1790376710	mt_prop	20126	0	1.9
1790376434	fuzz	20123	0	300.0
1790376734	thread_storm	20126	0	4.2
1790376738	stw_mt	20127	0	7.9
1790376746	stw_mt+diag	20127	0	7.8
1790376754	stw_mt+diag	20127	0	8.2
1790376762	stw_mt_hdr_tlab	20127	0	6.0
1790376768	stw_mt_hdr_tlab_nursery	20127	0	7.3
1790376676	pattern_fuzz+diag	20126	0	111.5
1790376788	churn	20127	0	0.6
1790376788	churn_hdr	20127	0	0.6
1790376789	index_grow	20127	0	26.4
1790376815	mt_prop	20127	0	1.9
1790376521	fuzz	20124	0	300.0
1790376821	thread_storm	20127	0	4.2
1790376825	stw_mt	20128	0	7.8
1790376833	stw_mt+diag	20128	0	7.9
1790376841	stw_mt+diag	20128	0	9.0
1790376850	stw_mt_hdr_tlab	20128	0	7.1
1790376857	stw_mt_hdr_tlab_nursery	20128	0	7.4
1790376775	pattern_fuzz+diag	20127	0	113.0
1790376888	churn	20128	0	0.7
1790376889	churn_hdr	20128	0	0.6
1790376889	index_grow	20128	0	21.1
1790376911	mt_prop	20128	0	1.9
1790376621	fuzz	20125	0	300.0
1790376921	thread_storm	20128	0	4.1
1790376925	stw_mt	20129	0	7.9
1790376933	stw_mt+diag	20129	0	7.8
1790376941	stw_mt+diag	20129	0	7.8
1790376949	stw_mt_hdr_tlab	20129	0	5.9
1790376955	stw_mt_hdr_tlab_nursery	20129	0	7.3
1790376864	pattern_fuzz+diag	20128	0	111.4
1790376975	churn	20129	0	0.6
1790376976	churn_hdr	20129	0	0.6
1790376977	index_grow	20129	0	24.9
1790377001	mt_prop	20129	0	1.9
1790376711	fuzz	20126	0	300.0
1790377012	thread_storm	20129	0	4.4
1790377016	stw_mt	20130	0	8.6
1790377025	stw_mt+diag	20130	0	9.4
1790377034	stw_mt+diag	20130	0	9.3
1790377043	stw_mt_hdr_tlab	20130	0	6.9
1790377050	stw_mt_hdr_tlab_nursery	20130	0	8.6
1790376962	pattern_fuzz+diag	20129	0	117.6
1790377080	churn	20130	0	0.7
1790377080	churn_hdr	20130	0	0.6
1790377081	index_grow	20130	0	17.2
1790377098	mt_prop	20130	0	1.9
1790376817	fuzz	20127	0	300.1
1790377117	thread_storm	20130	0	4.6
1790377122	stw_mt	20131	0	9.3
1790377131	stw_mt+diag	20131	0	9.4
1790377140	stw_mt+diag	20131	0	9.3
1790377150	stw_mt_hdr_tlab	20131	0	7.1
1790377157	stw_mt_hdr_tlab_nursery	20131	0	8.3
1790377059	pattern_fuzz+diag	20130	0	122.7
1790377181	churn	20131	0	0.7
1790377182	churn_hdr	20131	0	0.7
1790377183	index_grow	20131	0	13.6
1790377196	mt_prop	20131	0	1.9
1790376913	fuzz	20128	0	300.0
1790377213	thread_storm	20131	0	4.6
1790377217	stw_mt	20132	0	9.4
1790377227	stw_mt+diag	20132	0	9.7
1790377236	stw_mt+diag	20132	0	9.1
1790377245	stw_mt_hdr_tlab	20132	0	7.1
1790377253	stw_mt_hdr_tlab_nursery	20132	0	8.9
1790377165	pattern_fuzz+diag	20131	0	121.8
1790377287	churn	20132	0	0.6
1790377288	churn_hdr	20132	0	0.6
1790377003	fuzz	20129	0	300.0
1790377303	mt_prop	20132	0	1.9
1790377288	index_grow	20132	0	25.2
1790377313	thread_storm	20132	0	4.1
1790377318	stw_mt	20133	0	7.8
1790377325	stw_mt+diag	20133	0	7.8
1790377333	stw_mt+diag	20133	0	9.1
1790377342	stw_mt_hdr_tlab	20133	0	6.4
1790377349	stw_mt_hdr_tlab_nursery	20133	0	7.6
1790377261	pattern_fuzz+diag	20132	0	114.9
1790377376	churn	20133	0	0.6
1790377377	churn_hdr	20133	0	0.7
1790377378	index_grow	20133	0	3.2
1790377381	mt_prop	20133	0	1.9
1790377100	fuzz	20130	0	300.0
1790377400	thread_storm	20133	0	4.7
1790377405	stw_mt	20134	0	8.1
1790377413	stw_mt+diag	20134	0	8.5
1790377421	stw_mt+diag	20134	0	8.0
1790377429	stw_mt_hdr_tlab	20134	0	5.9
1790377435	stw_mt_hdr_tlab_nursery	20134	0	15.0
1790377356	pattern_fuzz+diag	20133	0	118.8
1790377475	churn	20134	0	0.7
1790377476	churn_hdr	20134	0	0.6
1790377476	index_grow	20134	0	12.5
1790377489	mt_prop	20134	0	1.9
1790377198	fuzz	20131	0	300.0
1790377498	thread_storm	20134	0	4.7
1790377503	stw_mt	20135	0	9.7
1790377513	stw_mt+diag	20135	0	9.6
1790377522	stw_mt+diag	20135	0	9.6
1790377532	stw_mt_hdr_tlab	20135	0	6.9
1790377539	stw_mt_hdr_tlab_nursery	20135	0	8.7
1790377450	pattern_fuzz+diag	20134	0	124.5
1790377575	churn	20135	0	0.6
1790377575	churn_hdr	20135	0	0.6
1790377576	index_grow	20135	0	14.1
1790377590	mt_prop	20135	0	1.9
1790377305	fuzz	20132	0	300.0
1790377605	thread_storm	20135	0	4.4
1790377610	stw_mt	20136	0	8.5
1790377618	stw_mt+diag	20136	0	8.2
1790377626	stw_mt+diag	20136	0	7.8
1790377634	stw_mt_hdr_tlab	20136	0	6.1
1790377640	stw_mt_hdr_tlab_nursery	20136	0	7.3
1790377548	pattern_fuzz+diag	20135	0	119.5
1790377667	churn	20136	0	0.6
1790377668	churn_hdr	20136	0	0.6
1790377383	fuzz	20133	0	300.0
1790377683	mt_prop	20136	0	1.9
1790377668	index_grow	20136	0	26.6
1790377695	thread_storm	20136	0	4.2
1790377699	stw_mt	20137	0	8.0
1790377707	stw_mt+diag	20137	0	8.0
1790377715	stw_mt+diag	20137	0	7.7
1790377723	stw_mt_hdr_tlab	20137	0	5.9
1790377729	stw_mt_hdr_tlab_nursery	20137	0	7.3
1790377648	pattern_fuzz+diag	20136	0	111.7
1790377759	churn	20137	0	0.6
1790377760	churn_hdr	20137	0	0.6
1790377760	index_grow	20137	0	25.1
1790377786	mt_prop	20137	0	1.9
1790377491	fuzz	20134	0	300.0
1790377791	thread_storm	20137	0	4.1
1790377795	stw_mt	20138	0	7.8
1790377803	stw_mt+diag	20138	0	7.8
1790377810	stw_mt+diag	20138	0	8.0
1790377818	stw_mt_hdr_tlab	20138	0	5.8
1790377824	stw_mt_hdr_tlab_nursery	20138	0	7.3
1790377736	pattern_fuzz+diag	20137	0	113.1
1790377849	churn	20138	0	0.6
1790377850	churn_hdr	20138	0	0.6
1790377850	index_grow	20138	0	25.4
1790377876	mt_prop	20138	0	1.9
1790377592	fuzz	20135	0	300.0
1790377892	thread_storm	20138	0	4.1
1790377896	stw_mt	20139	0	7.8
1790377904	stw_mt+diag	20139	0	7.8
1790377912	stw_mt+diag	20139	0	7.8
1790377919	stw_mt_hdr_tlab	20139	0	5.9
1790377925	stw_mt_hdr_tlab_nursery	20139	0	7.3
1790377832	pattern_fuzz+diag	20138	0	112.6
1790377944	churn	20139	0	0.6
1790377945	churn_hdr	20139	0	0.6
1790377945	index_grow	20139	0	25.7
1790377971	mt_prop	20139	0	1.9
1790377685	fuzz	20136	0	300.0
1790377985	thread_storm	20139	0	4.2
1790377989	stw_mt	20140	0	7.9
1790377997	stw_mt+diag	20140	0	7.9
1790378005	stw_mt+diag	20140	0	7.9
1790378013	stw_mt_hdr_tlab	20140	0	5.9
1790378019	stw_mt_hdr_tlab_nursery	20140	0	7.3
1790377933	pattern_fuzz+diag	20139	0	111.6
1790378044	churn	20140	0	0.6
1790378045	churn_hdr	20140	0	0.6
1790378045	index_grow	20140	0	24.5
1790378070	mt_prop	20140	0	1.9
1790377787	fuzz	20137	0	300.0
1790378087	thread_storm	20140	0	4.1
1790378092	stw_mt	20141	0	7.8
1790378099	stw_mt+diag	20141	0	7.8
1790378107	stw_mt+diag	20141	0	7.8
1790378115	stw_mt_hdr_tlab	20141	0	5.9
1790378121	stw_mt_hdr_tlab_nursery	20141	0	7.4
1790378026	pattern_fuzz+diag	20140	0	112.5
1790378138	churn	20141	0	0.6
1790378139	churn_hdr	20141	0	0.6
1790378140	index_grow	20141	0	26.4
1790378166	mt_prop	20141	0	1.9
1790377877	fuzz	20138	0	300.0
1790378178	thread_storm	20141	0	4.2
1790378182	stw_mt	20142	0	8.0
1790378190	stw_mt+diag	20142	0	7.7
1790378197	stw_mt+diag	20142	0	7.9
1790378205	stw_mt_hdr_tlab	20142	0	5.9
1790378211	stw_mt_hdr_tlab_nursery	20142	0	7.4
1790378128	pattern_fuzz+diag	20141	0	111.6
1790378240	churn	20142	0	0.6
1790378241	churn_hdr	20142	0	0.6
1790378241	index_grow	20142	0	27.4
1790378269	mt_prop	20142	0	1.9
1790377973	fuzz	20139	0	300.0
1790378273	thread_storm	20142	0	4.2
1790378277	stw_mt	20143	0	7.8
1790378285	stw_mt+diag	20143	0	7.8
1790378293	stw_mt+diag	20143	0	7.9
1790378301	stw_mt_hdr_tlab	20143	0	5.9
1790378306	stw_mt_hdr_tlab_nursery	20143	0	7.3
1790378219	pattern_fuzz+diag	20142	0	111.5
1790378330	churn	20143	0	0.6
1790378331	churn_hdr	20143	0	0.6
1790378331	index_grow	20143	0	25.5
1790378357	mt_prop	20143	0	1.9
1790378072	fuzz	20140	0	300.0
1790378372	thread_storm	20143	0	4.2
1790378376	stw_mt	20144	0	7.9
1790378384	stw_mt+diag	20144	0	7.8
1790378392	stw_mt+diag	20144	0	7.7
1790378399	stw_mt_hdr_tlab	20144	0	5.9
1790378405	stw_mt_hdr_tlab_nursery	20144	0	7.4
1790378314	pattern_fuzz+diag	20143	0	112.5
1790378426	churn	20144	0	0.6
1790378427	churn_hdr	20144	0	0.6
1790378427	index_grow	20144	0	26.9
1790378454	mt_prop	20144	0	1.9
1790378168	fuzz	20141	0	300.0
1790378468	thread_storm	20144	0	4.2
1790378472	stw_mt	20145	0	7.8
1790378480	stw_mt+diag	20145	0	7.9
1790378488	stw_mt+diag	20145	0	7.8
1790378496	stw_mt_hdr_tlab	20145	0	5.9
1790378502	stw_mt_hdr_tlab_nursery	20145	0	7.2
1790378413	pattern_fuzz+diag	20144	0	112.4
1790378525	churn	20145	0	0.6
1790378526	churn_hdr	20145	0	0.6
1790378526	index_grow	20145	0	25.7
1790378552	mt_prop	20145	0	1.9
1790378270	fuzz	20142	0	300.0
1790378570	thread_storm	20145	0	4.1
1790378575	stw_mt	20146	0	7.8
1790378582	stw_mt+diag	20146	0	7.9
1790378590	stw_mt+diag	20146	0	7.8
1790378598	stw_mt_hdr_tlab	20146	0	5.8
1790378604	stw_mt_hdr_tlab_nursery	20146	0	7.3
1790378509	pattern_fuzz+diag	20145	0	111.8
1790378621	churn	20146	0	0.6
1790378621	churn_hdr	20146	0	0.6
1790378622	index_grow	20146	0	26.5
1790378648	mt_prop	20146	0	1.9
1790378359	fuzz	20143	0	300.0
1790378659	thread_storm	20146	0	4.1
1790378663	stw_mt	20147	0	7.8
1790378671	stw_mt+diag	20147	0	7.8
1790378678	stw_mt+diag	20147	0	7.8
1790378686	stw_mt_hdr_tlab	20147	0	6.0
1790378692	stw_mt_hdr_tlab_nursery	20147	0	7.3
1790378611	pattern_fuzz+diag	20146	0	111.3
1790378723	churn	20147	0	0.6
1790378723	churn_hdr	20147	0	0.6
1790378724	index_grow	20147	0	25.6
1790378749	mt_prop	20147	0	1.9
1790378456	fuzz	20144	0	300.0
1790378756	thread_storm	20147	0	4.2
1790378760	stw_mt	20148	0	7.8
1790378768	stw_mt+diag	20148	0	7.9
1790378776	stw_mt+diag	20148	0	7.8
1790378784	stw_mt_hdr_tlab	20148	0	5.9
1790378790	stw_mt_hdr_tlab_nursery	20148	0	7.3
1790378699	pattern_fuzz+diag	20147	0	111.3
1790378811	churn	20148	0	0.6
1790378811	churn_hdr	20148	0	0.6
1790378812	index_grow	20148	0	25.9
1790378838	mt_prop	20148	0	1.9
1790378554	fuzz	20145	0	300.0
1790378854	thread_storm	20148	0	4.2
1790378858	stw_mt	20149	0	7.8
1790378866	stw_mt+diag	20149	0	7.8
1790378874	stw_mt+diag	20149	0	7.8
1790378881	stw_mt_hdr_tlab	20149	0	5.9
1790378887	stw_mt_hdr_tlab_nursery	20149	0	7.3
1790378797	pattern_fuzz+diag	20148	0	111.2
1790378908	churn	20149	0	0.6
1790378909	churn_hdr	20149	0	0.6
1790378909	index_grow	20149	0	26.1
1790378935	mt_prop	20149	0	1.9
1790378650	fuzz	20146	0	300.0
1790378950	thread_storm	20149	0	4.2
1790378954	stw_mt	20150	0	7.8
1790378962	stw_mt+diag	20150	0	7.8
1790378970	stw_mt+diag	20150	0	7.8
1790378978	stw_mt_hdr_tlab	20150	0	12.9
1790378991	stw_mt_hdr_tlab_nursery	20150	0	7.3
1790378895	pattern_fuzz+diag	20149	0	112.4
1790379007	churn	20150	0	0.6
1790379008	churn_hdr	20150	0	0.6
1790379008	index_grow	20150	0	24.0
1790379032	mt_prop	20150	0	1.9
1790378751	fuzz	20147	0	300.1
1790379051	thread_storm	20150	0	4.2
1790379055	stw_mt	20151	0	7.9
1790379063	stw_mt+diag	20151	0	8.0
1790379071	stw_mt+diag	20151	0	7.9
1790379079	stw_mt_hdr_tlab	20151	0	5.9
1790379085	stw_mt_hdr_tlab_nursery	20151	0	7.3
1790378998	pattern_fuzz+diag	20150	0	114.0
1790379112	churn	20151	0	0.6
1790379112	churn_hdr	20151	0	0.6
1790379113	index_grow	20151	0	25.0
1790378840	fuzz	20148	0	300.1
1790379138	mt_prop	20151	0	1.9
1790379140	thread_storm	20151	0	4.2
1790379144	stw_mt	20152	0	7.8
1790379152	stw_mt+diag	20152	0	7.9
1790379160	stw_mt+diag	20152	0	7.9
1790379167	stw_mt_hdr_tlab	20152	0	6.0
1790379173	stw_mt_hdr_tlab_nursery	20152	0	7.3
1790379092	pattern_fuzz+diag	20151	0	113.5
1790379206	churn	20152	0	0.6
1790379206	churn_hdr	20152	0	0.6
1790379207	index_grow	20152	0	28.0
1790379235	mt_prop	20152	0	1.9
1790378937	fuzz	20149	0	300.0
1790379237	thread_storm	20152	0	4.2
1790379242	stw_mt	20153	0	7.9
1790379250	stw_mt+diag	20153	0	7.8
1790379257	stw_mt+diag	20153	0	7.9
1790379265	stw_mt_hdr_tlab	20153	0	5.9
1790379271	stw_mt_hdr_tlab_nursery	20153	0	7.3
1790379181	pattern_fuzz+diag	20152	0	111.9
1790379293	churn	20153	0	0.6
1790379293	churn_hdr	20153	0	0.6
1790379294	index_grow	20153	0	25.8
1790379320	mt_prop	20153	0	1.9
1790379034	fuzz	20150	0	300.0
1790379334	thread_storm	20153	0	4.1
1790379338	stw_mt	20154	0	7.9
1790379346	stw_mt+diag	20154	0	7.9
1790379354	stw_mt+diag	20154	0	7.9
1790379362	stw_mt_hdr_tlab	20154	0	6.0
1790379368	stw_mt_hdr_tlab_nursery	20154	0	7.3
1790379278	pattern_fuzz+diag	20153	0	111.9
1790379390	churn	20154	0	0.6
1790379391	churn_hdr	20154	0	0.6
1790379391	index_grow	20154	0	25.1
1790379417	mt_prop	20154	0	1.9
1790379140	fuzz	20151	0	300.0
1790379440	thread_storm	20154	0	4.2
1790379444	stw_mt	20155	0	7.9
1790379452	stw_mt+diag	20155	0	7.9
1790379460	stw_mt+diag	20155	0	7.8
1790379468	stw_mt_hdr_tlab	20155	0	5.9
1790379473	stw_mt_hdr_tlab_nursery	20155	0	7.4
1790379375	pattern_fuzz+diag	20154	0	111.7
1790379487	churn	20155	0	0.6
1790379487	churn_hdr	20155	0	0.6
1790379488	index_grow	20155	0	25.8
1790379514	mt_prop	20155	0	1.9
1790379237	fuzz	20152	0	300.0
1790379537	thread_storm	20155	0	4.1
1790379541	stw_mt	20156	0	7.8
1790379549	stw_mt+diag	20156	0	7.9
1790379557	stw_mt+diag	20156	0	7.8
1790379565	stw_mt_hdr_tlab	20156	0	5.8
1790379570	stw_mt_hdr_tlab_nursery	20156	0	7.2
1790379481	pattern_fuzz+diag	20155	0	112.6
1790379594	churn	20156	0	0.6
1790379594	churn_hdr	20156	0	0.6
1790379595	index_grow	20156	0	26.4
1790379321	fuzz	20153	0	300.0
1790379621	mt_prop	20156	0	1.9
1790379623	thread_storm	20156	0	4.1
1790379627	stw_mt	20157	0	7.9
1790379635	stw_mt+diag	20157	0	7.9
1790379643	stw_mt+diag	20157	0	7.9
1790379651	stw_mt_hdr_tlab	20157	0	5.9
1790379657	stw_mt_hdr_tlab_nursery	20157	0	7.3
1790379578	pattern_fuzz+diag	20156	0	112.7
1790379690	churn	20157	0	0.6
1790379691	churn_hdr	20157	0	0.6
1790379691	index_grow	20157	0	26.6
1790379418	fuzz	20154	0	300.0
1790379718	mt_prop	20157	0	1.9
1790379720	thread_storm	20157	0	4.2
1790379724	stw_mt	20158	0	7.8
1790379732	stw_mt+diag	20158	0	7.8
1790379740	stw_mt+diag	20158	0	8.0
1790379748	stw_mt_hdr_tlab	20158	0	6.0
1790379754	stw_mt_hdr_tlab_nursery	20158	0	7.4
1790379664	pattern_fuzz+diag	20157	0	111.1
1790379775	churn	20158	0	0.6
1790379776	churn_hdr	20158	0	0.6
1790379776	index_grow	20158	0	26.3
1790379802	mt_prop	20158	0	1.9
1790379516	fuzz	20155	0	300.0
1790379816	thread_storm	20158	0	4.2
1790379820	stw_mt	20159	0	7.8
1790379828	stw_mt+diag	20159	0	7.9
1790379835	stw_mt+diag	20159	0	7.8
1790379843	stw_mt_hdr_tlab	20159	0	5.9
1790379849	stw_mt_hdr_tlab_nursery	20159	0	7.3
1790379761	pattern_fuzz+diag	20158	0	113.1
1790379874	churn	20159	0	0.6
1790379875	churn_hdr	20159	0	0.6
1790379875	index_grow	20159	0	24.5
1790379900	mt_prop	20159	0	1.9
1790379621	fuzz	20156	0	300.0
1790379921	thread_storm	20159	0	4.2
1790379926	stw_mt	20160	0	7.8
1790379933	stw_mt+diag	20160	0	7.8
1790379941	stw_mt+diag	20160	0	7.8
1790379949	stw_mt_hdr_tlab	20160	0	6.0
1790379955	stw_mt_hdr_tlab_nursery	20160	0	7.2
1790379856	pattern_fuzz+diag	20159	0	112.6
1790379969	churn	20160	0	0.6
1790379970	churn_hdr	20160	0	0.6
1790379970	index_grow	20160	0	23.5
1790379994	mt_prop	20160	0	1.9
1790379718	fuzz	20157	0	300.0
1790380018	thread_storm	20160	0	4.2
1790380023	stw_mt	20161	0	7.9
1790380031	stw_mt+diag	20161	0	7.8
1790380038	stw_mt+diag	20161	0	7.8
1790380046	stw_mt_hdr_tlab	20161	0	5.9
1790380052	stw_mt_hdr_tlab_nursery	20161	0	7.3
1790379962	pattern_fuzz+diag	20160	0	112.3
1790380074	churn	20161	0	0.6
1790380075	churn_hdr	20161	0	0.6
1790380076	index_grow	20161	0	24.4
1790380100	mt_prop	20161	0	1.9
1790379804	fuzz	20158	0	300.0
1790380104	thread_storm	20161	0	4.2
1790380108	stw_mt	20162	0	7.8
1790380116	stw_mt+diag	20162	0	7.8
1790380124	stw_mt+diag	20162	0	7.8
1790380132	stw_mt_hdr_tlab	20162	0	5.9
1790380138	stw_mt_hdr_tlab_nursery	20162	0	7.5
1790380059	pattern_fuzz+diag	20161	0	112.5
1790380172	churn	20162	0	0.6
1790380172	churn_hdr	20162	0	0.6
1790380173	index_grow	20162	0	27.5
1790379902	fuzz	20159	0	300.0
1790380200	mt_prop	20162	0	1.9
1790380202	thread_storm	20162	0	4.2
1790380207	stw_mt	20163	0	7.8
1790380214	stw_mt+diag	20163	0	7.8
1790380222	stw_mt+diag	20163	0	7.9
1790380230	stw_mt_hdr_tlab	20163	0	5.9
1790380236	stw_mt_hdr_tlab_nursery	20163	0	7.3
1790380145	pattern_fuzz+diag	20162	0	113.8
1790380259	churn	20163	0	0.6
1790380260	churn_hdr	20163	0	0.6
1790380260	index_grow	20163	0	13.1
1790380273	mt_prop	20163	0	2.0
1790379996	fuzz	20160	0	300.0
1790380296	thread_storm	20163	0	4.7
1790380300	stw_mt	20164	0	10.4
1790380311	stw_mt+diag	20164	0	10.6
1790380321	stw_mt+diag	20164	0	10.7
1790380332	stw_mt_hdr_tlab	20164	0	7.4
1790380340	stw_mt_hdr_tlab_nursery	20164	0	9.2
1790380243	pattern_fuzz+diag	20163	0	124.6
1790380368	churn	20164	0	0.7
1790380369	churn_hdr	20164	0	0.8
1790380369	index_grow	20164	0	5.5
1790380375	mt_prop	20164	0	1.9
1790380102	fuzz	20161	0	300.1
1790380402	thread_storm	20164	0	4.8
1790380407	stw_mt	20165	0	10.1
1790380417	stw_mt+diag	20165	0	10.4
1790380427	stw_mt+diag	20165	0	10.2
1790380437	stw_mt_hdr_tlab	20165	0	7.5
1790380445	stw_mt_hdr_tlab_nursery	20165	0	9.1
1790380349	pattern_fuzz+diag	20164	0	127.2
1790380476	churn	20165	0	0.9
1790380477	churn_hdr	20165	0	0.8
1790380478	index_grow	20165	0	6.3
1790380484	mt_prop	20165	0	2.0
1790380202	fuzz	20162	0	300.0
1790380502	thread_storm	20165	0	4.7
1790380507	stw_mt	20166	0	10.5
1790380517	stw_mt+diag	20166	0	10.4
1790380527	stw_mt+diag	20166	0	10.5
1790380538	stw_mt_hdr_tlab	20166	0	7.4
1790380545	stw_mt_hdr_tlab_nursery	20166	0	9.1
1790380275	fuzz	20163	0	300.0
1790380575	churn	20166	0	0.6
1790380576	churn_hdr	20166	0	0.6
1790380454	pattern_fuzz+diag	20165	0	125.2
1790380579	mt_prop	20166	0	1.9
1790380576	index_grow	20166	0	27.0
1790380603	thread_storm	20166	0	4.2
1790380608	stw_mt	20167	0	7.9
1790380615	stw_mt+diag	20167	0	7.9
1790380623	stw_mt+diag	20167	0	8.3
1790380632	stw_mt_hdr_tlab	20167	0	6.4
1790380638	stw_mt_hdr_tlab_nursery	20167	0	8.0
1790380554	pattern_fuzz+diag	20166	0	115.0
1790380669	churn	20167	0	0.6
1790380670	churn_hdr	20167	0	0.6
1790380377	fuzz	20164	0	300.0
1790380677	mt_prop	20167	0	1.9
1790380671	index_grow	20167	0	19.5
1790380690	thread_storm	20167	0	4.6
1790380695	stw_mt	20168	0	8.7
1790380703	stw_mt+diag	20168	0	8.6
1790380712	stw_mt+diag	20168	0	8.5
1790380720	stw_mt_hdr_tlab	20168	0	6.4
1790380727	stw_mt_hdr_tlab_nursery	20168	0	8.0
1790380646	pattern_fuzz+diag	20167	0	120.4
1790380767	churn	20168	0	0.6
1790380767	churn_hdr	20168	0	0.6
1790380486	fuzz	20165	0	300.0
1790380786	mt_prop	20168	0	1.9
1790380768	index_grow	20168	0	25.8
1790380794	thread_storm	20168	0	4.2
1790380798	stw_mt	20169	0	8.0
1790380806	stw_mt+diag	20169	0	7.8
1790380814	stw_mt+diag	20169	0	7.8
1790380821	stw_mt_hdr_tlab	20169	0	5.9
1790380827	stw_mt_hdr_tlab_nursery	20169	0	7.3
1790380735	pattern_fuzz+diag	20168	0	115.4
1790380850	churn	20169	0	0.6
1790380851	churn_hdr	20169	0	0.6
1790380851	index_grow	20169	0	20.5
1790380872	mt_prop	20169	0	1.9
1790380581	fuzz	20166	0	300.0
1790380881	thread_storm	20169	0	4.1
1790380885	stw_mt	20170	0	7.8
1790380893	stw_mt+diag	20170	0	7.8
1790380901	stw_mt+diag	20170	0	7.8
1790380909	stw_mt_hdr_tlab	20170	0	5.9
1790380915	stw_mt_hdr_tlab_nursery	20170	0	7.3
1790380834	pattern_fuzz+diag	20169	0	111.5
1790380946	churn	20170	0	0.6
1790380947	churn_hdr	20170	0	0.6
1790380947	index_grow	20170	0	25.2
1790380972	mt_prop	20170	0	1.9
1790380679	fuzz	20167	0	300.0
1790380979	thread_storm	20170	0	4.2
1790380983	stw_mt	20171	0	7.9
1790380991	stw_mt+diag	20171	0	7.9
1790380999	stw_mt+diag	20171	0	7.8
1790381006	stw_mt_hdr_tlab	20171	0	5.9
1790381012	stw_mt_hdr_tlab_nursery	20171	0	7.3
1790380922	pattern_fuzz+diag	20170	0	112.1
1790381034	churn	20171	0	0.6
1790381035	churn_hdr	20171	0	0.6
1790381035	index_grow	20171	0	26.4
1790381062	mt_prop	20171	0	1.9
1790380788	fuzz	20168	0	300.0
1790381088	thread_storm	20171	0	4.1
1790381092	stw_mt	20172	0	7.8
1790381100	stw_mt+diag	20172	0	7.9
1790381108	stw_mt+diag	20172	0	7.8
1790381115	stw_mt_hdr_tlab	20172	0	6.0
1790381121	stw_mt_hdr_tlab_nursery	20172	0	7.3
1790381020	pattern_fuzz+diag	20171	0	112.4
1790381132	churn	20172	0	0.6
1790381133	churn_hdr	20172	0	0.6
1790381133	index_grow	20172	0	26.0
1790381159	mt_prop	20172	0	1.9
1790380874	fuzz	20169	0	300.0
1790381174	thread_storm	20172	0	4.1
1790381178	stw_mt	20173	0	7.9
1790381186	stw_mt+diag	20173	0	7.9
1790381194	stw_mt+diag	20173	0	7.8
1790381202	stw_mt_hdr_tlab	20173	0	5.9
1790381208	stw_mt_hdr_tlab_nursery	20173	0	7.2
1790381129	pattern_fuzz+diag	20172	0	113.6
1790381242	churn	20173	0	0.6
1790381243	churn_hdr	20173	0	0.6
1790381244	index_grow	20173	0	24.7
1790381268	mt_prop	20173	0	1.9
1790380974	fuzz	20170	0	300.0
1790381274	thread_storm	20173	0	4.1
1790381278	stw_mt	20174	0	7.9
1790381286	stw_mt+diag	20174	0	7.7
1790381294	stw_mt+diag	20174	0	7.9
1790381302	stw_mt_hdr_tlab	20174	0	5.8
1790381308	stw_mt_hdr_tlab_nursery	20174	0	7.4
1790381215	pattern_fuzz+diag	20173	0	111.6
1790381326	churn	20174	0	0.6
1790381327	churn_hdr	20174	0	0.6
1790381327	index_grow	20174	0	24.6
1790381352	mt_prop	20174	0	1.9
1790381064	fuzz	20171	0	300.0
1790381364	thread_storm	20174	0	4.2
1790381368	stw_mt	20175	0	7.9
1790381376	stw_mt+diag	20175	0	7.9
1790381384	stw_mt+diag	20175	0	7.9
1790381392	stw_mt_hdr_tlab	20175	0	5.9
1790381397	stw_mt_hdr_tlab_nursery	20175	0	7.4
1790381315	pattern_fuzz+diag	20174	0	111.1
1790381426	churn	20175	0	0.6
1790381427	churn_hdr	20175	0	0.6
1790381427	index_grow	20175	0	26.5
1790381454	mt_prop	20175	0	1.9
1790381161	fuzz	20172	0	300.0
1790381461	thread_storm	20175	0	4.1
1790381465	stw_mt	20176	0	7.8
1790381473	stw_mt+diag	20176	0	7.9
1790381481	stw_mt+diag	20176	0	7.8
1790381489	stw_mt_hdr_tlab	20176	0	5.9
1790381495	stw_mt_hdr_tlab_nursery	20176	0	7.3
1790381405	pattern_fuzz+diag	20175	0	112.4
1790381517	churn	20176	0	0.6
1790381518	churn_hdr	20176	0	0.6
1790381518	index_grow	20176	0	26.0
1790381544	mt_prop	20176	0	1.9
1790381270	fuzz	20173	0	300.0
1790381570	thread_storm	20176	0	4.1
1790381574	stw_mt	20177	0	7.7
1790381582	stw_mt+diag	20177	0	7.8
1790381590	stw_mt+diag	20177	0	7.8
1790381598	stw_mt_hdr_tlab	20177	0	5.9
1790381604	stw_mt_hdr_tlab_nursery	20177	0	7.4
1790381502	pattern_fuzz+diag	20176	0	112.1
1790381614	churn	20177	0	0.6
1790381615	churn_hdr	20177	0	0.6
1790381615	index_grow	20177	0	24.9
1790381640	mt_prop	20177	0	1.9
1790381354	fuzz	20174	0	300.0
1790381654	thread_storm	20177	0	4.2
1790381658	stw_mt	20178	0	7.9
1790381666	stw_mt+diag	20178	0	7.7
1790381674	stw_mt+diag	20178	0	7.9
1790381682	stw_mt_hdr_tlab	20178	0	5.9
1790381688	stw_mt_hdr_tlab_nursery	20178	0	7.2
1790381611	pattern_fuzz+diag	20177	0	111.1
1790381722	churn	20178	0	0.6
1790381723	churn_hdr	20178	0	0.6
1790381723	index_grow	20178	0	25.7
1790381749	mt_prop	20178	0	1.9
1790381456	fuzz	20175	0	300.0
1790381756	thread_storm	20178	0	4.2
1790381760	stw_mt	20179	0	7.8
1790381768	stw_mt+diag	20179	0	7.8
1790381776	stw_mt+diag	20179	0	7.7
1790381783	stw_mt_hdr_tlab	20179	0	5.9
1790381789	stw_mt_hdr_tlab_nursery	20179	0	7.4
1790381695	pattern_fuzz+diag	20178	0	111.8
1790381807	churn	20179	0	0.6
1790381807	churn_hdr	20179	0	0.6
1790381808	index_grow	20179	0	24.2
1790381832	mt_prop	20179	0	1.9
1790381546	fuzz	20176	0	300.0
1790381846	thread_storm	20179	0	4.1
1790381850	stw_mt	20180	0	7.8
1790381858	stw_mt+diag	20180	0	7.8
1790381866	stw_mt+diag	20180	0	8.0
1790381874	stw_mt_hdr_tlab	20180	0	5.9
1790381880	stw_mt_hdr_tlab_nursery	20180	0	14.3
1790381797	pattern_fuzz+diag	20179	0	112.0
1790381909	churn	20180	0	0.6
1790381909	churn_hdr	20180	0	0.6
1790381910	index_grow	20180	0	25.3
1790381935	mt_prop	20180	0	1.9
1790381642	fuzz	20177	0	300.1
1790381942	thread_storm	20180	0	4.1
1790381946	stw_mt	20181	0	7.8
1790381954	stw_mt+diag	20181	0	7.8
1790381962	stw_mt+diag	20181	0	7.8
1790381970	stw_mt_hdr_tlab	20181	0	5.9
1790381975	stw_mt_hdr_tlab_nursery	20181	0	7.2
1790381894	pattern_fuzz+diag	20180	0	111.8
1790382006	churn	20181	0	0.6
1790382007	churn_hdr	20181	0	0.6
1790382007	index_grow	20181	0	26.5
1790382034	mt_prop	20181	0	1.9
1790381751	fuzz	20178	0	300.1
1790382051	thread_storm	20181	0	4.2
1790382055	stw_mt	20182	0	7.8
1790382063	stw_mt+diag	20182	0	7.8
1790382071	stw_mt+diag	20182	0	7.8
1790382078	stw_mt_hdr_tlab	20182	0	5.9
1790382084	stw_mt_hdr_tlab_nursery	20182	0	7.3
1790381983	pattern_fuzz+diag	20181	0	112.9
1790382096	churn	20182	0	0.6
1790382096	churn_hdr	20182	0	0.6
1790382097	index_grow	20182	0	25.8
1790382123	mt_prop	20182	0	1.9
1790381834	fuzz	20179	0	300.1
1790382134	thread_storm	20182	0	4.1
1790382138	stw_mt	20183	0	7.9
1790382146	stw_mt+diag	20183	0	7.8
1790382154	stw_mt+diag	20183	0	7.8
1790382161	stw_mt_hdr_tlab	20183	0	13.0
1790382175	stw_mt_hdr_tlab_nursery	20183	0	7.4
1790382092	pattern_fuzz+diag	20182	0	111.4
1790382203	churn	20183	0	0.6
1790382204	churn_hdr	20183	0	0.6
1790382204	index_grow	20183	0	25.5
1790382230	mt_prop	20183	0	1.9
1790381937	fuzz	20180	0	300.0
1790382237	thread_storm	20183	0	4.1
1790382241	stw_mt	20184	0	7.8
1790382249	stw_mt+diag	20184	0	7.8
1790382257	stw_mt+diag	20184	0	7.8
1790382264	stw_mt_hdr_tlab	20184	0	5.9
1790382270	stw_mt_hdr_tlab_nursery	20184	0	7.3
1790382182	pattern_fuzz+diag	20183	0	110.1
1790382292	churn	20184	0	0.6
1790382293	churn_hdr	20184	0	0.6
1790382293	index_grow	20184	0	24.8
1790382318	mt_prop	20184	0	1.9
1790382036	fuzz	20181	0	300.0
1790382336	thread_storm	20184	0	4.1
1790382340	stw_mt	20185	0	7.8
1790382348	stw_mt+diag	20185	0	7.8
1790382355	stw_mt+diag	20185	0	7.8
1790382363	stw_mt_hdr_tlab	20185	0	6.1
1790382369	stw_mt_hdr_tlab_nursery	20185	0	7.2
1790382278	pattern_fuzz+diag	20184	0	113.5
1790382391	churn	20185	0	0.6
1790382392	churn_hdr	20185	0	0.6
1790382392	index_grow	20185	0	24.7
1790382417	mt_prop	20185	0	1.9
1790382124	fuzz	20182	0	300.1
1790382424	thread_storm	20185	0	4.2
1790382429	stw_mt	20186	0	7.7
1790382436	stw_mt+diag	20186	0	7.9
1790382444	stw_mt+diag	20186	0	7.9
1790382452	stw_mt_hdr_tlab	20186	0	5.9
1790382458	stw_mt_hdr_tlab_nursery	20186	0	7.3
1790382377	pattern_fuzz+diag	20185	0	112.4
1790382489	churn	20186	0	0.6
1790382490	churn_hdr	20186	0	0.6
1790382490	index_grow	20186	0	25.5
1790382516	mt_prop	20186	0	1.9
1790382232	fuzz	20183	0	300.0
1790382532	thread_storm	20186	0	4.2
1790382536	stw_mt	20187	0	7.8
1790382544	stw_mt+diag	20187	0	7.8
1790382551	stw_mt+diag	20187	0	7.8
1790382559	stw_mt_hdr_tlab	20187	0	6.1
1790382565	stw_mt_hdr_tlab_nursery	20187	0	7.4
1790382465	pattern_fuzz+diag	20186	0	113.3
1790382579	churn	20187	0	0.6
1790382579	churn_hdr	20187	0	0.6
1790382580	index_grow	20187	0	25.5
1790382605	mt_prop	20187	0	1.9
1790382320	fuzz	20184	0	300.0
1790382620	thread_storm	20187	0	4.2
1790382624	stw_mt	20188	0	7.7
1790382632	stw_mt+diag	20188	0	7.8
1790382640	stw_mt+diag	20188	0	7.8
1790382647	stw_mt_hdr_tlab	20188	0	5.9
1790382653	stw_mt_hdr_tlab_nursery	20188	0	7.2
1790382573	pattern_fuzz+diag	20187	0	112.1
1790382685	churn	20188	0	0.6
1790382685	churn_hdr	20188	0	0.6
1790382686	index_grow	20188	0	25.8
1790382712	mt_prop	20188	0	1.9
1790382419	fuzz	20185	0	300.0
1790382719	thread_storm	20188	0	4.2
1790382723	stw_mt	20189	0	7.8
1790382731	stw_mt+diag	20189	0	7.8
1790382739	stw_mt+diag	20189	0	7.9
1790382746	stw_mt_hdr_tlab	20189	0	6.0
1790382752	stw_mt_hdr_tlab_nursery	20189	0	7.3
1790382660	pattern_fuzz+diag	20188	0	112.5
1790382773	churn	20189	0	0.6
1790382773	churn_hdr	20189	0	0.6
1790382774	index_grow	20189	0	27.2
1790382801	mt_prop	20189	0	1.9
1790382518	fuzz	20186	0	300.0
1790382818	thread_storm	20189	0	4.2
1790382822	stw_mt	20190	0	7.9
1790382830	stw_mt+diag	20190	0	7.8
1790382838	stw_mt+diag	20190	0	7.8
1790382845	stw_mt_hdr_tlab	20190	0	6.0
1790382851	stw_mt_hdr_tlab_nursery	20190	0	7.3
1790382760	pattern_fuzz+diag	20189	0	111.4
1790382871	churn	20190	0	0.6
1790382872	churn_hdr	20190	0	0.6
1790382872	index_grow	20190	0	25.3
1790382897	mt_prop	20190	0	1.9
1790382607	fuzz	20187	0	300.0
1790382907	thread_storm	20190	0	4.2
1790382911	stw_mt	20191	0	7.8
1790382919	stw_mt+diag	20191	0	7.8
1790382927	stw_mt+diag	20191	0	7.8
1790382935	stw_mt_hdr_tlab	20191	0	5.9
1790382941	stw_mt_hdr_tlab_nursery	20191	0	7.3
1790382859	pattern_fuzz+diag	20190	0	113.1
1790382972	churn	20191	0	0.6
1790382972	churn_hdr	20191	0	0.6
1790382973	index_grow	20191	0	26.6
1790382999	mt_prop	20191	0	1.9
1790382714	fuzz	20188	0	300.0
1790383014	thread_storm	20191	0	4.1
1790383018	stw_mt	20192	0	7.9
1790383026	stw_mt+diag	20192	0	8.0
1790383034	stw_mt+diag	20192	0	7.8
1790383041	stw_mt_hdr_tlab	20192	0	6.0
1790383047	stw_mt_hdr_tlab_nursery	20192	0	7.2
1790382948	pattern_fuzz+diag	20191	0	113.3
1790383061	churn	20192	0	0.6
1790383062	churn_hdr	20192	0	0.6
1790383062	index_grow	20192	0	27.0
1790383089	mt_prop	20192	0	1.9
1790382803	fuzz	20189	0	300.0
1790383103	thread_storm	20192	0	4.1
1790383107	stw_mt	20193	0	7.8
1790383115	stw_mt+diag	20193	0	8.0
1790383123	stw_mt+diag	20193	0	7.8
1790383131	stw_mt_hdr_tlab	20193	0	5.9
1790383137	stw_mt_hdr_tlab_nursery	20193	0	7.3
1790383055	pattern_fuzz+diag	20192	0	111.5
1790383166	churn	20193	0	0.6
1790383167	churn_hdr	20193	0	0.6
1790383167	index_grow	20193	0	26.5
1790383194	mt_prop	20193	0	1.9
1790382899	fuzz	20190	0	300.0
1790383199	thread_storm	20193	0	4.1
1790383204	stw_mt	20194	0	7.8
1790383211	stw_mt+diag	20194	0	7.8
1790383219	stw_mt+diag	20194	0	7.9
1790383227	stw_mt_hdr_tlab	20194	0	5.9
1790383233	stw_mt_hdr_tlab_nursery	20194	0	7.3
1790383144	pattern_fuzz+diag	20193	0	112.1
1790383256	churn	20194	0	0.6
1790383257	churn_hdr	20194	0	0.6
1790383257	index_grow	20194	0	25.5
1790383283	mt_prop	20194	0	1.9
1790383001	fuzz	20191	0	300.0
1790383301	thread_storm	20194	0	4.2
1790383305	stw_mt	20195	0	7.7
1790383313	stw_mt+diag	20195	0	7.8
1790383321	stw_mt+diag	20195	0	7.9
1790383329	stw_mt_hdr_tlab	20195	0	6.0
1790383335	stw_mt_hdr_tlab_nursery	20195	0	7.4
1790383240	pattern_fuzz+diag	20194	0	111.1
1790383351	churn	20195	0	0.6
1790383352	churn_hdr	20195	0	0.6
1790383353	index_grow	20195	0	26.6
1790383379	mt_prop	20195	0	1.9
1790383091	fuzz	20192	0	300.0
1790383391	thread_storm	20195	0	4.2
1790383395	stw_mt	20196	0	7.9
1790383403	stw_mt+diag	20196	0	7.8
1790383411	stw_mt+diag	20196	0	7.8
1790383419	stw_mt_hdr_tlab	20196	0	5.9
1790383425	stw_mt_hdr_tlab_nursery	20196	0	7.3
1790383342	pattern_fuzz+diag	20195	0	111.1
1790383453	churn	20196	0	0.6
1790383454	churn_hdr	20196	0	0.6
1790383455	index_grow	20196	0	27.5
1790383482	mt_prop	20196	0	1.9
1790383196	fuzz	20193	0	300.0
1790383496	thread_storm	20196	0	4.2
1790383500	stw_mt	20197	0	7.9
1790383508	stw_mt+diag	20197	0	7.8
1790383516	stw_mt+diag	20197	0	7.8
1790383523	stw_mt_hdr_tlab	20197	0	5.9
1790383529	stw_mt_hdr_tlab_nursery	20197	0	7.3
1790383432	pattern_fuzz+diag	20196	0	112.2
1790383544	churn	20197	0	0.6
1790383545	churn_hdr	20197	0	0.6
1790383545	index_grow	20197	0	24.7
1790383570	mt_prop	20197	0	1.9
1790383285	fuzz	20194	0	300.0
1790383585	thread_storm	20197	0	4.2
1790383589	stw_mt	20198	0	7.8
1790383597	stw_mt+diag	20198	0	7.8
1790383605	stw_mt+diag	20198	0	7.8
1790383612	stw_mt_hdr_tlab	20198	0	5.9
1790383618	stw_mt_hdr_tlab_nursery	20198	0	7.2
1790383537	pattern_fuzz+diag	20197	0	112.1
1790383649	churn	20198	0	0.6
1790383649	churn_hdr	20198	0	0.6
1790383650	index_grow	20198	0	25.5
1790383675	mt_prop	20198	0	1.9
1790383381	fuzz	20195	0	300.0
1790383681	thread_storm	20198	0	4.1
1790383685	stw_mt	20199	0	7.8
1790383693	stw_mt+diag	20199	0	7.8
1790383701	stw_mt+diag	20199	0	7.8
1790383709	stw_mt_hdr_tlab	20199	0	5.9
1790383715	stw_mt_hdr_tlab_nursery	20199	0	7.3
1790383625	pattern_fuzz+diag	20198	0	111.6
1790383737	churn	20199	0	0.6
1790383738	churn_hdr	20199	0	0.6
1790383738	index_grow	20199	0	25.0
1790383763	mt_prop	20199	0	1.9
1790383484	fuzz	20196	0	300.0
1790383784	thread_storm	20199	0	4.2
1790383788	stw_mt	20200	0	7.8
1790383796	stw_mt+diag	20200	0	7.8
1790383804	stw_mt+diag	20200	0	7.9
1790383812	stw_mt_hdr_tlab	20200	0	5.9
1790383818	stw_mt_hdr_tlab_nursery	20200	0	7.4
1790383722	pattern_fuzz+diag	20199	0	113.2
1790383835	churn	20200	0	0.6
1790383836	churn_hdr	20200	0	0.6
1790383836	index_grow	20200	0	25.5
1790383862	mt_prop	20200	0	1.9
1790383572	fuzz	20197	0	300.0
1790383872	thread_storm	20200	0	4.2
1790383876	stw_mt	20201	0	7.9
1790383884	stw_mt+diag	20201	0	7.8
1790383892	stw_mt+diag	20201	0	7.8
1790383900	stw_mt_hdr_tlab	20201	0	5.9
1790383906	stw_mt_hdr_tlab_nursery	20201	0	7.3
1790383825	pattern_fuzz+diag	20200	0	112.8
1790383938	churn	20201	0	0.6
1790383938	churn_hdr	20201	0	0.6
1790383939	index_grow	20201	0	25.9
1790383965	mt_prop	20201	0	1.9
1790383677	fuzz	20198	0	300.0
1790383977	thread_storm	20201	0	4.2
1790383981	stw_mt	20202	0	7.9
1790383989	stw_mt+diag	20202	0	7.8
1790383997	stw_mt+diag	20202	0	7.9
1790384005	stw_mt_hdr_tlab	20202	0	5.9
1790384011	stw_mt_hdr_tlab_nursery	20202	0	7.3
1790383913	pattern_fuzz+diag	20201	0	112.3
1790384025	churn	20202	0	0.6
1790384026	churn_hdr	20202	0	0.6
1790384026	index_grow	20202	0	26.7
1790384053	mt_prop	20202	0	1.9
1790383765	fuzz	20199	0	300.0
1790384065	thread_storm	20202	0	4.2
1790384069	stw_mt	20203	0	7.9
1790384077	stw_mt+diag	20203	0	8.0
1790384085	stw_mt+diag	20203	0	7.8
1790384093	stw_mt_hdr_tlab	20203	0	6.0
1790384099	stw_mt_hdr_tlab_nursery	20203	0	7.2
1790384018	pattern_fuzz+diag	20202	0	111.8
1790384130	churn	20203	0	0.6
1790384130	churn_hdr	20203	0	0.6
1790384131	index_grow	20203	0	25.1
1790384156	mt_prop	20203	0	1.9
1790383863	fuzz	20200	0	300.0
1790384164	thread_storm	20203	0	4.2
1790384168	stw_mt	20204	0	7.8
1790384176	stw_mt+diag	20204	0	7.8
1790384183	stw_mt+diag	20204	0	7.9
1790384191	stw_mt_hdr_tlab	20204	0	5.9
1790384197	stw_mt_hdr_tlab_nursery	20204	0	7.4
1790384106	pattern_fuzz+diag	20203	0	111.6
1790384218	churn	20204	0	0.6
1790384218	churn_hdr	20204	0	0.6
1790384219	index_grow	20204	0	25.3
1790384244	mt_prop	20204	0	1.9
1790383967	fuzz	20201	0	300.0
1790384267	thread_storm	20204	0	4.1
1790384271	stw_mt	20205	0	7.8
1790384279	stw_mt+diag	20205	0	7.7
1790384286	stw_mt+diag	20205	0	7.8
1790384294	stw_mt_hdr_tlab	20205	0	6.2
1790384300	stw_mt_hdr_tlab_nursery	20205	0	7.3
1790384205	pattern_fuzz+diag	20204	0	112.3
1790384317	churn	20205	0	0.6
1790384317	churn_hdr	20205	0	0.6
1790384318	index_grow	20205	0	24.8
1790384343	mt_prop	20205	0	1.9
1790384055	fuzz	20202	0	300.0
1790384355	thread_storm	20205	0	4.2
1790384359	stw_mt	20206	0	7.8
1790384367	stw_mt+diag	20206	0	7.8
1790384375	stw_mt+diag	20206	0	7.8
1790384383	stw_mt_hdr_tlab	20206	0	5.9
1790384389	stw_mt_hdr_tlab_nursery	20206	0	7.4
1790384308	pattern_fuzz+diag	20205	0	111.1
1790384419	churn	20206	0	0.6
1790384419	churn_hdr	20206	0	0.6
1790384420	index_grow	20206	0	25.9
1790384446	mt_prop	20206	0	1.9
1790384158	fuzz	20203	0	300.0
1790384458	thread_storm	20206	0	4.1
1790384462	stw_mt	20207	0	7.8
1790384470	stw_mt+diag	20207	0	7.8
1790384478	stw_mt+diag	20207	0	8.0
1790384486	stw_mt_hdr_tlab	20207	0	5.9
1790384492	stw_mt_hdr_tlab_nursery	20207	0	7.3
1790384396	pattern_fuzz+diag	20206	0	111.8
1790384508	churn	20207	0	0.6
1790384508	churn_hdr	20207	0	0.6
1790384509	index_grow	20207	0	25.9
1790384535	mt_prop	20207	0	1.9
1790384246	fuzz	20204	0	300.0
1790384546	thread_storm	20207	0	4.2
1790384550	stw_mt	20208	0	7.9
1790384558	stw_mt+diag	20208	0	7.8
1790384566	stw_mt+diag	20208	0	7.8
1790384574	stw_mt_hdr_tlab	20208	0	5.9
1790384580	stw_mt_hdr_tlab_nursery	20208	0	7.3
1790384499	pattern_fuzz+diag	20207	0	110.7
1790384610	churn	20208	0	0.6
1790384610	churn_hdr	20208	0	0.6
1790384611	index_grow	20208	0	26.7
1790384637	mt_prop	20208	0	1.9
1790384345	fuzz	20205	0	300.0
1790384645	thread_storm	20208	0	4.5
1790384649	stw_mt	20209	0	8.5
1790384658	stw_mt+diag	20209	0	8.4
1790384666	stw_mt+diag	20209	0	8.4
1790384674	stw_mt_hdr_tlab	20209	0	6.3
1790384681	stw_mt_hdr_tlab_nursery	20209	0	7.7
1790384587	pattern_fuzz+diag	20208	0	116.8
1790384704	churn	20209	0	0.6
1790384704	churn_hdr	20209	0	0.6
1790384705	index_grow	20209	0	25.9
1790384731	mt_prop	20209	0	1.9
1790384448	fuzz	20206	0	300.1
1790384748	thread_storm	20209	0	4.1
1790384752	stw_mt	20210	0	7.8
1790384760	stw_mt+diag	20210	0	7.8
1790384767	stw_mt+diag	20210	0	7.7
1790384775	stw_mt_hdr_tlab	20210	0	5.9
1790384781	stw_mt_hdr_tlab_nursery	20210	0	7.3
1790384688	pattern_fuzz+diag	20209	0	116.3
1790384805	churn	20210	0	0.6
1790384805	churn_hdr	20210	0	0.6
1790384806	index_grow	20210	0	26.7
1790384833	mt_prop	20210	0	1.9
1790384537	fuzz	20207	0	300.0
1790384837	thread_storm	20210	0	4.2
1790384841	stw_mt	20211	0	7.9
1790384849	stw_mt+diag	20211	0	7.9
1790384857	stw_mt+diag	20211	0	7.7
1790384864	stw_mt_hdr_tlab	20211	0	5.9
1790384870	stw_mt_hdr_tlab_nursery	20211	0	7.3
1790384788	pattern_fuzz+diag	20210	0	111.9
1790384900	churn	20211	0	0.6
1790384901	churn_hdr	20211	0	0.6
1790384901	index_grow	20211	0	24.7
1790384926	mt_prop	20211	0	1.9
1790384639	fuzz	20208	0	300.0
1790384939	thread_storm	20211	0	4.2
1790384944	stw_mt	20212	0	7.8
1790384951	stw_mt+diag	20212	0	7.8
1790384959	stw_mt+diag	20212	0	7.9
1790384967	stw_mt_hdr_tlab	20212	0	12.9
1790384980	stw_mt_hdr_tlab_nursery	20212	0	7.3
1790384877	pattern_fuzz+diag	20211	0	111.9
1790384989	churn	20212	0	0.6
1790384990	churn_hdr	20212	0	0.6
1790384990	index_grow	20212	0	25.4
1790385016	mt_prop	20212	0	1.9
1790384733	fuzz	20209	0	300.0
1790385033	thread_storm	20212	0	4.6
1790385037	stw_mt	20213	0	7.8
1790385045	stw_mt+diag	20213	0	7.9
1790385053	stw_mt+diag	20213	0	7.9
1790385061	stw_mt_hdr_tlab	20213	0	5.9
1790385067	stw_mt_hdr_tlab_nursery	20213	0	7.4
1790384987	pattern_fuzz+diag	20212	0	114.2
1790385102	churn	20213	0	0.6
1790385102	churn_hdr	20213	0	0.6
1790385103	index_grow	20213	0	25.4
1790385128	mt_prop	20213	0	1.9
1790384834	fuzz	20210	0	300.0
1790385134	thread_storm	20213	0	4.4
1790385139	stw_mt	20214	0	8.3
1790385147	stw_mt+diag	20214	0	8.3
1790385155	stw_mt+diag	20214	0	8.3
1790385164	stw_mt_hdr_tlab	20214	0	6.4
1790385170	stw_mt_hdr_tlab_nursery	20214	0	8.0
1790385074	pattern_fuzz+diag	20213	0	116.2
1790385190	churn	20214	0	0.6
1790385191	churn_hdr	20214	0	0.6
1790385192	index_grow	20214	0	25.2
1790385217	mt_prop	20214	0	1.9
1790384928	fuzz	20211	0	300.0
1790385228	thread_storm	20214	0	4.2
1790385178	pattern_fuzz+diag	20214	0	111.9
1790385290	stw_mt+diag	20215	0	8.0
1790385298	stw_mt+diag	20215	0	8.0
1790385306	stw_mt_hdr_tlab	20215	0	6.2
1790385018	fuzz	20212	0	300.0
1790385312	stw_mt_hdr_tlab_nursery	20215	0	7.5
1790385320	churn	20215	0	0.6
1790385320	churn_hdr	20215	0	0.6
1790385321	index_grow	20215	0	27.5
1790385348	mt_prop	20215	0	1.9
1790385130	fuzz	20213	0	300.0
1790385318	pattern_fuzz+diag	20215	0	113.7
1790385430	thread_storm	20215	0	4.3
1790385431	stw_mt	20216	0	8.3
1790385434	stw_mt+diag	20216	0	8.5
1790385440	stw_mt+diag	20216	0	8.5
1790385443	stw_mt_hdr_tlab	20216	0	6.3
1790385448	stw_mt_hdr_tlab_nursery	20216	0	7.5
1790385456	churn	20216	0	0.6
1790385456	churn_hdr	20216	0	0.6
1790385457	index_grow	20216	0	28.6
1790385486	mt_prop	20216	0	1.9
1790385219	fuzz	20214	0	300.0
1790385519	thread_storm	20216	0	4.3
1790385523	stw_mt	20217	0	8.0
1790385232	stw_mt	20215	TIMEOUT	300.1
1790385531	stw_mt+diag	20217	0	8.1
1790385532	stw_mt+diag	20217	0	8.1
1790385539	stw_mt_hdr_tlab	20217	0	6.1
1790385540	stw_mt_hdr_tlab_nursery	20217	0	7.4
1790385548	churn	20217	0	0.6
1790385548	churn_hdr	20217	0	0.6
1790385449	pattern_fuzz+diag	20216	0	112.4
1790385562	mt_prop	20217	0	1.9
1790385549	index_grow	20217	0	25.2
1790385574	thread_storm	20217	0	4.2
1790385578	stw_mt	20218	0	7.8
1790385586	stw_mt+diag	20218	0	7.8
1790385594	stw_mt+diag	20218	0	7.9
1790385602	stw_mt_hdr_tlab	20218	0	5.8
1790385608	stw_mt_hdr_tlab_nursery	20218	0	7.3
1790385350	fuzz	20215	0	300.0
1790385650	churn	20218	0	0.6
1790385651	churn_hdr	20218	0	0.6
1790385545	pattern_fuzz+diag	20217	0	111.3
1790385656	mt_prop	20218	0	1.9
1790385651	index_grow	20218	0	25.7
1790385677	thread_storm	20218	0	4.2
1790385681	stw_mt	20219	0	7.9
1790385689	stw_mt+diag	20219	0	7.8
1790385697	stw_mt+diag	20219	0	7.8
1790385705	stw_mt_hdr_tlab	20219	0	5.9
1790385711	stw_mt_hdr_tlab_nursery	20219	0	7.3
1790385615	pattern_fuzz+diag	20218	0	111.7
1790385727	churn	20219	0	0.6
1790385727	churn_hdr	20219	0	0.6
1790385728	index_grow	20219	0	24.3
1790385752	mt_prop	20219	0	1.9
1790385487	fuzz	20216	0	300.0
1790385787	thread_storm	20219	0	4.2
1790385792	stw_mt	20220	0	7.9
1790385799	stw_mt+diag	20220	0	7.9
1790385807	stw_mt+diag	20220	0	8.0
1790385815	stw_mt_hdr_tlab	20220	0	5.8
1790385821	stw_mt_hdr_tlab_nursery	20220	0	7.2
1790385718	pattern_fuzz+diag	20219	0	111.6
1790385829	churn	20220	0	0.6
1790385830	churn_hdr	20220	0	0.6
1790385831	index_grow	20220	0	26.1
1790385857	mt_prop	20220	0	1.9
1790385564	fuzz	20217	0	300.0
1790385864	thread_storm	20220	0	4.2
1790385868	stw_mt	20221	0	7.8
1790385876	stw_mt+diag	20221	0	7.9
1790385883	stw_mt+diag	20221	0	8.0
1790385891	stw_mt_hdr_tlab	20221	0	5.9
1790385897	stw_mt_hdr_tlab_nursery	20221	0	7.3
1790385828	pattern_fuzz+diag	20220	0	112.2
1790385941	churn	20221	0	0.6
1790385941	churn_hdr	20221	0	0.6
1790385658	fuzz	20218	0	300.0
1790385958	mt_prop	20221	0	1.9
1790385942	index_grow	20221	0	25.0
1790385967	thread_storm	20221	0	4.1
1790385971	stw_mt	20222	0	7.8
1790385979	stw_mt+diag	20222	0	7.8
1790385986	stw_mt+diag	20222	0	7.8
1790385994	stw_mt_hdr_tlab	20222	0	5.8
1790386000	stw_mt_hdr_tlab_nursery	20222	0	7.3
1790385905	pattern_fuzz+diag	20221	0	112.2
1790386017	churn	20222	0	0.6
1790386017	churn_hdr	20222	0	0.6
1790386018	index_grow	20222	0	24.4
1790386042	mt_prop	20222	0	1.9
1790385754	fuzz	20219	0	300.0
1790386054	thread_storm	20222	0	4.3
1790386058	stw_mt	20223	0	7.8
1790386066	stw_mt+diag	20223	0	7.8
1790386074	stw_mt+diag	20223	0	7.8
1790386082	stw_mt_hdr_tlab	20223	0	5.8
1790386088	stw_mt_hdr_tlab_nursery	20223	0	7.4
1790386007	pattern_fuzz+diag	20222	0	112.1
1790386119	churn	20223	0	0.6
1790386120	churn_hdr	20223	0	0.6
1790386121	index_grow	20223	0	24.8
1790386145	mt_prop	20223	0	1.9
1790385859	fuzz	20220	0	300.0
1790386159	thread_storm	20223	0	4.2
1790386163	stw_mt	20224	0	8.0
1790386171	stw_mt+diag	20224	0	7.8
1790386179	stw_mt+diag	20224	0	7.9
1790386186	stw_mt_hdr_tlab	20224	0	5.8
1790386192	stw_mt_hdr_tlab_nursery	20224	0	7.2
1790386095	pattern_fuzz+diag	20223	0	111.5
1790386206	churn	20224	0	0.6
1790386207	churn_hdr	20224	0	0.6
1790386208	index_grow	20224	0	25.2
1790386233	mt_prop	20224	0	1.9
1790385960	fuzz	20221	0	300.0
1790386260	thread_storm	20224	0	4.2
1790386265	stw_mt	20225	0	7.8
1790386272	stw_mt+diag	20225	0	7.8
1790386280	stw_mt+diag	20225	0	7.8
1790386288	stw_mt_hdr_tlab	20225	0	5.9
1790386294	stw_mt_hdr_tlab_nursery	20225	0	7.4
1790386200	pattern_fuzz+diag	20224	0	111.9
1790386311	churn	20225	0	0.6
1790386312	churn_hdr	20225	0	0.6
1790386313	index_grow	20225	0	24.1
1790386337	mt_prop	20225	0	1.9
1790386044	fuzz	20222	0	300.0
1790386344	thread_storm	20225	0	4.2
1790386348	stw_mt	20226	0	7.9
1790386356	stw_mt+diag	20226	0	7.8
1790386364	stw_mt+diag	20226	0	7.8
1790386372	stw_mt_hdr_tlab	20226	0	5.9
1790386378	stw_mt_hdr_tlab_nursery	20226	0	7.3
1790386301	pattern_fuzz+diag	20225	0	111.6
1790386413	churn	20226	0	0.6
1790386413	churn_hdr	20226	0	0.6
1790386414	index_grow	20226	0	25.9
1790386440	mt_prop	20226	0	1.9
1790386147	fuzz	20223	0	300.0
1790386447	thread_storm	20226	0	4.1
1790386451	stw_mt	20227	0	7.7
1790386459	stw_mt+diag	20227	0	7.8
1790386467	stw_mt+diag	20227	0	7.9
1790386475	stw_mt_hdr_tlab	20227	0	5.8
1790386481	stw_mt_hdr_tlab_nursery	20227	0	14.3
1790386385	pattern_fuzz+diag	20226	0	112.1
1790386497	churn	20227	0	0.6
1790386498	churn_hdr	20227	0	0.6
1790386498	index_grow	20227	0	24.3
1790386523	mt_prop	20227	0	1.9
1790386235	fuzz	20224	0	300.0
1790386535	thread_storm	20227	0	4.2
1790386539	stw_mt	20228	0	7.8
1790386547	stw_mt+diag	20228	0	7.9
1790386555	stw_mt+diag	20228	0	7.9
1790386562	stw_mt_hdr_tlab	20228	0	6.0
1790386568	stw_mt_hdr_tlab_nursery	20228	0	7.4
1790386495	pattern_fuzz+diag	20227	0	112.7
1790386608	churn	20228	0	0.6
1790386608	churn_hdr	20228	0	0.6
1790386609	index_grow	20228	0	25.8
1790386635	mt_prop	20228	0	1.9
1790386339	fuzz	20225	0	300.0
1790386639	thread_storm	20228	0	4.2
1790386643	stw_mt	20229	0	7.8
1790386651	stw_mt+diag	20229	0	7.7
1790386658	stw_mt+diag	20229	0	7.8
1790386666	stw_mt_hdr_tlab	20229	0	5.9
1790386672	stw_mt_hdr_tlab_nursery	20229	0	7.4
1790386576	pattern_fuzz+diag	20228	0	112.4
1790386688	churn	20229	0	0.6
1790386689	churn_hdr	20229	0	0.6
1790386689	index_grow	20229	0	26.0
1790386715	mt_prop	20229	0	1.9
1790386442	fuzz	20226	0	300.1
1790386742	thread_storm	20229	0	4.2
1790386746	stw_mt	20230	0	7.9
1790386754	stw_mt+diag	20230	0	7.8
1790386762	stw_mt+diag	20230	0	7.8
1790386770	stw_mt_hdr_tlab	20230	0	6.0
1790386776	stw_mt_hdr_tlab_nursery	20230	0	7.3
1790386679	pattern_fuzz+diag	20229	0	112.8
1790386792	churn	20230	0	0.6
1790386793	churn_hdr	20230	0	0.6
1790386793	index_grow	20230	0	27.8
1790386821	mt_prop	20230	0	1.9
1790386524	fuzz	20227	0	300.0
1790386824	thread_storm	20230	0	4.2
1790386829	stw_mt	20231	0	7.8
1790386836	stw_mt+diag	20231	0	7.8
1790386844	stw_mt+diag	20231	0	7.8
1790386852	stw_mt_hdr_tlab	20231	0	5.9
1790386858	stw_mt_hdr_tlab_nursery	20231	0	7.4
1790386783	pattern_fuzz+diag	20230	0	111.5
1790386894	churn	20231	0	0.6
1790386895	churn_hdr	20231	0	0.6
1790386896	index_grow	20231	0	26.3
1790386922	mt_prop	20231	0	1.9
1790386636	fuzz	20228	0	300.0
1790386937	thread_storm	20231	0	4.2
1790386941	stw_mt	20232	0	8.0
1790386949	stw_mt+diag	20232	0	7.9
1790386957	stw_mt+diag	20232	0	7.8
1790386964	stw_mt_hdr_tlab	20232	0	6.0
1790386865	pattern_fuzz+diag	20231	0	112.0
1790386970	stw_mt_hdr_tlab_nursery	20232	0	7.3
1790386978	churn	20232	0	0.6
1790386978	churn_hdr	20232	0	0.6
1790386979	index_grow	20232	0	26.9
1790387006	mt_prop	20232	0	1.9
1790386717	fuzz	20229	0	300.0
1790387017	thread_storm	20232	0	4.2
1790387021	stw_mt	20233	0	7.8
1790387029	stw_mt+diag	20233	0	7.8
1790387037	stw_mt+diag	20233	0	7.9
1790387045	stw_mt_hdr_tlab	20233	0	6.0
1790387051	stw_mt_hdr_tlab_nursery	20233	0	7.3
1790386977	pattern_fuzz+diag	20232	0	111.8
1790387089	churn	20233	0	0.6
1790387090	churn_hdr	20233	0	0.6
1790387090	index_grow	20233	0	26.2
1790387116	mt_prop	20233	0	1.9
1790386823	fuzz	20230	0	300.0
1790387123	thread_storm	20233	0	4.2
1790387127	stw_mt	20234	0	7.8
1790387135	stw_mt+diag	20234	0	7.8
1790387143	stw_mt+diag	20234	0	7.8
1790387151	stw_mt_hdr_tlab	20234	0	5.9
1790387156	stw_mt_hdr_tlab_nursery	20234	0	7.3
1790387058	pattern_fuzz+diag	20233	0	111.6
1790387170	churn	20234	0	0.6
1790387170	churn_hdr	20234	0	0.6
1790387171	index_grow	20234	0	25.5
1790387196	mt_prop	20234	0	1.9
1790386924	fuzz	20231	0	300.1
1790387224	thread_storm	20234	0	4.2
1790387228	stw_mt	20235	0	7.8
1790387236	stw_mt+diag	20235	0	7.9
1790387244	stw_mt+diag	20235	0	7.8
1790387252	stw_mt_hdr_tlab	20235	0	5.9
1790387257	stw_mt_hdr_tlab_nursery	20235	0	7.3
1790387164	pattern_fuzz+diag	20234	0	111.6
1790387275	churn	20235	0	0.6
1790387276	churn_hdr	20235	0	0.6
1790387276	index_grow	20235	0	26.1
1790387303	mt_prop	20235	0	1.9
1790387008	fuzz	20232	0	300.0
1790387308	thread_storm	20235	0	4.1
1790387312	stw_mt	20236	0	7.8
1790387320	stw_mt+diag	20236	0	7.8
1790387327	stw_mt+diag	20236	0	7.9
1790387335	stw_mt_hdr_tlab	20236	0	5.9
1790387341	stw_mt_hdr_tlab_nursery	20236	0	7.4
1790387265	pattern_fuzz+diag	20235	0	111.1
1790387376	churn	20236	0	0.6
1790387376	churn_hdr	20236	0	0.6
1790387377	index_grow	20236	0	23.8
1790387401	mt_prop	20236	0	1.9
1790387118	fuzz	20233	0	300.0
1790387418	thread_storm	20236	0	4.1
1790387422	stw_mt	20237	0	7.8
1790387430	stw_mt+diag	20237	0	7.8
1790387438	stw_mt+diag	20237	0	8.0
1790387446	stw_mt_hdr_tlab	20237	0	5.9
1790387452	stw_mt_hdr_tlab_nursery	20237	0	7.3
1790387349	pattern_fuzz+diag	20236	0	111.7
1790387460	churn	20237	0	0.6
1790387461	churn_hdr	20237	0	0.6
1790387461	index_grow	20237	0	25.3
1790387487	mt_prop	20237	0	1.9
1790387198	fuzz	20234	0	300.0
1790387498	thread_storm	20237	0	4.1
1790387502	stw_mt	20238	0	7.8
1790387510	stw_mt+diag	20238	0	7.9
1790387518	stw_mt+diag	20238	0	7.8
1790387526	stw_mt_hdr_tlab	20238	0	5.8
1790387532	stw_mt_hdr_tlab_nursery	20238	0	7.3
1790387459	pattern_fuzz+diag	20237	0	112.1
1790387571	churn	20238	0	0.6
1790387572	churn_hdr	20238	0	0.6
1790387572	index_grow	20238	0	25.6
1790387598	mt_prop	20238	0	1.9
1790387304	fuzz	20235	0	300.0
1790387605	thread_storm	20238	0	4.1
1790387609	stw_mt	20239	0	7.7
1790387616	stw_mt+diag	20239	0	7.8
1790387624	stw_mt+diag	20239	0	7.8
1790387632	stw_mt_hdr_tlab	20239	0	5.8
1790387638	stw_mt_hdr_tlab_nursery	20239	0	7.3
1790387539	pattern_fuzz+diag	20238	0	110.9
1790387650	churn	20239	0	0.6
1790387650	churn_hdr	20239	0	0.6
1790387651	index_grow	20239	0	25.8
1790387677	mt_prop	20239	0	1.9
1790387403	fuzz	20236	0	300.1
1790387703	thread_storm	20239	0	4.2
1790387707	stw_mt	20240	0	7.9
1790387715	stw_mt+diag	20240	0	8.0
1790387723	stw_mt+diag	20240	0	7.8
1790387731	stw_mt_hdr_tlab	20240	0	6.0
1790387737	stw_mt_hdr_tlab_nursery	20240	0	7.3
1790387645	pattern_fuzz+diag	20239	0	112.7
1790387758	churn	20240	0	0.6
1790387758	churn_hdr	20240	0	0.6
1790387759	index_grow	20240	0	20.7
1790387780	mt_prop	20240	0	1.9
1790387489	fuzz	20237	0	300.0
1790387789	thread_storm	20240	0	4.2
1790387793	stw_mt	20241	0	7.9
1790387801	stw_mt+diag	20241	0	7.9
1790387809	stw_mt+diag	20241	0	7.8
1790387817	stw_mt_hdr_tlab	20241	0	5.9
1790387822	stw_mt_hdr_tlab_nursery	20241	0	7.3
1790387744	pattern_fuzz+diag	20240	0	110.9
1790387855	churn	20241	0	0.6
1790387855	churn_hdr	20241	0	0.6
1790387856	index_grow	20241	0	25.9
1790387882	mt_prop	20241	0	1.9
1790387600	fuzz	20238	0	300.0
1790387900	thread_storm	20241	0	4.1
1790387904	stw_mt	20242	0	7.9
1790387912	stw_mt+diag	20242	0	7.9
1790387920	stw_mt+diag	20242	0	7.8
1790387928	stw_mt_hdr_tlab	20242	0	5.9
1790387934	stw_mt_hdr_tlab_nursery	20242	0	7.3
1790387830	pattern_fuzz+diag	20241	0	111.5
1790387941	churn	20242	0	0.6
1790387942	churn_hdr	20242	0	0.6
1790387942	index_grow	20242	0	24.8
1790387967	mt_prop	20242	0	1.9
1790387679	fuzz	20239	0	300.0
1790387979	thread_storm	20242	0	4.2
1790387983	stw_mt	20243	0	7.9
1790387991	stw_mt+diag	20243	0	7.8
1790387999	stw_mt+diag	20243	0	7.9
1790388006	stw_mt_hdr_tlab	20243	0	5.9
1790388012	stw_mt_hdr_tlab_nursery	20243	0	7.3
1790387941	pattern_fuzz+diag	20242	0	111.9
1790388053	churn	20243	0	0.6
1790388053	churn_hdr	20243	0	0.6
1790388054	index_grow	20243	0	26.1
1790387781	fuzz	20240	0	300.0
1790388080	mt_prop	20243	0	1.9
1790388082	thread_storm	20243	0	4.2
1790388086	stw_mt	20244	0	7.9
1790388094	stw_mt+diag	20244	0	7.8
1790388102	stw_mt+diag	20244	0	7.8
1790388110	stw_mt_hdr_tlab	20244	0	5.9
1790388116	stw_mt_hdr_tlab_nursery	20244	0	14.4
1790388020	pattern_fuzz+diag	20243	0	111.1
1790388131	churn	20244	0	0.6
1790388131	churn_hdr	20244	0	0.6
1790388132	index_grow	20244	0	25.2
1790388157	mt_prop	20244	0	1.9
1790387884	fuzz	20241	0	300.0
1790388184	thread_storm	20244	0	4.2
1790388188	stw_mt	20245	0	7.9
1790388196	stw_mt+diag	20245	0	7.8
1790388203	stw_mt+diag	20245	0	7.9
1790388211	stw_mt_hdr_tlab	20245	0	5.9
1790388217	stw_mt_hdr_tlab_nursery	20245	0	7.4
1790388130	pattern_fuzz+diag	20244	0	112.3
1790388242	churn	20245	0	0.6
1790388243	churn_hdr	20245	0	0.6
1790387969	fuzz	20242	0	300.0
1790388243	index_grow	20245	0	27.4
1790388269	mt_prop	20245	0	1.9
1790388271	thread_storm	20245	0	4.2
1790388275	stw_mt	20246	0	7.8
1790388283	stw_mt+diag	20246	0	7.9
1790388291	stw_mt+diag	20246	0	7.9
1790388299	stw_mt_hdr_tlab	20246	0	6.0
1790388305	stw_mt_hdr_tlab_nursery	20246	0	7.3
1790388225	pattern_fuzz+diag	20245	0	110.7
1790388335	churn	20246	0	0.6
1790388336	churn_hdr	20246	0	0.6
1790388337	index_grow	20246	0	26.6
1790388363	mt_prop	20246	0	1.9
1790388081	fuzz	20243	0	300.0
1790388382	thread_storm	20246	0	4.2
1790388386	stw_mt	20247	0	7.9
1790388394	stw_mt+diag	20247	0	7.9
1790388401	stw_mt+diag	20247	0	7.9
1790388409	stw_mt_hdr_tlab	20247	0	5.8
1790388415	stw_mt_hdr_tlab_nursery	20247	0	7.3
1790388312	pattern_fuzz+diag	20246	0	112.1
1790388424	churn	20247	0	0.6
1790388425	churn_hdr	20247	0	0.6
1790388425	index_grow	20247	0	22.7
1790388448	mt_prop	20247	0	1.9
1790388159	fuzz	20244	0	300.0
1790388459	thread_storm	20247	0	4.2
1790388463	stw_mt	20248	0	7.9
1790388471	stw_mt+diag	20248	0	7.9
1790388479	stw_mt+diag	20248	0	7.9
1790388487	stw_mt_hdr_tlab	20248	0	5.9
1790388493	stw_mt_hdr_tlab_nursery	20248	0	7.3
1790388423	pattern_fuzz+diag	20247	0	112.6
1790388535	churn	20248	0	0.6
1790388536	churn_hdr	20248	0	0.6
1790388536	index_grow	20248	0	25.2
1790388561	mt_prop	20248	0	1.9
1790388271	fuzz	20245	0	300.0
1790388571	thread_storm	20248	0	4.2
1790388575	stw_mt	20249	0	7.9
1790388583	stw_mt+diag	20249	0	7.9
1790388591	stw_mt+diag	20249	0	7.9
1790388599	stw_mt_hdr_tlab	20249	0	5.9
1790388500	pattern_fuzz+diag	20248	0	111.1
1790388605	stw_mt_hdr_tlab_nursery	20249	0	7.3
1790388612	churn	20249	0	0.6
1790388613	churn_hdr	20249	0	0.6
1790388613	index_grow	20249	0	25.3
1790388638	mt_prop	20249	0	1.9
1790388365	fuzz	20246	0	300.0
1790388665	thread_storm	20249	0	4.2
1790388669	stw_mt	20250	0	7.9
1790388677	stw_mt+diag	20250	0	7.8
1790388685	stw_mt+diag	20250	0	8.1
1790388693	stw_mt_hdr_tlab	20250	0	5.9
1790388699	stw_mt_hdr_tlab_nursery	20250	0	7.3
1790388611	pattern_fuzz+diag	20249	0	111.7
1790388723	churn	20250	0	0.6
1790388724	churn_hdr	20250	0	0.6
1790388724	index_grow	20250	0	20.6
1790388745	mt_prop	20250	0	1.9
1790388450	fuzz	20247	0	300.0
1790388750	thread_storm	20250	0	4.2
1790388754	stw_mt	20251	0	7.8
1790388762	stw_mt+diag	20251	0	7.8
1790388770	stw_mt+diag	20251	0	8.0
1790388778	stw_mt_hdr_tlab	20251	0	6.0
1790388784	stw_mt_hdr_tlab_nursery	20251	0	7.4
1790388706	pattern_fuzz+diag	20250	0	110.6
1790388817	churn	20251	0	0.6
1790388817	churn_hdr	20251	0	0.6
1790388818	index_grow	20251	0	25.7
1790388844	mt_prop	20251	0	1.9
1790388563	fuzz	20248	0	300.0
1790388863	thread_storm	20251	0	4.2
1790388868	stw_mt	20252	0	8.0
1790388876	stw_mt+diag	20252	0	7.9
1790388883	stw_mt+diag	20252	0	8.1
1790388892	stw_mt_hdr_tlab	20252	0	6.0
1790388791	pattern_fuzz+diag	20251	0	111.4
1790388898	stw_mt_hdr_tlab_nursery	20252	0	7.4
1790388905	churn	20252	0	0.6
1790388905	churn_hdr	20252	0	0.6
1790388906	index_grow	20252	0	24.2
1790388930	mt_prop	20252	0	1.9
1790388640	fuzz	20249	0	300.0
1790388940	thread_storm	20252	0	4.2
1790388945	stw_mt	20253	0	7.9
1790388952	stw_mt+diag	20253	0	7.9
1790388960	stw_mt+diag	20253	0	7.9
1790388968	stw_mt_hdr_tlab	20253	0	5.9
1790388974	stw_mt_hdr_tlab_nursery	20253	0	7.4
1790388903	pattern_fuzz+diag	20252	0	115.9
1790389018	churn	20253	0	0.6
1790389019	churn_hdr	20253	0	0.6
1790389020	index_grow	20253	0	23.7
1790389043	mt_prop	20253	0	1.9
1790388747	fuzz	20250	0	300.0
1790389047	thread_storm	20253	0	4.2
1790389051	stw_mt	20254	0	7.8
1790389059	stw_mt+diag	20254	0	7.8
1790389066	stw_mt+diag	20254	0	7.8
1790389074	stw_mt_hdr_tlab	20254	0	5.9
1790389080	stw_mt_hdr_tlab_nursery	20254	0	7.4
1790388982	pattern_fuzz+diag	20253	0	111.2
1790389093	churn	20254	0	0.6
1790389093	churn_hdr	20254	0	0.6
1790389094	index_grow	20254	0	25.9
1790389120	mt_prop	20254	0	1.9
1790388845	fuzz	20251	0	300.0
1790389146	thread_storm	20254	0	4.2
1790389150	stw_mt	20255	0	7.9
1790389158	stw_mt+diag	20255	0	8.0
1790389166	stw_mt+diag	20255	0	7.9
1790389174	stw_mt_hdr_tlab	20255	0	6.0
1790389180	stw_mt_hdr_tlab_nursery	20255	0	7.4
1790389088	pattern_fuzz+diag	20254	0	112.6
1790389200	churn	20255	0	0.6
1790389201	churn_hdr	20255	0	0.6
1790389201	index_grow	20255	0	26.2
1790389227	mt_prop	20255	0	1.9
1790388932	fuzz	20252	0	300.0
1790389232	thread_storm	20255	0	4.2
1790389236	stw_mt	20256	0	7.9
1790389244	stw_mt+diag	20256	0	7.9
1790389252	stw_mt+diag	20256	0	7.8
1790389260	stw_mt_hdr_tlab	20256	0	6.0
1790389266	stw_mt_hdr_tlab_nursery	20256	0	7.2
1790389187	pattern_fuzz+diag	20255	0	112.4
1790389299	churn	20256	0	0.6
1790389300	churn_hdr	20256	0	0.6
1790389300	index_grow	20256	0	25.8
1790389326	mt_prop	20256	0	1.9
1790389045	fuzz	20253	0	300.0
1790389345	thread_storm	20256	0	4.2
1790389349	stw_mt	20257	0	7.9
1790389357	stw_mt+diag	20257	0	7.9
1790389365	stw_mt+diag	20257	0	8.0
1790389373	stw_mt_hdr_tlab	20257	0	6.0
1790389273	pattern_fuzz+diag	20256	0	112.3
1790389379	stw_mt_hdr_tlab_nursery	20257	0	7.3
1790389386	churn	20257	0	0.6
1790389387	churn_hdr	20257	0	0.6
1790389388	index_grow	20257	0	25.9
1790389414	mt_prop	20257	0	1.9
1790389122	fuzz	20254	0	300.0
1790389422	thread_storm	20257	0	4.1
1790389426	stw_mt	20258	0	7.9
1790389434	stw_mt+diag	20258	0	7.9
1790389442	stw_mt+diag	20258	0	7.8
1790389449	stw_mt_hdr_tlab	20258	0	5.9
1790389455	stw_mt_hdr_tlab_nursery	20258	0	7.3
1790389385	pattern_fuzz+diag	20257	0	111.7
1790389497	churn	20258	0	0.6
1790389498	churn_hdr	20258	0	0.6
1790389498	index_grow	20258	0	25.8
1790389524	mt_prop	20258	0	1.9
1790389229	fuzz	20255	0	300.0
1790389529	thread_storm	20258	0	4.2
1790389534	stw_mt	20259	0	7.8
1790389541	stw_mt+diag	20259	0	7.8
1790389549	stw_mt+diag	20259	0	7.8
1790389557	stw_mt_hdr_tlab	20259	0	5.9
1790389463	pattern_fuzz+diag	20258	0	112.4
1790389563	stw_mt_hdr_tlab_nursery	20259	0	14.3
1790389577	churn	20259	0	0.6
1790389578	churn_hdr	20259	0	0.6
1790389578	index_grow	20259	0	25.4
1790389604	mt_prop	20259	0	1.9
1790389328	fuzz	20256	0	300.0
1790389628	thread_storm	20259	0	4.1
1790389632	stw_mt	20260	0	7.8
1790389640	stw_mt+diag	20260	0	8.1
1790389648	stw_mt+diag	20260	0	7.8
1790389656	stw_mt_hdr_tlab	20260	0	5.9
1790389662	stw_mt_hdr_tlab_nursery	20260	0	7.4
1790389575	pattern_fuzz+diag	20259	0	112.9
1790389688	churn	20260	0	0.6
1790389688	churn_hdr	20260	0	0.6
1790389415	fuzz	20257	0	300.0
1790389689	index_grow	20260	0	27.0
1790389715	mt_prop	20260	0	1.9
1790389717	thread_storm	20260	0	4.2
1790389722	stw_mt	20261	0	7.8
1790389729	stw_mt+diag	20261	0	7.8
1790389737	stw_mt+diag	20261	0	7.9
1790389745	stw_mt_hdr_tlab	20261	0	5.9
1790389751	stw_mt_hdr_tlab_nursery	20261	0	7.3
1790389669	pattern_fuzz+diag	20260	0	112.9
1790389782	churn	20261	0	0.6
1790389783	churn_hdr	20261	0	0.6
1790389783	index_grow	20261	0	27.6
1790389811	mt_prop	20261	0	1.9
1790389526	fuzz	20258	0	300.0
1790389826	thread_storm	20261	0	4.2
1790389830	stw_mt	20262	0	7.8
1790389838	stw_mt+diag	20262	0	7.9
1790389846	stw_mt+diag	20262	0	8.1
1790389854	stw_mt_hdr_tlab	20262	0	5.9
1790389860	stw_mt_hdr_tlab_nursery	20262	0	7.4
1790389758	pattern_fuzz+diag	20261	0	112.6
1790389871	churn	20262	0	0.6
1790389871	churn_hdr	20262	0	0.6
1790389872	index_grow	20262	0	26.9
1790389899	mt_prop	20262	0	1.9
1790389606	fuzz	20259	0	300.0
1790389906	thread_storm	20262	0	4.2
1790389910	stw_mt	20263	0	7.8
1790389918	stw_mt+diag	20263	0	7.8
1790389926	stw_mt+diag	20263	0	7.9
1790389933	stw_mt_hdr_tlab	20263	0	5.9
1790389939	stw_mt_hdr_tlab_nursery	20263	0	7.4
1790389867	pattern_fuzz+diag	20262	0	112.7
1790389980	churn	20263	0	0.6
1790389980	churn_hdr	20263	0	0.6
1790389981	index_grow	20263	0	26.9
1790390008	mt_prop	20263	0	1.9
1790389716	fuzz	20260	0	300.0
1790390016	thread_storm	20263	0	4.2
1790390020	stw_mt	20264	0	7.8
1790390028	stw_mt+diag	20264	0	7.9
1790390036	stw_mt+diag	20264	0	7.8
1790390044	stw_mt_hdr_tlab	20264	0	5.9
1790390049	stw_mt_hdr_tlab_nursery	20264	0	7.2
1790389947	pattern_fuzz+diag	20263	0	111.7
1790390058	churn	20264	0	0.6
1790390059	churn_hdr	20264	0	0.6
1790390060	index_grow	20264	0	24.7
1790390084	mt_prop	20264	0	1.9
1790389813	fuzz	20261	0	300.0
1790390113	thread_storm	20264	0	4.1
1790390117	stw_mt	20265	0	7.8
1790390125	stw_mt+diag	20265	0	8.0
1790390133	stw_mt+diag	20265	0	7.9
1790390141	stw_mt_hdr_tlab	20265	0	5.8
1790390146	stw_mt_hdr_tlab_nursery	20265	0	7.2
1790390057	pattern_fuzz+diag	20264	0	112.2
1790390169	churn	20265	0	0.6
1790390169	churn_hdr	20265	0	0.6
1790390170	index_grow	20265	0	23.3
1790390193	mt_prop	20265	0	1.9
1790389901	fuzz	20262	0	300.0
1790390201	thread_storm	20265	0	4.1
1790390205	stw_mt	20266	0	7.7
1790390213	stw_mt+diag	20266	0	7.9
1790390221	stw_mt+diag	20266	0	7.8
1790390228	stw_mt_hdr_tlab	20266	0	5.9
1790390234	stw_mt_hdr_tlab_nursery	20266	0	7.3
1790390154	pattern_fuzz+diag	20265	0	111.0
1790390265	churn	20266	0	0.6
1790390265	churn_hdr	20266	0	0.6
1790390266	index_grow	20266	0	25.5
1790390291	mt_prop	20266	0	1.9
1790390010	fuzz	20263	0	300.0
1790390310	thread_storm	20266	0	4.1
1790390314	stw_mt	20267	0	7.8
1790390322	stw_mt+diag	20267	0	7.8
1790390330	stw_mt+diag	20267	0	7.8
1790390337	stw_mt_hdr_tlab	20267	0	5.9
1790390343	stw_mt_hdr_tlab_nursery	20267	0	7.3
1790390242	pattern_fuzz+diag	20266	0	111.7
1790390353	churn	20267	0	0.6
1790390354	churn_hdr	20267	0	0.6
1790390354	index_grow	20267	0	25.5
1790390380	mt_prop	20267	0	1.9
1790390086	fuzz	20264	0	300.0
1790390386	thread_storm	20267	0	4.2
1790390390	stw_mt	20268	0	7.8
1790390398	stw_mt+diag	20268	0	7.8
1790390406	stw_mt+diag	20268	0	7.8
1790390414	stw_mt_hdr_tlab	20268	0	5.8
1790390420	stw_mt_hdr_tlab_nursery	20268	0	7.3
1790390351	pattern_fuzz+diag	20267	0	112.2
1790390463	churn	20268	0	0.6
1790390463	churn_hdr	20268	0	0.6
1790390464	index_grow	20268	0	25.7
1790390490	mt_prop	20268	0	1.9
1790390195	fuzz	20265	0	300.0
1790390495	thread_storm	20268	0	4.3
1790390499	stw_mt	20269	0	7.8
1790390507	stw_mt+diag	20269	0	7.7
1790390515	stw_mt+diag	20269	0	7.9
1790390523	stw_mt_hdr_tlab	20269	0	5.9
1790390529	stw_mt_hdr_tlab_nursery	20269	0	7.4
1790390427	pattern_fuzz+diag	20268	0	111.0
1790390538	churn	20269	0	0.6
1790390539	churn_hdr	20269	0	0.6
1790390539	index_grow	20269	0	25.6
1790390565	mt_prop	20269	0	1.9
1790390293	fuzz	20266	0	300.0
1790390593	thread_storm	20269	0	4.3
1790390597	stw_mt	20270	0	7.9
1790390605	stw_mt+diag	20270	0	7.9
1790390613	stw_mt+diag	20270	0	7.8
1790390621	stw_mt_hdr_tlab	20270	0	6.0
1790390627	stw_mt_hdr_tlab_nursery	20270	0	7.4
1790390536	pattern_fuzz+diag	20269	0	111.2
1790390647	churn	20270	0	0.6
1790390648	churn_hdr	20270	0	0.6
1790390648	index_grow	20270	0	27.0
1790390675	mt_prop	20270	0	1.9
1790390382	fuzz	20267	0	300.0
1790390682	thread_storm	20270	0	4.2
1790390686	stw_mt	20271	0	7.8
1790390694	stw_mt+diag	20271	0	7.8
1790390702	stw_mt+diag	20271	0	7.9
1790390710	stw_mt_hdr_tlab	20271	0	5.9
1790390716	stw_mt_hdr_tlab_nursery	20271	0	7.3
1790390635	pattern_fuzz+diag	20270	0	111.7
1790390746	churn	20271	0	0.6
1790390747	churn_hdr	20271	0	0.6
1790390747	index_grow	20271	0	24.1
1790390771	mt_prop	20271	0	1.9
1790390492	fuzz	20268	0	300.0
1790390792	thread_storm	20271	0	4.2
1790390796	stw_mt	20272	0	7.8
1790390804	stw_mt+diag	20272	0	7.8
1790390811	stw_mt+diag	20272	0	7.8
1790390819	stw_mt_hdr_tlab	20272	0	5.9
1790390825	stw_mt_hdr_tlab_nursery	20272	0	7.3
1790390723	pattern_fuzz+diag	20271	0	111.7
1790390835	churn	20272	0	0.6
1790390835	churn_hdr	20272	0	0.6
1790390836	index_grow	20272	0	25.6
1790390861	mt_prop	20272	0	1.9
1790390567	fuzz	20269	0	300.0
1790390867	thread_storm	20272	0	4.2
1790390871	stw_mt	20273	0	7.8
1790390879	stw_mt+diag	20273	0	7.8
1790390886	stw_mt+diag	20273	0	7.8
1790390894	stw_mt_hdr_tlab	20273	0	6.0
1790390900	stw_mt_hdr_tlab_nursery	20273	0	7.2
1790390832	pattern_fuzz+diag	20272	0	112.0
1790390945	churn	20273	0	0.6
1790390945	churn_hdr	20273	0	0.6
1790390946	index_grow	20273	0	26.2
1790390972	mt_prop	20273	0	1.9
1790390677	fuzz	20270	0	300.1
1790390977	thread_storm	20273	0	4.2
1790390982	stw_mt	20274	0	7.7
1790390989	stw_mt+diag	20274	0	7.8
1790390997	stw_mt+diag	20274	0	7.7
1790391005	stw_mt_hdr_tlab	20274	0	5.9
1790391011	stw_mt_hdr_tlab_nursery	20274	0	7.3
1790390907	pattern_fuzz+diag	20273	0	112.4
1790391020	churn	20274	0	0.6
1790391020	churn_hdr	20274	0	0.6
1790391021	index_grow	20274	0	26.3
1790391047	mt_prop	20274	0	1.9
1790390773	fuzz	20271	0	300.0
1790391073	thread_storm	20274	0	4.1
1790391078	stw_mt	20275	0	7.8
1790391085	stw_mt+diag	20275	0	7.7
1790391093	stw_mt+diag	20275	0	7.8
1790391101	stw_mt_hdr_tlab	20275	0	5.9
1790391107	stw_mt_hdr_tlab_nursery	20275	0	7.3
1790391018	pattern_fuzz+diag	20274	0	112.1
1790391130	churn	20275	0	0.6
1790391130	churn_hdr	20275	0	0.6
1790391131	index_grow	20275	0	26.1
1790391157	mt_prop	20275	0	1.9
1790390863	fuzz	20272	0	300.0
1790391163	thread_storm	20275	0	4.2
1790391167	stw_mt	20276	0	7.8
1790391175	stw_mt+diag	20276	0	7.9
1790391183	stw_mt+diag	20276	0	7.8
1790391191	stw_mt_hdr_tlab	20276	0	5.9
1790391197	stw_mt_hdr_tlab_nursery	20276	0	7.3
1790391114	pattern_fuzz+diag	20275	0	111.4
1790391225	churn	20276	0	0.6
1790391226	churn_hdr	20276	0	0.6
1790391227	index_grow	20276	0	25.6
1790391252	mt_prop	20276	0	1.9
1790390974	fuzz	20273	0	300.0
1790391274	thread_storm	20276	0	4.2
1790391278	stw_mt	20277	0	7.9
1790391286	stw_mt+diag	20277	0	7.7
1790391294	stw_mt+diag	20277	0	7.9
1790391301	stw_mt_hdr_tlab	20277	0	5.9
1790391307	stw_mt_hdr_tlab_nursery	20277	0	7.3
1790391204	pattern_fuzz+diag	20276	0	112.3
1790391316	churn	20277	0	0.6
1790391317	churn_hdr	20277	0	0.6
1790391318	index_grow	20277	0	24.7
1790391342	mt_prop	20277	0	1.9
1790391049	fuzz	20274	0	300.0
1790391349	thread_storm	20277	0	4.1
1790391353	stw_mt	20278	0	7.8
1790391361	stw_mt+diag	20278	0	7.8
1790391369	stw_mt+diag	20278	0	7.8
1790391377	stw_mt_hdr_tlab	20278	0	5.8
1790391383	stw_mt_hdr_tlab_nursery	20278	0	7.4
1790391315	pattern_fuzz+diag	20277	0	111.4
1790391426	churn	20278	0	0.6
1790391427	churn_hdr	20278	0	0.6
1790391427	index_grow	20278	0	24.6
1790391452	mt_prop	20278	0	1.9
1790391159	fuzz	20275	0	300.0
1790391459	thread_storm	20278	0	4.2
1790391463	stw_mt	20279	0	7.8
1790391471	stw_mt+diag	20279	0	7.8
1790391479	stw_mt+diag	20279	0	7.8
1790391487	stw_mt_hdr_tlab	20279	0	5.9
1790391493	stw_mt_hdr_tlab_nursery	20279	0	7.3
1790391390	pattern_fuzz+diag	20278	0	111.2
1790391501	churn	20279	0	0.6
1790391502	churn_hdr	20279	0	0.6
1790391502	index_grow	20279	0	26.7
1790391529	mt_prop	20279	0	1.9
1790391254	fuzz	20276	0	300.0
1790391554	thread_storm	20279	0	4.2
1790391558	stw_mt	20280	0	7.8
1790391566	stw_mt+diag	20280	0	7.8
1790391574	stw_mt+diag	20280	0	7.8
1790391582	stw_mt_hdr_tlab	20280	0	5.9
1790391587	stw_mt_hdr_tlab_nursery	20280	0	7.2
1790391500	pattern_fuzz+diag	20279	0	111.3
1790391611	churn	20280	0	0.6
1790391612	churn_hdr	20280	0	0.6
1790391612	index_grow	20280	0	26.4
1790391639	mt_prop	20280	0	1.9
1790391344	fuzz	20277	0	300.0
1790391644	thread_storm	20280	0	4.2
1790391648	stw_mt	20281	0	7.8
1790391656	stw_mt+diag	20281	0	7.9
1790391664	stw_mt+diag	20281	0	7.9
1790391672	stw_mt_hdr_tlab	20281	0	13.0
1790391685	stw_mt_hdr_tlab_nursery	20281	0	7.3
1790391595	pattern_fuzz+diag	20280	0	110.9
1790391706	churn	20281	0	0.6
1790391706	churn_hdr	20281	0	0.6
1790391707	index_grow	20281	0	26.9
1790391734	mt_prop	20281	0	1.9
1790391454	fuzz	20278	0	300.0
1790391754	thread_storm	20281	0	4.2
1790391758	stw_mt	20282	0	7.7
1790391766	stw_mt+diag	20282	0	7.8
1790391773	stw_mt+diag	20282	0	7.8
1790391781	stw_mt_hdr_tlab	20282	0	5.9
1790391787	stw_mt_hdr_tlab_nursery	20282	0	7.4
1790391692	pattern_fuzz+diag	20281	0	111.8
1790391804	churn	20282	0	0.6
1790391805	churn_hdr	20282	0	0.6
1790391805	index_grow	20282	0	25.2
1790391531	fuzz	20279	0	300.0
1790391830	mt_prop	20282	0	1.9
1790391832	thread_storm	20282	0	4.2
1790391836	stw_mt	20283	0	7.7
1790391844	stw_mt+diag	20283	0	7.8
1790391852	stw_mt+diag	20283	0	7.9
1790391860	stw_mt_hdr_tlab	20283	0	5.8
1790391866	stw_mt_hdr_tlab_nursery	20283	0	7.4
1790391794	pattern_fuzz+diag	20282	0	110.8
1790391905	churn	20283	0	0.6
1790391906	churn_hdr	20283	0	0.6
1790391906	index_grow	20283	0	26.1
1790391932	mt_prop	20283	0	1.9
1790391641	fuzz	20280	0	300.0
1790391941	thread_storm	20283	0	4.1
1790391945	stw_mt	20284	0	7.9
1790391953	stw_mt+diag	20284	0	7.8
1790391961	stw_mt+diag	20284	0	7.8
1790391968	stw_mt_hdr_tlab	20284	0	5.8
1790391873	pattern_fuzz+diag	20283	0	110.1
1790391974	stw_mt_hdr_tlab_nursery	20284	0	14.4
1790391989	churn	20284	0	0.6
1790391989	churn_hdr	20284	0	0.6
1790391990	index_grow	20284	0	26.8
1790392017	mt_prop	20284	0	1.9
1790391736	fuzz	20281	0	300.1
1790392036	thread_storm	20284	0	4.2
1790392040	stw_mt	20285	0	7.8
1790392048	stw_mt+diag	20285	0	7.8
1790392055	stw_mt+diag	20285	0	7.8
1790392063	stw_mt_hdr_tlab	20285	0	5.9
1790392069	stw_mt_hdr_tlab_nursery	20285	0	7.3
1790391983	pattern_fuzz+diag	20284	0	111.3
1790392094	churn	20285	0	0.6
1790392095	churn_hdr	20285	0	0.6
1790392095	index_grow	20285	0	26.1
1790392122	mt_prop	20285	0	1.9
1790391831	fuzz	20282	0	300.0
1790392131	thread_storm	20285	0	4.1
1790392135	stw_mt	20286	0	7.8
1790392143	stw_mt+diag	20286	0	7.9
1790392151	stw_mt+diag	20286	0	7.8
1790392158	stw_mt_hdr_tlab	20286	0	5.9
1790392164	stw_mt_hdr_tlab_nursery	20286	0	7.3
1790392076	pattern_fuzz+diag	20285	0	111.5
1790392188	churn	20286	0	0.6
1790392188	churn_hdr	20286	0	0.6
1790392189	index_grow	20286	0	25.5
1790392214	mt_prop	20286	0	1.9
1790391934	fuzz	20283	0	300.0
1790392234	thread_storm	20286	0	4.2
1790392239	stw_mt	20287	0	7.9
1790392246	stw_mt+diag	20287	0	7.8
1790392254	stw_mt+diag	20287	0	7.7
1790392262	stw_mt_hdr_tlab	20287	0	6.0
1790392268	stw_mt_hdr_tlab_nursery	20287	0	14.4
1790392172	pattern_fuzz+diag	20286	0	111.2
1790392283	churn	20287	0	0.6
1790392283	churn_hdr	20287	0	0.6
1790392284	index_grow	20287	0	24.8
1790392309	mt_prop	20287	0	1.9
1790392019	fuzz	20284	0	300.0
1790392319	thread_storm	20287	0	4.2
1790392323	stw_mt	20288	0	7.8
1790392331	stw_mt+diag	20288	0	7.9
1790392338	stw_mt+diag	20288	0	7.9
1790392346	stw_mt_hdr_tlab	20288	0	5.9
1790392352	stw_mt_hdr_tlab_nursery	20288	0	7.3
1790392282	pattern_fuzz+diag	20287	0	110.4
1790392393	churn	20288	0	0.6
1790392393	churn_hdr	20288	0	0.6
1790392394	index_grow	20288	0	26.0
1790392420	mt_prop	20288	0	1.9
1790392124	fuzz	20285	0	300.0
1790392424	thread_storm	20288	0	4.1
1790392428	stw_mt	20289	0	7.8
1790392435	stw_mt+diag	20289	0	7.9
1790392443	stw_mt+diag	20289	0	7.9
1790392451	stw_mt_hdr_tlab	20289	0	5.9
1790392457	stw_mt_hdr_tlab_nursery	20289	0	7.3
1790392360	pattern_fuzz+diag	20288	0	111.4
1790392471	churn	20289	0	0.6
1790392471	churn_hdr	20289	0	0.6
1790392472	index_grow	20289	0	25.8
1790392498	mt_prop	20289	0	1.9
1790392216	fuzz	20286	0	300.0
1790392516	thread_storm	20289	0	4.1
1790392520	stw_mt	20290	0	7.7
1790392528	stw_mt+diag	20290	0	7.9
1790392536	stw_mt+diag	20290	0	7.8
1790392544	stw_mt_hdr_tlab	20290	0	6.0
1790392550	stw_mt_hdr_tlab_nursery	20290	0	7.3
1790392464	pattern_fuzz+diag	20289	0	111.1
1790392575	churn	20290	0	0.6
1790392576	churn_hdr	20290	0	0.6
1790392577	index_grow	20290	0	26.2
1790392603	mt_prop	20290	0	1.9
1790392311	fuzz	20287	0	300.0
1790392611	thread_storm	20290	0	4.1
1790392615	stw_mt	20291	0	8.3
1790392623	stw_mt+diag	20291	0	7.8
1790392631	stw_mt+diag	20291	0	7.7
1790392639	stw_mt_hdr_tlab	20291	0	6.0
1790392645	stw_mt_hdr_tlab_nursery	20291	0	7.3
1790392557	pattern_fuzz+diag	20290	0	111.9
1790392669	churn	20291	0	0.6
1790392670	churn_hdr	20291	0	0.6
1790392670	index_grow	20291	0	26.2
1790392696	mt_prop	20291	0	1.9
1790392422	fuzz	20288	0	300.0
1790392722	thread_storm	20291	0	4.2
1790392726	stw_mt	20292	0	7.8
1790392734	stw_mt+diag	20292	0	7.7
1790392741	stw_mt+diag	20292	0	7.8
1790392749	stw_mt_hdr_tlab	20292	0	5.9
1790392755	stw_mt_hdr_tlab_nursery	20292	0	7.3
1790392652	pattern_fuzz+diag	20291	0	111.8
1790392764	churn	20292	0	0.6
1790392764	churn_hdr	20292	0	0.6
1790392765	index_grow	20292	0	26.2
1790392791	mt_prop	20292	0	1.9
1790392500	fuzz	20289	0	300.0
1790392800	thread_storm	20292	0	4.1
1790392804	stw_mt	20293	0	7.8
1790392812	stw_mt+diag	20293	0	7.8
1790392819	stw_mt+diag	20293	0	7.9
1790392827	stw_mt_hdr_tlab	20293	0	5.9
1790392833	stw_mt_hdr_tlab_nursery	20293	0	7.2
1790392762	pattern_fuzz+diag	20292	0	110.6
1790392873	churn	20293	0	0.6
1790392874	churn_hdr	20293	0	0.6
1790392874	index_grow	20293	0	25.3
1790392899	mt_prop	20293	0	1.9
1790392605	fuzz	20290	0	300.0
1790392905	thread_storm	20293	0	4.2
1790392909	stw_mt	20294	0	7.8
1790392917	stw_mt+diag	20294	0	7.8
1790392925	stw_mt+diag	20294	0	7.9
1790392932	stw_mt_hdr_tlab	20294	0	5.9
1790392938	stw_mt_hdr_tlab_nursery	20294	0	7.3
1790392841	pattern_fuzz+diag	20293	0	110.9
1790392951	churn	20294	0	0.6
1790392952	churn_hdr	20294	0	0.6
1790392953	index_grow	20294	0	25.7
1790392978	mt_prop	20294	0	1.9
1790392698	fuzz	20291	0	300.0
1790392998	thread_storm	20294	0	4.1
1790393002	stw_mt	20295	0	7.8
1790393010	stw_mt+diag	20295	0	7.7
1790393018	stw_mt+diag	20295	0	7.8
1790393026	stw_mt_hdr_tlab	20295	0	5.8
1790393032	stw_mt_hdr_tlab_nursery	20295	0	7.3
1790392946	pattern_fuzz+diag	20294	0	109.9
1790393055	churn	20295	0	0.6
1790393056	churn_hdr	20295	0	0.6
1790393057	index_grow	20295	0	26.8
1790393083	mt_prop	20295	0	1.9
1790392793	fuzz	20292	0	300.0
1790393093	thread_storm	20295	0	4.1
1790393097	stw_mt	20296	0	7.8
1790393105	stw_mt+diag	20296	0	8.0
1790393113	stw_mt+diag	20296	0	7.9
1790393121	stw_mt_hdr_tlab	20296	0	6.0
1790393127	stw_mt_hdr_tlab_nursery	20296	0	7.4
1790393039	pattern_fuzz+diag	20295	0	110.7
1790393150	churn	20296	0	0.6
1790393150	churn_hdr	20296	0	0.6
1790393151	index_grow	20296	0	25.3
1790393176	mt_prop	20296	0	1.9
1790392901	fuzz	20293	0	300.0
1790393201	thread_storm	20296	0	4.2
1790393206	stw_mt	20297	0	7.8
1790393213	stw_mt+diag	20297	0	7.8
1790393221	stw_mt+diag	20297	0	7.9
1790393229	stw_mt_hdr_tlab	20297	0	5.9
1790393235	stw_mt_hdr_tlab_nursery	20297	0	7.3
1790393134	pattern_fuzz+diag	20296	0	112.9
1790393247	churn	20297	0	0.6
1790393248	churn_hdr	20297	0	0.6
1790393248	index_grow	20297	0	25.3
1790393273	mt_prop	20297	0	1.9
1790392980	fuzz	20294	0	300.0
1790393280	thread_storm	20297	0	4.2
1790393284	stw_mt	20298	0	7.8
1790393292	stw_mt+diag	20298	0	7.9
1790393300	stw_mt+diag	20298	0	7.8
1790393308	stw_mt_hdr_tlab	20298	0	5.9
1790393314	stw_mt_hdr_tlab_nursery	20298	0	7.3
1790393242	pattern_fuzz+diag	20297	0	111.4
1790393354	churn	20298	0	0.6
1790393354	churn_hdr	20298	0	0.6
1790393355	index_grow	20298	0	25.5
1790393380	mt_prop	20298	0	1.9
1790393085	fuzz	20295	0	300.0
1790393385	thread_storm	20298	0	4.1
1790393389	stw_mt	20299	0	7.8
1790393397	stw_mt+diag	20299	0	7.8
1790393405	stw_mt+diag	20299	0	7.9
1790393413	stw_mt_hdr_tlab	20299	0	5.9
1790393419	stw_mt_hdr_tlab_nursery	20299	0	7.3
1790393321	pattern_fuzz+diag	20298	0	110.4
1790393431	churn	20299	0	0.6
1790393432	churn_hdr	20299	0	0.6
1790393433	index_grow	20299	0	25.8
1790393458	mt_prop	20299	0	1.9
1790393178	fuzz	20296	0	300.0
1790393478	thread_storm	20299	0	4.2
1790393482	stw_mt	20300	0	7.8
1790393490	stw_mt+diag	20300	0	7.8
1790393498	stw_mt+diag	20300	0	7.8
1790393506	stw_mt_hdr_tlab	20300	0	5.8
1790393511	stw_mt_hdr_tlab_nursery	20300	0	7.3
1790393426	pattern_fuzz+diag	20299	0	111.3
1790393537	churn	20300	0	0.6
1790393538	churn_hdr	20300	0	0.6
1790393539	index_grow	20300	0	24.8
1790393563	mt_prop	20300	0	1.9
1790393275	fuzz	20297	0	300.1
1790393575	thread_storm	20300	0	4.1
1790393580	stw_mt	20301	0	7.8
1790393587	stw_mt+diag	20301	0	7.8
1790393595	stw_mt+diag	20301	0	7.8
1790393603	stw_mt_hdr_tlab	20301	0	5.9
1790393609	stw_mt_hdr_tlab_nursery	20301	0	7.4
1790393519	pattern_fuzz+diag	20300	0	110.5
1790393629	churn	20301	0	0.6
1790393630	churn_hdr	20301	0	0.6
1790393630	index_grow	20301	0	25.2
1790393655	mt_prop	20301	0	1.9
1790393382	fuzz	20298	0	300.1
1790393682	thread_storm	20301	0	4.1
1790393686	stw_mt	20302	0	7.8
1790393694	stw_mt+diag	20302	0	7.8
1790393702	stw_mt+diag	20302	0	7.8
1790393710	stw_mt_hdr_tlab	20302	0	5.9
1790393716	stw_mt_hdr_tlab_nursery	20302	0	7.2
1790393616	pattern_fuzz+diag	20301	0	111.4
1790393728	churn	20302	0	0.6
1790393728	churn_hdr	20302	0	0.6
1790393729	index_grow	20302	0	23.8
1790393753	mt_prop	20302	0	1.9
1790393460	fuzz	20299	0	300.1
1790393760	thread_storm	20302	0	4.1
1790393764	stw_mt	20303	0	7.7
1790393772	stw_mt+diag	20303	0	8.1
1790393780	stw_mt+diag	20303	0	7.8
1790393788	stw_mt_hdr_tlab	20303	0	5.9
1790393794	stw_mt_hdr_tlab_nursery	20303	0	7.3
1790393723	pattern_fuzz+diag	20302	0	111.7
1790393835	churn	20303	0	0.6
1790393835	churn_hdr	20303	0	0.6
1790393836	index_grow	20303	0	24.7
1790393860	mt_prop	20303	0	1.9
1790393565	fuzz	20300	0	300.0
1790393865	thread_storm	20303	0	4.2
1790393869	stw_mt	20304	0	7.8
1790393877	stw_mt+diag	20304	0	7.8
1790393885	stw_mt+diag	20304	0	7.8
1790393893	stw_mt_hdr_tlab	20304	0	5.9
1790393899	stw_mt_hdr_tlab_nursery	20304	0	7.3
1790393801	pattern_fuzz+diag	20303	0	112.3
1790393913	churn	20304	0	0.6
1790393914	churn_hdr	20304	0	0.6
1790393915	index_grow	20304	0	25.6
1790393940	mt_prop	20304	0	1.9
1790393657	fuzz	20301	0	300.0
1790393957	thread_storm	20304	0	4.2
1790393962	stw_mt	20305	0	7.8
1790393969	stw_mt+diag	20305	0	7.8
1790393977	stw_mt+diag	20305	0	7.9
1790393985	stw_mt_hdr_tlab	20305	0	5.9
1790393991	stw_mt_hdr_tlab_nursery	20305	0	7.2
1790393906	pattern_fuzz+diag	20304	0	115.3
1790394021	churn	20305	0	0.6
1790394022	churn_hdr	20305	0	0.6
1790394022	index_grow	20305	0	25.7
1790394048	mt_prop	20305	0	1.9
1790393754	fuzz	20302	0	300.0
1790394054	thread_storm	20305	0	4.1
1790394058	stw_mt	20306	0	7.9
1790394066	stw_mt+diag	20306	0	7.8
1790394074	stw_mt+diag	20306	0	7.7
1790394082	stw_mt_hdr_tlab	20306	0	5.8
1790394088	stw_mt_hdr_tlab_nursery	20306	0	7.3
1790393998	pattern_fuzz+diag	20305	0	113.0
1790394111	churn	20306	0	0.6
1790394112	churn_hdr	20306	0	0.6
1790394112	index_grow	20306	0	25.4
1790394138	mt_prop	20306	0	1.9
1790393862	fuzz	20303	0	300.1
1790394162	thread_storm	20306	0	4.2
1790394167	stw_mt	20307	0	7.8
1790394174	stw_mt+diag	20307	0	7.8
1790394182	stw_mt+diag	20307	0	7.9
1790394190	stw_mt_hdr_tlab	20307	0	12.9
1790394095	pattern_fuzz+diag	20306	0	111.7
1790394203	stw_mt_hdr_tlab_nursery	20307	0	7.3
1790394210	churn	20307	0	0.6
1790394211	churn_hdr	20307	0	0.6
1790394211	index_grow	20307	0	27.6
1790394239	mt_prop	20307	0	1.9
1790393942	fuzz	20304	0	300.0
1790394242	thread_storm	20307	0	4.1
1790394246	stw_mt	20308	0	7.8
1790394254	stw_mt+diag	20308	0	7.7
1790394262	stw_mt+diag	20308	0	7.7
1790394269	stw_mt_hdr_tlab	20308	0	5.8
1790394275	stw_mt_hdr_tlab_nursery	20308	0	7.2
1790394207	pattern_fuzz+diag	20307	0	111.0
1790394318	churn	20308	0	0.6
1790394318	churn_hdr	20308	0	0.6
1790394319	index_grow	20308	0	25.8
1790394345	mt_prop	20308	0	1.9
1790394050	fuzz	20305	0	300.0
1790394350	thread_storm	20308	0	4.1
1790394354	stw_mt	20309	0	7.9
1790394362	stw_mt+diag	20309	0	7.7
1790394370	stw_mt+diag	20309	0	7.7
1790394378	stw_mt_hdr_tlab	20309	0	5.9
1790394383	stw_mt_hdr_tlab_nursery	20309	0	7.4
1790394282	pattern_fuzz+diag	20308	0	110.3
1790394393	churn	20309	0	0.6
1790394393	churn_hdr	20309	0	0.6
1790394394	index_grow	20309	0	27.0
1790394421	mt_prop	20309	0	1.9
1790394140	fuzz	20306	0	300.0
1790394440	thread_storm	20309	0	4.2
1790394444	stw_mt	20310	0	7.8
1790394452	stw_mt+diag	20310	0	7.8
1790394459	stw_mt+diag	20310	0	7.8
1790394467	stw_mt_hdr_tlab	20310	0	5.9
1790394473	stw_mt_hdr_tlab_nursery	20310	0	14.4
1790394391	pattern_fuzz+diag	20309	0	111.5
1790394502	churn	20310	0	0.6
1790394503	churn_hdr	20310	0	0.6
1790394503	index_grow	20310	0	26.3
1790394530	mt_prop	20310	0	1.9
1790394241	fuzz	20307	0	300.0
1790394541	thread_storm	20310	0	4.2
1790394545	stw_mt	20311	0	7.8
1790394553	stw_mt+diag	20311	0	8.0
1790394561	stw_mt+diag	20311	0	7.9
1790394569	stw_mt_hdr_tlab	20311	0	5.9
1790394575	stw_mt_hdr_tlab_nursery	20311	0	7.3
1790394488	pattern_fuzz+diag	20310	0	111.4
1790394599	churn	20311	0	0.6
1790394600	churn_hdr	20311	0	0.6
1790394600	index_grow	20311	0	25.1
1790394625	mt_prop	20311	0	1.9
1790394346	fuzz	20308	0	300.0
1790394646	thread_storm	20311	0	4.2
1790394651	stw_mt	20312	0	7.8
1790394658	stw_mt+diag	20312	0	7.9
1790394666	stw_mt+diag	20312	0	7.8
1790394674	stw_mt_hdr_tlab	20312	0	5.8
1790394680	stw_mt_hdr_tlab_nursery	20312	0	7.2
1790394582	pattern_fuzz+diag	20311	0	111.3
1790394693	churn	20312	0	0.6
1790394694	churn_hdr	20312	0	0.6
1790394694	index_grow	20312	0	24.4
1790394719	mt_prop	20312	0	1.9
1790394423	fuzz	20309	0	300.0
1790394723	thread_storm	20312	0	4.2
1790394727	stw_mt	20313	0	7.8
1790394735	stw_mt+diag	20313	0	7.9
1790394743	stw_mt+diag	20313	0	7.9
1790394751	stw_mt_hdr_tlab	20313	0	5.9
1790394757	stw_mt_hdr_tlab_nursery	20313	0	7.3
1790394687	pattern_fuzz+diag	20312	0	111.5
1790394799	churn	20313	0	0.6
1790394799	churn_hdr	20313	0	0.6
1790394800	index_grow	20313	0	25.1
1790394825	mt_prop	20313	0	1.9
1790394532	fuzz	20310	0	300.0
1790394832	thread_storm	20313	0	4.1
1790394836	stw_mt	20314	0	7.8
1790394844	stw_mt+diag	20314	0	8.0
1790394851	stw_mt+diag	20314	0	7.8
1790394859	stw_mt_hdr_tlab	20314	0	5.9
1790394865	stw_mt_hdr_tlab_nursery	20314	0	7.4
1790394764	pattern_fuzz+diag	20313	0	111.2
1790394875	churn	20314	0	0.6
1790394876	churn_hdr	20314	0	0.6
1790394876	index_grow	20314	0	25.1
1790394901	mt_prop	20314	0	1.9
1790394627	fuzz	20311	0	300.0
1790394927	thread_storm	20314	0	4.2
1790394931	stw_mt	20315	0	7.8
1790394939	stw_mt+diag	20315	0	7.8
1790394947	stw_mt+diag	20315	0	7.9
1790394955	stw_mt_hdr_tlab	20315	0	6.0
1790394961	stw_mt_hdr_tlab_nursery	20315	0	7.2
1790394873	pattern_fuzz+diag	20314	0	111.6
1790394984	churn	20315	0	0.6
1790394985	churn_hdr	20315	0	0.6
1790394985	index_grow	20315	0	23.1
1790395008	mt_prop	20315	0	1.9
1790394721	fuzz	20312	0	300.0
1790395021	thread_storm	20315	0	4.2
1790395025	stw_mt	20316	0	7.8
1790395033	stw_mt+diag	20316	0	7.8
1790395041	stw_mt+diag	20316	0	7.9
1790395048	stw_mt_hdr_tlab	20316	0	5.9
1790395054	stw_mt_hdr_tlab_nursery	20316	0	7.3
1790394968	pattern_fuzz+diag	20315	0	112.0
1790395080	churn	20316	0	0.6
1790395080	churn_hdr	20316	0	0.6
1790395081	index_grow	20316	0	27.1
1790395108	mt_prop	20316	0	1.9
1790394827	fuzz	20313	0	300.0
1790395127	thread_storm	20316	0	4.2
1790395131	stw_mt	20317	0	7.8
1790395139	stw_mt+diag	20317	0	7.8
1790395146	stw_mt+diag	20317	0	7.8
1790395154	stw_mt_hdr_tlab	20317	0	5.9
1790395160	stw_mt_hdr_tlab_nursery	20317	0	7.2
1790395062	pattern_fuzz+diag	20316	0	112.2
1790395174	churn	20317	0	0.6
1790395174	churn_hdr	20317	0	0.6
1790395175	index_grow	20317	0	25.4
1790395200	mt_prop	20317	0	1.9
1790394903	fuzz	20314	0	300.0
1790395203	thread_storm	20317	0	4.1
1790395207	stw_mt	20318	0	7.7
1790395215	stw_mt+diag	20318	0	7.9
1790395223	stw_mt+diag	20318	0	7.8
1790395231	stw_mt_hdr_tlab	20318	0	5.9
1790395237	stw_mt_hdr_tlab_nursery	20318	0	7.2
1790395167	pattern_fuzz+diag	20317	0	112.1
1790395279	churn	20318	0	0.6
1790395280	churn_hdr	20318	0	0.6
1790395281	index_grow	20318	0	25.4
1790395306	mt_prop	20318	0	1.9
1790395010	fuzz	20315	0	300.0
1790395310	thread_storm	20318	0	4.1
1790395314	stw_mt	20319	0	7.8
1790395322	stw_mt+diag	20319	0	8.0
1790395330	stw_mt+diag	20319	0	7.9
1790395338	stw_mt_hdr_tlab	20319	0	6.0
1790395344	stw_mt_hdr_tlab_nursery	20319	0	7.4
1790395244	pattern_fuzz+diag	20318	0	111.2
1790395355	churn	20319	0	0.6
1790395356	churn_hdr	20319	0	0.6
1790395356	index_grow	20319	0	26.6
1790395383	mt_prop	20319	0	1.9
1790395110	fuzz	20316	0	300.0
1790395410	thread_storm	20319	0	4.2
1790395414	stw_mt	20320	0	7.9
1790395422	stw_mt+diag	20320	0	7.8
1790395430	stw_mt+diag	20320	0	7.8
1790395438	stw_mt_hdr_tlab	20320	0	5.9
1790395444	stw_mt_hdr_tlab_nursery	20320	0	7.4
1790395351	pattern_fuzz+diag	20319	0	112.2
1790395464	churn	20320	0	0.6
1790395464	churn_hdr	20320	0	0.6
1790395465	index_grow	20320	0	26.2
1790395491	mt_prop	20320	0	1.9
1790395202	fuzz	20317	0	300.0
1790395502	thread_storm	20320	0	4.1
1790395506	stw_mt	20321	0	7.8
1790395514	stw_mt+diag	20321	0	7.8
1790395522	stw_mt+diag	20321	0	7.7
1790395530	stw_mt_hdr_tlab	20321	0	5.9
1790395536	stw_mt_hdr_tlab_nursery	20321	0	7.3
1790395451	pattern_fuzz+diag	20320	0	111.4
1790395563	churn	20321	0	0.6
1790395563	churn_hdr	20321	0	0.6
1790395564	index_grow	20321	0	23.3
1790395587	mt_prop	20321	0	1.9
1790395308	fuzz	20318	0	300.0
1790395608	thread_storm	20321	0	4.2
1790395612	stw_mt	20322	0	7.9
1790395620	stw_mt+diag	20322	0	7.9
1790395628	stw_mt+diag	20322	0	7.9
1790395636	stw_mt_hdr_tlab	20322	0	6.1
1790395642	stw_mt_hdr_tlab_nursery	20322	0	7.2
1790395543	pattern_fuzz+diag	20321	0	111.3
1790395654	churn	20322	0	0.6
1790395655	churn_hdr	20322	0	0.6
1790395655	index_grow	20322	0	24.1
1790395679	mt_prop	20322	0	1.9
1790395385	fuzz	20319	0	300.0
1790395685	thread_storm	20322	0	4.2
1790395689	stw_mt	20323	0	7.9
1790395697	stw_mt+diag	20323	0	7.9
1790395705	stw_mt+diag	20323	0	7.8
1790395712	stw_mt_hdr_tlab	20323	0	5.9
1790395718	stw_mt_hdr_tlab_nursery	20323	0	7.3
1790395649	pattern_fuzz+diag	20322	0	110.7
1790395760	churn	20323	0	0.6
1790395760	churn_hdr	20323	0	0.6
1790395761	index_grow	20323	0	25.4
1790395786	mt_prop	20323	0	1.9
1790395493	fuzz	20320	0	300.1
1790395793	thread_storm	20323	0	4.2
1790395797	stw_mt	20324	0	7.8
1790395805	stw_mt+diag	20324	0	7.9
1790395813	stw_mt+diag	20324	0	7.8
1790395821	stw_mt_hdr_tlab	20324	0	5.9
1790395827	stw_mt_hdr_tlab_nursery	20324	0	7.2
1790395726	pattern_fuzz+diag	20323	0	111.1
1790395837	churn	20324	0	0.6
1790395837	churn_hdr	20324	0	0.6
1790395838	index_grow	20324	0	26.3
1790395864	mt_prop	20324	0	1.9
1790395589	fuzz	20321	0	300.0
1790395889	thread_storm	20324	0	4.2
1790395893	stw_mt	20325	0	7.8
1790395901	stw_mt+diag	20325	0	7.9
1790395909	stw_mt+diag	20325	0	7.7
1790395916	stw_mt_hdr_tlab	20325	0	5.8
1790395922	stw_mt_hdr_tlab_nursery	20325	0	7.3
1790395834	pattern_fuzz+diag	20324	0	111.4
1790395945	churn	20325	0	0.6
1790395946	churn_hdr	20325	0	0.6
1790395946	index_grow	20325	0	26.6
1790395973	mt_prop	20325	0	1.9
1790395681	fuzz	20322	0	300.1
1790395981	thread_storm	20325	0	4.2
1790395985	stw_mt	20326	0	7.9
1790395993	stw_mt+diag	20326	0	7.9
1790396001	stw_mt+diag	20326	0	7.9
1790396009	stw_mt_hdr_tlab	20326	0	6.1
1790396015	stw_mt_hdr_tlab_nursery	20326	0	7.2
1790395930	pattern_fuzz+diag	20325	0	111.5
1790396041	churn	20326	0	0.6
1790396042	churn_hdr	20326	0	0.6
1790396042	index_grow	20326	0	25.8
1790396068	mt_prop	20326	0	1.9
1790395788	fuzz	20323	0	300.0
1790396088	thread_storm	20326	0	4.2
1790396092	stw_mt	20327	0	8.0
1790396100	stw_mt+diag	20327	0	7.8
1790396108	stw_mt+diag	20327	0	7.8
1790396116	stw_mt_hdr_tlab	20327	0	5.9
1790396122	stw_mt_hdr_tlab_nursery	20327	0	7.2
1790396022	pattern_fuzz+diag	20326	0	111.3
1790396134	churn	20327	0	0.6
1790396134	churn_hdr	20327	0	0.6
1790396135	index_grow	20327	0	25.4
1790396160	mt_prop	20327	0	1.9
1790395866	fuzz	20324	0	300.0
1790396166	thread_storm	20327	0	4.2
1790396170	stw_mt	20328	0	7.9
1790396178	stw_mt+diag	20328	0	7.9
1790396186	stw_mt+diag	20328	0	7.9
1790396194	stw_mt_hdr_tlab	20328	0	6.0
1790396200	stw_mt_hdr_tlab_nursery	20328	0	7.3
1790396129	pattern_fuzz+diag	20327	0	112.2
1790396241	churn	20328	0	0.6
1790396242	churn_hdr	20328	0	0.6
1790396242	index_grow	20328	0	22.9
1790396265	mt_prop	20328	0	1.9
1790395975	fuzz	20325	0	300.1
1790396275	thread_storm	20328	0	4.2
1790396279	stw_mt	20329	0	7.9
1790396287	stw_mt+diag	20329	0	7.8
1790396295	stw_mt+diag	20329	0	7.8
1790396303	stw_mt_hdr_tlab	20329	0	6.0
1790396309	stw_mt_hdr_tlab_nursery	20329	0	7.3
1790396207	pattern_fuzz+diag	20328	0	111.7
1790396319	churn	20329	0	0.6
1790396319	churn_hdr	20329	0	0.6
1790396320	index_grow	20329	0	26.2
1790396346	mt_prop	20329	0	1.9
1790396070	fuzz	20326	0	300.1
1790396370	thread_storm	20329	0	4.1
1790396374	stw_mt	20330	0	7.9
1790396382	stw_mt+diag	20330	0	7.8
1790396390	stw_mt+diag	20330	0	7.8
1790396398	stw_mt_hdr_tlab	20330	0	5.8
1790396403	stw_mt_hdr_tlab_nursery	20330	0	7.4
1790396316	pattern_fuzz+diag	20329	0	112.1
1790396428	churn	20330	0	0.6
1790396428	churn_hdr	20330	0	0.6
1790396429	index_grow	20330	0	25.0
1790396454	mt_prop	20330	0	1.9
1790396162	fuzz	20327	0	300.0
1790396462	thread_storm	20330	0	4.2
1790396466	stw_mt	20331	0	7.9
1790396474	stw_mt+diag	20331	0	7.8
1790396482	stw_mt+diag	20331	0	7.8
1790396490	stw_mt_hdr_tlab	20331	0	5.9
1790396496	stw_mt_hdr_tlab_nursery	20331	0	7.3
1790396411	pattern_fuzz+diag	20330	0	111.7
1790396522	churn	20331	0	0.6
1790396523	churn_hdr	20331	0	0.6
1790396524	index_grow	20331	0	24.2
1790396548	mt_prop	20331	0	1.9
1790396267	fuzz	20328	0	300.0
1790396567	thread_storm	20331	0	4.1
1790396571	stw_mt	20332	0	7.8
1790396579	stw_mt+diag	20332	0	7.7
1790396587	stw_mt+diag	20332	0	7.7
1790396595	stw_mt_hdr_tlab	20332	0	5.9
1790396600	stw_mt_hdr_tlab_nursery	20332	0	7.4
1790396503	pattern_fuzz+diag	20331	0	112.4
1790396616	churn	20332	0	0.6
1790396616	churn_hdr	20332	0	0.6
1790396617	index_grow	20332	0	26.7
1790396643	mt_prop	20332	0	1.9
1790396348	fuzz	20329	0	300.0
1790396648	thread_storm	20332	0	4.1
1790396652	stw_mt	20333	0	8.0
1790396660	stw_mt+diag	20333	0	7.9
1790396668	stw_mt+diag	20333	0	7.9
1790396676	stw_mt_hdr_tlab	20333	0	5.8
1790396682	stw_mt_hdr_tlab_nursery	20333	0	7.4
1790396608	pattern_fuzz+diag	20332	0	111.8
1790396720	churn	20333	0	0.6
1790396720	churn_hdr	20333	0	0.6
1790396721	index_grow	20333	0	25.9
1790396747	mt_prop	20333	0	1.9
1790396456	fuzz	20330	0	300.0
1790396756	thread_storm	20333	0	4.2
1790396760	stw_mt	20334	0	8.0
1790396768	stw_mt+diag	20334	0	7.9
1790396776	stw_mt+diag	20334	0	7.8
1790396784	stw_mt_hdr_tlab	20334	0	5.8
1790396790	stw_mt_hdr_tlab_nursery	20334	0	7.3
1790396689	pattern_fuzz+diag	20333	0	111.6
1790396801	churn	20334	0	0.6
1790396801	churn_hdr	20334	0	0.6
1790396802	index_grow	20334	0	23.4
1790396825	mt_prop	20334	0	1.9
1790396550	fuzz	20331	0	300.0
1790396850	thread_storm	20334	0	4.2
1790396854	stw_mt	20335	0	7.9
1790396862	stw_mt+diag	20335	0	8.0
1790396870	stw_mt+diag	20335	0	7.8
1790396878	stw_mt_hdr_tlab	20335	0	13.0
1790396891	stw_mt_hdr_tlab_nursery	20335	0	7.4
1790396797	pattern_fuzz+diag	20334	0	112.2
1790396909	churn	20335	0	0.6
1790396910	churn_hdr	20335	0	0.6
1790396910	index_grow	20335	0	25.1
1790396935	mt_prop	20335	0	1.9
1790396645	fuzz	20332	0	300.1
1790396945	thread_storm	20335	0	4.2
1790396950	stw_mt	20336	0	7.8
1790396957	stw_mt+diag	20336	0	7.8
1790396965	stw_mt+diag	20336	0	7.9
1790396973	stw_mt_hdr_tlab	20336	0	5.9
1790396979	stw_mt_hdr_tlab_nursery	20336	0	7.3
1790396898	pattern_fuzz+diag	20335	0	111.6
1790397010	churn	20336	0	0.6
1790397010	churn_hdr	20336	0	0.6
1790397011	index_grow	20336	0	25.5
1790397036	mt_prop	20336	0	1.9
1790396749	fuzz	20333	0	300.0
1790397049	thread_storm	20336	0	4.2
1790397053	stw_mt	20337	0	7.8
1790397061	stw_mt+diag	20337	0	7.8
1790397068	stw_mt+diag	20337	0	7.8
1790397076	stw_mt_hdr_tlab	20337	0	6.0
1790397082	stw_mt_hdr_tlab_nursery	20337	0	7.3
1790396986	pattern_fuzz+diag	20336	0	110.7
1790397097	churn	20337	0	0.6
1790397097	churn_hdr	20337	0	0.6
1790397098	index_grow	20337	0	26.9
1790397125	mt_prop	20337	0	1.9
1790396827	fuzz	20334	0	300.0
1790397127	thread_storm	20337	0	4.2
1790397131	stw_mt	20338	0	7.9
1790397139	stw_mt+diag	20338	0	8.0
1790397147	stw_mt+diag	20338	0	7.8
1790397155	stw_mt_hdr_tlab	20338	0	5.8
1790397161	stw_mt_hdr_tlab_nursery	20338	0	7.3
1790397090	pattern_fuzz+diag	20337	0	112.0
1790397202	churn	20338	0	0.6
1790397202	churn_hdr	20338	0	0.6
1790397203	index_grow	20338	0	25.3
1790397228	mt_prop	20338	0	1.9
1790396937	fuzz	20335	0	300.0
1790397237	thread_storm	20338	0	4.2
1790397241	stw_mt	20339	0	7.8
1790397249	stw_mt+diag	20339	0	7.9
1790397257	stw_mt+diag	20339	0	7.8
1790397265	stw_mt_hdr_tlab	20339	0	5.9
1790397271	stw_mt_hdr_tlab_nursery	20339	0	7.3
1790397168	pattern_fuzz+diag	20338	0	112.5
1790397281	churn	20339	0	0.6
1790397281	churn_hdr	20339	0	0.6
1790397282	index_grow	20339	0	24.5
1790397306	mt_prop	20339	0	1.9
1790397038	fuzz	20336	0	300.1
1790397338	thread_storm	20339	0	4.1
1790397342	stw_mt	20340	0	7.8
1790397350	stw_mt+diag	20340	0	7.8
1790397358	stw_mt+diag	20340	0	7.9
1790397366	stw_mt_hdr_tlab	20340	0	5.9
1790397372	stw_mt_hdr_tlab_nursery	20340	0	7.3
1790397278	pattern_fuzz+diag	20339	0	112.2
1790397390	churn	20340	0	0.6
1790397391	churn_hdr	20340	0	0.6
1790397391	index_grow	20340	0	24.6
1790397416	mt_prop	20340	0	1.9
1790397127	fuzz	20337	0	300.0
1790397427	thread_storm	20340	0	4.2
1790397431	stw_mt	20341	0	7.8
1790397439	stw_mt+diag	20341	0	7.8
1790397447	stw_mt+diag	20341	0	7.8
1790397454	stw_mt_hdr_tlab	20341	0	5.9
1790397460	stw_mt_hdr_tlab_nursery	20341	0	7.3
1790397379	pattern_fuzz+diag	20340	0	111.7
1790397491	churn	20341	0	0.6
1790397491	churn_hdr	20341	0	0.6
1790397492	index_grow	20341	0	26.3
1790397518	mt_prop	20341	0	1.9
1790397230	fuzz	20338	0	300.0
1790397530	thread_storm	20341	0	4.1
1790397534	stw_mt	20342	0	7.8
1790397542	stw_mt+diag	20342	0	7.8
1790397550	stw_mt+diag	20342	0	7.8
1790397557	stw_mt_hdr_tlab	20342	0	5.9
1790397563	stw_mt_hdr_tlab_nursery	20342	0	7.4
1790397468	pattern_fuzz+diag	20341	0	113.5
1790397581	churn	20342	0	0.6
1790397582	churn_hdr	20342	0	0.6
1790397582	index_grow	20342	0	24.2
1790397308	fuzz	20339	0	300.0
1790397606	mt_prop	20342	0	1.9
1790397608	thread_storm	20342	0	4.1
1790397612	stw_mt	20343	0	7.9
1790397620	stw_mt+diag	20343	0	7.9
1790397628	stw_mt+diag	20343	0	7.9
1790397636	stw_mt_hdr_tlab	20343	0	6.0
1790397642	stw_mt_hdr_tlab_nursery	20343	0	7.3
1790397571	pattern_fuzz+diag	20342	0	111.9
1790397683	churn	20343	0	0.6
1790397683	churn_hdr	20343	0	0.6
1790397684	index_grow	20343	0	25.8
1790397710	mt_prop	20343	0	1.9
1790397418	fuzz	20340	0	300.0
1790397718	thread_storm	20343	0	4.2
1790397722	stw_mt	20344	0	7.7
1790397730	stw_mt+diag	20344	0	7.8
1790397738	stw_mt+diag	20344	0	7.9
1790397746	stw_mt_hdr_tlab	20344	0	5.9
1790397752	stw_mt_hdr_tlab_nursery	20344	0	7.4
1790397649	pattern_fuzz+diag	20343	0	112.5
1790397762	churn	20344	0	0.6
1790397762	churn_hdr	20344	0	0.6
1790397763	index_grow	20344	0	26.6
1790397790	mt_prop	20344	0	1.9
1790397520	fuzz	20341	0	300.0
1790397820	thread_storm	20344	0	4.2
1790397824	stw_mt	20345	0	7.8
1790397832	stw_mt+diag	20345	0	7.8
1790397840	stw_mt+diag	20345	0	7.9
1790397848	stw_mt_hdr_tlab	20345	0	5.8
1790397853	stw_mt_hdr_tlab_nursery	20345	0	7.3
1790397759	pattern_fuzz+diag	20344	0	111.7
1790397871	churn	20345	0	0.6
1790397871	churn_hdr	20345	0	0.6
1790397872	index_grow	20345	0	25.5
1790397897	mt_prop	20345	0	1.9
1790397608	fuzz	20342	0	300.0
1790397908	thread_storm	20345	0	4.2
1790397912	stw_mt	20346	0	7.9
1790397920	stw_mt+diag	20346	0	7.8
1790397928	stw_mt+diag	20346	0	7.9
1790397936	stw_mt_hdr_tlab	20346	0	13.1
1790397949	stw_mt_hdr_tlab_nursery	20346	0	7.3
1790397861	pattern_fuzz+diag	20345	0	112.4
1790397973	churn	20346	0	0.6
1790397974	churn_hdr	20346	0	0.6
1790397974	index_grow	20346	0	25.8
1790398000	mt_prop	20346	0	1.9
1790397711	fuzz	20343	0	300.0
1790398012	thread_storm	20346	0	4.1
1790398016	stw_mt	20347	0	7.8
1790398023	stw_mt+diag	20347	0	7.8
1790398031	stw_mt+diag	20347	0	7.8
1790398039	stw_mt_hdr_tlab	20347	0	5.9
1790398045	stw_mt_hdr_tlab_nursery	20347	0	7.3
1790397956	pattern_fuzz+diag	20346	0	112.1
1790398068	churn	20347	0	0.6
1790398069	churn_hdr	20347	0	0.6
1790397791	fuzz	20344	0	300.0
1790398091	mt_prop	20347	0	1.9
1790398070	index_grow	20347	0	25.5
1790398095	thread_storm	20347	0	4.1
1790398099	stw_mt	20348	0	7.8
1790398107	stw_mt+diag	20348	0	7.9
1790398115	stw_mt+diag	20348	0	7.8
1790398123	stw_mt_hdr_tlab	20348	0	6.1
1790398129	stw_mt_hdr_tlab_nursery	20348	0	7.4
1790398052	pattern_fuzz+diag	20347	0	111.2
1790398163	churn	20348	0	0.6
1790398164	churn_hdr	20348	0	0.6
1790398164	index_grow	20348	0	25.9
1790398190	mt_prop	20348	0	1.9
1790397899	fuzz	20345	0	300.0
1790398199	thread_storm	20348	0	4.2
1790398203	stw_mt	20349	0	7.8
1790398211	stw_mt+diag	20349	0	7.8
1790398219	stw_mt+diag	20349	0	7.7
1790398227	stw_mt_hdr_tlab	20349	0	5.8
1790398232	stw_mt_hdr_tlab_nursery	20349	0	7.2
1790398136	pattern_fuzz+diag	20348	0	112.2
1790398248	churn	20349	0	0.6
1790398249	churn_hdr	20349	0	0.6
1790398249	index_grow	20349	0	25.1
1790398275	mt_prop	20349	0	1.9
1790398002	fuzz	20346	0	300.0
1790398302	thread_storm	20349	0	4.2
1790398306	stw_mt	20350	0	8.0
1790398314	stw_mt+diag	20350	0	7.8
1790398322	stw_mt+diag	20350	0	7.8
1790398330	stw_mt_hdr_tlab	20350	0	6.0
1790398336	stw_mt_hdr_tlab_nursery	20350	0	7.4
1790398240	pattern_fuzz+diag	20349	0	113.1
1790398353	churn	20350	0	0.6
1790398353	churn_hdr	20350	0	0.6
1790398354	index_grow	20350	0	25.1
1790398379	mt_prop	20350	0	1.9
1790398093	fuzz	20347	0	300.0
1790398393	thread_storm	20350	0	4.2
1790398398	stw_mt	20351	0	7.9
1790398405	stw_mt+diag	20351	0	7.9
1790398413	stw_mt+diag	20351	0	7.8
1790398421	stw_mt_hdr_tlab	20351	0	5.8
1790398427	stw_mt_hdr_tlab_nursery	20351	0	7.4
1790398343	pattern_fuzz+diag	20350	0	111.8
1790398455	churn	20351	0	0.6
1790398455	churn_hdr	20351	0	0.6
1790398456	index_grow	20351	0	26.2
1790398482	mt_prop	20351	0	1.9
1790398192	fuzz	20348	0	300.0
1790398492	thread_storm	20351	0	4.1
1790398496	stw_mt	20352	0	7.8
1790398504	stw_mt+diag	20352	0	7.8
1790398512	stw_mt+diag	20352	0	7.8
1790398520	stw_mt_hdr_tlab	20352	0	5.9
1790398526	stw_mt_hdr_tlab_nursery	20352	0	7.3
1790398434	pattern_fuzz+diag	20351	0	111.0
1790398545	churn	20352	0	0.6
1790398546	churn_hdr	20352	0	0.6
1790398547	index_grow	20352	0	24.3
1790398571	mt_prop	20352	0	1.9
1790398276	fuzz	20349	0	300.0
1790398577	thread_storm	20352	0	4.1
1790398581	stw_mt	20353	0	7.9
1790398589	stw_mt+diag	20353	0	7.9
1790398596	stw_mt+diag	20353	0	7.7
1790398604	stw_mt_hdr_tlab	20353	0	5.9
1790398610	stw_mt_hdr_tlab_nursery	20353	0	7.2
1790398533	pattern_fuzz+diag	20352	0	110.5
1790398643	churn	20353	0	0.6
1790398644	churn_hdr	20353	0	0.6
1790398644	index_grow	20353	0	25.2
1790398670	mt_prop	20353	0	1.9
1790398381	fuzz	20350	0	300.0
1790398681	thread_storm	20353	0	4.2
1790398685	stw_mt	20354	0	7.7
1790398693	stw_mt+diag	20354	0	7.9
1790398701	stw_mt+diag	20354	0	7.8
1790398708	stw_mt_hdr_tlab	20354	0	5.9
1790398714	stw_mt_hdr_tlab_nursery	20354	0	7.3
1790398617	pattern_fuzz+diag	20353	0	109.7
1790398727	churn	20354	0	0.6
1790398728	churn_hdr	20354	0	0.6
1790398728	index_grow	20354	0	26.0
1790398754	mt_prop	20354	0	1.9
1790398484	fuzz	20351	0	300.0
1790398784	thread_storm	20354	0	4.2
1790398788	stw_mt	20355	0	7.8
1790398796	stw_mt+diag	20355	0	7.8
1790398804	stw_mt+diag	20355	0	7.9
1790398812	stw_mt_hdr_tlab	20355	0	6.0
1790398818	stw_mt_hdr_tlab_nursery	20355	0	7.3
1790398722	pattern_fuzz+diag	20354	0	110.9
1790398833	churn	20355	0	0.6
1790398833	churn_hdr	20355	0	0.6
1790398834	index_grow	20355	0	26.0
1790398860	mt_prop	20355	0	1.9
1790398573	fuzz	20352	0	300.0
1790398873	thread_storm	20355	0	4.2
1790398877	stw_mt	20356	0	7.8
1790398885	stw_mt+diag	20356	0	7.8
1790398893	stw_mt+diag	20356	0	7.8
1790398900	stw_mt_hdr_tlab	20356	0	5.8
1790398906	stw_mt_hdr_tlab_nursery	20356	0	7.3
1790398825	pattern_fuzz+diag	20355	0	111.7
1790398937	churn	20356	0	0.6
1790398937	churn_hdr	20356	0	0.6
1790398938	index_grow	20356	0	25.9
1790398964	mt_prop	20356	0	1.9
1790398672	fuzz	20353	0	300.0
1790398972	thread_storm	20356	0	4.2
1790398976	stw_mt	20357	0	7.8
1790398984	stw_mt+diag	20357	0	7.8
1790398991	stw_mt+diag	20357	0	8.0
1790398999	stw_mt_hdr_tlab	20357	0	5.9
1790399005	stw_mt_hdr_tlab_nursery	20357	0	7.3
1790398913	pattern_fuzz+diag	20356	0	112.2
1790399026	churn	20357	0	0.6
1790399026	churn_hdr	20357	0	0.6
1790399027	index_grow	20357	0	24.4
1790399051	mt_prop	20357	0	1.9
1790398756	fuzz	20354	0	300.0
1790399056	thread_storm	20357	0	4.1
1790399060	stw_mt	20358	0	7.8
1790399068	stw_mt+diag	20358	0	7.8
1790399076	stw_mt+diag	20358	0	7.8
1790399084	stw_mt_hdr_tlab	20358	0	5.8
1790399089	stw_mt_hdr_tlab_nursery	20358	0	7.3
1790399013	pattern_fuzz+diag	20357	0	111.9
1790399124	churn	20358	0	0.6
1790399125	churn_hdr	20358	0	0.6
1790399126	index_grow	20358	0	26.0
1790399152	mt_prop	20358	0	1.9
1790398862	fuzz	20355	0	300.0
1790399162	thread_storm	20358	0	4.2
1790399166	stw_mt	20359	0	7.8
1790399174	stw_mt+diag	20359	0	7.8
1790399181	stw_mt+diag	20359	0	7.9
1790399189	stw_mt_hdr_tlab	20359	0	5.9
1790399195	stw_mt_hdr_tlab_nursery	20359	0	7.4
1790399097	pattern_fuzz+diag	20358	0	113.2
1790399210	churn	20359	0	0.6
1790399210	churn_hdr	20359	0	0.6
1790399211	index_grow	20359	0	27.0
1790399238	mt_prop	20359	0	1.9
1790398966	fuzz	20356	0	300.0
1790399266	thread_storm	20359	0	4.1
1790399270	stw_mt	20360	0	7.8
1790399278	stw_mt+diag	20360	0	7.8
1790399286	stw_mt+diag	20360	0	7.8
1790399293	stw_mt_hdr_tlab	20360	0	5.9
1790399299	stw_mt_hdr_tlab_nursery	20360	0	7.3
1790399203	pattern_fuzz+diag	20359	0	112.1
1790399315	churn	20360	0	0.6
1790399315	churn_hdr	20360	0	0.6
1790399316	index_grow	20360	0	26.8
1790399343	mt_prop	20360	0	1.9
1790399053	fuzz	20357	0	300.0
1790399353	thread_storm	20360	0	4.1
1790399357	stw_mt	20361	0	7.8
1790399365	stw_mt+diag	20361	0	7.9
1790399373	stw_mt+diag	20361	0	7.8
1790399381	stw_mt_hdr_tlab	20361	0	5.9
1790399387	stw_mt_hdr_tlab_nursery	20361	0	7.3
1790399306	pattern_fuzz+diag	20360	0	115.7
1790399422	churn	20361	0	0.6
1790399423	churn_hdr	20361	0	0.6
1790399423	index_grow	20361	0	26.4
1790399450	mt_prop	20361	0	1.9
1790399154	fuzz	20358	0	300.0
1790399454	thread_storm	20361	0	4.2
1790399458	stw_mt	20362	0	7.9
1790399466	stw_mt+diag	20362	0	7.8
1790399473	stw_mt+diag	20362	0	7.9
1790399481	stw_mt_hdr_tlab	20362	0	6.0
1790399487	stw_mt_hdr_tlab_nursery	20362	0	7.3
1790399394	pattern_fuzz+diag	20361	0	112.7
1790399507	churn	20362	0	0.6
1790399507	churn_hdr	20362	0	0.6
1790399508	index_grow	20362	0	25.1
1790399533	mt_prop	20362	0	1.9
1790399240	fuzz	20359	0	300.0
1790399540	thread_storm	20362	0	4.2
1790399544	stw_mt	20363	0	7.8
1790399552	stw_mt+diag	20363	0	7.9
1790399560	stw_mt+diag	20363	0	7.9
1790399568	stw_mt_hdr_tlab	20363	0	6.0
1790399574	stw_mt_hdr_tlab_nursery	20363	0	7.3
1790399495	pattern_fuzz+diag	20362	0	112.1
1790399607	churn	20363	0	0.6
1790399607	churn_hdr	20363	0	0.6
1790399608	index_grow	20363	0	25.2
1790399633	mt_prop	20363	0	1.9
1790399345	fuzz	20360	0	300.0
1790399645	thread_storm	20363	0	4.1
1790399649	stw_mt	20364	0	7.9
1790399657	stw_mt+diag	20364	0	7.7
1790399664	stw_mt+diag	20364	0	7.9
1790399672	stw_mt_hdr_tlab	20364	0	6.0
1790399678	stw_mt_hdr_tlab_nursery	20364	0	7.2
1790399581	pattern_fuzz+diag	20363	0	111.6
1790399692	churn	20364	0	0.6
1790399693	churn_hdr	20364	0	0.6
1790399694	index_grow	20364	0	26.7
1790399720	mt_prop	20364	0	1.9
1790399452	fuzz	20361	0	300.0
1790399752	thread_storm	20364	0	4.1
1790399756	stw_mt	20365	0	7.9
1790399764	stw_mt+diag	20365	0	7.8
1790399772	stw_mt+diag	20365	0	7.8
1790399779	stw_mt_hdr_tlab	20365	0	6.0
1790399785	stw_mt_hdr_tlab_nursery	20365	0	7.3
1790399685	pattern_fuzz+diag	20364	0	111.0
1790399796	churn	20365	0	0.6
1790399797	churn_hdr	20365	0	0.6
1790399797	index_grow	20365	0	26.7
1790399824	mt_prop	20365	0	1.9
1790399535	fuzz	20362	0	300.0
1790399835	thread_storm	20365	0	4.1
1790399839	stw_mt	20366	0	7.9
1790399847	stw_mt+diag	20366	0	7.8
1790399855	stw_mt+diag	20366	0	7.8
1790399862	stw_mt_hdr_tlab	20366	0	12.9
1790399875	stw_mt_hdr_tlab_nursery	20366	0	7.3
1790399793	pattern_fuzz+diag	20365	0	111.4
1790399904	churn	20366	0	0.6
1790399905	churn_hdr	20366	0	0.6
1790399905	index_grow	20366	0	25.0
1790399930	mt_prop	20366	0	1.9
1790399635	fuzz	20363	0	300.0
1790399935	thread_storm	20366	0	4.1
1790399939	stw_mt	20367	0	7.8
1790399947	stw_mt+diag	20367	0	7.7
1790399955	stw_mt+diag	20367	0	7.8
1790399962	stw_mt_hdr_tlab	20367	0	6.0
1790399968	stw_mt_hdr_tlab_nursery	20367	0	7.3
1790399883	pattern_fuzz+diag	20366	0	111.0
1790399994	churn	20367	0	0.6
1790399994	churn_hdr	20367	0	0.6
1790399722	fuzz	20364	0	300.0
1790399995	index_grow	20367	0	28.7
1790400022	mt_prop	20367	0	1.9
1790400024	thread_storm	20367	0	4.1
1790400028	stw_mt	20368	0	7.9
1790400036	stw_mt+diag	20368	0	7.8
1790400044	stw_mt+diag	20368	0	7.8
1790400052	stw_mt_hdr_tlab	20368	0	5.9
1790400058	stw_mt_hdr_tlab_nursery	20368	0	7.2
1790399976	pattern_fuzz+diag	20367	0	112.8
1790400089	churn	20368	0	0.6
1790400089	churn_hdr	20368	0	0.6
1790400090	index_grow	20368	0	25.1
1790400115	mt_prop	20368	0	1.9
1790399826	fuzz	20365	0	300.1
1790400126	thread_storm	20368	0	4.2
1790400130	stw_mt	20369	0	7.8
1790400138	stw_mt+diag	20369	0	8.0
1790400146	stw_mt+diag	20369	0	7.8
1790400154	stw_mt_hdr_tlab	20369	0	5.9
1790400160	stw_mt_hdr_tlab_nursery	20369	0	7.4
1790400065	pattern_fuzz+diag	20368	0	111.9
1790400177	churn	20369	0	0.6
1790400177	churn_hdr	20369	0	0.6
1790400178	index_grow	20369	0	24.2
1790400202	mt_prop	20369	0	1.9
1790399932	fuzz	20366	0	300.0
1790400232	thread_storm	20369	0	4.2
1790400236	stw_mt	20370	0	7.9
1790400244	stw_mt+diag	20370	0	7.8
1790400252	stw_mt+diag	20370	0	7.8
1790400260	stw_mt_hdr_tlab	20370	0	6.0
1790400266	stw_mt_hdr_tlab_nursery	20370	0	7.3
1790400167	pattern_fuzz+diag	20369	0	111.6
1790400279	churn	20370	0	0.6
1790400279	churn_hdr	20370	0	0.6
1790400280	index_grow	20370	0	26.5
1790400024	fuzz	20367	0	300.0
1790400273	pattern_fuzz+diag	20370	0	105.0
1790400117	fuzz	20368	0	300.0
